order_id,order_date,country_code,product_id,page_id,keyword_id,order_amount,order_status,updated_timestamp
ORD100001,2026-03-11,UK,P1037,PG1005,KW11979,809.36,Pending,2026-03-11 04:58:00
ORD100002,2026-06-24,UK,P1032,PG1192,KW11680,1341.46,Completed,2026-06-24 14:53:00
ORD100003,2026-02-11,UK,P1009,PG1080,KW11498,544.14,Completed,2026-02-11 22:27:00
ORD100004,2026-04-01,BR,P1001,PG1230,KW10252,450.15,Completed,2026-04-01 01:42:00
ORD100005,2025-11-25,IN,P1028,PG1497,KW10975,1174.55,Cancelled,2025-11-25 13:45:00
ORD100006,2025-11-18,JP,P1006,PG1175,KW11352,1815.87,Returned,2025-11-18 09:16:00
ORD100007,2026-05-26,DE,P1044,PG1071,KW11790,1569.89,Returned,2026-05-26 12:30:00
ORD100008,2026-08-29,DE,P1041,PG1304,KW10538,901.7,Pending,2026-08-29 15:49:00
ORD100009,2026-06-06,IN,P1044,PG1397,KW10371,870.5,Completed,2026-06-06 13:07:00
ORD100010,2026-03-31,MX,P1040,PG1487,KW11828,647.36,Completed,2026-03-31 10:55:00
ORD100011,2026-02-24,CA,P1026,PG1144,KW11128,551.14,Pending,2026-02-24 19:46:00
ORD100012,2025-10-16,CA,P1034,PG1410,KW10243,957.35,Cancelled,2025-10-16 04:04:00
ORD100013,2025-11-15,UK,P1039,PG1110,KW10257,833.12,Returned,2025-11-15 22:48:00
ORD100014,2025-10-17,DE,P1046,PG1456,KW10189,986.03,Completed,2025-10-17 16:50:00
ORD100015,2026-01-03,JP,P1020,PG1089,KW11158,1056.77,Returned,2026-01-03 05:06:00
ORD100016,2026-08-22,CA,P1028,PG1362,KW10626,156.58,Cancelled,2026-08-22 09:01:00
ORD100017,2026-06-13,BR,P1001,PG1053,KW11164,541.65,Completed,2026-06-13 11:53:00
ORD100018,2026-06-01,AU,P1030,PG1053,KW10115,1137.37,Completed,2026-06-01 12:04:00
ORD100019,2026-01-16,MX,P1009,PG1313,KW10082,1350.02,Completed,2026-01-16 23:35:00
ORD100020,2026-08-13,AU,P1042,PG1085,KW10984,1709.94,Completed,2026-08-13 13:36:00
ORD100021,2026-09-22,CA,P1021,PG1489,KW10121,258.63,Cancelled,2026-09-22 13:36:00
ORD100022,2026-04-12,DE,P1048,PG1414,KW10644,1458.01,Completed,2026-04-12 15:58:00
ORD100023,2026-03-28,DE,P1014,PG1257,KW11751,671.55,Completed,2026-03-28 20:07:00
ORD100024,2026-01-07,DE,P1041,PG1326,KW10717,646.74,Pending,2026-01-07 06:44:00
ORD100025,2025-11-23,FR,P1048,PG1211,KW10811,754.5,Completed,2025-11-23 19:21:00
ORD100026,2026-05-27,JP,P1004,PG1133,KW11733,630.43,Returned,2026-05-27 01:05:00
ORD100027,2026-04-11,US,P1008,PG1472,KW11445,912.28,Completed,2026-04-11 23:35:00
ORD100028,2025-10-30,BR,P1018,PG1323,KW10602,1030.26,Cancelled,2025-10-30 16:35:00
ORD100029,2025-11-22,BR,P1039,PG1181,KW10512,402.42,Returned,2025-11-22 19:12:00
ORD100030,2026-06-29,IN,P1001,PG1221,KW10553,629.74,Completed,2026-06-29 13:14:00
ORD100031,2026-09-14,DE,P1019,PG1030,KW11723,421.37,Cancelled,2026-09-14 06:38:00
ORD100032,2026-04-10,BR,P1008,PG1294,KW10472,1525.46,Completed,2026-04-10 12:20:00
ORD100033,2026-04-09,AU,P1012,PG1435,KW11387,1854.11,Completed,2026-04-09 12:16:00
ORD100034,2026-01-03,AU,P1023,PG1035,KW10410,587.79,Completed,2026-01-03 07:11:00
ORD100035,2026-03-02,JP,P1002,PG1322,KW11700,522.13,Completed,2026-03-02 01:14:00
ORD100036,2026-07-08,FR,P1043,PG1128,KW10051,1612.23,Cancelled,2026-07-08 05:47:00
ORD100037,2026-09-18,JP,P1042,PG1069,KW11459,997.68,Completed,2026-09-18 12:35:00
ORD100038,2026-04-08,FR,P1002,PG1012,KW11914,551.4,Completed,2026-04-08 00:31:00
ORD100039,2025-11-19,BR,P1013,PG1429,KW11835,746.27,Completed,2025-11-19 19:22:00
ORD100040,2026-01-01,AU,P1022,PG1198,KW10015,1062.23,Completed,2026-01-01 13:49:00
ORD100041,2026-06-25,FR,P1009,PG1189,KW11776,2254.69,Pending,2026-06-25 19:20:00
ORD100042,2026-04-06,MX,P1045,PG1237,KW11651,1890.11,Completed,2026-04-06 11:14:00
ORD100043,2025-10-27,MX,P1002,PG1046,KW11302,655.65,Completed,2025-10-27 11:26:00
ORD100044,2025-10-11,BR,P1036,PG1180,KW10911,800.04,Pending,2025-10-11 14:42:00
ORD100045,2026-01-26,US,P1001,PG1453,KW11729,1513.31,Completed,2026-01-26 05:16:00
ORD100046,2026-06-10,BR,P1010,PG1478,KW10116,701.45,Cancelled,2026-06-10 22:39:00
ORD100047,2026-09-12,US,P1004,PG1314,KW11218,1725.24,Completed,2026-09-12 02:49:00
ORD100048,2026-06-05,MX,P1041,PG1379,KW10573,913.4,Completed,2026-06-05 01:37:00
ORD100049,2025-12-09,MX,P1028,PG1467,KW11713,543.4,Cancelled,2025-12-09 10:20:00
ORD100050,2026-09-17,AU,P1042,PG1202,KW11336,1533.13,Cancelled,2026-09-17 15:43:00
ORD100051,2026-01-27,CA,P1032,PG1066,KW10866,579.26,Returned,2026-01-27 01:20:00
ORD100052,2026-04-11,FR,P1046,PG1188,KW10615,1457.13,Completed,2026-04-11 04:00:00
ORD100053,2026-01-31,US,P1020,PG1356,KW10818,511.06,Cancelled,2026-01-31 22:25:00
ORD100054,2025-10-05,CA,P1048,PG1078,KW11935,1197.94,Completed,2025-10-05 20:54:00
ORD100055,2025-12-11,BR,P1020,PG1255,KW10115,643.01,Completed,2025-12-11 03:03:00
ORD100056,2025-10-16,BR,P1005,PG1244,KW10952,665.04,Cancelled,2025-10-16 20:39:00
ORD100057,2025-12-12,JP,P1006,PG1448,KW11888,967.24,Returned,2025-12-12 07:12:00
ORD100058,2026-01-27,UK,P1019,PG1287,KW11889,634.04,Cancelled,2026-01-27 12:38:00
ORD100059,2026-06-17,JP,P1001,PG1215,KW11811,323.58,Completed,2026-06-17 20:54:00
ORD100060,2026-07-19,US,P1018,PG1179,KW10687,867.82,Completed,2026-07-19 15:30:00
ORD100061,2026-05-04,UK,P1006,PG1165,KW10367,895.81,Cancelled,2026-05-04 02:45:00
ORD100062,2026-06-06,IN,P1004,PG1033,KW10737,332.96,Completed,2026-06-06 17:30:00
ORD100063,2026-07-30,CA,P1046,PG1351,KW11430,1481.45,Returned,2026-07-30 05:01:00
ORD100064,2026-08-09,FR,P1008,PG1453,KW10109,517.26,Cancelled,2026-08-09 00:26:00
ORD100065,2026-08-02,MX,P1023,PG1298,KW11084,1442.44,Returned,2026-08-02 03:57:00
ORD100066,2026-08-19,IN,P1042,PG1046,KW11202,450.78,Completed,2026-08-19 12:27:00
ORD100067,2026-03-24,UK,P1045,PG1123,KW10837,609.5,Completed,2026-03-24 21:34:00
ORD100068,2026-06-12,BR,P1003,PG1358,KW10619,888.82,Pending,2026-06-12 03:36:00
ORD100069,2025-10-10,US,P1034,PG1281,KW10196,892.05,Cancelled,2025-10-10 17:40:00
ORD100070,2026-09-21,IN,P1014,PG1173,KW10041,847.77,Completed,2026-09-21 09:44:00
ORD100071,2026-01-26,AU,P1029,PG1438,KW10589,507.82,Completed,2026-01-26 09:10:00
ORD100072,2026-05-25,DE,P1027,PG1477,KW11749,1492.17,Cancelled,2026-05-25 11:16:00
ORD100073,2025-12-12,AU,P1008,PG1398,KW11228,459.37,Returned,2025-12-12 11:25:00
ORD100074,2026-05-12,IN,P1017,PG1225,KW11006,990.99,Pending,2026-05-12 16:24:00
ORD100075,2025-10-02,IN,P1033,PG1452,KW10387,827.44,Cancelled,2025-10-02 12:16:00
ORD100076,2026-05-30,DE,P1023,PG1468,KW10836,1405.79,Completed,2026-05-30 02:44:00
ORD100077,2026-08-23,FR,P1028,PG1114,KW11011,867.35,Cancelled,2026-08-23 06:15:00
ORD100078,2026-07-27,AU,P1039,PG1162,KW10127,1012.77,Cancelled,2026-07-27 09:53:00
ORD100079,2025-12-08,MX,P1025,PG1228,KW11077,583.73,Completed,2025-12-08 12:03:00
ORD100080,2025-10-26,CA,P1018,PG1475,KW11085,990.38,Completed,2025-10-26 06:53:00
ORD100081,2025-11-05,UK,P1047,PG1437,KW11191,355.0,Returned,2025-11-05 15:00:00
ORD100082,2025-12-28,FR,P1038,PG1344,KW11755,614.18,Pending,2025-12-28 08:47:00
ORD100083,2026-08-22,FR,P1019,PG1287,KW11384,1393.77,Pending,2026-08-22 07:57:00
ORD100084,2026-09-12,JP,P1034,PG1427,KW10742,648.45,Completed,2026-09-12 22:05:00
ORD100085,2026-02-13,IN,P1001,PG1381,KW10681,1484.33,Cancelled,2026-02-13 20:19:00
ORD100086,2026-07-28,UK,P1044,PG1446,KW11625,1017.2,Cancelled,2026-07-28 22:28:00
ORD100087,2025-12-11,UK,P1014,PG1197,KW10830,2103.39,Completed,2025-12-11 18:33:00
ORD100088,2026-04-11,UK,P1011,PG1458,KW11435,852.26,Completed,2026-04-11 00:58:00
ORD100089,2025-12-03,MX,P1025,PG1456,KW10167,718.41,Completed,2025-12-03 17:04:00
ORD100090,2026-04-06,UK,P1010,PG1026,KW10705,1238.03,Pending,2026-04-06 12:30:00
ORD100091,2026-02-02,FR,P1020,PG1257,KW11984,773.6,Completed,2026-02-02 12:30:00
ORD100092,2025-11-06,UK,P1048,PG1174,KW11503,710.12,Completed,2025-11-06 09:09:00
ORD100093,2026-08-19,JP,P1031,PG1447,KW11849,4329.79,Cancelled,2026-08-19 07:16:00
ORD100094,2026-08-05,UK,P1023,PG1207,KW11893,1993.81,Completed,2026-08-05 08:52:00
ORD100095,2025-10-04,DE,P1010,PG1149,KW10623,925.49,Cancelled,2025-10-04 08:05:00
ORD100096,2026-05-19,DE,P1024,PG1046,KW11170,1748.53,Completed,2026-05-19 16:20:00
ORD100097,2026-09-29,AU,P1029,PG1356,KW10849,414.1,Completed,2026-09-29 07:13:00
ORD100098,2026-07-21,BR,P1023,PG1419,KW10362,381.36,Pending,2026-07-21 10:39:00
ORD100099,2026-08-21,AU,P1002,PG1490,KW11111,1776.5,Returned,2026-08-21 17:28:00
ORD100100,2026-04-09,UK,P1013,PG1305,KW11002,2055.54,Completed,2026-04-09 19:19:00
ORD100101,2025-11-13,BR,P1015,PG1106,KW10012,355.47,Returned,2025-11-13 08:49:00
ORD100102,2025-10-26,CA,P1025,PG1326,KW10436,2133.25,Completed,2025-10-26 01:39:00
ORD100103,2026-02-08,FR,P1006,PG1357,KW10616,490.16,Pending,2026-02-08 00:21:00
ORD100104,2026-07-15,MX,P1026,PG1258,KW10579,1983.01,Pending,2026-07-15 05:57:00
ORD100105,2026-02-01,UK,P1024,PG1363,KW10192,742.22,Completed,2026-02-01 07:50:00
ORD100106,2026-07-30,US,P1023,PG1296,KW10157,428.62,Returned,2026-07-30 08:58:00
ORD100107,2026-01-14,MX,P1016,PG1454,KW10308,1263.07,Completed,2026-01-14 08:09:00
ORD100108,2026-07-19,BR,P1048,PG1302,KW10850,388.5,Completed,2026-07-19 13:46:00
ORD100109,2026-08-08,IN,P1040,PG1130,KW11602,401.88,Completed,2026-08-08 18:40:00
ORD100110,2026-04-09,IN,P1012,PG1492,KW10440,769.34,Returned,2026-04-09 14:31:00
ORD100111,2026-09-29,AU,P1050,PG1335,KW11591,556.55,Completed,2026-09-29 10:07:00
ORD100112,2026-08-20,US,P1046,PG1163,KW11673,596.24,Completed,2026-08-20 11:48:00
ORD100113,2026-01-27,BR,P1033,PG1077,KW10366,682.5,Returned,2026-01-27 21:25:00
ORD100114,2026-07-09,US,P1029,PG1467,KW10460,837.67,Completed,2026-07-09 09:04:00
ORD100115,2026-02-26,BR,P1004,PG1128,KW10948,1545.87,Completed,2026-02-26 08:32:00
ORD100116,2026-09-29,FR,P1032,PG1157,KW11032,205.28,Pending,2026-09-29 21:09:00
ORD100117,2025-10-13,BR,P1004,PG1310,KW10063,689.23,Returned,2025-10-13 14:46:00
ORD100118,2026-03-12,UK,P1019,PG1154,KW10258,567.28,Completed,2026-03-12 20:19:00
ORD100119,2026-01-24,UK,P1034,PG1222,KW11090,830.2,Pending,2026-01-24 15:39:00
ORD100120,2026-08-15,AU,P1015,PG1012,KW10362,188.37,Completed,2026-08-15 19:27:00
ORD100121,2025-11-29,CA,P1042,PG1117,KW11788,208.82,Returned,2025-11-29 12:06:00
ORD100122,2025-12-30,MX,P1015,PG1375,KW10297,654.65,Pending,2025-12-30 18:07:00
ORD100123,2026-05-17,JP,P1038,PG1280,KW11345,519.28,Completed,2026-05-17 11:55:00
ORD100124,2026-08-29,MX,P1040,PG1113,KW10805,538.39,Cancelled,2026-08-29 02:23:00
ORD100125,2026-09-25,AU,P1026,PG1283,KW10565,1430.75,Returned,2026-09-25 08:14:00
ORD100126,2026-04-09,US,P1038,PG1254,KW11567,666.86,Completed,2026-04-09 18:08:00
ORD100127,2026-08-26,DE,P1040,PG1239,KW10959,712.27,Pending,2026-08-26 02:44:00
ORD100128,2026-03-25,AU,P1049,PG1348,KW10637,819.69,Pending,2026-03-25 13:05:00
ORD100129,2025-10-04,CA,P1018,PG1038,KW10281,911.51,Pending,2025-10-04 14:53:00
ORD100130,2025-11-04,UK,P1007,PG1270,KW10545,1259.46,Completed,2025-11-04 20:46:00
ORD100131,2026-09-12,AU,P1025,PG1195,KW10789,454.04,Pending,2026-09-12 10:18:00
ORD100132,2025-11-10,UK,P1015,PG1075,KW11043,1022.65,Returned,2025-11-10 23:26:00
ORD100133,2025-11-27,US,P1037,PG1383,KW10849,518.65,Returned,2025-11-27 03:25:00
ORD100134,2026-04-06,BR,P1017,PG1040,KW10470,606.47,Completed,2026-04-06 03:05:00
ORD100135,2026-07-07,MX,P1040,PG1378,KW10048,456.28,Cancelled,2026-07-07 20:22:00
ORD100136,2026-09-20,MX,P1041,PG1068,KW10821,655.76,Completed,2026-09-20 09:59:00
ORD100137,2026-02-04,IN,P1040,PG1274,KW11854,1599.97,Cancelled,2026-02-04 12:11:00
ORD100138,2026-03-31,IN,P1016,PG1145,KW11744,390.65,Cancelled,2026-03-31 21:15:00
ORD100139,2026-03-17,AU,P1024,PG1015,KW11884,300.47,Completed,2026-03-17 12:35:00
ORD100140,2025-11-01,MX,P1019,PG1348,KW10040,646.55,Cancelled,2025-11-01 08:07:00
ORD100141,2026-02-06,BR,P1048,PG1210,KW11729,568.97,Returned,2026-02-06 06:04:00
ORD100142,2026-03-20,DE,P1038,PG1323,KW11956,969.84,Pending,2026-03-20 12:32:00
ORD100143,2026-02-20,DE,P1033,PG1246,KW10711,1064.11,Cancelled,2026-02-20 13:15:00
ORD100144,2026-09-18,US,P1029,PG1414,KW10588,586.24,Completed,2026-09-18 13:54:00
ORD100145,2026-08-10,MX,P1014,PG1484,KW10238,502.57,Returned,2026-08-10 01:04:00
ORD100146,2026-05-30,MX,P1044,PG1164,KW11981,401.41,Pending,2026-05-30 11:50:00
ORD100147,2026-04-01,MX,P1020,PG1411,KW10690,587.98,Cancelled,2026-04-01 21:38:00
ORD100148,2026-03-31,DE,P1048,PG1164,KW10369,755.87,Returned,2026-03-31 11:43:00
ORD100149,2026-01-25,AU,P1048,PG1260,KW10681,1778.6,Returned,2026-01-25 15:41:00
ORD100150,2026-04-02,US,P1034,PG1278,KW11783,593.47,Completed,2026-04-02 22:44:00
ORD100151,2026-05-03,AU,P1028,PG1297,KW10735,1644.09,Pending,2026-05-03 16:35:00
ORD100152,2026-06-03,AU,P1045,PG1139,KW10984,1192.75,Pending,2026-06-03 20:08:00
ORD100153,2025-10-30,IN,P1007,PG1295,KW11342,834.19,Cancelled,2025-10-30 23:09:00
ORD100154,2026-05-28,CA,P1041,PG1423,KW10759,1363.08,Cancelled,2026-05-28 01:35:00
ORD100155,2026-04-24,AU,P1044,PG1312,KW11130,805.5,Completed,2026-04-24 03:59:00
ORD100156,2026-04-17,US,P1043,PG1330,KW10270,796.5,Returned,2026-04-17 08:10:00
ORD100157,2025-10-05,IN,P1048,PG1213,KW10134,746.38,Cancelled,2025-10-05 08:13:00
ORD100158,2026-01-08,MX,P1031,PG1239,KW11891,707.32,Completed,2026-01-08 20:15:00
ORD100159,2026-02-07,AU,P1001,PG1196,KW11192,1288.01,Completed,2026-02-07 09:39:00
ORD100160,2025-12-07,MX,P1026,PG1158,KW10500,827.37,Completed,2025-12-07 17:22:00
ORD100161,2026-03-23,AU,P1037,PG1092,KW11299,1083.66,Completed,2026-03-23 21:24:00
ORD100162,2026-09-13,CA,P1004,PG1362,KW11883,805.71,Completed,2026-09-13 22:13:00
ORD100163,2026-02-21,FR,P1025,PG1379,KW11124,844.47,Completed,2026-02-21 20:00:00
ORD100164,2025-11-22,CA,P1006,PG1019,KW10971,466.83,Completed,2025-11-22 07:27:00
ORD100165,2026-08-10,MX,P1027,PG1244,KW10978,1309.82,Completed,2026-08-10 23:19:00
ORD100166,2025-11-18,US,P1042,PG1025,KW10088,1139.15,Returned,2025-11-18 16:49:00
ORD100167,2026-04-13,AU,P1043,PG1404,KW10429,616.9,Completed,2026-04-13 09:50:00
ORD100168,2026-08-19,JP,P1004,PG1390,KW10165,269.58,Completed,2026-08-19 17:19:00
ORD100169,2025-11-29,BR,P1005,PG1386,KW10936,2761.79,Returned,2025-11-29 23:35:00
ORD100170,2026-02-19,FR,P1042,PG1236,KW10257,363.0,Returned,2026-02-19 19:50:00
ORD100171,2026-03-22,AU,P1039,PG1482,KW11410,211.09,Returned,2026-03-22 19:19:00
ORD100172,2026-01-07,US,P1009,PG1130,KW10791,1420.12,Completed,2026-01-07 11:07:00
ORD100173,2026-01-14,IN,P1033,PG1184,KW10933,518.49,Completed,2026-01-14 05:34:00
ORD100174,2025-12-14,FR,P1005,PG1086,KW11904,776.94,Cancelled,2025-12-14 09:05:00
ORD100175,2026-02-23,DE,P1023,PG1041,KW11650,2203.39,Completed,2026-02-23 22:02:00
ORD100176,2026-09-26,FR,P1010,PG1148,KW10853,1311.47,Pending,2026-09-26 14:47:00
ORD100177,2026-01-14,JP,P1042,PG1490,KW10665,1176.44,Pending,2026-01-14 10:12:00
ORD100178,2026-06-17,JP,P1023,PG1463,KW10955,836.32,Completed,2026-06-17 10:39:00
ORD100179,2026-09-26,UK,P1003,PG1023,KW10082,351.11,Pending,2026-09-26 04:53:00
ORD100180,2025-12-09,US,P1041,PG1272,KW11910,1254.41,Returned,2025-12-09 19:06:00
ORD100181,2025-10-10,FR,P1050,PG1226,KW10002,1146.15,Completed,2025-10-10 21:15:00
ORD100182,2026-03-16,BR,P1029,PG1218,KW11563,740.14,Cancelled,2026-03-16 10:41:00
ORD100183,2025-11-10,JP,P1035,PG1288,KW10799,507.5,Completed,2025-11-10 19:02:00
ORD100184,2026-07-30,BR,P1050,PG1058,KW11524,932.05,Completed,2026-07-30 23:38:00
ORD100185,2026-02-26,AU,P1029,PG1329,KW11240,988.45,Completed,2026-02-26 21:54:00
ORD100186,2026-08-22,MX,P1006,PG1227,KW10160,909.48,Cancelled,2026-08-22 15:41:00
ORD100187,2026-05-26,US,P1041,PG1256,KW10693,465.24,Completed,2026-05-26 22:04:00
ORD100188,2026-01-10,BR,P1039,PG1479,KW10823,1742.4,Completed,2026-01-10 00:44:00
ORD100189,2026-07-19,DE,P1040,PG1150,KW10802,400.9,Returned,2026-07-19 18:09:00
ORD100190,2026-03-24,IN,P1018,PG1320,KW11590,652.88,Pending,2026-03-24 02:31:00
ORD100191,2025-12-13,IN,P1008,PG1006,KW10512,940.44,Pending,2025-12-13 00:16:00
ORD100192,2026-09-05,BR,P1034,PG1089,KW10447,1116.84,Completed,2026-09-05 15:03:00
ORD100193,2026-09-08,JP,P1047,PG1278,KW10386,1121.68,Completed,2026-09-08 21:00:00
ORD100194,2025-12-20,CA,P1046,PG1154,KW10055,785.32,Completed,2025-12-20 07:53:00
ORD100195,2025-11-01,BR,P1035,PG1470,KW10924,1140.39,Pending,2025-11-01 17:18:00
ORD100196,2026-05-11,MX,P1044,PG1345,KW10375,354.58,Completed,2026-05-11 07:34:00
ORD100197,2026-02-11,FR,P1009,PG1119,KW11578,669.79,Returned,2026-02-11 22:10:00
ORD100198,2026-03-25,MX,P1031,PG1129,KW10831,538.06,Returned,2026-03-25 18:24:00
ORD100199,2026-07-12,AU,P1027,PG1428,KW11390,755.22,Pending,2026-07-12 11:16:00
ORD100200,2026-02-13,US,P1043,PG1056,KW11350,1151.92,Completed,2026-02-13 06:08:00
ORD100201,2025-11-09,US,P1026,PG1451,KW11761,513.0,Pending,2025-11-09 03:13:00
ORD100202,2026-08-12,FR,P1031,PG1060,KW11578,867.87,Completed,2026-08-12 16:03:00
ORD100203,2026-05-26,FR,P1049,PG1376,KW11327,805.98,Pending,2026-05-26 18:17:00
ORD100204,2026-08-06,MX,P1020,PG1012,KW10025,2427.73,Cancelled,2026-08-06 03:08:00
ORD100205,2026-03-06,AU,P1027,PG1139,KW11347,759.69,Returned,2026-03-06 21:50:00
ORD100206,2026-06-22,DE,P1043,PG1207,KW10140,428.95,Completed,2026-06-22 14:07:00
ORD100207,2025-12-06,JP,P1033,PG1486,KW11371,1427.37,Returned,2025-12-06 08:20:00
ORD100208,2026-05-21,IN,P1004,PG1402,KW10705,1633.81,Cancelled,2026-05-21 03:00:00
ORD100209,2026-07-02,US,P1003,PG1466,KW10910,1947.18,Completed,2026-07-02 07:19:00
ORD100210,2026-08-01,FR,P1045,PG1363,KW10441,1009.69,Pending,2026-08-01 22:26:00
ORD100211,2026-02-01,UK,P1040,PG1457,KW11106,830.1,Cancelled,2026-02-01 22:25:00
ORD100212,2026-07-22,JP,P1019,PG1248,KW10336,308.4,Returned,2026-07-22 10:32:00
ORD100213,2025-12-11,AU,P1038,PG1376,KW11210,956.38,Cancelled,2025-12-11 20:32:00
ORD100214,2026-09-17,AU,P1032,PG1436,KW10558,275.53,Pending,2026-09-17 23:31:00
ORD100215,2026-09-11,BR,P1007,PG1262,KW10743,706.67,Completed,2026-09-11 00:35:00
ORD100216,2026-01-21,AU,P1002,PG1092,KW10377,510.68,Completed,2026-01-21 03:26:00
ORD100217,2026-04-08,AU,P1024,PG1241,KW10699,933.9,Completed,2026-04-08 19:58:00
ORD100218,2026-06-18,BR,P1010,PG1224,KW11881,3894.55,Cancelled,2026-06-18 10:08:00
ORD100219,2026-05-31,JP,P1003,PG1149,KW11530,262.63,Pending,2026-05-31 18:17:00
ORD100220,2025-11-22,CA,P1008,PG1093,KW10344,1329.04,Completed,2025-11-22 11:35:00
ORD100221,2025-11-02,DE,P1029,PG1445,KW11658,896.96,Completed,2025-11-02 14:30:00
ORD100222,2026-08-21,MX,P1008,PG1382,KW11060,414.15,Returned,2026-08-21 01:35:00
ORD100223,2026-01-25,CA,P1037,PG1375,KW11993,636.88,Cancelled,2026-01-25 19:27:00
ORD100224,2025-12-27,JP,P1048,PG1185,KW10921,2172.61,Returned,2025-12-27 17:29:00
ORD100225,2026-05-11,BR,P1038,PG1138,KW10376,3701.36,Completed,2026-05-11 21:49:00
ORD100226,2026-09-25,US,P1020,PG1275,KW11729,734.46,Completed,2026-09-25 03:17:00
ORD100227,2025-11-02,UK,P1047,PG1059,KW10864,1906.01,Completed,2025-11-02 14:12:00
ORD100228,2026-05-13,US,P1039,PG1456,KW11510,261.04,Returned,2026-05-13 02:53:00
ORD100229,2026-01-10,JP,P1003,PG1364,KW11458,1699.58,Pending,2026-01-10 10:29:00
ORD100230,2026-03-26,UK,P1006,PG1375,KW10052,355.97,Pending,2026-03-26 15:53:00
ORD100231,2025-12-26,AU,P1042,PG1465,KW11499,843.28,Completed,2025-12-26 11:28:00
ORD100232,2025-10-26,FR,P1030,PG1494,KW11298,601.61,Completed,2025-10-26 23:26:00
ORD100233,2026-09-19,JP,P1006,PG1429,KW11243,1341.38,Cancelled,2026-09-19 03:41:00
ORD100234,2025-12-25,IN,P1041,PG1209,KW11485,584.42,Completed,2025-12-25 09:22:00
ORD100235,2026-03-16,IN,P1025,PG1473,KW11495,1015.81,Pending,2026-03-16 20:19:00
ORD100236,2026-05-28,MX,P1008,PG1269,KW11245,930.35,Returned,2026-05-28 17:53:00
ORD100237,2026-02-13,JP,P1021,PG1112,KW10554,1212.79,Completed,2026-02-13 21:31:00
ORD100238,2026-09-03,MX,P1002,PG1406,KW10088,821.26,Cancelled,2026-09-03 18:55:00
ORD100239,2026-06-09,AU,P1042,PG1164,KW10540,1622.18,Completed,2026-06-09 11:51:00
ORD100240,2026-06-23,FR,P1040,PG1205,KW10536,761.54,Returned,2026-06-23 17:17:00
ORD100241,2025-12-02,IN,P1049,PG1448,KW10962,437.11,Pending,2025-12-02 19:31:00
ORD100242,2025-10-30,JP,P1039,PG1391,KW10576,780.56,Pending,2025-10-30 14:03:00
ORD100243,2025-11-07,UK,P1029,PG1043,KW10088,211.76,Pending,2025-11-07 09:41:00
ORD100244,2026-03-21,CA,P1001,PG1385,KW11822,733.0,Completed,2026-03-21 17:10:00
ORD100245,2026-08-26,UK,P1045,PG1037,KW11125,2080.65,Completed,2026-08-26 18:16:00
ORD100246,2026-03-10,JP,P1013,PG1149,KW11544,1214.9,Returned,2026-03-10 09:49:00
ORD100247,2026-03-12,AU,P1046,PG1300,KW10206,1162.08,Completed,2026-03-12 15:20:00
ORD100248,2026-01-22,IN,P1026,PG1393,KW11616,581.54,Completed,2026-01-22 02:16:00
ORD100249,2026-06-03,JP,P1023,PG1029,KW11733,1461.76,Cancelled,2026-06-03 02:12:00
ORD100250,2026-04-10,MX,P1022,PG1101,KW11710,524.56,Completed,2026-04-10 02:53:00
ORD100251,2025-11-29,JP,P1001,PG1215,KW11335,1972.73,Cancelled,2025-11-29 01:21:00
ORD100252,2026-03-06,DE,P1048,PG1393,KW11385,1384.07,Completed,2026-03-06 20:56:00
ORD100253,2025-10-20,IN,P1042,PG1302,KW10363,276.25,Completed,2025-10-20 00:37:00
ORD100254,2026-04-24,UK,P1041,PG1407,KW11961,501.82,Pending,2026-04-24 01:31:00
ORD100255,2025-12-14,JP,P1047,PG1195,KW11502,1445.01,Pending,2025-12-14 02:59:00
ORD100256,2026-07-15,DE,P1048,PG1305,KW11418,774.34,Returned,2026-07-15 11:25:00
ORD100257,2026-08-17,AU,P1019,PG1025,KW10921,400.33,Pending,2026-08-17 20:16:00
ORD100258,2025-11-30,CA,P1034,PG1040,KW11259,721.8,Returned,2025-11-30 18:35:00
ORD100259,2026-06-22,AU,P1012,PG1452,KW11737,691.97,Returned,2026-06-22 14:33:00
ORD100260,2026-02-09,CA,P1021,PG1435,KW10577,3016.58,Cancelled,2026-02-09 01:56:00
ORD100261,2026-05-26,US,P1033,PG1279,KW10221,1624.84,Completed,2026-05-26 05:25:00
ORD100262,2026-08-23,US,P1001,PG1037,KW11122,2424.31,Completed,2026-08-23 17:59:00
ORD100263,2025-12-09,FR,P1047,PG1056,KW11939,560.2,Completed,2025-12-09 03:19:00
ORD100264,2026-03-29,MX,P1007,PG1492,KW10009,633.3,Completed,2026-03-29 05:34:00
ORD100265,2026-07-12,US,P1017,PG1263,KW11925,721.65,Completed,2026-07-12 19:31:00
ORD100266,2025-11-10,JP,P1021,PG1162,KW11537,598.03,Completed,2025-11-10 23:30:00
ORD100267,2025-10-06,MX,P1018,PG1353,KW10766,1239.33,Completed,2025-10-06 09:09:00
ORD100268,2026-04-17,BR,P1001,PG1234,KW10960,578.97,Pending,2026-04-17 16:53:00
ORD100269,2026-02-13,IN,P1045,PG1071,KW10253,456.43,Completed,2026-02-13 23:06:00
ORD100270,2026-09-14,US,P1020,PG1327,KW10104,1068.26,Completed,2026-09-14 11:12:00
ORD100271,2026-05-17,AU,P1045,PG1013,KW11386,1150.1,Completed,2026-05-17 09:14:00
ORD100272,2026-06-14,CA,P1038,PG1310,KW11488,1256.98,Completed,2026-06-14 00:37:00
ORD100273,2026-07-07,FR,P1022,PG1322,KW11571,639.16,Completed,2026-07-07 20:10:00
ORD100274,2026-02-15,US,P1030,PG1072,KW10145,450.61,Completed,2026-02-15 02:44:00
ORD100275,2026-04-25,FR,P1039,PG1330,KW11679,1886.22,Returned,2026-04-25 11:18:00
ORD100276,2025-12-22,MX,P1027,PG1422,KW10436,702.5,Completed,2025-12-22 14:27:00
ORD100277,2025-11-05,MX,P1040,PG1088,KW11904,1053.38,Pending,2025-11-05 21:12:00
ORD100278,2026-03-12,FR,P1013,PG1309,KW10246,1204.25,Completed,2026-03-12 03:35:00
ORD100279,2025-10-13,AU,P1015,PG1185,KW11864,487.03,Returned,2025-10-13 15:46:00
ORD100280,2026-01-12,BR,P1034,PG1234,KW10074,667.16,Pending,2026-01-12 21:09:00
ORD100281,2026-01-06,CA,P1002,PG1051,KW10530,785.53,Completed,2026-01-06 07:39:00
ORD100282,2025-12-02,BR,P1030,PG1212,KW10485,823.49,Cancelled,2025-12-02 17:05:00
ORD100283,2025-12-02,FR,P1008,PG1091,KW10144,287.76,Completed,2025-12-02 06:50:00
ORD100284,2026-03-18,FR,P1049,PG1373,KW11394,1042.21,Returned,2026-03-18 14:22:00
ORD100285,2026-07-22,DE,P1016,PG1305,KW10504,1172.28,Completed,2026-07-22 19:46:00
ORD100286,2026-02-28,JP,P1028,PG1071,KW11071,1227.39,Completed,2026-02-28 23:50:00
ORD100287,2025-11-07,BR,P1011,PG1418,KW11023,199.97,Completed,2025-11-07 11:33:00
ORD100288,2026-08-17,IN,P1039,PG1381,KW10711,1050.97,Completed,2026-08-17 21:10:00
ORD100289,2026-09-19,UK,P1017,PG1064,KW10445,833.9,Pending,2026-09-19 05:27:00
ORD100290,2026-01-01,JP,P1033,PG1284,KW10938,318.17,Completed,2026-01-01 06:30:00
ORD100291,2026-07-17,IN,P1013,PG1217,KW11828,744.61,Returned,2026-07-17 21:43:00
ORD100292,2026-09-20,AU,P1020,PG1489,KW11539,1716.95,Completed,2026-09-20 04:23:00
ORD100293,2025-12-18,US,P1038,PG1345,KW11336,771.74,Cancelled,2025-12-18 05:18:00
ORD100294,2026-09-30,US,P1005,PG1224,KW11981,403.29,Completed,2026-09-30 10:15:00
ORD100295,2025-11-18,CA,P1013,PG1162,KW11063,516.83,Returned,2025-11-18 16:53:00
ORD100296,2025-12-19,FR,P1022,PG1108,KW11972,388.37,Pending,2025-12-19 10:30:00
ORD100297,2025-12-20,IN,P1031,PG1104,KW11986,843.18,Pending,2025-12-20 22:48:00
ORD100298,2025-10-28,IN,P1045,PG1125,KW10391,1872.7,Completed,2025-10-28 09:36:00
ORD100299,2026-01-19,BR,P1008,PG1460,KW10784,996.39,Completed,2026-01-19 15:24:00
ORD100300,2026-09-29,FR,P1023,PG1134,KW11602,472.25,Completed,2026-09-29 19:55:00
ORD100301,2025-12-18,FR,P1016,PG1143,KW10942,490.86,Completed,2025-12-18 05:12:00
ORD100302,2026-07-18,DE,P1026,PG1167,KW10051,2077.95,Completed,2026-07-18 11:55:00
ORD100303,2026-09-26,CA,P1021,PG1218,KW11680,900.33,Cancelled,2026-09-26 04:44:00
ORD100304,2026-01-11,FR,P1030,PG1015,KW11565,395.01,Pending,2026-01-11 20:54:00
ORD100305,2026-09-05,BR,P1023,PG1407,KW10249,843.14,Completed,2026-09-05 09:04:00
ORD100306,2026-06-19,DE,P1036,PG1365,KW10009,1032.86,Cancelled,2026-06-19 22:06:00
ORD100307,2026-02-18,DE,P1049,PG1277,KW10606,316.5,Completed,2026-02-18 16:38:00
ORD100308,2026-02-13,US,P1047,PG1433,KW10688,1033.46,Cancelled,2026-02-13 09:55:00
ORD100309,2025-12-24,US,P1043,PG1148,KW10991,1578.72,Cancelled,2025-12-24 10:59:00
ORD100310,2025-11-12,MX,P1012,PG1289,KW10864,2196.24,Returned,2025-11-12 21:32:00
ORD100311,2026-01-20,JP,P1020,PG1440,KW10875,329.02,Completed,2026-01-20 10:55:00
ORD100312,2026-01-26,FR,P1011,PG1301,KW11636,1200.0,Completed,2026-01-26 13:09:00
ORD100313,2026-06-14,MX,P1012,PG1441,KW10358,514.46,Pending,2026-06-14 21:10:00
ORD100314,2026-01-24,JP,P1016,PG1453,KW11860,423.8,Pending,2026-01-24 20:18:00
ORD100315,2025-10-01,AU,P1014,PG1408,KW11164,965.01,Returned,2025-10-01 07:03:00
ORD100316,2026-03-12,AU,P1049,PG1030,KW10200,667.61,Pending,2026-03-12 12:36:00
ORD100317,2026-08-18,IN,P1026,PG1352,KW11230,831.28,Completed,2026-08-18 17:44:00
ORD100318,2025-12-25,US,P1001,PG1178,KW11004,1246.68,Returned,2025-12-25 20:42:00
ORD100319,2026-04-02,FR,P1043,PG1281,KW11187,1656.03,Cancelled,2026-04-02 15:04:00
ORD100320,2026-02-20,AU,P1005,PG1321,KW11189,1557.5,Cancelled,2026-02-20 09:33:00
ORD100321,2026-06-14,UK,P1009,PG1458,KW11289,574.84,Completed,2026-06-14 11:51:00
ORD100322,2026-06-02,AU,P1044,PG1197,KW11353,684.47,Completed,2026-06-02 17:52:00
ORD100323,2026-01-17,AU,P1031,PG1420,KW10999,1658.25,Pending,2026-01-17 00:39:00
ORD100324,2025-12-16,BR,P1033,PG1249,KW11557,367.99,Completed,2025-12-16 07:38:00
ORD100325,2026-08-15,UK,P1032,PG1265,KW11407,2315.74,Completed,2026-08-15 08:30:00
ORD100326,2026-01-28,AU,P1006,PG1437,KW10770,1603.46,Completed,2026-01-28 08:13:00
ORD100327,2026-08-06,BR,P1025,PG1128,KW10124,632.57,Completed,2026-08-06 04:09:00
ORD100328,2026-07-07,US,P1044,PG1137,KW10610,2239.98,Completed,2026-07-07 00:46:00
ORD100329,2026-09-04,CA,P1023,PG1359,KW10078,487.81,Completed,2026-09-04 22:29:00
ORD100330,2025-10-30,US,P1021,PG1427,KW11427,1237.63,Completed,2025-10-30 03:46:00
ORD100331,2026-02-24,IN,P1005,PG1344,KW10846,638.51,Completed,2026-02-24 13:07:00
ORD100332,2026-09-19,MX,P1026,PG1033,KW11256,989.49,Pending,2026-09-19 07:45:00
ORD100333,2026-02-21,BR,P1038,PG1028,KW10032,461.14,Completed,2026-02-21 15:59:00
ORD100334,2026-08-20,BR,P1029,PG1473,KW11085,893.22,Completed,2026-08-20 05:46:00
ORD100335,2026-03-16,MX,P1044,PG1371,KW11707,421.66,Cancelled,2026-03-16 03:43:00
ORD100336,2026-06-29,CA,P1020,PG1351,KW11316,494.04,Completed,2026-06-29 12:14:00
ORD100337,2025-11-29,MX,P1043,PG1355,KW11082,331.37,Completed,2025-11-29 21:53:00
ORD100338,2026-02-03,FR,P1045,PG1477,KW10436,737.58,Completed,2026-02-03 19:46:00
ORD100339,2026-09-17,MX,P1024,PG1111,KW11611,298.84,Pending,2026-09-17 11:07:00
ORD100340,2026-06-04,FR,P1026,PG1077,KW11357,571.77,Cancelled,2026-06-04 17:25:00
ORD100341,2025-11-23,MX,P1025,PG1365,KW10471,1009.26,Cancelled,2025-11-23 20:35:00
ORD100342,2026-08-16,DE,P1007,PG1324,KW10751,1065.26,Returned,2026-08-16 11:46:00
ORD100343,2025-12-25,DE,P1010,PG1004,KW11232,1325.34,Pending,2025-12-25 21:55:00
ORD100344,2026-07-29,AU,P1005,PG1264,KW10803,466.65,Cancelled,2026-07-29 01:10:00
ORD100345,2026-05-26,UK,P1008,PG1482,KW10682,665.7,Completed,2026-05-26 14:23:00
ORD100346,2026-05-16,JP,P1044,PG1328,KW11254,204.15,Completed,2026-05-16 02:35:00
ORD100347,2026-05-11,FR,P1013,PG1489,KW10835,1238.55,Completed,2026-05-11 17:42:00
ORD100348,2026-05-21,DE,P1008,PG1352,KW10606,2412.9,Completed,2026-05-21 16:32:00
ORD100349,2026-01-18,MX,P1025,PG1430,KW10979,1329.32,Completed,2026-01-18 18:48:00
ORD100350,2026-07-28,US,P1032,PG1280,KW10915,1350.63,Returned,2026-07-28 07:17:00
ORD100351,2025-10-12,UK,P1001,PG1229,KW10209,916.93,Completed,2025-10-12 15:52:00
ORD100352,2026-06-19,DE,P1033,PG1435,KW11751,716.83,Completed,2026-06-19 06:19:00
ORD100353,2026-01-04,AU,P1010,PG1171,KW11488,757.09,Completed,2026-01-04 19:45:00
ORD100354,2026-07-31,JP,P1040,PG1024,KW10022,1335.48,Returned,2026-07-31 14:59:00
ORD100355,2025-10-14,FR,P1047,PG1450,KW10241,1623.38,Cancelled,2025-10-14 11:35:00
ORD100356,2026-04-30,IN,P1038,PG1283,KW11169,628.11,Completed,2026-04-30 11:11:00
ORD100357,2026-01-18,BR,P1042,PG1461,KW11368,1052.86,Completed,2026-01-18 11:31:00
ORD100358,2026-07-18,CA,P1003,PG1183,KW10663,586.45,Pending,2026-07-18 20:48:00
ORD100359,2025-10-12,IN,P1029,PG1497,KW10481,190.99,Completed,2025-10-12 05:59:00
ORD100360,2026-03-26,CA,P1038,PG1136,KW11715,269.38,Cancelled,2026-03-26 11:27:00
ORD100361,2025-11-26,BR,P1031,PG1323,KW10376,892.73,Returned,2025-11-26 06:59:00
ORD100362,2026-01-14,US,P1018,PG1299,KW11214,792.57,Returned,2026-01-14 18:23:00
ORD100363,2026-02-09,IN,P1046,PG1442,KW11791,523.97,Completed,2026-02-09 12:55:00
ORD100364,2025-11-13,AU,P1048,PG1353,KW10256,520.67,Completed,2025-11-13 18:45:00
ORD100365,2026-03-07,FR,P1014,PG1280,KW10361,2100.81,Completed,2026-03-07 20:06:00
ORD100366,2026-05-02,DE,P1025,PG1234,KW10657,559.66,Completed,2026-05-02 13:42:00
ORD100367,2025-10-07,UK,P1037,PG1394,KW10195,365.44,Completed,2025-10-07 01:11:00
ORD100368,2026-07-24,AU,P1046,PG1135,KW11627,265.74,Cancelled,2026-07-24 10:01:00
ORD100369,2026-01-11,IN,P1035,PG1104,KW11517,528.59,Completed,2026-01-11 08:14:00
ORD100370,2026-04-25,DE,P1019,PG1372,KW11374,681.27,Completed,2026-04-25 15:24:00
ORD100371,2026-06-10,DE,P1034,PG1115,KW10669,2128.74,Pending,2026-06-10 14:27:00
ORD100372,2026-06-12,AU,P1015,PG1391,KW11864,494.57,Completed,2026-06-12 23:55:00
ORD100373,2026-03-08,FR,P1040,PG1456,KW11750,761.19,Pending,2026-03-08 15:50:00
ORD100374,2026-02-18,US,P1034,PG1049,KW11813,1024.28,Pending,2026-02-18 06:17:00
ORD100375,2026-01-05,JP,P1002,PG1229,KW11217,760.94,Completed,2026-01-05 05:05:00
ORD100376,2025-10-30,MX,P1026,PG1122,KW11823,440.8,Completed,2025-10-30 04:31:00
ORD100377,2025-10-17,UK,P1002,PG1186,KW10249,1017.73,Completed,2025-10-17 21:01:00
ORD100378,2026-02-20,UK,P1040,PG1328,KW10072,799.3,Returned,2026-02-20 18:56:00
ORD100379,2026-04-05,CA,P1030,PG1269,KW11610,365.8,Cancelled,2026-04-05 14:54:00
ORD100380,2025-11-29,UK,P1039,PG1141,KW11142,580.21,Pending,2025-11-29 11:14:00
ORD100381,2026-05-26,US,P1028,PG1178,KW11664,825.53,Returned,2026-05-26 01:52:00
ORD100382,2026-02-27,CA,P1047,PG1127,KW10607,528.65,Cancelled,2026-02-27 23:25:00
ORD100383,2026-03-06,JP,P1012,PG1414,KW11360,3165.25,Completed,2026-03-06 23:42:00
ORD100384,2026-06-09,FR,P1022,PG1019,KW10002,800.91,Completed,2026-06-09 08:03:00
ORD100385,2026-06-23,FR,P1032,PG1485,KW10363,463.53,Returned,2026-06-23 01:51:00
ORD100386,2025-12-24,FR,P1006,PG1213,KW11667,2628.09,Pending,2025-12-24 10:17:00
ORD100387,2026-03-01,BR,P1004,PG1142,KW10550,283.18,Pending,2026-03-01 19:20:00
ORD100388,2025-11-14,AU,P1030,PG1043,KW11723,794.84,Cancelled,2025-11-14 13:56:00
ORD100389,2026-01-17,AU,P1032,PG1476,KW11491,1169.67,Returned,2026-01-17 06:01:00
ORD100390,2026-09-27,CA,P1047,PG1075,KW11471,714.23,Cancelled,2026-09-27 20:47:00
ORD100391,2026-03-17,IN,P1018,PG1072,KW10791,1054.53,Completed,2026-03-17 13:26:00
ORD100392,2026-03-31,BR,P1020,PG1213,KW10609,1455.56,Completed,2026-03-31 10:45:00
ORD100393,2026-06-20,CA,P1039,PG1241,KW10137,934.08,Completed,2026-06-20 15:57:00
ORD100394,2026-08-23,IN,P1021,PG1214,KW10300,580.52,Completed,2026-08-23 09:48:00
ORD100395,2025-10-11,AU,P1032,PG1264,KW11015,1211.26,Cancelled,2025-10-11 22:39:00
ORD100396,2026-02-17,US,P1018,PG1014,KW10788,1480.94,Returned,2026-02-17 09:46:00
ORD100397,2026-03-04,AU,P1020,PG1364,KW11875,249.79,Completed,2026-03-04 04:45:00
ORD100398,2026-08-12,AU,P1011,PG1437,KW10516,1202.72,Completed,2026-08-12 19:45:00
ORD100399,2026-06-19,FR,P1021,PG1157,KW11828,382.95,Completed,2026-06-19 21:44:00
ORD100400,2026-02-25,JP,P1011,PG1020,KW11701,772.17,Completed,2026-02-25 06:52:00
ORD100401,2026-06-04,UK,P1035,PG1488,KW10381,412.16,Cancelled,2026-06-04 23:19:00
ORD100402,2026-03-03,BR,P1005,PG1012,KW10913,1958.03,Completed,2026-03-03 08:38:00
ORD100403,2025-12-13,IN,P1045,PG1332,KW10315,201.97,Returned,2025-12-13 20:04:00
ORD100404,2026-01-09,JP,P1047,PG1282,KW11961,1250.54,Cancelled,2026-01-09 05:52:00
ORD100405,2026-06-10,JP,P1027,PG1308,KW10287,626.2,Pending,2026-06-10 19:13:00
ORD100406,2026-01-04,CA,P1020,PG1455,KW11762,1602.72,Completed,2026-01-04 16:15:00
ORD100407,2026-08-17,BR,P1029,PG1262,KW10372,1324.04,Pending,2026-08-17 18:04:00
ORD100408,2025-11-13,UK,P1045,PG1430,KW10370,384.39,Returned,2025-11-13 17:06:00
ORD100409,2025-12-18,CA,P1033,PG1140,KW11932,1412.01,Cancelled,2025-12-18 03:37:00
ORD100410,2025-12-16,MX,P1018,PG1059,KW10179,378.93,Completed,2025-12-16 18:51:00
ORD100411,2026-07-30,US,P1012,PG1327,KW11722,1216.02,Returned,2026-07-30 23:52:00
ORD100412,2026-03-31,MX,P1006,PG1102,KW11847,1008.1,Cancelled,2026-03-31 20:15:00
ORD100413,2026-09-08,JP,P1028,PG1241,KW11135,635.28,Completed,2026-09-08 00:20:00
ORD100414,2026-05-23,CA,P1050,PG1438,KW10084,606.42,Pending,2026-05-23 01:37:00
ORD100415,2025-11-20,UK,P1007,PG1294,KW11210,475.42,Returned,2025-11-20 08:34:00
ORD100416,2026-08-11,US,P1046,PG1159,KW11661,1086.75,Completed,2026-08-11 21:57:00
ORD100417,2026-07-11,CA,P1040,PG1330,KW11409,860.9,Pending,2026-07-11 00:04:00
ORD100418,2026-08-12,BR,P1044,PG1077,KW11906,506.35,Completed,2026-08-12 08:58:00
ORD100419,2026-03-04,FR,P1038,PG1490,KW11169,420.3,Completed,2026-03-04 16:15:00
ORD100420,2026-02-24,UK,P1041,PG1500,KW10018,320.55,Completed,2026-02-24 07:27:00
ORD100421,2025-11-11,UK,P1012,PG1261,KW10300,2027.37,Cancelled,2025-11-11 13:08:00
ORD100422,2026-06-30,CA,P1027,PG1171,KW10302,510.59,Completed,2026-06-30 00:00:00
ORD100423,2026-06-29,US,P1021,PG1239,KW11296,1007.7,Cancelled,2026-06-29 17:36:00
ORD100424,2026-07-11,AU,P1038,PG1026,KW11653,225.77,Cancelled,2026-07-11 06:44:00
ORD100425,2025-10-14,US,P1034,PG1063,KW10904,1354.58,Cancelled,2025-10-14 02:28:00
ORD100426,2026-02-03,US,P1022,PG1104,KW10510,627.41,Completed,2026-02-03 10:25:00
ORD100427,2026-09-02,MX,P1009,PG1493,KW10356,777.55,Completed,2026-09-02 12:59:00
ORD100428,2025-11-23,CA,P1017,PG1301,KW10045,409.44,Completed,2025-11-23 13:28:00
ORD100429,2026-07-28,IN,P1050,PG1019,KW10582,440.47,Cancelled,2026-07-28 12:06:00
ORD100430,2026-08-24,AU,P1040,PG1089,KW11628,379.97,Completed,2026-08-24 22:53:00
ORD100431,2026-02-21,US,P1041,PG1260,KW11339,666.1,Pending,2026-02-21 23:08:00
ORD100432,2025-11-10,AU,P1020,PG1186,KW10078,2159.95,Cancelled,2025-11-10 21:50:00
ORD100433,2026-07-27,CA,P1033,PG1232,KW11748,297.71,Pending,2026-07-27 15:10:00
ORD100434,2026-08-16,DE,P1027,PG1418,KW11487,1046.77,Returned,2026-08-16 15:57:00
ORD100435,2026-03-05,JP,P1032,PG1038,KW10939,1244.36,Completed,2026-03-05 12:20:00
ORD100436,2026-06-05,UK,P1040,PG1207,KW10031,1163.38,Returned,2026-06-05 03:56:00
ORD100437,2025-10-13,AU,P1013,PG1396,KW10151,917.95,Returned,2025-10-13 07:40:00
ORD100438,2025-12-05,CA,P1007,PG1435,KW11325,1005.99,Completed,2025-12-05 21:52:00
ORD100439,2026-07-13,AU,P1005,PG1022,KW11882,309.73,Completed,2026-07-13 04:27:00
ORD100440,2026-05-18,AU,P1022,PG1440,KW11382,725.54,Pending,2026-05-18 04:32:00
ORD100441,2026-07-14,US,P1044,PG1299,KW11748,684.82,Completed,2026-07-14 23:01:00
ORD100442,2026-05-09,DE,P1026,PG1092,KW11817,793.94,Completed,2026-05-09 01:07:00
ORD100443,2025-10-18,IN,P1035,PG1171,KW10921,1166.47,Pending,2025-10-18 01:30:00
ORD100444,2026-08-13,US,P1021,PG1496,KW11371,825.78,Cancelled,2026-08-13 15:02:00
ORD100445,2025-12-27,BR,P1001,PG1180,KW11487,1280.16,Pending,2025-12-27 04:13:00
ORD100446,2026-07-07,AU,P1022,PG1163,KW10897,599.76,Pending,2026-07-07 23:58:00
ORD100447,2025-12-28,AU,P1048,PG1038,KW10284,656.82,Pending,2025-12-28 16:45:00
ORD100448,2026-08-23,JP,P1036,PG1094,KW10027,241.59,Completed,2026-08-23 08:48:00
ORD100449,2026-01-01,IN,P1035,PG1184,KW11030,518.66,Completed,2026-01-01 17:26:00
ORD100450,2026-09-29,DE,P1006,PG1158,KW11255,891.84,Cancelled,2026-09-29 06:38:00
ORD100451,2025-11-21,MX,P1008,PG1345,KW10228,1107.58,Completed,2025-11-21 16:43:00
ORD100452,2026-04-06,UK,P1034,PG1008,KW10136,704.11,Pending,2026-04-06 16:13:00
ORD100453,2026-06-13,IN,P1014,PG1316,KW10925,618.49,Completed,2026-06-13 10:42:00
ORD100454,2026-05-25,BR,P1024,PG1496,KW11875,1151.79,Completed,2026-05-25 14:41:00
ORD100455,2026-04-15,US,P1050,PG1038,KW11595,1160.46,Completed,2026-04-15 04:17:00
ORD100456,2026-09-20,US,P1008,PG1222,KW11915,355.37,Completed,2026-09-20 12:12:00
ORD100457,2026-01-13,UK,P1042,PG1117,KW10821,2571.57,Completed,2026-01-13 12:24:00
ORD100458,2026-04-25,BR,P1027,PG1477,KW11579,244.78,Completed,2026-04-25 07:54:00
ORD100459,2026-05-16,FR,P1048,PG1474,KW11203,933.4,Pending,2026-05-16 23:29:00
ORD100460,2026-05-11,IN,P1005,PG1357,KW10566,970.32,Pending,2026-05-11 06:35:00
ORD100461,2026-09-03,AU,P1045,PG1117,KW11740,1019.33,Completed,2026-09-03 21:12:00
ORD100462,2026-02-25,MX,P1005,PG1274,KW10858,843.31,Completed,2026-02-25 02:21:00
ORD100463,2026-01-27,UK,P1029,PG1296,KW10683,1934.91,Completed,2026-01-27 07:32:00
ORD100464,2026-05-22,BR,P1037,PG1343,KW10953,1520.07,Completed,2026-05-22 21:47:00
ORD100465,2026-02-01,FR,P1004,PG1076,KW10643,514.56,Cancelled,2026-02-01 08:41:00
ORD100466,2026-04-01,AU,P1003,PG1218,KW11644,1561.89,Completed,2026-04-01 00:16:00
ORD100467,2025-10-05,AU,P1045,PG1323,KW11504,1884.35,Completed,2025-10-05 04:27:00
ORD100468,2025-12-18,BR,P1005,PG1003,KW11173,1337.84,Pending,2025-12-18 17:46:00
ORD100469,2026-09-12,AU,P1006,PG1373,KW10142,515.84,Cancelled,2026-09-12 15:52:00
ORD100470,2026-03-27,MX,P1028,PG1224,KW10904,253.95,Completed,2026-03-27 14:46:00
ORD100471,2026-08-23,IN,P1011,PG1454,KW11587,681.9,Cancelled,2026-08-23 23:23:00
ORD100472,2026-03-04,JP,P1042,PG1328,KW11702,484.84,Cancelled,2026-03-04 18:30:00
ORD100473,2025-12-21,IN,P1022,PG1224,KW10468,493.98,Cancelled,2025-12-21 17:38:00
ORD100474,2026-02-03,AU,P1035,PG1233,KW10386,351.88,Returned,2026-02-03 22:59:00
ORD100475,2026-08-06,CA,P1007,PG1291,KW11333,1093.16,Completed,2026-08-06 20:53:00
ORD100476,2025-12-18,FR,P1043,PG1171,KW11625,474.18,Completed,2025-12-18 16:14:00
ORD100477,2026-03-08,IN,P1042,PG1433,KW10355,895.7,Completed,2026-03-08 17:04:00
ORD100478,2026-01-29,CA,P1016,PG1246,KW11405,1225.95,Completed,2026-01-29 13:41:00
ORD100479,2025-11-29,FR,P1032,PG1144,KW10973,1090.56,Returned,2025-11-29 11:04:00
ORD100480,2026-06-14,US,P1022,PG1145,KW11515,3151.45,Cancelled,2026-06-14 10:20:00
ORD100481,2026-09-27,UK,P1032,PG1423,KW11062,2753.67,Pending,2026-09-27 12:38:00
ORD100482,2025-12-28,US,P1011,PG1499,KW10022,859.38,Completed,2025-12-28 15:18:00
ORD100483,2026-01-16,UK,P1014,PG1402,KW11887,1111.63,Cancelled,2026-01-16 12:19:00
ORD100484,2025-11-24,FR,P1010,PG1443,KW10683,855.78,Pending,2025-11-24 01:36:00
ORD100485,2026-01-16,US,P1010,PG1003,KW11275,446.53,Completed,2026-01-16 21:28:00
ORD100486,2026-08-19,FR,P1001,PG1268,KW11019,636.17,Pending,2026-08-19 00:41:00
ORD100487,2025-11-15,US,P1049,PG1242,KW11130,1128.74,Cancelled,2025-11-15 04:53:00
ORD100488,2026-06-09,MX,P1014,PG1150,KW11785,840.6,Returned,2026-06-09 10:19:00
ORD100489,2026-04-12,MX,P1025,PG1496,KW11594,273.62,Completed,2026-04-12 12:33:00
ORD100490,2025-10-01,US,P1033,PG1140,KW11731,448.29,Completed,2025-10-01 00:33:00
ORD100491,2026-08-06,MX,P1026,PG1380,KW11061,878.06,Cancelled,2026-08-06 13:10:00
ORD100492,2026-09-01,DE,P1012,PG1277,KW11597,342.61,Cancelled,2026-09-01 14:05:00
ORD100493,2026-02-04,US,P1005,PG1366,KW11576,449.62,Completed,2026-02-04 21:09:00
ORD100494,2026-03-07,CA,P1037,PG1085,KW11494,1722.0,Pending,2026-03-07 10:38:00
ORD100495,2025-11-08,FR,P1026,PG1429,KW10793,1692.7,Completed,2025-11-08 02:41:00
ORD100496,2026-02-06,DE,P1005,PG1183,KW10492,2138.31,Pending,2026-02-06 02:42:00
ORD100497,2026-08-26,JP,P1020,PG1190,KW10103,439.0,Completed,2026-08-26 08:56:00
ORD100498,2025-10-09,DE,P1009,PG1389,KW11343,915.12,Completed,2025-10-09 01:52:00
ORD100499,2026-04-25,DE,P1024,PG1281,KW10083,393.27,Returned,2026-04-25 11:47:00
ORD100500,2026-07-14,BR,P1012,PG1153,KW10700,1770.86,Returned,2026-07-14 04:40:00
ORD100501,2025-12-31,US,P1042,PG1249,KW11564,-100.0,Completed,2025-12-31 21:57:00
ORD100502,2025-12-16,CA,P1017,PG1278,KW11875,1109.41,Completed,2025-12-16 10:16:00
ORD100503,2026-05-29,FR,P1021,PG1114,KW11008,680.56,Completed,2026-05-29 06:45:00
ORD100504,2025-12-11,AU,P1031,PG1311,KW10290,932.1,Completed,2025-12-11 00:49:00
ORD100505,2026-05-26,DE,P1038,PG1375,KW11252,1836.9,Completed,2026-05-26 01:57:00
ORD100506,2026-05-15,UK,P1014,PG1122,KW11676,1161.26,Returned,2026-05-15 08:07:00
ORD100507,2026-02-12,CA,P1021,PG1406,KW11110,594.89,Completed,2026-02-12 09:47:00
ORD100508,2026-06-22,UK,P1022,PG1349,KW11185,686.15,Completed,2026-06-22 09:52:00
ORD100509,2026-09-06,US,P1048,PG1440,KW10149,1188.31,Returned,2026-09-06 13:05:00
ORD100510,2026-01-14,DE,P1031,PG1398,KW10678,1469.65,Completed,2026-01-14 07:06:00
ORD100511,2026-05-29,UK,P1035,PG1334,KW10095,657.53,Cancelled,2026-05-29 21:53:00
ORD100512,2026-04-18,BR,P1023,PG1163,KW11327,418.99,Completed,2026-04-18 05:33:00
ORD100513,2026-05-31,IN,P1023,PG1341,KW11460,1201.7,Completed,2026-05-31 13:37:00
ORD100514,2025-10-31,JP,P1016,PG1119,KW10661,469.54,Pending,2025-10-31 08:35:00
ORD100515,2025-12-15,UK,P1050,PG1302,KW11740,647.66,Returned,2025-12-15 21:12:00
ORD100516,2026-01-15,JP,P1034,PG1490,KW11655,616.17,Completed,2026-01-15 08:35:00
ORD100517,2025-10-13,FR,P1020,PG1477,KW10224,1267.05,Returned,2025-10-13 20:14:00
ORD100518,2026-08-04,FR,P1046,PG1107,KW11475,1017.08,Completed,2026-08-04 16:55:00
ORD100519,2026-03-08,CA,P1031,PG1297,KW10721,650.23,Completed,2026-03-08 16:50:00
ORD100520,2026-03-17,MX,P1021,PG1265,KW11049,228.24,Cancelled,2026-03-17 07:19:00
ORD100521,2026-02-24,US,P1049,PG1143,KW10128,673.76,Returned,2026-02-24 23:03:00
ORD100522,2026-08-30,US,P1022,PG1032,KW10906,848.59,Returned,2026-08-30 21:39:00
ORD100523,2026-04-09,AU,P1005,PG1496,KW10082,1422.87,Returned,2026-04-09 09:16:00
ORD100524,2025-11-16,AU,P1046,PG1453,KW10276,613.57,Pending,2025-11-16 07:25:00
ORD100525,2026-04-03,JP,P1016,PG1030,KW10184,137.34,Completed,2026-04-03 09:09:00
ORD100526,2026-05-10,FR,P1028,PG1295,KW11006,526.26,Returned,2026-05-10 00:14:00
ORD100527,2026-04-13,UK,P1020,PG1220,KW10906,555.71,Cancelled,2026-04-13 16:38:00
ORD100528,2026-03-01,FR,P1045,PG1491,KW11015,1128.04,Completed,2026-03-01 21:15:00
ORD100529,2026-02-16,US,P1020,PG1057,KW10136,1901.44,Completed,2026-02-16 21:47:00
ORD100530,2025-10-23,IN,P1026,PG1471,KW11183,462.51,Pending,2025-10-23 20:40:00
ORD100531,2026-06-29,UK,P1044,PG1398,KW10047,779.2,Cancelled,2026-06-29 22:06:00
ORD100532,2026-05-04,US,P1031,PG1028,KW10996,863.64,Pending,2026-05-04 05:00:00
ORD100533,2025-12-20,DE,P1028,PG1351,KW10672,295.92,Cancelled,2025-12-20 22:02:00
ORD100534,2026-03-21,FR,P1006,PG1251,KW10848,628.81,Completed,2026-03-21 06:56:00
ORD100535,2025-12-15,MX,P1008,PG1292,KW11768,1298.59,Completed,2025-12-15 08:11:00
ORD100536,2026-03-19,BR,P1001,PG1404,KW11246,1579.01,Returned,2026-03-19 14:08:00
ORD100537,2026-08-11,UK,P1046,PG1376,KW10647,1170.24,Completed,2026-08-11 16:55:00
ORD100538,2026-05-15,CA,P1030,PG1225,KW11516,1067.55,Pending,2026-05-15 22:27:00
ORD100539,2026-07-14,FR,P1032,PG1307,KW10259,610.93,Completed,2026-07-14 13:55:00
ORD100540,2025-12-06,DE,P1012,PG1239,KW10266,367.6,Returned,2025-12-06 19:24:00
ORD100541,2025-10-04,JP,P1024,PG1335,KW10605,991.42,Completed,2025-10-04 00:08:00
ORD100542,2026-01-25,CA,P1041,PG1350,KW10631,385.93,Pending,2026-01-25 20:08:00
ORD100543,2026-02-06,MX,P1029,PG1428,KW11857,588.71,Completed,2026-02-06 16:47:00
ORD100544,2026-09-17,FR,P1009,PG1316,KW11675,1022.96,Returned,2026-09-17 20:56:00
ORD100545,2026-06-10,DE,P1007,PG1210,KW10988,548.17,Completed,2026-06-10 23:20:00
ORD100546,2026-01-20,AU,P1013,PG1109,KW10208,4329.73,Pending,2026-01-20 09:43:00
ORD100547,2025-10-19,MX,P1014,PG1299,KW10552,747.66,Completed,2025-10-19 16:26:00
ORD100548,2026-03-07,BR,P1010,PG1265,KW11007,1371.5,Cancelled,2026-03-07 19:25:00
ORD100549,2026-04-09,JP,P1032,PG1019,KW11409,644.06,Completed,2026-04-09 16:50:00
ORD100550,2026-07-31,JP,P1048,PG1282,KW10851,1237.84,Returned,2026-07-31 22:47:00
ORD100551,2026-05-13,JP,P1004,PG1093,KW10739,876.62,Completed,2026-05-13 13:25:00
ORD100552,2026-02-23,BR,P1025,PG1013,KW11923,769.17,Completed,2026-02-23 07:50:00
ORD100553,2026-08-02,UK,P1039,PG1436,KW11312,2566.77,Returned,2026-08-02 02:13:00
ORD100554,2025-12-21,US,P1039,PG1350,KW10918,635.39,Completed,2025-12-21 04:16:00
ORD100555,2025-10-26,CA,P1034,PG1104,KW11648,697.38,Pending,2025-10-26 09:34:00
ORD100556,2026-03-20,MX,P1050,PG1221,KW11224,417.51,Completed,2026-03-20 02:53:00
ORD100557,2025-10-09,CA,P1037,PG1416,KW10211,1058.75,Completed,2025-10-09 03:21:00
ORD100558,2026-08-26,JP,P1045,PG1265,KW10736,544.32,Completed,2026-08-26 14:24:00
ORD100559,2025-12-15,BR,P1010,PG1475,KW10403,788.71,Cancelled,2025-12-15 12:30:00
ORD100560,2026-01-28,BR,P1043,PG1361,KW11908,1342.11,Completed,2026-01-28 22:48:00
ORD100561,2026-01-31,AU,P1016,PG1282,KW11670,640.11,Completed,2026-01-31 13:51:00
ORD100562,2026-05-04,CA,P1045,PG1054,KW10144,1496.04,Cancelled,2026-05-04 04:51:00
ORD100563,2026-09-28,CA,P1043,PG1351,KW10333,1142.29,Completed,2026-09-28 04:01:00
ORD100564,2025-11-25,CA,P1045,PG1158,KW10977,2348.12,Completed,2025-11-25 07:20:00
ORD100565,2026-09-14,DE,P1021,PG1067,KW10829,856.91,Completed,2026-09-14 22:16:00
ORD100566,2026-05-01,US,P1034,PG1231,KW10760,408.45,Returned,2026-05-01 14:19:00
ORD100567,2026-06-16,IN,P1005,PG1470,KW11644,1044.32,Cancelled,2026-06-16 01:25:00
ORD100568,2026-01-05,FR,P1047,PG1484,KW11375,681.16,Completed,2026-01-05 22:30:00
ORD100569,2026-02-24,AU,P1027,PG1047,KW10023,962.92,Completed,2026-02-24 14:05:00
ORD100570,2026-05-19,CA,P1035,PG1458,KW11254,906.16,Completed,2026-05-19 03:20:00
ORD100571,2026-01-30,UK,P1027,PG1135,KW11915,2161.09,Completed,2026-01-30 02:31:00
ORD100572,2026-07-10,AU,P1032,PG1298,KW10697,853.88,Cancelled,2026-07-10 17:26:00
ORD100573,2025-12-14,MX,P1006,PG1281,KW11595,1925.98,Completed,2025-12-14 18:01:00
ORD100574,2025-11-01,JP,P1048,PG1048,KW10811,2470.35,Pending,2025-11-01 19:37:00
ORD100575,2026-05-11,IN,P1046,PG1254,KW10456,790.68,Completed,2026-05-11 19:57:00
ORD100576,2026-09-02,MX,P1014,PG1469,KW11163,1981.35,Completed,2026-09-02 06:26:00
ORD100577,2026-03-31,UK,P1029,PG1239,KW10262,1040.25,Completed,2026-03-31 15:36:00
ORD100578,2026-06-27,JP,P1045,PG1231,KW11611,927.22,Completed,2026-06-27 08:08:00
ORD100579,2026-07-02,MX,P1039,PG1104,KW10317,1333.43,Completed,2026-07-02 19:47:00
ORD100580,2026-03-25,CA,P1004,PG1490,KW10412,551.9,Returned,2026-03-25 14:36:00
ORD100581,2026-08-09,UK,P1022,PG1395,KW10845,1257.12,Completed,2026-08-09 08:14:00
ORD100582,2026-01-25,MX,P1013,PG1030,KW11083,853.99,Completed,2026-01-25 22:03:00
ORD100583,2025-11-04,US,P1046,PG1248,KW10864,1292.4,Completed,2025-11-04 23:35:00
ORD100584,2025-12-30,DE,P1022,PG1197,KW11542,569.69,Completed,2025-12-30 20:42:00
ORD100585,2026-07-17,US,P1050,PG1411,KW10934,608.62,Completed,2026-07-17 03:34:00
ORD100586,2025-12-24,US,P1025,PG1278,KW10825,805.49,Returned,2025-12-24 06:20:00
ORD100587,2025-12-16,AU,P1019,PG1384,KW11720,716.81,Returned,2025-12-16 07:19:00
ORD100588,2025-10-23,UK,P1044,PG1186,KW10545,1490.7,Completed,2025-10-23 08:44:00
ORD100589,2026-02-23,MX,P1010,PG1225,KW11907,1222.85,Completed,2026-02-23 21:18:00
ORD100590,2026-03-27,MX,P1044,PG1168,KW11212,2173.23,Returned,2026-03-27 19:06:00
ORD100591,2026-05-27,CA,P1026,PG1041,KW11923,273.88,Cancelled,2026-05-27 08:43:00
ORD100592,2026-05-01,CA,P1046,PG1025,KW11698,416.87,Cancelled,2026-05-01 22:25:00
ORD100593,2026-05-15,MX,P1023,PG1394,KW10946,911.82,Cancelled,2026-05-15 07:49:00
ORD100594,2026-05-14,MX,P1001,PG1375,KW10338,485.15,Completed,2026-05-14 06:09:00
ORD100595,2025-11-03,BR,P1013,PG1092,KW10766,1113.57,Completed,2025-11-03 04:48:00
ORD100596,2026-04-27,MX,P1005,PG1372,KW10847,1696.56,Returned,2026-04-27 10:00:00
ORD100597,2026-07-10,CA,P1029,PG1097,KW11575,723.39,Completed,2026-07-10 09:59:00
ORD100598,2026-06-02,UK,P1028,PG1156,KW11299,991.26,Completed,2026-06-02 01:21:00
ORD100599,2025-11-15,US,P1025,PG1425,KW11577,404.33,Completed,2025-11-15 18:18:00
ORD100600,2026-02-27,MX,P1035,PG1334,KW11957,946.17,Completed,2026-02-27 16:52:00
ORD100601,2026-07-27,AU,P1023,PG1002,KW11327,1291.02,Unknown,2026-07-27 01:47:00
ORD100602,2026-09-04,IN,P1015,PG1130,KW10317,2623.97,Completed,2026-09-04 09:37:00
ORD100603,2026-01-16,FR,P1036,PG1475,KW10127,395.39,Completed,2026-01-16 06:29:00
ORD100604,2025-10-25,IN,P1002,PG1481,KW10764,701.24,Completed,2025-10-25 03:41:00
ORD100605,2025-12-22,US,P1018,PG1418,KW10194,895.71,Completed,2025-12-22 17:13:00
ORD100606,2026-09-16,UK,P1048,PG1350,KW11686,1998.15,Completed,2026-09-16 09:10:00
ORD100607,2026-01-15,DE,P1037,PG1235,KW10254,531.56,Completed,2026-01-15 13:24:00
ORD100608,2026-01-01,IN,P1043,PG1414,KW10598,828.69,Returned,2026-01-01 02:30:00
ORD100609,2026-06-06,BR,P1040,PG1014,KW11984,450.33,Completed,2026-06-06 05:48:00
ORD100610,2026-06-25,US,P1006,PG1098,KW11171,1610.59,Completed,2026-06-25 17:27:00
ORD100611,2026-03-27,MX,P1043,PG1055,KW10658,477.9,Cancelled,2026-03-27 00:30:00
ORD100612,2026-03-13,JP,P1038,PG1155,KW11810,484.31,Completed,2026-03-13 02:25:00
ORD100613,2026-05-31,MX,P1016,PG1267,KW10872,873.06,Completed,2026-05-31 16:38:00
ORD100614,2026-01-01,JP,P1049,PG1175,KW10781,486.23,Completed,2026-01-01 19:46:00
ORD100615,2026-02-03,MX,P1024,PG1199,KW11941,922.18,Returned,2026-02-03 00:21:00
ORD100616,2025-10-03,BR,P1013,PG1023,KW11754,1041.04,Pending,2025-10-03 21:44:00
ORD100617,2026-07-26,UK,P1037,PG1206,KW10627,605.63,Completed,2026-07-26 02:50:00
ORD100618,2025-11-18,AU,P1047,PG1323,KW10283,1249.19,Pending,2025-11-18 08:49:00
ORD100619,2026-06-12,JP,P1032,PG1113,KW10655,961.24,Completed,2026-06-12 06:03:00
ORD100620,2026-07-24,CA,P1049,PG1045,KW10846,628.43,Returned,2026-07-24 19:20:00
ORD100621,2026-07-12,MX,P1016,PG1149,KW10596,1193.63,Completed,2026-07-12 09:33:00
ORD100622,2026-07-28,MX,P1019,PG1011,KW10200,1124.32,Returned,2026-07-28 17:27:00
ORD100623,2026-08-02,CA,P1006,PG1164,KW10444,1488.53,Completed,2026-08-02 00:34:00
ORD100624,2026-03-15,AU,P1033,PG1178,KW10007,1806.43,Cancelled,2026-03-15 11:36:00
ORD100625,2026-08-14,FR,P1050,PG1119,KW10084,1912.14,Completed,2026-08-14 09:47:00
ORD100626,2026-02-07,CA,P1026,PG1155,KW11762,915.42,Returned,2026-02-07 03:58:00
ORD100627,2026-04-06,US,P1022,PG1066,KW10091,412.87,Returned,2026-04-06 15:15:00
ORD100628,2026-08-16,FR,P1027,PG1334,KW10300,671.37,Cancelled,2026-08-16 06:11:00
ORD100629,2025-12-02,FR,P1004,PG1384,KW10968,472.81,Completed,2025-12-02 16:37:00
ORD100630,2026-05-20,DE,P1040,PG1057,KW10923,194.25,Completed,2026-05-20 04:21:00
ORD100631,2025-12-19,UK,P1042,PG1271,KW10577,1223.83,Pending,2025-12-19 07:41:00
ORD100632,2026-03-02,UK,P1029,PG1176,KW11915,167.05,Completed,2026-03-02 22:40:00
ORD100633,2026-01-29,AU,P1047,PG1313,KW10834,2101.74,Completed,2026-01-29 00:23:00
ORD100634,2025-10-13,US,P1031,PG1442,KW10278,569.61,Returned,2025-10-13 14:49:00
ORD100635,2026-02-04,US,P1044,PG1048,KW10748,877.88,Pending,2026-02-04 09:51:00
ORD100636,2026-08-22,AU,P1036,PG1064,KW11732,743.54,Returned,2026-08-22 20:21:00
ORD100637,2025-10-05,DE,P1050,PG1254,KW11415,746.23,Completed,2025-10-05 05:49:00
ORD100638,2025-10-20,IN,P1017,PG1360,KW11314,814.34,Completed,2025-10-20 16:23:00
ORD100639,2026-09-08,BR,P1035,PG1229,KW10932,1282.53,Returned,2026-09-08 04:07:00
ORD100640,2026-02-19,UK,P1035,PG1157,KW10570,933.98,Pending,2026-02-19 19:29:00
ORD100641,2026-05-03,FR,P1008,PG1319,KW11411,928.57,Cancelled,2026-05-03 05:46:00
ORD100642,2026-04-12,MX,P1010,PG1221,KW10911,2573.29,Returned,2026-04-12 15:33:00
ORD100643,2026-01-14,IN,P1026,PG1220,KW11781,1259.53,Returned,2026-01-14 10:38:00
ORD100644,2025-10-02,BR,P1047,PG1258,KW11716,1165.38,Cancelled,2025-10-02 01:35:00
ORD100645,2026-07-10,DE,P1048,PG1316,KW10572,353.15,Completed,2026-07-10 22:18:00
ORD100646,2026-08-25,UK,P1013,PG1389,KW11614,736.95,Completed,2026-08-25 00:26:00
ORD100647,2025-11-22,IN,P1002,PG1132,KW11459,887.03,Completed,2025-11-22 02:00:00
ORD100648,2026-05-06,FR,P1038,PG1207,KW11400,1042.13,Completed,2026-05-06 22:55:00
ORD100649,2025-10-28,IN,P1038,PG1379,KW10362,1021.27,Completed,2025-10-28 12:46:00
ORD100650,2026-09-14,IN,P1017,PG1230,KW10395,958.5,Completed,2026-09-14 05:00:00
ORD100651,2025-11-09,BR,P1037,PG1304,KW10490,912.85,Pending,2025-11-09 02:12:00
ORD100652,2025-10-17,JP,P1023,PG1093,KW11887,1021.4,Completed,2025-10-17 05:00:00
ORD100653,2025-10-22,UK,P1013,PG1097,KW11086,1385.11,Cancelled,2025-10-22 03:16:00
ORD100654,2026-01-24,MX,P1024,PG1414,KW11400,774.12,Completed,2026-01-24 19:18:00
ORD100655,2026-07-04,US,P1003,PG1078,KW11514,733.33,Completed,2026-07-04 18:24:00
ORD100656,2026-02-17,BR,P1003,PG1306,KW10866,429.64,Cancelled,2026-02-17 18:05:00
ORD100657,2026-06-11,DE,P1036,PG1210,KW10546,195.03,Completed,2026-06-11 00:23:00
ORD100658,2025-12-17,JP,P1012,PG1469,KW11446,1181.65,Completed,2025-12-17 03:56:00
ORD100659,2026-03-19,MX,P1004,PG1177,KW10237,1285.81,Returned,2026-03-19 22:28:00
ORD100660,2026-04-07,FR,P1002,PG1234,KW11291,898.22,Returned,2026-04-07 18:36:00
ORD100661,2026-09-05,CA,P1007,PG1112,KW11004,1851.44,Pending,2026-09-05 03:02:00
ORD100662,2025-12-15,DE,P1007,PG1495,KW11346,2340.99,Completed,2025-12-15 09:55:00
ORD100663,2026-06-03,CA,P1012,PG1500,KW10930,468.06,Returned,2026-06-03 16:36:00
ORD100664,2026-09-23,MX,P1027,PG1477,KW10203,717.75,Pending,2026-09-23 20:01:00
ORD100665,2026-09-17,US,P1009,PG1230,KW11518,571.81,Completed,2026-09-17 23:38:00
ORD100666,2026-04-23,IN,P1016,PG1436,KW11980,693.11,Completed,2026-04-23 10:23:00
ORD100667,2026-03-03,CA,P1027,PG1119,KW10055,2051.0,Completed,2026-03-03 18:58:00
ORD100668,2025-12-07,BR,P1002,PG1172,KW10525,745.55,Completed,2025-12-07 08:22:00
ORD100669,2025-11-27,UK,P1032,PG1139,KW11591,839.32,Returned,2025-11-27 04:43:00
ORD100670,2026-01-29,IN,P1039,PG1024,KW10940,1866.13,Completed,2026-01-29 09:37:00
ORD100671,2026-05-28,FR,P1009,PG1026,KW10027,541.38,Completed,2026-05-28 13:59:00
ORD100672,2025-10-18,DE,P1030,PG1136,KW10618,996.89,Returned,2025-10-18 03:06:00
ORD100673,2026-06-27,BR,P1040,PG1411,KW11260,682.47,Cancelled,2026-06-27 03:07:00
ORD100674,2025-12-13,IN,P1045,PG1374,KW10552,229.59,Completed,2025-12-13 06:22:00
ORD100675,2026-08-05,MX,P1033,PG1138,KW10788,480.47,Returned,2026-08-05 08:09:00
ORD100676,2026-02-09,JP,P1026,PG1165,KW10325,392.49,Completed,2026-02-09 10:29:00
ORD100677,2026-03-14,MX,P1009,PG1155,KW10593,757.27,Returned,2026-03-14 19:58:00
ORD100678,2026-06-25,JP,P1002,PG1031,KW10129,395.05,Returned,2026-06-25 01:28:00
ORD100679,2026-08-14,BR,P1015,PG1477,KW11177,475.19,Completed,2026-08-14 00:36:00
ORD100680,2025-11-09,AU,P1035,PG1437,KW11508,1726.81,Completed,2025-11-09 14:03:00
ORD100681,2025-11-25,IN,P1019,PG1207,KW10426,843.19,Returned,2025-11-25 22:51:00
ORD100682,2026-02-28,CA,P1010,PG1362,KW10838,876.95,Completed,2026-02-28 03:14:00
ORD100683,2026-05-27,UK,P1023,PG1493,KW11674,622.81,Returned,2026-05-27 22:15:00
ORD100684,2026-01-23,CA,P1001,PG1475,KW11982,1765.18,Returned,2026-01-23 09:06:00
ORD100685,2025-12-21,DE,P1036,PG1083,KW10670,3798.16,Cancelled,2025-12-21 08:52:00
ORD100686,2026-09-01,IN,P1037,PG1001,KW10562,387.44,Completed,2026-09-01 16:32:00
ORD100687,2026-04-03,BR,P1019,PG1429,KW10792,1580.19,Completed,2026-04-03 01:45:00
ORD100688,2025-11-24,FR,P1019,PG1171,KW11489,1216.53,Cancelled,2025-11-24 05:31:00
ORD100689,2026-05-25,MX,P1038,PG1130,KW11425,950.4,Cancelled,2026-05-25 07:16:00
ORD100690,2025-10-02,BR,P1009,PG1344,KW10105,454.99,Completed,2025-10-02 12:38:00
ORD100691,2026-05-21,AU,P1044,PG1107,KW10665,407.87,Completed,2026-05-21 19:21:00
ORD100692,2025-11-16,FR,P1003,PG1141,KW11663,1073.87,Returned,2025-11-16 03:49:00
ORD100693,2026-06-05,IN,P1033,PG1010,KW11499,993.75,Completed,2026-06-05 23:51:00
ORD100694,2025-10-23,JP,P1031,PG1423,KW11185,472.99,Completed,2025-10-23 20:33:00
ORD100695,2026-02-23,IN,P1005,PG1405,KW11634,1811.93,Completed,2026-02-23 10:02:00
ORD100696,2026-09-14,UK,P1014,PG1356,KW11167,2275.5,Pending,2026-09-14 04:10:00
ORD100697,2026-06-20,JP,P1041,PG1281,KW10391,1552.75,Cancelled,2026-06-20 21:24:00
ORD100698,2026-01-27,CA,P1012,PG1155,KW10564,550.16,Cancelled,2026-01-27 11:22:00
ORD100699,2026-01-16,CA,P1005,PG1448,KW11418,601.77,Completed,2026-01-16 12:33:00
ORD100700,2025-12-10,DE,P1018,PG1398,KW10219,824.26,Cancelled,2025-12-10 13:15:00
ORD100701,2026-02-16,AU,P1031,PG1433,KW10319,957.42,Completed,2026-02-16 22:55:00
ORD100702,2026-02-26,BR,P1041,PG1466,KW10656,643.9,Cancelled,2026-02-26 08:05:00
ORD100703,2026-04-14,MX,P1022,PG1417,KW11389,1386.64,Completed,2026-04-14 12:36:00
ORD100704,2025-11-02,CA,P1037,PG1373,KW11354,805.19,Pending,2025-11-02 17:19:00
ORD100705,2026-04-21,MX,P1022,PG1286,KW10318,1277.49,Completed,2026-04-21 01:48:00
ORD100706,2025-12-26,UK,P1040,PG1113,KW11555,1689.77,Returned,2025-12-26 14:13:00
ORD100707,2026-04-13,FR,P1041,PG1192,KW11446,1004.91,Completed,2026-04-13 01:18:00
ORD100708,2025-10-20,AU,P1050,PG1042,KW11553,1066.85,Pending,2025-10-20 10:40:00
ORD100709,2026-05-04,IN,P1040,PG1455,KW10624,337.9,Pending,2026-05-04 09:45:00
ORD100710,2026-05-31,JP,P1027,PG1016,KW11911,632.66,Completed,2026-05-31 01:43:00
ORD100711,2026-04-14,MX,P1004,PG1217,KW10691,1327.38,Completed,2026-04-14 10:46:00
ORD100712,2025-10-11,US,P1007,PG1192,KW11055,875.23,Completed,2025-10-11 16:02:00
ORD100713,2026-03-13,IN,P1050,PG1259,KW11521,303.53,Pending,2026-03-13 14:55:00
ORD100714,2026-04-07,FR,P1046,PG1475,KW10520,517.88,Pending,2026-04-07 01:06:00
ORD100715,2026-05-29,US,P1041,PG1268,KW10532,333.35,Cancelled,2026-05-29 14:46:00
ORD100716,2026-03-30,DE,P1038,PG1061,KW10243,584.31,Completed,2026-03-30 01:35:00
ORD100717,2026-02-27,UK,P1014,PG1267,KW10590,1445.6,Cancelled,2026-02-27 10:55:00
ORD100718,2026-07-13,JP,P1019,PG1018,KW10466,360.1,Returned,2026-07-13 04:27:00
ORD100719,2025-12-11,US,P1020,PG1219,KW11117,2536.29,Completed,2025-12-11 09:59:00
ORD100720,2026-05-08,IN,P1017,PG1015,KW10310,704.23,Cancelled,2026-05-08 04:33:00
ORD100721,2026-09-22,DE,P1023,PG1154,KW11289,523.74,Completed,2026-09-22 21:38:00
ORD100722,2025-10-04,IN,P1027,PG1334,KW10850,415.82,Completed,2025-10-04 01:50:00
ORD100723,2026-06-14,US,P1004,PG1375,KW11764,1187.89,Cancelled,2026-06-14 09:48:00
ORD100724,2026-03-11,DE,P1050,PG1321,KW11371,386.59,Completed,2026-03-11 00:42:00
ORD100725,2025-12-02,US,P1043,PG1228,KW11147,612.79,Cancelled,2025-12-02 10:44:00
ORD100726,2026-06-22,JP,P1018,PG1425,KW10910,184.51,Pending,2026-06-22 18:24:00
ORD100727,2026-02-18,AU,P1046,PG1225,KW11018,893.13,Completed,2026-02-18 01:06:00
ORD100728,2026-03-20,JP,P1012,PG1370,KW10673,705.03,Completed,2026-03-20 14:59:00
ORD100729,2025-12-12,UK,P1042,PG1359,KW10640,366.59,Pending,2025-12-12 17:39:00
ORD100730,2025-11-05,CA,P1034,PG1362,KW10822,679.85,Completed,2025-11-05 11:38:00
ORD100731,2026-04-12,FR,P1037,PG1089,KW10331,693.55,Completed,2026-04-12 00:14:00
ORD100732,2026-02-24,US,P1028,PG1278,KW10464,937.82,Returned,2026-02-24 15:04:00
ORD100733,2026-06-14,IN,P1026,PG1380,KW11375,1778.07,Cancelled,2026-06-14 02:50:00
ORD100734,2026-06-25,BR,P1014,PG1090,KW10516,1231.94,Completed,2026-06-25 17:46:00
ORD100735,2026-09-11,JP,P1050,PG1090,KW11048,2114.73,Completed,2026-09-11 16:34:00
ORD100736,2026-02-25,DE,P1003,PG1277,KW10709,339.67,Completed,2026-02-25 17:38:00
ORD100737,2026-05-04,AU,P1041,PG1427,KW11472,575.8,Completed,2026-05-04 14:17:00
ORD100738,2026-01-04,JP,P1049,PG1372,KW10492,377.0,Completed,2026-01-04 13:34:00
ORD100739,2026-01-17,UK,P1044,PG1446,KW11744,744.74,Cancelled,2026-01-17 14:26:00
ORD100740,2025-11-08,UK,P1034,PG1108,KW10445,289.74,Returned,2025-11-08 17:26:00
ORD100741,2025-11-06,IN,P1003,PG1348,KW11972,715.67,Returned,2025-11-06 09:12:00
ORD100742,2026-01-26,FR,P1018,PG1214,KW11113,2651.93,Cancelled,2026-01-26 12:44:00
ORD100743,2026-03-10,AU,P1049,PG1264,KW11944,560.08,Completed,2026-03-10 01:59:00
ORD100744,2026-01-08,DE,P1032,PG1376,KW11881,776.87,Completed,2026-01-08 06:45:00
ORD100745,2026-07-20,FR,P1012,PG1090,KW10950,511.34,Cancelled,2026-07-20 16:11:00
ORD100746,2026-05-28,BR,P1044,PG1371,KW11834,677.04,Completed,2026-05-28 07:06:00
ORD100747,2026-08-15,DE,P1046,PG1447,KW11043,1444.37,Completed,2026-08-15 03:58:00
ORD100748,2026-08-09,JP,P1038,PG1240,KW10325,1746.81,Completed,2026-08-09 13:33:00
ORD100749,2026-03-24,DE,P1018,PG1249,KW10822,1663.68,Completed,2026-03-24 13:48:00
ORD100750,2025-12-23,AU,P1026,PG1193,KW10713,890.07,Completed,2025-12-23 00:21:00
ORD100751,2025-11-06,CA,P1012,PG1388,KW11169,647.13,Completed,2025-11-06 02:35:00
ORD100752,2026-08-15,DE,P1044,PG1196,KW11271,1289.69,Completed,2026-08-15 16:39:00
ORD100753,2026-06-17,FR,P1038,PG1088,KW10612,1252.88,Completed,2026-06-17 20:10:00
ORD100754,2026-09-23,UK,P1002,PG1094,KW11910,1064.01,Pending,2026-09-23 04:59:00
ORD100755,2025-11-22,CA,P1050,PG1252,KW10194,686.6,Cancelled,2025-11-22 20:56:00
ORD100756,2026-02-12,DE,P1011,PG1133,KW11473,868.83,Completed,2026-02-12 12:19:00
ORD100757,2026-03-27,FR,P1027,PG1039,KW10532,469.72,Completed,2026-03-27 22:16:00
ORD100758,2026-05-10,AU,P1043,PG1471,KW10173,895.2,Cancelled,2026-05-10 17:02:00
ORD100759,2026-06-29,AU,P1029,PG1229,KW11234,519.61,Returned,2026-06-29 16:40:00
ORD100760,2025-12-25,JP,P1036,PG1443,KW11266,667.96,Completed,2025-12-25 08:19:00
ORD100761,2025-10-13,FR,P1041,PG1270,KW10950,468.06,Completed,2025-10-13 05:41:00
ORD100762,2025-10-15,US,P1043,PG1466,KW10385,918.1,Completed,2025-10-15 12:46:00
ORD100763,2026-08-29,AU,P1035,PG1119,KW11337,1444.28,Completed,2026-08-29 11:48:00
ORD100764,2026-09-12,US,P1021,PG1258,KW10273,1067.87,Completed,2026-09-12 02:59:00
ORD100765,2025-12-08,BR,P1048,PG1068,KW10147,1907.76,Returned,2025-12-08 18:30:00
ORD100766,2026-05-26,CA,P1023,PG1093,KW11207,671.33,Returned,2026-05-26 02:16:00
ORD100767,2026-01-21,MX,P1041,PG1198,KW11860,1520.85,Cancelled,2026-01-21 20:14:00
ORD100768,2026-08-03,AU,P1020,PG1025,KW10558,1037.69,Returned,2026-08-03 06:18:00
ORD100769,2026-08-20,AU,P1004,PG1489,KW11204,2469.11,Cancelled,2026-08-20 17:19:00
ORD100770,2026-01-22,JP,P1041,PG1416,KW11463,580.76,Returned,2026-01-22 04:59:00
ORD100771,2026-07-16,UK,P1014,PG1222,KW10510,644.3,Completed,2026-07-16 06:43:00
ORD100772,2026-04-30,MX,P1037,PG1065,KW11801,613.17,Pending,2026-04-30 07:03:00
ORD100773,2025-10-06,US,P1025,PG1407,KW10237,861.68,Cancelled,2025-10-06 20:35:00
ORD100774,2025-10-31,DE,P1017,PG1099,KW10763,3312.0,Completed,2025-10-31 14:52:00
ORD100775,2025-10-31,US,P1018,PG1087,KW11364,760.77,Completed,2025-10-31 14:20:00
ORD100776,2025-12-31,CA,P1040,PG1229,KW11271,424.49,Completed,2025-12-31 14:33:00
ORD100777,2026-03-11,US,P1047,PG1287,KW10154,558.51,Pending,2026-03-11 13:04:00
ORD100778,2025-10-15,IN,P1040,PG1051,KW11588,456.25,Cancelled,2025-10-15 05:05:00
ORD100779,2026-01-26,DE,P1021,PG1032,KW11172,883.78,Completed,2026-01-26 19:38:00
ORD100780,2026-08-24,CA,P1011,PG1238,KW11203,1442.78,Completed,2026-08-24 23:31:00
ORD100781,2026-06-26,DE,P1050,PG1044,KW10873,539.1,Completed,2026-06-26 15:34:00
ORD100782,2026-04-29,FR,P1029,PG1040,KW11926,1355.67,Pending,2026-04-29 09:46:00
ORD100783,2026-05-08,US,P1047,PG1324,KW11271,746.18,Completed,2026-05-08 15:20:00
ORD100784,2025-12-08,IN,P1002,PG1280,KW10144,801.29,Returned,2025-12-08 02:35:00
ORD100785,2026-04-20,UK,P1038,PG1429,KW10472,1097.05,Completed,2026-04-20 19:58:00
ORD100786,2026-01-17,UK,P1004,PG1303,KW10872,1091.75,Completed,2026-01-17 13:45:00
ORD100787,2026-07-21,BR,P1041,PG1242,KW11238,637.44,Cancelled,2026-07-21 08:58:00
ORD100788,2026-04-20,AU,P1043,PG1356,KW11206,507.21,Completed,2026-04-20 09:29:00
ORD100789,2026-01-17,MX,P1003,PG1445,KW10653,2024.84,Completed,2026-01-17 01:48:00
ORD100790,2026-06-13,FR,P1045,PG1203,KW11928,1122.33,Returned,2026-06-13 23:12:00
ORD100791,2026-07-20,AU,P1017,PG1347,KW11653,709.46,Completed,2026-07-20 16:01:00
ORD100792,2026-09-12,FR,P1050,PG1025,KW10650,661.55,Returned,2026-09-12 11:45:00
ORD100793,2025-10-05,FR,P1009,PG1209,KW10854,1922.49,Completed,2025-10-05 13:09:00
ORD100794,2025-10-09,CA,P1026,PG1488,KW11743,1293.26,Completed,2025-10-09 21:34:00
ORD100795,2026-01-20,FR,P1027,PG1175,KW10375,1453.2,Pending,2026-01-20 21:19:00
ORD100796,2026-04-28,CA,P1033,PG1199,KW11882,607.77,Cancelled,2026-04-28 06:34:00
ORD100797,2026-04-12,IN,P1038,PG1248,KW11762,474.19,Completed,2026-04-12 17:13:00
ORD100798,2026-08-05,DE,P1048,PG1305,KW11075,482.12,Completed,2026-08-05 07:26:00
ORD100799,2026-07-21,US,P1012,PG1161,KW10309,2637.79,Cancelled,2026-07-21 01:14:00
ORD100800,2025-10-19,JP,P1046,PG1065,KW11050,819.88,Cancelled,2025-10-19 22:54:00
ORD100801,2026-01-03,UK,P1022,PG1024,KW11676,489.64,Completed,2026-01-03 00:36:00
ORD100802,2026-06-11,MX,P1028,PG1431,KW10353,583.78,Pending,2026-06-11 04:27:00
ORD100803,2025-11-19,UK,P1034,PG1072,KW10801,504.17,Completed,2025-11-19 18:05:00
ORD100804,2026-07-17,BR,P1036,PG1399,KW10211,488.66,Pending,2026-07-17 05:21:00
ORD100805,2025-11-09,UK,P1026,PG1436,KW11647,1141.25,Completed,2025-11-09 06:06:00
ORD100806,2025-10-19,JP,P1040,PG1086,KW10083,1156.25,Completed,2025-10-19 17:49:00
ORD100807,2025-12-15,JP,P1026,PG1208,KW10821,425.54,Completed,2025-12-15 19:58:00
ORD100808,2026-03-12,MX,P1001,PG1282,KW10871,542.65,Pending,2026-03-12 08:09:00
ORD100809,2026-08-28,CA,P1021,PG1114,KW10283,1439.32,Completed,2026-08-28 11:03:00
ORD100810,2026-03-01,IN,P1017,PG1220,KW11440,709.38,Returned,2026-03-01 19:51:00
ORD100811,2026-01-13,JP,P1047,PG1293,KW11274,721.69,Returned,2026-01-13 08:48:00
ORD100812,2026-08-08,MX,P1043,PG1475,KW10041,373.51,Completed,2026-08-08 09:10:00
ORD100813,2026-03-26,FR,P1039,PG1073,KW11326,1292.08,Completed,2026-03-26 00:31:00
ORD100814,2026-04-15,MX,P1025,PG1078,KW10428,678.33,Completed,2026-04-15 17:57:00
ORD100815,2026-02-28,UK,P1028,PG1248,KW11578,715.38,Completed,2026-02-28 19:26:00
ORD100816,2026-09-30,JP,P1027,PG1074,KW11050,2223.38,Cancelled,2026-09-30 11:09:00
ORD100817,2026-04-13,DE,P1049,PG1439,KW11928,1151.37,Completed,2026-04-13 22:37:00
ORD100818,2026-09-19,FR,P1005,PG1208,KW11240,560.81,Pending,2026-09-19 10:06:00
ORD100819,2026-07-11,BR,P1011,PG1017,KW11280,682.95,Completed,2026-07-11 21:17:00
ORD100820,2026-02-24,IN,P1013,PG1082,KW11828,1562.99,Cancelled,2026-02-24 22:27:00
ORD100821,2026-05-30,US,P1033,PG1168,KW11842,3150.1,Completed,2026-05-30 06:25:00
ORD100822,2025-10-29,UK,P1015,PG1398,KW10533,516.75,Cancelled,2025-10-29 21:18:00
ORD100823,2025-11-26,CA,P1048,PG1175,KW11065,467.08,Returned,2025-11-26 17:55:00
ORD100824,2026-07-06,UK,P1036,PG1300,KW11788,401.73,Cancelled,2026-07-06 20:50:00
ORD100825,2026-08-25,JP,P1038,PG1459,KW10842,489.34,Pending,2026-08-25 15:42:00
ORD100826,2026-04-01,CA,P1035,PG1479,KW11871,251.83,Pending,2026-04-01 02:01:00
ORD100827,2026-06-30,US,P1001,PG1391,KW10133,925.29,Cancelled,2026-06-30 11:06:00
ORD100828,2026-06-11,FR,P1002,PG1168,KW11676,1745.52,Returned,2026-06-11 21:36:00
ORD100829,2026-05-03,CA,P1043,PG1348,KW10058,674.55,Completed,2026-05-03 20:10:00
ORD100830,2026-08-10,IN,P1017,PG1462,KW11451,799.75,Completed,2026-08-10 11:23:00
ORD100831,2025-11-04,IN,P1037,PG1352,KW11368,813.45,Pending,2025-11-04 07:26:00
ORD100832,2026-07-11,DE,P1032,PG1037,KW11519,902.62,Completed,2026-07-11 02:05:00
ORD100833,2026-06-16,MX,P1044,PG1186,KW10894,591.43,Completed,2026-06-16 09:45:00
ORD100834,2025-11-09,AU,P1007,PG1018,KW11649,1287.63,Completed,2025-11-09 12:42:00
ORD100835,2026-05-26,MX,P1038,PG1014,KW11588,470.91,Pending,2026-05-26 17:49:00
ORD100836,2026-05-09,US,P1041,PG1204,KW11331,336.06,Returned,2026-05-09 07:49:00
ORD100837,2026-03-15,UK,P1027,PG1163,KW10413,1154.16,Returned,2026-03-15 02:12:00
ORD100838,2026-03-20,AU,P1050,PG1228,KW11635,1305.5,Pending,2026-03-20 04:06:00
ORD100839,2026-05-11,FR,P1037,PG1271,KW10312,555.64,Completed,2026-05-11 01:29:00
ORD100840,2025-12-26,FR,P1026,PG1228,KW11638,599.75,Returned,2025-12-26 19:46:00
ORD100841,2026-08-29,AU,P1048,PG1480,KW10724,1147.08,Pending,2026-08-29 11:20:00
ORD100842,2025-12-15,BR,P1001,PG1118,KW11453,751.27,Completed,2025-12-15 11:20:00
ORD100843,2026-02-14,DE,P1015,PG1180,KW11574,978.55,Returned,2026-02-14 09:45:00
ORD100844,2025-12-13,DE,P1028,PG1464,KW11778,722.68,Completed,2025-12-13 04:49:00
ORD100845,2026-09-30,DE,P1012,PG1088,KW10343,438.78,Completed,2026-09-30 09:07:00
ORD100846,2026-06-01,DE,P1006,PG1147,KW10579,1305.45,Completed,2026-06-01 06:40:00
ORD100847,2026-03-25,IN,P1046,PG1165,KW11272,1409.37,Returned,2026-03-25 23:15:00
ORD100848,2026-07-27,AU,P1046,PG1425,KW10969,1513.34,Completed,2026-07-27 08:01:00
ORD100849,2026-09-11,FR,P1015,PG1270,KW10593,367.91,Pending,2026-09-11 02:48:00
ORD100850,2026-01-28,AU,P1024,PG1340,KW10659,774.32,Completed,2026-01-28 01:17:00
ORD100851,2026-02-16,AU,P1027,PG1052,KW10390,538.76,Completed,2026-02-16 01:05:00
ORD100852,2026-06-18,DE,P1038,PG1203,KW11769,682.46,Cancelled,2026-06-18 11:53:00
ORD100853,2026-09-29,AU,P1017,PG1410,KW10199,357.84,Pending,2026-09-29 14:52:00
ORD100854,2026-02-19,AU,P1006,PG1241,KW10677,614.62,Completed,2026-02-19 06:12:00
ORD100855,2026-04-22,JP,P1020,PG1019,KW11707,415.33,Cancelled,2026-04-22 00:47:00
ORD100856,2026-08-17,IN,P1018,PG1199,KW10941,1096.45,Pending,2026-08-17 23:26:00
ORD100857,2026-09-04,UK,P1042,PG1202,KW10476,341.81,Completed,2026-09-04 04:08:00
ORD100858,2025-10-08,IN,P1016,PG1133,KW10564,1532.71,Completed,2025-10-08 04:44:00
ORD100859,2026-01-10,MX,P1003,PG1331,KW11897,538.94,Completed,2026-01-10 07:39:00
ORD100860,2026-08-12,JP,P1033,PG1220,KW10924,1082.14,Completed,2026-08-12 16:07:00
ORD100861,2026-06-14,US,P1031,PG1312,KW11864,577.21,Pending,2026-06-14 07:17:00
ORD100862,2026-05-28,UK,P1028,PG1205,KW10023,621.67,Completed,2026-05-28 04:28:00
ORD100863,2026-01-24,IN,P1011,PG1045,KW10014,138.15,Cancelled,2026-01-24 05:55:00
ORD100864,2026-05-03,JP,P1042,PG1134,KW11802,472.36,Pending,2026-05-03 08:19:00
ORD100865,2026-02-19,BR,P1020,PG1398,KW11029,1347.88,Completed,2026-02-19 00:55:00
ORD100866,2026-07-24,AU,P1030,PG1431,KW10082,452.65,Pending,2026-07-24 08:25:00
ORD100867,2026-07-06,BR,P1015,PG1434,KW11533,935.68,Completed,2026-07-06 05:37:00
ORD100868,2025-10-01,MX,P1020,PG1249,KW10683,755.03,Completed,2025-10-01 17:59:00
ORD100869,2025-12-21,CA,P1039,PG1401,KW10675,769.39,Completed,2025-12-21 02:38:00
ORD100870,2026-08-20,IN,P1032,PG1449,KW11511,717.92,Completed,2026-08-20 07:34:00
ORD100871,2026-07-26,UK,P1004,PG1480,KW10541,420.72,Cancelled,2026-07-26 01:59:00
ORD100872,2026-04-07,IN,P1003,PG1307,KW11772,818.31,Pending,2026-04-07 07:49:00
ORD100873,2026-07-01,JP,P1021,PG1455,KW11705,1542.09,Cancelled,2026-07-01 17:50:00
ORD100874,2026-08-16,DE,P1044,PG1449,KW11122,553.91,Cancelled,2026-08-16 21:06:00
ORD100875,2026-06-14,AU,P1026,PG1135,KW10146,1166.11,Pending,2026-06-14 12:50:00
ORD100876,2025-12-31,CA,P1049,PG1231,KW11277,637.43,Cancelled,2025-12-31 11:11:00
ORD100877,2026-08-19,JP,P1036,PG1109,KW10927,564.34,Cancelled,2026-08-19 10:01:00
ORD100878,2026-05-14,US,P1011,PG1365,KW10457,682.8,Cancelled,2026-05-14 23:38:00
ORD100879,2026-01-31,FR,P1027,PG1162,KW11234,1355.18,Cancelled,2026-01-31 19:42:00
ORD100880,2025-12-07,CA,P1040,PG1182,KW11438,1696.29,Completed,2025-12-07 07:19:00
ORD100881,2025-12-11,BR,P1047,PG1296,KW10110,547.53,Completed,2025-12-11 19:36:00
ORD100882,2026-08-28,IN,P1022,PG1059,KW10474,409.98,Completed,2026-08-28 18:39:00
ORD100883,2026-04-25,CA,P1044,PG1434,KW10221,346.05,Completed,2026-04-25 09:58:00
ORD100884,2026-06-18,FR,P1020,PG1192,KW10588,1283.7,Returned,2026-06-18 19:24:00
ORD100885,2026-08-22,UK,P1004,PG1057,KW11232,1014.14,Returned,2026-08-22 07:06:00
ORD100886,2026-06-19,MX,P1032,PG1257,KW10285,1253.46,Pending,2026-06-19 14:16:00
ORD100887,2026-05-01,BR,P1048,PG1065,KW11211,559.37,Pending,2026-05-01 22:48:00
ORD100888,2026-05-22,US,P1003,PG1173,KW10131,688.93,Returned,2026-05-22 12:24:00
ORD100889,2025-11-13,BR,P1042,PG1177,KW10326,628.22,Pending,2025-11-13 10:13:00
ORD100890,2025-10-08,US,P1015,PG1323,KW10802,852.83,Completed,2025-10-08 19:54:00
ORD100891,2026-03-19,DE,P1019,PG1266,KW10229,539.06,Returned,2026-03-19 02:49:00
ORD100892,2026-01-19,MX,P1031,PG1466,KW11104,880.01,Completed,2026-01-19 18:23:00
ORD100893,2025-10-09,US,P1041,PG1123,KW11927,1269.79,Completed,2025-10-09 02:09:00
ORD100894,2025-12-06,FR,P1001,PG1234,KW11394,593.29,Completed,2025-12-06 05:22:00
ORD100895,2025-10-10,IN,P1012,PG1004,KW10923,525.0,Completed,2025-10-10 00:31:00
ORD100896,2026-04-05,FR,P1041,PG1129,KW10445,1312.66,Returned,2026-04-05 10:16:00
ORD100897,2025-10-21,JP,P1014,PG1147,KW10388,737.99,Completed,2025-10-21 05:58:00
ORD100898,2026-06-25,IN,P1028,PG1436,KW11948,2420.37,Pending,2026-06-25 01:37:00
ORD100899,2026-07-14,MX,P1033,PG1015,KW10446,960.16,Completed,2026-07-14 09:48:00
ORD100900,2026-08-30,CA,P1013,PG1327,KW11763,1385.14,Cancelled,2026-08-30 17:17:00
ORD100901,2025-10-19,JP,P1021,PG1061,KW11884,2099.24,Returned,2025-10-19 03:37:00
ORD100902,2026-08-08,US,P1006,PG1310,KW10048,606.11,Returned,2026-08-08 03:18:00
ORD100903,2026-08-05,IN,P1005,PG1013,KW11606,465.9,Pending,2026-08-05 11:44:00
ORD100904,2025-12-19,IN,P1030,PG1261,KW11915,723.02,Pending,2025-12-19 14:48:00
ORD100905,2025-11-01,CA,P1044,PG1117,KW10062,1065.11,Completed,2025-11-01 13:43:00
ORD100906,2026-06-04,CA,P1003,PG1005,KW10842,1067.05,Completed,2026-06-04 00:47:00
ORD100907,2026-09-06,JP,P1013,PG1328,KW10373,469.61,Pending,2026-09-06 20:21:00
ORD100908,2026-04-18,IN,P1049,PG1361,KW10360,556.81,Completed,2026-04-18 05:33:00
ORD100909,2025-12-26,US,P1048,PG1100,KW11448,213.01,Returned,2025-12-26 18:29:00
ORD100910,2025-12-04,UK,P1014,PG1477,KW11288,887.85,Completed,2025-12-04 10:00:00
ORD100911,2026-05-16,FR,P1037,PG1212,KW11936,186.12,Completed,2026-05-16 18:17:00
ORD100912,2025-12-22,DE,P1041,PG1472,KW11833,759.71,Completed,2025-12-22 09:34:00
ORD100913,2026-08-31,US,P1026,PG1054,KW10302,273.68,Completed,2026-08-31 11:26:00
ORD100914,2026-04-27,BR,P1033,PG1268,KW11868,856.47,Returned,2026-04-27 04:32:00
ORD100915,2026-01-01,AU,P1004,PG1032,KW11767,1066.54,Completed,2026-01-01 14:03:00
ORD100916,2026-07-20,AU,P1041,PG1303,KW10374,1113.81,Completed,2026-07-20 15:48:00
ORD100917,2026-06-07,JP,P1024,PG1102,KW10911,980.96,Completed,2026-06-07 11:21:00
ORD100918,2026-06-28,BR,P1014,PG1058,KW11699,792.24,Completed,2026-06-28 21:31:00
ORD100919,2026-07-30,CA,P1022,PG1074,KW10916,1114.91,Completed,2026-07-30 15:02:00
ORD100920,2025-10-20,FR,P1018,PG1306,KW11228,1585.6,Cancelled,2025-10-20 10:35:00
ORD100921,2026-07-29,UK,P1048,PG1341,KW11654,1253.2,Completed,2026-07-29 14:25:00
ORD100922,2026-03-13,AU,P1014,PG1091,KW11654,1714.58,Cancelled,2026-03-13 23:00:00
ORD100923,2025-11-14,BR,P1043,PG1380,KW11135,1507.29,Returned,2025-11-14 06:17:00
ORD100924,2026-09-11,CA,P1039,PG1454,KW10352,1553.64,Completed,2026-09-11 07:49:00
ORD100925,2025-10-09,JP,P1043,PG1308,KW10992,464.92,Pending,2025-10-09 03:51:00
ORD100926,2026-03-16,CA,P1030,PG1068,KW10848,736.8,Completed,2026-03-16 06:13:00
ORD100927,2025-12-14,MX,P1004,PG1163,KW11143,657.94,Pending,2025-12-14 19:34:00
ORD100928,2026-04-17,IN,P1042,PG1088,KW10292,564.18,Completed,2026-04-17 00:48:00
ORD100929,2026-08-24,US,P1031,PG1084,KW11629,1069.55,Completed,2026-08-24 11:32:00
ORD100930,2026-03-28,JP,P1020,PG1108,KW11835,2591.17,Cancelled,2026-03-28 06:57:00
ORD100931,2026-06-22,FR,P1041,PG1386,KW10081,877.85,Completed,2026-06-22 13:13:00
ORD100932,2026-02-09,JP,P1043,PG1459,KW10716,3764.56,Completed,2026-02-09 13:48:00
ORD100933,2026-08-25,AU,P1020,PG1273,KW10341,995.38,Cancelled,2026-08-25 03:05:00
ORD100934,2026-05-01,MX,P1038,PG1300,KW11569,616.99,Completed,2026-05-01 07:44:00
ORD100935,2026-03-07,DE,P1050,PG1497,KW10426,995.29,Completed,2026-03-07 13:00:00
ORD100936,2026-08-11,US,P1011,PG1468,KW10596,583.22,Completed,2026-08-11 19:42:00
ORD100937,2026-09-09,BR,P1008,PG1013,KW11758,2545.82,Returned,2026-09-09 04:28:00
ORD100938,2026-01-03,CA,P1019,PG1284,KW11096,540.62,Cancelled,2026-01-03 21:43:00
ORD100939,2026-05-16,US,P1027,PG1359,KW10500,437.38,Completed,2026-05-16 01:55:00
ORD100940,2026-06-12,UK,P1005,PG1499,KW10947,411.07,Completed,2026-06-12 12:23:00
ORD100941,2025-10-24,IN,P1033,PG1017,KW10121,583.06,Cancelled,2025-10-24 05:39:00
ORD100942,2026-06-15,FR,P1044,PG1042,KW10916,400.25,Cancelled,2026-06-15 17:48:00
ORD100943,2025-10-03,IN,P1007,PG1260,KW11319,1197.6,Completed,2025-10-03 14:36:00
ORD100944,2025-11-23,DE,P1007,PG1256,KW10798,943.74,Returned,2025-11-23 04:37:00
ORD100945,2026-06-28,FR,P1007,PG1356,KW10024,1159.94,Completed,2026-06-28 15:39:00
ORD100946,2026-06-29,IN,P1048,PG1018,KW11775,1561.58,Cancelled,2026-06-29 17:48:00
ORD100947,2025-11-23,FR,P1011,PG1078,KW11636,471.95,Pending,2025-11-23 15:50:00
ORD100948,2026-07-31,MX,P1002,PG1301,KW10763,906.6,Completed,2026-07-31 21:32:00
ORD100949,2026-05-21,AU,P1046,PG1139,KW10536,1813.25,Completed,2026-05-21 18:35:00
ORD100950,2026-06-21,UK,P1007,PG1333,KW11227,924.92,Completed,2026-06-21 07:14:00
ORD100951,2026-02-17,JP,P1018,PG1014,KW11316,1203.21,Returned,2026-02-17 03:27:00
ORD100952,2026-03-21,AU,P1041,PG1062,KW11799,890.12,Cancelled,2026-03-21 06:14:00
ORD100953,2025-11-25,IN,P1013,PG1478,KW11408,622.51,Completed,2025-11-25 11:25:00
ORD100954,2025-11-07,FR,P1031,PG1150,KW10393,441.84,Completed,2025-11-07 05:44:00
ORD100955,2026-09-26,MX,P1020,PG1234,KW10659,3351.54,Completed,2026-09-26 02:32:00
ORD100956,2026-02-17,AU,P1015,PG1159,KW11017,1534.33,Completed,2026-02-17 08:55:00
ORD100957,2025-10-29,JP,P1046,PG1308,KW10524,486.6,Pending,2025-10-29 02:34:00
ORD100958,2025-11-19,FR,P1019,PG1015,KW11862,2181.08,Completed,2025-11-19 16:17:00
ORD100959,2026-07-28,DE,P1048,PG1185,KW10378,431.17,Cancelled,2026-07-28 02:34:00
ORD100960,2026-09-01,DE,P1030,PG1085,KW10882,687.25,Cancelled,2026-09-01 19:36:00
ORD100961,2026-08-30,CA,P1030,PG1367,KW11632,291.73,Returned,2026-08-30 08:10:00
ORD100962,2026-09-18,UK,P1027,PG1201,KW10214,574.83,Returned,2026-09-18 13:13:00
ORD100963,2025-10-18,DE,P1035,PG1090,KW10503,669.99,Completed,2025-10-18 01:41:00
ORD100964,2025-10-06,UK,P1033,PG1002,KW10915,595.3,Completed,2025-10-06 03:44:00
ORD100965,2026-03-22,JP,P1021,PG1169,KW11432,665.23,Completed,2026-03-22 07:26:00
ORD100966,2025-10-30,MX,P1048,PG1143,KW10399,428.87,Completed,2025-10-30 01:42:00
ORD100967,2026-07-03,DE,P1049,PG1299,KW11478,986.05,Cancelled,2026-07-03 18:10:00
ORD100968,2026-05-27,FR,P1015,PG1062,KW11976,629.24,Pending,2026-05-27 23:44:00
ORD100969,2026-04-14,FR,P1041,PG1259,KW10023,1119.46,Returned,2026-04-14 04:31:00
ORD100970,2025-11-02,MX,P1002,PG1020,KW10827,2358.15,Cancelled,2025-11-02 02:43:00
ORD100971,2025-10-25,CA,P1044,PG1423,KW10028,824.59,Completed,2025-10-25 04:16:00
ORD100972,2025-11-11,AU,P1007,PG1035,KW10213,1329.6,Completed,2025-11-11 17:36:00
ORD100973,2025-11-07,JP,P1010,PG1250,KW10761,1660.36,Cancelled,2025-11-07 01:35:00
ORD100974,2026-05-24,US,P1004,PG1299,KW11012,584.75,Cancelled,2026-05-24 10:31:00
ORD100975,2026-04-24,AU,P1039,PG1179,KW11892,1035.02,Pending,2026-04-24 18:22:00
ORD100976,2026-01-08,UK,P1015,PG1494,KW10804,666.26,Completed,2026-01-08 09:20:00
ORD100977,2026-09-02,MX,P1048,PG1271,KW10027,1056.7,Completed,2026-09-02 04:20:00
ORD100978,2026-05-16,UK,P1028,PG1424,KW11769,583.11,Completed,2026-05-16 05:11:00
ORD100979,2025-12-30,DE,P1049,PG1174,KW11923,999.03,Pending,2025-12-30 01:12:00
ORD100980,2026-05-24,FR,P1018,PG1102,KW10728,737.68,Completed,2026-05-24 05:46:00
ORD100981,2026-08-06,FR,P1039,PG1074,KW10410,387.55,Completed,2026-08-06 07:11:00
ORD100982,2026-07-23,IN,P1048,PG1462,KW11902,1537.54,Pending,2026-07-23 11:52:00
ORD100983,2025-12-26,FR,P1017,PG1149,KW10565,548.96,Pending,2025-12-26 08:20:00
ORD100984,2026-08-26,CA,P1008,PG1156,KW10427,661.68,Returned,2026-08-26 07:59:00
ORD100985,2026-02-07,BR,P1008,PG1244,KW10135,1422.36,Completed,2026-02-07 21:52:00
ORD100986,2026-08-07,CA,P1042,PG1482,KW11472,2197.12,Cancelled,2026-08-07 10:50:00
ORD100987,2025-10-24,IN,P1025,PG1138,KW10198,475.44,Returned,2025-10-24 23:46:00
ORD100988,2026-08-16,BR,P1033,PG1069,KW10319,2133.06,Cancelled,2026-08-16 22:06:00
ORD100989,2026-01-13,FR,P1010,PG1273,KW11137,1972.92,Completed,2026-01-13 10:56:00
ORD100990,2026-07-22,UK,P1031,PG1347,KW10990,1119.16,Completed,2026-07-22 13:44:00
ORD100991,2025-11-15,BR,P1026,PG1225,KW11841,465.8,Completed,2025-11-15 22:37:00
ORD100992,2025-11-24,US,P1020,PG1212,KW10586,543.8,Completed,2025-11-24 16:32:00
ORD100993,2026-07-01,IN,P1014,PG1388,KW11553,1420.46,Returned,2026-07-01 14:32:00
ORD100994,2026-09-15,IN,P1039,PG1139,KW10983,274.8,Completed,2026-09-15 05:23:00
ORD100995,2025-11-09,UK,P1018,PG1401,KW11809,1196.41,Pending,2025-11-09 08:44:00
ORD100996,2026-04-24,FR,P1009,PG1500,KW10754,405.03,Completed,2026-04-24 15:43:00
ORD100997,2026-03-15,DE,P1007,PG1265,KW11895,303.62,Returned,2026-03-15 23:47:00
ORD100998,2026-08-22,CA,P1012,PG1186,KW10737,674.78,Pending,2026-08-22 06:51:00
ORD100999,2026-04-01,JP,P1025,PG1078,KW10056,1155.27,Completed,2026-04-01 00:20:00
ORD101000,2026-05-02,CA,P1007,PG1414,KW11611,603.45,Pending,2026-05-02 12:13:00
ORD101001,2026-04-29,AU,P1023,PG1119,KW10896,952.94,Completed,2026-04-29 03:51:00
ORD101002,2026-02-01,JP,P1032,PG1381,KW11340,272.54,Pending,2026-02-01 03:39:00
ORD101003,2026-01-03,US,P1005,PG1453,KW10488,1015.41,Completed,2026-01-03 07:44:00
ORD101004,2026-02-28,BR,P1008,PG1224,KW10107,579.96,Pending,2026-02-28 06:28:00
ORD101005,2025-11-22,IN,P1022,PG1080,KW11772,174.18,Completed,2025-11-22 04:46:00
ORD101006,2026-06-20,US,P1016,PG1292,KW10271,1901.4,Completed,2026-06-20 08:54:00
ORD101007,2025-11-20,CA,P1037,PG1193,KW10342,575.54,Returned,2025-11-20 13:33:00
ORD101008,2025-10-10,BR,P1032,PG1289,KW10724,226.58,Returned,2025-10-10 17:32:00
ORD101009,2026-05-28,UK,P1001,PG1216,KW11854,1826.4,Completed,2026-05-28 08:33:00
ORD101010,2026-01-03,UK,P1002,PG1100,KW10109,543.25,Returned,2026-01-03 10:08:00
ORD101011,2026-03-31,AU,P1018,PG1033,KW11079,1638.29,Completed,2026-03-31 02:26:00
ORD101012,2026-08-03,US,P1048,PG1452,KW10491,229.04,Completed,2026-08-03 06:02:00
ORD101013,2026-04-08,BR,P1023,PG1232,KW10960,1115.5,Cancelled,2026-04-08 07:20:00
ORD101014,2026-03-26,CA,P1034,PG1149,KW10281,1102.54,Completed,2026-03-26 05:09:00
ORD101015,2025-10-07,JP,P1022,PG1463,KW11406,449.42,Completed,2025-10-07 10:34:00
ORD101016,2026-01-04,DE,P1023,PG1376,KW11794,683.26,Pending,2026-01-04 15:35:00
ORD101017,2026-09-17,DE,P1005,PG1106,KW10067,380.75,Completed,2026-09-17 15:26:00
ORD101018,2026-03-05,JP,P1016,PG1356,KW11744,662.66,Completed,2026-03-05 21:59:00
ORD101019,2025-10-19,DE,P1008,PG1451,KW10103,1090.83,Completed,2025-10-19 02:19:00
ORD101020,2026-01-05,JP,P1012,PG1228,KW11488,804.07,Completed,2026-01-05 22:09:00
ORD101021,2026-09-13,FR,P1024,PG1388,KW11264,319.2,Completed,2026-09-13 17:07:00
ORD101022,2026-08-12,UK,P1045,PG1304,KW10662,455.12,Completed,2026-08-12 04:34:00
ORD101023,2026-01-07,JP,P1004,PG1464,KW11234,1803.06,Pending,2026-01-07 14:10:00
ORD101024,2026-05-06,MX,P1041,PG1209,KW11877,1292.27,Completed,2026-05-06 04:28:00
ORD101025,2026-09-15,MX,P1027,PG1060,KW10356,1063.65,Returned,2026-09-15 02:31:00
ORD101026,2026-09-21,IN,P1049,PG1172,KW10529,1588.85,Completed,2026-09-21 03:11:00
ORD101027,2026-08-20,FR,P1034,PG1269,KW11598,567.83,Returned,2026-08-20 10:56:00
ORD101028,2026-02-07,BR,P1003,PG1290,KW11545,1224.85,Returned,2026-02-07 18:56:00
ORD101029,2026-04-02,IN,P1029,PG1133,KW11533,559.15,Completed,2026-04-02 23:48:00
ORD101030,2026-06-12,FR,P1041,PG1050,KW10698,3213.06,Completed,2026-06-12 18:15:00
ORD101031,2026-09-11,IN,P1017,PG1170,KW10468,591.63,Returned,2026-09-11 10:17:00
ORD101032,2026-02-27,UK,P1044,PG1403,KW11545,1160.23,Completed,2026-02-27 08:53:00
ORD101033,2025-12-26,DE,P1049,PG1370,KW10883,1278.2,Completed,2025-12-26 19:59:00
ORD101034,2026-05-21,UK,P1028,PG1312,KW11522,990.11,Returned,2026-05-21 06:41:00
ORD101035,2026-06-05,IN,P1022,PG1467,KW10411,437.89,Pending,2026-06-05 12:24:00
ORD101036,2026-05-27,CA,P1010,PG1250,KW10794,1042.23,Returned,2026-05-27 02:48:00
ORD101037,2026-01-16,AU,P1008,PG1482,KW10490,638.52,Cancelled,2026-01-16 09:54:00
ORD101038,2026-05-19,JP,P1018,PG1041,KW11322,1502.81,Completed,2026-05-19 13:40:00
ORD101039,2025-10-10,CA,P1046,PG1172,KW10217,1119.34,Completed,2025-10-10 03:58:00
ORD101040,2025-12-15,MX,P1015,PG1058,KW10881,849.67,Returned,2025-12-15 16:13:00
ORD101041,2025-12-23,FR,P1026,PG1368,KW10998,325.0,Completed,2025-12-23 06:26:00
ORD101042,2026-03-28,JP,P1037,PG1195,KW11626,408.52,Pending,2026-03-28 12:10:00
ORD101043,2026-04-16,AU,P1005,PG1223,KW10971,919.93,Cancelled,2026-04-16 08:57:00
ORD101044,2026-06-11,UK,P1034,PG1196,KW10912,1545.93,Completed,2026-06-11 21:57:00
ORD101045,2026-04-18,US,P1047,PG1360,KW11115,375.22,Cancelled,2026-04-18 10:31:00
ORD101046,2025-10-05,FR,P1021,PG1120,KW10331,295.08,Completed,2025-10-05 07:32:00
ORD101047,2026-06-02,US,P1005,PG1383,KW11181,517.13,Completed,2026-06-02 13:15:00
ORD101048,2026-04-13,FR,P1042,PG1182,KW10642,242.93,Cancelled,2026-04-13 04:13:00
ORD101049,2025-10-20,DE,P1012,PG1321,KW11292,522.45,Returned,2025-10-20 11:51:00
ORD101050,2026-02-01,MX,P1022,PG1289,KW11065,1010.69,Cancelled,2026-02-01 21:03:00
ORD101051,2026-03-06,MX,P1025,PG1470,KW10833,2161.18,Completed,2026-03-06 03:46:00
ORD101052,2026-01-17,DE,P1049,PG1474,KW11464,2698.46,Completed,2026-01-17 09:13:00
ORD101053,2026-05-09,CA,P1018,PG1016,KW10496,792.52,Completed,2026-05-09 13:44:00
ORD101054,2026-08-08,CA,P1043,PG1078,KW11178,1214.02,Cancelled,2026-08-08 19:03:00
ORD101055,2025-10-31,CA,P1015,PG1417,KW11214,435.15,Returned,2025-10-31 12:01:00
ORD101056,2026-01-12,US,P1043,PG1200,KW11371,1465.14,Completed,2026-01-12 17:24:00
ORD101057,2026-05-25,UK,P1041,PG1310,KW11331,846.41,Completed,2026-05-25 01:04:00
ORD101058,2025-10-10,US,P1026,PG1091,KW11020,261.16,Completed,2025-10-10 23:02:00
ORD101059,2025-12-25,BR,P1039,PG1270,KW11399,1675.63,Completed,2025-12-25 06:39:00
ORD101060,2026-07-20,AU,P1038,PG1225,KW10213,737.13,Pending,2026-07-20 10:48:00
ORD101061,2026-01-18,US,P1022,PG1135,KW11578,471.46,Returned,2026-01-18 12:15:00
ORD101062,2026-05-07,JP,P1016,PG1011,KW10495,943.36,Cancelled,2026-05-07 21:54:00
ORD101063,2026-06-10,FR,P1014,PG1347,KW10029,787.46,Completed,2026-06-10 08:10:00
ORD101064,2026-08-05,BR,P1012,PG1370,KW11235,876.69,Returned,2026-08-05 17:15:00
ORD101065,2026-02-20,BR,P1023,PG1313,KW11589,796.31,Completed,2026-02-20 06:10:00
ORD101066,2026-02-27,BR,P1023,PG1357,KW11515,476.79,Returned,2026-02-27 01:50:00
ORD101067,2026-06-07,AU,P1013,PG1290,KW10587,931.7,Completed,2026-06-07 06:57:00
ORD101068,2026-07-31,US,P1026,PG1227,KW10669,550.44,Completed,2026-07-31 03:27:00
ORD101069,2026-07-11,CA,P1014,PG1011,KW10231,273.17,Pending,2026-07-11 21:06:00
ORD101070,2026-05-25,JP,P1044,PG1207,KW10088,497.2,Cancelled,2026-05-25 07:36:00
ORD101071,2026-08-12,MX,P1035,PG1270,KW10404,507.07,Completed,2026-08-12 14:03:00
ORD101072,2026-06-15,JP,P1049,PG1159,KW10065,1628.74,Returned,2026-06-15 07:40:00
ORD101073,2026-09-30,BR,P1009,PG1396,KW11539,544.25,Cancelled,2026-09-30 22:10:00
ORD101074,2026-01-27,BR,P1004,PG1487,KW11322,746.83,Completed,2026-01-27 23:31:00
ORD101075,2025-11-17,JP,P1012,PG1384,KW11702,607.73,Completed,2025-11-17 20:55:00
ORD101076,2026-07-06,AU,P1004,PG1111,KW10908,333.96,Cancelled,2026-07-06 18:28:00
ORD101077,2026-02-14,FR,P1037,PG1120,KW11693,580.16,Pending,2026-02-14 03:22:00
ORD101078,2026-06-03,IN,P1011,PG1057,KW11730,231.01,Completed,2026-06-03 22:50:00
ORD101079,2026-03-10,MX,P1011,PG1451,KW11086,695.43,Pending,2026-03-10 09:47:00
ORD101080,2026-02-11,BR,P1049,PG1255,KW11154,487.98,Completed,2026-02-11 19:35:00
ORD101081,2025-11-06,JP,P1024,PG1159,KW11117,1303.8,Completed,2025-11-06 06:21:00
ORD101082,2026-08-25,US,P1015,PG1072,KW11070,1588.27,Cancelled,2026-08-25 15:12:00
ORD101083,2026-04-22,BR,P1034,PG1212,KW11190,384.36,Completed,2026-04-22 08:23:00
ORD101084,2025-12-20,AU,P1017,PG1358,KW10160,786.3,Cancelled,2025-12-20 21:55:00
ORD101085,2026-07-26,US,P1003,PG1358,KW10013,477.34,Completed,2026-07-26 22:12:00
ORD101086,2026-03-23,IN,P1034,PG1189,KW11191,889.3,Completed,2026-03-23 04:02:00
ORD101087,2026-09-22,MX,P1017,PG1380,KW10658,1113.51,Completed,2026-09-22 20:19:00
ORD101088,2026-05-15,FR,P1008,PG1445,KW10555,304.29,Completed,2026-05-15 18:50:00
ORD101089,2025-10-16,DE,P1012,PG1079,KW11992,714.94,Completed,2025-10-16 18:52:00
ORD101090,2026-02-12,UK,P1002,PG1399,KW11847,1094.03,Completed,2026-02-12 22:07:00
ORD101091,2025-10-03,AU,P1021,PG1465,KW10795,989.19,Completed,2025-10-03 02:22:00
ORD101092,2026-01-09,DE,P1026,PG1258,KW11307,960.86,Cancelled,2026-01-09 20:58:00
ORD101093,2026-08-29,BR,P1021,PG1174,KW10306,988.26,Pending,2026-08-29 07:33:00
ORD101094,2026-01-15,UK,P1024,PG1256,KW11345,399.6,Cancelled,2026-01-15 17:21:00
ORD101095,2026-08-23,US,P1002,PG1461,KW11678,546.04,Completed,2026-08-23 04:27:00
ORD101096,2026-03-03,DE,P1049,PG1253,KW11142,773.85,Returned,2026-03-03 12:55:00
ORD101097,2026-03-30,IN,P1035,PG1356,KW10962,422.82,Cancelled,2026-03-30 04:13:00
ORD101098,2026-01-29,AU,P1010,PG1471,KW10877,955.32,Completed,2026-01-29 12:06:00
ORD101099,2025-12-26,AU,P1008,PG1360,KW10802,1117.35,Completed,2025-12-26 18:02:00
ORD101100,2026-07-30,MX,P1027,PG1241,KW11508,965.07,Pending,2026-07-30 14:33:00
ORD101101,2026-01-04,IN,P1033,PG1135,KW11348,1199.36,Pending,2026-01-04 06:53:00
ORD101102,2025-10-10,BR,P1045,PG1412,KW11784,219.13,Completed,2025-10-10 09:52:00
ORD101103,2026-01-20,JP,P1021,PG1180,KW11805,691.24,Completed,2026-01-20 14:30:00
ORD101104,2026-02-12,IN,P1009,PG1466,KW11386,430.09,Cancelled,2026-02-12 22:07:00
ORD101105,2026-08-22,UK,P1050,PG1312,KW11117,790.3,Completed,2026-08-22 04:50:00
ORD101106,2026-02-17,IN,P1033,PG1307,KW11200,651.64,Completed,2026-02-17 23:53:00
ORD101107,2026-08-28,FR,P1048,PG1254,KW10752,1448.95,Returned,2026-08-28 21:45:00
ORD101108,2026-04-10,IN,P1020,PG1479,KW10340,216.18,Cancelled,2026-04-10 17:41:00
ORD101109,2026-04-14,AU,P1029,PG1374,KW11087,932.0,Cancelled,2026-04-14 16:25:00
ORD101110,2026-08-21,FR,P1039,PG1317,KW11963,331.98,Returned,2026-08-21 06:05:00
ORD101111,2026-01-21,IN,P1003,PG1443,KW10400,283.29,Returned,2026-01-21 14:38:00
ORD101112,2026-01-26,FR,P1041,PG1373,KW11866,611.81,Completed,2026-01-26 12:58:00
ORD101113,2026-08-22,US,P1036,PG1276,KW10914,850.43,Completed,2026-08-22 09:08:00
ORD101114,2025-10-05,BR,P1014,PG1211,KW10380,2017.2,Completed,2025-10-05 12:37:00
ORD101115,2026-09-26,MX,P1043,PG1379,KW11697,895.8,Cancelled,2026-09-26 05:18:00
ORD101116,2026-04-03,US,P1040,PG1248,KW10505,1076.52,Cancelled,2026-04-03 13:48:00
ORD101117,2026-04-15,UK,P1048,PG1449,KW11984,892.92,Completed,2026-04-15 06:38:00
ORD101118,2026-07-06,JP,P1024,PG1224,KW10909,697.59,Cancelled,2026-07-06 19:16:00
ORD101119,2025-12-06,DE,P1026,PG1448,KW10323,266.75,Pending,2025-12-06 16:44:00
ORD101120,2026-09-17,US,P1027,PG1349,KW11360,2081.6,Completed,2026-09-17 13:05:00
ORD101121,2026-06-10,AU,P1042,PG1222,KW11083,387.61,Completed,2026-06-10 10:37:00
ORD101122,2025-11-05,CA,P1008,PG1106,KW10405,982.63,Completed,2025-11-05 20:15:00
ORD101123,2025-11-13,FR,P1032,PG1067,KW11490,1084.87,Pending,2025-11-13 23:12:00
ORD101124,2025-11-03,MX,P1034,PG1143,KW11411,371.26,Completed,2025-11-03 05:08:00
ORD101125,2026-06-20,BR,P1040,PG1310,KW11151,1222.23,Returned,2026-06-20 01:00:00
ORD101126,2026-01-17,US,P1021,PG1232,KW10116,650.48,Completed,2026-01-17 13:05:00
ORD101127,2026-04-10,US,P1021,PG1269,KW11189,1076.1,Completed,2026-04-10 11:40:00
ORD101128,2025-10-20,MX,P1036,PG1304,KW11471,289.83,Completed,2025-10-20 00:48:00
ORD101129,2026-01-23,DE,P1024,PG1353,KW11110,1370.95,Completed,2026-01-23 20:30:00
ORD101130,2025-12-03,JP,P1046,PG1328,KW11173,371.04,Pending,2025-12-03 23:45:00
ORD101131,2026-05-01,JP,P1032,PG1366,KW11872,628.32,Cancelled,2026-05-01 18:02:00
ORD101132,2026-05-25,JP,P1043,PG1095,KW11553,374.4,Completed,2026-05-25 22:37:00
ORD101133,2025-10-01,FR,P1012,PG1199,KW11404,535.51,Returned,2025-10-01 07:14:00
ORD101134,2025-12-30,IN,P1001,PG1236,KW10387,482.01,Returned,2025-12-30 19:23:00
ORD101135,2025-11-23,JP,P1027,PG1128,KW10182,320.9,Cancelled,2025-11-23 08:17:00
ORD101136,2026-05-29,UK,P1010,PG1046,KW10114,1490.13,Returned,2026-05-29 22:43:00
ORD101137,2026-07-19,UK,P1009,PG1384,KW11634,446.92,Completed,2026-07-19 03:00:00
ORD101138,2026-09-14,US,P1050,PG1132,KW11160,732.98,Cancelled,2026-09-14 15:38:00
ORD101139,2026-06-10,FR,P1050,PG1202,KW10290,1592.54,Completed,2026-06-10 22:30:00
ORD101140,2026-05-30,AU,P1032,PG1327,KW10768,301.36,Completed,2026-05-30 00:39:00
ORD101141,2026-03-25,CA,P1027,PG1327,KW11116,1021.0,Completed,2026-03-25 16:28:00
ORD101142,2025-10-01,JP,P1027,PG1360,KW10386,316.82,Returned,2025-10-01 03:29:00
ORD101143,2026-01-08,MX,P1035,PG1037,KW11232,1209.68,Completed,2026-01-08 00:09:00
ORD101144,2025-10-16,BR,P1036,PG1313,KW10424,823.63,Returned,2025-10-16 16:16:00
ORD101145,2026-02-01,JP,P1021,PG1205,KW10154,1034.82,Returned,2026-02-01 22:13:00
ORD101146,2026-06-08,US,P1044,PG1243,KW10630,296.29,Completed,2026-06-08 04:42:00
ORD101147,2026-01-28,JP,P1035,PG1079,KW11437,1557.44,Completed,2026-01-28 07:23:00
ORD101148,2026-07-22,FR,P1002,PG1129,KW11869,313.38,Completed,2026-07-22 19:51:00
ORD101149,2026-04-19,AU,P1001,PG1153,KW10811,516.62,Cancelled,2026-04-19 17:39:00
ORD101150,2026-09-27,AU,P1004,PG1276,KW11447,793.18,Returned,2026-09-27 22:28:00
ORD101151,2026-07-23,BR,P1025,PG1166,KW10819,472.13,Completed,2026-07-23 11:22:00
ORD101152,2025-11-23,UK,P1014,PG1086,KW10207,2666.98,Completed,2025-11-23 07:01:00
ORD101153,2026-09-04,UK,P1033,PG1162,KW11338,776.69,Completed,2026-09-04 09:22:00
ORD101154,2026-01-12,JP,P1021,PG1093,KW11081,892.88,Pending,2026-01-12 07:06:00
ORD101155,2026-03-17,BR,P1011,PG1134,KW11105,476.38,Cancelled,2026-03-17 22:29:00
ORD101156,2026-06-17,US,P1036,PG1426,KW11386,742.87,Completed,2026-06-17 07:41:00
ORD101157,2026-03-31,CA,P1048,PG1414,KW10478,849.72,Returned,2026-03-31 22:38:00
ORD101158,2025-10-03,UK,P1024,PG1204,KW11348,1840.78,Returned,2025-10-03 16:22:00
ORD101159,2026-03-16,CA,P1042,PG1384,KW11127,1058.52,Completed,2026-03-16 14:17:00
ORD101160,2026-03-28,FR,P1026,PG1049,KW11422,848.09,Cancelled,2026-03-28 14:56:00
ORD101161,2026-09-25,US,P1014,PG1255,KW11437,1863.82,Pending,2026-09-25 18:33:00
ORD101162,2026-07-28,MX,P1016,PG1310,KW11160,517.35,Pending,2026-07-28 16:46:00
ORD101163,2026-05-26,US,P1033,PG1052,KW10081,299.85,Completed,2026-05-26 06:17:00
ORD101164,2026-04-19,JP,P1028,PG1458,KW10096,801.35,Returned,2026-04-19 20:57:00
ORD101165,2025-12-26,BR,P1039,PG1354,KW10418,626.21,Completed,2025-12-26 10:07:00
ORD101166,2026-01-07,IN,P1016,PG1309,KW10093,1270.92,Returned,2026-01-07 22:42:00
ORD101167,2026-03-18,MX,P1012,PG1491,KW11542,1801.51,Returned,2026-03-18 20:11:00
ORD101168,2026-06-27,JP,P1021,PG1176,KW10595,729.89,Cancelled,2026-06-27 16:38:00
ORD101169,2025-11-20,BR,P1031,PG1309,KW10854,1177.03,Completed,2025-11-20 08:29:00
ORD101170,2026-03-18,IN,P1010,PG1005,KW10800,1004.86,Completed,2026-03-18 10:30:00
ORD101171,2026-02-23,AU,P1007,PG1184,KW10063,853.02,Completed,2026-02-23 09:05:00
ORD101172,2026-03-03,US,P1003,PG1023,KW11615,646.1,Returned,2026-03-03 21:43:00
ORD101173,2025-10-10,CA,P1036,PG1494,KW11638,2665.65,Completed,2025-10-10 00:14:00
ORD101174,2025-12-09,IN,P1006,PG1192,KW11914,1067.43,Pending,2025-12-09 03:13:00
ORD101175,2026-01-06,DE,P1016,PG1428,KW11450,567.3,Completed,2026-01-06 18:55:00
ORD101176,2026-07-01,BR,P1045,PG1045,KW10232,631.5,Cancelled,2026-07-01 05:40:00
ORD101177,2026-06-22,UK,P1041,PG1123,KW10484,400.64,Returned,2026-06-22 21:11:00
ORD101178,2026-08-19,UK,P1036,PG1039,KW10345,1426.02,Completed,2026-08-19 22:31:00
ORD101179,2026-03-19,MX,P1040,PG1304,KW10053,247.44,Completed,2026-03-19 16:52:00
ORD101180,2026-02-15,JP,P1035,PG1111,KW10293,1915.23,Completed,2026-02-15 07:50:00
ORD101181,2026-09-13,AU,P1023,PG1092,KW10950,1402.1,Cancelled,2026-09-13 01:34:00
ORD101182,2026-08-23,UK,P1032,PG1349,KW10369,739.42,Returned,2026-08-23 09:22:00
ORD101183,2026-05-03,UK,P1034,PG1469,KW10467,627.88,Completed,2026-05-03 04:49:00
ORD101184,2026-01-29,FR,P1004,PG1127,KW11833,1898.28,Completed,2026-01-29 03:54:00
ORD101185,2025-12-25,JP,P1042,PG1117,KW11123,181.54,Completed,2025-12-25 20:32:00
ORD101186,2026-08-25,JP,P1024,PG1051,KW10427,801.7,Completed,2026-08-25 14:31:00
ORD101187,2026-07-24,MX,P1032,PG1250,KW10714,823.03,Completed,2026-07-24 12:20:00
ORD101188,2026-09-07,FR,P1024,PG1366,KW11124,576.09,Returned,2026-09-07 08:13:00
ORD101189,2026-06-13,CA,P1029,PG1202,KW11046,1046.63,Completed,2026-06-13 09:11:00
ORD101190,2026-07-24,AU,P1005,PG1361,KW11524,664.58,Returned,2026-07-24 07:31:00
ORD101191,2026-03-20,BR,P1038,PG1117,KW10109,585.1,Cancelled,2026-03-20 16:15:00
ORD101192,2026-01-10,AU,P1031,PG1224,KW11014,1375.42,Returned,2026-01-10 23:36:00
ORD101193,2026-07-17,AU,P1050,PG1268,KW11973,877.6,Returned,2026-07-17 17:29:00
ORD101194,2026-05-04,AU,P1044,PG1304,KW10454,1700.67,Cancelled,2026-05-04 23:25:00
ORD101195,2026-02-07,UK,P1043,PG1365,KW11875,595.48,Cancelled,2026-02-07 13:50:00
ORD101196,2026-05-07,FR,P1007,PG1342,KW10597,456.0,Pending,2026-05-07 00:51:00
ORD101197,2026-07-07,BR,P1003,PG1338,KW11627,1224.14,Pending,2026-07-07 16:34:00
ORD101198,2026-09-30,DE,P1001,PG1256,KW10949,873.63,Completed,2026-09-30 22:45:00
ORD101199,2026-08-16,DE,P1040,PG1268,KW10941,516.45,Pending,2026-08-16 03:03:00
ORD101200,2026-05-26,MX,P1007,PG1014,KW11556,399.09,Completed,2026-05-26 14:24:00
ORD101201,2025-12-18,AU,P1031,PG1284,KW10333,1776.33,Completed,2025-12-18 02:01:00
ORD101202,2025-12-20,CA,P1039,PG1074,KW10269,707.13,Pending,2025-12-20 14:56:00
ORD101203,2025-12-04,UK,P1022,PG1494,KW10800,437.12,Cancelled,2025-12-04 01:32:00
ORD101204,2026-02-12,UK,P1022,PG1161,KW11013,528.7,Completed,2026-02-12 00:20:00
ORD101205,2026-01-16,UK,P1011,PG1050,KW10518,3027.24,Pending,2026-01-16 12:04:00
ORD101206,2025-10-20,BR,P1032,PG1450,KW11439,429.11,Cancelled,2025-10-20 18:53:00
ORD101207,2026-06-21,FR,P1014,PG1352,KW11741,1350.73,Pending,2026-06-21 23:30:00
ORD101208,2026-08-19,BR,P1018,PG1208,KW11585,654.07,Completed,2026-08-19 02:11:00
ORD101209,2025-12-20,CA,P1026,PG1258,KW11043,536.13,Returned,2025-12-20 14:48:00
ORD101210,2026-08-24,MX,P1040,PG1405,KW11461,714.05,Completed,2026-08-24 13:13:00
ORD101211,2026-03-18,JP,P1003,PG1140,KW11429,670.73,Cancelled,2026-03-18 02:07:00
ORD101212,2026-01-27,BR,P1038,PG1049,KW10977,1216.57,Pending,2026-01-27 16:49:00
ORD101213,2026-05-15,UK,P1033,PG1074,KW10093,2534.6,Completed,2026-05-15 01:16:00
ORD101214,2026-03-21,IN,P1039,PG1500,KW11699,616.47,Completed,2026-03-21 23:19:00
ORD101215,2026-06-18,AU,P1018,PG1431,KW11279,483.02,Completed,2026-06-18 19:37:00
ORD101216,2025-10-13,AU,P1025,PG1005,KW11110,979.93,Completed,2025-10-13 05:12:00
ORD101217,2025-12-13,US,P1013,PG1112,KW11852,867.47,Pending,2025-12-13 23:45:00
ORD101218,2025-11-20,JP,P1031,PG1234,KW11506,1470.4,Completed,2025-11-20 10:25:00
ORD101219,2026-08-31,IN,P1008,PG1253,KW11311,995.48,Completed,2026-08-31 03:51:00
ORD101220,2026-06-26,UK,P1041,PG1023,KW11780,1207.56,Completed,2026-06-26 10:48:00
ORD101221,2026-04-30,JP,P1035,PG1335,KW11967,852.55,Cancelled,2026-04-30 01:47:00
ORD101222,2026-04-12,IN,P1023,PG1311,KW10514,743.11,Completed,2026-04-12 01:53:00
ORD101223,2026-01-23,JP,P1021,PG1004,KW10634,1095.23,Pending,2026-01-23 19:08:00
ORD101224,2026-08-26,MX,P1015,PG1130,KW10260,418.1,Pending,2026-08-26 09:55:00
ORD101225,2026-01-06,JP,P1038,PG1436,KW11128,2605.25,Completed,2026-01-06 17:17:00
ORD101226,2025-12-17,MX,P1030,PG1233,KW10984,776.77,Returned,2025-12-17 17:39:00
ORD101227,2026-04-15,UK,P1023,PG1105,KW11763,1225.34,Returned,2026-04-15 13:00:00
ORD101228,2026-06-21,IN,P1020,PG1018,KW10103,1489.87,Completed,2026-06-21 08:51:00
ORD101229,2025-12-10,IN,P1043,PG1337,KW11888,1732.37,Returned,2025-12-10 06:45:00
ORD101230,2026-09-09,CA,P1022,PG1238,KW11528,329.45,Completed,2026-09-09 22:58:00
ORD101231,2025-10-08,FR,P1014,PG1310,KW10712,499.83,Pending,2025-10-08 09:25:00
ORD101232,2026-03-06,AU,P1019,PG1269,KW11750,2734.96,Completed,2026-03-06 08:43:00
ORD101233,2025-12-15,JP,P1049,PG1420,KW11609,456.9,Cancelled,2025-12-15 22:12:00
ORD101234,2026-04-28,UK,P1004,PG1044,KW10282,671.35,Completed,2026-04-28 02:44:00
ORD101235,2025-11-28,JP,P1046,PG1004,KW11213,955.72,Completed,2025-11-28 16:05:00
ORD101236,2025-10-09,IN,P1008,PG1494,KW10644,647.47,Returned,2025-10-09 07:30:00
ORD101237,2026-02-21,IN,P1004,PG1266,KW12000,637.91,Completed,2026-02-21 19:59:00
ORD101238,2026-03-07,UK,P1050,PG1188,KW11774,651.35,Returned,2026-03-07 10:19:00
ORD101239,2026-02-04,US,P1025,PG1132,KW11228,113.07,Completed,2026-02-04 02:44:00
ORD101240,2026-08-23,FR,P1005,PG1321,KW11869,655.34,Completed,2026-08-23 12:39:00
ORD101241,2026-05-22,IN,P1025,PG1231,KW11605,530.22,Pending,2026-05-22 12:16:00
ORD101242,2025-11-01,BR,P1006,PG1021,KW11570,690.23,Completed,2025-11-01 12:26:00
ORD101243,2025-12-15,FR,P1022,PG1428,KW10583,874.49,Completed,2025-12-15 11:39:00
ORD101244,2026-05-31,MX,P1027,PG1075,KW10159,468.39,Cancelled,2026-05-31 14:07:00
ORD101245,2026-07-30,FR,P1039,PG1161,KW10859,838.46,Completed,2026-07-30 20:18:00
ORD101246,2026-01-03,CA,P1012,PG1420,KW11715,1683.31,Cancelled,2026-01-03 20:02:00
ORD101247,2026-07-09,MX,P1046,PG1095,KW11148,1117.12,Completed,2026-07-09 06:49:00
ORD101248,2025-12-25,AU,P1050,PG1149,KW11313,3436.25,Completed,2025-12-25 06:32:00
ORD101249,2026-03-20,JP,P1029,PG1299,KW11022,1466.36,Returned,2026-03-20 20:55:00
ORD101250,2026-01-07,JP,P1032,PG1265,KW11852,338.25,Pending,2026-01-07 05:02:00
ORD101251,2026-05-15,BR,P1016,PG1500,KW11444,638.73,Completed,2026-05-15 11:10:00
ORD101252,2026-01-24,AU,P1029,PG1301,KW10526,1492.04,Pending,2026-01-24 05:29:00
ORD101253,2025-11-22,US,P1004,PG1456,KW11196,1203.73,Completed,2025-11-22 15:26:00
ORD101254,2026-07-29,MX,P1041,PG1327,KW11954,1205.1,Completed,2026-07-29 17:00:00
ORD101255,2025-12-15,AU,P1036,PG1279,KW10149,446.72,Completed,2025-12-15 11:10:00
ORD101256,2026-08-22,BR,P1021,PG1119,KW11946,1292.23,Cancelled,2026-08-22 13:20:00
ORD101257,2026-04-23,CA,P1031,PG1035,KW11915,1769.67,Completed,2026-04-23 09:44:00
ORD101258,2025-10-27,IN,P1009,PG1014,KW11050,478.29,Cancelled,2025-10-27 12:30:00
ORD101259,2026-03-18,CA,P1042,PG1211,KW10666,702.64,Pending,2026-03-18 15:58:00
ORD101260,2026-08-07,MX,P1044,PG1469,KW11389,1415.35,Completed,2026-08-07 00:26:00
ORD101261,2026-06-27,JP,P1035,PG1128,KW10456,724.31,Returned,2026-06-27 17:28:00
ORD101262,2026-07-17,JP,P1015,PG1102,KW11286,4239.1,Returned,2026-07-17 08:08:00
ORD101263,2026-05-05,MX,P1012,PG1356,KW11279,613.74,Cancelled,2026-05-05 20:33:00
ORD101264,2026-07-21,UK,P1046,PG1356,KW11574,505.49,Returned,2026-07-21 02:19:00
ORD101265,2026-04-27,DE,P1043,PG1180,KW11789,629.12,Completed,2026-04-27 08:24:00
ORD101266,2026-06-20,FR,P1010,PG1450,KW11869,398.25,Cancelled,2026-06-20 15:55:00
ORD101267,2026-05-02,BR,P1049,PG1490,KW11721,317.06,Pending,2026-05-02 10:11:00
ORD101268,2026-04-05,MX,P1002,PG1451,KW11349,1530.84,Completed,2026-04-05 19:24:00
ORD101269,2026-04-24,FR,P1005,PG1215,KW10769,1260.82,Completed,2026-04-24 09:49:00
ORD101270,2026-04-15,DE,P1021,PG1320,KW10265,1413.15,Cancelled,2026-04-15 17:14:00
ORD101271,2026-08-05,FR,P1029,PG1379,KW10671,1126.12,Cancelled,2026-08-05 12:05:00
ORD101272,2026-03-15,UK,P1006,PG1157,KW11685,541.31,Cancelled,2026-03-15 07:43:00
ORD101273,2026-05-05,DE,P1045,PG1020,KW10490,1244.9,Completed,2026-05-05 10:59:00
ORD101274,2026-05-20,IN,P1001,PG1281,KW10997,523.33,Cancelled,2026-05-20 03:36:00
ORD101275,2026-09-02,MX,P1013,PG1115,KW10308,565.49,Completed,2026-09-02 10:28:00
ORD101276,2026-03-21,DE,P1044,PG1083,KW11953,746.94,Completed,2026-03-21 00:08:00
ORD101277,2026-09-10,AU,P1042,PG1125,KW10496,1187.16,Completed,2026-09-10 23:41:00
ORD101278,2025-10-26,MX,P1022,PG1021,KW10570,947.56,Cancelled,2025-10-26 05:24:00
ORD101279,2026-01-08,JP,P1046,PG1412,KW10663,888.63,Pending,2026-01-08 05:42:00
ORD101280,2026-09-08,JP,P1030,PG1271,KW11430,513.6,Returned,2026-09-08 14:09:00
ORD101281,2026-07-28,US,P1025,PG1496,KW10183,1513.77,Pending,2026-07-28 13:10:00
ORD101282,2026-08-18,JP,P1042,PG1280,KW10733,421.04,Completed,2026-08-18 06:56:00
ORD101283,2026-06-18,JP,P1026,PG1232,KW10610,570.29,Completed,2026-06-18 05:12:00
ORD101284,2025-11-16,CA,P1034,PG1342,KW10883,1103.37,Completed,2025-11-16 15:22:00
ORD101285,2025-11-02,BR,P1025,PG1179,KW10094,3116.15,Returned,2025-11-02 11:33:00
ORD101286,2026-07-09,FR,P1024,PG1039,KW11926,597.1,Completed,2026-07-09 13:32:00
ORD101287,2026-01-29,US,P1038,PG1187,KW11835,772.48,Completed,2026-01-29 12:02:00
ORD101288,2026-04-28,MX,P1050,PG1440,KW10574,435.63,Pending,2026-04-28 09:51:00
ORD101289,2025-10-11,JP,P1034,PG1353,KW10927,1411.97,Completed,2025-10-11 22:33:00
ORD101290,2026-07-26,JP,P1014,PG1351,KW11394,357.42,Returned,2026-07-26 10:41:00
ORD101291,2026-02-16,UK,P1045,PG1445,KW10574,905.73,Completed,2026-02-16 18:07:00
ORD101292,2026-03-12,IN,P1006,PG1018,KW11999,676.0,Completed,2026-03-12 10:15:00
ORD101293,2026-02-17,FR,P1040,PG1194,KW10043,1943.0,Completed,2026-02-17 20:54:00
ORD101294,2025-12-01,JP,P1002,PG1214,KW11955,466.9,Pending,2025-12-01 19:19:00
ORD101295,2026-04-07,FR,P1031,PG1105,KW10594,963.58,Returned,2026-04-07 21:51:00
ORD101296,2026-06-18,IN,P1030,PG1474,KW10135,718.23,Pending,2026-06-18 15:51:00
ORD101297,2026-05-23,US,P1001,PG1201,KW10015,766.95,Completed,2026-05-23 19:26:00
ORD101298,2025-10-31,DE,P1004,PG1254,KW10018,593.86,Completed,2025-10-31 07:01:00
ORD101299,2026-04-28,CA,P1022,PG1287,KW10473,719.52,Pending,2026-04-28 16:49:00
ORD101300,2026-06-21,IN,P1030,PG1478,KW10255,1035.93,Cancelled,2026-06-21 07:13:00
ORD101301,2026-06-24,AU,P1034,PG1200,KW11604,767.34,Completed,2026-06-24 17:00:00
ORD101302,2025-11-20,MX,P1042,PG1473,KW11855,1227.24,Returned,2025-11-20 00:25:00
ORD101303,2026-03-03,IN,P1043,PG1158,KW10411,844.58,Returned,2026-03-03 21:26:00
ORD101304,2025-12-05,US,P1044,PG1323,KW10944,696.14,Cancelled,2025-12-05 02:58:00
ORD101305,2026-03-07,DE,P1043,PG1388,KW10565,726.84,Completed,2026-03-07 07:45:00
ORD101306,2025-12-13,US,P1035,PG1146,KW10526,1298.98,Completed,2025-12-13 04:52:00
ORD101307,2026-06-21,BR,P1022,PG1284,KW10391,655.15,Completed,2026-06-21 10:19:00
ORD101308,2026-03-30,JP,P1017,PG1412,KW10052,832.82,Returned,2026-03-30 20:12:00
ORD101309,2026-07-12,CA,P1042,PG1185,KW11610,1747.54,Completed,2026-07-12 01:34:00
ORD101310,2026-05-05,DE,P1020,PG1413,KW10500,437.38,Completed,2026-05-05 07:20:00
ORD101311,2026-02-20,AU,P1028,PG1168,KW11776,2420.09,Returned,2026-02-20 13:18:00
ORD101312,2025-11-07,MX,P1004,PG1433,KW10209,964.6,Completed,2025-11-07 16:11:00
ORD101313,2026-02-22,UK,P1029,PG1357,KW11660,342.22,Completed,2026-02-22 11:13:00
ORD101314,2025-12-02,MX,P1002,PG1426,KW10732,319.16,Cancelled,2025-12-02 14:55:00
ORD101315,2026-05-29,UK,P1044,PG1373,KW11545,626.87,Cancelled,2026-05-29 20:39:00
ORD101316,2026-07-22,UK,P1033,PG1328,KW10286,359.97,Completed,2026-07-22 07:24:00
ORD101317,2026-07-12,DE,P1043,PG1484,KW11846,1325.35,Completed,2026-07-12 04:22:00
ORD101318,2026-01-08,US,P1011,PG1358,KW11069,655.08,Pending,2026-01-08 20:23:00
ORD101319,2026-07-25,JP,P1033,PG1376,KW11340,820.09,Completed,2026-07-25 04:28:00
ORD101320,2026-02-13,FR,P1033,PG1280,KW10660,937.13,Completed,2026-02-13 06:34:00
ORD101321,2026-05-07,MX,P1015,PG1348,KW10351,428.85,Completed,2026-05-07 14:35:00
ORD101322,2026-03-10,UK,P1026,PG1273,KW10885,543.72,Cancelled,2026-03-10 06:05:00
ORD101323,2026-01-11,CA,P1012,PG1311,KW10172,1859.77,Completed,2026-01-11 17:36:00
ORD101324,2026-01-28,MX,P1029,PG1335,KW11948,643.22,Completed,2026-01-28 19:07:00
ORD101325,2026-05-18,CA,P1041,PG1050,KW10085,743.94,Cancelled,2026-05-18 19:58:00
ORD101326,2026-09-07,FR,P1033,PG1465,KW10226,547.52,Completed,2026-09-07 09:44:00
ORD101327,2026-03-03,IN,P1012,PG1133,KW10706,1456.61,Completed,2026-03-03 23:48:00
ORD101328,2025-12-14,DE,P1049,PG1182,KW10939,1074.08,Completed,2025-12-14 05:46:00
ORD101329,2026-01-29,AU,P1002,PG1494,KW10200,625.75,Pending,2026-01-29 08:04:00
ORD101330,2025-11-12,AU,P1040,PG1028,KW10934,796.05,Completed,2025-11-12 13:17:00
ORD101331,2025-10-15,JP,P1034,PG1466,KW10714,1227.02,Returned,2025-10-15 01:11:00
ORD101332,2026-06-22,MX,P1038,PG1183,KW10540,1736.07,Pending,2026-06-22 19:10:00
ORD101333,2026-01-25,FR,P1036,PG1147,KW11756,1311.82,Completed,2026-01-25 06:44:00
ORD101334,2026-09-20,US,P1031,PG1092,KW10145,1023.14,Cancelled,2026-09-20 02:26:00
ORD101335,2026-02-19,DE,P1001,PG1395,KW11035,1250.91,Completed,2026-02-19 13:59:00
ORD101336,2026-08-22,JP,P1048,PG1290,KW10116,220.15,Completed,2026-08-22 03:26:00
ORD101337,2026-02-17,UK,P1027,PG1471,KW11742,1764.93,Returned,2026-02-17 07:53:00
ORD101338,2026-03-15,CA,P1048,PG1325,KW11490,1919.83,Completed,2026-03-15 22:28:00
ORD101339,2026-03-29,UK,P1015,PG1283,KW11965,353.94,Completed,2026-03-29 22:58:00
ORD101340,2026-02-28,AU,P1032,PG1338,KW10640,1578.04,Completed,2026-02-28 17:25:00
ORD101341,2025-11-09,AU,P1018,PG1331,KW10450,568.8,Completed,2025-11-09 15:34:00
ORD101342,2025-12-21,FR,P1010,PG1136,KW11516,1170.51,Completed,2025-12-21 05:00:00
ORD101343,2026-05-18,DE,P1033,PG1262,KW10174,807.78,Completed,2026-05-18 10:02:00
ORD101344,2026-01-12,BR,P1043,PG1474,KW10098,1005.06,Completed,2026-01-12 21:58:00
ORD101345,2026-06-28,FR,P1049,PG1329,KW10968,2126.19,Returned,2026-06-28 08:52:00
ORD101346,2025-11-03,DE,P1018,PG1318,KW11446,492.24,Completed,2025-11-03 04:01:00
ORD101347,2026-08-09,DE,P1049,PG1156,KW10980,824.64,Cancelled,2026-08-09 01:33:00
ORD101348,2026-08-06,IN,P1020,PG1255,KW10429,924.4,Cancelled,2026-08-06 20:43:00
ORD101349,2026-02-10,FR,P1045,PG1491,KW10452,1419.52,Pending,2026-02-10 06:25:00
ORD101350,2026-03-11,AU,P1001,PG1133,KW11279,409.41,Completed,2026-03-11 14:45:00
ORD101351,2025-10-10,UK,P1038,PG1381,KW11099,562.22,Pending,2025-10-10 00:26:00
ORD101352,2026-08-16,CA,P1015,PG1422,KW11878,704.32,Completed,2026-08-16 14:06:00
ORD101353,2026-04-11,IN,P1012,PG1374,KW10292,466.03,Pending,2026-04-11 05:36:00
ORD101354,2026-09-04,CA,P1006,PG1347,KW10832,2952.74,Completed,2026-09-04 15:16:00
ORD101355,2025-12-04,UK,P1007,PG1232,KW10671,686.74,Returned,2025-12-04 01:05:00
ORD101356,2026-09-20,MX,P1006,PG1282,KW11361,537.44,Completed,2026-09-20 01:21:00
ORD101357,2025-12-01,FR,P1010,PG1245,KW10907,1072.03,Completed,2025-12-01 02:40:00
ORD101358,2026-09-17,JP,P1047,PG1274,KW10437,834.04,Cancelled,2026-09-17 09:28:00
ORD101359,2026-06-09,JP,P1038,PG1034,KW11935,492.66,Completed,2026-06-09 05:11:00
ORD101360,2026-03-16,DE,P1036,PG1250,KW11914,1196.67,Pending,2026-03-16 19:48:00
ORD101361,2026-02-15,FR,P1007,PG1475,KW11756,234.4,Cancelled,2026-02-15 22:24:00
ORD101362,2026-08-10,CA,P1038,PG1105,KW11320,1565.47,Pending,2026-08-10 08:07:00
ORD101363,2026-08-10,DE,P1005,PG1319,KW10187,372.21,Completed,2026-08-10 16:09:00
ORD101364,2026-09-13,BR,P1001,PG1098,KW11850,1554.49,Completed,2026-09-13 23:02:00
ORD101365,2026-05-18,UK,P1035,PG1205,KW11224,487.71,Cancelled,2026-05-18 06:29:00
ORD101366,2026-08-28,US,P1043,PG1194,KW11137,846.36,Completed,2026-08-28 20:27:00
ORD101367,2026-01-21,BR,P1012,PG1341,KW10501,685.53,Completed,2026-01-21 10:52:00
ORD101368,2025-10-08,JP,P1050,PG1167,KW10616,387.65,Completed,2025-10-08 23:55:00
ORD101369,2025-11-10,UK,P1044,PG1062,KW10136,916.15,Pending,2025-11-10 12:34:00
ORD101370,2026-05-15,FR,P1034,PG1297,KW10138,563.09,Cancelled,2026-05-15 20:35:00
ORD101371,2026-01-13,JP,P1012,PG1271,KW11013,677.44,Completed,2026-01-13 21:27:00
ORD101372,2026-01-08,AU,P1012,PG1360,KW11046,1336.98,Completed,2026-01-08 09:14:00
ORD101373,2026-03-02,FR,P1001,PG1002,KW10923,645.47,Pending,2026-03-02 10:41:00
ORD101374,2026-07-12,AU,P1029,PG1482,KW11681,621.2,Completed,2026-07-12 20:29:00
ORD101375,2026-04-06,DE,P1028,PG1413,KW11934,1039.25,Returned,2026-04-06 00:50:00
ORD101376,2025-11-06,BR,P1015,PG1177,KW11998,1161.74,Completed,2025-11-06 06:57:00
ORD101377,2026-05-04,IN,P1035,PG1340,KW11631,497.76,Cancelled,2026-05-04 13:33:00
ORD101378,2025-11-19,UK,P1050,PG1097,KW10348,2108.09,Returned,2025-11-19 11:21:00
ORD101379,2026-07-20,UK,P1046,PG1391,KW11272,1650.78,Returned,2026-07-20 20:03:00
ORD101380,2025-10-11,US,P1035,PG1198,KW10310,523.57,Completed,2025-10-11 05:34:00
ORD101381,2025-10-16,MX,P1004,PG1385,KW11629,471.45,Completed,2025-10-16 23:01:00
ORD101382,2026-09-24,AU,P1046,PG1201,KW11963,575.59,Returned,2026-09-24 17:45:00
ORD101383,2026-04-07,MX,P1049,PG1361,KW10978,193.81,Cancelled,2026-04-07 12:59:00
ORD101384,2026-04-14,CA,P1019,PG1461,KW11729,1348.51,Completed,2026-04-14 22:44:00
ORD101385,2026-05-26,CA,P1050,PG1173,KW10390,978.41,Pending,2026-05-26 22:42:00
ORD101386,2025-12-25,CA,P1036,PG1473,KW10351,753.19,Completed,2025-12-25 16:05:00
ORD101387,2025-10-10,JP,P1046,PG1492,KW10605,386.35,Pending,2025-10-10 11:59:00
ORD101388,2026-02-14,US,P1032,PG1487,KW11460,1446.71,Cancelled,2026-02-14 22:09:00
ORD101389,2026-06-03,AU,P1007,PG1178,KW11442,782.13,Completed,2026-06-03 23:36:00
ORD101390,2026-09-08,CA,P1021,PG1012,KW10230,573.03,Completed,2026-09-08 22:18:00
ORD101391,2026-08-25,FR,P1041,PG1016,KW11661,988.0,Completed,2026-08-25 04:05:00
ORD101392,2025-12-18,JP,P1025,PG1081,KW11855,534.22,Returned,2025-12-18 00:23:00
ORD101393,2025-11-25,MX,P1037,PG1347,KW10630,679.13,Completed,2025-11-25 15:48:00
ORD101394,2025-10-08,IN,P1043,PG1175,KW10937,1107.43,Completed,2025-10-08 16:43:00
ORD101395,2025-10-04,US,P1009,PG1088,KW10921,653.23,Cancelled,2025-10-04 13:12:00
ORD101396,2025-11-30,US,P1048,PG1348,KW10660,426.59,Pending,2025-11-30 09:46:00
ORD101397,2026-05-30,UK,P1042,PG1109,KW10785,348.28,Completed,2026-05-30 05:59:00
ORD101398,2026-09-19,JP,P1001,PG1111,KW11412,741.93,Completed,2026-09-19 01:37:00
ORD101399,2026-05-24,AU,P1040,PG1133,KW11178,763.24,Pending,2026-05-24 00:08:00
ORD101400,2026-02-23,CA,P1042,PG1077,KW11047,975.66,Returned,2026-02-23 17:07:00
ORD101401,2026-06-06,AU,P1001,PG1177,KW11300,724.08,Completed,2026-06-06 18:39:00
ORD101402,2025-11-04,AU,P1041,PG1390,KW10722,1431.99,Completed,2025-11-04 01:06:00
ORD101403,2026-05-05,MX,P1024,PG1315,KW11442,454.38,Completed,2026-05-05 01:50:00
ORD101404,2025-11-09,BR,P1020,PG1438,KW11173,709.06,Pending,2025-11-09 23:19:00
ORD101405,2026-08-18,UK,P1011,PG1421,KW10275,182.27,Completed,2026-08-18 22:20:00
ORD101406,2026-08-02,BR,P1036,PG1250,KW11392,920.39,Cancelled,2026-08-02 14:48:00
ORD101407,2026-04-27,BR,P1002,PG1266,KW10722,569.36,Returned,2026-04-27 11:16:00
ORD101408,2026-08-24,UK,P1026,PG1424,KW11652,870.81,Completed,2026-08-24 04:37:00
ORD101409,2026-05-10,CA,P1010,PG1419,KW10838,2202.24,Returned,2026-05-10 11:13:00
ORD101410,2026-06-12,FR,P1014,PG1053,KW11075,970.84,Returned,2026-06-12 06:24:00
ORD101411,2026-07-11,BR,P1043,PG1159,KW10937,674.45,Completed,2026-07-11 11:49:00
ORD101412,2026-08-01,DE,P1033,PG1150,KW10215,771.91,Returned,2026-08-01 20:47:00
ORD101413,2026-05-01,DE,P1044,PG1391,KW11378,359.96,Returned,2026-05-01 16:00:00
ORD101414,2025-12-11,MX,P1012,PG1055,KW11565,1010.86,Returned,2025-12-11 02:26:00
ORD101415,2025-10-20,JP,P1007,PG1025,KW10907,570.45,Completed,2025-10-20 09:47:00
ORD101416,2026-04-22,FR,P1040,PG1456,KW10976,481.3,Returned,2026-04-22 13:58:00
ORD101417,2025-10-05,CA,P1039,PG1282,KW10256,502.37,Cancelled,2025-10-05 12:38:00
ORD101418,2026-01-26,DE,P1009,PG1013,KW11949,505.46,Returned,2026-01-26 15:05:00
ORD101419,2026-06-26,JP,P1005,PG1365,KW10914,1132.24,Completed,2026-06-26 15:46:00
ORD101420,2026-02-23,IN,P1037,PG1082,KW11282,1280.91,Pending,2026-02-23 19:43:00
ORD101421,2026-09-25,MX,P1020,PG1482,KW11159,916.98,Returned,2026-09-25 18:49:00
ORD101422,2026-05-18,FR,P1044,PG1478,KW10562,226.4,Cancelled,2026-05-18 23:41:00
ORD101423,2025-11-14,IN,P1029,PG1302,KW10888,719.44,Completed,2025-11-14 16:15:00
ORD101424,2026-06-18,FR,P1013,PG1388,KW11543,1634.75,Completed,2026-06-18 18:15:00
ORD101425,2026-02-18,US,P1045,PG1252,KW11478,1015.31,Completed,2026-02-18 03:59:00
ORD101426,2025-10-06,FR,P1012,PG1182,KW10799,1130.73,Returned,2025-10-06 08:28:00
ORD101427,2026-04-05,CA,P1046,PG1482,KW11417,490.25,Pending,2026-04-05 20:13:00
ORD101428,2026-03-10,JP,P1038,PG1194,KW10257,1758.23,Cancelled,2026-03-10 23:49:00
ORD101429,2026-03-24,UK,P1024,PG1023,KW11298,728.05,Completed,2026-03-24 11:41:00
ORD101430,2025-10-12,US,P1013,PG1297,KW10854,1285.02,Completed,2025-10-12 02:08:00
ORD101431,2025-11-07,AU,P1041,PG1094,KW11269,512.5,Cancelled,2025-11-07 09:45:00
ORD101432,2025-12-10,FR,P1006,PG1389,KW11577,380.86,Pending,2025-12-10 19:10:00
ORD101433,2026-07-03,BR,P1008,PG1191,KW11503,1014.55,Completed,2026-07-03 06:53:00
ORD101434,2026-03-02,UK,P1046,PG1468,KW10206,771.67,Returned,2026-03-02 17:33:00
ORD101435,2026-05-13,CA,P1018,PG1327,KW11125,1011.58,Cancelled,2026-05-13 18:45:00
ORD101436,2026-01-11,CA,P1026,PG1078,KW10207,493.82,Cancelled,2026-01-11 10:11:00
ORD101437,2026-07-16,IN,P1045,PG1171,KW11068,1080.9,Pending,2026-07-16 02:16:00
ORD101438,2026-02-25,BR,P1040,PG1142,KW10707,759.88,Completed,2026-02-25 00:38:00
ORD101439,2026-02-26,US,P1012,PG1311,KW11424,1147.45,Pending,2026-02-26 09:44:00
ORD101440,2026-05-22,AU,P1046,PG1015,KW10868,739.48,Cancelled,2026-05-22 23:48:00
ORD101441,2025-11-10,FR,P1040,PG1141,KW10494,2301.01,Returned,2025-11-10 17:18:00
ORD101442,2025-11-21,BR,P1039,PG1404,KW11763,1110.16,Returned,2025-11-21 05:28:00
ORD101443,2026-09-20,AU,P1019,PG1233,KW10915,716.81,Cancelled,2026-09-20 06:53:00
ORD101444,2025-11-22,AU,P1029,PG1486,KW10384,1336.72,Completed,2025-11-22 01:39:00
ORD101445,2026-09-19,AU,P1012,PG1440,KW10553,1441.6,Completed,2026-09-19 00:56:00
ORD101446,2026-04-12,IN,P1005,PG1298,KW11819,1185.38,Returned,2026-04-12 06:18:00
ORD101447,2025-10-10,MX,P1022,PG1193,KW11455,537.54,Completed,2025-10-10 05:56:00
ORD101448,2026-05-17,AU,P1020,PG1114,KW11358,1094.01,Pending,2026-05-17 10:42:00
ORD101449,2026-02-28,UK,P1013,PG1289,KW11083,1595.08,Completed,2026-02-28 05:16:00
ORD101450,2026-09-18,JP,P1041,PG1291,KW11328,1712.01,Completed,2026-09-18 07:24:00
ORD101451,2025-12-20,UK,P1046,PG1292,KW11731,533.44,Completed,2025-12-20 09:26:00
ORD101452,2026-09-26,BR,P1039,PG1483,KW10187,680.22,Cancelled,2026-09-26 09:40:00
ORD101453,2026-07-28,JP,P1045,PG1226,KW10006,855.87,Completed,2026-07-28 07:24:00
ORD101454,2025-11-12,CA,P1037,PG1164,KW11631,246.86,Returned,2025-11-12 07:00:00
ORD101455,2026-04-13,JP,P1011,PG1104,KW10533,602.61,Completed,2026-04-13 23:45:00
ORD101456,2025-12-21,IN,P1034,PG1252,KW10080,1217.03,Completed,2025-12-21 23:13:00
ORD101457,2025-10-17,JP,P1035,PG1478,KW11261,947.04,Completed,2025-10-17 13:50:00
ORD101458,2026-07-26,DE,P1038,PG1326,KW10529,843.53,Completed,2026-07-26 13:49:00
ORD101459,2026-05-24,MX,P1045,PG1246,KW11047,2158.67,Completed,2026-05-24 20:53:00
ORD101460,2026-07-16,JP,P1014,PG1255,KW10227,1321.87,Returned,2026-07-16 07:31:00
ORD101461,2025-11-14,JP,P1046,PG1455,KW11567,1381.36,Cancelled,2025-11-14 06:12:00
ORD101462,2026-01-27,AU,P1009,PG1289,KW11177,900.7,Completed,2026-01-27 02:51:00
ORD101463,2025-12-23,CA,P1036,PG1069,KW11894,610.25,Completed,2025-12-23 04:14:00
ORD101464,2026-04-21,FR,P1008,PG1358,KW11656,274.49,Cancelled,2026-04-21 16:09:00
ORD101465,2026-06-11,US,P1026,PG1467,KW10536,610.75,Completed,2026-06-11 05:41:00
ORD101466,2026-05-09,IN,P1047,PG1353,KW11760,594.33,Completed,2026-05-09 05:46:00
ORD101467,2026-09-19,JP,P1013,PG1337,KW10849,866.11,Returned,2026-09-19 22:40:00
ORD101468,2026-05-06,US,P1028,PG1088,KW11096,453.85,Pending,2026-05-06 17:29:00
ORD101469,2025-10-12,BR,P1022,PG1407,KW10881,217.93,Pending,2025-10-12 00:26:00
ORD101470,2026-09-29,AU,P1023,PG1075,KW10616,1059.88,Cancelled,2026-09-29 11:10:00
ORD101471,2026-02-03,DE,P1040,PG1449,KW10944,834.73,Completed,2026-02-03 03:07:00
ORD101472,2026-04-12,BR,P1043,PG1186,KW10484,740.6,Completed,2026-04-12 10:32:00
ORD101473,2026-02-16,US,P1026,PG1413,KW11576,822.37,Completed,2026-02-16 18:01:00
ORD101474,2025-10-25,DE,P1024,PG1041,KW11708,840.69,Cancelled,2025-10-25 09:41:00
ORD101475,2025-12-20,UK,P1029,PG1379,KW11229,994.33,Cancelled,2025-12-20 06:15:00
ORD101476,2026-08-29,AU,P1019,PG1183,KW10445,1537.54,Cancelled,2026-08-29 04:26:00
ORD101477,2025-11-22,IN,P1038,PG1047,KW10545,240.05,Returned,2025-11-22 09:47:00
ORD101478,2026-05-12,FR,P1027,PG1053,KW10472,800.88,Cancelled,2026-05-12 15:53:00
ORD101479,2025-11-26,UK,P1037,PG1247,KW11273,875.72,Completed,2025-11-26 05:41:00
ORD101480,2026-03-28,BR,P1006,PG1362,KW10370,440.17,Completed,2026-03-28 00:55:00
ORD101481,2026-09-02,IN,P1009,PG1140,KW11388,913.86,Completed,2026-09-02 01:40:00
ORD101482,2025-10-23,DE,P1033,PG1336,KW10877,1270.27,Completed,2025-10-23 14:46:00
ORD101483,2026-09-02,AU,P1035,PG1281,KW11061,1007.73,Completed,2026-09-02 01:09:00
ORD101484,2026-04-14,AU,P1015,PG1052,KW10719,829.59,Completed,2026-04-14 09:32:00
ORD101485,2026-09-16,IN,P1044,PG1448,KW11284,424.38,Completed,2026-09-16 14:13:00
ORD101486,2026-08-20,FR,P1024,PG1132,KW11360,316.24,Completed,2026-08-20 21:31:00
ORD101487,2025-10-02,DE,P1029,PG1495,KW10851,492.26,Completed,2025-10-02 07:30:00
ORD101488,2026-07-27,MX,P1008,PG1089,KW10681,754.87,Completed,2026-07-27 23:56:00
ORD101489,2026-04-08,MX,P1039,PG1065,KW11077,1047.12,Completed,2026-04-08 06:29:00
ORD101490,2026-04-18,AU,P1044,PG1416,KW11305,707.15,Pending,2026-04-18 20:45:00
ORD101491,2026-06-29,US,P1009,PG1184,KW11821,918.96,Completed,2026-06-29 19:33:00
ORD101492,2026-03-26,FR,P1007,PG1135,KW11467,1715.33,Completed,2026-03-26 18:32:00
ORD101493,2025-12-15,IN,P1016,PG1299,KW10935,799.16,Pending,2025-12-15 18:50:00
ORD101494,2025-11-26,DE,P1034,PG1299,KW11973,278.79,Completed,2025-11-26 22:51:00
ORD101495,2026-09-15,BR,P1004,PG1421,KW11083,540.77,Completed,2026-09-15 22:41:00
ORD101496,2026-04-24,JP,P1045,PG1090,KW10215,736.4,Cancelled,2026-04-24 12:09:00
ORD101497,2026-05-26,FR,P1008,PG1039,KW10039,735.4,Returned,2026-05-26 01:11:00
ORD101498,2025-12-11,IN,P1039,PG1230,KW10024,1105.78,Completed,2025-12-11 23:49:00
ORD101499,2025-10-04,MX,P1026,PG1095,KW11942,433.26,Completed,2025-10-04 18:55:00
ORD101500,2026-08-13,MX,P1029,PG1374,KW10856,539.94,Cancelled,2026-08-13 17:54:00
ORD101501,2025-12-26,DE,P1009,PG1048,KW11622,873.18,Completed,2025-12-26 17:49:00
ORD101502,2026-04-18,UK,P1021,PG1023,KW10757,3328.0,Completed,2026-04-18 10:54:00
ORD101503,2025-10-30,DE,P1031,PG1427,KW11061,309.6,Completed,2025-10-30 13:32:00
ORD101504,2026-02-11,JP,P1035,PG1072,KW11425,355.7,Cancelled,2026-02-11 06:06:00
ORD101505,2026-08-23,US,P1012,PG1307,KW11474,1739.08,Completed,2026-08-23 06:56:00
ORD101506,2026-08-25,DE,P1010,PG1339,KW11890,2696.22,Completed,2026-08-25 12:38:00
ORD101507,2025-12-14,FR,P1032,PG1293,KW10338,849.83,Completed,2025-12-14 12:14:00
ORD101508,2025-11-30,JP,P1034,PG1493,KW10543,841.67,Cancelled,2025-11-30 11:04:00
ORD101509,2026-07-17,IN,P1025,PG1120,KW10882,524.78,Completed,2026-07-17 05:29:00
ORD101510,2025-12-14,JP,P1011,PG1046,KW10170,439.6,Returned,2025-12-14 19:28:00
ORD101511,2026-06-14,BR,P1024,PG1344,KW11735,560.96,Returned,2026-06-14 18:03:00
ORD101512,2026-02-19,US,P1030,PG1369,KW10332,655.4,Pending,2026-02-19 19:38:00
ORD101513,2026-02-14,UK,P1018,PG1483,KW11889,980.44,Cancelled,2026-02-14 13:39:00
ORD101514,2026-03-03,AU,P1039,PG1417,KW10959,353.59,Completed,2026-03-03 15:19:00
ORD101515,2026-03-07,DE,P1008,PG1288,KW10059,782.87,Completed,2026-03-07 04:36:00
ORD101516,2025-10-20,JP,P1004,PG1176,KW10376,834.67,Completed,2025-10-20 10:30:00
ORD101517,2026-03-02,AU,P1036,PG1319,KW11235,2397.06,Completed,2026-03-02 00:09:00
ORD101518,2026-06-23,US,P1028,PG1329,KW10998,1332.7,Returned,2026-06-23 20:02:00
ORD101519,2026-07-07,FR,P1033,PG1060,KW10786,3586.84,Pending,2026-07-07 02:45:00
ORD101520,2025-11-03,IN,P1002,PG1341,KW10902,1049.72,Pending,2025-11-03 16:58:00
ORD101521,2026-09-07,US,P1023,PG1014,KW11509,1447.35,Completed,2026-09-07 09:51:00
ORD101522,2026-08-04,CA,P1049,PG1360,KW11483,1766.07,Completed,2026-08-04 17:59:00
ORD101523,2026-09-12,DE,P1044,PG1163,KW10793,640.59,Completed,2026-09-12 14:40:00
ORD101524,2026-07-14,AU,P1050,PG1232,KW11691,1772.11,Completed,2026-07-14 03:14:00
ORD101525,2026-05-27,JP,P1021,PG1205,KW10727,1749.12,Completed,2026-05-27 14:18:00
ORD101526,2026-01-08,FR,P1038,PG1457,KW11874,2269.16,Returned,2026-01-08 01:04:00
ORD101527,2025-10-04,FR,P1014,PG1021,KW11164,1994.54,Completed,2025-10-04 11:07:00
ORD101528,2025-12-25,FR,P1005,PG1309,KW10800,471.31,Returned,2025-12-25 18:34:00
ORD101529,2026-03-25,FR,P1026,PG1357,KW11470,949.72,Cancelled,2026-03-25 19:58:00
ORD101530,2026-02-06,US,P1042,PG1473,KW10700,2520.02,Completed,2026-02-06 12:46:00
ORD101531,2026-08-19,US,P1035,PG1252,KW11722,1546.59,Completed,2026-08-19 11:45:00
ORD101532,2025-11-18,AU,P1033,PG1223,KW11175,677.67,Completed,2025-11-18 04:57:00
ORD101533,2025-11-07,DE,P1010,PG1218,KW10856,530.68,Cancelled,2025-11-07 10:37:00
ORD101534,2026-07-09,CA,P1031,PG1099,KW11378,562.45,Completed,2026-07-09 21:43:00
ORD101535,2026-01-01,US,P1045,PG1483,KW10168,785.54,Completed,2026-01-01 03:26:00
ORD101536,2025-10-04,UK,P1012,PG1136,KW11513,1225.76,Completed,2025-10-04 12:20:00
ORD101537,2025-11-26,BR,P1023,PG1048,KW10627,724.5,Returned,2025-11-26 08:21:00
ORD101538,2026-05-21,BR,P1006,PG1362,KW10393,1175.74,Completed,2026-05-21 10:24:00
ORD101539,2025-12-01,DE,P1001,PG1172,KW11926,605.86,Cancelled,2025-12-01 10:19:00
ORD101540,2026-09-22,UK,P1017,PG1275,KW11391,1069.62,Cancelled,2026-09-22 15:40:00
ORD101541,2026-06-25,US,P1041,PG1336,KW10777,1333.74,Completed,2026-06-25 03:49:00
ORD101542,2026-04-25,UK,P1002,PG1031,KW10049,318.6,Completed,2026-04-25 18:12:00
ORD101543,2026-04-21,UK,P1034,PG1179,KW10595,1018.4,Completed,2026-04-21 17:29:00
ORD101544,2026-02-28,DE,P1024,PG1022,KW11099,709.99,Cancelled,2026-02-28 08:05:00
ORD101545,2026-04-14,MX,P1005,PG1118,KW11569,1236.66,Returned,2026-04-14 00:27:00
ORD101546,2026-08-22,IN,P1023,PG1080,KW11498,782.27,Cancelled,2026-08-22 14:27:00
ORD101547,2026-01-07,DE,P1039,PG1463,KW10516,2130.85,Returned,2026-01-07 20:11:00
ORD101548,2026-09-10,UK,P1041,PG1133,KW11938,491.17,Returned,2026-09-10 22:01:00
ORD101549,2025-10-02,UK,P1031,PG1271,KW11125,952.74,Completed,2025-10-02 09:28:00
ORD101550,2026-02-19,JP,P1017,PG1280,KW11120,620.09,Returned,2026-02-19 03:02:00
ORD101551,2026-01-07,CA,P1027,PG1227,KW11979,1279.46,Pending,2026-01-07 10:55:00
ORD101552,2026-07-13,JP,P1043,PG1371,KW11811,719.89,Completed,2026-07-13 02:36:00
ORD101553,2026-09-17,JP,P1050,PG1026,KW10905,988.47,Cancelled,2026-09-17 12:32:00
ORD101554,2026-04-12,IN,P1048,PG1094,KW11270,505.88,Cancelled,2026-04-12 12:21:00
ORD101555,2025-10-26,DE,P1025,PG1264,KW10652,573.7,Completed,2025-10-26 06:30:00
ORD101556,2025-11-18,BR,P1010,PG1086,KW10163,551.83,Completed,2025-11-18 07:21:00
ORD101557,2026-06-10,DE,P1023,PG1243,KW10533,820.9,Completed,2026-06-10 14:10:00
ORD101558,2026-06-21,DE,P1043,PG1270,KW11742,781.67,Pending,2026-06-21 13:15:00
ORD101559,2026-09-20,US,P1002,PG1451,KW11144,2147.54,Completed,2026-09-20 20:43:00
ORD101560,2025-11-08,FR,P1008,PG1185,KW11969,696.2,Completed,2025-11-08 01:48:00
ORD101561,2026-09-03,UK,P1048,PG1453,KW10684,512.21,Cancelled,2026-09-03 07:25:00
ORD101562,2025-10-16,JP,P1024,PG1185,KW10213,1409.61,Pending,2025-10-16 03:41:00
ORD101563,2026-05-20,DE,P1028,PG1442,KW10607,717.86,Completed,2026-05-20 01:53:00
ORD101564,2026-03-18,FR,P1049,PG1212,KW10325,613.99,Completed,2026-03-18 11:43:00
ORD101565,2026-02-04,UK,P1039,PG1091,KW10629,548.48,Returned,2026-02-04 15:40:00
ORD101566,2026-04-08,DE,P1017,PG1335,KW10834,2651.29,Cancelled,2026-04-08 21:16:00
ORD101567,2026-02-05,DE,P1037,PG1132,KW10665,1586.09,Returned,2026-02-05 20:22:00
ORD101568,2026-06-26,MX,P1022,PG1486,KW11006,700.02,Pending,2026-06-26 22:59:00
ORD101569,2026-03-05,FR,P1022,PG1286,KW11346,346.68,Returned,2026-03-05 16:34:00
ORD101570,2026-03-03,JP,P1041,PG1263,KW11830,435.65,Completed,2026-03-03 20:04:00
ORD101571,2026-02-18,FR,P1042,PG1273,KW10455,797.34,Completed,2026-02-18 20:49:00
ORD101572,2025-11-23,US,P1035,PG1248,KW11052,1229.2,Cancelled,2025-11-23 20:42:00
ORD101573,2026-01-08,JP,P1030,PG1095,KW10197,350.59,Completed,2026-01-08 07:12:00
ORD101574,2025-10-20,FR,P1034,PG1278,KW11202,1028.2,Completed,2025-10-20 23:23:00
ORD101575,2026-05-28,DE,P1012,PG1101,KW10877,2034.63,Completed,2026-05-28 09:31:00
ORD101576,2026-08-26,BR,P1046,PG1036,KW10869,502.21,Returned,2026-08-26 18:01:00
ORD101577,2026-09-03,AU,P1001,PG1299,KW11170,805.76,Completed,2026-09-03 10:08:00
ORD101578,2025-10-13,FR,P1020,PG1426,KW10464,696.15,Completed,2025-10-13 08:59:00
ORD101579,2025-10-01,UK,P1015,PG1055,KW10188,647.84,Completed,2025-10-01 10:10:00
ORD101580,2026-06-21,IN,P1015,PG1340,KW10179,602.27,Cancelled,2026-06-21 13:49:00
ORD101581,2025-10-25,IN,P1010,PG1393,KW10513,230.86,Completed,2025-10-25 05:46:00
ORD101582,2026-07-20,UK,P1004,PG1065,KW10567,3190.54,Returned,2026-07-20 06:24:00
ORD101583,2025-12-21,AU,P1022,PG1282,KW11269,297.48,Completed,2025-12-21 12:41:00
ORD101584,2025-10-31,MX,P1046,PG1357,KW11803,763.25,Cancelled,2025-10-31 00:19:00
ORD101585,2026-09-03,AU,P1016,PG1309,KW10482,1236.49,Completed,2026-09-03 12:56:00
ORD101586,2026-05-17,MX,P1040,PG1091,KW11727,661.51,Pending,2026-05-17 01:08:00
ORD101587,2025-11-06,DE,P1025,PG1365,KW11102,1712.69,Pending,2025-11-06 15:56:00
ORD101588,2026-05-14,CA,P1043,PG1100,KW11196,346.51,Completed,2026-05-14 19:02:00
ORD101589,2026-07-22,JP,P1042,PG1342,KW10942,1002.83,Returned,2026-07-22 13:53:00
ORD101590,2026-05-14,US,P1035,PG1208,KW11905,1968.66,Completed,2026-05-14 16:59:00
ORD101591,2026-04-29,BR,P1030,PG1428,KW10604,885.06,Returned,2026-04-29 04:53:00
ORD101592,2026-02-25,MX,P1046,PG1058,KW10898,626.84,Cancelled,2026-02-25 16:28:00
ORD101593,2026-03-05,MX,P1037,PG1361,KW11397,869.28,Completed,2026-03-05 03:00:00
ORD101594,2026-06-12,FR,P1033,PG1038,KW10305,1352.66,Completed,2026-06-12 13:03:00
ORD101595,2026-07-02,US,P1039,PG1125,KW11550,505.4,Completed,2026-07-02 03:55:00
ORD101596,2026-01-31,BR,P1030,PG1394,KW10252,1519.81,Completed,2026-01-31 01:31:00
ORD101597,2026-03-03,FR,P1011,PG1418,KW11451,672.23,Returned,2026-03-03 03:58:00
ORD101598,2026-09-19,MX,P1003,PG1500,KW11037,391.73,Pending,2026-09-19 12:42:00
ORD101599,2026-02-07,UK,P1016,PG1458,KW10302,340.79,Returned,2026-02-07 09:51:00
ORD101600,2026-03-22,UK,P1041,PG1178,KW11990,1094.45,Returned,2026-03-22 10:12:00
ORD101601,2026-09-25,JP,P1048,PG1366,KW10648,737.95,Cancelled,2026-09-25 23:29:00
ORD101602,2026-06-08,BR,P1013,PG1120,KW11094,594.87,Cancelled,2026-06-08 14:44:00
ORD101603,2026-01-14,CA,P1028,PG1095,KW11430,684.26,Cancelled,2026-01-14 19:10:00
ORD101604,2026-05-17,IN,P1043,PG1211,KW10944,276.49,Pending,2026-05-17 05:15:00
ORD101605,2026-09-21,AU,P1045,PG1247,KW11386,1851.72,Completed,2026-09-21 01:37:00
ORD101606,2025-10-22,UK,P1019,PG1423,KW10811,800.73,Cancelled,2025-10-22 05:24:00
ORD101607,2026-04-09,AU,P1045,PG1014,KW10676,948.91,Pending,2026-04-09 04:34:00
ORD101608,2026-02-08,BR,P1017,PG1349,KW10361,442.73,Completed,2026-02-08 20:14:00
ORD101609,2026-01-21,US,P1040,PG1229,KW11716,726.72,Returned,2026-01-21 23:37:00
ORD101610,2026-09-29,MX,P1022,PG1481,KW11211,1000.58,Completed,2026-09-29 19:09:00
ORD101611,2026-09-04,UK,P1011,PG1118,KW10283,750.82,Completed,2026-09-04 03:44:00
ORD101612,2025-10-14,US,P1007,PG1155,KW11370,601.02,Cancelled,2025-10-14 20:30:00
ORD101613,2026-09-07,US,P1006,PG1364,KW10594,864.37,Completed,2026-09-07 05:46:00
ORD101614,2026-08-22,BR,P1010,PG1393,KW10307,414.28,Completed,2026-08-22 19:44:00
ORD101615,2026-01-10,IN,P1027,PG1194,KW10642,711.83,Completed,2026-01-10 03:29:00
ORD101616,2025-10-29,UK,P1035,PG1170,KW11474,1698.98,Completed,2025-10-29 23:27:00
ORD101617,2026-08-22,US,P1038,PG1379,KW10846,675.07,Returned,2026-08-22 02:33:00
ORD101618,2026-04-11,AU,P1018,PG1126,KW11233,772.48,Completed,2026-04-11 23:04:00
ORD101619,2025-11-21,CA,P1017,PG1329,KW10335,960.53,Returned,2025-11-21 00:13:00
ORD101620,2025-11-29,US,P1042,PG1008,KW11572,619.25,Completed,2025-11-29 08:12:00
ORD101621,2025-12-17,IN,P1040,PG1342,KW10475,694.29,Completed,2025-12-17 12:14:00
ORD101622,2026-03-27,FR,P1003,PG1135,KW11597,536.41,Completed,2026-03-27 17:28:00
ORD101623,2026-08-26,FR,P1040,PG1348,KW10761,321.61,Completed,2026-08-26 01:58:00
ORD101624,2025-11-03,US,P1031,PG1298,KW10392,301.94,Completed,2025-11-03 21:03:00
ORD101625,2026-01-15,UK,P1008,PG1223,KW11530,807.3,Pending,2026-01-15 02:04:00
ORD101626,2026-08-05,DE,P1043,PG1194,KW10276,1036.95,Returned,2026-08-05 16:34:00
ORD101627,2026-01-28,DE,P1032,PG1127,KW10097,248.85,Cancelled,2026-01-28 20:44:00
ORD101628,2026-01-03,MX,P1023,PG1308,KW11375,1794.72,Returned,2026-01-03 20:04:00
ORD101629,2026-06-01,JP,P1008,PG1195,KW10446,554.79,Cancelled,2026-06-01 03:35:00
ORD101630,2026-04-13,MX,P1049,PG1270,KW10579,691.05,Pending,2026-04-13 16:06:00
ORD101631,2026-05-06,MX,P1010,PG1280,KW11764,799.29,Cancelled,2026-05-06 07:54:00
ORD101632,2026-01-31,FR,P1024,PG1454,KW11774,618.9,Cancelled,2026-01-31 07:59:00
ORD101633,2026-07-21,IN,P1027,PG1070,KW10419,695.14,Completed,2026-07-21 15:53:00
ORD101634,2026-03-17,US,P1027,PG1359,KW10210,658.87,Pending,2026-03-17 08:50:00
ORD101635,2026-01-31,US,P1029,PG1291,KW11300,1008.0,Returned,2026-01-31 19:53:00
ORD101636,2026-01-06,AU,P1029,PG1167,KW10788,407.22,Cancelled,2026-01-06 03:07:00
ORD101637,2026-09-28,IN,P1007,PG1044,KW11894,933.07,Pending,2026-09-28 07:31:00
ORD101638,2025-12-24,UK,P1009,PG1293,KW11797,561.54,Completed,2025-12-24 19:46:00
ORD101639,2026-08-31,UK,P1024,PG1417,KW11863,1683.41,Cancelled,2026-08-31 01:08:00
ORD101640,2026-04-15,UK,P1022,PG1084,KW10584,455.63,Completed,2026-04-15 13:03:00
ORD101641,2025-12-29,BR,P1002,PG1099,KW10400,2293.98,Pending,2025-12-29 01:12:00
ORD101642,2026-08-16,JP,P1004,PG1165,KW10817,2257.14,Pending,2026-08-16 21:55:00
ORD101643,2026-04-03,IN,P1037,PG1471,KW10835,937.28,Completed,2026-04-03 10:28:00
ORD101644,2026-02-05,AU,P1047,PG1380,KW10960,347.0,Completed,2026-02-05 02:20:00
ORD101645,2025-11-15,AU,P1047,PG1490,KW11777,240.47,Returned,2025-11-15 13:47:00
ORD101646,2025-11-19,FR,P1027,PG1315,KW11594,1190.95,Completed,2025-11-19 02:10:00
ORD101647,2026-08-27,US,P1046,PG1451,KW11999,504.38,Returned,2026-08-27 13:56:00
ORD101648,2025-12-18,US,P1041,PG1467,KW11301,3100.67,Pending,2025-12-18 19:21:00
ORD101649,2026-08-11,FR,P1028,PG1165,KW10482,821.81,Completed,2026-08-11 00:35:00
ORD101650,2026-09-08,AU,P1026,PG1198,KW11995,1581.34,Completed,2026-09-08 21:40:00
ORD101651,2026-01-05,IN,P1003,PG1302,KW11441,549.7,Completed,2026-01-05 13:51:00
ORD101652,2026-05-06,BR,P1005,PG1343,KW10461,458.74,Completed,2026-05-06 22:34:00
ORD101653,2026-01-28,AU,P1002,PG1343,KW11865,1876.41,Completed,2026-01-28 09:05:00
ORD101654,2025-12-09,JP,P1047,PG1025,KW11161,590.98,Completed,2025-12-09 04:56:00
ORD101655,2026-07-22,AU,P1041,PG1444,KW10456,984.91,Completed,2026-07-22 23:42:00
ORD101656,2026-08-23,DE,P1028,PG1023,KW11283,671.84,Completed,2026-08-23 19:49:00
ORD101657,2025-11-06,US,P1030,PG1458,KW10835,419.13,Cancelled,2025-11-06 01:29:00
ORD101658,2026-09-21,FR,P1008,PG1280,KW10115,561.49,Completed,2026-09-21 11:13:00
ORD101659,2026-08-17,US,P1012,PG1220,KW11886,1001.02,Completed,2026-08-17 07:21:00
ORD101660,2026-04-25,IN,P1002,PG1406,KW10753,837.25,Cancelled,2026-04-25 08:33:00
ORD101661,2026-05-15,CA,P1004,PG1484,KW10660,1091.04,Completed,2026-05-15 09:43:00
ORD101662,2026-05-29,FR,P1007,PG1287,KW10013,638.66,Completed,2026-05-29 05:59:00
ORD101663,2025-10-03,US,P1043,PG1457,KW11491,938.36,Pending,2025-10-03 10:30:00
ORD101664,2026-02-28,AU,P1036,PG1048,KW11992,1306.15,Cancelled,2026-02-28 23:21:00
ORD101665,2025-11-27,FR,P1025,PG1460,KW11218,316.12,Completed,2025-11-27 19:32:00
ORD101666,2025-10-19,UK,P1038,PG1054,KW11613,916.84,Returned,2025-10-19 04:35:00
ORD101667,2026-03-03,FR,P1019,PG1203,KW11024,1200.94,Completed,2026-03-03 00:07:00
ORD101668,2026-09-15,BR,P1040,PG1275,KW10463,1368.6,Pending,2026-09-15 02:19:00
ORD101669,2026-07-10,IN,P1016,PG1255,KW11117,778.67,Pending,2026-07-10 20:24:00
ORD101670,2026-04-12,UK,P1046,PG1011,KW11454,960.67,Completed,2026-04-12 18:00:00
ORD101671,2026-01-17,BR,P1045,PG1140,KW10641,445.43,Completed,2026-01-17 01:57:00
ORD101672,2026-08-23,IN,P1004,PG1418,KW10263,511.35,Completed,2026-08-23 08:37:00
ORD101673,2026-02-17,AU,P1029,PG1439,KW11712,374.45,Completed,2026-02-17 10:20:00
ORD101674,2026-08-08,JP,P1037,PG1300,KW11755,1219.06,Returned,2026-08-08 15:31:00
ORD101675,2026-02-26,UK,P1002,PG1332,KW11562,329.58,Cancelled,2026-02-26 16:18:00
ORD101676,2026-06-01,MX,P1001,PG1146,KW10401,1354.56,Returned,2026-06-01 19:36:00
ORD101677,2025-10-21,JP,P1044,PG1334,KW11680,908.52,Completed,2025-10-21 11:52:00
ORD101678,2026-09-18,MX,P1037,PG1332,KW11997,3170.22,Completed,2026-09-18 06:36:00
ORD101679,2025-12-24,BR,P1020,PG1045,KW11198,1048.91,Completed,2025-12-24 04:47:00
ORD101680,2025-12-19,AU,P1016,PG1186,KW10695,987.6,Completed,2025-12-19 23:08:00
ORD101681,2025-10-22,FR,P1022,PG1364,KW11330,868.44,Completed,2025-10-22 19:20:00
ORD101682,2025-12-09,US,P1036,PG1424,KW10228,391.45,Completed,2025-12-09 08:10:00
ORD101683,2026-08-31,CA,P1029,PG1378,KW11305,1022.71,Returned,2026-08-31 11:08:00
ORD101684,2026-04-12,US,P1040,PG1093,KW11839,857.73,Pending,2026-04-12 20:39:00
ORD101685,2026-01-04,BR,P1033,PG1258,KW10096,983.68,Returned,2026-01-04 04:43:00
ORD101686,2025-10-03,US,P1006,PG1427,KW11700,2117.47,Returned,2025-10-03 05:03:00
ORD101687,2025-11-08,CA,P1034,PG1388,KW11740,1330.65,Completed,2025-11-08 04:38:00
ORD101688,2026-05-11,DE,P1030,PG1479,KW10833,767.56,Completed,2026-05-11 12:02:00
ORD101689,2026-02-15,BR,P1024,PG1209,KW11754,935.54,Completed,2026-02-15 12:54:00
ORD101690,2026-01-11,AU,P1046,PG1007,KW10374,1106.35,Completed,2026-01-11 14:59:00
ORD101691,2025-12-10,JP,P1026,PG1018,KW11130,1025.86,Completed,2025-12-10 02:53:00
ORD101692,2025-12-01,CA,P1037,PG1436,KW10141,1961.67,Returned,2025-12-01 02:22:00
ORD101693,2026-01-06,CA,P1029,PG1193,KW11926,480.18,Returned,2026-01-06 00:58:00
ORD101694,2026-09-16,AU,P1037,PG1008,KW11539,430.53,Completed,2026-09-16 03:22:00
ORD101695,2026-02-27,FR,P1043,PG1078,KW10471,880.26,Completed,2026-02-27 06:41:00
ORD101696,2026-01-23,FR,P1009,PG1165,KW11417,577.49,Pending,2026-01-23 02:52:00
ORD101697,2026-05-25,BR,P1039,PG1403,KW10143,1022.95,Completed,2026-05-25 09:08:00
ORD101698,2025-12-17,IN,P1041,PG1432,KW10513,1536.33,Cancelled,2025-12-17 11:38:00
ORD101699,2025-11-15,AU,P1004,PG1240,KW10752,1632.5,Completed,2025-11-15 17:39:00
ORD101700,2026-05-12,DE,P1021,PG1112,KW10878,500.73,Cancelled,2026-05-12 19:48:00
ORD101701,2026-02-24,UK,P1039,PG1179,KW10750,484.41,Pending,2026-02-24 03:49:00
ORD101702,2025-10-24,CA,P1008,PG1145,KW10780,659.44,Cancelled,2025-10-24 18:49:00
ORD101703,2025-12-21,IN,P1020,PG1069,KW10284,610.49,Completed,2025-12-21 03:43:00
ORD101704,2026-02-07,IN,P1002,PG1184,KW11759,866.59,Completed,2026-02-07 18:49:00
ORD101705,2025-10-16,BR,P1023,PG1372,KW11550,853.18,Completed,2025-10-16 11:35:00
ORD101706,2026-02-08,FR,P1020,PG1020,KW10956,1616.16,Completed,2026-02-08 10:30:00
ORD101707,2025-10-15,US,P1033,PG1312,KW10416,666.61,Completed,2025-10-15 08:20:00
ORD101708,2026-09-22,IN,P1023,PG1389,KW10351,754.38,Completed,2026-09-22 05:26:00
ORD101709,2026-03-17,BR,P1029,PG1060,KW11350,1004.78,Completed,2026-03-17 17:23:00
ORD101710,2026-06-11,JP,P1023,PG1075,KW10944,535.37,Cancelled,2026-06-11 18:35:00
ORD101711,2026-09-17,CA,P1020,PG1262,KW10851,1175.4,Completed,2026-09-17 05:50:00
ORD101712,2026-04-15,AU,P1023,PG1323,KW10937,915.06,Completed,2026-04-15 15:14:00
ORD101713,2026-04-29,FR,P1025,PG1234,KW10635,910.7,Returned,2026-04-29 13:02:00
ORD101714,2026-04-26,BR,P1026,PG1199,KW10668,1466.05,Completed,2026-04-26 08:42:00
ORD101715,2026-01-22,AU,P1024,PG1457,KW11948,487.66,Completed,2026-01-22 08:52:00
ORD101716,2026-08-10,IN,P1013,PG1179,KW10376,764.15,Completed,2026-08-10 00:33:00
ORD101717,2026-07-08,JP,P1013,PG1028,KW10303,1218.48,Completed,2026-07-08 15:27:00
ORD101718,2026-05-06,AU,P1015,PG1205,KW11338,710.87,Completed,2026-05-06 00:32:00
ORD101719,2025-12-14,IN,P1015,PG1308,KW10937,1032.96,Completed,2025-12-14 02:40:00
ORD101720,2026-07-26,US,P1008,PG1432,KW11290,2550.99,Completed,2026-07-26 03:26:00
ORD101721,2026-08-20,UK,P1047,PG1386,KW10523,834.68,Cancelled,2026-08-20 07:00:00
ORD101722,2025-11-14,AU,P1008,PG1489,KW10631,923.84,Completed,2025-11-14 23:02:00
ORD101723,2026-03-03,US,P1036,PG1283,KW10132,380.56,Completed,2026-03-03 05:55:00
ORD101724,2026-08-14,BR,P1026,PG1329,KW10290,4363.34,Pending,2026-08-14 02:27:00
ORD101725,2025-12-03,FR,P1035,PG1078,KW10466,1405.22,Pending,2025-12-03 23:38:00
ORD101726,2025-12-21,DE,P1041,PG1333,KW10680,518.62,Returned,2025-12-21 05:52:00
ORD101727,2026-08-18,DE,P1047,PG1278,KW11677,397.71,Completed,2026-08-18 03:00:00
ORD101728,2026-06-24,IN,P1027,PG1446,KW11459,634.53,Completed,2026-06-24 20:20:00
ORD101729,2026-04-22,FR,P1032,PG1486,KW11235,563.32,Cancelled,2026-04-22 23:16:00
ORD101730,2026-07-01,UK,P1005,PG1020,KW11763,2188.87,Pending,2026-07-01 17:33:00
ORD101731,2025-12-16,IN,P1022,PG1416,KW10684,684.57,Completed,2025-12-16 15:04:00
ORD101732,2025-10-19,DE,P1001,PG1446,KW11072,616.26,Pending,2025-10-19 05:18:00
ORD101733,2025-11-22,MX,P1027,PG1473,KW11786,418.29,Pending,2025-11-22 18:26:00
ORD101734,2026-02-21,CA,P1038,PG1397,KW11244,636.48,Returned,2026-02-21 07:56:00
ORD101735,2025-12-23,MX,P1021,PG1423,KW10270,536.91,Returned,2025-12-23 19:44:00
ORD101736,2025-10-19,DE,P1023,PG1101,KW10426,237.35,Returned,2025-10-19 18:19:00
ORD101737,2026-04-28,FR,P1006,PG1447,KW11853,412.8,Completed,2026-04-28 14:12:00
ORD101738,2026-02-04,CA,P1009,PG1437,KW11026,260.83,Returned,2026-02-04 19:23:00
ORD101739,2026-05-15,CA,P1030,PG1228,KW10648,566.57,Pending,2026-05-15 20:58:00
ORD101740,2026-09-25,UK,P1035,PG1313,KW10030,549.49,Pending,2026-09-25 05:08:00
ORD101741,2025-10-01,BR,P1036,PG1238,KW11083,1312.4,Returned,2025-10-01 23:06:00
ORD101742,2026-02-16,MX,P1049,PG1349,KW10741,484.56,Completed,2026-02-16 04:14:00
ORD101743,2025-12-13,BR,P1032,PG1030,KW11725,820.85,Cancelled,2025-12-13 19:33:00
ORD101744,2026-04-04,US,P1023,PG1361,KW10729,2220.06,Completed,2026-04-04 04:33:00
ORD101745,2026-07-14,JP,P1035,PG1198,KW11175,804.49,Completed,2026-07-14 16:42:00
ORD101746,2026-02-04,FR,P1045,PG1038,KW11233,692.35,Returned,2026-02-04 07:21:00
ORD101747,2026-09-12,MX,P1024,PG1411,KW10997,934.47,Completed,2026-09-12 05:09:00
ORD101748,2026-01-24,UK,P1035,PG1349,KW11795,755.16,Returned,2026-01-24 11:00:00
ORD101749,2026-03-11,US,P1031,PG1462,KW11916,705.01,Completed,2026-03-11 03:48:00
ORD101750,2026-08-26,AU,P1041,PG1310,KW10020,3212.11,Returned,2026-08-26 01:53:00
ORD101751,2026-08-17,CA,P1007,PG1458,KW11649,789.43,Completed,2026-08-17 18:48:00
ORD101752,2025-12-24,BR,P1047,PG1362,KW11538,2586.42,Pending,2025-12-24 01:19:00
ORD101753,2025-11-25,CA,P1032,PG1455,KW11963,880.73,Completed,2025-11-25 08:19:00
ORD101754,2026-02-05,CA,P1031,PG1348,KW11378,437.27,Completed,2026-02-05 14:39:00
ORD101755,2026-06-07,BR,P1022,PG1157,KW10729,1648.39,Cancelled,2026-06-07 02:58:00
ORD101756,2026-04-21,IN,P1007,PG1203,KW11122,378.82,Completed,2026-04-21 11:55:00
ORD101757,2026-09-02,CA,P1040,PG1084,KW11670,1065.44,Cancelled,2026-09-02 00:23:00
ORD101758,2025-11-01,BR,P1023,PG1016,KW10300,1966.49,Completed,2025-11-01 06:41:00
ORD101759,2026-01-26,US,P1003,PG1427,KW10706,1210.73,Returned,2026-01-26 14:29:00
ORD101760,2026-08-12,JP,P1022,PG1011,KW10111,571.92,Completed,2026-08-12 12:57:00
ORD101761,2025-11-01,JP,P1027,PG1473,KW11079,1099.36,Returned,2025-11-01 15:06:00
ORD101762,2026-03-26,IN,P1048,PG1136,KW10377,1773.66,Pending,2026-03-26 18:11:00
ORD101763,2025-11-01,US,P1028,PG1429,KW10287,1748.78,Cancelled,2025-11-01 17:32:00
ORD101764,2026-01-22,FR,P1032,PG1037,KW10914,877.76,Completed,2026-01-22 17:03:00
ORD101765,2025-10-08,AU,P1009,PG1346,KW10889,844.28,Completed,2025-10-08 23:47:00
ORD101766,2026-06-22,IN,P1032,PG1005,KW10196,621.31,Completed,2026-06-22 14:41:00
ORD101767,2026-07-25,CA,P1044,PG1079,KW10119,333.86,Completed,2026-07-25 11:03:00
ORD101768,2026-04-27,US,P1023,PG1342,KW11520,1563.52,Pending,2026-04-27 16:41:00
ORD101769,2025-12-13,FR,P1033,PG1344,KW10656,812.33,Returned,2025-12-13 07:47:00
ORD101770,2025-10-25,CA,P1036,PG1031,KW11479,1218.66,Pending,2025-10-25 00:32:00
ORD101771,2025-10-31,IN,P1046,PG1084,KW11236,1439.67,Pending,2025-10-31 03:46:00
ORD101772,2026-01-14,UK,P1007,PG1225,KW10345,1469.97,Completed,2026-01-14 18:50:00
ORD101773,2025-12-14,MX,P1042,PG1452,KW10569,717.77,Completed,2025-12-14 06:08:00
ORD101774,2025-12-29,DE,P1046,PG1087,KW11808,1107.41,Completed,2025-12-29 12:58:00
ORD101775,2026-08-26,CA,P1013,PG1417,KW11368,573.82,Returned,2026-08-26 23:06:00
ORD101776,2026-05-19,JP,P1047,PG1496,KW10341,527.03,Cancelled,2026-05-19 05:38:00
ORD101777,2026-04-29,CA,P1026,PG1024,KW10901,412.3,Completed,2026-04-29 09:18:00
ORD101778,2026-04-10,FR,P1038,PG1045,KW10809,610.79,Completed,2026-04-10 10:19:00
ORD101779,2026-01-10,FR,P1010,PG1480,KW11760,781.77,Pending,2026-01-10 17:58:00
ORD101780,2026-04-21,JP,P1038,PG1338,KW11859,123.76,Completed,2026-04-21 11:52:00
ORD101781,2026-08-01,IN,P1016,PG1389,KW10556,1358.03,Completed,2026-08-01 08:25:00
ORD101782,2025-10-10,BR,P1023,PG1285,KW11013,357.66,Cancelled,2025-10-10 05:14:00
ORD101783,2025-12-26,DE,P1048,PG1146,KW10018,3331.13,Completed,2025-12-26 19:03:00
ORD101784,2026-02-28,BR,P1005,PG1056,KW10327,1182.2,Pending,2026-02-28 11:56:00
ORD101785,2026-07-27,UK,P1024,PG1229,KW10448,265.06,Pending,2026-07-27 21:14:00
ORD101786,2026-08-15,US,P1007,PG1289,KW11119,665.36,Completed,2026-08-15 19:58:00
ORD101787,2025-10-06,JP,P1011,PG1091,KW11673,463.24,Cancelled,2025-10-06 04:56:00
ORD101788,2026-08-22,BR,P1013,PG1395,KW11593,784.17,Pending,2026-08-22 08:25:00
ORD101789,2026-01-23,US,P1016,PG1337,KW11288,1338.72,Completed,2026-01-23 18:33:00
ORD101790,2026-02-22,CA,P1005,PG1312,KW10871,1423.1,Completed,2026-02-22 08:32:00
ORD101791,2026-02-01,CA,P1026,PG1332,KW11036,1095.91,Cancelled,2026-02-01 12:05:00
ORD101792,2025-12-11,MX,P1003,PG1349,KW10128,602.5,Completed,2025-12-11 01:26:00
ORD101793,2026-09-13,DE,P1011,PG1498,KW10920,1289.99,Cancelled,2026-09-13 17:02:00
ORD101794,2026-08-24,DE,P1037,PG1021,KW10247,995.84,Completed,2026-08-24 05:05:00
ORD101795,2026-01-06,UK,P1005,PG1415,KW10267,592.4,Cancelled,2026-01-06 16:29:00
ORD101796,2026-01-13,BR,P1033,PG1226,KW10535,971.65,Pending,2026-01-13 15:56:00
ORD101797,2026-01-28,CA,P1034,PG1176,KW11027,590.23,Completed,2026-01-28 03:17:00
ORD101798,2026-02-02,BR,P1037,PG1065,KW10678,2670.17,Completed,2026-02-02 09:09:00
ORD101799,2026-03-22,US,P1039,PG1207,KW11534,850.23,Completed,2026-03-22 20:54:00
ORD101800,2026-07-24,DE,P1025,PG1339,KW11391,820.12,Completed,2026-07-24 01:47:00
ORD101801,2026-02-23,US,P1019,PG1473,KW10113,1860.36,Pending,2026-02-23 14:28:00
ORD101802,2025-10-01,IN,P1035,PG1067,KW11156,1218.52,Returned,2025-10-01 03:50:00
ORD101803,2025-12-15,DE,P1038,PG1279,KW10580,431.77,Pending,2025-12-15 20:52:00
ORD101804,2026-07-27,CA,P1030,PG1021,KW10858,2306.94,Completed,2026-07-27 07:55:00
ORD101805,2026-04-04,DE,P1009,PG1048,KW10415,399.85,Completed,2026-04-04 22:34:00
ORD101806,2025-11-27,UK,P1024,PG1175,KW11098,1950.3,Pending,2025-11-27 16:03:00
ORD101807,2026-02-21,BR,P1037,PG1281,KW11832,1230.28,Completed,2026-02-21 07:17:00
ORD101808,2026-09-11,JP,P1003,PG1149,KW10623,383.1,Completed,2026-09-11 08:11:00
ORD101809,2026-04-18,JP,P1049,PG1273,KW11073,1974.49,Pending,2026-04-18 09:09:00
ORD101810,2026-04-14,BR,P1002,PG1406,KW10814,483.65,Completed,2026-04-14 18:27:00
ORD101811,2026-02-05,AU,P1036,PG1039,KW11683,1084.58,Cancelled,2026-02-05 18:06:00
ORD101812,2026-07-21,FR,P1031,PG1489,KW11742,1792.88,Returned,2026-07-21 04:39:00
ORD101813,2026-05-25,FR,P1032,PG1412,KW11149,1567.12,Cancelled,2026-05-25 08:12:00
ORD101814,2026-04-21,BR,P1011,PG1382,KW11256,819.49,Completed,2026-04-21 07:20:00
ORD101815,2026-07-04,AU,P1013,PG1196,KW10056,614.51,Returned,2026-07-04 14:52:00
ORD101816,2026-03-09,UK,P1003,PG1387,KW11469,479.03,Completed,2026-03-09 07:03:00
ORD101817,2026-06-25,AU,P1004,PG1221,KW11214,1493.19,Completed,2026-06-25 06:04:00
ORD101818,2026-06-29,IN,P1024,PG1384,KW11347,706.45,Returned,2026-06-29 05:32:00
ORD101819,2026-06-12,AU,P1016,PG1376,KW10055,664.27,Pending,2026-06-12 20:02:00
ORD101820,2026-04-13,IN,P1042,PG1026,KW11628,437.71,Completed,2026-04-13 21:47:00
ORD101821,2026-05-10,FR,P1023,PG1084,KW11912,471.17,Pending,2026-05-10 00:20:00
ORD101822,2025-12-06,CA,P1031,PG1158,KW11921,1376.08,Returned,2025-12-06 04:28:00
ORD101823,2025-11-04,IN,P1034,PG1040,KW11884,913.15,Pending,2025-11-04 06:44:00
ORD101824,2026-09-29,MX,P1038,PG1149,KW10668,1173.85,Completed,2026-09-29 17:36:00
ORD101825,2026-02-14,BR,P1049,PG1482,KW10941,952.47,Completed,2026-02-14 11:56:00
ORD101826,2026-07-15,MX,P1012,PG1057,KW11179,544.0,Completed,2026-07-15 23:38:00
ORD101827,2026-02-12,AU,P1029,PG1313,KW10289,412.96,Pending,2026-02-12 10:47:00
ORD101828,2026-06-12,JP,P1005,PG1267,KW11933,1848.24,Completed,2026-06-12 08:36:00
ORD101829,2025-12-01,MX,P1010,PG1067,KW10330,593.03,Pending,2025-12-01 18:41:00
ORD101830,2026-03-10,MX,P1022,PG1112,KW10143,412.96,Pending,2026-03-10 19:27:00
ORD101831,2026-05-10,MX,P1042,PG1343,KW11947,976.32,Cancelled,2026-05-10 22:54:00
ORD101832,2025-12-21,JP,P1028,PG1014,KW11774,654.09,Completed,2025-12-21 05:03:00
ORD101833,2026-08-04,JP,P1019,PG1408,KW10934,2768.23,Returned,2026-08-04 23:44:00
ORD101834,2026-07-15,BR,P1032,PG1054,KW11194,461.0,Completed,2026-07-15 01:35:00
ORD101835,2025-10-06,IN,P1033,PG1433,KW10710,4431.7,Cancelled,2025-10-06 22:36:00
ORD101836,2026-09-25,BR,P1001,PG1362,KW10697,1314.59,Completed,2026-09-25 15:44:00
ORD101837,2026-05-27,IN,P1030,PG1231,KW10763,633.87,Cancelled,2026-05-27 04:18:00
ORD101838,2025-11-21,DE,P1015,PG1338,KW11944,645.21,Cancelled,2025-11-21 01:16:00
ORD101839,2025-11-21,MX,P1041,PG1341,KW10201,783.66,Pending,2025-11-21 15:00:00
ORD101840,2025-10-09,MX,P1016,PG1348,KW10679,1291.73,Cancelled,2025-10-09 11:25:00
ORD101841,2026-01-14,AU,P1041,PG1247,KW11328,1826.83,Completed,2026-01-14 11:45:00
ORD101842,2025-12-31,FR,P1013,PG1275,KW10475,374.6,Completed,2025-12-31 15:50:00
ORD101843,2025-11-16,US,P1044,PG1183,KW11670,665.37,Completed,2025-11-16 21:58:00
ORD101844,2026-09-29,CA,P1041,PG1358,KW10594,1186.92,Returned,2026-09-29 12:46:00
ORD101845,2026-09-14,JP,P1040,PG1040,KW10929,927.87,Cancelled,2026-09-14 14:17:00
ORD101846,2026-08-18,US,P1046,PG1106,KW11861,1076.56,Returned,2026-08-18 22:42:00
ORD101847,2025-10-25,BR,P1013,PG1127,KW10278,374.6,Cancelled,2025-10-25 03:38:00
ORD101848,2026-05-02,BR,P1008,PG1269,KW11763,662.13,Cancelled,2026-05-02 06:03:00
ORD101849,2026-09-03,MX,P1045,PG1371,KW10599,2132.37,Pending,2026-09-03 16:00:00
ORD101850,2026-06-13,DE,P1047,PG1386,KW11761,2202.54,Completed,2026-06-13 04:46:00
ORD101851,2025-11-01,IN,P1036,PG1051,KW11296,1010.58,Pending,2025-11-01 08:26:00
ORD101852,2026-02-25,MX,P1013,PG1193,KW10161,786.49,Completed,2026-02-25 15:03:00
ORD101853,2026-02-09,FR,P1036,PG1306,KW10337,1373.89,Pending,2026-02-09 14:14:00
ORD101854,2025-11-04,DE,P1009,PG1492,KW10411,2075.74,Completed,2025-11-04 01:49:00
ORD101855,2025-12-05,BR,P1008,PG1227,KW10147,823.06,Cancelled,2025-12-05 03:39:00
ORD101856,2026-09-14,JP,P1012,PG1453,KW10606,394.05,Completed,2026-09-14 22:32:00
ORD101857,2026-04-14,DE,P1041,PG1312,KW10628,816.8,Cancelled,2026-04-14 13:02:00
ORD101858,2026-01-05,AU,P1014,PG1141,KW11498,1166.31,Pending,2026-01-05 17:33:00
ORD101859,2026-04-26,CA,P1033,PG1180,KW11149,1582.98,Returned,2026-04-26 15:03:00
ORD101860,2026-02-23,FR,P1049,PG1461,KW10930,1050.63,Completed,2026-02-23 21:31:00
ORD101861,2026-08-29,DE,P1013,PG1344,KW11809,593.73,Completed,2026-08-29 14:53:00
ORD101862,2026-04-02,US,P1048,PG1239,KW11795,993.06,Completed,2026-04-02 17:12:00
ORD101863,2026-08-01,FR,P1048,PG1401,KW10947,1170.75,Pending,2026-08-01 14:19:00
ORD101864,2026-03-02,MX,P1005,PG1021,KW11097,1003.35,Completed,2026-03-02 18:33:00
ORD101865,2026-06-09,US,P1043,PG1082,KW11446,900.97,Completed,2026-06-09 06:28:00
ORD101866,2026-01-29,DE,P1026,PG1243,KW10866,629.29,Completed,2026-01-29 15:52:00
ORD101867,2026-09-17,AU,P1017,PG1212,KW11983,560.78,Completed,2026-09-17 10:12:00
ORD101868,2025-10-19,BR,P1015,PG1213,KW11795,1002.93,Completed,2025-10-19 02:57:00
ORD101869,2026-03-08,BR,P1030,PG1202,KW10559,500.03,Cancelled,2026-03-08 22:42:00
ORD101870,2026-08-29,JP,P1022,PG1228,KW11322,498.61,Completed,2026-08-29 06:52:00
ORD101871,2026-07-23,AU,P1042,PG1271,KW10980,2750.33,Pending,2026-07-23 14:14:00
ORD101872,2025-11-29,CA,P1001,PG1097,KW11041,876.73,Completed,2025-11-29 22:46:00
ORD101873,2025-12-05,FR,P1050,PG1170,KW10842,1061.56,Pending,2025-12-05 02:55:00
ORD101874,2026-05-28,BR,P1007,PG1353,KW10465,2308.61,Completed,2026-05-28 00:52:00
ORD101875,2026-01-26,JP,P1050,PG1176,KW10497,327.16,Completed,2026-01-26 00:59:00
ORD101876,2026-05-31,JP,P1013,PG1405,KW10401,739.98,Returned,2026-05-31 12:18:00
ORD101877,2026-09-06,JP,P1009,PG1080,KW10508,691.78,Completed,2026-09-06 14:14:00
ORD101878,2026-05-05,BR,P1046,PG1211,KW11769,683.99,Returned,2026-05-05 17:52:00
ORD101879,2026-09-29,MX,P1022,PG1251,KW10255,625.32,Completed,2026-09-29 06:43:00
ORD101880,2026-01-09,DE,P1035,PG1106,KW10622,843.92,Returned,2026-01-09 12:29:00
ORD101881,2026-05-25,JP,P1018,PG1009,KW11646,369.97,Completed,2026-05-25 04:59:00
ORD101882,2026-06-28,IN,P1042,PG1355,KW11490,296.89,Completed,2026-06-28 18:05:00
ORD101883,2026-02-03,JP,P1043,PG1073,KW11162,475.74,Pending,2026-02-03 06:22:00
ORD101884,2026-01-02,JP,P1022,PG1496,KW11386,459.26,Cancelled,2026-01-02 01:20:00
ORD101885,2026-05-31,FR,P1036,PG1136,KW10206,629.2,Completed,2026-05-31 23:50:00
ORD101886,2026-07-31,US,P1009,PG1388,KW10865,1401.0,Completed,2026-07-31 10:31:00
ORD101887,2026-08-14,JP,P1020,PG1444,KW11237,1070.41,Completed,2026-08-14 13:25:00
ORD101888,2026-09-25,IN,P1032,PG1316,KW10106,770.66,Completed,2026-09-25 15:03:00
ORD101889,2026-09-01,BR,P1016,PG1267,KW10179,557.88,Completed,2026-09-01 15:41:00
ORD101890,2026-04-10,AU,P1021,PG1312,KW10425,1629.56,Completed,2026-04-10 20:20:00
ORD101891,2025-12-09,MX,P1014,PG1425,KW10282,1383.16,Completed,2025-12-09 04:02:00
ORD101892,2025-10-28,AU,P1014,PG1430,KW10029,1635.41,Completed,2025-10-28 06:07:00
ORD101893,2025-11-18,JP,P1036,PG1261,KW11616,778.17,Completed,2025-11-18 05:32:00
ORD101894,2026-01-01,MX,P1026,PG1310,KW10219,1140.03,Returned,2026-01-01 21:57:00
ORD101895,2026-06-22,JP,P1037,PG1052,KW11234,381.88,Completed,2026-06-22 23:46:00
ORD101896,2025-11-16,UK,P1015,PG1077,KW10029,475.96,Pending,2025-11-16 18:54:00
ORD101897,2026-04-20,DE,P1008,PG1166,KW11920,558.32,Returned,2026-04-20 04:51:00
ORD101898,2025-10-05,DE,P1035,PG1334,KW11485,1247.21,Cancelled,2025-10-05 07:30:00
ORD101899,2025-12-10,BR,P1050,PG1188,KW10964,321.54,Cancelled,2025-12-10 06:09:00
ORD101900,2026-02-02,JP,P1046,PG1159,KW10102,1117.37,Completed,2026-02-02 03:37:00
ORD101901,2026-06-29,UK,P1003,PG1195,KW10030,1167.22,Completed,2026-06-29 06:14:00
ORD101902,2026-06-27,JP,P1027,PG1126,KW10942,259.1,Completed,2026-06-27 08:31:00
ORD101903,2026-03-02,FR,P1023,PG1298,KW10334,766.58,Pending,2026-03-02 04:19:00
ORD101904,2025-11-27,DE,P1012,PG1076,KW10486,740.84,Returned,2025-11-27 02:56:00
ORD101905,2026-05-03,MX,P1035,PG1388,KW10682,354.65,Completed,2026-05-03 18:31:00
ORD101906,2025-11-20,JP,P1013,PG1457,KW11257,745.99,Completed,2025-11-20 04:57:00
ORD101907,2026-03-26,DE,P1047,PG1227,KW10999,466.77,Returned,2026-03-26 15:43:00
ORD101908,2026-01-23,DE,P1050,PG1322,KW10212,1183.24,Completed,2026-01-23 01:58:00
ORD101909,2025-12-04,UK,P1022,PG1121,KW10329,2826.24,Cancelled,2025-12-04 11:25:00
ORD101910,2025-12-29,AU,P1031,PG1146,KW10975,1540.99,Completed,2025-12-29 13:51:00
ORD101911,2025-11-01,BR,P1036,PG1298,KW11977,1036.89,Completed,2025-11-01 03:07:00
ORD101912,2026-09-08,DE,P1002,PG1396,KW10418,579.98,Cancelled,2026-09-08 11:31:00
ORD101913,2025-11-06,UK,P1043,PG1325,KW10527,361.58,Completed,2025-11-06 17:45:00
ORD101914,2025-11-01,FR,P1046,PG1436,KW11808,385.48,Returned,2025-11-01 11:03:00
ORD101915,2026-09-11,DE,P1030,PG1432,KW11451,916.85,Returned,2026-09-11 06:13:00
ORD101916,2026-09-18,JP,P1026,PG1116,KW10376,567.01,Cancelled,2026-09-18 05:08:00
ORD101917,2026-07-17,MX,P1034,PG1034,KW10380,1069.62,Completed,2026-07-17 04:18:00
ORD101918,2025-10-27,JP,P1012,PG1122,KW11909,363.27,Returned,2025-10-27 08:38:00
ORD101919,2026-08-06,CA,P1045,PG1477,KW10656,593.29,Pending,2026-08-06 06:44:00
ORD101920,2026-01-12,IN,P1014,PG1116,KW11575,1241.8,Returned,2026-01-12 19:12:00
ORD101921,2026-04-15,DE,P1031,PG1234,KW10520,1502.85,Completed,2026-04-15 06:27:00
ORD101922,2026-09-05,DE,P1002,PG1335,KW10519,402.19,Cancelled,2026-09-05 22:21:00
ORD101923,2026-07-10,AU,P1005,PG1263,KW10717,1629.37,Pending,2026-07-10 20:19:00
ORD101924,2025-10-21,JP,P1037,PG1327,KW10440,1765.04,Pending,2025-10-21 03:36:00
ORD101925,2026-09-11,MX,P1006,PG1269,KW11046,1311.97,Completed,2026-09-11 18:41:00
ORD101926,2025-10-28,JP,P1034,PG1243,KW11221,1055.06,Returned,2025-10-28 05:45:00
ORD101927,2026-03-20,JP,P1010,PG1461,KW10519,250.54,Pending,2026-03-20 01:02:00
ORD101928,2025-11-20,BR,P1025,PG1419,KW10652,2688.54,Completed,2025-11-20 16:38:00
ORD101929,2026-05-31,BR,P1004,PG1383,KW10429,1126.68,Cancelled,2026-05-31 21:47:00
ORD101930,2025-12-13,US,P1028,PG1257,KW10218,456.37,Completed,2025-12-13 04:21:00
ORD101931,2026-07-31,US,P1035,PG1138,KW10328,757.21,Pending,2026-07-31 02:32:00
ORD101932,2026-06-05,AU,P1036,PG1386,KW11692,379.72,Completed,2026-06-05 16:44:00
ORD101933,2025-11-16,BR,P1035,PG1247,KW10731,4537.53,Completed,2025-11-16 08:00:00
ORD101934,2026-08-23,JP,P1023,PG1287,KW10058,1027.02,Returned,2026-08-23 08:03:00
ORD101935,2026-03-08,FR,P1035,PG1444,KW10111,334.94,Pending,2026-03-08 13:56:00
ORD101936,2026-03-12,MX,P1033,PG1410,KW11204,1271.66,Returned,2026-03-12 05:02:00
ORD101937,2026-01-07,MX,P1041,PG1396,KW11126,854.15,Returned,2026-01-07 11:09:00
ORD101938,2026-02-03,CA,P1038,PG1256,KW10561,833.71,Returned,2026-02-03 07:47:00
ORD101939,2026-08-26,BR,P1003,PG1484,KW10804,371.22,Returned,2026-08-26 16:14:00
ORD101940,2026-05-12,FR,P1044,PG1101,KW11674,969.35,Returned,2026-05-12 05:47:00
ORD101941,2026-08-31,FR,P1043,PG1080,KW11257,1258.34,Cancelled,2026-08-31 15:49:00
ORD101942,2026-09-05,AU,P1046,PG1386,KW11979,970.63,Completed,2026-09-05 07:00:00
ORD101943,2026-09-24,AU,P1035,PG1135,KW11417,1815.99,Cancelled,2026-09-24 03:49:00
ORD101944,2025-12-18,US,P1011,PG1009,KW10023,1259.55,Completed,2025-12-18 04:33:00
ORD101945,2026-01-30,JP,P1005,PG1326,KW11107,377.92,Completed,2026-01-30 06:36:00
ORD101946,2026-08-12,BR,P1031,PG1355,KW10385,866.69,Returned,2026-08-12 03:31:00
ORD101947,2026-09-20,CA,P1032,PG1412,KW11823,1215.94,Cancelled,2026-09-20 10:15:00
ORD101948,2026-07-14,US,P1003,PG1002,KW10380,403.51,Completed,2026-07-14 08:41:00
ORD101949,2026-06-25,IN,P1043,PG1148,KW10032,224.3,Completed,2026-06-25 05:21:00
ORD101950,2026-02-24,MX,P1008,PG1290,KW11981,1640.02,Completed,2026-02-24 04:14:00
ORD101951,2026-07-09,IN,P1039,PG1474,KW11538,491.88,Completed,2026-07-09 22:49:00
ORD101952,2025-10-21,JP,P1025,PG1121,KW11246,680.95,Cancelled,2025-10-21 16:51:00
ORD101953,2025-10-25,FR,P1030,PG1228,KW11277,1451.28,Pending,2025-10-25 18:17:00
ORD101954,2026-05-22,JP,P1007,PG1055,KW10923,261.24,Pending,2026-05-22 20:01:00
ORD101955,2026-02-03,DE,P1047,PG1135,KW11219,263.13,Cancelled,2026-02-03 17:39:00
ORD101956,2025-12-06,US,P1040,PG1427,KW10673,1361.22,Returned,2025-12-06 16:49:00
ORD101957,2026-06-11,AU,P1025,PG1395,KW10895,555.01,Completed,2026-06-11 11:01:00
ORD101958,2026-04-20,IN,P1029,PG1483,KW11537,1180.86,Returned,2026-04-20 15:12:00
ORD101959,2026-06-14,UK,P1033,PG1354,KW11145,430.5,Cancelled,2026-06-14 13:53:00
ORD101960,2026-01-19,IN,P1040,PG1185,KW11926,496.35,Cancelled,2026-01-19 07:02:00
ORD101961,2026-01-17,FR,P1026,PG1037,KW11806,1911.72,Returned,2026-01-17 19:39:00
ORD101962,2026-09-30,AU,P1023,PG1307,KW11934,939.85,Pending,2026-09-30 14:55:00
ORD101963,2026-06-08,AU,P1013,PG1188,KW10198,1093.94,Completed,2026-06-08 19:31:00
ORD101964,2025-10-26,DE,P1012,PG1149,KW11545,2414.74,Completed,2025-10-26 03:38:00
ORD101965,2025-10-14,US,P1022,PG1065,KW10855,699.42,Pending,2025-10-14 03:38:00
ORD101966,2025-11-27,AU,P1036,PG1425,KW10110,972.29,Completed,2025-11-27 03:03:00
ORD101967,2025-11-08,UK,P1045,PG1001,KW11588,2020.71,Completed,2025-11-08 16:37:00
ORD101968,2026-09-13,MX,P1027,PG1395,KW11081,897.57,Returned,2026-09-13 19:59:00
ORD101969,2026-02-16,BR,P1033,PG1133,KW10392,4422.16,Completed,2026-02-16 09:06:00
ORD101970,2026-05-20,FR,P1005,PG1251,KW10134,372.45,Completed,2026-05-20 06:55:00
ORD101971,2026-07-24,BR,P1028,PG1011,KW10466,1426.35,Pending,2026-07-24 22:35:00
ORD101972,2026-03-31,FR,P1044,PG1480,KW11155,285.34,Returned,2026-03-31 05:25:00
ORD101973,2026-01-13,MX,P1006,PG1061,KW11197,1096.18,Pending,2026-01-13 17:36:00
ORD101974,2026-01-10,DE,P1013,PG1215,KW11169,2273.23,Completed,2026-01-10 11:34:00
ORD101975,2026-04-03,MX,P1033,PG1153,KW11623,840.28,Pending,2026-04-03 02:49:00
ORD101976,2026-03-30,AU,P1004,PG1453,KW10204,1595.72,Cancelled,2026-03-30 18:28:00
ORD101977,2026-05-20,AU,P1021,PG1033,KW10581,1623.97,Completed,2026-05-20 19:20:00
ORD101978,2026-06-25,BR,P1044,PG1168,KW10683,567.12,Completed,2026-06-25 03:23:00
ORD101979,2025-12-07,CA,P1020,PG1282,KW11688,773.36,Completed,2025-12-07 06:48:00
ORD101980,2026-06-09,CA,P1020,PG1320,KW10176,515.44,Pending,2026-06-09 19:55:00
ORD101981,2026-08-03,BR,P1009,PG1142,KW10879,855.93,Completed,2026-08-03 15:43:00
ORD101982,2026-05-27,UK,P1020,PG1284,KW10812,598.67,Completed,2026-05-27 08:03:00
ORD101983,2025-11-30,US,P1001,PG1078,KW10966,1722.86,Returned,2025-11-30 19:35:00
ORD101984,2026-01-21,JP,P1036,PG1328,KW10435,1067.36,Returned,2026-01-21 05:26:00
ORD101985,2026-02-05,MX,P1018,PG1165,KW11756,796.04,Returned,2026-02-05 06:37:00
ORD101986,2026-03-21,FR,P1035,PG1494,KW11678,1174.55,Completed,2026-03-21 03:53:00
ORD101987,2026-01-08,IN,P1026,PG1170,KW11854,1086.04,Returned,2026-01-08 03:37:00
ORD101988,2026-04-20,CA,P1028,PG1314,KW11628,538.84,Returned,2026-04-20 07:44:00
ORD101989,2026-06-20,US,P1041,PG1399,KW11380,1392.36,Completed,2026-06-20 15:39:00
ORD101990,2026-02-28,CA,P1038,PG1411,KW10399,612.45,Completed,2026-02-28 18:06:00
ORD101991,2026-07-04,US,P1038,PG1320,KW10658,1680.83,Pending,2026-07-04 18:09:00
ORD101992,2026-09-16,BR,P1046,PG1195,KW11976,2121.11,Completed,2026-09-16 16:22:00
ORD101993,2026-07-07,AU,P1039,PG1175,KW11530,977.28,Completed,2026-07-07 10:02:00
ORD101994,2026-02-09,AU,P1030,PG1251,KW10546,456.55,Cancelled,2026-02-09 23:33:00
ORD101995,2025-12-28,CA,P1006,PG1057,KW10903,569.57,Cancelled,2025-12-28 19:44:00
ORD101996,2026-08-08,BR,P1027,PG1340,KW11808,1448.84,Cancelled,2026-08-08 14:53:00
ORD101997,2026-07-13,BR,P1010,PG1435,KW11152,570.9,Returned,2026-07-13 10:10:00
ORD101998,2026-07-13,IN,P1003,PG1418,KW10613,364.86,Cancelled,2026-07-13 13:49:00
ORD101999,2026-06-26,JP,P1015,PG1316,KW10166,1079.96,Cancelled,2026-06-26 13:03:00
ORD102000,2025-11-27,JP,P1005,PG1123,KW10064,552.14,Completed,2025-11-27 05:40:00
ORD102001,2026-09-18,IN,P1012,PG1472,KW10754,1734.77,Returned,2026-09-18 00:30:00
ORD102002,2025-10-29,DE,P1034,PG1319,KW10879,1037.32,Pending,2025-10-29 09:29:00
ORD102003,2026-06-13,DE,P1050,PG1127,KW11529,1489.57,Pending,2026-06-13 08:22:00
ORD102004,2026-07-23,BR,P1005,PG1327,KW11521,991.47,Completed,2026-07-23 17:09:00
ORD102005,2026-01-14,CA,P1045,PG1479,KW11122,755.4,Returned,2026-01-14 01:46:00
ORD102006,2025-10-07,JP,P1010,PG1399,KW10768,990.18,Pending,2025-10-07 15:57:00
ORD102007,2026-03-26,BR,P1001,PG1362,KW10144,486.68,Pending,2026-03-26 16:28:00
ORD102008,2025-10-18,IN,P1012,PG1347,KW10896,392.5,Returned,2025-10-18 11:22:00
ORD102009,2026-09-30,CA,P1035,PG1034,KW10336,227.46,Returned,2026-09-30 13:25:00
ORD102010,2026-02-02,MX,P1026,PG1470,KW11140,716.58,Completed,2026-02-02 02:18:00
ORD102011,2026-07-02,BR,P1022,PG1081,KW11511,2350.65,Completed,2026-07-02 13:50:00
ORD102012,2026-02-23,DE,P1025,PG1478,KW10278,261.17,Cancelled,2026-02-23 16:53:00
ORD102013,2026-09-14,UK,P1001,PG1038,KW11136,1919.22,Cancelled,2026-09-14 15:20:00
ORD102014,2026-03-25,IN,P1025,PG1191,KW11433,773.95,Completed,2026-03-25 09:55:00
ORD102015,2026-01-03,FR,P1004,PG1490,KW10513,1446.04,Cancelled,2026-01-03 23:14:00
ORD102016,2026-09-22,CA,P1002,PG1489,KW10045,2256.65,Completed,2026-09-22 04:29:00
ORD102017,2025-11-18,CA,P1033,PG1080,KW11101,435.03,Returned,2025-11-18 06:28:00
ORD102018,2026-08-07,FR,P1007,PG1014,KW11568,1040.86,Completed,2026-08-07 17:22:00
ORD102019,2026-07-08,US,P1018,PG1150,KW10781,481.57,Cancelled,2026-07-08 02:33:00
ORD102020,2026-02-21,BR,P1009,PG1273,KW10365,1166.6,Cancelled,2026-02-21 12:48:00
ORD102021,2026-08-01,BR,P1033,PG1389,KW10987,791.86,Cancelled,2026-08-01 08:01:00
ORD102022,2026-01-25,US,P1031,PG1329,KW11640,1386.31,Completed,2026-01-25 12:55:00
ORD102023,2025-11-19,BR,P1045,PG1303,KW10015,626.71,Completed,2025-11-19 00:00:00
ORD102024,2026-02-16,JP,P1028,PG1308,KW11220,965.08,Completed,2026-02-16 22:42:00
ORD102025,2025-10-01,JP,P1046,PG1278,KW11143,1150.28,Completed,2025-10-01 18:22:00
ORD102026,2025-10-07,FR,P1026,PG1406,KW10498,325.02,Completed,2025-10-07 11:24:00
ORD102027,2026-09-23,US,P1031,PG1270,KW11813,938.78,Cancelled,2026-09-23 17:53:00
ORD102028,2026-08-08,CA,P1014,PG1218,KW11980,658.8,Cancelled,2026-08-08 19:41:00
ORD102029,2025-11-14,IN,P1031,PG1459,KW10182,2604.06,Pending,2025-11-14 05:24:00
ORD102030,2026-04-04,JP,P1001,PG1469,KW11099,2732.71,Pending,2026-04-04 18:22:00
ORD102031,2026-01-17,MX,P1021,PG1467,KW10221,2139.64,Completed,2026-01-17 18:19:00
ORD102032,2026-01-11,DE,P1024,PG1160,KW11345,492.78,Completed,2026-01-11 17:02:00
ORD102033,2026-05-05,FR,P1005,PG1147,KW10371,1761.42,Completed,2026-05-05 19:47:00
ORD102034,2025-11-28,BR,P1038,PG1191,KW11474,594.41,Completed,2025-11-28 05:58:00
ORD102035,2025-12-10,JP,P1040,PG1048,KW10367,470.64,Pending,2025-12-10 15:38:00
ORD102036,2026-09-28,FR,P1032,PG1185,KW10141,441.36,Completed,2026-09-28 16:05:00
ORD102037,2026-04-13,IN,P1033,PG1200,KW10764,1101.39,Completed,2026-04-13 13:24:00
ORD102038,2025-12-15,CA,P1015,PG1365,KW10092,627.68,Cancelled,2025-12-15 18:36:00
ORD102039,2026-04-15,FR,P1022,PG1227,KW10517,1402.4,Pending,2026-04-15 14:55:00
ORD102040,2026-06-01,DE,P1032,PG1392,KW11109,941.69,Completed,2026-06-01 23:01:00
ORD102041,2025-10-26,IN,P1037,PG1228,KW10022,492.49,Pending,2025-10-26 11:12:00
ORD102042,2026-09-03,JP,P1033,PG1177,KW11200,691.0,Completed,2026-09-03 20:01:00
ORD102043,2026-05-28,IN,P1005,PG1349,KW10304,1542.29,Returned,2026-05-28 23:04:00
ORD102044,2026-09-02,UK,P1016,PG1468,KW10503,270.52,Completed,2026-09-02 23:48:00
ORD102045,2025-12-29,JP,P1016,PG1143,KW10144,1006.12,Completed,2025-12-29 07:38:00
ORD102046,2026-08-31,AU,P1036,PG1415,KW10648,547.75,Completed,2026-08-31 12:47:00
ORD102047,2025-10-07,DE,P1019,PG1305,KW10514,500.48,Returned,2025-10-07 13:50:00
ORD102048,2026-03-19,UK,P1043,PG1340,KW11892,630.88,Returned,2026-03-19 20:23:00
ORD102049,2025-12-02,IN,P1034,PG1190,KW10199,762.49,Completed,2025-12-02 03:23:00
ORD102050,2026-03-19,DE,P1004,PG1037,KW11203,1339.81,Completed,2026-03-19 13:29:00
ORD102051,2025-10-29,FR,P1038,PG1186,KW11129,1046.12,Pending,2025-10-29 10:16:00
ORD102052,2026-07-02,MX,P1039,PG1455,KW11050,257.23,Pending,2026-07-02 19:04:00
ORD102053,2026-07-02,JP,P1019,PG1040,KW10790,1405.66,Completed,2026-07-02 05:16:00
ORD102054,2026-07-31,US,P1030,PG1437,KW11619,1378.13,Completed,2026-07-31 01:33:00
ORD102055,2026-01-13,AU,P1005,PG1387,KW10885,753.29,Completed,2026-01-13 02:45:00
ORD102056,2025-12-14,MX,P1029,PG1343,KW10133,535.94,Completed,2025-12-14 07:46:00
ORD102057,2026-03-13,DE,P1026,PG1493,KW10477,1397.86,Returned,2026-03-13 10:28:00
ORD102058,2026-08-30,JP,P1002,PG1166,KW11107,1153.69,Cancelled,2026-08-30 08:09:00
ORD102059,2026-01-15,DE,P1002,PG1236,KW10973,1062.17,Pending,2026-01-15 01:32:00
ORD102060,2026-05-09,UK,P1044,PG1165,KW10319,1235.98,Completed,2026-05-09 13:34:00
ORD102061,2026-08-06,MX,P1008,PG1032,KW10961,937.01,Completed,2026-08-06 01:12:00
ORD102062,2026-03-10,UK,P1016,PG1294,KW10939,757.8,Completed,2026-03-10 14:56:00
ORD102063,2026-03-02,DE,P1026,PG1062,KW10930,932.98,Completed,2026-03-02 09:20:00
ORD102064,2026-09-23,US,P1004,PG1232,KW10002,1282.43,Pending,2026-09-23 17:13:00
ORD102065,2025-11-12,IN,P1043,PG1424,KW11008,1371.13,Completed,2025-11-12 11:07:00
ORD102066,2026-06-02,FR,P1013,PG1132,KW11361,743.89,Completed,2026-06-02 11:14:00
ORD102067,2026-05-23,MX,P1035,PG1043,KW10154,1368.75,Completed,2026-05-23 16:31:00
ORD102068,2026-03-18,UK,P1035,PG1085,KW10608,327.81,Pending,2026-03-18 22:30:00
ORD102069,2026-04-12,MX,P1018,PG1053,KW11079,789.47,Completed,2026-04-12 03:13:00
ORD102070,2026-05-02,UK,P1028,PG1473,KW10623,707.58,Returned,2026-05-02 19:11:00
ORD102071,2025-10-22,US,P1004,PG1046,KW10736,1670.0,Completed,2025-10-22 23:22:00
ORD102072,2026-06-23,CA,P1049,PG1318,KW11420,369.19,Pending,2026-06-23 05:13:00
ORD102073,2026-08-25,CA,P1004,PG1289,KW10631,611.2,Completed,2026-08-25 18:14:00
ORD102074,2025-11-30,IN,P1027,PG1189,KW10676,657.39,Completed,2025-11-30 05:50:00
ORD102075,2025-10-27,JP,P1030,PG1334,KW10737,826.44,Returned,2025-10-27 19:39:00
ORD102076,2026-06-16,UK,P1007,PG1172,KW11315,1605.01,Completed,2026-06-16 10:44:00
ORD102077,2026-02-15,MX,P1035,PG1472,KW10649,631.42,Completed,2026-02-15 07:39:00
ORD102078,2025-12-29,CA,P1033,PG1009,KW10241,1293.3,Cancelled,2025-12-29 20:57:00
ORD102079,2026-08-10,DE,P1029,PG1300,KW10141,365.78,Completed,2026-08-10 16:27:00
ORD102080,2025-10-20,JP,P1002,PG1445,KW11156,466.96,Pending,2025-10-20 05:35:00
ORD102081,2026-04-25,IN,P1007,PG1175,KW10690,464.95,Completed,2026-04-25 23:50:00
ORD102082,2026-08-02,FR,P1046,PG1283,KW10223,1890.4,Returned,2026-08-02 18:46:00
ORD102083,2026-05-17,JP,P1029,PG1322,KW10735,1180.15,Completed,2026-05-17 09:44:00
ORD102084,2025-11-03,IN,P1041,PG1362,KW11164,488.61,Returned,2025-11-03 20:40:00
ORD102085,2026-06-19,IN,P1009,PG1322,KW10660,2263.86,Completed,2026-06-19 06:59:00
ORD102086,2026-01-18,MX,P1015,PG1292,KW10531,1078.44,Returned,2026-01-18 15:27:00
ORD102087,2026-09-19,CA,P1049,PG1344,KW11077,2202.35,Pending,2026-09-19 17:12:00
ORD102088,2026-09-14,US,P1013,PG1112,KW10306,1109.36,Completed,2026-09-14 06:47:00
ORD102089,2025-11-13,DE,P1035,PG1063,KW11083,1812.02,Completed,2025-11-13 21:43:00
ORD102090,2025-12-02,AU,P1046,PG1435,KW10643,1086.06,Completed,2025-12-02 09:55:00
ORD102091,2025-11-27,BR,P1046,PG1341,KW11841,471.34,Pending,2025-11-27 10:41:00
ORD102092,2026-04-14,DE,P1043,PG1057,KW10835,1165.68,Completed,2026-04-14 10:51:00
ORD102093,2026-05-12,CA,P1022,PG1083,KW10647,1475.67,Returned,2026-05-12 04:01:00
ORD102094,2026-09-11,UK,P1050,PG1046,KW10068,1113.71,Returned,2026-09-11 22:56:00
ORD102095,2025-12-23,JP,P1049,PG1363,KW10704,1038.93,Completed,2025-12-23 12:38:00
ORD102096,2026-01-15,DE,P1030,PG1080,KW10501,212.81,Returned,2026-01-15 16:36:00
ORD102097,2026-01-31,US,P1001,PG1284,KW11218,760.91,Completed,2026-01-31 17:35:00
ORD102098,2026-06-09,FR,P1018,PG1144,KW10461,526.1,Cancelled,2026-06-09 02:44:00
ORD102099,2026-07-22,MX,P1044,PG1089,KW11111,436.77,Completed,2026-07-22 07:08:00
ORD102100,2026-08-16,IN,P1025,PG1143,KW11155,270.51,Pending,2026-08-16 11:44:00
ORD102101,2025-12-10,DE,P1002,PG1443,KW11892,748.33,Completed,2025-12-10 17:34:00
ORD102102,2026-01-04,CA,P1029,PG1221,KW11679,532.11,Returned,2026-01-04 20:13:00
ORD102103,2026-07-22,BR,P1044,PG1153,KW11154,2297.53,Returned,2026-07-22 13:47:00
ORD102104,2025-11-09,FR,P1007,PG1365,KW10649,618.3,Returned,2025-11-09 17:21:00
ORD102105,2026-07-31,UK,P1038,PG1407,KW10314,3753.73,Completed,2026-07-31 18:40:00
ORD102106,2025-12-12,US,P1014,PG1077,KW11441,817.91,Pending,2025-12-12 00:53:00
ORD102107,2025-10-28,CA,P1002,PG1219,KW10848,822.42,Completed,2025-10-28 09:07:00
ORD102108,2026-03-12,AU,P1040,PG1392,KW11800,1139.91,Completed,2026-03-12 00:32:00
ORD102109,2025-10-21,CA,P1047,PG1078,KW10580,258.15,Completed,2025-10-21 13:35:00
ORD102110,2026-06-24,JP,P1032,PG1233,KW10538,370.85,Completed,2026-06-24 19:30:00
ORD102111,2026-01-31,BR,P1038,PG1206,KW11478,650.3,Cancelled,2026-01-31 04:04:00
ORD102112,2026-09-07,JP,P1049,PG1375,KW10282,449.89,Pending,2026-09-07 15:25:00
ORD102113,2026-06-09,MX,P1050,PG1227,KW10112,891.3,Completed,2026-06-09 07:24:00
ORD102114,2026-04-03,CA,P1042,PG1381,KW10281,406.71,Returned,2026-04-03 07:39:00
ORD102115,2026-07-05,JP,P1039,PG1054,KW11211,2831.81,Completed,2026-07-05 20:20:00
ORD102116,2026-03-31,US,P1031,PG1152,KW10893,1323.16,Pending,2026-03-31 16:07:00
ORD102117,2026-01-19,JP,P1047,PG1045,KW11170,731.08,Completed,2026-01-19 07:11:00
ORD102118,2026-01-27,FR,P1047,PG1338,KW11237,637.3,Completed,2026-01-27 20:15:00
ORD102119,2026-02-02,AU,P1036,PG1082,KW11963,272.7,Completed,2026-02-02 13:11:00
ORD102120,2025-12-23,IN,P1003,PG1474,KW11871,990.77,Completed,2025-12-23 15:02:00
ORD102121,2026-09-08,IN,P1048,PG1453,KW10186,293.88,Completed,2026-09-08 21:24:00
ORD102122,2026-04-15,FR,P1018,PG1104,KW10435,375.06,Completed,2026-04-15 08:07:00
ORD102123,2026-05-11,CA,P1025,PG1371,KW11495,1603.46,Pending,2026-05-11 14:24:00
ORD102124,2026-04-30,MX,P1039,PG1398,KW11094,376.17,Pending,2026-04-30 16:06:00
ORD102125,2026-06-27,CA,P1026,PG1475,KW11238,1360.61,Completed,2026-06-27 10:17:00
ORD102126,2025-11-12,BR,P1048,PG1136,KW11211,4047.45,Returned,2025-11-12 05:11:00
ORD102127,2026-02-13,FR,P1019,PG1477,KW11640,626.96,Completed,2026-02-13 12:23:00
ORD102128,2026-01-23,DE,P1021,PG1207,KW10336,1411.22,Completed,2026-01-23 00:15:00
ORD102129,2026-03-07,IN,P1014,PG1201,KW11541,2388.46,Returned,2026-03-07 21:53:00
ORD102130,2026-08-11,JP,P1020,PG1482,KW11832,502.73,Cancelled,2026-08-11 02:28:00
ORD102131,2026-04-01,MX,P1028,PG1065,KW11391,1156.02,Completed,2026-04-01 22:58:00
ORD102132,2026-06-30,CA,P1016,PG1453,KW11131,961.55,Pending,2026-06-30 15:51:00
ORD102133,2026-04-18,CA,P1029,PG1269,KW11774,262.21,Cancelled,2026-04-18 18:51:00
ORD102134,2026-05-16,JP,P1042,PG1015,KW10315,1502.32,Returned,2026-05-16 15:17:00
ORD102135,2026-08-05,UK,P1036,PG1144,KW11314,2195.42,Pending,2026-08-05 18:22:00
ORD102136,2026-03-28,IN,P1029,PG1135,KW10859,389.76,Returned,2026-03-28 00:25:00
ORD102137,2025-11-24,BR,P1044,PG1487,KW10891,1005.35,Pending,2025-11-24 04:26:00
ORD102138,2025-12-19,UK,P1030,PG1246,KW11600,380.72,Returned,2025-12-19 19:39:00
ORD102139,2026-08-27,JP,P1009,PG1125,KW11054,1699.47,Completed,2026-08-27 17:08:00
ORD102140,2026-04-19,BR,P1021,PG1136,KW10658,888.5,Pending,2026-04-19 18:02:00
ORD102141,2026-07-25,FR,P1012,PG1337,KW11749,420.27,Returned,2026-07-25 15:47:00
ORD102142,2025-11-27,DE,P1040,PG1082,KW10918,679.92,Completed,2025-11-27 23:53:00
ORD102143,2026-02-05,UK,P1027,PG1290,KW10790,780.45,Completed,2026-02-05 16:44:00
ORD102144,2026-06-10,AU,P1015,PG1299,KW11537,595.47,Pending,2026-06-10 00:20:00
ORD102145,2026-08-20,FR,P1025,PG1240,KW11482,992.67,Completed,2026-08-20 14:14:00
ORD102146,2025-10-05,AU,P1028,PG1307,KW11053,221.11,Pending,2025-10-05 09:34:00
ORD102147,2026-06-12,US,P1016,PG1389,KW10486,797.72,Completed,2026-06-12 19:13:00
ORD102148,2025-10-04,US,P1008,PG1097,KW10118,1650.1,Cancelled,2025-10-04 21:38:00
ORD102149,2026-02-20,US,P1041,PG1310,KW11867,1103.55,Returned,2026-02-20 14:03:00
ORD102150,2026-05-09,CA,P1024,PG1421,KW10357,273.37,Completed,2026-05-09 12:43:00
ORD102151,2026-06-26,DE,P1037,PG1276,KW10026,666.21,Completed,2026-06-26 07:14:00
ORD102152,2025-10-12,IN,P1002,PG1032,KW11758,1266.87,Pending,2025-10-12 11:34:00
ORD102153,2026-04-30,MX,P1036,PG1027,KW10122,958.33,Pending,2026-04-30 02:40:00
ORD102154,2026-06-30,JP,P1008,PG1181,KW10138,696.92,Returned,2026-06-30 03:14:00
ORD102155,2025-11-16,AU,P1002,PG1311,KW10839,580.66,Completed,2025-11-16 04:38:00
ORD102156,2026-06-02,IN,P1013,PG1088,KW11661,1516.16,Returned,2026-06-02 11:26:00
ORD102157,2026-09-29,JP,P1029,PG1225,KW10133,4595.17,Returned,2026-09-29 07:51:00
ORD102158,2026-09-15,DE,P1044,PG1201,KW11391,246.58,Returned,2026-09-15 04:02:00
ORD102159,2026-07-22,FR,P1011,PG1003,KW10013,1015.14,Pending,2026-07-22 08:44:00
ORD102160,2026-08-14,MX,P1048,PG1495,KW11192,484.13,Completed,2026-08-14 21:15:00
ORD102161,2026-04-29,CA,P1017,PG1091,KW11195,1207.59,Completed,2026-04-29 04:02:00
ORD102162,2026-09-03,CA,P1033,PG1053,KW11744,711.84,Cancelled,2026-09-03 12:42:00
ORD102163,2026-07-20,CA,P1048,PG1490,KW10621,2621.54,Completed,2026-07-20 15:48:00
ORD102164,2026-04-07,AU,P1007,PG1162,KW11348,218.87,Completed,2026-04-07 05:34:00
ORD102165,2026-03-06,DE,P1022,PG1462,KW11527,487.31,Pending,2026-03-06 11:19:00
ORD102166,2026-05-09,FR,P1035,PG1464,KW10717,148.89,Pending,2026-05-09 02:27:00
ORD102167,2026-07-19,CA,P1034,PG1095,KW11590,471.47,Completed,2026-07-19 14:20:00
ORD102168,2025-11-03,JP,P1014,PG1467,KW11108,574.25,Returned,2025-11-03 02:15:00
ORD102169,2026-08-30,CA,P1028,PG1088,KW10895,782.93,Pending,2026-08-30 12:52:00
ORD102170,2025-12-31,MX,P1026,PG1389,KW10572,900.36,Completed,2025-12-31 20:35:00
ORD102171,2025-10-11,BR,P1043,PG1201,KW10277,316.26,Pending,2025-10-11 22:19:00
ORD102172,2026-06-24,UK,P1015,PG1191,KW10528,456.19,Completed,2026-06-24 03:31:00
ORD102173,2026-03-22,FR,P1044,PG1102,KW11514,1013.0,Cancelled,2026-03-22 16:35:00
ORD102174,2026-08-05,JP,P1015,PG1276,KW10205,472.53,Cancelled,2026-08-05 18:30:00
ORD102175,2025-12-15,BR,P1019,PG1228,KW10194,746.52,Completed,2025-12-15 17:49:00
ORD102176,2026-03-22,CA,P1007,PG1409,KW11156,941.5,Completed,2026-03-22 01:59:00
ORD102177,2026-04-15,FR,P1024,PG1494,KW11015,640.01,Cancelled,2026-04-15 08:21:00
ORD102178,2026-01-05,BR,P1001,PG1374,KW10071,315.56,Completed,2026-01-05 14:21:00
ORD102179,2026-09-09,AU,P1041,PG1500,KW11319,665.02,Completed,2026-09-09 12:35:00
ORD102180,2025-10-26,US,P1045,PG1090,KW10253,1940.91,Completed,2025-10-26 02:43:00
ORD102181,2025-10-18,US,P1026,PG1366,KW10015,305.19,Completed,2025-10-18 08:21:00
ORD102182,2026-07-04,BR,P1009,PG1197,KW10621,647.09,Completed,2026-07-04 18:38:00
ORD102183,2026-06-07,CA,P1014,PG1343,KW11912,342.67,Completed,2026-06-07 04:50:00
ORD102184,2026-03-20,IN,P1048,PG1303,KW11269,553.0,Completed,2026-03-20 19:58:00
ORD102185,2026-09-01,CA,P1035,PG1146,KW11840,567.45,Pending,2026-09-01 01:08:00
ORD102186,2025-11-23,BR,P1044,PG1411,KW10199,1780.92,Completed,2025-11-23 03:11:00
ORD102187,2026-06-21,FR,P1048,PG1078,KW10700,890.8,Completed,2026-06-21 16:30:00
ORD102188,2026-06-17,DE,P1025,PG1192,KW10065,461.57,Completed,2026-06-17 13:50:00
ORD102189,2026-08-28,IN,P1017,PG1482,KW10452,647.43,Completed,2026-08-28 18:22:00
ORD102190,2026-08-01,IN,P1039,PG1452,KW11145,1096.27,Returned,2026-08-01 09:34:00
ORD102191,2026-01-22,MX,P1045,PG1321,KW11447,430.99,Completed,2026-01-22 12:46:00
ORD102192,2026-08-31,UK,P1048,PG1488,KW10390,1046.74,Returned,2026-08-31 12:05:00
ORD102193,2025-10-02,DE,P1013,PG1315,KW11604,333.49,Pending,2025-10-02 01:58:00
ORD102194,2026-01-16,US,P1023,PG1380,KW10913,704.12,Pending,2026-01-16 03:31:00
ORD102195,2025-12-10,UK,P1025,PG1296,KW10124,574.25,Returned,2025-12-10 10:06:00
ORD102196,2025-12-23,CA,P1010,PG1022,KW10126,602.42,Cancelled,2025-12-23 11:14:00
ORD102197,2026-03-25,FR,P1047,PG1349,KW11235,1213.84,Completed,2026-03-25 15:28:00
ORD102198,2025-10-11,JP,P1040,PG1034,KW11919,987.95,Pending,2025-10-11 21:16:00
ORD102199,2025-11-21,DE,P1012,PG1487,KW11053,563.22,Returned,2025-11-21 11:23:00
ORD102200,2026-01-11,FR,P1020,PG1042,KW10624,2421.15,Cancelled,2026-01-11 05:50:00
ORD102201,2025-11-08,UK,P1032,PG1163,KW11807,646.86,Completed,2025-11-08 22:11:00
ORD102202,2026-01-06,CA,P1004,PG1205,KW10005,849.69,Completed,2026-01-06 02:54:00
ORD102203,2026-05-28,FR,P1017,PG1449,KW10832,509.73,Pending,2026-05-28 01:39:00
ORD102204,2025-12-05,BR,P1011,PG1483,KW10939,601.45,Pending,2025-12-05 00:05:00
ORD102205,2025-12-10,DE,P1020,PG1308,KW10489,1070.96,Completed,2025-12-10 12:36:00
ORD102206,2026-01-14,CA,P1001,PG1142,KW10732,860.37,Completed,2026-01-14 05:05:00
ORD102207,2026-09-05,IN,P1035,PG1188,KW11974,527.88,Pending,2026-09-05 22:44:00
ORD102208,2026-01-23,CA,P1005,PG1175,KW11982,1109.5,Completed,2026-01-23 06:10:00
ORD102209,2026-09-28,FR,P1023,PG1207,KW10335,1059.15,Cancelled,2026-09-28 21:55:00
ORD102210,2026-02-27,MX,P1039,PG1064,KW10477,473.41,Completed,2026-02-27 20:56:00
ORD102211,2026-07-27,US,P1019,PG1206,KW11385,833.78,Completed,2026-07-27 09:45:00
ORD102212,2026-04-16,AU,P1004,PG1241,KW11361,1865.24,Completed,2026-04-16 20:17:00
ORD102213,2026-04-16,CA,P1019,PG1292,KW10597,618.73,Completed,2026-04-16 08:08:00
ORD102214,2026-05-19,MX,P1003,PG1418,KW11803,512.08,Completed,2026-05-19 14:14:00
ORD102215,2026-01-09,BR,P1024,PG1331,KW10605,997.68,Cancelled,2026-01-09 15:04:00
ORD102216,2026-06-07,IN,P1049,PG1242,KW10969,2136.87,Completed,2026-06-07 14:02:00
ORD102217,2026-01-04,UK,P1029,PG1176,KW11856,818.94,Pending,2026-01-04 12:15:00
ORD102218,2026-07-01,UK,P1017,PG1071,KW11954,1290.84,Cancelled,2026-07-01 06:38:00
ORD102219,2026-01-16,DE,P1043,PG1222,KW10290,1654.69,Completed,2026-01-16 12:37:00
ORD102220,2026-07-21,IN,P1028,PG1465,KW11477,380.55,Completed,2026-07-21 22:42:00
ORD102221,2026-03-16,IN,P1030,PG1244,KW11077,1010.44,Cancelled,2026-03-16 23:42:00
ORD102222,2025-12-29,CA,P1003,PG1161,KW10783,1341.69,Pending,2025-12-29 06:29:00
ORD102223,2026-01-31,AU,P1011,PG1324,KW10260,614.03,Completed,2026-01-31 22:13:00
ORD102224,2026-07-14,DE,P1041,PG1423,KW10620,377.31,Completed,2026-07-14 12:55:00
ORD102225,2026-03-11,IN,P1003,PG1096,KW11728,390.66,Completed,2026-03-11 01:55:00
ORD102226,2026-06-12,BR,P1050,PG1021,KW10402,1335.19,Completed,2026-06-12 05:10:00
ORD102227,2026-04-15,BR,P1005,PG1260,KW11255,599.26,Completed,2026-04-15 05:48:00
ORD102228,2026-07-21,DE,P1026,PG1293,KW11764,387.96,Completed,2026-07-21 22:24:00
ORD102229,2026-05-18,US,P1048,PG1258,KW10661,1736.77,Returned,2026-05-18 00:08:00
ORD102230,2026-02-25,UK,P1007,PG1340,KW11380,200.77,Completed,2026-02-25 03:27:00
ORD102231,2026-03-07,US,P1024,PG1332,KW11807,462.4,Cancelled,2026-03-07 05:49:00
ORD102232,2026-04-29,IN,P1042,PG1414,KW10283,587.65,Pending,2026-04-29 17:57:00
ORD102233,2026-01-18,DE,P1050,PG1403,KW10725,231.0,Returned,2026-01-18 12:52:00
ORD102234,2026-04-16,DE,P1017,PG1457,KW10964,1209.12,Pending,2026-04-16 22:07:00
ORD102235,2026-04-04,IN,P1038,PG1328,KW10283,268.26,Pending,2026-04-04 09:33:00
ORD102236,2026-09-20,US,P1031,PG1430,KW11411,963.57,Completed,2026-09-20 02:09:00
ORD102237,2025-10-14,JP,P1044,PG1350,KW10501,1664.74,Completed,2025-10-14 16:29:00
ORD102238,2026-04-25,IN,P1004,PG1195,KW10505,772.37,Returned,2026-04-25 04:55:00
ORD102239,2026-08-13,IN,P1029,PG1244,KW11973,1071.88,Returned,2026-08-13 03:56:00
ORD102240,2026-09-29,FR,P1026,PG1196,KW10756,574.95,Completed,2026-09-29 17:09:00
ORD102241,2026-09-22,IN,P1034,PG1006,KW10961,482.55,Completed,2026-09-22 09:02:00
ORD102242,2025-11-07,AU,P1013,PG1366,KW11337,603.08,Completed,2025-11-07 06:52:00
ORD102243,2026-08-21,DE,P1032,PG1398,KW11702,567.23,Completed,2026-08-21 09:27:00
ORD102244,2025-10-09,US,P1045,PG1499,KW11343,611.99,Cancelled,2025-10-09 00:21:00
ORD102245,2026-08-31,US,P1031,PG1255,KW10884,719.89,Cancelled,2026-08-31 08:58:00
ORD102246,2026-02-18,IN,P1047,PG1019,KW11352,768.64,Cancelled,2026-02-18 02:41:00
ORD102247,2025-10-12,DE,P1034,PG1294,KW10189,1030.08,Completed,2025-10-12 19:25:00
ORD102248,2026-06-11,IN,P1035,PG1404,KW10595,1545.94,Completed,2026-06-11 18:46:00
ORD102249,2026-06-30,MX,P1046,PG1027,KW10639,2282.72,Completed,2026-06-30 22:16:00
ORD102250,2026-04-21,JP,P1015,PG1490,KW10501,2106.99,Pending,2026-04-21 11:04:00
ORD102251,2026-02-26,CA,P1021,PG1304,KW11988,604.56,Completed,2026-02-26 10:58:00
ORD102252,2026-09-17,MX,P1026,PG1111,KW10392,1427.86,Completed,2026-09-17 00:45:00
ORD102253,2026-04-13,FR,P1028,PG1449,KW10652,5031.31,Completed,2026-04-13 12:18:00
ORD102254,2025-12-24,BR,P1048,PG1074,KW10611,1883.89,Pending,2025-12-24 02:51:00
ORD102255,2025-10-02,US,P1019,PG1116,KW10353,987.69,Completed,2025-10-02 07:56:00
ORD102256,2026-03-02,MX,P1041,PG1448,KW10747,382.59,Pending,2026-03-02 12:18:00
ORD102257,2026-06-08,BR,P1017,PG1470,KW10226,427.04,Completed,2026-06-08 12:44:00
ORD102258,2026-08-26,JP,P1040,PG1177,KW10693,772.25,Completed,2026-08-26 03:39:00
ORD102259,2026-07-30,DE,P1050,PG1418,KW10035,804.63,Returned,2026-07-30 23:27:00
ORD102260,2026-09-17,FR,P1015,PG1411,KW10876,920.76,Completed,2026-09-17 04:16:00
ORD102261,2026-04-16,UK,P1003,PG1338,KW10490,374.85,Completed,2026-04-16 02:45:00
ORD102262,2025-10-10,AU,P1023,PG1336,KW10871,509.72,Cancelled,2025-10-10 23:05:00
ORD102263,2026-09-20,CA,P1018,PG1130,KW10885,340.92,Completed,2026-09-20 05:18:00
ORD102264,2026-01-23,US,P1003,PG1151,KW10276,703.61,Completed,2026-01-23 05:50:00
ORD102265,2025-11-08,DE,P1023,PG1238,KW11325,634.59,Completed,2025-11-08 16:49:00
ORD102266,2026-09-14,BR,P1035,PG1469,KW11437,1230.04,Completed,2026-09-14 11:42:00
ORD102267,2026-07-24,MX,P1004,PG1263,KW10923,1402.05,Completed,2026-07-24 01:47:00
ORD102268,2026-07-25,IN,P1043,PG1219,KW10669,769.84,Cancelled,2026-07-25 22:02:00
ORD102269,2026-01-12,MX,P1014,PG1203,KW10628,752.41,Completed,2026-01-12 08:15:00
ORD102270,2026-07-15,AU,P1009,PG1231,KW10311,1184.39,Completed,2026-07-15 22:10:00
ORD102271,2026-07-25,UK,P1015,PG1290,KW11292,1259.61,Completed,2026-07-25 08:19:00
ORD102272,2026-08-07,BR,P1005,PG1051,KW10345,474.23,Returned,2026-08-07 12:12:00
ORD102273,2026-09-21,AU,P1046,PG1271,KW10236,1961.41,Returned,2026-09-21 02:21:00
ORD102274,2026-03-12,FR,P1038,PG1436,KW10702,1378.66,Completed,2026-03-12 07:35:00
ORD102275,2026-08-05,US,P1046,PG1385,KW11271,374.32,Pending,2026-08-05 04:09:00
ORD102276,2026-04-01,UK,P1026,PG1128,KW10140,771.13,Returned,2026-04-01 10:43:00
ORD102277,2026-06-24,MX,P1009,PG1365,KW11643,428.91,Completed,2026-06-24 03:01:00
ORD102278,2026-07-18,BR,P1042,PG1143,KW11078,1532.2,Pending,2026-07-18 10:58:00
ORD102279,2026-01-10,AU,P1009,PG1036,KW10993,1113.06,Completed,2026-01-10 23:04:00
ORD102280,2026-01-25,AU,P1012,PG1052,KW10465,503.84,Completed,2026-01-25 11:01:00
ORD102281,2026-08-05,AU,P1024,PG1128,KW10934,1554.48,Pending,2026-08-05 00:30:00
ORD102282,2026-03-07,US,P1017,PG1499,KW11208,2083.13,Completed,2026-03-07 09:34:00
ORD102283,2025-12-19,US,P1013,PG1485,KW11129,411.09,Completed,2025-12-19 22:53:00
ORD102284,2025-11-22,AU,P1002,PG1223,KW11917,931.61,Cancelled,2025-11-22 10:25:00
ORD102285,2026-05-12,AU,P1048,PG1112,KW11595,1386.94,Cancelled,2026-05-12 13:40:00
ORD102286,2026-01-18,CA,P1009,PG1126,KW11142,233.41,Completed,2026-01-18 06:26:00
ORD102287,2025-11-12,FR,P1037,PG1018,KW10152,682.78,Completed,2025-11-12 07:01:00
ORD102288,2025-11-26,MX,P1018,PG1399,KW11987,429.19,Completed,2025-11-26 19:57:00
ORD102289,2025-11-23,UK,P1033,PG1145,KW10332,576.62,Cancelled,2025-11-23 22:39:00
ORD102290,2026-08-23,AU,P1024,PG1285,KW10056,1165.79,Cancelled,2026-08-23 03:59:00
ORD102291,2026-04-09,FR,P1039,PG1422,KW10827,822.53,Completed,2026-04-09 04:04:00
ORD102292,2026-04-22,JP,P1006,PG1170,KW10144,1570.07,Returned,2026-04-22 06:08:00
ORD102293,2025-11-19,BR,P1020,PG1264,KW11635,323.5,Cancelled,2025-11-19 09:15:00
ORD102294,2026-03-10,IN,P1043,PG1447,KW10499,942.39,Returned,2026-03-10 07:37:00
ORD102295,2026-05-24,MX,P1004,PG1222,KW10474,327.37,Completed,2026-05-24 00:37:00
ORD102296,2025-12-04,CA,P1016,PG1047,KW11187,517.86,Pending,2025-12-04 09:06:00
ORD102297,2025-11-29,MX,P1034,PG1026,KW11175,659.98,Completed,2025-11-29 01:06:00
ORD102298,2026-07-29,IN,P1045,PG1029,KW10571,438.3,Cancelled,2026-07-29 20:55:00
ORD102299,2026-01-07,UK,P1007,PG1183,KW10094,703.56,Completed,2026-01-07 01:32:00
ORD102300,2026-07-07,FR,P1041,PG1433,KW11771,359.26,Completed,2026-07-07 19:46:00
ORD102301,2026-04-09,AU,P1003,PG1287,KW11328,880.89,Pending,2026-04-09 18:06:00
ORD102302,2026-07-10,AU,P1044,PG1265,KW10707,1136.49,Completed,2026-07-10 06:52:00
ORD102303,2026-08-19,AU,P1008,PG1193,KW10635,3026.26,Pending,2026-08-19 05:17:00
ORD102304,2026-08-14,DE,P1032,PG1328,KW10411,1157.38,Pending,2026-08-14 08:49:00
ORD102305,2026-02-08,FR,P1023,PG1127,KW10279,448.28,Completed,2026-02-08 00:49:00
ORD102306,2026-06-24,FR,P1016,PG1234,KW11240,714.39,Pending,2026-06-24 19:04:00
ORD102307,2026-05-28,CA,P1030,PG1487,KW11772,1175.36,Completed,2026-05-28 04:24:00
ORD102308,2025-10-23,AU,P1022,PG1004,KW10791,628.32,Completed,2025-10-23 03:42:00
ORD102309,2026-05-20,UK,P1042,PG1189,KW10282,1013.05,Completed,2026-05-20 14:26:00
ORD102310,2026-04-02,JP,P1013,PG1414,KW10642,675.74,Completed,2026-04-02 03:23:00
ORD102311,2026-07-12,DE,P1008,PG1234,KW11948,443.23,Cancelled,2026-07-12 04:57:00
ORD102312,2025-10-29,UK,P1018,PG1429,KW10741,882.11,Returned,2025-10-29 20:49:00
ORD102313,2026-08-06,BR,P1012,PG1443,KW10893,1247.46,Completed,2026-08-06 14:51:00
ORD102314,2026-07-22,UK,P1003,PG1341,KW11496,540.92,Completed,2026-07-22 07:37:00
ORD102315,2025-11-09,CA,P1009,PG1359,KW10293,531.51,Pending,2025-11-09 05:12:00
ORD102316,2025-10-10,CA,P1020,PG1123,KW10331,378.61,Completed,2025-10-10 13:47:00
ORD102317,2026-05-16,UK,P1028,PG1401,KW11095,283.5,Returned,2026-05-16 05:46:00
ORD102318,2026-08-26,CA,P1036,PG1392,KW10448,294.02,Completed,2026-08-26 09:12:00
ORD102319,2026-07-28,JP,P1038,PG1201,KW11413,1303.12,Cancelled,2026-07-28 04:16:00
ORD102320,2025-10-04,MX,P1048,PG1430,KW10862,451.47,Completed,2025-10-04 13:53:00
ORD102321,2025-11-04,BR,P1027,PG1149,KW11127,1025.94,Cancelled,2025-11-04 21:29:00
ORD102322,2026-01-19,IN,P1004,PG1316,KW11878,3577.05,Pending,2026-01-19 10:31:00
ORD102323,2025-12-14,IN,P1050,PG1299,KW10407,167.06,Returned,2025-12-14 00:38:00
ORD102324,2026-07-19,MX,P1014,PG1076,KW10352,461.32,Cancelled,2026-07-19 15:44:00
ORD102325,2026-04-27,MX,P1023,PG1208,KW10193,941.05,Completed,2026-04-27 00:29:00
ORD102326,2026-09-21,FR,P1022,PG1400,KW11573,1123.47,Completed,2026-09-21 08:54:00
ORD102327,2025-11-15,FR,P1044,PG1220,KW11021,1245.65,Cancelled,2025-11-15 13:30:00
ORD102328,2026-02-28,BR,P1003,PG1256,KW11134,1465.68,Returned,2026-02-28 10:33:00
ORD102329,2026-05-20,FR,P1048,PG1316,KW11489,366.55,Completed,2026-05-20 19:53:00
ORD102330,2025-12-24,IN,P1024,PG1213,KW10018,325.61,Completed,2025-12-24 10:58:00
ORD102331,2026-01-05,JP,P1023,PG1372,KW11457,549.29,Completed,2026-01-05 07:18:00
ORD102332,2026-01-18,FR,P1049,PG1099,KW10575,1046.13,Completed,2026-01-18 20:33:00
ORD102333,2025-10-09,MX,P1048,PG1095,KW10039,836.63,Completed,2025-10-09 07:01:00
ORD102334,2026-06-13,AU,P1046,PG1230,KW11819,1036.67,Completed,2026-06-13 20:43:00
ORD102335,2026-03-23,MX,P1006,PG1437,KW10562,1524.35,Cancelled,2026-03-23 12:37:00
ORD102336,2026-03-22,UK,P1037,PG1491,KW10703,497.45,Completed,2026-03-22 00:35:00
ORD102337,2026-03-16,JP,P1038,PG1462,KW11440,1507.35,Returned,2026-03-16 23:10:00
ORD102338,2025-12-12,AU,P1005,PG1221,KW10526,597.02,Cancelled,2025-12-12 12:46:00
ORD102339,2026-03-22,CA,P1035,PG1008,KW11999,846.21,Completed,2026-03-22 21:58:00
ORD102340,2026-05-09,IN,P1044,PG1496,KW10349,704.95,Completed,2026-05-09 12:36:00
ORD102341,2026-09-21,US,P1023,PG1033,KW11334,1381.24,Returned,2026-09-21 14:24:00
ORD102342,2026-02-03,AU,P1009,PG1416,KW10070,329.24,Returned,2026-02-03 18:56:00
ORD102343,2026-06-04,CA,P1027,PG1132,KW11054,978.97,Pending,2026-06-04 21:41:00
ORD102344,2026-07-19,UK,P1041,PG1338,KW11703,1993.88,Completed,2026-07-19 04:07:00
ORD102345,2026-01-24,JP,P1002,PG1470,KW11717,2913.67,Completed,2026-01-24 05:15:00
ORD102346,2026-02-17,JP,P1003,PG1127,KW11695,962.72,Cancelled,2026-02-17 15:04:00
ORD102347,2026-01-08,BR,P1021,PG1210,KW10085,2458.05,Completed,2026-01-08 19:46:00
ORD102348,2026-09-21,BR,P1045,PG1266,KW11845,949.5,Completed,2026-09-21 23:18:00
ORD102349,2026-08-15,AU,P1037,PG1209,KW10312,397.19,Completed,2026-08-15 18:55:00
ORD102350,2026-02-01,CA,P1013,PG1110,KW11518,1002.36,Pending,2026-02-01 20:31:00
ORD102351,2026-04-03,AU,P1002,PG1014,KW11083,1278.09,Returned,2026-04-03 22:33:00
ORD102352,2025-10-26,DE,P1018,PG1375,KW11941,1204.28,Cancelled,2025-10-26 10:38:00
ORD102353,2026-03-28,MX,P1039,PG1262,KW11543,1198.08,Completed,2026-03-28 08:26:00
ORD102354,2026-05-26,DE,P1017,PG1320,KW11707,2512.05,Completed,2026-05-26 23:52:00
ORD102355,2026-05-26,JP,P1033,PG1038,KW10246,253.5,Completed,2026-05-26 21:07:00
ORD102356,2026-09-27,MX,P1039,PG1355,KW10298,831.98,Completed,2026-09-27 19:27:00
ORD102357,2026-01-31,AU,P1030,PG1266,KW11258,565.0,Completed,2026-01-31 08:01:00
ORD102358,2025-10-31,IN,P1018,PG1454,KW10732,613.48,Completed,2025-10-31 18:39:00
ORD102359,2026-09-30,MX,P1029,PG1332,KW10088,450.12,Cancelled,2026-09-30 03:46:00
ORD102360,2026-06-15,MX,P1012,PG1120,KW11732,3037.82,Completed,2026-06-15 01:43:00
ORD102361,2025-10-06,BR,P1020,PG1225,KW10145,1029.43,Returned,2025-10-06 15:15:00
ORD102362,2026-03-27,UK,P1020,PG1244,KW11983,550.25,Cancelled,2026-03-27 03:12:00
ORD102363,2026-05-06,UK,P1021,PG1456,KW10538,697.43,Completed,2026-05-06 15:44:00
ORD102364,2025-11-26,BR,P1023,PG1348,KW10016,1147.14,Completed,2025-11-26 02:05:00
ORD102365,2026-05-30,JP,P1022,PG1308,KW10536,255.49,Pending,2026-05-30 23:01:00
ORD102366,2025-11-10,UK,P1013,PG1223,KW11686,297.8,Pending,2025-11-10 18:04:00
ORD102367,2026-04-09,FR,P1033,PG1456,KW10699,562.34,Completed,2026-04-09 14:35:00
ORD102368,2026-04-30,DE,P1038,PG1397,KW11432,508.09,Cancelled,2026-04-30 19:32:00
ORD102369,2026-05-15,CA,P1010,PG1418,KW10011,3188.18,Cancelled,2026-05-15 16:53:00
ORD102370,2026-04-06,UK,P1032,PG1100,KW10073,386.43,Completed,2026-04-06 11:23:00
ORD102371,2026-08-21,IN,P1009,PG1250,KW11521,556.98,Cancelled,2026-08-21 13:21:00
ORD102372,2026-07-31,CA,P1018,PG1326,KW11770,531.97,Completed,2026-07-31 04:18:00
ORD102373,2026-09-27,US,P1025,PG1050,KW11049,258.13,Completed,2026-09-27 06:51:00
ORD102374,2026-04-15,BR,P1028,PG1210,KW11102,711.89,Completed,2026-04-15 06:13:00
ORD102375,2026-06-29,BR,P1025,PG1287,KW11998,701.59,Returned,2026-06-29 10:42:00
ORD102376,2025-11-12,AU,P1009,PG1191,KW10978,278.92,Cancelled,2025-11-12 23:40:00
ORD102377,2026-07-19,MX,P1014,PG1497,KW11320,470.55,Returned,2026-07-19 03:49:00
ORD102378,2026-05-14,AU,P1031,PG1244,KW11299,567.74,Pending,2026-05-14 17:57:00
ORD102379,2025-11-15,UK,P1006,PG1051,KW11209,319.46,Returned,2025-11-15 21:07:00
ORD102380,2026-04-23,IN,P1022,PG1023,KW10444,735.35,Returned,2026-04-23 17:46:00
ORD102381,2026-08-20,MX,P1036,PG1284,KW10974,2401.36,Completed,2026-08-20 17:48:00
ORD102382,2026-04-03,US,P1028,PG1337,KW10525,349.93,Pending,2026-04-03 10:11:00
ORD102383,2025-11-06,FR,P1003,PG1395,KW11048,1739.53,Pending,2025-11-06 23:06:00
ORD102384,2025-11-05,AU,P1003,PG1314,KW11821,1868.28,Completed,2025-11-05 19:28:00
ORD102385,2026-07-19,AU,P1014,PG1475,KW11899,733.74,Completed,2026-07-19 09:55:00
ORD102386,2025-10-07,IN,P1050,PG1473,KW10197,1608.89,Cancelled,2025-10-07 13:36:00
ORD102387,2025-10-13,FR,P1030,PG1035,KW11509,454.11,Completed,2025-10-13 01:42:00
ORD102388,2026-08-02,IN,P1019,PG1395,KW10387,2530.91,Completed,2026-08-02 19:50:00
ORD102389,2026-07-21,MX,P1036,PG1444,KW11800,427.48,Completed,2026-07-21 19:23:00
ORD102390,2026-05-07,BR,P1011,PG1298,KW11463,601.63,Cancelled,2026-05-07 14:21:00
ORD102391,2026-01-07,BR,P1016,PG1500,KW11139,1175.06,Completed,2026-01-07 08:51:00
ORD102392,2025-12-26,BR,P1014,PG1368,KW11173,1451.4,Cancelled,2025-12-26 18:00:00
ORD102393,2026-04-21,BR,P1005,PG1427,KW11677,750.46,Completed,2026-04-21 10:26:00
ORD102394,2026-01-29,DE,P1007,PG1385,KW11993,712.55,Completed,2026-01-29 14:46:00
ORD102395,2025-11-23,AU,P1041,PG1204,KW10455,1678.6,Returned,2025-11-23 16:45:00
ORD102396,2026-01-27,US,P1033,PG1499,KW10756,905.83,Completed,2026-01-27 20:11:00
ORD102397,2026-04-18,DE,P1040,PG1152,KW10545,340.83,Completed,2026-04-18 20:44:00
ORD102398,2025-11-28,AU,P1029,PG1113,KW10446,372.11,Completed,2025-11-28 20:42:00
ORD102399,2026-07-02,IN,P1033,PG1269,KW10026,280.52,Completed,2026-07-02 11:29:00
ORD102400,2026-07-17,UK,P1029,PG1338,KW10196,922.61,Cancelled,2026-07-17 03:57:00
ORD102401,2026-07-14,CA,P1042,PG1344,KW11900,1423.02,Cancelled,2026-07-14 00:49:00
ORD102402,2026-03-23,MX,P1031,PG1405,KW11451,640.17,Cancelled,2026-03-23 03:17:00
ORD102403,2026-08-16,JP,P1039,PG1226,KW10766,501.22,Returned,2026-08-16 04:20:00
ORD102404,2026-08-20,BR,P1018,PG1042,KW11918,1104.47,Completed,2026-08-20 21:24:00
ORD102405,2026-05-19,AU,P1042,PG1304,KW10793,914.85,Completed,2026-05-19 02:02:00
ORD102406,2026-07-16,IN,P1012,PG1266,KW11210,1844.25,Completed,2026-07-16 16:00:00
ORD102407,2026-06-15,AU,P1039,PG1219,KW10213,955.69,Completed,2026-06-15 13:03:00
ORD102408,2026-01-29,AU,P1036,PG1333,KW10087,546.66,Pending,2026-01-29 00:31:00
ORD102409,2025-10-27,AU,P1016,PG1050,KW11394,849.97,Pending,2025-10-27 20:54:00
ORD102410,2025-12-11,UK,P1040,PG1110,KW10659,399.1,Completed,2025-12-11 14:47:00
ORD102411,2026-06-25,AU,P1016,PG1386,KW10487,1841.21,Completed,2026-06-25 06:21:00
ORD102412,2026-01-17,UK,P1027,PG1005,KW10298,377.57,Completed,2026-01-17 16:57:00
ORD102413,2025-10-24,FR,P1025,PG1240,KW11220,880.84,Completed,2025-10-24 07:01:00
ORD102414,2026-09-17,IN,P1045,PG1439,KW11750,1361.2,Completed,2026-09-17 10:45:00
ORD102415,2026-04-07,BR,P1042,PG1495,KW10293,1657.3,Completed,2026-04-07 09:12:00
ORD102416,2025-12-26,BR,P1003,PG1449,KW10707,535.65,Completed,2025-12-26 07:23:00
ORD102417,2026-01-26,JP,P1039,PG1419,KW10991,1096.12,Cancelled,2026-01-26 23:26:00
ORD102418,2026-09-21,FR,P1014,PG1440,KW11469,1098.87,Completed,2026-09-21 06:11:00
ORD102419,2026-07-04,DE,P1038,PG1143,KW11965,1576.97,Completed,2026-07-04 08:41:00
ORD102420,2026-05-31,BR,P1012,PG1189,KW10814,999.65,Completed,2026-05-31 12:50:00
ORD102421,2025-12-12,IN,P1046,PG1301,KW11064,537.86,Completed,2025-12-12 04:07:00
ORD102422,2026-06-12,AU,P1028,PG1223,KW10024,662.97,Pending,2026-06-12 07:56:00
ORD102423,2026-09-18,MX,P1007,PG1072,KW11356,1112.31,Completed,2026-09-18 15:01:00
ORD102424,2026-09-08,UK,P1031,PG1027,KW11988,728.11,Pending,2026-09-08 09:15:00
ORD102425,2026-05-17,US,P1011,PG1105,KW11619,908.52,Pending,2026-05-17 16:22:00
ORD102426,2026-02-03,US,P1007,PG1319,KW10412,1705.69,Cancelled,2026-02-03 18:56:00
ORD102427,2026-03-26,FR,P1026,PG1292,KW10897,345.55,Pending,2026-03-26 08:49:00
ORD102428,2025-10-12,IN,P1049,PG1302,KW11645,1285.39,Returned,2025-10-12 00:37:00
ORD102429,2026-05-26,AU,P1041,PG1481,KW10313,1526.08,Returned,2026-05-26 13:46:00
ORD102430,2026-09-30,IN,P1033,PG1094,KW10376,451.74,Completed,2026-09-30 02:04:00
ORD102431,2025-11-07,AU,P1003,PG1338,KW11956,222.29,Completed,2025-11-07 18:13:00
ORD102432,2026-05-02,BR,P1023,PG1471,KW11322,605.72,Returned,2026-05-02 00:37:00
ORD102433,2026-04-09,UK,P1043,PG1321,KW10720,1175.67,Cancelled,2026-04-09 16:27:00
ORD102434,2026-06-27,DE,P1036,PG1314,KW10061,745.21,Pending,2026-06-27 21:23:00
ORD102435,2026-09-20,US,P1046,PG1442,KW11483,1068.71,Completed,2026-09-20 11:12:00
ORD102436,2026-08-23,FR,P1023,PG1327,KW11518,591.35,Completed,2026-08-23 21:41:00
ORD102437,2026-07-08,BR,P1033,PG1360,KW10728,1345.09,Pending,2026-07-08 16:48:00
ORD102438,2025-12-21,MX,P1010,PG1418,KW11096,720.98,Cancelled,2025-12-21 16:10:00
ORD102439,2025-10-23,JP,P1031,PG1033,KW10850,1492.82,Completed,2025-10-23 17:47:00
ORD102440,2026-01-02,BR,P1012,PG1303,KW11195,289.83,Pending,2026-01-02 21:47:00
ORD102441,2026-03-08,CA,P1045,PG1326,KW10898,1058.24,Completed,2026-03-08 12:49:00
ORD102442,2026-09-28,AU,P1040,PG1046,KW10079,815.03,Completed,2026-09-28 12:17:00
ORD102443,2026-03-12,BR,P1043,PG1283,KW11335,544.93,Completed,2026-03-12 16:04:00
ORD102444,2026-07-08,IN,P1007,PG1285,KW10436,962.42,Completed,2026-07-08 03:07:00
ORD102445,2026-01-29,MX,P1017,PG1160,KW10416,1518.28,Returned,2026-01-29 04:23:00
ORD102446,2026-09-12,BR,P1027,PG1176,KW11492,1928.56,Pending,2026-09-12 20:58:00
ORD102447,2026-07-01,CA,P1047,PG1354,KW10888,1433.89,Cancelled,2026-07-01 04:49:00
ORD102448,2026-01-11,JP,P1014,PG1376,KW11572,2385.55,Cancelled,2026-01-11 12:38:00
ORD102449,2026-07-27,US,P1035,PG1365,KW10015,836.43,Cancelled,2026-07-27 14:29:00
ORD102450,2025-12-06,CA,P1014,PG1073,KW10854,854.03,Returned,2025-12-06 22:34:00
ORD102451,2026-05-30,CA,P1039,PG1084,KW11721,1032.96,Cancelled,2026-05-30 09:34:00
ORD102452,2026-08-19,FR,P1040,PG1044,KW10513,749.25,Completed,2026-08-19 22:41:00
ORD102453,2026-05-10,US,P1001,PG1236,KW11221,1733.15,Returned,2026-05-10 14:11:00
ORD102454,2025-11-23,FR,P1016,PG1427,KW11059,340.77,Returned,2025-11-23 16:10:00
ORD102455,2026-03-25,CA,P1025,PG1489,KW11038,1058.59,Returned,2026-03-25 10:45:00
ORD102456,2026-01-14,FR,P1003,PG1489,KW11632,860.87,Completed,2026-01-14 08:49:00
ORD102457,2026-03-31,FR,P1006,PG1099,KW10392,515.06,Pending,2026-03-31 11:55:00
ORD102458,2026-04-23,MX,P1037,PG1228,KW11347,731.83,Pending,2026-04-23 16:42:00
ORD102459,2026-02-16,US,P1044,PG1255,KW11281,965.94,Completed,2026-02-16 05:33:00
ORD102460,2026-09-17,IN,P1007,PG1144,KW11989,1409.75,Cancelled,2026-09-17 02:38:00
ORD102461,2025-11-05,CA,P1050,PG1197,KW11742,447.2,Completed,2025-11-05 21:04:00
ORD102462,2026-07-30,JP,P1028,PG1168,KW11634,465.29,Cancelled,2026-07-30 12:46:00
ORD102463,2025-12-13,IN,P1024,PG1309,KW11413,1178.21,Pending,2025-12-13 09:13:00
ORD102464,2026-08-28,JP,P1042,PG1229,KW10705,504.61,Cancelled,2026-08-28 00:29:00
ORD102465,2025-10-26,CA,P1006,PG1167,KW10843,879.38,Completed,2025-10-26 18:05:00
ORD102466,2026-06-29,AU,P1019,PG1162,KW11604,1951.83,Completed,2026-06-29 11:33:00
ORD102467,2026-07-03,MX,P1022,PG1023,KW10733,360.04,Cancelled,2026-07-03 09:06:00
ORD102468,2025-11-29,MX,P1029,PG1159,KW10908,315.71,Returned,2025-11-29 13:43:00
ORD102469,2025-11-18,IN,P1002,PG1442,KW10232,4401.8,Cancelled,2025-11-18 13:32:00
ORD102470,2025-12-03,CA,P1032,PG1415,KW10336,1324.33,Cancelled,2025-12-03 13:19:00
ORD102471,2026-07-14,CA,P1001,PG1120,KW10284,490.99,Completed,2026-07-14 04:40:00
ORD102472,2026-05-28,DE,P1015,PG1204,KW10581,534.26,Completed,2026-05-28 11:28:00
ORD102473,2026-08-31,IN,P1004,PG1044,KW11394,1250.26,Returned,2026-08-31 05:14:00
ORD102474,2026-05-29,IN,P1031,PG1087,KW10448,475.28,Returned,2026-05-29 02:39:00
ORD102475,2026-06-01,AU,P1005,PG1206,KW11118,1054.51,Returned,2026-06-01 10:05:00
ORD102476,2026-02-17,MX,P1038,PG1118,KW11720,992.21,Pending,2026-02-17 21:23:00
ORD102477,2025-11-26,CA,P1029,PG1476,KW10381,269.31,Completed,2025-11-26 04:09:00
ORD102478,2026-06-26,JP,P1036,PG1019,KW10846,857.95,Returned,2026-06-26 02:03:00
ORD102479,2026-04-06,UK,P1024,PG1255,KW10451,647.25,Pending,2026-04-06 06:54:00
ORD102480,2026-03-01,UK,P1036,PG1393,KW11267,413.35,Completed,2026-03-01 19:25:00
ORD102481,2026-09-25,US,P1045,PG1401,KW11993,1186.3,Cancelled,2026-09-25 15:19:00
ORD102482,2026-02-12,IN,P1026,PG1313,KW10706,430.12,Returned,2026-02-12 05:32:00
ORD102483,2026-07-06,FR,P1038,PG1047,KW11310,791.65,Completed,2026-07-06 14:28:00
ORD102484,2026-08-11,IN,P1042,PG1182,KW10892,732.86,Returned,2026-08-11 05:07:00
ORD102485,2026-08-04,BR,P1025,PG1468,KW11289,591.53,Returned,2026-08-04 08:41:00
ORD102486,2025-12-06,CA,P1017,PG1073,KW11587,1435.8,Completed,2025-12-06 03:36:00
ORD102487,2026-01-24,DE,P1049,PG1236,KW10449,382.15,Completed,2026-01-24 07:51:00
ORD102488,2025-10-31,CA,P1027,PG1106,KW10470,353.42,Returned,2025-10-31 05:30:00
ORD102489,2026-07-06,US,P1022,PG1031,KW11944,508.74,Pending,2026-07-06 03:45:00
ORD102490,2026-04-18,US,P1012,PG1341,KW10639,426.7,Cancelled,2026-04-18 06:53:00
ORD102491,2026-09-30,US,P1004,PG1150,KW11214,790.56,Pending,2026-09-30 05:46:00
ORD102492,2025-12-14,FR,P1007,PG1030,KW11912,735.12,Pending,2025-12-14 10:49:00
ORD102493,2026-05-08,CA,P1001,PG1237,KW11862,859.0,Completed,2026-05-08 11:25:00
ORD102494,2026-08-21,FR,P1050,PG1017,KW11986,1472.91,Completed,2026-08-21 13:57:00
ORD102495,2026-01-10,JP,P1038,PG1458,KW11893,311.21,Completed,2026-01-10 23:37:00
ORD102496,2026-09-06,UK,P1043,PG1096,KW10849,1419.21,Pending,2026-09-06 03:00:00
ORD102497,2026-04-29,AU,P1027,PG1015,KW11669,1217.42,Completed,2026-04-29 10:42:00
ORD102498,2025-10-11,DE,P1032,PG1301,KW10498,1591.82,Completed,2025-10-11 00:06:00
ORD102499,2025-12-21,JP,P1048,PG1373,KW10114,1740.91,Cancelled,2025-12-21 06:12:00
ORD102500,2026-02-28,US,P1013,PG1207,KW10641,228.03,Returned,2026-02-28 01:36:00
ORD102501,2026-04-13,FR,P1047,PG1102,KW10067,3357.54,Pending,2026-04-13 05:51:00
ORD102502,2025-11-07,AU,P1037,PG1494,KW10009,1990.37,Returned,2025-11-07 05:58:00
ORD102503,2026-02-11,BR,P1044,PG1068,KW11375,732.61,Completed,2026-02-11 08:30:00
ORD102504,2026-05-22,IN,P1026,PG1294,KW10167,491.07,Pending,2026-05-22 05:48:00
ORD102505,2026-04-29,DE,P1014,PG1272,KW10820,459.47,Completed,2026-04-29 20:46:00
ORD102506,2025-11-07,IN,P1015,PG1118,KW11016,422.43,Completed,2025-11-07 08:24:00
ORD102507,2025-12-25,DE,P1042,PG1018,KW11101,1113.23,Returned,2025-12-25 02:23:00
ORD102508,2025-11-02,JP,P1026,PG1052,KW11534,1049.9,Cancelled,2025-11-02 20:38:00
ORD102509,2026-05-31,MX,P1023,PG1107,KW10805,2157.15,Pending,2026-05-31 04:35:00
ORD102510,2026-08-11,AU,P1040,PG1377,KW11738,391.83,Cancelled,2026-08-11 03:40:00
ORD102511,2026-03-26,JP,P1040,PG1455,KW10231,1095.3,Completed,2026-03-26 22:22:00
ORD102512,2026-09-22,BR,P1027,PG1123,KW10162,832.28,Cancelled,2026-09-22 05:03:00
ORD102513,2026-08-23,FR,P1036,PG1005,KW10771,680.87,Completed,2026-08-23 03:39:00
ORD102514,2026-09-07,DE,P1012,PG1166,KW10668,591.15,Completed,2026-09-07 00:34:00
ORD102515,2026-09-14,FR,P1004,PG1287,KW11835,453.21,Returned,2026-09-14 01:35:00
ORD102516,2026-05-06,BR,P1044,PG1232,KW10136,222.25,Returned,2026-05-06 03:24:00
ORD102517,2026-07-26,MX,P1017,PG1107,KW11277,1422.27,Returned,2026-07-26 04:41:00
ORD102518,2025-12-19,FR,P1008,PG1290,KW11928,1016.44,Cancelled,2025-12-19 10:00:00
ORD102519,2026-05-27,BR,P1047,PG1397,KW10902,1919.5,Completed,2026-05-27 14:47:00
ORD102520,2026-04-09,IN,P1030,PG1028,KW10174,1929.36,Pending,2026-04-09 13:37:00
ORD102521,2026-08-02,MX,P1034,PG1438,KW11990,792.08,Completed,2026-08-02 19:09:00
ORD102522,2025-11-28,BR,P1003,PG1396,KW11630,153.04,Returned,2025-11-28 00:43:00
ORD102523,2026-08-14,CA,P1039,PG1154,KW11200,964.56,Pending,2026-08-14 06:15:00
ORD102524,2026-07-25,JP,P1002,PG1475,KW10178,961.4,Pending,2026-07-25 11:53:00
ORD102525,2026-05-22,AU,P1015,PG1462,KW10888,851.57,Completed,2026-05-22 22:10:00
ORD102526,2026-05-02,UK,P1027,PG1221,KW10772,1623.25,Completed,2026-05-02 15:50:00
ORD102527,2026-03-21,US,P1042,PG1072,KW11336,937.98,Cancelled,2026-03-21 05:20:00
ORD102528,2025-11-14,MX,P1026,PG1015,KW11448,852.45,Completed,2025-11-14 06:23:00
ORD102529,2026-05-10,US,P1022,PG1084,KW11648,1128.94,Completed,2026-05-10 23:03:00
ORD102530,2026-05-13,UK,P1026,PG1094,KW11045,2179.25,Returned,2026-05-13 12:13:00
ORD102531,2026-02-12,CA,P1047,PG1311,KW11823,1042.51,Completed,2026-02-12 13:13:00
ORD102532,2025-11-11,JP,P1016,PG1037,KW11349,275.56,Completed,2025-11-11 02:33:00
ORD102533,2026-05-03,IN,P1026,PG1477,KW10317,387.66,Cancelled,2026-05-03 09:07:00
ORD102534,2026-06-26,FR,P1032,PG1271,KW11697,363.34,Completed,2026-06-26 12:23:00
ORD102535,2026-05-19,CA,P1017,PG1093,KW11654,686.09,Completed,2026-05-19 20:09:00
ORD102536,2025-11-30,US,P1046,PG1029,KW11836,560.78,Pending,2025-11-30 01:14:00
ORD102537,2026-01-31,US,P1040,PG1372,KW10359,964.09,Cancelled,2026-01-31 20:26:00
ORD102538,2026-06-29,CA,P1042,PG1349,KW10225,549.33,Completed,2026-06-29 01:34:00
ORD102539,2026-03-16,AU,P1046,PG1442,KW11013,274.08,Completed,2026-03-16 01:41:00
ORD102540,2026-03-14,IN,P1005,PG1342,KW11644,1532.1,Pending,2026-03-14 08:47:00
ORD102541,2025-11-19,US,P1009,PG1191,KW11288,995.92,Returned,2025-11-19 23:38:00
ORD102542,2026-05-21,US,P1043,PG1215,KW11816,788.74,Cancelled,2026-05-21 18:51:00
ORD102543,2026-04-19,US,P1013,PG1291,KW11679,342.03,Pending,2026-04-19 22:15:00
ORD102544,2026-08-07,UK,P1050,PG1260,KW11763,499.17,Pending,2026-08-07 23:16:00
ORD102545,2026-03-07,FR,P1026,PG1277,KW11701,311.31,Completed,2026-03-07 18:30:00
ORD102546,2026-03-29,BR,P1011,PG1218,KW11271,465.38,Cancelled,2026-03-29 05:57:00
ORD102547,2026-01-14,AU,P1029,PG1047,KW11693,1046.69,Completed,2026-01-14 22:13:00
ORD102548,2026-05-07,US,P1044,PG1124,KW10785,1137.54,Completed,2026-05-07 17:14:00
ORD102549,2025-12-21,AU,P1039,PG1142,KW11369,677.02,Pending,2025-12-21 02:29:00
ORD102550,2025-12-10,CA,P1033,PG1409,KW11208,507.15,Completed,2025-12-10 16:25:00
ORD102551,2026-02-02,CA,P1029,PG1140,KW11894,917.21,Pending,2026-02-02 13:42:00
ORD102552,2026-01-20,JP,P1015,PG1026,KW10785,591.4,Pending,2026-01-20 18:06:00
ORD102553,2026-07-11,UK,P1016,PG1142,KW11673,754.56,Pending,2026-07-11 13:58:00
ORD102554,2026-04-12,CA,P1026,PG1208,KW10923,475.95,Pending,2026-04-12 11:44:00
ORD102555,2026-06-13,AU,P1003,PG1421,KW10124,373.96,Completed,2026-06-13 13:52:00
ORD102556,2025-12-13,US,P1047,PG1272,KW11196,334.48,Returned,2025-12-13 14:08:00
ORD102557,2026-02-23,FR,P1027,PG1088,KW10433,657.1,Completed,2026-02-23 14:11:00
ORD102558,2025-12-03,US,P1030,PG1009,KW10985,911.19,Completed,2025-12-03 07:52:00
ORD102559,2026-09-25,MX,P1008,PG1457,KW11349,502.59,Completed,2026-09-25 02:38:00
ORD102560,2026-01-04,MX,P1019,PG1351,KW10920,878.93,Returned,2026-01-04 00:14:00
ORD102561,2026-08-17,JP,P1043,PG1309,KW11823,589.9,Pending,2026-08-17 05:42:00
ORD102562,2026-09-04,CA,P1037,PG1080,KW11660,1122.23,Pending,2026-09-04 09:18:00
ORD102563,2026-05-17,MX,P1002,PG1487,KW10981,495.33,Completed,2026-05-17 16:52:00
ORD102564,2026-07-31,CA,P1050,PG1098,KW10971,788.88,Cancelled,2026-07-31 04:56:00
ORD102565,2025-10-14,US,P1046,PG1438,KW10951,474.94,Pending,2025-10-14 22:58:00
ORD102566,2025-11-13,JP,P1012,PG1199,KW11682,366.54,Completed,2025-11-13 20:48:00
ORD102567,2026-07-16,AU,P1029,PG1242,KW11210,760.31,Cancelled,2026-07-16 20:33:00
ORD102568,2026-09-30,IN,P1008,PG1166,KW10566,518.51,Cancelled,2026-09-30 08:49:00
ORD102569,2026-02-20,US,P1028,PG1023,KW11432,1152.65,Cancelled,2026-02-20 11:11:00
ORD102570,2025-12-26,AU,P1016,PG1370,KW11072,1940.12,Returned,2025-12-26 03:59:00
ORD102571,2026-06-16,IN,P1014,PG1444,KW10486,985.89,Completed,2026-06-16 08:27:00
ORD102572,2026-09-28,FR,P1013,PG1203,KW11883,910.81,Completed,2026-09-28 04:22:00
ORD102573,2026-03-05,AU,P1031,PG1069,KW10772,755.63,Completed,2026-03-05 09:18:00
ORD102574,2025-12-26,DE,P1039,PG1404,KW11501,2748.97,Returned,2025-12-26 11:08:00
ORD102575,2025-10-09,US,P1008,PG1499,KW11275,765.25,Cancelled,2025-10-09 04:52:00
ORD102576,2026-07-17,FR,P1008,PG1287,KW10786,1763.12,Cancelled,2026-07-17 03:18:00
ORD102577,2026-02-05,AU,P1031,PG1051,KW11592,2251.36,Cancelled,2026-02-05 20:08:00
ORD102578,2026-09-14,FR,P1046,PG1278,KW11893,771.28,Pending,2026-09-14 16:26:00
ORD102579,2026-09-07,US,P1025,PG1207,KW11381,465.15,Returned,2026-09-07 14:31:00
ORD102580,2026-02-28,FR,P1049,PG1215,KW11062,2044.28,Pending,2026-02-28 14:25:00
ORD102581,2025-11-05,CA,P1035,PG1331,KW10625,722.18,Completed,2025-11-05 02:52:00
ORD102582,2025-12-16,US,P1040,PG1429,KW10299,550.29,Completed,2025-12-16 07:34:00
ORD102583,2025-10-15,CA,P1014,PG1392,KW11548,1990.16,Cancelled,2025-10-15 15:58:00
ORD102584,2026-08-23,UK,P1017,PG1374,KW10464,952.37,Completed,2026-08-23 11:12:00
ORD102585,2026-09-12,UK,P1008,PG1400,KW10713,713.84,Completed,2026-09-12 13:52:00
ORD102586,2026-03-31,MX,P1027,PG1430,KW11312,1407.19,Cancelled,2026-03-31 15:05:00
ORD102587,2026-04-18,CA,P1020,PG1034,KW11944,1040.79,Completed,2026-04-18 09:06:00
ORD102588,2026-03-24,UK,P1028,PG1433,KW11307,236.25,Completed,2026-03-24 14:13:00
ORD102589,2025-12-17,DE,P1028,PG1196,KW11011,1568.64,Completed,2025-12-17 04:29:00
ORD102590,2026-08-30,DE,P1008,PG1437,KW11098,1093.48,Completed,2026-08-30 12:56:00
ORD102591,2026-06-04,CA,P1032,PG1362,KW10545,741.09,Cancelled,2026-06-04 02:13:00
ORD102592,2025-11-17,DE,P1046,PG1463,KW11954,554.45,Pending,2025-11-17 03:44:00
ORD102593,2026-06-05,UK,P1008,PG1171,KW10081,857.14,Cancelled,2026-06-05 09:57:00
ORD102594,2026-01-31,UK,P1025,PG1345,KW11464,4257.3,Completed,2026-01-31 22:38:00
ORD102595,2026-05-19,CA,P1032,PG1272,KW10406,712.31,Returned,2026-05-19 04:17:00
ORD102596,2026-05-16,BR,P1039,PG1058,KW11881,644.55,Completed,2026-05-16 23:10:00
ORD102597,2025-11-07,DE,P1007,PG1090,KW11726,1802.73,Returned,2025-11-07 01:29:00
ORD102598,2026-04-26,FR,P1029,PG1188,KW10439,443.16,Cancelled,2026-04-26 18:43:00
ORD102599,2026-06-07,MX,P1023,PG1476,KW10241,1275.68,Cancelled,2026-06-07 18:31:00
ORD102600,2025-10-25,DE,P1047,PG1175,KW11232,571.34,Returned,2025-10-25 02:34:00
ORD102601,2026-06-22,MX,P1048,PG1232,KW11770,850.9,Pending,2026-06-22 05:47:00
ORD102602,2026-01-25,UK,P1006,PG1292,KW11613,416.15,Completed,2026-01-25 08:58:00
ORD102603,2026-09-13,MX,P1015,PG1317,KW11647,1892.89,Completed,2026-09-13 23:42:00
ORD102604,2026-09-10,FR,P1012,PG1089,KW10418,292.61,Completed,2026-09-10 07:42:00
ORD102605,2026-06-28,MX,P1016,PG1174,KW11650,611.1,Returned,2026-06-28 15:48:00
ORD102606,2026-09-14,MX,P1017,PG1082,KW10882,957.76,Pending,2026-09-14 02:17:00
ORD102607,2026-05-16,DE,P1018,PG1206,KW10231,506.29,Completed,2026-05-16 12:29:00
ORD102608,2026-05-30,UK,P1023,PG1186,KW11221,1235.78,Pending,2026-05-30 10:09:00
ORD102609,2025-11-24,CA,P1046,PG1426,KW10573,2438.26,Completed,2025-11-24 12:52:00
ORD102610,2026-03-17,IN,P1025,PG1193,KW10183,727.16,Returned,2026-03-17 09:01:00
ORD102611,2026-09-26,DE,P1031,PG1110,KW11832,426.0,Cancelled,2026-09-26 11:17:00
ORD102612,2025-11-22,JP,P1036,PG1437,KW11042,2686.09,Completed,2025-11-22 18:33:00
ORD102613,2025-12-30,IN,P1007,PG1277,KW11018,609.78,Completed,2025-12-30 23:10:00
ORD102614,2026-06-04,JP,P1018,PG1150,KW10793,1561.62,Completed,2026-06-04 06:22:00
ORD102615,2025-12-14,JP,P1018,PG1012,KW11081,467.19,Completed,2025-12-14 07:31:00
ORD102616,2026-04-25,UK,P1016,PG1487,KW11236,1625.77,Returned,2026-04-25 02:33:00
ORD102617,2026-01-30,CA,P1050,PG1292,KW11402,1053.04,Pending,2026-01-30 07:03:00
ORD102618,2026-03-27,CA,P1014,PG1427,KW10754,397.53,Completed,2026-03-27 15:31:00
ORD102619,2025-11-03,MX,P1020,PG1038,KW11645,453.76,Cancelled,2025-11-03 19:00:00
ORD102620,2026-02-20,MX,P1032,PG1084,KW10371,973.7,Completed,2026-02-20 13:54:00
ORD102621,2025-10-29,DE,P1023,PG1049,KW11402,753.99,Completed,2025-10-29 11:55:00
ORD102622,2025-11-05,UK,P1017,PG1195,KW10543,870.71,Returned,2025-11-05 16:59:00
ORD102623,2026-08-01,IN,P1040,PG1438,KW11461,1412.8,Returned,2026-08-01 10:10:00
ORD102624,2025-10-11,UK,P1043,PG1396,KW10218,967.07,Pending,2025-10-11 17:13:00
ORD102625,2025-11-10,AU,P1005,PG1181,KW10540,1577.1,Cancelled,2025-11-10 17:08:00
ORD102626,2026-02-18,AU,P1002,PG1028,KW10123,706.41,Returned,2026-02-18 14:18:00
ORD102627,2025-10-18,CA,P1040,PG1451,KW11206,326.2,Completed,2025-10-18 17:49:00
ORD102628,2026-09-21,JP,P1004,PG1454,KW10186,935.2,Cancelled,2026-09-21 03:19:00
ORD102629,2026-06-14,IN,P1011,PG1084,KW11360,513.83,Completed,2026-06-14 09:20:00
ORD102630,2026-07-26,FR,P1030,PG1473,KW11394,984.33,Completed,2026-07-26 05:03:00
ORD102631,2025-10-04,FR,P1032,PG1033,KW11296,395.41,Completed,2025-10-04 03:03:00
ORD102632,2026-03-19,UK,P1049,PG1399,KW10552,1084.8,Completed,2026-03-19 04:51:00
ORD102633,2025-10-07,MX,P1012,PG1479,KW10471,1162.8,Completed,2025-10-07 11:41:00
ORD102634,2025-11-10,US,P1050,PG1220,KW11504,285.16,Completed,2025-11-10 10:36:00
ORD102635,2026-05-16,JP,P1029,PG1325,KW10159,1000.95,Completed,2026-05-16 07:34:00
ORD102636,2025-11-23,AU,P1001,PG1010,KW10566,845.06,Completed,2025-11-23 06:36:00
ORD102637,2025-10-04,MX,P1007,PG1420,KW11390,610.73,Returned,2025-10-04 13:02:00
ORD102638,2026-02-22,CA,P1048,PG1441,KW10160,358.46,Returned,2026-02-22 05:22:00
ORD102639,2026-07-10,AU,P1045,PG1390,KW10733,1129.12,Completed,2026-07-10 03:53:00
ORD102640,2026-08-01,FR,P1006,PG1081,KW11672,1031.49,Completed,2026-08-01 06:06:00
ORD102641,2026-07-08,DE,P1011,PG1012,KW10040,1279.88,Completed,2026-07-08 02:05:00
ORD102642,2026-04-23,FR,P1022,PG1430,KW10275,732.58,Returned,2026-04-23 15:23:00
ORD102643,2026-04-14,AU,P1002,PG1369,KW10513,1033.67,Returned,2026-04-14 02:06:00
ORD102644,2026-08-22,UK,P1006,PG1043,KW11616,596.11,Completed,2026-08-22 20:36:00
ORD102645,2026-03-19,BR,P1018,PG1066,KW10660,601.56,Returned,2026-03-19 03:00:00
ORD102646,2026-04-02,AU,P1015,PG1088,KW11838,422.69,Pending,2026-04-02 22:48:00
ORD102647,2025-11-02,CA,P1001,PG1323,KW10102,410.88,Completed,2025-11-02 04:29:00
ORD102648,2026-03-10,MX,P1044,PG1274,KW11353,799.21,Completed,2026-03-10 14:27:00
ORD102649,2026-08-28,US,P1005,PG1242,KW11368,829.85,Completed,2026-08-28 21:56:00
ORD102650,2026-08-03,AU,P1007,PG1045,KW11408,774.68,Cancelled,2026-08-03 17:40:00
ORD102651,2026-03-27,UK,P1025,PG1146,KW10350,1735.62,Completed,2026-03-27 13:04:00
ORD102652,2026-09-15,JP,P1008,PG1045,KW10035,3235.83,Cancelled,2026-09-15 19:22:00
ORD102653,2025-11-21,JP,P1023,PG1486,KW11252,680.36,Cancelled,2025-11-21 16:54:00
ORD102654,2025-12-08,UK,P1007,PG1130,KW11949,802.35,Returned,2025-12-08 20:57:00
ORD102655,2026-05-24,US,P1043,PG1365,KW10307,351.38,Cancelled,2026-05-24 00:07:00
ORD102656,2026-01-20,FR,P1041,PG1202,KW10887,658.64,Cancelled,2026-01-20 10:30:00
ORD102657,2026-03-24,AU,P1023,PG1485,KW11577,466.87,Completed,2026-03-24 11:43:00
ORD102658,2026-08-05,IN,P1010,PG1151,KW11505,286.11,Pending,2026-08-05 22:55:00
ORD102659,2025-10-11,UK,P1047,PG1040,KW11717,1920.17,Pending,2025-10-11 19:02:00
ORD102660,2026-05-22,CA,P1036,PG1207,KW10370,1172.22,Completed,2026-05-22 13:35:00
ORD102661,2026-08-19,DE,P1006,PG1055,KW10354,1264.09,Returned,2026-08-19 02:39:00
ORD102662,2025-12-09,AU,P1027,PG1154,KW10924,1323.71,Completed,2025-12-09 04:06:00
ORD102663,2026-09-12,BR,P1045,PG1085,KW10163,610.77,Returned,2026-09-12 15:10:00
ORD102664,2025-11-27,BR,P1014,PG1386,KW11653,509.1,Cancelled,2025-11-27 06:15:00
ORD102665,2026-08-13,MX,P1011,PG1271,KW10545,703.9,Returned,2026-08-13 22:32:00
ORD102666,2026-04-26,JP,P1004,PG1350,KW10599,927.84,Returned,2026-04-26 10:18:00
ORD102667,2025-12-05,BR,P1031,PG1002,KW11858,1253.26,Cancelled,2025-12-05 11:57:00
ORD102668,2026-04-23,JP,P1023,PG1024,KW10538,718.49,Completed,2026-04-23 14:46:00
ORD102669,2026-08-15,IN,P1005,PG1036,KW10434,1158.95,Completed,2026-08-15 02:52:00
ORD102670,2026-07-09,BR,P1042,PG1167,KW10234,1648.4,Completed,2026-07-09 13:19:00
ORD102671,2026-08-14,BR,P1044,PG1277,KW11317,1814.04,Completed,2026-08-14 09:36:00
ORD102672,2026-04-15,CA,P1020,PG1102,KW10178,412.85,Pending,2026-04-15 11:26:00
ORD102673,2026-09-07,JP,P1013,PG1102,KW11620,1735.31,Completed,2026-09-07 16:14:00
ORD102674,2026-08-25,US,P1040,PG1096,KW11470,1957.5,Completed,2026-08-25 18:43:00
ORD102675,2026-09-08,BR,P1039,PG1158,KW11389,1725.03,Completed,2026-09-08 12:58:00
ORD102676,2026-07-29,JP,P1005,PG1267,KW10854,1324.88,Cancelled,2026-07-29 12:23:00
ORD102677,2026-08-12,DE,P1033,PG1024,KW11542,475.45,Completed,2026-08-12 15:52:00
ORD102678,2025-10-06,BR,P1042,PG1350,KW11592,3164.11,Completed,2025-10-06 21:42:00
ORD102679,2026-08-02,MX,P1028,PG1005,KW12000,2275.81,Cancelled,2026-08-02 01:43:00
ORD102680,2026-01-31,DE,P1004,PG1359,KW10120,1602.79,Pending,2026-01-31 11:25:00
ORD102681,2025-11-01,DE,P1001,PG1241,KW10718,464.26,Pending,2025-11-01 19:15:00
ORD102682,2026-08-23,DE,P1024,PG1430,KW11912,1390.69,Completed,2026-08-23 18:53:00
ORD102683,2026-09-07,DE,P1037,PG1163,KW11664,428.04,Completed,2026-09-07 04:27:00
ORD102684,2026-03-29,JP,P1025,PG1032,KW10672,2189.03,Pending,2026-03-29 05:53:00
ORD102685,2026-02-11,DE,P1038,PG1452,KW10380,562.8,Completed,2026-02-11 07:35:00
ORD102686,2025-12-27,AU,P1043,PG1367,KW11410,449.22,Completed,2025-12-27 23:16:00
ORD102687,2026-06-14,DE,P1015,PG1102,KW10974,384.24,Completed,2026-06-14 05:38:00
ORD102688,2026-01-20,MX,P1031,PG1156,KW11206,436.19,Completed,2026-01-20 14:30:00
ORD102689,2026-01-09,CA,P1023,PG1179,KW11327,1596.72,Pending,2026-01-09 20:14:00
ORD102690,2025-11-17,AU,P1049,PG1007,KW11264,2121.06,Completed,2025-11-17 16:39:00
ORD102691,2026-02-09,AU,P1045,PG1303,KW10407,378.68,Completed,2026-02-09 08:12:00
ORD102692,2026-09-01,UK,P1024,PG1195,KW10049,816.52,Completed,2026-09-01 14:15:00
ORD102693,2026-08-01,US,P1019,PG1082,KW11771,1455.02,Completed,2026-08-01 21:13:00
ORD102694,2026-08-02,JP,P1013,PG1152,KW10101,756.28,Pending,2026-08-02 19:56:00
ORD102695,2026-05-30,JP,P1020,PG1231,KW11439,476.32,Pending,2026-05-30 06:33:00
ORD102696,2025-10-07,FR,P1026,PG1455,KW10188,2338.21,Cancelled,2025-10-07 10:42:00
ORD102697,2026-07-19,IN,P1020,PG1379,KW11732,1418.17,Completed,2026-07-19 14:53:00
ORD102698,2025-10-11,UK,P1005,PG1169,KW11513,886.14,Completed,2025-10-11 21:15:00
ORD102699,2026-06-19,MX,P1028,PG1323,KW10214,1799.49,Completed,2026-06-19 04:58:00
ORD102700,2025-11-05,MX,P1050,PG1415,KW11136,898.56,Pending,2025-11-05 07:05:00
ORD102701,2026-03-13,AU,P1005,PG1009,KW11278,1013.86,Completed,2026-03-13 11:06:00
ORD102702,2026-06-14,UK,P1032,PG1401,KW11498,817.17,Completed,2026-06-14 03:53:00
ORD102703,2025-12-12,DE,P1001,PG1066,KW11093,2090.95,Completed,2025-12-12 16:29:00
ORD102704,2026-06-09,DE,P1045,PG1029,KW11769,755.24,Completed,2026-06-09 03:09:00
ORD102705,2026-01-20,MX,P1012,PG1462,KW11288,1323.6,Returned,2026-01-20 19:55:00
ORD102706,2026-06-07,IN,P1006,PG1053,KW11174,636.61,Completed,2026-06-07 08:52:00
ORD102707,2025-11-16,UK,P1023,PG1189,KW10166,395.66,Completed,2025-11-16 15:29:00
ORD102708,2026-07-20,AU,P1024,PG1119,KW10130,2179.13,Returned,2026-07-20 21:21:00
ORD102709,2025-12-07,US,P1012,PG1030,KW11748,368.86,Completed,2025-12-07 18:17:00
ORD102710,2025-11-17,JP,P1009,PG1169,KW11673,254.56,Cancelled,2025-11-17 21:10:00
ORD102711,2026-04-02,BR,P1008,PG1340,KW10723,695.29,Completed,2026-04-02 17:23:00
ORD102712,2025-12-05,MX,P1016,PG1317,KW10984,2060.68,Cancelled,2025-12-05 12:56:00
ORD102713,2026-04-28,MX,P1049,PG1426,KW11270,1549.99,Completed,2026-04-28 21:11:00
ORD102714,2026-03-01,AU,P1008,PG1117,KW11334,209.94,Pending,2026-03-01 03:45:00
ORD102715,2026-02-12,FR,P1010,PG1449,KW11198,214.29,Completed,2026-02-12 16:25:00
ORD102716,2025-11-08,IN,P1042,PG1373,KW11634,1097.34,Completed,2025-11-08 14:46:00
ORD102717,2026-08-24,CA,P1047,PG1488,KW10964,1079.52,Cancelled,2026-08-24 01:15:00
ORD102718,2026-08-05,JP,P1001,PG1131,KW11927,863.51,Completed,2026-08-05 15:34:00
ORD102719,2025-10-09,BR,P1033,PG1449,KW10297,84.25,Cancelled,2025-10-09 07:11:00
ORD102720,2025-12-30,JP,P1033,PG1092,KW11381,386.07,Pending,2025-12-30 14:38:00
ORD102721,2026-01-20,FR,P1031,PG1431,KW10478,380.62,Completed,2026-01-20 02:38:00
ORD102722,2026-05-13,CA,P1001,PG1099,KW11558,561.3,Completed,2026-05-13 23:50:00
ORD102723,2025-10-21,AU,P1014,PG1335,KW11790,526.87,Completed,2025-10-21 07:02:00
ORD102724,2026-07-30,JP,P1043,PG1052,KW11766,896.63,Completed,2026-07-30 08:50:00
ORD102725,2026-09-27,BR,P1029,PG1221,KW11477,910.7,Completed,2026-09-27 02:24:00
ORD102726,2026-05-27,DE,P1022,PG1448,KW11681,995.45,Completed,2026-05-27 16:21:00
ORD102727,2026-06-23,MX,P1047,PG1007,KW11431,676.96,Pending,2026-06-23 12:17:00
ORD102728,2025-12-04,UK,P1029,PG1389,KW10791,1046.71,Completed,2025-12-04 11:02:00
ORD102729,2026-08-09,DE,P1020,PG1126,KW10537,617.44,Returned,2026-08-09 14:29:00
ORD102730,2025-11-23,DE,P1010,PG1119,KW10880,1906.41,Returned,2025-11-23 16:04:00
ORD102731,2026-03-14,MX,P1024,PG1442,KW11727,718.4,Completed,2026-03-14 03:43:00
ORD102732,2025-12-11,CA,P1016,PG1116,KW11242,350.93,Completed,2025-12-11 18:12:00
ORD102733,2025-11-28,DE,P1010,PG1308,KW10487,468.98,Pending,2025-11-28 12:22:00
ORD102734,2026-08-23,JP,P1028,PG1358,KW11482,475.37,Returned,2026-08-23 10:24:00
ORD102735,2026-01-26,US,P1033,PG1270,KW10919,481.74,Returned,2026-01-26 04:01:00
ORD102736,2025-11-16,CA,P1039,PG1257,KW10065,2617.33,Completed,2025-11-16 00:24:00
ORD102737,2026-08-09,JP,P1036,PG1042,KW10607,901.26,Completed,2026-08-09 15:17:00
ORD102738,2025-12-04,UK,P1014,PG1451,KW10702,1057.5,Completed,2025-12-04 18:29:00
ORD102739,2025-11-13,CA,P1028,PG1014,KW11235,424.13,Cancelled,2025-11-13 03:46:00
ORD102740,2026-05-22,MX,P1005,PG1496,KW10088,1525.77,Completed,2026-05-22 00:38:00
ORD102741,2026-03-26,IN,P1031,PG1317,KW11835,449.16,Pending,2026-03-26 10:10:00
ORD102742,2026-08-18,CA,P1047,PG1235,KW11722,368.29,Pending,2026-08-18 10:12:00
ORD102743,2026-04-28,DE,P1048,PG1436,KW11275,1672.82,Returned,2026-04-28 21:06:00
ORD102744,2026-04-22,BR,P1040,PG1421,KW10711,1271.24,Pending,2026-04-22 04:44:00
ORD102745,2026-01-22,AU,P1005,PG1245,KW10655,1197.0,Completed,2026-01-22 02:46:00
ORD102746,2026-06-04,FR,P1015,PG1497,KW11494,820.77,Completed,2026-06-04 11:32:00
ORD102747,2025-12-09,BR,P1031,PG1433,KW11606,622.9,Completed,2025-12-09 08:43:00
ORD102748,2025-11-01,BR,P1039,PG1306,KW11057,982.6,Completed,2025-11-01 04:14:00
ORD102749,2025-11-01,MX,P1015,PG1309,KW11146,173.97,Completed,2025-11-01 21:00:00
ORD102750,2026-01-23,MX,P1025,PG1051,KW10181,674.84,Pending,2026-01-23 12:19:00
ORD102751,2026-08-29,FR,P1027,PG1461,KW10931,2055.43,Completed,2026-08-29 10:45:00
ORD102752,2025-10-28,UK,P1032,PG1057,KW10606,716.15,Completed,2025-10-28 00:10:00
ORD102753,2026-09-03,US,P1025,PG1263,KW11552,1541.33,Returned,2026-09-03 18:01:00
ORD102754,2026-03-24,UK,P1007,PG1240,KW10480,464.08,Returned,2026-03-24 17:28:00
ORD102755,2025-11-23,CA,P1005,PG1101,KW11046,673.32,Completed,2025-11-23 18:38:00
ORD102756,2026-05-08,US,P1020,PG1418,KW11332,600.79,Cancelled,2026-05-08 04:36:00
ORD102757,2026-08-13,CA,P1025,PG1155,KW11315,263.55,Pending,2026-08-13 00:12:00
ORD102758,2025-11-17,MX,P1007,PG1413,KW10065,251.89,Completed,2025-11-17 09:00:00
ORD102759,2026-04-04,UK,P1030,PG1269,KW10407,1200.06,Pending,2026-04-04 21:39:00
ORD102760,2026-01-02,DE,P1043,PG1220,KW10670,2067.37,Completed,2026-01-02 19:00:00
ORD102761,2026-05-14,CA,P1002,PG1377,KW10603,1259.75,Completed,2026-05-14 21:13:00
ORD102762,2026-07-07,AU,P1034,PG1256,KW10156,449.37,Completed,2026-07-07 06:08:00
ORD102763,2026-09-20,AU,P1007,PG1346,KW10904,656.46,Completed,2026-09-20 18:29:00
ORD102764,2026-09-15,IN,P1023,PG1342,KW10029,1226.76,Returned,2026-09-15 00:57:00
ORD102765,2026-07-24,CA,P1047,PG1495,KW10457,297.15,Completed,2026-07-24 05:15:00
ORD102766,2025-12-04,UK,P1029,PG1099,KW10266,787.91,Completed,2025-12-04 09:08:00
ORD102767,2026-09-05,IN,P1046,PG1414,KW10813,2013.91,Completed,2026-09-05 02:15:00
ORD102768,2025-12-16,IN,P1019,PG1286,KW11358,541.04,Completed,2025-12-16 21:12:00
ORD102769,2026-08-22,MX,P1042,PG1308,KW11743,733.34,Completed,2026-08-22 19:14:00
ORD102770,2026-09-12,MX,P1043,PG1093,KW11037,1674.52,Returned,2026-09-12 13:40:00
ORD102771,2026-05-06,AU,P1016,PG1199,KW11733,525.3,Returned,2026-05-06 12:00:00
ORD102772,2026-09-08,BR,P1014,PG1154,KW10796,1787.45,Completed,2026-09-08 23:55:00
ORD102773,2026-04-22,AU,P1044,PG1098,KW10932,396.58,Completed,2026-04-22 05:12:00
ORD102774,2026-07-25,DE,P1015,PG1408,KW10559,889.43,Completed,2026-07-25 16:20:00
ORD102775,2026-02-09,UK,P1032,PG1398,KW10267,1498.65,Completed,2026-02-09 17:19:00
ORD102776,2026-07-22,BR,P1037,PG1016,KW11765,395.37,Completed,2026-07-22 03:23:00
ORD102777,2026-04-03,MX,P1001,PG1360,KW10526,768.37,Completed,2026-04-03 14:09:00
ORD102778,2026-04-13,CA,P1049,PG1280,KW11105,815.81,Completed,2026-04-13 18:45:00
ORD102779,2026-06-29,MX,P1046,PG1193,KW11972,931.33,Pending,2026-06-29 07:40:00
ORD102780,2025-11-06,BR,P1034,PG1048,KW11101,1870.16,Cancelled,2025-11-06 13:02:00
ORD102781,2025-12-22,DE,P1011,PG1222,KW10354,1101.08,Completed,2025-12-22 14:59:00
ORD102782,2026-05-14,MX,P1009,PG1190,KW10114,936.75,Completed,2026-05-14 00:25:00
ORD102783,2026-08-09,JP,P1041,PG1154,KW11237,1095.58,Pending,2026-08-09 22:14:00
ORD102784,2025-11-08,AU,P1042,PG1495,KW11654,1558.73,Pending,2025-11-08 07:24:00
ORD102785,2026-01-29,UK,P1036,PG1028,KW11076,1028.71,Completed,2026-01-29 21:48:00
ORD102786,2026-07-20,US,P1027,PG1235,KW10793,906.26,Returned,2026-07-20 08:32:00
ORD102787,2025-11-08,CA,P1017,PG1040,KW10876,765.89,Returned,2025-11-08 00:05:00
ORD102788,2025-10-30,DE,P1044,PG1016,KW11901,1211.2,Completed,2025-10-30 13:21:00
ORD102789,2026-06-08,UK,P1019,PG1440,KW10351,820.21,Pending,2026-06-08 17:33:00
ORD102790,2025-12-29,BR,P1009,PG1283,KW11499,1957.34,Pending,2025-12-29 05:34:00
ORD102791,2026-02-24,MX,P1009,PG1405,KW11379,1426.58,Cancelled,2026-02-24 00:02:00
ORD102792,2026-06-03,JP,P1002,PG1028,KW10691,1661.28,Completed,2026-06-03 19:36:00
ORD102793,2026-03-23,FR,P1016,PG1120,KW11385,1571.34,Returned,2026-03-23 05:12:00
ORD102794,2026-04-22,DE,P1023,PG1331,KW11121,378.25,Returned,2026-04-22 21:14:00
ORD102795,2026-01-05,MX,P1033,PG1439,KW11791,675.47,Completed,2026-01-05 07:17:00
ORD102796,2026-07-11,DE,P1017,PG1068,KW11667,1103.53,Pending,2026-07-11 07:11:00
ORD102797,2025-10-01,AU,P1044,PG1274,KW10086,838.89,Completed,2025-10-01 18:38:00
ORD102798,2026-03-08,MX,P1044,PG1416,KW10907,519.21,Completed,2026-03-08 04:22:00
ORD102799,2026-01-06,US,P1050,PG1098,KW11348,373.24,Pending,2026-01-06 21:37:00
ORD102800,2025-11-07,BR,P1009,PG1223,KW11669,1202.32,Completed,2025-11-07 12:01:00
ORD102801,2025-10-20,IN,P1025,PG1070,KW10123,1739.43,Completed,2025-10-20 16:44:00
ORD102802,2026-07-03,FR,P1048,PG1383,KW10535,981.86,Returned,2026-07-03 22:56:00
ORD102803,2026-01-24,CA,P1026,PG1292,KW10680,380.02,Completed,2026-01-24 11:34:00
ORD102804,2026-03-23,UK,P1002,PG1303,KW10078,183.97,Completed,2026-03-23 08:23:00
ORD102805,2026-09-07,JP,P1034,PG1332,KW11684,1511.07,Pending,2026-09-07 15:11:00
ORD102806,2025-11-06,US,P1001,PG1165,KW11551,426.47,Completed,2025-11-06 20:55:00
ORD102807,2026-03-19,JP,P1039,PG1130,KW10381,909.3,Returned,2026-03-19 03:54:00
ORD102808,2026-05-13,JP,P1042,PG1342,KW11795,794.87,Completed,2026-05-13 12:49:00
ORD102809,2026-05-30,FR,P1023,PG1500,KW11193,647.94,Completed,2026-05-30 10:54:00
ORD102810,2026-06-18,FR,P1019,PG1206,KW11982,377.31,Returned,2026-06-18 12:31:00
ORD102811,2026-03-31,CA,P1036,PG1104,KW11247,728.54,Returned,2026-03-31 05:38:00
ORD102812,2026-01-12,US,P1009,PG1367,KW11478,796.56,Completed,2026-01-12 13:56:00
ORD102813,2026-07-02,MX,P1011,PG1379,KW10193,1214.31,Completed,2026-07-02 22:52:00
ORD102814,2026-06-04,CA,P1012,PG1094,KW11233,1439.25,Completed,2026-06-04 21:17:00
ORD102815,2025-10-23,AU,P1017,PG1235,KW11847,1241.24,Completed,2025-10-23 12:32:00
ORD102816,2026-05-30,BR,P1034,PG1250,KW11898,403.26,Cancelled,2026-05-30 04:07:00
ORD102817,2025-11-27,UK,P1045,PG1453,KW11572,1084.71,Returned,2025-11-27 01:25:00
ORD102818,2026-02-14,AU,P1048,PG1044,KW10869,868.14,Completed,2026-02-14 07:49:00
ORD102819,2026-09-15,IN,P1024,PG1201,KW11120,1088.26,Completed,2026-09-15 14:02:00
ORD102820,2026-02-07,JP,P1006,PG1325,KW10015,355.72,Completed,2026-02-07 00:36:00
ORD102821,2026-08-16,AU,P1040,PG1387,KW11839,1736.12,Pending,2026-08-16 12:02:00
ORD102822,2026-02-10,US,P1018,PG1189,KW11257,327.34,Returned,2026-02-10 20:33:00
ORD102823,2026-04-10,JP,P1028,PG1430,KW10610,195.31,Returned,2026-04-10 03:54:00
ORD102824,2026-01-02,DE,P1048,PG1327,KW11102,805.52,Cancelled,2026-01-02 19:18:00
ORD102825,2025-12-11,FR,P1006,PG1360,KW10455,1084.92,Pending,2025-12-11 13:48:00
ORD102826,2026-06-20,US,P1028,PG1216,KW10557,734.97,Pending,2026-06-20 17:12:00
ORD102827,2026-09-18,DE,P1034,PG1359,KW11824,1151.12,Completed,2026-09-18 11:08:00
ORD102828,2025-12-03,AU,P1029,PG1139,KW11987,808.19,Completed,2025-12-03 09:46:00
ORD102829,2026-08-19,JP,P1049,PG1461,KW11951,1073.63,Completed,2026-08-19 01:21:00
ORD102830,2025-10-27,AU,P1026,PG1007,KW11429,824.61,Completed,2025-10-27 03:27:00
ORD102831,2026-09-24,CA,P1032,PG1248,KW10962,1122.83,Returned,2026-09-24 06:47:00
ORD102832,2025-11-08,CA,P1038,PG1354,KW11215,321.54,Completed,2025-11-08 12:30:00
ORD102833,2026-02-02,AU,P1019,PG1247,KW11362,2169.91,Returned,2026-02-02 05:49:00
ORD102834,2025-11-24,BR,P1027,PG1280,KW11484,1129.89,Cancelled,2025-11-24 13:38:00
ORD102835,2025-10-21,AU,P1050,PG1233,KW10995,493.87,Returned,2025-10-21 09:17:00
ORD102836,2026-01-13,BR,P1036,PG1347,KW10874,1752.59,Completed,2026-01-13 18:02:00
ORD102837,2026-06-17,UK,P1044,PG1069,KW10347,1151.97,Returned,2026-06-17 01:38:00
ORD102838,2026-03-29,CA,P1029,PG1026,KW10026,1081.39,Returned,2026-03-29 21:51:00
ORD102839,2026-04-27,BR,P1036,PG1322,KW11712,1230.79,Completed,2026-04-27 05:25:00
ORD102840,2026-03-17,UK,P1003,PG1158,KW10642,1247.36,Completed,2026-03-17 16:57:00
ORD102841,2026-08-05,JP,P1048,PG1003,KW11787,742.09,Pending,2026-08-05 12:42:00
ORD102842,2026-08-22,BR,P1027,PG1465,KW10668,498.15,Completed,2026-08-22 12:57:00
ORD102843,2026-05-23,IN,P1013,PG1164,KW10939,1517.01,Pending,2026-05-23 13:43:00
ORD102844,2025-10-27,MX,P1007,PG1346,KW11206,1610.36,Pending,2025-10-27 01:38:00
ORD102845,2025-11-26,UK,P1029,PG1317,KW10251,3491.32,Completed,2025-11-26 06:24:00
ORD102846,2025-12-28,DE,P1001,PG1050,KW11817,680.43,Cancelled,2025-12-28 00:04:00
ORD102847,2026-01-07,FR,P1041,PG1121,KW10867,824.15,Completed,2026-01-07 21:29:00
ORD102848,2026-02-15,BR,P1039,PG1477,KW11223,736.77,Cancelled,2026-02-15 22:02:00
ORD102849,2025-12-15,AU,P1008,PG1140,KW10995,926.68,Completed,2025-12-15 21:14:00
ORD102850,2026-05-05,IN,P1015,PG1117,KW11875,1119.76,Completed,2026-05-05 05:00:00
ORD102851,2026-02-25,US,P1022,PG1241,KW10677,594.8,Completed,2026-02-25 11:07:00
ORD102852,2026-03-25,CA,P1006,PG1413,KW10969,219.56,Completed,2026-03-25 07:59:00
ORD102853,2026-01-02,MX,P1003,PG1189,KW10318,676.35,Returned,2026-01-02 08:11:00
ORD102854,2026-04-20,DE,P1041,PG1452,KW11662,408.77,Cancelled,2026-04-20 06:38:00
ORD102855,2026-05-19,FR,P1016,PG1323,KW11890,416.36,Completed,2026-05-19 18:47:00
ORD102856,2026-08-01,UK,P1040,PG1414,KW10710,873.41,Pending,2026-08-01 15:53:00
ORD102857,2026-09-11,IN,P1028,PG1342,KW10580,334.73,Completed,2026-09-11 20:21:00
ORD102858,2025-10-12,BR,P1048,PG1482,KW10328,1613.64,Completed,2025-10-12 13:21:00
ORD102859,2026-07-05,BR,P1040,PG1203,KW11782,157.85,Pending,2026-07-05 05:39:00
ORD102860,2025-10-01,BR,P1031,PG1407,KW10055,584.08,Completed,2025-10-01 16:15:00
ORD102861,2025-11-09,DE,P1024,PG1403,KW11745,1323.76,Completed,2025-11-09 02:40:00
ORD102862,2026-01-23,IN,P1038,PG1399,KW11752,1143.88,Completed,2026-01-23 00:35:00
ORD102863,2025-12-29,BR,P1024,PG1106,KW10505,640.41,Returned,2025-12-29 17:06:00
ORD102864,2025-10-20,JP,P1020,PG1147,KW10386,416.08,Completed,2025-10-20 10:17:00
ORD102865,2026-03-18,IN,P1033,PG1380,KW10590,1033.08,Completed,2026-03-18 08:12:00
ORD102866,2026-05-27,DE,P1044,PG1222,KW10165,2688.27,Returned,2026-05-27 15:21:00
ORD102867,2026-02-23,DE,P1011,PG1121,KW11415,1284.4,Completed,2026-02-23 23:02:00
ORD102868,2026-06-23,BR,P1050,PG1178,KW10326,538.34,Completed,2026-06-23 13:34:00
ORD102869,2025-12-06,CA,P1027,PG1300,KW11917,736.83,Completed,2025-12-06 06:01:00
ORD102870,2025-10-04,FR,P1036,PG1115,KW11668,579.05,Completed,2025-10-04 16:48:00
ORD102871,2026-08-18,FR,P1030,PG1190,KW10618,765.14,Cancelled,2026-08-18 01:55:00
ORD102872,2026-04-05,JP,P1044,PG1073,KW10925,782.02,Returned,2026-04-05 13:51:00
ORD102873,2026-02-08,DE,P1031,PG1296,KW11003,1163.2,Completed,2026-02-08 14:33:00
ORD102874,2025-12-23,BR,P1033,PG1175,KW10641,851.37,Completed,2025-12-23 11:08:00
ORD102875,2026-03-15,MX,P1019,PG1091,KW10084,1414.54,Completed,2026-03-15 04:17:00
ORD102876,2025-10-20,CA,P1032,PG1360,KW11696,636.83,Cancelled,2025-10-20 07:27:00
ORD102877,2026-06-26,MX,P1021,PG1007,KW11526,1367.04,Completed,2026-06-26 14:53:00
ORD102878,2026-04-09,JP,P1049,PG1452,KW11420,1004.3,Returned,2026-04-09 09:01:00
ORD102879,2025-11-20,AU,P1039,PG1322,KW11873,380.37,Completed,2025-11-20 09:22:00
ORD102880,2026-05-24,JP,P1050,PG1123,KW11106,836.38,Pending,2026-05-24 15:18:00
ORD102881,2026-05-06,US,P1031,PG1221,KW11586,1108.09,Completed,2026-05-06 16:49:00
ORD102882,2026-07-15,FR,P1040,PG1291,KW11762,684.55,Completed,2026-07-15 01:57:00
ORD102883,2026-09-16,MX,P1008,PG1452,KW10544,1177.98,Completed,2026-09-16 03:53:00
ORD102884,2025-11-15,MX,P1038,PG1374,KW11656,712.87,Completed,2025-11-15 18:18:00
ORD102885,2026-04-17,AU,P1040,PG1276,KW10123,1720.67,Completed,2026-04-17 20:16:00
ORD102886,2026-09-13,FR,P1019,PG1191,KW10207,994.44,Completed,2026-09-13 20:25:00
ORD102887,2026-09-25,JP,P1044,PG1331,KW11630,272.11,Pending,2026-09-25 02:13:00
ORD102888,2026-01-24,MX,P1012,PG1058,KW11572,794.93,Pending,2026-01-24 13:11:00
ORD102889,2026-05-24,DE,P1015,PG1446,KW11550,178.0,Pending,2026-05-24 14:31:00
ORD102890,2026-04-23,US,P1014,PG1359,KW11862,693.15,Completed,2026-04-23 17:03:00
ORD102891,2026-04-20,DE,P1010,PG1077,KW11966,985.34,Pending,2026-04-20 07:23:00
ORD102892,2025-11-12,AU,P1032,PG1331,KW10784,906.69,Completed,2025-11-12 06:07:00
ORD102893,2026-06-09,BR,P1008,PG1104,KW10345,442.54,Returned,2026-06-09 05:58:00
ORD102894,2026-06-04,UK,P1024,PG1018,KW10752,1422.6,Returned,2026-06-04 22:23:00
ORD102895,2025-10-04,IN,P1044,PG1227,KW11585,711.27,Completed,2025-10-04 16:58:00
ORD102896,2025-10-26,DE,P1037,PG1299,KW11842,1042.39,Cancelled,2025-10-26 10:17:00
ORD102897,2026-09-24,MX,P1042,PG1392,KW10879,433.44,Returned,2026-09-24 10:40:00
ORD102898,2026-08-23,FR,P1021,PG1151,KW10856,514.04,Completed,2026-08-23 02:22:00
ORD102899,2025-12-27,FR,P1044,PG1324,KW10138,352.4,Completed,2025-12-27 07:10:00
ORD102900,2026-04-19,AU,P1007,PG1314,KW11268,1391.84,Completed,2026-04-19 18:29:00
ORD102901,2026-06-26,UK,P1030,PG1015,KW10986,376.15,Completed,2026-06-26 23:02:00
ORD102902,2025-12-23,DE,P1018,PG1014,KW11513,1286.1,Completed,2025-12-23 18:57:00
ORD102903,2025-12-27,IN,P1035,PG1425,KW11066,847.32,Cancelled,2025-12-27 09:28:00
ORD102904,2025-12-06,FR,P1006,PG1139,KW10502,2347.38,Completed,2025-12-06 06:26:00
ORD102905,2026-02-13,UK,P1047,PG1378,KW10768,1326.24,Completed,2026-02-13 07:08:00
ORD102906,2026-01-14,BR,P1047,PG1212,KW10857,2260.11,Cancelled,2026-01-14 23:49:00
ORD102907,2026-05-03,IN,P1033,PG1341,KW11701,425.66,Completed,2026-05-03 19:21:00
ORD102908,2026-03-26,BR,P1034,PG1092,KW11420,2695.36,Completed,2026-03-26 14:01:00
ORD102909,2026-05-17,AU,P1031,PG1203,KW11618,4126.23,Returned,2026-05-17 01:52:00
ORD102910,2026-07-05,UK,P1025,PG1098,KW10414,663.39,Cancelled,2026-07-05 21:22:00
ORD102911,2026-04-19,AU,P1030,PG1329,KW11184,1572.29,Returned,2026-04-19 20:40:00
ORD102912,2025-12-24,US,P1033,PG1093,KW10877,632.23,Completed,2025-12-24 18:37:00
ORD102913,2026-03-31,JP,P1011,PG1268,KW10300,371.62,Completed,2026-03-31 00:47:00
ORD102914,2026-04-01,UK,P1045,PG1149,KW11826,897.73,Completed,2026-04-01 02:30:00
ORD102915,2026-01-20,DE,P1034,PG1264,KW11604,718.31,Completed,2026-01-20 06:02:00
ORD102916,2026-07-24,US,P1037,PG1200,KW10236,475.48,Completed,2026-07-24 03:02:00
ORD102917,2026-03-15,DE,P1026,PG1067,KW11664,2051.9,Completed,2026-03-15 03:14:00
ORD102918,2026-04-05,AU,P1039,PG1499,KW11912,989.24,Returned,2026-04-05 04:48:00
ORD102919,2026-07-09,AU,P1016,PG1225,KW11429,500.94,Returned,2026-07-09 17:46:00
ORD102920,2025-12-18,BR,P1018,PG1037,KW10974,207.08,Completed,2025-12-18 17:18:00
ORD102921,2026-08-14,DE,P1030,PG1172,KW11351,478.4,Completed,2026-08-14 17:03:00
ORD102922,2026-06-28,CA,P1036,PG1195,KW10235,916.17,Completed,2026-06-28 20:31:00
ORD102923,2026-09-27,CA,P1020,PG1136,KW11360,1061.72,Completed,2026-09-27 02:39:00
ORD102924,2026-05-17,IN,P1046,PG1255,KW11273,401.97,Cancelled,2026-05-17 14:43:00
ORD102925,2026-03-25,CA,P1032,PG1075,KW10961,782.32,Completed,2026-03-25 07:30:00
ORD102926,2025-12-17,US,P1041,PG1203,KW10395,544.78,Completed,2025-12-17 04:07:00
ORD102927,2026-04-09,CA,P1003,PG1121,KW11296,1116.33,Returned,2026-04-09 13:01:00
ORD102928,2026-06-06,BR,P1041,PG1489,KW10770,873.04,Completed,2026-06-06 15:12:00
ORD102929,2026-07-12,MX,P1024,PG1179,KW10011,498.48,Completed,2026-07-12 04:56:00
ORD102930,2026-07-05,AU,P1007,PG1436,KW10567,404.91,Returned,2026-07-05 04:59:00
ORD102931,2026-09-14,IN,P1042,PG1268,KW10730,154.64,Cancelled,2026-09-14 11:14:00
ORD102932,2026-08-28,US,P1050,PG1337,KW10110,748.89,Completed,2026-08-28 22:44:00
ORD102933,2026-04-26,IN,P1010,PG1482,KW11437,1109.75,Cancelled,2026-04-26 10:51:00
ORD102934,2026-04-29,IN,P1046,PG1330,KW11107,657.34,Completed,2026-04-29 11:05:00
ORD102935,2026-09-04,US,P1028,PG1092,KW10351,1046.82,Completed,2026-09-04 21:01:00
ORD102936,2026-02-13,JP,P1027,PG1302,KW10565,1576.48,Pending,2026-02-13 17:35:00
ORD102937,2026-05-05,US,P1028,PG1460,KW11211,580.67,Completed,2026-05-05 18:55:00
ORD102938,2026-06-03,MX,P1019,PG1135,KW11281,1838.14,Completed,2026-06-03 03:55:00
ORD102939,2026-06-19,IN,P1035,PG1034,KW11010,875.96,Pending,2026-06-19 11:43:00
ORD102940,2026-03-14,JP,P1024,PG1309,KW11860,280.07,Pending,2026-03-14 00:15:00
ORD102941,2025-12-24,JP,P1015,PG1280,KW10790,733.14,Pending,2025-12-24 17:37:00
ORD102942,2025-10-15,FR,P1019,PG1252,KW10453,431.0,Completed,2025-10-15 12:17:00
ORD102943,2025-11-17,AU,P1025,PG1406,KW10670,380.32,Returned,2025-11-17 12:52:00
ORD102944,2026-03-04,UK,P1002,PG1453,KW10856,582.25,Pending,2026-03-04 12:27:00
ORD102945,2026-06-05,US,P1030,PG1147,KW11405,1899.22,Cancelled,2026-06-05 16:08:00
ORD102946,2026-05-24,AU,P1007,PG1443,KW10998,628.76,Completed,2026-05-24 20:56:00
ORD102947,2026-09-01,JP,P1002,PG1232,KW10533,1036.37,Cancelled,2026-09-01 08:17:00
ORD102948,2025-12-21,CA,P1033,PG1116,KW11739,608.69,Completed,2025-12-21 00:02:00
ORD102949,2025-10-01,UK,P1021,PG1180,KW10096,304.42,Completed,2025-10-01 06:55:00
ORD102950,2025-11-30,FR,P1007,PG1278,KW11160,679.69,Completed,2025-11-30 02:10:00
ORD102951,2026-05-10,BR,P1024,PG1111,KW10385,590.59,Completed,2026-05-10 01:42:00
ORD102952,2025-10-17,US,P1036,PG1332,KW10288,978.8,Completed,2025-10-17 01:13:00
ORD102953,2025-12-17,UK,P1047,PG1224,KW11610,483.77,Returned,2025-12-17 18:20:00
ORD102954,2026-09-01,CA,P1003,PG1470,KW11788,268.43,Completed,2026-09-01 14:22:00
ORD102955,2026-06-25,DE,P1041,PG1416,KW11187,641.62,Completed,2026-06-25 06:10:00
ORD102956,2026-08-13,JP,P1013,PG1218,KW10387,1128.37,Cancelled,2026-08-13 20:09:00
ORD102957,2026-04-30,AU,P1005,PG1477,KW11228,1689.17,Completed,2026-04-30 14:12:00
ORD102958,2026-04-01,DE,P1025,PG1234,KW10555,368.1,Completed,2026-04-01 07:52:00
ORD102959,2026-04-29,UK,P1009,PG1402,KW10210,965.49,Completed,2026-04-29 17:24:00
ORD102960,2026-02-05,DE,P1040,PG1255,KW11017,514.71,Returned,2026-02-05 16:42:00
ORD102961,2026-05-07,AU,P1021,PG1065,KW11321,775.87,Completed,2026-05-07 05:41:00
ORD102962,2025-12-20,UK,P1011,PG1214,KW10537,380.55,Completed,2025-12-20 07:52:00
ORD102963,2026-06-02,CA,P1028,PG1265,KW11566,805.31,Completed,2026-06-02 09:45:00
ORD102964,2026-03-14,US,P1019,PG1011,KW10074,958.56,Completed,2026-03-14 07:44:00
ORD102965,2026-09-17,IN,P1001,PG1449,KW11170,1014.07,Cancelled,2026-09-17 14:46:00
ORD102966,2026-07-22,IN,P1028,PG1187,KW11151,448.62,Cancelled,2026-07-22 22:57:00
ORD102967,2026-07-19,JP,P1020,PG1491,KW10064,535.67,Completed,2026-07-19 00:36:00
ORD102968,2026-03-25,FR,P1008,PG1476,KW10068,1859.53,Completed,2026-03-25 03:09:00
ORD102969,2026-09-22,UK,P1032,PG1234,KW11444,548.22,Returned,2026-09-22 17:34:00
ORD102970,2026-06-13,BR,P1046,PG1400,KW10615,684.05,Returned,2026-06-13 18:53:00
ORD102971,2026-04-07,FR,P1042,PG1034,KW11939,965.42,Returned,2026-04-07 19:24:00
ORD102972,2026-07-20,US,P1026,PG1447,KW10736,3518.82,Completed,2026-07-20 12:03:00
ORD102973,2026-01-09,IN,P1005,PG1222,KW10743,355.07,Cancelled,2026-01-09 19:28:00
ORD102974,2026-09-21,CA,P1009,PG1146,KW11386,891.68,Completed,2026-09-21 19:00:00
ORD102975,2025-12-13,AU,P1035,PG1106,KW11890,379.46,Returned,2025-12-13 13:13:00
ORD102976,2026-05-07,BR,P1007,PG1423,KW10022,797.46,Cancelled,2026-05-07 04:25:00
ORD102977,2026-01-25,US,P1028,PG1375,KW11808,1154.96,Pending,2026-01-25 12:44:00
ORD102978,2026-08-04,JP,P1025,PG1227,KW10092,930.44,Completed,2026-08-04 01:15:00
ORD102979,2026-03-16,AU,P1027,PG1037,KW10933,391.44,Returned,2026-03-16 21:21:00
ORD102980,2026-09-16,US,P1005,PG1306,KW10035,1021.7,Pending,2026-09-16 11:07:00
ORD102981,2026-03-25,CA,P1030,PG1287,KW11921,984.63,Completed,2026-03-25 13:34:00
ORD102982,2026-03-13,MX,P1044,PG1224,KW11260,1029.16,Completed,2026-03-13 12:45:00
ORD102983,2026-05-23,FR,P1019,PG1040,KW11907,668.06,Completed,2026-05-23 22:13:00
ORD102984,2026-04-20,US,P1009,PG1370,KW11819,660.5,Completed,2026-04-20 11:58:00
ORD102985,2026-09-06,UK,P1020,PG1261,KW11438,865.89,Completed,2026-09-06 22:07:00
ORD102986,2025-10-19,IN,P1044,PG1398,KW10046,1671.73,Completed,2025-10-19 19:13:00
ORD102987,2026-07-24,IN,P1049,PG1197,KW11963,667.33,Returned,2026-07-24 12:25:00
ORD102988,2026-07-16,BR,P1018,PG1355,KW11564,340.83,Completed,2026-07-16 07:41:00
ORD102989,2026-04-02,AU,P1029,PG1027,KW11921,458.52,Completed,2026-04-02 18:46:00
ORD102990,2025-12-27,BR,P1025,PG1317,KW10427,1352.44,Completed,2025-12-27 04:08:00
ORD102991,2026-01-19,FR,P1035,PG1214,KW10397,256.32,Returned,2026-01-19 12:45:00
ORD102992,2025-11-16,CA,P1017,PG1262,KW10739,510.8,Pending,2025-11-16 09:17:00
ORD102993,2026-04-05,UK,P1018,PG1231,KW10128,1249.37,Cancelled,2026-04-05 18:05:00
ORD102994,2026-09-03,IN,P1040,PG1038,KW11355,887.13,Returned,2026-09-03 09:52:00
ORD102995,2026-05-25,FR,P1032,PG1217,KW10398,1023.77,Pending,2026-05-25 20:46:00
ORD102996,2026-04-30,IN,P1038,PG1219,KW10791,351.09,Completed,2026-04-30 08:02:00
ORD102997,2026-07-10,BR,P1019,PG1191,KW10886,326.3,Returned,2026-07-10 05:18:00
ORD102998,2025-10-04,DE,P1039,PG1249,KW10127,500.17,Completed,2025-10-04 06:55:00
ORD102999,2025-10-23,MX,P1003,PG1074,KW10906,991.61,Completed,2025-10-23 10:24:00
ORD103000,2026-07-17,UK,P1004,PG1001,KW10719,1132.56,Completed,2026-07-17 13:46:00
ORD103001,2026-05-26,DE,P1030,PG1481,KW10487,300.09,Completed,2026-05-26 15:45:00
ORD103002,2026-04-16,BR,P1032,PG1357,KW11640,4585.89,Pending,2026-04-16 22:41:00
ORD103003,2026-07-19,AU,P1016,PG1183,KW10956,2775.5,Completed,2026-07-19 07:37:00
ORD103004,2026-03-07,CA,P1005,PG1408,KW11156,943.78,Cancelled,2026-03-07 20:00:00
ORD103005,2025-11-19,FR,P1021,PG1051,KW10169,482.42,Cancelled,2025-11-19 23:11:00
ORD103006,2026-07-31,IN,P1050,PG1363,KW10288,1738.41,Completed,2026-07-31 16:19:00
ORD103007,2026-06-12,MX,P1036,PG1407,KW11609,710.75,Returned,2026-06-12 15:25:00
ORD103008,2026-08-21,DE,P1002,PG1406,KW10061,537.78,Completed,2026-08-21 14:44:00
ORD103009,2026-02-06,IN,P1018,PG1011,KW10784,339.29,Completed,2026-02-06 09:19:00
ORD103010,2026-09-05,FR,P1014,PG1309,KW11206,926.37,Cancelled,2026-09-05 22:46:00
ORD103011,2026-08-10,IN,P1009,PG1019,KW11737,1053.26,Completed,2026-08-10 02:13:00
ORD103012,2026-02-10,AU,P1018,PG1051,KW10970,2014.27,Returned,2026-02-10 13:02:00
ORD103013,2026-01-01,CA,P1013,PG1242,KW10046,1397.93,Completed,2026-01-01 23:53:00
ORD103014,2025-12-07,FR,P1027,PG1472,KW10500,945.53,Pending,2025-12-07 18:05:00
ORD103015,2025-10-15,MX,P1034,PG1009,KW11466,1655.74,Cancelled,2025-10-15 12:21:00
ORD103016,2026-02-05,JP,P1004,PG1231,KW11705,2647.2,Completed,2026-02-05 18:37:00
ORD103017,2026-09-01,AU,P1046,PG1438,KW11269,680.64,Pending,2026-09-01 13:10:00
ORD103018,2025-12-06,AU,P1005,PG1072,KW10518,859.06,Returned,2025-12-06 03:52:00
ORD103019,2026-04-11,JP,P1016,PG1134,KW11969,1013.38,Completed,2026-04-11 14:37:00
ORD103020,2025-12-18,US,P1002,PG1344,KW11080,311.1,Cancelled,2025-12-18 15:44:00
ORD103021,2026-08-01,US,P1020,PG1451,KW11180,995.38,Cancelled,2026-08-01 15:22:00
ORD103022,2025-12-06,IN,P1002,PG1491,KW11803,531.93,Completed,2025-12-06 13:51:00
ORD103023,2026-01-04,CA,P1030,PG1480,KW11480,669.41,Cancelled,2026-01-04 16:13:00
ORD103024,2026-07-01,BR,P1018,PG1291,KW10567,285.82,Returned,2026-07-01 09:36:00
ORD103025,2026-04-12,US,P1007,PG1456,KW11854,780.83,Cancelled,2026-04-12 08:14:00
ORD103026,2025-11-07,MX,P1015,PG1252,KW11933,1616.77,Pending,2025-11-07 01:40:00
ORD103027,2025-12-23,UK,P1003,PG1239,KW11420,483.8,Pending,2025-12-23 19:06:00
ORD103028,2026-09-12,MX,P1011,PG1338,KW11305,480.17,Completed,2026-09-12 18:49:00
ORD103029,2026-08-25,DE,P1039,PG1248,KW10789,370.92,Completed,2026-08-25 11:55:00
ORD103030,2025-10-06,AU,P1020,PG1108,KW10432,858.29,Completed,2025-10-06 18:25:00
ORD103031,2026-04-04,UK,P1047,PG1483,KW10765,1361.44,Completed,2026-04-04 12:17:00
ORD103032,2026-07-25,US,P1006,PG1095,KW10742,558.49,Cancelled,2026-07-25 20:24:00
ORD103033,2026-04-06,BR,P1036,PG1170,KW10108,1377.25,Cancelled,2026-04-06 19:54:00
ORD103034,2026-05-15,FR,P1017,PG1193,KW11139,617.19,Pending,2026-05-15 09:10:00
ORD103035,2026-03-01,IN,P1039,PG1063,KW11118,997.8,Completed,2026-03-01 07:02:00
ORD103036,2026-08-14,CA,P1032,PG1439,KW10461,803.61,Completed,2026-08-14 15:07:00
ORD103037,2026-01-29,CA,P1027,PG1039,KW10084,670.36,Completed,2026-01-29 00:59:00
ORD103038,2025-12-06,FR,P1038,PG1277,KW10792,448.43,Cancelled,2025-12-06 06:28:00
ORD103039,2025-12-13,UK,P1012,PG1020,KW10131,634.8,Pending,2025-12-13 18:57:00
ORD103040,2025-11-24,US,P1035,PG1189,KW10323,819.38,Completed,2025-11-24 00:42:00
ORD103041,2025-11-27,US,P1026,PG1420,KW11348,318.86,Cancelled,2025-11-27 08:19:00
ORD103042,2026-02-09,BR,P1045,PG1428,KW11015,1932.17,Cancelled,2026-02-09 16:59:00
ORD103043,2026-07-05,MX,P1033,PG1018,KW10138,758.29,Cancelled,2026-07-05 14:00:00
ORD103044,2026-07-21,US,P1050,PG1484,KW10691,1284.98,Completed,2026-07-21 06:37:00
ORD103045,2026-09-15,DE,P1004,PG1257,KW10787,1349.98,Completed,2026-09-15 07:28:00
ORD103046,2026-08-26,US,P1045,PG1386,KW11827,526.23,Completed,2026-08-26 02:19:00
ORD103047,2025-12-29,MX,P1019,PG1007,KW10026,1462.9,Pending,2025-12-29 23:43:00
ORD103048,2026-04-14,DE,P1005,PG1464,KW10101,1916.32,Pending,2026-04-14 08:35:00
ORD103049,2026-02-28,MX,P1013,PG1303,KW10649,1329.55,Returned,2026-02-28 12:15:00
ORD103050,2026-08-23,DE,P1038,PG1472,KW10283,503.89,Completed,2026-08-23 21:49:00
ORD103051,2026-07-15,CA,P1015,PG1282,KW10279,770.12,Returned,2026-07-15 09:58:00
ORD103052,2026-03-02,IN,P1008,PG1490,KW11571,1847.09,Completed,2026-03-02 16:19:00
ORD103053,2025-12-04,MX,P1022,PG1267,KW11017,784.78,Cancelled,2025-12-04 14:07:00
ORD103054,2026-04-05,FR,P1015,PG1415,KW10876,291.6,Returned,2026-04-05 08:13:00
ORD103055,2026-02-26,FR,P1019,PG1360,KW10117,532.09,Pending,2026-02-26 15:52:00
ORD103056,2026-01-25,CA,P1043,PG1431,KW10190,209.1,Completed,2026-01-25 15:56:00
ORD103057,2026-03-06,CA,P1018,PG1093,KW10782,645.13,Pending,2026-03-06 12:56:00
ORD103058,2026-01-30,CA,P1039,PG1205,KW10589,797.99,Returned,2026-01-30 11:23:00
ORD103059,2025-12-02,IN,P1015,PG1399,KW10585,1064.54,Returned,2025-12-02 18:44:00
ORD103060,2026-03-02,US,P1046,PG1246,KW11214,439.53,Pending,2026-03-02 09:03:00
ORD103061,2026-07-13,FR,P1011,PG1344,KW11269,376.94,Completed,2026-07-13 14:04:00
ORD103062,2025-12-23,UK,P1048,PG1335,KW10257,672.18,Cancelled,2025-12-23 01:57:00
ORD103063,2026-03-11,IN,P1050,PG1447,KW10365,576.52,Completed,2026-03-11 01:45:00
ORD103064,2026-06-17,UK,P1006,PG1076,KW11914,1929.14,Pending,2026-06-17 14:45:00
ORD103065,2025-11-25,CA,P1043,PG1281,KW10967,322.44,Returned,2025-11-25 10:58:00
ORD103066,2025-12-02,DE,P1006,PG1192,KW11595,609.7,Completed,2025-12-02 19:16:00
ORD103067,2026-05-20,DE,P1018,PG1215,KW11304,249.49,Pending,2026-05-20 05:18:00
ORD103068,2026-01-08,CA,P1009,PG1359,KW10032,1563.0,Returned,2026-01-08 03:08:00
ORD103069,2026-03-27,AU,P1022,PG1184,KW10023,395.23,Completed,2026-03-27 19:24:00
ORD103070,2025-10-03,DE,P1045,PG1313,KW11986,842.0,Completed,2025-10-03 10:54:00
ORD103071,2026-08-30,JP,P1047,PG1054,KW10665,342.81,Completed,2026-08-30 23:04:00
ORD103072,2026-02-18,FR,P1018,PG1196,KW10949,1021.6,Completed,2026-02-18 21:28:00
ORD103073,2026-02-07,IN,P1007,PG1217,KW10307,322.67,Cancelled,2026-02-07 13:11:00
ORD103074,2025-11-10,UK,P1031,PG1374,KW11353,1025.85,Returned,2025-11-10 19:01:00
ORD103075,2026-02-19,IN,P1049,PG1467,KW11251,1739.48,Completed,2026-02-19 02:26:00
ORD103076,2026-05-10,BR,P1019,PG1313,KW11387,682.44,Completed,2026-05-10 10:34:00
ORD103077,2025-10-10,MX,P1041,PG1344,KW10703,508.88,Completed,2025-10-10 23:11:00
ORD103078,2026-09-08,DE,P1024,PG1074,KW10852,884.74,Returned,2026-09-08 06:09:00
ORD103079,2025-11-12,FR,P1033,PG1273,KW10559,1913.39,Completed,2025-11-12 08:03:00
ORD103080,2026-06-29,IN,P1003,PG1177,KW11406,2081.97,Pending,2026-06-29 18:40:00
ORD103081,2026-02-23,JP,P1045,PG1041,KW10982,1377.24,Returned,2026-02-23 22:56:00
ORD103082,2026-08-04,IN,P1004,PG1484,KW10913,533.59,Returned,2026-08-04 00:27:00
ORD103083,2026-07-18,MX,P1047,PG1368,KW11200,666.06,Completed,2026-07-18 16:42:00
ORD103084,2026-07-11,MX,P1045,PG1387,KW11713,859.23,Pending,2026-07-11 19:29:00
ORD103085,2026-01-05,JP,P1032,PG1387,KW10001,1281.04,Cancelled,2026-01-05 01:42:00
ORD103086,2025-11-14,BR,P1014,PG1456,KW10338,370.62,Completed,2025-11-14 07:52:00
ORD103087,2026-02-16,DE,P1002,PG1245,KW11583,665.21,Pending,2026-02-16 19:24:00
ORD103088,2026-09-20,US,P1047,PG1338,KW11312,635.96,Completed,2026-09-20 15:45:00
ORD103089,2026-05-03,CA,P1027,PG1185,KW11396,568.09,Completed,2026-05-03 16:12:00
ORD103090,2025-12-07,AU,P1035,PG1239,KW11387,1429.74,Returned,2025-12-07 10:08:00
ORD103091,2026-01-22,BR,P1029,PG1390,KW10640,423.91,Completed,2026-01-22 10:15:00
ORD103092,2026-01-26,UK,P1046,PG1008,KW10528,928.12,Completed,2026-01-26 01:51:00
ORD103093,2026-08-24,JP,P1006,PG1394,KW10929,1811.3,Completed,2026-08-24 09:22:00
ORD103094,2026-03-01,BR,P1038,PG1437,KW10074,1557.97,Completed,2026-03-01 09:25:00
ORD103095,2026-08-18,US,P1040,PG1345,KW10281,2228.52,Cancelled,2026-08-18 23:56:00
ORD103096,2025-10-18,BR,P1014,PG1177,KW11587,658.68,Completed,2025-10-18 23:47:00
ORD103097,2026-03-20,AU,P1034,PG1192,KW10792,724.91,Completed,2026-03-20 18:14:00
ORD103098,2026-08-17,AU,P1022,PG1364,KW11930,1331.59,Completed,2026-08-17 02:11:00
ORD103099,2026-01-03,FR,P1023,PG1443,KW10250,1252.37,Returned,2026-01-03 04:05:00
ORD103100,2026-08-07,DE,P1032,PG1401,KW10173,991.26,Returned,2026-08-07 22:46:00
ORD103101,2026-08-29,IN,P1030,PG1350,KW10954,614.46,Cancelled,2026-08-29 08:35:00
ORD103102,2026-03-13,DE,P1049,PG1156,KW10290,755.18,Completed,2026-03-13 06:05:00
ORD103103,2026-02-14,US,P1037,PG1074,KW10622,691.82,Completed,2026-02-14 09:39:00
ORD103104,2026-05-06,US,P1001,PG1139,KW10208,904.06,Completed,2026-05-06 22:35:00
ORD103105,2026-04-26,CA,P1007,PG1084,KW10551,939.83,Returned,2026-04-26 12:43:00
ORD103106,2026-06-18,JP,P1014,PG1084,KW11412,452.15,Completed,2026-06-18 08:54:00
ORD103107,2026-03-14,JP,P1009,PG1065,KW10083,394.0,Completed,2026-03-14 11:38:00
ORD103108,2025-10-26,CA,P1049,PG1152,KW10086,512.3,Pending,2025-10-26 07:33:00
ORD103109,2026-08-27,MX,P1001,PG1072,KW10368,1389.1,Completed,2026-08-27 01:52:00
ORD103110,2026-03-03,BR,P1042,PG1046,KW11563,302.55,Cancelled,2026-03-03 12:52:00
ORD103111,2025-11-01,AU,P1030,PG1333,KW11345,822.5,Completed,2025-11-01 21:19:00
ORD103112,2026-08-02,JP,P1005,PG1078,KW11860,813.04,Cancelled,2026-08-02 08:56:00
ORD103113,2026-05-08,AU,P1010,PG1218,KW11130,1119.6,Returned,2026-05-08 19:10:00
ORD103114,2026-08-18,DE,P1045,PG1242,KW10234,701.72,Returned,2026-08-18 23:30:00
ORD103115,2026-07-27,MX,P1022,PG1103,KW11280,998.73,Completed,2026-07-27 02:08:00
ORD103116,2026-08-14,AU,P1043,PG1353,KW11432,734.49,Pending,2026-08-14 16:32:00
ORD103117,2026-08-31,AU,P1018,PG1492,KW11440,291.98,Pending,2026-08-31 10:38:00
ORD103118,2025-11-26,JP,P1031,PG1473,KW11401,1650.09,Completed,2025-11-26 01:24:00
ORD103119,2025-11-21,US,P1046,PG1129,KW11820,952.71,Returned,2025-11-21 22:51:00
ORD103120,2025-11-01,IN,P1021,PG1215,KW10734,792.64,Pending,2025-11-01 06:35:00
ORD103121,2026-05-04,DE,P1012,PG1151,KW10955,1126.03,Completed,2026-05-04 19:47:00
ORD103122,2025-10-03,FR,P1035,PG1036,KW11299,572.87,Returned,2025-10-03 00:34:00
ORD103123,2025-11-23,IN,P1037,PG1199,KW11860,597.99,Cancelled,2025-11-23 03:31:00
ORD103124,2026-01-26,AU,P1025,PG1336,KW10261,567.45,Completed,2026-01-26 10:54:00
ORD103125,2026-05-30,IN,P1045,PG1361,KW11382,1363.48,Cancelled,2026-05-30 12:02:00
ORD103126,2026-03-09,MX,P1002,PG1290,KW10234,1246.12,Cancelled,2026-03-09 20:36:00
ORD103127,2026-04-09,US,P1011,PG1173,KW11635,350.86,Cancelled,2026-04-09 03:03:00
ORD103128,2025-11-28,CA,P1005,PG1014,KW11408,564.37,Completed,2025-11-28 10:04:00
ORD103129,2026-01-26,MX,P1047,PG1336,KW11365,1767.64,Completed,2026-01-26 00:57:00
ORD103130,2025-11-25,FR,P1038,PG1441,KW10301,1051.46,Completed,2025-11-25 22:41:00
ORD103131,2026-03-31,AU,P1021,PG1325,KW11513,431.06,Cancelled,2026-03-31 13:27:00
ORD103132,2025-12-29,BR,P1042,PG1006,KW10888,740.27,Completed,2025-12-29 00:31:00
ORD103133,2026-09-24,IN,P1002,PG1021,KW10234,455.84,Completed,2026-09-24 23:19:00
ORD103134,2026-08-12,CA,P1011,PG1347,KW10774,639.9,Completed,2026-08-12 18:14:00
ORD103135,2026-06-06,BR,P1040,PG1178,KW11551,1879.9,Pending,2026-06-06 00:03:00
ORD103136,2026-03-09,AU,P1042,PG1260,KW11040,642.56,Pending,2026-03-09 23:10:00
ORD103137,2026-03-07,BR,P1038,PG1388,KW10779,316.33,Completed,2026-03-07 04:35:00
ORD103138,2026-07-09,AU,P1009,PG1031,KW10495,445.5,Completed,2026-07-09 09:12:00
ORD103139,2026-04-27,JP,P1002,PG1030,KW11765,1749.26,Completed,2026-04-27 12:13:00
ORD103140,2026-06-10,AU,P1012,PG1080,KW11786,809.46,Completed,2026-06-10 01:26:00
ORD103141,2026-07-20,IN,P1019,PG1023,KW11101,370.77,Pending,2026-07-20 06:56:00
ORD103142,2026-03-03,US,P1001,PG1380,KW11335,876.27,Completed,2026-03-03 21:05:00
ORD103143,2026-06-26,MX,P1044,PG1398,KW11186,1049.47,Completed,2026-06-26 23:46:00
ORD103144,2025-12-14,AU,P1045,PG1006,KW11344,659.12,Completed,2025-12-14 22:16:00
ORD103145,2026-04-23,UK,P1049,PG1118,KW10277,590.64,Completed,2026-04-23 10:57:00
ORD103146,2025-10-19,FR,P1046,PG1237,KW11151,1083.27,Completed,2025-10-19 00:22:00
ORD103147,2026-08-20,MX,P1002,PG1364,KW10098,1149.21,Pending,2026-08-20 23:25:00
ORD103148,2026-02-15,IN,P1012,PG1128,KW10613,540.42,Pending,2026-02-15 22:52:00
ORD103149,2026-07-22,CA,P1032,PG1285,KW11934,458.71,Returned,2026-07-22 12:15:00
ORD103150,2026-08-16,DE,P1004,PG1012,KW10333,643.38,Completed,2026-08-16 20:08:00
ORD103151,2026-08-03,BR,P1022,PG1078,KW11753,397.32,Completed,2026-08-03 20:02:00
ORD103152,2026-01-30,IN,P1026,PG1486,KW11985,1424.39,Completed,2026-01-30 11:42:00
ORD103153,2026-09-22,FR,P1029,PG1334,KW10889,1807.15,Pending,2026-09-22 06:24:00
ORD103154,2026-02-13,US,P1023,PG1142,KW10398,807.93,Completed,2026-02-13 07:52:00
ORD103155,2026-08-09,MX,P1005,PG1307,KW10524,364.91,Pending,2026-08-09 16:29:00
ORD103156,2026-01-02,FR,P1044,PG1270,KW10901,1109.0,Returned,2026-01-02 12:17:00
ORD103157,2026-06-29,DE,P1014,PG1383,KW10702,661.01,Cancelled,2026-06-29 23:36:00
ORD103158,2026-02-16,IN,P1004,PG1246,KW11019,405.3,Cancelled,2026-02-16 03:08:00
ORD103159,2025-11-16,MX,P1004,PG1031,KW11102,778.48,Completed,2025-11-16 09:18:00
ORD103160,2026-02-06,AU,P1035,PG1183,KW10566,530.5,Completed,2026-02-06 09:56:00
ORD103161,2026-07-07,AU,P1019,PG1020,KW10690,897.77,Completed,2026-07-07 05:13:00
ORD103162,2026-08-12,MX,P1037,PG1447,KW10539,1938.17,Completed,2026-08-12 04:02:00
ORD103163,2026-08-05,DE,P1001,PG1056,KW11234,307.45,Returned,2026-08-05 10:47:00
ORD103164,2026-01-16,CA,P1013,PG1164,KW11349,723.08,Completed,2026-01-16 13:37:00
ORD103165,2026-06-01,US,P1044,PG1353,KW11930,955.53,Cancelled,2026-06-01 17:22:00
ORD103166,2026-05-26,JP,P1019,PG1188,KW11643,808.6,Completed,2026-05-26 12:08:00
ORD103167,2026-04-24,CA,P1032,PG1405,KW10039,1267.82,Returned,2026-04-24 21:14:00
ORD103168,2026-06-12,DE,P1038,PG1422,KW10398,793.96,Cancelled,2026-06-12 16:05:00
ORD103169,2026-04-06,JP,P1016,PG1200,KW10084,796.95,Completed,2026-04-06 19:06:00
ORD103170,2026-07-03,FR,P1012,PG1313,KW10798,370.23,Completed,2026-07-03 13:20:00
ORD103171,2026-01-11,MX,P1037,PG1293,KW11148,800.66,Completed,2026-01-11 20:55:00
ORD103172,2026-04-15,DE,P1047,PG1182,KW10436,1822.2,Pending,2026-04-15 08:42:00
ORD103173,2026-01-08,UK,P1033,PG1463,KW11693,511.43,Completed,2026-01-08 18:19:00
ORD103174,2026-08-16,CA,P1036,PG1474,KW11853,1447.32,Pending,2026-08-16 18:14:00
ORD103175,2025-12-19,MX,P1005,PG1380,KW10432,674.14,Returned,2025-12-19 17:29:00
ORD103176,2026-01-01,AU,P1043,PG1351,KW10326,586.24,Completed,2026-01-01 03:26:00
ORD103177,2026-06-15,DE,P1018,PG1301,KW10601,502.01,Completed,2026-06-15 10:00:00
ORD103178,2026-02-13,BR,P1001,PG1250,KW10052,902.88,Pending,2026-02-13 20:51:00
ORD103179,2025-12-03,UK,P1018,PG1493,KW10132,542.81,Completed,2025-12-03 11:29:00
ORD103180,2026-07-27,AU,P1049,PG1033,KW11398,228.81,Completed,2026-07-27 00:33:00
ORD103181,2026-04-28,FR,P1003,PG1246,KW10038,998.84,Cancelled,2026-04-28 22:50:00
ORD103182,2026-09-18,CA,P1019,PG1409,KW11320,1086.33,Pending,2026-09-18 21:44:00
ORD103183,2026-09-05,DE,P1041,PG1289,KW11958,350.08,Cancelled,2026-09-05 22:48:00
ORD103184,2026-03-18,CA,P1013,PG1388,KW11527,391.93,Pending,2026-03-18 13:02:00
ORD103185,2025-11-21,DE,P1048,PG1188,KW11305,425.26,Pending,2025-11-21 02:21:00
ORD103186,2025-12-15,MX,P1029,PG1260,KW11326,384.88,Cancelled,2025-12-15 13:15:00
ORD103187,2026-06-17,UK,P1044,PG1103,KW10191,873.07,Pending,2026-06-17 19:36:00
ORD103188,2025-11-19,JP,P1037,PG1157,KW11456,959.65,Returned,2025-11-19 20:57:00
ORD103189,2026-08-01,UK,P1050,PG1491,KW11270,1431.47,Completed,2026-08-01 14:52:00
ORD103190,2026-01-14,CA,P1050,PG1193,KW10711,358.55,Cancelled,2026-01-14 04:09:00
ORD103191,2026-05-19,AU,P1042,PG1400,KW11276,387.33,Cancelled,2026-05-19 11:14:00
ORD103192,2026-09-11,UK,P1004,PG1062,KW10808,589.48,Pending,2026-09-11 11:09:00
ORD103193,2026-07-09,UK,P1020,PG1348,KW11323,697.94,Completed,2026-07-09 20:34:00
ORD103194,2026-09-21,IN,P1014,PG1318,KW10787,318.83,Completed,2026-09-21 08:34:00
ORD103195,2026-07-16,IN,P1015,PG1089,KW10547,1883.71,Pending,2026-07-16 10:47:00
ORD103196,2026-01-20,MX,P1042,PG1456,KW10401,1275.06,Completed,2026-01-20 01:46:00
ORD103197,2025-12-30,UK,P1037,PG1288,KW10258,763.55,Completed,2025-12-30 23:02:00
ORD103198,2025-10-21,IN,P1024,PG1300,KW10618,1141.99,Completed,2025-10-21 19:00:00
ORD103199,2025-12-26,IN,P1027,PG1171,KW11553,426.16,Returned,2025-12-26 23:29:00
ORD103200,2026-05-19,AU,P1037,PG1464,KW10113,907.34,Completed,2026-05-19 08:48:00
ORD103201,2026-06-23,FR,P1046,PG1249,KW11956,341.82,Returned,2026-06-23 19:08:00
ORD103202,2026-03-25,BR,P1035,PG1065,KW10860,3073.49,Returned,2026-03-25 00:34:00
ORD103203,2025-10-31,US,P1027,PG1341,KW11784,379.9,Completed,2025-10-31 15:24:00
ORD103204,2026-06-29,JP,P1042,PG1005,KW10303,404.55,Cancelled,2026-06-29 11:53:00
ORD103205,2026-09-06,IN,P1014,PG1232,KW10144,765.79,Completed,2026-09-06 03:43:00
ORD103206,2026-09-19,AU,P1010,PG1302,KW11460,1276.6,Completed,2026-09-19 17:02:00
ORD103207,2026-09-22,IN,P1016,PG1026,KW10471,685.37,Returned,2026-09-22 19:53:00
ORD103208,2026-05-14,CA,P1039,PG1101,KW11272,491.21,Cancelled,2026-05-14 06:40:00
ORD103209,2025-11-05,US,P1026,PG1252,KW11497,2357.64,Pending,2025-11-05 09:21:00
ORD103210,2025-12-07,JP,P1038,PG1292,KW10234,658.53,Cancelled,2025-12-07 21:02:00
ORD103211,2026-09-07,BR,P1041,PG1347,KW10379,366.22,Completed,2026-09-07 04:03:00
ORD103212,2026-07-09,US,P1005,PG1080,KW10513,914.89,Returned,2026-07-09 15:34:00
ORD103213,2025-12-05,BR,P1023,PG1203,KW11394,611.76,Pending,2025-12-05 06:40:00
ORD103214,2026-03-19,US,P1010,PG1475,KW11258,690.22,Completed,2026-03-19 16:55:00
ORD103215,2026-08-11,CA,P1006,PG1050,KW11068,308.95,Pending,2026-08-11 13:52:00
ORD103216,2026-08-24,AU,P1009,PG1220,KW10469,937.2,Pending,2026-08-24 22:14:00
ORD103217,2026-09-23,BR,P1023,PG1095,KW10406,768.89,Pending,2026-09-23 01:54:00
ORD103218,2026-03-19,US,P1033,PG1194,KW10235,633.88,Completed,2026-03-19 14:11:00
ORD103219,2026-07-09,JP,P1048,PG1066,KW10727,1133.18,Completed,2026-07-09 22:55:00
ORD103220,2026-01-11,AU,P1040,PG1334,KW11741,607.41,Cancelled,2026-01-11 15:48:00
ORD103221,2026-06-08,AU,P1022,PG1403,KW11000,609.89,Pending,2026-06-08 11:35:00
ORD103222,2026-06-13,UK,P1025,PG1216,KW10639,1087.98,Completed,2026-06-13 14:14:00
ORD103223,2026-02-14,FR,P1049,PG1163,KW10795,470.78,Completed,2026-02-14 15:23:00
ORD103224,2025-10-15,UK,P1037,PG1462,KW11989,659.24,Completed,2025-10-15 06:10:00
ORD103225,2026-08-14,BR,P1032,PG1358,KW11000,1973.25,Cancelled,2026-08-14 21:36:00
ORD103226,2026-01-10,JP,P1028,PG1020,KW10388,1297.18,Completed,2026-01-10 01:30:00
ORD103227,2026-05-02,AU,P1028,PG1018,KW10101,368.03,Completed,2026-05-02 11:49:00
ORD103228,2026-07-08,CA,P1032,PG1456,KW11647,690.98,Cancelled,2026-07-08 15:04:00
ORD103229,2026-07-27,JP,P1003,PG1264,KW11340,1752.05,Completed,2026-07-27 09:07:00
ORD103230,2025-10-18,UK,P1032,PG1045,KW11682,1002.74,Cancelled,2025-10-18 23:08:00
ORD103231,2026-03-27,FR,P1044,PG1173,KW10748,2082.58,Returned,2026-03-27 12:46:00
ORD103232,2026-06-21,FR,P1010,PG1292,KW11721,910.85,Completed,2026-06-21 07:11:00
ORD103233,2026-02-03,US,P1023,PG1325,KW11836,1421.24,Cancelled,2026-02-03 03:50:00
ORD103234,2026-01-24,IN,P1050,PG1006,KW10656,530.37,Cancelled,2026-01-24 13:56:00
ORD103235,2026-06-10,DE,P1045,PG1062,KW11821,2101.93,Returned,2026-06-10 15:59:00
ORD103236,2025-12-10,AU,P1022,PG1088,KW10130,724.51,Returned,2025-12-10 10:28:00
ORD103237,2026-01-30,MX,P1045,PG1298,KW10380,789.3,Completed,2026-01-30 21:40:00
ORD103238,2026-02-12,IN,P1010,PG1312,KW11167,524.73,Pending,2026-02-12 04:49:00
ORD103239,2025-12-11,MX,P1011,PG1168,KW10950,1857.25,Pending,2025-12-11 08:59:00
ORD103240,2025-12-16,US,P1025,PG1432,KW11310,342.3,Returned,2025-12-16 08:02:00
ORD103241,2026-07-22,CA,P1028,PG1188,KW11253,1094.75,Completed,2026-07-22 21:54:00
ORD103242,2026-09-07,BR,P1033,PG1276,KW10156,856.61,Returned,2026-09-07 19:50:00
ORD103243,2026-06-08,IN,P1008,PG1140,KW11253,1178.35,Returned,2026-06-08 07:05:00
ORD103244,2025-10-04,IN,P1043,PG1213,KW11888,1173.65,Completed,2025-10-04 02:49:00
ORD103245,2026-02-12,FR,P1033,PG1296,KW11381,3251.18,Completed,2026-02-12 16:30:00
ORD103246,2026-02-10,FR,P1034,PG1448,KW11973,2569.31,Completed,2026-02-10 07:51:00
ORD103247,2026-01-05,MX,P1022,PG1176,KW11955,803.16,Completed,2026-01-05 23:57:00
ORD103248,2026-05-16,MX,P1035,PG1236,KW11536,1397.07,Returned,2026-05-16 12:09:00
ORD103249,2026-01-19,JP,P1044,PG1057,KW10226,1197.0,Completed,2026-01-19 07:29:00
ORD103250,2026-09-11,DE,P1013,PG1203,KW11249,1484.18,Completed,2026-09-11 01:10:00
ORD103251,2026-02-18,DE,P1048,PG1301,KW10089,277.21,Completed,2026-02-18 04:18:00
ORD103252,2026-01-31,FR,P1029,PG1171,KW11453,1176.09,Cancelled,2026-01-31 18:39:00
ORD103253,2026-05-13,MX,P1002,PG1191,KW11718,432.69,Cancelled,2026-05-13 12:19:00
ORD103254,2026-06-22,JP,P1019,PG1099,KW10340,220.56,Cancelled,2026-06-22 17:17:00
ORD103255,2026-05-10,UK,P1033,PG1095,KW10098,1971.28,Returned,2026-05-10 15:05:00
ORD103256,2025-10-22,IN,P1002,PG1122,KW11619,1605.96,Pending,2025-10-22 23:01:00
ORD103257,2025-11-26,IN,P1027,PG1139,KW11210,704.63,Completed,2025-11-26 18:34:00
ORD103258,2026-05-11,AU,P1028,PG1467,KW11767,383.68,Pending,2026-05-11 08:21:00
ORD103259,2026-03-31,US,P1040,PG1321,KW11248,1015.69,Completed,2026-03-31 00:00:00
ORD103260,2026-06-20,FR,P1028,PG1277,KW11871,804.38,Completed,2026-06-20 00:41:00
ORD103261,2026-04-03,CA,P1032,PG1321,KW10467,1805.72,Completed,2026-04-03 23:34:00
ORD103262,2026-01-03,IN,P1029,PG1088,KW11800,664.22,Returned,2026-01-03 14:43:00
ORD103263,2026-03-10,BR,P1041,PG1116,KW11651,1429.45,Completed,2026-03-10 00:56:00
ORD103264,2026-07-09,US,P1017,PG1410,KW10194,486.52,Cancelled,2026-07-09 08:45:00
ORD103265,2026-09-20,AU,P1003,PG1022,KW11270,1298.39,Completed,2026-09-20 07:59:00
ORD103266,2026-01-25,BR,P1034,PG1334,KW11065,746.48,Cancelled,2026-01-25 22:50:00
ORD103267,2026-09-30,BR,P1030,PG1391,KW11613,451.12,Completed,2026-09-30 11:43:00
ORD103268,2025-12-20,JP,P1017,PG1485,KW10005,1196.12,Returned,2025-12-20 20:02:00
ORD103269,2026-09-04,UK,P1005,PG1415,KW11150,1000.96,Completed,2026-09-04 17:32:00
ORD103270,2025-11-24,UK,P1039,PG1030,KW11690,1769.62,Returned,2025-11-24 00:57:00
ORD103271,2026-02-11,JP,P1050,PG1365,KW10427,1106.21,Completed,2026-02-11 18:41:00
ORD103272,2026-01-05,JP,P1028,PG1220,KW10154,1475.22,Returned,2026-01-05 20:10:00
ORD103273,2025-11-02,UK,P1012,PG1327,KW11878,941.82,Pending,2025-11-02 10:19:00
ORD103274,2026-07-08,CA,P1050,PG1063,KW11997,1660.06,Pending,2026-07-08 09:36:00
ORD103275,2026-05-11,CA,P1019,PG1137,KW11085,1471.29,Cancelled,2026-05-11 03:11:00
ORD103276,2026-04-06,CA,P1023,PG1051,KW10006,2886.01,Cancelled,2026-04-06 15:41:00
ORD103277,2026-07-09,FR,P1048,PG1494,KW11188,735.31,Completed,2026-07-09 06:16:00
ORD103278,2025-11-13,IN,P1050,PG1197,KW11848,449.12,Completed,2025-11-13 23:21:00
ORD103279,2026-05-03,US,P1050,PG1461,KW11682,441.75,Completed,2026-05-03 05:38:00
ORD103280,2026-01-15,IN,P1019,PG1298,KW10012,1141.2,Completed,2026-01-15 17:47:00
ORD103281,2026-06-01,US,P1049,PG1340,KW10991,952.79,Completed,2026-06-01 17:27:00
ORD103282,2026-04-11,IN,P1050,PG1478,KW10245,649.33,Completed,2026-04-11 09:29:00
ORD103283,2026-01-03,US,P1001,PG1191,KW11824,451.12,Completed,2026-01-03 00:23:00
ORD103284,2026-02-03,CA,P1006,PG1094,KW10256,1187.45,Cancelled,2026-02-03 01:21:00
ORD103285,2026-08-22,FR,P1038,PG1064,KW11648,1134.42,Cancelled,2026-08-22 23:18:00
ORD103286,2026-04-23,BR,P1036,PG1191,KW10345,1224.04,Completed,2026-04-23 01:55:00
ORD103287,2026-02-08,DE,P1036,PG1004,KW10212,795.98,Cancelled,2026-02-08 00:45:00
ORD103288,2025-11-11,DE,P1002,PG1253,KW11339,242.89,Returned,2025-11-11 05:40:00
ORD103289,2025-12-07,CA,P1036,PG1272,KW11567,1080.52,Cancelled,2025-12-07 08:01:00
ORD103290,2026-01-26,CA,P1008,PG1003,KW11017,406.81,Cancelled,2026-01-26 19:54:00
ORD103291,2025-12-25,CA,P1032,PG1499,KW11167,1300.13,Pending,2025-12-25 00:50:00
ORD103292,2026-09-06,IN,P1029,PG1278,KW10257,852.97,Pending,2026-09-06 16:35:00
ORD103293,2025-11-22,MX,P1029,PG1078,KW10385,2760.7,Pending,2025-11-22 07:49:00
ORD103294,2026-07-24,JP,P1038,PG1077,KW11326,1408.69,Completed,2026-07-24 08:46:00
ORD103295,2026-02-21,UK,P1036,PG1183,KW10358,434.95,Completed,2026-02-21 07:15:00
ORD103296,2026-08-06,CA,P1016,PG1314,KW10638,365.59,Cancelled,2026-08-06 11:57:00
ORD103297,2025-12-01,FR,P1038,PG1359,KW11964,808.33,Cancelled,2025-12-01 00:27:00
ORD103298,2026-04-27,MX,P1025,PG1376,KW10204,2272.6,Completed,2026-04-27 13:19:00
ORD103299,2025-11-27,IN,P1008,PG1451,KW10788,516.48,Pending,2025-11-27 20:37:00
ORD103300,2025-11-09,UK,P1017,PG1455,KW10829,824.08,Returned,2025-11-09 21:09:00
ORD103301,2026-08-24,BR,P1030,PG1302,KW10759,185.2,Completed,2026-08-24 19:16:00
ORD103302,2026-07-04,FR,P1019,PG1443,KW11772,681.15,Completed,2026-07-04 22:19:00
ORD103303,2025-12-25,IN,P1031,PG1409,KW10593,560.8,Completed,2025-12-25 01:55:00
ORD103304,2026-01-27,IN,P1036,PG1057,KW11259,1602.84,Returned,2026-01-27 09:57:00
ORD103305,2025-10-15,IN,P1014,PG1089,KW11698,872.01,Cancelled,2025-10-15 12:50:00
ORD103306,2025-10-07,BR,P1005,PG1093,KW11277,770.82,Completed,2025-10-07 08:53:00
ORD103307,2025-12-13,UK,P1050,PG1267,KW10349,1120.99,Completed,2025-12-13 06:59:00
ORD103308,2026-07-22,UK,P1021,PG1015,KW11998,1771.76,Completed,2026-07-22 01:31:00
ORD103309,2026-02-12,DE,P1001,PG1345,KW11149,2429.97,Completed,2026-02-12 02:18:00
ORD103310,2026-01-14,UK,P1021,PG1097,KW11396,733.95,Returned,2026-01-14 12:15:00
ORD103311,2026-02-25,FR,P1007,PG1140,KW10725,897.54,Pending,2026-02-25 23:29:00
ORD103312,2025-12-02,UK,P1044,PG1043,KW10573,965.57,Completed,2025-12-02 11:19:00
ORD103313,2025-11-25,UK,P1031,PG1317,KW10999,189.48,Completed,2025-11-25 20:07:00
ORD103314,2026-07-15,MX,P1014,PG1045,KW10112,396.93,Cancelled,2026-07-15 01:50:00
ORD103315,2026-06-10,UK,P1032,PG1295,KW10761,466.48,Completed,2026-06-10 08:55:00
ORD103316,2026-06-20,IN,P1046,PG1104,KW10194,1651.46,Returned,2026-06-20 03:18:00
ORD103317,2025-10-09,UK,P1038,PG1008,KW11295,195.29,Cancelled,2025-10-09 18:18:00
ORD103318,2025-11-02,US,P1001,PG1480,KW11077,140.36,Completed,2025-11-02 11:55:00
ORD103319,2026-05-24,AU,P1012,PG1370,KW10244,939.0,Pending,2026-05-24 02:50:00
ORD103320,2026-08-30,CA,P1023,PG1337,KW11268,829.04,Completed,2026-08-30 16:57:00
ORD103321,2026-01-09,US,P1030,PG1114,KW10549,1790.81,Pending,2026-01-09 20:27:00
ORD103322,2026-09-28,JP,P1030,PG1030,KW11375,1265.91,Completed,2026-09-28 13:50:00
ORD103323,2026-01-10,UK,P1040,PG1454,KW11243,708.8,Completed,2026-01-10 08:39:00
ORD103324,2026-01-13,IN,P1041,PG1393,KW10396,725.87,Completed,2026-01-13 03:28:00
ORD103325,2026-08-12,CA,P1020,PG1415,KW11583,737.46,Pending,2026-08-12 07:51:00
ORD103326,2025-11-26,DE,P1047,PG1345,KW10079,970.66,Pending,2025-11-26 02:32:00
ORD103327,2026-01-30,AU,P1031,PG1068,KW10422,759.24,Pending,2026-01-30 00:52:00
ORD103328,2026-07-24,IN,P1033,PG1387,KW10682,420.34,Completed,2026-07-24 04:48:00
ORD103329,2026-04-10,DE,P1033,PG1164,KW10829,1251.25,Pending,2026-04-10 16:57:00
ORD103330,2026-02-17,CA,P1014,PG1119,KW10507,695.45,Pending,2026-02-17 23:18:00
ORD103331,2026-09-16,AU,P1024,PG1150,KW11175,996.0,Returned,2026-09-16 14:19:00
ORD103332,2026-04-19,MX,P1016,PG1152,KW11999,637.93,Returned,2026-04-19 07:05:00
ORD103333,2026-01-17,BR,P1039,PG1299,KW10413,1128.36,Pending,2026-01-17 17:51:00
ORD103334,2026-04-06,JP,P1036,PG1129,KW11778,937.79,Completed,2026-04-06 13:48:00
ORD103335,2026-08-04,JP,P1044,PG1108,KW10678,1092.58,Cancelled,2026-08-04 15:31:00
ORD103336,2026-07-09,DE,P1002,PG1373,KW10350,1177.08,Pending,2026-07-09 23:58:00
ORD103337,2025-10-09,US,P1046,PG1089,KW11325,385.58,Completed,2025-10-09 01:28:00
ORD103338,2026-01-06,MX,P1004,PG1367,KW11246,1030.39,Pending,2026-01-06 14:32:00
ORD103339,2026-08-20,FR,P1032,PG1180,KW11710,1002.14,Pending,2026-08-20 10:18:00
ORD103340,2026-03-30,US,P1049,PG1194,KW11856,877.18,Pending,2026-03-30 15:23:00
ORD103341,2025-10-09,MX,P1039,PG1325,KW10307,778.16,Completed,2025-10-09 20:17:00
ORD103342,2025-10-27,MX,P1042,PG1008,KW11894,506.51,Cancelled,2025-10-27 14:17:00
ORD103343,2026-08-25,IN,P1036,PG1065,KW10778,756.28,Returned,2026-08-25 07:47:00
ORD103344,2026-03-03,IN,P1029,PG1304,KW11356,3039.33,Pending,2026-03-03 03:58:00
ORD103345,2026-01-12,JP,P1007,PG1364,KW11725,902.32,Completed,2026-01-12 09:33:00
ORD103346,2025-10-31,DE,P1013,PG1131,KW10735,869.47,Completed,2025-10-31 10:59:00
ORD103347,2026-09-25,BR,P1031,PG1090,KW10212,500.14,Completed,2026-09-25 01:50:00
ORD103348,2026-05-06,US,P1047,PG1096,KW11833,2074.53,Cancelled,2026-05-06 13:31:00
ORD103349,2026-01-18,CA,P1039,PG1119,KW11977,558.92,Returned,2026-01-18 17:25:00
ORD103350,2025-10-04,MX,P1038,PG1172,KW10356,1072.74,Completed,2025-10-04 04:33:00
ORD103351,2025-10-31,CA,P1002,PG1480,KW11601,1138.59,Pending,2025-10-31 17:39:00
ORD103352,2026-07-05,DE,P1014,PG1255,KW11344,802.94,Completed,2026-07-05 03:45:00
ORD103353,2025-12-30,AU,P1050,PG1161,KW10632,1363.21,Cancelled,2025-12-30 08:56:00
ORD103354,2026-02-13,JP,P1047,PG1451,KW10685,470.29,Completed,2026-02-13 20:49:00
ORD103355,2025-11-03,MX,P1033,PG1073,KW11475,1278.34,Returned,2025-11-03 19:22:00
ORD103356,2026-01-31,BR,P1033,PG1382,KW11631,1490.97,Returned,2026-01-31 08:42:00
ORD103357,2026-07-23,BR,P1048,PG1204,KW11348,535.7,Completed,2026-07-23 08:51:00
ORD103358,2025-10-17,BR,P1024,PG1207,KW10750,449.61,Pending,2025-10-17 04:11:00
ORD103359,2025-12-03,JP,P1038,PG1100,KW10562,724.21,Cancelled,2025-12-03 17:16:00
ORD103360,2026-05-07,US,P1045,PG1132,KW10389,971.89,Completed,2026-05-07 15:31:00
ORD103361,2026-04-30,US,P1015,PG1143,KW11304,784.05,Returned,2026-04-30 12:30:00
ORD103362,2026-03-25,JP,P1017,PG1156,KW10686,627.56,Pending,2026-03-25 04:31:00
ORD103363,2026-01-02,CA,P1029,PG1434,KW10972,892.65,Pending,2026-01-02 18:44:00
ORD103364,2025-10-26,IN,P1039,PG1035,KW10341,2084.99,Completed,2025-10-26 14:53:00
ORD103365,2026-09-12,BR,P1025,PG1120,KW10499,4351.14,Returned,2026-09-12 02:13:00
ORD103366,2025-11-24,BR,P1036,PG1039,KW11992,1491.04,Completed,2025-11-24 17:12:00
ORD103367,2026-05-11,DE,P1043,PG1224,KW10061,836.39,Completed,2026-05-11 06:22:00
ORD103368,2026-04-29,JP,P1022,PG1253,KW11399,464.66,Completed,2026-04-29 23:35:00
ORD103369,2026-02-24,BR,P1035,PG1187,KW10408,1048.92,Pending,2026-02-24 07:39:00
ORD103370,2026-05-27,JP,P1047,PG1139,KW11311,529.5,Pending,2026-05-27 15:37:00
ORD103371,2026-06-22,JP,P1004,PG1009,KW11600,1575.58,Pending,2026-06-22 14:41:00
ORD103372,2025-11-20,BR,P1030,PG1464,KW10215,383.84,Completed,2025-11-20 17:52:00
ORD103373,2026-01-16,MX,P1007,PG1410,KW11408,903.3,Cancelled,2026-01-16 20:33:00
ORD103374,2026-09-11,US,P1014,PG1365,KW11530,1292.94,Returned,2026-09-11 00:10:00
ORD103375,2025-10-26,BR,P1016,PG1295,KW11893,1557.03,Completed,2025-10-26 09:14:00
ORD103376,2026-06-14,MX,P1031,PG1407,KW11265,989.77,Completed,2026-06-14 03:08:00
ORD103377,2026-02-08,UK,P1014,PG1023,KW11075,619.71,Completed,2026-02-08 23:13:00
ORD103378,2025-11-19,IN,P1019,PG1295,KW10631,1014.17,Completed,2025-11-19 09:59:00
ORD103379,2025-11-10,FR,P1044,PG1116,KW10268,753.81,Returned,2025-11-10 09:01:00
ORD103380,2026-01-03,BR,P1036,PG1340,KW10451,707.86,Completed,2026-01-03 23:43:00
ORD103381,2026-05-23,MX,P1018,PG1208,KW11463,430.78,Completed,2026-05-23 21:31:00
ORD103382,2026-07-02,BR,P1030,PG1140,KW10927,1076.57,Returned,2026-07-02 20:13:00
ORD103383,2026-05-06,IN,P1011,PG1027,KW11451,863.7,Completed,2026-05-06 05:07:00
ORD103384,2026-08-08,US,P1009,PG1333,KW11368,951.28,Cancelled,2026-08-08 05:13:00
ORD103385,2025-10-28,AU,P1048,PG1437,KW11680,1890.03,Cancelled,2025-10-28 15:11:00
ORD103386,2026-06-29,MX,P1036,PG1188,KW11017,375.12,Returned,2026-06-29 06:10:00
ORD103387,2026-07-14,UK,P1010,PG1363,KW11869,681.62,Completed,2026-07-14 17:18:00
ORD103388,2026-01-28,BR,P1011,PG1335,KW10277,704.95,Pending,2026-01-28 07:35:00
ORD103389,2025-12-24,UK,P1006,PG1323,KW10523,2671.07,Completed,2025-12-24 21:59:00
ORD103390,2026-03-28,AU,P1042,PG1417,KW11722,2703.78,Pending,2026-03-28 14:32:00
ORD103391,2026-03-31,BR,P1042,PG1349,KW11365,986.99,Returned,2026-03-31 00:06:00
ORD103392,2026-07-04,CA,P1046,PG1381,KW10304,1251.36,Completed,2026-07-04 07:18:00
ORD103393,2026-09-02,CA,P1038,PG1433,KW10877,397.98,Returned,2026-09-02 03:13:00
ORD103394,2026-04-08,US,P1004,PG1130,KW11804,623.24,Returned,2026-04-08 03:02:00
ORD103395,2026-02-07,UK,P1048,PG1400,KW10147,1470.44,Returned,2026-02-07 18:32:00
ORD103396,2026-02-14,MX,P1044,PG1280,KW10939,276.37,Completed,2026-02-14 08:52:00
ORD103397,2026-04-22,MX,P1046,PG1154,KW11467,1614.93,Pending,2026-04-22 10:22:00
ORD103398,2026-08-27,JP,P1009,PG1050,KW10353,517.78,Returned,2026-08-27 22:15:00
ORD103399,2026-07-08,UK,P1049,PG1068,KW10531,1187.36,Completed,2026-07-08 13:40:00
ORD103400,2026-08-12,DE,P1027,PG1182,KW10949,861.02,Completed,2026-08-12 04:46:00
ORD103401,2026-05-15,DE,P1049,PG1213,KW10925,1114.75,Cancelled,2026-05-15 04:51:00
ORD103402,2026-03-16,US,P1038,PG1136,KW10642,1248.12,Completed,2026-03-16 00:16:00
ORD103403,2026-01-18,US,P1026,PG1497,KW10115,261.15,Completed,2026-01-18 08:26:00
ORD103404,2026-02-22,BR,P1001,PG1072,KW11650,666.67,Completed,2026-02-22 01:10:00
ORD103405,2026-06-22,BR,P1035,PG1449,KW11498,660.69,Returned,2026-06-22 21:50:00
ORD103406,2026-09-11,US,P1043,PG1396,KW10603,955.03,Completed,2026-09-11 15:27:00
ORD103407,2026-04-22,JP,P1039,PG1115,KW10291,991.44,Completed,2026-04-22 15:33:00
ORD103408,2026-03-15,US,P1019,PG1361,KW10501,732.33,Returned,2026-03-15 21:25:00
ORD103409,2026-08-26,JP,P1013,PG1475,KW11905,887.27,Completed,2026-08-26 02:37:00
ORD103410,2025-10-28,CA,P1021,PG1202,KW11823,469.96,Cancelled,2025-10-28 11:31:00
ORD103411,2025-10-14,MX,P1035,PG1112,KW10951,1472.81,Completed,2025-10-14 08:15:00
ORD103412,2026-07-06,FR,P1013,PG1330,KW11388,533.28,Cancelled,2026-07-06 04:08:00
ORD103413,2026-01-19,US,P1011,PG1105,KW11124,901.07,Completed,2026-01-19 02:19:00
ORD103414,2026-07-07,IN,P1029,PG1324,KW11567,1193.69,Pending,2026-07-07 01:12:00
ORD103415,2026-05-14,IN,P1041,PG1314,KW10298,438.01,Completed,2026-05-14 11:43:00
ORD103416,2026-08-26,BR,P1020,PG1368,KW11929,463.26,Cancelled,2026-08-26 21:37:00
ORD103417,2026-08-03,AU,P1038,PG1248,KW10133,2479.09,Pending,2026-08-03 12:43:00
ORD103418,2025-11-16,AU,P1008,PG1312,KW10303,1640.8,Completed,2025-11-16 07:39:00
ORD103419,2025-11-14,BR,P1040,PG1156,KW11223,881.24,Returned,2025-11-14 12:07:00
ORD103420,2025-10-24,IN,P1030,PG1170,KW10177,1156.14,Cancelled,2025-10-24 20:24:00
ORD103421,2026-08-07,CA,P1034,PG1231,KW10633,1057.2,Pending,2026-08-07 01:07:00
ORD103422,2026-03-30,FR,P1025,PG1326,KW10510,421.36,Pending,2026-03-30 17:24:00
ORD103423,2026-09-21,MX,P1034,PG1102,KW10113,468.72,Completed,2026-09-21 21:10:00
ORD103424,2026-01-01,MX,P1004,PG1390,KW10669,1043.09,Pending,2026-01-01 16:07:00
ORD103425,2026-04-14,US,P1035,PG1448,KW10081,823.35,Pending,2026-04-14 11:28:00
ORD103426,2025-10-16,FR,P1014,PG1401,KW11509,1173.95,Pending,2025-10-16 23:08:00
ORD103427,2026-03-08,AU,P1010,PG1457,KW10122,911.07,Cancelled,2026-03-08 13:02:00
ORD103428,2025-11-28,FR,P1026,PG1493,KW10582,1476.56,Cancelled,2025-11-28 12:29:00
ORD103429,2026-07-08,MX,P1026,PG1131,KW11209,998.63,Completed,2026-07-08 01:24:00
ORD103430,2026-07-15,AU,P1009,PG1095,KW11728,1526.1,Pending,2026-07-15 01:43:00
ORD103431,2026-06-16,CA,P1018,PG1451,KW10986,672.42,Completed,2026-06-16 08:25:00
ORD103432,2026-09-25,IN,P1007,PG1168,KW10237,1311.26,Cancelled,2026-09-25 07:19:00
ORD103433,2026-04-24,UK,P1003,PG1468,KW10173,763.01,Completed,2026-04-24 01:08:00
ORD103434,2026-03-21,FR,P1012,PG1137,KW11166,1472.67,Cancelled,2026-03-21 02:30:00
ORD103435,2026-01-26,CA,P1028,PG1355,KW11290,1317.62,Returned,2026-01-26 20:26:00
ORD103436,2026-02-18,MX,P1029,PG1096,KW10354,615.35,Returned,2026-02-18 19:55:00
ORD103437,2026-04-25,DE,P1024,PG1429,KW10163,3602.36,Returned,2026-04-25 12:14:00
ORD103438,2025-11-08,CA,P1005,PG1451,KW10058,465.32,Cancelled,2025-11-08 02:17:00
ORD103439,2026-04-11,UK,P1009,PG1394,KW11384,1346.13,Completed,2026-04-11 17:48:00
ORD103440,2026-06-14,IN,P1016,PG1134,KW11110,439.49,Completed,2026-06-14 12:14:00
ORD103441,2026-05-08,MX,P1023,PG1310,KW11551,552.21,Completed,2026-05-08 10:04:00
ORD103442,2025-10-27,US,P1026,PG1065,KW10092,618.12,Completed,2025-10-27 08:41:00
ORD103443,2025-12-27,UK,P1032,PG1019,KW11839,1522.5,Cancelled,2025-12-27 05:07:00
ORD103444,2026-06-12,JP,P1029,PG1296,KW10761,1595.71,Cancelled,2026-06-12 15:55:00
ORD103445,2026-08-02,AU,P1038,PG1308,KW11933,516.39,Completed,2026-08-02 01:27:00
ORD103446,2026-07-21,FR,P1019,PG1032,KW10183,612.92,Pending,2026-07-21 11:08:00
ORD103447,2026-07-15,CA,P1016,PG1288,KW11843,612.31,Completed,2026-07-15 16:54:00
ORD103448,2025-11-02,US,P1025,PG1258,KW10206,533.08,Returned,2025-11-02 00:11:00
ORD103449,2026-04-12,AU,P1012,PG1265,KW10428,3306.87,Completed,2026-04-12 07:31:00
ORD103450,2026-08-16,MX,P1029,PG1244,KW10927,1077.11,Completed,2026-08-16 23:38:00
ORD103451,2026-05-05,US,P1046,PG1242,KW11739,1650.74,Completed,2026-05-05 16:53:00
ORD103452,2026-08-11,UK,P1047,PG1491,KW11672,645.28,Cancelled,2026-08-11 09:53:00
ORD103453,2026-09-18,BR,P1034,PG1402,KW11809,830.06,Cancelled,2026-09-18 06:17:00
ORD103454,2026-06-16,AU,P1033,PG1035,KW11081,3720.14,Completed,2026-06-16 01:36:00
ORD103455,2026-06-21,CA,P1017,PG1368,KW11064,520.78,Completed,2026-06-21 17:11:00
ORD103456,2026-03-28,MX,P1016,PG1240,KW10317,968.07,Completed,2026-03-28 07:50:00
ORD103457,2026-04-26,BR,P1016,PG1271,KW10565,657.55,Completed,2026-04-26 14:20:00
ORD103458,2026-03-17,US,P1016,PG1494,KW10003,811.24,Completed,2026-03-17 22:18:00
ORD103459,2026-04-05,JP,P1026,PG1445,KW10019,625.42,Completed,2026-04-05 13:52:00
ORD103460,2025-10-09,UK,P1035,PG1097,KW11525,1351.37,Cancelled,2025-10-09 01:30:00
ORD103461,2026-03-26,FR,P1005,PG1244,KW10814,325.04,Completed,2026-03-26 12:36:00
ORD103462,2025-11-18,UK,P1042,PG1496,KW10531,568.32,Cancelled,2025-11-18 10:31:00
ORD103463,2026-08-22,FR,P1015,PG1155,KW11327,986.87,Pending,2026-08-22 04:00:00
ORD103464,2026-02-04,CA,P1022,PG1431,KW10159,981.86,Returned,2026-02-04 23:18:00
ORD103465,2026-07-28,UK,P1040,PG1341,KW11301,1549.18,Completed,2026-07-28 19:23:00
ORD103466,2026-01-29,FR,P1040,PG1341,KW11180,569.01,Completed,2026-01-29 18:11:00
ORD103467,2025-11-23,UK,P1032,PG1242,KW11802,1754.62,Cancelled,2025-11-23 13:53:00
ORD103468,2026-07-26,JP,P1001,PG1162,KW11462,721.2,Cancelled,2026-07-26 16:44:00
ORD103469,2025-10-26,UK,P1012,PG1243,KW11962,646.28,Cancelled,2025-10-26 09:58:00
ORD103470,2026-09-21,CA,P1030,PG1393,KW11675,362.7,Pending,2026-09-21 11:30:00
ORD103471,2026-02-15,JP,P1035,PG1327,KW11036,540.33,Returned,2026-02-15 19:24:00
ORD103472,2026-05-17,FR,P1048,PG1182,KW10237,978.15,Completed,2026-05-17 23:02:00
ORD103473,2026-06-09,FR,P1025,PG1246,KW10379,1389.85,Completed,2026-06-09 17:37:00
ORD103474,2025-12-08,US,P1014,PG1360,KW10730,1489.21,Completed,2025-12-08 15:39:00
ORD103475,2026-09-21,MX,P1003,PG1092,KW10758,1354.77,Returned,2026-09-21 13:22:00
ORD103476,2026-04-01,CA,P1037,PG1403,KW11817,852.58,Returned,2026-04-01 09:15:00
ORD103477,2026-05-13,MX,P1040,PG1389,KW10679,1359.43,Completed,2026-05-13 09:30:00
ORD103478,2026-03-16,BR,P1043,PG1389,KW11183,1573.69,Returned,2026-03-16 12:08:00
ORD103479,2026-04-08,US,P1037,PG1091,KW11169,2187.95,Cancelled,2026-04-08 05:12:00
ORD103480,2026-08-29,JP,P1040,PG1177,KW11318,191.31,Completed,2026-08-29 22:50:00
ORD103481,2025-10-22,IN,P1017,PG1160,KW10708,326.84,Completed,2025-10-22 23:25:00
ORD103482,2026-05-04,FR,P1046,PG1028,KW11178,554.82,Returned,2026-05-04 06:12:00
ORD103483,2026-06-19,BR,P1044,PG1079,KW11283,1064.76,Cancelled,2026-06-19 00:38:00
ORD103484,2025-12-23,UK,P1018,PG1038,KW11029,1041.63,Pending,2025-12-23 13:29:00
ORD103485,2026-08-28,FR,P1012,PG1178,KW11132,975.22,Pending,2026-08-28 02:41:00
ORD103486,2026-09-19,AU,P1028,PG1113,KW10293,485.35,Completed,2026-09-19 02:34:00
ORD103487,2026-01-27,IN,P1018,PG1288,KW11157,361.45,Completed,2026-01-27 07:15:00
ORD103488,2026-04-30,UK,P1010,PG1155,KW10088,880.78,Completed,2026-04-30 22:31:00
ORD103489,2026-03-29,FR,P1037,PG1105,KW10930,2373.72,Returned,2026-03-29 16:48:00
ORD103490,2026-06-17,IN,P1037,PG1235,KW10811,832.48,Cancelled,2026-06-17 00:18:00
ORD103491,2026-06-21,MX,P1050,PG1119,KW11488,1038.31,Returned,2026-06-21 05:54:00
ORD103492,2025-11-13,IN,P1020,PG1236,KW10602,1128.23,Completed,2025-11-13 22:23:00
ORD103493,2025-11-21,CA,P1035,PG1474,KW10742,859.13,Cancelled,2025-11-21 04:13:00
ORD103494,2026-09-11,MX,P1034,PG1033,KW10968,676.56,Returned,2026-09-11 12:31:00
ORD103495,2026-07-29,UK,P1029,PG1122,KW11250,996.74,Pending,2026-07-29 10:38:00
ORD103496,2025-10-27,IN,P1010,PG1162,KW11255,540.94,Cancelled,2025-10-27 15:22:00
ORD103497,2025-12-08,BR,P1014,PG1213,KW10208,832.9,Returned,2025-12-08 16:06:00
ORD103498,2025-12-29,JP,P1022,PG1094,KW11855,1562.9,Completed,2025-12-29 17:09:00
ORD103499,2025-12-03,CA,P1010,PG1074,KW11571,1352.04,Completed,2025-12-03 05:25:00
ORD103500,2026-06-28,UK,P1038,PG1176,KW10931,1887.42,Completed,2026-06-28 18:07:00
ORD103501,2025-12-19,BR,P1042,PG1071,KW11169,1042.92,Completed,2025-12-19 21:43:00
ORD103502,2026-04-17,JP,P1003,PG1454,KW11643,262.71,Completed,2026-04-17 07:56:00
ORD103503,2026-06-25,CA,P1030,PG1234,KW11367,1378.24,Completed,2026-06-25 17:08:00
ORD103504,2026-09-11,UK,P1001,PG1473,KW11985,307.07,Pending,2026-09-11 23:31:00
ORD103505,2026-03-02,US,P1002,PG1378,KW10461,722.66,Completed,2026-03-02 01:36:00
ORD103506,2026-01-16,IN,P1003,PG1329,KW11243,710.29,Completed,2026-01-16 11:08:00
ORD103507,2025-12-28,DE,P1028,PG1310,KW11375,765.96,Returned,2025-12-28 03:22:00
ORD103508,2026-01-11,IN,P1045,PG1188,KW11872,1093.01,Cancelled,2026-01-11 14:46:00
ORD103509,2026-09-13,MX,P1037,PG1373,KW11550,2094.65,Completed,2026-09-13 06:03:00
ORD103510,2026-05-08,CA,P1038,PG1058,KW10577,645.92,Pending,2026-05-08 07:24:00
ORD103511,2025-10-23,JP,P1005,PG1493,KW11921,1307.28,Cancelled,2025-10-23 11:34:00
ORD103512,2025-11-05,FR,P1041,PG1234,KW10695,942.75,Completed,2025-11-05 10:38:00
ORD103513,2025-10-26,BR,P1044,PG1016,KW10374,608.76,Completed,2025-10-26 17:36:00
ORD103514,2026-01-15,US,P1040,PG1157,KW10642,1183.96,Cancelled,2026-01-15 11:33:00
ORD103515,2026-09-01,CA,P1050,PG1023,KW10253,668.23,Completed,2026-09-01 21:52:00
ORD103516,2026-08-13,AU,P1047,PG1288,KW10327,871.1,Returned,2026-08-13 13:56:00
ORD103517,2026-09-25,DE,P1005,PG1328,KW11263,783.32,Cancelled,2026-09-25 07:41:00
ORD103518,2026-06-12,UK,P1011,PG1156,KW11321,891.39,Completed,2026-06-12 04:47:00
ORD103519,2026-05-25,CA,P1006,PG1178,KW10789,414.4,Completed,2026-05-25 08:07:00
ORD103520,2026-06-22,CA,P1007,PG1319,KW10907,674.86,Cancelled,2026-06-22 04:54:00
ORD103521,2026-06-09,DE,P1013,PG1013,KW11822,1588.86,Cancelled,2026-06-09 04:41:00
ORD103522,2026-08-08,DE,P1029,PG1347,KW10642,618.48,Completed,2026-08-08 13:51:00
ORD103523,2026-01-28,DE,P1029,PG1297,KW11881,468.62,Completed,2026-01-28 19:11:00
ORD103524,2026-03-24,US,P1042,PG1469,KW10138,948.76,Completed,2026-03-24 13:55:00
ORD103525,2025-12-22,UK,P1050,PG1144,KW11186,1260.61,Pending,2025-12-22 14:02:00
ORD103526,2026-01-16,JP,P1050,PG1334,KW10867,1519.85,Cancelled,2026-01-16 17:58:00
ORD103527,2026-07-15,JP,P1042,PG1324,KW11454,355.53,Pending,2026-07-15 12:00:00
ORD103528,2026-02-25,BR,P1020,PG1010,KW11447,590.75,Returned,2026-02-25 17:52:00
ORD103529,2026-01-05,AU,P1032,PG1117,KW11526,1026.86,Completed,2026-01-05 06:39:00
ORD103530,2025-10-25,DE,P1044,PG1406,KW11270,830.1,Returned,2025-10-25 18:12:00
ORD103531,2026-04-28,BR,P1010,PG1452,KW10835,1387.22,Completed,2026-04-28 13:13:00
ORD103532,2026-02-14,MX,P1018,PG1340,KW10124,587.22,Pending,2026-02-14 18:32:00
ORD103533,2025-11-09,US,P1009,PG1012,KW10137,2535.77,Returned,2025-11-09 03:40:00
ORD103534,2026-04-28,DE,P1013,PG1226,KW10712,793.67,Completed,2026-04-28 05:01:00
ORD103535,2025-10-04,AU,P1005,PG1400,KW11048,1101.9,Completed,2025-10-04 22:24:00
ORD103536,2026-05-27,MX,P1026,PG1175,KW11642,573.44,Completed,2026-05-27 09:55:00
ORD103537,2026-01-08,MX,P1018,PG1071,KW10485,1896.26,Completed,2026-01-08 06:04:00
ORD103538,2025-10-09,JP,P1030,PG1162,KW10342,1235.43,Completed,2025-10-09 11:10:00
ORD103539,2026-03-24,MX,P1027,PG1498,KW11055,1026.71,Pending,2026-03-24 13:40:00
ORD103540,2025-10-21,JP,P1004,PG1169,KW10044,316.62,Pending,2025-10-21 01:28:00
ORD103541,2026-04-08,AU,P1038,PG1484,KW11143,455.1,Completed,2026-04-08 04:32:00
ORD103542,2025-10-18,JP,P1048,PG1221,KW11284,376.68,Returned,2025-10-18 16:09:00
ORD103543,2026-03-25,CA,P1047,PG1368,KW10885,458.05,Completed,2026-03-25 01:31:00
ORD103544,2025-12-18,IN,P1037,PG1415,KW11585,2285.78,Completed,2025-12-18 11:20:00
ORD103545,2026-08-11,AU,P1045,PG1462,KW10308,882.57,Pending,2026-08-11 08:45:00
ORD103546,2025-11-06,BR,P1028,PG1166,KW11094,265.04,Cancelled,2025-11-06 01:26:00
ORD103547,2026-07-10,DE,P1037,PG1227,KW10467,768.65,Completed,2026-07-10 01:47:00
ORD103548,2026-01-07,UK,P1037,PG1424,KW10833,1799.17,Cancelled,2026-01-07 21:38:00
ORD103549,2025-12-10,AU,P1028,PG1277,KW11370,610.53,Completed,2025-12-10 20:07:00
ORD103550,2026-05-21,DE,P1008,PG1239,KW11586,1290.01,Completed,2026-05-21 01:09:00
ORD103551,2026-02-06,CA,P1006,PG1434,KW10174,279.74,Cancelled,2026-02-06 09:40:00
ORD103552,2026-07-27,MX,P1014,PG1279,KW11129,386.33,Completed,2026-07-27 11:55:00
ORD103553,2026-09-18,US,P1045,PG1179,KW11741,989.4,Pending,2026-09-18 02:28:00
ORD103554,2026-02-28,AU,P1017,PG1264,KW10253,1039.03,Completed,2026-02-28 16:17:00
ORD103555,2025-10-27,DE,P1047,PG1330,KW11545,1374.06,Completed,2025-10-27 09:18:00
ORD103556,2026-02-06,CA,P1046,PG1363,KW10187,1341.21,Cancelled,2026-02-06 14:59:00
ORD103557,2026-07-04,US,P1046,PG1178,KW11888,193.13,Cancelled,2026-07-04 10:20:00
ORD103558,2026-07-07,CA,P1021,PG1339,KW10610,465.29,Completed,2026-07-07 16:50:00
ORD103559,2026-03-28,MX,P1012,PG1058,KW11581,226.32,Completed,2026-03-28 17:33:00
ORD103560,2025-10-05,AU,P1047,PG1479,KW11904,1272.16,Completed,2025-10-05 04:06:00
ORD103561,2026-01-26,UK,P1048,PG1471,KW11665,1078.58,Cancelled,2026-01-26 05:03:00
ORD103562,2026-02-06,US,P1003,PG1007,KW11189,2161.74,Completed,2026-02-06 20:41:00
ORD103563,2026-05-14,IN,P1002,PG1020,KW10780,1055.16,Returned,2026-05-14 11:23:00
ORD103564,2026-01-04,AU,P1017,PG1151,KW11914,711.14,Cancelled,2026-01-04 05:26:00
ORD103565,2025-10-29,US,P1002,PG1101,KW10031,1087.75,Completed,2025-10-29 06:13:00
ORD103566,2026-04-14,DE,P1049,PG1054,KW10995,3072.82,Returned,2026-04-14 21:33:00
ORD103567,2025-11-15,UK,P1019,PG1252,KW10942,1404.91,Completed,2025-11-15 15:57:00
ORD103568,2026-01-12,BR,P1043,PG1218,KW11769,913.81,Returned,2026-01-12 18:58:00
ORD103569,2026-05-29,UK,P1045,PG1203,KW10617,1262.03,Returned,2026-05-29 15:18:00
ORD103570,2025-10-21,CA,P1007,PG1489,KW10387,737.27,Completed,2025-10-21 02:34:00
ORD103571,2026-04-21,US,P1038,PG1147,KW10773,1115.28,Completed,2026-04-21 01:42:00
ORD103572,2026-04-27,JP,P1024,PG1222,KW10805,1028.54,Completed,2026-04-27 16:44:00
ORD103573,2025-12-07,IN,P1040,PG1449,KW11434,414.31,Completed,2025-12-07 02:56:00
ORD103574,2026-02-07,MX,P1028,PG1446,KW11530,1700.5,Completed,2026-02-07 09:32:00
ORD103575,2026-04-28,FR,P1042,PG1086,KW11084,1627.07,Completed,2026-04-28 20:31:00
ORD103576,2026-06-29,DE,P1023,PG1190,KW10792,1830.34,Completed,2026-06-29 16:49:00
ORD103577,2025-11-23,DE,P1028,PG1090,KW10743,1407.03,Cancelled,2025-11-23 09:11:00
ORD103578,2025-11-27,IN,P1027,PG1344,KW10643,1161.86,Completed,2025-11-27 18:56:00
ORD103579,2026-04-28,BR,P1049,PG1060,KW10863,808.22,Completed,2026-04-28 20:10:00
ORD103580,2026-04-14,JP,P1026,PG1295,KW10418,1120.38,Completed,2026-04-14 05:16:00
ORD103581,2026-06-27,MX,P1041,PG1490,KW10347,1278.35,Cancelled,2026-06-27 21:11:00
ORD103582,2026-05-29,DE,P1044,PG1322,KW10112,491.26,Cancelled,2026-05-29 20:23:00
ORD103583,2026-05-23,JP,P1016,PG1465,KW11733,1003.79,Cancelled,2026-05-23 08:54:00
ORD103584,2025-10-01,BR,P1017,PG1062,KW10696,1167.2,Completed,2025-10-01 21:20:00
ORD103585,2026-08-02,DE,P1005,PG1464,KW11283,1354.85,Pending,2026-08-02 09:16:00
ORD103586,2026-07-26,BR,P1015,PG1271,KW10878,450.2,Pending,2026-07-26 10:14:00
ORD103587,2026-07-03,BR,P1011,PG1182,KW11790,327.56,Completed,2026-07-03 09:51:00
ORD103588,2026-03-20,FR,P1044,PG1298,KW10863,1627.12,Completed,2026-03-20 03:41:00
ORD103589,2026-03-09,BR,P1003,PG1453,KW11061,240.21,Completed,2026-03-09 18:09:00
ORD103590,2025-11-03,IN,P1007,PG1443,KW11958,632.27,Pending,2025-11-03 09:19:00
ORD103591,2026-08-24,MX,P1028,PG1368,KW10663,1651.68,Completed,2026-08-24 11:39:00
ORD103592,2025-10-25,US,P1005,PG1367,KW11253,1947.97,Pending,2025-10-25 13:06:00
ORD103593,2025-10-11,JP,P1011,PG1262,KW10257,1542.41,Completed,2025-10-11 05:14:00
ORD103594,2026-08-04,FR,P1023,PG1222,KW10914,831.25,Pending,2026-08-04 01:18:00
ORD103595,2026-04-11,MX,P1034,PG1034,KW10419,710.02,Completed,2026-04-11 15:13:00
ORD103596,2026-01-08,US,P1007,PG1452,KW11486,1065.56,Cancelled,2026-01-08 16:37:00
ORD103597,2026-04-26,FR,P1022,PG1364,KW10808,704.94,Completed,2026-04-26 06:20:00
ORD103598,2025-12-04,JP,P1032,PG1243,KW10819,513.78,Cancelled,2025-12-04 07:20:00
ORD103599,2026-03-26,BR,P1011,PG1327,KW11154,300.52,Completed,2026-03-26 00:24:00
ORD103600,2026-02-27,AU,P1018,PG1240,KW10744,1142.7,Cancelled,2026-02-27 16:13:00
ORD103601,2026-08-10,JP,P1002,PG1081,KW10639,695.96,Completed,2026-08-10 16:51:00
ORD103602,2026-09-11,UK,P1010,PG1184,KW10854,318.52,Cancelled,2026-09-11 10:39:00
ORD103603,2026-04-26,MX,P1008,PG1354,KW11309,1891.14,Cancelled,2026-04-26 20:11:00
ORD103604,2026-02-12,MX,P1003,PG1465,KW10022,561.46,Returned,2026-02-12 02:17:00
ORD103605,2026-04-25,CA,P1005,PG1042,KW11763,1130.86,Returned,2026-04-25 09:19:00
ORD103606,2025-10-01,DE,P1012,PG1205,KW10234,1166.82,Pending,2025-10-01 16:50:00
ORD103607,2026-01-13,BR,P1046,PG1090,KW11491,851.46,Cancelled,2026-01-13 17:19:00
ORD103608,2026-01-12,FR,P1047,PG1144,KW10252,1500.13,Completed,2026-01-12 02:11:00
ORD103609,2025-12-18,FR,P1043,PG1061,KW11580,900.81,Pending,2025-12-18 19:05:00
ORD103610,2026-01-31,DE,P1039,PG1212,KW10810,416.19,Pending,2026-01-31 13:47:00
ORD103611,2026-09-19,BR,P1003,PG1322,KW11453,416.83,Pending,2026-09-19 17:44:00
ORD103612,2026-06-13,CA,P1026,PG1489,KW10747,1915.41,Completed,2026-06-13 06:27:00
ORD103613,2026-03-16,JP,P1044,PG1311,KW10928,1327.14,Completed,2026-03-16 03:56:00
ORD103614,2025-10-22,AU,P1009,PG1241,KW10569,820.96,Returned,2025-10-22 16:34:00
ORD103615,2026-08-28,UK,P1029,PG1462,KW11054,1068.49,Pending,2026-08-28 02:35:00
ORD103616,2026-03-22,FR,P1047,PG1411,KW11352,656.02,Returned,2026-03-22 17:49:00
ORD103617,2025-12-10,DE,P1045,PG1476,KW10827,234.15,Completed,2025-12-10 02:34:00
ORD103618,2026-04-12,FR,P1040,PG1173,KW10449,701.51,Completed,2026-04-12 04:59:00
ORD103619,2026-06-11,US,P1008,PG1339,KW10848,409.61,Completed,2026-06-11 10:53:00
ORD103620,2025-12-21,JP,P1013,PG1294,KW11821,1292.71,Completed,2025-12-21 01:41:00
ORD103621,2026-01-15,MX,P1021,PG1062,KW10100,1385.02,Cancelled,2026-01-15 17:50:00
ORD103622,2026-05-02,DE,P1014,PG1039,KW11948,548.44,Pending,2026-05-02 11:57:00
ORD103623,2026-03-10,AU,P1009,PG1140,KW10911,680.11,Cancelled,2026-03-10 05:09:00
ORD103624,2026-01-02,CA,P1050,PG1321,KW10216,1601.86,Returned,2026-01-02 18:00:00
ORD103625,2026-05-13,AU,P1028,PG1191,KW10394,1644.98,Completed,2026-05-13 13:44:00
ORD103626,2026-01-15,FR,P1016,PG1016,KW11822,769.37,Completed,2026-01-15 11:33:00
ORD103627,2026-01-12,IN,P1005,PG1176,KW11375,1468.94,Completed,2026-01-12 10:05:00
ORD103628,2026-04-30,DE,P1040,PG1178,KW10499,599.26,Returned,2026-04-30 20:32:00
ORD103629,2026-08-30,DE,P1008,PG1115,KW11894,2264.29,Completed,2026-08-30 18:47:00
ORD103630,2025-12-09,FR,P1049,PG1325,KW10208,1084.33,Pending,2025-12-09 01:43:00
ORD103631,2026-02-23,JP,P1041,PG1497,KW10918,620.89,Pending,2026-02-23 18:30:00
ORD103632,2026-04-13,MX,P1037,PG1011,KW10316,119.11,Completed,2026-04-13 09:11:00
ORD103633,2026-01-04,UK,P1028,PG1046,KW11156,2041.22,Completed,2026-01-04 11:39:00
ORD103634,2026-05-26,CA,P1038,PG1169,KW11987,1576.12,Cancelled,2026-05-26 04:34:00
ORD103635,2025-11-02,CA,P1046,PG1041,KW11016,594.04,Cancelled,2025-11-02 02:40:00
ORD103636,2026-05-18,BR,P1032,PG1295,KW10480,664.05,Pending,2026-05-18 21:31:00
ORD103637,2025-11-18,BR,P1004,PG1067,KW10611,937.36,Completed,2025-11-18 22:55:00
ORD103638,2026-03-28,MX,P1028,PG1044,KW11094,639.37,Pending,2026-03-28 20:45:00
ORD103639,2026-03-12,DE,P1026,PG1467,KW10119,586.2,Completed,2026-03-12 18:01:00
ORD103640,2025-11-26,JP,P1042,PG1088,KW10670,4925.52,Completed,2025-11-26 06:55:00
ORD103641,2026-04-21,IN,P1023,PG1395,KW11021,666.09,Returned,2026-04-21 10:17:00
ORD103642,2025-12-12,BR,P1011,PG1211,KW10299,1282.32,Returned,2025-12-12 04:25:00
ORD103643,2026-06-29,IN,P1043,PG1033,KW10998,786.86,Cancelled,2026-06-29 17:51:00
ORD103644,2026-02-17,JP,P1027,PG1051,KW10984,666.02,Completed,2026-02-17 23:27:00
ORD103645,2026-02-07,MX,P1006,PG1343,KW10628,412.21,Completed,2026-02-07 20:02:00
ORD103646,2025-11-24,US,P1010,PG1095,KW11001,1339.05,Returned,2025-11-24 05:04:00
ORD103647,2026-06-14,US,P1041,PG1063,KW10823,2727.64,Completed,2026-06-14 17:15:00
ORD103648,2025-11-05,CA,P1011,PG1370,KW10458,403.11,Completed,2025-11-05 08:45:00
ORD103649,2026-05-09,AU,P1044,PG1157,KW11487,494.44,Returned,2026-05-09 13:55:00
ORD103650,2025-10-15,DE,P1039,PG1065,KW10413,1852.31,Completed,2025-10-15 15:20:00
ORD103651,2026-09-24,MX,P1019,PG1302,KW10884,845.1,Pending,2026-09-24 09:24:00
ORD103652,2026-08-25,BR,P1033,PG1184,KW11019,1472.65,Completed,2026-08-25 01:29:00
ORD103653,2026-01-09,BR,P1032,PG1227,KW10042,553.58,Pending,2026-01-09 08:02:00
ORD103654,2026-09-24,MX,P1043,PG1046,KW11829,1006.11,Completed,2026-09-24 07:09:00
ORD103655,2026-06-01,UK,P1042,PG1417,KW10685,547.01,Returned,2026-06-01 01:50:00
ORD103656,2026-03-31,DE,P1007,PG1288,KW11101,1314.11,Completed,2026-03-31 15:39:00
ORD103657,2026-03-05,UK,P1027,PG1438,KW11356,1375.22,Pending,2026-03-05 16:26:00
ORD103658,2026-03-04,JP,P1048,PG1439,KW10787,370.84,Pending,2026-03-04 04:31:00
ORD103659,2026-05-14,JP,P1004,PG1329,KW11275,679.71,Completed,2026-05-14 21:14:00
ORD103660,2025-11-23,MX,P1049,PG1197,KW11491,440.97,Completed,2025-11-23 21:03:00
ORD103661,2026-06-01,BR,P1048,PG1072,KW10762,2052.59,Cancelled,2026-06-01 13:52:00
ORD103662,2026-07-02,US,P1032,PG1204,KW11998,1154.54,Pending,2026-07-02 15:20:00
ORD103663,2026-01-12,BR,P1017,PG1397,KW11057,452.51,Cancelled,2026-01-12 20:18:00
ORD103664,2025-11-17,CA,P1012,PG1465,KW10530,684.73,Completed,2025-11-17 17:51:00
ORD103665,2026-04-04,BR,P1031,PG1167,KW10786,520.31,Completed,2026-04-04 17:35:00
ORD103666,2026-07-15,DE,P1033,PG1230,KW11597,826.46,Completed,2026-07-15 09:12:00
ORD103667,2026-04-28,BR,P1017,PG1341,KW11887,708.96,Completed,2026-04-28 08:44:00
ORD103668,2026-03-03,BR,P1033,PG1011,KW10292,1443.95,Returned,2026-03-03 23:10:00
ORD103669,2026-06-10,CA,P1036,PG1102,KW10774,467.41,Returned,2026-06-10 09:50:00
ORD103670,2025-10-29,FR,P1030,PG1195,KW10716,1090.21,Pending,2025-10-29 16:06:00
ORD103671,2026-05-13,CA,P1049,PG1466,KW10452,992.8,Pending,2026-05-13 07:31:00
ORD103672,2026-06-01,MX,P1001,PG1003,KW10463,545.01,Returned,2026-06-01 02:02:00
ORD103673,2026-09-28,DE,P1030,PG1477,KW10523,1048.59,Completed,2026-09-28 11:24:00
ORD103674,2026-04-12,IN,P1022,PG1258,KW11692,603.72,Completed,2026-04-12 06:48:00
ORD103675,2025-10-25,MX,P1036,PG1359,KW10559,769.33,Pending,2025-10-25 00:40:00
ORD103676,2026-02-03,IN,P1031,PG1363,KW11011,597.87,Pending,2026-02-03 01:33:00
ORD103677,2026-08-05,DE,P1005,PG1121,KW11946,1671.7,Pending,2026-08-05 06:56:00
ORD103678,2026-04-16,MX,P1043,PG1093,KW10891,684.13,Pending,2026-04-16 23:56:00
ORD103679,2026-05-24,CA,P1042,PG1406,KW11854,751.86,Pending,2026-05-24 06:21:00
ORD103680,2026-04-29,FR,P1001,PG1034,KW11124,684.11,Completed,2026-04-29 08:19:00
ORD103681,2026-02-15,US,P1036,PG1325,KW11219,2537.33,Completed,2026-02-15 16:54:00
ORD103682,2026-05-24,UK,P1043,PG1172,KW10928,647.27,Completed,2026-05-24 04:07:00
ORD103683,2025-12-31,US,P1036,PG1158,KW10529,699.66,Pending,2025-12-31 19:42:00
ORD103684,2026-04-08,CA,P1007,PG1306,KW11751,497.87,Completed,2026-04-08 14:09:00
ORD103685,2026-01-20,UK,P1020,PG1104,KW10710,1386.92,Completed,2026-01-20 00:58:00
ORD103686,2026-05-14,MX,P1044,PG1217,KW10659,692.66,Completed,2026-05-14 10:18:00
ORD103687,2026-01-09,CA,P1040,PG1231,KW10984,984.3,Pending,2026-01-09 11:08:00
ORD103688,2025-11-30,UK,P1005,PG1080,KW10348,161.91,Returned,2025-11-30 03:47:00
ORD103689,2025-12-10,DE,P1018,PG1297,KW10471,648.83,Completed,2025-12-10 01:41:00
ORD103690,2026-08-20,IN,P1005,PG1280,KW10537,594.51,Returned,2026-08-20 13:27:00
ORD103691,2026-08-14,FR,P1046,PG1067,KW11850,247.59,Returned,2026-08-14 14:43:00
ORD103692,2026-03-19,JP,P1010,PG1305,KW11774,593.45,Completed,2026-03-19 15:50:00
ORD103693,2026-08-15,BR,P1024,PG1030,KW10196,301.94,Returned,2026-08-15 04:33:00
ORD103694,2026-08-19,AU,P1022,PG1449,KW11240,757.66,Cancelled,2026-08-19 21:28:00
ORD103695,2026-06-21,MX,P1021,PG1382,KW10955,591.56,Completed,2026-06-21 14:20:00
ORD103696,2026-05-26,FR,P1033,PG1193,KW11767,1411.2,Completed,2026-05-26 04:06:00
ORD103697,2026-05-15,IN,P1014,PG1207,KW10634,688.26,Completed,2026-05-15 17:15:00
ORD103698,2025-12-24,AU,P1031,PG1176,KW11344,317.95,Completed,2025-12-24 07:46:00
ORD103699,2025-11-03,MX,P1043,PG1395,KW10316,346.15,Completed,2025-11-03 21:59:00
ORD103700,2026-06-04,CA,P1033,PG1039,KW10137,510.36,Cancelled,2026-06-04 11:44:00
ORD103701,2026-06-28,JP,P1003,PG1448,KW10568,539.5,Completed,2026-06-28 02:57:00
ORD103702,2026-03-14,BR,P1048,PG1423,KW11439,276.49,Completed,2026-03-14 09:44:00
ORD103703,2026-09-09,FR,P1021,PG1001,KW10939,470.85,Completed,2026-09-09 06:00:00
ORD103704,2026-05-08,US,P1037,PG1096,KW10198,1079.83,Completed,2026-05-08 08:58:00
ORD103705,2026-09-30,JP,P1030,PG1387,KW10936,383.65,Cancelled,2026-09-30 18:29:00
ORD103706,2026-05-16,JP,P1004,PG1100,KW10481,647.59,Completed,2026-05-16 21:11:00
ORD103707,2026-07-07,US,P1040,PG1261,KW10364,842.46,Completed,2026-07-07 17:16:00
ORD103708,2025-12-16,JP,P1038,PG1227,KW11755,1154.89,Completed,2025-12-16 22:00:00
ORD103709,2026-05-03,US,P1023,PG1264,KW10030,441.74,Completed,2026-05-03 14:16:00
ORD103710,2026-06-07,DE,P1032,PG1049,KW10320,2073.48,Returned,2026-06-07 11:53:00
ORD103711,2026-08-21,DE,P1019,PG1387,KW11763,4492.66,Completed,2026-08-21 01:07:00
ORD103712,2025-10-18,FR,P1006,PG1340,KW10257,505.08,Completed,2025-10-18 08:06:00
ORD103713,2025-10-26,DE,P1041,PG1165,KW10170,979.97,Completed,2025-10-26 11:00:00
ORD103714,2026-08-27,CA,P1031,PG1197,KW11303,1453.77,Completed,2026-08-27 01:29:00
ORD103715,2025-11-25,US,P1045,PG1196,KW10276,874.22,Completed,2025-11-25 00:47:00
ORD103716,2026-05-02,BR,P1046,PG1030,KW11594,484.78,Returned,2026-05-02 07:37:00
ORD103717,2026-06-07,BR,P1049,PG1256,KW11400,299.57,Completed,2026-06-07 09:39:00
ORD103718,2025-12-17,BR,P1042,PG1086,KW10759,1318.87,Cancelled,2025-12-17 04:55:00
ORD103719,2026-09-27,US,P1017,PG1196,KW10525,1262.15,Completed,2026-09-27 21:03:00
ORD103720,2025-12-19,IN,P1037,PG1172,KW10999,750.76,Completed,2025-12-19 15:23:00
ORD103721,2026-09-19,US,P1027,PG1471,KW11395,589.41,Completed,2026-09-19 17:47:00
ORD103722,2026-02-07,AU,P1039,PG1058,KW10844,647.81,Cancelled,2026-02-07 16:54:00
ORD103723,2026-07-27,UK,P1035,PG1329,KW10123,468.94,Completed,2026-07-27 08:21:00
ORD103724,2026-07-29,AU,P1041,PG1151,KW10246,287.15,Completed,2026-07-29 18:25:00
ORD103725,2026-04-23,MX,P1040,PG1305,KW11119,587.54,Completed,2026-04-23 22:15:00
ORD103726,2026-01-18,US,P1026,PG1110,KW11465,1891.63,Completed,2026-01-18 10:21:00
ORD103727,2026-02-11,MX,P1030,PG1306,KW11980,880.99,Cancelled,2026-02-11 16:55:00
ORD103728,2026-02-14,JP,P1018,PG1246,KW10558,339.36,Completed,2026-02-14 19:20:00
ORD103729,2026-03-20,CA,P1005,PG1241,KW11186,1807.12,Completed,2026-03-20 02:22:00
ORD103730,2026-09-24,US,P1019,PG1401,KW10871,562.2,Completed,2026-09-24 14:09:00
ORD103731,2026-08-20,UK,P1010,PG1067,KW11748,862.4,Returned,2026-08-20 02:37:00
ORD103732,2026-01-31,IN,P1012,PG1419,KW11873,391.11,Pending,2026-01-31 16:41:00
ORD103733,2025-10-29,IN,P1020,PG1410,KW10004,471.18,Cancelled,2025-10-29 17:50:00
ORD103734,2025-12-27,FR,P1032,PG1215,KW11253,333.98,Completed,2025-12-27 14:53:00
ORD103735,2026-02-14,MX,P1026,PG1307,KW10261,504.51,Returned,2026-02-14 07:46:00
ORD103736,2025-12-29,US,P1015,PG1392,KW10584,587.48,Pending,2025-12-29 21:19:00
ORD103737,2026-01-01,DE,P1018,PG1313,KW10433,723.63,Returned,2026-01-01 18:34:00
ORD103738,2026-03-06,AU,P1044,PG1293,KW11147,810.66,Cancelled,2026-03-06 13:49:00
ORD103739,2026-08-28,AU,P1021,PG1359,KW10807,1119.75,Completed,2026-08-28 06:29:00
ORD103740,2026-07-15,UK,P1042,PG1111,KW11900,1375.57,Returned,2026-07-15 22:04:00
ORD103741,2026-01-23,AU,P1048,PG1102,KW11187,935.61,Cancelled,2026-01-23 19:24:00
ORD103742,2025-11-22,FR,P1012,PG1439,KW11319,708.49,Cancelled,2025-11-22 18:23:00
ORD103743,2026-09-11,UK,P1024,PG1357,KW11629,743.69,Completed,2026-09-11 07:06:00
ORD103744,2025-11-16,DE,P1034,PG1109,KW10089,1497.59,Cancelled,2025-11-16 00:22:00
ORD103745,2026-07-31,CA,P1028,PG1211,KW10029,881.67,Completed,2026-07-31 20:16:00
ORD103746,2025-10-24,US,P1050,PG1398,KW10914,1851.47,Completed,2025-10-24 05:28:00
ORD103747,2026-07-27,FR,P1050,PG1087,KW10120,865.24,Returned,2026-07-27 03:08:00
ORD103748,2026-07-29,DE,P1012,PG1318,KW11648,840.94,Pending,2026-07-29 13:35:00
ORD103749,2026-03-26,IN,P1032,PG1062,KW10724,530.28,Completed,2026-03-26 20:22:00
ORD103750,2026-03-14,CA,P1015,PG1274,KW11730,1106.0,Completed,2026-03-14 14:30:00
ORD103751,2026-07-11,US,P1015,PG1313,KW11394,1147.53,Pending,2026-07-11 07:56:00
ORD103752,2026-07-21,IN,P1024,PG1400,KW10970,1116.18,Pending,2026-07-21 01:34:00
ORD103753,2026-03-24,UK,P1029,PG1070,KW10546,834.8,Returned,2026-03-24 13:19:00
ORD103754,2026-07-22,IN,P1024,PG1323,KW11261,644.86,Returned,2026-07-22 16:17:00
ORD103755,2026-05-18,MX,P1045,PG1398,KW10030,550.83,Cancelled,2026-05-18 16:33:00
ORD103756,2026-06-30,IN,P1018,PG1410,KW11887,1263.26,Cancelled,2026-06-30 22:22:00
ORD103757,2026-05-28,FR,P1022,PG1053,KW11780,987.73,Pending,2026-05-28 03:11:00
ORD103758,2025-11-10,AU,P1007,PG1006,KW11303,1016.59,Completed,2025-11-10 00:55:00
ORD103759,2026-05-31,MX,P1041,PG1226,KW11999,379.04,Completed,2026-05-31 15:26:00
ORD103760,2026-04-11,BR,P1033,PG1103,KW11072,512.23,Completed,2026-04-11 09:58:00
ORD103761,2026-04-29,MX,P1001,PG1012,KW10865,1612.44,Pending,2026-04-29 19:59:00
ORD103762,2026-02-06,AU,P1021,PG1232,KW11680,840.65,Completed,2026-02-06 21:26:00
ORD103763,2025-11-30,UK,P1018,PG1312,KW11204,240.92,Cancelled,2025-11-30 08:04:00
ORD103764,2026-02-14,BR,P1003,PG1215,KW11211,520.13,Completed,2026-02-14 08:45:00
ORD103765,2026-07-11,MX,P1011,PG1158,KW11172,637.32,Returned,2026-07-11 03:52:00
ORD103766,2026-07-11,DE,P1025,PG1336,KW10454,823.71,Completed,2026-07-11 21:31:00
ORD103767,2026-08-30,DE,P1040,PG1480,KW11355,419.65,Completed,2026-08-30 19:07:00
ORD103768,2026-07-31,FR,P1043,PG1208,KW11785,696.52,Pending,2026-07-31 01:56:00
ORD103769,2026-05-31,BR,P1005,PG1366,KW10685,995.28,Returned,2026-05-31 12:22:00
ORD103770,2025-11-22,JP,P1024,PG1271,KW11394,772.58,Completed,2025-11-22 18:12:00
ORD103771,2026-06-09,DE,P1050,PG1393,KW11589,371.65,Pending,2026-06-09 21:22:00
ORD103772,2026-07-03,IN,P1024,PG1154,KW10787,986.45,Returned,2026-07-03 18:33:00
ORD103773,2026-01-02,BR,P1040,PG1396,KW11897,1699.0,Completed,2026-01-02 10:15:00
ORD103774,2026-08-12,BR,P1022,PG1258,KW10668,538.41,Completed,2026-08-12 20:32:00
ORD103775,2026-06-14,JP,P1022,PG1418,KW10412,727.23,Completed,2026-06-14 03:58:00
ORD103776,2025-10-30,JP,P1042,PG1357,KW10161,335.68,Cancelled,2025-10-30 22:28:00
ORD103777,2026-08-17,UK,P1042,PG1142,KW11342,1197.44,Cancelled,2026-08-17 08:38:00
ORD103778,2026-06-15,DE,P1038,PG1243,KW10633,562.83,Completed,2026-06-15 18:04:00
ORD103779,2026-04-14,AU,P1026,PG1075,KW10763,1067.94,Completed,2026-04-14 06:21:00
ORD103780,2026-02-23,FR,P1009,PG1056,KW11668,444.0,Completed,2026-02-23 01:26:00
ORD103781,2026-01-01,BR,P1040,PG1091,KW10926,956.31,Completed,2026-01-01 14:57:00
ORD103782,2026-06-16,BR,P1031,PG1167,KW11280,1067.61,Completed,2026-06-16 02:15:00
ORD103783,2026-03-19,BR,P1038,PG1267,KW10691,1116.45,Cancelled,2026-03-19 00:36:00
ORD103784,2026-09-02,BR,P1006,PG1256,KW11062,534.55,Completed,2026-09-02 21:32:00
ORD103785,2025-11-16,US,P1026,PG1361,KW10231,323.95,Cancelled,2025-11-16 20:01:00
ORD103786,2026-04-12,IN,P1032,PG1468,KW11356,670.59,Cancelled,2026-04-12 12:04:00
ORD103787,2026-01-12,IN,P1032,PG1211,KW11787,664.07,Cancelled,2026-01-12 13:13:00
ORD103788,2025-12-19,DE,P1039,PG1297,KW10608,970.42,Completed,2025-12-19 13:08:00
ORD103789,2026-03-02,IN,P1010,PG1474,KW10565,395.55,Completed,2026-03-02 20:38:00
ORD103790,2026-03-16,AU,P1025,PG1077,KW11749,1261.14,Pending,2026-03-16 06:20:00
ORD103791,2026-03-16,CA,P1008,PG1038,KW11286,1526.82,Completed,2026-03-16 16:43:00
ORD103792,2025-12-11,CA,P1018,PG1287,KW11808,1241.92,Pending,2025-12-11 11:17:00
ORD103793,2026-04-15,UK,P1007,PG1111,KW11645,1141.51,Pending,2026-04-15 02:53:00
ORD103794,2026-05-02,FR,P1011,PG1326,KW11552,942.32,Completed,2026-05-02 18:22:00
ORD103795,2025-12-25,UK,P1048,PG1152,KW10787,1539.7,Completed,2025-12-25 11:59:00
ORD103796,2026-08-11,US,P1047,PG1488,KW10360,2433.6,Cancelled,2026-08-11 15:43:00
ORD103797,2026-06-26,CA,P1010,PG1403,KW10845,856.67,Completed,2026-06-26 09:18:00
ORD103798,2026-04-20,BR,P1047,PG1317,KW11829,1256.7,Returned,2026-04-20 13:12:00
ORD103799,2026-07-21,BR,P1011,PG1319,KW10901,696.48,Returned,2026-07-21 17:39:00
ORD103800,2026-09-13,FR,P1044,PG1288,KW11785,954.6,Cancelled,2026-09-13 23:31:00
ORD103801,2025-10-27,BR,P1050,PG1468,KW10659,693.7,Completed,2025-10-27 03:26:00
ORD103802,2025-12-02,AU,P1034,PG1486,KW10368,676.83,Completed,2025-12-02 19:41:00
ORD103803,2025-10-04,BR,P1017,PG1463,KW11779,1034.49,Cancelled,2025-10-04 09:11:00
ORD103804,2026-03-04,CA,P1047,PG1349,KW11877,877.14,Completed,2026-03-04 23:58:00
ORD103805,2026-08-02,IN,P1030,PG1139,KW10587,790.23,Completed,2026-08-02 00:11:00
ORD103806,2025-12-10,FR,P1007,PG1215,KW10901,866.1,Completed,2025-12-10 06:14:00
ORD103807,2025-11-01,DE,P1043,PG1300,KW10657,595.59,Returned,2025-11-01 12:22:00
ORD103808,2026-09-10,US,P1014,PG1206,KW11000,834.61,Completed,2026-09-10 08:10:00
ORD103809,2026-06-27,BR,P1008,PG1176,KW11690,548.64,Completed,2026-06-27 17:37:00
ORD103810,2026-01-26,DE,P1013,PG1434,KW11070,2125.84,Pending,2026-01-26 07:55:00
ORD103811,2026-06-24,MX,P1028,PG1335,KW10088,817.16,Returned,2026-06-24 18:24:00
ORD103812,2026-07-17,BR,P1044,PG1143,KW10034,1683.93,Returned,2026-07-17 11:13:00
ORD103813,2026-08-11,UK,P1024,PG1380,KW11263,671.43,Cancelled,2026-08-11 09:37:00
ORD103814,2025-10-13,DE,P1033,PG1323,KW11381,464.24,Pending,2025-10-13 00:18:00
ORD103815,2025-11-13,IN,P1030,PG1418,KW10240,759.06,Returned,2025-11-13 12:48:00
ORD103816,2026-04-13,JP,P1008,PG1446,KW11792,601.16,Pending,2026-04-13 11:14:00
ORD103817,2026-08-07,MX,P1010,PG1435,KW10719,953.2,Returned,2026-08-07 02:44:00
ORD103818,2025-10-14,AU,P1011,PG1134,KW10067,618.33,Completed,2025-10-14 11:58:00
ORD103819,2026-01-06,MX,P1048,PG1054,KW11635,355.42,Completed,2026-01-06 07:02:00
ORD103820,2026-09-20,IN,P1031,PG1455,KW11876,893.92,Completed,2026-09-20 08:46:00
ORD103821,2026-04-03,JP,P1029,PG1078,KW11940,2084.39,Completed,2026-04-03 03:22:00
ORD103822,2026-05-09,FR,P1005,PG1479,KW11184,920.3,Pending,2026-05-09 23:26:00
ORD103823,2026-03-17,CA,P1018,PG1122,KW10019,761.49,Pending,2026-03-17 18:23:00
ORD103824,2025-11-04,CA,P1038,PG1238,KW10475,1588.77,Completed,2025-11-04 20:47:00
ORD103825,2026-04-14,FR,P1005,PG1256,KW11059,1718.69,Cancelled,2026-04-14 18:49:00
ORD103826,2025-11-20,IN,P1001,PG1095,KW11680,528.54,Returned,2025-11-20 07:27:00
ORD103827,2026-05-16,AU,P1031,PG1467,KW11071,643.0,Returned,2026-05-16 05:26:00
ORD103828,2026-02-27,BR,P1003,PG1455,KW10367,1193.39,Pending,2026-02-27 09:07:00
ORD103829,2026-08-19,BR,P1002,PG1203,KW10529,598.13,Completed,2026-08-19 07:01:00
ORD103830,2026-03-24,CA,P1011,PG1428,KW10514,1255.6,Completed,2026-03-24 18:34:00
ORD103831,2026-01-18,DE,P1028,PG1341,KW10778,702.44,Pending,2026-01-18 09:40:00
ORD103832,2026-05-26,AU,P1024,PG1147,KW11927,1122.4,Completed,2026-05-26 06:35:00
ORD103833,2026-02-14,FR,P1015,PG1196,KW11279,529.6,Completed,2026-02-14 06:20:00
ORD103834,2026-06-07,US,P1029,PG1374,KW10612,920.4,Returned,2026-06-07 21:35:00
ORD103835,2026-04-10,UK,P1029,PG1362,KW10007,1272.63,Completed,2026-04-10 13:27:00
ORD103836,2026-02-25,AU,P1021,PG1073,KW10809,240.38,Pending,2026-02-25 10:37:00
ORD103837,2026-01-07,BR,P1021,PG1097,KW11917,553.37,Completed,2026-01-07 16:38:00
ORD103838,2026-06-10,UK,P1001,PG1208,KW10902,1776.26,Pending,2026-06-10 08:21:00
ORD103839,2026-04-27,DE,P1013,PG1491,KW10287,1389.18,Completed,2026-04-27 00:28:00
ORD103840,2026-07-14,DE,P1023,PG1238,KW11774,1622.55,Completed,2026-07-14 14:47:00
ORD103841,2025-12-11,DE,P1014,PG1452,KW11804,1116.26,Completed,2025-12-11 06:01:00
ORD103842,2026-09-18,CA,P1016,PG1222,KW11419,651.21,Returned,2026-09-18 06:46:00
ORD103843,2025-11-03,BR,P1031,PG1414,KW10678,1103.88,Returned,2025-11-03 07:45:00
ORD103844,2026-08-01,UK,P1024,PG1217,KW10017,240.44,Returned,2026-08-01 12:24:00
ORD103845,2026-04-29,MX,P1026,PG1178,KW11634,269.1,Cancelled,2026-04-29 16:36:00
ORD103846,2026-04-09,DE,P1026,PG1475,KW11469,1812.78,Completed,2026-04-09 06:31:00
ORD103847,2026-09-11,FR,P1041,PG1376,KW11649,592.06,Completed,2026-09-11 02:21:00
ORD103848,2026-04-08,MX,P1009,PG1182,KW10292,425.43,Completed,2026-04-08 17:44:00
ORD103849,2025-10-20,MX,P1013,PG1128,KW11450,1257.73,Pending,2025-10-20 15:47:00
ORD103850,2026-05-07,MX,P1039,PG1162,KW11711,417.72,Completed,2026-05-07 21:29:00
ORD103851,2026-08-27,JP,P1035,PG1213,KW11267,927.42,Pending,2026-08-27 12:54:00
ORD103852,2026-08-29,FR,P1026,PG1262,KW11487,448.01,Cancelled,2026-08-29 06:56:00
ORD103853,2026-05-19,IN,P1032,PG1293,KW11653,1241.0,Completed,2026-05-19 18:00:00
ORD103854,2025-10-05,CA,P1044,PG1278,KW11944,753.79,Cancelled,2025-10-05 07:56:00
ORD103855,2026-09-04,IN,P1010,PG1288,KW10207,1079.87,Pending,2026-09-04 20:50:00
ORD103856,2025-12-23,BR,P1007,PG1193,KW10127,1257.87,Returned,2025-12-23 17:23:00
ORD103857,2026-09-08,IN,P1043,PG1216,KW10188,1588.44,Cancelled,2026-09-08 05:51:00
ORD103858,2026-03-25,UK,P1034,PG1093,KW10880,1599.11,Returned,2026-03-25 07:53:00
ORD103859,2025-10-21,AU,P1026,PG1062,KW11723,1063.22,Cancelled,2025-10-21 10:59:00
ORD103860,2026-05-15,DE,P1035,PG1294,KW11695,2388.97,Returned,2026-05-15 10:30:00
ORD103861,2026-07-08,CA,P1045,PG1406,KW10841,785.89,Pending,2026-07-08 20:31:00
ORD103862,2026-09-13,BR,P1005,PG1413,KW11740,723.76,Completed,2026-09-13 10:55:00
ORD103863,2025-11-16,BR,P1023,PG1058,KW10341,642.65,Pending,2025-11-16 10:19:00
ORD103864,2026-06-25,IN,P1039,PG1413,KW11298,1579.86,Completed,2026-06-25 07:46:00
ORD103865,2026-01-07,JP,P1021,PG1409,KW10552,768.91,Returned,2026-01-07 20:30:00
ORD103866,2026-06-05,AU,P1007,PG1231,KW11468,455.73,Cancelled,2026-06-05 03:07:00
ORD103867,2026-04-14,UK,P1045,PG1321,KW11189,878.22,Pending,2026-04-14 00:14:00
ORD103868,2025-10-10,US,P1030,PG1462,KW10915,1274.49,Completed,2025-10-10 12:44:00
ORD103869,2026-04-14,BR,P1042,PG1373,KW10280,462.14,Completed,2026-04-14 08:58:00
ORD103870,2026-06-20,UK,P1048,PG1319,KW11506,1074.81,Completed,2026-06-20 13:51:00
ORD103871,2026-01-13,MX,P1044,PG1439,KW11765,458.75,Returned,2026-01-13 15:21:00
ORD103872,2026-05-26,US,P1039,PG1345,KW10835,310.34,Cancelled,2026-05-26 18:25:00
ORD103873,2026-07-09,UK,P1020,PG1164,KW11222,559.6,Completed,2026-07-09 05:18:00
ORD103874,2026-06-07,BR,P1046,PG1083,KW11888,640.52,Completed,2026-06-07 23:08:00
ORD103875,2026-06-22,FR,P1003,PG1401,KW11288,944.25,Returned,2026-06-22 02:11:00
ORD103876,2025-11-09,CA,P1042,PG1112,KW10884,323.95,Completed,2025-11-09 10:21:00
ORD103877,2026-06-02,US,P1037,PG1492,KW10623,1544.88,Completed,2026-06-02 05:31:00
ORD103878,2026-03-09,CA,P1012,PG1150,KW10773,332.4,Completed,2026-03-09 01:27:00
ORD103879,2026-04-28,DE,P1041,PG1258,KW11029,985.11,Pending,2026-04-28 15:09:00
ORD103880,2026-08-08,IN,P1041,PG1005,KW10277,1260.43,Pending,2026-08-08 15:10:00
ORD103881,2026-03-02,BR,P1026,PG1231,KW10948,692.22,Pending,2026-03-02 21:18:00
ORD103882,2025-12-16,AU,P1002,PG1162,KW10771,1123.36,Completed,2025-12-16 06:03:00
ORD103883,2026-03-30,UK,P1001,PG1080,KW11497,1106.99,Pending,2026-03-30 18:35:00
ORD103884,2026-05-24,DE,P1009,PG1386,KW11203,737.53,Cancelled,2026-05-24 13:06:00
ORD103885,2026-01-18,US,P1037,PG1162,KW10540,363.9,Returned,2026-01-18 20:56:00
ORD103886,2026-02-19,BR,P1003,PG1051,KW11131,970.47,Completed,2026-02-19 00:20:00
ORD103887,2025-11-15,UK,P1046,PG1265,KW11724,1434.05,Completed,2025-11-15 00:41:00
ORD103888,2026-04-07,UK,P1036,PG1464,KW10091,1139.74,Completed,2026-04-07 11:05:00
ORD103889,2026-03-16,BR,P1015,PG1319,KW10092,1355.83,Completed,2026-03-16 09:50:00
ORD103890,2026-03-11,FR,P1009,PG1311,KW10109,687.25,Returned,2026-03-11 03:10:00
ORD103891,2025-10-12,FR,P1012,PG1375,KW10356,1405.97,Cancelled,2025-10-12 14:17:00
ORD103892,2025-12-31,DE,P1009,PG1084,KW10460,787.28,Pending,2025-12-31 09:09:00
ORD103893,2026-04-06,US,P1031,PG1393,KW11735,1231.0,Pending,2026-04-06 04:49:00
ORD103894,2026-05-26,JP,P1009,PG1140,KW11998,689.03,Returned,2026-05-26 20:47:00
ORD103895,2026-01-22,IN,P1011,PG1078,KW11020,773.96,Completed,2026-01-22 18:58:00
ORD103896,2025-10-13,AU,P1007,PG1269,KW10639,664.34,Completed,2025-10-13 20:12:00
ORD103897,2026-09-02,MX,P1019,PG1280,KW10236,709.95,Completed,2026-09-02 21:15:00
ORD103898,2026-01-27,DE,P1026,PG1475,KW11833,1924.32,Completed,2026-01-27 16:02:00
ORD103899,2026-06-01,US,P1003,PG1488,KW10722,788.29,Cancelled,2026-06-01 01:14:00
ORD103900,2026-01-26,UK,P1038,PG1465,KW10493,509.92,Completed,2026-01-26 10:32:00
ORD103901,2025-11-15,FR,P1022,PG1411,KW10870,487.83,Returned,2025-11-15 07:27:00
ORD103902,2026-06-07,UK,P1026,PG1247,KW10127,1262.4,Completed,2026-06-07 15:59:00
ORD103903,2026-04-23,JP,P1047,PG1432,KW10435,307.02,Completed,2026-04-23 21:40:00
ORD103904,2026-09-22,JP,P1017,PG1028,KW10837,794.75,Completed,2026-09-22 05:58:00
ORD103905,2025-10-10,IN,P1034,PG1099,KW10094,2506.09,Cancelled,2025-10-10 05:10:00
ORD103906,2026-09-05,JP,P1030,PG1047,KW11737,981.56,Pending,2026-09-05 16:06:00
ORD103907,2026-03-06,CA,P1034,PG1437,KW10960,1016.49,Returned,2026-03-06 17:32:00
ORD103908,2025-10-18,UK,P1006,PG1177,KW11921,731.49,Returned,2025-10-18 18:00:00
ORD103909,2025-10-02,JP,P1010,PG1006,KW10593,1312.83,Returned,2025-10-02 12:54:00
ORD103910,2026-01-24,AU,P1046,PG1037,KW11873,627.13,Completed,2026-01-24 08:29:00
ORD103911,2025-10-28,CA,P1050,PG1135,KW11412,711.05,Completed,2025-10-28 01:16:00
ORD103912,2026-04-27,US,P1049,PG1203,KW11224,1752.89,Cancelled,2026-04-27 11:26:00
ORD103913,2025-10-30,MX,P1011,PG1119,KW11241,295.78,Pending,2025-10-30 03:10:00
ORD103914,2026-05-08,AU,P1044,PG1309,KW11172,1547.04,Returned,2026-05-08 13:41:00
ORD103915,2025-12-22,MX,P1021,PG1072,KW11298,690.41,Returned,2025-12-22 18:31:00
ORD103916,2026-02-21,UK,P1041,PG1216,KW10103,1315.17,Completed,2026-02-21 00:02:00
ORD103917,2025-10-14,CA,P1025,PG1214,KW11458,814.55,Completed,2025-10-14 19:39:00
ORD103918,2026-09-15,US,P1043,PG1235,KW10790,1364.51,Cancelled,2026-09-15 13:42:00
ORD103919,2025-10-02,BR,P1003,PG1285,KW11945,661.35,Cancelled,2025-10-02 06:03:00
ORD103920,2026-05-11,MX,P1004,PG1004,KW11197,722.82,Completed,2026-05-11 05:10:00
ORD103921,2025-11-16,JP,P1012,PG1073,KW10266,337.31,Pending,2025-11-16 04:30:00
ORD103922,2026-07-18,DE,P1009,PG1320,KW10267,581.06,Cancelled,2026-07-18 00:09:00
ORD103923,2025-12-10,DE,P1028,PG1247,KW10956,664.84,Pending,2025-12-10 02:37:00
ORD103924,2026-03-04,JP,P1004,PG1179,KW11030,781.52,Completed,2026-03-04 02:08:00
ORD103925,2026-06-15,AU,P1035,PG1251,KW11304,973.92,Completed,2026-06-15 04:26:00
ORD103926,2026-01-09,FR,P1038,PG1072,KW10489,513.22,Completed,2026-01-09 04:01:00
ORD103927,2026-07-14,JP,P1018,PG1235,KW11846,885.7,Completed,2026-07-14 10:05:00
ORD103928,2026-06-10,MX,P1043,PG1410,KW10455,365.96,Pending,2026-06-10 09:00:00
ORD103929,2026-04-08,MX,P1009,PG1065,KW11407,692.25,Returned,2026-04-08 07:51:00
ORD103930,2026-02-01,CA,P1010,PG1038,KW11627,1103.13,Completed,2026-02-01 22:30:00
ORD103931,2025-11-30,IN,P1042,PG1206,KW10814,901.28,Completed,2025-11-30 10:49:00
ORD103932,2025-12-25,JP,P1014,PG1401,KW10805,741.75,Completed,2025-12-25 14:06:00
ORD103933,2026-06-01,DE,P1020,PG1458,KW10852,476.51,Completed,2026-06-01 10:37:00
ORD103934,2026-01-05,CA,P1030,PG1233,KW11417,1086.23,Pending,2026-01-05 21:57:00
ORD103935,2026-04-04,DE,P1041,PG1029,KW10673,409.92,Cancelled,2026-04-04 09:20:00
ORD103936,2025-12-21,UK,P1035,PG1296,KW11000,759.85,Completed,2025-12-21 09:38:00
ORD103937,2026-02-10,CA,P1014,PG1185,KW10523,207.77,Completed,2026-02-10 19:58:00
ORD103938,2025-12-26,AU,P1030,PG1151,KW10739,817.28,Completed,2025-12-26 21:02:00
ORD103939,2026-07-02,JP,P1042,PG1028,KW10397,468.57,Returned,2026-07-02 04:15:00
ORD103940,2026-03-02,US,P1035,PG1359,KW11176,621.62,Cancelled,2026-03-02 06:59:00
ORD103941,2026-01-09,CA,P1029,PG1019,KW10250,1195.35,Pending,2026-01-09 15:27:00
ORD103942,2026-05-04,BR,P1012,PG1052,KW10628,1310.51,Returned,2026-05-04 00:07:00
ORD103943,2025-12-20,CA,P1039,PG1310,KW11946,1622.32,Completed,2025-12-20 01:14:00
ORD103944,2026-06-09,US,P1033,PG1211,KW10478,576.28,Completed,2026-06-09 19:36:00
ORD103945,2025-10-03,CA,P1043,PG1081,KW10598,786.18,Completed,2025-10-03 22:22:00
ORD103946,2026-03-26,DE,P1031,PG1378,KW11461,373.95,Pending,2026-03-26 17:48:00
ORD103947,2025-10-23,MX,P1002,PG1411,KW11965,620.09,Completed,2025-10-23 15:29:00
ORD103948,2025-11-10,UK,P1009,PG1241,KW11024,556.21,Cancelled,2025-11-10 01:57:00
ORD103949,2025-11-08,FR,P1012,PG1147,KW10914,834.97,Completed,2025-11-08 02:43:00
ORD103950,2026-01-02,CA,P1037,PG1353,KW10475,608.02,Completed,2026-01-02 11:50:00
ORD103951,2026-04-25,IN,P1001,PG1286,KW10690,687.14,Cancelled,2026-04-25 00:05:00
ORD103952,2025-10-05,CA,P1041,PG1247,KW11474,1572.08,Completed,2025-10-05 22:39:00
ORD103953,2025-11-20,UK,P1023,PG1498,KW11398,1555.48,Completed,2025-11-20 06:53:00
ORD103954,2026-08-27,BR,P1036,PG1027,KW10287,329.73,Completed,2026-08-27 05:48:00
ORD103955,2026-01-03,BR,P1027,PG1259,KW10996,1844.28,Completed,2026-01-03 08:07:00
ORD103956,2026-08-24,JP,P1023,PG1451,KW11956,600.41,Completed,2026-08-24 13:45:00
ORD103957,2025-10-31,UK,P1033,PG1365,KW11210,1142.24,Returned,2025-10-31 05:04:00
ORD103958,2026-08-09,JP,P1018,PG1025,KW11275,528.85,Returned,2026-08-09 21:39:00
ORD103959,2026-03-22,IN,P1025,PG1461,KW10574,1171.73,Completed,2026-03-22 19:14:00
ORD103960,2025-11-06,FR,P1032,PG1449,KW10179,467.15,Pending,2025-11-06 22:25:00
ORD103961,2025-10-04,MX,P1002,PG1018,KW10709,1111.33,Pending,2025-10-04 16:49:00
ORD103962,2026-04-04,US,P1010,PG1313,KW11269,699.62,Completed,2026-04-04 19:56:00
ORD103963,2026-02-11,IN,P1028,PG1192,KW10848,645.71,Pending,2026-02-11 07:10:00
ORD103964,2026-01-18,DE,P1009,PG1216,KW11603,1330.35,Completed,2026-01-18 21:35:00
ORD103965,2026-01-15,US,P1002,PG1077,KW11262,1193.44,Cancelled,2026-01-15 20:00:00
ORD103966,2026-02-16,MX,P1003,PG1116,KW10185,830.92,Completed,2026-02-16 23:10:00
ORD103967,2025-10-29,IN,P1028,PG1262,KW10175,967.45,Completed,2025-10-29 13:00:00
ORD103968,2026-03-14,CA,P1039,PG1237,KW10722,1224.6,Pending,2026-03-14 00:04:00
ORD103969,2025-12-05,UK,P1004,PG1060,KW11295,470.35,Completed,2025-12-05 05:03:00
ORD103970,2026-05-11,MX,P1049,PG1158,KW11203,993.34,Completed,2026-05-11 11:00:00
ORD103971,2026-05-01,JP,P1005,PG1200,KW10208,329.02,Pending,2026-05-01 13:09:00
ORD103972,2026-04-17,JP,P1015,PG1395,KW11172,1083.16,Cancelled,2026-04-17 05:02:00
ORD103973,2026-06-28,IN,P1016,PG1448,KW10385,889.85,Pending,2026-06-28 16:57:00
ORD103974,2026-04-09,DE,P1042,PG1071,KW10834,308.12,Completed,2026-04-09 04:33:00
ORD103975,2026-05-14,JP,P1001,PG1121,KW11775,835.51,Returned,2026-05-14 08:27:00
ORD103976,2026-07-18,MX,P1044,PG1140,KW11259,690.42,Pending,2026-07-18 16:01:00
ORD103977,2026-05-16,AU,P1044,PG1365,KW11193,710.33,Pending,2026-05-16 01:58:00
ORD103978,2026-01-07,JP,P1012,PG1472,KW10806,745.14,Pending,2026-01-07 12:45:00
ORD103979,2025-12-17,DE,P1017,PG1065,KW11018,218.63,Completed,2025-12-17 08:36:00
ORD103980,2026-09-10,FR,P1030,PG1113,KW11510,1731.87,Completed,2026-09-10 20:29:00
ORD103981,2025-12-16,DE,P1036,PG1201,KW11888,1663.97,Returned,2025-12-16 04:33:00
ORD103982,2026-07-23,CA,P1002,PG1401,KW11929,1980.47,Completed,2026-07-23 20:42:00
ORD103983,2026-02-18,DE,P1003,PG1383,KW11250,988.89,Returned,2026-02-18 22:51:00
ORD103984,2025-10-07,JP,P1007,PG1263,KW11225,612.87,Cancelled,2025-10-07 02:55:00
ORD103985,2026-06-16,FR,P1011,PG1109,KW11494,527.39,Completed,2026-06-16 09:17:00
ORD103986,2025-10-10,UK,P1046,PG1066,KW11806,1892.77,Completed,2025-10-10 12:19:00
ORD103987,2026-04-28,MX,P1043,PG1427,KW11936,770.94,Cancelled,2026-04-28 09:42:00
ORD103988,2026-09-26,AU,P1016,PG1066,KW10458,747.35,Completed,2026-09-26 04:13:00
ORD103989,2026-06-20,UK,P1035,PG1295,KW10987,922.97,Returned,2026-06-20 23:48:00
ORD103990,2025-10-05,JP,P1027,PG1124,KW11213,399.68,Completed,2025-10-05 19:07:00
ORD103991,2026-05-30,US,P1014,PG1144,KW11139,654.91,Pending,2026-05-30 14:24:00
ORD103992,2026-06-26,CA,P1016,PG1261,KW10379,1377.73,Returned,2026-06-26 16:44:00
ORD103993,2026-02-21,FR,P1049,PG1064,KW11951,900.08,Returned,2026-02-21 04:12:00
ORD103994,2026-04-20,MX,P1012,PG1439,KW10253,337.27,Completed,2026-04-20 00:11:00
ORD103995,2026-01-17,FR,P1010,PG1247,KW10358,820.36,Cancelled,2026-01-17 16:39:00
ORD103996,2025-12-31,JP,P1032,PG1429,KW10447,984.36,Returned,2025-12-31 15:42:00
ORD103997,2026-01-28,FR,P1042,PG1392,KW11179,693.19,Pending,2026-01-28 10:54:00
ORD103998,2026-03-03,JP,P1018,PG1352,KW11603,1104.86,Completed,2026-03-03 22:17:00
ORD103999,2026-06-03,IN,P1044,PG1158,KW11515,399.53,Cancelled,2026-06-03 15:23:00
ORD104000,2026-05-22,CA,P1041,PG1240,KW10257,501.79,Completed,2026-05-22 08:21:00
ORD104001,2026-09-28,BR,P1001,PG1254,KW11287,989.59,Cancelled,2026-09-28 08:50:00
ORD104002,2026-06-01,CA,P1017,PG1410,KW11700,504.24,Cancelled,2026-06-01 19:58:00
ORD104003,2026-05-10,JP,P1026,PG1148,KW11184,902.83,Completed,2026-05-10 18:33:00
ORD104004,2026-01-02,AU,P1010,PG1281,KW11501,970.61,Returned,2026-01-02 21:01:00
ORD104005,2025-11-14,IN,P1007,PG1459,KW10442,795.6,Completed,2025-11-14 23:55:00
ORD104006,2026-09-19,AU,P1005,PG1416,KW10576,281.86,Returned,2026-09-19 06:46:00
ORD104007,2026-03-22,DE,P1017,PG1036,KW10858,1193.18,Completed,2026-03-22 10:06:00
ORD104008,2025-11-22,BR,P1009,PG1330,KW10038,1926.4,Completed,2025-11-22 09:13:00
ORD104009,2026-07-26,MX,P1037,PG1377,KW10082,598.98,Completed,2026-07-26 03:32:00
ORD104010,2026-04-06,DE,P1035,PG1113,KW11977,862.42,Completed,2026-04-06 05:39:00
ORD104011,2025-12-05,DE,P1027,PG1002,KW11870,785.91,Completed,2025-12-05 01:01:00
ORD104012,2026-04-27,JP,P1032,PG1063,KW11346,3019.74,Cancelled,2026-04-27 19:52:00
ORD104013,2025-11-03,FR,P1033,PG1193,KW10692,911.99,Returned,2025-11-03 11:43:00
ORD104014,2025-12-17,MX,P1015,PG1338,KW10683,266.4,Completed,2025-12-17 05:41:00
ORD104015,2025-12-11,IN,P1046,PG1060,KW10562,939.89,Completed,2025-12-11 17:17:00
ORD104016,2025-11-20,JP,P1011,PG1410,KW10389,1065.21,Pending,2025-11-20 10:34:00
ORD104017,2025-11-26,UK,P1038,PG1242,KW11830,512.26,Cancelled,2025-11-26 15:58:00
ORD104018,2026-08-17,IN,P1008,PG1009,KW11364,1389.12,Completed,2026-08-17 10:48:00
ORD104019,2026-01-02,US,P1045,PG1200,KW11120,822.14,Completed,2026-01-02 00:40:00
ORD104020,2025-11-05,UK,P1001,PG1147,KW10301,616.32,Cancelled,2025-11-05 18:35:00
ORD104021,2026-04-02,BR,P1040,PG1165,KW11784,295.88,Cancelled,2026-04-02 02:34:00
ORD104022,2026-04-15,US,P1002,PG1252,KW10792,963.01,Completed,2026-04-15 13:57:00
ORD104023,2026-08-23,BR,P1013,PG1156,KW11116,2196.76,Completed,2026-08-23 14:41:00
ORD104024,2026-08-24,MX,P1042,PG1262,KW10121,840.97,Pending,2026-08-24 23:41:00
ORD104025,2026-06-16,IN,P1049,PG1496,KW11720,1300.52,Cancelled,2026-06-16 23:01:00
ORD104026,2025-11-13,IN,P1048,PG1211,KW11578,776.15,Pending,2025-11-13 15:54:00
ORD104027,2026-05-20,BR,P1031,PG1020,KW11922,1537.07,Completed,2026-05-20 23:26:00
ORD104028,2026-03-28,DE,P1020,PG1308,KW10244,1038.93,Cancelled,2026-03-28 20:50:00
ORD104029,2026-04-29,IN,P1014,PG1016,KW11933,517.18,Pending,2026-04-29 07:48:00
ORD104030,2025-10-19,BR,P1034,PG1053,KW10136,493.89,Completed,2025-10-19 17:04:00
ORD104031,2025-11-24,MX,P1023,PG1235,KW10529,354.77,Cancelled,2025-11-24 13:25:00
ORD104032,2026-09-20,CA,P1049,PG1183,KW10939,468.94,Pending,2026-09-20 10:38:00
ORD104033,2026-09-13,DE,P1002,PG1010,KW10553,697.47,Returned,2026-09-13 13:17:00
ORD104034,2025-12-26,CA,P1007,PG1120,KW11572,1259.57,Cancelled,2025-12-26 08:15:00
ORD104035,2026-06-03,US,P1017,PG1153,KW11228,551.09,Pending,2026-06-03 20:34:00
ORD104036,2026-01-18,MX,P1021,PG1187,KW11583,591.87,Completed,2026-01-18 15:51:00
ORD104037,2026-03-16,JP,P1026,PG1430,KW10010,1266.62,Pending,2026-03-16 23:53:00
ORD104038,2025-11-05,BR,P1029,PG1159,KW10391,237.39,Completed,2025-11-05 15:05:00
ORD104039,2026-07-02,AU,P1003,PG1258,KW10698,579.68,Pending,2026-07-02 10:04:00
ORD104040,2026-01-13,CA,P1010,PG1148,KW11651,338.32,Completed,2026-01-13 08:00:00
ORD104041,2025-12-06,DE,P1046,PG1280,KW10625,899.38,Completed,2025-12-06 21:33:00
ORD104042,2026-03-19,DE,P1006,PG1186,KW10835,625.77,Completed,2026-03-19 13:14:00
ORD104043,2025-12-08,IN,P1024,PG1159,KW11048,351.7,Completed,2025-12-08 16:42:00
ORD104044,2026-02-10,IN,P1002,PG1305,KW11366,851.62,Cancelled,2026-02-10 00:30:00
ORD104045,2025-10-29,MX,P1019,PG1088,KW10223,1470.08,Cancelled,2025-10-29 06:49:00
ORD104046,2026-03-29,CA,P1011,PG1436,KW11513,1349.06,Cancelled,2026-03-29 21:58:00
ORD104047,2026-01-01,UK,P1001,PG1355,KW11364,564.31,Pending,2026-01-01 00:08:00
ORD104048,2026-04-03,UK,P1024,PG1047,KW10953,793.61,Completed,2026-04-03 07:29:00
ORD104049,2026-07-23,JP,P1035,PG1057,KW10938,2300.3,Completed,2026-07-23 11:54:00
ORD104050,2026-02-16,FR,P1047,PG1406,KW11798,1133.27,Completed,2026-02-16 12:31:00
ORD104051,2025-10-20,FR,P1039,PG1435,KW10367,1943.21,Completed,2025-10-20 03:29:00
ORD104052,2026-06-15,MX,P1016,PG1100,KW11940,383.21,Pending,2026-06-15 02:54:00
ORD104053,2025-10-20,IN,P1038,PG1389,KW10931,850.05,Returned,2025-10-20 20:12:00
ORD104054,2026-01-21,FR,P1009,PG1325,KW10510,405.89,Pending,2026-01-21 21:28:00
ORD104055,2026-02-18,AU,P1002,PG1426,KW10401,1559.56,Pending,2026-02-18 17:36:00
ORD104056,2026-08-30,UK,P1028,PG1236,KW10574,628.32,Completed,2026-08-30 06:21:00
ORD104057,2026-04-29,BR,P1028,PG1361,KW10593,421.8,Completed,2026-04-29 10:56:00
ORD104058,2026-02-03,FR,P1045,PG1267,KW11911,1769.34,Cancelled,2026-02-03 19:47:00
ORD104059,2025-12-30,DE,P1036,PG1425,KW10142,291.05,Returned,2025-12-30 06:56:00
ORD104060,2026-08-12,FR,P1050,PG1032,KW10912,645.08,Completed,2026-08-12 00:26:00
ORD104061,2025-11-28,US,P1022,PG1366,KW11104,1397.93,Pending,2025-11-28 15:05:00
ORD104062,2026-08-17,US,P1037,PG1064,KW11225,698.45,Returned,2026-08-17 19:58:00
ORD104063,2026-09-05,UK,P1017,PG1391,KW10281,1007.42,Completed,2026-09-05 20:23:00
ORD104064,2025-10-28,UK,P1036,PG1406,KW11911,1294.36,Completed,2025-10-28 23:48:00
ORD104065,2026-03-20,MX,P1048,PG1313,KW10668,870.55,Completed,2026-03-20 06:42:00
ORD104066,2026-06-29,BR,P1020,PG1256,KW10233,993.42,Completed,2026-06-29 16:29:00
ORD104067,2026-09-27,CA,P1001,PG1063,KW11181,772.87,Completed,2026-09-27 19:05:00
ORD104068,2026-03-03,IN,P1013,PG1224,KW10298,484.14,Returned,2026-03-03 23:45:00
ORD104069,2026-04-19,JP,P1027,PG1423,KW11962,615.38,Completed,2026-04-19 01:03:00
ORD104070,2025-11-12,IN,P1008,PG1458,KW11524,770.53,Completed,2025-11-12 01:22:00
ORD104071,2025-11-03,UK,P1033,PG1418,KW11414,689.9,Pending,2025-11-03 13:47:00
ORD104072,2026-06-29,BR,P1047,PG1243,KW11754,627.99,Cancelled,2026-06-29 10:16:00
ORD104073,2026-02-07,BR,P1042,PG1231,KW10344,411.2,Returned,2026-02-07 22:16:00
ORD104074,2026-04-22,MX,P1030,PG1362,KW10894,690.59,Completed,2026-04-22 08:00:00
ORD104075,2026-01-04,UK,P1037,PG1211,KW11576,743.15,Pending,2026-01-04 02:39:00
ORD104076,2025-12-16,US,P1014,PG1318,KW11798,379.8,Cancelled,2025-12-16 17:37:00
ORD104077,2025-10-29,BR,P1034,PG1332,KW11303,1056.21,Returned,2025-10-29 02:10:00
ORD104078,2026-01-14,BR,P1018,PG1329,KW10340,1259.11,Returned,2026-01-14 01:02:00
ORD104079,2026-03-11,UK,P1041,PG1232,KW11192,1035.79,Completed,2026-03-11 00:43:00
ORD104080,2025-12-21,BR,P1045,PG1314,KW10635,483.45,Returned,2025-12-21 17:37:00
ORD104081,2025-11-01,CA,P1024,PG1422,KW11471,523.14,Cancelled,2025-11-01 07:22:00
ORD104082,2026-09-24,FR,P1004,PG1125,KW11686,873.29,Completed,2026-09-24 07:27:00
ORD104083,2026-07-04,CA,P1046,PG1314,KW10101,603.02,Cancelled,2026-07-04 20:51:00
ORD104084,2026-04-29,US,P1013,PG1467,KW11615,1776.82,Completed,2026-04-29 23:10:00
ORD104085,2025-10-06,MX,P1028,PG1426,KW10486,452.55,Cancelled,2025-10-06 23:06:00
ORD104086,2026-04-12,DE,P1032,PG1023,KW11798,383.18,Completed,2026-04-12 21:38:00
ORD104087,2025-12-31,MX,P1007,PG1181,KW11829,808.24,Completed,2025-12-31 11:29:00
ORD104088,2025-11-12,BR,P1012,PG1332,KW11664,885.82,Completed,2025-11-12 18:45:00
ORD104089,2026-01-13,CA,P1004,PG1067,KW10151,364.28,Cancelled,2026-01-13 01:29:00
ORD104090,2026-06-04,US,P1005,PG1411,KW11736,886.87,Completed,2026-06-04 01:41:00
ORD104091,2026-07-11,CA,P1016,PG1362,KW10512,447.28,Returned,2026-07-11 18:54:00
ORD104092,2026-03-19,AU,P1004,PG1239,KW10106,1152.25,Completed,2026-03-19 17:04:00
ORD104093,2025-12-13,US,P1030,PG1460,KW11542,1433.69,Returned,2025-12-13 01:21:00
ORD104094,2026-09-29,JP,P1034,PG1050,KW10035,1157.43,Returned,2026-09-29 17:14:00
ORD104095,2026-06-06,FR,P1037,PG1384,KW11681,569.08,Returned,2026-06-06 09:13:00
ORD104096,2026-01-12,FR,P1010,PG1250,KW10137,1592.19,Pending,2026-01-12 11:05:00
ORD104097,2025-12-20,BR,P1025,PG1162,KW10228,859.44,Cancelled,2025-12-20 23:07:00
ORD104098,2026-09-11,MX,P1018,PG1440,KW11725,820.0,Completed,2026-09-11 16:17:00
ORD104099,2026-07-22,MX,P1023,PG1481,KW11574,383.39,Completed,2026-07-22 23:14:00
ORD104100,2026-01-01,CA,P1048,PG1377,KW11520,471.09,Completed,2026-01-01 19:26:00
ORD104101,2025-10-22,BR,P1043,PG1282,KW11990,702.33,Completed,2025-10-22 00:02:00
ORD104102,2026-06-25,UK,P1018,PG1144,KW11823,1444.71,Completed,2026-06-25 11:41:00
ORD104103,2025-10-13,JP,P1030,PG1437,KW10207,210.96,Completed,2025-10-13 14:36:00
ORD104104,2026-02-22,UK,P1008,PG1081,KW11268,2043.94,Completed,2026-02-22 03:26:00
ORD104105,2026-08-21,MX,P1017,PG1053,KW10341,2237.52,Cancelled,2026-08-21 00:21:00
ORD104106,2026-02-01,FR,P1021,PG1324,KW11444,1451.65,Completed,2026-02-01 07:18:00
ORD104107,2026-03-21,IN,P1019,PG1157,KW11378,689.74,Completed,2026-03-21 23:09:00
ORD104108,2026-04-01,US,P1036,PG1432,KW10942,1955.26,Completed,2026-04-01 01:48:00
ORD104109,2026-01-17,MX,P1038,PG1058,KW11921,660.11,Completed,2026-01-17 11:05:00
ORD104110,2026-06-03,JP,P1043,PG1409,KW10314,426.93,Completed,2026-06-03 13:26:00
ORD104111,2026-08-22,BR,P1022,PG1176,KW11790,1465.93,Completed,2026-08-22 14:36:00
ORD104112,2026-06-10,FR,P1017,PG1049,KW11701,408.03,Cancelled,2026-06-10 09:32:00
ORD104113,2026-03-24,AU,P1032,PG1429,KW10734,931.2,Completed,2026-03-24 15:43:00
ORD104114,2026-01-14,JP,P1009,PG1244,KW11243,2686.1,Completed,2026-01-14 04:04:00
ORD104115,2026-06-15,AU,P1015,PG1221,KW11852,717.53,Completed,2026-06-15 15:28:00
ORD104116,2025-12-10,AU,P1008,PG1235,KW11719,789.98,Completed,2025-12-10 07:31:00
ORD104117,2025-12-23,DE,P1024,PG1082,KW10002,690.82,Completed,2025-12-23 10:40:00
ORD104118,2025-10-04,DE,P1007,PG1222,KW10541,325.09,Completed,2025-10-04 18:16:00
ORD104119,2026-05-12,DE,P1019,PG1339,KW11631,1305.13,Completed,2026-05-12 23:39:00
ORD104120,2026-09-28,CA,P1008,PG1498,KW11676,176.9,Returned,2026-09-28 20:51:00
ORD104121,2026-09-08,UK,P1043,PG1395,KW11327,1255.07,Completed,2026-09-08 16:29:00
ORD104122,2025-12-14,MX,P1013,PG1402,KW10770,1256.7,Returned,2025-12-14 11:59:00
ORD104123,2026-01-16,AU,P1045,PG1403,KW11016,928.65,Returned,2026-01-16 16:04:00
ORD104124,2025-12-08,MX,P1002,PG1302,KW10624,1150.96,Pending,2025-12-08 19:52:00
ORD104125,2026-02-11,BR,P1037,PG1486,KW10779,2493.55,Completed,2026-02-11 04:02:00
ORD104126,2026-01-20,US,P1018,PG1461,KW11182,1319.15,Completed,2026-01-20 20:45:00
ORD104127,2026-08-17,DE,P1018,PG1324,KW11113,694.32,Completed,2026-08-17 10:59:00
ORD104128,2026-04-07,IN,P1050,PG1110,KW10623,1293.64,Cancelled,2026-04-07 23:27:00
ORD104129,2026-01-05,BR,P1046,PG1474,KW11456,354.61,Completed,2026-01-05 20:45:00
ORD104130,2026-03-14,BR,P1011,PG1308,KW10247,685.85,Pending,2026-03-14 23:10:00
ORD104131,2026-05-31,BR,P1038,PG1214,KW10085,429.78,Returned,2026-05-31 05:32:00
ORD104132,2025-10-15,CA,P1041,PG1014,KW11557,1024.06,Completed,2025-10-15 16:03:00
ORD104133,2026-01-06,MX,P1024,PG1180,KW11022,380.85,Completed,2026-01-06 00:58:00
ORD104134,2026-01-07,UK,P1032,PG1375,KW10289,1228.11,Completed,2026-01-07 14:13:00
ORD104135,2026-04-28,IN,P1026,PG1115,KW10948,440.75,Completed,2026-04-28 22:24:00
ORD104136,2026-06-20,DE,P1023,PG1194,KW10869,847.63,Returned,2026-06-20 08:15:00
ORD104137,2026-07-15,US,P1029,PG1032,KW11238,580.72,Completed,2026-07-15 02:32:00
ORD104138,2026-05-31,CA,P1035,PG1280,KW10035,557.34,Completed,2026-05-31 22:23:00
ORD104139,2025-11-13,BR,P1042,PG1092,KW11298,1244.84,Completed,2025-11-13 03:13:00
ORD104140,2026-09-04,MX,P1027,PG1051,KW10043,925.0,Completed,2026-09-04 13:26:00
ORD104141,2026-05-01,FR,P1031,PG1232,KW10031,866.45,Completed,2026-05-01 10:53:00
ORD104142,2025-12-19,BR,P1012,PG1406,KW10548,823.43,Returned,2025-12-19 21:33:00
ORD104143,2025-12-20,CA,P1020,PG1129,KW11876,2450.49,Completed,2025-12-20 04:30:00
ORD104144,2025-10-12,MX,P1025,PG1409,KW11900,658.54,Completed,2025-10-12 22:10:00
ORD104145,2026-05-14,JP,P1039,PG1185,KW11794,506.89,Cancelled,2026-05-14 14:39:00
ORD104146,2026-08-17,IN,P1031,PG1188,KW10722,452.19,Cancelled,2026-08-17 12:50:00
ORD104147,2026-03-02,FR,P1046,PG1353,KW10359,715.06,Returned,2026-03-02 23:23:00
ORD104148,2026-07-31,FR,P1043,PG1485,KW10080,957.12,Completed,2026-07-31 01:52:00
ORD104149,2026-08-06,FR,P1011,PG1022,KW11410,368.8,Cancelled,2026-08-06 03:20:00
ORD104150,2026-07-11,IN,P1021,PG1036,KW11435,787.86,Completed,2026-07-11 18:28:00
ORD104151,2025-11-17,CA,P1017,PG1091,KW10700,602.86,Completed,2025-11-17 17:42:00
ORD104152,2026-06-11,CA,P1010,PG1329,KW11684,1503.79,Pending,2026-06-11 19:11:00
ORD104153,2026-06-03,AU,P1042,PG1382,KW11208,974.58,Cancelled,2026-06-03 21:11:00
ORD104154,2025-12-06,DE,P1035,PG1325,KW10126,668.17,Cancelled,2025-12-06 11:31:00
ORD104155,2025-12-05,FR,P1041,PG1078,KW11543,996.6,Returned,2025-12-05 06:11:00
ORD104156,2026-08-20,DE,P1043,PG1255,KW10007,575.14,Pending,2026-08-20 10:54:00
ORD104157,2025-10-31,UK,P1035,PG1092,KW11985,861.24,Completed,2025-10-31 14:13:00
ORD104158,2026-05-13,MX,P1026,PG1175,KW10531,767.57,Completed,2026-05-13 17:55:00
ORD104159,2025-11-19,DE,P1044,PG1011,KW10067,5515.9,Pending,2025-11-19 09:54:00
ORD104160,2025-11-29,JP,P1002,PG1454,KW11890,940.08,Completed,2025-11-29 10:42:00
ORD104161,2026-03-05,US,P1031,PG1042,KW11403,656.88,Completed,2026-03-05 05:18:00
ORD104162,2025-12-25,AU,P1013,PG1388,KW10299,763.65,Completed,2025-12-25 12:43:00
ORD104163,2026-01-26,FR,P1009,PG1405,KW10379,705.4,Cancelled,2026-01-26 20:35:00
ORD104164,2026-06-06,DE,P1046,PG1020,KW11262,539.8,Pending,2026-06-06 10:19:00
ORD104165,2025-11-12,BR,P1008,PG1167,KW11602,1039.35,Pending,2025-11-12 18:04:00
ORD104166,2026-05-31,AU,P1036,PG1305,KW11227,3061.46,Returned,2026-05-31 06:21:00
ORD104167,2026-06-17,DE,P1044,PG1018,KW10239,558.86,Completed,2026-06-17 12:33:00
ORD104168,2026-03-10,FR,P1046,PG1058,KW11250,389.63,Returned,2026-03-10 10:44:00
ORD104169,2026-01-28,MX,P1020,PG1006,KW11348,1419.24,Cancelled,2026-01-28 20:04:00
ORD104170,2025-12-13,BR,P1009,PG1356,KW11350,1071.73,Completed,2025-12-13 21:43:00
ORD104171,2025-10-18,JP,P1034,PG1195,KW11532,594.41,Pending,2025-10-18 14:54:00
ORD104172,2026-05-20,IN,P1008,PG1047,KW10337,258.96,Completed,2026-05-20 06:45:00
ORD104173,2026-08-20,AU,P1032,PG1487,KW11698,1911.74,Returned,2026-08-20 21:18:00
ORD104174,2026-07-09,AU,P1013,PG1394,KW10086,2637.02,Completed,2026-07-09 04:25:00
ORD104175,2025-11-05,FR,P1006,PG1281,KW11806,1075.73,Cancelled,2025-11-05 05:42:00
ORD104176,2025-10-18,MX,P1031,PG1093,KW11036,336.83,Completed,2025-10-18 04:11:00
ORD104177,2025-11-17,CA,P1018,PG1076,KW11748,2050.18,Pending,2025-11-17 15:34:00
ORD104178,2025-10-08,BR,P1009,PG1249,KW10419,922.86,Returned,2025-10-08 11:31:00
ORD104179,2026-07-22,IN,P1024,PG1028,KW10142,459.36,Pending,2026-07-22 18:34:00
ORD104180,2026-06-05,US,P1009,PG1241,KW10481,1217.87,Completed,2026-06-05 00:58:00
ORD104181,2026-09-02,MX,P1049,PG1468,KW11118,1289.84,Completed,2026-09-02 10:59:00
ORD104182,2026-06-21,BR,P1040,PG1180,KW11474,812.96,Pending,2026-06-21 19:50:00
ORD104183,2026-02-11,MX,P1023,PG1288,KW11574,236.18,Completed,2026-02-11 21:11:00
ORD104184,2026-04-08,FR,P1026,PG1429,KW11532,6606.2,Completed,2026-04-08 09:29:00
ORD104185,2026-06-17,CA,P1016,PG1188,KW11694,887.91,Completed,2026-06-17 02:43:00
ORD104186,2025-10-30,FR,P1020,PG1183,KW10012,309.62,Returned,2025-10-30 05:22:00
ORD104187,2025-12-07,BR,P1027,PG1123,KW10610,279.27,Cancelled,2025-12-07 19:22:00
ORD104188,2026-01-12,IN,P1042,PG1196,KW10440,1311.52,Cancelled,2026-01-12 09:09:00
ORD104189,2026-03-30,MX,P1028,PG1471,KW10877,795.4,Pending,2026-03-30 09:00:00
ORD104190,2026-08-10,US,P1026,PG1340,KW10293,1245.46,Completed,2026-08-10 16:26:00
ORD104191,2025-11-20,FR,P1032,PG1421,KW10170,702.5,Completed,2025-11-20 20:39:00
ORD104192,2026-05-23,FR,P1013,PG1455,KW10388,310.75,Cancelled,2026-05-23 18:37:00
ORD104193,2026-01-25,MX,P1044,PG1135,KW10039,380.96,Pending,2026-01-25 17:40:00
ORD104194,2025-11-14,FR,P1009,PG1355,KW10287,980.89,Completed,2025-11-14 03:25:00
ORD104195,2026-07-11,UK,P1011,PG1406,KW10119,2905.78,Cancelled,2026-07-11 03:46:00
ORD104196,2026-04-13,CA,P1047,PG1095,KW11430,1337.95,Returned,2026-04-13 17:47:00
ORD104197,2026-02-02,US,P1016,PG1403,KW10569,1899.74,Completed,2026-02-02 21:45:00
ORD104198,2026-05-01,MX,P1037,PG1453,KW11259,2511.17,Completed,2026-05-01 01:53:00
ORD104199,2026-01-16,UK,P1045,PG1036,KW10488,469.44,Returned,2026-01-16 10:11:00
ORD104200,2026-05-08,BR,P1042,PG1200,KW11004,1320.66,Completed,2026-05-08 14:52:00
ORD104201,2026-02-18,MX,P1001,PG1111,KW11409,1258.61,Completed,2026-02-18 22:22:00
ORD104202,2026-04-22,BR,P1049,PG1209,KW11335,1749.11,Completed,2026-04-22 04:17:00
ORD104203,2026-05-24,FR,P1023,PG1379,KW11220,1314.6,Completed,2026-05-24 16:44:00
ORD104204,2026-03-23,FR,P1050,PG1005,KW10724,1101.02,Returned,2026-03-23 12:53:00
ORD104205,2026-05-12,IN,P1046,PG1352,KW10679,1114.21,Completed,2026-05-12 23:37:00
ORD104206,2025-10-22,JP,P1018,PG1334,KW10260,2079.65,Cancelled,2025-10-22 05:20:00
ORD104207,2026-09-11,US,P1015,PG1421,KW10361,943.96,Completed,2026-09-11 10:55:00
ORD104208,2026-08-10,BR,P1041,PG1272,KW10585,663.88,Returned,2026-08-10 20:49:00
ORD104209,2026-09-30,CA,P1039,PG1214,KW11426,1561.53,Completed,2026-09-30 11:59:00
ORD104210,2026-08-24,IN,P1006,PG1115,KW10392,540.26,Cancelled,2026-08-24 14:39:00
ORD104211,2026-06-26,UK,P1013,PG1445,KW10167,489.09,Completed,2026-06-26 14:18:00
ORD104212,2026-05-12,FR,P1030,PG1451,KW11340,1294.76,Pending,2026-05-12 09:52:00
ORD104213,2025-10-13,IN,P1043,PG1147,KW10837,634.83,Pending,2025-10-13 06:33:00
ORD104214,2025-12-27,FR,P1024,PG1109,KW10158,713.19,Cancelled,2025-12-27 06:45:00
ORD104215,2026-07-30,BR,P1011,PG1466,KW10546,1043.08,Returned,2026-07-30 22:07:00
ORD104216,2026-06-24,FR,P1043,PG1047,KW10268,596.91,Pending,2026-06-24 18:59:00
ORD104217,2026-04-25,AU,P1029,PG1008,KW10540,314.0,Returned,2026-04-25 07:40:00
ORD104218,2026-01-19,FR,P1044,PG1136,KW11287,283.48,Pending,2026-01-19 00:29:00
ORD104219,2025-11-23,US,P1046,PG1235,KW10509,244.58,Completed,2025-11-23 14:55:00
ORD104220,2026-01-09,BR,P1012,PG1440,KW10779,795.73,Returned,2026-01-09 14:44:00
ORD104221,2026-01-27,IN,P1045,PG1297,KW11104,1971.6,Returned,2026-01-27 02:50:00
ORD104222,2025-10-17,BR,P1036,PG1485,KW11676,739.71,Returned,2025-10-17 19:49:00
ORD104223,2026-06-22,JP,P1007,PG1465,KW10826,713.38,Cancelled,2026-06-22 00:48:00
ORD104224,2026-05-11,IN,P1044,PG1016,KW11335,338.99,Pending,2026-05-11 13:56:00
ORD104225,2026-08-02,US,P1024,PG1497,KW10941,1116.47,Pending,2026-08-02 05:09:00
ORD104226,2026-09-03,AU,P1034,PG1453,KW10694,1900.83,Cancelled,2026-09-03 16:30:00
ORD104227,2026-06-22,DE,P1048,PG1134,KW11985,519.1,Completed,2026-06-22 02:19:00
ORD104228,2026-06-23,IN,P1001,PG1011,KW11859,3969.93,Returned,2026-06-23 13:53:00
ORD104229,2026-04-25,MX,P1020,PG1115,KW11858,530.8,Cancelled,2026-04-25 23:18:00
ORD104230,2026-04-29,BR,P1002,PG1033,KW11254,1230.31,Pending,2026-04-29 01:35:00
ORD104231,2025-10-12,UK,P1050,PG1089,KW10295,905.48,Completed,2025-10-12 17:07:00
ORD104232,2026-09-05,IN,P1036,PG1190,KW11915,436.05,Cancelled,2026-09-05 11:28:00
ORD104233,2026-06-21,IN,P1020,PG1239,KW11973,289.37,Pending,2026-06-21 17:42:00
ORD104234,2025-10-21,CA,P1044,PG1101,KW10988,1829.81,Completed,2025-10-21 22:06:00
ORD104235,2026-09-22,BR,P1029,PG1220,KW10949,903.95,Returned,2026-09-22 16:46:00
ORD104236,2026-08-15,BR,P1020,PG1495,KW10413,1081.28,Cancelled,2026-08-15 13:16:00
ORD104237,2026-03-04,DE,P1013,PG1057,KW11191,1422.06,Cancelled,2026-03-04 12:59:00
ORD104238,2026-05-06,US,P1022,PG1239,KW10980,930.19,Completed,2026-05-06 05:04:00
ORD104239,2026-04-10,BR,P1037,PG1130,KW11244,1459.67,Returned,2026-04-10 00:25:00
ORD104240,2026-03-18,IN,P1002,PG1145,KW11929,2797.06,Pending,2026-03-18 01:23:00
ORD104241,2026-05-25,BR,P1021,PG1346,KW11444,936.27,Pending,2026-05-25 20:06:00
ORD104242,2026-08-08,MX,P1021,PG1327,KW10831,1290.26,Cancelled,2026-08-08 18:33:00
ORD104243,2026-05-29,FR,P1044,PG1459,KW10911,437.22,Cancelled,2026-05-29 11:28:00
ORD104244,2025-10-28,CA,P1028,PG1243,KW11403,805.78,Cancelled,2025-10-28 17:01:00
ORD104245,2026-03-27,AU,P1042,PG1427,KW11536,803.2,Cancelled,2026-03-27 01:36:00
ORD104246,2026-06-29,DE,P1038,PG1133,KW10345,548.55,Completed,2026-06-29 08:52:00
ORD104247,2025-11-25,DE,P1031,PG1456,KW11894,699.2,Returned,2025-11-25 01:32:00
ORD104248,2026-08-19,IN,P1034,PG1076,KW10969,1661.56,Returned,2026-08-19 10:23:00
ORD104249,2026-01-18,US,P1018,PG1284,KW10777,386.9,Returned,2026-01-18 04:59:00
ORD104250,2026-02-11,FR,P1031,PG1254,KW11984,1218.07,Completed,2026-02-11 09:15:00
ORD104251,2025-12-16,FR,P1011,PG1059,KW10268,513.8,Pending,2025-12-16 13:56:00
ORD104252,2025-11-04,IN,P1048,PG1284,KW11662,1130.11,Cancelled,2025-11-04 18:16:00
ORD104253,2026-03-12,UK,P1017,PG1326,KW11412,1165.85,Completed,2026-03-12 22:02:00
ORD104254,2026-06-15,UK,P1008,PG1044,KW10964,2008.6,Pending,2026-06-15 10:58:00
ORD104255,2025-12-17,MX,P1035,PG1187,KW11911,594.67,Completed,2025-12-17 21:31:00
ORD104256,2026-06-23,IN,P1038,PG1084,KW10180,1796.43,Cancelled,2026-06-23 00:08:00
ORD104257,2026-02-06,IN,P1028,PG1164,KW10044,266.29,Completed,2026-02-06 16:18:00
ORD104258,2026-03-21,FR,P1016,PG1423,KW10975,422.94,Cancelled,2026-03-21 07:27:00
ORD104259,2026-09-25,DE,P1002,PG1348,KW10896,1157.77,Completed,2026-09-25 10:58:00
ORD104260,2025-10-22,FR,P1017,PG1215,KW11258,1388.69,Completed,2025-10-22 19:35:00
ORD104261,2026-09-09,DE,P1033,PG1305,KW11233,1625.39,Pending,2026-09-09 18:31:00
ORD104262,2026-09-24,DE,P1011,PG1256,KW10840,794.14,Pending,2026-09-24 16:51:00
ORD104263,2026-03-28,CA,P1029,PG1189,KW11229,596.82,Completed,2026-03-28 13:54:00
ORD104264,2026-09-26,AU,P1047,PG1188,KW11676,492.73,Cancelled,2026-09-26 01:49:00
ORD104265,2025-10-23,JP,P1026,PG1114,KW10508,576.17,Returned,2025-10-23 01:42:00
ORD104266,2026-07-30,MX,P1017,PG1236,KW11749,807.92,Completed,2026-07-30 17:17:00
ORD104267,2026-03-08,JP,P1049,PG1307,KW10357,524.41,Completed,2026-03-08 16:08:00
ORD104268,2025-12-06,CA,P1004,PG1418,KW10882,846.53,Completed,2025-12-06 10:10:00
ORD104269,2026-04-19,CA,P1018,PG1212,KW11471,373.26,Cancelled,2026-04-19 09:28:00
ORD104270,2026-06-10,MX,P1030,PG1202,KW10329,1399.81,Pending,2026-06-10 08:13:00
ORD104271,2026-01-21,US,P1042,PG1178,KW10521,568.97,Returned,2026-01-21 06:23:00
ORD104272,2026-05-12,CA,P1010,PG1424,KW11605,413.96,Returned,2026-05-12 02:13:00
ORD104273,2026-03-16,JP,P1044,PG1383,KW11441,922.87,Completed,2026-03-16 15:43:00
ORD104274,2026-04-06,MX,P1046,PG1133,KW11280,1990.15,Completed,2026-04-06 02:06:00
ORD104275,2026-08-06,IN,P1006,PG1329,KW11022,394.98,Returned,2026-08-06 09:04:00
ORD104276,2025-11-22,FR,P1003,PG1052,KW10313,487.87,Cancelled,2025-11-22 02:12:00
ORD104277,2026-04-23,AU,P1026,PG1395,KW11260,1250.07,Pending,2026-04-23 22:24:00
ORD104278,2025-11-13,DE,P1015,PG1159,KW10484,801.53,Cancelled,2025-11-13 21:11:00
ORD104279,2026-06-20,MX,P1013,PG1327,KW11681,698.62,Cancelled,2026-06-20 22:35:00
ORD104280,2026-08-01,JP,P1030,PG1218,KW10209,1364.27,Completed,2026-08-01 16:47:00
ORD104281,2026-01-02,FR,P1016,PG1006,KW11614,711.53,Completed,2026-01-02 01:32:00
ORD104282,2026-08-17,BR,P1004,PG1195,KW11341,948.36,Pending,2026-08-17 03:03:00
ORD104283,2025-10-05,CA,P1006,PG1079,KW10902,442.43,Completed,2025-10-05 02:52:00
ORD104284,2026-07-03,FR,P1024,PG1018,KW11953,719.67,Pending,2026-07-03 17:11:00
ORD104285,2026-01-28,US,P1002,PG1049,KW10801,989.37,Completed,2026-01-28 08:12:00
ORD104286,2025-12-19,IN,P1036,PG1202,KW11440,290.22,Completed,2025-12-19 09:43:00
ORD104287,2025-10-19,AU,P1028,PG1190,KW11084,498.36,Completed,2025-10-19 17:00:00
ORD104288,2026-01-31,BR,P1021,PG1271,KW11241,2516.41,Cancelled,2026-01-31 10:54:00
ORD104289,2026-08-04,MX,P1035,PG1177,KW10946,691.08,Completed,2026-08-04 10:28:00
ORD104290,2026-02-18,IN,P1034,PG1397,KW11912,1038.99,Cancelled,2026-02-18 21:40:00
ORD104291,2026-03-06,AU,P1014,PG1121,KW11877,580.79,Completed,2026-03-06 13:51:00
ORD104292,2026-03-29,AU,P1046,PG1274,KW11743,805.58,Completed,2026-03-29 21:45:00
ORD104293,2026-04-24,CA,P1014,PG1116,KW10889,577.08,Pending,2026-04-24 15:17:00
ORD104294,2026-03-22,US,P1024,PG1395,KW10503,517.03,Pending,2026-03-22 11:31:00
ORD104295,2025-10-08,US,P1037,PG1436,KW10661,397.53,Cancelled,2025-10-08 02:40:00
ORD104296,2025-10-30,CA,P1046,PG1397,KW10178,1216.29,Completed,2025-10-30 23:28:00
ORD104297,2026-05-31,MX,P1016,PG1394,KW10646,411.18,Returned,2026-05-31 01:10:00
ORD104298,2026-04-12,DE,P1007,PG1086,KW11087,1484.57,Returned,2026-04-12 23:51:00
ORD104299,2026-03-28,UK,P1039,PG1445,KW11153,390.17,Completed,2026-03-28 17:36:00
ORD104300,2025-11-01,MX,P1005,PG1491,KW11737,1116.2,Cancelled,2025-11-01 18:15:00
ORD104301,2026-08-12,UK,P1008,PG1049,KW11333,1182.51,Completed,2026-08-12 03:37:00
ORD104302,2025-12-09,MX,P1021,PG1433,KW10676,691.37,Completed,2025-12-09 19:45:00
ORD104303,2026-03-13,DE,P1020,PG1345,KW10800,658.43,Cancelled,2026-03-13 23:45:00
ORD104304,2026-02-09,FR,P1023,PG1199,KW11531,1405.22,Completed,2026-02-09 19:11:00
ORD104305,2025-12-06,IN,P1044,PG1107,KW11739,606.33,Completed,2025-12-06 19:47:00
ORD104306,2026-06-05,DE,P1035,PG1178,KW11183,563.56,Cancelled,2026-06-05 22:42:00
ORD104307,2026-09-15,UK,P1014,PG1099,KW11028,452.92,Completed,2026-09-15 02:13:00
ORD104308,2026-03-07,FR,P1006,PG1367,KW10566,468.29,Pending,2026-03-07 12:29:00
ORD104309,2026-05-13,UK,P1036,PG1370,KW10054,568.46,Completed,2026-05-13 09:03:00
ORD104310,2026-02-03,FR,P1038,PG1085,KW11628,1002.76,Cancelled,2026-02-03 06:02:00
ORD104311,2026-07-13,UK,P1042,PG1440,KW11150,708.08,Completed,2026-07-13 00:12:00
ORD104312,2025-10-01,BR,P1016,PG1205,KW11770,481.83,Completed,2025-10-01 18:10:00
ORD104313,2026-07-18,AU,P1019,PG1226,KW11149,986.02,Completed,2026-07-18 06:05:00
ORD104314,2026-03-12,US,P1006,PG1316,KW11844,882.56,Cancelled,2026-03-12 10:40:00
ORD104315,2026-09-30,AU,P1022,PG1071,KW10896,814.69,Returned,2026-09-30 14:28:00
ORD104316,2026-05-01,AU,P1037,PG1482,KW10544,2071.18,Completed,2026-05-01 09:03:00
ORD104317,2025-10-16,JP,P1004,PG1215,KW10513,405.94,Pending,2025-10-16 05:30:00
ORD104318,2026-06-28,AU,P1012,PG1104,KW10952,547.4,Completed,2026-06-28 07:30:00
ORD104319,2026-09-24,AU,P1047,PG1203,KW10361,699.52,Pending,2026-09-24 16:19:00
ORD104320,2026-01-06,US,P1044,PG1066,KW10649,522.56,Cancelled,2026-01-06 02:16:00
ORD104321,2025-10-10,JP,P1009,PG1155,KW10988,907.67,Returned,2025-10-10 15:26:00
ORD104322,2026-05-15,DE,P1030,PG1362,KW10958,460.02,Completed,2026-05-15 06:13:00
ORD104323,2026-05-16,UK,P1027,PG1069,KW10350,542.69,Completed,2026-05-16 08:22:00
ORD104324,2025-11-11,BR,P1033,PG1263,KW10167,1419.48,Completed,2025-11-11 08:52:00
ORD104325,2026-04-01,US,P1029,PG1269,KW10709,3070.54,Completed,2026-04-01 08:43:00
ORD104326,2026-08-16,CA,P1005,PG1101,KW11482,596.09,Returned,2026-08-16 00:10:00
ORD104327,2026-07-17,BR,P1011,PG1194,KW11414,1395.13,Returned,2026-07-17 17:06:00
ORD104328,2025-12-19,IN,P1047,PG1402,KW10535,375.46,Completed,2025-12-19 09:58:00
ORD104329,2025-10-20,IN,P1039,PG1251,KW10850,2113.65,Completed,2025-10-20 08:06:00
ORD104330,2025-10-22,DE,P1002,PG1351,KW10639,2272.06,Returned,2025-10-22 22:01:00
ORD104331,2026-08-28,BR,P1027,PG1056,KW10203,2025.02,Returned,2026-08-28 18:58:00
ORD104332,2026-07-08,DE,P1045,PG1075,KW10768,360.3,Completed,2026-07-08 00:21:00
ORD104333,2026-07-04,FR,P1008,PG1101,KW10239,538.86,Completed,2026-07-04 06:54:00
ORD104334,2026-02-17,DE,P1035,PG1432,KW11186,2834.19,Cancelled,2026-02-17 10:30:00
ORD104335,2026-03-21,CA,P1013,PG1219,KW10839,825.34,Completed,2026-03-21 09:10:00
ORD104336,2026-02-04,CA,P1035,PG1414,KW10926,1085.05,Returned,2026-02-04 19:48:00
ORD104337,2026-08-11,AU,P1050,PG1457,KW10425,994.25,Completed,2026-08-11 17:50:00
ORD104338,2026-01-18,US,P1023,PG1415,KW11881,260.47,Returned,2026-01-18 10:25:00
ORD104339,2026-07-11,DE,P1015,PG1389,KW11741,856.42,Returned,2026-07-11 11:08:00
ORD104340,2026-01-02,CA,P1006,PG1395,KW10407,1021.9,Completed,2026-01-02 05:47:00
ORD104341,2025-11-17,MX,P1013,PG1256,KW10346,678.22,Completed,2025-11-17 10:24:00
ORD104342,2026-02-08,US,P1039,PG1421,KW10328,700.52,Returned,2026-02-08 00:54:00
ORD104343,2026-08-22,CA,P1017,PG1017,KW11769,698.35,Cancelled,2026-08-22 12:44:00
ORD104344,2026-02-01,US,P1036,PG1311,KW11870,804.81,Completed,2026-02-01 15:25:00
ORD104345,2026-02-04,IN,P1011,PG1096,KW10830,486.85,Completed,2026-02-04 17:11:00
ORD104346,2025-12-02,US,P1013,PG1090,KW11792,1180.66,Completed,2025-12-02 09:17:00
ORD104347,2025-12-24,UK,P1036,PG1257,KW11171,292.36,Completed,2025-12-24 22:15:00
ORD104348,2026-06-22,AU,P1044,PG1201,KW11322,1871.81,Completed,2026-06-22 23:32:00
ORD104349,2025-10-12,US,P1029,PG1203,KW11519,554.73,Completed,2025-10-12 04:58:00
ORD104350,2026-06-01,BR,P1033,PG1335,KW10306,945.76,Pending,2026-06-01 12:56:00
ORD104351,2025-10-30,FR,P1012,PG1065,KW10221,1162.94,Completed,2025-10-30 18:07:00
ORD104352,2025-10-14,US,P1027,PG1432,KW10720,749.29,Pending,2025-10-14 08:14:00
ORD104353,2025-12-24,AU,P1011,PG1281,KW10320,920.04,Completed,2025-12-24 09:38:00
ORD104354,2026-06-18,CA,P1015,PG1162,KW10189,500.92,Completed,2026-06-18 23:26:00
ORD104355,2025-10-26,FR,P1030,PG1429,KW11776,402.87,Cancelled,2025-10-26 09:54:00
ORD104356,2026-08-30,JP,P1029,PG1323,KW10455,468.07,Completed,2026-08-30 16:47:00
ORD104357,2025-11-04,AU,P1035,PG1152,KW10134,1270.61,Returned,2025-11-04 20:36:00
ORD104358,2025-11-05,BR,P1046,PG1464,KW11622,1523.59,Pending,2025-11-05 07:59:00
ORD104359,2025-11-06,CA,P1041,PG1119,KW10692,933.75,Completed,2025-11-06 04:47:00
ORD104360,2025-12-16,MX,P1021,PG1356,KW11653,1155.46,Completed,2025-12-16 14:36:00
ORD104361,2025-10-29,IN,P1018,PG1446,KW11719,404.76,Returned,2025-10-29 13:38:00
ORD104362,2025-12-30,FR,P1046,PG1193,KW11847,565.68,Cancelled,2025-12-30 00:48:00
ORD104363,2025-12-21,FR,P1038,PG1218,KW10651,1744.86,Completed,2025-12-21 23:11:00
ORD104364,2026-02-17,DE,P1028,PG1391,KW10381,464.73,Cancelled,2026-02-17 06:42:00
ORD104365,2025-12-17,IN,P1008,PG1276,KW10712,720.19,Completed,2025-12-17 09:27:00
ORD104366,2025-10-04,CA,P1006,PG1354,KW10030,795.03,Completed,2025-10-04 17:06:00
ORD104367,2026-02-05,CA,P1023,PG1297,KW10549,898.78,Returned,2026-02-05 06:11:00
ORD104368,2026-02-24,CA,P1028,PG1488,KW11476,434.32,Cancelled,2026-02-24 14:03:00
ORD104369,2026-02-23,BR,P1049,PG1321,KW11700,1115.64,Returned,2026-02-23 03:25:00
ORD104370,2025-12-31,UK,P1039,PG1156,KW10225,536.27,Completed,2025-12-31 09:18:00
ORD104371,2026-04-10,UK,P1042,PG1243,KW11214,1776.47,Pending,2026-04-10 08:01:00
ORD104372,2025-11-27,DE,P1031,PG1369,KW10962,752.58,Completed,2025-11-27 12:48:00
ORD104373,2026-03-26,US,P1013,PG1214,KW10778,714.61,Pending,2026-03-26 05:25:00
ORD104374,2026-05-01,CA,P1007,PG1176,KW11301,2404.45,Returned,2026-05-01 09:42:00
ORD104375,2026-02-08,BR,P1035,PG1220,KW10379,993.97,Completed,2026-02-08 04:39:00
ORD104376,2026-07-29,JP,P1011,PG1194,KW10094,400.6,Completed,2026-07-29 01:07:00
ORD104377,2025-10-08,AU,P1003,PG1281,KW10554,614.87,Completed,2025-10-08 13:01:00
ORD104378,2026-07-16,CA,P1023,PG1201,KW10633,738.36,Pending,2026-07-16 04:00:00
ORD104379,2026-09-17,AU,P1010,PG1192,KW10018,1721.92,Completed,2026-09-17 01:09:00
ORD104380,2025-10-29,MX,P1001,PG1408,KW10757,527.71,Completed,2025-10-29 06:54:00
ORD104381,2026-08-16,FR,P1036,PG1151,KW11517,1976.92,Completed,2026-08-16 09:13:00
ORD104382,2025-11-20,AU,P1045,PG1468,KW11860,1240.24,Cancelled,2025-11-20 08:01:00
ORD104383,2026-04-30,DE,P1009,PG1433,KW10611,1683.25,Cancelled,2026-04-30 19:20:00
ORD104384,2026-06-05,UK,P1050,PG1276,KW11066,1390.53,Completed,2026-06-05 05:39:00
ORD104385,2026-05-04,BR,P1029,PG1185,KW11539,833.71,Completed,2026-05-04 16:30:00
ORD104386,2026-08-19,UK,P1034,PG1216,KW11951,582.69,Returned,2026-08-19 13:32:00
ORD104387,2026-02-25,FR,P1035,PG1041,KW11225,2800.16,Pending,2026-02-25 10:50:00
ORD104388,2026-05-18,FR,P1049,PG1134,KW10158,1149.5,Completed,2026-05-18 18:41:00
ORD104389,2026-04-08,JP,P1013,PG1032,KW10605,963.41,Returned,2026-04-08 16:45:00
ORD104390,2026-02-24,UK,P1047,PG1461,KW10642,871.23,Pending,2026-02-24 01:30:00
ORD104391,2026-08-09,DE,P1036,PG1140,KW10059,878.67,Completed,2026-08-09 19:08:00
ORD104392,2026-04-24,CA,P1030,PG1218,KW10272,1993.66,Returned,2026-04-24 20:13:00
ORD104393,2026-04-18,UK,P1009,PG1362,KW11003,740.58,Cancelled,2026-04-18 19:00:00
ORD104394,2026-01-18,DE,P1024,PG1012,KW11647,750.28,Cancelled,2026-01-18 06:56:00
ORD104395,2026-02-06,DE,P1001,PG1006,KW11047,507.53,Returned,2026-02-06 12:22:00
ORD104396,2026-06-23,MX,P1040,PG1137,KW11651,1263.13,Cancelled,2026-06-23 23:03:00
ORD104397,2026-01-16,JP,P1029,PG1044,KW10786,1148.0,Completed,2026-01-16 17:25:00
ORD104398,2026-05-30,BR,P1041,PG1441,KW11506,421.82,Completed,2026-05-30 22:14:00
ORD104399,2026-07-31,MX,P1020,PG1033,KW11062,645.5,Completed,2026-07-31 10:05:00
ORD104400,2026-04-06,BR,P1035,PG1002,KW10572,746.62,Completed,2026-04-06 04:42:00
ORD104401,2026-07-04,AU,P1029,PG1203,KW11934,664.35,Pending,2026-07-04 16:23:00
ORD104402,2026-08-27,BR,P1033,PG1252,KW11823,381.63,Pending,2026-08-27 19:07:00
ORD104403,2026-07-22,JP,P1044,PG1321,KW10085,675.81,Completed,2026-07-22 22:27:00
ORD104404,2026-05-31,US,P1016,PG1455,KW11371,522.08,Returned,2026-05-31 00:46:00
ORD104405,2026-09-08,DE,P1037,PG1168,KW10924,726.61,Completed,2026-09-08 17:02:00
ORD104406,2026-06-10,DE,P1011,PG1359,KW11368,757.71,Completed,2026-06-10 15:07:00
ORD104407,2026-07-02,DE,P1044,PG1112,KW11428,955.93,Cancelled,2026-07-02 17:08:00
ORD104408,2026-07-17,BR,P1005,PG1015,KW11200,404.27,Completed,2026-07-17 15:31:00
ORD104409,2026-02-07,JP,P1009,PG1067,KW11309,1303.83,Completed,2026-02-07 02:12:00
ORD104410,2026-08-02,UK,P1049,PG1104,KW11818,989.22,Completed,2026-08-02 08:02:00
ORD104411,2026-02-23,AU,P1030,PG1353,KW10941,1137.87,Cancelled,2026-02-23 11:55:00
ORD104412,2026-06-08,DE,P1011,PG1312,KW11065,414.59,Pending,2026-06-08 14:24:00
ORD104413,2026-08-27,IN,P1001,PG1313,KW10678,910.23,Completed,2026-08-27 04:36:00
ORD104414,2025-12-13,UK,P1040,PG1328,KW11451,799.98,Completed,2025-12-13 19:12:00
ORD104415,2025-10-06,FR,P1016,PG1401,KW10236,424.58,Completed,2025-10-06 01:04:00
ORD104416,2026-02-19,JP,P1025,PG1097,KW10414,597.6,Pending,2026-02-19 15:22:00
ORD104417,2026-07-23,MX,P1011,PG1260,KW10217,368.19,Completed,2026-07-23 19:25:00
ORD104418,2026-06-17,AU,P1050,PG1376,KW10413,1640.35,Completed,2026-06-17 09:26:00
ORD104419,2026-03-20,AU,P1027,PG1499,KW10755,527.07,Pending,2026-03-20 18:05:00
ORD104420,2026-04-10,IN,P1030,PG1138,KW11860,1215.07,Completed,2026-04-10 21:09:00
ORD104421,2026-09-30,FR,P1010,PG1126,KW11511,162.61,Returned,2026-09-30 06:34:00
ORD104422,2026-02-06,DE,P1027,PG1038,KW10571,571.23,Returned,2026-02-06 20:20:00
ORD104423,2026-01-09,BR,P1044,PG1312,KW10534,1013.7,Pending,2026-01-09 23:58:00
ORD104424,2026-06-26,DE,P1006,PG1239,KW10381,712.65,Returned,2026-06-26 04:17:00
ORD104425,2025-12-06,IN,P1007,PG1475,KW11124,1490.42,Completed,2025-12-06 15:49:00
ORD104426,2026-05-04,UK,P1037,PG1014,KW10885,811.08,Cancelled,2026-05-04 06:05:00
ORD104427,2026-03-30,MX,P1006,PG1143,KW11315,1342.14,Completed,2026-03-30 13:59:00
ORD104428,2026-05-13,JP,P1031,PG1301,KW11263,1434.29,Cancelled,2026-05-13 19:03:00
ORD104429,2026-03-15,US,P1048,PG1024,KW10896,1634.16,Completed,2026-03-15 06:12:00
ORD104430,2026-05-30,CA,P1038,PG1347,KW11018,1294.0,Returned,2026-05-30 07:33:00
ORD104431,2026-09-12,UK,P1010,PG1228,KW11268,767.79,Pending,2026-09-12 05:38:00
ORD104432,2026-02-28,UK,P1047,PG1225,KW10735,369.81,Completed,2026-02-28 07:23:00
ORD104433,2026-08-20,JP,P1016,PG1333,KW11572,392.04,Completed,2026-08-20 02:22:00
ORD104434,2026-02-25,UK,P1022,PG1085,KW11394,383.25,Cancelled,2026-02-25 02:29:00
ORD104435,2025-11-17,IN,P1022,PG1421,KW11552,447.99,Pending,2025-11-17 13:41:00
ORD104436,2026-06-21,IN,P1047,PG1097,KW10246,247.87,Completed,2026-06-21 21:07:00
ORD104437,2026-09-29,CA,P1029,PG1301,KW11149,665.52,Returned,2026-09-29 21:02:00
ORD104438,2026-06-29,AU,P1013,PG1424,KW10584,884.24,Completed,2026-06-29 12:57:00
ORD104439,2025-11-01,BR,P1015,PG1374,KW10439,2011.57,Completed,2025-11-01 22:32:00
ORD104440,2026-08-03,FR,P1022,PG1291,KW10175,1270.2,Cancelled,2026-08-03 14:26:00
ORD104441,2026-07-17,CA,P1004,PG1150,KW10592,913.42,Pending,2026-07-17 01:08:00
ORD104442,2026-03-02,CA,P1011,PG1148,KW11336,744.98,Cancelled,2026-03-02 11:40:00
ORD104443,2026-05-14,BR,P1029,PG1445,KW10615,902.76,Cancelled,2026-05-14 12:18:00
ORD104444,2026-02-13,CA,P1007,PG1380,KW11222,1408.9,Completed,2026-02-13 23:28:00
ORD104445,2025-10-20,BR,P1040,PG1454,KW10961,1276.42,Completed,2025-10-20 18:05:00
ORD104446,2026-06-18,US,P1026,PG1378,KW11469,1479.36,Completed,2026-06-18 18:57:00
ORD104447,2025-10-08,JP,P1044,PG1094,KW10992,696.34,Completed,2025-10-08 12:24:00
ORD104448,2026-02-25,MX,P1008,PG1092,KW10547,2925.57,Pending,2026-02-25 00:34:00
ORD104449,2026-04-05,IN,P1006,PG1033,KW11501,507.79,Completed,2026-04-05 21:44:00
ORD104450,2026-02-14,US,P1010,PG1319,KW10622,541.18,Returned,2026-02-14 10:26:00
ORD104451,2026-05-07,IN,P1002,PG1034,KW10863,1108.75,Returned,2026-05-07 19:46:00
ORD104452,2026-04-07,US,P1043,PG1492,KW11703,816.67,Pending,2026-04-07 08:48:00
ORD104453,2025-10-30,FR,P1025,PG1114,KW10130,764.75,Pending,2025-10-30 00:30:00
ORD104454,2026-04-19,US,P1021,PG1185,KW11762,965.64,Pending,2026-04-19 14:56:00
ORD104455,2026-05-21,AU,P1013,PG1466,KW10375,273.56,Completed,2026-05-21 05:56:00
ORD104456,2026-05-16,FR,P1017,PG1085,KW11951,711.73,Completed,2026-05-16 02:51:00
ORD104457,2025-11-26,FR,P1011,PG1395,KW10683,1436.89,Completed,2025-11-26 02:36:00
ORD104458,2025-11-08,AU,P1027,PG1269,KW11085,1920.96,Pending,2025-11-08 01:51:00
ORD104459,2026-05-06,AU,P1035,PG1155,KW11822,657.07,Completed,2026-05-06 13:25:00
ORD104460,2026-02-11,CA,P1002,PG1128,KW10218,1457.06,Cancelled,2026-02-11 17:01:00
ORD104461,2026-01-20,MX,P1048,PG1234,KW10804,1219.67,Completed,2026-01-20 17:14:00
ORD104462,2026-03-22,DE,P1020,PG1053,KW11710,677.93,Returned,2026-03-22 17:24:00
ORD104463,2026-03-07,AU,P1005,PG1446,KW11948,718.85,Completed,2026-03-07 12:03:00
ORD104464,2025-12-17,US,P1041,PG1215,KW11142,748.14,Pending,2025-12-17 09:42:00
ORD104465,2025-10-12,DE,P1002,PG1129,KW10032,1628.1,Pending,2025-10-12 21:49:00
ORD104466,2026-07-15,MX,P1033,PG1245,KW11737,249.61,Pending,2026-07-15 08:10:00
ORD104467,2025-11-19,DE,P1022,PG1043,KW10947,408.13,Completed,2025-11-19 06:26:00
ORD104468,2025-10-16,JP,P1007,PG1338,KW10437,607.57,Pending,2025-10-16 02:55:00
ORD104469,2025-10-11,JP,P1032,PG1143,KW11743,931.81,Cancelled,2025-10-11 12:27:00
ORD104470,2026-08-10,DE,P1050,PG1082,KW10822,1082.58,Completed,2026-08-10 10:28:00
ORD104471,2026-03-03,UK,P1037,PG1480,KW10559,1809.55,Completed,2026-03-03 16:50:00
ORD104472,2026-06-23,CA,P1024,PG1350,KW10284,643.37,Completed,2026-06-23 02:40:00
ORD104473,2026-07-18,BR,P1017,PG1373,KW11487,3160.91,Completed,2026-07-18 21:54:00
ORD104474,2026-07-16,AU,P1011,PG1417,KW10480,844.63,Returned,2026-07-16 02:09:00
ORD104475,2026-06-17,BR,P1017,PG1321,KW10067,1412.48,Cancelled,2026-06-17 01:07:00
ORD104476,2026-08-23,UK,P1039,PG1195,KW11361,1196.33,Cancelled,2026-08-23 10:07:00
ORD104477,2025-10-07,DE,P1030,PG1363,KW11922,520.36,Cancelled,2025-10-07 01:25:00
ORD104478,2026-09-19,JP,P1022,PG1346,KW11722,824.5,Returned,2026-09-19 08:57:00
ORD104479,2026-09-21,MX,P1011,PG1011,KW10225,685.53,Returned,2026-09-21 10:34:00
ORD104480,2026-03-30,MX,P1025,PG1351,KW10520,836.76,Pending,2026-03-30 05:01:00
ORD104481,2025-12-07,UK,P1023,PG1007,KW11713,350.2,Completed,2025-12-07 20:56:00
ORD104482,2026-02-16,DE,P1038,PG1473,KW10661,1998.02,Pending,2026-02-16 19:08:00
ORD104483,2026-07-18,UK,P1022,PG1389,KW11514,884.85,Returned,2026-07-18 21:04:00
ORD104484,2026-02-16,JP,P1036,PG1023,KW10708,1594.51,Completed,2026-02-16 17:55:00
ORD104485,2026-06-19,JP,P1041,PG1056,KW11327,680.54,Completed,2026-06-19 08:50:00
ORD104486,2026-06-09,MX,P1043,PG1462,KW10170,453.96,Pending,2026-06-09 19:15:00
ORD104487,2026-03-22,FR,P1038,PG1346,KW11630,773.87,Completed,2026-03-22 16:39:00
ORD104488,2026-07-12,US,P1002,PG1495,KW11109,1059.97,Completed,2026-07-12 03:07:00
ORD104489,2026-03-28,US,P1030,PG1334,KW11759,982.58,Completed,2026-03-28 18:31:00
ORD104490,2025-11-09,FR,P1023,PG1076,KW10649,1844.42,Completed,2025-11-09 22:32:00
ORD104491,2026-01-18,JP,P1025,PG1348,KW11261,334.17,Cancelled,2026-01-18 08:32:00
ORD104492,2026-01-04,JP,P1036,PG1003,KW11706,279.11,Completed,2026-01-04 04:48:00
ORD104493,2025-11-04,AU,P1040,PG1027,KW11192,1014.94,Pending,2025-11-04 22:20:00
ORD104494,2026-05-25,MX,P1022,PG1220,KW11781,412.4,Returned,2026-05-25 05:12:00
ORD104495,2025-10-06,IN,P1034,PG1080,KW10810,1331.89,Completed,2025-10-06 04:16:00
ORD104496,2026-05-20,IN,P1001,PG1303,KW10698,152.2,Returned,2026-05-20 15:11:00
ORD104497,2026-05-03,US,P1026,PG1380,KW10811,663.84,Pending,2026-05-03 15:07:00
ORD104498,2026-04-17,IN,P1001,PG1249,KW11135,837.03,Cancelled,2026-04-17 22:34:00
ORD104499,2026-09-26,AU,P1018,PG1301,KW10441,1596.29,Completed,2026-09-26 06:45:00
ORD104500,2026-09-06,IN,P1050,PG1318,KW11529,515.16,Completed,2026-09-06 00:47:00
ORD104501,2026-07-03,UK,P1016,PG1182,KW11653,490.67,Completed,2026-07-03 03:17:00
ORD104502,2025-10-20,CA,P1007,PG1448,KW11929,1403.46,Returned,2025-10-20 10:01:00
ORD104503,2026-02-24,AU,P1044,PG1056,KW11319,373.62,Cancelled,2026-02-24 19:59:00
ORD104504,2026-07-27,CA,P1022,PG1450,KW10772,690.14,Returned,2026-07-27 08:10:00
ORD104505,2026-06-23,IN,P1002,PG1398,KW10837,1022.44,Completed,2026-06-23 18:06:00
ORD104506,2025-11-06,UK,P1012,PG1167,KW10281,1737.6,Completed,2025-11-06 20:27:00
ORD104507,2026-07-24,CA,P1017,PG1345,KW10276,1442.8,Cancelled,2026-07-24 12:35:00
ORD104508,2026-04-05,US,P1018,PG1461,KW11497,801.62,Completed,2026-04-05 17:57:00
ORD104509,2026-03-09,MX,P1010,PG1226,KW10836,376.58,Completed,2026-03-09 03:29:00
ORD104510,2026-05-12,MX,P1038,PG1398,KW10338,2517.41,Completed,2026-05-12 05:30:00
ORD104511,2026-01-25,DE,P1045,PG1138,KW11756,570.3,Completed,2026-01-25 12:17:00
ORD104512,2026-08-23,AU,P1021,PG1458,KW10464,632.22,Returned,2026-08-23 13:29:00
ORD104513,2026-08-09,AU,P1022,PG1472,KW10191,1025.46,Pending,2026-08-09 04:07:00
ORD104514,2025-11-26,AU,P1008,PG1346,KW10846,2212.75,Pending,2025-11-26 05:20:00
ORD104515,2026-03-17,UK,P1013,PG1030,KW10801,494.65,Completed,2026-03-17 02:26:00
ORD104516,2025-10-13,FR,P1013,PG1046,KW10422,299.65,Pending,2025-10-13 07:15:00
ORD104517,2026-04-21,BR,P1020,PG1426,KW10473,942.48,Returned,2026-04-21 01:03:00
ORD104518,2026-05-30,MX,P1024,PG1190,KW10354,805.18,Pending,2026-05-30 13:21:00
ORD104519,2026-04-11,FR,P1005,PG1094,KW11269,723.58,Returned,2026-04-11 05:43:00
ORD104520,2026-03-21,FR,P1009,PG1085,KW10494,2129.84,Completed,2026-03-21 00:28:00
ORD104521,2025-10-11,FR,P1045,PG1320,KW11247,696.68,Pending,2025-10-11 08:50:00
ORD104522,2025-10-07,US,P1029,PG1275,KW10605,763.78,Completed,2025-10-07 23:20:00
ORD104523,2026-02-23,AU,P1005,PG1440,KW10789,1820.85,Returned,2026-02-23 08:22:00
ORD104524,2026-07-17,BR,P1033,PG1192,KW10321,1533.74,Completed,2026-07-17 19:04:00
ORD104525,2026-07-10,MX,P1028,PG1126,KW10226,124.48,Completed,2026-07-10 22:54:00
ORD104526,2026-02-27,CA,P1031,PG1422,KW10639,1173.38,Returned,2026-02-27 10:26:00
ORD104527,2026-05-14,BR,P1003,PG1130,KW11703,925.54,Completed,2026-05-14 14:22:00
ORD104528,2026-03-02,JP,P1005,PG1430,KW10399,488.6,Completed,2026-03-02 04:39:00
ORD104529,2026-08-11,DE,P1047,PG1150,KW11229,376.43,Cancelled,2026-08-11 01:43:00
ORD104530,2026-01-31,UK,P1048,PG1251,KW11752,644.04,Pending,2026-01-31 16:25:00
ORD104531,2026-03-05,FR,P1035,PG1352,KW10110,1000.6,Returned,2026-03-05 12:18:00
ORD104532,2026-02-03,UK,P1033,PG1205,KW11050,1531.87,Completed,2026-02-03 23:51:00
ORD104533,2026-09-23,UK,P1038,PG1255,KW11360,1046.7,Completed,2026-09-23 21:54:00
ORD104534,2026-07-25,JP,P1048,PG1225,KW10014,931.45,Returned,2026-07-25 08:54:00
ORD104535,2026-08-12,IN,P1025,PG1202,KW11715,452.04,Pending,2026-08-12 15:20:00
ORD104536,2026-03-03,FR,P1028,PG1164,KW11895,1022.78,Completed,2026-03-03 12:32:00
ORD104537,2026-04-19,FR,P1039,PG1391,KW10526,808.3,Returned,2026-04-19 08:10:00
ORD104538,2026-09-16,DE,P1029,PG1146,KW11163,412.41,Completed,2026-09-16 07:21:00
ORD104539,2025-12-29,BR,P1024,PG1159,KW11098,554.78,Returned,2025-12-29 04:18:00
ORD104540,2026-04-15,IN,P1019,PG1129,KW11252,927.88,Completed,2026-04-15 16:48:00
ORD104541,2026-08-09,MX,P1043,PG1460,KW11023,577.9,Completed,2026-08-09 23:36:00
ORD104542,2025-10-03,MX,P1025,PG1118,KW11769,659.23,Pending,2025-10-03 01:21:00
ORD104543,2025-12-22,IN,P1049,PG1188,KW11567,1588.83,Returned,2025-12-22 15:20:00
ORD104544,2026-09-23,UK,P1017,PG1426,KW11090,767.69,Completed,2026-09-23 11:39:00
ORD104545,2025-10-13,MX,P1036,PG1017,KW11798,262.93,Returned,2025-10-13 00:21:00
ORD104546,2026-03-19,US,P1015,PG1309,KW11796,729.16,Cancelled,2026-03-19 20:31:00
ORD104547,2026-01-31,IN,P1033,PG1262,KW11075,697.33,Completed,2026-01-31 08:54:00
ORD104548,2026-08-30,DE,P1018,PG1487,KW11866,798.1,Completed,2026-08-30 07:05:00
ORD104549,2026-04-20,AU,P1049,PG1259,KW10517,1131.98,Cancelled,2026-04-20 07:33:00
ORD104550,2026-06-15,BR,P1048,PG1059,KW11299,723.37,Completed,2026-06-15 02:17:00
ORD104551,2026-05-22,CA,P1030,PG1159,KW10373,1169.23,Completed,2026-05-22 07:05:00
ORD104552,2026-03-09,FR,P1018,PG1257,KW10441,1039.26,Pending,2026-03-09 01:18:00
ORD104553,2026-06-02,MX,P1015,PG1238,KW11799,655.45,Completed,2026-06-02 04:11:00
ORD104554,2026-02-02,UK,P1024,PG1153,KW10054,583.64,Completed,2026-02-02 18:44:00
ORD104555,2026-06-06,CA,P1038,PG1152,KW11061,1468.37,Completed,2026-06-06 11:17:00
ORD104556,2026-05-06,UK,P1025,PG1048,KW11830,1837.22,Pending,2026-05-06 07:10:00
ORD104557,2026-07-13,AU,P1002,PG1408,KW11607,851.68,Completed,2026-07-13 04:22:00
ORD104558,2026-08-19,BR,P1016,PG1100,KW11374,1485.45,Completed,2026-08-19 16:43:00
ORD104559,2026-07-09,UK,P1031,PG1199,KW10717,814.41,Cancelled,2026-07-09 12:19:00
ORD104560,2026-07-08,DE,P1014,PG1485,KW11109,1363.86,Completed,2026-07-08 22:17:00
ORD104561,2026-08-12,UK,P1047,PG1389,KW11134,1340.24,Completed,2026-08-12 10:26:00
ORD104562,2026-08-28,DE,P1019,PG1280,KW10106,765.97,Completed,2026-08-28 06:38:00
ORD104563,2026-03-08,AU,P1003,PG1322,KW10116,1567.81,Cancelled,2026-03-08 16:16:00
ORD104564,2026-02-05,JP,P1044,PG1181,KW10483,555.8,Completed,2026-02-05 23:07:00
ORD104565,2026-04-06,IN,P1016,PG1241,KW11251,1725.98,Pending,2026-04-06 19:13:00
ORD104566,2026-01-27,CA,P1030,PG1372,KW10257,779.28,Returned,2026-01-27 16:54:00
ORD104567,2026-09-11,DE,P1008,PG1174,KW11712,1000.32,Returned,2026-09-11 15:45:00
ORD104568,2026-08-14,DE,P1017,PG1120,KW10700,3308.09,Cancelled,2026-08-14 08:15:00
ORD104569,2026-08-19,IN,P1007,PG1324,KW11880,1041.52,Completed,2026-08-19 19:24:00
ORD104570,2026-01-10,JP,P1003,PG1183,KW11782,584.87,Returned,2026-01-10 02:57:00
ORD104571,2026-05-30,JP,P1013,PG1184,KW10210,1082.98,Completed,2026-05-30 02:12:00
ORD104572,2026-01-06,UK,P1046,PG1373,KW11416,2916.91,Pending,2026-01-06 04:54:00
ORD104573,2026-03-01,MX,P1043,PG1201,KW11737,163.13,Returned,2026-03-01 10:50:00
ORD104574,2026-01-01,DE,P1028,PG1491,KW10313,738.7,Pending,2026-01-01 06:12:00
ORD104575,2025-12-04,JP,P1013,PG1020,KW10528,591.02,Pending,2025-12-04 16:32:00
ORD104576,2026-02-25,UK,P1044,PG1435,KW10200,2873.9,Completed,2026-02-25 12:44:00
ORD104577,2026-08-06,BR,P1033,PG1375,KW10381,640.77,Pending,2026-08-06 02:07:00
ORD104578,2026-06-11,BR,P1049,PG1392,KW11589,1878.01,Completed,2026-06-11 03:58:00
ORD104579,2025-11-28,JP,P1026,PG1033,KW11482,1409.4,Completed,2025-11-28 22:41:00
ORD104580,2026-07-07,FR,P1013,PG1218,KW11029,301.1,Returned,2026-07-07 21:00:00
ORD104581,2025-12-19,AU,P1021,PG1419,KW10671,501.63,Cancelled,2025-12-19 17:59:00
ORD104582,2025-11-05,FR,P1049,PG1325,KW11911,280.22,Completed,2025-11-05 21:16:00
ORD104583,2026-05-12,IN,P1010,PG1033,KW11993,839.51,Cancelled,2026-05-12 20:19:00
ORD104584,2026-01-12,CA,P1039,PG1169,KW11635,1150.88,Cancelled,2026-01-12 08:59:00
ORD104585,2026-08-08,BR,P1013,PG1409,KW10074,765.17,Completed,2026-08-08 07:38:00
ORD104586,2025-10-31,IN,P1011,PG1100,KW10037,445.02,Completed,2025-10-31 09:20:00
ORD104587,2026-06-04,BR,P1014,PG1413,KW11811,822.38,Completed,2026-06-04 09:57:00
ORD104588,2026-08-18,BR,P1030,PG1435,KW11738,1810.89,Completed,2026-08-18 11:35:00
ORD104589,2026-05-24,US,P1009,PG1260,KW11608,1369.37,Completed,2026-05-24 10:43:00
ORD104590,2026-02-12,AU,P1032,PG1402,KW10745,690.89,Completed,2026-02-12 02:39:00
ORD104591,2026-03-04,CA,P1017,PG1055,KW11329,1109.31,Cancelled,2026-03-04 23:39:00
ORD104592,2026-09-17,IN,P1018,PG1484,KW11703,1461.36,Pending,2026-09-17 19:59:00
ORD104593,2025-10-06,US,P1045,PG1461,KW11983,784.94,Returned,2025-10-06 02:07:00
ORD104594,2026-01-25,UK,P1028,PG1060,KW10132,376.41,Completed,2026-01-25 01:09:00
ORD104595,2026-01-16,JP,P1002,PG1367,KW11365,2518.55,Completed,2026-01-16 13:20:00
ORD104596,2026-02-25,MX,P1012,PG1407,KW11661,1196.56,Returned,2026-02-25 16:06:00
ORD104597,2026-05-25,US,P1049,PG1093,KW10590,801.2,Completed,2026-05-25 23:21:00
ORD104598,2026-06-22,JP,P1018,PG1174,KW10774,486.32,Completed,2026-06-22 11:29:00
ORD104599,2026-02-13,MX,P1042,PG1497,KW11920,878.64,Returned,2026-02-13 01:42:00
ORD104600,2026-09-25,CA,P1044,PG1019,KW11230,832.63,Cancelled,2026-09-25 17:59:00
ORD104601,2025-12-31,IN,P1001,PG1422,KW11778,968.75,Pending,2025-12-31 01:27:00
ORD104602,2026-05-14,JP,P1004,PG1204,KW10597,803.33,Returned,2026-05-14 19:16:00
ORD104603,2026-04-16,MX,P1029,PG1465,KW11578,960.29,Pending,2026-04-16 03:04:00
ORD104604,2026-09-11,BR,P1009,PG1499,KW10702,382.06,Cancelled,2026-09-11 00:37:00
ORD104605,2026-08-27,US,P1010,PG1079,KW10530,1375.87,Returned,2026-08-27 09:36:00
ORD104606,2026-08-02,DE,P1002,PG1454,KW11201,785.09,Pending,2026-08-02 10:05:00
ORD104607,2026-06-06,IN,P1019,PG1339,KW11455,740.05,Pending,2026-06-06 23:52:00
ORD104608,2025-10-07,IN,P1003,PG1259,KW11802,929.73,Returned,2025-10-07 18:19:00
ORD104609,2026-01-07,JP,P1009,PG1266,KW11311,513.82,Completed,2026-01-07 21:47:00
ORD104610,2026-03-27,MX,P1044,PG1212,KW10910,601.56,Completed,2026-03-27 23:03:00
ORD104611,2026-08-29,IN,P1035,PG1068,KW11921,704.18,Completed,2026-08-29 06:52:00
ORD104612,2026-02-23,CA,P1044,PG1080,KW10236,726.45,Cancelled,2026-02-23 17:53:00
ORD104613,2025-10-02,FR,P1034,PG1401,KW10609,2237.67,Completed,2025-10-02 00:00:00
ORD104614,2026-07-21,IN,P1039,PG1091,KW10073,989.3,Cancelled,2026-07-21 18:30:00
ORD104615,2026-03-25,US,P1032,PG1460,KW10688,2062.11,Cancelled,2026-03-25 18:54:00
ORD104616,2026-06-26,AU,P1001,PG1307,KW11721,888.78,Completed,2026-06-26 05:05:00
ORD104617,2026-07-14,UK,P1024,PG1356,KW10327,1213.03,Completed,2026-07-14 14:03:00
ORD104618,2026-08-05,BR,P1003,PG1384,KW10280,744.63,Completed,2026-08-05 10:01:00
ORD104619,2026-01-02,IN,P1045,PG1369,KW10211,1970.22,Completed,2026-01-02 02:52:00
ORD104620,2026-09-07,FR,P1027,PG1287,KW11255,1154.38,Completed,2026-09-07 05:14:00
ORD104621,2026-02-23,IN,P1034,PG1465,KW11756,1676.88,Pending,2026-02-23 09:52:00
ORD104622,2026-03-05,BR,P1024,PG1459,KW10368,426.26,Cancelled,2026-03-05 11:37:00
ORD104623,2026-03-29,IN,P1024,PG1363,KW10531,935.94,Completed,2026-03-29 10:39:00
ORD104624,2026-09-12,IN,P1039,PG1427,KW11606,607.45,Completed,2026-09-12 04:30:00
ORD104625,2025-11-19,UK,P1003,PG1389,KW10372,807.17,Completed,2025-11-19 04:39:00
ORD104626,2026-09-15,MX,P1043,PG1249,KW11155,1249.83,Completed,2026-09-15 03:14:00
ORD104627,2026-06-08,FR,P1005,PG1473,KW10351,802.72,Cancelled,2026-06-08 21:01:00
ORD104628,2025-11-02,US,P1006,PG1254,KW10778,901.71,Cancelled,2025-11-02 05:24:00
ORD104629,2026-07-18,JP,P1043,PG1338,KW10920,585.45,Cancelled,2026-07-18 16:34:00
ORD104630,2026-06-07,AU,P1034,PG1067,KW11983,1685.29,Completed,2026-06-07 03:55:00
ORD104631,2026-05-28,MX,P1016,PG1039,KW10674,758.93,Completed,2026-05-28 02:08:00
ORD104632,2026-07-20,JP,P1016,PG1205,KW11629,835.44,Returned,2026-07-20 10:40:00
ORD104633,2026-09-16,US,P1019,PG1041,KW11232,258.36,Completed,2026-09-16 23:40:00
ORD104634,2026-09-16,AU,P1036,PG1084,KW10501,670.23,Completed,2026-09-16 13:06:00
ORD104635,2025-10-11,CA,P1009,PG1485,KW11969,600.19,Completed,2025-10-11 04:31:00
ORD104636,2026-05-03,BR,P1048,PG1127,KW11830,358.57,Cancelled,2026-05-03 11:15:00
ORD104637,2026-09-06,UK,P1027,PG1487,KW10570,1844.46,Completed,2026-09-06 00:06:00
ORD104638,2025-12-08,BR,P1003,PG1386,KW11079,1400.08,Pending,2025-12-08 15:37:00
ORD104639,2026-01-14,IN,P1020,PG1242,KW11626,358.24,Completed,2026-01-14 13:24:00
ORD104640,2026-03-21,BR,P1049,PG1443,KW10790,850.0,Cancelled,2026-03-21 13:17:00
ORD104641,2026-08-16,JP,P1009,PG1136,KW11749,1606.47,Completed,2026-08-16 05:27:00
ORD104642,2026-06-16,FR,P1025,PG1011,KW11342,607.76,Completed,2026-06-16 08:48:00
ORD104643,2026-09-08,JP,P1032,PG1102,KW11918,1637.46,Completed,2026-09-08 20:43:00
ORD104644,2026-05-22,MX,P1041,PG1397,KW11814,913.87,Pending,2026-05-22 03:06:00
ORD104645,2026-04-01,US,P1003,PG1267,KW11489,523.06,Completed,2026-04-01 02:32:00
ORD104646,2025-12-22,MX,P1002,PG1321,KW10141,255.26,Completed,2025-12-22 06:33:00
ORD104647,2026-02-15,IN,P1022,PG1160,KW10838,1185.53,Completed,2026-02-15 01:40:00
ORD104648,2026-02-06,BR,P1018,PG1297,KW11304,797.72,Returned,2026-02-06 13:30:00
ORD104649,2026-08-10,UK,P1015,PG1242,KW11929,2113.56,Pending,2026-08-10 16:20:00
ORD104650,2026-03-17,UK,P1021,PG1064,KW11173,1472.12,Cancelled,2026-03-17 14:56:00
ORD104651,2026-09-23,UK,P1026,PG1097,KW11302,1885.79,Completed,2026-09-23 08:33:00
ORD104652,2026-09-04,DE,P1042,PG1160,KW11236,1255.66,Completed,2026-09-04 21:24:00
ORD104653,2025-11-17,BR,P1047,PG1303,KW11456,561.82,Returned,2025-11-17 23:26:00
ORD104654,2025-12-11,IN,P1024,PG1144,KW10845,1000.98,Returned,2025-12-11 16:21:00
ORD104655,2026-02-13,MX,P1045,PG1188,KW10952,839.27,Completed,2026-02-13 13:36:00
ORD104656,2026-03-29,BR,P1028,PG1376,KW10720,2456.49,Returned,2026-03-29 06:40:00
ORD104657,2026-07-19,US,P1028,PG1462,KW10719,635.05,Cancelled,2026-07-19 01:25:00
ORD104658,2026-04-16,UK,P1031,PG1269,KW10494,638.22,Returned,2026-04-16 04:58:00
ORD104659,2025-10-15,IN,P1023,PG1267,KW10951,2826.79,Completed,2025-10-15 12:24:00
ORD104660,2026-07-01,JP,P1033,PG1186,KW11402,487.74,Completed,2026-07-01 23:26:00
ORD104661,2025-12-02,US,P1025,PG1348,KW11865,792.02,Completed,2025-12-02 23:31:00
ORD104662,2026-05-06,CA,P1044,PG1339,KW10334,911.17,Completed,2026-05-06 13:53:00
ORD104663,2025-11-27,BR,P1042,PG1451,KW11653,1726.61,Completed,2025-11-27 19:54:00
ORD104664,2026-02-21,IN,P1022,PG1042,KW11938,2596.86,Returned,2026-02-21 16:29:00
ORD104665,2026-06-24,UK,P1024,PG1240,KW11685,379.31,Completed,2026-06-24 03:41:00
ORD104666,2026-08-15,FR,P1015,PG1459,KW10821,1168.17,Pending,2026-08-15 02:39:00
ORD104667,2026-03-30,CA,P1001,PG1056,KW11368,837.74,Completed,2026-03-30 07:29:00
ORD104668,2026-04-26,AU,P1014,PG1453,KW11502,256.13,Returned,2026-04-26 01:36:00
ORD104669,2026-06-13,FR,P1010,PG1294,KW10697,763.5,Pending,2026-06-13 12:58:00
ORD104670,2026-03-27,JP,P1040,PG1470,KW11187,1214.25,Completed,2026-03-27 09:58:00
ORD104671,2026-07-28,MX,P1017,PG1128,KW11129,1446.26,Completed,2026-07-28 08:13:00
ORD104672,2026-07-05,UK,P1034,PG1359,KW11881,360.16,Completed,2026-07-05 07:46:00
ORD104673,2025-12-21,DE,P1021,PG1094,KW10079,538.47,Completed,2025-12-21 13:15:00
ORD104674,2026-07-26,BR,P1002,PG1157,KW10767,892.79,Pending,2026-07-26 09:13:00
ORD104675,2025-11-30,CA,P1024,PG1298,KW10982,833.49,Completed,2025-11-30 20:15:00
ORD104676,2026-08-13,BR,P1032,PG1439,KW10465,497.11,Cancelled,2026-08-13 14:24:00
ORD104677,2026-08-09,MX,P1012,PG1048,KW10479,566.63,Returned,2026-08-09 23:20:00
ORD104678,2025-11-15,DE,P1045,PG1322,KW10178,1082.0,Returned,2025-11-15 21:58:00
ORD104679,2026-06-25,FR,P1011,PG1299,KW10586,801.73,Completed,2026-06-25 22:43:00
ORD104680,2026-01-20,US,P1037,PG1249,KW10732,2545.13,Completed,2026-01-20 07:51:00
ORD104681,2025-10-21,US,P1046,PG1283,KW10405,1061.42,Returned,2025-10-21 18:57:00
ORD104682,2025-12-25,IN,P1010,PG1194,KW11804,1048.58,Completed,2025-12-25 03:21:00
ORD104683,2025-12-08,US,P1002,PG1246,KW11965,474.96,Pending,2025-12-08 02:48:00
ORD104684,2026-08-03,FR,P1037,PG1017,KW10103,2846.74,Pending,2026-08-03 17:35:00
ORD104685,2025-12-28,JP,P1010,PG1474,KW10208,1629.95,Completed,2025-12-28 14:45:00
ORD104686,2026-02-06,BR,P1042,PG1066,KW10374,1292.98,Returned,2026-02-06 14:17:00
ORD104687,2026-01-15,IN,P1044,PG1119,KW10481,1976.53,Pending,2026-01-15 05:55:00
ORD104688,2025-12-04,FR,P1042,PG1381,KW10788,1309.4,Pending,2025-12-04 20:10:00
ORD104689,2026-02-28,US,P1025,PG1332,KW10577,548.29,Completed,2026-02-28 05:44:00
ORD104690,2026-04-26,US,P1023,PG1334,KW10015,521.84,Returned,2026-04-26 19:41:00
ORD104691,2026-09-16,FR,P1036,PG1278,KW10437,661.85,Completed,2026-09-16 23:33:00
ORD104692,2026-01-14,BR,P1020,PG1180,KW10712,407.35,Completed,2026-01-14 01:55:00
ORD104693,2026-03-11,MX,P1003,PG1282,KW10944,253.56,Completed,2026-03-11 07:29:00
ORD104694,2026-01-10,JP,P1041,PG1425,KW11567,326.25,Completed,2026-01-10 08:10:00
ORD104695,2026-05-04,BR,P1016,PG1267,KW10489,1544.65,Cancelled,2026-05-04 23:53:00
ORD104696,2025-12-21,IN,P1031,PG1177,KW11607,1154.55,Cancelled,2025-12-21 20:52:00
ORD104697,2025-12-10,DE,P1033,PG1159,KW11695,322.43,Completed,2025-12-10 23:09:00
ORD104698,2026-04-02,FR,P1022,PG1464,KW11192,614.79,Cancelled,2026-04-02 01:17:00
ORD104699,2026-01-29,UK,P1020,PG1129,KW10568,908.14,Cancelled,2026-01-29 09:39:00
ORD104700,2026-08-27,MX,P1008,PG1106,KW11908,1268.1,Completed,2026-08-27 18:58:00
ORD104701,2026-09-02,BR,P1049,PG1461,KW10629,427.34,Returned,2026-09-02 02:14:00
ORD104702,2026-09-20,MX,P1024,PG1115,KW11271,2244.94,Returned,2026-09-20 13:09:00
ORD104703,2025-12-01,FR,P1027,PG1275,KW10509,432.01,Returned,2025-12-01 01:57:00
ORD104704,2026-05-10,US,P1017,PG1272,KW11300,716.96,Completed,2026-05-10 17:17:00
ORD104705,2025-10-08,UK,P1026,PG1227,KW11923,960.47,Cancelled,2025-10-08 18:23:00
ORD104706,2026-08-11,AU,P1032,PG1021,KW10701,560.32,Cancelled,2026-08-11 19:47:00
ORD104707,2026-01-30,UK,P1042,PG1014,KW11623,799.69,Cancelled,2026-01-30 18:02:00
ORD104708,2026-01-07,MX,P1043,PG1497,KW10373,582.68,Cancelled,2026-01-07 20:17:00
ORD104709,2026-09-06,MX,P1013,PG1424,KW10762,765.73,Pending,2026-09-06 23:44:00
ORD104710,2026-02-22,CA,P1047,PG1400,KW11380,813.31,Completed,2026-02-22 14:01:00
ORD104711,2026-06-22,JP,P1008,PG1088,KW10295,516.72,Completed,2026-06-22 09:16:00
ORD104712,2026-08-30,CA,P1025,PG1313,KW11604,1084.74,Returned,2026-08-30 04:58:00
ORD104713,2026-03-17,DE,P1028,PG1251,KW11985,632.33,Completed,2026-03-17 16:33:00
ORD104714,2026-02-22,CA,P1006,PG1308,KW10364,940.52,Returned,2026-02-22 09:44:00
ORD104715,2026-04-07,US,P1013,PG1213,KW11146,372.29,Cancelled,2026-04-07 23:03:00
ORD104716,2026-04-12,FR,P1020,PG1303,KW10126,522.95,Returned,2026-04-12 20:50:00
ORD104717,2026-01-17,MX,P1047,PG1371,KW10590,584.78,Pending,2026-01-17 17:09:00
ORD104718,2026-01-10,CA,P1029,PG1161,KW10308,805.52,Completed,2026-01-10 19:09:00
ORD104719,2025-12-06,BR,P1036,PG1397,KW11780,1236.96,Completed,2025-12-06 07:07:00
ORD104720,2026-04-19,UK,P1045,PG1249,KW10441,880.32,Pending,2026-04-19 21:01:00
ORD104721,2026-02-27,BR,P1039,PG1038,KW11696,517.88,Pending,2026-02-27 10:11:00
ORD104722,2026-03-26,CA,P1014,PG1068,KW10228,2155.23,Returned,2026-03-26 21:57:00
ORD104723,2026-06-29,DE,P1017,PG1396,KW11301,329.99,Completed,2026-06-29 19:30:00
ORD104724,2026-01-31,AU,P1034,PG1031,KW10859,416.42,Cancelled,2026-01-31 22:36:00
ORD104725,2025-11-23,BR,P1027,PG1345,KW10219,837.33,Returned,2025-11-23 03:09:00
ORD104726,2026-09-28,CA,P1002,PG1316,KW10280,639.16,Completed,2026-09-28 15:33:00
ORD104727,2026-05-27,DE,P1046,PG1238,KW11167,658.01,Completed,2026-05-27 09:08:00
ORD104728,2026-04-04,BR,P1022,PG1488,KW10679,338.86,Cancelled,2026-04-04 10:31:00
ORD104729,2026-03-20,UK,P1039,PG1054,KW10071,361.86,Completed,2026-03-20 19:23:00
ORD104730,2026-04-28,FR,P1030,PG1187,KW11104,327.78,Completed,2026-04-28 12:05:00
ORD104731,2025-11-05,CA,P1041,PG1442,KW10133,1110.73,Completed,2025-11-05 13:48:00
ORD104732,2026-03-19,AU,P1012,PG1371,KW11225,1550.93,Completed,2026-03-19 00:28:00
ORD104733,2025-10-20,JP,P1017,PG1460,KW10305,1452.86,Pending,2025-10-20 06:29:00
ORD104734,2026-05-28,JP,P1004,PG1165,KW10077,905.92,Completed,2026-05-28 22:21:00
ORD104735,2025-10-04,CA,P1048,PG1090,KW11239,1259.59,Completed,2025-10-04 13:31:00
ORD104736,2025-10-28,JP,P1038,PG1120,KW10776,392.61,Completed,2025-10-28 14:47:00
ORD104737,2026-05-16,FR,P1043,PG1470,KW11112,663.24,Completed,2026-05-16 19:58:00
ORD104738,2026-06-18,BR,P1033,PG1299,KW11345,1424.85,Pending,2026-06-18 04:44:00
ORD104739,2026-08-19,CA,P1044,PG1473,KW10941,2766.64,Completed,2026-08-19 13:23:00
ORD104740,2026-07-20,FR,P1028,PG1011,KW10255,1283.08,Completed,2026-07-20 08:06:00
ORD104741,2026-01-30,MX,P1013,PG1127,KW11528,583.8,Returned,2026-01-30 01:50:00
ORD104742,2025-12-26,FR,P1011,PG1143,KW11981,313.13,Pending,2025-12-26 09:22:00
ORD104743,2026-01-29,BR,P1031,PG1289,KW11015,759.17,Cancelled,2026-01-29 15:57:00
ORD104744,2025-11-22,UK,P1048,PG1479,KW11502,2088.47,Completed,2025-11-22 18:36:00
ORD104745,2026-03-31,FR,P1047,PG1163,KW11626,789.44,Cancelled,2026-03-31 03:09:00
ORD104746,2026-08-23,UK,P1041,PG1017,KW11707,424.18,Returned,2026-08-23 01:57:00
ORD104747,2026-08-13,AU,P1027,PG1499,KW11381,930.45,Completed,2026-08-13 21:28:00
ORD104748,2025-11-28,DE,P1049,PG1079,KW10366,886.64,Completed,2025-11-28 07:50:00
ORD104749,2026-05-25,BR,P1022,PG1082,KW11114,992.56,Completed,2026-05-25 20:13:00
ORD104750,2026-06-15,JP,P1038,PG1004,KW10186,1388.86,Completed,2026-06-15 05:20:00
ORD104751,2026-07-13,AU,P1043,PG1180,KW11240,1270.44,Pending,2026-07-13 17:45:00
ORD104752,2026-02-10,UK,P1010,PG1121,KW10066,1036.22,Completed,2026-02-10 08:41:00
ORD104753,2026-05-01,FR,P1029,PG1148,KW10158,823.89,Completed,2026-05-01 11:03:00
ORD104754,2026-09-26,BR,P1040,PG1229,KW10739,722.35,Cancelled,2026-09-26 08:35:00
ORD104755,2025-12-12,AU,P1046,PG1118,KW11655,2096.92,Completed,2025-12-12 07:15:00
ORD104756,2026-09-19,FR,P1046,PG1266,KW11872,397.9,Completed,2026-09-19 18:55:00
ORD104757,2026-04-23,JP,P1039,PG1254,KW10115,282.18,Returned,2026-04-23 15:15:00
ORD104758,2026-03-28,MX,P1040,PG1423,KW10831,395.27,Completed,2026-03-28 22:53:00
ORD104759,2026-06-09,IN,P1043,PG1163,KW10505,2331.07,Cancelled,2026-06-09 11:41:00
ORD104760,2026-08-20,IN,P1021,PG1242,KW11020,1535.8,Cancelled,2026-08-20 06:37:00
ORD104761,2026-04-10,AU,P1013,PG1215,KW11163,1357.37,Completed,2026-04-10 21:47:00
ORD104762,2025-10-31,FR,P1032,PG1135,KW11661,1002.7,Completed,2025-10-31 05:21:00
ORD104763,2026-05-12,CA,P1034,PG1440,KW10858,694.25,Completed,2026-05-12 08:31:00
ORD104764,2025-12-10,CA,P1045,PG1322,KW11009,839.19,Pending,2025-12-10 09:19:00
ORD104765,2026-04-08,BR,P1007,PG1160,KW11979,719.74,Completed,2026-04-08 14:44:00
ORD104766,2025-11-21,US,P1001,PG1246,KW10203,717.03,Pending,2025-11-21 17:28:00
ORD104767,2026-07-11,FR,P1050,PG1499,KW11857,1229.4,Cancelled,2026-07-11 06:06:00
ORD104768,2026-09-17,FR,P1007,PG1128,KW10935,421.7,Pending,2026-09-17 23:10:00
ORD104769,2025-12-31,US,P1023,PG1441,KW10795,643.01,Completed,2025-12-31 03:57:00
ORD104770,2026-08-28,US,P1021,PG1403,KW10109,306.76,Pending,2026-08-28 17:24:00
ORD104771,2026-03-09,DE,P1040,PG1250,KW11125,503.78,Returned,2026-03-09 07:44:00
ORD104772,2026-09-29,MX,P1001,PG1182,KW11652,1810.67,Completed,2026-09-29 04:19:00
ORD104773,2026-09-16,CA,P1015,PG1326,KW10271,651.01,Returned,2026-09-16 02:15:00
ORD104774,2026-09-04,DE,P1046,PG1079,KW10300,620.7,Completed,2026-09-04 08:31:00
ORD104775,2025-12-10,FR,P1002,PG1425,KW10917,2661.01,Returned,2025-12-10 15:17:00
ORD104776,2026-01-15,MX,P1043,PG1176,KW10999,1999.33,Returned,2026-01-15 14:48:00
ORD104777,2025-12-13,BR,P1013,PG1311,KW10539,576.54,Cancelled,2025-12-13 11:16:00
ORD104778,2026-09-22,FR,P1002,PG1061,KW11397,457.32,Returned,2026-09-22 18:11:00
ORD104779,2026-02-22,AU,P1006,PG1009,KW11189,1210.82,Completed,2026-02-22 07:07:00
ORD104780,2026-04-30,US,P1018,PG1458,KW11691,1066.41,Completed,2026-04-30 04:16:00
ORD104781,2026-03-01,JP,P1033,PG1469,KW11063,1561.91,Completed,2026-03-01 20:06:00
ORD104782,2026-01-24,UK,P1004,PG1362,KW11152,1361.39,Pending,2026-01-24 17:39:00
ORD104783,2025-12-16,BR,P1032,PG1417,KW10971,1783.92,Completed,2025-12-16 05:33:00
ORD104784,2026-03-07,MX,P1025,PG1414,KW11734,638.22,Completed,2026-03-07 08:46:00
ORD104785,2026-03-10,UK,P1007,PG1445,KW11287,1354.23,Cancelled,2026-03-10 15:38:00
ORD104786,2025-11-08,JP,P1046,PG1310,KW10373,389.83,Completed,2025-11-08 14:47:00
ORD104787,2025-11-19,CA,P1006,PG1492,KW11826,1516.08,Completed,2025-11-19 22:30:00
ORD104788,2026-02-04,IN,P1044,PG1164,KW10803,769.1,Completed,2026-02-04 13:39:00
ORD104789,2026-01-14,UK,P1015,PG1295,KW11335,318.74,Completed,2026-01-14 18:58:00
ORD104790,2025-11-19,UK,P1001,PG1275,KW10697,980.66,Returned,2025-11-19 07:56:00
ORD104791,2026-07-08,IN,P1006,PG1303,KW11773,1187.27,Completed,2026-07-08 16:24:00
ORD104792,2026-01-31,MX,P1021,PG1478,KW11253,757.51,Cancelled,2026-01-31 06:02:00
ORD104793,2026-07-24,UK,P1005,PG1030,KW10479,574.96,Completed,2026-07-24 04:42:00
ORD104794,2026-08-17,UK,P1032,PG1352,KW10961,562.89,Completed,2026-08-17 17:51:00
ORD104795,2026-04-07,US,P1019,PG1290,KW11769,550.19,Completed,2026-04-07 22:09:00
ORD104796,2025-12-19,CA,P1039,PG1151,KW11429,571.31,Completed,2025-12-19 08:48:00
ORD104797,2025-12-25,US,P1037,PG1369,KW10921,442.69,Pending,2025-12-25 18:47:00
ORD104798,2026-05-06,US,P1046,PG1095,KW11264,1008.01,Pending,2026-05-06 13:25:00
ORD104799,2025-12-09,UK,P1024,PG1276,KW11873,578.03,Pending,2025-12-09 00:03:00
ORD104800,2026-01-15,FR,P1007,PG1024,KW10731,429.99,Pending,2026-01-15 07:36:00
ORD104801,2026-09-09,DE,P1015,PG1478,KW11447,932.2,Completed,2026-09-09 17:52:00
ORD104802,2026-01-15,BR,P1043,PG1348,KW11604,299.44,Pending,2026-01-15 22:58:00
ORD104803,2026-06-10,BR,P1032,PG1222,KW11773,554.48,Cancelled,2026-06-10 09:11:00
ORD104804,2026-08-17,AU,P1003,PG1401,KW11594,635.24,Cancelled,2026-08-17 10:24:00
ORD104805,2026-06-07,BR,P1023,PG1260,KW10462,1198.24,Returned,2026-06-07 04:42:00
ORD104806,2026-09-13,AU,P1019,PG1186,KW11365,909.18,Completed,2026-09-13 03:42:00
ORD104807,2026-09-27,UK,P1042,PG1139,KW11868,1454.85,Completed,2026-09-27 11:45:00
ORD104808,2026-03-02,DE,P1046,PG1400,KW11694,652.32,Returned,2026-03-02 14:03:00
ORD104809,2026-05-21,AU,P1010,PG1315,KW10728,2744.86,Pending,2026-05-21 03:52:00
ORD104810,2026-08-25,DE,P1014,PG1337,KW10232,433.85,Returned,2026-08-25 15:28:00
ORD104811,2026-06-15,US,P1008,PG1353,KW10552,1424.51,Completed,2026-06-15 23:48:00
ORD104812,2026-03-14,JP,P1023,PG1090,KW11332,325.52,Completed,2026-03-14 21:10:00
ORD104813,2025-10-20,MX,P1036,PG1494,KW11402,324.28,Completed,2025-10-20 16:10:00
ORD104814,2026-09-30,US,P1043,PG1464,KW11288,921.51,Cancelled,2026-09-30 05:09:00
ORD104815,2026-07-20,FR,P1018,PG1160,KW11011,918.88,Completed,2026-07-20 02:09:00
ORD104816,2025-11-20,AU,P1024,PG1380,KW10912,1521.17,Cancelled,2025-11-20 03:55:00
ORD104817,2026-04-26,UK,P1026,PG1488,KW10540,457.94,Pending,2026-04-26 10:51:00
ORD104818,2026-05-23,MX,P1034,PG1338,KW10610,995.38,Returned,2026-05-23 20:34:00
ORD104819,2026-06-05,FR,P1033,PG1342,KW10429,584.38,Returned,2026-06-05 17:32:00
ORD104820,2026-08-16,MX,P1026,PG1035,KW11443,706.41,Completed,2026-08-16 06:52:00
ORD104821,2026-09-26,CA,P1040,PG1423,KW11339,1644.31,Pending,2026-09-26 22:17:00
ORD104822,2025-12-18,US,P1045,PG1279,KW10045,1082.58,Cancelled,2025-12-18 18:47:00
ORD104823,2026-04-04,MX,P1046,PG1315,KW11118,649.73,Completed,2026-04-04 21:53:00
ORD104824,2025-12-09,MX,P1044,PG1150,KW11310,236.7,Completed,2025-12-09 10:46:00
ORD104825,2026-02-12,AU,P1040,PG1273,KW10825,371.18,Completed,2026-02-12 13:21:00
ORD104826,2026-02-24,US,P1041,PG1188,KW11345,1117.42,Completed,2026-02-24 09:33:00
ORD104827,2026-03-24,FR,P1023,PG1123,KW11000,1163.91,Completed,2026-03-24 05:08:00
ORD104828,2026-05-19,MX,P1032,PG1333,KW11422,609.5,Returned,2026-05-19 08:32:00
ORD104829,2026-09-06,JP,P1041,PG1388,KW11556,375.95,Completed,2026-09-06 22:16:00
ORD104830,2026-09-23,US,P1044,PG1337,KW11160,1593.74,Completed,2026-09-23 01:52:00
ORD104831,2026-08-21,MX,P1028,PG1088,KW11934,880.3,Completed,2026-08-21 07:10:00
ORD104832,2026-07-13,BR,P1015,PG1077,KW10967,963.21,Pending,2026-07-13 18:13:00
ORD104833,2026-04-12,FR,P1009,PG1207,KW10594,524.67,Completed,2026-04-12 10:26:00
ORD104834,2025-12-18,CA,P1012,PG1076,KW11523,407.61,Completed,2025-12-18 22:22:00
ORD104835,2025-10-15,FR,P1049,PG1283,KW10492,566.78,Cancelled,2025-10-15 19:18:00
ORD104836,2026-09-16,UK,P1044,PG1318,KW10847,284.84,Completed,2026-09-16 07:54:00
ORD104837,2026-05-07,DE,P1015,PG1368,KW10793,2398.9,Cancelled,2026-05-07 07:05:00
ORD104838,2026-09-14,CA,P1028,PG1188,KW10291,1795.86,Completed,2026-09-14 01:22:00
ORD104839,2026-05-04,AU,P1043,PG1409,KW11588,877.53,Completed,2026-05-04 20:21:00
ORD104840,2026-08-13,MX,P1032,PG1114,KW10602,448.61,Cancelled,2026-08-13 16:02:00
ORD104841,2026-06-25,MX,P1001,PG1106,KW10932,911.47,Pending,2026-06-25 06:59:00
ORD104842,2026-05-18,IN,P1008,PG1377,KW10889,256.42,Completed,2026-05-18 08:38:00
ORD104843,2026-08-22,MX,P1010,PG1238,KW10662,844.53,Pending,2026-08-22 02:00:00
ORD104844,2026-07-11,DE,P1021,PG1430,KW10554,350.98,Completed,2026-07-11 12:16:00
ORD104845,2026-03-25,UK,P1024,PG1328,KW11538,528.43,Completed,2026-03-25 06:17:00
ORD104846,2026-04-15,FR,P1022,PG1252,KW10382,1071.58,Returned,2026-04-15 21:28:00
ORD104847,2025-11-17,BR,P1044,PG1138,KW10363,1308.58,Completed,2025-11-17 21:29:00
ORD104848,2026-05-18,IN,P1040,PG1167,KW11321,846.47,Pending,2026-05-18 01:50:00
ORD104849,2026-09-17,US,P1020,PG1241,KW11488,695.81,Cancelled,2026-09-17 11:38:00
ORD104850,2026-08-09,FR,P1002,PG1495,KW10281,511.99,Pending,2026-08-09 20:16:00
ORD104851,2026-01-24,IN,P1050,PG1474,KW11852,1420.74,Returned,2026-01-24 04:06:00
ORD104852,2026-08-06,IN,P1011,PG1257,KW11434,3528.99,Pending,2026-08-06 09:31:00
ORD104853,2026-05-29,US,P1029,PG1108,KW10124,621.49,Returned,2026-05-29 19:54:00
ORD104854,2026-09-26,FR,P1031,PG1442,KW10020,838.09,Returned,2026-09-26 04:13:00
ORD104855,2026-02-16,UK,P1011,PG1224,KW11596,1154.8,Returned,2026-02-16 18:30:00
ORD104856,2025-10-18,US,P1042,PG1400,KW10941,1487.67,Completed,2025-10-18 23:19:00
ORD104857,2025-12-03,UK,P1025,PG1492,KW10889,741.74,Completed,2025-12-03 16:47:00
ORD104858,2026-09-27,MX,P1038,PG1204,KW11788,831.14,Cancelled,2026-09-27 07:12:00
ORD104859,2026-03-27,US,P1028,PG1494,KW11315,361.42,Returned,2026-03-27 09:29:00
ORD104860,2026-06-30,DE,P1013,PG1443,KW11597,662.27,Returned,2026-06-30 19:18:00
ORD104861,2026-07-03,US,P1031,PG1208,KW10514,660.34,Cancelled,2026-07-03 08:09:00
ORD104862,2025-10-06,AU,P1028,PG1039,KW10802,891.76,Pending,2025-10-06 18:58:00
ORD104863,2025-11-07,JP,P1047,PG1138,KW11214,1003.96,Completed,2025-11-07 22:23:00
ORD104864,2026-07-27,MX,P1002,PG1330,KW10918,514.52,Completed,2026-07-27 00:11:00
ORD104865,2026-01-30,CA,P1050,PG1034,KW10684,452.76,Completed,2026-01-30 21:45:00
ORD104866,2025-12-24,IN,P1006,PG1075,KW10742,387.44,Completed,2025-12-24 18:08:00
ORD104867,2026-08-20,US,P1009,PG1319,KW10084,1301.89,Completed,2026-08-20 03:13:00
ORD104868,2025-10-12,MX,P1007,PG1316,KW11325,1184.07,Completed,2025-10-12 07:37:00
ORD104869,2025-10-24,IN,P1043,PG1323,KW10985,458.62,Completed,2025-10-24 18:23:00
ORD104870,2026-03-25,FR,P1017,PG1178,KW10016,714.21,Returned,2026-03-25 01:09:00
ORD104871,2026-03-14,CA,P1018,PG1372,KW10513,366.92,Completed,2026-03-14 18:27:00
ORD104872,2026-03-27,US,P1035,PG1457,KW10979,973.79,Cancelled,2026-03-27 02:29:00
ORD104873,2026-09-02,BR,P1022,PG1298,KW11447,617.19,Pending,2026-09-02 20:16:00
ORD104874,2025-11-23,CA,P1021,PG1301,KW11820,1420.4,Pending,2025-11-23 12:53:00
ORD104875,2026-01-08,AU,P1003,PG1139,KW11068,764.68,Completed,2026-01-08 23:12:00
ORD104876,2026-02-06,DE,P1005,PG1271,KW11104,421.7,Completed,2026-02-06 02:33:00
ORD104877,2026-07-06,MX,P1028,PG1430,KW10905,1453.83,Returned,2026-07-06 05:50:00
ORD104878,2025-12-08,IN,P1045,PG1215,KW10501,380.02,Completed,2025-12-08 02:17:00
ORD104879,2025-11-01,DE,P1048,PG1165,KW10506,317.66,Returned,2025-11-01 17:48:00
ORD104880,2025-11-07,FR,P1019,PG1156,KW11061,805.43,Pending,2025-11-07 11:19:00
ORD104881,2026-01-26,AU,P1037,PG1088,KW10873,1704.64,Completed,2026-01-26 02:04:00
ORD104882,2026-08-17,CA,P1044,PG1073,KW11510,294.74,Cancelled,2026-08-17 00:11:00
ORD104883,2025-11-09,US,P1033,PG1235,KW11392,717.94,Returned,2025-11-09 11:13:00
ORD104884,2026-07-07,AU,P1041,PG1275,KW10857,604.76,Returned,2026-07-07 07:14:00
ORD104885,2026-03-10,JP,P1001,PG1474,KW11728,1191.17,Returned,2026-03-10 03:23:00
ORD104886,2026-05-23,JP,P1046,PG1171,KW10830,374.03,Cancelled,2026-05-23 23:52:00
ORD104887,2026-04-05,DE,P1005,PG1220,KW10497,1135.74,Completed,2026-04-05 12:41:00
ORD104888,2026-06-08,CA,P1029,PG1295,KW10629,1365.82,Cancelled,2026-06-08 00:54:00
ORD104889,2026-06-10,UK,P1019,PG1229,KW11997,840.09,Cancelled,2026-06-10 12:05:00
ORD104890,2026-05-03,DE,P1034,PG1330,KW11393,1241.63,Completed,2026-05-03 23:35:00
ORD104891,2025-12-13,US,P1006,PG1206,KW11815,2129.12,Completed,2025-12-13 20:10:00
ORD104892,2026-01-01,JP,P1008,PG1037,KW11454,476.17,Returned,2026-01-01 20:58:00
ORD104893,2025-12-30,US,P1040,PG1030,KW11641,1017.93,Cancelled,2025-12-30 18:16:00
ORD104894,2026-05-29,JP,P1037,PG1385,KW11500,767.58,Pending,2026-05-29 16:15:00
ORD104895,2026-02-05,IN,P1004,PG1014,KW11468,923.71,Completed,2026-02-05 01:18:00
ORD104896,2026-09-24,DE,P1021,PG1372,KW10451,728.53,Cancelled,2026-09-24 22:02:00
ORD104897,2026-01-18,DE,P1030,PG1428,KW10488,548.87,Completed,2026-01-18 13:13:00
ORD104898,2026-06-20,AU,P1021,PG1027,KW11431,832.86,Completed,2026-06-20 05:53:00
ORD104899,2026-08-28,MX,P1022,PG1495,KW11621,506.95,Completed,2026-08-28 06:45:00
ORD104900,2026-01-10,BR,P1031,PG1480,KW11971,4284.34,Completed,2026-01-10 00:52:00
ORD104901,2026-03-21,BR,P1023,PG1027,KW11080,380.47,Pending,2026-03-21 18:02:00
ORD104902,2026-09-16,MX,P1003,PG1322,KW11030,744.43,Completed,2026-09-16 18:06:00
ORD104903,2026-03-08,BR,P1028,PG1211,KW10244,306.69,Cancelled,2026-03-08 21:32:00
ORD104904,2026-07-11,UK,P1007,PG1259,KW10984,947.49,Pending,2026-07-11 19:30:00
ORD104905,2026-02-19,CA,P1013,PG1212,KW11305,1398.9,Completed,2026-02-19 23:19:00
ORD104906,2025-10-27,IN,P1019,PG1264,KW10565,983.73,Completed,2025-10-27 04:00:00
ORD104907,2026-09-23,DE,P1012,PG1287,KW10694,499.1,Cancelled,2026-09-23 05:15:00
ORD104908,2026-05-08,AU,P1033,PG1231,KW11657,520.33,Completed,2026-05-08 03:47:00
ORD104909,2026-06-17,DE,P1026,PG1238,KW10170,2513.29,Pending,2026-06-17 21:25:00
ORD104910,2025-11-14,MX,P1024,PG1282,KW10055,425.11,Cancelled,2025-11-14 01:36:00
ORD104911,2026-05-28,CA,P1013,PG1185,KW10014,1363.18,Cancelled,2026-05-28 00:38:00
ORD104912,2026-05-15,DE,P1038,PG1303,KW11549,1538.32,Completed,2026-05-15 04:29:00
ORD104913,2026-01-08,IN,P1010,PG1470,KW11881,1035.66,Completed,2026-01-08 02:30:00
ORD104914,2026-05-14,CA,P1046,PG1425,KW11283,753.53,Completed,2026-05-14 07:49:00
ORD104915,2025-11-07,JP,P1004,PG1500,KW10765,519.99,Pending,2025-11-07 04:23:00
ORD104916,2026-05-21,CA,P1007,PG1225,KW11302,827.79,Pending,2026-05-21 11:21:00
ORD104917,2026-06-13,IN,P1041,PG1483,KW11630,1278.84,Returned,2026-06-13 08:06:00
ORD104918,2026-07-26,CA,P1040,PG1079,KW11520,1009.21,Cancelled,2026-07-26 15:05:00
ORD104919,2026-04-26,IN,P1020,PG1404,KW11510,718.16,Cancelled,2026-04-26 07:29:00
ORD104920,2026-07-08,MX,P1017,PG1162,KW10689,838.4,Pending,2026-07-08 20:56:00
ORD104921,2026-03-17,US,P1033,PG1043,KW10510,1327.43,Cancelled,2026-03-17 01:42:00
ORD104922,2025-11-18,IN,P1026,PG1335,KW10692,518.27,Cancelled,2025-11-18 18:47:00
ORD104923,2026-06-17,US,P1035,PG1011,KW10593,761.31,Completed,2026-06-17 18:02:00
ORD104924,2026-07-21,UK,P1032,PG1385,KW10033,1036.77,Completed,2026-07-21 19:43:00
ORD104925,2026-06-25,US,P1012,PG1012,KW10824,910.98,Cancelled,2026-06-25 22:10:00
ORD104926,2025-11-04,CA,P1045,PG1274,KW11061,720.62,Returned,2025-11-04 07:59:00
ORD104927,2026-03-18,MX,P1019,PG1451,KW11713,565.22,Completed,2026-03-18 07:47:00
ORD104928,2026-02-25,JP,P1006,PG1237,KW10902,686.36,Returned,2026-02-25 08:50:00
ORD104929,2026-04-29,MX,P1021,PG1248,KW11009,598.59,Cancelled,2026-04-29 23:12:00
ORD104930,2026-02-11,MX,P1046,PG1454,KW11134,920.62,Returned,2026-02-11 07:50:00
ORD104931,2026-01-15,FR,P1016,PG1402,KW10807,652.93,Pending,2026-01-15 10:47:00
ORD104932,2026-02-11,MX,P1018,PG1109,KW10097,377.82,Cancelled,2026-02-11 19:19:00
ORD104933,2026-07-18,AU,P1034,PG1469,KW11777,834.04,Completed,2026-07-18 21:29:00
ORD104934,2026-07-02,CA,P1033,PG1251,KW10114,2662.97,Returned,2026-07-02 02:36:00
ORD104935,2026-04-02,MX,P1028,PG1047,KW10012,603.89,Completed,2026-04-02 11:04:00
ORD104936,2026-02-19,DE,P1047,PG1172,KW10613,953.2,Returned,2026-02-19 05:03:00
ORD104937,2026-09-22,UK,P1007,PG1448,KW11040,1175.32,Cancelled,2026-09-22 02:16:00
ORD104938,2026-03-06,AU,P1044,PG1238,KW10918,735.03,Completed,2026-03-06 04:44:00
ORD104939,2026-03-23,IN,P1023,PG1284,KW10025,1255.61,Completed,2026-03-23 15:31:00
ORD104940,2026-09-09,CA,P1007,PG1109,KW10075,398.81,Completed,2026-09-09 18:57:00
ORD104941,2026-04-10,DE,P1015,PG1147,KW11227,1690.74,Pending,2026-04-10 03:42:00
ORD104942,2026-03-07,AU,P1006,PG1094,KW10095,1026.93,Pending,2026-03-07 11:56:00
ORD104943,2026-09-16,FR,P1044,PG1112,KW11070,844.86,Completed,2026-09-16 18:17:00
ORD104944,2026-06-28,MX,P1023,PG1015,KW11502,1583.7,Completed,2026-06-28 08:12:00
ORD104945,2026-05-04,AU,P1016,PG1034,KW11441,955.74,Pending,2026-05-04 10:46:00
ORD104946,2025-12-08,DE,P1016,PG1334,KW10002,882.41,Pending,2025-12-08 13:18:00
ORD104947,2026-04-17,MX,P1029,PG1315,KW11358,498.79,Completed,2026-04-17 18:32:00
ORD104948,2025-12-17,US,P1048,PG1255,KW11849,359.46,Cancelled,2025-12-17 10:53:00
ORD104949,2026-02-19,BR,P1030,PG1080,KW11595,492.09,Completed,2026-02-19 01:49:00
ORD104950,2026-04-04,FR,P1037,PG1040,KW10262,1435.03,Completed,2026-04-04 13:52:00
ORD104951,2026-03-23,CA,P1038,PG1408,KW11519,469.74,Completed,2026-03-23 04:13:00
ORD104952,2026-03-17,MX,P1022,PG1138,KW11472,1456.55,Completed,2026-03-17 22:38:00
ORD104953,2026-02-28,IN,P1027,PG1203,KW11577,1586.5,Cancelled,2026-02-28 21:12:00
ORD104954,2025-10-27,JP,P1044,PG1458,KW11125,1118.78,Completed,2025-10-27 11:37:00
ORD104955,2026-02-06,BR,P1034,PG1045,KW11816,773.08,Pending,2026-02-06 19:59:00
ORD104956,2026-03-13,FR,P1027,PG1159,KW10353,2282.08,Completed,2026-03-13 05:42:00
ORD104957,2026-08-25,US,P1015,PG1408,KW11213,680.15,Completed,2026-08-25 11:40:00
ORD104958,2026-04-19,UK,P1044,PG1199,KW11676,1254.49,Cancelled,2026-04-19 08:34:00
ORD104959,2025-12-17,DE,P1020,PG1271,KW10758,978.29,Cancelled,2025-12-17 16:51:00
ORD104960,2026-03-10,US,P1037,PG1354,KW11050,1422.1,Pending,2026-03-10 17:37:00
ORD104961,2026-09-09,MX,P1022,PG1144,KW10772,412.39,Completed,2026-09-09 03:06:00
ORD104962,2026-07-02,JP,P1002,PG1182,KW10032,2809.55,Returned,2026-07-02 18:20:00
ORD104963,2026-01-22,US,P1001,PG1082,KW11438,929.34,Completed,2026-01-22 09:33:00
ORD104964,2025-12-02,FR,P1043,PG1344,KW10788,1632.84,Completed,2025-12-02 16:53:00
ORD104965,2026-02-21,UK,P1007,PG1425,KW10464,354.23,Returned,2026-02-21 10:57:00
ORD104966,2025-12-16,IN,P1043,PG1196,KW10048,1938.18,Returned,2025-12-16 04:53:00
ORD104967,2026-02-27,DE,P1048,PG1122,KW10676,170.97,Cancelled,2026-02-27 03:32:00
ORD104968,2026-04-04,MX,P1003,PG1280,KW11079,1205.43,Cancelled,2026-04-04 09:19:00
ORD104969,2025-12-21,US,P1002,PG1021,KW11292,603.52,Completed,2025-12-21 19:58:00
ORD104970,2026-09-15,DE,P1001,PG1361,KW10681,916.86,Completed,2026-09-15 16:45:00
ORD104971,2026-01-20,CA,P1034,PG1290,KW11583,6977.75,Completed,2026-01-20 09:17:00
ORD104972,2025-10-05,BR,P1049,PG1276,KW10426,878.05,Returned,2025-10-05 15:39:00
ORD104973,2026-03-15,UK,P1028,PG1044,KW10403,2386.99,Completed,2026-03-15 07:54:00
ORD104974,2025-10-28,IN,P1003,PG1286,KW10203,718.75,Completed,2025-10-28 22:33:00
ORD104975,2026-01-08,IN,P1037,PG1365,KW11895,387.46,Completed,2026-01-08 12:42:00
ORD104976,2025-12-20,US,P1019,PG1383,KW10971,8311.25,Pending,2025-12-20 00:46:00
ORD104977,2025-12-24,IN,P1018,PG1260,KW11023,712.54,Completed,2025-12-24 08:31:00
ORD104978,2026-06-21,IN,P1050,PG1278,KW10751,1410.59,Completed,2026-06-21 02:06:00
ORD104979,2026-04-10,JP,P1050,PG1360,KW11610,806.56,Pending,2026-04-10 02:21:00
ORD104980,2026-03-09,UK,P1031,PG1139,KW10169,657.12,Completed,2026-03-09 08:40:00
ORD104981,2026-09-08,JP,P1014,PG1100,KW11294,258.79,Pending,2026-09-08 22:50:00
ORD104982,2026-01-06,BR,P1020,PG1166,KW10671,1170.95,Returned,2026-01-06 04:30:00
ORD104983,2026-07-09,BR,P1020,PG1201,KW10852,299.02,Returned,2026-07-09 09:58:00
ORD104984,2025-10-07,US,P1003,PG1002,KW10525,1037.22,Returned,2025-10-07 18:23:00
ORD104985,2026-05-01,AU,P1017,PG1181,KW10752,1160.8,Completed,2026-05-01 22:58:00
ORD104986,2026-06-07,AU,P1033,PG1367,KW11972,233.71,Completed,2026-06-07 19:01:00
ORD104987,2025-12-09,AU,P1004,PG1017,KW11442,667.35,Completed,2025-12-09 23:52:00
ORD104988,2026-01-18,CA,P1024,PG1340,KW10406,2231.5,Cancelled,2026-01-18 12:18:00
ORD104989,2026-07-12,BR,P1030,PG1455,KW11436,537.43,Completed,2026-07-12 16:32:00
ORD104990,2026-09-07,MX,P1029,PG1396,KW10629,942.72,Returned,2026-09-07 06:06:00
ORD104991,2026-03-13,BR,P1016,PG1435,KW11232,1126.12,Pending,2026-03-13 16:33:00
ORD104992,2025-10-11,FR,P1037,PG1119,KW10138,593.93,Returned,2025-10-11 20:02:00
ORD104993,2026-06-26,AU,P1035,PG1153,KW11976,445.72,Returned,2026-06-26 02:51:00
ORD104994,2025-11-27,FR,P1034,PG1129,KW11657,400.5,Completed,2025-11-27 19:33:00
ORD104995,2026-05-11,AU,P1046,PG1355,KW11807,633.11,Pending,2026-05-11 01:15:00
ORD104996,2025-12-25,FR,P1039,PG1099,KW11175,623.91,Completed,2025-12-25 23:21:00
ORD104997,2026-08-12,DE,P1033,PG1339,KW10195,293.44,Returned,2026-08-12 18:58:00
ORD104998,2025-11-29,US,P1047,PG1197,KW10948,254.36,Returned,2025-11-29 02:58:00
ORD104999,2026-02-01,JP,P1005,PG1439,KW11382,2875.2,Completed,2026-02-01 05:45:00
ORD105000,2026-09-01,MX,P1030,PG1203,KW10855,2222.58,Pending,2026-09-01 16:02:00
ORD105001,2026-09-22,IN,P1032,PG1421,KW11731,696.63,Cancelled,2026-09-22 02:52:00
ORD105002,2026-06-01,AU,P1020,PG1116,KW11672,1164.71,Returned,2026-06-01 10:13:00
ORD105003,2026-05-03,MX,P1009,PG1298,KW11086,1413.88,Completed,2026-05-03 16:27:00
ORD105004,2025-11-07,MX,P1049,PG1500,KW11793,1891.93,Cancelled,2025-11-07 06:12:00
ORD105005,2026-04-10,BR,P1005,PG1416,KW10890,731.54,Completed,2026-04-10 11:30:00
ORD105006,2026-07-17,UK,P1027,PG1047,KW11774,1076.74,Completed,2026-07-17 01:59:00
ORD105007,2026-04-10,IN,P1029,PG1178,KW10714,1083.88,Completed,2026-04-10 18:00:00
ORD105008,2026-04-16,AU,P1043,PG1104,KW10677,653.93,Completed,2026-04-16 22:54:00
ORD105009,2025-10-23,FR,P1020,PG1347,KW10087,375.15,Cancelled,2025-10-23 11:55:00
ORD105010,2025-10-18,AU,P1034,PG1218,KW11008,504.34,Cancelled,2025-10-18 18:33:00
ORD105011,2026-09-24,IN,P1024,PG1187,KW10493,1464.49,Cancelled,2026-09-24 04:55:00
ORD105012,2026-07-17,IN,P1007,PG1460,KW10381,1571.37,Completed,2026-07-17 21:00:00
ORD105013,2025-10-12,AU,P1035,PG1098,KW11143,742.2,Completed,2025-10-12 19:20:00
ORD105014,2026-07-11,IN,P1045,PG1155,KW11299,1056.54,Pending,2026-07-11 13:51:00
ORD105015,2026-02-06,US,P1010,PG1461,KW10893,709.93,Completed,2026-02-06 07:59:00
ORD105016,2026-05-20,US,P1002,PG1068,KW11743,1370.33,Pending,2026-05-20 23:10:00
ORD105017,2026-07-15,DE,P1020,PG1267,KW11490,607.54,Pending,2026-07-15 15:00:00
ORD105018,2026-03-11,IN,P1002,PG1084,KW11981,627.53,Completed,2026-03-11 06:42:00
ORD105019,2026-02-08,DE,P1050,PG1237,KW11775,758.83,Pending,2026-02-08 07:01:00
ORD105020,2026-08-13,DE,P1009,PG1293,KW11200,845.05,Returned,2026-08-13 17:50:00
ORD105021,2026-09-07,FR,P1024,PG1240,KW11066,1241.25,Completed,2026-09-07 01:29:00
ORD105022,2026-05-19,FR,P1029,PG1477,KW11135,859.29,Completed,2026-05-19 15:24:00
ORD105023,2026-01-11,JP,P1049,PG1467,KW11796,1203.92,Completed,2026-01-11 19:44:00
ORD105024,2026-02-05,US,P1031,PG1089,KW10980,478.31,Completed,2026-02-05 16:32:00
ORD105025,2026-07-20,AU,P1046,PG1389,KW10529,984.67,Completed,2026-07-20 14:50:00
ORD105026,2026-07-29,IN,P1022,PG1334,KW10850,763.08,Completed,2026-07-29 07:48:00
ORD105027,2026-04-06,JP,P1010,PG1031,KW11349,1690.88,Completed,2026-04-06 01:49:00
ORD105028,2026-09-19,CA,P1005,PG1294,KW10408,1371.45,Returned,2026-09-19 05:37:00
ORD105029,2026-06-22,DE,P1047,PG1242,KW10118,367.35,Completed,2026-06-22 20:50:00
ORD105030,2026-05-01,US,P1016,PG1177,KW10947,1408.68,Completed,2026-05-01 05:51:00
ORD105031,2026-09-10,BR,P1048,PG1069,KW10121,548.92,Returned,2026-09-10 07:43:00
ORD105032,2025-11-23,CA,P1032,PG1444,KW10590,463.89,Completed,2025-11-23 09:34:00
ORD105033,2026-09-24,AU,P1037,PG1099,KW11709,432.59,Cancelled,2026-09-24 09:31:00
ORD105034,2026-02-04,FR,P1022,PG1384,KW11040,859.34,Pending,2026-02-04 04:08:00
ORD105035,2026-05-25,FR,P1011,PG1064,KW10151,742.35,Cancelled,2026-05-25 23:18:00
ORD105036,2025-10-21,JP,P1009,PG1259,KW10261,2053.06,Completed,2025-10-21 17:59:00
ORD105037,2026-02-11,CA,P1020,PG1441,KW10658,318.44,Completed,2026-02-11 08:41:00
ORD105038,2026-04-13,AU,P1002,PG1325,KW10914,1255.25,Completed,2026-04-13 00:55:00
ORD105039,2026-04-06,UK,P1036,PG1329,KW10887,1933.5,Returned,2026-04-06 12:45:00
ORD105040,2026-04-07,UK,P1031,PG1082,KW11959,176.32,Completed,2026-04-07 14:58:00
ORD105041,2025-12-21,CA,P1050,PG1150,KW10634,867.09,Pending,2025-12-21 16:32:00
ORD105042,2025-11-12,US,P1035,PG1143,KW11572,538.89,Completed,2025-11-12 11:58:00
ORD105043,2025-11-22,UK,P1022,PG1373,KW10328,327.21,Completed,2025-11-22 00:38:00
ORD105044,2026-04-25,FR,P1011,PG1341,KW11554,405.33,Completed,2026-04-25 12:05:00
ORD105045,2026-02-12,IN,P1039,PG1124,KW11063,1602.05,Pending,2026-02-12 04:50:00
ORD105046,2026-02-26,FR,P1020,PG1398,KW11488,787.24,Cancelled,2026-02-26 21:26:00
ORD105047,2026-02-27,UK,P1008,PG1028,KW10068,242.27,Returned,2026-02-27 01:53:00
ORD105048,2026-07-02,US,P1049,PG1142,KW10652,859.86,Cancelled,2026-07-02 20:43:00
ORD105049,2026-08-29,CA,P1005,PG1006,KW10585,2185.11,Returned,2026-08-29 04:41:00
ORD105050,2025-11-22,FR,P1025,PG1419,KW11911,1340.84,Returned,2025-11-22 05:07:00
ORD105051,2026-04-08,IN,P1045,PG1430,KW11484,1608.67,Pending,2026-04-08 19:39:00
ORD105052,2025-11-11,UK,P1028,PG1348,KW10786,595.43,Returned,2025-11-11 12:47:00
ORD105053,2026-03-29,UK,P1022,PG1433,KW11804,1429.83,Completed,2026-03-29 07:51:00
ORD105054,2026-04-11,CA,P1037,PG1200,KW10771,945.72,Completed,2026-04-11 15:13:00
ORD105055,2026-05-19,MX,P1015,PG1243,KW10487,764.45,Returned,2026-05-19 14:14:00
ORD105056,2026-03-29,BR,P1003,PG1414,KW10219,1123.44,Completed,2026-03-29 15:15:00
ORD105057,2026-06-07,BR,P1029,PG1141,KW10804,777.5,Pending,2026-06-07 06:00:00
ORD105058,2025-10-13,US,P1011,PG1449,KW10798,1159.32,Completed,2025-10-13 01:10:00
ORD105059,2026-03-03,DE,P1031,PG1178,KW10971,871.13,Completed,2026-03-03 10:26:00
ORD105060,2026-09-18,JP,P1039,PG1204,KW10749,1753.1,Returned,2026-09-18 17:57:00
ORD105061,2025-10-02,FR,P1024,PG1456,KW10234,796.11,Cancelled,2025-10-02 06:09:00
ORD105062,2025-11-27,FR,P1017,PG1321,KW11678,4293.12,Pending,2025-11-27 09:57:00
ORD105063,2026-03-12,BR,P1029,PG1498,KW11392,808.78,Pending,2026-03-12 02:12:00
ORD105064,2026-07-23,BR,P1033,PG1176,KW11961,1035.55,Completed,2026-07-23 07:36:00
ORD105065,2026-07-29,MX,P1044,PG1307,KW10123,1741.2,Completed,2026-07-29 08:46:00
ORD105066,2026-09-17,UK,P1043,PG1087,KW10905,541.1,Pending,2026-09-17 19:11:00
ORD105067,2025-10-08,JP,P1048,PG1486,KW11847,719.8,Completed,2025-10-08 05:33:00
ORD105068,2026-09-08,DE,P1050,PG1041,KW10938,353.58,Pending,2026-09-08 11:02:00
ORD105069,2025-10-08,AU,P1016,PG1317,KW10168,1033.34,Completed,2025-10-08 09:15:00
ORD105070,2025-11-22,US,P1044,PG1446,KW11575,966.08,Completed,2025-11-22 02:28:00
ORD105071,2026-01-16,JP,P1013,PG1199,KW11129,434.85,Completed,2026-01-16 01:42:00
ORD105072,2026-05-15,IN,P1042,PG1219,KW11336,703.71,Cancelled,2026-05-15 10:14:00
ORD105073,2026-06-23,JP,P1035,PG1451,KW10593,721.64,Returned,2026-06-23 07:09:00
ORD105074,2026-04-21,MX,P1019,PG1312,KW11948,585.38,Pending,2026-04-21 08:30:00
ORD105075,2025-12-01,CA,P1045,PG1253,KW11379,417.48,Completed,2025-12-01 03:37:00
ORD105076,2026-01-14,IN,P1013,PG1384,KW11542,776.58,Completed,2026-01-14 04:18:00
ORD105077,2026-04-08,DE,P1029,PG1222,KW10325,979.82,Completed,2026-04-08 23:10:00
ORD105078,2026-04-25,DE,P1016,PG1373,KW10172,569.67,Completed,2026-04-25 19:56:00
ORD105079,2026-06-02,US,P1016,PG1426,KW11287,355.85,Pending,2026-06-02 07:07:00
ORD105080,2026-03-11,BR,P1041,PG1275,KW11338,868.19,Completed,2026-03-11 05:31:00
ORD105081,2026-05-12,US,P1015,PG1177,KW10269,624.7,Pending,2026-05-12 17:07:00
ORD105082,2026-02-11,FR,P1041,PG1197,KW10890,1682.68,Pending,2026-02-11 02:42:00
ORD105083,2026-03-18,DE,P1028,PG1358,KW11062,1897.79,Completed,2026-03-18 20:07:00
ORD105084,2026-01-27,JP,P1023,PG1065,KW10958,853.54,Returned,2026-01-27 03:57:00
ORD105085,2026-04-03,CA,P1046,PG1046,KW11407,865.54,Cancelled,2026-04-03 21:34:00
ORD105086,2025-10-03,IN,P1028,PG1351,KW11450,561.69,Completed,2025-10-03 13:00:00
ORD105087,2025-12-31,CA,P1017,PG1275,KW10888,1489.84,Completed,2025-12-31 05:02:00
ORD105088,2026-02-08,AU,P1036,PG1020,KW10431,1233.87,Cancelled,2026-02-08 22:00:00
ORD105089,2026-08-07,CA,P1005,PG1266,KW10891,4946.07,Pending,2026-08-07 13:45:00
ORD105090,2026-08-08,JP,P1042,PG1019,KW11277,1076.31,Completed,2026-08-08 17:09:00
ORD105091,2026-09-29,IN,P1039,PG1310,KW11217,701.25,Pending,2026-09-29 09:00:00
ORD105092,2026-09-22,JP,P1032,PG1165,KW10007,965.17,Completed,2026-09-22 01:15:00
ORD105093,2026-01-14,MX,P1029,PG1087,KW10387,326.38,Pending,2026-01-14 08:33:00
ORD105094,2026-05-29,MX,P1003,PG1483,KW10759,874.22,Cancelled,2026-05-29 11:22:00
ORD105095,2025-10-02,IN,P1042,PG1431,KW11928,494.64,Completed,2025-10-02 16:22:00
ORD105096,2026-08-31,FR,P1045,PG1029,KW11817,1336.56,Returned,2026-08-31 02:13:00
ORD105097,2025-10-15,IN,P1025,PG1043,KW10217,1077.28,Returned,2025-10-15 16:58:00
ORD105098,2026-03-06,JP,P1011,PG1219,KW11840,1902.06,Completed,2026-03-06 00:32:00
ORD105099,2026-01-05,JP,P1023,PG1241,KW10212,441.68,Cancelled,2026-01-05 01:44:00
ORD105100,2026-05-26,IN,P1018,PG1485,KW10917,400.68,Completed,2026-05-26 23:08:00
ORD105101,2026-04-05,UK,P1039,PG1191,KW10796,786.63,Completed,2026-04-05 13:36:00
ORD105102,2026-04-30,US,P1037,PG1205,KW10414,483.74,Cancelled,2026-04-30 13:27:00
ORD105103,2026-09-10,DE,P1022,PG1486,KW11293,841.43,Returned,2026-09-10 02:55:00
ORD105104,2026-08-13,BR,P1028,PG1145,KW10224,935.9,Completed,2026-08-13 14:01:00
ORD105105,2026-08-17,JP,P1022,PG1251,KW11405,600.46,Pending,2026-08-17 05:47:00
ORD105106,2026-02-15,CA,P1036,PG1215,KW10004,598.04,Returned,2026-02-15 05:54:00
ORD105107,2025-10-23,DE,P1013,PG1164,KW11706,1135.44,Completed,2025-10-23 10:09:00
ORD105108,2026-03-06,AU,P1032,PG1472,KW11983,3029.14,Cancelled,2026-03-06 04:33:00
ORD105109,2026-05-31,UK,P1044,PG1181,KW11700,346.04,Pending,2026-05-31 12:58:00
ORD105110,2026-06-27,MX,P1033,PG1110,KW10095,395.94,Completed,2026-06-27 02:37:00
ORD105111,2025-11-09,DE,P1042,PG1194,KW10860,904.28,Completed,2025-11-09 17:32:00
ORD105112,2025-10-10,BR,P1032,PG1343,KW11595,357.97,Returned,2025-10-10 00:44:00
ORD105113,2025-12-09,FR,P1009,PG1140,KW11226,1006.08,Cancelled,2025-12-09 06:55:00
ORD105114,2026-05-09,US,P1034,PG1194,KW11652,573.44,Cancelled,2026-05-09 20:46:00
ORD105115,2026-03-29,AU,P1013,PG1229,KW11619,2331.31,Completed,2026-03-29 21:23:00
ORD105116,2025-12-09,US,P1050,PG1058,KW10846,301.7,Completed,2025-12-09 03:28:00
ORD105117,2026-01-31,AU,P1013,PG1068,KW10588,1399.01,Completed,2026-01-31 15:57:00
ORD105118,2026-02-02,JP,P1044,PG1424,KW11090,371.99,Pending,2026-02-02 03:14:00
ORD105119,2026-01-09,JP,P1043,PG1294,KW11569,1798.43,Pending,2026-01-09 05:36:00
ORD105120,2026-01-21,JP,P1005,PG1298,KW10357,1538.68,Cancelled,2026-01-21 09:55:00
ORD105121,2026-02-22,JP,P1042,PG1115,KW11398,978.71,Pending,2026-02-22 16:03:00
ORD105122,2026-07-12,BR,P1043,PG1263,KW10871,864.87,Completed,2026-07-12 14:33:00
ORD105123,2026-08-07,JP,P1030,PG1334,KW11298,1494.71,Pending,2026-08-07 00:30:00
ORD105124,2025-10-30,CA,P1039,PG1343,KW10715,524.95,Cancelled,2025-10-30 09:33:00
ORD105125,2026-05-22,UK,P1043,PG1498,KW11830,1914.97,Completed,2026-05-22 12:10:00
ORD105126,2026-03-15,JP,P1040,PG1419,KW10724,403.62,Pending,2026-03-15 00:21:00
ORD105127,2026-06-06,BR,P1013,PG1061,KW11810,917.16,Returned,2026-06-06 04:20:00
ORD105128,2025-11-28,FR,P1017,PG1458,KW10072,1251.29,Completed,2025-11-28 01:10:00
ORD105129,2026-07-11,DE,P1013,PG1473,KW10241,544.13,Completed,2026-07-11 00:34:00
ORD105130,2026-07-06,MX,P1048,PG1474,KW10933,456.79,Returned,2026-07-06 10:48:00
ORD105131,2026-08-30,IN,P1024,PG1466,KW10506,759.88,Completed,2026-08-30 17:04:00
ORD105132,2026-05-04,IN,P1011,PG1298,KW11299,1993.34,Completed,2026-05-04 11:06:00
ORD105133,2026-05-23,DE,P1032,PG1440,KW11559,1100.97,Cancelled,2026-05-23 12:03:00
ORD105134,2025-10-22,FR,P1044,PG1457,KW11724,1387.85,Completed,2025-10-22 17:45:00
ORD105135,2025-11-17,IN,P1004,PG1325,KW10152,1718.7,Completed,2025-11-17 05:31:00
ORD105136,2026-04-30,IN,P1009,PG1154,KW10324,1027.81,Cancelled,2026-04-30 21:26:00
ORD105137,2026-09-22,MX,P1039,PG1480,KW10177,1701.85,Completed,2026-09-22 10:47:00
ORD105138,2026-03-10,DE,P1041,PG1046,KW11192,679.87,Pending,2026-03-10 18:38:00
ORD105139,2026-08-14,DE,P1040,PG1337,KW10487,554.36,Completed,2026-08-14 23:35:00
ORD105140,2025-11-15,FR,P1002,PG1161,KW11594,3339.5,Completed,2025-11-15 11:43:00
ORD105141,2026-04-11,US,P1036,PG1042,KW11212,269.6,Completed,2026-04-11 02:20:00
ORD105142,2026-01-01,JP,P1021,PG1073,KW11179,3745.02,Pending,2026-01-01 13:47:00
ORD105143,2026-06-08,FR,P1033,PG1090,KW11028,914.77,Completed,2026-06-08 10:44:00
ORD105144,2026-07-16,CA,P1043,PG1193,KW10384,915.01,Pending,2026-07-16 23:15:00
ORD105145,2025-10-12,IN,P1002,PG1054,KW10587,1239.56,Pending,2025-10-12 13:40:00
ORD105146,2026-07-08,US,P1022,PG1117,KW10615,668.29,Cancelled,2026-07-08 21:25:00
ORD105147,2026-03-08,JP,P1041,PG1084,KW10206,3179.68,Completed,2026-03-08 21:17:00
ORD105148,2025-12-23,JP,P1007,PG1160,KW10736,195.81,Completed,2025-12-23 07:47:00
ORD105149,2026-02-08,JP,P1028,PG1450,KW11442,496.6,Cancelled,2026-02-08 21:39:00
ORD105150,2026-06-24,UK,P1016,PG1338,KW10553,1316.27,Completed,2026-06-24 00:01:00
ORD105151,2026-06-06,DE,P1027,PG1441,KW10702,779.34,Cancelled,2026-06-06 06:35:00
ORD105152,2026-05-26,MX,P1006,PG1181,KW11296,532.26,Returned,2026-05-26 07:16:00
ORD105153,2025-12-12,MX,P1049,PG1110,KW10395,487.05,Completed,2025-12-12 16:34:00
ORD105154,2026-04-09,JP,P1047,PG1090,KW10217,454.29,Completed,2026-04-09 18:26:00
ORD105155,2026-09-29,BR,P1033,PG1213,KW10247,380.35,Cancelled,2026-09-29 16:39:00
ORD105156,2026-05-25,DE,P1039,PG1477,KW10429,799.28,Completed,2026-05-25 04:56:00
ORD105157,2026-08-29,BR,P1046,PG1330,KW11152,572.66,Completed,2026-08-29 19:13:00
ORD105158,2025-10-28,AU,P1041,PG1189,KW10779,1318.79,Completed,2025-10-28 17:11:00
ORD105159,2026-09-02,UK,P1021,PG1319,KW10846,3639.49,Completed,2026-09-02 02:11:00
ORD105160,2025-11-12,IN,P1022,PG1165,KW11644,1739.51,Cancelled,2025-11-12 03:56:00
ORD105161,2025-11-07,BR,P1037,PG1377,KW11212,585.89,Cancelled,2025-11-07 01:57:00
ORD105162,2026-02-06,DE,P1010,PG1200,KW11862,1383.9,Returned,2026-02-06 19:28:00
ORD105163,2026-03-17,UK,P1034,PG1082,KW10522,904.54,Completed,2026-03-17 08:22:00
ORD105164,2025-10-29,BR,P1047,PG1377,KW10864,1354.79,Cancelled,2025-10-29 16:41:00
ORD105165,2026-07-22,FR,P1038,PG1061,KW10147,793.47,Completed,2026-07-22 21:26:00
ORD105166,2026-02-25,FR,P1024,PG1194,KW10818,724.57,Returned,2026-02-25 21:22:00
ORD105167,2026-09-29,FR,P1048,PG1495,KW11480,987.18,Pending,2026-09-29 21:16:00
ORD105168,2026-03-24,BR,P1014,PG1429,KW10431,417.2,Pending,2026-03-24 13:33:00
ORD105169,2026-09-24,IN,P1030,PG1359,KW10577,764.53,Cancelled,2026-09-24 21:12:00
ORD105170,2026-06-12,MX,P1036,PG1429,KW11816,473.11,Completed,2026-06-12 05:40:00
ORD105171,2026-07-26,JP,P1040,PG1164,KW11501,1141.78,Completed,2026-07-26 20:46:00
ORD105172,2026-07-18,BR,P1039,PG1042,KW11800,2984.58,Completed,2026-07-18 11:43:00
ORD105173,2026-08-11,JP,P1034,PG1053,KW10474,530.16,Completed,2026-08-11 23:12:00
ORD105174,2026-02-24,CA,P1034,PG1427,KW11605,436.4,Completed,2026-02-24 11:01:00
ORD105175,2026-05-27,JP,P1031,PG1205,KW10367,661.8,Completed,2026-05-27 08:09:00
ORD105176,2025-12-06,JP,P1014,PG1468,KW10486,425.8,Pending,2025-12-06 18:29:00
ORD105177,2026-06-24,CA,P1039,PG1136,KW10736,930.96,Completed,2026-06-24 03:19:00
ORD105178,2025-11-09,MX,P1038,PG1178,KW10997,1828.38,Pending,2025-11-09 07:45:00
ORD105179,2026-04-28,BR,P1040,PG1075,KW11770,1377.51,Cancelled,2026-04-28 05:28:00
ORD105180,2025-10-10,FR,P1030,PG1173,KW10859,796.01,Cancelled,2025-10-10 11:14:00
ORD105181,2026-05-05,FR,P1035,PG1139,KW11035,450.31,Returned,2026-05-05 12:56:00
ORD105182,2025-10-23,UK,P1046,PG1181,KW10336,541.03,Completed,2025-10-23 16:13:00
ORD105183,2026-01-04,CA,P1003,PG1459,KW11246,1347.22,Cancelled,2026-01-04 10:55:00
ORD105184,2026-09-04,AU,P1004,PG1150,KW11123,796.35,Completed,2026-09-04 16:21:00
ORD105185,2026-03-19,JP,P1008,PG1278,KW11569,740.25,Cancelled,2026-03-19 00:11:00
ORD105186,2025-12-14,MX,P1027,PG1332,KW11662,1742.86,Completed,2025-12-14 19:14:00
ORD105187,2025-12-28,IN,P1003,PG1397,KW10556,882.34,Completed,2025-12-28 07:37:00
ORD105188,2026-03-20,AU,P1002,PG1479,KW10986,2139.38,Completed,2026-03-20 02:07:00
ORD105189,2026-05-06,UK,P1040,PG1182,KW10698,2006.64,Completed,2026-05-06 19:45:00
ORD105190,2026-02-21,DE,P1045,PG1205,KW11224,793.71,Returned,2026-02-21 14:45:00
ORD105191,2026-04-09,DE,P1037,PG1232,KW10837,301.89,Returned,2026-04-09 00:18:00
ORD105192,2026-01-26,UK,P1011,PG1438,KW11965,1670.84,Completed,2026-01-26 15:06:00
ORD105193,2026-06-16,UK,P1014,PG1482,KW11106,471.55,Returned,2026-06-16 21:19:00
ORD105194,2025-12-10,MX,P1007,PG1034,KW10529,1064.73,Cancelled,2025-12-10 08:15:00
ORD105195,2026-07-29,AU,P1039,PG1217,KW10431,277.98,Completed,2026-07-29 07:15:00
ORD105196,2026-09-10,AU,P1036,PG1364,KW11439,2106.45,Completed,2026-09-10 15:24:00
ORD105197,2026-05-16,AU,P1041,PG1239,KW10762,420.83,Returned,2026-05-16 18:15:00
ORD105198,2025-12-29,UK,P1019,PG1412,KW11233,699.99,Returned,2025-12-29 09:49:00
ORD105199,2026-08-06,AU,P1037,PG1292,KW11656,695.62,Completed,2026-08-06 14:31:00
ORD105200,2026-07-04,MX,P1011,PG1117,KW10579,1020.63,Completed,2026-07-04 05:44:00
ORD105201,2025-11-27,AU,P1014,PG1099,KW10690,436.33,Completed,2025-11-27 18:48:00
ORD105202,2026-08-21,IN,P1020,PG1027,KW11185,1304.15,Completed,2026-08-21 03:03:00
ORD105203,2026-01-24,US,P1041,PG1476,KW11857,710.68,Completed,2026-01-24 17:27:00
ORD105204,2025-11-24,DE,P1036,PG1035,KW11296,406.9,Completed,2025-11-24 19:44:00
ORD105205,2026-09-27,JP,P1024,PG1167,KW10295,1420.86,Cancelled,2026-09-27 03:49:00
ORD105206,2026-08-07,IN,P1007,PG1172,KW11194,989.43,Completed,2026-08-07 21:05:00
ORD105207,2026-04-22,DE,P1044,PG1221,KW11644,2607.12,Returned,2026-04-22 17:13:00
ORD105208,2026-05-02,IN,P1003,PG1162,KW10868,680.45,Cancelled,2026-05-02 04:44:00
ORD105209,2026-06-02,US,P1044,PG1059,KW10327,1663.6,Completed,2026-06-02 12:01:00
ORD105210,2025-10-29,IN,P1006,PG1238,KW10466,658.0,Cancelled,2025-10-29 01:11:00
ORD105211,2026-03-30,DE,P1038,PG1263,KW11480,593.48,Completed,2026-03-30 09:52:00
ORD105212,2025-10-27,CA,P1029,PG1159,KW10233,319.33,Completed,2025-10-27 05:10:00
ORD105213,2026-06-13,UK,P1034,PG1328,KW10035,907.31,Completed,2026-06-13 19:41:00
ORD105214,2026-02-21,DE,P1021,PG1127,KW10202,2797.44,Completed,2026-02-21 07:16:00
ORD105215,2026-04-27,IN,P1025,PG1379,KW10466,1105.06,Returned,2026-04-27 04:18:00
ORD105216,2025-12-17,UK,P1027,PG1475,KW11892,537.92,Completed,2025-12-17 13:49:00
ORD105217,2025-10-24,FR,P1031,PG1065,KW10392,1445.97,Completed,2025-10-24 00:31:00
ORD105218,2026-09-10,JP,P1032,PG1158,KW10560,752.85,Completed,2026-09-10 11:21:00
ORD105219,2026-01-23,FR,P1032,PG1457,KW10817,631.86,Returned,2026-01-23 13:15:00
ORD105220,2025-11-06,JP,P1015,PG1401,KW10843,190.11,Completed,2025-11-06 14:57:00
ORD105221,2026-09-20,FR,P1031,PG1381,KW11342,492.94,Completed,2026-09-20 06:01:00
ORD105222,2026-01-19,FR,P1032,PG1227,KW10739,534.4,Completed,2026-01-19 23:53:00
ORD105223,2026-06-15,FR,P1047,PG1239,KW11054,807.28,Completed,2026-06-15 05:10:00
ORD105224,2026-01-02,BR,P1047,PG1056,KW10158,1203.19,Returned,2026-01-02 06:08:00
ORD105225,2026-09-08,CA,P1006,PG1169,KW11040,324.24,Completed,2026-09-08 09:36:00
ORD105226,2026-03-15,JP,P1006,PG1057,KW10305,813.65,Pending,2026-03-15 00:11:00
ORD105227,2026-04-17,MX,P1009,PG1246,KW10936,1421.09,Pending,2026-04-17 13:16:00
ORD105228,2026-01-12,FR,P1019,PG1282,KW11270,325.86,Returned,2026-01-12 14:24:00
ORD105229,2026-04-25,JP,P1010,PG1370,KW11756,1978.05,Pending,2026-04-25 12:46:00
ORD105230,2026-01-30,IN,P1018,PG1472,KW11821,885.43,Pending,2026-01-30 18:56:00
ORD105231,2026-01-28,JP,P1006,PG1460,KW11641,776.94,Completed,2026-01-28 02:46:00
ORD105232,2026-02-27,DE,P1044,PG1445,KW10652,1051.67,Completed,2026-02-27 03:39:00
ORD105233,2026-07-23,BR,P1042,PG1379,KW11891,488.89,Returned,2026-07-23 23:44:00
ORD105234,2026-03-18,US,P1037,PG1246,KW10033,373.68,Returned,2026-03-18 12:50:00
ORD105235,2026-08-04,IN,P1027,PG1087,KW10750,1118.87,Completed,2026-08-04 21:04:00
ORD105236,2026-01-03,BR,P1006,PG1168,KW11896,2454.46,Returned,2026-01-03 16:01:00
ORD105237,2026-09-12,AU,P1013,PG1430,KW10854,230.41,Returned,2026-09-12 07:27:00
ORD105238,2026-03-02,BR,P1006,PG1219,KW11570,1091.24,Completed,2026-03-02 01:16:00
ORD105239,2026-08-31,FR,P1026,PG1022,KW10623,540.83,Completed,2026-08-31 20:46:00
ORD105240,2026-08-13,IN,P1038,PG1379,KW11404,1286.93,Completed,2026-08-13 14:19:00
ORD105241,2025-12-26,AU,P1005,PG1256,KW11380,764.62,Cancelled,2025-12-26 09:16:00
ORD105242,2026-05-02,JP,P1018,PG1435,KW11164,382.62,Completed,2026-05-02 00:00:00
ORD105243,2026-04-19,MX,P1042,PG1435,KW11125,636.99,Completed,2026-04-19 15:21:00
ORD105244,2026-05-13,FR,P1014,PG1178,KW10088,1191.43,Completed,2026-05-13 18:52:00
ORD105245,2026-06-01,CA,P1032,PG1362,KW11398,391.41,Completed,2026-06-01 00:18:00
ORD105246,2025-10-21,BR,P1020,PG1370,KW10545,2465.35,Pending,2025-10-21 22:38:00
ORD105247,2026-01-08,UK,P1027,PG1499,KW11714,486.74,Completed,2026-01-08 17:45:00
ORD105248,2026-03-13,US,P1027,PG1006,KW10565,1550.96,Returned,2026-03-13 12:28:00
ORD105249,2026-06-05,UK,P1013,PG1234,KW11166,1261.27,Returned,2026-06-05 16:07:00
ORD105250,2026-03-29,CA,P1035,PG1273,KW10134,992.05,Pending,2026-03-29 09:15:00
ORD105251,2026-04-22,UK,P1009,PG1327,KW10333,1187.1,Cancelled,2026-04-22 00:16:00
ORD105252,2025-12-30,MX,P1020,PG1281,KW11554,953.26,Completed,2025-12-30 00:19:00
ORD105253,2026-01-11,CA,P1003,PG1367,KW10372,505.3,Pending,2026-01-11 07:13:00
ORD105254,2026-02-01,US,P1029,PG1043,KW11016,492.34,Returned,2026-02-01 08:45:00
ORD105255,2025-12-25,DE,P1002,PG1060,KW11156,374.45,Cancelled,2025-12-25 12:06:00
ORD105256,2026-09-17,IN,P1038,PG1476,KW10300,1783.32,Completed,2026-09-17 08:56:00
ORD105257,2026-09-12,CA,P1027,PG1352,KW10181,494.37,Pending,2026-09-12 19:06:00
ORD105258,2026-04-05,IN,P1007,PG1489,KW11904,792.04,Completed,2026-04-05 13:10:00
ORD105259,2026-06-27,FR,P1047,PG1097,KW11813,1184.03,Completed,2026-06-27 06:51:00
ORD105260,2025-10-04,AU,P1045,PG1250,KW11566,626.33,Returned,2025-10-04 20:04:00
ORD105261,2025-10-12,JP,P1037,PG1132,KW11845,777.85,Completed,2025-10-12 22:36:00
ORD105262,2025-10-17,CA,P1018,PG1280,KW11316,1277.29,Completed,2025-10-17 00:34:00
ORD105263,2025-12-23,DE,P1018,PG1210,KW10536,1752.7,Pending,2025-12-23 12:38:00
ORD105264,2026-09-02,DE,P1008,PG1188,KW11947,739.15,Returned,2026-09-02 22:15:00
ORD105265,2026-08-02,JP,P1029,PG1086,KW10653,319.1,Completed,2026-08-02 13:51:00
ORD105266,2026-02-02,US,P1026,PG1280,KW10789,684.94,Completed,2026-02-02 08:31:00
ORD105267,2026-04-09,FR,P1001,PG1437,KW10835,921.06,Completed,2026-04-09 18:21:00
ORD105268,2026-06-26,BR,P1012,PG1047,KW10110,627.82,Returned,2026-06-26 15:00:00
ORD105269,2025-10-11,DE,P1005,PG1177,KW11594,968.56,Completed,2025-10-11 11:49:00
ORD105270,2026-07-02,IN,P1033,PG1233,KW10830,271.59,Completed,2026-07-02 03:11:00
ORD105271,2026-07-26,DE,P1007,PG1398,KW11195,671.22,Completed,2026-07-26 18:39:00
ORD105272,2025-12-06,IN,P1022,PG1258,KW11697,1403.99,Cancelled,2025-12-06 22:28:00
ORD105273,2026-08-19,CA,P1019,PG1093,KW10887,496.46,Completed,2026-08-19 21:55:00
ORD105274,2026-09-10,BR,P1040,PG1257,KW11204,521.98,Completed,2026-09-10 21:22:00
ORD105275,2026-09-16,IN,P1003,PG1148,KW11549,351.3,Completed,2026-09-16 01:32:00
ORD105276,2025-11-19,UK,P1032,PG1376,KW10203,607.33,Returned,2025-11-19 03:39:00
ORD105277,2026-01-12,CA,P1008,PG1080,KW10927,1121.29,Completed,2026-01-12 02:06:00
ORD105278,2026-04-22,FR,P1029,PG1171,KW10306,797.8,Completed,2026-04-22 20:16:00
ORD105279,2026-07-07,AU,P1020,PG1110,KW10823,1623.86,Cancelled,2026-07-07 05:27:00
ORD105280,2026-05-09,US,P1042,PG1087,KW11777,853.15,Cancelled,2026-05-09 18:53:00
ORD105281,2025-10-12,MX,P1025,PG1011,KW10375,1843.43,Completed,2025-10-12 06:45:00
ORD105282,2026-02-21,DE,P1021,PG1227,KW11649,2239.05,Pending,2026-02-21 02:49:00
ORD105283,2026-02-25,MX,P1022,PG1142,KW11708,387.52,Cancelled,2026-02-25 20:03:00
ORD105284,2026-06-13,US,P1020,PG1378,KW10654,452.07,Completed,2026-06-13 10:59:00
ORD105285,2026-03-11,DE,P1020,PG1224,KW10846,420.55,Cancelled,2026-03-11 20:16:00
ORD105286,2026-05-09,CA,P1002,PG1376,KW10853,1267.72,Completed,2026-05-09 14:05:00
ORD105287,2026-02-15,BR,P1013,PG1327,KW11591,1127.09,Completed,2026-02-15 16:11:00
ORD105288,2026-02-11,DE,P1003,PG1253,KW11264,1188.78,Completed,2026-02-11 10:16:00
ORD105289,2025-11-16,AU,P1016,PG1023,KW11241,2119.38,Completed,2025-11-16 09:09:00
ORD105290,2025-12-08,BR,P1047,PG1417,KW11214,1737.4,Returned,2025-12-08 20:29:00
ORD105291,2026-04-14,BR,P1003,PG1460,KW10769,1138.35,Returned,2026-04-14 17:51:00
ORD105292,2026-04-19,US,P1008,PG1338,KW11507,933.68,Completed,2026-04-19 12:41:00
ORD105293,2026-04-11,BR,P1018,PG1483,KW11062,1689.37,Pending,2026-04-11 23:26:00
ORD105294,2026-09-24,FR,P1007,PG1415,KW10176,1505.64,Completed,2026-09-24 20:21:00
ORD105295,2025-12-15,FR,P1014,PG1356,KW11796,1156.48,Completed,2025-12-15 16:19:00
ORD105296,2025-12-21,BR,P1022,PG1480,KW11063,301.87,Returned,2025-12-21 06:35:00
ORD105297,2026-01-21,UK,P1028,PG1012,KW10245,1312.81,Completed,2026-01-21 00:48:00
ORD105298,2026-06-26,US,P1048,PG1139,KW10971,1023.99,Completed,2026-06-26 05:43:00
ORD105299,2026-05-10,FR,P1027,PG1422,KW10571,190.2,Completed,2026-05-10 19:35:00
ORD105300,2026-01-31,DE,P1018,PG1364,KW10182,1128.85,Completed,2026-01-31 20:00:00
ORD105301,2026-04-02,JP,P1038,PG1359,KW11423,2020.0,Pending,2026-04-02 02:50:00
ORD105302,2026-03-20,US,P1019,PG1318,KW11661,498.32,Completed,2026-03-20 14:27:00
ORD105303,2025-11-14,US,P1042,PG1288,KW11703,287.5,Cancelled,2025-11-14 04:49:00
ORD105304,2025-10-16,MX,P1031,PG1070,KW10771,493.09,Completed,2025-10-16 04:34:00
ORD105305,2026-08-04,JP,P1017,PG1398,KW11045,250.69,Pending,2026-08-04 21:03:00
ORD105306,2026-07-08,AU,P1026,PG1122,KW10259,712.5,Completed,2026-07-08 10:54:00
ORD105307,2026-06-25,FR,P1005,PG1300,KW10428,629.5,Completed,2026-06-25 08:11:00
ORD105308,2026-03-18,BR,P1050,PG1226,KW11005,336.28,Pending,2026-03-18 17:55:00
ORD105309,2026-09-15,US,P1045,PG1021,KW11064,731.32,Completed,2026-09-15 14:52:00
ORD105310,2026-05-02,IN,P1017,PG1235,KW11356,774.13,Completed,2026-05-02 22:44:00
ORD105311,2025-12-02,AU,P1050,PG1119,KW10229,382.55,Completed,2025-12-02 06:49:00
ORD105312,2026-04-03,FR,P1012,PG1002,KW10683,610.1,Returned,2026-04-03 06:05:00
ORD105313,2025-10-06,US,P1035,PG1224,KW11847,580.94,Completed,2025-10-06 12:39:00
ORD105314,2026-02-16,IN,P1048,PG1284,KW10427,811.98,Pending,2026-02-16 15:11:00
ORD105315,2026-09-17,IN,P1023,PG1067,KW11170,330.56,Completed,2026-09-17 09:58:00
ORD105316,2025-10-31,US,P1025,PG1151,KW11192,630.18,Pending,2025-10-31 21:34:00
ORD105317,2025-12-19,MX,P1016,PG1105,KW10150,1096.82,Pending,2025-12-19 16:57:00
ORD105318,2026-02-20,JP,P1015,PG1065,KW10814,778.21,Pending,2026-02-20 16:11:00
ORD105319,2026-04-28,US,P1008,PG1487,KW10944,565.33,Cancelled,2026-04-28 18:02:00
ORD105320,2025-12-30,UK,P1035,PG1081,KW10303,831.03,Pending,2025-12-30 01:18:00
ORD105321,2025-11-29,BR,P1020,PG1135,KW11912,412.21,Completed,2025-11-29 04:41:00
ORD105322,2026-09-10,DE,P1016,PG1239,KW10567,1092.22,Completed,2026-09-10 08:47:00
ORD105323,2026-08-13,JP,P1032,PG1219,KW10003,518.0,Completed,2026-08-13 22:28:00
ORD105324,2026-04-24,FR,P1037,PG1286,KW10058,297.18,Returned,2026-04-24 04:20:00
ORD105325,2026-09-07,DE,P1032,PG1342,KW10380,733.61,Pending,2026-09-07 12:42:00
ORD105326,2025-11-02,CA,P1001,PG1033,KW10182,229.45,Pending,2025-11-02 07:12:00
ORD105327,2026-05-27,AU,P1038,PG1333,KW11654,2146.09,Completed,2026-05-27 09:24:00
ORD105328,2025-12-27,JP,P1042,PG1204,KW11876,1824.56,Returned,2025-12-27 15:21:00
ORD105329,2025-12-27,US,P1049,PG1443,KW11185,356.2,Completed,2025-12-27 23:09:00
ORD105330,2026-03-29,DE,P1033,PG1227,KW11069,690.45,Completed,2026-03-29 21:07:00
ORD105331,2026-04-17,JP,P1008,PG1389,KW11430,393.86,Completed,2026-04-17 14:59:00
ORD105332,2026-08-10,IN,P1019,PG1114,KW10317,287.21,Returned,2026-08-10 08:45:00
ORD105333,2026-05-13,IN,P1017,PG1375,KW11513,1530.23,Cancelled,2026-05-13 20:58:00
ORD105334,2026-04-14,DE,P1033,PG1247,KW11067,1039.71,Completed,2026-04-14 11:13:00
ORD105335,2026-04-22,US,P1021,PG1160,KW11704,489.62,Completed,2026-04-22 17:59:00
ORD105336,2026-01-07,IN,P1010,PG1223,KW11433,1170.05,Cancelled,2026-01-07 17:21:00
ORD105337,2025-12-26,BR,P1027,PG1219,KW11274,690.05,Cancelled,2025-12-26 03:56:00
ORD105338,2025-10-31,AU,P1038,PG1345,KW10514,394.2,Completed,2025-10-31 12:00:00
ORD105339,2026-05-02,FR,P1016,PG1411,KW11382,637.71,Completed,2026-05-02 23:01:00
ORD105340,2026-02-15,MX,P1041,PG1261,KW10991,1133.95,Returned,2026-02-15 04:14:00
ORD105341,2026-02-26,CA,P1008,PG1171,KW11327,410.27,Returned,2026-02-26 03:46:00
ORD105342,2026-07-27,AU,P1042,PG1122,KW11775,1118.54,Completed,2026-07-27 12:58:00
ORD105343,2026-07-04,BR,P1018,PG1049,KW10974,762.86,Completed,2026-07-04 04:06:00
ORD105344,2026-04-27,AU,P1042,PG1422,KW10559,2286.49,Completed,2026-04-27 21:36:00
ORD105345,2025-12-15,BR,P1009,PG1383,KW11819,881.48,Completed,2025-12-15 16:31:00
ORD105346,2025-12-28,UK,P1039,PG1346,KW10915,956.29,Completed,2025-12-28 02:32:00
ORD105347,2026-08-30,AU,P1038,PG1130,KW10073,446.34,Returned,2026-08-30 16:51:00
ORD105348,2026-09-10,MX,P1004,PG1460,KW11971,1392.49,Returned,2026-09-10 06:07:00
ORD105349,2026-06-06,AU,P1030,PG1422,KW10616,529.59,Returned,2026-06-06 02:17:00
ORD105350,2025-11-27,DE,P1007,PG1305,KW10805,489.19,Pending,2025-11-27 11:11:00
ORD105351,2025-10-31,FR,P1011,PG1136,KW10759,495.75,Cancelled,2025-10-31 02:49:00
ORD105352,2026-09-16,BR,P1028,PG1337,KW11855,1030.86,Returned,2026-09-16 20:29:00
ORD105353,2025-12-27,IN,P1023,PG1196,KW10821,1450.35,Cancelled,2025-12-27 10:27:00
ORD105354,2026-05-29,US,P1026,PG1015,KW11194,1441.09,Completed,2026-05-29 02:29:00
ORD105355,2026-08-01,DE,P1010,PG1261,KW10290,1327.77,Returned,2026-08-01 16:14:00
ORD105356,2026-08-31,US,P1015,PG1419,KW10958,358.05,Completed,2026-08-31 21:09:00
ORD105357,2026-04-26,BR,P1038,PG1318,KW11005,685.33,Completed,2026-04-26 00:32:00
ORD105358,2026-09-23,CA,P1038,PG1262,KW10386,1688.53,Returned,2026-09-23 06:22:00
ORD105359,2026-07-20,DE,P1023,PG1385,KW11424,743.25,Cancelled,2026-07-20 08:04:00
ORD105360,2026-01-10,US,P1002,PG1382,KW11673,910.79,Cancelled,2026-01-10 05:23:00
ORD105361,2026-01-09,JP,P1028,PG1286,KW11689,1598.02,Completed,2026-01-09 02:11:00
ORD105362,2025-12-28,IN,P1033,PG1292,KW10320,791.41,Returned,2025-12-28 01:41:00
ORD105363,2026-05-09,JP,P1020,PG1355,KW11815,1089.28,Pending,2026-05-09 18:33:00
ORD105364,2026-04-02,FR,P1041,PG1227,KW11348,403.55,Returned,2026-04-02 18:47:00
ORD105365,2026-08-04,FR,P1049,PG1313,KW11106,1006.16,Completed,2026-08-04 16:46:00
ORD105366,2026-05-24,BR,P1018,PG1004,KW11029,1443.22,Completed,2026-05-24 06:10:00
ORD105367,2026-01-02,BR,P1027,PG1312,KW10602,661.09,Completed,2026-01-02 06:04:00
ORD105368,2026-08-31,CA,P1032,PG1179,KW11474,1137.36,Completed,2026-08-31 21:34:00
ORD105369,2025-10-25,JP,P1007,PG1011,KW10374,455.78,Pending,2025-10-25 07:35:00
ORD105370,2026-06-23,BR,P1006,PG1330,KW10138,377.82,Completed,2026-06-23 00:50:00
ORD105371,2026-08-04,IN,P1039,PG1322,KW10204,769.55,Pending,2026-08-04 02:31:00
ORD105372,2026-04-25,AU,P1001,PG1451,KW10737,1532.93,Pending,2026-04-25 09:19:00
ORD105373,2026-09-25,JP,P1025,PG1141,KW11645,555.87,Pending,2026-09-25 03:49:00
ORD105374,2025-11-12,CA,P1039,PG1311,KW10550,888.62,Completed,2025-11-12 17:10:00
ORD105375,2026-05-03,JP,P1048,PG1487,KW11303,925.99,Completed,2026-05-03 03:49:00
ORD105376,2025-12-19,IN,P1033,PG1037,KW11804,379.27,Completed,2025-12-19 14:54:00
ORD105377,2026-03-03,JP,P1034,PG1122,KW11196,895.75,Completed,2026-03-03 16:10:00
ORD105378,2025-11-05,MX,P1008,PG1068,KW11987,520.66,Completed,2025-11-05 06:53:00
ORD105379,2026-08-10,UK,P1041,PG1301,KW10035,662.54,Completed,2026-08-10 18:36:00
ORD105380,2026-05-01,MX,P1044,PG1280,KW11341,2394.41,Returned,2026-05-01 01:22:00
ORD105381,2026-04-08,BR,P1021,PG1261,KW10089,1024.69,Completed,2026-04-08 19:11:00
ORD105382,2025-12-14,JP,P1037,PG1153,KW11808,1684.59,Completed,2025-12-14 19:22:00
ORD105383,2025-10-21,CA,P1042,PG1155,KW10821,901.48,Completed,2025-10-21 23:38:00
ORD105384,2026-02-28,IN,P1023,PG1472,KW11937,798.47,Completed,2026-02-28 14:35:00
ORD105385,2025-11-22,BR,P1043,PG1226,KW10470,817.23,Completed,2025-11-22 05:12:00
ORD105386,2026-03-06,DE,P1015,PG1144,KW10699,1399.87,Pending,2026-03-06 01:54:00
ORD105387,2025-12-25,JP,P1025,PG1407,KW11694,1764.31,Completed,2025-12-25 15:47:00
ORD105388,2025-11-03,JP,P1001,PG1494,KW10016,813.76,Completed,2025-11-03 04:57:00
ORD105389,2026-01-04,UK,P1037,PG1027,KW11801,1037.27,Cancelled,2026-01-04 03:50:00
ORD105390,2026-03-27,IN,P1025,PG1432,KW11588,566.21,Completed,2026-03-27 18:03:00
ORD105391,2025-12-04,BR,P1050,PG1364,KW11890,547.36,Pending,2025-12-04 01:05:00
ORD105392,2026-09-21,US,P1005,PG1235,KW10135,1589.53,Returned,2026-09-21 07:17:00
ORD105393,2026-05-08,JP,P1042,PG1165,KW10067,1209.27,Pending,2026-05-08 18:12:00
ORD105394,2026-03-25,FR,P1006,PG1055,KW11926,688.2,Completed,2026-03-25 07:52:00
ORD105395,2026-07-12,BR,P1042,PG1194,KW11798,513.0,Completed,2026-07-12 08:02:00
ORD105396,2025-11-28,US,P1019,PG1100,KW11940,866.6,Pending,2025-11-28 10:51:00
ORD105397,2026-07-30,BR,P1011,PG1365,KW10454,665.44,Returned,2026-07-30 00:48:00
ORD105398,2026-01-08,FR,P1046,PG1431,KW11272,693.51,Pending,2026-01-08 01:08:00
ORD105399,2026-09-03,IN,P1023,PG1010,KW11427,1384.91,Returned,2026-09-03 20:28:00
ORD105400,2026-04-02,FR,P1023,PG1384,KW10252,867.27,Pending,2026-04-02 11:39:00
ORD105401,2026-04-11,BR,P1042,PG1384,KW11820,537.24,Cancelled,2026-04-11 20:46:00
ORD105402,2026-07-25,AU,P1018,PG1354,KW11891,779.63,Cancelled,2026-07-25 05:53:00
ORD105403,2026-05-13,UK,P1015,PG1060,KW11138,1251.26,Cancelled,2026-05-13 09:42:00
ORD105404,2026-06-26,MX,P1021,PG1321,KW10676,2026.05,Cancelled,2026-06-26 07:13:00
ORD105405,2026-09-14,US,P1002,PG1339,KW11239,571.28,Completed,2026-09-14 03:16:00
ORD105406,2026-09-07,BR,P1005,PG1450,KW10503,416.39,Cancelled,2026-09-07 03:27:00
ORD105407,2026-03-24,IN,P1029,PG1105,KW10887,337.87,Completed,2026-03-24 15:54:00
ORD105408,2025-11-17,IN,P1021,PG1382,KW10644,961.87,Completed,2025-11-17 04:17:00
ORD105409,2025-11-06,CA,P1043,PG1310,KW10545,441.32,Pending,2025-11-06 21:49:00
ORD105410,2026-05-30,UK,P1027,PG1085,KW10785,855.14,Completed,2026-05-30 15:35:00
ORD105411,2026-01-23,US,P1029,PG1143,KW10668,486.71,Cancelled,2026-01-23 03:24:00
ORD105412,2026-05-21,US,P1050,PG1437,KW10289,441.17,Returned,2026-05-21 12:53:00
ORD105413,2026-08-07,FR,P1021,PG1479,KW10266,621.54,Completed,2026-08-07 11:35:00
ORD105414,2025-12-08,MX,P1011,PG1019,KW10693,1050.26,Completed,2025-12-08 12:06:00
ORD105415,2025-12-01,FR,P1013,PG1089,KW10828,1705.79,Completed,2025-12-01 13:33:00
ORD105416,2025-10-07,MX,P1024,PG1361,KW11642,1544.16,Completed,2025-10-07 02:30:00
ORD105417,2026-06-16,AU,P1043,PG1313,KW10080,1012.32,Completed,2026-06-16 22:35:00
ORD105418,2026-04-10,DE,P1014,PG1312,KW10100,680.75,Completed,2026-04-10 09:15:00
ORD105419,2026-02-06,US,P1006,PG1425,KW11977,603.16,Completed,2026-02-06 09:20:00
ORD105420,2026-02-13,DE,P1006,PG1497,KW10366,464.18,Returned,2026-02-13 02:30:00
ORD105421,2025-11-12,AU,P1013,PG1266,KW10366,736.39,Completed,2025-11-12 07:34:00
ORD105422,2026-04-28,MX,P1014,PG1354,KW11588,1100.69,Completed,2026-04-28 06:58:00
ORD105423,2026-01-03,US,P1007,PG1210,KW10465,756.32,Pending,2026-01-03 19:47:00
ORD105424,2026-04-27,FR,P1012,PG1471,KW11364,606.04,Completed,2026-04-27 09:59:00
ORD105425,2025-12-21,BR,P1003,PG1359,KW11576,869.25,Cancelled,2025-12-21 10:21:00
ORD105426,2025-12-14,BR,P1046,PG1153,KW11743,2300.89,Cancelled,2025-12-14 18:10:00
ORD105427,2026-05-27,US,P1044,PG1216,KW10497,1036.49,Pending,2026-05-27 17:52:00
ORD105428,2026-09-17,DE,P1041,PG1395,KW10563,386.28,Completed,2026-09-17 18:30:00
ORD105429,2026-01-26,BR,P1004,PG1461,KW10932,293.38,Completed,2026-01-26 04:25:00
ORD105430,2025-12-17,US,P1018,PG1202,KW11677,175.71,Pending,2025-12-17 15:41:00
ORD105431,2026-03-18,US,P1021,PG1417,KW10001,363.04,Cancelled,2026-03-18 22:16:00
ORD105432,2026-03-17,JP,P1009,PG1083,KW10829,1202.53,Completed,2026-03-17 06:23:00
ORD105433,2025-12-19,DE,P1001,PG1318,KW10720,503.06,Completed,2025-12-19 12:21:00
ORD105434,2025-11-07,AU,P1047,PG1286,KW11216,683.6,Returned,2025-11-07 21:23:00
ORD105435,2025-11-12,IN,P1047,PG1287,KW10981,620.67,Pending,2025-11-12 14:20:00
ORD105436,2026-03-29,IN,P1017,PG1340,KW11725,668.99,Pending,2026-03-29 00:57:00
ORD105437,2026-05-27,BR,P1024,PG1222,KW10306,491.43,Cancelled,2026-05-27 14:59:00
ORD105438,2026-07-12,UK,P1023,PG1330,KW10278,508.12,Completed,2026-07-12 11:46:00
ORD105439,2026-02-21,US,P1029,PG1411,KW11787,577.06,Returned,2026-02-21 05:45:00
ORD105440,2026-09-06,US,P1005,PG1193,KW10558,696.06,Pending,2026-09-06 18:36:00
ORD105441,2026-02-06,IN,P1027,PG1302,KW11837,1033.87,Cancelled,2026-02-06 21:55:00
ORD105442,2026-06-22,US,P1050,PG1171,KW11069,1181.84,Pending,2026-06-22 17:33:00
ORD105443,2026-01-18,BR,P1018,PG1072,KW10200,1240.95,Completed,2026-01-18 04:13:00
ORD105444,2025-11-13,FR,P1049,PG1117,KW10300,958.7,Pending,2025-11-13 15:23:00
ORD105445,2026-06-24,JP,P1025,PG1363,KW11860,597.21,Cancelled,2026-06-24 08:29:00
ORD105446,2025-11-05,JP,P1009,PG1407,KW11863,1044.2,Completed,2025-11-05 13:08:00
ORD105447,2025-11-16,JP,P1008,PG1129,KW11669,479.03,Completed,2025-11-16 16:49:00
ORD105448,2026-05-09,DE,P1043,PG1128,KW10452,679.42,Completed,2026-05-09 12:00:00
ORD105449,2026-09-11,AU,P1011,PG1319,KW10721,1658.82,Completed,2026-09-11 04:52:00
ORD105450,2026-07-04,FR,P1025,PG1232,KW11886,972.1,Pending,2026-07-04 22:17:00
ORD105451,2026-02-20,AU,P1018,PG1001,KW11696,1644.16,Pending,2026-02-20 20:53:00
ORD105452,2026-09-01,BR,P1017,PG1466,KW11152,396.61,Returned,2026-09-01 14:47:00
ORD105453,2026-07-10,DE,P1042,PG1221,KW11963,1358.37,Completed,2026-07-10 14:15:00
ORD105454,2026-02-04,DE,P1030,PG1390,KW10750,1001.32,Pending,2026-02-04 07:06:00
ORD105455,2026-04-05,AU,P1047,PG1117,KW11785,660.54,Completed,2026-04-05 17:45:00
ORD105456,2026-01-31,UK,P1033,PG1060,KW11047,342.08,Completed,2026-01-31 02:45:00
ORD105457,2026-04-19,CA,P1049,PG1395,KW10099,1850.41,Completed,2026-04-19 00:55:00
ORD105458,2026-08-10,BR,P1007,PG1064,KW11727,2139.97,Pending,2026-08-10 02:42:00
ORD105459,2026-06-08,CA,P1028,PG1466,KW11727,706.64,Completed,2026-06-08 13:18:00
ORD105460,2026-09-17,FR,P1050,PG1329,KW11617,915.22,Completed,2026-09-17 01:54:00
ORD105461,2026-09-18,AU,P1027,PG1421,KW10327,474.58,Pending,2026-09-18 04:59:00
ORD105462,2025-11-15,DE,P1006,PG1075,KW10842,430.83,Completed,2025-11-15 05:42:00
ORD105463,2026-02-25,IN,P1022,PG1202,KW10867,1331.12,Cancelled,2026-02-25 05:33:00
ORD105464,2026-08-10,JP,P1011,PG1125,KW10936,507.08,Returned,2026-08-10 02:20:00
ORD105465,2026-08-01,DE,P1025,PG1391,KW11628,972.02,Returned,2026-08-01 07:57:00
ORD105466,2026-04-25,CA,P1022,PG1280,KW10368,804.18,Returned,2026-04-25 08:28:00
ORD105467,2026-05-06,US,P1030,PG1260,KW11702,728.48,Completed,2026-05-06 04:29:00
ORD105468,2026-04-18,BR,P1035,PG1387,KW10149,477.14,Completed,2026-04-18 06:34:00
ORD105469,2025-11-29,CA,P1007,PG1210,KW11631,2085.77,Pending,2025-11-29 11:08:00
ORD105470,2025-10-25,UK,P1022,PG1361,KW10871,529.74,Completed,2025-10-25 14:22:00
ORD105471,2026-01-29,BR,P1018,PG1476,KW11932,828.36,Completed,2026-01-29 20:58:00
ORD105472,2026-08-23,AU,P1015,PG1013,KW11527,719.19,Cancelled,2026-08-23 05:54:00
ORD105473,2026-04-28,DE,P1032,PG1468,KW11683,1244.19,Returned,2026-04-28 08:40:00
ORD105474,2025-12-15,AU,P1043,PG1112,KW10983,3236.93,Completed,2025-12-15 16:20:00
ORD105475,2026-08-31,DE,P1011,PG1428,KW11830,812.24,Pending,2026-08-31 11:58:00
ORD105476,2025-12-20,AU,P1018,PG1122,KW11277,431.51,Pending,2025-12-20 05:53:00
ORD105477,2026-05-13,BR,P1009,PG1307,KW11517,1379.89,Completed,2026-05-13 11:16:00
ORD105478,2025-12-02,UK,P1043,PG1176,KW11552,386.53,Completed,2025-12-02 19:59:00
ORD105479,2025-11-06,BR,P1033,PG1316,KW11059,647.98,Cancelled,2025-11-06 19:36:00
ORD105480,2026-03-13,JP,P1034,PG1477,KW11848,298.86,Completed,2026-03-13 05:38:00
ORD105481,2025-11-26,FR,P1025,PG1447,KW11106,827.11,Pending,2025-11-26 07:21:00
ORD105482,2026-01-21,FR,P1041,PG1167,KW11018,369.23,Cancelled,2026-01-21 09:09:00
ORD105483,2026-03-07,BR,P1002,PG1333,KW10931,1329.21,Cancelled,2026-03-07 02:49:00
ORD105484,2026-07-08,DE,P1012,PG1012,KW10181,687.17,Completed,2026-07-08 14:36:00
ORD105485,2025-11-25,DE,P1040,PG1462,KW11966,2033.18,Cancelled,2025-11-25 05:32:00
ORD105486,2026-05-07,MX,P1001,PG1270,KW10097,1760.45,Completed,2026-05-07 09:41:00
ORD105487,2026-02-07,FR,P1010,PG1449,KW11985,515.48,Completed,2026-02-07 18:01:00
ORD105488,2025-11-11,DE,P1040,PG1051,KW11083,195.85,Returned,2025-11-11 05:06:00
ORD105489,2026-06-29,IN,P1006,PG1113,KW10086,1108.83,Returned,2026-06-29 00:46:00
ORD105490,2026-03-16,IN,P1001,PG1163,KW11093,678.44,Returned,2026-03-16 22:21:00
ORD105491,2026-02-07,BR,P1007,PG1479,KW10544,1197.84,Cancelled,2026-02-07 18:28:00
ORD105492,2025-12-08,MX,P1012,PG1333,KW10278,939.07,Cancelled,2025-12-08 02:20:00
ORD105493,2026-08-04,DE,P1035,PG1295,KW11549,285.64,Completed,2026-08-04 07:48:00
ORD105494,2026-07-22,DE,P1005,PG1252,KW11992,351.21,Completed,2026-07-22 08:03:00
ORD105495,2025-10-09,IN,P1020,PG1056,KW11850,1186.0,Pending,2025-10-09 12:02:00
ORD105496,2026-03-31,US,P1014,PG1169,KW10435,405.31,Returned,2026-03-31 14:39:00
ORD105497,2025-12-24,US,P1043,PG1049,KW11996,577.44,Completed,2025-12-24 18:27:00
ORD105498,2026-01-09,AU,P1020,PG1307,KW11895,222.19,Completed,2026-01-09 06:16:00
ORD105499,2026-08-10,CA,P1018,PG1339,KW11061,515.98,Returned,2026-08-10 23:44:00
ORD105500,2026-07-10,JP,P1021,PG1127,KW11044,520.49,Pending,2026-07-10 16:37:00
ORD105501,2026-03-13,UK,P1035,PG1425,KW10741,1536.2,Pending,2026-03-13 10:24:00
ORD105502,2026-03-20,UK,P1038,PG1470,KW10361,1357.25,Completed,2026-03-20 00:21:00
ORD105503,2025-10-12,BR,P1011,PG1254,KW10970,518.33,Completed,2025-10-12 16:25:00
ORD105504,2026-07-31,US,P1028,PG1466,KW11507,867.82,Completed,2026-07-31 18:32:00
ORD105505,2026-08-21,IN,P1036,PG1139,KW11748,923.82,Completed,2026-08-21 00:35:00
ORD105506,2026-02-24,UK,P1027,PG1202,KW10225,1513.63,Cancelled,2026-02-24 08:48:00
ORD105507,2026-03-21,CA,P1039,PG1333,KW11040,819.93,Completed,2026-03-21 03:36:00
ORD105508,2025-10-08,AU,P1009,PG1145,KW10762,630.86,Completed,2025-10-08 01:35:00
ORD105509,2026-09-13,AU,P1036,PG1257,KW11107,892.63,Completed,2026-09-13 20:29:00
ORD105510,2026-06-11,CA,P1048,PG1448,KW11897,551.69,Completed,2026-06-11 23:33:00
ORD105511,2025-11-18,DE,P1049,PG1110,KW10125,773.86,Completed,2025-11-18 11:47:00
ORD105512,2026-05-10,IN,P1026,PG1337,KW10009,385.54,Completed,2026-05-10 23:53:00
ORD105513,2025-10-11,FR,P1044,PG1441,KW11114,1093.21,Completed,2025-10-11 23:55:00
ORD105514,2026-05-19,IN,P1002,PG1282,KW11955,1159.97,Completed,2026-05-19 05:23:00
ORD105515,2026-01-19,DE,P1030,PG1388,KW10160,670.39,Completed,2026-01-19 03:46:00
ORD105516,2026-01-17,BR,P1047,PG1210,KW11716,221.57,Returned,2026-01-17 19:28:00
ORD105517,2025-10-05,JP,P1019,PG1130,KW11061,446.68,Returned,2025-10-05 02:13:00
ORD105518,2026-07-19,BR,P1050,PG1084,KW10920,526.24,Cancelled,2026-07-19 15:41:00
ORD105519,2026-09-08,DE,P1026,PG1170,KW10123,614.59,Completed,2026-09-08 10:04:00
ORD105520,2026-03-24,JP,P1023,PG1358,KW11139,238.89,Completed,2026-03-24 22:05:00
ORD105521,2026-08-24,DE,P1024,PG1156,KW10261,1274.21,Completed,2026-08-24 01:22:00
ORD105522,2025-10-10,UK,P1014,PG1089,KW11248,958.75,Cancelled,2025-10-10 22:09:00
ORD105523,2026-01-10,AU,P1002,PG1423,KW10467,1226.68,Pending,2026-01-10 11:08:00
ORD105524,2026-02-17,BR,P1032,PG1420,KW11994,961.34,Returned,2026-02-17 07:45:00
ORD105525,2026-04-25,AU,P1033,PG1087,KW10658,794.08,Cancelled,2026-04-25 02:46:00
ORD105526,2026-07-09,US,P1029,PG1300,KW10335,1848.97,Completed,2026-07-09 12:25:00
ORD105527,2026-08-22,FR,P1003,PG1368,KW11351,715.35,Completed,2026-08-22 23:47:00
ORD105528,2025-12-14,CA,P1044,PG1061,KW11147,976.4,Completed,2025-12-14 23:26:00
ORD105529,2025-12-28,MX,P1041,PG1211,KW10506,512.91,Completed,2025-12-28 05:21:00
ORD105530,2026-03-18,FR,P1014,PG1178,KW11111,639.74,Completed,2026-03-18 09:37:00
ORD105531,2025-11-12,BR,P1030,PG1106,KW10202,544.78,Pending,2025-11-12 05:28:00
ORD105532,2026-04-14,MX,P1047,PG1155,KW10278,278.81,Returned,2026-04-14 20:34:00
ORD105533,2025-12-25,CA,P1032,PG1018,KW11050,725.13,Completed,2025-12-25 04:36:00
ORD105534,2026-09-21,MX,P1002,PG1139,KW11734,601.98,Returned,2026-09-21 11:53:00
ORD105535,2026-02-26,AU,P1031,PG1069,KW10652,437.92,Completed,2026-02-26 00:27:00
ORD105536,2026-02-28,BR,P1042,PG1069,KW10950,1014.52,Completed,2026-02-28 15:38:00
ORD105537,2026-07-04,AU,P1039,PG1177,KW11781,1069.26,Completed,2026-07-04 04:57:00
ORD105538,2026-06-06,FR,P1046,PG1111,KW10969,2054.13,Returned,2026-06-06 14:04:00
ORD105539,2025-11-29,DE,P1046,PG1026,KW11766,959.14,Pending,2025-11-29 03:43:00
ORD105540,2026-09-21,MX,P1036,PG1170,KW11421,752.68,Completed,2026-09-21 13:28:00
ORD105541,2026-06-06,JP,P1029,PG1075,KW10926,371.06,Completed,2026-06-06 12:13:00
ORD105542,2026-06-29,MX,P1015,PG1062,KW11657,901.76,Completed,2026-06-29 03:27:00
ORD105543,2026-03-17,DE,P1044,PG1255,KW11122,624.77,Cancelled,2026-03-17 06:53:00
ORD105544,2026-09-15,BR,P1017,PG1487,KW11040,848.69,Returned,2026-09-15 21:06:00
ORD105545,2025-10-19,UK,P1013,PG1432,KW11316,771.0,Completed,2025-10-19 01:41:00
ORD105546,2025-12-30,DE,P1019,PG1027,KW11665,528.58,Returned,2025-12-30 10:18:00
ORD105547,2026-09-07,JP,P1046,PG1002,KW10116,602.28,Completed,2026-09-07 22:25:00
ORD105548,2026-02-15,DE,P1030,PG1270,KW11189,979.38,Completed,2026-02-15 04:01:00
ORD105549,2025-10-26,JP,P1017,PG1433,KW11058,354.44,Returned,2025-10-26 17:47:00
ORD105550,2026-09-07,MX,P1006,PG1419,KW11468,1219.67,Completed,2026-09-07 08:34:00
ORD105551,2026-03-14,IN,P1025,PG1024,KW11396,1419.54,Completed,2026-03-14 06:54:00
ORD105552,2026-06-14,JP,P1047,PG1137,KW11175,1228.83,Returned,2026-06-14 00:06:00
ORD105553,2026-02-19,DE,P1034,PG1409,KW10217,995.0,Completed,2026-02-19 10:54:00
ORD105554,2026-03-22,AU,P1002,PG1082,KW10555,327.91,Completed,2026-03-22 04:10:00
ORD105555,2026-05-04,US,P1004,PG1460,KW11963,372.83,Completed,2026-05-04 02:27:00
ORD105556,2026-05-28,JP,P1005,PG1144,KW11312,1595.11,Completed,2026-05-28 05:42:00
ORD105557,2026-01-27,US,P1044,PG1013,KW10773,296.97,Pending,2026-01-27 09:36:00
ORD105558,2026-02-09,MX,P1016,PG1481,KW11045,674.69,Cancelled,2026-02-09 21:30:00
ORD105559,2026-04-04,AU,P1046,PG1405,KW11998,527.66,Completed,2026-04-04 13:30:00
ORD105560,2025-11-09,CA,P1010,PG1210,KW11848,964.95,Returned,2025-11-09 14:33:00
ORD105561,2026-09-16,FR,P1050,PG1047,KW11528,2280.37,Pending,2026-09-16 06:17:00
ORD105562,2025-10-30,DE,P1049,PG1261,KW10028,463.05,Completed,2025-10-30 01:55:00
ORD105563,2026-01-02,UK,P1044,PG1070,KW10444,536.77,Pending,2026-01-02 21:39:00
ORD105564,2026-04-14,DE,P1005,PG1375,KW10708,1113.68,Returned,2026-04-14 19:04:00
ORD105565,2026-04-25,DE,P1001,PG1235,KW10018,712.23,Completed,2026-04-25 22:50:00
ORD105566,2026-05-22,AU,P1004,PG1348,KW10881,780.54,Cancelled,2026-05-22 06:17:00
ORD105567,2026-04-12,BR,P1001,PG1127,KW11087,534.72,Completed,2026-04-12 04:55:00
ORD105568,2026-07-19,JP,P1010,PG1053,KW10978,525.51,Pending,2026-07-19 08:13:00
ORD105569,2026-06-13,FR,P1030,PG1062,KW10249,1152.92,Completed,2026-06-13 10:33:00
ORD105570,2025-12-29,BR,P1011,PG1329,KW11199,713.94,Completed,2025-12-29 23:11:00
ORD105571,2026-07-10,US,P1040,PG1389,KW11551,1809.09,Returned,2026-07-10 13:26:00
ORD105572,2026-02-10,BR,P1045,PG1326,KW10488,2512.8,Returned,2026-02-10 01:13:00
ORD105573,2026-03-17,JP,P1038,PG1381,KW10288,1511.72,Completed,2026-03-17 19:22:00
ORD105574,2025-10-19,US,P1032,PG1055,KW10707,926.87,Cancelled,2025-10-19 19:29:00
ORD105575,2026-03-19,US,P1011,PG1187,KW10310,1608.83,Completed,2026-03-19 15:03:00
ORD105576,2025-11-11,FR,P1028,PG1471,KW10293,677.72,Returned,2025-11-11 00:09:00
ORD105577,2026-03-09,US,P1024,PG1074,KW11220,352.61,Pending,2026-03-09 06:28:00
ORD105578,2026-08-03,FR,P1037,PG1404,KW11398,2054.39,Completed,2026-08-03 09:24:00
ORD105579,2026-04-23,UK,P1018,PG1401,KW11058,371.26,Pending,2026-04-23 23:54:00
ORD105580,2026-04-10,DE,P1022,PG1085,KW11773,1404.16,Completed,2026-04-10 04:29:00
ORD105581,2026-08-26,FR,P1035,PG1100,KW11809,721.22,Completed,2026-08-26 22:10:00
ORD105582,2025-12-05,CA,P1011,PG1396,KW11873,567.31,Completed,2025-12-05 06:24:00
ORD105583,2026-01-08,IN,P1048,PG1155,KW11353,3148.52,Completed,2026-01-08 15:56:00
ORD105584,2026-05-06,AU,P1032,PG1326,KW11522,1247.53,Returned,2026-05-06 03:41:00
ORD105585,2026-07-16,US,P1047,PG1441,KW10234,439.94,Cancelled,2026-07-16 14:56:00
ORD105586,2026-08-08,US,P1029,PG1095,KW11360,437.12,Cancelled,2026-08-08 11:47:00
ORD105587,2026-06-28,BR,P1013,PG1138,KW10687,885.7,Cancelled,2026-06-28 17:27:00
ORD105588,2026-09-04,JP,P1006,PG1075,KW10698,537.99,Completed,2026-09-04 21:20:00
ORD105589,2026-05-27,IN,P1019,PG1328,KW10877,1618.62,Pending,2026-05-27 10:49:00
ORD105590,2026-02-15,BR,P1032,PG1348,KW10098,1330.81,Cancelled,2026-02-15 08:45:00
ORD105591,2026-05-28,IN,P1044,PG1136,KW10474,608.54,Pending,2026-05-28 19:15:00
ORD105592,2026-08-10,CA,P1039,PG1331,KW10772,1008.49,Completed,2026-08-10 05:48:00
ORD105593,2026-07-04,IN,P1033,PG1427,KW10469,468.77,Completed,2026-07-04 04:03:00
ORD105594,2025-12-24,US,P1001,PG1005,KW10581,813.9,Pending,2025-12-24 15:30:00
ORD105595,2026-08-12,MX,P1019,PG1279,KW10118,744.7,Returned,2026-08-12 14:21:00
ORD105596,2025-12-28,CA,P1019,PG1484,KW10590,629.06,Returned,2025-12-28 02:48:00
ORD105597,2025-11-23,IN,P1003,PG1331,KW10456,1468.74,Completed,2025-11-23 16:50:00
ORD105598,2026-01-06,UK,P1025,PG1432,KW10229,1677.11,Pending,2026-01-06 14:47:00
ORD105599,2026-02-06,UK,P1013,PG1442,KW11684,777.21,Completed,2026-02-06 02:46:00
ORD105600,2026-07-11,BR,P1042,PG1231,KW10845,530.39,Completed,2026-07-11 07:08:00
ORD105601,2026-01-04,UK,P1048,PG1202,KW10062,493.07,Pending,2026-01-04 13:18:00
ORD105602,2026-04-25,FR,P1039,PG1329,KW11839,663.35,Completed,2026-04-25 05:05:00
ORD105603,2026-03-01,MX,P1036,PG1269,KW11811,144.88,Completed,2026-03-01 16:31:00
ORD105604,2026-04-20,US,P1009,PG1008,KW11687,1365.44,Completed,2026-04-20 10:37:00
ORD105605,2025-11-18,CA,P1012,PG1492,KW11245,984.21,Returned,2025-11-18 17:30:00
ORD105606,2026-01-06,JP,P1045,PG1298,KW11406,1421.04,Completed,2026-01-06 05:57:00
ORD105607,2026-09-28,MX,P1014,PG1440,KW11728,957.85,Pending,2026-09-28 21:53:00
ORD105608,2025-12-17,IN,P1039,PG1063,KW11095,564.21,Completed,2025-12-17 16:38:00
ORD105609,2026-03-06,CA,P1019,PG1047,KW11169,595.96,Completed,2026-03-06 21:41:00
ORD105610,2026-02-02,UK,P1023,PG1126,KW10815,1185.74,Completed,2026-02-02 18:23:00
ORD105611,2026-03-18,MX,P1010,PG1298,KW11321,612.57,Completed,2026-03-18 22:23:00
ORD105612,2025-12-13,BR,P1042,PG1333,KW12000,600.84,Returned,2025-12-13 19:14:00
ORD105613,2026-04-22,IN,P1024,PG1312,KW10044,873.48,Completed,2026-04-22 15:04:00
ORD105614,2026-03-23,IN,P1021,PG1343,KW11096,1074.25,Completed,2026-03-23 17:14:00
ORD105615,2026-05-14,US,P1018,PG1121,KW11001,807.06,Completed,2026-05-14 10:28:00
ORD105616,2026-09-19,IN,P1036,PG1421,KW10882,546.78,Pending,2026-09-19 12:21:00
ORD105617,2026-07-22,MX,P1034,PG1440,KW10113,1276.7,Completed,2026-07-22 19:49:00
ORD105618,2026-04-10,CA,P1036,PG1195,KW10103,609.52,Pending,2026-04-10 12:11:00
ORD105619,2025-12-23,US,P1037,PG1031,KW10607,643.81,Returned,2025-12-23 07:29:00
ORD105620,2026-09-13,JP,P1011,PG1198,KW11910,1183.95,Completed,2026-09-13 17:02:00
ORD105621,2026-04-10,AU,P1006,PG1398,KW10701,424.58,Completed,2026-04-10 06:24:00
ORD105622,2026-02-26,CA,P1047,PG1179,KW11845,1661.73,Returned,2026-02-26 16:38:00
ORD105623,2026-07-08,BR,P1032,PG1449,KW11172,1376.2,Returned,2026-07-08 10:24:00
ORD105624,2025-12-30,DE,P1013,PG1003,KW11670,2060.66,Completed,2025-12-30 00:40:00
ORD105625,2025-12-25,US,P1007,PG1455,KW10145,1335.82,Cancelled,2025-12-25 02:02:00
ORD105626,2026-02-07,CA,P1009,PG1200,KW10141,595.76,Completed,2026-02-07 17:21:00
ORD105627,2025-10-02,FR,P1013,PG1238,KW11308,1403.03,Completed,2025-10-02 15:39:00
ORD105628,2026-08-27,CA,P1031,PG1211,KW10083,1197.95,Pending,2026-08-27 20:32:00
ORD105629,2026-02-28,FR,P1016,PG1168,KW10612,1055.72,Pending,2026-02-28 21:37:00
ORD105630,2026-08-28,JP,P1048,PG1062,KW10830,929.0,Completed,2026-08-28 07:37:00
ORD105631,2026-02-22,US,P1036,PG1034,KW10770,2424.23,Completed,2026-02-22 03:33:00
ORD105632,2025-12-20,CA,P1011,PG1416,KW11469,1374.14,Completed,2025-12-20 22:26:00
ORD105633,2026-01-12,AU,P1009,PG1148,KW10462,526.79,Completed,2026-01-12 01:34:00
ORD105634,2026-01-17,DE,P1009,PG1066,KW11875,1218.98,Returned,2026-01-17 01:19:00
ORD105635,2026-05-24,CA,P1004,PG1051,KW11489,1011.1,Cancelled,2026-05-24 00:18:00
ORD105636,2025-11-23,MX,P1003,PG1158,KW10557,1230.13,Completed,2025-11-23 21:37:00
ORD105637,2025-12-19,FR,P1014,PG1199,KW10876,745.81,Completed,2025-12-19 20:24:00
ORD105638,2026-06-24,US,P1008,PG1103,KW11186,820.94,Pending,2026-06-24 02:38:00
ORD105639,2026-04-01,FR,P1025,PG1289,KW11839,592.29,Completed,2026-04-01 04:58:00
ORD105640,2026-01-20,BR,P1014,PG1455,KW10236,768.1,Pending,2026-01-20 15:04:00
ORD105641,2025-10-20,IN,P1016,PG1500,KW10923,870.58,Completed,2025-10-20 17:56:00
ORD105642,2025-11-15,MX,P1002,PG1260,KW10355,740.05,Completed,2025-11-15 10:48:00
ORD105643,2026-03-09,CA,P1018,PG1254,KW11860,527.09,Completed,2026-03-09 14:00:00
ORD105644,2026-08-02,MX,P1048,PG1156,KW11141,540.67,Returned,2026-08-02 22:26:00
ORD105645,2025-11-20,CA,P1033,PG1041,KW11662,340.48,Returned,2025-11-20 01:00:00
ORD105646,2025-11-25,JP,P1019,PG1364,KW11720,602.65,Completed,2025-11-25 03:58:00
ORD105647,2025-11-26,BR,P1046,PG1179,KW11024,540.08,Cancelled,2025-11-26 07:53:00
ORD105648,2026-06-03,US,P1039,PG1343,KW10669,742.48,Completed,2026-06-03 13:39:00
ORD105649,2026-07-06,DE,P1039,PG1055,KW11411,2388.06,Completed,2026-07-06 13:50:00
ORD105650,2026-04-29,BR,P1042,PG1016,KW11368,449.97,Pending,2026-04-29 22:29:00
ORD105651,2026-01-28,US,P1024,PG1287,KW11754,887.09,Cancelled,2026-01-28 05:37:00
ORD105652,2026-01-15,MX,P1044,PG1185,KW11074,421.13,Completed,2026-01-15 02:59:00
ORD105653,2026-04-30,JP,P1032,PG1171,KW11829,848.25,Pending,2026-04-30 20:31:00
ORD105654,2026-07-27,MX,P1006,PG1281,KW11139,807.46,Returned,2026-07-27 12:52:00
ORD105655,2026-06-13,JP,P1022,PG1300,KW10585,371.5,Completed,2026-06-13 01:51:00
ORD105656,2025-11-01,CA,P1038,PG1413,KW10712,1481.03,Returned,2025-11-01 08:18:00
ORD105657,2026-03-13,MX,P1036,PG1035,KW10589,339.47,Cancelled,2026-03-13 16:28:00
ORD105658,2025-10-11,FR,P1049,PG1034,KW11935,409.66,Completed,2025-10-11 00:34:00
ORD105659,2026-07-05,DE,P1026,PG1124,KW11900,1522.19,Completed,2026-07-05 15:50:00
ORD105660,2026-06-02,UK,P1027,PG1146,KW11391,1847.52,Completed,2026-06-02 08:04:00
ORD105661,2026-04-20,JP,P1001,PG1220,KW11761,1374.31,Pending,2026-04-20 05:31:00
ORD105662,2026-04-29,JP,P1005,PG1204,KW10010,513.48,Pending,2026-04-29 16:03:00
ORD105663,2026-02-01,BR,P1026,PG1057,KW11716,1118.46,Completed,2026-02-01 09:13:00
ORD105664,2026-08-23,BR,P1017,PG1207,KW10946,548.43,Completed,2026-08-23 22:49:00
ORD105665,2026-03-16,JP,P1049,PG1309,KW11696,1674.78,Completed,2026-03-16 22:49:00
ORD105666,2025-12-11,UK,P1022,PG1311,KW11750,425.05,Completed,2025-12-11 13:02:00
ORD105667,2026-02-27,MX,P1027,PG1056,KW10341,873.5,Completed,2026-02-27 12:33:00
ORD105668,2025-11-23,BR,P1026,PG1078,KW10576,1145.94,Cancelled,2025-11-23 01:36:00
ORD105669,2026-08-17,JP,P1021,PG1357,KW11734,362.4,Pending,2026-08-17 08:47:00
ORD105670,2026-03-05,AU,P1001,PG1011,KW11963,1433.15,Completed,2026-03-05 02:32:00
ORD105671,2025-10-22,CA,P1034,PG1069,KW11580,1304.71,Completed,2025-10-22 20:37:00
ORD105672,2026-03-09,FR,P1021,PG1423,KW10398,1038.59,Completed,2026-03-09 00:56:00
ORD105673,2026-01-31,MX,P1021,PG1444,KW10199,369.59,Completed,2026-01-31 13:01:00
ORD105674,2026-06-28,CA,P1026,PG1017,KW11460,1402.08,Cancelled,2026-06-28 06:01:00
ORD105675,2026-06-11,CA,P1007,PG1237,KW10458,5082.35,Returned,2026-06-11 04:15:00
ORD105676,2026-08-31,AU,P1031,PG1374,KW11876,578.2,Completed,2026-08-31 01:37:00
ORD105677,2026-07-16,FR,P1032,PG1283,KW11268,520.4,Cancelled,2026-07-16 22:04:00
ORD105678,2026-01-14,AU,P1038,PG1125,KW11135,1235.15,Pending,2026-01-14 20:25:00
ORD105679,2026-04-19,MX,P1030,PG1346,KW10996,224.39,Returned,2026-04-19 21:12:00
ORD105680,2026-07-06,UK,P1016,PG1084,KW11155,644.69,Cancelled,2026-07-06 07:32:00
ORD105681,2026-01-02,BR,P1050,PG1127,KW10518,369.79,Cancelled,2026-01-02 05:57:00
ORD105682,2026-04-01,MX,P1027,PG1245,KW11739,842.85,Cancelled,2026-04-01 02:54:00
ORD105683,2026-04-20,DE,P1042,PG1324,KW11310,310.37,Cancelled,2026-04-20 12:31:00
ORD105684,2025-10-05,DE,P1034,PG1190,KW11782,1084.57,Completed,2025-10-05 06:34:00
ORD105685,2026-03-14,BR,P1043,PG1229,KW10553,1003.77,Completed,2026-03-14 18:21:00
ORD105686,2026-09-30,IN,P1009,PG1487,KW11851,382.63,Returned,2026-09-30 04:01:00
ORD105687,2026-08-24,DE,P1030,PG1281,KW11053,282.4,Cancelled,2026-08-24 17:40:00
ORD105688,2026-03-12,DE,P1030,PG1190,KW10001,649.82,Returned,2026-03-12 10:00:00
ORD105689,2026-01-21,JP,P1048,PG1193,KW11157,905.21,Completed,2026-01-21 15:01:00
ORD105690,2026-02-21,US,P1033,PG1372,KW11989,424.14,Completed,2026-02-21 04:29:00
ORD105691,2025-11-25,US,P1018,PG1147,KW11702,614.15,Cancelled,2025-11-25 22:12:00
ORD105692,2026-09-09,US,P1031,PG1226,KW11592,599.32,Pending,2026-09-09 02:41:00
ORD105693,2025-11-13,JP,P1030,PG1492,KW11745,1458.81,Pending,2025-11-13 03:49:00
ORD105694,2026-06-27,US,P1017,PG1124,KW11398,820.74,Completed,2026-06-27 22:10:00
ORD105695,2025-10-07,CA,P1013,PG1420,KW11442,1019.23,Completed,2025-10-07 19:52:00
ORD105696,2025-10-04,JP,P1049,PG1117,KW10883,1362.76,Pending,2025-10-04 05:26:00
ORD105697,2025-12-11,US,P1019,PG1274,KW11683,435.9,Cancelled,2025-12-11 10:54:00
ORD105698,2026-02-05,DE,P1022,PG1451,KW10912,1006.08,Completed,2026-02-05 13:25:00
ORD105699,2026-02-26,DE,P1015,PG1408,KW11113,968.42,Completed,2026-02-26 04:34:00
ORD105700,2025-11-18,JP,P1019,PG1017,KW11944,661.5,Cancelled,2025-11-18 13:33:00
ORD105701,2026-09-08,UK,P1049,PG1210,KW11085,406.28,Completed,2026-09-08 02:53:00
ORD105702,2026-08-03,JP,P1049,PG1494,KW10972,720.54,Returned,2026-08-03 11:09:00
ORD105703,2026-04-05,AU,P1014,PG1459,KW10159,638.95,Pending,2026-04-05 05:35:00
ORD105704,2026-05-29,AU,P1047,PG1497,KW10659,2038.93,Completed,2026-05-29 20:52:00
ORD105705,2026-02-18,IN,P1005,PG1038,KW10867,1050.29,Pending,2026-02-18 08:16:00
ORD105706,2026-03-08,DE,P1019,PG1203,KW10262,1820.39,Completed,2026-03-08 15:10:00
ORD105707,2025-10-31,AU,P1006,PG1044,KW11060,3151.63,Cancelled,2025-10-31 20:13:00
ORD105708,2025-10-07,US,P1014,PG1172,KW10839,648.86,Cancelled,2025-10-07 15:11:00
ORD105709,2025-12-06,IN,P1026,PG1266,KW11649,814.33,Completed,2025-12-06 01:45:00
ORD105710,2025-10-12,FR,P1016,PG1228,KW11945,607.59,Completed,2025-10-12 14:37:00
ORD105711,2026-07-03,AU,P1031,PG1204,KW11782,747.94,Completed,2026-07-03 23:09:00
ORD105712,2025-10-27,CA,P1036,PG1077,KW11467,603.94,Completed,2025-10-27 00:14:00
ORD105713,2026-08-20,US,P1047,PG1463,KW11521,174.8,Returned,2026-08-20 02:51:00
ORD105714,2026-05-05,FR,P1021,PG1437,KW11728,1513.36,Pending,2026-05-05 10:44:00
ORD105715,2026-03-12,FR,P1041,PG1127,KW10672,915.63,Completed,2026-03-12 09:41:00
ORD105716,2025-11-07,IN,P1004,PG1094,KW11064,2654.67,Returned,2025-11-07 21:51:00
ORD105717,2026-08-31,US,P1024,PG1418,KW11374,323.12,Pending,2026-08-31 04:55:00
ORD105718,2025-11-09,JP,P1009,PG1141,KW10017,678.8,Cancelled,2025-11-09 23:38:00
ORD105719,2025-12-21,BR,P1028,PG1313,KW11100,806.79,Cancelled,2025-12-21 08:26:00
ORD105720,2026-06-05,FR,P1041,PG1220,KW11441,831.65,Pending,2026-06-05 02:09:00
ORD105721,2025-12-30,DE,P1040,PG1050,KW11563,1849.41,Completed,2025-12-30 23:35:00
ORD105722,2025-11-18,FR,P1043,PG1490,KW11823,974.41,Cancelled,2025-11-18 11:07:00
ORD105723,2025-12-05,AU,P1035,PG1281,KW11875,1699.45,Completed,2025-12-05 02:02:00
ORD105724,2026-06-16,DE,P1005,PG1192,KW11270,2739.24,Returned,2026-06-16 12:24:00
ORD105725,2026-05-08,CA,P1004,PG1139,KW11630,2413.16,Completed,2026-05-08 17:41:00
ORD105726,2026-04-21,US,P1039,PG1204,KW10359,1555.41,Completed,2026-04-21 23:56:00
ORD105727,2025-11-17,BR,P1003,PG1095,KW11651,983.56,Returned,2025-11-17 08:09:00
ORD105728,2026-02-01,CA,P1007,PG1097,KW10992,890.31,Pending,2026-02-01 23:09:00
ORD105729,2026-09-12,MX,P1007,PG1311,KW11316,731.12,Completed,2026-09-12 07:33:00
ORD105730,2026-01-11,BR,P1016,PG1031,KW11575,476.75,Completed,2026-01-11 02:55:00
ORD105731,2025-10-25,FR,P1004,PG1479,KW11335,518.86,Pending,2025-10-25 18:24:00
ORD105732,2025-10-25,IN,P1002,PG1026,KW10160,2243.6,Completed,2025-10-25 13:56:00
ORD105733,2026-05-01,JP,P1038,PG1449,KW11551,2061.34,Completed,2026-05-01 09:07:00
ORD105734,2026-08-20,DE,P1028,PG1298,KW10318,1450.2,Pending,2026-08-20 01:30:00
ORD105735,2026-01-05,MX,P1016,PG1478,KW11074,703.84,Completed,2026-01-05 12:35:00
ORD105736,2026-01-11,CA,P1025,PG1407,KW11945,551.4,Pending,2026-01-11 09:00:00
ORD105737,2026-04-02,CA,P1020,PG1462,KW10838,882.92,Cancelled,2026-04-02 04:20:00
ORD105738,2025-12-27,CA,P1040,PG1015,KW11896,1081.19,Cancelled,2025-12-27 19:39:00
ORD105739,2026-03-01,IN,P1006,PG1414,KW10174,2408.77,Pending,2026-03-01 23:15:00
ORD105740,2026-07-01,JP,P1010,PG1269,KW11964,759.96,Pending,2026-07-01 12:20:00
ORD105741,2026-08-13,FR,P1014,PG1197,KW10984,1752.46,Completed,2026-08-13 05:58:00
ORD105742,2026-01-18,US,P1030,PG1302,KW11825,508.54,Completed,2026-01-18 05:50:00
ORD105743,2026-04-05,DE,P1014,PG1498,KW10359,1850.03,Completed,2026-04-05 17:32:00
ORD105744,2026-07-05,MX,P1033,PG1104,KW10761,477.71,Completed,2026-07-05 11:27:00
ORD105745,2026-06-04,AU,P1003,PG1363,KW10445,415.51,Pending,2026-06-04 12:47:00
ORD105746,2025-12-21,US,P1002,PG1458,KW11225,1576.04,Completed,2025-12-21 22:09:00
ORD105747,2026-09-07,MX,P1046,PG1107,KW10521,962.77,Completed,2026-09-07 21:44:00
ORD105748,2025-11-23,UK,P1012,PG1290,KW10412,1171.36,Completed,2025-11-23 14:49:00
ORD105749,2025-12-01,JP,P1012,PG1031,KW10452,1025.08,Completed,2025-12-01 06:01:00
ORD105750,2026-05-20,AU,P1021,PG1378,KW11921,487.94,Completed,2026-05-20 12:32:00
ORD105751,2026-04-07,FR,P1018,PG1462,KW11964,545.83,Cancelled,2026-04-07 21:54:00
ORD105752,2025-12-28,CA,P1035,PG1098,KW10671,801.77,Pending,2025-12-28 11:47:00
ORD105753,2026-04-28,MX,P1014,PG1337,KW10963,480.68,Cancelled,2026-04-28 21:19:00
ORD105754,2025-10-09,MX,P1013,PG1204,KW11339,894.15,Cancelled,2025-10-09 01:20:00
ORD105755,2026-02-01,JP,P1039,PG1465,KW10818,1387.62,Cancelled,2026-02-01 21:54:00
ORD105756,2026-05-09,MX,P1015,PG1287,KW10670,223.16,Completed,2026-05-09 02:07:00
ORD105757,2026-05-13,FR,P1040,PG1437,KW10581,413.03,Completed,2026-05-13 15:44:00
ORD105758,2026-07-13,IN,P1031,PG1373,KW10490,517.82,Completed,2026-07-13 03:43:00
ORD105759,2026-01-25,AU,P1017,PG1415,KW11415,756.55,Pending,2026-01-25 04:04:00
ORD105760,2026-09-06,JP,P1045,PG1331,KW11058,1153.16,Pending,2026-09-06 05:08:00
ORD105761,2026-08-12,CA,P1008,PG1095,KW10786,929.18,Returned,2026-08-12 23:45:00
ORD105762,2026-09-15,UK,P1040,PG1215,KW10366,1248.04,Cancelled,2026-09-15 19:36:00
ORD105763,2026-01-20,UK,P1001,PG1044,KW11649,1138.22,Completed,2026-01-20 23:06:00
ORD105764,2025-10-17,DE,P1008,PG1140,KW11268,1504.44,Cancelled,2025-10-17 12:38:00
ORD105765,2026-02-21,CA,P1035,PG1294,KW11171,669.03,Cancelled,2026-02-21 08:13:00
ORD105766,2025-10-27,US,P1013,PG1414,KW10034,808.54,Cancelled,2025-10-27 08:04:00
ORD105767,2026-04-09,JP,P1049,PG1337,KW11218,1526.12,Completed,2026-04-09 01:05:00
ORD105768,2026-02-20,DE,P1017,PG1151,KW11951,489.85,Cancelled,2026-02-20 19:52:00
ORD105769,2025-12-12,JP,P1009,PG1492,KW11992,653.14,Completed,2025-12-12 03:15:00
ORD105770,2026-09-08,BR,P1042,PG1128,KW10746,412.76,Pending,2026-09-08 16:22:00
ORD105771,2026-01-31,FR,P1002,PG1222,KW10662,671.47,Pending,2026-01-31 14:51:00
ORD105772,2026-05-14,UK,P1032,PG1476,KW10150,1407.52,Cancelled,2026-05-14 02:32:00
ORD105773,2026-08-12,CA,P1011,PG1094,KW11507,1256.28,Completed,2026-08-12 07:18:00
ORD105774,2026-04-18,US,P1023,PG1095,KW11324,1177.9,Pending,2026-04-18 17:43:00
ORD105775,2025-11-17,FR,P1021,PG1021,KW11558,1223.94,Completed,2025-11-17 00:53:00
ORD105776,2025-10-02,UK,P1014,PG1457,KW10666,1053.97,Pending,2025-10-02 20:10:00
ORD105777,2026-06-20,CA,P1008,PG1338,KW11812,1195.84,Pending,2026-06-20 03:52:00
ORD105778,2026-03-18,MX,P1035,PG1104,KW10962,290.9,Pending,2026-03-18 19:08:00
ORD105779,2025-10-11,FR,P1007,PG1054,KW10604,609.79,Completed,2025-10-11 05:25:00
ORD105780,2025-12-01,FR,P1041,PG1327,KW11615,868.09,Completed,2025-12-01 20:47:00
ORD105781,2025-12-05,UK,P1030,PG1393,KW10054,657.04,Pending,2025-12-05 14:26:00
ORD105782,2025-10-28,BR,P1032,PG1070,KW11390,629.82,Completed,2025-10-28 00:35:00
ORD105783,2026-04-23,UK,P1019,PG1348,KW10374,2135.01,Returned,2026-04-23 03:19:00
ORD105784,2025-10-04,UK,P1035,PG1339,KW11421,451.25,Completed,2025-10-04 17:14:00
ORD105785,2026-02-28,CA,P1011,PG1143,KW11710,1121.81,Pending,2026-02-28 19:51:00
ORD105786,2026-05-05,JP,P1044,PG1254,KW10838,874.66,Returned,2026-05-05 17:18:00
ORD105787,2026-03-30,AU,P1010,PG1170,KW11654,987.23,Returned,2026-03-30 19:51:00
ORD105788,2025-11-11,AU,P1035,PG1323,KW11957,680.96,Pending,2025-11-11 17:48:00
ORD105789,2026-08-12,IN,P1009,PG1432,KW11267,4144.27,Completed,2026-08-12 02:37:00
ORD105790,2026-02-14,DE,P1035,PG1247,KW11021,1135.01,Completed,2026-02-14 09:52:00
ORD105791,2026-03-08,CA,P1004,PG1273,KW11308,796.4,Pending,2026-03-08 04:09:00
ORD105792,2026-07-29,DE,P1001,PG1247,KW10048,1141.16,Returned,2026-07-29 10:26:00
ORD105793,2026-05-02,MX,P1014,PG1456,KW10231,1974.24,Completed,2026-05-02 00:59:00
ORD105794,2026-03-24,IN,P1045,PG1262,KW10691,707.67,Pending,2026-03-24 21:10:00
ORD105795,2025-12-31,MX,P1022,PG1478,KW10506,854.64,Completed,2025-12-31 14:18:00
ORD105796,2026-05-23,JP,P1042,PG1277,KW11091,851.05,Completed,2026-05-23 18:32:00
ORD105797,2026-08-29,BR,P1043,PG1194,KW11048,1568.86,Completed,2026-08-29 19:59:00
ORD105798,2026-04-16,DE,P1026,PG1337,KW11966,1029.31,Completed,2026-04-16 00:39:00
ORD105799,2025-11-28,CA,P1027,PG1148,KW11977,830.15,Pending,2025-11-28 05:42:00
ORD105800,2025-11-24,BR,P1019,PG1460,KW10416,862.32,Completed,2025-11-24 08:11:00
ORD105801,2026-02-03,CA,P1029,PG1188,KW11632,2369.32,Cancelled,2026-02-03 22:37:00
ORD105802,2026-08-26,UK,P1020,PG1153,KW10999,1002.8,Completed,2026-08-26 07:23:00
ORD105803,2026-05-27,BR,P1033,PG1078,KW11483,447.42,Completed,2026-05-27 08:21:00
ORD105804,2025-12-01,DE,P1044,PG1194,KW11087,458.59,Returned,2025-12-01 02:11:00
ORD105805,2026-07-26,UK,P1043,PG1357,KW10467,527.22,Completed,2026-07-26 14:04:00
ORD105806,2026-08-21,DE,P1037,PG1236,KW11694,1238.72,Completed,2026-08-21 08:01:00
ORD105807,2026-07-22,DE,P1038,PG1094,KW11797,492.1,Completed,2026-07-22 20:57:00
ORD105808,2026-06-18,DE,P1031,PG1437,KW10863,695.53,Completed,2026-06-18 05:10:00
ORD105809,2026-08-20,DE,P1030,PG1144,KW10066,1237.7,Completed,2026-08-20 16:47:00
ORD105810,2026-05-06,IN,P1049,PG1209,KW11244,1092.44,Cancelled,2026-05-06 04:43:00
ORD105811,2025-12-28,FR,P1025,PG1392,KW10134,256.22,Completed,2025-12-28 10:18:00
ORD105812,2025-12-08,JP,P1036,PG1241,KW10879,1186.46,Pending,2025-12-08 14:33:00
ORD105813,2026-01-26,UK,P1039,PG1082,KW10816,690.62,Pending,2026-01-26 00:48:00
ORD105814,2025-12-24,DE,P1042,PG1109,KW11359,1425.67,Returned,2025-12-24 21:30:00
ORD105815,2025-10-07,IN,P1031,PG1121,KW10391,985.14,Cancelled,2025-10-07 14:42:00
ORD105816,2026-03-30,UK,P1014,PG1294,KW11405,1110.23,Cancelled,2026-03-30 17:15:00
ORD105817,2025-10-22,US,P1046,PG1098,KW11224,618.28,Completed,2025-10-22 17:47:00
ORD105818,2026-07-16,MX,P1011,PG1287,KW10665,546.43,Cancelled,2026-07-16 09:26:00
ORD105819,2026-06-22,IN,P1019,PG1312,KW11742,509.22,Completed,2026-06-22 19:54:00
ORD105820,2026-06-05,US,P1003,PG1484,KW10517,373.62,Cancelled,2026-06-05 11:36:00
ORD105821,2026-05-24,AU,P1004,PG1401,KW11657,562.14,Pending,2026-05-24 09:36:00
ORD105822,2026-02-03,FR,P1007,PG1279,KW11577,696.13,Returned,2026-02-03 15:14:00
ORD105823,2026-03-29,CA,P1041,PG1080,KW10592,548.0,Completed,2026-03-29 21:43:00
ORD105824,2026-08-24,AU,P1010,PG1499,KW10650,510.02,Completed,2026-08-24 19:46:00
ORD105825,2026-04-26,UK,P1019,PG1043,KW10309,513.74,Completed,2026-04-26 00:12:00
ORD105826,2026-01-19,BR,P1045,PG1217,KW10016,1270.14,Completed,2026-01-19 05:19:00
ORD105827,2026-01-04,JP,P1028,PG1083,KW10823,484.33,Cancelled,2026-01-04 11:38:00
ORD105828,2026-04-06,UK,P1034,PG1474,KW10746,289.14,Cancelled,2026-04-06 21:17:00
ORD105829,2026-07-05,US,P1029,PG1009,KW10239,607.03,Completed,2026-07-05 08:22:00
ORD105830,2025-12-16,UK,P1033,PG1334,KW10007,804.67,Cancelled,2025-12-16 21:19:00
ORD105831,2026-09-13,CA,P1033,PG1206,KW10148,1610.29,Cancelled,2026-09-13 20:44:00
ORD105832,2025-12-19,FR,P1006,PG1185,KW10648,497.28,Completed,2025-12-19 04:57:00
ORD105833,2026-03-23,UK,P1016,PG1435,KW11374,1110.44,Completed,2026-03-23 20:51:00
ORD105834,2026-07-25,MX,P1040,PG1056,KW10374,1452.89,Completed,2026-07-25 19:06:00
ORD105835,2026-05-04,UK,P1033,PG1002,KW11076,590.68,Returned,2026-05-04 17:59:00
ORD105836,2025-10-16,JP,P1016,PG1026,KW10640,209.15,Cancelled,2025-10-16 22:24:00
ORD105837,2026-08-26,UK,P1022,PG1047,KW10615,1047.33,Completed,2026-08-26 20:30:00
ORD105838,2026-01-02,AU,P1049,PG1288,KW11145,1075.73,Cancelled,2026-01-02 02:11:00
ORD105839,2026-08-24,BR,P1027,PG1244,KW10617,953.9,Returned,2026-08-24 08:30:00
ORD105840,2026-04-28,US,P1021,PG1415,KW10217,541.01,Completed,2026-04-28 12:40:00
ORD105841,2026-03-25,UK,P1015,PG1212,KW11094,267.94,Completed,2026-03-25 06:46:00
ORD105842,2025-10-29,US,P1034,PG1192,KW11828,1674.12,Completed,2025-10-29 17:41:00
ORD105843,2026-01-20,FR,P1046,PG1305,KW10409,368.18,Completed,2026-01-20 02:38:00
ORD105844,2026-07-09,UK,P1046,PG1382,KW11367,517.93,Completed,2026-07-09 02:15:00
ORD105845,2025-10-06,AU,P1040,PG1293,KW10528,1667.93,Completed,2025-10-06 13:54:00
ORD105846,2026-08-29,MX,P1010,PG1317,KW10926,1794.25,Returned,2026-08-29 20:34:00
ORD105847,2025-11-20,JP,P1045,PG1164,KW10650,338.64,Pending,2025-11-20 11:20:00
ORD105848,2026-04-19,AU,P1032,PG1359,KW10042,641.14,Pending,2026-04-19 05:52:00
ORD105849,2026-08-23,MX,P1017,PG1324,KW11656,435.27,Returned,2026-08-23 06:25:00
ORD105850,2026-07-02,MX,P1048,PG1455,KW11940,490.17,Cancelled,2026-07-02 17:39:00
ORD105851,2026-01-31,UK,P1035,PG1349,KW11501,837.62,Cancelled,2026-01-31 16:24:00
ORD105852,2025-11-16,DE,P1022,PG1475,KW10077,1930.99,Completed,2025-11-16 04:23:00
ORD105853,2025-10-10,FR,P1017,PG1140,KW10696,1159.78,Completed,2025-10-10 04:27:00
ORD105854,2026-09-24,UK,P1022,PG1419,KW11105,1663.42,Cancelled,2026-09-24 19:14:00
ORD105855,2025-10-06,US,P1008,PG1246,KW11621,804.5,Completed,2025-10-06 04:09:00
ORD105856,2026-01-03,BR,P1016,PG1255,KW11557,1425.58,Completed,2026-01-03 02:55:00
ORD105857,2026-01-09,AU,P1028,PG1484,KW10583,990.55,Returned,2026-01-09 13:26:00
ORD105858,2025-12-05,JP,P1047,PG1234,KW11012,667.6,Pending,2025-12-05 22:52:00
ORD105859,2026-01-29,UK,P1045,PG1083,KW11683,690.84,Completed,2026-01-29 07:49:00
ORD105860,2026-09-18,BR,P1002,PG1027,KW10227,576.8,Completed,2026-09-18 06:07:00
ORD105861,2026-06-23,IN,P1047,PG1123,KW11804,748.97,Pending,2026-06-23 08:44:00
ORD105862,2026-02-15,US,P1017,PG1034,KW11036,610.08,Cancelled,2026-02-15 21:33:00
ORD105863,2025-12-14,AU,P1007,PG1365,KW11106,1332.2,Pending,2025-12-14 00:30:00
ORD105864,2026-01-24,IN,P1026,PG1467,KW10332,346.2,Completed,2026-01-24 19:58:00
ORD105865,2026-08-12,AU,P1026,PG1401,KW11478,649.1,Cancelled,2026-08-12 10:22:00
ORD105866,2026-03-12,AU,P1014,PG1287,KW11008,988.46,Completed,2026-03-12 15:36:00
ORD105867,2026-09-06,UK,P1033,PG1083,KW11680,1134.71,Returned,2026-09-06 22:26:00
ORD105868,2026-03-30,MX,P1003,PG1218,KW11712,2312.67,Pending,2026-03-30 05:19:00
ORD105869,2026-05-22,BR,P1033,PG1017,KW11432,855.68,Returned,2026-05-22 12:06:00
ORD105870,2025-11-19,AU,P1030,PG1404,KW10836,914.75,Returned,2025-11-19 04:44:00
ORD105871,2025-10-29,FR,P1020,PG1060,KW11272,1164.33,Cancelled,2025-10-29 11:42:00
ORD105872,2025-12-20,UK,P1025,PG1001,KW11182,664.44,Pending,2025-12-20 18:15:00
ORD105873,2025-10-12,US,P1030,PG1450,KW10860,1082.12,Returned,2025-10-12 00:19:00
ORD105874,2026-05-28,JP,P1032,PG1150,KW10669,1151.48,Completed,2026-05-28 16:30:00
ORD105875,2026-02-20,JP,P1050,PG1471,KW11046,3352.27,Pending,2026-02-20 18:27:00
ORD105876,2026-05-23,US,P1014,PG1331,KW10664,316.03,Pending,2026-05-23 08:16:00
ORD105877,2026-07-24,AU,P1027,PG1230,KW10387,853.84,Returned,2026-07-24 16:56:00
ORD105878,2026-08-19,JP,P1001,PG1222,KW11006,2180.86,Completed,2026-08-19 11:57:00
ORD105879,2026-09-02,CA,P1021,PG1062,KW11583,764.49,Cancelled,2026-09-02 05:06:00
ORD105880,2026-07-11,DE,P1032,PG1126,KW10554,3922.24,Pending,2026-07-11 23:41:00
ORD105881,2025-11-25,MX,P1013,PG1339,KW10803,348.74,Completed,2025-11-25 07:55:00
ORD105882,2025-12-28,US,P1047,PG1005,KW11221,854.06,Pending,2025-12-28 18:01:00
ORD105883,2026-08-08,JP,P1019,PG1191,KW11768,958.19,Completed,2026-08-08 11:34:00
ORD105884,2025-12-22,FR,P1014,PG1123,KW10078,2574.87,Pending,2025-12-22 05:58:00
ORD105885,2026-07-28,FR,P1012,PG1284,KW10067,1196.42,Pending,2026-07-28 22:28:00
ORD105886,2026-09-13,CA,P1005,PG1020,KW10883,340.88,Returned,2026-09-13 07:25:00
ORD105887,2025-12-19,JP,P1011,PG1199,KW10635,443.74,Completed,2025-12-19 02:29:00
ORD105888,2026-01-26,CA,P1009,PG1247,KW11565,1578.11,Completed,2026-01-26 18:12:00
ORD105889,2026-07-20,CA,P1028,PG1181,KW11667,935.78,Completed,2026-07-20 07:52:00
ORD105890,2026-01-25,CA,P1044,PG1324,KW11933,1617.5,Completed,2026-01-25 21:24:00
ORD105891,2026-04-20,AU,P1039,PG1157,KW11343,1109.55,Completed,2026-04-20 23:36:00
ORD105892,2026-03-02,JP,P1004,PG1444,KW11731,490.92,Returned,2026-03-02 23:22:00
ORD105893,2026-09-06,US,P1048,PG1220,KW11422,912.69,Completed,2026-09-06 04:37:00
ORD105894,2026-05-02,CA,P1032,PG1449,KW10327,1075.25,Cancelled,2026-05-02 10:39:00
ORD105895,2026-07-12,UK,P1001,PG1388,KW11289,560.5,Cancelled,2026-07-12 13:59:00
ORD105896,2025-11-27,BR,P1021,PG1098,KW11712,494.32,Completed,2025-11-27 14:29:00
ORD105897,2026-04-27,FR,P1048,PG1198,KW11831,208.2,Completed,2026-04-27 03:16:00
ORD105898,2025-12-26,AU,P1021,PG1231,KW11175,1225.12,Completed,2025-12-26 18:18:00
ORD105899,2026-02-05,JP,P1047,PG1439,KW10322,1093.03,Completed,2026-02-05 20:51:00
ORD105900,2026-07-27,MX,P1019,PG1131,KW10957,1177.97,Completed,2026-07-27 21:10:00
ORD105901,2026-02-13,IN,P1049,PG1097,KW11133,394.2,Pending,2026-02-13 17:25:00
ORD105902,2026-01-27,JP,P1047,PG1337,KW11776,635.71,Cancelled,2026-01-27 02:56:00
ORD105903,2026-07-27,UK,P1046,PG1024,KW10234,542.12,Pending,2026-07-27 04:34:00
ORD105904,2026-03-24,IN,P1040,PG1381,KW11785,1193.17,Completed,2026-03-24 20:45:00
ORD105905,2026-04-24,BR,P1048,PG1262,KW11559,435.33,Returned,2026-04-24 10:33:00
ORD105906,2026-09-13,JP,P1004,PG1057,KW10683,308.59,Returned,2026-09-13 08:04:00
ORD105907,2026-04-01,FR,P1038,PG1322,KW11635,2113.11,Completed,2026-04-01 19:13:00
ORD105908,2026-09-05,UK,P1046,PG1404,KW11679,1953.82,Completed,2026-09-05 03:31:00
ORD105909,2026-08-31,MX,P1031,PG1362,KW11281,795.84,Completed,2026-08-31 20:51:00
ORD105910,2026-02-20,DE,P1027,PG1160,KW10999,1834.72,Pending,2026-02-20 03:50:00
ORD105911,2026-08-23,FR,P1013,PG1054,KW11207,422.69,Completed,2026-08-23 04:01:00
ORD105912,2026-06-28,IN,P1017,PG1335,KW10062,1558.38,Cancelled,2026-06-28 22:10:00
ORD105913,2026-03-28,IN,P1044,PG1316,KW11862,393.15,Completed,2026-03-28 15:34:00
ORD105914,2026-01-11,FR,P1033,PG1084,KW10583,1540.41,Completed,2026-01-11 08:06:00
ORD105915,2026-04-13,US,P1002,PG1222,KW10498,339.22,Completed,2026-04-13 15:50:00
ORD105916,2026-09-18,BR,P1008,PG1328,KW11182,728.34,Completed,2026-09-18 04:11:00
ORD105917,2026-04-05,US,P1046,PG1275,KW11390,626.12,Completed,2026-04-05 08:25:00
ORD105918,2026-09-13,AU,P1037,PG1216,KW11794,663.27,Returned,2026-09-13 23:01:00
ORD105919,2026-08-29,IN,P1010,PG1445,KW10149,1299.93,Completed,2026-08-29 03:23:00
ORD105920,2026-07-27,IN,P1010,PG1172,KW11701,910.88,Completed,2026-07-27 05:52:00
ORD105921,2025-11-05,CA,P1038,PG1107,KW10474,241.46,Returned,2025-11-05 20:56:00
ORD105922,2026-04-22,DE,P1013,PG1337,KW10036,1005.93,Pending,2026-04-22 03:18:00
ORD105923,2026-06-04,BR,P1048,PG1251,KW10837,547.66,Cancelled,2026-06-04 03:40:00
ORD105924,2025-10-04,UK,P1016,PG1102,KW11945,534.99,Completed,2025-10-04 23:59:00
ORD105925,2026-05-29,FR,P1015,PG1252,KW11308,501.61,Completed,2026-05-29 13:26:00
ORD105926,2026-04-27,FR,P1028,PG1189,KW10101,1583.32,Completed,2026-04-27 17:46:00
ORD105927,2025-11-17,FR,P1029,PG1488,KW11236,721.91,Returned,2025-11-17 00:15:00
ORD105928,2025-11-06,CA,P1011,PG1303,KW11811,637.58,Completed,2025-11-06 01:43:00
ORD105929,2026-09-29,AU,P1004,PG1028,KW11147,682.78,Cancelled,2026-09-29 18:37:00
ORD105930,2025-11-14,CA,P1026,PG1149,KW11655,238.49,Completed,2025-11-14 02:22:00
ORD105931,2026-01-14,JP,P1034,PG1197,KW10960,810.5,Completed,2026-01-14 09:05:00
ORD105932,2025-10-20,CA,P1018,PG1056,KW10970,2471.92,Completed,2025-10-20 16:25:00
ORD105933,2026-06-17,IN,P1048,PG1308,KW10143,979.94,Pending,2026-06-17 10:44:00
ORD105934,2026-09-07,UK,P1035,PG1284,KW10932,642.82,Completed,2026-09-07 20:42:00
ORD105935,2026-09-09,BR,P1025,PG1349,KW10164,1204.15,Returned,2026-09-09 00:49:00
ORD105936,2026-03-26,AU,P1034,PG1055,KW10654,1166.87,Completed,2026-03-26 18:47:00
ORD105937,2026-02-04,BR,P1049,PG1278,KW11737,1502.52,Completed,2026-02-04 00:57:00
ORD105938,2025-12-20,FR,P1001,PG1070,KW11616,2407.14,Completed,2025-12-20 10:22:00
ORD105939,2026-01-01,JP,P1041,PG1387,KW11780,963.93,Pending,2026-01-01 15:17:00
ORD105940,2025-11-25,BR,P1013,PG1430,KW11008,1117.42,Returned,2025-11-25 12:35:00
ORD105941,2026-09-14,IN,P1039,PG1121,KW11363,426.34,Completed,2026-09-14 17:10:00
ORD105942,2025-10-30,FR,P1016,PG1064,KW10441,301.67,Completed,2025-10-30 15:57:00
ORD105943,2025-10-11,IN,P1015,PG1476,KW10800,703.77,Cancelled,2025-10-11 15:20:00
ORD105944,2026-02-21,BR,P1008,PG1325,KW10686,407.83,Completed,2026-02-21 09:20:00
ORD105945,2026-04-01,US,P1015,PG1364,KW11750,438.74,Completed,2026-04-01 05:11:00
ORD105946,2026-02-27,FR,P1040,PG1145,KW10347,474.49,Completed,2026-02-27 07:12:00
ORD105947,2025-12-03,DE,P1032,PG1186,KW10239,1355.78,Completed,2025-12-03 11:51:00
ORD105948,2026-05-22,UK,P1044,PG1157,KW10064,987.55,Completed,2026-05-22 11:15:00
ORD105949,2026-03-21,IN,P1045,PG1096,KW10574,867.82,Cancelled,2026-03-21 02:10:00
ORD105950,2025-11-20,BR,P1014,PG1425,KW10411,957.02,Cancelled,2025-11-20 10:57:00
ORD105951,2026-04-04,US,P1026,PG1141,KW11535,485.56,Cancelled,2026-04-04 22:44:00
ORD105952,2026-08-03,BR,P1049,PG1108,KW10306,660.62,Pending,2026-08-03 05:10:00
ORD105953,2026-01-02,JP,P1020,PG1309,KW10565,503.64,Cancelled,2026-01-02 17:47:00
ORD105954,2026-01-14,BR,P1018,PG1050,KW11715,3423.59,Completed,2026-01-14 08:42:00
ORD105955,2026-04-12,JP,P1047,PG1001,KW10896,653.59,Completed,2026-04-12 06:21:00
ORD105956,2026-04-05,BR,P1015,PG1352,KW11009,712.59,Completed,2026-04-05 16:37:00
ORD105957,2026-08-09,DE,P1006,PG1130,KW11128,517.75,Returned,2026-08-09 06:35:00
ORD105958,2026-09-30,US,P1027,PG1415,KW10054,300.61,Pending,2026-09-30 13:39:00
ORD105959,2026-05-04,UK,P1047,PG1336,KW11743,1108.58,Completed,2026-05-04 10:56:00
ORD105960,2026-01-12,DE,P1044,PG1242,KW10656,1585.76,Completed,2026-01-12 03:40:00
ORD105961,2026-08-13,IN,P1046,PG1429,KW11813,809.4,Returned,2026-08-13 12:03:00
ORD105962,2026-05-17,BR,P1009,PG1183,KW10415,812.79,Returned,2026-05-17 00:34:00
ORD105963,2025-10-06,AU,P1006,PG1197,KW11201,1692.26,Returned,2025-10-06 16:06:00
ORD105964,2025-11-02,US,P1026,PG1265,KW11104,804.01,Returned,2025-11-02 14:13:00
ORD105965,2025-12-01,IN,P1050,PG1360,KW10191,740.24,Completed,2025-12-01 22:44:00
ORD105966,2025-11-19,IN,P1038,PG1142,KW10871,256.46,Completed,2025-11-19 20:16:00
ORD105967,2026-07-14,JP,P1018,PG1369,KW11287,1293.41,Completed,2026-07-14 05:26:00
ORD105968,2025-10-27,CA,P1027,PG1053,KW11696,512.06,Completed,2025-10-27 12:18:00
ORD105969,2026-08-20,FR,P1024,PG1171,KW10814,1031.51,Cancelled,2026-08-20 01:08:00
ORD105970,2026-09-01,CA,P1047,PG1390,KW10070,567.83,Cancelled,2026-09-01 10:54:00
ORD105971,2026-04-11,BR,P1047,PG1499,KW11798,350.62,Pending,2026-04-11 11:40:00
ORD105972,2026-08-05,US,P1034,PG1181,KW10658,1402.1,Completed,2026-08-05 06:39:00
ORD105973,2025-12-30,DE,P1011,PG1285,KW11397,619.5,Completed,2025-12-30 03:54:00
ORD105974,2026-07-09,AU,P1039,PG1028,KW11207,434.89,Pending,2026-07-09 06:48:00
ORD105975,2026-04-10,FR,P1004,PG1472,KW10137,669.62,Completed,2026-04-10 19:52:00
ORD105976,2026-01-19,US,P1041,PG1102,KW11157,827.5,Returned,2026-01-19 12:47:00
ORD105977,2026-06-17,FR,P1025,PG1317,KW10188,1328.32,Completed,2026-06-17 11:25:00
ORD105978,2026-03-02,US,P1046,PG1095,KW11115,423.64,Completed,2026-03-02 08:51:00
ORD105979,2026-06-28,MX,P1004,PG1044,KW10499,1453.18,Cancelled,2026-06-28 14:32:00
ORD105980,2026-05-12,MX,P1004,PG1395,KW10778,3132.23,Returned,2026-05-12 22:13:00
ORD105981,2025-10-04,FR,P1001,PG1444,KW11408,799.76,Pending,2025-10-04 03:57:00
ORD105982,2025-10-30,DE,P1019,PG1261,KW10135,752.03,Returned,2025-10-30 12:45:00
ORD105983,2026-08-02,UK,P1043,PG1423,KW10156,1112.58,Returned,2026-08-02 21:05:00
ORD105984,2026-06-22,AU,P1050,PG1457,KW10773,844.79,Pending,2026-06-22 16:02:00
ORD105985,2025-11-21,BR,P1015,PG1377,KW10146,1242.72,Pending,2025-11-21 00:56:00
ORD105986,2026-04-19,DE,P1046,PG1432,KW11310,643.7,Pending,2026-04-19 12:08:00
ORD105987,2025-10-30,AU,P1031,PG1442,KW10788,1316.15,Completed,2025-10-30 15:07:00
ORD105988,2026-03-21,IN,P1042,PG1098,KW10140,430.95,Returned,2026-03-21 05:41:00
ORD105989,2025-12-11,CA,P1047,PG1406,KW11769,734.88,Cancelled,2025-12-11 12:46:00
ORD105990,2026-02-16,US,P1044,PG1476,KW10254,1020.73,Completed,2026-02-16 04:44:00
ORD105991,2026-06-10,UK,P1041,PG1300,KW11749,403.38,Pending,2026-06-10 21:43:00
ORD105992,2026-07-30,FR,P1039,PG1269,KW10936,660.24,Completed,2026-07-30 12:09:00
ORD105993,2026-07-26,BR,P1032,PG1450,KW11233,535.03,Returned,2026-07-26 12:13:00
ORD105994,2026-03-14,AU,P1014,PG1137,KW11106,1031.58,Completed,2026-03-14 10:27:00
ORD105995,2025-12-14,UK,P1004,PG1371,KW10937,672.21,Returned,2025-12-14 10:42:00
ORD105996,2026-01-25,AU,P1003,PG1415,KW11626,647.27,Completed,2026-01-25 17:10:00
ORD105997,2026-04-06,FR,P1021,PG1369,KW10884,355.18,Completed,2026-04-06 23:44:00
ORD105998,2026-02-19,FR,P1023,PG1042,KW10290,497.71,Completed,2026-02-19 07:35:00
ORD105999,2026-05-30,AU,P1028,PG1152,KW10256,1194.95,Completed,2026-05-30 18:09:00
ORD106000,2025-10-19,BR,P1048,PG1496,KW11036,351.42,Completed,2025-10-19 23:14:00
ORD106001,2026-05-06,FR,P1049,PG1310,KW11465,468.91,Returned,2026-05-06 22:58:00
ORD106002,2025-10-24,MX,P1016,PG1479,KW11971,1060.99,Completed,2025-10-24 14:07:00
ORD106003,2026-03-11,AU,P1028,PG1455,KW11843,984.92,Completed,2026-03-11 01:31:00
ORD106004,2026-05-03,AU,P1043,PG1033,KW11519,3166.55,Pending,2026-05-03 14:26:00
ORD106005,2026-02-27,FR,P1040,PG1296,KW10007,249.84,Completed,2026-02-27 08:02:00
ORD106006,2026-08-04,UK,P1013,PG1391,KW11030,1109.68,Completed,2026-08-04 17:18:00
ORD106007,2026-07-14,CA,P1048,PG1161,KW11111,611.44,Cancelled,2026-07-14 22:32:00
ORD106008,2026-06-23,AU,P1007,PG1035,KW11827,1126.35,Completed,2026-06-23 17:25:00
ORD106009,2026-02-23,MX,P1015,PG1132,KW11438,1818.22,Completed,2026-02-23 13:47:00
ORD106010,2026-05-15,CA,P1050,PG1111,KW11214,400.98,Completed,2026-05-15 20:59:00
ORD106011,2026-02-05,IN,P1006,PG1449,KW11277,911.84,Completed,2026-02-05 16:36:00
ORD106012,2026-05-30,JP,P1017,PG1312,KW11790,395.31,Pending,2026-05-30 12:29:00
ORD106013,2025-12-16,US,P1010,PG1185,KW10084,546.9,Returned,2025-12-16 00:32:00
ORD106014,2026-07-29,AU,P1034,PG1134,KW11765,1059.78,Completed,2026-07-29 06:21:00
ORD106015,2026-06-27,BR,P1040,PG1056,KW10038,2101.28,Pending,2026-06-27 16:07:00
ORD106016,2025-10-14,JP,P1031,PG1317,KW10705,1691.82,Completed,2025-10-14 19:35:00
ORD106017,2026-07-19,FR,P1047,PG1452,KW11767,451.69,Pending,2026-07-19 16:51:00
ORD106018,2026-09-14,DE,P1034,PG1405,KW10794,253.46,Completed,2026-09-14 08:45:00
ORD106019,2025-10-20,DE,P1004,PG1384,KW10477,641.81,Pending,2025-10-20 01:18:00
ORD106020,2026-02-22,DE,P1039,PG1300,KW11732,557.67,Completed,2026-02-22 01:24:00
ORD106021,2026-06-30,JP,P1016,PG1348,KW11405,250.5,Completed,2026-06-30 16:13:00
ORD106022,2026-01-03,CA,P1023,PG1230,KW10582,766.58,Returned,2026-01-03 06:26:00
ORD106023,2025-12-08,FR,P1026,PG1135,KW11597,804.59,Pending,2025-12-08 10:41:00
ORD106024,2025-11-20,CA,P1033,PG1462,KW11581,250.21,Completed,2025-11-20 02:32:00
ORD106025,2026-04-16,DE,P1003,PG1103,KW11747,515.66,Completed,2026-04-16 03:14:00
ORD106026,2026-04-01,DE,P1039,PG1310,KW11158,1033.52,Completed,2026-04-01 10:36:00
ORD106027,2026-04-21,UK,P1009,PG1326,KW10445,441.59,Completed,2026-04-21 04:01:00
ORD106028,2026-02-01,IN,P1048,PG1240,KW10513,1955.46,Returned,2026-02-01 15:53:00
ORD106029,2026-06-19,CA,P1014,PG1442,KW11187,1672.71,Cancelled,2026-06-19 07:11:00
ORD106030,2026-02-12,US,P1013,PG1499,KW11591,395.6,Pending,2026-02-12 18:26:00
ORD106031,2026-02-03,CA,P1048,PG1052,KW10524,659.66,Returned,2026-02-03 09:45:00
ORD106032,2026-07-18,AU,P1034,PG1110,KW11366,2299.02,Completed,2026-07-18 17:44:00
ORD106033,2026-01-01,CA,P1049,PG1118,KW11661,776.98,Returned,2026-01-01 02:13:00
ORD106034,2025-10-01,IN,P1012,PG1108,KW10019,1788.15,Completed,2025-10-01 15:29:00
ORD106035,2026-03-03,MX,P1046,PG1314,KW10919,463.4,Pending,2026-03-03 23:40:00
ORD106036,2026-05-08,AU,P1018,PG1103,KW11278,970.7,Pending,2026-05-08 22:49:00
ORD106037,2026-06-27,US,P1014,PG1124,KW10507,1232.57,Cancelled,2026-06-27 16:09:00
ORD106038,2026-01-03,US,P1011,PG1170,KW11613,1079.53,Cancelled,2026-01-03 06:44:00
ORD106039,2026-08-25,IN,P1044,PG1356,KW10554,1388.25,Completed,2026-08-25 07:54:00
ORD106040,2025-11-08,MX,P1015,PG1458,KW11258,272.04,Pending,2025-11-08 15:33:00
ORD106041,2026-03-28,UK,P1038,PG1259,KW11733,914.76,Completed,2026-03-28 17:50:00
ORD106042,2026-08-21,AU,P1044,PG1011,KW11673,401.52,Completed,2026-08-21 00:55:00
ORD106043,2026-08-17,BR,P1033,PG1446,KW10439,1187.23,Completed,2026-08-17 04:21:00
ORD106044,2025-11-26,AU,P1008,PG1187,KW10790,1788.57,Completed,2025-11-26 04:19:00
ORD106045,2025-12-17,AU,P1050,PG1152,KW10870,834.42,Returned,2025-12-17 00:52:00
ORD106046,2026-09-08,CA,P1045,PG1305,KW11749,1371.89,Completed,2026-09-08 12:54:00
ORD106047,2026-04-14,US,P1012,PG1323,KW11477,714.09,Returned,2026-04-14 22:52:00
ORD106048,2025-11-28,MX,P1045,PG1220,KW11840,451.61,Completed,2025-11-28 14:58:00
ORD106049,2026-09-23,FR,P1045,PG1384,KW11862,839.95,Completed,2026-09-23 20:19:00
ORD106050,2026-06-15,BR,P1046,PG1466,KW11752,488.95,Completed,2026-06-15 17:00:00
ORD106051,2026-09-20,US,P1050,PG1499,KW11365,1888.35,Completed,2026-09-20 00:06:00
ORD106052,2026-04-08,JP,P1033,PG1496,KW10528,626.59,Completed,2026-04-08 03:05:00
ORD106053,2026-09-16,JP,P1050,PG1459,KW10773,528.93,Cancelled,2026-09-16 08:47:00
ORD106054,2026-02-10,CA,P1001,PG1490,KW11605,1398.04,Returned,2026-02-10 12:35:00
ORD106055,2026-09-09,MX,P1027,PG1257,KW11663,257.71,Completed,2026-09-09 23:12:00
ORD106056,2026-09-20,AU,P1008,PG1049,KW10289,990.08,Returned,2026-09-20 06:17:00
ORD106057,2026-08-17,UK,P1016,PG1250,KW11019,711.4,Completed,2026-08-17 22:57:00
ORD106058,2026-07-05,AU,P1041,PG1455,KW11687,2881.29,Completed,2026-07-05 22:51:00
ORD106059,2026-04-22,JP,P1017,PG1046,KW11381,479.69,Returned,2026-04-22 18:17:00
ORD106060,2026-03-27,CA,P1023,PG1333,KW10980,419.34,Cancelled,2026-03-27 10:48:00
ORD106061,2026-06-08,US,P1046,PG1487,KW10511,1603.03,Pending,2026-06-08 01:13:00
ORD106062,2026-07-22,AU,P1036,PG1202,KW11949,972.45,Completed,2026-07-22 14:31:00
ORD106063,2026-04-27,FR,P1047,PG1379,KW11139,256.93,Completed,2026-04-27 02:51:00
ORD106064,2026-01-27,FR,P1038,PG1086,KW10741,413.33,Returned,2026-01-27 21:02:00
ORD106065,2025-10-18,IN,P1012,PG1403,KW11965,811.54,Completed,2025-10-18 10:26:00
ORD106066,2025-11-06,CA,P1049,PG1284,KW11205,1210.76,Pending,2025-11-06 14:00:00
ORD106067,2026-04-29,CA,P1024,PG1290,KW11320,1295.82,Returned,2026-04-29 05:20:00
ORD106068,2025-10-19,MX,P1015,PG1085,KW11407,889.11,Completed,2025-10-19 02:17:00
ORD106069,2026-01-02,UK,P1041,PG1470,KW10340,1343.59,Cancelled,2026-01-02 18:52:00
ORD106070,2026-09-24,CA,P1002,PG1472,KW10133,1342.76,Completed,2026-09-24 13:02:00
ORD106071,2026-02-22,JP,P1045,PG1120,KW10358,420.01,Completed,2026-02-22 12:23:00
ORD106072,2026-07-13,UK,P1004,PG1018,KW10755,297.78,Completed,2026-07-13 14:01:00
ORD106073,2026-06-21,JP,P1003,PG1042,KW11041,971.83,Completed,2026-06-21 13:29:00
ORD106074,2026-01-02,IN,P1004,PG1337,KW10792,2230.39,Completed,2026-01-02 03:34:00
ORD106075,2025-12-31,FR,P1008,PG1320,KW10279,1548.6,Cancelled,2025-12-31 01:23:00
ORD106076,2025-12-07,US,P1020,PG1034,KW10108,325.21,Completed,2025-12-07 15:59:00
ORD106077,2026-02-16,BR,P1004,PG1077,KW11795,984.26,Cancelled,2026-02-16 16:31:00
ORD106078,2025-12-06,UK,P1018,PG1297,KW10754,665.63,Cancelled,2025-12-06 18:37:00
ORD106079,2025-11-12,AU,P1005,PG1165,KW11097,1225.79,Returned,2025-11-12 10:01:00
ORD106080,2026-03-06,FR,P1042,PG1125,KW10593,2786.07,Pending,2026-03-06 19:45:00
ORD106081,2026-06-08,MX,P1001,PG1084,KW11504,447.63,Completed,2026-06-08 08:52:00
ORD106082,2026-06-03,UK,P1044,PG1267,KW11861,808.54,Completed,2026-06-03 00:23:00
ORD106083,2026-01-14,CA,P1016,PG1457,KW10115,865.71,Completed,2026-01-14 02:39:00
ORD106084,2026-07-28,JP,P1044,PG1116,KW11343,762.28,Cancelled,2026-07-28 19:21:00
ORD106085,2025-11-28,DE,P1022,PG1109,KW10080,1071.33,Completed,2025-11-28 10:44:00
ORD106086,2026-03-31,IN,P1007,PG1388,KW10663,708.02,Pending,2026-03-31 17:02:00
ORD106087,2026-03-24,JP,P1045,PG1449,KW10544,1181.57,Cancelled,2026-03-24 17:22:00
ORD106088,2026-01-27,AU,P1047,PG1250,KW10080,577.81,Returned,2026-01-27 02:46:00
ORD106089,2025-10-30,JP,P1013,PG1358,KW10014,1035.23,Pending,2025-10-30 17:33:00
ORD106090,2025-12-30,CA,P1048,PG1394,KW10807,618.52,Completed,2025-12-30 08:58:00
ORD106091,2026-05-25,BR,P1012,PG1276,KW11520,979.86,Completed,2026-05-25 23:17:00
ORD106092,2026-02-12,DE,P1026,PG1236,KW10562,416.49,Returned,2026-02-12 21:11:00
ORD106093,2026-07-23,CA,P1041,PG1204,KW10484,315.36,Completed,2026-07-23 16:50:00
ORD106094,2026-04-08,UK,P1049,PG1058,KW10108,1319.72,Cancelled,2026-04-08 21:37:00
ORD106095,2026-01-09,JP,P1044,PG1382,KW11386,734.97,Completed,2026-01-09 21:15:00
ORD106096,2026-08-04,FR,P1030,PG1031,KW10071,3513.06,Completed,2026-08-04 19:08:00
ORD106097,2026-03-12,BR,P1038,PG1024,KW10274,281.45,Cancelled,2026-03-12 07:03:00
ORD106098,2026-09-12,FR,P1035,PG1431,KW10287,453.31,Returned,2026-09-12 16:31:00
ORD106099,2025-12-26,UK,P1015,PG1208,KW10080,1058.98,Cancelled,2025-12-26 13:42:00
ORD106100,2025-12-14,FR,P1011,PG1339,KW11566,641.54,Pending,2025-12-14 03:06:00
ORD106101,2026-06-04,MX,P1013,PG1370,KW10766,1885.09,Completed,2026-06-04 21:56:00
ORD106102,2026-06-08,FR,P1026,PG1078,KW10409,622.98,Completed,2026-06-08 12:16:00
ORD106103,2026-05-30,MX,P1017,PG1069,KW10010,499.38,Pending,2026-05-30 21:12:00
ORD106104,2025-10-07,US,P1037,PG1026,KW10590,1316.77,Completed,2025-10-07 06:24:00
ORD106105,2026-05-04,DE,P1011,PG1417,KW11711,1291.65,Completed,2026-05-04 03:56:00
ORD106106,2026-01-27,IN,P1004,PG1102,KW11409,129.44,Completed,2026-01-27 11:02:00
ORD106107,2025-12-24,CA,P1038,PG1272,KW10835,499.57,Returned,2025-12-24 19:24:00
ORD106108,2026-05-12,CA,P1020,PG1266,KW10277,655.72,Completed,2026-05-12 00:38:00
ORD106109,2026-03-05,MX,P1005,PG1034,KW11994,1236.5,Cancelled,2026-03-05 23:55:00
ORD106110,2026-02-26,IN,P1001,PG1307,KW10036,1647.3,Returned,2026-02-26 06:42:00
ORD106111,2026-01-16,CA,P1038,PG1112,KW11446,413.24,Completed,2026-01-16 09:49:00
ORD106112,2026-01-15,US,P1018,PG1375,KW10073,815.63,Returned,2026-01-15 00:32:00
ORD106113,2026-05-12,JP,P1018,PG1058,KW11606,509.53,Completed,2026-05-12 10:40:00
ORD106114,2026-01-27,CA,P1019,PG1198,KW10331,563.37,Pending,2026-01-27 14:12:00
ORD106115,2025-11-08,JP,P1019,PG1176,KW11557,694.54,Returned,2025-11-08 06:18:00
ORD106116,2025-10-06,IN,P1015,PG1464,KW11180,984.7,Completed,2025-10-06 12:34:00
ORD106117,2026-09-23,IN,P1047,PG1462,KW10967,691.24,Pending,2026-09-23 02:36:00
ORD106118,2026-09-03,UK,P1044,PG1205,KW10718,1183.48,Returned,2026-09-03 06:34:00
ORD106119,2026-08-13,FR,P1047,PG1277,KW10452,417.17,Completed,2026-08-13 23:14:00
ORD106120,2026-03-26,DE,P1031,PG1222,KW10095,1078.05,Completed,2026-03-26 04:08:00
ORD106121,2026-06-19,JP,P1030,PG1383,KW10644,1103.04,Cancelled,2026-06-19 14:10:00
ORD106122,2025-11-21,MX,P1023,PG1444,KW11174,997.91,Pending,2025-11-21 05:18:00
ORD106123,2025-10-19,DE,P1043,PG1333,KW11754,520.86,Completed,2025-10-19 16:41:00
ORD106124,2025-11-01,BR,P1019,PG1288,KW10467,869.58,Returned,2025-11-01 08:51:00
ORD106125,2025-11-02,IN,P1007,PG1060,KW11057,290.38,Completed,2025-11-02 22:57:00
ORD106126,2026-08-26,CA,P1020,PG1483,KW11698,343.86,Pending,2026-08-26 15:58:00
ORD106127,2026-01-06,AU,P1027,PG1491,KW11453,926.94,Completed,2026-01-06 23:05:00
ORD106128,2026-05-07,BR,P1019,PG1065,KW11019,4049.1,Completed,2026-05-07 18:20:00
ORD106129,2026-03-21,FR,P1029,PG1463,KW11966,907.76,Completed,2026-03-21 02:14:00
ORD106130,2026-02-10,UK,P1004,PG1449,KW11626,2045.36,Returned,2026-02-10 15:36:00
ORD106131,2026-05-04,FR,P1011,PG1118,KW10626,539.69,Cancelled,2026-05-04 23:42:00
ORD106132,2026-08-10,BR,P1020,PG1064,KW10740,930.4,Completed,2026-08-10 09:32:00
ORD106133,2026-03-28,IN,P1015,PG1483,KW11665,959.6,Completed,2026-03-28 06:17:00
ORD106134,2026-05-27,UK,P1008,PG1074,KW11798,315.59,Returned,2026-05-27 01:24:00
ORD106135,2026-05-27,FR,P1009,PG1250,KW10060,3591.64,Pending,2026-05-27 18:37:00
ORD106136,2026-01-28,CA,P1040,PG1119,KW10085,527.81,Pending,2026-01-28 01:18:00
ORD106137,2026-02-28,FR,P1048,PG1428,KW11746,853.27,Returned,2026-02-28 06:24:00
ORD106138,2026-09-22,CA,P1022,PG1417,KW11090,1320.86,Pending,2026-09-22 14:12:00
ORD106139,2025-11-12,CA,P1023,PG1419,KW11329,525.25,Pending,2025-11-12 01:05:00
ORD106140,2026-03-12,JP,P1039,PG1400,KW10156,392.47,Returned,2026-03-12 23:10:00
ORD106141,2026-07-14,FR,P1043,PG1155,KW10948,493.1,Pending,2026-07-14 04:09:00
ORD106142,2025-11-09,AU,P1014,PG1096,KW10267,998.13,Completed,2025-11-09 23:04:00
ORD106143,2026-06-17,MX,P1037,PG1341,KW10558,746.7,Completed,2026-06-17 15:07:00
ORD106144,2025-10-13,JP,P1030,PG1175,KW11486,2343.82,Cancelled,2025-10-13 15:35:00
ORD106145,2025-12-21,CA,P1041,PG1282,KW10300,2398.97,Returned,2025-12-21 14:21:00
ORD106146,2025-12-06,BR,P1049,PG1410,KW10082,518.65,Returned,2025-12-06 18:31:00
ORD106147,2026-05-10,BR,P1004,PG1403,KW10547,237.88,Completed,2026-05-10 20:01:00
ORD106148,2026-02-09,BR,P1028,PG1232,KW10057,267.53,Cancelled,2026-02-09 12:19:00
ORD106149,2026-02-16,BR,P1009,PG1420,KW11756,1106.87,Pending,2026-02-16 17:09:00
ORD106150,2026-02-17,IN,P1036,PG1140,KW11149,497.24,Cancelled,2026-02-17 07:20:00
ORD106151,2026-03-13,CA,P1041,PG1199,KW10688,812.88,Completed,2026-03-13 23:00:00
ORD106152,2026-09-05,MX,P1019,PG1412,KW11716,613.3,Completed,2026-09-05 23:58:00
ORD106153,2026-09-26,AU,P1039,PG1419,KW11352,2196.31,Completed,2026-09-26 08:55:00
ORD106154,2026-05-17,IN,P1018,PG1094,KW10339,525.97,Pending,2026-05-17 05:30:00
ORD106155,2026-05-22,US,P1031,PG1219,KW11390,1378.15,Pending,2026-05-22 06:07:00
ORD106156,2026-08-23,JP,P1003,PG1212,KW10915,673.57,Returned,2026-08-23 06:08:00
ORD106157,2025-11-14,DE,P1043,PG1315,KW10723,2526.23,Completed,2025-11-14 12:30:00
ORD106158,2025-10-14,AU,P1037,PG1450,KW11689,743.65,Completed,2025-10-14 02:38:00
ORD106159,2025-10-30,MX,P1027,PG1186,KW11181,1064.08,Returned,2025-10-30 12:08:00
ORD106160,2026-09-04,MX,P1028,PG1218,KW10229,1050.71,Completed,2026-09-04 15:16:00
ORD106161,2025-12-13,DE,P1008,PG1327,KW11473,1306.85,Pending,2025-12-13 05:10:00
ORD106162,2026-08-27,BR,P1012,PG1054,KW10699,1022.05,Returned,2026-08-27 12:31:00
ORD106163,2026-06-04,DE,P1017,PG1265,KW11837,647.53,Pending,2026-06-04 02:45:00
ORD106164,2026-05-31,BR,P1031,PG1196,KW11316,1557.9,Completed,2026-05-31 07:47:00
ORD106165,2026-06-02,UK,P1042,PG1144,KW10467,1239.67,Completed,2026-06-02 14:19:00
ORD106166,2025-10-09,IN,P1005,PG1290,KW10657,388.16,Completed,2025-10-09 17:08:00
ORD106167,2026-03-08,MX,P1043,PG1224,KW11159,1105.22,Completed,2026-03-08 15:54:00
ORD106168,2026-08-30,BR,P1031,PG1250,KW11149,636.55,Cancelled,2026-08-30 19:39:00
ORD106169,2026-06-10,JP,P1045,PG1028,KW11939,757.33,Cancelled,2026-06-10 11:08:00
ORD106170,2025-10-29,MX,P1001,PG1388,KW10822,1054.78,Completed,2025-10-29 20:34:00
ORD106171,2026-02-08,UK,P1045,PG1162,KW10332,489.8,Completed,2026-02-08 19:00:00
ORD106172,2025-10-30,UK,P1035,PG1272,KW11170,722.19,Returned,2025-10-30 09:02:00
ORD106173,2026-02-27,BR,P1010,PG1142,KW11783,970.1,Completed,2026-02-27 12:09:00
ORD106174,2026-01-10,DE,P1044,PG1204,KW10794,680.06,Completed,2026-01-10 01:33:00
ORD106175,2025-10-07,CA,P1028,PG1255,KW10393,1234.55,Completed,2025-10-07 13:18:00
ORD106176,2026-02-10,JP,P1004,PG1141,KW10345,600.02,Returned,2026-02-10 15:36:00
ORD106177,2026-05-21,AU,P1043,PG1307,KW11751,494.51,Completed,2026-05-21 07:58:00
ORD106178,2026-08-05,FR,P1026,PG1105,KW10923,964.95,Completed,2026-08-05 17:53:00
ORD106179,2026-04-25,FR,P1020,PG1300,KW10692,426.24,Pending,2026-04-25 04:06:00
ORD106180,2026-09-04,DE,P1001,PG1329,KW11504,275.07,Cancelled,2026-09-04 07:28:00
ORD106181,2026-09-11,MX,P1005,PG1179,KW11632,976.45,Completed,2026-09-11 18:21:00
ORD106182,2026-01-29,DE,P1025,PG1093,KW10844,656.09,Cancelled,2026-01-29 22:02:00
ORD106183,2026-01-05,AU,P1020,PG1217,KW11101,2897.52,Pending,2026-01-05 23:05:00
ORD106184,2026-04-16,JP,P1033,PG1453,KW10031,786.84,Cancelled,2026-04-16 14:37:00
ORD106185,2026-09-21,BR,P1016,PG1059,KW10003,1284.7,Completed,2026-09-21 03:09:00
ORD106186,2026-09-25,UK,P1046,PG1368,KW11637,891.75,Returned,2026-09-25 15:50:00
ORD106187,2026-08-02,BR,P1041,PG1121,KW11470,209.95,Pending,2026-08-02 23:27:00
ORD106188,2025-11-19,FR,P1014,PG1158,KW10544,326.29,Completed,2025-11-19 18:19:00
ORD106189,2025-11-27,AU,P1036,PG1479,KW10643,252.01,Completed,2025-11-27 20:39:00
ORD106190,2026-08-07,JP,P1006,PG1335,KW11847,505.09,Cancelled,2026-08-07 05:33:00
ORD106191,2025-11-26,MX,P1035,PG1191,KW11312,419.1,Completed,2025-11-26 01:32:00
ORD106192,2026-07-25,BR,P1046,PG1176,KW10765,320.56,Returned,2026-07-25 23:03:00
ORD106193,2025-12-22,US,P1021,PG1304,KW10763,245.8,Cancelled,2025-12-22 23:54:00
ORD106194,2026-05-07,JP,P1015,PG1063,KW10052,2316.46,Pending,2026-05-07 21:03:00
ORD106195,2026-09-05,MX,P1005,PG1213,KW10320,793.11,Pending,2026-09-05 12:31:00
ORD106196,2026-09-21,US,P1029,PG1358,KW10600,1196.05,Completed,2026-09-21 14:47:00
ORD106197,2026-07-25,MX,P1050,PG1062,KW11630,746.27,Cancelled,2026-07-25 23:54:00
ORD106198,2026-03-09,AU,P1042,PG1460,KW11546,640.09,Completed,2026-03-09 16:04:00
ORD106199,2025-12-01,JP,P1008,PG1100,KW11184,1859.73,Completed,2025-12-01 18:50:00
ORD106200,2026-03-05,UK,P1001,PG1105,KW11688,820.28,Cancelled,2026-03-05 13:07:00
ORD106201,2025-11-25,AU,P1037,PG1340,KW11116,979.07,Cancelled,2025-11-25 18:51:00
ORD106202,2026-03-08,FR,P1030,PG1451,KW10004,486.9,Pending,2026-03-08 08:33:00
ORD106203,2026-09-11,FR,P1033,PG1386,KW10778,3513.97,Cancelled,2026-09-11 11:58:00
ORD106204,2026-06-07,UK,P1026,PG1412,KW10114,718.13,Cancelled,2026-06-07 08:08:00
ORD106205,2026-09-16,DE,P1030,PG1093,KW11541,679.01,Returned,2026-09-16 11:53:00
ORD106206,2025-10-11,UK,P1050,PG1285,KW11964,331.33,Pending,2025-10-11 01:00:00
ORD106207,2026-07-19,DE,P1032,PG1080,KW10664,939.26,Pending,2026-07-19 14:57:00
ORD106208,2026-07-16,IN,P1047,PG1268,KW11607,870.09,Completed,2026-07-16 07:08:00
ORD106209,2026-02-07,US,P1022,PG1266,KW10079,2154.29,Completed,2026-02-07 20:23:00
ORD106210,2026-04-09,MX,P1015,PG1079,KW11391,210.78,Completed,2026-04-09 01:44:00
ORD106211,2026-04-01,MX,P1027,PG1447,KW11613,1163.45,Completed,2026-04-01 03:21:00
ORD106212,2025-12-25,UK,P1014,PG1449,KW10551,1262.04,Cancelled,2025-12-25 21:12:00
ORD106213,2025-11-11,US,P1002,PG1112,KW11499,2681.29,Cancelled,2025-11-11 10:45:00
ORD106214,2026-05-25,IN,P1037,PG1363,KW11886,821.23,Pending,2026-05-25 09:26:00
ORD106215,2025-11-27,BR,P1028,PG1034,KW10023,1157.42,Completed,2025-11-27 22:58:00
ORD106216,2025-11-13,US,P1042,PG1489,KW10828,374.83,Completed,2025-11-13 10:10:00
ORD106217,2026-02-21,US,P1024,PG1154,KW11928,362.47,Completed,2026-02-21 08:05:00
ORD106218,2026-01-01,UK,P1043,PG1105,KW10654,658.81,Completed,2026-01-01 04:25:00
ORD106219,2026-06-27,CA,P1044,PG1116,KW11629,650.16,Cancelled,2026-06-27 20:42:00
ORD106220,2026-07-09,US,P1023,PG1118,KW11838,566.91,Pending,2026-07-09 12:55:00
ORD106221,2026-06-08,AU,P1041,PG1354,KW11302,390.44,Completed,2026-06-08 07:55:00
ORD106222,2026-05-13,UK,P1028,PG1040,KW10677,530.68,Returned,2026-05-13 22:42:00
ORD106223,2025-11-28,IN,P1048,PG1060,KW11909,751.22,Cancelled,2025-11-28 21:49:00
ORD106224,2026-09-14,FR,P1026,PG1461,KW10671,601.11,Pending,2026-09-14 08:40:00
ORD106225,2026-09-09,BR,P1015,PG1034,KW11455,744.34,Returned,2026-09-09 12:49:00
ORD106226,2026-09-21,IN,P1026,PG1128,KW10854,927.26,Pending,2026-09-21 04:39:00
ORD106227,2026-01-29,US,P1025,PG1300,KW11438,296.29,Completed,2026-01-29 06:14:00
ORD106228,2026-04-16,FR,P1035,PG1332,KW11171,859.21,Cancelled,2026-04-16 10:35:00
ORD106229,2026-02-05,US,P1026,PG1469,KW10783,1282.53,Pending,2026-02-05 01:48:00
ORD106230,2026-06-19,AU,P1023,PG1370,KW10956,1960.81,Returned,2026-06-19 21:59:00
ORD106231,2026-06-03,DE,P1034,PG1058,KW10175,2111.68,Pending,2026-06-03 17:17:00
ORD106232,2026-07-26,AU,P1034,PG1198,KW10828,1385.1,Completed,2026-07-26 23:52:00
ORD106233,2026-09-14,FR,P1028,PG1109,KW10442,345.85,Completed,2026-09-14 22:20:00
ORD106234,2026-09-30,DE,P1001,PG1168,KW10451,1278.32,Cancelled,2026-09-30 23:46:00
ORD106235,2026-09-14,DE,P1018,PG1207,KW11486,2320.08,Completed,2026-09-14 08:28:00
ORD106236,2026-05-12,FR,P1048,PG1279,KW10393,400.15,Completed,2026-05-12 21:58:00
ORD106237,2025-11-20,JP,P1044,PG1045,KW10317,1125.08,Completed,2025-11-20 19:51:00
ORD106238,2026-03-15,BR,P1040,PG1010,KW10745,784.92,Completed,2026-03-15 10:48:00
ORD106239,2025-10-09,JP,P1036,PG1167,KW11077,257.63,Completed,2025-10-09 02:45:00
ORD106240,2026-04-28,DE,P1019,PG1060,KW11249,491.35,Cancelled,2026-04-28 06:33:00
ORD106241,2026-02-10,AU,P1009,PG1272,KW10908,1891.23,Completed,2026-02-10 20:12:00
ORD106242,2025-12-07,FR,P1018,PG1479,KW11170,241.96,Pending,2025-12-07 13:27:00
ORD106243,2025-10-27,BR,P1022,PG1300,KW11534,720.24,Completed,2025-10-27 05:47:00
ORD106244,2026-05-31,US,P1007,PG1338,KW10614,507.52,Completed,2026-05-31 23:40:00
ORD106245,2026-07-03,UK,P1005,PG1406,KW11002,886.97,Completed,2026-07-03 11:33:00
ORD106246,2026-02-18,IN,P1026,PG1258,KW11584,756.7,Completed,2026-02-18 02:49:00
ORD106247,2026-03-12,JP,P1026,PG1107,KW10564,351.66,Completed,2026-03-12 11:00:00
ORD106248,2026-09-03,AU,P1003,PG1338,KW11422,1120.67,Completed,2026-09-03 17:05:00
ORD106249,2025-11-19,BR,P1013,PG1385,KW11493,875.66,Completed,2025-11-19 22:44:00
ORD106250,2025-12-07,JP,P1023,PG1426,KW11335,813.89,Completed,2025-12-07 18:39:00
ORD106251,2026-05-11,US,P1023,PG1320,KW11428,1540.65,Cancelled,2026-05-11 12:41:00
ORD106252,2026-06-22,DE,P1013,PG1082,KW11205,1255.46,Completed,2026-06-22 08:01:00
ORD106253,2026-08-23,DE,P1018,PG1497,KW11121,304.2,Completed,2026-08-23 05:52:00
ORD106254,2026-03-19,DE,P1048,PG1031,KW10585,622.28,Pending,2026-03-19 16:09:00
ORD106255,2026-03-29,CA,P1006,PG1246,KW10228,537.42,Completed,2026-03-29 20:57:00
ORD106256,2026-03-18,AU,P1032,PG1003,KW11783,789.68,Cancelled,2026-03-18 20:04:00
ORD106257,2026-01-05,UK,P1030,PG1472,KW10550,470.78,Completed,2026-01-05 11:16:00
ORD106258,2026-01-15,CA,P1026,PG1271,KW10688,2063.36,Pending,2026-01-15 19:59:00
ORD106259,2026-06-25,MX,P1036,PG1465,KW11934,1459.42,Completed,2026-06-25 06:17:00
ORD106260,2026-03-02,JP,P1018,PG1326,KW10564,921.88,Completed,2026-03-02 04:43:00
ORD106261,2026-05-18,UK,P1026,PG1312,KW10887,509.2,Cancelled,2026-05-18 16:52:00
ORD106262,2025-12-29,CA,P1049,PG1124,KW10057,478.86,Completed,2025-12-29 15:00:00
ORD106263,2026-04-14,DE,P1042,PG1081,KW10965,1197.0,Completed,2026-04-14 07:23:00
ORD106264,2026-08-01,MX,P1026,PG1169,KW10504,287.46,Cancelled,2026-08-01 10:49:00
ORD106265,2026-06-24,AU,P1016,PG1174,KW10275,764.62,Completed,2026-06-24 02:58:00
ORD106266,2026-04-25,AU,P1026,PG1412,KW10437,1310.16,Completed,2026-04-25 13:08:00
ORD106267,2026-03-01,BR,P1008,PG1171,KW11153,505.95,Cancelled,2026-03-01 12:22:00
ORD106268,2026-02-05,UK,P1005,PG1303,KW11246,2274.2,Cancelled,2026-02-05 05:25:00
ORD106269,2026-01-10,FR,P1026,PG1101,KW11880,1658.39,Completed,2026-01-10 13:25:00
ORD106270,2026-07-08,AU,P1009,PG1245,KW10936,632.5,Completed,2026-07-08 00:15:00
ORD106271,2026-09-18,UK,P1048,PG1069,KW11533,622.48,Completed,2026-09-18 13:01:00
ORD106272,2025-11-22,FR,P1049,PG1410,KW10238,412.24,Returned,2025-11-22 04:27:00
ORD106273,2026-08-12,US,P1042,PG1335,KW11453,536.99,Pending,2026-08-12 15:21:00
ORD106274,2026-03-23,US,P1028,PG1454,KW11434,3703.64,Cancelled,2026-03-23 17:51:00
ORD106275,2025-12-16,BR,P1017,PG1088,KW11142,322.62,Completed,2025-12-16 00:49:00
ORD106276,2026-05-12,IN,P1033,PG1133,KW11047,1133.5,Pending,2026-05-12 02:52:00
ORD106277,2025-10-31,CA,P1014,PG1100,KW10650,379.08,Completed,2025-10-31 04:47:00
ORD106278,2026-07-11,BR,P1047,PG1454,KW11775,1438.07,Pending,2026-07-11 01:22:00
ORD106279,2026-04-13,DE,P1044,PG1412,KW11443,1067.42,Completed,2026-04-13 22:17:00
ORD106280,2026-07-16,MX,P1011,PG1297,KW11555,844.18,Completed,2026-07-16 11:22:00
ORD106281,2026-07-13,DE,P1035,PG1137,KW10267,796.82,Completed,2026-07-13 12:29:00
ORD106282,2026-07-05,BR,P1013,PG1274,KW10979,1047.05,Completed,2026-07-05 01:31:00
ORD106283,2026-06-25,JP,P1006,PG1134,KW10936,823.73,Cancelled,2026-06-25 09:23:00
ORD106284,2025-11-29,IN,P1041,PG1379,KW10537,614.39,Completed,2025-11-29 07:55:00
ORD106285,2026-03-02,DE,P1011,PG1326,KW11742,595.98,Completed,2026-03-02 19:19:00
ORD106286,2025-10-14,UK,P1045,PG1157,KW10436,955.05,Completed,2025-10-14 17:19:00
ORD106287,2026-09-04,FR,P1001,PG1336,KW10711,195.02,Completed,2026-09-04 10:35:00
ORD106288,2025-11-14,AU,P1016,PG1244,KW11362,575.79,Pending,2025-11-14 23:47:00
ORD106289,2026-05-14,FR,P1016,PG1037,KW11604,590.64,Completed,2026-05-14 08:32:00
ORD106290,2026-08-16,MX,P1040,PG1420,KW10387,537.82,Returned,2026-08-16 22:37:00
ORD106291,2026-01-29,JP,P1026,PG1405,KW10036,228.71,Cancelled,2026-01-29 04:52:00
ORD106292,2025-11-01,BR,P1045,PG1290,KW11131,1338.57,Completed,2025-11-01 20:45:00
ORD106293,2025-11-05,BR,P1041,PG1299,KW10498,835.91,Returned,2025-11-05 19:14:00
ORD106294,2026-05-25,US,P1046,PG1155,KW10708,325.21,Pending,2026-05-25 16:22:00
ORD106295,2026-05-20,UK,P1032,PG1206,KW11699,1400.62,Returned,2026-05-20 17:27:00
ORD106296,2026-07-31,UK,P1002,PG1329,KW11941,776.27,Completed,2026-07-31 07:37:00
ORD106297,2026-03-26,FR,P1029,PG1342,KW10649,608.61,Completed,2026-03-26 18:31:00
ORD106298,2026-06-25,UK,P1024,PG1157,KW10586,510.83,Pending,2026-06-25 04:38:00
ORD106299,2025-12-07,US,P1018,PG1265,KW11708,313.89,Completed,2025-12-07 06:04:00
ORD106300,2026-02-05,JP,P1047,PG1280,KW10045,1176.98,Pending,2026-02-05 21:06:00
ORD106301,2026-04-12,US,P1044,PG1329,KW10285,874.35,Returned,2026-04-12 00:22:00
ORD106302,2026-08-21,AU,P1022,PG1427,KW11192,2562.45,Pending,2026-08-21 06:25:00
ORD106303,2026-05-23,JP,P1028,PG1071,KW11771,446.23,Returned,2026-05-23 17:32:00
ORD106304,2026-06-01,FR,P1045,PG1217,KW11222,655.48,Completed,2026-06-01 14:25:00
ORD106305,2026-04-18,JP,P1017,PG1308,KW10026,767.46,Completed,2026-04-18 20:55:00
ORD106306,2026-09-05,IN,P1018,PG1060,KW10825,929.63,Cancelled,2026-09-05 18:18:00
ORD106307,2025-10-16,MX,P1042,PG1055,KW10413,587.93,Pending,2025-10-16 13:29:00
ORD106308,2026-06-21,DE,P1018,PG1203,KW11310,531.31,Pending,2026-06-21 07:33:00
ORD106309,2026-09-06,FR,P1019,PG1481,KW10448,855.02,Completed,2026-09-06 16:15:00
ORD106310,2026-01-14,US,P1032,PG1150,KW11972,406.51,Returned,2026-01-14 13:01:00
ORD106311,2025-12-06,UK,P1027,PG1355,KW10935,498.74,Pending,2025-12-06 03:18:00
ORD106312,2026-04-17,CA,P1017,PG1017,KW10571,1054.74,Cancelled,2026-04-17 13:41:00
ORD106313,2026-03-01,AU,P1045,PG1297,KW10137,1029.18,Pending,2026-03-01 22:47:00
ORD106314,2026-01-01,BR,P1032,PG1408,KW10453,580.07,Cancelled,2026-01-01 21:10:00
ORD106315,2025-10-09,DE,P1001,PG1381,KW11303,691.07,Completed,2025-10-09 14:46:00
ORD106316,2026-01-20,UK,P1022,PG1170,KW10725,644.59,Pending,2026-01-20 20:02:00
ORD106317,2026-05-21,UK,P1041,PG1220,KW10622,326.27,Completed,2026-05-21 01:53:00
ORD106318,2025-12-23,BR,P1047,PG1484,KW11452,692.65,Returned,2025-12-23 00:39:00
ORD106319,2026-09-05,IN,P1048,PG1467,KW10336,2786.96,Completed,2026-09-05 15:05:00
ORD106320,2026-05-08,US,P1020,PG1067,KW10325,723.23,Completed,2026-05-08 01:27:00
ORD106321,2025-12-01,MX,P1048,PG1403,KW10797,777.25,Completed,2025-12-01 02:36:00
ORD106322,2026-02-04,US,P1021,PG1178,KW11090,854.37,Returned,2026-02-04 17:41:00
ORD106323,2026-07-17,DE,P1012,PG1398,KW11079,1032.19,Completed,2026-07-17 04:39:00
ORD106324,2025-12-31,US,P1045,PG1070,KW11886,436.41,Completed,2025-12-31 20:54:00
ORD106325,2026-06-11,CA,P1007,PG1114,KW11342,502.52,Completed,2026-06-11 09:34:00
ORD106326,2025-10-13,IN,P1026,PG1030,KW11575,2421.34,Completed,2025-10-13 13:17:00
ORD106327,2026-02-15,BR,P1040,PG1024,KW10818,1079.73,Completed,2026-02-15 08:19:00
ORD106328,2025-12-25,MX,P1040,PG1167,KW11947,734.46,Pending,2025-12-25 02:42:00
ORD106329,2025-12-18,US,P1027,PG1040,KW10781,696.97,Completed,2025-12-18 21:42:00
ORD106330,2025-10-03,BR,P1040,PG1007,KW10784,399.38,Cancelled,2025-10-03 10:51:00
ORD106331,2026-07-02,MX,P1029,PG1173,KW10543,694.92,Completed,2026-07-02 03:20:00
ORD106332,2026-01-03,US,P1001,PG1215,KW11840,1248.45,Pending,2026-01-03 17:57:00
ORD106333,2026-03-08,FR,P1035,PG1205,KW11725,604.28,Returned,2026-03-08 11:58:00
ORD106334,2025-12-24,MX,P1014,PG1421,KW10150,452.16,Returned,2025-12-24 11:56:00
ORD106335,2026-06-28,MX,P1036,PG1220,KW11081,528.83,Completed,2026-06-28 14:24:00
ORD106336,2026-02-19,UK,P1019,PG1494,KW10132,306.83,Cancelled,2026-02-19 21:49:00
ORD106337,2026-05-24,UK,P1045,PG1346,KW11228,1384.72,Returned,2026-05-24 21:53:00
ORD106338,2026-03-26,DE,P1030,PG1186,KW10439,2773.1,Completed,2026-03-26 23:49:00
ORD106339,2026-09-13,FR,P1008,PG1112,KW10752,934.32,Completed,2026-09-13 05:30:00
ORD106340,2026-07-21,IN,P1049,PG1370,KW10765,535.78,Pending,2026-07-21 15:28:00
ORD106341,2026-04-28,JP,P1003,PG1438,KW11479,628.31,Completed,2026-04-28 03:37:00
ORD106342,2025-12-15,MX,P1001,PG1138,KW11096,2833.16,Pending,2025-12-15 02:27:00
ORD106343,2026-04-29,AU,P1038,PG1416,KW10190,939.98,Returned,2026-04-29 14:18:00
ORD106344,2026-02-23,BR,P1029,PG1244,KW10873,1380.22,Returned,2026-02-23 09:35:00
ORD106345,2026-07-12,US,P1042,PG1039,KW10143,946.76,Returned,2026-07-12 00:28:00
ORD106346,2025-10-12,MX,P1023,PG1063,KW11082,712.1,Completed,2025-10-12 05:06:00
ORD106347,2026-08-11,CA,P1028,PG1192,KW11675,753.36,Completed,2026-08-11 19:55:00
ORD106348,2026-01-20,UK,P1026,PG1420,KW10557,875.65,Completed,2026-01-20 10:31:00
ORD106349,2026-01-24,AU,P1045,PG1396,KW10020,1223.13,Cancelled,2026-01-24 21:59:00
ORD106350,2026-05-27,AU,P1046,PG1012,KW11004,563.44,Completed,2026-05-27 06:29:00
ORD106351,2026-07-16,BR,P1006,PG1413,KW10554,1332.16,Completed,2026-07-16 00:51:00
ORD106352,2026-09-27,US,P1004,PG1090,KW11691,3013.04,Returned,2026-09-27 23:57:00
ORD106353,2026-07-24,CA,P1047,PG1313,KW11223,1565.93,Cancelled,2026-07-24 09:13:00
ORD106354,2025-11-29,US,P1023,PG1388,KW10274,1187.71,Completed,2025-11-29 18:53:00
ORD106355,2025-10-19,BR,P1041,PG1174,KW11615,883.53,Pending,2025-10-19 04:45:00
ORD106356,2026-04-27,JP,P1032,PG1443,KW10240,1139.6,Completed,2026-04-27 19:58:00
ORD106357,2025-12-14,MX,P1047,PG1112,KW10101,2319.82,Cancelled,2025-12-14 10:31:00
ORD106358,2025-11-21,MX,P1033,PG1354,KW11091,680.0,Completed,2025-11-21 09:47:00
ORD106359,2026-01-17,AU,P1033,PG1184,KW10744,659.25,Returned,2026-01-17 08:45:00
ORD106360,2026-09-27,UK,P1027,PG1011,KW10746,355.41,Returned,2026-09-27 06:12:00
ORD106361,2025-10-26,JP,P1044,PG1379,KW11653,907.06,Pending,2025-10-26 00:50:00
ORD106362,2026-09-25,JP,P1028,PG1008,KW10365,439.89,Pending,2026-09-25 03:03:00
ORD106363,2026-05-16,CA,P1004,PG1124,KW10657,701.5,Completed,2026-05-16 13:39:00
ORD106364,2025-11-25,JP,P1038,PG1436,KW10303,1251.77,Completed,2025-11-25 14:23:00
ORD106365,2026-05-15,BR,P1001,PG1247,KW10821,797.57,Returned,2026-05-15 23:01:00
ORD106366,2026-09-23,UK,P1035,PG1331,KW10223,850.27,Returned,2026-09-23 20:09:00
ORD106367,2025-11-17,UK,P1001,PG1387,KW11378,785.05,Completed,2025-11-17 22:51:00
ORD106368,2026-08-20,FR,P1035,PG1142,KW11335,587.82,Completed,2026-08-20 23:00:00
ORD106369,2026-06-30,DE,P1021,PG1281,KW11255,682.41,Completed,2026-06-30 05:00:00
ORD106370,2026-09-06,IN,P1045,PG1254,KW10848,2198.38,Completed,2026-09-06 03:00:00
ORD106371,2026-08-31,UK,P1045,PG1099,KW11068,1146.86,Cancelled,2026-08-31 04:22:00
ORD106372,2026-07-01,MX,P1015,PG1424,KW11758,837.91,Completed,2026-07-01 15:21:00
ORD106373,2026-08-12,CA,P1027,PG1329,KW11864,439.84,Completed,2026-08-12 07:15:00
ORD106374,2025-12-20,IN,P1013,PG1189,KW10218,635.71,Completed,2025-12-20 10:26:00
ORD106375,2026-02-08,US,P1050,PG1094,KW11392,974.65,Cancelled,2026-02-08 05:31:00
ORD106376,2026-05-22,US,P1020,PG1363,KW10608,1030.12,Completed,2026-05-22 13:56:00
ORD106377,2026-06-21,BR,P1019,PG1126,KW11439,1449.1,Completed,2026-06-21 19:05:00
ORD106378,2026-04-09,IN,P1005,PG1090,KW11045,351.14,Completed,2026-04-09 06:27:00
ORD106379,2026-07-30,MX,P1040,PG1137,KW11410,454.92,Returned,2026-07-30 21:38:00
ORD106380,2026-02-12,DE,P1035,PG1210,KW10680,1023.74,Returned,2026-02-12 19:36:00
ORD106381,2026-04-06,UK,P1002,PG1212,KW11297,1005.43,Returned,2026-04-06 11:06:00
ORD106382,2025-10-04,BR,P1008,PG1490,KW11745,473.79,Completed,2025-10-04 11:26:00
ORD106383,2025-12-06,US,P1023,PG1010,KW11883,250.69,Completed,2025-12-06 09:10:00
ORD106384,2026-05-20,BR,P1007,PG1467,KW10796,1091.4,Returned,2026-05-20 10:30:00
ORD106385,2026-03-23,UK,P1040,PG1261,KW11207,1517.62,Returned,2026-03-23 17:45:00
ORD106386,2026-06-08,AU,P1033,PG1455,KW10223,230.88,Completed,2026-06-08 05:26:00
ORD106387,2026-02-20,US,P1044,PG1341,KW11573,411.19,Returned,2026-02-20 12:13:00
ORD106388,2026-05-25,AU,P1034,PG1280,KW10060,1074.27,Returned,2026-05-25 13:43:00
ORD106389,2026-07-21,IN,P1012,PG1119,KW11584,1618.12,Completed,2026-07-21 21:26:00
ORD106390,2025-12-15,AU,P1018,PG1371,KW10164,723.47,Returned,2025-12-15 05:11:00
ORD106391,2026-01-19,IN,P1022,PG1422,KW10849,443.99,Pending,2026-01-19 23:32:00
ORD106392,2025-10-27,UK,P1010,PG1478,KW11606,698.67,Completed,2025-10-27 11:55:00
ORD106393,2026-05-16,US,P1019,PG1359,KW11196,534.77,Pending,2026-05-16 20:16:00
ORD106394,2026-05-20,FR,P1028,PG1438,KW11568,1544.19,Completed,2026-05-20 08:03:00
ORD106395,2026-08-15,CA,P1039,PG1269,KW10645,440.63,Cancelled,2026-08-15 17:32:00
ORD106396,2026-08-29,AU,P1038,PG1326,KW11061,314.9,Cancelled,2026-08-29 00:02:00
ORD106397,2026-06-01,FR,P1021,PG1072,KW11329,303.57,Pending,2026-06-01 12:20:00
ORD106398,2026-05-13,US,P1033,PG1270,KW10605,445.11,Completed,2026-05-13 02:38:00
ORD106399,2026-05-26,BR,P1039,PG1356,KW10046,2492.5,Pending,2026-05-26 21:50:00
ORD106400,2025-12-19,DE,P1027,PG1268,KW11559,293.61,Cancelled,2025-12-19 17:12:00
ORD106401,2026-06-14,DE,P1032,PG1366,KW11953,1523.08,Completed,2026-06-14 15:24:00
ORD106402,2026-01-27,AU,P1036,PG1500,KW10276,1020.52,Completed,2026-01-27 11:01:00
ORD106403,2026-03-04,IN,P1050,PG1121,KW10521,635.17,Returned,2026-03-04 13:14:00
ORD106404,2026-02-05,MX,P1026,PG1500,KW10350,377.84,Pending,2026-02-05 03:47:00
ORD106405,2026-06-26,MX,P1049,PG1070,KW10434,1002.34,Pending,2026-06-26 01:25:00
ORD106406,2026-09-03,CA,P1026,PG1213,KW10641,842.47,Cancelled,2026-09-03 02:11:00
ORD106407,2025-11-06,US,P1026,PG1403,KW11436,1596.04,Pending,2025-11-06 11:54:00
ORD106408,2026-05-06,DE,P1033,PG1169,KW10455,1291.45,Returned,2026-05-06 16:26:00
ORD106409,2026-03-17,DE,P1024,PG1463,KW11487,1063.86,Completed,2026-03-17 08:21:00
ORD106410,2026-05-14,US,P1025,PG1497,KW10142,295.19,Completed,2026-05-14 23:21:00
ORD106411,2026-07-31,UK,P1018,PG1240,KW11567,644.25,Returned,2026-07-31 01:06:00
ORD106412,2025-12-18,FR,P1013,PG1393,KW11031,742.27,Completed,2025-12-18 15:55:00
ORD106413,2026-07-29,BR,P1045,PG1390,KW11953,969.55,Pending,2026-07-29 16:06:00
ORD106414,2025-11-13,AU,P1019,PG1164,KW11381,2023.95,Completed,2025-11-13 17:06:00
ORD106415,2026-07-29,FR,P1018,PG1219,KW10910,443.67,Returned,2026-07-29 22:33:00
ORD106416,2026-04-17,AU,P1047,PG1243,KW11291,581.3,Completed,2026-04-17 20:47:00
ORD106417,2025-11-13,US,P1026,PG1401,KW10810,857.49,Completed,2025-11-13 09:18:00
ORD106418,2026-02-22,JP,P1025,PG1085,KW11587,1726.85,Cancelled,2026-02-22 17:24:00
ORD106419,2025-12-05,UK,P1045,PG1448,KW11251,874.06,Completed,2025-12-05 19:39:00
ORD106420,2025-11-14,US,P1035,PG1035,KW10664,786.6,Completed,2025-11-14 11:17:00
ORD106421,2026-07-17,UK,P1033,PG1075,KW11469,852.17,Completed,2026-07-17 23:31:00
ORD106422,2026-09-03,CA,P1030,PG1466,KW10198,1063.62,Returned,2026-09-03 16:19:00
ORD106423,2025-11-05,BR,P1022,PG1354,KW11963,856.42,Completed,2025-11-05 14:21:00
ORD106424,2025-12-23,BR,P1041,PG1321,KW11298,715.54,Returned,2025-12-23 06:46:00
ORD106425,2026-04-14,AU,P1003,PG1256,KW10699,1057.54,Cancelled,2026-04-14 00:31:00
ORD106426,2026-08-15,FR,P1044,PG1208,KW10334,877.03,Completed,2026-08-15 19:58:00
ORD106427,2026-07-01,UK,P1010,PG1399,KW11624,2187.47,Cancelled,2026-07-01 22:47:00
ORD106428,2026-08-09,FR,P1037,PG1112,KW11848,2582.61,Returned,2026-08-09 02:54:00
ORD106429,2026-05-02,UK,P1049,PG1178,KW10219,609.99,Completed,2026-05-02 23:18:00
ORD106430,2026-03-19,BR,P1005,PG1398,KW10312,797.45,Completed,2026-03-19 21:07:00
ORD106431,2025-10-16,UK,P1003,PG1384,KW10008,1610.89,Completed,2025-10-16 13:17:00
ORD106432,2026-06-26,UK,P1004,PG1211,KW11336,563.38,Cancelled,2026-06-26 22:29:00
ORD106433,2025-10-04,FR,P1031,PG1419,KW10126,325.54,Completed,2025-10-04 03:43:00
ORD106434,2026-05-18,BR,P1030,PG1249,KW10015,2769.02,Completed,2026-05-18 21:44:00
ORD106435,2025-11-02,US,P1043,PG1141,KW11587,1160.84,Cancelled,2025-11-02 00:13:00
ORD106436,2026-08-08,US,P1014,PG1399,KW11750,933.82,Returned,2026-08-08 14:46:00
ORD106437,2025-12-25,JP,P1038,PG1041,KW10433,691.08,Completed,2025-12-25 14:48:00
ORD106438,2026-03-23,FR,P1025,PG1102,KW11342,843.7,Completed,2026-03-23 22:12:00
ORD106439,2025-10-22,AU,P1027,PG1444,KW10923,833.66,Completed,2025-10-22 02:27:00
ORD106440,2026-09-02,DE,P1034,PG1337,KW10417,740.56,Returned,2026-09-02 22:32:00
ORD106441,2026-07-12,UK,P1044,PG1192,KW10851,169.15,Completed,2026-07-12 22:17:00
ORD106442,2026-03-27,FR,P1040,PG1343,KW10897,516.82,Completed,2026-03-27 21:29:00
ORD106443,2026-04-12,CA,P1035,PG1038,KW10717,679.24,Completed,2026-04-12 01:24:00
ORD106444,2026-02-08,UK,P1048,PG1411,KW11392,486.2,Cancelled,2026-02-08 01:34:00
ORD106445,2026-07-07,BR,P1022,PG1149,KW10767,1267.78,Completed,2026-07-07 11:30:00
ORD106446,2026-05-02,US,P1002,PG1410,KW10120,631.87,Cancelled,2026-05-02 06:56:00
ORD106447,2026-06-04,DE,P1006,PG1058,KW10558,1247.14,Completed,2026-06-04 05:19:00
ORD106448,2026-02-17,US,P1034,PG1281,KW10405,864.69,Cancelled,2026-02-17 18:03:00
ORD106449,2026-01-19,DE,P1016,PG1417,KW11644,737.34,Completed,2026-01-19 11:59:00
ORD106450,2026-08-10,MX,P1037,PG1336,KW10564,471.76,Returned,2026-08-10 05:25:00
ORD106451,2026-04-12,AU,P1036,PG1269,KW10320,810.52,Cancelled,2026-04-12 11:52:00
ORD106452,2025-10-24,DE,P1026,PG1304,KW11279,1198.66,Pending,2025-10-24 05:43:00
ORD106453,2026-09-01,AU,P1011,PG1332,KW11647,1729.72,Cancelled,2026-09-01 04:13:00
ORD106454,2026-01-26,IN,P1018,PG1383,KW10778,937.25,Returned,2026-01-26 20:39:00
ORD106455,2025-11-14,UK,P1006,PG1393,KW10472,767.27,Cancelled,2025-11-14 13:06:00
ORD106456,2026-04-11,MX,P1041,PG1448,KW11728,758.56,Completed,2026-04-11 19:17:00
ORD106457,2025-10-07,US,P1029,PG1258,KW11383,772.67,Completed,2025-10-07 17:00:00
ORD106458,2026-04-22,FR,P1006,PG1079,KW10761,4834.41,Completed,2026-04-22 06:46:00
ORD106459,2026-05-08,JP,P1046,PG1133,KW10821,670.97,Completed,2026-05-08 10:01:00
ORD106460,2025-12-15,US,P1022,PG1044,KW11339,1165.18,Cancelled,2025-12-15 14:06:00
ORD106461,2026-06-19,MX,P1046,PG1435,KW11659,797.98,Cancelled,2026-06-19 08:31:00
ORD106462,2026-03-09,AU,P1002,PG1457,KW10633,1673.11,Completed,2026-03-09 01:15:00
ORD106463,2026-09-26,FR,P1034,PG1489,KW11722,1345.89,Completed,2026-09-26 21:06:00
ORD106464,2026-01-01,IN,P1015,PG1178,KW10115,1801.16,Returned,2026-01-01 05:39:00
ORD106465,2026-09-01,US,P1038,PG1323,KW10201,515.3,Returned,2026-09-01 19:30:00
ORD106466,2026-05-16,UK,P1001,PG1420,KW10256,671.76,Completed,2026-05-16 11:22:00
ORD106467,2026-06-21,JP,P1008,PG1317,KW11214,1003.8,Completed,2026-06-21 17:53:00
ORD106468,2026-05-18,IN,P1046,PG1320,KW10326,1099.99,Completed,2026-05-18 04:35:00
ORD106469,2025-12-23,CA,P1050,PG1221,KW11434,677.81,Cancelled,2025-12-23 00:23:00
ORD106470,2025-10-13,FR,P1046,PG1258,KW10673,1327.24,Returned,2025-10-13 18:00:00
ORD106471,2026-01-09,UK,P1049,PG1422,KW10062,735.58,Cancelled,2026-01-09 02:07:00
ORD106472,2026-04-19,UK,P1032,PG1412,KW11590,407.59,Completed,2026-04-19 23:58:00
ORD106473,2026-01-28,IN,P1035,PG1460,KW11515,778.94,Completed,2026-01-28 05:41:00
ORD106474,2026-02-26,JP,P1046,PG1229,KW10050,812.93,Completed,2026-02-26 02:23:00
ORD106475,2026-06-10,JP,P1004,PG1353,KW11041,220.02,Returned,2026-06-10 10:02:00
ORD106476,2026-01-11,US,P1031,PG1012,KW10134,587.06,Pending,2026-01-11 17:35:00
ORD106477,2026-02-19,US,P1005,PG1427,KW11007,626.34,Returned,2026-02-19 20:16:00
ORD106478,2026-05-29,UK,P1025,PG1023,KW10265,1440.47,Cancelled,2026-05-29 19:47:00
ORD106479,2025-12-26,IN,P1033,PG1221,KW10678,1004.35,Cancelled,2025-12-26 16:22:00
ORD106480,2026-02-03,DE,P1010,PG1291,KW10148,937.37,Pending,2026-02-03 22:45:00
ORD106481,2026-06-19,DE,P1043,PG1127,KW11075,1213.28,Pending,2026-06-19 14:46:00
ORD106482,2026-02-03,JP,P1028,PG1335,KW10264,903.98,Pending,2026-02-03 06:01:00
ORD106483,2026-03-28,DE,P1029,PG1379,KW10603,309.42,Completed,2026-03-28 10:12:00
ORD106484,2026-03-24,IN,P1016,PG1492,KW11732,968.02,Returned,2026-03-24 16:09:00
ORD106485,2026-03-06,FR,P1019,PG1150,KW10225,800.28,Completed,2026-03-06 13:53:00
ORD106486,2026-05-26,DE,P1006,PG1177,KW11006,1877.19,Cancelled,2026-05-26 19:33:00
ORD106487,2026-09-07,FR,P1009,PG1304,KW11871,430.75,Returned,2026-09-07 07:18:00
ORD106488,2026-01-09,FR,P1011,PG1373,KW10443,905.48,Returned,2026-01-09 17:12:00
ORD106489,2025-10-08,BR,P1025,PG1073,KW11271,422.19,Completed,2025-10-08 13:25:00
ORD106490,2026-06-02,DE,P1004,PG1173,KW10136,966.6,Cancelled,2026-06-02 16:31:00
ORD106491,2025-10-06,UK,P1045,PG1373,KW10679,494.35,Cancelled,2025-10-06 18:17:00
ORD106492,2026-01-19,US,P1048,PG1237,KW10852,1619.8,Completed,2026-01-19 21:42:00
ORD106493,2026-08-18,MX,P1040,PG1121,KW11805,999.19,Cancelled,2026-08-18 15:18:00
ORD106494,2025-10-11,MX,P1022,PG1488,KW10443,583.16,Completed,2025-10-11 02:08:00
ORD106495,2026-05-30,UK,P1013,PG1233,KW11860,1043.14,Completed,2026-05-30 14:27:00
ORD106496,2026-07-17,DE,P1026,PG1419,KW10935,1116.91,Cancelled,2026-07-17 21:10:00
ORD106497,2026-04-26,DE,P1040,PG1418,KW11393,1302.74,Returned,2026-04-26 16:11:00
ORD106498,2026-09-28,MX,P1032,PG1267,KW10535,2185.22,Cancelled,2026-09-28 01:39:00
ORD106499,2026-06-22,IN,P1021,PG1238,KW11572,1106.49,Pending,2026-06-22 09:56:00
ORD106500,2025-12-21,FR,P1022,PG1014,KW11529,2345.55,Completed,2025-12-21 15:23:00
ORD106501,2025-11-13,UK,P1015,PG1352,KW10629,2145.83,Completed,2025-11-13 03:23:00
ORD106502,2025-12-31,CA,P1040,PG1500,KW10787,954.01,Completed,2025-12-31 06:25:00
ORD106503,2025-11-05,DE,P1031,PG1404,KW10423,713.86,Completed,2025-11-05 15:36:00
ORD106504,2025-12-21,CA,P1001,PG1027,KW10879,781.61,Completed,2025-12-21 02:17:00
ORD106505,2026-03-06,BR,P1005,PG1208,KW10568,1038.92,Returned,2026-03-06 14:17:00
ORD106506,2026-06-26,DE,P1026,PG1307,KW11508,445.21,Completed,2026-06-26 08:58:00
ORD106507,2026-06-07,BR,P1038,PG1269,KW10882,1570.6,Pending,2026-06-07 06:08:00
ORD106508,2025-10-18,UK,P1023,PG1485,KW10595,1037.77,Completed,2025-10-18 22:23:00
ORD106509,2026-01-13,BR,P1033,PG1251,KW11923,203.23,Completed,2026-01-13 13:48:00
ORD106510,2025-12-16,AU,P1002,PG1336,KW11593,1045.6,Completed,2025-12-16 17:44:00
ORD106511,2026-06-10,UK,P1004,PG1076,KW10744,499.81,Cancelled,2026-06-10 07:00:00
ORD106512,2026-09-06,CA,P1036,PG1299,KW10314,935.57,Completed,2026-09-06 15:30:00
ORD106513,2025-11-18,JP,P1050,PG1339,KW10242,863.77,Completed,2025-11-18 02:33:00
ORD106514,2026-09-12,BR,P1030,PG1267,KW11972,611.01,Completed,2026-09-12 20:02:00
ORD106515,2026-09-15,DE,P1026,PG1069,KW11422,329.63,Completed,2026-09-15 04:48:00
ORD106516,2025-12-20,IN,P1035,PG1120,KW10187,919.89,Completed,2025-12-20 10:29:00
ORD106517,2026-05-22,AU,P1012,PG1068,KW10783,967.62,Completed,2026-05-22 01:42:00
ORD106518,2026-03-09,CA,P1026,PG1190,KW10465,1264.37,Completed,2026-03-09 03:47:00
ORD106519,2026-05-06,IN,P1041,PG1344,KW11262,406.99,Completed,2026-05-06 03:46:00
ORD106520,2026-02-08,US,P1039,PG1349,KW11366,434.29,Completed,2026-02-08 21:20:00
ORD106521,2025-12-23,CA,P1025,PG1325,KW10308,1597.06,Completed,2025-12-23 19:33:00
ORD106522,2026-03-24,MX,P1010,PG1352,KW10323,522.67,Pending,2026-03-24 19:49:00
ORD106523,2026-01-18,AU,P1041,PG1269,KW11555,790.25,Completed,2026-01-18 19:10:00
ORD106524,2025-10-24,CA,P1032,PG1246,KW11894,1436.49,Pending,2025-10-24 12:24:00
ORD106525,2026-03-21,MX,P1017,PG1196,KW10544,1722.11,Completed,2026-03-21 17:55:00
ORD106526,2025-12-28,BR,P1037,PG1369,KW10422,1291.28,Cancelled,2025-12-28 10:25:00
ORD106527,2026-05-11,JP,P1025,PG1201,KW10176,247.03,Cancelled,2026-05-11 12:34:00
ORD106528,2026-01-25,BR,P1003,PG1437,KW11751,716.86,Completed,2026-01-25 13:38:00
ORD106529,2025-10-12,JP,P1028,PG1243,KW10124,808.73,Cancelled,2025-10-12 07:53:00
ORD106530,2026-06-27,IN,P1015,PG1010,KW11415,480.71,Completed,2026-06-27 21:51:00
ORD106531,2025-12-27,IN,P1034,PG1421,KW11129,350.49,Completed,2025-12-27 10:34:00
ORD106532,2026-03-20,UK,P1006,PG1005,KW10699,1627.7,Completed,2026-03-20 00:05:00
ORD106533,2026-05-14,DE,P1033,PG1311,KW11561,696.56,Pending,2026-05-14 04:41:00
ORD106534,2026-09-21,UK,P1011,PG1082,KW11117,525.05,Completed,2026-09-21 15:59:00
ORD106535,2026-03-28,BR,P1008,PG1083,KW10249,1046.91,Completed,2026-03-28 00:59:00
ORD106536,2025-11-02,BR,P1018,PG1111,KW11834,513.95,Pending,2025-11-02 00:46:00
ORD106537,2026-05-01,AU,P1002,PG1081,KW11426,3340.59,Pending,2026-05-01 00:25:00
ORD106538,2026-02-05,CA,P1025,PG1296,KW11285,1058.77,Cancelled,2026-02-05 08:15:00
ORD106539,2026-07-26,MX,P1044,PG1498,KW10918,808.86,Cancelled,2026-07-26 00:40:00
ORD106540,2026-02-17,MX,P1012,PG1094,KW10694,666.61,Completed,2026-02-17 12:55:00
ORD106541,2026-03-02,CA,P1042,PG1199,KW10016,292.49,Cancelled,2026-03-02 12:25:00
ORD106542,2026-06-19,AU,P1045,PG1037,KW11394,743.45,Pending,2026-06-19 15:17:00
ORD106543,2026-04-11,UK,P1006,PG1175,KW10176,358.66,Pending,2026-04-11 07:56:00
ORD106544,2026-05-04,IN,P1038,PG1404,KW10198,1974.62,Completed,2026-05-04 00:17:00
ORD106545,2026-09-02,DE,P1007,PG1299,KW11237,1940.03,Completed,2026-09-02 11:41:00
ORD106546,2026-08-18,JP,P1023,PG1128,KW10944,1050.16,Returned,2026-08-18 10:48:00
ORD106547,2026-03-15,MX,P1044,PG1216,KW10189,1044.93,Returned,2026-03-15 12:31:00
ORD106548,2026-08-06,JP,P1001,PG1288,KW11644,1612.79,Pending,2026-08-06 14:50:00
ORD106549,2026-08-23,AU,P1014,PG1408,KW10354,434.06,Pending,2026-08-23 13:42:00
ORD106550,2026-08-14,IN,P1011,PG1095,KW10170,1104.75,Completed,2026-08-14 13:49:00
ORD106551,2026-05-01,FR,P1031,PG1334,KW11489,580.1,Completed,2026-05-01 02:17:00
ORD106552,2026-04-16,MX,P1040,PG1364,KW11368,905.94,Completed,2026-04-16 11:44:00
ORD106553,2026-05-30,MX,P1048,PG1335,KW10041,823.69,Returned,2026-05-30 07:25:00
ORD106554,2026-09-29,IN,P1035,PG1307,KW10865,939.48,Returned,2026-09-29 06:50:00
ORD106555,2026-09-28,JP,P1021,PG1438,KW10456,1582.09,Returned,2026-09-28 15:08:00
ORD106556,2026-03-19,BR,P1025,PG1391,KW11487,1145.84,Returned,2026-03-19 13:03:00
ORD106557,2025-11-28,AU,P1026,PG1134,KW11964,2792.7,Cancelled,2025-11-28 21:00:00
ORD106558,2026-09-26,MX,P1005,PG1204,KW10646,302.65,Completed,2026-09-26 12:24:00
ORD106559,2025-11-05,MX,P1037,PG1027,KW10899,390.13,Cancelled,2025-11-05 12:14:00
ORD106560,2026-07-26,JP,P1007,PG1370,KW10629,1160.28,Completed,2026-07-26 02:35:00
ORD106561,2026-07-24,JP,P1037,PG1025,KW11109,990.82,Returned,2026-07-24 06:48:00
ORD106562,2026-01-18,FR,P1031,PG1078,KW11442,1404.54,Completed,2026-01-18 22:45:00
ORD106563,2025-10-19,IN,P1025,PG1400,KW11991,112.32,Completed,2025-10-19 10:06:00
ORD106564,2025-10-29,AU,P1001,PG1391,KW10888,1983.25,Pending,2025-10-29 07:29:00
ORD106565,2026-01-28,JP,P1017,PG1106,KW11290,1267.04,Returned,2026-01-28 18:46:00
ORD106566,2026-02-13,MX,P1038,PG1136,KW11129,670.9,Cancelled,2026-02-13 03:05:00
ORD106567,2026-07-22,MX,P1029,PG1362,KW10467,723.29,Returned,2026-07-22 23:27:00
ORD106568,2026-08-10,US,P1007,PG1354,KW10692,2181.39,Completed,2026-08-10 21:28:00
ORD106569,2026-03-08,DE,P1019,PG1140,KW10732,1622.85,Pending,2026-03-08 04:02:00
ORD106570,2025-12-12,DE,P1015,PG1366,KW10714,459.33,Returned,2025-12-12 02:42:00
ORD106571,2025-10-25,FR,P1016,PG1294,KW10559,379.37,Pending,2025-10-25 13:25:00
ORD106572,2026-06-21,FR,P1014,PG1100,KW11605,703.34,Completed,2026-06-21 03:51:00
ORD106573,2026-03-06,AU,P1023,PG1138,KW10384,415.28,Completed,2026-03-06 11:23:00
ORD106574,2026-04-06,BR,P1021,PG1261,KW10702,708.54,Completed,2026-04-06 01:37:00
ORD106575,2026-01-09,MX,P1014,PG1416,KW10777,829.6,Completed,2026-01-09 16:25:00
ORD106576,2025-10-20,MX,P1024,PG1190,KW10138,326.27,Completed,2025-10-20 04:43:00
ORD106577,2025-12-24,DE,P1046,PG1422,KW11282,1049.81,Returned,2025-12-24 10:14:00
ORD106578,2026-05-28,DE,P1024,PG1066,KW11537,987.38,Returned,2026-05-28 09:27:00
ORD106579,2026-05-11,FR,P1030,PG1072,KW10874,793.18,Completed,2026-05-11 17:56:00
ORD106580,2025-10-18,DE,P1043,PG1326,KW10085,1364.26,Returned,2025-10-18 03:39:00
ORD106581,2026-03-20,JP,P1001,PG1335,KW11114,1148.41,Completed,2026-03-20 20:55:00
ORD106582,2025-10-13,IN,P1002,PG1452,KW10641,658.52,Cancelled,2025-10-13 01:00:00
ORD106583,2026-01-31,CA,P1011,PG1320,KW10096,368.01,Completed,2026-01-31 06:59:00
ORD106584,2026-03-04,DE,P1023,PG1306,KW11309,1161.13,Cancelled,2026-03-04 21:11:00
ORD106585,2026-02-24,MX,P1008,PG1355,KW11363,1014.54,Completed,2026-02-24 22:49:00
ORD106586,2025-10-04,AU,P1044,PG1414,KW11260,1567.36,Completed,2025-10-04 12:03:00
ORD106587,2026-09-10,BR,P1008,PG1251,KW10336,2050.46,Completed,2026-09-10 15:45:00
ORD106588,2026-06-29,DE,P1014,PG1250,KW11395,506.13,Cancelled,2026-06-29 16:56:00
ORD106589,2026-02-18,DE,P1009,PG1274,KW10733,604.12,Cancelled,2026-02-18 17:56:00
ORD106590,2026-05-04,UK,P1011,PG1253,KW11788,818.55,Completed,2026-05-04 00:12:00
ORD106591,2026-05-08,DE,P1046,PG1239,KW10012,1523.53,Cancelled,2026-05-08 13:52:00
ORD106592,2026-06-30,FR,P1044,PG1496,KW10960,704.3,Completed,2026-06-30 20:24:00
ORD106593,2025-12-09,MX,P1034,PG1113,KW10586,676.94,Completed,2025-12-09 15:49:00
ORD106594,2026-01-02,CA,P1022,PG1122,KW11909,465.2,Completed,2026-01-02 04:03:00
ORD106595,2026-06-25,JP,P1029,PG1124,KW11229,998.93,Cancelled,2026-06-25 07:45:00
ORD106596,2026-04-21,DE,P1011,PG1267,KW11057,501.05,Completed,2026-04-21 18:54:00
ORD106597,2025-10-15,FR,P1048,PG1377,KW10230,852.63,Completed,2025-10-15 09:06:00
ORD106598,2026-03-07,IN,P1006,PG1304,KW11566,653.71,Cancelled,2026-03-07 12:37:00
ORD106599,2026-09-17,IN,P1037,PG1006,KW11358,506.8,Completed,2026-09-17 04:27:00
ORD106600,2026-05-30,FR,P1017,PG1017,KW11857,864.61,Pending,2026-05-30 01:37:00
ORD106601,2026-06-16,AU,P1048,PG1438,KW11588,861.95,Completed,2026-06-16 23:36:00
ORD106602,2025-12-28,FR,P1007,PG1111,KW10890,710.61,Pending,2025-12-28 20:34:00
ORD106603,2026-01-17,BR,P1001,PG1170,KW11821,1587.11,Returned,2026-01-17 17:24:00
ORD106604,2025-11-30,FR,P1002,PG1366,KW10577,851.84,Completed,2025-11-30 13:21:00
ORD106605,2026-01-22,BR,P1042,PG1217,KW10208,418.43,Pending,2026-01-22 09:19:00
ORD106606,2026-03-10,JP,P1018,PG1097,KW10909,854.67,Cancelled,2026-03-10 00:30:00
ORD106607,2026-01-29,US,P1028,PG1010,KW11897,1105.75,Cancelled,2026-01-29 16:40:00
ORD106608,2026-09-13,DE,P1013,PG1193,KW11799,475.03,Completed,2026-09-13 23:17:00
ORD106609,2026-05-21,BR,P1006,PG1353,KW11871,285.88,Cancelled,2026-05-21 05:19:00
ORD106610,2026-01-31,FR,P1023,PG1430,KW11671,2629.47,Completed,2026-01-31 04:23:00
ORD106611,2026-03-17,CA,P1045,PG1447,KW10309,1496.75,Completed,2026-03-17 06:39:00
ORD106612,2026-02-13,MX,P1031,PG1116,KW10042,265.91,Cancelled,2026-02-13 21:14:00
ORD106613,2026-09-17,JP,P1010,PG1274,KW10939,1033.46,Pending,2026-09-17 18:46:00
ORD106614,2026-02-09,CA,P1001,PG1052,KW10549,2394.04,Cancelled,2026-02-09 22:17:00
ORD106615,2025-11-18,US,P1009,PG1141,KW11250,1243.32,Pending,2025-11-18 23:09:00
ORD106616,2026-04-16,AU,P1030,PG1125,KW11525,776.41,Completed,2026-04-16 11:56:00
ORD106617,2025-12-04,JP,P1029,PG1210,KW11473,777.22,Cancelled,2025-12-04 12:40:00
ORD106618,2025-11-24,CA,P1014,PG1159,KW11098,567.5,Completed,2025-11-24 12:21:00
ORD106619,2026-04-26,JP,P1017,PG1468,KW11903,393.89,Completed,2026-04-26 03:13:00
ORD106620,2026-05-02,IN,P1036,PG1455,KW11894,844.35,Cancelled,2026-05-02 00:39:00
ORD106621,2026-07-29,JP,P1003,PG1110,KW10202,1756.16,Cancelled,2026-07-29 22:20:00
ORD106622,2026-07-10,JP,P1013,PG1489,KW10664,1226.85,Pending,2026-07-10 21:52:00
ORD106623,2025-10-05,US,P1033,PG1188,KW10960,655.51,Pending,2025-10-05 10:55:00
ORD106624,2026-04-08,AU,P1011,PG1450,KW11730,522.51,Completed,2026-04-08 11:14:00
ORD106625,2026-07-12,JP,P1040,PG1483,KW11951,878.01,Completed,2026-07-12 11:14:00
ORD106626,2026-04-04,DE,P1029,PG1090,KW11860,2384.34,Completed,2026-04-04 19:25:00
ORD106627,2026-06-23,UK,P1017,PG1135,KW11655,1467.14,Completed,2026-06-23 17:00:00
ORD106628,2026-07-04,MX,P1026,PG1203,KW11941,2104.92,Pending,2026-07-04 15:09:00
ORD106629,2026-08-21,DE,P1001,PG1165,KW10275,817.25,Pending,2026-08-21 03:40:00
ORD106630,2026-05-09,JP,P1026,PG1323,KW11314,794.88,Cancelled,2026-05-09 10:08:00
ORD106631,2026-03-22,JP,P1039,PG1192,KW11006,853.31,Completed,2026-03-22 05:31:00
ORD106632,2026-01-25,BR,P1019,PG1265,KW11690,383.18,Completed,2026-01-25 00:00:00
ORD106633,2026-01-15,AU,P1020,PG1080,KW11207,1390.51,Completed,2026-01-15 23:10:00
ORD106634,2026-01-15,JP,P1005,PG1376,KW11159,734.82,Completed,2026-01-15 19:24:00
ORD106635,2026-07-25,US,P1048,PG1267,KW11428,2496.85,Returned,2026-07-25 12:00:00
ORD106636,2026-05-21,UK,P1026,PG1067,KW10729,1054.25,Completed,2026-05-21 23:40:00
ORD106637,2025-10-10,MX,P1001,PG1025,KW10522,1518.85,Pending,2025-10-10 19:50:00
ORD106638,2026-07-16,MX,P1004,PG1429,KW10474,662.63,Completed,2026-07-16 02:20:00
ORD106639,2026-04-27,JP,P1047,PG1448,KW10585,535.86,Cancelled,2026-04-27 16:05:00
ORD106640,2026-05-23,AU,P1040,PG1026,KW11846,154.2,Pending,2026-05-23 14:15:00
ORD106641,2026-05-30,IN,P1004,PG1067,KW10649,1007.91,Cancelled,2026-05-30 00:08:00
ORD106642,2026-05-01,JP,P1029,PG1174,KW10139,493.06,Cancelled,2026-05-01 07:04:00
ORD106643,2025-10-02,US,P1010,PG1120,KW11138,427.06,Returned,2025-10-02 13:11:00
ORD106644,2026-05-04,AU,P1046,PG1375,KW11243,302.62,Completed,2026-05-04 15:21:00
ORD106645,2026-07-06,AU,P1045,PG1299,KW10838,648.33,Cancelled,2026-07-06 09:26:00
ORD106646,2026-03-24,AU,P1045,PG1366,KW10878,412.13,Completed,2026-03-24 08:06:00
ORD106647,2026-09-05,US,P1039,PG1034,KW11270,400.84,Completed,2026-09-05 00:34:00
ORD106648,2026-03-21,JP,P1046,PG1002,KW10312,946.76,Cancelled,2026-03-21 05:52:00
ORD106649,2026-03-21,JP,P1035,PG1260,KW10934,348.48,Completed,2026-03-21 02:14:00
ORD106650,2026-01-17,CA,P1010,PG1038,KW11236,302.95,Pending,2026-01-17 01:50:00
ORD106651,2026-03-01,BR,P1019,PG1490,KW10597,1117.7,Completed,2026-03-01 10:15:00
ORD106652,2026-09-10,FR,P1010,PG1436,KW10102,4849.56,Cancelled,2026-09-10 14:53:00
ORD106653,2026-07-29,BR,P1012,PG1195,KW11754,669.45,Completed,2026-07-29 02:43:00
ORD106654,2026-03-28,AU,P1002,PG1376,KW10920,690.77,Cancelled,2026-03-28 08:51:00
ORD106655,2026-08-17,JP,P1038,PG1097,KW10083,1546.76,Cancelled,2026-08-17 04:56:00
ORD106656,2026-06-23,BR,P1013,PG1053,KW11211,476.41,Returned,2026-06-23 10:59:00
ORD106657,2026-06-30,MX,P1050,PG1102,KW11488,398.86,Pending,2026-06-30 03:04:00
ORD106658,2026-06-02,BR,P1027,PG1439,KW11723,1075.38,Completed,2026-06-02 16:50:00
ORD106659,2026-07-22,BR,P1006,PG1234,KW10227,862.54,Pending,2026-07-22 13:14:00
ORD106660,2026-02-25,FR,P1045,PG1449,KW10500,721.85,Cancelled,2026-02-25 06:04:00
ORD106661,2026-08-03,CA,P1010,PG1256,KW10350,499.98,Cancelled,2026-08-03 10:43:00
ORD106662,2026-06-07,MX,P1039,PG1447,KW10546,946.74,Completed,2026-06-07 09:45:00
ORD106663,2026-06-12,CA,P1006,PG1171,KW10617,625.41,Cancelled,2026-06-12 03:19:00
ORD106664,2026-07-13,FR,P1017,PG1255,KW10835,403.64,Cancelled,2026-07-13 18:32:00
ORD106665,2025-10-04,US,P1009,PG1270,KW10286,438.98,Cancelled,2025-10-04 15:25:00
ORD106666,2026-04-04,CA,P1048,PG1496,KW10245,768.31,Completed,2026-04-04 22:09:00
ORD106667,2026-08-08,AU,P1008,PG1398,KW11457,418.66,Returned,2026-08-08 05:16:00
ORD106668,2026-04-17,CA,P1050,PG1289,KW11268,372.09,Returned,2026-04-17 10:40:00
ORD106669,2026-04-15,UK,P1015,PG1288,KW10365,794.88,Cancelled,2026-04-15 02:08:00
ORD106670,2025-11-28,DE,P1001,PG1081,KW11753,2177.52,Completed,2025-11-28 00:13:00
ORD106671,2026-09-14,UK,P1034,PG1182,KW11940,1452.84,Completed,2026-09-14 11:10:00
ORD106672,2026-06-01,BR,P1008,PG1294,KW10225,331.06,Completed,2026-06-01 06:16:00
ORD106673,2026-07-09,UK,P1012,PG1433,KW10273,1281.09,Completed,2026-07-09 09:25:00
ORD106674,2026-02-20,AU,P1014,PG1362,KW11426,1921.11,Completed,2026-02-20 11:55:00
ORD106675,2026-09-30,US,P1018,PG1166,KW10434,438.58,Returned,2026-09-30 08:33:00
ORD106676,2026-01-04,IN,P1003,PG1432,KW10323,518.09,Completed,2026-01-04 18:54:00
ORD106677,2026-09-27,CA,P1022,PG1464,KW11745,292.15,Pending,2026-09-27 09:10:00
ORD106678,2025-10-23,FR,P1019,PG1004,KW11082,1455.94,Completed,2025-10-23 14:03:00
ORD106679,2026-01-24,IN,P1046,PG1226,KW11522,699.69,Completed,2026-01-24 10:14:00
ORD106680,2025-12-25,US,P1019,PG1211,KW11519,738.77,Pending,2025-12-25 21:58:00
ORD106681,2026-02-11,FR,P1046,PG1413,KW10560,594.17,Returned,2026-02-11 03:48:00
ORD106682,2026-01-12,US,P1030,PG1136,KW10688,765.48,Returned,2026-01-12 05:06:00
ORD106683,2026-09-02,UK,P1029,PG1155,KW10002,311.75,Cancelled,2026-09-02 15:02:00
ORD106684,2025-12-22,BR,P1015,PG1449,KW10435,591.26,Returned,2025-12-22 09:35:00
ORD106685,2026-05-02,BR,P1040,PG1448,KW11100,1505.6,Completed,2026-05-02 12:11:00
ORD106686,2025-11-07,IN,P1001,PG1117,KW11643,1158.79,Cancelled,2025-11-07 01:47:00
ORD106687,2025-11-28,MX,P1044,PG1377,KW10591,595.84,Pending,2025-11-28 07:45:00
ORD106688,2026-04-05,DE,P1043,PG1276,KW11789,360.71,Pending,2026-04-05 20:01:00
ORD106689,2026-05-14,MX,P1040,PG1304,KW11908,433.22,Completed,2026-05-14 08:49:00
ORD106690,2026-09-01,JP,P1006,PG1217,KW10568,600.25,Completed,2026-09-01 14:34:00
ORD106691,2025-11-19,MX,P1030,PG1131,KW11791,1240.52,Completed,2025-11-19 14:50:00
ORD106692,2025-10-12,MX,P1010,PG1084,KW11656,878.96,Cancelled,2025-10-12 05:58:00
ORD106693,2025-11-08,IN,P1025,PG1238,KW11496,3918.17,Cancelled,2025-11-08 20:31:00
ORD106694,2025-12-06,CA,P1041,PG1485,KW10276,491.61,Pending,2025-12-06 00:19:00
ORD106695,2026-01-05,US,P1003,PG1220,KW10074,366.66,Completed,2026-01-05 11:27:00
ORD106696,2026-03-09,DE,P1025,PG1399,KW11686,379.18,Returned,2026-03-09 06:08:00
ORD106697,2025-10-16,IN,P1042,PG1199,KW10444,299.83,Completed,2025-10-16 07:21:00
ORD106698,2026-09-09,DE,P1049,PG1163,KW11451,2497.22,Completed,2026-09-09 06:09:00
ORD106699,2026-03-21,BR,P1009,PG1159,KW10563,1918.51,Pending,2026-03-21 07:09:00
ORD106700,2025-12-05,IN,P1016,PG1480,KW10190,517.34,Pending,2025-12-05 01:15:00
ORD106701,2026-02-11,FR,P1043,PG1151,KW10683,652.81,Completed,2026-02-11 15:31:00
ORD106702,2025-11-27,MX,P1026,PG1412,KW11966,908.1,Pending,2025-11-27 22:14:00
ORD106703,2026-06-05,CA,P1023,PG1039,KW11742,1477.98,Completed,2026-06-05 11:34:00
ORD106704,2026-04-30,AU,P1042,PG1441,KW10405,773.14,Completed,2026-04-30 13:41:00
ORD106705,2026-09-21,MX,P1041,PG1485,KW11585,539.85,Cancelled,2026-09-21 23:05:00
ORD106706,2026-04-13,MX,P1016,PG1428,KW10920,857.39,Completed,2026-04-13 23:49:00
ORD106707,2026-06-17,FR,P1034,PG1455,KW11083,1772.11,Completed,2026-06-17 08:00:00
ORD106708,2026-07-26,UK,P1044,PG1208,KW11732,848.44,Completed,2026-07-26 15:12:00
ORD106709,2026-08-05,FR,P1008,PG1500,KW10465,417.95,Returned,2026-08-05 10:02:00
ORD106710,2026-05-24,DE,P1002,PG1433,KW10251,292.78,Completed,2026-05-24 23:11:00
ORD106711,2026-06-23,AU,P1019,PG1207,KW11500,422.92,Returned,2026-06-23 17:12:00
ORD106712,2026-03-06,JP,P1006,PG1335,KW11624,738.59,Completed,2026-03-06 10:16:00
ORD106713,2026-07-08,JP,P1013,PG1253,KW10538,1458.49,Returned,2026-07-08 18:13:00
ORD106714,2026-02-19,AU,P1042,PG1276,KW11554,908.76,Completed,2026-02-19 02:51:00
ORD106715,2025-11-02,MX,P1011,PG1375,KW11934,864.0,Completed,2025-11-02 22:45:00
ORD106716,2025-12-20,IN,P1032,PG1226,KW10135,495.95,Pending,2025-12-20 20:06:00
ORD106717,2026-05-14,JP,P1005,PG1320,KW11037,632.49,Cancelled,2026-05-14 15:54:00
ORD106718,2026-01-23,MX,P1043,PG1427,KW11241,345.87,Completed,2026-01-23 05:02:00
ORD106719,2025-12-24,UK,P1011,PG1319,KW11554,907.62,Completed,2025-12-24 00:52:00
ORD106720,2026-09-27,CA,P1017,PG1377,KW10686,1256.97,Completed,2026-09-27 21:29:00
ORD106721,2025-11-05,FR,P1031,PG1272,KW10345,652.33,Completed,2025-11-05 22:06:00
ORD106722,2026-08-26,DE,P1047,PG1414,KW10993,733.16,Completed,2026-08-26 07:55:00
ORD106723,2026-04-03,JP,P1047,PG1107,KW11765,3357.04,Completed,2026-04-03 06:03:00
ORD106724,2026-04-05,UK,P1036,PG1375,KW11911,917.19,Completed,2026-04-05 17:05:00
ORD106725,2026-04-27,CA,P1017,PG1011,KW10360,1014.52,Completed,2026-04-27 03:35:00
ORD106726,2026-02-05,UK,P1042,PG1048,KW10995,1102.49,Completed,2026-02-05 18:36:00
ORD106727,2025-11-04,US,P1042,PG1099,KW11157,812.01,Completed,2025-11-04 05:49:00
ORD106728,2025-10-30,UK,P1048,PG1242,KW10756,557.07,Completed,2025-10-30 11:06:00
ORD106729,2026-06-05,JP,P1008,PG1369,KW11609,863.42,Returned,2026-06-05 11:12:00
ORD106730,2025-10-08,JP,P1050,PG1109,KW10090,407.33,Completed,2025-10-08 17:57:00
ORD106731,2026-09-06,AU,P1038,PG1026,KW10354,2168.1,Completed,2026-09-06 08:05:00
ORD106732,2026-02-14,FR,P1027,PG1358,KW11537,921.1,Completed,2026-02-14 02:00:00
ORD106733,2026-07-18,JP,P1012,PG1166,KW10765,1278.48,Cancelled,2026-07-18 08:55:00
ORD106734,2026-03-23,CA,P1036,PG1095,KW11462,1221.22,Cancelled,2026-03-23 23:00:00
ORD106735,2026-08-30,FR,P1032,PG1431,KW10425,599.78,Cancelled,2026-08-30 14:22:00
ORD106736,2026-06-11,MX,P1022,PG1365,KW10605,814.18,Completed,2026-06-11 23:14:00
ORD106737,2026-07-25,JP,P1041,PG1348,KW10635,743.4,Cancelled,2026-07-25 21:03:00
ORD106738,2026-03-11,AU,P1045,PG1142,KW10432,1640.35,Pending,2026-03-11 07:07:00
ORD106739,2025-12-05,CA,P1028,PG1362,KW11760,449.91,Completed,2025-12-05 17:16:00
ORD106740,2025-11-18,DE,P1045,PG1278,KW10335,305.25,Completed,2025-11-18 16:44:00
ORD106741,2026-06-22,IN,P1014,PG1167,KW11712,638.77,Cancelled,2026-06-22 11:10:00
ORD106742,2026-08-23,AU,P1041,PG1250,KW10502,584.35,Returned,2026-08-23 03:28:00
ORD106743,2026-04-21,FR,P1012,PG1173,KW11872,863.21,Returned,2026-04-21 15:08:00
ORD106744,2026-01-01,US,P1040,PG1383,KW11100,2094.36,Completed,2026-01-01 08:48:00
ORD106745,2026-04-12,FR,P1016,PG1393,KW10203,956.07,Completed,2026-04-12 10:26:00
ORD106746,2025-12-09,CA,P1010,PG1019,KW10268,706.46,Completed,2025-12-09 18:17:00
ORD106747,2026-08-02,DE,P1031,PG1352,KW11110,1129.65,Pending,2026-08-02 14:19:00
ORD106748,2026-08-25,BR,P1019,PG1087,KW11734,1005.52,Completed,2026-08-25 03:42:00
ORD106749,2025-12-25,BR,P1041,PG1249,KW10297,1126.41,Cancelled,2025-12-25 19:31:00
ORD106750,2026-08-24,MX,P1037,PG1274,KW11290,393.32,Cancelled,2026-08-24 10:50:00
ORD106751,2026-09-24,JP,P1018,PG1194,KW11744,1386.89,Completed,2026-09-24 02:19:00
ORD106752,2026-04-13,IN,P1022,PG1192,KW10954,1718.23,Cancelled,2026-04-13 04:48:00
ORD106753,2026-04-07,AU,P1027,PG1456,KW10141,414.99,Completed,2026-04-07 09:10:00
ORD106754,2026-09-23,US,P1048,PG1138,KW11921,441.9,Completed,2026-09-23 15:21:00
ORD106755,2026-01-02,UK,P1046,PG1201,KW10371,829.6,Pending,2026-01-02 10:03:00
ORD106756,2026-07-04,MX,P1002,PG1286,KW10948,460.2,Pending,2026-07-04 17:22:00
ORD106757,2025-12-02,DE,P1014,PG1203,KW10838,1296.28,Completed,2025-12-02 21:39:00
ORD106758,2026-06-28,AU,P1020,PG1266,KW11082,1208.5,Returned,2026-06-28 16:52:00
ORD106759,2026-09-30,MX,P1003,PG1420,KW11557,2295.85,Completed,2026-09-30 08:42:00
ORD106760,2025-10-24,CA,P1030,PG1269,KW11979,665.58,Completed,2025-10-24 19:44:00
ORD106761,2026-06-10,AU,P1027,PG1021,KW11688,752.76,Completed,2026-06-10 18:00:00
ORD106762,2026-09-25,DE,P1015,PG1075,KW10862,273.58,Completed,2026-09-25 20:03:00
ORD106763,2025-11-07,US,P1033,PG1125,KW11977,1634.69,Completed,2025-11-07 11:47:00
ORD106764,2026-08-05,BR,P1039,PG1262,KW10514,701.74,Cancelled,2026-08-05 05:43:00
ORD106765,2026-09-08,IN,P1025,PG1118,KW11560,840.25,Completed,2026-09-08 15:10:00
ORD106766,2026-09-09,MX,P1035,PG1370,KW11549,1661.72,Completed,2026-09-09 07:23:00
ORD106767,2026-01-27,AU,P1046,PG1352,KW10104,587.29,Completed,2026-01-27 06:20:00
ORD106768,2026-02-18,CA,P1006,PG1360,KW10285,428.07,Returned,2026-02-18 20:03:00
ORD106769,2026-03-04,MX,P1046,PG1154,KW11316,891.77,Completed,2026-03-04 05:12:00
ORD106770,2025-12-17,BR,P1020,PG1381,KW11749,556.93,Completed,2025-12-17 17:04:00
ORD106771,2025-11-30,CA,P1006,PG1121,KW11154,582.46,Pending,2025-11-30 06:10:00
ORD106772,2026-08-16,CA,P1013,PG1119,KW10250,402.43,Returned,2026-08-16 13:18:00
ORD106773,2025-12-27,AU,P1041,PG1370,KW11364,831.61,Completed,2025-12-27 03:42:00
ORD106774,2025-10-25,US,P1013,PG1282,KW11396,1027.98,Pending,2025-10-25 00:10:00
ORD106775,2025-12-06,BR,P1027,PG1321,KW10390,1555.05,Completed,2025-12-06 11:28:00
ORD106776,2026-04-14,CA,P1036,PG1091,KW10811,213.13,Returned,2026-04-14 12:59:00
ORD106777,2025-11-29,BR,P1015,PG1096,KW11376,483.85,Cancelled,2025-11-29 19:46:00
ORD106778,2025-12-26,UK,P1007,PG1078,KW10381,1037.62,Cancelled,2025-12-26 16:03:00
ORD106779,2026-03-27,MX,P1007,PG1188,KW11907,785.88,Cancelled,2026-03-27 03:18:00
ORD106780,2026-06-19,FR,P1009,PG1329,KW11253,1099.28,Cancelled,2026-06-19 08:57:00
ORD106781,2026-08-08,DE,P1014,PG1264,KW11107,350.46,Returned,2026-08-08 13:46:00
ORD106782,2026-06-17,US,P1009,PG1259,KW10795,518.57,Returned,2026-06-17 06:29:00
ORD106783,2025-10-08,CA,P1002,PG1288,KW11532,426.04,Completed,2025-10-08 13:03:00
ORD106784,2026-03-15,BR,P1007,PG1448,KW10446,710.25,Completed,2026-03-15 13:09:00
ORD106785,2026-06-23,MX,P1014,PG1292,KW11577,922.26,Returned,2026-06-23 01:59:00
ORD106786,2026-06-27,US,P1027,PG1127,KW11556,905.0,Pending,2026-06-27 08:15:00
ORD106787,2026-09-01,JP,P1016,PG1179,KW10070,413.69,Returned,2026-09-01 09:36:00
ORD106788,2026-08-07,AU,P1045,PG1117,KW11987,1030.88,Returned,2026-08-07 09:50:00
ORD106789,2026-03-16,US,P1041,PG1069,KW11528,698.7,Returned,2026-03-16 08:44:00
ORD106790,2026-04-18,MX,P1049,PG1364,KW10055,537.1,Completed,2026-04-18 01:52:00
ORD106791,2025-10-11,JP,P1021,PG1017,KW11615,785.6,Completed,2025-10-11 18:36:00
ORD106792,2026-08-11,BR,P1032,PG1057,KW10593,1042.45,Returned,2026-08-11 21:43:00
ORD106793,2026-06-07,IN,P1004,PG1445,KW11446,1542.48,Completed,2026-06-07 12:25:00
ORD106794,2026-09-15,MX,P1009,PG1058,KW10015,527.35,Cancelled,2026-09-15 06:46:00
ORD106795,2025-11-01,AU,P1039,PG1244,KW10671,575.58,Completed,2025-11-01 11:57:00
ORD106796,2026-01-23,BR,P1034,PG1205,KW10981,1483.65,Completed,2026-01-23 05:30:00
ORD106797,2026-07-08,IN,P1021,PG1373,KW10474,723.51,Completed,2026-07-08 17:43:00
ORD106798,2025-12-21,JP,P1011,PG1246,KW11476,1309.18,Completed,2025-12-21 23:55:00
ORD106799,2026-07-22,IN,P1010,PG1102,KW10945,1621.25,Completed,2026-07-22 22:10:00
ORD106800,2026-03-09,DE,P1020,PG1289,KW10960,1079.62,Completed,2026-03-09 04:47:00
ORD106801,2025-10-08,BR,P1034,PG1398,KW10728,1118.88,Completed,2025-10-08 08:40:00
ORD106802,2026-04-12,DE,P1037,PG1023,KW10937,783.96,Returned,2026-04-12 02:58:00
ORD106803,2025-11-29,FR,P1008,PG1276,KW10461,518.76,Pending,2025-11-29 22:40:00
ORD106804,2026-09-19,DE,P1046,PG1032,KW11153,1030.52,Pending,2026-09-19 10:37:00
ORD106805,2026-06-22,CA,P1046,PG1443,KW11714,531.97,Completed,2026-06-22 11:54:00
ORD106806,2026-08-25,JP,P1035,PG1227,KW11540,2049.74,Pending,2026-08-25 23:37:00
ORD106807,2026-05-06,MX,P1026,PG1333,KW11345,847.25,Completed,2026-05-06 20:21:00
ORD106808,2025-10-02,CA,P1024,PG1219,KW11547,472.95,Completed,2025-10-02 10:08:00
ORD106809,2025-12-28,US,P1003,PG1307,KW10758,431.61,Pending,2025-12-28 21:32:00
ORD106810,2026-01-02,DE,P1017,PG1309,KW10853,1681.98,Cancelled,2026-01-02 06:23:00
ORD106811,2026-01-09,UK,P1044,PG1428,KW11970,888.94,Completed,2026-01-09 13:45:00
ORD106812,2026-04-27,BR,P1031,PG1005,KW11462,685.1,Returned,2026-04-27 23:22:00
ORD106813,2026-04-18,BR,P1019,PG1067,KW11829,844.28,Completed,2026-04-18 02:11:00
ORD106814,2026-08-14,FR,P1007,PG1452,KW10320,351.5,Pending,2026-08-14 01:47:00
ORD106815,2026-06-15,BR,P1020,PG1280,KW10733,292.02,Cancelled,2026-06-15 06:15:00
ORD106816,2026-04-29,JP,P1048,PG1273,KW10342,1119.05,Returned,2026-04-29 23:07:00
ORD106817,2026-01-23,UK,P1032,PG1171,KW11852,299.82,Completed,2026-01-23 22:30:00
ORD106818,2026-03-17,MX,P1041,PG1231,KW11077,1069.0,Returned,2026-03-17 00:52:00
ORD106819,2026-07-25,DE,P1002,PG1059,KW10062,625.97,Pending,2026-07-25 08:16:00
ORD106820,2026-04-25,AU,P1020,PG1083,KW10221,2087.0,Completed,2026-04-25 19:34:00
ORD106821,2026-07-02,MX,P1002,PG1322,KW10720,1168.4,Cancelled,2026-07-02 16:11:00
ORD106822,2026-04-17,AU,P1014,PG1097,KW10771,1378.29,Completed,2026-04-17 06:09:00
ORD106823,2026-07-31,CA,P1024,PG1242,KW10137,363.19,Completed,2026-07-31 09:13:00
ORD106824,2026-05-20,MX,P1043,PG1341,KW11556,870.05,Returned,2026-05-20 16:03:00
ORD106825,2026-05-21,BR,P1049,PG1065,KW10484,1160.02,Completed,2026-05-21 12:09:00
ORD106826,2025-11-17,MX,P1011,PG1110,KW10633,2051.66,Cancelled,2025-11-17 14:41:00
ORD106827,2026-04-20,DE,P1042,PG1150,KW11359,1180.11,Completed,2026-04-20 09:36:00
ORD106828,2026-06-11,MX,P1021,PG1327,KW11605,422.12,Completed,2026-06-11 03:03:00
ORD106829,2026-01-17,IN,P1025,PG1285,KW11538,927.1,Completed,2026-01-17 21:52:00
ORD106830,2026-07-25,AU,P1034,PG1403,KW10850,977.22,Cancelled,2026-07-25 00:27:00
ORD106831,2026-09-03,FR,P1030,PG1455,KW10350,772.91,Completed,2026-09-03 02:09:00
ORD106832,2026-07-28,US,P1033,PG1382,KW11526,417.8,Completed,2026-07-28 15:24:00
ORD106833,2026-06-18,JP,P1004,PG1420,KW11344,986.03,Pending,2026-06-18 18:37:00
ORD106834,2025-10-23,UK,P1005,PG1331,KW10421,637.48,Pending,2025-10-23 06:12:00
ORD106835,2025-11-08,IN,P1018,PG1362,KW10467,983.63,Returned,2025-11-08 01:12:00
ORD106836,2026-02-02,US,P1020,PG1482,KW10539,893.63,Completed,2026-02-02 16:03:00
ORD106837,2026-09-12,AU,P1044,PG1388,KW10898,1339.62,Completed,2026-09-12 00:58:00
ORD106838,2026-02-28,JP,P1032,PG1334,KW11058,1690.65,Completed,2026-02-28 23:52:00
ORD106839,2026-04-27,JP,P1003,PG1388,KW10250,1119.72,Completed,2026-04-27 15:40:00
ORD106840,2025-11-06,JP,P1026,PG1280,KW10715,572.54,Cancelled,2025-11-06 20:57:00
ORD106841,2025-12-15,FR,P1026,PG1417,KW10022,1468.81,Completed,2025-12-15 10:53:00
ORD106842,2026-05-12,UK,P1022,PG1043,KW10040,1450.89,Completed,2026-05-12 06:30:00
ORD106843,2025-12-03,MX,P1033,PG1372,KW10386,1130.66,Cancelled,2025-12-03 20:46:00
ORD106844,2026-07-07,FR,P1036,PG1402,KW11605,717.78,Completed,2026-07-07 20:51:00
ORD106845,2026-02-25,US,P1028,PG1159,KW11836,1485.79,Returned,2026-02-25 23:12:00
ORD106846,2026-08-08,FR,P1015,PG1308,KW10533,394.1,Completed,2026-08-08 05:47:00
ORD106847,2026-09-18,BR,P1002,PG1216,KW10115,381.45,Returned,2026-09-18 21:00:00
ORD106848,2025-10-10,FR,P1045,PG1203,KW11931,1075.03,Completed,2025-10-10 00:04:00
ORD106849,2026-07-31,US,P1050,PG1334,KW10576,515.78,Returned,2026-07-31 07:45:00
ORD106850,2026-08-03,UK,P1034,PG1085,KW10830,979.22,Cancelled,2026-08-03 01:19:00
ORD106851,2026-06-11,MX,P1041,PG1351,KW11365,1636.02,Completed,2026-06-11 12:34:00
ORD106852,2026-05-06,IN,P1039,PG1113,KW11999,422.36,Returned,2026-05-06 01:11:00
ORD106853,2026-02-24,JP,P1038,PG1151,KW10799,245.78,Pending,2026-02-24 02:06:00
ORD106854,2026-01-30,MX,P1017,PG1142,KW11380,1294.54,Completed,2026-01-30 16:55:00
ORD106855,2025-10-04,DE,P1018,PG1263,KW11065,267.96,Completed,2025-10-04 18:29:00
ORD106856,2026-09-06,DE,P1019,PG1417,KW10815,2129.25,Cancelled,2026-09-06 13:22:00
ORD106857,2025-12-05,IN,P1033,PG1300,KW10912,510.24,Cancelled,2025-12-05 22:27:00
ORD106858,2026-09-30,JP,P1034,PG1444,KW10441,1921.84,Cancelled,2026-09-30 01:49:00
ORD106859,2025-12-03,MX,P1048,PG1070,KW11336,1474.21,Cancelled,2025-12-03 00:58:00
ORD106860,2026-05-15,MX,P1020,PG1278,KW11075,498.31,Pending,2026-05-15 09:09:00
ORD106861,2026-07-17,MX,P1001,PG1374,KW11143,2091.87,Cancelled,2026-07-17 02:27:00
ORD106862,2025-11-04,AU,P1050,PG1357,KW11489,1221.97,Completed,2025-11-04 04:20:00
ORD106863,2025-12-04,UK,P1048,PG1366,KW11762,346.71,Completed,2025-12-04 17:06:00
ORD106864,2025-11-13,UK,P1011,PG1476,KW10741,1255.11,Completed,2025-11-13 22:48:00
ORD106865,2026-05-20,US,P1022,PG1010,KW11112,1828.36,Returned,2026-05-20 07:16:00
ORD106866,2025-10-19,MX,P1038,PG1141,KW11766,440.45,Completed,2025-10-19 13:22:00
ORD106867,2026-07-12,US,P1020,PG1111,KW11137,888.72,Returned,2026-07-12 22:35:00
ORD106868,2026-03-04,DE,P1001,PG1341,KW10648,845.32,Returned,2026-03-04 14:04:00
ORD106869,2026-03-17,MX,P1008,PG1414,KW10900,1202.52,Pending,2026-03-17 00:09:00
ORD106870,2026-01-09,IN,P1005,PG1328,KW11699,650.98,Returned,2026-01-09 07:22:00
ORD106871,2026-03-22,UK,P1026,PG1138,KW10993,700.56,Returned,2026-03-22 03:10:00
ORD106872,2026-02-06,AU,P1036,PG1123,KW11672,556.9,Completed,2026-02-06 12:04:00
ORD106873,2025-12-17,UK,P1018,PG1293,KW11490,2071.13,Cancelled,2025-12-17 12:59:00
ORD106874,2026-07-27,BR,P1028,PG1135,KW11764,595.16,Cancelled,2026-07-27 04:52:00
ORD106875,2026-03-31,FR,P1047,PG1408,KW11083,427.96,Completed,2026-03-31 01:06:00
ORD106876,2025-11-06,AU,P1038,PG1461,KW11335,672.6,Pending,2025-11-06 09:08:00
ORD106877,2026-05-08,MX,P1022,PG1461,KW10097,806.01,Returned,2026-05-08 16:49:00
ORD106878,2025-12-03,MX,P1039,PG1096,KW10456,293.23,Completed,2025-12-03 20:13:00
ORD106879,2025-10-06,CA,P1005,PG1105,KW11236,2325.51,Returned,2025-10-06 12:58:00
ORD106880,2026-07-31,BR,P1025,PG1173,KW10904,1075.44,Cancelled,2026-07-31 04:06:00
ORD106881,2025-10-08,UK,P1029,PG1472,KW11322,352.74,Completed,2025-10-08 17:26:00
ORD106882,2025-11-06,DE,P1045,PG1334,KW11256,644.07,Completed,2025-11-06 16:44:00
ORD106883,2025-10-11,BR,P1014,PG1253,KW11145,974.1,Completed,2025-10-11 23:04:00
ORD106884,2025-10-05,MX,P1036,PG1283,KW10962,902.75,Completed,2025-10-05 04:15:00
ORD106885,2026-07-23,CA,P1021,PG1477,KW11744,610.62,Pending,2026-07-23 00:47:00
ORD106886,2026-01-10,DE,P1029,PG1331,KW10627,938.33,Completed,2026-01-10 00:40:00
ORD106887,2026-06-11,BR,P1026,PG1083,KW11073,1762.01,Cancelled,2026-06-11 01:33:00
ORD106888,2026-06-16,IN,P1023,PG1076,KW10100,475.69,Returned,2026-06-16 04:25:00
ORD106889,2026-06-01,MX,P1040,PG1201,KW10632,921.55,Completed,2026-06-01 19:08:00
ORD106890,2025-11-22,AU,P1042,PG1362,KW10263,1037.07,Cancelled,2025-11-22 13:31:00
ORD106891,2026-06-19,JP,P1050,PG1240,KW11444,490.19,Completed,2026-06-19 15:05:00
ORD106892,2026-02-01,DE,P1049,PG1178,KW10320,360.28,Completed,2026-02-01 21:00:00
ORD106893,2026-03-30,CA,P1043,PG1196,KW11812,921.86,Returned,2026-03-30 17:56:00
ORD106894,2025-10-29,FR,P1002,PG1474,KW11393,1135.37,Pending,2025-10-29 14:56:00
ORD106895,2026-08-23,AU,P1027,PG1098,KW11965,385.21,Completed,2026-08-23 08:44:00
ORD106896,2026-08-13,MX,P1029,PG1432,KW11415,1216.02,Pending,2026-08-13 22:32:00
ORD106897,2026-04-04,IN,P1015,PG1097,KW11269,572.21,Pending,2026-04-04 13:23:00
ORD106898,2026-09-02,FR,P1022,PG1300,KW11030,867.37,Pending,2026-09-02 05:02:00
ORD106899,2026-01-06,AU,P1021,PG1286,KW10587,734.59,Returned,2026-01-06 04:50:00
ORD106900,2026-02-11,AU,P1026,PG1211,KW11477,1375.06,Pending,2026-02-11 05:04:00
ORD106901,2026-03-05,FR,P1001,PG1100,KW11498,689.28,Cancelled,2026-03-05 21:29:00
ORD106902,2026-08-26,MX,P1046,PG1372,KW11483,1178.7,Pending,2026-08-26 04:35:00
ORD106903,2026-07-13,FR,P1020,PG1364,KW11823,1374.75,Cancelled,2026-07-13 22:13:00
ORD106904,2026-01-19,FR,P1049,PG1213,KW11912,1380.99,Pending,2026-01-19 22:58:00
ORD106905,2025-10-17,JP,P1019,PG1066,KW11076,926.23,Completed,2025-10-17 17:32:00
ORD106906,2025-11-24,AU,P1049,PG1011,KW11158,1541.06,Returned,2025-11-24 00:40:00
ORD106907,2025-10-17,US,P1019,PG1091,KW11644,690.13,Completed,2025-10-17 23:41:00
ORD106908,2026-05-21,US,P1031,PG1057,KW11520,862.22,Completed,2026-05-21 13:41:00
ORD106909,2025-10-22,US,P1016,PG1460,KW10713,184.56,Completed,2025-10-22 19:15:00
ORD106910,2026-05-18,CA,P1049,PG1399,KW11483,1481.61,Cancelled,2026-05-18 18:44:00
ORD106911,2026-02-08,AU,P1004,PG1355,KW11660,1572.24,Cancelled,2026-02-08 06:40:00
ORD106912,2026-02-22,DE,P1003,PG1454,KW10505,790.8,Completed,2026-02-22 06:45:00
ORD106913,2025-11-08,BR,P1011,PG1127,KW10292,850.84,Returned,2025-11-08 00:29:00
ORD106914,2026-04-18,AU,P1023,PG1077,KW11978,419.4,Returned,2026-04-18 11:24:00
ORD106915,2026-02-18,BR,P1019,PG1026,KW11646,993.78,Completed,2026-02-18 15:58:00
ORD106916,2026-06-07,BR,P1042,PG1383,KW10055,1508.9,Returned,2026-06-07 17:18:00
ORD106917,2025-10-27,JP,P1020,PG1276,KW10142,388.78,Cancelled,2025-10-27 08:07:00
ORD106918,2025-12-03,CA,P1001,PG1220,KW11876,1015.95,Pending,2025-12-03 04:40:00
ORD106919,2026-06-07,FR,P1050,PG1343,KW10331,1352.18,Pending,2026-06-07 02:43:00
ORD106920,2025-10-09,BR,P1039,PG1118,KW10189,2732.08,Returned,2025-10-09 15:25:00
ORD106921,2025-10-24,MX,P1017,PG1216,KW11378,1062.39,Completed,2025-10-24 07:03:00
ORD106922,2026-07-30,FR,P1018,PG1123,KW11554,1645.82,Cancelled,2026-07-30 09:29:00
ORD106923,2025-10-08,CA,P1003,PG1153,KW11626,2769.12,Cancelled,2025-10-08 13:24:00
ORD106924,2025-10-26,AU,P1004,PG1307,KW11589,617.66,Cancelled,2025-10-26 14:03:00
ORD106925,2026-02-22,CA,P1050,PG1048,KW11677,593.51,Completed,2026-02-22 02:57:00
ORD106926,2025-11-10,AU,P1017,PG1219,KW10002,392.81,Completed,2025-11-10 11:01:00
ORD106927,2025-12-13,FR,P1007,PG1060,KW11020,351.33,Completed,2025-12-13 17:55:00
ORD106928,2026-01-28,MX,P1046,PG1128,KW10985,658.14,Completed,2026-01-28 21:44:00
ORD106929,2026-01-23,DE,P1010,PG1107,KW10625,1657.49,Completed,2026-01-23 02:24:00
ORD106930,2025-11-09,BR,P1003,PG1489,KW10107,267.85,Returned,2025-11-09 13:02:00
ORD106931,2025-12-29,FR,P1019,PG1367,KW11551,587.03,Pending,2025-12-29 07:45:00
ORD106932,2026-05-16,DE,P1032,PG1194,KW11113,617.71,Completed,2026-05-16 05:54:00
ORD106933,2026-01-31,UK,P1004,PG1130,KW10435,549.88,Completed,2026-01-31 06:00:00
ORD106934,2026-03-28,IN,P1046,PG1030,KW11275,919.29,Pending,2026-03-28 07:55:00
ORD106935,2026-04-12,BR,P1022,PG1400,KW11806,1520.78,Pending,2026-04-12 08:53:00
ORD106936,2026-08-03,MX,P1008,PG1166,KW10980,1192.24,Completed,2026-08-03 05:24:00
ORD106937,2026-07-05,JP,P1001,PG1405,KW11349,611.74,Returned,2026-07-05 07:06:00
ORD106938,2025-12-15,AU,P1048,PG1146,KW11130,673.27,Cancelled,2025-12-15 06:55:00
ORD106939,2026-09-24,BR,P1012,PG1213,KW11858,654.98,Completed,2026-09-24 00:18:00
ORD106940,2026-09-09,AU,P1026,PG1027,KW11247,485.31,Completed,2026-09-09 09:57:00
ORD106941,2026-06-09,CA,P1010,PG1285,KW11483,1426.54,Returned,2026-06-09 06:39:00
ORD106942,2026-04-29,IN,P1030,PG1004,KW10011,518.7,Completed,2026-04-29 06:32:00
ORD106943,2025-11-26,JP,P1029,PG1154,KW10673,547.99,Completed,2025-11-26 20:42:00
ORD106944,2026-08-15,MX,P1015,PG1366,KW11154,2187.44,Completed,2026-08-15 13:08:00
ORD106945,2026-06-13,BR,P1007,PG1185,KW10464,1157.12,Pending,2026-06-13 11:02:00
ORD106946,2026-09-23,US,P1016,PG1233,KW11050,1632.59,Completed,2026-09-23 00:19:00
ORD106947,2026-04-09,JP,P1021,PG1145,KW11945,1145.93,Pending,2026-04-09 00:18:00
ORD106948,2026-08-20,IN,P1033,PG1417,KW10636,901.16,Returned,2026-08-20 16:39:00
ORD106949,2026-04-15,AU,P1044,PG1103,KW10956,3267.1,Cancelled,2026-04-15 00:04:00
ORD106950,2026-01-07,UK,P1037,PG1463,KW10469,214.89,Completed,2026-01-07 08:49:00
ORD106951,2025-11-17,BR,P1021,PG1198,KW10625,142.27,Completed,2025-11-17 12:08:00
ORD106952,2026-07-06,IN,P1033,PG1383,KW11086,676.71,Completed,2026-07-06 23:08:00
ORD106953,2026-05-25,JP,P1045,PG1285,KW11454,1946.22,Cancelled,2026-05-25 09:17:00
ORD106954,2026-09-06,FR,P1014,PG1297,KW10390,939.49,Completed,2026-09-06 11:21:00
ORD106955,2026-09-08,US,P1020,PG1391,KW10219,1167.5,Completed,2026-09-08 00:23:00
ORD106956,2025-11-30,MX,P1026,PG1043,KW11582,739.38,Completed,2025-11-30 11:47:00
ORD106957,2026-03-03,DE,P1018,PG1417,KW11302,836.63,Pending,2026-03-03 05:02:00
ORD106958,2026-02-15,BR,P1023,PG1165,KW11203,999.61,Cancelled,2026-02-15 18:47:00
ORD106959,2026-08-29,UK,P1001,PG1110,KW10965,2443.77,Pending,2026-08-29 16:06:00
ORD106960,2025-12-03,CA,P1045,PG1007,KW10973,361.33,Returned,2025-12-03 12:41:00
ORD106961,2025-10-20,AU,P1028,PG1215,KW10132,962.85,Cancelled,2025-10-20 06:11:00
ORD106962,2026-06-30,UK,P1023,PG1476,KW10742,944.98,Cancelled,2026-06-30 01:06:00
ORD106963,2026-08-11,BR,P1033,PG1265,KW11021,383.47,Returned,2026-08-11 06:45:00
ORD106964,2026-06-08,BR,P1034,PG1412,KW11462,467.95,Pending,2026-06-08 18:47:00
ORD106965,2026-02-11,UK,P1029,PG1179,KW11050,1521.59,Completed,2026-02-11 17:12:00
ORD106966,2026-01-03,MX,P1031,PG1441,KW11351,1423.64,Completed,2026-01-03 18:19:00
ORD106967,2026-07-24,DE,P1013,PG1026,KW11744,579.54,Completed,2026-07-24 14:36:00
ORD106968,2026-04-08,BR,P1046,PG1315,KW10458,1157.26,Returned,2026-04-08 15:32:00
ORD106969,2025-12-19,AU,P1038,PG1238,KW10728,1115.13,Cancelled,2025-12-19 11:14:00
ORD106970,2026-02-12,AU,P1024,PG1058,KW10896,571.5,Pending,2026-02-12 08:19:00
ORD106971,2026-01-30,IN,P1039,PG1347,KW10325,474.85,Completed,2026-01-30 03:21:00
ORD106972,2026-04-02,BR,P1036,PG1386,KW11924,840.28,Completed,2026-04-02 10:13:00
ORD106973,2026-09-30,UK,P1034,PG1180,KW10940,538.65,Cancelled,2026-09-30 17:51:00
ORD106974,2026-04-06,FR,P1005,PG1260,KW11527,1413.84,Completed,2026-04-06 17:12:00
ORD106975,2026-03-06,AU,P1043,PG1164,KW11087,983.16,Completed,2026-03-06 17:25:00
ORD106976,2025-11-24,CA,P1023,PG1254,KW10563,1288.35,Returned,2025-11-24 02:54:00
ORD106977,2026-01-23,CA,P1049,PG1203,KW11992,352.58,Completed,2026-01-23 14:31:00
ORD106978,2026-09-01,JP,P1018,PG1018,KW10454,4468.43,Returned,2026-09-01 09:58:00
ORD106979,2025-12-07,DE,P1001,PG1250,KW10677,323.38,Completed,2025-12-07 08:03:00
ORD106980,2026-05-26,AU,P1017,PG1019,KW10472,860.28,Pending,2026-05-26 03:03:00
ORD106981,2026-06-07,MX,P1006,PG1480,KW10793,315.13,Completed,2026-06-07 23:03:00
ORD106982,2026-03-31,BR,P1008,PG1060,KW11394,598.12,Completed,2026-03-31 05:34:00
ORD106983,2026-06-23,CA,P1002,PG1315,KW10720,946.38,Pending,2026-06-23 01:37:00
ORD106984,2026-09-20,MX,P1009,PG1337,KW11316,950.45,Pending,2026-09-20 09:43:00
ORD106985,2025-12-12,MX,P1034,PG1440,KW11363,684.42,Cancelled,2025-12-12 16:07:00
ORD106986,2025-11-27,DE,P1021,PG1143,KW10783,344.33,Returned,2025-11-27 19:22:00
ORD106987,2025-11-20,BR,P1016,PG1104,KW11117,717.33,Completed,2025-11-20 03:46:00
ORD106988,2025-12-07,UK,P1030,PG1240,KW10134,545.26,Completed,2025-12-07 11:43:00
ORD106989,2026-07-24,AU,P1050,PG1487,KW11573,1310.18,Completed,2026-07-24 18:13:00
ORD106990,2026-09-18,US,P1002,PG1450,KW10458,370.23,Cancelled,2026-09-18 20:31:00
ORD106991,2026-08-07,IN,P1050,PG1483,KW11481,617.2,Cancelled,2026-08-07 18:10:00
ORD106992,2026-03-02,BR,P1035,PG1319,KW11991,1660.76,Returned,2026-03-02 04:15:00
ORD106993,2026-02-28,IN,P1031,PG1361,KW11364,1468.56,Completed,2026-02-28 18:35:00
ORD106994,2025-12-19,IN,P1015,PG1029,KW11787,886.3,Returned,2025-12-19 06:12:00
ORD106995,2025-11-10,CA,P1013,PG1069,KW11154,715.69,Pending,2025-11-10 10:36:00
ORD106996,2026-08-27,US,P1011,PG1198,KW11680,987.79,Completed,2026-08-27 07:08:00
ORD106997,2026-02-03,BR,P1050,PG1116,KW10827,570.6,Pending,2026-02-03 07:03:00
ORD106998,2026-04-08,US,P1015,PG1264,KW10256,993.72,Pending,2026-04-08 18:13:00
ORD106999,2026-07-27,DE,P1022,PG1228,KW11991,389.04,Completed,2026-07-27 00:05:00
ORD107000,2026-07-30,BR,P1024,PG1382,KW10956,782.88,Completed,2026-07-30 13:06:00
ORD107001,2026-06-28,BR,P1033,PG1208,KW10310,1666.97,Completed,2026-06-28 06:13:00
ORD107002,2026-02-06,MX,P1029,PG1186,KW11452,356.92,Returned,2026-02-06 17:29:00
ORD107003,2025-12-25,MX,P1020,PG1248,KW11383,1866.81,Cancelled,2025-12-25 08:40:00
ORD107004,2025-11-27,IN,P1033,PG1068,KW11024,2090.63,Completed,2025-11-27 20:25:00
ORD107005,2026-01-15,US,P1014,PG1217,KW11696,812.23,Completed,2026-01-15 11:11:00
ORD107006,2026-07-11,DE,P1014,PG1165,KW11194,1484.42,Pending,2026-07-11 00:44:00
ORD107007,2026-07-11,MX,P1016,PG1134,KW10528,1069.54,Completed,2026-07-11 06:18:00
ORD107008,2026-09-27,JP,P1029,PG1439,KW10483,996.99,Cancelled,2026-09-27 03:36:00
ORD107009,2026-02-08,JP,P1021,PG1345,KW10327,2467.05,Completed,2026-02-08 15:01:00
ORD107010,2026-07-03,IN,P1050,PG1109,KW11629,610.09,Completed,2026-07-03 18:02:00
ORD107011,2026-02-23,FR,P1045,PG1399,KW10267,1552.39,Completed,2026-02-23 14:30:00
ORD107012,2026-01-09,JP,P1022,PG1420,KW11450,999.58,Pending,2026-01-09 15:44:00
ORD107013,2026-02-09,CA,P1039,PG1252,KW11056,5866.57,Completed,2026-02-09 04:49:00
ORD107014,2026-07-04,MX,P1044,PG1007,KW11842,1056.2,Cancelled,2026-07-04 08:09:00
ORD107015,2026-01-30,JP,P1031,PG1260,KW11626,519.45,Completed,2026-01-30 15:48:00
ORD107016,2026-01-07,MX,P1011,PG1480,KW11991,235.26,Pending,2026-01-07 13:36:00
ORD107017,2026-03-03,DE,P1025,PG1321,KW11503,656.69,Pending,2026-03-03 19:21:00
ORD107018,2026-01-17,JP,P1050,PG1354,KW10050,1070.47,Completed,2026-01-17 11:57:00
ORD107019,2025-12-07,IN,P1011,PG1209,KW10738,1622.64,Pending,2025-12-07 21:39:00
ORD107020,2026-05-19,CA,P1047,PG1328,KW11013,936.42,Completed,2026-05-19 06:03:00
ORD107021,2026-01-21,JP,P1035,PG1221,KW10531,931.02,Returned,2026-01-21 16:25:00
ORD107022,2026-05-10,AU,P1002,PG1458,KW11359,1109.47,Completed,2026-05-10 12:29:00
ORD107023,2026-03-18,CA,P1023,PG1150,KW10083,1303.79,Completed,2026-03-18 05:44:00
ORD107024,2025-12-16,JP,P1047,PG1060,KW11910,2180.02,Pending,2025-12-16 17:10:00
ORD107025,2026-01-12,CA,P1010,PG1086,KW11289,864.62,Returned,2026-01-12 12:36:00
ORD107026,2026-02-16,JP,P1026,PG1018,KW11791,1161.67,Completed,2026-02-16 10:44:00
ORD107027,2026-03-23,JP,P1048,PG1499,KW10572,526.83,Completed,2026-03-23 01:25:00
ORD107028,2025-11-08,BR,P1045,PG1250,KW11935,1078.08,Cancelled,2025-11-08 18:22:00
ORD107029,2026-07-26,UK,P1006,PG1306,KW11146,1590.26,Completed,2026-07-26 10:06:00
ORD107030,2026-04-21,DE,P1008,PG1044,KW10766,1152.65,Completed,2026-04-21 01:19:00
ORD107031,2026-09-11,AU,P1016,PG1022,KW10914,1011.87,Completed,2026-09-11 20:24:00
ORD107032,2025-10-15,AU,P1028,PG1499,KW11395,657.23,Completed,2025-10-15 10:10:00
ORD107033,2026-01-21,AU,P1033,PG1162,KW10913,1465.41,Returned,2026-01-21 18:42:00
ORD107034,2025-11-07,IN,P1041,PG1145,KW11169,1737.83,Returned,2025-11-07 16:13:00
ORD107035,2026-01-17,FR,P1020,PG1498,KW10894,517.21,Returned,2026-01-17 18:29:00
ORD107036,2026-05-19,FR,P1028,PG1471,KW11814,627.36,Returned,2026-05-19 03:48:00
ORD107037,2025-12-01,JP,P1037,PG1090,KW11171,1026.58,Cancelled,2025-12-01 14:52:00
ORD107038,2025-11-20,BR,P1027,PG1167,KW11476,926.99,Completed,2025-11-20 11:02:00
ORD107039,2026-06-24,FR,P1046,PG1276,KW11917,384.65,Completed,2026-06-24 20:09:00
ORD107040,2026-01-10,UK,P1049,PG1082,KW10487,302.71,Completed,2026-01-10 11:30:00
ORD107041,2026-03-23,JP,P1041,PG1339,KW11310,1651.99,Completed,2026-03-23 01:37:00
ORD107042,2025-12-28,US,P1033,PG1467,KW10353,1199.68,Completed,2025-12-28 16:11:00
ORD107043,2025-11-22,MX,P1023,PG1197,KW11656,341.95,Returned,2025-11-22 06:53:00
ORD107044,2026-06-09,JP,P1007,PG1337,KW10633,345.33,Completed,2026-06-09 14:06:00
ORD107045,2026-08-05,IN,P1044,PG1480,KW11488,1062.51,Pending,2026-08-05 02:12:00
ORD107046,2026-03-10,CA,P1039,PG1038,KW10504,680.91,Cancelled,2026-03-10 20:46:00
ORD107047,2026-05-17,IN,P1012,PG1231,KW11826,1188.46,Pending,2026-05-17 15:39:00
ORD107048,2025-11-06,AU,P1026,PG1134,KW11670,789.58,Cancelled,2025-11-06 12:18:00
ORD107049,2026-06-30,US,P1042,PG1261,KW11524,1178.53,Cancelled,2026-06-30 21:51:00
ORD107050,2026-05-11,AU,P1049,PG1165,KW10061,914.24,Returned,2026-05-11 08:16:00
ORD107051,2025-11-22,AU,P1037,PG1340,KW11006,858.26,Returned,2025-11-22 19:08:00
ORD107052,2026-03-16,JP,P1013,PG1155,KW10078,692.29,Returned,2026-03-16 23:36:00
ORD107053,2026-09-28,BR,P1015,PG1068,KW10777,905.84,Completed,2026-09-28 16:40:00
ORD107054,2026-03-16,CA,P1026,PG1162,KW11261,602.84,Cancelled,2026-03-16 00:17:00
ORD107055,2026-04-20,IN,P1024,PG1384,KW10350,786.04,Pending,2026-04-20 14:53:00
ORD107056,2026-01-04,JP,P1015,PG1132,KW10274,459.11,Pending,2026-01-04 05:20:00
ORD107057,2026-02-07,DE,P1013,PG1002,KW11108,1003.09,Cancelled,2026-02-07 11:16:00
ORD107058,2026-08-22,FR,P1040,PG1331,KW11497,466.33,Completed,2026-08-22 11:25:00
ORD107059,2026-04-21,BR,P1031,PG1221,KW10803,542.91,Pending,2026-04-21 23:05:00
ORD107060,2026-03-10,MX,P1015,PG1272,KW10918,1544.06,Completed,2026-03-10 15:35:00
ORD107061,2026-04-25,DE,P1030,PG1394,KW11369,686.16,Cancelled,2026-04-25 23:49:00
ORD107062,2026-04-26,MX,P1012,PG1422,KW10656,622.18,Returned,2026-04-26 00:35:00
ORD107063,2026-07-09,DE,P1034,PG1426,KW11799,1142.98,Completed,2026-07-09 08:50:00
ORD107064,2026-03-05,JP,P1031,PG1260,KW11095,1145.54,Completed,2026-03-05 21:58:00
ORD107065,2026-09-08,AU,P1016,PG1369,KW10482,467.99,Completed,2026-09-08 23:17:00
ORD107066,2026-09-30,UK,P1045,PG1329,KW10269,716.53,Cancelled,2026-09-30 07:50:00
ORD107067,2026-04-03,UK,P1035,PG1425,KW11632,790.58,Completed,2026-04-03 00:07:00
ORD107068,2026-09-29,DE,P1026,PG1232,KW11393,755.22,Pending,2026-09-29 17:03:00
ORD107069,2026-03-04,US,P1009,PG1265,KW11075,1019.86,Completed,2026-03-04 19:07:00
ORD107070,2025-11-18,JP,P1023,PG1467,KW10073,1459.97,Completed,2025-11-18 00:20:00
ORD107071,2026-06-28,AU,P1036,PG1095,KW10618,880.57,Completed,2026-06-28 08:01:00
ORD107072,2026-01-07,UK,P1050,PG1410,KW11010,400.21,Pending,2026-01-07 21:20:00
ORD107073,2025-12-02,FR,P1024,PG1251,KW11867,666.14,Completed,2025-12-02 10:45:00
ORD107074,2026-08-26,BR,P1007,PG1459,KW11763,767.04,Pending,2026-08-26 22:20:00
ORD107075,2026-03-06,FR,P1043,PG1111,KW10451,660.72,Returned,2026-03-06 10:24:00
ORD107076,2025-10-10,FR,P1038,PG1060,KW10005,681.0,Returned,2025-10-10 07:54:00
ORD107077,2026-01-18,DE,P1014,PG1199,KW11343,1101.42,Pending,2026-01-18 03:22:00
ORD107078,2026-03-10,CA,P1002,PG1105,KW10368,745.82,Cancelled,2026-03-10 09:57:00
ORD107079,2026-08-11,FR,P1021,PG1470,KW11399,914.87,Pending,2026-08-11 17:12:00
ORD107080,2026-01-31,DE,P1001,PG1275,KW10773,1039.33,Cancelled,2026-01-31 06:26:00
ORD107081,2026-09-23,UK,P1021,PG1200,KW11823,1320.53,Completed,2026-09-23 18:14:00
ORD107082,2026-07-17,DE,P1003,PG1160,KW11979,1353.47,Returned,2026-07-17 15:55:00
ORD107083,2025-12-05,IN,P1047,PG1378,KW11093,534.19,Completed,2025-12-05 18:43:00
ORD107084,2025-12-27,DE,P1029,PG1019,KW11564,992.16,Cancelled,2025-12-27 10:53:00
ORD107085,2026-09-21,JP,P1023,PG1069,KW11149,473.57,Completed,2026-09-21 19:10:00
ORD107086,2025-11-01,DE,P1045,PG1071,KW10079,266.67,Completed,2025-11-01 19:30:00
ORD107087,2026-05-10,JP,P1040,PG1206,KW11418,511.91,Returned,2026-05-10 13:24:00
ORD107088,2026-02-10,BR,P1012,PG1437,KW10969,879.27,Pending,2026-02-10 13:01:00
ORD107089,2025-11-20,BR,P1009,PG1449,KW11632,3100.28,Cancelled,2025-11-20 21:25:00
ORD107090,2025-10-21,AU,P1024,PG1167,KW10316,758.52,Completed,2025-10-21 13:56:00
ORD107091,2026-09-14,IN,P1018,PG1192,KW11518,2269.95,Cancelled,2026-09-14 05:30:00
ORD107092,2025-11-12,IN,P1020,PG1039,KW10528,1827.58,Completed,2025-11-12 12:36:00
ORD107093,2026-05-13,CA,P1019,PG1434,KW11266,326.07,Returned,2026-05-13 17:17:00
ORD107094,2026-06-19,JP,P1020,PG1356,KW10060,2257.18,Returned,2026-06-19 18:17:00
ORD107095,2026-03-16,FR,P1037,PG1156,KW11764,1111.93,Pending,2026-03-16 12:11:00
ORD107096,2026-05-28,IN,P1038,PG1131,KW11009,1475.74,Cancelled,2026-05-28 06:49:00
ORD107097,2026-05-02,US,P1030,PG1007,KW10394,544.72,Cancelled,2026-05-02 04:28:00
ORD107098,2026-06-19,AU,P1048,PG1370,KW10400,341.97,Completed,2026-06-19 16:37:00
ORD107099,2025-10-27,BR,P1003,PG1093,KW10499,648.45,Completed,2025-10-27 09:52:00
ORD107100,2026-07-29,JP,P1022,PG1454,KW11733,1419.74,Completed,2026-07-29 05:50:00
ORD107101,2026-08-04,DE,P1014,PG1216,KW10146,999.14,Returned,2026-08-04 14:13:00
ORD107102,2026-07-18,BR,P1006,PG1049,KW11875,1052.87,Completed,2026-07-18 11:18:00
ORD107103,2026-06-20,JP,P1012,PG1343,KW11131,1475.62,Cancelled,2026-06-20 03:46:00
ORD107104,2026-05-29,MX,P1038,PG1437,KW10695,599.42,Completed,2026-05-29 21:07:00
ORD107105,2025-11-28,FR,P1011,PG1072,KW10617,544.09,Completed,2025-11-28 17:03:00
ORD107106,2026-05-28,JP,P1043,PG1243,KW11861,2492.06,Completed,2026-05-28 11:33:00
ORD107107,2025-10-14,DE,P1019,PG1426,KW10101,470.15,Completed,2025-10-14 06:47:00
ORD107108,2026-04-28,FR,P1045,PG1033,KW10184,999.68,Pending,2026-04-28 19:01:00
ORD107109,2025-11-22,UK,P1008,PG1426,KW10923,357.17,Completed,2025-11-22 03:21:00
ORD107110,2026-07-09,CA,P1008,PG1255,KW10834,672.67,Pending,2026-07-09 22:28:00
ORD107111,2026-01-07,CA,P1037,PG1152,KW11687,1492.02,Completed,2026-01-07 01:57:00
ORD107112,2026-08-26,FR,P1024,PG1499,KW10248,461.83,Pending,2026-08-26 11:51:00
ORD107113,2026-09-28,AU,P1013,PG1472,KW10737,1099.13,Cancelled,2026-09-28 10:30:00
ORD107114,2026-01-28,IN,P1032,PG1081,KW10558,787.8,Cancelled,2026-01-28 20:30:00
ORD107115,2026-01-17,MX,P1028,PG1081,KW11772,1863.37,Completed,2026-01-17 01:36:00
ORD107116,2025-12-19,US,P1011,PG1208,KW11651,751.31,Cancelled,2025-12-19 01:16:00
ORD107117,2026-07-05,JP,P1004,PG1365,KW10228,539.74,Cancelled,2026-07-05 23:50:00
ORD107118,2026-07-02,BR,P1041,PG1312,KW10524,413.82,Pending,2026-07-02 14:01:00
ORD107119,2026-02-25,US,P1006,PG1355,KW10378,1236.85,Completed,2026-02-25 10:47:00
ORD107120,2025-12-10,JP,P1046,PG1309,KW10393,1545.36,Cancelled,2025-12-10 04:07:00
ORD107121,2026-02-14,BR,P1005,PG1350,KW11770,935.92,Pending,2026-02-14 23:31:00
ORD107122,2026-04-18,MX,P1012,PG1367,KW10748,746.38,Cancelled,2026-04-18 16:46:00
ORD107123,2026-07-04,UK,P1019,PG1185,KW11092,394.44,Returned,2026-07-04 05:26:00
ORD107124,2026-05-16,BR,P1036,PG1182,KW10671,861.6,Pending,2026-05-16 06:05:00
ORD107125,2025-12-15,IN,P1037,PG1363,KW10130,817.86,Completed,2025-12-15 12:20:00
ORD107126,2026-06-28,US,P1049,PG1469,KW10922,2930.5,Completed,2026-06-28 10:55:00
ORD107127,2026-05-03,FR,P1036,PG1057,KW11763,703.57,Cancelled,2026-05-03 05:00:00
ORD107128,2026-09-29,IN,P1013,PG1131,KW10189,533.17,Completed,2026-09-29 06:18:00
ORD107129,2025-10-27,US,P1029,PG1425,KW11549,1270.95,Returned,2025-10-27 12:51:00
ORD107130,2025-11-25,MX,P1019,PG1134,KW10404,1214.0,Returned,2025-11-25 06:12:00
ORD107131,2026-03-25,UK,P1036,PG1262,KW10854,848.33,Completed,2026-03-25 14:48:00
ORD107132,2026-03-07,IN,P1002,PG1402,KW10216,1515.11,Pending,2026-03-07 06:01:00
ORD107133,2026-02-06,MX,P1040,PG1410,KW11120,1136.34,Completed,2026-02-06 21:04:00
ORD107134,2026-05-27,CA,P1046,PG1120,KW11781,342.86,Completed,2026-05-27 08:15:00
ORD107135,2026-02-12,CA,P1034,PG1331,KW11145,628.18,Completed,2026-02-12 10:57:00
ORD107136,2026-04-22,JP,P1049,PG1004,KW10630,510.25,Completed,2026-04-22 01:08:00
ORD107137,2025-12-24,FR,P1016,PG1330,KW10785,1073.26,Completed,2025-12-24 04:33:00
ORD107138,2026-02-27,MX,P1010,PG1409,KW10524,967.24,Returned,2026-02-27 07:59:00
ORD107139,2025-10-27,UK,P1017,PG1431,KW11225,1964.24,Pending,2025-10-27 19:59:00
ORD107140,2026-06-25,IN,P1014,PG1340,KW10403,444.14,Pending,2026-06-25 00:10:00
ORD107141,2026-06-23,AU,P1049,PG1013,KW11204,360.1,Completed,2026-06-23 05:45:00
ORD107142,2026-06-26,JP,P1016,PG1292,KW11262,1137.5,Completed,2026-06-26 02:15:00
ORD107143,2026-06-24,US,P1002,PG1298,KW10415,548.56,Returned,2026-06-24 09:52:00
ORD107144,2026-06-05,JP,P1046,PG1005,KW10413,788.65,Pending,2026-06-05 13:28:00
ORD107145,2026-02-09,IN,P1032,PG1413,KW11259,1476.74,Completed,2026-02-09 14:02:00
ORD107146,2025-12-25,UK,P1048,PG1463,KW11773,1052.06,Pending,2025-12-25 08:14:00
ORD107147,2026-07-17,IN,P1026,PG1177,KW10538,466.16,Completed,2026-07-17 09:59:00
ORD107148,2026-07-13,US,P1027,PG1226,KW10877,1883.62,Completed,2026-07-13 08:26:00
ORD107149,2026-05-08,FR,P1034,PG1277,KW11827,724.08,Completed,2026-05-08 21:00:00
ORD107150,2026-02-01,IN,P1028,PG1125,KW11094,688.4,Returned,2026-02-01 16:13:00
ORD107151,2026-09-06,BR,P1003,PG1482,KW10773,528.96,Completed,2026-09-06 05:17:00
ORD107152,2026-06-24,IN,P1024,PG1248,KW10281,629.34,Completed,2026-06-24 02:02:00
ORD107153,2026-05-10,MX,P1017,PG1240,KW10884,242.73,Completed,2026-05-10 03:30:00
ORD107154,2026-07-25,UK,P1036,PG1495,KW10960,1075.86,Cancelled,2026-07-25 04:19:00
ORD107155,2026-02-22,BR,P1023,PG1417,KW11681,1455.24,Completed,2026-02-22 00:21:00
ORD107156,2025-11-18,MX,P1010,PG1006,KW11412,893.16,Completed,2025-11-18 22:40:00
ORD107157,2025-10-24,US,P1048,PG1215,KW11630,841.06,Completed,2025-10-24 01:48:00
ORD107158,2026-02-11,BR,P1030,PG1102,KW11497,1262.38,Pending,2026-02-11 21:07:00
ORD107159,2025-11-30,DE,P1033,PG1029,KW10805,1165.52,Returned,2025-11-30 05:04:00
ORD107160,2025-10-17,AU,P1036,PG1253,KW11445,4464.64,Cancelled,2025-10-17 13:42:00
ORD107161,2026-07-23,US,P1027,PG1004,KW11048,1093.85,Pending,2026-07-23 01:01:00
ORD107162,2025-11-11,MX,P1046,PG1056,KW11197,880.15,Completed,2025-11-11 04:34:00
ORD107163,2026-03-25,DE,P1019,PG1325,KW11468,687.66,Pending,2026-03-25 17:50:00
ORD107164,2025-10-19,US,P1019,PG1016,KW10578,596.13,Returned,2025-10-19 06:26:00
ORD107165,2025-11-02,BR,P1027,PG1112,KW10096,1138.9,Completed,2025-11-02 17:50:00
ORD107166,2026-09-07,FR,P1020,PG1375,KW11363,1345.92,Completed,2026-09-07 10:24:00
ORD107167,2025-12-12,BR,P1008,PG1477,KW10562,624.73,Pending,2025-12-12 04:15:00
ORD107168,2025-11-03,IN,P1050,PG1325,KW11199,908.0,Pending,2025-11-03 11:14:00
ORD107169,2026-06-23,FR,P1047,PG1338,KW10207,218.51,Completed,2026-06-23 13:02:00
ORD107170,2026-02-25,AU,P1027,PG1318,KW10316,738.5,Completed,2026-02-25 10:39:00
ORD107171,2026-07-08,FR,P1023,PG1178,KW10187,1166.06,Completed,2026-07-08 06:46:00
ORD107172,2026-05-26,CA,P1020,PG1049,KW10965,1007.76,Returned,2026-05-26 04:56:00
ORD107173,2026-04-22,IN,P1045,PG1329,KW11699,890.29,Pending,2026-04-22 15:57:00
ORD107174,2026-08-07,US,P1009,PG1448,KW10607,227.87,Completed,2026-08-07 11:07:00
ORD107175,2026-04-16,UK,P1030,PG1343,KW10206,742.92,Pending,2026-04-16 07:47:00
ORD107176,2025-12-22,AU,P1004,PG1064,KW10912,455.76,Completed,2025-12-22 22:01:00
ORD107177,2025-10-22,MX,P1008,PG1458,KW10070,272.5,Completed,2025-10-22 14:51:00
ORD107178,2026-07-28,DE,P1036,PG1387,KW11959,2443.72,Completed,2026-07-28 01:21:00
ORD107179,2026-04-27,US,P1030,PG1428,KW11171,2106.16,Completed,2026-04-27 00:00:00
ORD107180,2026-05-25,CA,P1029,PG1143,KW11217,850.63,Completed,2026-05-25 08:00:00
ORD107181,2026-09-18,AU,P1038,PG1036,KW11330,1922.74,Completed,2026-09-18 00:49:00
ORD107182,2025-11-01,JP,P1020,PG1146,KW11337,689.11,Pending,2025-11-01 20:23:00
ORD107183,2026-05-22,MX,P1016,PG1362,KW11196,581.86,Completed,2026-05-22 17:51:00
ORD107184,2026-09-22,AU,P1046,PG1171,KW11033,1576.71,Cancelled,2026-09-22 15:01:00
ORD107185,2026-08-06,US,P1008,PG1218,KW10101,823.61,Completed,2026-08-06 18:00:00
ORD107186,2026-03-20,IN,P1026,PG1464,KW11034,1467.45,Completed,2026-03-20 03:10:00
ORD107187,2025-12-26,DE,P1034,PG1403,KW11694,750.63,Completed,2025-12-26 01:30:00
ORD107188,2026-01-11,MX,P1002,PG1200,KW10508,768.58,Completed,2026-01-11 14:02:00
ORD107189,2026-07-21,AU,P1028,PG1500,KW11919,377.1,Completed,2026-07-21 11:50:00
ORD107190,2026-02-06,JP,P1026,PG1450,KW11305,2137.37,Completed,2026-02-06 07:43:00
ORD107191,2026-01-15,BR,P1005,PG1288,KW10875,1919.44,Completed,2026-01-15 23:18:00
ORD107192,2026-09-04,DE,P1046,PG1479,KW10519,407.69,Completed,2026-09-04 02:28:00
ORD107193,2026-09-09,BR,P1022,PG1337,KW11792,658.57,Pending,2026-09-09 17:45:00
ORD107194,2026-08-27,UK,P1047,PG1321,KW10929,1481.86,Pending,2026-08-27 18:33:00
ORD107195,2026-01-21,IN,P1014,PG1181,KW11003,502.59,Completed,2026-01-21 10:03:00
ORD107196,2026-02-11,DE,P1044,PG1364,KW11745,2179.05,Completed,2026-02-11 10:02:00
ORD107197,2025-11-22,FR,P1036,PG1332,KW11700,1107.97,Cancelled,2025-11-22 17:17:00
ORD107198,2026-07-11,DE,P1042,PG1454,KW11631,531.82,Completed,2026-07-11 18:00:00
ORD107199,2026-01-13,CA,P1028,PG1304,KW10487,1017.72,Completed,2026-01-13 00:09:00
ORD107200,2026-04-21,BR,P1022,PG1459,KW10073,537.62,Returned,2026-04-21 14:23:00
ORD107201,2026-01-26,US,P1036,PG1223,KW11236,1000.77,Cancelled,2026-01-26 15:39:00
ORD107202,2025-10-14,AU,P1014,PG1056,KW10215,487.63,Completed,2025-10-14 09:44:00
ORD107203,2025-12-09,CA,P1016,PG1166,KW10378,1244.03,Completed,2025-12-09 19:21:00
ORD107204,2025-10-21,BR,P1016,PG1185,KW10886,1066.37,Completed,2025-10-21 01:09:00
ORD107205,2026-01-30,MX,P1033,PG1117,KW11983,1935.29,Returned,2026-01-30 16:25:00
ORD107206,2026-09-24,US,P1005,PG1293,KW10576,1861.18,Completed,2026-09-24 07:25:00
ORD107207,2026-04-20,DE,P1016,PG1294,KW11053,525.43,Completed,2026-04-20 15:48:00
ORD107208,2026-04-02,UK,P1035,PG1360,KW10147,269.23,Completed,2026-04-02 19:30:00
ORD107209,2026-03-08,BR,P1012,PG1380,KW10362,1624.51,Completed,2026-03-08 03:22:00
ORD107210,2026-09-20,BR,P1034,PG1365,KW10771,1983.5,Completed,2026-09-20 15:38:00
ORD107211,2025-11-12,CA,P1027,PG1175,KW10083,2222.39,Completed,2025-11-12 17:06:00
ORD107212,2026-09-16,CA,P1016,PG1448,KW10014,625.14,Cancelled,2026-09-16 19:22:00
ORD107213,2026-09-17,CA,P1002,PG1206,KW11071,1092.03,Completed,2026-09-17 06:47:00
ORD107214,2026-01-29,JP,P1016,PG1079,KW11685,619.35,Completed,2026-01-29 23:49:00
ORD107215,2025-10-24,AU,P1003,PG1489,KW11469,556.94,Completed,2025-10-24 10:21:00
ORD107216,2025-11-18,BR,P1021,PG1169,KW10859,561.65,Cancelled,2025-11-18 05:50:00
ORD107217,2025-10-27,DE,P1014,PG1070,KW10815,1731.97,Returned,2025-10-27 08:16:00
ORD107218,2026-09-15,FR,P1042,PG1142,KW11037,2101.3,Pending,2026-09-15 18:11:00
ORD107219,2026-01-06,UK,P1028,PG1020,KW10406,568.15,Cancelled,2026-01-06 03:11:00
ORD107220,2026-04-06,US,P1001,PG1254,KW10892,358.95,Completed,2026-04-06 22:06:00
ORD107221,2026-04-14,MX,P1008,PG1181,KW10296,911.8,Pending,2026-04-14 20:44:00
ORD107222,2026-08-18,MX,P1001,PG1311,KW10177,942.48,Completed,2026-08-18 08:09:00
ORD107223,2025-11-10,BR,P1041,PG1410,KW11200,621.36,Cancelled,2025-11-10 03:29:00
ORD107224,2026-06-16,IN,P1027,PG1163,KW11825,1308.56,Completed,2026-06-16 15:31:00
ORD107225,2026-05-26,BR,P1014,PG1292,KW11764,2519.82,Returned,2026-05-26 02:27:00
ORD107226,2026-04-10,JP,P1044,PG1394,KW11770,1463.76,Completed,2026-04-10 07:49:00
ORD107227,2025-12-08,FR,P1008,PG1215,KW11715,820.72,Completed,2025-12-08 16:40:00
ORD107228,2025-10-05,US,P1035,PG1283,KW11614,767.73,Returned,2025-10-05 18:49:00
ORD107229,2025-11-22,JP,P1012,PG1184,KW10578,824.12,Completed,2025-11-22 14:19:00
ORD107230,2025-12-01,FR,P1025,PG1173,KW11581,1038.89,Completed,2025-12-01 17:40:00
ORD107231,2025-10-23,DE,P1023,PG1008,KW11310,1176.37,Completed,2025-10-23 07:25:00
ORD107232,2026-01-06,US,P1037,PG1009,KW10271,693.26,Cancelled,2026-01-06 18:34:00
ORD107233,2026-07-03,AU,P1026,PG1389,KW11488,973.57,Pending,2026-07-03 19:55:00
ORD107234,2025-11-15,UK,P1010,PG1479,KW10366,2168.62,Pending,2025-11-15 18:59:00
ORD107235,2026-08-27,AU,P1020,PG1007,KW11637,683.66,Pending,2026-08-27 12:30:00
ORD107236,2025-10-23,UK,P1031,PG1493,KW11573,252.19,Returned,2025-10-23 01:21:00
ORD107237,2026-09-17,UK,P1012,PG1457,KW11576,1716.32,Completed,2026-09-17 18:55:00
ORD107238,2025-11-21,UK,P1023,PG1193,KW11976,1661.01,Cancelled,2025-11-21 15:15:00
ORD107239,2026-02-20,AU,P1017,PG1105,KW11004,1893.04,Completed,2026-02-20 21:01:00
ORD107240,2026-05-01,BR,P1016,PG1424,KW11650,916.29,Returned,2026-05-01 01:11:00
ORD107241,2025-10-26,FR,P1041,PG1426,KW11712,634.13,Completed,2025-10-26 18:50:00
ORD107242,2025-12-12,FR,P1042,PG1298,KW11340,379.16,Completed,2025-12-12 12:29:00
ORD107243,2026-07-28,UK,P1022,PG1357,KW10851,388.68,Completed,2026-07-28 08:33:00
ORD107244,2025-11-28,FR,P1049,PG1321,KW10872,339.43,Cancelled,2025-11-28 14:37:00
ORD107245,2026-07-21,BR,P1021,PG1411,KW10702,702.0,Completed,2026-07-21 20:08:00
ORD107246,2026-07-14,JP,P1005,PG1083,KW10373,1305.92,Completed,2026-07-14 12:35:00
ORD107247,2026-01-21,JP,P1004,PG1220,KW10007,383.29,Completed,2026-01-21 20:08:00
ORD107248,2025-10-07,CA,P1007,PG1064,KW11055,2391.9,Completed,2025-10-07 17:32:00
ORD107249,2025-11-12,BR,P1036,PG1300,KW10390,437.44,Returned,2025-11-12 14:19:00
ORD107250,2026-06-08,IN,P1040,PG1232,KW11893,737.4,Completed,2026-06-08 04:13:00
ORD107251,2026-04-09,BR,P1024,PG1211,KW11579,741.24,Returned,2026-04-09 00:43:00
ORD107252,2025-12-13,JP,P1003,PG1366,KW10025,3170.47,Pending,2025-12-13 16:16:00
ORD107253,2026-02-21,IN,P1043,PG1046,KW10399,1476.71,Cancelled,2026-02-21 18:18:00
ORD107254,2025-11-19,IN,P1012,PG1302,KW10366,526.21,Completed,2025-11-19 18:53:00
ORD107255,2026-01-07,UK,P1005,PG1489,KW10574,260.68,Completed,2026-01-07 05:47:00
ORD107256,2026-06-24,MX,P1026,PG1103,KW10438,586.03,Cancelled,2026-06-24 07:06:00
ORD107257,2025-12-28,FR,P1045,PG1386,KW11349,890.98,Cancelled,2025-12-28 07:54:00
ORD107258,2026-08-11,BR,P1001,PG1361,KW10692,233.29,Completed,2026-08-11 23:34:00
ORD107259,2026-06-27,MX,P1022,PG1464,KW10615,1375.23,Completed,2026-06-27 16:10:00
ORD107260,2026-08-14,US,P1042,PG1466,KW10601,1026.74,Returned,2026-08-14 00:58:00
ORD107261,2026-03-23,US,P1024,PG1126,KW10647,414.57,Completed,2026-03-23 09:31:00
ORD107262,2025-11-22,FR,P1021,PG1395,KW10695,781.53,Pending,2025-11-22 13:06:00
ORD107263,2026-04-26,IN,P1026,PG1156,KW10376,294.04,Completed,2026-04-26 19:34:00
ORD107264,2025-11-22,FR,P1033,PG1408,KW11640,745.21,Completed,2025-11-22 06:28:00
ORD107265,2026-04-15,CA,P1028,PG1350,KW11225,194.11,Cancelled,2026-04-15 13:19:00
ORD107266,2025-10-03,IN,P1002,PG1201,KW10724,969.65,Cancelled,2025-10-03 18:17:00
ORD107267,2026-06-03,BR,P1010,PG1351,KW11061,492.95,Pending,2026-06-03 08:55:00
ORD107268,2026-04-14,JP,P1027,PG1367,KW10832,815.9,Completed,2026-04-14 05:36:00
ORD107269,2026-02-08,UK,P1029,PG1115,KW11646,619.77,Pending,2026-02-08 23:11:00
ORD107270,2026-01-13,MX,P1044,PG1070,KW11145,478.18,Pending,2026-01-13 17:09:00
ORD107271,2026-07-04,UK,P1027,PG1291,KW11338,1068.6,Completed,2026-07-04 18:41:00
ORD107272,2026-03-26,DE,P1008,PG1020,KW10432,1603.79,Completed,2026-03-26 14:15:00
ORD107273,2025-12-20,IN,P1035,PG1353,KW11498,706.25,Pending,2025-12-20 07:28:00
ORD107274,2026-05-04,DE,P1005,PG1350,KW10858,780.29,Completed,2026-05-04 01:52:00
ORD107275,2025-11-10,DE,P1028,PG1204,KW11209,847.04,Completed,2025-11-10 18:14:00
ORD107276,2026-07-25,IN,P1017,PG1337,KW10716,486.63,Completed,2026-07-25 11:44:00
ORD107277,2026-09-25,IN,P1044,PG1023,KW11405,808.67,Pending,2026-09-25 17:17:00
ORD107278,2026-05-22,FR,P1033,PG1336,KW10328,296.76,Completed,2026-05-22 12:19:00
ORD107279,2026-02-16,CA,P1013,PG1262,KW11576,632.88,Completed,2026-02-16 18:05:00
ORD107280,2026-07-08,JP,P1024,PG1148,KW11356,502.65,Completed,2026-07-08 16:15:00
ORD107281,2026-09-06,IN,P1018,PG1138,KW10646,377.31,Completed,2026-09-06 04:19:00
ORD107282,2026-02-19,IN,P1048,PG1058,KW11310,636.57,Completed,2026-02-19 16:44:00
ORD107283,2025-10-09,UK,P1032,PG1491,KW10225,1169.71,Returned,2025-10-09 07:38:00
ORD107284,2026-03-26,BR,P1001,PG1405,KW10981,1029.02,Returned,2026-03-26 12:35:00
ORD107285,2025-12-27,US,P1041,PG1315,KW10106,555.14,Cancelled,2025-12-27 13:35:00
ORD107286,2026-08-14,UK,P1022,PG1453,KW10332,656.35,Pending,2026-08-14 05:55:00
ORD107287,2026-01-19,CA,P1018,PG1409,KW10185,1306.91,Completed,2026-01-19 11:48:00
ORD107288,2026-07-28,IN,P1035,PG1324,KW11122,1726.61,Cancelled,2026-07-28 05:35:00
ORD107289,2025-11-28,US,P1042,PG1398,KW11512,2004.31,Completed,2025-11-28 22:26:00
ORD107290,2026-04-11,CA,P1039,PG1053,KW10800,714.64,Returned,2026-04-11 20:36:00
ORD107291,2026-04-03,BR,P1014,PG1099,KW11989,2344.56,Returned,2026-04-03 09:45:00
ORD107292,2026-04-13,CA,P1011,PG1069,KW11592,450.29,Completed,2026-04-13 21:57:00
ORD107293,2025-11-02,JP,P1041,PG1118,KW10982,571.24,Pending,2025-11-02 14:36:00
ORD107294,2026-08-10,AU,P1043,PG1201,KW11388,1771.87,Pending,2026-08-10 02:11:00
ORD107295,2026-01-23,CA,P1038,PG1166,KW10416,1474.32,Completed,2026-01-23 05:36:00
ORD107296,2025-11-01,CA,P1046,PG1366,KW10388,2832.56,Completed,2025-11-01 13:50:00
ORD107297,2026-04-15,US,P1049,PG1141,KW10689,548.23,Completed,2026-04-15 20:10:00
ORD107298,2026-07-05,MX,P1002,PG1350,KW10926,2616.48,Completed,2026-07-05 12:46:00
ORD107299,2025-11-05,BR,P1049,PG1133,KW11554,1832.55,Returned,2025-11-05 15:15:00
ORD107300,2026-01-28,FR,P1047,PG1475,KW11866,1014.54,Completed,2026-01-28 11:45:00
ORD107301,2026-03-11,CA,P1044,PG1139,KW10480,618.67,Returned,2026-03-11 18:27:00
ORD107302,2026-02-23,IN,P1011,PG1106,KW11402,361.08,Completed,2026-02-23 03:34:00
ORD107303,2025-11-26,DE,P1026,PG1060,KW10643,292.2,Cancelled,2025-11-26 23:55:00
ORD107304,2026-08-04,IN,P1023,PG1421,KW11216,290.37,Pending,2026-08-04 22:35:00
ORD107305,2026-02-04,US,P1010,PG1194,KW10380,803.79,Cancelled,2026-02-04 04:41:00
ORD107306,2025-12-29,IN,P1010,PG1397,KW10265,1832.11,Completed,2025-12-29 15:30:00
ORD107307,2026-01-27,MX,P1021,PG1383,KW10420,358.73,Completed,2026-01-27 06:42:00
ORD107308,2026-02-05,UK,P1040,PG1390,KW10392,625.18,Cancelled,2026-02-05 15:54:00
ORD107309,2025-12-21,DE,P1026,PG1325,KW11955,800.46,Completed,2025-12-21 20:15:00
ORD107310,2025-10-16,MX,P1049,PG1398,KW10098,516.46,Cancelled,2025-10-16 14:13:00
ORD107311,2026-07-22,AU,P1026,PG1460,KW11049,2013.38,Cancelled,2026-07-22 22:52:00
ORD107312,2025-11-12,DE,P1049,PG1386,KW10461,418.52,Returned,2025-11-12 10:25:00
ORD107313,2026-02-16,IN,P1021,PG1488,KW11151,2119.38,Cancelled,2026-02-16 02:23:00
ORD107314,2026-01-01,CA,P1034,PG1258,KW10423,1767.73,Completed,2026-01-01 18:27:00
ORD107315,2026-09-07,UK,P1007,PG1392,KW10577,818.55,Returned,2026-09-07 10:04:00
ORD107316,2026-08-02,BR,P1024,PG1358,KW10759,673.11,Cancelled,2026-08-02 19:01:00
ORD107317,2026-08-04,UK,P1040,PG1212,KW11273,948.38,Returned,2026-08-04 00:53:00
ORD107318,2026-08-11,US,P1019,PG1058,KW11883,2050.56,Cancelled,2026-08-11 01:28:00
ORD107319,2026-01-29,DE,P1009,PG1343,KW11958,447.73,Completed,2026-01-29 19:03:00
ORD107320,2026-02-26,US,P1020,PG1422,KW11212,500.92,Completed,2026-02-26 22:04:00
ORD107321,2026-02-06,CA,P1044,PG1305,KW10021,441.87,Completed,2026-02-06 12:14:00
ORD107322,2026-03-04,JP,P1011,PG1275,KW11586,512.96,Pending,2026-03-04 10:38:00
ORD107323,2026-09-24,DE,P1033,PG1177,KW10595,415.16,Completed,2026-09-24 09:08:00
ORD107324,2025-10-05,AU,P1007,PG1012,KW10050,419.41,Cancelled,2025-10-05 05:43:00
ORD107325,2026-03-07,UK,P1013,PG1323,KW10775,481.08,Completed,2026-03-07 04:26:00
ORD107326,2026-02-05,BR,P1016,PG1138,KW10131,968.1,Returned,2026-02-05 16:52:00
ORD107327,2026-04-20,JP,P1040,PG1080,KW11396,573.79,Cancelled,2026-04-20 18:50:00
ORD107328,2026-03-19,MX,P1045,PG1386,KW10930,1647.92,Completed,2026-03-19 13:17:00
ORD107329,2026-09-16,DE,P1039,PG1050,KW10937,1693.09,Completed,2026-09-16 16:56:00
ORD107330,2026-01-16,JP,P1017,PG1009,KW11766,875.46,Completed,2026-01-16 21:55:00
ORD107331,2026-05-04,UK,P1022,PG1482,KW10110,618.42,Completed,2026-05-04 22:14:00
ORD107332,2026-09-04,MX,P1006,PG1082,KW10889,2584.3,Cancelled,2026-09-04 18:23:00
ORD107333,2025-12-10,MX,P1028,PG1311,KW10494,981.28,Pending,2025-12-10 19:23:00
ORD107334,2025-10-23,JP,P1022,PG1414,KW11276,736.73,Completed,2025-10-23 04:42:00
ORD107335,2025-10-07,FR,P1048,PG1360,KW10766,1014.43,Completed,2025-10-07 08:07:00
ORD107336,2025-11-01,JP,P1048,PG1103,KW11138,429.28,Completed,2025-11-01 12:30:00
ORD107337,2026-06-22,BR,P1014,PG1317,KW11653,566.52,Returned,2026-06-22 22:21:00
ORD107338,2025-11-26,FR,P1017,PG1262,KW10758,2116.96,Returned,2025-11-26 22:47:00
ORD107339,2025-10-06,CA,P1001,PG1359,KW11085,440.68,Completed,2025-10-06 12:44:00
ORD107340,2026-06-23,IN,P1005,PG1192,KW11298,1286.11,Pending,2026-06-23 02:29:00
ORD107341,2026-02-26,AU,P1045,PG1330,KW10044,654.4,Returned,2026-02-26 20:44:00
ORD107342,2026-05-22,UK,P1037,PG1026,KW11757,1126.6,Completed,2026-05-22 11:30:00
ORD107343,2026-06-02,FR,P1023,PG1030,KW11958,2093.77,Completed,2026-06-02 02:51:00
ORD107344,2026-03-04,CA,P1017,PG1126,KW11326,700.76,Completed,2026-03-04 11:11:00
ORD107345,2026-06-26,FR,P1037,PG1257,KW10463,1296.44,Cancelled,2026-06-26 07:42:00
ORD107346,2026-09-23,CA,P1019,PG1318,KW10763,1493.4,Completed,2026-09-23 06:43:00
ORD107347,2026-07-02,JP,P1037,PG1178,KW10967,1487.21,Completed,2026-07-02 01:39:00
ORD107348,2026-06-15,IN,P1032,PG1034,KW10250,2864.19,Completed,2026-06-15 09:18:00
ORD107349,2026-01-05,MX,P1011,PG1390,KW11470,2543.2,Completed,2026-01-05 21:04:00
ORD107350,2026-05-21,UK,P1009,PG1299,KW11211,1500.33,Completed,2026-05-21 01:13:00
ORD107351,2025-12-15,DE,P1004,PG1384,KW10676,459.45,Returned,2025-12-15 09:41:00
ORD107352,2026-03-03,JP,P1031,PG1199,KW11345,660.39,Cancelled,2026-03-03 00:25:00
ORD107353,2025-10-22,CA,P1023,PG1016,KW11740,1495.89,Cancelled,2025-10-22 07:15:00
ORD107354,2025-10-06,FR,P1006,PG1010,KW11199,1899.36,Returned,2025-10-06 13:56:00
ORD107355,2026-03-04,DE,P1026,PG1178,KW10539,1173.52,Cancelled,2026-03-04 10:34:00
ORD107356,2026-06-13,AU,P1032,PG1387,KW10851,1041.11,Returned,2026-06-13 22:03:00
ORD107357,2026-08-21,FR,P1004,PG1466,KW11927,493.91,Completed,2026-08-21 20:38:00
ORD107358,2026-01-04,DE,P1005,PG1481,KW10781,397.73,Completed,2026-01-04 01:33:00
ORD107359,2026-03-16,US,P1050,PG1212,KW10254,391.24,Pending,2026-03-16 02:01:00
ORD107360,2025-11-27,DE,P1010,PG1003,KW11715,2569.38,Pending,2025-11-27 10:50:00
ORD107361,2026-08-01,BR,P1014,PG1272,KW10270,716.1,Completed,2026-08-01 09:22:00
ORD107362,2026-01-28,IN,P1023,PG1061,KW10415,489.98,Returned,2026-01-28 22:08:00
ORD107363,2026-08-29,BR,P1044,PG1435,KW10292,592.78,Completed,2026-08-29 02:23:00
ORD107364,2026-04-05,UK,P1025,PG1498,KW10068,915.37,Completed,2026-04-05 04:34:00
ORD107365,2026-03-20,FR,P1022,PG1289,KW11628,1314.44,Returned,2026-03-20 19:54:00
ORD107366,2025-12-02,CA,P1012,PG1298,KW11818,1625.93,Completed,2025-12-02 12:11:00
ORD107367,2025-11-01,BR,P1030,PG1315,KW11610,736.53,Completed,2025-11-01 11:45:00
ORD107368,2025-11-17,MX,P1031,PG1302,KW11857,1986.33,Completed,2025-11-17 10:46:00
ORD107369,2026-03-06,US,P1026,PG1122,KW11522,1413.42,Completed,2026-03-06 05:38:00
ORD107370,2026-04-20,US,P1050,PG1170,KW10834,743.25,Returned,2026-04-20 01:00:00
ORD107371,2026-02-07,UK,P1029,PG1254,KW11071,737.22,Completed,2026-02-07 23:47:00
ORD107372,2026-01-26,JP,P1008,PG1372,KW10417,679.13,Cancelled,2026-01-26 03:28:00
ORD107373,2025-12-02,AU,P1040,PG1295,KW10969,2355.96,Returned,2025-12-02 11:43:00
ORD107374,2026-02-13,US,P1043,PG1208,KW10310,1043.91,Returned,2026-02-13 11:05:00
ORD107375,2025-11-26,IN,P1046,PG1117,KW11520,446.72,Cancelled,2025-11-26 02:29:00
ORD107376,2026-06-18,JP,P1021,PG1382,KW11407,787.86,Completed,2026-06-18 18:59:00
ORD107377,2025-12-29,US,P1047,PG1255,KW11018,689.64,Completed,2025-12-29 14:06:00
ORD107378,2026-02-09,DE,P1050,PG1415,KW10347,969.71,Completed,2026-02-09 08:50:00
ORD107379,2025-10-07,UK,P1050,PG1466,KW10884,2452.43,Completed,2025-10-07 14:05:00
ORD107380,2025-11-06,JP,P1013,PG1424,KW11249,268.28,Returned,2025-11-06 05:59:00
ORD107381,2026-09-10,CA,P1007,PG1279,KW11652,509.0,Completed,2026-09-10 16:12:00
ORD107382,2026-09-12,BR,P1025,PG1407,KW11278,1109.43,Completed,2026-09-12 08:50:00
ORD107383,2026-05-23,UK,P1038,PG1181,KW11621,1318.46,Completed,2026-05-23 14:18:00
ORD107384,2026-08-04,AU,P1018,PG1316,KW11702,458.84,Completed,2026-08-04 20:04:00
ORD107385,2026-03-05,DE,P1007,PG1363,KW10442,811.09,Completed,2026-03-05 18:33:00
ORD107386,2026-05-06,MX,P1003,PG1289,KW10401,335.0,Pending,2026-05-06 05:53:00
ORD107387,2025-10-30,US,P1033,PG1054,KW10259,1672.47,Cancelled,2025-10-30 03:35:00
ORD107388,2025-11-08,DE,P1037,PG1491,KW10482,572.11,Returned,2025-11-08 01:56:00
ORD107389,2026-05-14,MX,P1010,PG1386,KW10581,864.69,Cancelled,2026-05-14 16:56:00
ORD107390,2026-01-13,AU,P1013,PG1214,KW11223,584.91,Completed,2026-01-13 03:55:00
ORD107391,2026-05-23,US,P1035,PG1114,KW10276,1946.24,Completed,2026-05-23 02:42:00
ORD107392,2026-05-14,UK,P1036,PG1152,KW11145,894.88,Completed,2026-05-14 16:02:00
ORD107393,2026-08-03,DE,P1019,PG1171,KW10725,1800.81,Pending,2026-08-03 20:20:00
ORD107394,2026-03-26,JP,P1026,PG1349,KW11288,1656.3,Cancelled,2026-03-26 13:04:00
ORD107395,2026-05-10,UK,P1024,PG1347,KW11713,707.5,Cancelled,2026-05-10 04:45:00
ORD107396,2026-01-04,IN,P1003,PG1337,KW10758,601.88,Returned,2026-01-04 01:46:00
ORD107397,2026-07-28,AU,P1008,PG1203,KW10171,1539.3,Cancelled,2026-07-28 23:53:00
ORD107398,2026-05-05,AU,P1039,PG1161,KW11423,684.96,Returned,2026-05-05 21:05:00
ORD107399,2025-10-06,AU,P1015,PG1490,KW11693,415.33,Pending,2025-10-06 04:30:00
ORD107400,2025-11-26,UK,P1033,PG1463,KW11647,847.09,Completed,2025-11-26 19:38:00
ORD107401,2025-11-02,MX,P1026,PG1253,KW10252,1245.24,Completed,2025-11-02 04:43:00
ORD107402,2026-07-27,UK,P1001,PG1368,KW11598,2096.66,Completed,2026-07-27 20:26:00
ORD107403,2026-09-18,US,P1049,PG1335,KW11315,780.75,Pending,2026-09-18 04:33:00
ORD107404,2026-04-20,JP,P1037,PG1272,KW11517,1035.05,Cancelled,2026-04-20 16:41:00
ORD107405,2026-09-29,MX,P1035,PG1373,KW11240,2464.35,Cancelled,2026-09-29 01:40:00
ORD107406,2026-04-14,AU,P1014,PG1441,KW11266,624.91,Completed,2026-04-14 06:09:00
ORD107407,2025-10-11,UK,P1022,PG1388,KW10112,665.83,Completed,2025-10-11 08:34:00
ORD107408,2026-02-23,FR,P1044,PG1159,KW10613,480.05,Returned,2026-02-23 16:30:00
ORD107409,2026-05-31,CA,P1035,PG1363,KW11873,1522.54,Completed,2026-05-31 15:26:00
ORD107410,2026-03-24,DE,P1042,PG1498,KW10916,941.71,Returned,2026-03-24 00:39:00
ORD107411,2025-10-14,UK,P1007,PG1233,KW10786,1676.96,Completed,2025-10-14 08:21:00
ORD107412,2026-08-31,US,P1016,PG1023,KW11688,811.62,Pending,2026-08-31 18:58:00
ORD107413,2026-02-12,BR,P1014,PG1447,KW10852,683.19,Returned,2026-02-12 17:48:00
ORD107414,2026-06-25,DE,P1007,PG1386,KW10331,890.53,Returned,2026-06-25 02:16:00
ORD107415,2026-08-18,CA,P1002,PG1187,KW10206,1507.51,Completed,2026-08-18 07:29:00
ORD107416,2026-04-21,BR,P1045,PG1476,KW11434,363.13,Completed,2026-04-21 08:33:00
ORD107417,2025-12-11,US,P1022,PG1365,KW10312,1421.47,Pending,2025-12-11 01:00:00
ORD107418,2025-12-14,MX,P1046,PG1335,KW11667,2317.4,Returned,2025-12-14 14:54:00
ORD107419,2026-08-17,CA,P1047,PG1103,KW10281,2079.9,Cancelled,2026-08-17 07:57:00
ORD107420,2026-06-14,MX,P1002,PG1144,KW10589,1328.14,Completed,2026-06-14 07:14:00
ORD107421,2026-02-19,CA,P1008,PG1143,KW10427,1256.47,Pending,2026-02-19 21:43:00
ORD107422,2026-03-01,JP,P1002,PG1261,KW11680,430.46,Completed,2026-03-01 11:41:00
ORD107423,2025-10-06,MX,P1027,PG1411,KW10396,523.54,Completed,2025-10-06 12:49:00
ORD107424,2025-10-24,US,P1017,PG1067,KW10320,623.85,Completed,2025-10-24 21:17:00
ORD107425,2025-10-24,UK,P1009,PG1202,KW11347,330.1,Completed,2025-10-24 01:37:00
ORD107426,2025-10-07,FR,P1013,PG1196,KW10831,1335.85,Completed,2025-10-07 04:21:00
ORD107427,2025-12-03,FR,P1038,PG1274,KW11344,1010.22,Completed,2025-12-03 15:08:00
ORD107428,2026-05-07,DE,P1019,PG1317,KW11442,1485.94,Pending,2026-05-07 03:23:00
ORD107429,2025-11-14,AU,P1030,PG1003,KW10061,891.26,Completed,2025-11-14 01:16:00
ORD107430,2026-09-04,JP,P1028,PG1039,KW11143,2404.8,Returned,2026-09-04 18:22:00
ORD107431,2026-09-23,UK,P1037,PG1033,KW10323,591.32,Completed,2026-09-23 01:04:00
ORD107432,2025-11-17,MX,P1033,PG1303,KW10754,628.36,Completed,2025-11-17 13:38:00
ORD107433,2026-05-06,AU,P1019,PG1273,KW10169,1087.96,Pending,2026-05-06 07:26:00
ORD107434,2026-04-13,MX,P1018,PG1451,KW11197,2480.16,Completed,2026-04-13 12:36:00
ORD107435,2026-08-06,MX,P1001,PG1185,KW10488,1915.37,Completed,2026-08-06 21:56:00
ORD107436,2025-11-16,UK,P1020,PG1268,KW10198,1280.85,Cancelled,2025-11-16 19:43:00
ORD107437,2026-06-05,FR,P1046,PG1003,KW11739,1155.88,Returned,2026-06-05 03:52:00
ORD107438,2025-10-27,AU,P1044,PG1026,KW10571,1203.91,Pending,2025-10-27 04:14:00
ORD107439,2026-08-05,US,P1018,PG1083,KW10994,825.57,Completed,2026-08-05 16:45:00
ORD107440,2026-02-13,IN,P1038,PG1423,KW11087,1600.28,Cancelled,2026-02-13 16:22:00
ORD107441,2026-04-12,CA,P1038,PG1294,KW11180,341.55,Returned,2026-04-12 18:13:00
ORD107442,2026-01-11,AU,P1016,PG1323,KW10699,660.24,Completed,2026-01-11 05:57:00
ORD107443,2026-09-01,US,P1013,PG1324,KW11512,926.55,Pending,2026-09-01 09:52:00
ORD107444,2026-09-14,US,P1036,PG1276,KW10447,1837.05,Completed,2026-09-14 21:34:00
ORD107445,2025-12-19,CA,P1041,PG1480,KW10268,1843.56,Pending,2025-12-19 22:51:00
ORD107446,2026-02-11,BR,P1039,PG1482,KW11065,1132.35,Completed,2026-02-11 23:34:00
ORD107447,2025-10-17,FR,P1005,PG1396,KW10724,1617.79,Completed,2025-10-17 13:14:00
ORD107448,2026-03-06,IN,P1045,PG1480,KW11206,1461.49,Returned,2026-03-06 13:23:00
ORD107449,2026-07-04,BR,P1035,PG1004,KW10226,573.23,Cancelled,2026-07-04 22:33:00
ORD107450,2026-09-14,FR,P1043,PG1132,KW10175,1314.69,Cancelled,2026-09-14 19:56:00
ORD107451,2025-11-12,UK,P1047,PG1033,KW11196,352.24,Cancelled,2025-11-12 19:02:00
ORD107452,2026-01-03,US,P1021,PG1401,KW10940,1588.17,Completed,2026-01-03 18:40:00
ORD107453,2026-06-04,FR,P1020,PG1063,KW11477,728.31,Pending,2026-06-04 08:28:00
ORD107454,2026-09-23,US,P1024,PG1420,KW11153,888.24,Cancelled,2026-09-23 08:23:00
ORD107455,2025-12-29,AU,P1048,PG1388,KW11270,399.25,Completed,2025-12-29 04:15:00
ORD107456,2025-12-24,DE,P1002,PG1482,KW10288,381.43,Completed,2025-12-24 09:22:00
ORD107457,2026-01-29,MX,P1007,PG1057,KW11901,436.35,Cancelled,2026-01-29 06:02:00
ORD107458,2026-09-21,JP,P1011,PG1069,KW10634,666.5,Completed,2026-09-21 17:35:00
ORD107459,2026-07-17,BR,P1003,PG1441,KW10785,682.91,Pending,2026-07-17 11:03:00
ORD107460,2026-02-09,FR,P1028,PG1371,KW10041,467.24,Pending,2026-02-09 23:24:00
ORD107461,2026-02-26,JP,P1022,PG1156,KW11134,628.71,Completed,2026-02-26 16:11:00
ORD107462,2026-05-21,MX,P1040,PG1221,KW11334,2619.25,Cancelled,2026-05-21 17:08:00
ORD107463,2026-08-06,AU,P1043,PG1019,KW11060,911.53,Pending,2026-08-06 23:55:00
ORD107464,2026-04-27,BR,P1049,PG1033,KW11723,2027.3,Completed,2026-04-27 16:51:00
ORD107465,2026-02-11,BR,P1008,PG1407,KW10723,896.03,Completed,2026-02-11 07:26:00
ORD107466,2026-07-24,CA,P1044,PG1131,KW11943,628.48,Returned,2026-07-24 23:33:00
ORD107467,2026-01-23,MX,P1020,PG1149,KW11881,931.96,Completed,2026-01-23 20:44:00
ORD107468,2026-07-23,AU,P1011,PG1314,KW11631,411.34,Completed,2026-07-23 20:35:00
ORD107469,2026-01-02,AU,P1041,PG1020,KW10779,2390.44,Returned,2026-01-02 07:39:00
ORD107470,2026-02-24,US,P1022,PG1458,KW10061,868.43,Cancelled,2026-02-24 21:40:00
ORD107471,2026-08-18,FR,P1040,PG1205,KW10795,1048.28,Returned,2026-08-18 17:02:00
ORD107472,2026-01-11,US,P1014,PG1059,KW10538,599.78,Completed,2026-01-11 02:19:00
ORD107473,2026-09-18,UK,P1039,PG1018,KW11645,1022.07,Completed,2026-09-18 07:06:00
ORD107474,2026-07-18,AU,P1016,PG1218,KW11205,441.87,Completed,2026-07-18 02:24:00
ORD107475,2025-12-24,UK,P1026,PG1125,KW11245,471.3,Completed,2025-12-24 03:44:00
ORD107476,2025-10-27,DE,P1003,PG1391,KW11725,495.59,Cancelled,2025-10-27 23:01:00
ORD107477,2026-03-05,DE,P1012,PG1129,KW11835,955.65,Pending,2026-03-05 09:14:00
ORD107478,2026-06-19,MX,P1033,PG1332,KW11739,377.17,Completed,2026-06-19 02:20:00
ORD107479,2026-02-02,FR,P1024,PG1070,KW10897,1370.41,Returned,2026-02-02 06:49:00
ORD107480,2026-05-21,US,P1020,PG1126,KW11882,595.82,Pending,2026-05-21 04:41:00
ORD107481,2026-03-24,UK,P1043,PG1023,KW11717,407.1,Completed,2026-03-24 04:36:00
ORD107482,2026-04-27,CA,P1002,PG1341,KW11466,1058.53,Cancelled,2026-04-27 08:55:00
ORD107483,2026-01-31,AU,P1018,PG1096,KW10310,698.01,Completed,2026-01-31 02:06:00
ORD107484,2026-06-02,BR,P1031,PG1369,KW10493,2688.48,Completed,2026-06-02 08:31:00
ORD107485,2026-03-11,IN,P1033,PG1246,KW10693,1084.14,Returned,2026-03-11 09:01:00
ORD107486,2026-08-10,JP,P1034,PG1396,KW10460,329.42,Completed,2026-08-10 23:28:00
ORD107487,2026-06-07,DE,P1009,PG1147,KW11156,1421.64,Returned,2026-06-07 18:50:00
ORD107488,2026-04-06,US,P1002,PG1058,KW11574,1482.82,Completed,2026-04-06 06:29:00
ORD107489,2026-06-19,DE,P1018,PG1269,KW10777,3373.5,Completed,2026-06-19 19:25:00
ORD107490,2026-06-21,BR,P1035,PG1224,KW10347,2193.1,Returned,2026-06-21 03:26:00
ORD107491,2026-08-28,JP,P1047,PG1228,KW10245,574.02,Completed,2026-08-28 23:20:00
ORD107492,2026-06-29,US,P1042,PG1040,KW10281,454.48,Cancelled,2026-06-29 15:42:00
ORD107493,2026-06-12,UK,P1014,PG1402,KW10234,961.44,Returned,2026-06-12 14:01:00
ORD107494,2026-09-07,US,P1009,PG1170,KW11654,1444.23,Completed,2026-09-07 09:37:00
ORD107495,2026-09-18,FR,P1018,PG1251,KW11614,2983.86,Returned,2026-09-18 11:07:00
ORD107496,2026-03-28,CA,P1033,PG1117,KW11382,1207.82,Pending,2026-03-28 15:38:00
ORD107497,2026-08-21,BR,P1015,PG1024,KW11132,479.86,Cancelled,2026-08-21 09:05:00
ORD107498,2025-12-04,BR,P1033,PG1278,KW11048,1234.85,Completed,2025-12-04 11:38:00
ORD107499,2025-11-12,UK,P1035,PG1310,KW10782,1103.12,Cancelled,2025-11-12 06:52:00
ORD107500,2026-07-09,BR,P1003,PG1170,KW10690,440.51,Completed,2026-07-09 17:00:00
ORD107501,2026-08-22,UK,P1009,PG1060,KW10839,407.34,Returned,2026-08-22 16:45:00
ORD107502,2026-05-20,MX,P1030,PG1391,KW11241,1128.67,Completed,2026-05-20 12:54:00
ORD107503,2026-07-04,IN,P1017,PG1067,KW11865,234.33,Pending,2026-07-04 20:23:00
ORD107504,2026-07-23,AU,P1030,PG1314,KW11940,797.88,Completed,2026-07-23 09:24:00
ORD107505,2026-07-25,CA,P1002,PG1156,KW11427,766.52,Pending,2026-07-25 12:34:00
ORD107506,2026-09-24,UK,P1018,PG1146,KW11578,724.05,Completed,2026-09-24 03:29:00
ORD107507,2026-06-07,FR,P1037,PG1050,KW11142,475.22,Cancelled,2026-06-07 12:33:00
ORD107508,2026-01-26,AU,P1016,PG1340,KW10128,628.36,Completed,2026-01-26 16:22:00
ORD107509,2026-07-29,US,P1050,PG1003,KW10044,1186.38,Pending,2026-07-29 20:57:00
ORD107510,2026-08-17,AU,P1047,PG1130,KW11275,1732.17,Completed,2026-08-17 07:24:00
ORD107511,2025-10-15,AU,P1005,PG1032,KW11666,3691.89,Returned,2025-10-15 12:02:00
ORD107512,2026-03-25,UK,P1022,PG1182,KW10588,898.81,Completed,2026-03-25 15:51:00
ORD107513,2026-06-16,IN,P1007,PG1426,KW11407,275.95,Cancelled,2026-06-16 23:10:00
ORD107514,2026-03-24,MX,P1015,PG1156,KW10883,1844.03,Returned,2026-03-24 07:20:00
ORD107515,2026-07-31,IN,P1028,PG1478,KW10823,530.11,Returned,2026-07-31 11:29:00
ORD107516,2026-07-30,UK,P1023,PG1068,KW11809,1653.58,Completed,2026-07-30 09:26:00
ORD107517,2026-05-31,UK,P1024,PG1275,KW11918,379.3,Cancelled,2026-05-31 18:26:00
ORD107518,2026-05-21,US,P1020,PG1210,KW10620,525.17,Returned,2026-05-21 08:08:00
ORD107519,2026-01-13,AU,P1001,PG1241,KW11418,936.71,Pending,2026-01-13 05:06:00
ORD107520,2026-07-01,FR,P1024,PG1432,KW10082,1295.28,Completed,2026-07-01 09:48:00
ORD107521,2026-05-08,BR,P1040,PG1441,KW10412,989.61,Completed,2026-05-08 02:17:00
ORD107522,2025-12-05,IN,P1035,PG1333,KW10204,1070.72,Completed,2025-12-05 15:18:00
ORD107523,2026-01-04,BR,P1006,PG1135,KW10916,269.76,Completed,2026-01-04 10:13:00
ORD107524,2026-04-24,MX,P1010,PG1408,KW10716,1006.74,Completed,2026-04-24 12:28:00
ORD107525,2025-12-12,FR,P1014,PG1478,KW10143,904.82,Completed,2025-12-12 01:11:00
ORD107526,2026-05-21,MX,P1031,PG1006,KW11422,1151.76,Completed,2026-05-21 05:55:00
ORD107527,2026-03-26,DE,P1019,PG1082,KW11423,466.88,Cancelled,2026-03-26 03:21:00
ORD107528,2026-09-08,IN,P1033,PG1106,KW11458,1460.92,Completed,2026-09-08 08:33:00
ORD107529,2026-03-08,AU,P1039,PG1333,KW10926,1599.68,Completed,2026-03-08 11:51:00
ORD107530,2026-01-24,BR,P1028,PG1240,KW10962,544.77,Completed,2026-01-24 18:23:00
ORD107531,2026-02-04,BR,P1032,PG1451,KW11948,704.2,Completed,2026-02-04 02:06:00
ORD107532,2025-10-13,CA,P1049,PG1410,KW11956,570.49,Pending,2025-10-13 06:01:00
ORD107533,2025-11-26,BR,P1002,PG1168,KW11705,268.09,Completed,2025-11-26 08:23:00
ORD107534,2025-11-13,FR,P1006,PG1422,KW10691,808.92,Returned,2025-11-13 09:55:00
ORD107535,2026-08-10,CA,P1003,PG1319,KW10903,467.85,Returned,2026-08-10 10:20:00
ORD107536,2026-01-09,US,P1039,PG1451,KW11833,801.32,Completed,2026-01-09 23:03:00
ORD107537,2026-03-29,BR,P1031,PG1310,KW10492,1136.79,Returned,2026-03-29 18:29:00
ORD107538,2026-04-17,FR,P1009,PG1449,KW11535,713.17,Completed,2026-04-17 19:55:00
ORD107539,2026-05-03,BR,P1021,PG1061,KW11971,1232.13,Completed,2026-05-03 23:13:00
ORD107540,2025-11-03,IN,P1023,PG1449,KW10336,565.48,Completed,2025-11-03 00:17:00
ORD107541,2025-11-04,UK,P1018,PG1174,KW11881,815.46,Completed,2025-11-04 04:25:00
ORD107542,2026-08-07,MX,P1038,PG1187,KW10620,983.23,Pending,2026-08-07 23:32:00
ORD107543,2025-10-11,JP,P1003,PG1131,KW10212,1672.59,Cancelled,2025-10-11 17:38:00
ORD107544,2026-03-21,DE,P1036,PG1344,KW10172,1112.69,Cancelled,2026-03-21 15:21:00
ORD107545,2026-01-31,IN,P1029,PG1061,KW10902,856.96,Pending,2026-01-31 05:17:00
ORD107546,2026-02-19,BR,P1025,PG1049,KW10874,1043.94,Pending,2026-02-19 14:21:00
ORD107547,2025-12-20,BR,P1032,PG1436,KW10320,610.09,Cancelled,2025-12-20 22:10:00
ORD107548,2026-08-23,AU,P1005,PG1371,KW11576,342.05,Returned,2026-08-23 19:34:00
ORD107549,2026-08-29,DE,P1016,PG1104,KW11583,1783.61,Completed,2026-08-29 16:18:00
ORD107550,2026-03-30,IN,P1022,PG1283,KW10957,1072.13,Pending,2026-03-30 19:39:00
ORD107551,2026-09-17,DE,P1035,PG1046,KW11332,294.64,Cancelled,2026-09-17 00:12:00
ORD107552,2025-10-15,UK,P1018,PG1470,KW10873,694.41,Cancelled,2025-10-15 13:29:00
ORD107553,2026-07-04,US,P1014,PG1176,KW11759,1088.41,Returned,2026-07-04 23:10:00
ORD107554,2025-11-14,CA,P1041,PG1383,KW10452,410.87,Completed,2025-11-14 07:20:00
ORD107555,2026-02-24,AU,P1047,PG1220,KW11901,1159.77,Completed,2026-02-24 20:11:00
ORD107556,2026-05-09,FR,P1047,PG1484,KW10828,266.87,Completed,2026-05-09 01:48:00
ORD107557,2026-03-26,US,P1034,PG1320,KW11337,4116.45,Cancelled,2026-03-26 09:48:00
ORD107558,2025-10-27,AU,P1003,PG1094,KW10190,1220.38,Pending,2025-10-27 23:04:00
ORD107559,2026-04-25,US,P1023,PG1195,KW10454,217.68,Completed,2026-04-25 01:32:00
ORD107560,2026-04-27,JP,P1043,PG1139,KW11930,1249.0,Cancelled,2026-04-27 19:12:00
ORD107561,2025-11-01,DE,P1039,PG1025,KW10514,778.58,Returned,2025-11-01 00:06:00
ORD107562,2026-04-02,FR,P1045,PG1160,KW10549,948.25,Cancelled,2026-04-02 04:31:00
ORD107563,2026-01-04,JP,P1036,PG1274,KW10008,475.53,Completed,2026-01-04 07:45:00
ORD107564,2026-07-24,FR,P1031,PG1104,KW10204,1939.41,Completed,2026-07-24 03:49:00
ORD107565,2025-11-07,CA,P1012,PG1003,KW10497,1323.81,Cancelled,2025-11-07 00:42:00
ORD107566,2026-06-30,DE,P1008,PG1365,KW11330,310.95,Completed,2026-06-30 02:03:00
ORD107567,2025-12-22,US,P1048,PG1057,KW11381,367.81,Completed,2025-12-22 07:23:00
ORD107568,2026-02-14,AU,P1003,PG1103,KW10865,529.01,Pending,2026-02-14 01:02:00
ORD107569,2026-08-20,CA,P1038,PG1043,KW10736,364.69,Pending,2026-08-20 22:28:00
ORD107570,2025-11-15,BR,P1001,PG1298,KW10847,1273.26,Completed,2025-11-15 17:21:00
ORD107571,2026-04-07,AU,P1026,PG1435,KW10907,1020.26,Completed,2026-04-07 02:03:00
ORD107572,2025-11-20,IN,P1019,PG1438,KW11864,1106.94,Completed,2025-11-20 06:27:00
ORD107573,2026-08-30,BR,P1021,PG1404,KW11534,962.7,Returned,2026-08-30 21:32:00
ORD107574,2025-10-19,AU,P1020,PG1116,KW10419,1371.3,Completed,2025-10-19 01:28:00
ORD107575,2026-07-11,MX,P1001,PG1073,KW11314,545.44,Returned,2026-07-11 18:08:00
ORD107576,2026-07-06,UK,P1042,PG1147,KW10847,500.89,Cancelled,2026-07-06 07:44:00
ORD107577,2026-03-19,CA,P1039,PG1158,KW11319,606.21,Completed,2026-03-19 08:55:00
ORD107578,2026-07-01,CA,P1030,PG1386,KW10268,513.45,Completed,2026-07-01 19:30:00
ORD107579,2025-12-29,DE,P1020,PG1315,KW11153,3353.42,Returned,2025-12-29 23:45:00
ORD107580,2026-09-17,IN,P1004,PG1486,KW11819,1609.98,Completed,2026-09-17 07:12:00
ORD107581,2026-08-21,US,P1002,PG1222,KW10416,2379.63,Completed,2026-08-21 15:02:00
ORD107582,2026-09-28,US,P1007,PG1174,KW10588,223.78,Returned,2026-09-28 13:09:00
ORD107583,2026-09-09,UK,P1020,PG1111,KW10781,1556.41,Completed,2026-09-09 07:07:00
ORD107584,2026-07-21,JP,P1003,PG1085,KW10856,1536.08,Pending,2026-07-21 10:52:00
ORD107585,2026-08-19,IN,P1044,PG1450,KW10243,1128.01,Completed,2026-08-19 17:20:00
ORD107586,2026-05-22,US,P1042,PG1347,KW11240,662.76,Completed,2026-05-22 11:33:00
ORD107587,2026-08-21,UK,P1045,PG1231,KW10594,253.96,Completed,2026-08-21 12:25:00
ORD107588,2026-01-29,DE,P1039,PG1265,KW11720,1074.88,Returned,2026-01-29 08:52:00
ORD107589,2025-12-26,BR,P1016,PG1327,KW11873,425.82,Pending,2025-12-26 15:20:00
ORD107590,2026-07-17,UK,P1038,PG1373,KW11372,1040.86,Completed,2026-07-17 03:26:00
ORD107591,2025-10-18,US,P1046,PG1311,KW10816,710.93,Completed,2025-10-18 03:24:00
ORD107592,2026-03-03,US,P1015,PG1030,KW10533,354.69,Completed,2026-03-03 10:51:00
ORD107593,2026-02-10,IN,P1011,PG1486,KW10283,1252.08,Returned,2026-02-10 18:41:00
ORD107594,2025-11-10,CA,P1035,PG1205,KW10621,870.31,Returned,2025-11-10 13:39:00
ORD107595,2026-01-21,US,P1047,PG1283,KW11755,984.3,Pending,2026-01-21 03:37:00
ORD107596,2026-02-22,BR,P1002,PG1083,KW11454,767.83,Completed,2026-02-22 18:20:00
ORD107597,2026-07-31,CA,P1017,PG1349,KW10553,562.5,Completed,2026-07-31 21:04:00
ORD107598,2026-02-24,IN,P1004,PG1465,KW10143,456.74,Completed,2026-02-24 09:25:00
ORD107599,2026-03-11,CA,P1022,PG1282,KW11219,677.21,Completed,2026-03-11 16:26:00
ORD107600,2025-10-10,BR,P1037,PG1225,KW11626,1174.13,Completed,2025-10-10 07:46:00
ORD107601,2026-07-07,US,P1029,PG1339,KW11198,430.6,Completed,2026-07-07 13:19:00
ORD107602,2026-06-16,JP,P1009,PG1429,KW10519,816.82,Completed,2026-06-16 20:18:00
ORD107603,2025-11-30,DE,P1024,PG1064,KW10079,730.14,Pending,2025-11-30 01:55:00
ORD107604,2026-07-19,IN,P1014,PG1082,KW11080,278.29,Pending,2026-07-19 12:04:00
ORD107605,2025-11-06,CA,P1043,PG1451,KW10261,489.95,Completed,2025-11-06 09:58:00
ORD107606,2025-11-12,FR,P1001,PG1089,KW11959,246.11,Pending,2025-11-12 13:03:00
ORD107607,2025-12-23,US,P1039,PG1227,KW10706,598.81,Pending,2025-12-23 22:21:00
ORD107608,2026-01-31,DE,P1041,PG1101,KW10926,1376.08,Completed,2026-01-31 06:12:00
ORD107609,2026-08-08,FR,P1010,PG1357,KW10035,1491.43,Completed,2026-08-08 23:29:00
ORD107610,2026-09-13,JP,P1050,PG1022,KW11451,2169.15,Pending,2026-09-13 02:12:00
ORD107611,2026-08-25,AU,P1009,PG1328,KW10452,469.72,Pending,2026-08-25 18:48:00
ORD107612,2025-11-22,CA,P1026,PG1408,KW11568,1625.47,Completed,2025-11-22 11:39:00
ORD107613,2026-01-22,US,P1017,PG1241,KW11562,657.14,Completed,2026-01-22 16:35:00
ORD107614,2025-12-20,FR,P1021,PG1082,KW11116,288.24,Pending,2025-12-20 16:33:00
ORD107615,2026-04-14,UK,P1044,PG1353,KW11031,553.44,Cancelled,2026-04-14 17:37:00
ORD107616,2025-11-26,UK,P1027,PG1196,KW10390,786.93,Pending,2025-11-26 08:56:00
ORD107617,2025-11-09,DE,P1008,PG1094,KW11342,2826.92,Completed,2025-11-09 20:34:00
ORD107618,2026-02-17,MX,P1001,PG1209,KW10567,3124.16,Completed,2026-02-17 12:28:00
ORD107619,2026-06-10,DE,P1014,PG1276,KW11198,1667.41,Returned,2026-06-10 03:40:00
ORD107620,2025-11-09,DE,P1020,PG1351,KW11046,1228.05,Returned,2025-11-09 12:50:00
ORD107621,2026-03-28,CA,P1017,PG1057,KW11744,269.61,Pending,2026-03-28 23:00:00
ORD107622,2026-07-26,BR,P1038,PG1068,KW11845,1650.18,Returned,2026-07-26 13:38:00
ORD107623,2026-08-12,IN,P1007,PG1014,KW10470,1189.23,Completed,2026-08-12 16:10:00
ORD107624,2026-01-14,AU,P1037,PG1395,KW11256,1303.01,Pending,2026-01-14 00:23:00
ORD107625,2026-04-28,DE,P1005,PG1243,KW11094,736.71,Completed,2026-04-28 21:08:00
ORD107626,2025-12-19,BR,P1043,PG1110,KW10525,3126.73,Pending,2025-12-19 16:52:00
ORD107627,2026-01-17,US,P1005,PG1108,KW11025,580.49,Pending,2026-01-17 03:59:00
ORD107628,2026-01-29,US,P1035,PG1139,KW11205,981.83,Pending,2026-01-29 07:30:00
ORD107629,2026-03-06,IN,P1032,PG1493,KW10794,2314.68,Pending,2026-03-06 23:16:00
ORD107630,2026-04-16,DE,P1014,PG1016,KW10727,1328.87,Cancelled,2026-04-16 13:49:00
ORD107631,2026-08-16,IN,P1042,PG1439,KW10888,560.6,Completed,2026-08-16 12:47:00
ORD107632,2026-09-14,IN,P1031,PG1093,KW11981,1315.14,Completed,2026-09-14 08:10:00
ORD107633,2025-11-20,MX,P1023,PG1346,KW10115,714.6,Completed,2025-11-20 11:56:00
ORD107634,2026-07-09,CA,P1020,PG1461,KW11149,1259.35,Completed,2026-07-09 20:55:00
ORD107635,2025-12-21,AU,P1031,PG1426,KW11518,1372.59,Completed,2025-12-21 10:41:00
ORD107636,2026-02-12,DE,P1014,PG1186,KW11894,2457.4,Completed,2026-02-12 21:48:00
ORD107637,2026-09-03,CA,P1030,PG1333,KW10469,1254.59,Completed,2026-09-03 14:18:00
ORD107638,2026-03-17,BR,P1014,PG1394,KW10800,460.76,Completed,2026-03-17 06:28:00
ORD107639,2026-03-02,DE,P1037,PG1003,KW10062,1591.83,Completed,2026-03-02 00:05:00
ORD107640,2026-02-14,BR,P1044,PG1475,KW10376,588.47,Completed,2026-02-14 07:51:00
ORD107641,2026-03-11,DE,P1045,PG1481,KW11011,872.03,Returned,2026-03-11 15:35:00
ORD107642,2026-05-18,US,P1004,PG1016,KW11862,298.72,Cancelled,2026-05-18 06:49:00
ORD107643,2026-03-24,CA,P1045,PG1110,KW10592,464.38,Pending,2026-03-24 03:00:00
ORD107644,2026-08-11,AU,P1049,PG1021,KW11287,1198.96,Pending,2026-08-11 15:20:00
ORD107645,2026-05-14,BR,P1016,PG1098,KW11908,720.9,Cancelled,2026-05-14 14:16:00
ORD107646,2025-10-22,MX,P1021,PG1439,KW10299,552.79,Cancelled,2025-10-22 16:00:00
ORD107647,2026-04-17,BR,P1006,PG1347,KW10065,1462.52,Completed,2026-04-17 10:41:00
ORD107648,2026-03-11,FR,P1032,PG1382,KW11357,936.92,Completed,2026-03-11 04:26:00
ORD107649,2026-05-24,MX,P1012,PG1485,KW10415,465.92,Pending,2026-05-24 09:31:00
ORD107650,2026-04-28,DE,P1001,PG1163,KW10681,487.51,Cancelled,2026-04-28 12:26:00
ORD107651,2026-06-23,MX,P1041,PG1297,KW11655,641.77,Completed,2026-06-23 18:48:00
ORD107652,2026-01-12,FR,P1027,PG1426,KW10246,790.64,Completed,2026-01-12 04:56:00
ORD107653,2026-04-13,DE,P1020,PG1033,KW11362,672.9,Completed,2026-04-13 20:01:00
ORD107654,2025-10-23,FR,P1016,PG1311,KW11740,888.22,Pending,2025-10-23 11:39:00
ORD107655,2026-08-29,IN,P1019,PG1091,KW11971,2085.66,Pending,2026-08-29 08:40:00
ORD107656,2026-03-09,IN,P1035,PG1167,KW10030,448.76,Completed,2026-03-09 09:12:00
ORD107657,2026-04-17,US,P1009,PG1399,KW10862,366.04,Completed,2026-04-17 23:24:00
ORD107658,2025-11-22,FR,P1002,PG1408,KW10352,2095.65,Completed,2025-11-22 05:01:00
ORD107659,2026-08-14,AU,P1037,PG1475,KW10798,1577.81,Pending,2026-08-14 12:17:00
ORD107660,2026-05-12,DE,P1035,PG1286,KW10139,805.64,Cancelled,2026-05-12 19:05:00
ORD107661,2026-05-26,UK,P1047,PG1300,KW10917,596.43,Cancelled,2026-05-26 13:32:00
ORD107662,2026-03-21,JP,P1027,PG1474,KW10169,545.16,Completed,2026-03-21 16:59:00
ORD107663,2025-11-13,DE,P1024,PG1038,KW11488,747.93,Completed,2025-11-13 14:38:00
ORD107664,2026-09-07,BR,P1020,PG1455,KW10146,830.02,Pending,2026-09-07 11:37:00
ORD107665,2025-10-24,DE,P1001,PG1449,KW10537,528.37,Cancelled,2025-10-24 14:43:00
ORD107666,2026-06-21,IN,P1033,PG1144,KW11747,696.72,Completed,2026-06-21 03:49:00
ORD107667,2026-01-22,MX,P1031,PG1327,KW11844,1144.88,Cancelled,2026-01-22 01:19:00
ORD107668,2025-10-16,DE,P1035,PG1369,KW10385,818.91,Completed,2025-10-16 00:27:00
ORD107669,2025-11-03,JP,P1026,PG1055,KW11198,1154.47,Cancelled,2025-11-03 13:05:00
ORD107670,2025-10-12,AU,P1001,PG1242,KW10455,539.32,Returned,2025-10-12 02:06:00
ORD107671,2025-10-18,BR,P1008,PG1132,KW11953,1405.81,Completed,2025-10-18 11:58:00
ORD107672,2025-10-03,US,P1044,PG1155,KW11123,1145.91,Completed,2025-10-03 05:38:00
ORD107673,2026-09-28,DE,P1034,PG1404,KW10589,337.24,Pending,2026-09-28 00:17:00
ORD107674,2026-01-04,AU,P1049,PG1490,KW10610,985.15,Completed,2026-01-04 03:50:00
ORD107675,2025-11-15,DE,P1024,PG1124,KW11490,903.96,Cancelled,2025-11-15 22:55:00
ORD107676,2026-09-03,JP,P1020,PG1001,KW11594,431.19,Pending,2026-09-03 22:35:00
ORD107677,2026-04-14,US,P1050,PG1033,KW10720,879.79,Returned,2026-04-14 02:38:00
ORD107678,2026-06-13,AU,P1009,PG1056,KW10431,995.26,Completed,2026-06-13 01:22:00
ORD107679,2025-10-05,IN,P1010,PG1022,KW11183,628.28,Completed,2025-10-05 05:45:00
ORD107680,2026-04-26,DE,P1037,PG1183,KW11069,692.35,Pending,2026-04-26 03:51:00
ORD107681,2025-12-10,IN,P1003,PG1220,KW10878,818.88,Returned,2025-12-10 17:47:00
ORD107682,2026-03-04,DE,P1010,PG1408,KW10663,624.0,Completed,2026-03-04 09:09:00
ORD107683,2026-04-20,FR,P1047,PG1424,KW10055,1851.28,Pending,2026-04-20 01:16:00
ORD107684,2025-11-21,MX,P1043,PG1123,KW10149,587.71,Cancelled,2025-11-21 01:10:00
ORD107685,2026-04-13,FR,P1028,PG1186,KW11343,1233.0,Completed,2026-04-13 12:18:00
ORD107686,2026-04-07,JP,P1004,PG1067,KW10822,3440.13,Completed,2026-04-07 07:37:00
ORD107687,2026-09-20,UK,P1048,PG1344,KW11540,636.84,Completed,2026-09-20 21:56:00
ORD107688,2026-02-25,AU,P1037,PG1205,KW11840,933.61,Completed,2026-02-25 20:14:00
ORD107689,2026-09-05,CA,P1023,PG1069,KW10508,743.08,Pending,2026-09-05 13:40:00
ORD107690,2026-02-27,FR,P1019,PG1033,KW10396,1599.07,Completed,2026-02-27 17:34:00
ORD107691,2026-05-19,JP,P1017,PG1005,KW11104,1433.25,Pending,2026-05-19 05:10:00
ORD107692,2025-12-29,MX,P1006,PG1177,KW10699,293.25,Pending,2025-12-29 17:22:00
ORD107693,2025-10-13,CA,P1045,PG1483,KW11565,1582.16,Returned,2025-10-13 07:02:00
ORD107694,2026-06-26,US,P1029,PG1232,KW11096,378.86,Returned,2026-06-26 20:13:00
ORD107695,2026-01-19,IN,P1014,PG1362,KW10137,736.35,Completed,2026-01-19 10:25:00
ORD107696,2026-03-18,JP,P1035,PG1361,KW11576,1449.02,Completed,2026-03-18 04:01:00
ORD107697,2025-10-28,BR,P1033,PG1436,KW11549,1281.11,Completed,2025-10-28 06:54:00
ORD107698,2026-07-23,IN,P1040,PG1322,KW10864,467.41,Completed,2026-07-23 23:28:00
ORD107699,2026-02-22,MX,P1012,PG1162,KW10742,915.17,Completed,2026-02-22 12:12:00
ORD107700,2026-09-17,IN,P1007,PG1399,KW10920,634.89,Returned,2026-09-17 17:06:00
ORD107701,2026-08-20,BR,P1006,PG1323,KW10410,1280.25,Completed,2026-08-20 19:38:00
ORD107702,2026-06-13,UK,P1032,PG1002,KW10818,795.65,Completed,2026-06-13 07:52:00
ORD107703,2026-09-24,US,P1041,PG1347,KW10409,270.05,Returned,2026-09-24 09:01:00
ORD107704,2026-05-16,US,P1001,PG1388,KW10027,410.43,Pending,2026-05-16 02:26:00
ORD107705,2026-06-17,FR,P1047,PG1381,KW11665,583.67,Completed,2026-06-17 17:42:00
ORD107706,2026-04-21,FR,P1004,PG1448,KW11678,1183.52,Completed,2026-04-21 23:16:00
ORD107707,2025-11-10,MX,P1014,PG1087,KW11408,760.17,Completed,2025-11-10 18:46:00
ORD107708,2025-10-14,JP,P1017,PG1391,KW11968,1012.11,Completed,2025-10-14 06:10:00
ORD107709,2026-01-19,US,P1012,PG1492,KW11320,601.5,Pending,2026-01-19 17:25:00
ORD107710,2026-06-15,UK,P1010,PG1379,KW11071,1013.91,Completed,2026-06-15 01:14:00
ORD107711,2026-01-05,IN,P1028,PG1314,KW10050,774.78,Returned,2026-01-05 00:36:00
ORD107712,2025-10-28,FR,P1020,PG1381,KW10921,807.22,Cancelled,2025-10-28 23:27:00
ORD107713,2026-07-09,DE,P1040,PG1200,KW10781,366.4,Cancelled,2026-07-09 12:44:00
ORD107714,2026-06-21,AU,P1001,PG1465,KW10628,325.2,Completed,2026-06-21 00:05:00
ORD107715,2025-11-09,BR,P1022,PG1484,KW10464,704.88,Pending,2025-11-09 00:07:00
ORD107716,2026-06-25,JP,P1004,PG1112,KW10553,778.72,Cancelled,2026-06-25 18:44:00
ORD107717,2026-02-16,IN,P1035,PG1091,KW11836,607.03,Cancelled,2026-02-16 00:47:00
ORD107718,2026-02-01,JP,P1006,PG1454,KW10073,1668.9,Completed,2026-02-01 23:18:00
ORD107719,2026-05-06,UK,P1015,PG1421,KW10282,757.46,Completed,2026-05-06 05:14:00
ORD107720,2026-02-27,AU,P1012,PG1307,KW10317,589.66,Returned,2026-02-27 05:31:00
ORD107721,2026-05-24,AU,P1009,PG1071,KW11670,542.95,Completed,2026-05-24 09:16:00
ORD107722,2026-02-20,IN,P1021,PG1405,KW11666,775.27,Completed,2026-02-20 01:42:00
ORD107723,2026-05-19,CA,P1016,PG1480,KW11668,918.2,Cancelled,2026-05-19 20:07:00
ORD107724,2026-08-06,UK,P1014,PG1014,KW10168,302.48,Pending,2026-08-06 20:01:00
ORD107725,2025-12-14,JP,P1007,PG1069,KW10868,788.36,Completed,2025-12-14 08:26:00
ORD107726,2026-06-15,AU,P1003,PG1270,KW10816,634.93,Pending,2026-06-15 14:40:00
ORD107727,2026-01-08,DE,P1037,PG1066,KW10906,273.53,Completed,2026-01-08 13:48:00
ORD107728,2026-01-27,IN,P1015,PG1446,KW11775,149.26,Pending,2026-01-27 18:19:00
ORD107729,2026-08-05,US,P1050,PG1308,KW10601,658.98,Completed,2026-08-05 09:11:00
ORD107730,2026-04-18,BR,P1027,PG1437,KW10595,1217.23,Pending,2026-04-18 07:50:00
ORD107731,2026-06-05,IN,P1031,PG1441,KW10148,430.72,Completed,2026-06-05 08:10:00
ORD107732,2026-05-26,AU,P1017,PG1343,KW10327,1098.98,Completed,2026-05-26 23:36:00
ORD107733,2026-03-31,IN,P1019,PG1286,KW11336,1392.48,Completed,2026-03-31 11:39:00
ORD107734,2026-03-19,JP,P1008,PG1272,KW10194,1387.53,Cancelled,2026-03-19 06:16:00
ORD107735,2026-04-11,AU,P1028,PG1007,KW11257,2664.42,Completed,2026-04-11 20:40:00
ORD107736,2026-03-29,AU,P1024,PG1194,KW11669,947.15,Pending,2026-03-29 14:32:00
ORD107737,2026-02-18,US,P1003,PG1199,KW11104,1880.91,Cancelled,2026-02-18 01:51:00
ORD107738,2026-07-17,CA,P1032,PG1419,KW11744,664.5,Cancelled,2026-07-17 00:29:00
ORD107739,2026-03-27,JP,P1028,PG1085,KW11222,1147.74,Completed,2026-03-27 04:02:00
ORD107740,2026-08-24,BR,P1040,PG1172,KW11970,404.25,Cancelled,2026-08-24 01:18:00
ORD107741,2026-06-10,AU,P1029,PG1180,KW11074,916.12,Cancelled,2026-06-10 11:14:00
ORD107742,2026-07-18,AU,P1049,PG1064,KW11290,2696.01,Returned,2026-07-18 16:20:00
ORD107743,2026-07-22,US,P1005,PG1030,KW11713,1421.75,Returned,2026-07-22 13:15:00
ORD107744,2026-09-12,CA,P1045,PG1252,KW10808,1083.84,Completed,2026-09-12 18:53:00
ORD107745,2026-08-07,IN,P1050,PG1483,KW11740,668.4,Pending,2026-08-07 07:30:00
ORD107746,2026-03-28,FR,P1005,PG1443,KW10853,491.75,Returned,2026-03-28 03:22:00
ORD107747,2026-07-12,BR,P1013,PG1038,KW11230,928.86,Completed,2026-07-12 12:08:00
ORD107748,2026-02-01,IN,P1032,PG1241,KW10825,2510.85,Cancelled,2026-02-01 04:21:00
ORD107749,2026-06-30,CA,P1019,PG1219,KW10157,2029.72,Completed,2026-06-30 13:06:00
ORD107750,2026-04-20,IN,P1005,PG1409,KW11883,944.95,Returned,2026-04-20 04:01:00
ORD107751,2026-08-10,DE,P1008,PG1321,KW10289,1570.86,Cancelled,2026-08-10 23:06:00
ORD107752,2026-05-12,IN,P1048,PG1104,KW10924,1442.28,Completed,2026-05-12 13:33:00
ORD107753,2025-10-21,AU,P1024,PG1466,KW11517,422.7,Cancelled,2025-10-21 03:11:00
ORD107754,2026-04-10,MX,P1021,PG1382,KW10938,953.64,Completed,2026-04-10 00:45:00
ORD107755,2026-08-29,AU,P1033,PG1392,KW11584,506.37,Returned,2026-08-29 09:56:00
ORD107756,2026-07-25,CA,P1044,PG1225,KW10003,2199.97,Completed,2026-07-25 23:29:00
ORD107757,2026-01-27,DE,P1027,PG1081,KW10589,638.39,Completed,2026-01-27 05:46:00
ORD107758,2026-08-27,FR,P1013,PG1187,KW10787,521.25,Completed,2026-08-27 19:44:00
ORD107759,2025-12-01,MX,P1016,PG1413,KW11465,366.09,Completed,2025-12-01 17:24:00
ORD107760,2026-07-24,JP,P1007,PG1491,KW11988,599.89,Completed,2026-07-24 00:18:00
ORD107761,2026-01-17,IN,P1042,PG1319,KW10946,685.54,Cancelled,2026-01-17 14:21:00
ORD107762,2026-03-23,DE,P1043,PG1201,KW10120,803.15,Pending,2026-03-23 07:12:00
ORD107763,2026-07-15,MX,P1012,PG1112,KW10185,685.04,Returned,2026-07-15 00:40:00
ORD107764,2026-05-25,BR,P1020,PG1069,KW11795,517.36,Completed,2026-05-25 17:53:00
ORD107765,2026-08-06,BR,P1001,PG1072,KW11117,1072.18,Completed,2026-08-06 10:01:00
ORD107766,2026-08-09,BR,P1032,PG1292,KW10427,1725.28,Completed,2026-08-09 08:23:00
ORD107767,2026-02-07,DE,P1025,PG1394,KW10542,1056.82,Completed,2026-02-07 03:16:00
ORD107768,2026-02-22,US,P1010,PG1430,KW11898,670.47,Completed,2026-02-22 06:39:00
ORD107769,2026-01-21,FR,P1019,PG1484,KW11531,430.78,Completed,2026-01-21 15:00:00
ORD107770,2026-01-16,CA,P1034,PG1065,KW10688,517.32,Cancelled,2026-01-16 21:05:00
ORD107771,2025-11-26,FR,P1045,PG1208,KW11099,823.81,Cancelled,2025-11-26 22:57:00
ORD107772,2025-12-28,BR,P1027,PG1363,KW10097,1508.73,Completed,2025-12-28 07:06:00
ORD107773,2026-01-31,MX,P1021,PG1002,KW10138,2103.07,Completed,2026-01-31 01:55:00
ORD107774,2026-07-29,UK,P1007,PG1454,KW10067,3161.73,Returned,2026-07-29 00:37:00
ORD107775,2026-05-23,AU,P1037,PG1300,KW10277,827.39,Completed,2026-05-23 01:38:00
ORD107776,2026-07-21,BR,P1026,PG1093,KW11699,312.73,Returned,2026-07-21 17:45:00
ORD107777,2026-07-19,MX,P1047,PG1259,KW10670,1023.01,Returned,2026-07-19 11:18:00
ORD107778,2026-02-20,US,P1020,PG1296,KW10803,2116.69,Completed,2026-02-20 21:14:00
ORD107779,2026-06-22,AU,P1011,PG1440,KW11832,965.1,Completed,2026-06-22 01:44:00
ORD107780,2026-01-21,IN,P1045,PG1194,KW11280,1172.29,Completed,2026-01-21 20:21:00
ORD107781,2026-04-12,US,P1001,PG1295,KW11910,610.3,Returned,2026-04-12 16:50:00
ORD107782,2026-04-08,AU,P1050,PG1255,KW11451,302.15,Returned,2026-04-08 17:06:00
ORD107783,2026-01-29,BR,P1035,PG1074,KW10070,564.48,Completed,2026-01-29 02:31:00
ORD107784,2025-11-01,MX,P1047,PG1217,KW11553,958.9,Pending,2025-11-01 12:28:00
ORD107785,2026-04-28,MX,P1050,PG1473,KW11805,1175.59,Pending,2026-04-28 10:37:00
ORD107786,2026-05-19,MX,P1028,PG1433,KW11037,3021.91,Returned,2026-05-19 04:37:00
ORD107787,2026-08-31,IN,P1014,PG1472,KW11414,475.26,Completed,2026-08-31 02:17:00
ORD107788,2025-11-15,BR,P1006,PG1424,KW11532,1542.74,Cancelled,2025-11-15 02:18:00
ORD107789,2026-04-02,JP,P1031,PG1182,KW11888,1641.31,Completed,2026-04-02 01:27:00
ORD107790,2026-01-06,IN,P1032,PG1333,KW11013,605.4,Cancelled,2026-01-06 01:28:00
ORD107791,2026-01-26,UK,P1022,PG1129,KW11969,545.41,Pending,2026-01-26 03:05:00
ORD107792,2026-05-24,FR,P1017,PG1085,KW11453,1945.61,Completed,2026-05-24 15:57:00
ORD107793,2025-11-25,UK,P1001,PG1141,KW11357,269.05,Completed,2025-11-25 23:25:00
ORD107794,2026-01-30,AU,P1025,PG1442,KW11148,1054.91,Cancelled,2026-01-30 17:28:00
ORD107795,2025-10-13,CA,P1022,PG1182,KW11390,1046.05,Completed,2025-10-13 11:32:00
ORD107796,2026-06-04,IN,P1015,PG1475,KW10642,1614.2,Completed,2026-06-04 15:37:00
ORD107797,2026-08-26,UK,P1004,PG1037,KW10050,1672.78,Completed,2026-08-26 23:32:00
ORD107798,2026-07-27,DE,P1037,PG1023,KW11978,402.83,Pending,2026-07-27 16:47:00
ORD107799,2026-09-21,IN,P1028,PG1117,KW11598,2365.64,Pending,2026-09-21 06:33:00
ORD107800,2026-08-31,DE,P1011,PG1073,KW10386,554.32,Cancelled,2026-08-31 23:17:00
ORD107801,2026-06-11,UK,P1024,PG1438,KW11243,250.89,Returned,2026-06-11 17:28:00
ORD107802,2026-07-10,JP,P1043,PG1499,KW11487,306.43,Pending,2026-07-10 01:07:00
ORD107803,2026-06-21,CA,P1022,PG1088,KW10333,1548.43,Cancelled,2026-06-21 04:39:00
ORD107804,2026-06-21,CA,P1012,PG1491,KW11779,1089.7,Completed,2026-06-21 23:32:00
ORD107805,2026-03-07,JP,P1013,PG1107,KW11942,659.97,Completed,2026-03-07 04:21:00
ORD107806,2026-08-01,US,P1047,PG1166,KW11919,307.13,Cancelled,2026-08-01 01:13:00
ORD107807,2026-04-08,BR,P1005,PG1181,KW11078,1208.54,Completed,2026-04-08 17:30:00
ORD107808,2026-05-31,IN,P1001,PG1186,KW10965,728.12,Completed,2026-05-31 01:02:00
ORD107809,2026-01-20,BR,P1018,PG1418,KW11921,1049.68,Completed,2026-01-20 01:00:00
ORD107810,2026-08-07,IN,P1006,PG1307,KW10191,740.52,Completed,2026-08-07 04:25:00
ORD107811,2026-04-07,CA,P1024,PG1433,KW10704,766.24,Completed,2026-04-07 17:44:00
ORD107812,2025-11-24,MX,P1050,PG1339,KW11498,1190.05,Returned,2025-11-24 03:41:00
ORD107813,2025-10-13,AU,P1002,PG1358,KW10214,1185.2,Completed,2025-10-13 19:23:00
ORD107814,2025-11-20,FR,P1022,PG1355,KW10153,889.05,Completed,2025-11-20 05:00:00
ORD107815,2026-07-09,IN,P1008,PG1311,KW10297,962.53,Pending,2026-07-09 05:05:00
ORD107816,2026-03-18,FR,P1025,PG1191,KW11623,917.39,Pending,2026-03-18 14:55:00
ORD107817,2026-09-12,DE,P1045,PG1375,KW11937,307.53,Completed,2026-09-12 15:31:00
ORD107818,2026-09-13,CA,P1027,PG1097,KW10503,1092.96,Cancelled,2026-09-13 06:24:00
ORD107819,2026-01-01,UK,P1036,PG1372,KW11636,476.89,Pending,2026-01-01 18:40:00
ORD107820,2026-07-17,AU,P1041,PG1363,KW11532,706.36,Completed,2026-07-17 03:20:00
ORD107821,2026-07-25,MX,P1037,PG1093,KW11190,3924.29,Returned,2026-07-25 14:26:00
ORD107822,2026-07-16,US,P1004,PG1033,KW10480,1436.33,Completed,2026-07-16 22:14:00
ORD107823,2026-04-28,US,P1030,PG1299,KW11517,917.83,Completed,2026-04-28 13:26:00
ORD107824,2026-06-13,JP,P1018,PG1374,KW11916,2031.33,Completed,2026-06-13 21:20:00
ORD107825,2025-12-04,IN,P1010,PG1284,KW11443,979.45,Completed,2025-12-04 14:40:00
ORD107826,2026-04-24,AU,P1020,PG1091,KW11923,782.18,Completed,2026-04-24 08:48:00
ORD107827,2025-12-26,DE,P1032,PG1157,KW10958,478.85,Cancelled,2025-12-26 15:10:00
ORD107828,2026-04-25,JP,P1042,PG1261,KW11157,741.85,Cancelled,2026-04-25 03:03:00
ORD107829,2026-03-13,IN,P1021,PG1333,KW10080,651.72,Completed,2026-03-13 19:25:00
ORD107830,2026-04-06,UK,P1025,PG1312,KW11636,781.93,Completed,2026-04-06 07:00:00
ORD107831,2026-05-09,AU,P1020,PG1297,KW11016,397.99,Completed,2026-05-09 09:01:00
ORD107832,2026-06-03,US,P1031,PG1117,KW11845,570.09,Completed,2026-06-03 23:38:00
ORD107833,2026-08-07,DE,P1044,PG1337,KW11120,603.18,Completed,2026-08-07 11:57:00
ORD107834,2025-12-24,FR,P1035,PG1192,KW10899,722.4,Returned,2025-12-24 07:01:00
ORD107835,2026-02-12,IN,P1005,PG1303,KW10131,837.16,Pending,2026-02-12 21:47:00
ORD107836,2025-10-08,AU,P1007,PG1173,KW11645,606.78,Returned,2025-10-08 04:34:00
ORD107837,2026-05-02,IN,P1025,PG1169,KW10334,1268.11,Cancelled,2026-05-02 04:54:00
ORD107838,2026-08-15,JP,P1014,PG1411,KW11676,414.19,Completed,2026-08-15 20:18:00
ORD107839,2026-01-30,DE,P1019,PG1085,KW10176,938.22,Completed,2026-01-30 17:05:00
ORD107840,2026-09-19,MX,P1023,PG1193,KW10568,741.93,Cancelled,2026-09-19 05:04:00
ORD107841,2026-09-04,FR,P1037,PG1201,KW11306,1049.57,Pending,2026-09-04 16:31:00
ORD107842,2026-04-08,UK,P1014,PG1400,KW11843,1009.73,Returned,2026-04-08 05:43:00
ORD107843,2026-04-13,CA,P1022,PG1173,KW10058,420.85,Completed,2026-04-13 08:36:00
ORD107844,2026-08-02,CA,P1046,PG1208,KW11723,1663.84,Completed,2026-08-02 04:36:00
ORD107845,2026-04-07,MX,P1011,PG1395,KW11178,455.3,Completed,2026-04-07 17:00:00
ORD107846,2026-05-02,FR,P1047,PG1295,KW11661,289.62,Cancelled,2026-05-02 18:17:00
ORD107847,2026-04-20,FR,P1045,PG1209,KW11581,601.63,Cancelled,2026-04-20 14:36:00
ORD107848,2025-11-03,US,P1042,PG1392,KW11836,914.44,Cancelled,2025-11-03 23:37:00
ORD107849,2026-07-15,FR,P1050,PG1255,KW10995,1609.83,Cancelled,2026-07-15 13:42:00
ORD107850,2025-10-24,IN,P1028,PG1134,KW10933,257.91,Completed,2025-10-24 23:30:00
ORD107851,2026-07-23,MX,P1038,PG1399,KW10375,657.01,Cancelled,2026-07-23 03:52:00
ORD107852,2025-10-05,FR,P1038,PG1059,KW10205,1227.9,Pending,2025-10-05 01:44:00
ORD107853,2026-05-02,FR,P1001,PG1210,KW10918,983.86,Pending,2026-05-02 07:18:00
ORD107854,2026-01-30,IN,P1006,PG1267,KW11191,326.91,Completed,2026-01-30 04:59:00
ORD107855,2025-11-24,AU,P1042,PG1082,KW10670,1037.19,Cancelled,2025-11-24 17:58:00
ORD107856,2026-05-18,AU,P1029,PG1218,KW11956,496.84,Completed,2026-05-18 18:54:00
ORD107857,2026-03-30,DE,P1040,PG1260,KW10298,3198.64,Completed,2026-03-30 07:07:00
ORD107858,2026-09-09,US,P1020,PG1474,KW11555,324.86,Completed,2026-09-09 18:28:00
ORD107859,2025-12-24,DE,P1038,PG1480,KW11977,1029.93,Completed,2025-12-24 01:59:00
ORD107860,2026-06-30,IN,P1013,PG1130,KW11158,965.63,Returned,2026-06-30 01:44:00
ORD107861,2025-10-30,US,P1037,PG1062,KW10896,195.14,Pending,2025-10-30 22:18:00
ORD107862,2026-09-26,FR,P1036,PG1419,KW11802,639.21,Completed,2026-09-26 14:55:00
ORD107863,2026-07-19,BR,P1018,PG1160,KW11560,295.55,Returned,2026-07-19 13:13:00
ORD107864,2026-07-25,MX,P1041,PG1495,KW10013,842.9,Completed,2026-07-25 12:50:00
ORD107865,2026-05-27,IN,P1031,PG1106,KW11817,382.09,Completed,2026-05-27 18:46:00
ORD107866,2026-09-19,BR,P1048,PG1497,KW11969,2318.29,Pending,2026-09-19 11:41:00
ORD107867,2026-01-09,IN,P1018,PG1118,KW10909,477.34,Cancelled,2026-01-09 02:35:00
ORD107868,2025-12-09,US,P1046,PG1363,KW11729,904.4,Pending,2025-12-09 08:27:00
ORD107869,2026-06-18,FR,P1042,PG1221,KW10975,633.3,Completed,2026-06-18 11:12:00
ORD107870,2026-05-22,MX,P1047,PG1065,KW10328,705.41,Completed,2026-05-22 18:27:00
ORD107871,2026-06-25,JP,P1035,PG1287,KW11977,767.99,Returned,2026-06-25 12:35:00
ORD107872,2026-05-17,IN,P1039,PG1023,KW10892,1998.84,Returned,2026-05-17 21:53:00
ORD107873,2026-08-04,JP,P1009,PG1336,KW10751,627.11,Cancelled,2026-08-04 03:25:00
ORD107874,2026-09-28,UK,P1044,PG1003,KW10354,442.47,Pending,2026-09-28 17:22:00
ORD107875,2026-04-03,JP,P1009,PG1026,KW10336,1235.89,Completed,2026-04-03 10:12:00
ORD107876,2026-06-22,UK,P1022,PG1365,KW10607,586.97,Completed,2026-06-22 03:51:00
ORD107877,2026-07-29,BR,P1003,PG1485,KW11663,727.57,Completed,2026-07-29 16:45:00
ORD107878,2026-04-02,DE,P1031,PG1284,KW10186,2227.47,Cancelled,2026-04-02 01:26:00
ORD107879,2026-07-12,JP,P1012,PG1315,KW11613,408.46,Completed,2026-07-12 17:31:00
ORD107880,2026-09-19,US,P1020,PG1403,KW11433,244.84,Returned,2026-09-19 20:54:00
ORD107881,2026-08-13,JP,P1005,PG1398,KW11428,964.3,Completed,2026-08-13 20:34:00
ORD107882,2026-08-14,IN,P1046,PG1357,KW10783,1375.03,Completed,2026-08-14 09:42:00
ORD107883,2026-05-24,MX,P1028,PG1417,KW10886,819.71,Returned,2026-05-24 18:03:00
ORD107884,2025-10-31,IN,P1039,PG1440,KW11133,725.54,Returned,2025-10-31 11:05:00
ORD107885,2026-08-16,MX,P1010,PG1277,KW11739,250.46,Completed,2026-08-16 02:55:00
ORD107886,2025-10-03,JP,P1028,PG1180,KW11029,4553.22,Pending,2025-10-03 18:38:00
ORD107887,2026-05-25,CA,P1007,PG1024,KW11338,962.85,Pending,2026-05-25 18:41:00
ORD107888,2026-05-21,FR,P1013,PG1462,KW10736,929.53,Cancelled,2026-05-21 13:20:00
ORD107889,2026-07-26,US,P1027,PG1096,KW10637,598.14,Completed,2026-07-26 04:57:00
ORD107890,2026-04-18,CA,P1041,PG1212,KW10645,1327.19,Cancelled,2026-04-18 04:33:00
ORD107891,2026-05-21,BR,P1020,PG1142,KW11162,507.27,Completed,2026-05-21 15:49:00
ORD107892,2026-03-21,AU,P1020,PG1052,KW10664,1087.19,Completed,2026-03-21 10:51:00
ORD107893,2026-08-12,MX,P1017,PG1286,KW11801,653.47,Returned,2026-08-12 04:19:00
ORD107894,2026-06-27,UK,P1036,PG1205,KW10428,1306.19,Completed,2026-06-27 08:53:00
ORD107895,2026-04-20,AU,P1015,PG1353,KW10183,545.77,Completed,2026-04-20 04:24:00
ORD107896,2025-11-18,MX,P1039,PG1015,KW11473,670.15,Completed,2025-11-18 16:16:00
ORD107897,2025-11-10,UK,P1003,PG1303,KW10305,909.54,Pending,2025-11-10 19:50:00
ORD107898,2026-06-04,BR,P1033,PG1005,KW10066,559.39,Returned,2026-06-04 03:38:00
ORD107899,2026-02-05,US,P1002,PG1426,KW10182,2079.04,Completed,2026-02-05 11:44:00
ORD107900,2025-12-15,JP,P1017,PG1477,KW11709,632.88,Returned,2025-12-15 00:15:00
ORD107901,2025-12-02,IN,P1025,PG1302,KW10869,2751.72,Completed,2025-12-02 01:18:00
ORD107902,2026-08-12,US,P1044,PG1028,KW10525,2751.2,Cancelled,2026-08-12 17:41:00
ORD107903,2026-03-29,US,P1023,PG1238,KW11352,784.53,Completed,2026-03-29 00:20:00
ORD107904,2026-05-19,BR,P1013,PG1069,KW11839,1050.03,Completed,2026-05-19 04:17:00
ORD107905,2026-04-02,MX,P1021,PG1494,KW11119,1924.28,Completed,2026-04-02 11:38:00
ORD107906,2026-02-03,JP,P1047,PG1257,KW11241,1028.48,Returned,2026-02-03 22:21:00
ORD107907,2026-01-15,JP,P1037,PG1008,KW11416,723.27,Cancelled,2026-01-15 18:08:00
ORD107908,2025-12-14,IN,P1035,PG1363,KW10688,439.29,Returned,2025-12-14 11:36:00
ORD107909,2026-07-09,BR,P1026,PG1163,KW10072,407.89,Completed,2026-07-09 22:17:00
ORD107910,2025-10-16,US,P1048,PG1272,KW10175,1287.89,Completed,2025-10-16 02:38:00
ORD107911,2026-02-07,IN,P1033,PG1044,KW10680,190.26,Returned,2026-02-07 05:56:00
ORD107912,2025-12-27,BR,P1019,PG1038,KW11704,438.73,Completed,2025-12-27 11:30:00
ORD107913,2026-02-19,DE,P1034,PG1167,KW10182,724.65,Completed,2026-02-19 05:21:00
ORD107914,2026-07-04,FR,P1003,PG1399,KW10249,1846.29,Completed,2026-07-04 13:23:00
ORD107915,2026-02-18,UK,P1013,PG1282,KW10846,3289.18,Returned,2026-02-18 15:21:00
ORD107916,2026-05-27,AU,P1035,PG1029,KW10791,318.1,Cancelled,2026-05-27 12:50:00
ORD107917,2026-03-11,MX,P1018,PG1369,KW11425,425.02,Pending,2026-03-11 18:46:00
ORD107918,2026-05-02,AU,P1001,PG1019,KW10809,1789.76,Completed,2026-05-02 01:37:00
ORD107919,2026-07-04,JP,P1027,PG1396,KW11458,338.56,Pending,2026-07-04 16:25:00
ORD107920,2025-12-02,AU,P1046,PG1201,KW10896,1259.47,Completed,2025-12-02 03:32:00
ORD107921,2025-12-13,UK,P1028,PG1145,KW10234,835.09,Pending,2025-12-13 18:43:00
ORD107922,2026-09-08,CA,P1041,PG1194,KW10722,2101.64,Pending,2026-09-08 09:32:00
ORD107923,2026-04-12,IN,P1008,PG1120,KW11599,282.97,Completed,2026-04-12 06:22:00
ORD107924,2026-05-07,UK,P1043,PG1489,KW11011,1266.88,Returned,2026-05-07 06:19:00
ORD107925,2026-03-23,DE,P1015,PG1318,KW10660,380.01,Completed,2026-03-23 01:05:00
ORD107926,2026-08-12,AU,P1046,PG1099,KW10945,1083.87,Pending,2026-08-12 20:41:00
ORD107927,2025-11-03,IN,P1045,PG1204,KW10067,570.97,Cancelled,2025-11-03 12:44:00
ORD107928,2026-03-23,DE,P1033,PG1457,KW11543,648.71,Completed,2026-03-23 02:27:00
ORD107929,2026-07-17,MX,P1033,PG1224,KW10742,217.18,Returned,2026-07-17 08:14:00
ORD107930,2026-08-21,BR,P1040,PG1335,KW10207,1586.93,Returned,2026-08-21 23:13:00
ORD107931,2026-08-22,JP,P1021,PG1180,KW11648,570.6,Completed,2026-08-22 20:48:00
ORD107932,2026-06-02,US,P1017,PG1169,KW11433,314.25,Completed,2026-06-02 07:51:00
ORD107933,2026-06-29,JP,P1006,PG1345,KW11264,1011.14,Completed,2026-06-29 10:32:00
ORD107934,2026-04-12,MX,P1047,PG1460,KW10085,864.62,Cancelled,2026-04-12 02:08:00
ORD107935,2026-07-29,JP,P1047,PG1303,KW10348,376.33,Pending,2026-07-29 15:24:00
ORD107936,2026-04-30,IN,P1049,PG1251,KW11770,708.86,Cancelled,2026-04-30 18:45:00
ORD107937,2026-09-23,MX,P1024,PG1161,KW11366,584.29,Cancelled,2026-09-23 06:15:00
ORD107938,2026-01-14,CA,P1027,PG1390,KW10413,1353.64,Completed,2026-01-14 10:06:00
ORD107939,2026-04-30,DE,P1041,PG1296,KW11839,2806.92,Completed,2026-04-30 22:08:00
ORD107940,2026-04-30,AU,P1033,PG1384,KW11225,523.5,Completed,2026-04-30 16:05:00
ORD107941,2026-07-01,JP,P1043,PG1227,KW10483,602.29,Pending,2026-07-01 02:57:00
ORD107942,2025-11-01,BR,P1032,PG1331,KW10125,1701.36,Pending,2025-11-01 14:54:00
ORD107943,2026-07-15,MX,P1012,PG1040,KW10383,1170.01,Pending,2026-07-15 10:16:00
ORD107944,2026-03-24,FR,P1025,PG1458,KW11554,771.15,Pending,2026-03-24 19:18:00
ORD107945,2026-09-14,IN,P1049,PG1389,KW11626,961.19,Completed,2026-09-14 15:45:00
ORD107946,2026-07-01,CA,P1043,PG1154,KW10330,1761.56,Cancelled,2026-07-01 10:48:00
ORD107947,2026-04-17,CA,P1042,PG1198,KW10702,576.02,Completed,2026-04-17 11:51:00
ORD107948,2026-06-13,UK,P1035,PG1205,KW11184,958.28,Cancelled,2026-06-13 10:12:00
ORD107949,2026-06-22,IN,P1049,PG1383,KW11306,725.23,Completed,2026-06-22 02:00:00
ORD107950,2026-07-16,IN,P1046,PG1092,KW11783,1556.21,Returned,2026-07-16 00:17:00
ORD107951,2026-05-04,MX,P1043,PG1110,KW11237,1319.96,Completed,2026-05-04 19:48:00
ORD107952,2026-03-23,UK,P1030,PG1005,KW10145,561.37,Completed,2026-03-23 16:55:00
ORD107953,2026-01-15,FR,P1013,PG1144,KW11738,1258.7,Completed,2026-01-15 11:59:00
ORD107954,2025-12-06,UK,P1017,PG1126,KW11183,524.71,Completed,2025-12-06 01:11:00
ORD107955,2026-03-29,JP,P1015,PG1246,KW10725,2320.39,Returned,2026-03-29 01:10:00
ORD107956,2025-12-04,JP,P1006,PG1257,KW11479,556.29,Completed,2025-12-04 16:55:00
ORD107957,2026-03-28,IN,P1043,PG1391,KW11185,328.94,Completed,2026-03-28 15:56:00
ORD107958,2025-10-20,UK,P1013,PG1024,KW10105,288.77,Returned,2025-10-20 02:53:00
ORD107959,2026-03-22,UK,P1030,PG1133,KW11431,1615.55,Cancelled,2026-03-22 06:38:00
ORD107960,2026-01-31,DE,P1032,PG1472,KW11092,1015.19,Pending,2026-01-31 02:42:00
ORD107961,2025-12-04,BR,P1018,PG1250,KW10697,1174.3,Completed,2025-12-04 22:42:00
ORD107962,2026-07-03,BR,P1010,PG1109,KW11199,849.41,Completed,2026-07-03 20:05:00
ORD107963,2026-05-15,CA,P1032,PG1315,KW10260,673.55,Returned,2026-05-15 22:23:00
ORD107964,2025-12-26,UK,P1027,PG1452,KW10543,815.91,Completed,2025-12-26 04:52:00
ORD107965,2026-01-21,IN,P1040,PG1039,KW10564,326.77,Pending,2026-01-21 22:05:00
ORD107966,2025-11-12,IN,P1021,PG1218,KW10598,1095.08,Completed,2025-11-12 11:00:00
ORD107967,2026-09-27,BR,P1006,PG1098,KW10344,242.66,Completed,2026-09-27 03:35:00
ORD107968,2025-12-03,AU,P1050,PG1295,KW10314,1326.78,Cancelled,2025-12-03 13:59:00
ORD107969,2026-03-12,IN,P1006,PG1422,KW10247,565.37,Pending,2026-03-12 18:34:00
ORD107970,2026-06-22,UK,P1018,PG1161,KW11648,990.18,Completed,2026-06-22 00:03:00
ORD107971,2026-05-21,US,P1026,PG1152,KW10394,1157.66,Returned,2026-05-21 09:26:00
ORD107972,2026-02-25,IN,P1049,PG1463,KW10770,1222.24,Completed,2026-02-25 20:35:00
ORD107973,2025-11-17,MX,P1019,PG1259,KW10436,1346.54,Cancelled,2025-11-17 17:23:00
ORD107974,2026-05-06,US,P1024,PG1479,KW10786,1163.99,Cancelled,2026-05-06 21:47:00
ORD107975,2026-05-31,CA,P1033,PG1117,KW10428,1215.16,Completed,2026-05-31 23:51:00
ORD107976,2025-11-12,IN,P1044,PG1231,KW11160,2812.6,Completed,2025-11-12 15:02:00
ORD107977,2026-05-11,UK,P1015,PG1479,KW10844,892.28,Cancelled,2026-05-11 14:39:00
ORD107978,2026-09-24,UK,P1049,PG1052,KW11634,634.88,Pending,2026-09-24 05:05:00
ORD107979,2026-04-09,IN,P1040,PG1346,KW11673,2086.3,Returned,2026-04-09 19:53:00
ORD107980,2025-11-16,MX,P1010,PG1122,KW10241,637.18,Completed,2025-11-16 18:56:00
ORD107981,2026-01-07,FR,P1007,PG1081,KW10115,474.56,Completed,2026-01-07 18:50:00
ORD107982,2026-01-22,UK,P1004,PG1242,KW11758,490.44,Completed,2026-01-22 20:03:00
ORD107983,2026-07-20,BR,P1026,PG1317,KW11077,1086.75,Completed,2026-07-20 03:53:00
ORD107984,2025-11-17,BR,P1032,PG1371,KW10762,1273.65,Completed,2025-11-17 03:21:00
ORD107985,2026-06-12,US,P1009,PG1368,KW10647,1588.63,Returned,2026-06-12 01:56:00
ORD107986,2026-07-03,BR,P1023,PG1430,KW10760,534.58,Returned,2026-07-03 00:40:00
ORD107987,2026-03-08,CA,P1002,PG1224,KW10026,1015.93,Completed,2026-03-08 03:53:00
ORD107988,2026-04-25,UK,P1047,PG1150,KW11286,1017.0,Completed,2026-04-25 17:30:00
ORD107989,2026-03-10,AU,P1020,PG1395,KW11360,450.61,Completed,2026-03-10 22:03:00
ORD107990,2025-10-03,FR,P1003,PG1340,KW11894,1020.91,Completed,2025-10-03 08:55:00
ORD107991,2026-09-17,JP,P1024,PG1392,KW10837,1016.52,Cancelled,2026-09-17 05:45:00
ORD107992,2026-01-29,IN,P1016,PG1027,KW11196,1297.79,Completed,2026-01-29 12:13:00
ORD107993,2025-12-19,UK,P1045,PG1301,KW10240,1426.77,Pending,2025-12-19 23:52:00
ORD107994,2026-09-06,UK,P1026,PG1027,KW10221,1182.14,Pending,2026-09-06 23:04:00
ORD107995,2026-05-14,BR,P1024,PG1420,KW11277,1318.79,Completed,2026-05-14 22:23:00
ORD107996,2026-02-12,MX,P1042,PG1298,KW10944,1381.09,Pending,2026-02-12 04:23:00
ORD107997,2025-12-09,MX,P1039,PG1082,KW11551,800.84,Returned,2025-12-09 15:08:00
ORD107998,2025-11-23,BR,P1013,PG1427,KW11911,2407.3,Pending,2025-11-23 10:18:00
ORD107999,2026-03-17,JP,P1024,PG1069,KW11186,1215.02,Completed,2026-03-17 07:37:00
ORD108000,2026-02-15,DE,P1003,PG1204,KW11149,1222.89,Completed,2026-02-15 19:32:00
ORD108001,2026-07-27,BR,P1045,PG1270,KW10426,894.49,Completed,2026-07-27 21:18:00
ORD108002,2025-10-12,JP,P1025,PG1416,KW10980,656.89,Returned,2025-10-12 05:22:00
ORD108003,2026-06-22,CA,P1007,PG1458,KW11460,592.25,Cancelled,2026-06-22 09:22:00
ORD108004,2025-10-07,MX,P1019,PG1397,KW11934,1291.93,Cancelled,2025-10-07 15:34:00
ORD108005,2025-10-28,US,P1041,PG1042,KW11039,1310.29,Returned,2025-10-28 10:07:00
ORD108006,2026-03-10,CA,P1038,PG1498,KW10335,801.17,Pending,2026-03-10 21:43:00
ORD108007,2025-11-18,CA,P1027,PG1407,KW10653,2027.36,Completed,2025-11-18 21:50:00
ORD108008,2026-04-10,MX,P1036,PG1264,KW10421,679.6,Completed,2026-04-10 07:24:00
ORD108009,2026-03-05,UK,P1045,PG1192,KW11560,248.76,Cancelled,2026-03-05 02:24:00
ORD108010,2026-07-29,CA,P1018,PG1114,KW11445,846.52,Returned,2026-07-29 20:11:00
ORD108011,2025-11-22,FR,P1033,PG1055,KW11495,1189.78,Completed,2025-11-22 15:11:00
ORD108012,2026-05-16,JP,P1006,PG1133,KW11936,566.62,Completed,2026-05-16 08:15:00
ORD108013,2026-05-01,BR,P1003,PG1315,KW10950,924.21,Completed,2026-05-01 14:33:00
ORD108014,2026-04-12,BR,P1021,PG1332,KW11823,1634.47,Pending,2026-04-12 22:25:00
ORD108015,2026-04-20,FR,P1043,PG1335,KW11672,495.35,Cancelled,2026-04-20 12:08:00
ORD108016,2026-04-10,DE,P1041,PG1132,KW10226,1747.95,Completed,2026-04-10 04:58:00
ORD108017,2026-07-10,BR,P1037,PG1091,KW10893,1141.77,Returned,2026-07-10 07:36:00
ORD108018,2025-10-03,US,P1026,PG1128,KW10092,221.5,Returned,2025-10-03 20:00:00
ORD108019,2026-05-15,UK,P1019,PG1483,KW11934,858.75,Cancelled,2026-05-15 01:30:00
ORD108020,2026-04-15,MX,P1029,PG1295,KW11688,1021.1,Pending,2026-04-15 20:29:00
ORD108021,2025-12-26,JP,P1047,PG1034,KW11042,1057.35,Completed,2025-12-26 13:07:00
ORD108022,2026-03-06,FR,P1014,PG1404,KW10034,460.23,Returned,2026-03-06 01:21:00
ORD108023,2026-01-21,UK,P1044,PG1186,KW10727,1881.78,Pending,2026-01-21 21:49:00
ORD108024,2026-08-16,DE,P1038,PG1296,KW11002,944.98,Completed,2026-08-16 10:35:00
ORD108025,2026-02-02,BR,P1019,PG1018,KW10298,916.89,Completed,2026-02-02 00:29:00
ORD108026,2026-05-29,MX,P1036,PG1427,KW10913,438.7,Completed,2026-05-29 23:18:00
ORD108027,2026-02-13,UK,P1049,PG1120,KW10484,1429.09,Completed,2026-02-13 10:33:00
ORD108028,2026-09-24,US,P1004,PG1405,KW10416,2821.74,Cancelled,2026-09-24 23:10:00
ORD108029,2026-05-19,DE,P1021,PG1242,KW10458,168.64,Completed,2026-05-19 18:59:00
ORD108030,2026-04-18,BR,P1024,PG1369,KW11270,754.45,Completed,2026-04-18 23:57:00
ORD108031,2025-12-25,MX,P1015,PG1041,KW10198,494.4,Completed,2025-12-25 13:39:00
ORD108032,2026-07-14,DE,P1005,PG1441,KW10621,387.08,Completed,2026-07-14 11:31:00
ORD108033,2026-06-21,IN,P1032,PG1473,KW11784,1336.02,Pending,2026-06-21 09:58:00
ORD108034,2026-01-23,DE,P1039,PG1089,KW11236,1158.16,Returned,2026-01-23 22:52:00
ORD108035,2026-08-16,IN,P1004,PG1218,KW11323,398.49,Cancelled,2026-08-16 23:32:00
ORD108036,2026-03-01,CA,P1030,PG1311,KW11398,295.85,Returned,2026-03-01 01:00:00
ORD108037,2026-01-29,IN,P1018,PG1298,KW11724,1057.74,Completed,2026-01-29 21:56:00
ORD108038,2025-10-30,US,P1011,PG1405,KW10050,639.94,Cancelled,2025-10-30 06:48:00
ORD108039,2026-07-16,UK,P1020,PG1348,KW11948,455.16,Returned,2026-07-16 03:48:00
ORD108040,2026-05-27,IN,P1022,PG1394,KW10035,715.91,Returned,2026-05-27 13:50:00
ORD108041,2026-09-20,IN,P1047,PG1322,KW11980,869.52,Completed,2026-09-20 05:47:00
ORD108042,2026-09-07,US,P1029,PG1185,KW11367,663.96,Completed,2026-09-07 02:54:00
ORD108043,2025-12-19,MX,P1002,PG1473,KW10770,989.96,Cancelled,2025-12-19 12:44:00
ORD108044,2026-05-29,IN,P1019,PG1294,KW10096,368.22,Completed,2026-05-29 10:30:00
ORD108045,2026-01-03,MX,P1012,PG1279,KW10984,641.55,Completed,2026-01-03 04:06:00
ORD108046,2026-02-13,BR,P1049,PG1256,KW10648,688.63,Completed,2026-02-13 13:04:00
ORD108047,2025-10-03,JP,P1010,PG1235,KW11185,229.55,Cancelled,2025-10-03 01:07:00
ORD108048,2026-02-25,DE,P1022,PG1344,KW11710,953.9,Completed,2026-02-25 18:02:00
ORD108049,2026-09-04,IN,P1020,PG1220,KW10357,1008.86,Pending,2026-09-04 23:40:00
ORD108050,2026-09-10,JP,P1034,PG1271,KW11314,728.72,Completed,2026-09-10 13:38:00
ORD108051,2026-03-31,UK,P1008,PG1404,KW11190,701.21,Cancelled,2026-03-31 08:07:00
ORD108052,2026-06-16,IN,P1037,PG1286,KW11145,423.51,Cancelled,2026-06-16 17:34:00
ORD108053,2025-12-03,MX,P1045,PG1359,KW10289,947.6,Completed,2025-12-03 16:04:00
ORD108054,2026-08-02,AU,P1025,PG1265,KW11792,859.0,Pending,2026-08-02 09:39:00
ORD108055,2026-06-13,CA,P1008,PG1234,KW10250,817.02,Completed,2026-06-13 04:54:00
ORD108056,2025-11-17,BR,P1007,PG1263,KW10513,580.27,Cancelled,2025-11-17 04:08:00
ORD108057,2025-12-01,UK,P1049,PG1336,KW10466,858.26,Completed,2025-12-01 18:18:00
ORD108058,2026-02-14,BR,P1022,PG1210,KW11632,1362.22,Completed,2026-02-14 14:27:00
ORD108059,2026-05-25,FR,P1046,PG1287,KW11807,252.47,Pending,2026-05-25 17:17:00
ORD108060,2026-01-29,UK,P1022,PG1090,KW10452,1803.31,Completed,2026-01-29 22:30:00
ORD108061,2025-12-12,UK,P1015,PG1493,KW10409,1198.81,Completed,2025-12-12 03:13:00
ORD108062,2026-01-12,IN,P1016,PG1325,KW10895,1823.02,Completed,2026-01-12 22:48:00
ORD108063,2026-03-13,US,P1034,PG1210,KW10666,503.08,Pending,2026-03-13 23:13:00
ORD108064,2026-04-12,DE,P1037,PG1311,KW11676,997.14,Completed,2026-04-12 13:40:00
ORD108065,2026-07-08,CA,P1033,PG1007,KW10868,814.49,Pending,2026-07-08 03:24:00
ORD108066,2026-09-25,FR,P1031,PG1309,KW11647,1407.31,Cancelled,2026-09-25 22:20:00
ORD108067,2026-05-16,IN,P1026,PG1355,KW10379,716.24,Pending,2026-05-16 02:47:00
ORD108068,2026-07-08,CA,P1024,PG1361,KW11737,2224.18,Returned,2026-07-08 04:09:00
ORD108069,2026-09-06,AU,P1032,PG1018,KW10640,589.36,Cancelled,2026-09-06 13:43:00
ORD108070,2025-11-16,DE,P1032,PG1020,KW10148,582.09,Returned,2025-11-16 23:15:00
ORD108071,2026-04-23,CA,P1046,PG1112,KW11610,730.19,Returned,2026-04-23 04:18:00
ORD108072,2026-01-27,AU,P1025,PG1465,KW10597,529.15,Pending,2026-01-27 05:56:00
ORD108073,2026-01-30,US,P1015,PG1082,KW10853,375.51,Completed,2026-01-30 10:22:00
ORD108074,2026-01-17,CA,P1031,PG1375,KW11289,1549.79,Completed,2026-01-17 04:50:00
ORD108075,2025-12-28,IN,P1048,PG1150,KW11710,732.34,Cancelled,2025-12-28 17:29:00
ORD108076,2026-01-10,MX,P1048,PG1172,KW11964,1060.74,Pending,2026-01-10 13:19:00
ORD108077,2026-08-07,FR,P1007,PG1100,KW10046,629.25,Pending,2026-08-07 05:57:00
ORD108078,2025-12-12,BR,P1012,PG1175,KW10530,1310.21,Cancelled,2025-12-12 09:11:00
ORD108079,2026-06-23,AU,P1030,PG1016,KW10546,453.14,Returned,2026-06-23 05:21:00
ORD108080,2026-01-10,FR,P1009,PG1434,KW10113,617.67,Returned,2026-01-10 15:31:00
ORD108081,2026-08-01,DE,P1006,PG1331,KW11832,1409.65,Completed,2026-08-01 17:22:00
ORD108082,2026-05-16,FR,P1045,PG1435,KW10420,1282.79,Completed,2026-05-16 04:18:00
ORD108083,2026-01-05,FR,P1028,PG1103,KW10847,2106.73,Completed,2026-01-05 21:49:00
ORD108084,2025-11-12,FR,P1037,PG1359,KW11897,1072.07,Returned,2025-11-12 15:47:00
ORD108085,2026-06-30,DE,P1011,PG1125,KW10193,800.29,Cancelled,2026-06-30 00:10:00
ORD108086,2026-08-03,IN,P1026,PG1208,KW10719,375.91,Cancelled,2026-08-03 08:25:00
ORD108087,2025-12-04,US,P1041,PG1319,KW10570,361.1,Returned,2025-12-04 06:07:00
ORD108088,2026-07-24,CA,P1024,PG1462,KW11848,974.01,Cancelled,2026-07-24 07:23:00
ORD108089,2026-09-14,US,P1032,PG1008,KW10040,405.87,Completed,2026-09-14 16:28:00
ORD108090,2026-05-31,UK,P1037,PG1298,KW11350,424.63,Pending,2026-05-31 20:47:00
ORD108091,2025-10-30,BR,P1009,PG1414,KW11849,847.25,Pending,2025-10-30 00:24:00
ORD108092,2026-04-10,MX,P1005,PG1442,KW10929,731.88,Completed,2026-04-10 13:17:00
ORD108093,2026-04-27,CA,P1007,PG1013,KW11933,681.14,Completed,2026-04-27 17:36:00
ORD108094,2026-02-09,US,P1016,PG1324,KW10468,1441.57,Pending,2026-02-09 00:25:00
ORD108095,2026-03-03,MX,P1031,PG1386,KW10187,1198.69,Cancelled,2026-03-03 17:25:00
ORD108096,2026-06-13,US,P1022,PG1075,KW10004,1545.87,Returned,2026-06-13 15:16:00
ORD108097,2026-05-17,IN,P1046,PG1474,KW11846,674.67,Pending,2026-05-17 09:24:00
ORD108098,2026-05-16,FR,P1036,PG1443,KW11189,390.32,Completed,2026-05-16 17:21:00
ORD108099,2026-06-28,DE,P1018,PG1187,KW10664,285.93,Completed,2026-06-28 02:58:00
ORD108100,2026-09-05,IN,P1036,PG1072,KW11348,535.53,Completed,2026-09-05 13:31:00
ORD108101,2025-11-26,CA,P1012,PG1317,KW11230,889.55,Completed,2025-11-26 12:03:00
ORD108102,2025-11-26,MX,P1050,PG1279,KW11104,770.22,Completed,2025-11-26 20:36:00
ORD108103,2026-03-15,BR,P1010,PG1251,KW11047,503.49,Completed,2026-03-15 16:23:00
ORD108104,2026-08-05,IN,P1005,PG1365,KW10367,337.4,Cancelled,2026-08-05 15:40:00
ORD108105,2026-05-23,JP,P1031,PG1477,KW10028,907.69,Completed,2026-05-23 23:32:00
ORD108106,2026-08-23,FR,P1026,PG1371,KW11906,638.1,Completed,2026-08-23 22:45:00
ORD108107,2025-12-08,BR,P1024,PG1445,KW10904,2229.51,Returned,2025-12-08 15:28:00
ORD108108,2026-06-08,AU,P1048,PG1015,KW10781,1098.05,Completed,2026-06-08 06:23:00
ORD108109,2025-10-25,BR,P1038,PG1352,KW10530,453.32,Pending,2025-10-25 00:03:00
ORD108110,2026-04-01,AU,P1034,PG1383,KW11511,461.19,Completed,2026-04-01 05:36:00
ORD108111,2026-02-07,BR,P1007,PG1060,KW11848,432.76,Completed,2026-02-07 10:59:00
ORD108112,2025-12-26,UK,P1024,PG1069,KW11971,1937.31,Completed,2025-12-26 16:10:00
ORD108113,2026-02-20,AU,P1016,PG1051,KW10208,505.57,Cancelled,2026-02-20 23:53:00
ORD108114,2026-01-29,JP,P1002,PG1274,KW10616,907.94,Completed,2026-01-29 09:19:00
ORD108115,2026-01-14,IN,P1035,PG1292,KW10550,563.55,Pending,2026-01-14 10:53:00
ORD108116,2026-09-11,FR,P1024,PG1243,KW11043,489.02,Completed,2026-09-11 02:24:00
ORD108117,2026-03-18,FR,P1047,PG1172,KW11326,427.43,Completed,2026-03-18 15:27:00
ORD108118,2025-11-22,AU,P1015,PG1153,KW10367,586.27,Cancelled,2025-11-22 11:08:00
ORD108119,2026-09-28,DE,P1026,PG1140,KW11748,798.11,Pending,2026-09-28 20:42:00
ORD108120,2026-06-24,JP,P1005,PG1028,KW11781,939.77,Completed,2026-06-24 12:55:00
ORD108121,2026-06-06,CA,P1029,PG1060,KW11769,1390.64,Cancelled,2026-06-06 18:36:00
ORD108122,2026-08-31,IN,P1007,PG1187,KW11301,1089.06,Returned,2026-08-31 16:05:00
ORD108123,2026-01-29,AU,P1008,PG1323,KW11133,750.28,Completed,2026-01-29 13:12:00
ORD108124,2026-08-25,BR,P1024,PG1412,KW11070,1142.32,Cancelled,2026-08-25 00:07:00
ORD108125,2026-09-05,MX,P1036,PG1164,KW11072,1147.17,Completed,2026-09-05 18:02:00
ORD108126,2026-09-23,CA,P1017,PG1211,KW10967,1036.48,Returned,2026-09-23 06:59:00
ORD108127,2026-07-05,AU,P1049,PG1046,KW11355,1236.57,Cancelled,2026-07-05 21:50:00
ORD108128,2026-09-16,FR,P1014,PG1264,KW10778,1456.96,Completed,2026-09-16 13:10:00
ORD108129,2026-04-01,IN,P1004,PG1135,KW10748,964.12,Completed,2026-04-01 18:49:00
ORD108130,2026-07-10,JP,P1033,PG1027,KW11564,1518.38,Completed,2026-07-10 05:57:00
ORD108131,2026-06-28,US,P1040,PG1430,KW10118,1310.72,Returned,2026-06-28 05:59:00
ORD108132,2026-09-29,BR,P1007,PG1016,KW11146,214.46,Pending,2026-09-29 16:00:00
ORD108133,2025-12-17,MX,P1024,PG1284,KW10226,405.97,Cancelled,2025-12-17 22:40:00
ORD108134,2025-11-17,AU,P1009,PG1296,KW10353,754.55,Returned,2025-11-17 03:08:00
ORD108135,2025-11-02,JP,P1003,PG1432,KW10721,414.63,Completed,2025-11-02 13:54:00
ORD108136,2026-07-24,MX,P1034,PG1155,KW11868,734.99,Cancelled,2026-07-24 06:56:00
ORD108137,2026-01-01,IN,P1023,PG1036,KW10280,535.0,Completed,2026-01-01 02:48:00
ORD108138,2026-03-31,FR,P1016,PG1159,KW10577,856.78,Completed,2026-03-31 22:07:00
ORD108139,2026-03-12,CA,P1042,PG1068,KW11993,390.31,Completed,2026-03-12 15:13:00
ORD108140,2026-06-23,AU,P1035,PG1072,KW11498,956.82,Completed,2026-06-23 16:50:00
ORD108141,2026-08-30,AU,P1022,PG1123,KW11331,858.66,Completed,2026-08-30 01:42:00
ORD108142,2026-03-27,CA,P1010,PG1224,KW10447,1884.63,Returned,2026-03-27 14:18:00
ORD108143,2026-01-21,MX,P1027,PG1395,KW11964,2839.19,Completed,2026-01-21 01:23:00
ORD108144,2026-03-16,UK,P1007,PG1485,KW11119,687.4,Completed,2026-03-16 23:50:00
ORD108145,2026-02-11,JP,P1037,PG1199,KW11629,504.79,Completed,2026-02-11 04:49:00
ORD108146,2026-04-03,AU,P1016,PG1463,KW11547,332.2,Pending,2026-04-03 09:28:00
ORD108147,2025-10-26,IN,P1040,PG1278,KW11519,3111.55,Cancelled,2025-10-26 17:54:00
ORD108148,2025-10-01,IN,P1016,PG1384,KW11731,285.27,Completed,2025-10-01 23:17:00
ORD108149,2026-01-17,BR,P1048,PG1357,KW10337,2161.33,Completed,2026-01-17 07:35:00
ORD108150,2026-09-11,BR,P1025,PG1371,KW11035,1252.21,Pending,2026-09-11 09:19:00
ORD108151,2026-05-31,UK,P1035,PG1222,KW11036,1726.9,Pending,2026-05-31 13:45:00
ORD108152,2026-01-15,BR,P1022,PG1500,KW10837,519.22,Completed,2026-01-15 18:54:00
ORD108153,2026-09-12,JP,P1013,PG1196,KW11390,491.56,Completed,2026-09-12 12:48:00
ORD108154,2025-12-12,IN,P1030,PG1489,KW10050,544.94,Pending,2025-12-12 17:18:00
ORD108155,2025-12-08,DE,P1033,PG1344,KW10969,806.45,Completed,2025-12-08 15:25:00
ORD108156,2025-10-23,BR,P1015,PG1270,KW10070,2610.22,Cancelled,2025-10-23 14:16:00
ORD108157,2026-06-15,IN,P1047,PG1031,KW11348,824.75,Pending,2026-06-15 23:13:00
ORD108158,2026-05-03,DE,P1029,PG1103,KW11586,1689.64,Completed,2026-05-03 05:49:00
ORD108159,2025-10-02,AU,P1017,PG1047,KW11198,1382.39,Cancelled,2025-10-02 13:28:00
ORD108160,2025-11-01,US,P1013,PG1419,KW10119,961.54,Cancelled,2025-11-01 21:27:00
ORD108161,2025-11-26,UK,P1007,PG1104,KW10324,524.07,Completed,2025-11-26 19:08:00
ORD108162,2026-04-30,MX,P1023,PG1216,KW11263,544.22,Completed,2026-04-30 06:41:00
ORD108163,2025-10-27,BR,P1032,PG1101,KW11664,755.44,Completed,2025-10-27 03:06:00
ORD108164,2026-09-11,IN,P1044,PG1427,KW10855,1277.18,Cancelled,2026-09-11 07:15:00
ORD108165,2026-04-01,IN,P1011,PG1034,KW11766,1209.92,Completed,2026-04-01 19:55:00
ORD108166,2025-10-15,DE,P1027,PG1382,KW10838,476.22,Completed,2025-10-15 21:52:00
ORD108167,2026-03-31,AU,P1044,PG1194,KW10761,363.41,Pending,2026-03-31 11:57:00
ORD108168,2026-07-12,UK,P1037,PG1292,KW10995,455.81,Returned,2026-07-12 08:30:00
ORD108169,2026-08-21,FR,P1033,PG1131,KW11001,790.02,Cancelled,2026-08-21 15:40:00
ORD108170,2026-02-04,US,P1003,PG1156,KW10950,661.08,Completed,2026-02-04 10:28:00
ORD108171,2026-09-29,US,P1031,PG1379,KW10453,517.53,Returned,2026-09-29 02:10:00
ORD108172,2026-02-10,MX,P1011,PG1281,KW10897,1174.86,Completed,2026-02-10 14:27:00
ORD108173,2026-09-11,MX,P1024,PG1473,KW10071,610.35,Completed,2026-09-11 15:44:00
ORD108174,2025-12-19,BR,P1035,PG1114,KW11248,1526.94,Pending,2025-12-19 03:08:00
ORD108175,2026-09-08,CA,P1046,PG1006,KW11153,835.46,Completed,2026-09-08 20:44:00
ORD108176,2026-07-12,BR,P1026,PG1273,KW10969,886.25,Completed,2026-07-12 15:53:00
ORD108177,2026-02-22,AU,P1036,PG1429,KW10841,812.2,Cancelled,2026-02-22 04:30:00
ORD108178,2025-12-07,JP,P1029,PG1431,KW10136,924.31,Pending,2025-12-07 17:44:00
ORD108179,2026-09-24,UK,P1012,PG1169,KW11578,2564.66,Cancelled,2026-09-24 23:52:00
ORD108180,2026-06-17,IN,P1038,PG1034,KW10818,306.63,Cancelled,2026-06-17 21:16:00
ORD108181,2026-07-17,US,P1030,PG1111,KW10889,2959.26,Cancelled,2026-07-17 11:28:00
ORD108182,2026-09-01,BR,P1036,PG1185,KW10281,451.85,Completed,2026-09-01 00:50:00
ORD108183,2025-11-12,US,P1005,PG1500,KW10653,364.51,Completed,2025-11-12 07:07:00
ORD108184,2026-08-08,US,P1012,PG1460,KW10144,553.96,Completed,2026-08-08 09:30:00
ORD108185,2026-03-22,DE,P1029,PG1199,KW11728,1367.55,Returned,2026-03-22 03:51:00
ORD108186,2026-06-23,JP,P1009,PG1234,KW11920,540.96,Completed,2026-06-23 18:17:00
ORD108187,2026-01-11,UK,P1002,PG1368,KW10084,759.31,Returned,2026-01-11 04:23:00
ORD108188,2025-11-10,MX,P1018,PG1233,KW10888,1004.63,Completed,2025-11-10 06:08:00
ORD108189,2025-10-11,UK,P1007,PG1427,KW11864,295.69,Completed,2025-10-11 21:10:00
ORD108190,2026-04-15,JP,P1009,PG1373,KW10345,1180.16,Cancelled,2026-04-15 05:02:00
ORD108191,2026-07-05,MX,P1013,PG1053,KW11494,1829.76,Completed,2026-07-05 15:02:00
ORD108192,2026-06-23,FR,P1039,PG1468,KW10041,333.75,Pending,2026-06-23 02:08:00
ORD108193,2026-07-05,FR,P1001,PG1299,KW10865,2744.8,Completed,2026-07-05 11:20:00
ORD108194,2026-08-06,AU,P1009,PG1413,KW10967,377.41,Pending,2026-08-06 04:02:00
ORD108195,2026-06-26,FR,P1044,PG1488,KW11172,944.47,Completed,2026-06-26 21:10:00
ORD108196,2026-02-09,FR,P1004,PG1013,KW10390,740.33,Completed,2026-02-09 10:37:00
ORD108197,2026-02-12,CA,P1009,PG1217,KW11475,760.39,Cancelled,2026-02-12 10:18:00
ORD108198,2026-04-11,JP,P1016,PG1461,KW11435,683.11,Returned,2026-04-11 16:51:00
ORD108199,2025-11-19,UK,P1012,PG1238,KW10681,605.24,Completed,2025-11-19 18:12:00
ORD108200,2026-03-05,JP,P1048,PG1327,KW10635,238.9,Cancelled,2026-03-05 19:56:00
ORD108201,2026-03-19,BR,P1043,PG1337,KW11829,668.08,Cancelled,2026-03-19 15:42:00
ORD108202,2026-07-12,JP,P1005,PG1373,KW10335,1305.05,Completed,2026-07-12 19:02:00
ORD108203,2026-03-30,CA,P1017,PG1365,KW10509,259.19,Pending,2026-03-30 06:35:00
ORD108204,2026-03-19,FR,P1044,PG1318,KW11989,1639.74,Pending,2026-03-19 13:12:00
ORD108205,2026-08-12,CA,P1038,PG1124,KW11811,598.04,Completed,2026-08-12 18:44:00
ORD108206,2026-02-13,BR,P1024,PG1038,KW11076,1204.47,Completed,2026-02-13 09:17:00
ORD108207,2026-06-17,DE,P1009,PG1337,KW11492,1410.29,Returned,2026-06-17 13:56:00
ORD108208,2026-01-01,DE,P1020,PG1495,KW10756,643.72,Completed,2026-01-01 19:55:00
ORD108209,2026-04-27,DE,P1003,PG1399,KW10866,850.75,Returned,2026-04-27 00:33:00
ORD108210,2026-06-30,AU,P1042,PG1047,KW11595,2014.79,Cancelled,2026-06-30 17:09:00
ORD108211,2026-01-31,FR,P1039,PG1392,KW10069,752.66,Pending,2026-01-31 19:46:00
ORD108212,2026-01-07,JP,P1041,PG1174,KW10937,653.32,Pending,2026-01-07 11:46:00
ORD108213,2026-08-20,JP,P1008,PG1395,KW11815,1232.67,Cancelled,2026-08-20 08:51:00
ORD108214,2026-09-18,IN,P1015,PG1339,KW10059,480.63,Cancelled,2026-09-18 17:19:00
ORD108215,2026-07-23,CA,P1002,PG1472,KW10146,599.51,Returned,2026-07-23 13:41:00
ORD108216,2026-02-26,CA,P1018,PG1114,KW11727,3015.88,Completed,2026-02-26 17:02:00
ORD108217,2026-07-11,MX,P1042,PG1471,KW11030,504.25,Completed,2026-07-11 09:36:00
ORD108218,2026-06-25,JP,P1017,PG1365,KW10900,431.71,Completed,2026-06-25 04:09:00
ORD108219,2026-07-05,AU,P1015,PG1025,KW11445,1390.64,Pending,2026-07-05 10:43:00
ORD108220,2026-06-04,AU,P1013,PG1244,KW11195,1808.29,Completed,2026-06-04 23:31:00
ORD108221,2026-04-18,AU,P1024,PG1496,KW10483,959.63,Cancelled,2026-04-18 00:01:00
ORD108222,2026-08-21,BR,P1012,PG1301,KW10465,512.82,Completed,2026-08-21 12:22:00
ORD108223,2025-11-16,DE,P1008,PG1132,KW11021,2045.94,Completed,2025-11-16 15:02:00
ORD108224,2026-01-28,IN,P1022,PG1020,KW10259,1332.99,Completed,2026-01-28 18:59:00
ORD108225,2026-06-01,CA,P1032,PG1190,KW10392,642.87,Completed,2026-06-01 17:02:00
ORD108226,2025-12-14,UK,P1025,PG1027,KW10531,8980.44,Completed,2025-12-14 05:21:00
ORD108227,2026-05-12,BR,P1032,PG1478,KW10833,489.6,Returned,2026-05-12 13:06:00
ORD108228,2025-12-29,UK,P1036,PG1150,KW11086,1349.58,Cancelled,2025-12-29 22:36:00
ORD108229,2025-11-20,US,P1008,PG1389,KW10333,1064.63,Returned,2025-11-20 11:55:00
ORD108230,2026-01-03,JP,P1022,PG1244,KW11973,823.51,Pending,2026-01-03 07:23:00
ORD108231,2026-05-28,JP,P1047,PG1448,KW11476,392.64,Cancelled,2026-05-28 02:23:00
ORD108232,2025-10-23,IN,P1009,PG1283,KW10998,479.98,Completed,2025-10-23 19:59:00
ORD108233,2026-02-23,FR,P1011,PG1292,KW11092,1828.39,Completed,2026-02-23 05:17:00
ORD108234,2025-12-09,BR,P1040,PG1371,KW11010,1245.24,Completed,2025-12-09 07:35:00
ORD108235,2026-01-15,US,P1025,PG1384,KW10503,466.34,Pending,2026-01-15 10:36:00
ORD108236,2025-10-28,UK,P1016,PG1389,KW11682,834.97,Completed,2025-10-28 19:38:00
ORD108237,2025-12-22,US,P1032,PG1389,KW10838,333.33,Cancelled,2025-12-22 12:22:00
ORD108238,2026-08-19,JP,P1031,PG1276,KW10481,542.08,Completed,2026-08-19 09:37:00
ORD108239,2026-09-10,US,P1014,PG1225,KW10337,1688.59,Completed,2026-09-10 14:49:00
ORD108240,2026-01-05,JP,P1024,PG1203,KW11783,1050.38,Completed,2026-01-05 06:17:00
ORD108241,2025-10-29,AU,P1018,PG1002,KW10105,1095.37,Completed,2025-10-29 18:10:00
ORD108242,2026-08-08,MX,P1034,PG1384,KW11829,703.69,Pending,2026-08-08 15:30:00
ORD108243,2026-02-24,BR,P1025,PG1172,KW10809,1374.11,Completed,2026-02-24 15:21:00
ORD108244,2026-02-10,US,P1035,PG1408,KW10216,1720.18,Completed,2026-02-10 01:51:00
ORD108245,2026-04-23,JP,P1045,PG1044,KW11765,1412.53,Cancelled,2026-04-23 16:25:00
ORD108246,2026-07-09,FR,P1035,PG1191,KW10451,796.91,Cancelled,2026-07-09 23:38:00
ORD108247,2025-10-23,US,P1044,PG1368,KW10213,695.61,Completed,2025-10-23 17:17:00
ORD108248,2026-07-30,DE,P1039,PG1497,KW10599,470.77,Completed,2026-07-30 13:28:00
ORD108249,2026-06-29,AU,P1012,PG1235,KW11657,791.47,Completed,2026-06-29 15:30:00
ORD108250,2026-08-16,US,P1008,PG1406,KW11089,1014.79,Cancelled,2026-08-16 06:52:00
ORD108251,2026-06-11,US,P1022,PG1342,KW11373,1165.84,Cancelled,2026-06-11 07:51:00
ORD108252,2025-12-12,AU,P1028,PG1003,KW10658,1627.69,Returned,2025-12-12 18:40:00
ORD108253,2025-12-21,UK,P1047,PG1101,KW10647,1280.14,Cancelled,2025-12-21 09:20:00
ORD108254,2026-02-05,CA,P1008,PG1345,KW10545,789.17,Completed,2026-02-05 09:15:00
ORD108255,2026-03-11,CA,P1028,PG1050,KW10107,1353.24,Pending,2026-03-11 11:09:00
ORD108256,2025-10-11,AU,P1045,PG1022,KW10932,867.71,Returned,2025-10-11 05:25:00
ORD108257,2025-12-25,AU,P1048,PG1418,KW11984,1375.74,Pending,2025-12-25 02:04:00
ORD108258,2026-07-23,DE,P1017,PG1359,KW11570,1220.62,Completed,2026-07-23 15:29:00
ORD108259,2026-02-13,DE,P1027,PG1236,KW11485,653.86,Cancelled,2026-02-13 08:31:00
ORD108260,2026-03-19,AU,P1049,PG1415,KW10900,777.44,Returned,2026-03-19 12:10:00
ORD108261,2026-02-17,IN,P1005,PG1004,KW11825,687.32,Completed,2026-02-17 23:47:00
ORD108262,2026-01-18,FR,P1025,PG1452,KW11433,844.36,Completed,2026-01-18 22:21:00
ORD108263,2026-08-17,BR,P1002,PG1273,KW10664,870.01,Completed,2026-08-17 09:27:00
ORD108264,2026-06-13,IN,P1013,PG1030,KW10178,819.25,Pending,2026-06-13 15:24:00
ORD108265,2025-11-20,JP,P1028,PG1042,KW10102,3370.28,Returned,2025-11-20 19:41:00
ORD108266,2026-06-30,FR,P1048,PG1145,KW11905,609.98,Completed,2026-06-30 07:55:00
ORD108267,2026-01-09,UK,P1003,PG1354,KW11794,476.4,Completed,2026-01-09 19:37:00
ORD108268,2026-02-28,IN,P1043,PG1090,KW10708,1080.45,Completed,2026-02-28 19:54:00
ORD108269,2025-10-21,US,P1041,PG1263,KW10197,1046.55,Cancelled,2025-10-21 00:10:00
ORD108270,2026-07-04,UK,P1007,PG1292,KW11522,674.06,Pending,2026-07-04 21:20:00
ORD108271,2026-01-08,US,P1040,PG1327,KW10998,1973.39,Cancelled,2026-01-08 01:27:00
ORD108272,2026-08-19,IN,P1010,PG1028,KW11353,1169.32,Cancelled,2026-08-19 05:46:00
ORD108273,2025-11-17,BR,P1014,PG1412,KW10522,329.08,Completed,2025-11-17 19:04:00
ORD108274,2026-04-12,FR,P1028,PG1157,KW11904,704.01,Completed,2026-04-12 00:49:00
ORD108275,2026-02-28,CA,P1046,PG1200,KW11105,969.4,Completed,2026-02-28 22:59:00
ORD108276,2026-06-19,DE,P1041,PG1466,KW11545,633.04,Cancelled,2026-06-19 07:38:00
ORD108277,2026-09-07,FR,P1011,PG1236,KW10479,3123.17,Pending,2026-09-07 10:16:00
ORD108278,2026-02-28,AU,P1034,PG1465,KW11057,443.05,Completed,2026-02-28 02:25:00
ORD108279,2026-01-09,US,P1018,PG1126,KW11935,798.93,Pending,2026-01-09 01:53:00
ORD108280,2026-07-12,CA,P1049,PG1062,KW10026,1074.61,Completed,2026-07-12 14:20:00
ORD108281,2026-06-17,DE,P1045,PG1450,KW11034,1435.25,Completed,2026-06-17 14:10:00
ORD108282,2026-02-10,BR,P1009,PG1424,KW11114,1456.86,Returned,2026-02-10 07:30:00
ORD108283,2026-04-01,IN,P1007,PG1085,KW11695,254.98,Pending,2026-04-01 23:04:00
ORD108284,2025-10-22,JP,P1004,PG1294,KW10437,1097.42,Returned,2025-10-22 22:46:00
ORD108285,2025-12-15,FR,P1043,PG1455,KW11876,1148.79,Completed,2025-12-15 22:47:00
ORD108286,2026-02-13,AU,P1008,PG1159,KW10738,840.19,Completed,2026-02-13 05:26:00
ORD108287,2026-06-16,BR,P1011,PG1399,KW11540,1248.28,Completed,2026-06-16 09:59:00
ORD108288,2026-07-09,MX,P1022,PG1413,KW10395,733.78,Cancelled,2026-07-09 17:25:00
ORD108289,2026-04-23,US,P1028,PG1374,KW11386,1712.56,Completed,2026-04-23 22:06:00
ORD108290,2025-11-22,US,P1038,PG1186,KW10675,1056.87,Pending,2025-11-22 14:25:00
ORD108291,2026-04-17,MX,P1016,PG1444,KW11753,448.09,Completed,2026-04-17 11:33:00
ORD108292,2026-01-17,US,P1004,PG1103,KW10023,2145.39,Completed,2026-01-17 15:33:00
ORD108293,2026-01-29,BR,P1027,PG1131,KW10148,436.85,Completed,2026-01-29 20:32:00
ORD108294,2025-11-04,DE,P1010,PG1032,KW10763,1928.78,Completed,2025-11-04 03:02:00
ORD108295,2025-12-14,IN,P1002,PG1253,KW11048,1041.06,Completed,2025-12-14 11:42:00
ORD108296,2026-07-22,BR,P1005,PG1255,KW10550,698.81,Cancelled,2026-07-22 02:41:00
ORD108297,2026-01-18,AU,P1015,PG1173,KW10524,546.48,Returned,2026-01-18 21:29:00
ORD108298,2025-10-06,FR,P1012,PG1253,KW11279,515.42,Returned,2025-10-06 13:12:00
ORD108299,2026-07-25,BR,P1032,PG1187,KW11209,931.81,Completed,2026-07-25 07:29:00
ORD108300,2026-03-04,US,P1023,PG1392,KW11827,722.79,Cancelled,2026-03-04 17:29:00
ORD108301,2025-10-30,MX,P1006,PG1365,KW10888,2981.72,Completed,2025-10-30 05:07:00
ORD108302,2026-01-18,DE,P1046,PG1341,KW11647,333.3,Pending,2026-01-18 21:27:00
ORD108303,2026-03-03,IN,P1013,PG1283,KW11329,791.92,Completed,2026-03-03 20:03:00
ORD108304,2026-05-18,US,P1037,PG1378,KW11670,293.14,Cancelled,2026-05-18 09:36:00
ORD108305,2026-01-09,IN,P1004,PG1104,KW10356,709.69,Completed,2026-01-09 06:29:00
ORD108306,2026-07-29,AU,P1033,PG1095,KW10717,561.59,Cancelled,2026-07-29 15:35:00
ORD108307,2026-03-29,DE,P1031,PG1146,KW11868,853.2,Completed,2026-03-29 06:55:00
ORD108308,2026-03-01,CA,P1049,PG1012,KW11577,1448.89,Cancelled,2026-03-01 21:43:00
ORD108309,2026-05-14,DE,P1001,PG1411,KW10667,1863.93,Returned,2026-05-14 00:21:00
ORD108310,2026-07-16,JP,P1034,PG1151,KW10263,470.98,Completed,2026-07-16 20:47:00
ORD108311,2025-10-25,MX,P1046,PG1243,KW10763,3333.7,Cancelled,2025-10-25 04:18:00
ORD108312,2026-03-13,FR,P1041,PG1302,KW11943,829.52,Completed,2026-03-13 01:50:00
ORD108313,2026-03-04,MX,P1037,PG1316,KW10209,1072.26,Completed,2026-03-04 11:55:00
ORD108314,2026-09-08,MX,P1045,PG1227,KW10345,1463.45,Cancelled,2026-09-08 16:06:00
ORD108315,2026-04-22,AU,P1018,PG1348,KW11739,1308.97,Completed,2026-04-22 03:19:00
ORD108316,2025-11-02,IN,P1034,PG1346,KW11001,1050.65,Pending,2025-11-02 04:00:00
ORD108317,2025-11-28,FR,P1005,PG1250,KW11814,586.96,Cancelled,2025-11-28 15:53:00
ORD108318,2025-12-16,CA,P1011,PG1100,KW10181,974.51,Completed,2025-12-16 07:35:00
ORD108319,2026-09-26,BR,P1006,PG1273,KW11263,2528.63,Completed,2026-09-26 09:17:00
ORD108320,2025-12-01,MX,P1010,PG1433,KW10111,1007.13,Returned,2025-12-01 02:51:00
ORD108321,2026-07-31,US,P1030,PG1026,KW10449,1909.02,Completed,2026-07-31 20:04:00
ORD108322,2026-04-16,JP,P1039,PG1332,KW11824,642.86,Completed,2026-04-16 09:12:00
ORD108323,2025-11-16,AU,P1022,PG1080,KW11539,1302.12,Completed,2025-11-16 21:39:00
ORD108324,2025-11-13,FR,P1037,PG1494,KW10251,481.08,Cancelled,2025-11-13 22:41:00
ORD108325,2025-11-16,MX,P1050,PG1255,KW11201,285.43,Cancelled,2025-11-16 21:13:00
ORD108326,2026-03-22,BR,P1042,PG1497,KW11192,702.06,Completed,2026-03-22 10:15:00
ORD108327,2026-04-12,JP,P1045,PG1140,KW11344,895.54,Returned,2026-04-12 21:00:00
ORD108328,2026-02-09,US,P1008,PG1346,KW10317,751.67,Pending,2026-02-09 13:36:00
ORD108329,2026-08-07,CA,P1008,PG1499,KW11912,461.04,Completed,2026-08-07 17:14:00
ORD108330,2026-05-14,BR,P1046,PG1080,KW10676,345.21,Completed,2026-05-14 06:56:00
ORD108331,2026-04-25,UK,P1029,PG1122,KW10251,1260.86,Completed,2026-04-25 07:15:00
ORD108332,2026-09-23,IN,P1038,PG1226,KW10145,565.02,Pending,2026-09-23 00:38:00
ORD108333,2025-12-14,JP,P1009,PG1112,KW11629,277.6,Cancelled,2025-12-14 05:49:00
ORD108334,2026-05-09,IN,P1017,PG1024,KW10364,1144.33,Completed,2026-05-09 15:09:00
ORD108335,2025-12-01,JP,P1028,PG1400,KW11987,508.89,Completed,2025-12-01 22:02:00
ORD108336,2025-12-17,DE,P1023,PG1378,KW10740,595.92,Completed,2025-12-17 22:29:00
ORD108337,2026-07-10,BR,P1011,PG1125,KW11307,1201.82,Completed,2026-07-10 02:09:00
ORD108338,2026-08-26,JP,P1013,PG1148,KW10510,646.74,Completed,2026-08-26 14:17:00
ORD108339,2026-02-03,MX,P1018,PG1178,KW10300,307.09,Cancelled,2026-02-03 12:21:00
ORD108340,2026-09-14,US,P1001,PG1192,KW11465,1337.34,Completed,2026-09-14 09:52:00
ORD108341,2026-08-04,BR,P1021,PG1234,KW11094,897.06,Completed,2026-08-04 13:37:00
ORD108342,2025-11-12,AU,P1032,PG1397,KW11691,1097.32,Completed,2025-11-12 14:46:00
ORD108343,2026-02-05,JP,P1007,PG1400,KW11469,574.68,Completed,2026-02-05 04:00:00
ORD108344,2026-08-23,US,P1036,PG1500,KW11856,441.08,Pending,2026-08-23 14:29:00
ORD108345,2026-08-08,MX,P1031,PG1171,KW10452,618.94,Completed,2026-08-08 16:44:00
ORD108346,2026-04-07,US,P1019,PG1432,KW11593,1085.07,Completed,2026-04-07 10:26:00
ORD108347,2026-01-10,UK,P1026,PG1059,KW11118,448.23,Returned,2026-01-10 10:03:00
ORD108348,2025-10-12,US,P1041,PG1104,KW11406,217.67,Cancelled,2025-10-12 16:50:00
ORD108349,2026-01-24,CA,P1004,PG1278,KW10678,1294.46,Returned,2026-01-24 19:46:00
ORD108350,2026-02-16,US,P1026,PG1220,KW11619,1906.98,Completed,2026-02-16 15:59:00
ORD108351,2026-04-24,US,P1031,PG1159,KW10542,1603.03,Completed,2026-04-24 11:56:00
ORD108352,2025-11-17,US,P1038,PG1214,KW11090,1128.17,Pending,2025-11-17 18:49:00
ORD108353,2025-10-25,FR,P1040,PG1162,KW10352,2409.22,Completed,2025-10-25 06:23:00
ORD108354,2026-08-17,BR,P1035,PG1290,KW11421,588.68,Cancelled,2026-08-17 18:58:00
ORD108355,2026-09-25,UK,P1013,PG1457,KW10584,545.01,Pending,2026-09-25 14:10:00
ORD108356,2025-12-26,IN,P1014,PG1459,KW10031,1271.76,Pending,2025-12-26 10:46:00
ORD108357,2026-08-15,CA,P1004,PG1313,KW10861,1415.1,Completed,2026-08-15 23:59:00
ORD108358,2026-06-14,MX,P1017,PG1491,KW10901,967.89,Cancelled,2026-06-14 21:25:00
ORD108359,2026-05-02,MX,P1050,PG1406,KW10941,355.42,Completed,2026-05-02 12:09:00
ORD108360,2025-10-03,UK,P1006,PG1031,KW11204,611.39,Cancelled,2025-10-03 10:45:00
ORD108361,2026-09-25,FR,P1024,PG1014,KW11419,1140.75,Completed,2026-09-25 03:30:00
ORD108362,2026-05-17,FR,P1038,PG1164,KW10203,498.86,Completed,2026-05-17 12:29:00
ORD108363,2026-04-03,IN,P1006,PG1002,KW11617,1046.97,Pending,2026-04-03 06:05:00
ORD108364,2026-02-02,JP,P1046,PG1092,KW11424,890.43,Completed,2026-02-02 16:53:00
ORD108365,2026-03-04,AU,P1047,PG1319,KW11891,2322.4,Cancelled,2026-03-04 09:21:00
ORD108366,2025-12-27,FR,P1022,PG1226,KW10698,851.71,Completed,2025-12-27 00:28:00
ORD108367,2026-06-04,FR,P1045,PG1340,KW10318,1688.64,Completed,2026-06-04 23:38:00
ORD108368,2026-03-11,BR,P1018,PG1439,KW10889,638.38,Returned,2026-03-11 19:32:00
ORD108369,2026-08-26,JP,P1023,PG1077,KW10886,879.34,Cancelled,2026-08-26 13:06:00
ORD108370,2026-08-19,CA,P1045,PG1003,KW11074,1852.32,Completed,2026-08-19 07:19:00
ORD108371,2026-01-25,AU,P1045,PG1113,KW10081,1446.73,Completed,2026-01-25 02:40:00
ORD108372,2025-10-20,IN,P1050,PG1322,KW10356,1558.03,Completed,2025-10-20 12:25:00
ORD108373,2026-09-26,JP,P1007,PG1406,KW11844,1787.97,Completed,2026-09-26 18:16:00
ORD108374,2026-06-23,AU,P1015,PG1304,KW10684,1858.58,Pending,2026-06-23 07:02:00
ORD108375,2026-09-10,UK,P1012,PG1162,KW10847,937.16,Completed,2026-09-10 19:30:00
ORD108376,2026-01-14,BR,P1013,PG1056,KW10639,661.82,Cancelled,2026-01-14 15:02:00
ORD108377,2026-04-20,AU,P1010,PG1231,KW10905,1378.95,Completed,2026-04-20 05:35:00
ORD108378,2026-06-24,MX,P1047,PG1324,KW10167,865.32,Pending,2026-06-24 21:13:00
ORD108379,2026-04-01,FR,P1034,PG1263,KW10221,559.92,Cancelled,2026-04-01 13:00:00
ORD108380,2026-07-18,AU,P1038,PG1463,KW11381,1478.81,Completed,2026-07-18 12:43:00
ORD108381,2025-11-23,MX,P1020,PG1195,KW11142,1233.11,Completed,2025-11-23 01:45:00
ORD108382,2025-12-29,FR,P1039,PG1111,KW10618,626.64,Completed,2025-12-29 16:44:00
ORD108383,2026-05-26,BR,P1038,PG1318,KW11759,1135.55,Returned,2026-05-26 23:00:00
ORD108384,2026-03-07,MX,P1050,PG1439,KW11506,927.7,Pending,2026-03-07 13:53:00
ORD108385,2026-07-05,IN,P1029,PG1339,KW10298,471.17,Pending,2026-07-05 10:03:00
ORD108386,2025-12-02,IN,P1003,PG1039,KW11516,423.63,Completed,2025-12-02 09:05:00
ORD108387,2026-01-13,IN,P1021,PG1183,KW11420,2537.98,Cancelled,2026-01-13 21:46:00
ORD108388,2026-06-02,UK,P1042,PG1042,KW10555,1657.05,Pending,2026-06-02 09:06:00
ORD108389,2026-07-16,UK,P1005,PG1192,KW10291,736.95,Returned,2026-07-16 12:24:00
ORD108390,2025-12-14,US,P1001,PG1010,KW11704,1194.07,Completed,2025-12-14 03:19:00
ORD108391,2026-06-12,BR,P1017,PG1498,KW10423,174.62,Completed,2026-06-12 18:59:00
ORD108392,2026-05-08,CA,P1002,PG1482,KW11687,507.85,Completed,2026-05-08 09:25:00
ORD108393,2026-08-25,CA,P1049,PG1346,KW11514,686.42,Completed,2026-08-25 05:00:00
ORD108394,2026-05-25,DE,P1006,PG1089,KW11122,913.83,Completed,2026-05-25 08:38:00
ORD108395,2026-02-17,DE,P1014,PG1324,KW10291,603.21,Cancelled,2026-02-17 10:25:00
ORD108396,2026-04-01,DE,P1008,PG1182,KW10919,1559.2,Cancelled,2026-04-01 13:36:00
ORD108397,2026-06-20,JP,P1019,PG1410,KW11018,1074.22,Completed,2026-06-20 07:40:00
ORD108398,2025-12-28,AU,P1004,PG1073,KW11111,2716.42,Completed,2025-12-28 23:08:00
ORD108399,2026-03-24,IN,P1033,PG1094,KW10052,846.35,Completed,2026-03-24 04:33:00
ORD108400,2026-03-07,BR,P1020,PG1141,KW11142,557.52,Completed,2026-03-07 16:03:00
ORD108401,2026-05-30,JP,P1033,PG1463,KW10647,1072.43,Completed,2026-05-30 11:13:00
ORD108402,2025-10-24,JP,P1042,PG1463,KW10247,812.25,Completed,2025-10-24 17:03:00
ORD108403,2026-01-22,DE,P1038,PG1378,KW10579,427.5,Returned,2026-01-22 03:45:00
ORD108404,2025-10-29,JP,P1009,PG1165,KW11231,1497.71,Cancelled,2025-10-29 04:53:00
ORD108405,2026-06-03,IN,P1029,PG1010,KW11564,495.97,Completed,2026-06-03 16:14:00
ORD108406,2026-03-02,UK,P1037,PG1158,KW11278,642.72,Pending,2026-03-02 17:51:00
ORD108407,2026-07-02,MX,P1038,PG1301,KW10097,1054.42,Returned,2026-07-02 10:10:00
ORD108408,2026-01-20,JP,P1042,PG1387,KW10729,1015.89,Completed,2026-01-20 20:13:00
ORD108409,2026-08-17,UK,P1014,PG1497,KW10049,829.25,Pending,2026-08-17 10:59:00
ORD108410,2026-06-18,JP,P1005,PG1361,KW11967,706.3,Completed,2026-06-18 13:20:00
ORD108411,2026-07-09,IN,P1028,PG1395,KW10986,576.9,Pending,2026-07-09 12:54:00
ORD108412,2025-11-22,AU,P1047,PG1441,KW11990,938.27,Pending,2025-11-22 03:26:00
ORD108413,2026-08-05,FR,P1033,PG1474,KW10648,541.73,Returned,2026-08-05 13:29:00
ORD108414,2026-07-04,UK,P1001,PG1229,KW11572,2177.64,Completed,2026-07-04 06:52:00
ORD108415,2026-08-03,CA,P1042,PG1203,KW10932,305.23,Completed,2026-08-03 23:49:00
ORD108416,2026-07-12,DE,P1037,PG1421,KW11919,1889.21,Cancelled,2026-07-12 00:11:00
ORD108417,2026-04-19,IN,P1024,PG1480,KW11868,1292.03,Pending,2026-04-19 04:10:00
ORD108418,2026-04-24,IN,P1004,PG1272,KW10945,337.98,Cancelled,2026-04-24 06:14:00
ORD108419,2026-09-13,UK,P1016,PG1180,KW10367,448.91,Returned,2026-09-13 15:26:00
ORD108420,2025-12-23,JP,P1044,PG1129,KW10032,819.78,Completed,2025-12-23 10:55:00
ORD108421,2025-11-05,BR,P1013,PG1351,KW11313,1290.33,Completed,2025-11-05 23:30:00
ORD108422,2026-07-07,US,P1004,PG1453,KW11009,1404.86,Returned,2026-07-07 14:36:00
ORD108423,2026-03-02,DE,P1050,PG1120,KW10888,678.93,Completed,2026-03-02 20:45:00
ORD108424,2025-12-30,UK,P1007,PG1476,KW10576,1144.24,Pending,2025-12-30 16:35:00
ORD108425,2026-09-05,UK,P1022,PG1295,KW11109,424.37,Returned,2026-09-05 07:04:00
ORD108426,2026-04-03,FR,P1030,PG1211,KW10561,1211.59,Completed,2026-04-03 20:45:00
ORD108427,2026-09-17,US,P1029,PG1330,KW11264,1836.08,Pending,2026-09-17 10:09:00
ORD108428,2026-05-29,DE,P1040,PG1350,KW11296,954.02,Pending,2026-05-29 16:22:00
ORD108429,2025-11-02,BR,P1048,PG1221,KW11546,1457.13,Completed,2025-11-02 06:08:00
ORD108430,2026-06-02,AU,P1009,PG1205,KW10859,303.47,Pending,2026-06-02 02:57:00
ORD108431,2026-07-30,CA,P1049,PG1465,KW11414,323.35,Returned,2026-07-30 07:09:00
ORD108432,2025-12-29,JP,P1040,PG1478,KW10305,784.69,Completed,2025-12-29 23:12:00
ORD108433,2026-03-13,MX,P1041,PG1292,KW11833,2015.33,Cancelled,2026-03-13 23:24:00
ORD108434,2026-02-05,MX,P1018,PG1367,KW10890,944.87,Completed,2026-02-05 21:06:00
ORD108435,2026-02-16,FR,P1046,PG1022,KW11111,1373.27,Cancelled,2026-02-16 18:43:00
ORD108436,2026-08-28,IN,P1019,PG1319,KW11945,2775.94,Completed,2026-08-28 08:00:00
ORD108437,2026-06-05,IN,P1019,PG1118,KW11277,270.71,Cancelled,2026-06-05 13:30:00
ORD108438,2026-05-26,AU,P1035,PG1174,KW11789,386.73,Completed,2026-05-26 15:53:00
ORD108439,2026-02-27,AU,P1036,PG1273,KW10930,1177.89,Cancelled,2026-02-27 07:38:00
ORD108440,2026-05-07,FR,P1028,PG1193,KW10813,523.89,Cancelled,2026-05-07 13:37:00
ORD108441,2026-07-06,FR,P1027,PG1133,KW10047,1120.01,Returned,2026-07-06 02:48:00
ORD108442,2026-09-14,FR,P1036,PG1461,KW10866,930.32,Pending,2026-09-14 19:30:00
ORD108443,2026-09-26,IN,P1027,PG1097,KW10665,216.44,Completed,2026-09-26 02:23:00
ORD108444,2025-10-19,US,P1001,PG1063,KW10155,713.66,Completed,2025-10-19 23:36:00
ORD108445,2026-01-20,CA,P1041,PG1471,KW11079,1346.12,Returned,2026-01-20 18:25:00
ORD108446,2026-06-10,UK,P1011,PG1336,KW10548,363.65,Completed,2026-06-10 14:11:00
ORD108447,2026-05-07,DE,P1011,PG1305,KW11791,961.06,Completed,2026-05-07 18:11:00
ORD108448,2026-02-12,JP,P1008,PG1353,KW11790,1757.99,Completed,2026-02-12 17:55:00
ORD108449,2026-05-03,MX,P1031,PG1234,KW10240,486.38,Completed,2026-05-03 16:37:00
ORD108450,2026-07-01,US,P1047,PG1452,KW11245,524.99,Pending,2026-07-01 20:40:00
ORD108451,2026-06-30,AU,P1045,PG1338,KW10947,566.29,Completed,2026-06-30 00:57:00
ORD108452,2026-03-31,AU,P1024,PG1077,KW11953,465.03,Returned,2026-03-31 19:56:00
ORD108453,2025-11-07,AU,P1045,PG1033,KW11462,553.21,Cancelled,2025-11-07 11:45:00
ORD108454,2026-05-04,AU,P1032,PG1170,KW11383,456.26,Returned,2026-05-04 12:00:00
ORD108455,2026-01-14,MX,P1034,PG1376,KW10601,2054.45,Completed,2026-01-14 08:34:00
ORD108456,2025-11-15,JP,P1023,PG1086,KW11212,191.58,Returned,2025-11-15 13:41:00
ORD108457,2025-11-17,MX,P1006,PG1358,KW10483,800.3,Completed,2025-11-17 22:25:00
ORD108458,2026-02-25,US,P1010,PG1235,KW10421,2727.09,Completed,2026-02-25 10:17:00
ORD108459,2025-10-19,IN,P1014,PG1143,KW11941,918.72,Completed,2025-10-19 20:29:00
ORD108460,2026-07-23,IN,P1018,PG1141,KW10136,485.72,Completed,2026-07-23 17:19:00
ORD108461,2026-05-26,AU,P1033,PG1375,KW10525,952.93,Completed,2026-05-26 18:30:00
ORD108462,2026-03-25,IN,P1028,PG1074,KW11295,1008.86,Completed,2026-03-25 05:55:00
ORD108463,2026-04-21,FR,P1041,PG1226,KW11249,526.6,Completed,2026-04-21 14:17:00
ORD108464,2025-12-20,IN,P1007,PG1226,KW10876,463.87,Completed,2025-12-20 16:58:00
ORD108465,2026-01-01,MX,P1036,PG1043,KW10549,531.59,Cancelled,2026-01-01 06:21:00
ORD108466,2026-03-14,FR,P1040,PG1165,KW10917,605.85,Completed,2026-03-14 08:55:00
ORD108467,2026-03-19,DE,P1041,PG1474,KW11360,1193.56,Cancelled,2026-03-19 13:40:00
ORD108468,2026-02-22,MX,P1013,PG1351,KW10614,988.84,Completed,2026-02-22 04:50:00
ORD108469,2026-02-07,BR,P1021,PG1033,KW10184,791.2,Completed,2026-02-07 05:59:00
ORD108470,2026-05-23,CA,P1021,PG1471,KW11967,907.66,Returned,2026-05-23 08:43:00
ORD108471,2026-02-03,FR,P1020,PG1329,KW11962,2879.63,Completed,2026-02-03 18:34:00
ORD108472,2026-05-13,FR,P1043,PG1481,KW10295,433.58,Completed,2026-05-13 13:09:00
ORD108473,2025-10-09,IN,P1014,PG1499,KW10927,460.5,Completed,2025-10-09 10:34:00
ORD108474,2026-04-30,US,P1042,PG1047,KW11865,584.31,Pending,2026-04-30 18:16:00
ORD108475,2026-08-01,FR,P1017,PG1106,KW11437,2249.11,Pending,2026-08-01 15:01:00
ORD108476,2026-09-15,IN,P1043,PG1085,KW10402,538.21,Cancelled,2026-09-15 09:51:00
ORD108477,2026-07-31,FR,P1016,PG1009,KW11734,138.15,Returned,2026-07-31 07:19:00
ORD108478,2025-10-22,UK,P1040,PG1269,KW11153,711.92,Returned,2025-10-22 17:34:00
ORD108479,2026-02-25,JP,P1001,PG1312,KW11958,1005.26,Completed,2026-02-25 20:54:00
ORD108480,2026-07-10,BR,P1050,PG1405,KW10594,971.68,Pending,2026-07-10 17:36:00
ORD108481,2026-05-25,CA,P1018,PG1118,KW11135,636.57,Pending,2026-05-25 13:43:00
ORD108482,2026-05-16,CA,P1028,PG1468,KW10014,1433.73,Completed,2026-05-16 02:14:00
ORD108483,2026-04-07,CA,P1038,PG1266,KW10282,881.0,Cancelled,2026-04-07 21:09:00
ORD108484,2026-08-27,US,P1028,PG1114,KW10658,447.96,Cancelled,2026-08-27 02:28:00
ORD108485,2025-11-04,CA,P1034,PG1305,KW10713,382.52,Completed,2025-11-04 04:12:00
ORD108486,2026-07-08,US,P1019,PG1161,KW10282,1878.24,Completed,2026-07-08 08:03:00
ORD108487,2026-05-28,UK,P1014,PG1091,KW11691,1235.52,Returned,2026-05-28 14:37:00
ORD108488,2026-01-09,UK,P1001,PG1331,KW11566,784.11,Completed,2026-01-09 04:22:00
ORD108489,2025-10-23,JP,P1018,PG1252,KW11791,451.26,Completed,2025-10-23 02:34:00
ORD108490,2025-12-19,UK,P1023,PG1379,KW10405,1092.65,Completed,2025-12-19 13:12:00
ORD108491,2026-03-10,BR,P1047,PG1386,KW11034,1823.38,Cancelled,2026-03-10 07:05:00
ORD108492,2025-10-08,BR,P1046,PG1284,KW11968,754.57,Completed,2025-10-08 09:36:00
ORD108493,2026-05-12,IN,P1037,PG1113,KW11348,436.32,Cancelled,2026-05-12 12:40:00
ORD108494,2026-02-08,IN,P1036,PG1294,KW10211,627.02,Completed,2026-02-08 07:55:00
ORD108495,2026-04-16,AU,P1015,PG1204,KW10200,763.52,Completed,2026-04-16 14:35:00
ORD108496,2026-06-11,BR,P1039,PG1494,KW10814,982.27,Completed,2026-06-11 19:46:00
ORD108497,2026-04-13,JP,P1046,PG1348,KW10562,856.16,Completed,2026-04-13 02:38:00
ORD108498,2026-02-26,MX,P1030,PG1316,KW11035,1195.44,Cancelled,2026-02-26 23:47:00
ORD108499,2025-11-28,IN,P1044,PG1001,KW10189,372.0,Completed,2025-11-28 18:20:00
ORD108500,2026-03-30,DE,P1017,PG1039,KW11582,373.2,Completed,2026-03-30 18:40:00
ORD108501,2026-03-27,US,P1020,PG1404,KW10092,459.66,Completed,2026-03-27 17:19:00
ORD108502,2026-06-05,AU,P1042,PG1373,KW10133,521.92,Completed,2026-06-05 16:02:00
ORD108503,2026-04-25,FR,P1033,PG1024,KW10693,1541.04,Pending,2026-04-25 21:21:00
ORD108504,2026-04-03,US,P1040,PG1125,KW11465,443.1,Completed,2026-04-03 14:12:00
ORD108505,2026-01-31,IN,P1003,PG1257,KW11136,665.64,Completed,2026-01-31 07:00:00
ORD108506,2025-12-18,AU,P1044,PG1006,KW11356,384.19,Completed,2025-12-18 07:50:00
ORD108507,2026-01-14,FR,P1017,PG1190,KW11065,598.92,Cancelled,2026-01-14 20:14:00
ORD108508,2025-10-06,JP,P1034,PG1271,KW10114,454.6,Completed,2025-10-06 06:43:00
ORD108509,2025-11-21,JP,P1020,PG1067,KW11312,819.62,Completed,2025-11-21 05:29:00
ORD108510,2025-12-22,AU,P1047,PG1366,KW11427,833.91,Completed,2025-12-22 03:34:00
ORD108511,2026-05-22,FR,P1033,PG1443,KW10071,2160.28,Completed,2026-05-22 02:31:00
ORD108512,2026-08-20,JP,P1031,PG1269,KW11759,626.73,Returned,2026-08-20 00:05:00
ORD108513,2026-08-17,CA,P1026,PG1088,KW10799,318.85,Returned,2026-08-17 17:45:00
ORD108514,2026-04-14,MX,P1002,PG1359,KW10912,359.97,Completed,2026-04-14 19:03:00
ORD108515,2026-05-31,AU,P1032,PG1149,KW11084,1545.66,Completed,2026-05-31 23:36:00
ORD108516,2026-03-30,JP,P1037,PG1496,KW10438,585.78,Completed,2026-03-30 22:15:00
ORD108517,2026-06-13,IN,P1012,PG1163,KW10473,753.11,Cancelled,2026-06-13 08:41:00
ORD108518,2025-11-16,MX,P1018,PG1466,KW11441,1312.55,Completed,2025-11-16 00:11:00
ORD108519,2026-03-04,BR,P1038,PG1315,KW10281,949.41,Pending,2026-03-04 01:02:00
ORD108520,2026-05-18,IN,P1019,PG1173,KW10092,816.66,Cancelled,2026-05-18 05:01:00
ORD108521,2026-01-09,DE,P1033,PG1361,KW11237,666.03,Cancelled,2026-01-09 22:56:00
ORD108522,2025-12-15,UK,P1010,PG1352,KW10590,1514.3,Completed,2025-12-15 15:26:00
ORD108523,2025-11-27,BR,P1024,PG1356,KW11182,220.41,Returned,2025-11-27 22:51:00
ORD108524,2026-07-20,CA,P1027,PG1389,KW11581,656.38,Completed,2026-07-20 11:12:00
ORD108525,2026-07-29,IN,P1004,PG1108,KW11496,270.55,Completed,2026-07-29 18:00:00
ORD108526,2026-01-26,US,P1004,PG1010,KW11661,529.72,Completed,2026-01-26 17:02:00
ORD108527,2026-03-14,AU,P1009,PG1457,KW10387,425.15,Cancelled,2026-03-14 08:34:00
ORD108528,2026-07-07,AU,P1043,PG1299,KW10957,443.7,Cancelled,2026-07-07 21:32:00
ORD108529,2026-04-21,DE,P1020,PG1374,KW10816,318.3,Cancelled,2026-04-21 18:58:00
ORD108530,2026-01-01,FR,P1022,PG1037,KW10328,912.32,Completed,2026-01-01 23:29:00
ORD108531,2026-03-16,UK,P1047,PG1338,KW10736,732.42,Completed,2026-03-16 20:08:00
ORD108532,2026-05-01,JP,P1016,PG1031,KW10238,1270.03,Completed,2026-05-01 02:15:00
ORD108533,2026-02-19,DE,P1018,PG1395,KW11047,316.87,Completed,2026-02-19 00:12:00
ORD108534,2026-05-20,DE,P1037,PG1264,KW11128,2386.1,Cancelled,2026-05-20 06:41:00
ORD108535,2026-08-11,FR,P1039,PG1405,KW11205,1675.5,Pending,2026-08-11 01:32:00
ORD108536,2026-06-10,FR,P1012,PG1416,KW11089,1478.18,Completed,2026-06-10 12:43:00
ORD108537,2026-06-28,CA,P1050,PG1026,KW11894,1054.39,Returned,2026-06-28 12:14:00
ORD108538,2026-06-24,US,P1015,PG1088,KW10928,1334.44,Completed,2026-06-24 12:24:00
ORD108539,2026-05-11,AU,P1027,PG1472,KW10673,2057.17,Completed,2026-05-11 02:58:00
ORD108540,2026-04-01,UK,P1012,PG1471,KW11029,1333.53,Completed,2026-04-01 17:13:00
ORD108541,2026-09-03,DE,P1008,PG1330,KW11946,807.44,Pending,2026-09-03 16:10:00
ORD108542,2026-07-01,BR,P1039,PG1223,KW11743,608.06,Completed,2026-07-01 07:31:00
ORD108543,2026-09-15,US,P1046,PG1203,KW10238,787.36,Completed,2026-09-15 04:04:00
ORD108544,2026-07-09,US,P1040,PG1247,KW10381,2011.86,Completed,2026-07-09 21:33:00
ORD108545,2026-02-05,JP,P1006,PG1059,KW10396,359.18,Cancelled,2026-02-05 16:11:00
ORD108546,2026-03-20,AU,P1039,PG1098,KW11310,1216.77,Completed,2026-03-20 13:02:00
ORD108547,2026-09-03,FR,P1025,PG1247,KW11413,1048.89,Completed,2026-09-03 13:38:00
ORD108548,2026-01-05,DE,P1019,PG1355,KW10109,355.96,Completed,2026-01-05 14:19:00
ORD108549,2026-02-05,US,P1005,PG1081,KW11454,375.99,Completed,2026-02-05 04:42:00
ORD108550,2025-12-31,UK,P1022,PG1300,KW11461,451.93,Returned,2025-12-31 00:05:00
ORD108551,2026-01-21,AU,P1017,PG1352,KW11453,1745.48,Completed,2026-01-21 00:14:00
ORD108552,2026-04-23,DE,P1010,PG1197,KW10374,802.33,Completed,2026-04-23 03:50:00
ORD108553,2025-11-03,US,P1005,PG1051,KW10513,3109.27,Returned,2025-11-03 18:06:00
ORD108554,2026-06-25,DE,P1039,PG1129,KW11083,1537.41,Completed,2026-06-25 18:08:00
ORD108555,2026-02-19,JP,P1016,PG1230,KW11577,559.07,Completed,2026-02-19 14:04:00
ORD108556,2026-07-11,US,P1039,PG1275,KW11149,268.32,Pending,2026-07-11 11:27:00
ORD108557,2026-06-24,CA,P1030,PG1464,KW10871,423.24,Cancelled,2026-06-24 17:39:00
ORD108558,2026-02-01,FR,P1009,PG1198,KW10839,444.65,Completed,2026-02-01 15:31:00
ORD108559,2026-09-06,DE,P1047,PG1372,KW10613,637.1,Completed,2026-09-06 14:23:00
ORD108560,2025-10-30,UK,P1041,PG1310,KW10509,984.77,Pending,2025-10-30 13:49:00
ORD108561,2026-02-15,CA,P1036,PG1012,KW10547,380.17,Returned,2026-02-15 09:00:00
ORD108562,2026-01-02,DE,P1026,PG1360,KW11065,414.4,Pending,2026-01-02 21:04:00
ORD108563,2026-08-10,DE,P1021,PG1162,KW10864,737.12,Completed,2026-08-10 22:11:00
ORD108564,2025-12-15,BR,P1005,PG1027,KW10808,526.06,Returned,2025-12-15 08:53:00
ORD108565,2026-06-24,US,P1008,PG1354,KW10131,842.08,Completed,2026-06-24 07:38:00
ORD108566,2025-12-22,FR,P1014,PG1249,KW10189,475.55,Pending,2025-12-22 17:13:00
ORD108567,2025-10-31,BR,P1022,PG1348,KW11663,1166.59,Cancelled,2025-10-31 04:09:00
ORD108568,2026-07-24,BR,P1042,PG1379,KW11609,861.72,Completed,2026-07-24 16:41:00
ORD108569,2026-07-24,AU,P1009,PG1032,KW11906,1246.81,Completed,2026-07-24 11:17:00
ORD108570,2025-10-23,CA,P1047,PG1267,KW11514,311.06,Pending,2025-10-23 17:14:00
ORD108571,2025-12-29,FR,P1018,PG1110,KW11482,4752.38,Completed,2025-12-29 15:24:00
ORD108572,2025-10-02,DE,P1012,PG1319,KW11647,1216.8,Returned,2025-10-02 22:54:00
ORD108573,2026-01-15,UK,P1018,PG1391,KW10245,1186.83,Completed,2026-01-15 22:42:00
ORD108574,2026-03-19,AU,P1007,PG1335,KW11662,2706.64,Completed,2026-03-19 10:02:00
ORD108575,2026-06-15,JP,P1049,PG1485,KW10250,1262.09,Completed,2026-06-15 06:44:00
ORD108576,2026-08-27,CA,P1025,PG1338,KW11128,542.72,Completed,2026-08-27 01:39:00
ORD108577,2026-02-13,IN,P1002,PG1213,KW10133,1070.38,Returned,2026-02-13 23:17:00
ORD108578,2025-10-16,DE,P1025,PG1402,KW11837,539.9,Returned,2025-10-16 20:59:00
ORD108579,2026-01-04,UK,P1050,PG1042,KW11434,1031.9,Completed,2026-01-04 05:45:00
ORD108580,2025-11-29,MX,P1047,PG1365,KW10905,736.27,Returned,2025-11-29 18:28:00
ORD108581,2026-09-21,DE,P1012,PG1232,KW10805,1238.09,Completed,2026-09-21 22:55:00
ORD108582,2025-12-29,AU,P1026,PG1117,KW11974,1281.62,Completed,2025-12-29 04:41:00
ORD108583,2026-07-31,UK,P1034,PG1064,KW10184,420.16,Completed,2026-07-31 23:07:00
ORD108584,2026-01-02,IN,P1020,PG1417,KW11398,437.76,Returned,2026-01-02 02:52:00
ORD108585,2025-10-19,JP,P1041,PG1014,KW10959,954.91,Completed,2025-10-19 23:26:00
ORD108586,2026-08-08,MX,P1048,PG1119,KW11730,524.31,Completed,2026-08-08 17:57:00
ORD108587,2025-12-24,AU,P1042,PG1175,KW11323,1284.63,Returned,2025-12-24 01:01:00
ORD108588,2026-08-04,UK,P1032,PG1305,KW10106,2110.63,Returned,2026-08-04 23:42:00
ORD108589,2025-12-18,BR,P1025,PG1256,KW11139,1008.16,Cancelled,2025-12-18 12:11:00
ORD108590,2025-11-06,AU,P1025,PG1204,KW10929,1049.81,Pending,2025-11-06 13:52:00
ORD108591,2026-08-17,JP,P1026,PG1074,KW11680,341.02,Completed,2026-08-17 08:58:00
ORD108592,2026-05-27,DE,P1015,PG1059,KW11871,1285.0,Cancelled,2026-05-27 07:04:00
ORD108593,2026-08-31,CA,P1024,PG1362,KW11575,586.81,Cancelled,2026-08-31 19:32:00
ORD108594,2026-01-09,JP,P1010,PG1173,KW11844,1570.29,Pending,2026-01-09 00:47:00
ORD108595,2025-11-09,US,P1037,PG1415,KW10414,1234.36,Completed,2025-11-09 06:16:00
ORD108596,2026-03-11,UK,P1041,PG1003,KW11711,878.81,Completed,2026-03-11 06:14:00
ORD108597,2026-07-19,BR,P1021,PG1153,KW10532,2571.01,Completed,2026-07-19 12:54:00
ORD108598,2026-08-25,MX,P1025,PG1118,KW10234,1028.18,Pending,2026-08-25 04:02:00
ORD108599,2026-09-01,MX,P1047,PG1218,KW10839,1139.26,Completed,2026-09-01 10:05:00
ORD108600,2025-11-04,UK,P1024,PG1264,KW10451,664.13,Completed,2025-11-04 03:59:00
ORD108601,2025-10-13,AU,P1006,PG1403,KW11182,850.53,Pending,2025-10-13 22:17:00
ORD108602,2026-03-03,US,P1029,PG1383,KW10859,1103.66,Cancelled,2026-03-03 03:31:00
ORD108603,2026-04-20,AU,P1008,PG1415,KW10611,400.59,Cancelled,2026-04-20 03:02:00
ORD108604,2026-08-28,MX,P1001,PG1198,KW10331,339.73,Returned,2026-08-28 23:52:00
ORD108605,2026-07-10,IN,P1002,PG1065,KW10467,827.36,Cancelled,2026-07-10 15:24:00
ORD108606,2026-02-13,IN,P1019,PG1053,KW11566,1464.8,Completed,2026-02-13 04:19:00
ORD108607,2025-12-25,JP,P1036,PG1116,KW10627,872.91,Cancelled,2025-12-25 12:32:00
ORD108608,2026-01-28,JP,P1001,PG1010,KW11968,637.88,Completed,2026-01-28 15:04:00
ORD108609,2026-02-25,MX,P1036,PG1364,KW10665,571.09,Completed,2026-02-25 18:00:00
ORD108610,2026-04-29,CA,P1011,PG1112,KW10767,1596.91,Completed,2026-04-29 15:43:00
ORD108611,2025-10-24,BR,P1028,PG1343,KW11056,518.28,Returned,2025-10-24 00:01:00
ORD108612,2025-12-15,FR,P1031,PG1473,KW10374,164.44,Completed,2025-12-15 23:09:00
ORD108613,2026-08-22,FR,P1022,PG1211,KW11476,428.64,Completed,2026-08-22 07:35:00
ORD108614,2026-05-03,BR,P1038,PG1306,KW11903,1320.42,Cancelled,2026-05-03 04:21:00
ORD108615,2026-06-15,CA,P1049,PG1366,KW11826,700.85,Returned,2026-06-15 17:12:00
ORD108616,2026-04-29,UK,P1021,PG1494,KW10186,860.62,Completed,2026-04-29 08:31:00
ORD108617,2026-03-07,FR,P1041,PG1109,KW10708,1564.76,Pending,2026-03-07 03:40:00
ORD108618,2026-03-13,FR,P1042,PG1056,KW10487,939.68,Cancelled,2026-03-13 14:25:00
ORD108619,2026-06-30,MX,P1007,PG1480,KW10580,1604.17,Cancelled,2026-06-30 03:16:00
ORD108620,2026-02-05,US,P1040,PG1250,KW10466,120.93,Completed,2026-02-05 07:08:00
ORD108621,2026-07-22,FR,P1027,PG1275,KW11884,363.33,Completed,2026-07-22 20:36:00
ORD108622,2026-01-30,MX,P1014,PG1395,KW11187,1201.45,Cancelled,2026-01-30 04:25:00
ORD108623,2026-07-08,CA,P1019,PG1196,KW10678,1870.01,Cancelled,2026-07-08 01:32:00
ORD108624,2026-07-06,UK,P1014,PG1005,KW10100,1933.53,Returned,2026-07-06 10:42:00
ORD108625,2026-09-09,MX,P1031,PG1087,KW11316,676.79,Pending,2026-09-09 11:42:00
ORD108626,2026-03-01,IN,P1005,PG1457,KW10333,1705.45,Cancelled,2026-03-01 13:54:00
ORD108627,2026-09-24,MX,P1037,PG1221,KW10146,487.21,Cancelled,2026-09-24 22:55:00
ORD108628,2026-05-23,JP,P1042,PG1033,KW10196,1251.42,Completed,2026-05-23 10:59:00
ORD108629,2026-06-18,MX,P1027,PG1091,KW10379,774.14,Pending,2026-06-18 20:05:00
ORD108630,2026-09-12,US,P1018,PG1016,KW11526,588.43,Completed,2026-09-12 22:39:00
ORD108631,2026-04-13,FR,P1025,PG1118,KW10059,571.48,Returned,2026-04-13 14:54:00
ORD108632,2026-09-21,UK,P1036,PG1038,KW11910,348.88,Completed,2026-09-21 23:27:00
ORD108633,2026-08-03,DE,P1042,PG1398,KW10378,647.13,Completed,2026-08-03 13:08:00
ORD108634,2026-02-24,CA,P1004,PG1305,KW10320,251.53,Returned,2026-02-24 16:20:00
ORD108635,2026-01-17,BR,P1040,PG1478,KW11719,359.38,Cancelled,2026-01-17 20:22:00
ORD108636,2026-09-14,US,P1009,PG1474,KW11856,3979.89,Completed,2026-09-14 07:06:00
ORD108637,2026-07-19,IN,P1045,PG1389,KW10616,328.21,Completed,2026-07-19 13:14:00
ORD108638,2026-04-17,JP,P1050,PG1356,KW10243,1239.84,Returned,2026-04-17 14:32:00
ORD108639,2026-06-01,FR,P1010,PG1190,KW11957,778.39,Cancelled,2026-06-01 11:39:00
ORD108640,2025-11-15,UK,P1022,PG1296,KW10583,485.72,Cancelled,2025-11-15 03:18:00
ORD108641,2025-11-10,CA,P1036,PG1237,KW10467,1266.01,Returned,2025-11-10 13:45:00
ORD108642,2025-12-28,BR,P1012,PG1381,KW10937,1504.42,Completed,2025-12-28 01:22:00
ORD108643,2025-10-03,US,P1011,PG1420,KW10241,612.46,Returned,2025-10-03 02:08:00
ORD108644,2026-01-07,JP,P1036,PG1265,KW11303,1475.15,Pending,2026-01-07 22:04:00
ORD108645,2026-02-03,FR,P1035,PG1197,KW11164,1406.81,Returned,2026-02-03 09:13:00
ORD108646,2026-04-29,FR,P1004,PG1004,KW11478,309.87,Returned,2026-04-29 01:51:00
ORD108647,2026-07-31,DE,P1022,PG1267,KW10890,993.74,Completed,2026-07-31 09:35:00
ORD108648,2026-04-15,MX,P1015,PG1136,KW11269,1259.72,Completed,2026-04-15 20:13:00
ORD108649,2026-05-04,JP,P1015,PG1349,KW11107,1669.03,Completed,2026-05-04 06:44:00
ORD108650,2026-06-16,IN,P1029,PG1013,KW11842,1009.51,Completed,2026-06-16 18:40:00
ORD108651,2026-03-11,US,P1026,PG1244,KW10879,502.01,Completed,2026-03-11 11:47:00
ORD108652,2026-06-08,JP,P1015,PG1032,KW10775,1243.92,Returned,2026-06-08 18:40:00
ORD108653,2026-04-20,CA,P1008,PG1124,KW11512,450.62,Cancelled,2026-04-20 03:16:00
ORD108654,2026-04-16,FR,P1038,PG1233,KW11838,548.32,Completed,2026-04-16 16:20:00
ORD108655,2026-03-24,FR,P1013,PG1444,KW10108,430.71,Completed,2026-03-24 02:50:00
ORD108656,2026-05-28,JP,P1045,PG1455,KW11712,454.4,Completed,2026-05-28 06:02:00
ORD108657,2026-05-06,AU,P1023,PG1412,KW10939,161.1,Completed,2026-05-06 04:26:00
ORD108658,2026-01-05,BR,P1043,PG1409,KW11458,1976.45,Cancelled,2026-01-05 19:29:00
ORD108659,2026-06-10,AU,P1018,PG1403,KW10696,565.16,Completed,2026-06-10 10:32:00
ORD108660,2026-04-20,MX,P1036,PG1072,KW11966,1302.15,Completed,2026-04-20 16:10:00
ORD108661,2026-07-24,AU,P1038,PG1217,KW10220,645.91,Completed,2026-07-24 15:22:00
ORD108662,2025-10-20,MX,P1024,PG1290,KW10523,517.17,Completed,2025-10-20 21:12:00
ORD108663,2025-10-10,DE,P1040,PG1451,KW10024,1802.82,Pending,2025-10-10 19:37:00
ORD108664,2026-07-10,MX,P1005,PG1162,KW11960,1725.33,Completed,2026-07-10 14:46:00
ORD108665,2026-01-29,BR,P1021,PG1013,KW10055,1307.59,Pending,2026-01-29 11:05:00
ORD108666,2025-11-21,CA,P1050,PG1111,KW10437,441.42,Completed,2025-11-21 11:05:00
ORD108667,2026-01-12,AU,P1005,PG1205,KW11961,423.22,Returned,2026-01-12 08:28:00
ORD108668,2025-12-17,DE,P1026,PG1257,KW11955,528.94,Completed,2025-12-17 09:05:00
ORD108669,2026-04-03,AU,P1015,PG1402,KW10020,2346.2,Completed,2026-04-03 17:23:00
ORD108670,2025-12-04,AU,P1050,PG1029,KW11623,975.18,Pending,2025-12-04 22:37:00
ORD108671,2026-09-15,US,P1027,PG1200,KW10903,388.86,Pending,2026-09-15 03:23:00
ORD108672,2026-01-28,US,P1003,PG1024,KW11739,1371.77,Returned,2026-01-28 11:47:00
ORD108673,2026-07-20,CA,P1044,PG1396,KW11283,434.16,Pending,2026-07-20 04:54:00
ORD108674,2026-08-06,FR,P1006,PG1449,KW10227,1167.73,Pending,2026-08-06 19:44:00
ORD108675,2025-12-12,JP,P1013,PG1192,KW11888,374.57,Completed,2025-12-12 17:16:00
ORD108676,2026-01-30,MX,P1040,PG1219,KW11715,484.92,Pending,2026-01-30 07:43:00
ORD108677,2026-04-13,AU,P1001,PG1452,KW11256,718.42,Completed,2026-04-13 05:44:00
ORD108678,2026-06-01,UK,P1032,PG1424,KW11915,775.63,Completed,2026-06-01 20:38:00
ORD108679,2026-02-25,BR,P1044,PG1320,KW10296,1291.54,Cancelled,2026-02-25 14:23:00
ORD108680,2026-05-11,US,P1020,PG1074,KW10389,635.49,Returned,2026-05-11 00:09:00
ORD108681,2026-08-05,US,P1009,PG1415,KW11685,465.63,Returned,2026-08-05 12:20:00
ORD108682,2026-09-14,JP,P1004,PG1348,KW11849,502.59,Completed,2026-09-14 01:26:00
ORD108683,2026-02-07,IN,P1047,PG1020,KW11268,654.37,Completed,2026-02-07 01:31:00
ORD108684,2026-03-20,DE,P1021,PG1055,KW11772,1855.77,Pending,2026-03-20 14:14:00
ORD108685,2026-03-11,AU,P1002,PG1099,KW11803,1126.48,Cancelled,2026-03-11 00:09:00
ORD108686,2026-05-08,DE,P1042,PG1496,KW10818,1608.85,Returned,2026-05-08 17:39:00
ORD108687,2026-05-28,AU,P1041,PG1297,KW10218,2243.81,Completed,2026-05-28 18:36:00
ORD108688,2026-09-16,DE,P1009,PG1342,KW10503,777.28,Returned,2026-09-16 02:34:00
ORD108689,2025-10-11,DE,P1033,PG1091,KW10645,686.75,Pending,2025-10-11 10:45:00
ORD108690,2026-04-13,FR,P1006,PG1122,KW11339,985.78,Returned,2026-04-13 00:30:00
ORD108691,2025-11-07,BR,P1043,PG1367,KW11053,609.7,Cancelled,2025-11-07 09:33:00
ORD108692,2026-09-06,IN,P1033,PG1314,KW10242,520.65,Completed,2026-09-06 00:43:00
ORD108693,2025-10-26,BR,P1010,PG1314,KW11301,413.66,Returned,2025-10-26 09:09:00
ORD108694,2026-07-21,CA,P1044,PG1409,KW10515,495.06,Pending,2026-07-21 01:06:00
ORD108695,2026-09-21,IN,P1041,PG1076,KW10999,1432.24,Returned,2026-09-21 19:38:00
ORD108696,2026-08-21,BR,P1013,PG1399,KW11528,999.88,Completed,2026-08-21 08:11:00
ORD108697,2026-08-10,AU,P1041,PG1479,KW10695,1222.33,Cancelled,2026-08-10 12:32:00
ORD108698,2025-12-01,UK,P1038,PG1021,KW11058,942.55,Cancelled,2025-12-01 07:03:00
ORD108699,2026-01-25,JP,P1041,PG1269,KW10776,1522.0,Returned,2026-01-25 11:57:00
ORD108700,2026-03-04,BR,P1048,PG1035,KW10526,3091.38,Pending,2026-03-04 10:56:00
ORD108701,2026-05-11,BR,P1025,PG1297,KW11827,655.31,Completed,2026-05-11 06:11:00
ORD108702,2026-04-19,AU,P1012,PG1263,KW10024,623.77,Returned,2026-04-19 14:27:00
ORD108703,2026-03-17,FR,P1027,PG1241,KW11643,2093.13,Returned,2026-03-17 17:00:00
ORD108704,2025-11-27,UK,P1038,PG1015,KW10078,1356.91,Completed,2025-11-27 06:29:00
ORD108705,2026-01-26,IN,P1031,PG1045,KW11215,952.68,Completed,2026-01-26 04:36:00
ORD108706,2026-09-08,DE,P1042,PG1344,KW11559,457.82,Completed,2026-09-08 14:11:00
ORD108707,2026-03-20,DE,P1047,PG1167,KW10031,338.65,Cancelled,2026-03-20 21:42:00
ORD108708,2026-07-08,UK,P1028,PG1333,KW11191,613.84,Completed,2026-07-08 07:04:00
ORD108709,2026-01-23,JP,P1001,PG1191,KW10355,552.97,Returned,2026-01-23 00:13:00
ORD108710,2025-12-27,CA,P1003,PG1336,KW10462,358.9,Completed,2025-12-27 08:58:00
ORD108711,2026-07-01,FR,P1026,PG1212,KW11768,361.51,Completed,2026-07-01 02:36:00
ORD108712,2026-02-28,FR,P1024,PG1253,KW11876,806.04,Pending,2026-02-28 16:23:00
ORD108713,2026-04-23,FR,P1042,PG1330,KW10792,1098.88,Returned,2026-04-23 16:52:00
ORD108714,2026-07-11,IN,P1032,PG1445,KW10758,1049.07,Completed,2026-07-11 20:23:00
ORD108715,2025-11-06,DE,P1008,PG1069,KW10588,1111.38,Returned,2025-11-06 14:00:00
ORD108716,2025-11-13,UK,P1035,PG1490,KW10016,1668.09,Returned,2025-11-13 22:26:00
ORD108717,2026-06-11,JP,P1005,PG1321,KW11005,586.25,Returned,2026-06-11 05:25:00
ORD108718,2026-08-02,MX,P1006,PG1115,KW11216,1408.37,Completed,2026-08-02 18:58:00
ORD108719,2026-04-15,AU,P1045,PG1444,KW11815,675.88,Cancelled,2026-04-15 09:13:00
ORD108720,2026-09-30,FR,P1001,PG1468,KW10814,1418.67,Completed,2026-09-30 23:02:00
ORD108721,2025-12-23,IN,P1036,PG1114,KW11944,879.71,Completed,2025-12-23 10:34:00
ORD108722,2025-12-01,JP,P1035,PG1283,KW10059,2179.31,Returned,2025-12-01 04:58:00
ORD108723,2025-10-05,US,P1043,PG1222,KW10672,1175.74,Completed,2025-10-05 20:02:00
ORD108724,2026-03-26,DE,P1031,PG1467,KW10854,549.0,Pending,2026-03-26 09:36:00
ORD108725,2026-03-21,FR,P1003,PG1449,KW11179,493.03,Completed,2026-03-21 06:02:00
ORD108726,2026-02-23,DE,P1047,PG1418,KW11142,1695.13,Completed,2026-02-23 09:38:00
ORD108727,2026-04-09,FR,P1030,PG1280,KW11665,1024.82,Pending,2026-04-09 05:03:00
ORD108728,2025-12-04,CA,P1032,PG1059,KW10801,382.66,Completed,2025-12-04 02:52:00
ORD108729,2025-10-11,BR,P1026,PG1102,KW11023,873.98,Pending,2025-10-11 12:48:00
ORD108730,2026-01-26,UK,P1014,PG1332,KW10897,907.38,Completed,2026-01-26 19:54:00
ORD108731,2026-06-25,US,P1021,PG1246,KW11185,2071.75,Completed,2026-06-25 23:00:00
ORD108732,2026-05-14,MX,P1021,PG1287,KW11788,1078.16,Completed,2026-05-14 17:31:00
ORD108733,2026-04-09,BR,P1031,PG1466,KW10732,2576.47,Returned,2026-04-09 06:54:00
ORD108734,2026-02-11,CA,P1022,PG1057,KW10692,712.39,Cancelled,2026-02-11 19:18:00
ORD108735,2026-08-08,AU,P1017,PG1356,KW11057,1606.09,Completed,2026-08-08 03:16:00
ORD108736,2026-01-03,FR,P1048,PG1467,KW10026,273.97,Completed,2026-01-03 16:55:00
ORD108737,2026-05-27,DE,P1020,PG1285,KW11499,711.08,Returned,2026-05-27 19:22:00
ORD108738,2026-03-07,JP,P1025,PG1273,KW11677,827.58,Completed,2026-03-07 10:21:00
ORD108739,2026-08-09,MX,P1007,PG1065,KW11537,593.82,Completed,2026-08-09 00:24:00
ORD108740,2026-01-30,IN,P1007,PG1086,KW11558,429.01,Pending,2026-01-30 15:41:00
ORD108741,2026-01-24,AU,P1018,PG1248,KW11757,336.16,Completed,2026-01-24 17:22:00
ORD108742,2025-12-16,AU,P1003,PG1344,KW10531,655.83,Cancelled,2025-12-16 05:26:00
ORD108743,2025-10-18,DE,P1023,PG1085,KW11471,337.41,Returned,2025-10-18 16:24:00
ORD108744,2026-03-20,US,P1005,PG1184,KW10736,1450.94,Completed,2026-03-20 03:40:00
ORD108745,2026-05-24,CA,P1047,PG1172,KW10122,1910.23,Completed,2026-05-24 01:55:00
ORD108746,2026-02-12,UK,P1044,PG1338,KW11936,1013.42,Cancelled,2026-02-12 16:09:00
ORD108747,2026-04-29,AU,P1001,PG1118,KW11116,660.0,Completed,2026-04-29 07:20:00
ORD108748,2025-11-24,BR,P1038,PG1449,KW11637,717.11,Completed,2025-11-24 12:03:00
ORD108749,2025-12-28,AU,P1008,PG1145,KW11556,1067.22,Completed,2025-12-28 10:17:00
ORD108750,2026-04-14,UK,P1011,PG1488,KW10231,547.3,Cancelled,2026-04-14 06:52:00
ORD108751,2025-11-28,AU,P1038,PG1449,KW11524,196.8,Pending,2025-11-28 22:35:00
ORD108752,2026-05-21,CA,P1011,PG1061,KW11447,524.53,Completed,2026-05-21 12:25:00
ORD108753,2026-08-30,IN,P1039,PG1490,KW11379,503.04,Completed,2026-08-30 18:40:00
ORD108754,2026-07-11,FR,P1002,PG1412,KW10460,297.51,Completed,2026-07-11 15:51:00
ORD108755,2025-10-06,JP,P1050,PG1113,KW10850,821.97,Completed,2025-10-06 17:22:00
ORD108756,2026-05-11,DE,P1028,PG1142,KW10777,1445.31,Returned,2026-05-11 00:08:00
ORD108757,2025-11-13,MX,P1046,PG1021,KW11665,861.06,Returned,2025-11-13 10:54:00
ORD108758,2026-04-06,FR,P1040,PG1285,KW10136,567.54,Completed,2026-04-06 17:32:00
ORD108759,2026-05-27,UK,P1018,PG1020,KW10421,710.71,Completed,2026-05-27 14:21:00
ORD108760,2026-08-14,MX,P1047,PG1277,KW10187,1949.13,Cancelled,2026-08-14 03:08:00
ORD108761,2026-08-08,JP,P1040,PG1147,KW10251,640.02,Returned,2026-08-08 22:31:00
ORD108762,2026-02-22,BR,P1044,PG1324,KW11336,533.05,Returned,2026-02-22 18:35:00
ORD108763,2026-03-20,MX,P1019,PG1083,KW11298,782.06,Pending,2026-03-20 04:15:00
ORD108764,2025-10-20,MX,P1018,PG1288,KW11934,471.37,Completed,2025-10-20 08:25:00
ORD108765,2025-11-19,BR,P1022,PG1146,KW11508,1659.54,Returned,2025-11-19 14:52:00
ORD108766,2026-09-28,UK,P1027,PG1273,KW10607,660.39,Pending,2026-09-28 04:08:00
ORD108767,2026-07-21,US,P1001,PG1069,KW10686,786.44,Completed,2026-07-21 06:40:00
ORD108768,2026-02-01,US,P1025,PG1174,KW10492,1294.48,Cancelled,2026-02-01 15:15:00
ORD108769,2026-03-29,FR,P1036,PG1439,KW11869,189.96,Cancelled,2026-03-29 13:53:00
ORD108770,2026-06-26,DE,P1038,PG1321,KW10439,869.05,Completed,2026-06-26 14:06:00
ORD108771,2026-09-21,US,P1026,PG1488,KW11987,617.16,Returned,2026-09-21 11:27:00
ORD108772,2026-09-12,US,P1002,PG1291,KW10572,873.05,Pending,2026-09-12 04:43:00
ORD108773,2025-10-30,US,P1018,PG1361,KW10992,2092.97,Completed,2025-10-30 05:34:00
ORD108774,2026-09-09,MX,P1001,PG1192,KW11569,587.48,Pending,2026-09-09 06:06:00
ORD108775,2026-03-24,FR,P1003,PG1391,KW10572,701.63,Returned,2026-03-24 19:27:00
ORD108776,2026-05-04,BR,P1037,PG1160,KW11599,1313.4,Cancelled,2026-05-04 10:59:00
ORD108777,2026-05-26,FR,P1041,PG1078,KW11693,1155.84,Completed,2026-05-26 08:46:00
ORD108778,2026-02-10,JP,P1002,PG1386,KW10072,1415.85,Completed,2026-02-10 14:03:00
ORD108779,2025-11-01,CA,P1049,PG1171,KW11859,3642.41,Completed,2025-11-01 15:53:00
ORD108780,2026-02-27,FR,P1026,PG1102,KW11184,428.31,Completed,2026-02-27 06:14:00
ORD108781,2026-06-30,CA,P1042,PG1071,KW10327,1073.71,Completed,2026-06-30 14:24:00
ORD108782,2026-05-26,AU,P1006,PG1496,KW11873,1783.2,Completed,2026-05-26 04:06:00
ORD108783,2026-06-19,FR,P1009,PG1007,KW10106,494.09,Completed,2026-06-19 00:44:00
ORD108784,2026-01-02,DE,P1015,PG1142,KW10412,1066.53,Completed,2026-01-02 01:55:00
ORD108785,2026-05-28,FR,P1027,PG1315,KW10016,768.4,Pending,2026-05-28 16:36:00
ORD108786,2026-03-09,FR,P1006,PG1373,KW11256,1540.23,Returned,2026-03-09 01:32:00
ORD108787,2026-09-03,IN,P1005,PG1159,KW10835,950.55,Completed,2026-09-03 07:04:00
ORD108788,2026-09-10,UK,P1013,PG1288,KW11107,562.78,Cancelled,2026-09-10 23:31:00
ORD108789,2025-12-02,AU,P1011,PG1386,KW10482,216.12,Completed,2025-12-02 16:50:00
ORD108790,2026-02-01,FR,P1010,PG1328,KW11180,1444.77,Completed,2026-02-01 19:05:00
ORD108791,2026-01-29,MX,P1011,PG1137,KW10446,791.6,Completed,2026-01-29 00:09:00
ORD108792,2026-04-26,DE,P1006,PG1229,KW11002,740.25,Completed,2026-04-26 12:03:00
ORD108793,2025-11-10,UK,P1037,PG1055,KW11929,525.43,Cancelled,2025-11-10 07:01:00
ORD108794,2026-08-16,BR,P1030,PG1199,KW10689,415.28,Pending,2026-08-16 14:22:00
ORD108795,2026-07-27,US,P1007,PG1298,KW11678,374.0,Completed,2026-07-27 09:13:00
ORD108796,2025-11-17,JP,P1028,PG1440,KW11141,753.6,Cancelled,2025-11-17 19:12:00
ORD108797,2025-11-16,DE,P1020,PG1453,KW11196,666.41,Completed,2025-11-16 23:47:00
ORD108798,2026-08-18,MX,P1037,PG1269,KW10232,1976.16,Pending,2026-08-18 18:08:00
ORD108799,2025-10-12,MX,P1007,PG1070,KW11676,1309.42,Cancelled,2025-10-12 19:35:00
ORD108800,2026-05-01,AU,P1041,PG1030,KW10824,905.97,Completed,2026-05-01 13:28:00
ORD108801,2026-04-03,MX,P1008,PG1069,KW11032,380.23,Completed,2026-04-03 19:59:00
ORD108802,2026-05-14,JP,P1018,PG1163,KW11761,3385.78,Returned,2026-05-14 22:14:00
ORD108803,2025-10-26,DE,P1017,PG1076,KW11650,481.67,Pending,2025-10-26 04:00:00
ORD108804,2026-02-26,JP,P1037,PG1406,KW10196,222.51,Completed,2026-02-26 03:02:00
ORD108805,2026-03-28,IN,P1043,PG1470,KW10085,620.93,Returned,2026-03-28 07:54:00
ORD108806,2026-03-28,AU,P1024,PG1241,KW11669,192.0,Pending,2026-03-28 14:07:00
ORD108807,2026-08-25,US,P1049,PG1168,KW11461,371.48,Returned,2026-08-25 04:06:00
ORD108808,2026-07-14,IN,P1035,PG1263,KW10459,231.97,Pending,2026-07-14 17:21:00
ORD108809,2026-07-19,BR,P1040,PG1047,KW10647,1109.82,Completed,2026-07-19 08:17:00
ORD108810,2026-07-05,DE,P1041,PG1136,KW11930,1080.27,Completed,2026-07-05 00:42:00
ORD108811,2026-05-15,BR,P1042,PG1285,KW11811,236.83,Completed,2026-05-15 10:12:00
ORD108812,2026-08-30,DE,P1010,PG1197,KW11545,871.45,Cancelled,2026-08-30 16:20:00
ORD108813,2026-07-08,FR,P1045,PG1264,KW11473,700.37,Completed,2026-07-08 13:22:00
ORD108814,2025-11-12,IN,P1027,PG1385,KW10272,819.04,Returned,2025-11-12 16:42:00
ORD108815,2025-10-02,FR,P1030,PG1350,KW11143,1335.95,Cancelled,2025-10-02 10:22:00
ORD108816,2025-11-16,MX,P1040,PG1055,KW11641,569.31,Pending,2025-11-16 11:19:00
ORD108817,2026-01-13,DE,P1016,PG1001,KW11068,268.34,Completed,2026-01-13 11:31:00
ORD108818,2026-07-06,FR,P1010,PG1155,KW10771,708.99,Completed,2026-07-06 12:41:00
ORD108819,2026-03-15,CA,P1036,PG1234,KW11861,880.84,Returned,2026-03-15 04:42:00
ORD108820,2026-03-20,MX,P1018,PG1044,KW11750,563.2,Completed,2026-03-20 09:25:00
ORD108821,2025-10-10,IN,P1012,PG1272,KW10546,2057.77,Completed,2025-10-10 17:46:00
ORD108822,2026-02-05,CA,P1017,PG1374,KW10786,336.1,Completed,2026-02-05 12:01:00
ORD108823,2026-08-25,JP,P1026,PG1249,KW11705,1588.27,Pending,2026-08-25 19:12:00
ORD108824,2026-07-14,IN,P1011,PG1312,KW10895,506.08,Completed,2026-07-14 20:34:00
ORD108825,2026-02-27,US,P1018,PG1192,KW10023,1791.85,Pending,2026-02-27 22:06:00
ORD108826,2025-10-19,US,P1036,PG1242,KW10369,1520.0,Completed,2025-10-19 16:31:00
ORD108827,2026-03-18,JP,P1050,PG1053,KW10368,1795.58,Pending,2026-03-18 15:03:00
ORD108828,2026-05-28,FR,P1006,PG1009,KW11733,497.19,Completed,2026-05-28 20:14:00
ORD108829,2026-04-24,BR,P1029,PG1353,KW11749,514.31,Completed,2026-04-24 15:36:00
ORD108830,2026-04-17,CA,P1025,PG1081,KW10182,737.78,Completed,2026-04-17 03:45:00
ORD108831,2026-05-02,AU,P1013,PG1053,KW11019,1935.65,Cancelled,2026-05-02 08:35:00
ORD108832,2026-07-01,DE,P1020,PG1212,KW10547,1250.4,Returned,2026-07-01 06:17:00
ORD108833,2025-10-28,DE,P1034,PG1356,KW10036,687.6,Completed,2025-10-28 13:29:00
ORD108834,2026-06-06,IN,P1014,PG1432,KW11222,986.47,Cancelled,2026-06-06 01:25:00
ORD108835,2026-01-28,CA,P1017,PG1373,KW11228,1040.85,Returned,2026-01-28 16:52:00
ORD108836,2026-07-18,MX,P1045,PG1274,KW10269,808.39,Completed,2026-07-18 02:07:00
ORD108837,2026-01-01,FR,P1039,PG1078,KW11778,1416.51,Completed,2026-01-01 12:52:00
ORD108838,2026-08-07,AU,P1032,PG1069,KW10963,1789.64,Completed,2026-08-07 22:59:00
ORD108839,2026-06-22,IN,P1034,PG1139,KW10576,1109.99,Pending,2026-06-22 05:26:00
ORD108840,2026-01-06,DE,P1027,PG1189,KW11542,2788.52,Returned,2026-01-06 04:40:00
ORD108841,2026-05-19,BR,P1044,PG1327,KW10797,1924.9,Completed,2026-05-19 00:43:00
ORD108842,2026-07-28,CA,P1019,PG1111,KW11233,661.38,Completed,2026-07-28 00:04:00
ORD108843,2026-01-30,BR,P1044,PG1368,KW11173,1046.27,Returned,2026-01-30 16:33:00
ORD108844,2025-12-01,IN,P1041,PG1358,KW11872,1545.7,Completed,2025-12-01 13:47:00
ORD108845,2026-09-24,CA,P1017,PG1488,KW10727,1619.06,Completed,2026-09-24 17:28:00
ORD108846,2025-11-21,AU,P1022,PG1258,KW11779,377.12,Completed,2025-11-21 07:56:00
ORD108847,2026-09-12,AU,P1010,PG1373,KW10334,932.62,Returned,2026-09-12 17:56:00
ORD108848,2026-08-21,BR,P1030,PG1159,KW11244,2192.02,Cancelled,2026-08-21 03:57:00
ORD108849,2025-12-19,CA,P1031,PG1421,KW11435,648.98,Pending,2025-12-19 05:59:00
ORD108850,2026-07-24,JP,P1048,PG1481,KW10814,1319.71,Cancelled,2026-07-24 13:08:00
ORD108851,2026-03-28,US,P1026,PG1067,KW10449,1181.79,Cancelled,2026-03-28 02:45:00
ORD108852,2025-12-20,CA,P1027,PG1097,KW10026,1803.85,Completed,2025-12-20 12:31:00
ORD108853,2026-06-13,UK,P1046,PG1415,KW11526,1955.22,Cancelled,2026-06-13 01:48:00
ORD108854,2025-12-09,IN,P1042,PG1135,KW10975,516.01,Cancelled,2025-12-09 15:43:00
ORD108855,2026-03-23,IN,P1001,PG1259,KW11099,696.05,Returned,2026-03-23 10:18:00
ORD108856,2026-06-22,FR,P1026,PG1279,KW11043,778.05,Returned,2026-06-22 14:21:00
ORD108857,2025-12-17,IN,P1037,PG1006,KW11467,170.61,Completed,2025-12-17 00:33:00
ORD108858,2026-03-19,BR,P1033,PG1123,KW10894,1057.73,Pending,2026-03-19 01:40:00
ORD108859,2026-06-15,IN,P1038,PG1297,KW11566,575.1,Returned,2026-06-15 15:30:00
ORD108860,2025-12-03,FR,P1008,PG1071,KW11041,1014.45,Completed,2025-12-03 22:02:00
ORD108861,2026-07-12,UK,P1022,PG1205,KW11919,3600.32,Returned,2026-07-12 21:41:00
ORD108862,2025-10-18,FR,P1003,PG1045,KW11764,1846.42,Completed,2025-10-18 03:59:00
ORD108863,2026-04-24,BR,P1034,PG1260,KW11345,1061.46,Returned,2026-04-24 07:23:00
ORD108864,2026-01-25,BR,P1014,PG1205,KW10335,446.59,Completed,2026-01-25 02:28:00
ORD108865,2025-11-07,FR,P1042,PG1256,KW11776,640.41,Cancelled,2025-11-07 05:26:00
ORD108866,2026-01-19,US,P1030,PG1029,KW11671,816.59,Completed,2026-01-19 06:30:00
ORD108867,2026-01-09,CA,P1043,PG1256,KW11397,1074.37,Completed,2026-01-09 05:27:00
ORD108868,2025-11-15,CA,P1029,PG1042,KW11161,417.26,Cancelled,2025-11-15 15:47:00
ORD108869,2026-08-28,UK,P1047,PG1278,KW10498,631.36,Completed,2026-08-28 21:52:00
ORD108870,2026-01-07,US,P1004,PG1493,KW10374,1603.1,Completed,2026-01-07 04:28:00
ORD108871,2026-04-10,US,P1040,PG1302,KW11429,2673.11,Completed,2026-04-10 18:39:00
ORD108872,2026-09-04,CA,P1017,PG1286,KW11892,481.03,Cancelled,2026-09-04 01:39:00
ORD108873,2026-04-20,DE,P1043,PG1419,KW11401,1357.45,Completed,2026-04-20 19:18:00
ORD108874,2026-03-24,JP,P1020,PG1364,KW11569,1500.67,Pending,2026-03-24 05:51:00
ORD108875,2026-05-12,BR,P1022,PG1033,KW11025,1132.46,Completed,2026-05-12 17:36:00
ORD108876,2025-11-14,MX,P1043,PG1482,KW10175,2586.25,Completed,2025-11-14 23:43:00
ORD108877,2026-08-23,AU,P1018,PG1273,KW11975,1385.0,Pending,2026-08-23 12:39:00
ORD108878,2025-12-29,DE,P1003,PG1101,KW10278,1202.93,Cancelled,2025-12-29 20:53:00
ORD108879,2026-04-04,AU,P1047,PG1275,KW11362,763.19,Cancelled,2026-04-04 00:12:00
ORD108880,2025-12-07,DE,P1035,PG1261,KW11074,704.27,Pending,2025-12-07 05:05:00
ORD108881,2025-11-15,JP,P1009,PG1192,KW11723,1106.47,Returned,2025-11-15 15:45:00
ORD108882,2026-05-16,BR,P1032,PG1334,KW11107,1109.23,Returned,2026-05-16 03:05:00
ORD108883,2025-12-26,MX,P1002,PG1151,KW11656,1405.77,Completed,2025-12-26 07:30:00
ORD108884,2026-01-09,CA,P1026,PG1224,KW11292,235.1,Completed,2026-01-09 15:57:00
ORD108885,2025-12-09,UK,P1009,PG1228,KW11200,756.05,Completed,2025-12-09 07:53:00
ORD108886,2026-05-02,UK,P1042,PG1324,KW11253,902.96,Pending,2026-05-02 13:56:00
ORD108887,2026-09-27,CA,P1040,PG1049,KW11299,1458.47,Returned,2026-09-27 01:24:00
ORD108888,2026-02-05,IN,P1049,PG1143,KW11562,854.75,Completed,2026-02-05 21:00:00
ORD108889,2026-02-21,CA,P1042,PG1387,KW11837,557.82,Cancelled,2026-02-21 07:10:00
ORD108890,2025-11-19,US,P1017,PG1030,KW11824,879.8,Completed,2025-11-19 04:06:00
ORD108891,2026-06-04,IN,P1014,PG1153,KW11755,248.02,Completed,2026-06-04 16:35:00
ORD108892,2026-05-20,MX,P1021,PG1263,KW10669,204.73,Pending,2026-05-20 18:45:00
ORD108893,2026-02-28,MX,P1031,PG1181,KW11553,436.37,Pending,2026-02-28 23:35:00
ORD108894,2025-10-12,FR,P1045,PG1085,KW10673,1521.44,Completed,2025-10-12 06:14:00
ORD108895,2026-09-06,IN,P1013,PG1182,KW10983,702.23,Completed,2026-09-06 05:55:00
ORD108896,2026-04-20,BR,P1009,PG1456,KW10448,682.93,Returned,2026-04-20 14:35:00
ORD108897,2026-03-28,AU,P1027,PG1074,KW10964,1519.77,Pending,2026-03-28 13:27:00
ORD108898,2026-06-06,IN,P1037,PG1369,KW11925,2536.76,Cancelled,2026-06-06 12:42:00
ORD108899,2026-05-27,UK,P1036,PG1315,KW10441,1398.41,Returned,2026-05-27 08:22:00
ORD108900,2025-11-12,BR,P1050,PG1138,KW11499,586.51,Returned,2025-11-12 19:37:00
ORD108901,2026-02-13,CA,P1043,PG1060,KW11054,206.01,Completed,2026-02-13 14:56:00
ORD108902,2026-01-12,UK,P1024,PG1174,KW10053,653.34,Cancelled,2026-01-12 21:04:00
ORD108903,2026-03-10,FR,P1048,PG1494,KW11990,973.52,Pending,2026-03-10 03:47:00
ORD108904,2026-05-30,FR,P1006,PG1134,KW11452,1727.82,Completed,2026-05-30 22:36:00
ORD108905,2025-11-05,UK,P1002,PG1210,KW11767,1262.48,Completed,2025-11-05 16:01:00
ORD108906,2025-11-27,MX,P1013,PG1121,KW10362,1093.01,Pending,2025-11-27 05:10:00
ORD108907,2026-04-22,UK,P1035,PG1339,KW11871,1260.17,Cancelled,2026-04-22 15:41:00
ORD108908,2025-12-03,AU,P1026,PG1212,KW10462,171.31,Pending,2025-12-03 18:51:00
ORD108909,2026-03-12,UK,P1011,PG1135,KW11795,636.79,Completed,2026-03-12 15:22:00
ORD108910,2026-02-28,MX,P1013,PG1168,KW10228,882.6,Pending,2026-02-28 17:38:00
ORD108911,2025-11-17,US,P1019,PG1478,KW10509,2384.61,Completed,2025-11-17 21:29:00
ORD108912,2026-06-23,AU,P1015,PG1378,KW11933,497.49,Cancelled,2026-06-23 13:07:00
ORD108913,2025-10-30,IN,P1016,PG1014,KW11682,2031.61,Returned,2025-10-30 23:00:00
ORD108914,2026-01-02,MX,P1044,PG1272,KW11543,1642.07,Completed,2026-01-02 10:41:00
ORD108915,2026-05-04,JP,P1036,PG1033,KW11251,1314.4,Returned,2026-05-04 06:58:00
ORD108916,2025-12-16,DE,P1010,PG1092,KW11283,871.29,Completed,2025-12-16 12:27:00
ORD108917,2026-04-06,BR,P1020,PG1010,KW11474,646.92,Returned,2026-04-06 10:57:00
ORD108918,2026-09-16,BR,P1016,PG1446,KW10954,1056.02,Completed,2026-09-16 18:58:00
ORD108919,2025-11-08,UK,P1021,PG1393,KW10498,1205.47,Returned,2025-11-08 17:02:00
ORD108920,2025-11-03,CA,P1015,PG1131,KW10022,852.24,Pending,2025-11-03 07:24:00
ORD108921,2025-12-10,FR,P1015,PG1122,KW10722,520.92,Completed,2025-12-10 18:15:00
ORD108922,2025-10-27,CA,P1020,PG1379,KW10796,2004.93,Completed,2025-10-27 07:06:00
ORD108923,2025-12-27,MX,P1008,PG1325,KW11578,2156.59,Pending,2025-12-27 13:06:00
ORD108924,2026-08-04,BR,P1023,PG1175,KW11965,433.89,Cancelled,2026-08-04 15:55:00
ORD108925,2026-06-17,US,P1037,PG1234,KW10917,570.78,Completed,2026-06-17 02:54:00
ORD108926,2025-10-29,FR,P1007,PG1101,KW10233,528.24,Returned,2025-10-29 08:11:00
ORD108927,2026-05-08,DE,P1013,PG1146,KW11087,245.33,Completed,2026-05-08 02:39:00
ORD108928,2026-08-25,IN,P1034,PG1391,KW11136,980.31,Cancelled,2026-08-25 12:00:00
ORD108929,2026-06-16,CA,P1002,PG1108,KW10853,2125.51,Completed,2026-06-16 22:54:00
ORD108930,2026-08-27,FR,P1022,PG1204,KW10352,2345.13,Completed,2026-08-27 18:19:00
ORD108931,2026-01-02,MX,P1011,PG1253,KW11788,1967.3,Completed,2026-01-02 01:53:00
ORD108932,2025-12-09,BR,P1025,PG1259,KW11196,1987.87,Cancelled,2025-12-09 12:43:00
ORD108933,2026-01-12,FR,P1034,PG1183,KW11026,809.52,Completed,2026-01-12 16:57:00
ORD108934,2025-11-09,MX,P1024,PG1199,KW11874,1328.54,Returned,2025-11-09 04:06:00
ORD108935,2025-11-08,FR,P1036,PG1152,KW11517,1209.3,Returned,2025-11-08 04:44:00
ORD108936,2026-08-11,IN,P1001,PG1066,KW11386,563.57,Returned,2026-08-11 11:22:00
ORD108937,2026-03-03,FR,P1046,PG1269,KW10602,579.3,Pending,2026-03-03 22:23:00
ORD108938,2026-07-26,BR,P1007,PG1224,KW10887,441.91,Completed,2026-07-26 06:45:00
ORD108939,2026-02-22,US,P1004,PG1047,KW11417,1258.15,Completed,2026-02-22 18:47:00
ORD108940,2025-11-12,BR,P1031,PG1338,KW11134,648.75,Completed,2025-11-12 23:34:00
ORD108941,2026-02-24,AU,P1038,PG1386,KW11382,1297.2,Completed,2026-02-24 04:24:00
ORD108942,2026-02-15,JP,P1012,PG1437,KW11805,358.67,Cancelled,2026-02-15 23:21:00
ORD108943,2026-04-28,UK,P1019,PG1309,KW10526,3163.4,Pending,2026-04-28 13:16:00
ORD108944,2026-02-12,UK,P1049,PG1136,KW11050,1043.94,Cancelled,2026-02-12 20:38:00
ORD108945,2025-11-01,US,P1038,PG1408,KW10374,817.59,Pending,2025-11-01 03:50:00
ORD108946,2026-08-04,JP,P1046,PG1025,KW10548,2300.2,Cancelled,2026-08-04 19:07:00
ORD108947,2026-02-27,DE,P1021,PG1094,KW10167,777.38,Completed,2026-02-27 14:49:00
ORD108948,2026-07-21,UK,P1008,PG1195,KW10874,1872.42,Returned,2026-07-21 21:38:00
ORD108949,2026-07-27,UK,P1044,PG1129,KW10604,3299.33,Returned,2026-07-27 04:22:00
ORD108950,2026-01-22,US,P1017,PG1286,KW11500,3849.79,Completed,2026-01-22 06:05:00
ORD108951,2025-11-11,FR,P1025,PG1405,KW10538,1596.9,Returned,2025-11-11 12:48:00
ORD108952,2026-03-01,US,P1025,PG1288,KW11706,1040.21,Returned,2026-03-01 10:08:00
ORD108953,2026-03-28,IN,P1011,PG1092,KW10738,434.34,Cancelled,2026-03-28 00:35:00
ORD108954,2026-09-22,DE,P1014,PG1169,KW11168,585.41,Completed,2026-09-22 07:02:00
ORD108955,2025-11-08,IN,P1036,PG1336,KW10396,386.94,Cancelled,2025-11-08 18:40:00
ORD108956,2026-05-23,AU,P1031,PG1239,KW10029,382.3,Completed,2026-05-23 16:17:00
ORD108957,2026-03-13,DE,P1026,PG1072,KW10395,1440.48,Completed,2026-03-13 21:42:00
ORD108958,2025-11-23,JP,P1019,PG1451,KW11496,1140.57,Pending,2025-11-23 00:23:00
ORD108959,2026-01-07,CA,P1029,PG1108,KW11949,1085.71,Pending,2026-01-07 21:47:00
ORD108960,2026-02-04,CA,P1032,PG1207,KW10965,1185.99,Completed,2026-02-04 22:58:00
ORD108961,2026-07-18,MX,P1037,PG1435,KW11419,690.91,Cancelled,2026-07-18 00:23:00
ORD108962,2026-08-13,AU,P1050,PG1029,KW10334,637.18,Completed,2026-08-13 09:58:00
ORD108963,2025-10-15,AU,P1035,PG1020,KW10852,348.37,Cancelled,2025-10-15 03:00:00
ORD108964,2025-11-04,AU,P1039,PG1004,KW10798,1632.3,Cancelled,2025-11-04 03:57:00
ORD108965,2026-03-25,CA,P1015,PG1018,KW10852,303.37,Pending,2026-03-25 07:24:00
ORD108966,2025-10-16,FR,P1026,PG1360,KW10546,731.35,Completed,2025-10-16 01:18:00
ORD108967,2026-09-10,IN,P1045,PG1091,KW10648,1046.87,Returned,2026-09-10 05:13:00
ORD108968,2025-12-04,FR,P1012,PG1337,KW10357,365.71,Completed,2025-12-04 19:41:00
ORD108969,2026-06-23,BR,P1041,PG1018,KW11203,789.84,Completed,2026-06-23 01:14:00
ORD108970,2025-11-09,DE,P1003,PG1202,KW11461,1310.08,Completed,2025-11-09 20:03:00
ORD108971,2026-01-05,CA,P1010,PG1097,KW11255,367.71,Completed,2026-01-05 06:33:00
ORD108972,2026-02-23,MX,P1040,PG1308,KW10480,325.03,Completed,2026-02-23 15:43:00
ORD108973,2026-09-05,US,P1016,PG1215,KW10496,820.02,Returned,2026-09-05 17:43:00
ORD108974,2025-11-08,MX,P1027,PG1372,KW11297,1420.8,Completed,2025-11-08 09:26:00
ORD108975,2026-01-17,MX,P1025,PG1079,KW11185,666.3,Pending,2026-01-17 16:28:00
ORD108976,2026-06-05,UK,P1002,PG1301,KW11146,313.3,Completed,2026-06-05 19:50:00
ORD108977,2026-04-01,MX,P1044,PG1010,KW10602,1289.41,Completed,2026-04-01 01:15:00
ORD108978,2026-08-23,DE,P1031,PG1323,KW10647,781.39,Completed,2026-08-23 18:43:00
ORD108979,2025-11-15,DE,P1038,PG1446,KW11475,1182.44,Completed,2025-11-15 04:44:00
ORD108980,2025-10-29,JP,P1048,PG1121,KW11215,1367.12,Completed,2025-10-29 15:55:00
ORD108981,2025-11-26,JP,P1029,PG1255,KW10641,289.89,Pending,2025-11-26 12:12:00
ORD108982,2026-01-29,DE,P1009,PG1372,KW10780,901.83,Cancelled,2026-01-29 10:14:00
ORD108983,2026-05-09,IN,P1040,PG1188,KW10659,906.0,Returned,2026-05-09 22:50:00
ORD108984,2026-03-19,BR,P1013,PG1143,KW10609,1768.05,Pending,2026-03-19 03:06:00
ORD108985,2026-03-14,MX,P1042,PG1417,KW11500,520.38,Cancelled,2026-03-14 11:04:00
ORD108986,2025-11-17,UK,P1048,PG1178,KW11859,649.97,Completed,2025-11-17 00:40:00
ORD108987,2026-03-21,US,P1043,PG1076,KW11070,598.65,Completed,2026-03-21 13:47:00
ORD108988,2025-11-26,DE,P1041,PG1172,KW10396,432.75,Pending,2025-11-26 03:49:00
ORD108989,2026-04-11,MX,P1031,PG1353,KW11651,1224.41,Completed,2026-04-11 04:33:00
ORD108990,2026-07-20,UK,P1003,PG1005,KW10504,565.72,Returned,2026-07-20 11:10:00
ORD108991,2026-02-07,CA,P1030,PG1433,KW11661,356.88,Pending,2026-02-07 14:45:00
ORD108992,2025-12-21,UK,P1008,PG1376,KW10800,745.71,Completed,2025-12-21 19:16:00
ORD108993,2026-06-24,BR,P1028,PG1008,KW10779,604.28,Pending,2026-06-24 05:58:00
ORD108994,2026-08-22,AU,P1043,PG1478,KW11083,335.87,Completed,2026-08-22 14:08:00
ORD108995,2026-09-16,JP,P1028,PG1181,KW11883,241.44,Pending,2026-09-16 11:08:00
ORD108996,2026-05-16,BR,P1045,PG1409,KW11981,269.75,Pending,2026-05-16 14:37:00
ORD108997,2026-06-30,DE,P1041,PG1316,KW11720,574.78,Pending,2026-06-30 09:12:00
ORD108998,2026-04-10,CA,P1028,PG1219,KW11169,551.45,Cancelled,2026-04-10 20:14:00
ORD108999,2026-05-06,FR,P1019,PG1454,KW11700,331.42,Completed,2026-05-06 05:29:00
ORD109000,2026-02-19,AU,P1048,PG1429,KW10654,845.23,Pending,2026-02-19 22:08:00
ORD109001,2026-09-05,US,P1036,PG1405,KW10568,490.76,Completed,2026-09-05 10:26:00
ORD109002,2025-12-01,DE,P1038,PG1085,KW10228,1080.72,Returned,2025-12-01 09:31:00
ORD109003,2026-06-21,JP,P1003,PG1114,KW10700,251.84,Completed,2026-06-21 14:07:00
ORD109004,2026-04-17,JP,P1026,PG1005,KW10412,749.9,Returned,2026-04-17 23:28:00
ORD109005,2025-10-20,BR,P1036,PG1173,KW11875,5306.18,Cancelled,2025-10-20 08:35:00
ORD109006,2025-10-31,DE,P1023,PG1272,KW10218,2009.47,Returned,2025-10-31 20:16:00
ORD109007,2026-08-19,MX,P1027,PG1056,KW10335,390.3,Returned,2026-08-19 04:58:00
ORD109008,2025-10-30,JP,P1012,PG1055,KW11646,564.81,Cancelled,2025-10-30 16:27:00
ORD109009,2026-01-25,UK,P1043,PG1056,KW10423,1029.78,Pending,2026-01-25 23:37:00
ORD109010,2026-06-26,JP,P1007,PG1371,KW11826,1106.5,Pending,2026-06-26 07:15:00
ORD109011,2026-08-25,US,P1006,PG1330,KW11849,1284.09,Completed,2026-08-25 19:48:00
ORD109012,2025-12-04,UK,P1032,PG1396,KW11346,1040.38,Completed,2025-12-04 14:23:00
ORD109013,2026-03-22,CA,P1003,PG1431,KW10930,1636.12,Completed,2026-03-22 02:36:00
ORD109014,2026-09-26,BR,P1032,PG1381,KW10409,624.63,Completed,2026-09-26 03:28:00
ORD109015,2025-11-14,US,P1035,PG1351,KW10522,493.05,Cancelled,2025-11-14 17:47:00
ORD109016,2026-04-16,UK,P1006,PG1027,KW10191,1228.71,Completed,2026-04-16 22:39:00
ORD109017,2026-02-24,DE,P1029,PG1038,KW11709,668.5,Completed,2026-02-24 03:05:00
ORD109018,2026-05-04,MX,P1042,PG1118,KW11559,895.99,Completed,2026-05-04 17:41:00
ORD109019,2025-12-07,AU,P1006,PG1440,KW11203,2055.77,Completed,2025-12-07 11:12:00
ORD109020,2026-07-05,AU,P1018,PG1006,KW11387,1263.93,Completed,2026-07-05 08:58:00
ORD109021,2025-10-05,CA,P1033,PG1369,KW11863,1065.51,Returned,2025-10-05 20:07:00
ORD109022,2026-08-14,MX,P1036,PG1186,KW10090,632.64,Pending,2026-08-14 19:06:00
ORD109023,2026-05-07,UK,P1019,PG1483,KW10830,664.36,Completed,2026-05-07 21:57:00
ORD109024,2026-03-03,JP,P1021,PG1257,KW10482,913.23,Returned,2026-03-03 15:25:00
ORD109025,2025-11-16,AU,P1009,PG1176,KW10679,1277.79,Cancelled,2025-11-16 14:44:00
ORD109026,2025-12-08,DE,P1031,PG1116,KW11425,480.22,Pending,2025-12-08 13:41:00
ORD109027,2026-03-18,CA,P1017,PG1458,KW10254,1026.45,Completed,2026-03-18 07:33:00
ORD109028,2025-10-22,MX,P1032,PG1301,KW10049,600.92,Cancelled,2025-10-22 10:48:00
ORD109029,2026-05-23,BR,P1045,PG1142,KW10553,422.96,Cancelled,2026-05-23 07:37:00
ORD109030,2026-05-16,MX,P1006,PG1169,KW11073,505.24,Completed,2026-05-16 15:36:00
ORD109031,2025-10-31,MX,P1040,PG1347,KW10651,194.73,Returned,2025-10-31 00:46:00
ORD109032,2025-11-26,AU,P1013,PG1390,KW10301,750.79,Completed,2025-11-26 01:33:00
ORD109033,2026-01-21,JP,P1027,PG1019,KW11806,1415.62,Returned,2026-01-21 11:15:00
ORD109034,2026-09-05,FR,P1017,PG1357,KW10441,763.1,Cancelled,2026-09-05 08:32:00
ORD109035,2025-11-29,IN,P1007,PG1010,KW10656,955.7,Completed,2025-11-29 01:51:00
ORD109036,2025-10-30,CA,P1028,PG1019,KW10854,361.85,Returned,2025-10-30 17:14:00
ORD109037,2026-08-28,DE,P1019,PG1054,KW11826,1178.19,Cancelled,2026-08-28 08:13:00
ORD109038,2025-12-01,CA,P1036,PG1070,KW10344,1675.46,Completed,2025-12-01 07:31:00
ORD109039,2026-07-08,DE,P1038,PG1003,KW10061,514.5,Cancelled,2026-07-08 03:38:00
ORD109040,2025-10-02,UK,P1036,PG1183,KW10135,1795.13,Completed,2025-10-02 16:29:00
ORD109041,2025-10-31,CA,P1029,PG1008,KW11748,647.02,Cancelled,2025-10-31 16:00:00
ORD109042,2026-01-15,UK,P1040,PG1067,KW10702,1156.51,Pending,2026-01-15 01:28:00
ORD109043,2025-10-23,JP,P1034,PG1341,KW10996,732.37,Completed,2025-10-23 07:58:00
ORD109044,2026-03-05,MX,P1028,PG1330,KW11035,1026.26,Returned,2026-03-05 21:48:00
ORD109045,2026-01-28,CA,P1007,PG1488,KW10413,1714.5,Cancelled,2026-01-28 05:15:00
ORD109046,2026-01-04,FR,P1023,PG1481,KW11688,1751.23,Completed,2026-01-04 04:10:00
ORD109047,2026-02-13,DE,P1006,PG1372,KW10912,391.39,Completed,2026-02-13 17:42:00
ORD109048,2025-10-31,AU,P1043,PG1295,KW10620,1311.74,Completed,2025-10-31 21:20:00
ORD109049,2025-10-17,MX,P1042,PG1136,KW10467,845.91,Completed,2025-10-17 11:35:00
ORD109050,2026-06-11,UK,P1001,PG1049,KW11229,826.5,Pending,2026-06-11 13:25:00
ORD109051,2026-01-22,CA,P1029,PG1149,KW10453,448.17,Pending,2026-01-22 21:37:00
ORD109052,2026-09-21,US,P1015,PG1218,KW11890,219.5,Pending,2026-09-21 04:26:00
ORD109053,2026-05-09,UK,P1028,PG1240,KW10831,1181.59,Cancelled,2026-05-09 09:12:00
ORD109054,2026-01-01,AU,P1014,PG1259,KW10566,755.23,Returned,2026-01-01 06:17:00
ORD109055,2026-08-17,CA,P1044,PG1200,KW10206,386.63,Cancelled,2026-08-17 22:17:00
ORD109056,2025-10-08,MX,P1026,PG1126,KW11390,833.56,Completed,2025-10-08 12:43:00
ORD109057,2026-09-27,CA,P1043,PG1145,KW11384,200.99,Completed,2026-09-27 11:19:00
ORD109058,2026-03-10,CA,P1032,PG1426,KW10099,623.52,Pending,2026-03-10 07:48:00
ORD109059,2026-08-30,DE,P1036,PG1144,KW11021,693.34,Completed,2026-08-30 01:46:00
ORD109060,2026-08-10,AU,P1011,PG1017,KW10694,242.59,Completed,2026-08-10 05:42:00
ORD109061,2026-05-13,FR,P1028,PG1149,KW11347,419.11,Returned,2026-05-13 21:29:00
ORD109062,2026-01-16,BR,P1043,PG1388,KW10272,1899.83,Cancelled,2026-01-16 16:00:00
ORD109063,2026-04-28,BR,P1017,PG1356,KW11608,690.39,Pending,2026-04-28 06:12:00
ORD109064,2026-09-22,CA,P1026,PG1321,KW10604,1046.79,Completed,2026-09-22 13:40:00
ORD109065,2026-08-03,JP,P1012,PG1062,KW11010,1351.61,Completed,2026-08-03 07:29:00
ORD109066,2025-12-20,UK,P1025,PG1145,KW10448,1790.83,Completed,2025-12-20 05:08:00
ORD109067,2026-04-17,CA,P1020,PG1091,KW11952,990.36,Completed,2026-04-17 09:54:00
ORD109068,2026-09-01,CA,P1017,PG1459,KW11403,533.41,Completed,2026-09-01 22:40:00
ORD109069,2025-11-19,US,P1022,PG1138,KW10603,2324.36,Returned,2025-11-19 19:14:00
ORD109070,2025-12-17,AU,P1020,PG1335,KW10690,1068.36,Returned,2025-12-17 22:45:00
ORD109071,2026-07-22,CA,P1035,PG1308,KW10104,264.63,Completed,2026-07-22 13:23:00
ORD109072,2026-01-09,IN,P1039,PG1223,KW10981,900.81,Pending,2026-01-09 16:07:00
ORD109073,2025-11-11,JP,P1023,PG1334,KW10360,315.77,Completed,2025-11-11 09:12:00
ORD109074,2026-06-08,MX,P1010,PG1110,KW11219,1350.92,Completed,2026-06-08 06:36:00
ORD109075,2026-06-22,UK,P1038,PG1361,KW10891,648.36,Pending,2026-06-22 17:51:00
ORD109076,2026-06-12,IN,P1006,PG1278,KW10221,227.91,Pending,2026-06-12 09:23:00
ORD109077,2026-09-28,CA,P1049,PG1175,KW11900,865.74,Returned,2026-09-28 20:19:00
ORD109078,2026-02-19,MX,P1023,PG1269,KW11666,1299.85,Cancelled,2026-02-19 04:55:00
ORD109079,2025-10-04,US,P1047,PG1472,KW10506,1735.39,Returned,2025-10-04 21:33:00
ORD109080,2026-07-04,DE,P1039,PG1010,KW11148,1721.9,Completed,2026-07-04 06:46:00
ORD109081,2026-05-01,JP,P1016,PG1175,KW10378,1412.6,Completed,2026-05-01 16:08:00
ORD109082,2026-05-31,UK,P1036,PG1376,KW10385,1609.89,Cancelled,2026-05-31 11:10:00
ORD109083,2025-12-08,IN,P1010,PG1321,KW10321,246.67,Returned,2025-12-08 04:41:00
ORD109084,2026-08-14,AU,P1045,PG1126,KW11377,570.12,Completed,2026-08-14 12:29:00
ORD109085,2026-07-15,IN,P1017,PG1281,KW11588,1095.16,Returned,2026-07-15 22:19:00
ORD109086,2026-07-20,MX,P1012,PG1111,KW11177,856.0,Completed,2026-07-20 02:28:00
ORD109087,2026-03-22,UK,P1038,PG1374,KW10396,1419.0,Completed,2026-03-22 01:24:00
ORD109088,2026-06-09,JP,P1018,PG1151,KW11167,425.11,Cancelled,2026-06-09 20:12:00
ORD109089,2026-09-29,DE,P1019,PG1373,KW11612,577.15,Pending,2026-09-29 04:34:00
ORD109090,2026-09-03,FR,P1001,PG1493,KW11963,2316.15,Completed,2026-09-03 15:43:00
ORD109091,2025-12-28,MX,P1009,PG1092,KW10924,1046.72,Completed,2025-12-28 14:03:00
ORD109092,2025-12-02,IN,P1008,PG1259,KW10238,786.66,Completed,2025-12-02 03:41:00
ORD109093,2026-09-09,AU,P1010,PG1199,KW11951,1049.95,Returned,2026-09-09 09:12:00
ORD109094,2025-11-12,IN,P1047,PG1220,KW11218,1467.0,Completed,2025-11-12 23:03:00
ORD109095,2026-04-06,MX,P1006,PG1258,KW11240,491.53,Completed,2026-04-06 05:23:00
ORD109096,2026-06-20,IN,P1044,PG1062,KW11252,352.59,Cancelled,2026-06-20 20:35:00
ORD109097,2026-09-02,MX,P1048,PG1116,KW11890,1372.94,Cancelled,2026-09-02 12:19:00
ORD109098,2026-06-06,BR,P1013,PG1349,KW10004,651.77,Completed,2026-06-06 03:50:00
ORD109099,2025-10-10,US,P1028,PG1445,KW10585,796.3,Completed,2025-10-10 00:55:00
ORD109100,2026-08-24,IN,P1018,PG1402,KW10826,1202.42,Cancelled,2026-08-24 14:44:00
ORD109101,2025-11-11,UK,P1039,PG1272,KW10632,493.71,Completed,2025-11-11 08:13:00
ORD109102,2026-01-14,CA,P1003,PG1443,KW10196,359.0,Cancelled,2026-01-14 05:12:00
ORD109103,2025-12-15,JP,P1004,PG1132,KW10581,345.62,Returned,2025-12-15 10:42:00
ORD109104,2026-06-16,JP,P1030,PG1099,KW11888,1126.6,Pending,2026-06-16 13:23:00
ORD109105,2026-05-14,US,P1026,PG1230,KW11432,636.75,Returned,2026-05-14 07:17:00
ORD109106,2026-08-02,DE,P1027,PG1147,KW10649,2640.16,Completed,2026-08-02 08:38:00
ORD109107,2026-04-22,AU,P1019,PG1175,KW10905,1331.42,Completed,2026-04-22 20:25:00
ORD109108,2026-03-07,FR,P1006,PG1290,KW10784,1099.01,Pending,2026-03-07 09:36:00
ORD109109,2026-04-22,US,P1006,PG1440,KW11582,1435.85,Completed,2026-04-22 04:35:00
ORD109110,2026-08-08,DE,P1023,PG1375,KW11387,1431.58,Pending,2026-08-08 02:34:00
ORD109111,2025-10-03,IN,P1006,PG1101,KW10182,180.57,Completed,2025-10-03 01:39:00
ORD109112,2025-10-03,CA,P1039,PG1413,KW11447,858.36,Pending,2025-10-03 20:13:00
ORD109113,2026-04-28,CA,P1009,PG1474,KW11560,895.32,Completed,2026-04-28 13:02:00
ORD109114,2025-11-09,JP,P1043,PG1043,KW10974,618.9,Completed,2025-11-09 00:28:00
ORD109115,2026-08-10,AU,P1047,PG1083,KW11146,1086.21,Completed,2026-08-10 10:32:00
ORD109116,2026-08-16,BR,P1038,PG1034,KW11373,2214.16,Cancelled,2026-08-16 03:28:00
ORD109117,2026-08-05,JP,P1032,PG1269,KW10214,365.71,Completed,2026-08-05 03:53:00
ORD109118,2026-03-30,CA,P1039,PG1007,KW11035,1076.85,Cancelled,2026-03-30 09:19:00
ORD109119,2025-12-08,BR,P1015,PG1210,KW11226,1177.21,Completed,2025-12-08 11:06:00
ORD109120,2026-05-05,FR,P1002,PG1334,KW11047,1445.48,Pending,2026-05-05 18:37:00
ORD109121,2026-05-08,BR,P1011,PG1074,KW11747,1354.12,Cancelled,2026-05-08 14:39:00
ORD109122,2026-03-04,JP,P1017,PG1462,KW10890,1932.18,Pending,2026-03-04 17:11:00
ORD109123,2026-01-02,DE,P1029,PG1419,KW11657,472.38,Cancelled,2026-01-02 03:59:00
ORD109124,2026-09-09,UK,P1036,PG1382,KW11046,3146.43,Completed,2026-09-09 23:18:00
ORD109125,2025-10-04,CA,P1048,PG1310,KW11074,624.66,Completed,2025-10-04 16:52:00
ORD109126,2026-08-17,JP,P1015,PG1038,KW10913,508.53,Cancelled,2026-08-17 05:03:00
ORD109127,2026-05-05,DE,P1042,PG1016,KW10684,6409.81,Completed,2026-05-05 13:33:00
ORD109128,2026-02-08,CA,P1042,PG1207,KW11943,411.12,Completed,2026-02-08 02:28:00
ORD109129,2025-12-21,IN,P1041,PG1335,KW10595,630.43,Cancelled,2025-12-21 07:47:00
ORD109130,2026-07-11,US,P1040,PG1011,KW10660,814.54,Pending,2026-07-11 07:34:00
ORD109131,2026-06-22,IN,P1016,PG1476,KW11132,1308.97,Completed,2026-06-22 00:41:00
ORD109132,2025-10-01,IN,P1024,PG1361,KW10659,901.43,Completed,2025-10-01 17:06:00
ORD109133,2026-05-12,US,P1001,PG1386,KW10595,748.77,Completed,2026-05-12 06:30:00
ORD109134,2026-04-07,JP,P1004,PG1247,KW11049,1300.58,Completed,2026-04-07 14:21:00
ORD109135,2026-09-15,DE,P1026,PG1454,KW10584,1100.67,Returned,2026-09-15 18:04:00
ORD109136,2026-08-23,US,P1035,PG1231,KW11884,2149.54,Returned,2026-08-23 05:03:00
ORD109137,2026-06-03,US,P1047,PG1163,KW10438,550.89,Pending,2026-06-03 13:52:00
ORD109138,2026-04-27,FR,P1016,PG1436,KW10137,429.85,Pending,2026-04-27 18:04:00
ORD109139,2025-12-18,DE,P1049,PG1376,KW10389,1113.98,Returned,2025-12-18 07:34:00
ORD109140,2025-11-17,CA,P1028,PG1289,KW11225,519.29,Completed,2025-11-17 05:37:00
ORD109141,2026-09-27,IN,P1037,PG1448,KW11498,723.31,Pending,2026-09-27 23:57:00
ORD109142,2026-09-30,BR,P1033,PG1101,KW10747,640.49,Completed,2026-09-30 04:32:00
ORD109143,2026-08-08,US,P1018,PG1304,KW11608,401.89,Returned,2026-08-08 23:37:00
ORD109144,2026-06-05,CA,P1009,PG1313,KW11622,534.86,Returned,2026-06-05 10:07:00
ORD109145,2026-03-14,US,P1014,PG1259,KW10447,291.88,Pending,2026-03-14 23:24:00
ORD109146,2026-04-22,FR,P1040,PG1122,KW10956,570.76,Completed,2026-04-22 13:44:00
ORD109147,2026-06-14,UK,P1034,PG1112,KW11084,1503.24,Returned,2026-06-14 18:05:00
ORD109148,2026-05-13,FR,P1034,PG1266,KW11380,900.9,Pending,2026-05-13 00:43:00
ORD109149,2026-01-27,UK,P1022,PG1162,KW11456,808.82,Returned,2026-01-27 10:27:00
ORD109150,2025-10-01,JP,P1026,PG1081,KW10775,814.28,Completed,2025-10-01 17:52:00
ORD109151,2025-12-16,IN,P1042,PG1260,KW11041,615.96,Cancelled,2025-12-16 10:43:00
ORD109152,2026-04-16,IN,P1020,PG1172,KW10318,1609.03,Completed,2026-04-16 16:45:00
ORD109153,2026-08-09,DE,P1005,PG1218,KW11611,625.61,Returned,2026-08-09 20:32:00
ORD109154,2026-06-09,FR,P1016,PG1323,KW10945,328.89,Cancelled,2026-06-09 16:22:00
ORD109155,2026-07-10,IN,P1046,PG1018,KW10819,1430.88,Returned,2026-07-10 14:13:00
ORD109156,2025-12-29,FR,P1020,PG1422,KW10083,428.65,Returned,2025-12-29 00:48:00
ORD109157,2026-04-29,US,P1017,PG1362,KW11428,843.65,Completed,2026-04-29 16:12:00
ORD109158,2026-01-25,BR,P1025,PG1265,KW10055,1032.91,Returned,2026-01-25 06:18:00
ORD109159,2025-12-23,BR,P1019,PG1028,KW10867,1041.08,Completed,2025-12-23 01:58:00
ORD109160,2026-08-20,IN,P1047,PG1405,KW11177,1084.87,Completed,2026-08-20 16:29:00
ORD109161,2026-09-21,JP,P1042,PG1320,KW10930,965.33,Completed,2026-09-21 10:41:00
ORD109162,2026-03-14,JP,P1038,PG1281,KW11731,1293.6,Cancelled,2026-03-14 10:17:00
ORD109163,2025-12-11,IN,P1050,PG1318,KW10097,1819.87,Pending,2025-12-11 04:09:00
ORD109164,2025-12-04,JP,P1038,PG1470,KW10543,345.04,Completed,2025-12-04 11:13:00
ORD109165,2026-07-28,AU,P1019,PG1240,KW11953,1593.38,Pending,2026-07-28 07:56:00
ORD109166,2026-08-11,US,P1017,PG1099,KW10606,347.74,Cancelled,2026-08-11 04:05:00
ORD109167,2026-02-01,US,P1049,PG1333,KW10090,978.19,Completed,2026-02-01 21:12:00
ORD109168,2026-05-21,IN,P1011,PG1323,KW10333,964.54,Completed,2026-05-21 16:44:00
ORD109169,2026-07-02,CA,P1016,PG1007,KW11850,1442.73,Pending,2026-07-02 04:45:00
ORD109170,2026-07-03,CA,P1040,PG1207,KW10534,922.29,Cancelled,2026-07-03 22:09:00
ORD109171,2026-03-16,AU,P1019,PG1187,KW10002,574.92,Completed,2026-03-16 14:36:00
ORD109172,2025-10-14,UK,P1006,PG1483,KW11451,1715.55,Completed,2025-10-14 06:01:00
ORD109173,2026-02-08,AU,P1021,PG1234,KW10066,1072.6,Pending,2026-02-08 03:24:00
ORD109174,2025-12-17,DE,P1010,PG1297,KW11629,894.96,Completed,2025-12-17 23:58:00
ORD109175,2026-04-16,BR,P1010,PG1103,KW11332,512.77,Returned,2026-04-16 20:15:00
ORD109176,2026-09-29,IN,P1020,PG1464,KW10612,771.34,Returned,2026-09-29 05:03:00
ORD109177,2026-07-05,MX,P1019,PG1310,KW10333,815.36,Cancelled,2026-07-05 01:36:00
ORD109178,2026-06-24,CA,P1037,PG1477,KW10304,572.83,Completed,2026-06-24 13:20:00
ORD109179,2026-07-31,US,P1038,PG1441,KW10652,941.92,Returned,2026-07-31 22:17:00
ORD109180,2026-08-04,AU,P1010,PG1395,KW11266,1498.74,Returned,2026-08-04 09:21:00
ORD109181,2026-03-28,IN,P1024,PG1488,KW10715,1173.48,Pending,2026-03-28 11:42:00
ORD109182,2026-02-28,CA,P1034,PG1164,KW10303,166.49,Returned,2026-02-28 13:08:00
ORD109183,2025-10-20,US,P1004,PG1414,KW11772,1481.77,Completed,2025-10-20 11:54:00
ORD109184,2026-07-23,US,P1019,PG1377,KW10492,1899.63,Pending,2026-07-23 09:20:00
ORD109185,2026-01-12,MX,P1040,PG1037,KW11824,507.5,Returned,2026-01-12 08:11:00
ORD109186,2026-09-06,BR,P1009,PG1239,KW10264,881.06,Completed,2026-09-06 11:25:00
ORD109187,2025-10-29,US,P1013,PG1010,KW11285,1262.55,Cancelled,2025-10-29 20:28:00
ORD109188,2026-09-08,AU,P1026,PG1266,KW10612,341.37,Cancelled,2026-09-08 01:44:00
ORD109189,2026-02-05,IN,P1039,PG1074,KW10385,557.43,Cancelled,2026-02-05 06:00:00
ORD109190,2026-09-30,US,P1013,PG1257,KW10232,840.33,Completed,2026-09-30 12:53:00
ORD109191,2026-04-08,CA,P1040,PG1252,KW11184,443.61,Completed,2026-04-08 23:51:00
ORD109192,2026-05-05,US,P1004,PG1287,KW11088,758.59,Cancelled,2026-05-05 07:40:00
ORD109193,2026-07-12,UK,P1008,PG1317,KW10008,1084.54,Pending,2026-07-12 22:18:00
ORD109194,2026-04-27,DE,P1023,PG1309,KW10547,480.32,Cancelled,2026-04-27 11:10:00
ORD109195,2026-01-08,AU,P1023,PG1149,KW11912,227.35,Returned,2026-01-08 09:21:00
ORD109196,2026-08-04,US,P1036,PG1371,KW11378,1440.13,Returned,2026-08-04 03:58:00
ORD109197,2026-05-02,MX,P1012,PG1115,KW11857,3145.26,Completed,2026-05-02 00:51:00
ORD109198,2026-06-25,JP,P1025,PG1192,KW10694,871.76,Cancelled,2026-06-25 21:15:00
ORD109199,2026-04-24,AU,P1013,PG1449,KW11979,1035.96,Completed,2026-04-24 13:18:00
ORD109200,2026-03-17,DE,P1019,PG1281,KW11645,442.96,Returned,2026-03-17 12:23:00
ORD109201,2026-03-27,MX,P1022,PG1057,KW10560,791.37,Pending,2026-03-27 22:06:00
ORD109202,2025-11-25,IN,P1008,PG1459,KW11237,1087.41,Completed,2025-11-25 06:29:00
ORD109203,2026-08-16,AU,P1046,PG1429,KW11036,641.58,Completed,2026-08-16 11:53:00
ORD109204,2026-04-19,AU,P1020,PG1386,KW11552,1165.57,Completed,2026-04-19 10:28:00
ORD109205,2026-05-29,AU,P1007,PG1433,KW10073,1106.84,Completed,2026-05-29 10:47:00
ORD109206,2026-03-16,US,P1005,PG1093,KW11780,779.47,Completed,2026-03-16 08:17:00
ORD109207,2025-12-17,JP,P1031,PG1098,KW10399,799.54,Cancelled,2025-12-17 09:10:00
ORD109208,2026-04-28,FR,P1031,PG1211,KW10108,831.27,Completed,2026-04-28 06:33:00
ORD109209,2026-05-22,AU,P1015,PG1380,KW11646,448.41,Returned,2026-05-22 10:12:00
ORD109210,2026-01-23,BR,P1035,PG1440,KW11582,497.81,Completed,2026-01-23 20:56:00
ORD109211,2026-08-14,IN,P1009,PG1469,KW11035,912.18,Completed,2026-08-14 09:56:00
ORD109212,2026-05-05,IN,P1026,PG1095,KW10863,513.55,Pending,2026-05-05 06:05:00
ORD109213,2025-11-26,UK,P1001,PG1062,KW11612,924.66,Completed,2025-11-26 15:27:00
ORD109214,2026-09-29,JP,P1021,PG1276,KW11320,272.95,Pending,2026-09-29 09:16:00
ORD109215,2026-02-22,AU,P1050,PG1384,KW11586,2240.31,Returned,2026-02-22 23:55:00
ORD109216,2025-12-25,MX,P1016,PG1493,KW11472,790.11,Completed,2025-12-25 23:41:00
ORD109217,2026-01-24,BR,P1016,PG1393,KW11138,547.28,Cancelled,2026-01-24 22:48:00
ORD109218,2026-09-12,CA,P1020,PG1145,KW10021,925.85,Cancelled,2026-09-12 05:46:00
ORD109219,2026-01-29,AU,P1009,PG1059,KW10251,616.2,Pending,2026-01-29 12:48:00
ORD109220,2026-05-22,DE,P1002,PG1448,KW11135,2030.4,Completed,2026-05-22 08:28:00
ORD109221,2026-01-26,AU,P1006,PG1152,KW11335,886.14,Completed,2026-01-26 06:44:00
ORD109222,2026-04-26,IN,P1041,PG1137,KW11343,1027.16,Pending,2026-04-26 03:34:00
ORD109223,2026-02-23,MX,P1050,PG1261,KW10981,704.31,Completed,2026-02-23 13:36:00
ORD109224,2026-09-22,BR,P1025,PG1051,KW11379,440.55,Completed,2026-09-22 02:53:00
ORD109225,2026-05-03,DE,P1019,PG1047,KW11065,890.44,Returned,2026-05-03 11:54:00
ORD109226,2026-09-27,IN,P1011,PG1459,KW11432,774.99,Cancelled,2026-09-27 00:45:00
ORD109227,2026-09-19,DE,P1044,PG1489,KW10547,748.44,Completed,2026-09-19 07:38:00
ORD109228,2026-01-31,FR,P1014,PG1313,KW11870,833.38,Completed,2026-01-31 06:09:00
ORD109229,2026-07-14,US,P1043,PG1474,KW11503,2849.63,Completed,2026-07-14 17:05:00
ORD109230,2026-01-09,UK,P1031,PG1161,KW10400,503.01,Returned,2026-01-09 23:22:00
ORD109231,2026-06-16,IN,P1048,PG1332,KW10613,676.16,Returned,2026-06-16 21:55:00
ORD109232,2025-12-26,JP,P1016,PG1049,KW10722,419.68,Cancelled,2025-12-26 22:31:00
ORD109233,2025-11-10,JP,P1021,PG1126,KW11508,558.39,Completed,2025-11-10 14:49:00
ORD109234,2026-09-09,FR,P1028,PG1397,KW10867,696.79,Completed,2026-09-09 06:22:00
ORD109235,2026-01-25,BR,P1019,PG1448,KW11944,406.72,Completed,2026-01-25 00:01:00
ORD109236,2026-06-08,CA,P1016,PG1009,KW10020,974.2,Completed,2026-06-08 04:40:00
ORD109237,2026-09-12,FR,P1031,PG1374,KW10796,908.04,Completed,2026-09-12 14:37:00
ORD109238,2026-08-14,IN,P1046,PG1019,KW11540,284.41,Pending,2026-08-14 13:43:00
ORD109239,2026-09-19,CA,P1037,PG1353,KW10719,1063.99,Cancelled,2026-09-19 15:04:00
ORD109240,2026-02-12,DE,P1008,PG1477,KW11444,1377.89,Cancelled,2026-02-12 22:16:00
ORD109241,2026-06-18,FR,P1009,PG1027,KW11783,783.33,Returned,2026-06-18 22:25:00
ORD109242,2026-01-09,MX,P1005,PG1206,KW11470,932.88,Completed,2026-01-09 00:15:00
ORD109243,2025-12-29,UK,P1046,PG1497,KW10151,376.17,Pending,2025-12-29 00:46:00
ORD109244,2025-12-31,UK,P1003,PG1102,KW10703,769.42,Completed,2025-12-31 07:31:00
ORD109245,2026-03-16,AU,P1021,PG1226,KW10902,350.1,Completed,2026-03-16 06:04:00
ORD109246,2026-05-22,IN,P1017,PG1317,KW11707,604.99,Returned,2026-05-22 23:34:00
ORD109247,2026-04-18,UK,P1017,PG1170,KW11655,249.94,Completed,2026-04-18 23:26:00
ORD109248,2026-03-14,MX,P1049,PG1494,KW11386,1423.92,Cancelled,2026-03-14 19:00:00
ORD109249,2025-10-16,US,P1039,PG1423,KW11578,768.64,Pending,2025-10-16 00:46:00
ORD109250,2025-11-04,IN,P1015,PG1317,KW10183,1354.34,Completed,2025-11-04 13:33:00
ORD109251,2026-01-29,CA,P1035,PG1357,KW10853,265.52,Completed,2026-01-29 12:33:00
ORD109252,2026-03-19,MX,P1029,PG1305,KW11705,466.5,Completed,2026-03-19 16:13:00
ORD109253,2026-09-16,BR,P1026,PG1095,KW11164,539.51,Completed,2026-09-16 13:22:00
ORD109254,2026-04-28,JP,P1025,PG1457,KW11625,604.46,Returned,2026-04-28 14:52:00
ORD109255,2025-10-09,AU,P1024,PG1428,KW10576,701.15,Pending,2025-10-09 08:58:00
ORD109256,2026-08-01,BR,P1026,PG1114,KW10576,436.37,Cancelled,2026-08-01 10:04:00
ORD109257,2026-05-10,BR,P1026,PG1233,KW11293,1229.74,Returned,2026-05-10 23:52:00
ORD109258,2026-08-26,AU,P1020,PG1042,KW11975,1334.7,Completed,2026-08-26 08:52:00
ORD109259,2025-12-12,CA,P1019,PG1376,KW11738,1474.94,Completed,2025-12-12 07:36:00
ORD109260,2026-05-17,IN,P1021,PG1409,KW11406,745.37,Cancelled,2026-05-17 00:17:00
ORD109261,2026-08-03,AU,P1004,PG1192,KW11245,2441.28,Returned,2026-08-03 02:26:00
ORD109262,2025-10-08,BR,P1039,PG1321,KW11958,743.3,Returned,2025-10-08 06:26:00
ORD109263,2025-11-08,JP,P1006,PG1311,KW11013,384.77,Cancelled,2025-11-08 10:04:00
ORD109264,2026-02-18,MX,P1014,PG1135,KW10804,2329.64,Pending,2026-02-18 17:08:00
ORD109265,2025-12-11,JP,P1005,PG1312,KW10394,1296.03,Completed,2025-12-11 16:58:00
ORD109266,2026-09-17,JP,P1008,PG1469,KW10093,588.56,Completed,2026-09-17 08:35:00
ORD109267,2025-12-18,MX,P1048,PG1113,KW11783,601.5,Completed,2025-12-18 21:36:00
ORD109268,2026-07-20,IN,P1038,PG1488,KW11934,770.86,Cancelled,2026-07-20 18:03:00
ORD109269,2025-10-14,US,P1006,PG1040,KW10950,618.12,Returned,2025-10-14 19:56:00
ORD109270,2025-11-24,AU,P1028,PG1270,KW10400,891.14,Pending,2025-11-24 04:26:00
ORD109271,2025-11-05,MX,P1017,PG1485,KW11701,299.68,Returned,2025-11-05 03:17:00
ORD109272,2025-10-21,DE,P1017,PG1228,KW11356,552.94,Returned,2025-10-21 12:53:00
ORD109273,2025-12-13,US,P1026,PG1251,KW11224,655.05,Completed,2025-12-13 10:05:00
ORD109274,2026-03-21,IN,P1018,PG1459,KW10417,1271.81,Pending,2026-03-21 08:48:00
ORD109275,2025-11-16,FR,P1034,PG1002,KW10103,1531.37,Returned,2025-11-16 14:52:00
ORD109276,2025-11-19,BR,P1040,PG1494,KW10224,830.29,Returned,2025-11-19 08:24:00
ORD109277,2026-05-08,BR,P1046,PG1402,KW11437,988.4,Pending,2026-05-08 10:58:00
ORD109278,2026-01-08,IN,P1004,PG1151,KW10332,666.68,Cancelled,2026-01-08 05:30:00
ORD109279,2025-12-19,FR,P1020,PG1357,KW10950,2120.81,Completed,2025-12-19 09:07:00
ORD109280,2026-02-08,JP,P1045,PG1205,KW11036,467.33,Completed,2026-02-08 09:29:00
ORD109281,2025-11-13,DE,P1031,PG1170,KW11849,2164.61,Completed,2025-11-13 12:20:00
ORD109282,2026-03-29,AU,P1027,PG1224,KW11020,389.97,Pending,2026-03-29 22:09:00
ORD109283,2025-11-26,DE,P1010,PG1295,KW11686,969.56,Completed,2025-11-26 21:04:00
ORD109284,2026-01-28,IN,P1006,PG1446,KW10786,804.43,Cancelled,2026-01-28 11:08:00
ORD109285,2026-08-04,JP,P1018,PG1047,KW11243,1214.34,Pending,2026-08-04 04:34:00
ORD109286,2026-07-17,CA,P1005,PG1317,KW10053,667.29,Pending,2026-07-17 17:30:00
ORD109287,2026-05-13,BR,P1027,PG1056,KW11668,1420.06,Pending,2026-05-13 09:16:00
ORD109288,2026-09-29,IN,P1050,PG1118,KW10829,654.99,Pending,2026-09-29 05:55:00
ORD109289,2026-09-13,CA,P1011,PG1117,KW11666,430.1,Completed,2026-09-13 01:03:00
ORD109290,2026-04-13,UK,P1022,PG1264,KW10176,634.72,Returned,2026-04-13 08:48:00
ORD109291,2026-01-10,FR,P1038,PG1442,KW10834,1105.87,Completed,2026-01-10 14:18:00
ORD109292,2026-04-03,DE,P1015,PG1368,KW11111,647.83,Returned,2026-04-03 15:15:00
ORD109293,2025-11-03,IN,P1039,PG1478,KW10305,405.81,Cancelled,2025-11-03 04:05:00
ORD109294,2025-12-10,FR,P1007,PG1210,KW10929,780.27,Completed,2025-12-10 08:11:00
ORD109295,2026-01-22,US,P1014,PG1468,KW11788,414.62,Cancelled,2026-01-22 11:57:00
ORD109296,2026-06-25,AU,P1007,PG1328,KW10823,775.47,Completed,2026-06-25 20:49:00
ORD109297,2026-05-26,AU,P1040,PG1464,KW11026,795.08,Cancelled,2026-05-26 21:59:00
ORD109298,2026-01-16,BR,P1048,PG1307,KW11094,794.51,Completed,2026-01-16 11:35:00
ORD109299,2025-12-14,CA,P1028,PG1190,KW10831,777.39,Completed,2025-12-14 21:44:00
ORD109300,2026-08-02,JP,P1007,PG1034,KW11896,291.47,Completed,2026-08-02 11:17:00
ORD109301,2026-08-09,UK,P1033,PG1204,KW10309,1918.61,Completed,2026-08-09 01:25:00
ORD109302,2026-03-30,MX,P1035,PG1145,KW11268,376.71,Pending,2026-03-30 17:27:00
ORD109303,2026-08-27,US,P1025,PG1481,KW11543,526.32,Completed,2026-08-27 07:12:00
ORD109304,2026-04-09,CA,P1011,PG1153,KW10018,983.22,Completed,2026-04-09 21:12:00
ORD109305,2026-07-21,FR,P1044,PG1098,KW11080,460.5,Completed,2026-07-21 14:26:00
ORD109306,2026-05-12,US,P1036,PG1123,KW11456,1124.8,Cancelled,2026-05-12 11:07:00
ORD109307,2026-07-03,IN,P1001,PG1018,KW11949,1361.11,Completed,2026-07-03 07:42:00
ORD109308,2026-09-03,BR,P1038,PG1426,KW10113,1815.06,Completed,2026-09-03 16:19:00
ORD109309,2026-03-07,IN,P1011,PG1336,KW10785,686.45,Completed,2026-03-07 09:26:00
ORD109310,2026-09-26,BR,P1033,PG1190,KW11445,2226.9,Completed,2026-09-26 17:58:00
ORD109311,2026-05-23,IN,P1021,PG1381,KW10154,734.3,Completed,2026-05-23 05:50:00
ORD109312,2026-08-19,BR,P1049,PG1455,KW11153,2016.84,Completed,2026-08-19 18:26:00
ORD109313,2026-06-07,BR,P1001,PG1113,KW11167,575.19,Completed,2026-06-07 18:46:00
ORD109314,2026-03-09,IN,P1024,PG1414,KW11622,831.9,Pending,2026-03-09 01:39:00
ORD109315,2025-10-07,FR,P1013,PG1469,KW10186,512.36,Pending,2025-10-07 05:24:00
ORD109316,2026-08-17,MX,P1030,PG1333,KW11837,543.44,Completed,2026-08-17 08:17:00
ORD109317,2026-06-14,BR,P1040,PG1252,KW11903,943.82,Cancelled,2026-06-14 00:40:00
ORD109318,2026-09-03,JP,P1030,PG1150,KW10820,1120.72,Completed,2026-09-03 14:14:00
ORD109319,2026-09-01,AU,P1040,PG1228,KW11660,570.21,Returned,2026-09-01 07:10:00
ORD109320,2026-05-20,FR,P1029,PG1431,KW10853,735.31,Completed,2026-05-20 09:29:00
ORD109321,2026-05-15,BR,P1032,PG1435,KW10113,1242.39,Pending,2026-05-15 01:54:00
ORD109322,2026-05-27,CA,P1007,PG1097,KW11692,1048.79,Cancelled,2026-05-27 11:12:00
ORD109323,2026-09-25,DE,P1012,PG1128,KW10382,518.18,Returned,2026-09-25 02:33:00
ORD109324,2026-07-11,MX,P1041,PG1116,KW10141,1035.56,Completed,2026-07-11 14:59:00
ORD109325,2026-01-23,UK,P1004,PG1173,KW11853,630.06,Returned,2026-01-23 05:49:00
ORD109326,2026-01-01,IN,P1031,PG1125,KW10322,413.79,Completed,2026-01-01 15:05:00
ORD109327,2026-01-18,AU,P1022,PG1344,KW11311,1040.32,Completed,2026-01-18 13:43:00
ORD109328,2026-01-04,BR,P1046,PG1222,KW11408,618.9,Returned,2026-01-04 14:11:00
ORD109329,2026-09-27,IN,P1021,PG1201,KW10948,1298.18,Completed,2026-09-27 15:27:00
ORD109330,2026-04-23,DE,P1047,PG1471,KW11224,573.35,Completed,2026-04-23 20:58:00
ORD109331,2026-01-20,UK,P1029,PG1333,KW10207,784.73,Pending,2026-01-20 08:19:00
ORD109332,2026-06-15,UK,P1035,PG1175,KW11029,410.32,Returned,2026-06-15 13:03:00
ORD109333,2025-11-25,BR,P1006,PG1383,KW10734,507.67,Completed,2025-11-25 05:07:00
ORD109334,2026-03-22,US,P1047,PG1354,KW10918,718.48,Cancelled,2026-03-22 11:48:00
ORD109335,2026-01-22,DE,P1020,PG1162,KW10838,1054.77,Completed,2026-01-22 22:13:00
ORD109336,2025-12-26,JP,P1022,PG1417,KW11816,503.15,Completed,2025-12-26 00:22:00
ORD109337,2026-03-16,MX,P1015,PG1465,KW11364,600.56,Completed,2026-03-16 20:54:00
ORD109338,2026-01-09,AU,P1015,PG1202,KW10257,2452.85,Completed,2026-01-09 22:38:00
ORD109339,2026-03-24,AU,P1019,PG1155,KW10800,878.95,Pending,2026-03-24 23:32:00
ORD109340,2026-01-25,JP,P1024,PG1056,KW10480,888.11,Completed,2026-01-25 01:45:00
ORD109341,2026-03-25,JP,P1018,PG1346,KW11466,1382.37,Completed,2026-03-25 08:46:00
ORD109342,2025-10-03,UK,P1044,PG1124,KW10723,1354.63,Cancelled,2025-10-03 10:11:00
ORD109343,2026-03-13,FR,P1041,PG1374,KW10959,474.5,Pending,2026-03-13 22:15:00
ORD109344,2026-02-08,JP,P1038,PG1169,KW10407,461.94,Completed,2026-02-08 09:19:00
ORD109345,2026-09-15,MX,P1023,PG1037,KW10393,298.59,Pending,2026-09-15 18:23:00
ORD109346,2026-08-19,FR,P1031,PG1007,KW10896,1077.15,Cancelled,2026-08-19 02:59:00
ORD109347,2026-04-26,MX,P1010,PG1407,KW10348,3307.5,Completed,2026-04-26 11:09:00
ORD109348,2026-07-10,AU,P1027,PG1183,KW11069,667.84,Completed,2026-07-10 07:51:00
ORD109349,2026-08-07,CA,P1013,PG1234,KW11624,1299.46,Cancelled,2026-08-07 01:03:00
ORD109350,2026-07-27,JP,P1035,PG1224,KW10042,381.21,Completed,2026-07-27 01:15:00
ORD109351,2026-05-31,IN,P1022,PG1240,KW11264,492.47,Cancelled,2026-05-31 20:41:00
ORD109352,2026-04-15,FR,P1029,PG1410,KW10465,313.64,Completed,2026-04-15 01:23:00
ORD109353,2026-07-01,US,P1021,PG1100,KW10343,581.15,Pending,2026-07-01 09:32:00
ORD109354,2026-05-27,US,P1014,PG1203,KW10340,826.84,Returned,2026-05-27 02:08:00
ORD109355,2026-07-05,US,P1034,PG1314,KW11575,632.28,Completed,2026-07-05 19:24:00
ORD109356,2026-09-20,AU,P1012,PG1009,KW11934,1297.91,Completed,2026-09-20 14:56:00
ORD109357,2026-07-25,BR,P1016,PG1236,KW10466,1179.1,Completed,2026-07-25 10:03:00
ORD109358,2026-01-10,UK,P1011,PG1388,KW11727,1617.25,Returned,2026-01-10 23:10:00
ORD109359,2026-03-25,JP,P1041,PG1120,KW11726,541.36,Completed,2026-03-25 15:45:00
ORD109360,2025-11-26,UK,P1010,PG1141,KW11601,1095.42,Completed,2025-11-26 16:08:00
ORD109361,2025-10-28,IN,P1005,PG1089,KW11292,1187.72,Completed,2025-10-28 03:27:00
ORD109362,2026-02-21,AU,P1022,PG1015,KW10122,1359.28,Cancelled,2026-02-21 05:53:00
ORD109363,2026-02-13,BR,P1047,PG1194,KW11647,858.36,Completed,2026-02-13 11:20:00
ORD109364,2026-02-07,FR,P1009,PG1331,KW11066,670.87,Completed,2026-02-07 03:43:00
ORD109365,2026-07-29,DE,P1026,PG1258,KW10887,1052.84,Pending,2026-07-29 16:06:00
ORD109366,2026-06-27,MX,P1028,PG1277,KW10896,422.38,Completed,2026-06-27 19:29:00
ORD109367,2026-07-29,MX,P1011,PG1092,KW11459,464.99,Cancelled,2026-07-29 19:55:00
ORD109368,2026-07-31,JP,P1033,PG1240,KW10975,821.82,Completed,2026-07-31 16:01:00
ORD109369,2026-02-17,MX,P1007,PG1496,KW11410,245.08,Returned,2026-02-17 10:08:00
ORD109370,2026-02-14,IN,P1010,PG1044,KW10513,464.9,Cancelled,2026-02-14 12:23:00
ORD109371,2026-07-06,UK,P1004,PG1350,KW10556,1351.9,Cancelled,2026-07-06 00:21:00
ORD109372,2026-04-09,CA,P1024,PG1359,KW11287,1675.15,Pending,2026-04-09 17:11:00
ORD109373,2025-10-01,CA,P1009,PG1313,KW11796,378.95,Completed,2025-10-01 18:02:00
ORD109374,2026-03-04,BR,P1032,PG1481,KW11538,518.48,Cancelled,2026-03-04 08:27:00
ORD109375,2026-06-15,FR,P1015,PG1490,KW10294,690.93,Returned,2026-06-15 09:06:00
ORD109376,2026-06-02,JP,P1043,PG1148,KW11828,928.11,Completed,2026-06-02 05:25:00
ORD109377,2026-02-13,IN,P1041,PG1216,KW11909,1046.14,Returned,2026-02-13 19:28:00
ORD109378,2025-11-01,MX,P1009,PG1411,KW10550,1356.8,Completed,2025-11-01 20:35:00
ORD109379,2026-07-04,MX,P1033,PG1421,KW10070,490.83,Cancelled,2026-07-04 10:46:00
ORD109380,2026-01-14,MX,P1008,PG1101,KW11800,334.92,Completed,2026-01-14 14:30:00
ORD109381,2026-09-05,AU,P1041,PG1229,KW10060,500.18,Cancelled,2026-09-05 11:08:00
ORD109382,2026-04-25,US,P1049,PG1005,KW10682,816.82,Returned,2026-04-25 12:51:00
ORD109383,2026-02-21,AU,P1039,PG1092,KW11911,371.87,Pending,2026-02-21 06:54:00
ORD109384,2026-06-10,JP,P1043,PG1319,KW11424,374.66,Pending,2026-06-10 09:03:00
ORD109385,2026-01-27,US,P1034,PG1272,KW11929,990.09,Completed,2026-01-27 01:33:00
ORD109386,2025-11-18,US,P1015,PG1321,KW10155,609.45,Pending,2025-11-18 21:56:00
ORD109387,2026-08-11,AU,P1008,PG1159,KW11386,1594.83,Cancelled,2026-08-11 18:37:00
ORD109388,2026-07-28,FR,P1019,PG1474,KW10233,663.83,Completed,2026-07-28 12:47:00
ORD109389,2025-12-06,DE,P1035,PG1258,KW11634,431.8,Completed,2025-12-06 22:41:00
ORD109390,2026-06-13,AU,P1040,PG1053,KW11699,713.63,Pending,2026-06-13 15:45:00
ORD109391,2026-07-26,MX,P1050,PG1184,KW11945,1500.33,Cancelled,2026-07-26 04:18:00
ORD109392,2026-08-09,JP,P1024,PG1433,KW11180,817.0,Completed,2026-08-09 11:40:00
ORD109393,2026-02-19,JP,P1030,PG1479,KW10886,383.12,Completed,2026-02-19 19:43:00
ORD109394,2026-08-31,BR,P1003,PG1485,KW10263,914.07,Cancelled,2026-08-31 03:22:00
ORD109395,2025-11-30,BR,P1023,PG1319,KW11946,297.28,Completed,2025-11-30 11:13:00
ORD109396,2026-05-12,JP,P1046,PG1028,KW11440,1804.47,Completed,2026-05-12 03:54:00
ORD109397,2026-08-04,MX,P1031,PG1274,KW11912,257.08,Cancelled,2026-08-04 08:55:00
ORD109398,2025-11-21,AU,P1049,PG1372,KW10300,1041.21,Cancelled,2025-11-21 13:09:00
ORD109399,2025-10-27,MX,P1027,PG1400,KW11895,1373.91,Cancelled,2025-10-27 00:30:00
ORD109400,2026-03-16,AU,P1019,PG1222,KW10402,3034.44,Completed,2026-03-16 20:12:00
ORD109401,2025-11-18,DE,P1024,PG1436,KW11236,598.98,Cancelled,2025-11-18 03:53:00
ORD109402,2026-09-29,CA,P1001,PG1023,KW10888,841.9,Completed,2026-09-29 22:35:00
ORD109403,2026-09-11,IN,P1021,PG1280,KW10182,1335.57,Completed,2026-09-11 06:51:00
ORD109404,2026-06-17,BR,P1011,PG1161,KW10581,502.64,Pending,2026-06-17 06:48:00
ORD109405,2026-08-25,MX,P1019,PG1316,KW10057,885.35,Completed,2026-08-25 01:08:00
ORD109406,2025-11-11,BR,P1045,PG1491,KW10068,759.36,Pending,2025-11-11 15:19:00
ORD109407,2026-03-14,FR,P1047,PG1482,KW11228,653.99,Completed,2026-03-14 12:12:00
ORD109408,2026-05-05,UK,P1016,PG1321,KW11029,2225.97,Returned,2026-05-05 00:32:00
ORD109409,2026-05-02,MX,P1050,PG1257,KW11352,999.86,Completed,2026-05-02 17:15:00
ORD109410,2026-05-30,US,P1028,PG1363,KW11927,550.49,Pending,2026-05-30 17:58:00
ORD109411,2026-03-04,MX,P1039,PG1393,KW10580,545.8,Completed,2026-03-04 05:37:00
ORD109412,2026-05-11,FR,P1019,PG1489,KW11203,972.12,Cancelled,2026-05-11 11:47:00
ORD109413,2026-04-07,DE,P1007,PG1013,KW10014,430.95,Cancelled,2026-04-07 07:24:00
ORD109414,2026-01-02,DE,P1029,PG1450,KW10244,449.87,Cancelled,2026-01-02 06:42:00
ORD109415,2025-11-18,AU,P1004,PG1099,KW11245,1015.15,Completed,2025-11-18 12:36:00
ORD109416,2026-07-23,US,P1044,PG1404,KW11012,985.44,Completed,2026-07-23 10:39:00
ORD109417,2026-07-24,AU,P1002,PG1019,KW10397,1475.79,Cancelled,2026-07-24 23:13:00
ORD109418,2026-08-07,IN,P1028,PG1407,KW10874,991.1,Cancelled,2026-08-07 17:56:00
ORD109419,2026-02-27,JP,P1004,PG1421,KW10780,2659.92,Pending,2026-02-27 16:56:00
ORD109420,2026-07-01,DE,P1002,PG1012,KW10119,577.94,Pending,2026-07-01 23:22:00
ORD109421,2026-09-26,AU,P1014,PG1233,KW11416,435.6,Completed,2026-09-26 05:08:00
ORD109422,2026-08-22,BR,P1024,PG1131,KW11294,1371.57,Completed,2026-08-22 10:16:00
ORD109423,2026-01-31,US,P1023,PG1071,KW11085,668.48,Completed,2026-01-31 01:23:00
ORD109424,2026-01-28,DE,P1021,PG1017,KW10729,411.49,Completed,2026-01-28 00:30:00
ORD109425,2025-10-21,IN,P1042,PG1254,KW10358,844.21,Cancelled,2025-10-21 01:43:00
ORD109426,2026-05-20,US,P1047,PG1316,KW10471,510.13,Pending,2026-05-20 22:14:00
ORD109427,2026-03-02,DE,P1045,PG1161,KW10172,1718.81,Completed,2026-03-02 14:02:00
ORD109428,2025-11-17,FR,P1012,PG1249,KW10733,1270.93,Completed,2025-11-17 21:40:00
ORD109429,2026-06-19,AU,P1025,PG1495,KW11026,778.46,Returned,2026-06-19 20:57:00
ORD109430,2026-05-20,UK,P1049,PG1091,KW10568,488.82,Completed,2026-05-20 22:26:00
ORD109431,2026-01-31,JP,P1007,PG1010,KW11970,527.83,Completed,2026-01-31 12:19:00
ORD109432,2025-10-01,MX,P1045,PG1146,KW10568,286.15,Cancelled,2025-10-01 16:22:00
ORD109433,2026-07-03,BR,P1029,PG1300,KW11298,1269.66,Completed,2026-07-03 15:16:00
ORD109434,2026-04-07,UK,P1038,PG1284,KW11918,849.92,Pending,2026-04-07 07:01:00
ORD109435,2026-07-03,FR,P1023,PG1353,KW10147,890.95,Completed,2026-07-03 13:12:00
ORD109436,2025-10-31,JP,P1001,PG1223,KW10775,809.1,Completed,2025-10-31 06:33:00
ORD109437,2025-10-10,DE,P1031,PG1219,KW10337,1456.53,Completed,2025-10-10 10:34:00
ORD109438,2026-03-02,UK,P1008,PG1427,KW11004,565.33,Pending,2026-03-02 07:19:00
ORD109439,2026-04-18,JP,P1003,PG1218,KW10746,344.1,Completed,2026-04-18 15:30:00
ORD109440,2026-08-06,FR,P1028,PG1218,KW11489,1743.34,Completed,2026-08-06 09:31:00
ORD109441,2025-11-04,UK,P1028,PG1493,KW11172,815.96,Pending,2025-11-04 01:49:00
ORD109442,2026-02-10,BR,P1012,PG1370,KW11065,398.56,Completed,2026-02-10 04:08:00
ORD109443,2025-12-27,IN,P1027,PG1100,KW10986,1060.44,Pending,2025-12-27 08:18:00
ORD109444,2026-04-20,IN,P1044,PG1470,KW10560,772.38,Completed,2026-04-20 05:11:00
ORD109445,2025-11-27,IN,P1039,PG1473,KW11706,376.17,Completed,2025-11-27 04:02:00
ORD109446,2026-06-11,US,P1043,PG1119,KW11554,232.99,Returned,2026-06-11 23:35:00
ORD109447,2026-08-02,IN,P1021,PG1193,KW10876,1522.18,Cancelled,2026-08-02 17:31:00
ORD109448,2026-09-23,MX,P1001,PG1365,KW10691,710.29,Pending,2026-09-23 06:38:00
ORD109449,2026-05-04,BR,P1039,PG1180,KW10176,2304.65,Completed,2026-05-04 18:12:00
ORD109450,2026-04-13,MX,P1040,PG1306,KW11845,254.24,Returned,2026-04-13 10:04:00
ORD109451,2025-10-06,US,P1047,PG1229,KW10482,541.68,Cancelled,2025-10-06 11:38:00
ORD109452,2026-01-24,JP,P1022,PG1231,KW11803,404.73,Pending,2026-01-24 14:11:00
ORD109453,2026-06-24,CA,P1045,PG1076,KW11032,387.16,Returned,2026-06-24 18:53:00
ORD109454,2026-06-24,IN,P1026,PG1218,KW11579,255.15,Completed,2026-06-24 14:20:00
ORD109455,2026-02-27,AU,P1034,PG1019,KW10114,877.53,Returned,2026-02-27 23:09:00
ORD109456,2025-12-23,AU,P1045,PG1347,KW10069,721.69,Completed,2025-12-23 19:01:00
ORD109457,2026-08-23,AU,P1016,PG1374,KW11266,735.36,Pending,2026-08-23 13:04:00
ORD109458,2025-11-21,IN,P1037,PG1373,KW11645,544.89,Returned,2025-11-21 14:42:00
ORD109459,2026-09-13,UK,P1045,PG1177,KW10009,1018.54,Completed,2026-09-13 21:36:00
ORD109460,2026-05-30,US,P1028,PG1244,KW10344,1057.79,Returned,2026-05-30 02:52:00
ORD109461,2026-01-23,DE,P1048,PG1202,KW11007,870.76,Returned,2026-01-23 16:51:00
ORD109462,2026-03-15,UK,P1045,PG1067,KW10196,2324.96,Returned,2026-03-15 10:17:00
ORD109463,2026-04-27,JP,P1005,PG1175,KW10535,814.26,Pending,2026-04-27 00:34:00
ORD109464,2025-11-23,IN,P1019,PG1190,KW10105,1021.62,Returned,2025-11-23 22:30:00
ORD109465,2025-11-05,CA,P1029,PG1198,KW10072,1290.9,Pending,2025-11-05 20:25:00
ORD109466,2026-03-05,US,P1036,PG1048,KW11709,646.87,Completed,2026-03-05 15:26:00
ORD109467,2026-02-01,CA,P1017,PG1033,KW10895,773.71,Cancelled,2026-02-01 07:45:00
ORD109468,2026-07-01,DE,P1032,PG1123,KW11302,456.71,Completed,2026-07-01 06:18:00
ORD109469,2025-10-01,FR,P1048,PG1235,KW11130,1026.82,Pending,2025-10-01 22:38:00
ORD109470,2025-12-29,DE,P1025,PG1442,KW10048,1210.93,Returned,2025-12-29 12:49:00
ORD109471,2026-06-25,BR,P1002,PG1356,KW10359,268.42,Returned,2026-06-25 06:24:00
ORD109472,2026-07-12,IN,P1040,PG1315,KW11915,1596.7,Returned,2026-07-12 21:22:00
ORD109473,2026-07-05,US,P1028,PG1425,KW10031,1187.64,Pending,2026-07-05 13:00:00
ORD109474,2026-03-20,UK,P1032,PG1437,KW10780,336.67,Completed,2026-03-20 19:07:00
ORD109475,2025-11-07,MX,P1033,PG1122,KW11209,800.02,Pending,2025-11-07 04:54:00
ORD109476,2025-11-09,FR,P1047,PG1146,KW11072,567.33,Completed,2025-11-09 04:44:00
ORD109477,2026-05-14,AU,P1011,PG1146,KW11281,929.51,Pending,2026-05-14 10:08:00
ORD109478,2025-12-24,UK,P1003,PG1329,KW10262,624.44,Pending,2025-12-24 13:31:00
ORD109479,2026-03-09,CA,P1014,PG1050,KW11508,1092.18,Pending,2026-03-09 08:51:00
ORD109480,2026-08-12,FR,P1033,PG1103,KW10273,566.02,Pending,2026-08-12 05:42:00
ORD109481,2026-04-29,US,P1036,PG1086,KW11863,312.81,Completed,2026-04-29 03:07:00
ORD109482,2026-04-16,FR,P1022,PG1007,KW11974,323.25,Completed,2026-04-16 08:11:00
ORD109483,2026-01-04,UK,P1014,PG1207,KW10271,181.36,Completed,2026-01-04 17:18:00
ORD109484,2026-03-21,FR,P1014,PG1134,KW10822,1031.38,Completed,2026-03-21 11:59:00
ORD109485,2026-03-13,MX,P1040,PG1301,KW10596,1024.48,Pending,2026-03-13 22:40:00
ORD109486,2025-10-09,UK,P1046,PG1075,KW11111,1704.26,Completed,2025-10-09 17:31:00
ORD109487,2026-07-14,DE,P1001,PG1481,KW11425,430.79,Cancelled,2026-07-14 12:18:00
ORD109488,2026-06-20,BR,P1031,PG1057,KW10300,337.45,Cancelled,2026-06-20 18:14:00
ORD109489,2026-07-19,BR,P1028,PG1363,KW10411,848.04,Completed,2026-07-19 03:45:00
ORD109490,2026-01-29,BR,P1023,PG1456,KW10804,310.44,Returned,2026-01-29 10:01:00
ORD109491,2025-12-29,JP,P1008,PG1235,KW11370,644.53,Returned,2025-12-29 18:09:00
ORD109492,2026-06-09,AU,P1028,PG1126,KW11272,977.54,Cancelled,2026-06-09 02:41:00
ORD109493,2026-01-05,CA,P1028,PG1359,KW11314,788.01,Returned,2026-01-05 12:18:00
ORD109494,2025-12-02,MX,P1029,PG1372,KW10105,370.85,Cancelled,2025-12-02 01:08:00
ORD109495,2025-10-17,US,P1021,PG1159,KW11175,689.69,Pending,2025-10-17 14:26:00
ORD109496,2026-02-28,MX,P1046,PG1097,KW11230,598.94,Completed,2026-02-28 11:39:00
ORD109497,2026-07-31,FR,P1044,PG1449,KW11830,1243.08,Completed,2026-07-31 20:55:00
ORD109498,2026-02-10,IN,P1037,PG1173,KW11350,1722.14,Cancelled,2026-02-10 23:30:00
ORD109499,2025-12-04,MX,P1016,PG1256,KW11062,1388.65,Pending,2025-12-04 18:13:00
ORD109500,2026-02-04,UK,P1015,PG1295,KW11765,397.44,Returned,2026-02-04 11:08:00
ORD109501,2026-08-23,UK,P1027,PG1379,KW10856,638.74,Returned,2026-08-23 04:38:00
ORD109502,2026-02-24,BR,P1018,PG1177,KW10572,376.15,Cancelled,2026-02-24 19:34:00
ORD109503,2025-12-01,MX,P1040,PG1427,KW10948,1456.09,Cancelled,2025-12-01 23:30:00
ORD109504,2025-10-08,US,P1036,PG1091,KW10889,614.31,Completed,2025-10-08 16:38:00
ORD109505,2026-01-13,AU,P1037,PG1041,KW11387,893.07,Completed,2026-01-13 03:11:00
ORD109506,2026-05-04,AU,P1024,PG1413,KW10324,1519.85,Returned,2026-05-04 12:54:00
ORD109507,2025-11-12,UK,P1019,PG1147,KW10893,717.59,Cancelled,2025-11-12 16:35:00
ORD109508,2025-10-22,JP,P1034,PG1120,KW11996,629.86,Completed,2025-10-22 03:13:00
ORD109509,2026-07-02,DE,P1036,PG1311,KW10070,739.35,Cancelled,2026-07-02 14:49:00
ORD109510,2026-07-25,CA,P1045,PG1476,KW11216,1009.12,Cancelled,2026-07-25 02:22:00
ORD109511,2026-09-05,UK,P1032,PG1257,KW10538,1236.96,Completed,2026-09-05 03:36:00
ORD109512,2026-09-16,CA,P1018,PG1061,KW10084,653.98,Returned,2026-09-16 18:28:00
ORD109513,2026-07-14,UK,P1014,PG1323,KW10175,1563.1,Cancelled,2026-07-14 06:17:00
ORD109514,2026-01-10,AU,P1004,PG1481,KW10852,686.16,Completed,2026-01-10 03:51:00
ORD109515,2026-05-14,CA,P1037,PG1359,KW11206,2030.8,Returned,2026-05-14 21:00:00
ORD109516,2026-02-24,MX,P1031,PG1441,KW11455,697.31,Returned,2026-02-24 12:17:00
ORD109517,2026-07-07,BR,P1020,PG1432,KW11604,1169.27,Cancelled,2026-07-07 11:20:00
ORD109518,2026-06-30,DE,P1023,PG1147,KW11127,961.42,Completed,2026-06-30 10:09:00
ORD109519,2026-07-15,CA,P1033,PG1263,KW11520,1702.37,Returned,2026-07-15 11:12:00
ORD109520,2026-02-07,UK,P1017,PG1177,KW11348,1607.75,Completed,2026-02-07 08:08:00
ORD109521,2026-08-13,IN,P1018,PG1071,KW11566,297.58,Returned,2026-08-13 16:50:00
ORD109522,2025-10-30,BR,P1037,PG1476,KW10199,330.1,Returned,2025-10-30 01:18:00
ORD109523,2026-03-19,AU,P1029,PG1290,KW10662,657.19,Completed,2026-03-19 03:39:00
ORD109524,2026-08-10,MX,P1007,PG1481,KW10455,353.13,Completed,2026-08-10 13:41:00
ORD109525,2025-10-22,IN,P1023,PG1416,KW11012,710.83,Pending,2025-10-22 06:50:00
ORD109526,2026-02-02,MX,P1043,PG1045,KW10849,1087.64,Completed,2026-02-02 01:10:00
ORD109527,2026-03-21,JP,P1009,PG1299,KW11105,964.01,Completed,2026-03-21 15:16:00
ORD109528,2026-06-20,US,P1004,PG1151,KW10489,391.61,Pending,2026-06-20 05:34:00
ORD109529,2026-06-02,CA,P1011,PG1150,KW11565,1107.89,Completed,2026-06-02 03:03:00
ORD109530,2026-06-27,UK,P1003,PG1330,KW10942,1248.97,Completed,2026-06-27 22:02:00
ORD109531,2026-01-29,DE,P1013,PG1260,KW10911,483.3,Cancelled,2026-01-29 13:45:00
ORD109532,2026-01-09,JP,P1042,PG1372,KW10053,414.79,Completed,2026-01-09 08:51:00
ORD109533,2026-01-06,IN,P1002,PG1061,KW10734,1095.32,Completed,2026-01-06 22:12:00
ORD109534,2026-06-25,AU,P1021,PG1004,KW10757,926.14,Cancelled,2026-06-25 15:25:00
ORD109535,2026-07-15,AU,P1025,PG1089,KW11941,498.03,Completed,2026-07-15 21:56:00
ORD109536,2026-06-25,IN,P1002,PG1437,KW11608,659.63,Returned,2026-06-25 12:33:00
ORD109537,2025-12-22,BR,P1027,PG1176,KW10594,395.19,Pending,2025-12-22 00:42:00
ORD109538,2026-03-31,JP,P1028,PG1293,KW10977,2191.53,Cancelled,2026-03-31 21:19:00
ORD109539,2026-03-21,FR,P1039,PG1465,KW10516,539.49,Completed,2026-03-21 03:59:00
ORD109540,2026-02-17,US,P1040,PG1482,KW10761,828.24,Pending,2026-02-17 21:45:00
ORD109541,2026-08-08,BR,P1011,PG1326,KW11518,360.12,Returned,2026-08-08 23:39:00
ORD109542,2026-04-15,CA,P1023,PG1371,KW10399,1190.7,Completed,2026-04-15 15:12:00
ORD109543,2026-03-03,CA,P1008,PG1364,KW11335,1352.9,Pending,2026-03-03 13:40:00
ORD109544,2026-06-02,CA,P1009,PG1267,KW10411,665.87,Cancelled,2026-06-02 10:51:00
ORD109545,2025-10-15,FR,P1031,PG1473,KW10010,1061.19,Completed,2025-10-15 14:59:00
ORD109546,2025-11-17,BR,P1023,PG1102,KW10959,3404.92,Completed,2025-11-17 09:27:00
ORD109547,2025-10-15,JP,P1020,PG1174,KW10397,867.57,Pending,2025-10-15 10:28:00
ORD109548,2025-11-26,AU,P1048,PG1346,KW10556,821.36,Returned,2025-11-26 01:48:00
ORD109549,2025-10-01,AU,P1014,PG1021,KW11146,489.28,Cancelled,2025-10-01 20:25:00
ORD109550,2026-08-04,IN,P1034,PG1175,KW10597,796.98,Completed,2026-08-04 14:12:00
ORD109551,2025-10-26,FR,P1011,PG1463,KW10283,372.24,Completed,2025-10-26 07:56:00
ORD109552,2026-05-06,FR,P1002,PG1304,KW11144,288.83,Completed,2026-05-06 03:47:00
ORD109553,2026-03-11,JP,P1045,PG1218,KW10034,650.51,Completed,2026-03-11 08:56:00
ORD109554,2026-02-19,CA,P1018,PG1362,KW11531,1204.07,Completed,2026-02-19 13:47:00
ORD109555,2025-12-25,UK,P1005,PG1158,KW11579,1531.06,Completed,2025-12-25 12:57:00
ORD109556,2025-12-31,BR,P1008,PG1148,KW11924,636.58,Completed,2025-12-31 05:24:00
ORD109557,2026-04-08,UK,P1048,PG1370,KW10438,1034.75,Completed,2026-04-08 01:13:00
ORD109558,2026-06-09,CA,P1034,PG1186,KW10069,319.37,Completed,2026-06-09 06:37:00
ORD109559,2026-01-18,UK,P1012,PG1083,KW11047,816.78,Pending,2026-01-18 21:42:00
ORD109560,2026-01-20,UK,P1044,PG1168,KW11463,517.58,Completed,2026-01-20 14:23:00
ORD109561,2026-03-08,MX,P1001,PG1242,KW11067,1342.58,Cancelled,2026-03-08 08:32:00
ORD109562,2026-09-24,BR,P1028,PG1106,KW11883,867.01,Pending,2026-09-24 05:39:00
ORD109563,2025-10-13,IN,P1004,PG1181,KW10426,478.62,Pending,2025-10-13 05:58:00
ORD109564,2026-07-28,MX,P1020,PG1222,KW11182,1023.79,Completed,2026-07-28 06:39:00
ORD109565,2026-01-22,AU,P1010,PG1169,KW11238,927.68,Completed,2026-01-22 21:05:00
ORD109566,2026-04-06,US,P1017,PG1177,KW11692,1977.11,Completed,2026-04-06 20:29:00
ORD109567,2025-10-20,CA,P1041,PG1170,KW10956,1199.66,Returned,2025-10-20 18:20:00
ORD109568,2026-04-12,CA,P1013,PG1315,KW10223,721.38,Pending,2026-04-12 16:36:00
ORD109569,2026-04-28,CA,P1019,PG1348,KW10655,4300.31,Pending,2026-04-28 17:22:00
ORD109570,2026-02-19,DE,P1034,PG1288,KW11410,1862.97,Cancelled,2026-02-19 04:10:00
ORD109571,2026-08-11,MX,P1011,PG1285,KW10341,693.23,Completed,2026-08-11 00:59:00
ORD109572,2026-07-13,JP,P1037,PG1055,KW11444,1139.61,Completed,2026-07-13 02:12:00
ORD109573,2026-06-25,US,P1020,PG1093,KW11862,811.05,Cancelled,2026-06-25 03:23:00
ORD109574,2025-10-11,AU,P1033,PG1205,KW11691,1211.04,Completed,2025-10-11 09:02:00
ORD109575,2026-01-03,IN,P1038,PG1374,KW11707,1742.72,Returned,2026-01-03 01:20:00
ORD109576,2026-02-07,US,P1016,PG1315,KW11654,854.08,Completed,2026-02-07 20:02:00
ORD109577,2026-04-05,MX,P1024,PG1126,KW10677,827.45,Returned,2026-04-05 01:52:00
ORD109578,2026-09-10,AU,P1009,PG1281,KW11595,1325.01,Cancelled,2026-09-10 02:58:00
ORD109579,2026-05-23,DE,P1016,PG1101,KW11556,1672.21,Cancelled,2026-05-23 13:04:00
ORD109580,2025-12-15,AU,P1023,PG1429,KW10511,832.01,Cancelled,2025-12-15 10:16:00
ORD109581,2026-03-03,DE,P1034,PG1189,KW10039,351.66,Completed,2026-03-03 13:42:00
ORD109582,2026-06-28,MX,P1009,PG1029,KW10998,405.02,Pending,2026-06-28 19:03:00
ORD109583,2026-03-13,US,P1045,PG1189,KW11712,1296.39,Pending,2026-03-13 21:39:00
ORD109584,2026-07-14,US,P1003,PG1296,KW10995,219.84,Cancelled,2026-07-14 15:37:00
ORD109585,2026-07-15,DE,P1034,PG1195,KW10360,1509.63,Returned,2026-07-15 21:47:00
ORD109586,2025-10-16,IN,P1009,PG1379,KW10583,1483.97,Completed,2025-10-16 03:47:00
ORD109587,2026-03-17,JP,P1041,PG1380,KW11572,564.16,Completed,2026-03-17 16:28:00
ORD109588,2026-03-21,IN,P1045,PG1409,KW11190,454.24,Completed,2026-03-21 22:43:00
ORD109589,2025-11-27,MX,P1026,PG1285,KW10188,428.78,Returned,2025-11-27 09:40:00
ORD109590,2026-06-30,FR,P1018,PG1316,KW11028,1396.34,Cancelled,2026-06-30 01:58:00
ORD109591,2026-03-09,US,P1037,PG1356,KW10958,719.53,Returned,2026-03-09 08:36:00
ORD109592,2025-12-16,IN,P1002,PG1356,KW10799,680.1,Pending,2025-12-16 05:42:00
ORD109593,2026-07-21,JP,P1037,PG1167,KW11264,636.56,Pending,2026-07-21 00:15:00
ORD109594,2025-10-04,MX,P1031,PG1070,KW10283,649.12,Pending,2025-10-04 08:11:00
ORD109595,2026-09-09,JP,P1005,PG1122,KW11198,1838.0,Cancelled,2026-09-09 13:50:00
ORD109596,2025-10-22,BR,P1035,PG1022,KW10721,860.1,Returned,2025-10-22 00:47:00
ORD109597,2026-07-11,US,P1025,PG1066,KW11042,576.98,Returned,2026-07-11 01:29:00
ORD109598,2026-04-08,DE,P1029,PG1389,KW10581,484.39,Completed,2026-04-08 11:40:00
ORD109599,2025-12-22,FR,P1041,PG1098,KW11336,1519.54,Pending,2025-12-22 01:50:00
ORD109600,2026-01-07,DE,P1047,PG1499,KW11965,761.22,Pending,2026-01-07 15:46:00
ORD109601,2026-08-16,CA,P1002,PG1437,KW10248,1493.67,Cancelled,2026-08-16 13:21:00
ORD109602,2026-01-14,JP,P1050,PG1056,KW11516,511.93,Returned,2026-01-14 19:27:00
ORD109603,2026-06-14,BR,P1037,PG1047,KW11832,1410.56,Completed,2026-06-14 15:34:00
ORD109604,2025-11-30,UK,P1014,PG1429,KW10125,884.75,Pending,2025-11-30 01:12:00
ORD109605,2025-12-17,CA,P1027,PG1485,KW10562,951.32,Pending,2025-12-17 10:02:00
ORD109606,2026-02-21,US,P1034,PG1264,KW11602,538.98,Cancelled,2026-02-21 16:41:00
ORD109607,2026-08-08,FR,P1004,PG1059,KW10144,609.8,Pending,2026-08-08 06:48:00
ORD109608,2026-09-01,BR,P1013,PG1317,KW11824,672.96,Pending,2026-09-01 23:42:00
ORD109609,2026-02-10,JP,P1049,PG1118,KW11663,246.17,Cancelled,2026-02-10 09:34:00
ORD109610,2026-09-30,US,P1034,PG1186,KW10538,485.39,Completed,2026-09-30 16:59:00
ORD109611,2026-06-09,IN,P1030,PG1202,KW10898,883.03,Completed,2026-06-09 09:42:00
ORD109612,2026-01-26,JP,P1026,PG1221,KW11031,389.49,Pending,2026-01-26 14:56:00
ORD109613,2025-11-20,UK,P1048,PG1069,KW10834,1453.55,Returned,2025-11-20 22:50:00
ORD109614,2026-03-07,AU,P1044,PG1274,KW10342,811.91,Cancelled,2026-03-07 01:42:00
ORD109615,2026-02-21,US,P1005,PG1206,KW11081,969.81,Completed,2026-02-21 02:32:00
ORD109616,2026-07-26,BR,P1022,PG1448,KW11336,495.36,Returned,2026-07-26 23:22:00
ORD109617,2026-06-02,JP,P1041,PG1083,KW10693,877.44,Completed,2026-06-02 21:13:00
ORD109618,2026-03-15,CA,P1017,PG1451,KW10691,1687.47,Pending,2026-03-15 20:23:00
ORD109619,2025-10-04,US,P1011,PG1069,KW11441,504.41,Completed,2025-10-04 19:59:00
ORD109620,2026-01-14,IN,P1019,PG1318,KW10781,497.84,Returned,2026-01-14 16:17:00
ORD109621,2026-05-31,AU,P1022,PG1224,KW10263,2295.25,Completed,2026-05-31 07:23:00
ORD109622,2026-02-25,CA,P1031,PG1256,KW10911,1190.75,Completed,2026-02-25 01:11:00
ORD109623,2026-04-07,CA,P1027,PG1125,KW11900,1233.77,Cancelled,2026-04-07 23:52:00
ORD109624,2026-04-27,CA,P1012,PG1342,KW11973,776.98,Completed,2026-04-27 00:05:00
ORD109625,2026-09-23,MX,P1026,PG1401,KW11079,566.56,Completed,2026-09-23 10:38:00
ORD109626,2026-02-02,AU,P1010,PG1165,KW10174,1269.47,Pending,2026-02-02 08:18:00
ORD109627,2026-01-28,FR,P1017,PG1463,KW11385,942.41,Completed,2026-01-28 19:47:00
ORD109628,2025-12-13,FR,P1027,PG1184,KW11332,459.09,Cancelled,2025-12-13 19:31:00
ORD109629,2026-08-09,FR,P1041,PG1137,KW11510,2064.56,Completed,2026-08-09 10:42:00
ORD109630,2026-04-19,UK,P1002,PG1248,KW11631,1766.24,Completed,2026-04-19 08:56:00
ORD109631,2025-11-03,CA,P1008,PG1462,KW10598,631.57,Completed,2025-11-03 22:53:00
ORD109632,2026-08-31,US,P1005,PG1219,KW11103,421.5,Cancelled,2026-08-31 04:15:00
ORD109633,2025-12-24,IN,P1047,PG1175,KW11314,603.78,Completed,2025-12-24 00:58:00
ORD109634,2025-11-03,DE,P1010,PG1367,KW10366,904.91,Pending,2025-11-03 14:27:00
ORD109635,2026-08-02,JP,P1015,PG1474,KW11665,588.41,Cancelled,2026-08-02 03:01:00
ORD109636,2026-03-31,DE,P1014,PG1188,KW10064,860.2,Completed,2026-03-31 03:19:00
ORD109637,2026-02-15,IN,P1011,PG1492,KW10468,886.03,Completed,2026-02-15 18:01:00
ORD109638,2025-12-03,JP,P1020,PG1310,KW11402,869.2,Completed,2025-12-03 02:01:00
ORD109639,2026-06-06,JP,P1044,PG1033,KW10319,861.44,Cancelled,2026-06-06 21:49:00
ORD109640,2026-07-26,JP,P1028,PG1056,KW10581,510.59,Completed,2026-07-26 13:26:00
ORD109641,2026-02-24,IN,P1030,PG1009,KW10726,246.69,Cancelled,2026-02-24 15:10:00
ORD109642,2026-05-14,BR,P1043,PG1377,KW11947,767.31,Completed,2026-05-14 02:01:00
ORD109643,2026-08-09,JP,P1018,PG1440,KW11370,590.98,Pending,2026-08-09 10:53:00
ORD109644,2026-06-16,AU,P1028,PG1043,KW11098,665.59,Returned,2026-06-16 05:40:00
ORD109645,2025-10-27,BR,P1022,PG1130,KW11472,394.57,Completed,2025-10-27 15:21:00
ORD109646,2026-04-10,DE,P1003,PG1443,KW10610,510.36,Completed,2026-04-10 22:11:00
ORD109647,2026-09-12,US,P1042,PG1056,KW10837,634.91,Pending,2026-09-12 23:34:00
ORD109648,2026-08-17,DE,P1050,PG1293,KW10368,991.74,Completed,2026-08-17 00:55:00
ORD109649,2026-08-06,US,P1014,PG1116,KW11587,493.15,Pending,2026-08-06 04:25:00
ORD109650,2025-10-01,US,P1011,PG1410,KW10525,604.01,Completed,2025-10-01 11:29:00
ORD109651,2026-07-26,US,P1012,PG1257,KW11821,1741.74,Completed,2026-07-26 06:17:00
ORD109652,2026-08-21,CA,P1032,PG1205,KW11831,612.31,Returned,2026-08-21 22:39:00
ORD109653,2026-08-12,IN,P1026,PG1036,KW10153,1162.26,Cancelled,2026-08-12 23:18:00
ORD109654,2026-09-26,US,P1008,PG1399,KW11772,618.38,Completed,2026-09-26 19:04:00
ORD109655,2026-05-25,CA,P1048,PG1356,KW11820,1501.1,Completed,2026-05-25 22:59:00
ORD109656,2026-04-28,CA,P1012,PG1235,KW11535,728.65,Returned,2026-04-28 21:11:00
ORD109657,2025-10-17,MX,P1018,PG1443,KW10838,1663.66,Pending,2025-10-17 14:23:00
ORD109658,2026-01-19,MX,P1001,PG1078,KW10091,1472.96,Returned,2026-01-19 20:29:00
ORD109659,2026-04-17,MX,P1032,PG1295,KW11185,124.2,Pending,2026-04-17 03:53:00
ORD109660,2025-11-03,CA,P1035,PG1366,KW11424,1141.69,Completed,2025-11-03 23:47:00
ORD109661,2026-05-17,CA,P1037,PG1062,KW10638,847.82,Returned,2026-05-17 13:05:00
ORD109662,2025-12-20,FR,P1007,PG1111,KW10369,1551.33,Cancelled,2025-12-20 09:21:00
ORD109663,2026-04-19,IN,P1024,PG1107,KW11289,1234.94,Returned,2026-04-19 02:28:00
ORD109664,2025-12-03,US,P1038,PG1391,KW10085,787.44,Returned,2025-12-03 15:50:00
ORD109665,2026-06-14,AU,P1014,PG1466,KW11022,395.65,Completed,2026-06-14 13:12:00
ORD109666,2026-07-11,US,P1049,PG1339,KW11128,559.01,Completed,2026-07-11 14:02:00
ORD109667,2026-08-13,IN,P1042,PG1480,KW10389,291.82,Cancelled,2026-08-13 19:08:00
ORD109668,2026-04-06,FR,P1049,PG1396,KW11477,2060.95,Pending,2026-04-06 05:15:00
ORD109669,2026-09-20,BR,P1030,PG1018,KW11839,641.86,Cancelled,2026-09-20 03:10:00
ORD109670,2026-08-07,FR,P1028,PG1462,KW10538,1007.22,Returned,2026-08-07 12:31:00
ORD109671,2026-09-21,MX,P1043,PG1063,KW10936,2847.79,Returned,2026-09-21 04:46:00
ORD109672,2026-03-03,MX,P1014,PG1154,KW10102,1141.68,Cancelled,2026-03-03 07:28:00
ORD109673,2026-09-19,UK,P1040,PG1002,KW11150,544.08,Pending,2026-09-19 23:12:00
ORD109674,2025-10-30,CA,P1044,PG1243,KW11204,2734.14,Completed,2025-10-30 05:53:00
ORD109675,2026-08-02,AU,P1048,PG1222,KW10879,1235.13,Completed,2026-08-02 22:51:00
ORD109676,2026-05-11,US,P1008,PG1472,KW11818,671.75,Returned,2026-05-11 09:19:00
ORD109677,2026-09-09,US,P1032,PG1442,KW10850,521.23,Pending,2026-09-09 17:08:00
ORD109678,2026-08-12,UK,P1041,PG1127,KW11303,1394.67,Completed,2026-08-12 01:37:00
ORD109679,2026-01-05,MX,P1041,PG1353,KW11478,1089.97,Completed,2026-01-05 07:19:00
ORD109680,2025-12-17,US,P1028,PG1203,KW10768,597.35,Completed,2025-12-17 02:28:00
ORD109681,2026-02-28,AU,P1030,PG1207,KW10831,440.36,Pending,2026-02-28 00:23:00
ORD109682,2025-10-08,AU,P1033,PG1288,KW10976,1011.72,Completed,2025-10-08 01:27:00
ORD109683,2026-01-14,MX,P1021,PG1098,KW10697,1786.6,Completed,2026-01-14 09:57:00
ORD109684,2025-12-09,IN,P1044,PG1156,KW11310,364.51,Returned,2025-12-09 00:56:00
ORD109685,2025-10-20,AU,P1039,PG1059,KW11036,1054.7,Completed,2025-10-20 22:11:00
ORD109686,2026-03-25,UK,P1012,PG1070,KW11423,859.1,Pending,2026-03-25 10:38:00
ORD109687,2026-03-22,FR,P1039,PG1209,KW10580,580.49,Completed,2026-03-22 17:21:00
ORD109688,2026-08-16,CA,P1041,PG1150,KW11863,524.47,Completed,2026-08-16 11:07:00
ORD109689,2026-07-18,UK,P1015,PG1059,KW11400,829.93,Pending,2026-07-18 05:19:00
ORD109690,2026-08-01,UK,P1030,PG1484,KW10939,890.09,Returned,2026-08-01 05:37:00
ORD109691,2026-08-17,MX,P1029,PG1386,KW11935,512.64,Cancelled,2026-08-17 21:17:00
ORD109692,2026-02-27,DE,P1046,PG1131,KW10416,328.81,Pending,2026-02-27 11:30:00
ORD109693,2026-01-12,DE,P1002,PG1021,KW11469,1090.97,Returned,2026-01-12 05:48:00
ORD109694,2026-02-15,CA,P1031,PG1048,KW10668,1122.1,Returned,2026-02-15 01:03:00
ORD109695,2026-03-13,FR,P1032,PG1225,KW10942,398.02,Cancelled,2026-03-13 12:20:00
ORD109696,2026-08-28,UK,P1010,PG1248,KW11957,603.7,Cancelled,2026-08-28 12:10:00
ORD109697,2026-06-29,DE,P1036,PG1146,KW11629,1431.98,Completed,2026-06-29 05:24:00
ORD109698,2026-07-03,JP,P1029,PG1067,KW10088,825.46,Pending,2026-07-03 09:56:00
ORD109699,2026-01-17,BR,P1014,PG1349,KW11416,886.58,Cancelled,2026-01-17 21:22:00
ORD109700,2026-06-10,BR,P1014,PG1398,KW11993,768.94,Cancelled,2026-06-10 06:34:00
ORD109701,2026-07-12,US,P1023,PG1232,KW10486,1277.76,Completed,2026-07-12 07:50:00
ORD109702,2026-04-16,BR,P1035,PG1472,KW10800,600.08,Completed,2026-04-16 12:26:00
ORD109703,2026-02-02,BR,P1044,PG1366,KW10987,548.81,Completed,2026-02-02 20:12:00
ORD109704,2026-02-10,FR,P1009,PG1359,KW10189,1972.84,Completed,2026-02-10 16:06:00
ORD109705,2026-05-02,JP,P1020,PG1305,KW10632,679.46,Cancelled,2026-05-02 09:48:00
ORD109706,2025-12-10,US,P1003,PG1496,KW11338,3363.5,Pending,2025-12-10 20:42:00
ORD109707,2026-09-27,CA,P1034,PG1053,KW10234,516.16,Completed,2026-09-27 06:28:00
ORD109708,2026-05-25,JP,P1013,PG1477,KW11861,658.73,Cancelled,2026-05-25 15:26:00
ORD109709,2026-07-11,DE,P1045,PG1101,KW10460,479.09,Pending,2026-07-11 18:23:00
ORD109710,2026-08-04,IN,P1021,PG1466,KW10049,1193.72,Completed,2026-08-04 10:52:00
ORD109711,2026-02-19,UK,P1016,PG1467,KW11858,863.54,Completed,2026-02-19 07:09:00
ORD109712,2025-11-15,JP,P1001,PG1323,KW10320,606.28,Completed,2025-11-15 01:46:00
ORD109713,2026-07-23,UK,P1020,PG1226,KW10999,825.53,Returned,2026-07-23 11:06:00
ORD109714,2026-08-03,DE,P1007,PG1386,KW10172,730.4,Completed,2026-08-03 19:59:00
ORD109715,2026-06-01,US,P1014,PG1398,KW10488,1020.83,Returned,2026-06-01 17:36:00
ORD109716,2026-05-22,US,P1013,PG1388,KW11596,1175.22,Completed,2026-05-22 08:19:00
ORD109717,2026-05-16,DE,P1046,PG1374,KW11691,537.3,Completed,2026-05-16 08:04:00
ORD109718,2026-01-24,UK,P1031,PG1313,KW11630,1469.08,Completed,2026-01-24 23:18:00
ORD109719,2026-07-25,BR,P1050,PG1241,KW11886,1323.89,Completed,2026-07-25 10:35:00
ORD109720,2026-01-15,UK,P1038,PG1117,KW10517,1221.32,Completed,2026-01-15 09:55:00
ORD109721,2025-10-05,UK,P1035,PG1324,KW10210,4436.39,Returned,2025-10-05 16:13:00
ORD109722,2025-10-16,US,P1034,PG1299,KW10184,813.1,Completed,2025-10-16 15:04:00
ORD109723,2026-06-01,MX,P1017,PG1414,KW10644,107.58,Completed,2026-06-01 06:52:00
ORD109724,2026-01-29,AU,P1033,PG1428,KW10952,2421.75,Completed,2026-01-29 01:55:00
ORD109725,2025-11-21,US,P1042,PG1202,KW11404,737.64,Cancelled,2025-11-21 12:12:00
ORD109726,2025-12-15,UK,P1028,PG1100,KW11956,289.25,Returned,2025-12-15 21:15:00
ORD109727,2026-02-22,BR,P1043,PG1064,KW10054,1006.02,Completed,2026-02-22 20:46:00
ORD109728,2026-02-02,AU,P1003,PG1147,KW11660,630.78,Completed,2026-02-02 03:21:00
ORD109729,2026-03-30,DE,P1028,PG1272,KW11392,1007.84,Completed,2026-03-30 18:46:00
ORD109730,2026-07-02,IN,P1050,PG1163,KW10258,3042.71,Cancelled,2026-07-02 17:19:00
ORD109731,2025-10-08,DE,P1037,PG1330,KW11232,258.68,Cancelled,2025-10-08 12:46:00
ORD109732,2026-09-17,MX,P1032,PG1229,KW11100,302.44,Returned,2026-09-17 21:42:00
ORD109733,2026-08-27,MX,P1048,PG1228,KW11188,888.73,Completed,2026-08-27 22:36:00
ORD109734,2026-05-09,JP,P1010,PG1400,KW11267,1241.23,Cancelled,2026-05-09 02:41:00
ORD109735,2026-07-17,JP,P1019,PG1212,KW10939,1511.14,Completed,2026-07-17 00:03:00
ORD109736,2026-07-11,UK,P1039,PG1159,KW11683,460.39,Pending,2026-07-11 03:24:00
ORD109737,2026-04-14,MX,P1048,PG1140,KW11316,482.54,Cancelled,2026-04-14 08:34:00
ORD109738,2026-03-18,IN,P1043,PG1313,KW10728,588.44,Pending,2026-03-18 21:45:00
ORD109739,2026-05-07,CA,P1009,PG1009,KW11270,1015.65,Completed,2026-05-07 18:04:00
ORD109740,2026-07-06,UK,P1020,PG1035,KW10742,650.48,Pending,2026-07-06 04:53:00
ORD109741,2026-03-14,CA,P1032,PG1395,KW10010,822.0,Pending,2026-03-14 10:33:00
ORD109742,2025-12-12,CA,P1024,PG1239,KW11041,1072.27,Cancelled,2025-12-12 07:02:00
ORD109743,2026-09-15,US,P1011,PG1435,KW11064,226.01,Pending,2026-09-15 16:09:00
ORD109744,2026-02-06,BR,P1036,PG1354,KW10316,438.6,Completed,2026-02-06 16:12:00
ORD109745,2025-10-08,JP,P1019,PG1112,KW11260,661.51,Completed,2025-10-08 12:13:00
ORD109746,2026-05-14,BR,P1014,PG1168,KW11785,595.44,Completed,2026-05-14 19:08:00
ORD109747,2026-01-26,AU,P1030,PG1393,KW10799,1503.23,Cancelled,2026-01-26 17:38:00
ORD109748,2025-12-13,DE,P1020,PG1094,KW10452,833.8,Cancelled,2025-12-13 17:04:00
ORD109749,2026-03-14,US,P1039,PG1356,KW11857,763.92,Completed,2026-03-14 03:10:00
ORD109750,2025-11-24,BR,P1023,PG1366,KW10842,701.93,Pending,2025-11-24 16:01:00
ORD109751,2025-12-30,IN,P1032,PG1029,KW10085,1068.76,Completed,2025-12-30 07:57:00
ORD109752,2026-09-30,FR,P1022,PG1219,KW11440,488.44,Completed,2026-09-30 20:30:00
ORD109753,2026-05-06,US,P1037,PG1460,KW10293,1449.38,Completed,2026-05-06 20:38:00
ORD109754,2026-08-18,UK,P1022,PG1328,KW10341,965.37,Returned,2026-08-18 09:12:00
ORD109755,2026-04-02,DE,P1026,PG1194,KW11417,779.77,Completed,2026-04-02 20:33:00
ORD109756,2026-06-23,AU,P1031,PG1345,KW11311,1297.96,Returned,2026-06-23 07:52:00
ORD109757,2026-07-16,FR,P1043,PG1003,KW10213,830.77,Completed,2026-07-16 11:27:00
ORD109758,2026-09-16,IN,P1038,PG1382,KW11954,803.82,Completed,2026-09-16 12:35:00
ORD109759,2026-05-22,IN,P1025,PG1304,KW11982,359.66,Completed,2026-05-22 01:24:00
ORD109760,2026-09-12,AU,P1025,PG1327,KW11143,766.17,Returned,2026-09-12 15:05:00
ORD109761,2026-08-15,DE,P1030,PG1249,KW10840,970.8,Completed,2026-08-15 01:27:00
ORD109762,2026-05-22,FR,P1031,PG1120,KW11012,359.53,Completed,2026-05-22 23:56:00
ORD109763,2026-03-29,FR,P1036,PG1199,KW11512,1499.66,Pending,2026-03-29 16:39:00
ORD109764,2026-02-21,MX,P1047,PG1148,KW11169,1398.63,Returned,2026-02-21 09:58:00
ORD109765,2025-11-17,US,P1004,PG1280,KW10725,1194.47,Completed,2025-11-17 00:52:00
ORD109766,2026-01-06,AU,P1043,PG1061,KW11411,902.99,Returned,2026-01-06 01:30:00
ORD109767,2026-06-01,BR,P1015,PG1001,KW11141,412.5,Pending,2026-06-01 11:09:00
ORD109768,2026-03-20,UK,P1009,PG1489,KW11550,1119.24,Completed,2026-03-20 06:34:00
ORD109769,2026-08-05,BR,P1006,PG1282,KW10494,2521.67,Pending,2026-08-05 06:13:00
ORD109770,2026-09-25,JP,P1009,PG1176,KW11883,1041.95,Returned,2026-09-25 11:58:00
ORD109771,2025-12-14,AU,P1032,PG1120,KW10929,1018.9,Pending,2025-12-14 06:38:00
ORD109772,2026-07-07,IN,P1025,PG1426,KW11574,841.59,Cancelled,2026-07-07 14:48:00
ORD109773,2026-04-04,US,P1007,PG1371,KW10951,540.29,Completed,2026-04-04 11:35:00
ORD109774,2026-02-20,CA,P1043,PG1404,KW10400,522.73,Cancelled,2026-02-20 00:33:00
ORD109775,2025-12-28,MX,P1024,PG1297,KW10964,226.11,Completed,2025-12-28 21:23:00
ORD109776,2026-05-29,IN,P1020,PG1163,KW11458,720.81,Returned,2026-05-29 21:09:00
ORD109777,2026-07-28,JP,P1001,PG1297,KW10112,153.65,Cancelled,2026-07-28 10:03:00
ORD109778,2026-07-26,CA,P1050,PG1494,KW10795,724.97,Cancelled,2026-07-26 10:25:00
ORD109779,2026-03-04,US,P1009,PG1312,KW10692,470.9,Returned,2026-03-04 12:16:00
ORD109780,2025-12-29,JP,P1034,PG1391,KW10702,711.26,Returned,2025-12-29 12:44:00
ORD109781,2025-11-21,UK,P1014,PG1138,KW10721,448.68,Completed,2025-11-21 05:59:00
ORD109782,2026-09-06,IN,P1021,PG1188,KW10072,992.0,Pending,2026-09-06 00:37:00
ORD109783,2026-02-28,US,P1017,PG1188,KW10757,485.16,Completed,2026-02-28 10:02:00
ORD109784,2025-10-01,DE,P1031,PG1117,KW11360,1428.36,Completed,2025-10-01 12:52:00
ORD109785,2025-12-28,MX,P1043,PG1264,KW10766,378.79,Completed,2025-12-28 19:42:00
ORD109786,2026-05-12,US,P1006,PG1099,KW10449,368.18,Completed,2026-05-12 07:59:00
ORD109787,2025-11-17,BR,P1001,PG1120,KW10913,749.89,Completed,2025-11-17 06:12:00
ORD109788,2026-06-15,UK,P1025,PG1354,KW11887,995.65,Completed,2026-06-15 21:33:00
ORD109789,2026-08-15,MX,P1011,PG1480,KW11162,1222.68,Completed,2026-08-15 03:40:00
ORD109790,2026-01-23,US,P1044,PG1111,KW10230,247.21,Pending,2026-01-23 14:30:00
ORD109791,2026-05-09,AU,P1027,PG1397,KW11391,615.46,Cancelled,2026-05-09 10:18:00
ORD109792,2026-08-04,BR,P1016,PG1013,KW10854,1085.32,Pending,2026-08-04 04:53:00
ORD109793,2026-01-26,UK,P1011,PG1317,KW11498,399.01,Pending,2026-01-26 22:54:00
ORD109794,2026-04-11,AU,P1035,PG1070,KW10970,1563.61,Completed,2026-04-11 23:01:00
ORD109795,2026-01-24,IN,P1015,PG1363,KW11343,1227.11,Cancelled,2026-01-24 17:51:00
ORD109796,2026-09-17,CA,P1014,PG1322,KW10177,854.06,Pending,2026-09-17 15:44:00
ORD109797,2025-11-30,AU,P1030,PG1263,KW10755,1431.87,Completed,2025-11-30 16:45:00
ORD109798,2025-11-11,JP,P1018,PG1253,KW10280,532.57,Completed,2025-11-11 23:02:00
ORD109799,2026-09-22,FR,P1020,PG1440,KW10815,686.14,Cancelled,2026-09-22 01:59:00
ORD109800,2026-06-03,IN,P1042,PG1258,KW11846,1380.52,Returned,2026-06-03 13:30:00
ORD109801,2025-10-27,FR,P1049,PG1407,KW11932,361.4,Cancelled,2025-10-27 18:14:00
ORD109802,2026-07-08,US,P1007,PG1465,KW10871,2275.92,Cancelled,2026-07-08 03:21:00
ORD109803,2026-03-24,BR,P1033,PG1052,KW10498,643.06,Cancelled,2026-03-24 13:15:00
ORD109804,2026-04-23,MX,P1009,PG1361,KW11953,855.23,Completed,2026-04-23 10:22:00
ORD109805,2026-09-23,JP,P1044,PG1274,KW10950,899.0,Returned,2026-09-23 21:40:00
ORD109806,2026-07-17,JP,P1022,PG1465,KW10884,2221.7,Pending,2026-07-17 21:25:00
ORD109807,2026-09-20,IN,P1030,PG1313,KW11582,629.58,Completed,2026-09-20 23:15:00
ORD109808,2025-11-25,AU,P1008,PG1471,KW10901,1268.35,Completed,2025-11-25 16:52:00
ORD109809,2026-08-13,JP,P1014,PG1408,KW11328,403.47,Returned,2026-08-13 02:21:00
ORD109810,2026-05-17,MX,P1016,PG1476,KW11843,564.92,Completed,2026-05-17 06:46:00
ORD109811,2026-07-04,CA,P1014,PG1030,KW10034,1273.45,Completed,2026-07-04 06:05:00
ORD109812,2025-11-10,US,P1008,PG1144,KW11384,557.69,Completed,2025-11-10 06:31:00
ORD109813,2026-02-20,BR,P1020,PG1036,KW11442,1511.7,Completed,2026-02-20 17:47:00
ORD109814,2026-07-19,IN,P1009,PG1189,KW10644,502.0,Completed,2026-07-19 18:10:00
ORD109815,2026-02-05,IN,P1009,PG1110,KW10849,891.14,Cancelled,2026-02-05 15:20:00
ORD109816,2026-08-07,UK,P1001,PG1315,KW10142,349.93,Completed,2026-08-07 00:30:00
ORD109817,2025-11-01,DE,P1050,PG1016,KW10627,465.09,Completed,2025-11-01 02:20:00
ORD109818,2026-05-28,DE,P1014,PG1440,KW11207,1068.13,Completed,2026-05-28 16:41:00
ORD109819,2026-05-04,FR,P1014,PG1242,KW10166,389.86,Pending,2026-05-04 10:37:00
ORD109820,2026-06-11,MX,P1034,PG1360,KW11260,1833.69,Returned,2026-06-11 21:14:00
ORD109821,2025-11-11,AU,P1005,PG1110,KW11037,559.09,Completed,2025-11-11 10:22:00
ORD109822,2026-03-04,MX,P1020,PG1209,KW11920,524.22,Completed,2026-03-04 01:36:00
ORD109823,2026-04-11,AU,P1034,PG1225,KW11230,244.29,Returned,2026-04-11 08:42:00
ORD109824,2026-08-29,JP,P1020,PG1113,KW10031,650.75,Returned,2026-08-29 08:20:00
ORD109825,2026-01-08,US,P1011,PG1004,KW10163,630.88,Pending,2026-01-08 14:07:00
ORD109826,2026-06-08,US,P1049,PG1218,KW11517,456.15,Completed,2026-06-08 16:37:00
ORD109827,2025-12-19,AU,P1026,PG1431,KW10781,873.32,Pending,2025-12-19 17:57:00
ORD109828,2026-04-09,AU,P1010,PG1194,KW10542,393.33,Returned,2026-04-09 14:32:00
ORD109829,2025-11-16,IN,P1011,PG1115,KW11395,1116.84,Cancelled,2025-11-16 03:44:00
ORD109830,2025-12-30,UK,P1026,PG1297,KW10412,1219.89,Completed,2025-12-30 14:30:00
ORD109831,2025-11-09,MX,P1045,PG1400,KW10926,758.57,Returned,2025-11-09 22:04:00
ORD109832,2025-11-06,UK,P1040,PG1386,KW10895,290.36,Completed,2025-11-06 01:39:00
ORD109833,2026-04-10,IN,P1045,PG1081,KW10008,305.96,Pending,2026-04-10 20:56:00
ORD109834,2026-05-31,IN,P1012,PG1241,KW10277,1073.89,Completed,2026-05-31 08:09:00
ORD109835,2026-04-16,BR,P1049,PG1412,KW11074,796.73,Returned,2026-04-16 20:29:00
ORD109836,2026-01-30,FR,P1050,PG1197,KW11009,760.7,Completed,2026-01-30 08:00:00
ORD109837,2026-08-16,AU,P1045,PG1444,KW10119,617.74,Completed,2026-08-16 03:46:00
ORD109838,2025-11-25,JP,P1027,PG1500,KW11597,674.89,Pending,2025-11-25 09:04:00
ORD109839,2026-02-11,US,P1009,PG1016,KW10071,861.13,Completed,2026-02-11 21:43:00
ORD109840,2025-10-07,UK,P1036,PG1188,KW10433,812.22,Completed,2025-10-07 03:33:00
ORD109841,2026-02-13,UK,P1020,PG1202,KW11092,1065.66,Completed,2026-02-13 06:33:00
ORD109842,2026-03-20,IN,P1026,PG1176,KW11694,1309.81,Completed,2026-03-20 15:16:00
ORD109843,2025-11-03,UK,P1003,PG1217,KW10257,323.59,Pending,2025-11-03 08:30:00
ORD109844,2026-03-07,BR,P1032,PG1222,KW10521,349.97,Completed,2026-03-07 02:16:00
ORD109845,2026-05-09,IN,P1011,PG1470,KW11539,967.07,Cancelled,2026-05-09 15:34:00
ORD109846,2026-05-07,US,P1031,PG1279,KW11725,545.16,Completed,2026-05-07 11:30:00
ORD109847,2026-05-21,BR,P1023,PG1185,KW10447,869.75,Cancelled,2026-05-21 01:17:00
ORD109848,2026-03-23,AU,P1038,PG1038,KW10848,1386.61,Pending,2026-03-23 20:07:00
ORD109849,2026-02-16,JP,P1044,PG1106,KW10929,1116.82,Cancelled,2026-02-16 16:33:00
ORD109850,2026-09-02,US,P1025,PG1140,KW10727,536.81,Completed,2026-09-02 13:02:00
ORD109851,2026-02-24,DE,P1024,PG1389,KW10969,1269.69,Completed,2026-02-24 23:15:00
ORD109852,2026-05-01,BR,P1021,PG1313,KW10580,606.84,Cancelled,2026-05-01 16:32:00
ORD109853,2025-12-02,US,P1028,PG1278,KW10314,386.96,Cancelled,2025-12-02 18:34:00
ORD109854,2026-01-20,IN,P1024,PG1352,KW11892,586.51,Completed,2026-01-20 07:49:00
ORD109855,2026-05-21,US,P1009,PG1314,KW11573,1664.36,Completed,2026-05-21 20:04:00
ORD109856,2026-03-20,FR,P1032,PG1335,KW11159,1144.15,Cancelled,2026-03-20 23:37:00
ORD109857,2026-02-02,DE,P1025,PG1411,KW10432,1172.61,Completed,2026-02-02 22:20:00
ORD109858,2026-02-11,BR,P1040,PG1100,KW10453,154.95,Completed,2026-02-11 11:22:00
ORD109859,2026-05-21,JP,P1013,PG1138,KW10424,829.31,Returned,2026-05-21 05:17:00
ORD109860,2025-11-23,BR,P1023,PG1364,KW11733,852.28,Completed,2025-11-23 16:36:00
ORD109861,2026-07-31,DE,P1039,PG1012,KW11589,643.46,Returned,2026-07-31 02:10:00
ORD109862,2026-08-15,MX,P1047,PG1288,KW11969,503.72,Completed,2026-08-15 14:22:00
ORD109863,2026-07-30,AU,P1042,PG1403,KW10839,977.36,Completed,2026-07-30 09:04:00
ORD109864,2026-09-23,AU,P1024,PG1280,KW10215,757.14,Pending,2026-09-23 05:49:00
ORD109865,2026-01-12,US,P1035,PG1142,KW11509,336.23,Completed,2026-01-12 15:37:00
ORD109866,2025-11-19,MX,P1026,PG1071,KW11260,1196.43,Completed,2025-11-19 00:35:00
ORD109867,2026-03-10,MX,P1002,PG1335,KW11361,427.71,Pending,2026-03-10 02:45:00
ORD109868,2026-01-20,JP,P1002,PG1108,KW11488,567.22,Cancelled,2026-01-20 08:11:00
ORD109869,2026-06-03,IN,P1015,PG1273,KW11258,622.6,Pending,2026-06-03 17:34:00
ORD109870,2025-12-17,MX,P1002,PG1401,KW11390,567.58,Completed,2025-12-17 03:32:00
ORD109871,2026-03-13,MX,P1008,PG1376,KW10312,2180.8,Completed,2026-03-13 09:27:00
ORD109872,2026-08-19,IN,P1036,PG1470,KW11335,664.01,Returned,2026-08-19 13:47:00
ORD109873,2026-05-17,BR,P1029,PG1291,KW11405,1374.84,Returned,2026-05-17 16:11:00
ORD109874,2026-02-09,JP,P1038,PG1177,KW11699,761.03,Cancelled,2026-02-09 05:28:00
ORD109875,2026-03-07,FR,P1027,PG1095,KW10045,987.06,Completed,2026-03-07 14:31:00
ORD109876,2026-02-06,FR,P1002,PG1338,KW10679,2786.49,Completed,2026-02-06 04:20:00
ORD109877,2026-08-05,FR,P1022,PG1169,KW11433,340.28,Completed,2026-08-05 02:55:00
ORD109878,2026-01-18,CA,P1033,PG1114,KW10954,1370.52,Completed,2026-01-18 15:58:00
ORD109879,2026-09-27,CA,P1011,PG1181,KW11510,523.32,Returned,2026-09-27 16:25:00
ORD109880,2026-03-11,JP,P1003,PG1233,KW11648,951.03,Completed,2026-03-11 01:40:00
ORD109881,2026-07-24,DE,P1033,PG1008,KW10236,838.76,Completed,2026-07-24 06:44:00
ORD109882,2026-01-01,CA,P1049,PG1064,KW11569,858.78,Returned,2026-01-01 22:31:00
ORD109883,2026-07-03,BR,P1007,PG1358,KW10942,1054.31,Completed,2026-07-03 02:37:00
ORD109884,2026-03-23,AU,P1042,PG1281,KW10585,1508.91,Cancelled,2026-03-23 14:12:00
ORD109885,2025-10-28,AU,P1040,PG1169,KW11294,618.27,Completed,2025-10-28 02:01:00
ORD109886,2026-04-06,CA,P1001,PG1244,KW10550,2069.65,Completed,2026-04-06 17:01:00
ORD109887,2026-08-16,IN,P1022,PG1084,KW11247,2463.78,Returned,2026-08-16 06:28:00
ORD109888,2026-09-30,UK,P1034,PG1146,KW11776,1816.21,Completed,2026-09-30 06:40:00
ORD109889,2026-04-28,UK,P1035,PG1371,KW10860,492.27,Cancelled,2026-04-28 06:50:00
ORD109890,2025-10-16,AU,P1045,PG1449,KW11646,421.09,Cancelled,2025-10-16 01:10:00
ORD109891,2025-12-10,FR,P1016,PG1445,KW10204,789.25,Completed,2025-12-10 14:14:00
ORD109892,2026-09-01,US,P1038,PG1266,KW11587,796.82,Completed,2026-09-01 09:45:00
ORD109893,2026-03-31,DE,P1011,PG1067,KW10882,2113.42,Completed,2026-03-31 15:11:00
ORD109894,2026-02-27,AU,P1033,PG1185,KW10276,886.53,Completed,2026-02-27 02:53:00
ORD109895,2025-10-17,AU,P1005,PG1018,KW10023,2835.31,Returned,2025-10-17 20:00:00
ORD109896,2026-09-29,BR,P1049,PG1009,KW11185,666.4,Completed,2026-09-29 04:00:00
ORD109897,2026-07-31,JP,P1012,PG1143,KW10949,743.61,Completed,2026-07-31 18:07:00
ORD109898,2026-05-02,FR,P1008,PG1497,KW10290,2709.7,Completed,2026-05-02 14:19:00
ORD109899,2025-10-05,CA,P1044,PG1100,KW10025,1804.02,Completed,2025-10-05 05:00:00
ORD109900,2026-02-10,IN,P1014,PG1171,KW11588,1203.6,Pending,2026-02-10 14:26:00
ORD109901,2025-12-21,IN,P1022,PG1439,KW11392,894.98,Cancelled,2025-12-21 11:58:00
ORD109902,2026-01-10,CA,P1010,PG1304,KW10001,383.86,Completed,2026-01-10 06:56:00
ORD109903,2026-07-06,CA,P1049,PG1058,KW11870,517.43,Completed,2026-07-06 14:19:00
ORD109904,2026-03-10,CA,P1009,PG1027,KW11276,481.87,Cancelled,2026-03-10 08:27:00
ORD109905,2025-10-29,FR,P1044,PG1471,KW11252,771.04,Pending,2025-10-29 01:33:00
ORD109906,2025-10-19,JP,P1007,PG1252,KW10225,1082.31,Pending,2025-10-19 10:28:00
ORD109907,2026-03-11,MX,P1006,PG1112,KW10494,922.77,Returned,2026-03-11 21:10:00
ORD109908,2026-04-02,BR,P1012,PG1053,KW10911,1422.65,Returned,2026-04-02 11:15:00
ORD109909,2026-02-14,IN,P1026,PG1221,KW10600,743.32,Completed,2026-02-14 09:11:00
ORD109910,2026-09-18,BR,P1017,PG1334,KW10679,2510.96,Cancelled,2026-09-18 03:48:00
ORD109911,2026-07-22,FR,P1038,PG1245,KW11404,292.82,Completed,2026-07-22 00:42:00
ORD109912,2026-03-09,US,P1048,PG1076,KW11752,1728.26,Completed,2026-03-09 16:08:00
ORD109913,2025-12-23,CA,P1027,PG1121,KW11311,298.37,Returned,2025-12-23 23:44:00
ORD109914,2025-10-05,MX,P1049,PG1412,KW10418,267.01,Completed,2025-10-05 01:09:00
ORD109915,2026-06-18,CA,P1012,PG1441,KW11785,499.64,Completed,2026-06-18 22:19:00
ORD109916,2026-05-31,DE,P1032,PG1354,KW10994,1033.57,Completed,2026-05-31 07:53:00
ORD109917,2026-03-28,BR,P1002,PG1067,KW10125,886.77,Pending,2026-03-28 11:44:00
ORD109918,2026-05-27,UK,P1029,PG1222,KW10500,2140.69,Cancelled,2026-05-27 21:26:00
ORD109919,2026-05-28,JP,P1048,PG1329,KW10314,711.27,Returned,2026-05-28 14:12:00
ORD109920,2025-10-07,JP,P1035,PG1423,KW10162,383.1,Completed,2025-10-07 09:56:00
ORD109921,2026-01-28,JP,P1017,PG1163,KW10452,498.03,Returned,2026-01-28 18:58:00
ORD109922,2026-04-24,CA,P1032,PG1030,KW11296,1368.1,Completed,2026-04-24 17:42:00
ORD109923,2026-01-04,FR,P1031,PG1486,KW10289,727.99,Cancelled,2026-01-04 04:53:00
ORD109924,2026-07-23,AU,P1010,PG1353,KW11813,1692.68,Pending,2026-07-23 23:11:00
ORD109925,2026-01-11,JP,P1022,PG1115,KW10384,522.03,Pending,2026-01-11 16:26:00
ORD109926,2026-02-07,IN,P1006,PG1314,KW10541,1314.18,Cancelled,2026-02-07 02:43:00
ORD109927,2026-04-11,CA,P1037,PG1162,KW10985,1109.15,Returned,2026-04-11 10:32:00
ORD109928,2025-11-21,US,P1043,PG1260,KW11403,824.04,Returned,2025-11-21 11:24:00
ORD109929,2025-11-04,BR,P1022,PG1155,KW10447,1787.12,Completed,2025-11-04 12:16:00
ORD109930,2026-04-01,FR,P1013,PG1381,KW10155,1621.8,Completed,2026-04-01 14:59:00
ORD109931,2026-07-27,US,P1002,PG1169,KW11919,745.75,Completed,2026-07-27 02:31:00
ORD109932,2026-01-04,JP,P1010,PG1456,KW11579,1087.42,Returned,2026-01-04 23:36:00
ORD109933,2026-04-25,AU,P1049,PG1404,KW11226,949.63,Completed,2026-04-25 07:35:00
ORD109934,2026-04-03,UK,P1048,PG1023,KW10103,1978.51,Returned,2026-04-03 23:55:00
ORD109935,2026-02-28,IN,P1035,PG1290,KW10167,916.49,Completed,2026-02-28 11:09:00
ORD109936,2026-07-08,UK,P1039,PG1268,KW10807,229.27,Cancelled,2026-07-08 09:50:00
ORD109937,2025-11-15,CA,P1033,PG1358,KW11071,1097.42,Pending,2025-11-15 16:40:00
ORD109938,2026-08-23,AU,P1017,PG1395,KW10890,1085.12,Returned,2026-08-23 06:01:00
ORD109939,2025-11-10,DE,P1021,PG1016,KW11642,883.05,Completed,2025-11-10 21:32:00
ORD109940,2026-07-02,AU,P1011,PG1366,KW11116,662.79,Completed,2026-07-02 00:34:00
ORD109941,2026-03-09,IN,P1015,PG1301,KW11164,243.21,Pending,2026-03-09 12:19:00
ORD109942,2026-04-07,US,P1014,PG1393,KW10244,823.02,Completed,2026-04-07 09:30:00
ORD109943,2025-11-29,AU,P1004,PG1434,KW11303,1196.59,Pending,2025-11-29 11:50:00
ORD109944,2026-08-15,MX,P1038,PG1301,KW10664,854.28,Pending,2026-08-15 04:26:00
ORD109945,2025-12-31,UK,P1009,PG1011,KW11862,407.36,Completed,2025-12-31 19:38:00
ORD109946,2026-05-11,JP,P1013,PG1262,KW11689,2044.42,Pending,2026-05-11 02:26:00
ORD109947,2026-09-14,UK,P1035,PG1364,KW11744,1157.02,Completed,2026-09-14 21:29:00
ORD109948,2026-06-05,DE,P1028,PG1113,KW11045,1147.5,Completed,2026-06-05 09:26:00
ORD109949,2026-08-04,JP,P1029,PG1121,KW10477,620.03,Completed,2026-08-04 07:44:00
ORD109950,2026-06-28,US,P1012,PG1031,KW11130,444.86,Returned,2026-06-28 04:29:00
ORD109951,2026-02-21,MX,P1020,PG1418,KW11174,1019.66,Completed,2026-02-21 14:07:00
ORD109952,2026-04-01,AU,P1020,PG1415,KW10569,929.6,Returned,2026-04-01 07:03:00
ORD109953,2026-02-14,FR,P1009,PG1039,KW10108,1255.79,Pending,2026-02-14 02:55:00
ORD109954,2025-11-02,UK,P1001,PG1323,KW10089,1122.73,Returned,2025-11-02 13:43:00
ORD109955,2026-05-16,DE,P1049,PG1331,KW10587,311.87,Cancelled,2026-05-16 01:56:00
ORD109956,2026-04-18,AU,P1015,PG1384,KW10707,459.27,Completed,2026-04-18 22:43:00
ORD109957,2025-12-05,MX,P1042,PG1440,KW11318,885.64,Returned,2025-12-05 21:42:00
ORD109958,2026-08-17,MX,P1019,PG1257,KW11017,176.8,Pending,2026-08-17 12:28:00
ORD109959,2026-09-18,DE,P1005,PG1263,KW10649,1405.21,Returned,2026-09-18 14:27:00
ORD109960,2025-11-14,BR,P1003,PG1482,KW11993,845.31,Completed,2025-11-14 00:13:00
ORD109961,2026-03-20,IN,P1013,PG1198,KW10423,1038.05,Returned,2026-03-20 08:06:00
ORD109962,2026-06-21,BR,P1025,PG1488,KW10555,5563.8,Cancelled,2026-06-21 19:03:00
ORD109963,2026-06-26,AU,P1005,PG1046,KW11148,553.68,Pending,2026-06-26 07:14:00
ORD109964,2026-05-07,MX,P1045,PG1183,KW11933,620.14,Completed,2026-05-07 20:37:00
ORD109965,2026-08-30,JP,P1002,PG1250,KW11146,557.05,Returned,2026-08-30 04:39:00
ORD109966,2026-09-04,CA,P1020,PG1037,KW11086,2136.02,Completed,2026-09-04 20:15:00
ORD109967,2026-02-10,CA,P1022,PG1159,KW10991,863.1,Completed,2026-02-10 01:26:00
ORD109968,2025-10-18,DE,P1044,PG1272,KW11145,647.13,Completed,2025-10-18 14:01:00
ORD109969,2025-12-27,CA,P1024,PG1178,KW10372,365.7,Cancelled,2025-12-27 23:49:00
ORD109970,2026-08-12,FR,P1024,PG1174,KW10716,2578.93,Completed,2026-08-12 09:27:00
ORD109971,2026-05-27,MX,P1038,PG1382,KW10263,1615.74,Completed,2026-05-27 22:44:00
ORD109972,2026-03-15,UK,P1027,PG1041,KW11363,662.18,Completed,2026-03-15 07:24:00
ORD109973,2026-07-26,US,P1034,PG1431,KW10773,642.77,Cancelled,2026-07-26 10:37:00
ORD109974,2026-07-09,DE,P1047,PG1349,KW11530,279.26,Completed,2026-07-09 11:46:00
ORD109975,2025-11-24,IN,P1044,PG1058,KW11373,658.39,Completed,2025-11-24 00:04:00
ORD109976,2026-09-17,IN,P1027,PG1134,KW11862,1171.85,Completed,2026-09-17 23:05:00
ORD109977,2026-09-01,JP,P1009,PG1131,KW11994,485.82,Completed,2026-09-01 02:55:00
ORD109978,2026-02-19,FR,P1041,PG1386,KW11775,523.44,Returned,2026-02-19 15:08:00
ORD109979,2026-05-19,JP,P1026,PG1461,KW11151,679.96,Cancelled,2026-05-19 08:47:00
ORD109980,2025-11-16,MX,P1015,PG1485,KW10564,1323.07,Completed,2025-11-16 02:20:00
ORD109981,2025-10-25,US,P1032,PG1020,KW10692,1844.68,Returned,2025-10-25 09:12:00
ORD109982,2025-10-19,AU,P1010,PG1341,KW11333,534.07,Cancelled,2025-10-19 02:12:00
ORD109983,2026-02-06,US,P1047,PG1372,KW10710,2216.57,Pending,2026-02-06 10:46:00
ORD109984,2026-04-07,DE,P1030,PG1060,KW10691,2150.3,Completed,2026-04-07 10:55:00
ORD109985,2026-08-30,JP,P1022,PG1122,KW11962,1150.3,Cancelled,2026-08-30 02:12:00
ORD109986,2026-03-27,IN,P1015,PG1090,KW10755,1219.41,Completed,2026-03-27 13:24:00
ORD109987,2026-01-11,DE,P1032,PG1426,KW10577,769.86,Pending,2026-01-11 09:02:00
ORD109988,2025-11-08,AU,P1027,PG1470,KW10159,964.64,Completed,2025-11-08 12:39:00
ORD109989,2026-01-29,FR,P1046,PG1450,KW11457,519.15,Completed,2026-01-29 17:08:00
ORD109990,2025-11-16,BR,P1028,PG1236,KW10082,402.72,Cancelled,2025-11-16 15:10:00
ORD109991,2026-08-10,DE,P1047,PG1299,KW10760,1218.91,Completed,2026-08-10 14:10:00
ORD109992,2026-01-23,IN,P1029,PG1324,KW10195,685.61,Completed,2026-01-23 02:51:00
ORD109993,2026-02-07,IN,P1027,PG1181,KW11589,1040.27,Completed,2026-02-07 15:29:00
ORD109994,2026-08-09,BR,P1006,PG1184,KW11274,866.29,Pending,2026-08-09 07:22:00
ORD109995,2026-06-30,CA,P1010,PG1004,KW11692,424.78,Completed,2026-06-30 02:29:00
ORD109996,2025-12-12,CA,P1003,PG1492,KW10290,1961.55,Pending,2025-12-12 18:48:00
ORD109997,2026-02-06,CA,P1008,PG1143,KW10129,383.75,Returned,2026-02-06 12:16:00
ORD109998,2025-12-26,AU,P1050,PG1417,KW10977,1105.25,Completed,2025-12-26 10:27:00
ORD109999,2026-04-05,MX,P1001,PG1393,KW10355,957.79,Completed,2026-04-05 23:38:00
ORD110000,2025-12-26,FR,P1008,PG1144,KW10675,994.31,Returned,2025-12-26 17:04:00
ORD100051,2026-01-27,CA,P1032,PG1066,KW10866,579.26,Returned,2026-01-27 01:20:00
ORD100052,2026-04-11,FR,P1046,PG1188,KW10615,1457.13,Completed,2026-04-11 04:00:00
