keyword_performance_id,keyword_id,event_date,country_code,device_type,search_volume,ranking_position,clicks,impressions,ctr,updated_timestamp
KP000124,KW10985,2026-02-01,CA,Desktop,800,35.0,17,394,4.31,2026-02-01 10:09:00
KP000125,KW11505,2026-02-02,DE,Desktop,1401,47.0,13,398,3.27,2026-02-02 16:00:00
KP000126,KW11257,2026-02-03,FR,Desktop,2601,31.0,62,1275,4.86,2026-02-03 12:38:00
KP000127,KW10861,2026-02-04,BR,Desktop,2033,41.0,53,1098,4.83,2026-02-04 16:22:00
KP000128,KW10813,2026-02-05,AU,Desktop,1165,25.0,9,178,5.06,2026-02-05 17:29:00
KP000129,KW10090,2026-02-06,IN,Mobile,3037,12.0,27,300,9.0,2026-02-06 03:01:00
KP000130,KW10243,2026-02-07,AU,Mobile,686,11.0,14,168,8.33,2026-02-07 11:51:00
KP000131,KW10967,2026-02-08,AU,Desktop,12396,26.0,290,4921,5.89,2026-02-08 15:28:00
KP000132,KW11145,2026-02-09,BR,Desktop,1177,4.0,13,91,14.29,2026-02-09 16:02:00
KP000133,KW11902,2026-02-10,IN,Desktop,5271,42.0,62,1140,5.44,2026-02-10 08:20:00
KP000134,KW10662,2026-02-11,JP,Mobile,1160,37.0,11,296,3.72,2026-02-11 06:37:00
KP000135,KW11932,2026-02-12,UK,Desktop,737,4.0,64,367,17.44,2026-02-12 06:27:00
KP000136,KW10527,2026-02-13,BR,Desktop,2663,17.0,33,394,8.38,2026-02-13 00:14:00
KP000137,KW11944,2026-02-14,CA,Desktop,3495,48.0,48,1312,3.66,2026-02-14 10:16:00
KP000138,KW11485,2026-02-15,UK,Desktop,1127,33.0,7,142,4.93,2026-02-15 23:41:00
KP000139,KW10289,2026-02-16,FR,Mobile,10098,13.0,243,2966,8.19,2026-02-16 11:35:00
KP000140,KW11786,2026-02-17,JP,Desktop,6274,49.0,68,1556,4.37,2026-02-17 23:38:00
KP000141,KW11451,2026-02-18,DE,Desktop,6594,5.0,345,2915,11.84,2026-02-18 10:22:00
KP000142,KW10279,2026-02-19,DE,Mobile,1961,35.0,45,959,4.69,2026-02-19 12:51:00
KP000143,KW10625,2026-02-20,FR,Mobile,5377,40.0,17,334,5.09,2026-02-20 02:56:00
KP000144,KW11914,2026-02-21,AU,Desktop,1004,7.0,50,410,12.2,2026-02-21 17:45:00
KP000145,KW10301,2026-02-22,MX,Desktop,2612,21.0,64,1042,6.14,2026-02-22 09:10:00
KP000146,KW10603,2026-02-23,UK,Mobile,1945,21.0,21,326,6.44,2026-02-23 18:43:00
KP000147,KW10049,2026-02-24,AU,Mobile,2577,16.0,31,396,7.83,2026-02-24 11:45:00
KP000148,KW10729,2026-02-25,US,Desktop,4355,35.0,55,1132,4.86,2026-02-25 16:25:00
KP000149,KW10072,2026-02-26,BR,Mobile,1546,32.0,31,568,5.46,2026-02-26 20:04:00
KP000150,KW10734,2026-02-27,AU,Mobile,5874,37.0,139,2537,5.48,2026-02-27 08:14:00
KP000151,KW11216,2026-02-28,FR,Desktop,8530,41.0,52,1341,3.88,2026-02-28 18:28:00
KP000152,KW11745,2026-03-01,US,Mobile,3413,22.0,89,1130,7.88,2026-03-01 08:21:00
KP000153,KW11302,2026-03-02,JP,Tablet,5350,21.0,65,849,7.66,2026-03-02 09:06:00
KP000154,KW11025,2026-03-03,IN,Desktop,12036,19.0,108,1562,6.91,2026-03-03 14:01:00
KP000155,KW10318,2026-03-04,DE,Desktop,4888,5.0,157,1142,13.75,2026-03-04 08:05:00
KP000156,KW10931,2026-03-05,UK,Desktop,10554,30.0,68,1624,4.19,2026-03-05 20:44:00
KP000157,KW10552,2026-03-06,FR,Mobile,903,49.0,16,454,3.52,2026-03-06 01:59:00
KP000158,KW10127,2026-03-07,CA,Desktop,288,11.0,5,70,7.14,2026-03-07 13:35:00
KP000159,KW11891,2026-03-08,FR,Desktop,12024,29.0,109,2251,4.84,2026-03-08 12:05:00
KP000160,KW10302,2026-03-09,CA,Desktop,435,19.0,16,204,7.84,2026-03-09 18:50:00
KP000161,KW11748,2026-03-10,DE,Mobile,1116,47.0,14,426,3.29,2026-03-10 19:30:00
KP000162,KW10196,2026-03-11,BR,Mobile,874,42.0,18,396,4.55,2026-03-11 01:48:00
KP000163,KW11796,2026-03-12,MX,Desktop,8132,21.0,77,1434,5.37,2026-03-12 18:03:00
KP000164,KW11363,2026-03-13,JP,Desktop,3538,3.0,190,1272,14.94,2026-03-13 22:03:00
KP000165,KW10691,2026-03-14,MX,Desktop,1379,1.0,29,84,34.52,2026-03-14 00:44:00
KP000166,KW11564,2026-03-15,CA,Desktop,17357,23.0,282,5846,4.82,2026-03-15 01:07:00
KP000167,KW11757,2026-03-16,MX,Desktop,655,9.0,29,235,12.34,2026-03-16 04:27:00
KP000168,KW10975,2026-03-17,DE,Mobile,6049,19.0,81,1283,6.31,2026-03-17 05:37:00
KP000169,KW10822,2026-03-18,US,Mobile,2197,42.0,39,758,5.15,2026-03-18 02:16:00
KP000170,KW10123,2026-03-19,BR,Desktop,452,14.0,16,158,10.13,2026-03-19 08:34:00
KP000171,KW11815,2026-03-20,US,Mobile,3810,42.0,42,1007,4.17,2026-03-20 19:51:00
KP000172,KW11468,2026-03-21,MX,Mobile,3033,3.0,189,911,20.75,2026-03-21 06:11:00
KP000173,KW10651,2026-03-22,IN,Mobile,3308,24.0,71,1521,4.67,2026-03-22 12:21:00
KP000174,KW11358,2026-03-23,MX,Mobile,4915,30.0,117,2420,4.83,2026-03-23 04:12:00
KP000175,KW11852,2026-03-24,BR,Desktop,4008,1.0,450,1648,27.31,2026-03-24 13:14:00
KP000176,KW10902,2026-03-25,US,Mobile,2236,8.0,21,186,11.29,2026-03-25 23:37:00
KP000177,KW11227,2026-03-26,CA,Desktop,797,48.0,2,77,2.6,2026-03-26 02:09:00
KP000178,KW11414,2026-03-27,DE,Mobile,6912,30.0,193,3206,6.02,2026-03-27 01:11:00
KP000179,KW11878,2026-03-28,MX,Mobile,7866,22.0,263,3986,6.6,2026-03-28 03:45:00
KP000180,KW10075,2026-03-29,BR,Desktop,269,44.0,1,36,2.78,2026-03-29 21:40:00
KP000181,KW10786,2026-03-30,BR,Desktop,2209,15.0,59,949,6.22,2026-03-30 03:00:00
KP000182,KW11229,2026-03-31,CA,Mobile,3676,43.0,32,760,4.21,2026-03-31 02:20:00
KP000183,KW11928,2026-04-01,AU,Mobile,966,24.0,25,347,7.2,2026-04-01 09:25:00
KP000184,KW10284,2026-04-02,MX,Mobile,1649,11.0,35,352,9.94,2026-04-02 03:19:00
KP000185,KW11099,2026-04-03,FR,Desktop,1903,28.0,14,301,4.65,2026-04-03 11:33:00
KP000186,KW10982,2026-04-04,CA,Desktop,4858,30.0,86,1352,6.36,2026-04-04 07:52:00
KP000187,KW11150,2026-04-05,IN,Mobile,620,7.0,39,331,11.78,2026-04-05 03:04:00
KP000188,KW11093,2026-04-06,MX,Desktop,3326,50.0,27,721,3.74,2026-04-06 05:14:00
KP000189,KW11413,2026-04-07,US,Mobile,511,16.0,16,277,5.78,2026-04-07 09:43:00
KP000190,KW10325,2026-04-08,CA,Desktop,1139,28.0,28,447,6.26,2026-04-08 01:07:00
KP000191,KW11676,2026-04-09,FR,Mobile,3975,3.0,237,1623,14.6,2026-04-09 18:28:00
KP000192,KW11784,2026-04-10,CA,Mobile,1661,14.0,18,268,6.72,2026-04-10 05:06:00
KP000193,KW11197,2026-04-11,JP,Desktop,1120,33.0,14,344,4.07,2026-04-11 17:37:00
KP000194,KW11060,2026-04-12,AU,Mobile,8514,34.0,233,4561,5.11,2026-04-12 17:59:00
KP000195,KW10160,2026-04-13,DE,Desktop,5167,42.0,35,937,3.74,2026-04-13 10:34:00
KP000196,KW11559,2026-04-14,US,Mobile,3556,30.0,50,770,6.49,2026-04-14 02:50:00
KP000197,KW11170,2026-04-15,CA,Mobile,650,32.0,13,315,4.13,2026-04-15 16:10:00
KP000198,KW10373,2026-04-16,DE,Mobile,881,13.0,20,272,7.35,2026-04-16 23:23:00
KP000199,KW10213,2026-04-17,UK,Tablet,762,27.0,4,58,6.9,2026-04-17 06:52:00
KP000200,KW11487,2026-04-18,BR,Mobile,3088,33.0,44,924,4.76,2026-04-18 03:35:00
KP000201,KW10674,2026-04-19,AU,Mobile,8009,,122,2442,5.0,2026-04-19 23:22:00
KP000202,KW10837,2026-04-20,FR,Mobile,973,34.0,8,206,3.88,2026-04-20 07:07:00
KP000203,KW10157,2026-04-21,UK,Mobile,1699,3.0,26,154,16.88,2026-04-21 04:26:00
KP000204,KW10053,2026-04-22,CA,Mobile,4318,40.0,104,2308,4.51,2026-04-22 08:03:00
KP000205,KW11430,2026-04-23,DE,Mobile,20933,2.0,694,2966,23.4,2026-04-23 20:24:00
KP000206,KW10327,2026-04-24,FR,Mobile,2907,30.0,63,1236,5.1,2026-04-24 15:25:00
KP000207,KW10297,2026-04-25,MX,Mobile,2858,34.0,8,211,3.79,2026-04-25 11:21:00
KP000208,KW10979,2026-04-26,JP,Desktop,4362,13.0,116,1626,7.13,2026-04-26 15:57:00
KP000209,KW11953,2026-04-27,MX,Desktop,3778,24.0,108,1886,5.73,2026-04-27 16:38:00
KP000210,KW10060,2026-04-28,MX,Mobile,2850,49.0,34,1022,3.33,2026-04-28 19:52:00
KP000211,KW11271,2026-04-29,DE,Mobile,4275,27.0,122,2167,5.63,2026-04-29 05:32:00
KP000212,KW10915,2026-04-30,IN,Mobile,2931,27.0,78,1356,5.75,2026-04-30 14:43:00
KP000213,KW11017,2026-05-01,UK,Mobile,314,29.0,3,52,5.77,2026-05-01 15:38:00
KP000214,KW10117,2026-05-02,IN,Desktop,1115,50.0,18,484,3.72,2026-05-02 10:35:00
KP000215,KW10664,2026-05-03,IN,Desktop,7063,30.0,32,660,4.85,2026-05-03 11:41:00
KP000216,KW11917,2026-05-04,FR,Mobile,2025,47.0,32,822,3.89,2026-05-04 13:39:00
KP000217,KW11935,2026-05-05,DE,Desktop,1279,29.0,9,175,5.14,2026-05-05 09:23:00
KP000218,KW11355,2026-05-06,AU,Mobile,22988,6.0,193,1770,10.9,2026-05-06 21:04:00
KP000219,KW11820,2026-05-07,BR,Mobile,432,49.0,6,140,4.29,2026-05-07 12:00:00
KP000220,KW10129,2026-05-08,US,Mobile,5743,31.0,45,1121,4.01,2026-05-08 12:13:00
KP000221,KW10251,2026-05-09,FR,Desktop,1674,37.0,7,162,4.32,2026-05-09 01:11:00
KP000222,KW11557,2026-05-10,DE,Desktop,2752,9.0,74,669,11.06,2026-05-10 09:26:00
KP000223,KW10003,2026-05-11,AU,Desktop,1045,7.0,25,186,13.44,2026-05-11 00:11:00
KP000224,KW10919,2026-05-12,MX,Mobile,2059,16.0,62,981,6.32,2026-05-12 03:45:00
KP000225,KW10201,2026-05-13,FR,Desktop,6302,14.0,92,1156,7.96,2026-05-13 03:57:00
KP000226,KW11013,2026-05-14,JP,Mobile,4410,17.0,70,1080,6.48,2026-05-14 08:05:00
KP000227,KW10387,2026-05-15,JP,Mobile,626,27.0,14,230,6.09,2026-05-15 12:39:00
KP000228,KW10068,2026-05-16,CA,Desktop,2859,15.0,39,498,7.83,2026-05-16 16:50:00
KP000229,KW10681,2026-05-17,AU,Mobile,2833,10.0,133,1494,8.9,2026-05-17 13:25:00
KP000230,KW11409,2026-05-18,CA,Desktop,2749,17.0,44,509,8.64,2026-05-18 09:10:00
KP000231,KW10789,2026-05-19,IN,Mobile,3695,35.0,18,347,5.19,2026-05-19 00:29:00
KP000232,KW11044,2026-05-20,AU,Mobile,1839,32.0,16,335,4.78,2026-05-20 22:46:00
KP000233,KW11272,2026-05-21,UK,Mobile,1516,42.0,23,432,5.32,2026-05-21 19:27:00
KP000234,KW10970,2026-05-22,MX,Desktop,3374,42.0,98,1852,5.29,2026-05-22 19:14:00
KP000235,KW10702,2026-05-23,CA,Mobile,1200,5.0,37,261,14.18,2026-05-23 01:05:00
KP000236,KW10202,2026-05-24,JP,Mobile,2151,16.0,43,491,8.76,2026-05-24 16:01:00
KP000237,KW10262,2026-05-25,US,Mobile,1492,25.0,38,554,6.86,2026-05-25 06:48:00
KP000238,KW11513,2026-05-26,BR,Mobile,1820,46.0,11,222,4.95,2026-05-26 23:49:00
KP000239,KW10139,2026-05-27,FR,Mobile,3041,3.0,283,1333,21.23,2026-05-27 11:31:00
KP000240,KW11164,2026-05-28,AU,Desktop,6355,36.0,101,1697,5.95,2026-05-28 06:41:00
KP000241,KW10191,2026-05-29,FR,Desktop,4934,27.0,72,1088,6.62,2026-05-29 00:10:00
KP000242,KW10070,2026-05-30,CA,Mobile,1923,29.0,37,630,5.87,2026-05-30 15:26:00
KP000243,KW11297,2026-05-31,IN,Desktop,2704,42.0,28,689,4.06,2026-05-31 15:08:00
KP000489,KW10643,2026-02-01,UK,Desktop,863,12.0,31,306,10.13,2026-02-01 10:04:00
KP000490,KW10944,2026-02-02,FR,Desktop,2301,36.0,9,223,4.04,2026-02-02 15:17:00
KP000491,KW11906,2026-02-03,DE,Mobile,811,26.0,24,408,5.88,2026-02-03 05:21:00
KP000492,KW11956,2026-02-04,BR,Desktop,2684,18.0,127,1425,8.91,2026-02-04 04:02:00
KP000493,KW11988,2026-02-05,US,Mobile,2820,27.0,52,919,5.66,2026-02-05 06:00:00
KP000494,KW10979,2026-02-06,US,Mobile,1781,37.0,7,160,4.38,2026-02-06 10:43:00
KP000495,KW11162,2026-02-07,UK,Mobile,2458,21.0,105,1324,7.93,2026-02-07 15:47:00
KP000496,KW11040,2026-02-08,US,Mobile,570,40.0,1,41,2.44,2026-02-08 15:19:00
KP000497,KW10550,2026-02-09,JP,Mobile,4585,48.0,83,1642,5.05,2026-02-09 12:11:00
KP000498,KW10355,2026-02-10,JP,Mobile,4445,45.0,69,2025,3.41,2026-02-10 08:05:00
KP000499,KW10875,2026-02-11,UK,Mobile,10084,49.0,125,2494,5.01,2026-02-11 22:14:00
KP000500,KW11030,2026-02-12,BR,Mobile,455,6.0,8,75,10.67,2026-02-12 06:15:00
KP000501,KW11018,2026-02-13,MX,Mobile,452,18.0,17,215,7.91,2026-02-13 04:34:00
KP000502,KW10641,2026-02-14,DE,Mobile,17619,31.0,77,1522,5.06,2026-02-14 02:35:00
KP000503,KW10213,2026-02-15,BR,Desktop,4886,50.0,14,462,3.03,2026-02-15 00:33:00
KP000504,KW10878,2026-02-16,BR,Mobile,943,3.0,65,321,20.25,2026-02-16 14:34:00
KP000505,KW11342,2026-02-17,CA,Desktop,13810,21.0,415,5089,8.15,2026-02-17 17:36:00
KP000506,KW10993,2026-02-18,MX,Mobile,36578,27.0,802,11654,6.88,2026-02-18 14:22:00
KP000507,KW10125,2026-02-19,AU,Tablet,11865,39.0,283,5233,5.41,2026-02-19 01:36:00
KP000508,KW11451,2026-02-20,BR,Desktop,2183,3.0,43,240,17.92,2026-02-20 14:06:00
KP000509,KW11237,2026-02-21,DE,Desktop,9597,38.0,148,3430,4.31,2026-02-21 13:57:00
KP000510,KW11934,2026-02-22,US,Desktop,427,18.0,1,25,4.0,2026-02-22 06:32:00
KP000511,KW10686,2026-02-23,US,Mobile,3354,40.0,32,902,3.55,2026-02-23 11:21:00
KP000512,KW11597,2026-02-24,UK,Tablet,2647,15.0,53,710,7.46,2026-02-24 01:30:00
KP000513,KW11782,2026-02-25,AU,Mobile,2339,1.0,326,933,34.94,2026-02-25 23:04:00
KP000514,KW10710,2026-02-26,MX,Mobile,1567,11.0,37,341,10.85,2026-02-26 11:12:00
KP000515,KW11485,2026-02-27,JP,Mobile,6282,5.0,363,2472,14.68,2026-02-27 04:03:00
KP000516,KW10775,2026-02-28,CA,Mobile,2631,2.0,143,638,22.41,2026-02-28 12:52:00
KP000517,KW11272,2026-03-01,DE,Desktop,2359,20.0,28,525,5.33,2026-03-01 19:27:00
KP000518,KW11200,2026-03-02,JP,Desktop,1895,24.0,36,582,6.19,2026-03-02 06:47:00
KP000519,KW10198,2026-03-03,UK,Tablet,4593,27.0,65,985,6.6,2026-03-03 10:43:00
KP000520,KW10502,2026-03-04,IN,Mobile,6378,27.0,45,737,6.11,2026-03-04 06:34:00
KP000521,KW11817,2026-03-05,MX,Desktop,1160,2.0,101,382,26.44,2026-03-05 02:45:00
KP000522,KW10422,2026-03-06,BR,Desktop,2791,14.0,78,1267,6.16,2026-03-06 04:52:00
KP000523,KW10459,2026-03-07,FR,Mobile,3204,16.0,133,1488,8.94,2026-03-07 14:09:00
KP000524,KW10425,2026-03-08,US,Mobile,2819,50.0,41,1063,3.86,2026-03-08 15:05:00
KP000525,KW11115,2026-03-09,BR,Mobile,4988,28.0,125,2057,6.08,2026-03-09 14:08:00
KP000526,KW10851,2026-03-10,JP,Mobile,10896,8.0,237,2336,10.15,2026-03-10 02:03:00
KP000527,KW11023,2026-03-11,IN,Desktop,6617,28.0,133,3079,4.32,2026-03-11 14:47:00
KP000528,KW11799,2026-03-12,JP,Mobile,3134,49.0,68,1378,4.93,2026-03-12 18:46:00
KP000529,KW11526,2026-03-13,FR,Desktop,7222,2.0,399,1524,26.18,2026-03-13 13:30:00
KP000530,KW10085,2026-03-14,AU,Mobile,3956,22.0,113,1524,7.41,2026-03-14 15:31:00
KP000531,KW11665,2026-03-15,JP,Mobile,4822,22.0,135,1974,6.84,2026-03-15 14:05:00
KP000532,KW10715,2026-03-16,US,Mobile,8143,22.0,225,4421,5.09,2026-03-16 08:47:00
KP000533,KW11937,2026-03-17,MX,Desktop,1488,27.0,29,437,6.64,2026-03-17 04:47:00
KP000534,KW11489,2026-03-18,AU,Mobile,3298,28.0,91,1422,6.4,2026-03-18 10:40:00
KP000535,KW10935,2026-03-19,FR,Desktop,2068,18.0,49,558,8.78,2026-03-19 01:52:00
KP000536,KW10402,2026-03-20,MX,Desktop,2333,5.0,55,373,14.75,2026-03-20 05:05:00
KP000537,KW10211,2026-03-21,IN,Desktop,5224,36.0,39,925,4.22,2026-03-21 23:50:00
KP000538,KW11748,2026-03-22,AU,Mobile,4253,15.0,136,2112,6.44,2026-03-22 22:23:00
KP000539,KW11078,2026-03-23,MX,Mobile,881,27.0,26,383,6.79,2026-03-23 18:41:00
KP000540,KW10353,2026-03-24,JP,Desktop,1675,36.0,10,262,3.82,2026-03-24 20:46:00
KP000541,KW10896,2026-03-25,DE,Mobile,6526,20.0,115,1635,7.03,2026-03-25 08:53:00
KP000542,KW11997,2026-03-26,UK,Mobile,7271,26.0,182,3923,4.64,2026-03-26 11:14:00
KP000543,KW10495,2026-03-27,AU,Desktop,2236,48.0,60,1168,5.14,2026-03-27 11:07:00
KP000544,KW10735,2026-03-28,MX,Desktop,3560,31.0,60,1031,5.82,2026-03-28 07:14:00
KP000545,KW11289,2026-03-29,MX,Mobile,1178,15.0,34,413,8.23,2026-03-29 02:02:00
KP000546,KW11316,2026-03-30,MX,Desktop,1500,23.0,54,808,6.68,2026-03-30 12:29:00
KP000547,KW11227,2026-03-31,MX,Desktop,984,43.0,8,198,4.04,2026-03-31 21:45:00
KP000548,KW11494,2026-04-01,JP,Mobile,16217,4.0,214,1335,16.03,2026-04-01 03:46:00
KP000549,KW11663,2026-04-02,UK,Mobile,2134,34.0,19,476,3.99,2026-04-02 11:44:00
KP000550,KW10044,2026-04-03,DE,Desktop,1067,4.0,64,382,16.75,2026-04-03 16:26:00
KP000551,KW10446,2026-04-04,UK,Mobile,6132,27.0,34,656,5.18,2026-04-04 21:34:00
KP000552,KW10310,2026-04-05,FR,Desktop,731,42.0,5,130,3.85,2026-04-05 09:15:00
KP000553,KW11895,2026-04-06,JP,Mobile,769,31.0,12,266,4.51,2026-04-06 13:00:00
KP000554,KW10191,2026-04-07,AU,Desktop,492,41.0,4,118,3.39,2026-04-07 12:21:00
KP000555,KW11183,2026-04-08,CA,Desktop,2051,10.0,37,318,11.64,2026-04-08 05:47:00
KP000556,KW11527,2026-04-09,DE,Tablet,1568,23.0,44,722,6.09,2026-04-09 17:43:00
KP000557,KW10588,2026-04-10,CA,Desktop,1389,8.0,17,144,11.81,2026-04-10 18:48:00
KP000558,KW11524,2026-04-11,MX,Desktop,755,37.0,4,86,4.65,2026-04-11 21:37:00
KP000559,KW11605,2026-04-12,BR,Desktop,1128,11.0,34,344,9.88,2026-04-12 14:05:00
KP000560,KW11362,2026-04-13,IN,Mobile,2086,25.0,24,460,5.22,2026-04-13 10:58:00
KP000561,KW10602,2026-04-14,JP,Mobile,4564,5.0,225,1702,13.22,2026-04-14 09:29:00
KP000562,KW11507,2026-04-15,BR,Mobile,5881,17.0,63,718,8.77,2026-04-15 18:53:00
KP000563,KW11701,2026-04-16,MX,Mobile,3943,12.0,110,1529,7.19,2026-04-16 00:26:00
KP000564,KW10294,2026-04-17,UK,Mobile,2474,25.0,27,426,6.34,2026-04-17 03:38:00
KP000565,KW11608,2026-04-18,MX,Tablet,1473,36.0,19,383,4.96,2026-04-18 09:14:00
KP000566,KW10528,2026-04-19,US,Desktop,14515,33.0,130,2138,6.08,2026-04-19 17:12:00
KP000567,KW10364,2026-04-20,JP,Mobile,3525,6.0,74,577,12.82,2026-04-20 06:50:00
KP000568,KW10702,2026-04-21,US,Mobile,2805,28.0,34,758,4.49,2026-04-21 16:14:00
KP000569,KW10659,2026-04-22,JP,Desktop,3069,21.0,13,166,7.83,2026-04-22 10:13:00
KP000570,KW11427,2026-04-23,UK,Mobile,1717,19.0,48,608,7.89,2026-04-23 23:20:00
KP000571,KW10316,2026-04-24,UK,Mobile,2817,44.0,63,1168,5.39,2026-04-24 04:08:00
KP000572,KW10606,2026-04-25,MX,Mobile,25687,11.0,1449,13802,10.5,2026-04-25 14:24:00
KP000573,KW10548,2026-04-26,AU,Desktop,3334,12.0,89,1149,7.75,2026-04-26 03:23:00
KP000574,KW10944,2026-04-27,IN,Mobile,4312,17.0,53,876,6.05,2026-04-27 02:04:00
KP000575,KW10248,2026-04-28,JP,Desktop,3866,45.0,18,383,4.7,2026-04-28 15:43:00
KP000576,KW11938,2026-04-29,UK,Mobile,3002,35.0,53,1081,4.9,2026-04-29 15:58:00
KP000577,KW11926,2026-04-30,DE,Mobile,1251,32.0,13,204,6.37,2026-04-30 12:53:00
KP000578,KW11592,2026-05-01,FR,Mobile,3790,39.0,12,216,5.56,2026-05-01 16:00:00
KP000579,KW10770,2026-05-02,AU,Desktop,5513,19.0,28,416,6.73,2026-05-02 18:58:00
KP000580,KW11383,2026-05-03,UK,Desktop,13431,5.0,598,4212,14.2,2026-05-03 06:30:00
KP000581,KW10503,2026-05-04,CA,Desktop,2708,50.0,18,410,4.39,2026-05-04 05:46:00
KP000582,KW10480,2026-05-05,JP,Desktop,1618,14.0,38,518,7.34,2026-05-05 01:28:00
KP000583,KW11543,2026-05-06,JP,Desktop,7140,35.0,204,3361,6.07,2026-05-06 14:14:00
KP000584,KW11279,2026-05-07,JP,Mobile,1382,9.0,56,613,9.14,2026-05-07 10:05:00
KP000585,KW11365,2026-05-08,BR,Desktop,2524,39.0,34,654,5.2,2026-05-08 04:26:00
KP000586,KW10408,2026-05-09,JP,Mobile,3251,41.0,64,1447,4.42,2026-05-09 13:08:00
KP000587,KW10632,2026-05-10,CA,Mobile,6454,45.0,55,1220,4.51,2026-05-10 09:45:00
KP000588,KW10395,2026-05-11,CA,Desktop,3451,44.0,28,804,3.48,2026-05-11 05:39:00
KP000589,KW10322,2026-05-12,UK,Mobile,675,9.0,24,227,10.57,2026-05-12 10:46:00
KP000590,KW11140,2026-05-13,MX,Desktop,266,34.0,2,43,4.65,2026-05-13 19:14:00
KP000591,KW10909,2026-05-14,UK,Mobile,1768,9.0,7,90,7.78,2026-05-14 20:13:00
KP000592,KW10148,2026-05-15,FR,Mobile,1238,32.0,26,533,4.88,2026-05-15 21:12:00
KP000593,KW10792,2026-05-16,US,Mobile,4614,36.0,46,1185,3.88,2026-05-16 07:42:00
KP000594,KW11397,2026-05-17,US,Mobile,2223,17.0,44,736,5.98,2026-05-17 07:49:00
KP000595,KW11821,2026-05-18,IN,Tablet,15291,25.0,166,3412,4.87,2026-05-18 16:09:00
KP000596,KW11867,2026-05-19,DE,Mobile,2926,35.0,46,1074,4.28,2026-05-19 16:14:00
KP000597,KW10704,2026-05-20,MX,Desktop,4576,46.0,65,1300,5.0,2026-05-20 12:44:00
KP000598,KW11448,2026-05-21,MX,Mobile,1501,48.0,29,586,4.95,2026-05-21 06:26:00
KP000599,KW10983,2026-05-22,FR,Mobile,2376,35.0,21,404,5.2,2026-05-22 15:55:00
KP000600,KW11701,2026-05-23,BR,Desktop,942,3.0,45,272,16.54,2026-05-23 16:23:00
KP000601,KW10580,2026-05-24,IN,Desktop,400,45.0,3,71,4.23,2026-05-24 14:35:00
KP000602,KW10547,2026-05-25,DE,Mobile,7931,21.0,81,1195,6.78,2026-05-25 07:18:00
KP000603,KW10838,2026-05-26,IN,Tablet,2696,28.0,60,941,6.38,2026-05-26 11:54:00
KP000604,KW10301,2026-05-27,FR,Mobile,1737,35.0,35,938,3.73,2026-05-27 19:43:00
KP000605,KW10876,2026-05-28,IN,Mobile,227,49.0,1,27,3.7,2026-05-28 09:25:00
KP000606,KW11979,2026-05-29,CA,Mobile,702,46.0,15,306,4.9,2026-05-29 14:18:00
KP000607,KW11450,2026-05-30,US,Mobile,6629,48.0,126,2803,4.5,2026-05-30 00:24:00
KP000608,KW11617,2026-05-31,CA,Desktop,3490,49.0,32,731,4.38,2026-05-31 09:15:00
KP000854,KW11998,2026-02-01,FR,Desktop,9144,35.0,74,1677,4.41,2026-02-01 08:32:00
KP000855,KW10971,2026-02-02,UK,Desktop,8506,39.0,22,641,3.43,2026-02-02 02:32:00
KP000856,KW10073,2026-02-03,CA,Mobile,1844,9.0,76,642,11.84,2026-02-03 16:59:00
KP000857,KW10597,2026-02-04,MX,Mobile,2038,43.0,10,245,4.08,2026-02-04 08:55:00
KP000858,KW11472,2026-02-05,JP,Desktop,2036,26.0,25,376,6.65,2026-02-05 16:18:00
KP000859,KW10603,2026-02-06,CA,Mobile,2968,41.0,63,1368,4.61,2026-02-06 17:51:00
KP000860,KW10492,2026-02-07,FR,Desktop,1373,21.0,23,355,6.48,2026-02-07 23:04:00
KP000861,KW11740,2026-02-08,JP,Desktop,2508,6.0,66,482,13.69,2026-02-08 06:05:00
KP000862,KW10353,2026-02-09,US,Mobile,8438,36.0,112,2060,5.44,2026-02-09 10:06:00
KP000863,KW11516,2026-02-10,MX,Desktop,2251,18.0,73,883,8.27,2026-02-10 21:30:00
KP000864,KW10040,2026-02-11,UK,Desktop,6723,47.0,65,1367,4.75,2026-02-11 18:08:00
KP000865,KW11442,2026-02-12,US,Mobile,3139,30.0,85,1269,6.7,2026-02-12 09:49:00
KP000866,KW11547,2026-02-13,CA,Mobile,2466,45.0,31,683,4.54,2026-02-13 16:29:00
KP000867,KW10102,2026-02-14,FR,Desktop,4350,20.0,37,638,5.8,2026-02-14 14:27:00
KP000868,KW10117,2026-02-15,DE,Mobile,562,11.0,15,191,7.85,2026-02-15 18:20:00
KP000869,KW11634,2026-02-16,UK,Mobile,1537,23.0,13,215,6.05,2026-02-16 09:07:00
KP000870,KW11169,2026-02-17,CA,Desktop,3931,11.0,141,1992,7.08,2026-02-17 13:54:00
KP000871,KW10830,2026-02-18,UK,Desktop,1001,32.0,14,277,5.05,2026-02-18 00:42:00
KP000872,KW10963,2026-02-19,US,Desktop,3416,28.0,81,1833,4.42,2026-02-19 18:16:00
KP000873,KW11687,2026-02-20,IN,Desktop,2190,9.0,15,171,8.77,2026-02-20 16:01:00
KP000874,KW11943,2026-02-21,DE,Desktop,610,7.0,22,249,8.84,2026-02-21 22:53:00
KP000875,KW10632,2026-02-22,DE,Tablet,984,10.0,40,492,8.13,2026-02-22 03:42:00
KP000876,KW10109,2026-02-23,IN,Desktop,1918,48.0,15,415,3.61,2026-02-23 02:42:00
KP000877,KW11406,2026-02-24,MX,Desktop,21543,23.0,261,4487,5.82,2026-02-24 09:40:00
KP000878,KW10951,2026-02-25,BR,Mobile,428,15.0,10,114,8.77,2026-02-25 17:08:00
KP000879,KW11667,2026-02-26,US,Mobile,4481,34.0,99,1708,5.8,2026-02-26 09:21:00
KP000880,KW11135,2026-02-27,FR,Mobile,4751,45.0,116,2590,4.48,2026-02-27 11:12:00
KP000881,KW11992,2026-02-28,IN,Desktop,4208,16.0,50,683,7.32,2026-02-28 20:13:00
KP000882,KW11022,2026-03-01,AU,Desktop,4311,44.0,120,2273,5.28,2026-03-01 13:52:00
KP000883,KW10133,2026-03-02,AU,Desktop,5933,37.0,115,1992,5.77,2026-03-02 23:07:00
KP000884,KW10616,2026-03-03,BR,Desktop,3486,25.0,65,1159,5.61,2026-03-03 17:10:00
KP000885,KW11482,2026-03-04,IN,Mobile,10232,41.0,120,3088,3.89,2026-03-04 19:43:00
KP000886,KW10990,2026-03-05,FR,Desktop,1013,3.0,27,184,14.67,2026-03-05 04:49:00
KP000887,KW10858,2026-03-06,IN,Mobile,8605,45.0,177,4340,4.08,2026-03-06 00:32:00
KP000888,KW10543,2026-03-07,BR,Mobile,5048,28.0,27,525,5.14,2026-03-07 08:41:00
KP000889,KW11215,2026-03-08,UK,Mobile,2292,20.0,31,558,5.56,2026-03-08 08:24:00
KP000890,KW10566,2026-03-09,US,Mobile,3103,9.0,45,428,10.51,2026-03-09 15:59:00
KP000891,KW11113,2026-03-10,BR,Mobile,3034,49.0,53,1220,4.34,2026-03-10 22:12:00
KP000892,KW11558,2026-03-11,JP,Desktop,2023,38.0,21,618,3.4,2026-03-11 03:12:00
KP000893,KW10718,2026-03-12,CA,Mobile,4509,7.0,254,1716,14.8,2026-03-12 09:16:00
KP000894,KW11518,2026-03-13,AU,Desktop,3760,6.0,92,856,10.75,2026-03-13 02:01:00
KP000895,KW11798,2026-03-14,FR,Desktop,6163,4.0,192,1338,14.35,2026-03-14 10:53:00
KP000896,KW11353,2026-03-15,MX,Desktop,1384,18.0,22,403,5.46,2026-03-15 18:52:00
KP000897,KW11715,2026-03-16,JP,Mobile,2502,25.0,31,646,4.8,2026-03-16 11:17:00
KP000898,KW11023,2026-03-17,JP,Desktop,1605,26.0,30,512,5.86,2026-03-17 09:21:00
KP000899,KW11927,2026-03-18,JP,Desktop,1713,20.0,22,314,7.01,2026-03-18 12:14:00
KP000900,KW11971,2026-03-19,DE,Mobile,1293,47.0,13,386,3.37,2026-03-19 23:30:00
KP000901,KW10614,2026-03-20,AU,Desktop,5801,21.0,42,813,5.17,2026-03-20 00:44:00
KP000902,KW11891,2026-03-21,IN,Desktop,2553,48.0,37,971,3.81,2026-03-21 06:27:00
KP000903,KW10739,2026-03-22,FR,Mobile,2245,25.0,42,590,7.12,2026-03-22 04:14:00
KP000904,KW10151,2026-03-23,CA,Desktop,8706,39.0,24,588,4.08,2026-03-23 04:06:00
KP000905,KW10206,2026-03-24,JP,Desktop,11085,10.0,369,4393,8.4,2026-03-24 17:11:00
KP000906,KW11767,2026-03-25,AU,Mobile,6397,6.0,539,3394,15.88,2026-03-25 18:14:00
KP000907,KW10732,2026-03-26,CA,Tablet,3662,3.0,215,1302,16.51,2026-03-26 08:27:00
KP000908,KW10771,2026-03-27,MX,Mobile,1197,19.0,30,505,5.94,2026-03-27 09:36:00
KP000909,KW11234,2026-03-28,IN,Desktop,475,18.0,8,131,6.11,2026-03-28 03:03:00
KP000910,KW10800,2026-03-29,MX,Desktop,2612,25.0,70,1347,5.2,2026-03-29 14:47:00
KP000911,KW10905,2026-03-30,AU,Mobile,1043,25.0,18,259,6.95,2026-03-30 19:51:00
KP000912,KW11007,2026-03-31,US,Desktop,2044,37.0,53,922,5.75,2026-03-31 19:48:00
KP000913,KW11690,2026-04-01,BR,Mobile,3323,45.0,33,968,3.41,2026-04-01 00:08:00
KP000914,KW10678,2026-04-02,UK,Mobile,1105,36.0,4,83,4.82,2026-04-02 18:45:00
KP000915,KW11827,2026-04-03,UK,Mobile,723,18.0,6,105,5.71,2026-04-03 01:44:00
KP000916,KW10582,2026-04-04,JP,Desktop,8986,30.0,113,1816,6.22,2026-04-04 10:01:00
KP000917,KW10486,2026-04-05,MX,Mobile,3264,5.0,134,1087,12.33,2026-04-05 03:33:00
KP000918,KW11579,2026-04-06,FR,Desktop,6491,49.0,150,3548,4.23,2026-04-06 04:10:00
KP000919,KW11894,2026-04-07,JP,Desktop,6846,11.0,72,741,9.72,2026-04-07 22:58:00
KP000920,KW11819,2026-04-08,MX,Mobile,3630,49.0,8,187,4.28,2026-04-08 14:07:00
KP000921,KW10801,2026-04-09,BR,Mobile,8062,5.0,47,424,11.08,2026-04-09 10:47:00
KP000922,KW11276,2026-04-10,US,Desktop,3514,10.0,127,1147,11.07,2026-04-10 17:17:00
KP000923,KW10826,2026-04-11,FR,Mobile,2205,30.0,60,1016,5.91,2026-04-11 06:28:00
KP000924,KW10145,2026-04-12,UK,Mobile,6762,29.0,51,809,6.3,2026-04-12 14:34:00
KP000925,KW11826,2026-04-13,US,Desktop,2739,27.0,73,1231,5.93,2026-04-13 19:57:00
KP000926,KW10247,2026-04-14,UK,Mobile,2170,29.0,15,262,5.73,2026-04-14 01:41:00
KP000927,KW11914,2026-04-15,DE,Mobile,1037,24.0,4,103,3.88,2026-04-15 05:06:00
KP000928,KW11708,2026-04-16,UK,Mobile,6428,6.0,329,2651,12.41,2026-04-16 10:39:00
KP000929,KW10178,2026-04-17,MX,Desktop,6386,47.0,176,3460,5.09,2026-04-17 20:54:00
KP000930,KW10189,2026-04-18,JP,Mobile,1166,44.0,16,492,3.25,2026-04-18 22:04:00
KP000931,KW11843,2026-04-19,FR,Desktop,9863,4.0,426,2177,19.57,2026-04-19 04:13:00
KP000932,KW11017,2026-04-20,JP,Desktop,1556,42.0,30,619,4.85,2026-04-20 17:32:00
KP000933,KW10935,2026-04-21,MX,Mobile,4919,24.0,104,1616,6.44,2026-04-21 22:51:00
KP000934,KW10283,2026-04-22,FR,Mobile,4158,19.0,33,430,7.67,2026-04-22 02:17:00
KP000935,KW10116,2026-04-23,IN,Mobile,1678,17.0,46,629,7.31,2026-04-23 08:33:00
KP000936,KW10442,2026-04-24,BR,Desktop,1673,44.0,27,799,3.38,2026-04-24 02:37:00
KP000937,KW10152,2026-04-25,US,Mobile,306,43.0,1,49,2.04,2026-04-25 05:55:00
KP000938,KW11915,2026-04-26,MX,Mobile,5691,38.0,27,482,5.6,2026-04-26 14:38:00
KP000939,KW10731,2026-04-27,FR,Desktop,6008,26.0,31,600,5.17,2026-04-27 11:48:00
KP000940,KW10264,2026-04-28,FR,Desktop,6140,11.0,268,2814,9.52,2026-04-28 20:56:00
KP000941,KW11387,2026-04-29,DE,Desktop,4428,14.0,193,2184,8.84,2026-04-29 14:44:00
KP000942,KW10111,2026-04-30,AU,Tablet,4740,17.0,177,2104,8.41,2026-04-30 16:06:00
KP000943,KW10640,2026-05-01,IN,Desktop,1200,4.0,33,177,18.64,2026-05-01 10:55:00
KP000944,KW11905,2026-05-02,BR,Desktop,4177,8.0,30,275,10.91,2026-05-02 10:44:00
KP000945,KW10774,2026-05-03,DE,Desktop,2437,33.0,78,1272,6.13,2026-05-03 04:32:00
KP000946,KW11735,2026-05-04,JP,Desktop,4200,14.0,187,1990,9.4,2026-05-04 04:54:00
KP000947,KW10795,2026-05-05,DE,Tablet,2312,4.0,197,1231,16.0,2026-05-05 04:24:00
KP000948,KW10495,2026-05-06,FR,Desktop,9968,2.0,1071,4897,21.87,2026-05-06 14:01:00
KP000949,KW11888,2026-05-07,IN,Tablet,5565,46.0,116,2809,4.13,2026-05-07 23:29:00
KP000950,KW10691,2026-05-08,US,Desktop,10109,21.0,255,4248,6.0,2026-05-08 12:37:00
KP000951,KW10283,2026-05-09,DE,Mobile,1324,40.0,17,375,4.53,2026-05-09 06:56:00
KP000952,KW10402,2026-05-10,AU,Desktop,10359,33.0,207,5297,3.91,2026-05-10 03:27:00
KP000953,KW10370,2026-05-11,AU,Desktop,2619,30.0,54,981,5.5,2026-05-11 09:36:00
KP000954,KW11685,2026-05-12,BR,Mobile,2957,26.0,50,821,6.09,2026-05-12 12:59:00
KP000955,KW10702,2026-05-13,MX,Mobile,4328,12.0,47,576,8.16,2026-05-13 04:40:00
KP000956,KW11499,2026-05-14,CA,Desktop,710,10.0,28,264,10.61,2026-05-14 20:41:00
KP000957,KW11938,2026-05-15,JP,Mobile,1152,28.0,3,70,4.29,2026-05-15 21:41:00
KP000958,KW10893,2026-05-16,FR,Mobile,5121,29.0,46,807,5.7,2026-05-16 00:52:00
KP000959,KW11189,2026-05-17,UK,Desktop,1504,43.0,5,96,5.21,2026-05-17 01:11:00
KP000960,KW10903,2026-05-18,CA,Desktop,467,23.0,4,92,4.35,2026-05-18 05:36:00
KP000961,KW11186,2026-05-19,JP,Mobile,992,22.0,4,75,5.33,2026-05-19 14:17:00
KP000962,KW11090,2026-05-20,JP,Mobile,3771,1.0,470,1420,33.1,2026-05-20 19:42:00
KP000963,KW11450,2026-05-21,MX,Mobile,1216,17.0,39,602,6.48,2026-05-21 14:37:00
KP000964,KW10854,2026-05-22,UK,Desktop,1367,4.0,65,408,15.93,2026-05-22 09:10:00
KP000965,KW10343,2026-05-23,FR,Mobile,1026,47.0,11,230,4.78,2026-05-23 11:27:00
KP000966,KW10226,2026-05-24,JP,Desktop,12023,30.0,268,5810,4.61,2026-05-24 04:37:00
KP000967,KW11226,2026-05-25,MX,Mobile,13827,6.0,1155,7199,16.04,2026-05-25 00:17:00
KP000968,KW10138,2026-05-26,US,Desktop,426,50.0,10,208,4.81,2026-05-26 04:55:00
KP000969,KW10733,2026-05-27,BR,Desktop,18619,21.0,417,7574,5.51,2026-05-27 15:38:00
KP000970,KW11531,2026-05-28,FR,Desktop,694,44.0,7,182,3.85,2026-05-28 07:42:00
KP000971,KW11346,2026-05-29,DE,Desktop,9652,19.0,417,5084,8.2,2026-05-29 10:16:00
KP000972,KW11121,2026-05-30,MX,Mobile,1302,17.0,30,378,7.94,2026-05-30 16:24:00
KP000973,KW11444,2026-05-31,US,Desktop,8366,28.0,196,3567,5.49,2026-05-31 04:17:00
KP001219,KW11586,2026-02-01,JP,Desktop,10680,15.0,279,3348,8.33,2026-02-01 01:56:00
KP001220,KW10736,2026-02-02,IN,Desktop,8212,24.0,187,2813,6.65,2026-02-02 17:31:00
KP001221,KW11746,2026-02-03,IN,Desktop,2552,33.0,52,970,5.36,2026-02-03 17:35:00
KP001222,KW10032,2026-02-04,IN,Mobile,5378,34.0,98,1847,5.31,2026-02-04 04:48:00
KP001223,KW11460,2026-02-05,MX,Mobile,2539,21.0,49,908,5.4,2026-02-05 12:34:00
KP001224,KW10730,2026-02-06,MX,Desktop,2975,50.0,46,943,4.88,2026-02-06 13:00:00
KP001225,KW11152,2026-02-07,BR,Desktop,1541,18.0,22,343,6.41,2026-02-07 11:17:00
KP001226,KW10351,2026-02-08,CA,Mobile,5155,2.0,678,2355,28.79,2026-02-08 13:58:00
KP001227,KW10256,2026-02-09,JP,Desktop,1777,17.0,5,96,5.21,2026-02-09 22:43:00
KP001228,KW10961,2026-02-10,MX,Mobile,2869,26.0,42,798,5.26,2026-02-10 20:17:00
KP001229,KW10983,2026-02-11,BR,Desktop,5049,9.0,103,1283,8.03,2026-02-11 23:28:00
KP001230,KW11696,2026-02-12,UK,Mobile,2623,21.0,59,785,7.52,2026-02-12 08:08:00
KP001231,KW10368,2026-02-13,BR,Mobile,2930,35.0,67,1562,4.29,2026-02-13 08:46:00
KP001232,KW11478,2026-02-14,DE,Tablet,6982,22.0,138,1804,7.65,2026-02-14 16:07:00
KP001233,KW10571,2026-02-15,JP,Mobile,2724,29.0,58,1354,4.28,2026-02-15 21:18:00
KP001234,KW10719,2026-02-16,MX,Desktop,2528,14.0,56,831,6.74,2026-02-16 06:59:00
KP001235,KW11552,2026-02-17,AU,Mobile,964,36.0,15,264,5.68,2026-02-17 03:58:00
KP001236,KW10499,2026-02-18,DE,Mobile,1693,25.0,20,462,4.33,2026-02-18 20:27:00
KP001237,KW11254,2026-02-19,BR,Mobile,480,36.0,6,127,4.72,2026-02-19 10:45:00
KP001238,KW10849,2026-02-20,BR,Mobile,3550,4.0,148,1061,13.95,2026-02-20 20:09:00
KP001239,KW11424,2026-02-21,MX,Desktop,8154,42.0,124,2725,4.55,2026-02-21 10:45:00
KP001240,KW11317,2026-02-22,CA,Mobile,3094,34.0,49,831,5.9,2026-02-22 15:26:00
KP001241,KW11396,2026-02-23,JP,Desktop,1088,5.0,12,112,10.71,2026-02-23 08:52:00
KP001242,KW10827,2026-02-24,CA,Tablet,5491,6.0,294,2974,9.89,2026-02-24 18:18:00
KP001243,KW10376,2026-02-25,IN,Mobile,936,19.0,28,374,7.49,2026-02-25 05:24:00
KP001244,KW10927,2026-02-26,FR,Mobile,1189,36.0,5,143,3.5,2026-02-26 16:48:00
KP001245,KW10649,2026-02-27,AU,Mobile,764,26.0,19,283,6.71,2026-02-27 01:49:00
KP001246,KW11613,2026-02-28,MX,Desktop,1488,22.0,32,472,6.78,2026-02-28 12:09:00
KP001247,KW10232,2026-03-01,DE,Desktop,836,15.0,8,144,5.56,2026-03-01 16:24:00
KP001248,KW10521,2026-03-02,MX,Mobile,3978,9.0,171,2119,8.07,2026-03-02 09:43:00
KP001249,KW10295,2026-03-03,AU,Desktop,3106,14.0,120,1475,8.14,2026-03-03 07:58:00
KP001250,KW10965,2026-03-04,US,Mobile,1545,12.0,35,463,7.56,2026-03-04 14:37:00
KP001251,KW11926,2026-03-05,DE,Desktop,7189,28.0,125,2240,5.58,2026-03-05 10:11:00
KP001252,KW10841,2026-03-06,UK,Desktop,1072,14.0,42,419,10.02,2026-03-06 05:24:00
KP001253,KW11210,2026-03-07,AU,Desktop,6761,14.0,175,2437,7.18,2026-03-07 03:13:00
KP001254,KW10548,2026-03-08,JP,Tablet,5600,33.0,33,603,5.47,2026-03-08 03:59:00
KP001255,KW11920,2026-03-09,UK,Desktop,2430,6.0,17,131,12.98,2026-03-09 18:26:00
KP001256,KW11264,2026-03-10,JP,Mobile,16572,43.0,156,2996,5.21,2026-03-10 20:53:00
KP001257,KW11073,2026-03-11,DE,Desktop,5165,17.0,108,1694,6.38,2026-03-11 06:31:00
KP001258,KW11170,2026-03-12,CA,Desktop,2151,36.0,45,1027,4.38,2026-03-12 22:10:00
KP001259,KW10859,2026-03-13,BR,Desktop,5525,1.0,763,2182,34.97,2026-03-13 17:46:00
KP001260,KW10750,2026-03-14,JP,Desktop,811,34.0,16,374,4.28,2026-03-14 01:51:00
KP001261,KW11564,2026-03-15,AU,Mobile,4677,15.0,22,284,7.75,2026-03-15 14:38:00
KP001262,KW11525,2026-03-16,BR,Desktop,1104,8.0,53,588,9.01,2026-03-16 06:53:00
KP001263,KW11887,2026-03-17,IN,Desktop,2772,11.0,127,1443,8.8,2026-03-17 18:02:00
KP001264,KW10251,2026-03-18,FR,Mobile,3812,37.0,74,1539,4.81,2026-03-18 15:06:00
KP001265,KW10999,2026-03-19,US,Mobile,1335,1.0,38,146,26.03,2026-03-19 23:47:00
KP001266,KW11257,2026-03-20,IN,Tablet,9111,50.0,59,1346,4.38,2026-03-20 03:10:00
KP001267,KW11241,2026-03-21,MX,Mobile,280,20.0,1,21,4.76,2026-03-21 16:38:00
KP001268,KW10059,2026-03-22,DE,Desktop,4190,18.0,54,967,5.58,2026-03-22 08:17:00
KP001269,KW11899,2026-03-23,US,Mobile,3922,44.0,45,1314,3.42,2026-03-23 00:13:00
KP001270,KW10290,2026-03-24,CA,Desktop,2034,25.0,39,852,4.58,2026-03-24 15:07:00
KP001271,KW10040,2026-03-25,MX,Mobile,1038,37.0,3,87,3.45,2026-03-25 06:36:00
KP001272,KW11725,2026-03-26,UK,Desktop,570,20.0,14,270,5.19,2026-03-26 12:50:00
KP001273,KW11887,2026-03-27,AU,Mobile,2333,16.0,93,1179,7.89,2026-03-27 15:31:00
KP001274,KW10103,2026-03-28,BR,Desktop,2119,12.0,105,951,11.04,2026-03-28 07:51:00
KP001275,KW10302,2026-03-29,DE,Mobile,1157,15.0,7,93,7.53,2026-03-29 14:44:00
KP001276,KW11368,2026-03-30,US,Tablet,4750,3.0,418,2045,20.44,2026-03-30 01:02:00
KP001277,KW10847,2026-03-31,DE,Mobile,7853,32.0,94,1627,5.78,2026-03-31 16:33:00
KP001278,KW11602,2026-04-01,MX,Desktop,415,6.0,20,157,12.74,2026-04-01 01:33:00
KP001279,KW11017,2026-04-02,FR,Desktop,2369,41.0,10,283,3.53,2026-04-02 17:28:00
KP001280,KW10956,2026-04-03,IN,Tablet,852,26.0,10,163,6.13,2026-04-03 02:28:00
KP001281,KW10665,2026-04-04,JP,Desktop,5884,41.0,144,2720,5.29,2026-04-04 00:02:00
KP001282,KW11249,2026-04-05,IN,Desktop,3112,30.0,15,324,4.63,2026-04-05 16:40:00
KP001283,KW10539,2026-04-06,JP,Desktop,1396,42.0,36,745,4.83,2026-04-06 22:24:00
KP001284,KW11794,2026-04-07,JP,Mobile,4319,16.0,163,1795,9.08,2026-04-07 16:48:00
KP001285,KW11504,2026-04-08,US,Desktop,2789,11.0,84,1182,7.11,2026-04-08 23:04:00
KP001286,KW10244,2026-04-09,AU,Desktop,4367,42.0,77,1683,4.58,2026-04-09 21:12:00
KP001287,KW11949,2026-04-10,FR,Tablet,922,32.0,9,210,4.29,2026-04-10 16:40:00
KP001288,KW10878,2026-04-11,BR,Mobile,4234,26.0,88,1969,4.47,2026-04-11 12:28:00
KP001289,KW11808,2026-04-12,UK,Mobile,7212,46.0,129,3001,4.3,2026-04-12 01:37:00
KP001290,KW10947,2026-04-13,BR,Desktop,251,5.0,8,58,13.79,2026-04-13 12:25:00
KP001291,KW11968,2026-04-14,JP,Desktop,14633,30.0,307,6082,5.05,2026-04-14 00:01:00
KP001292,KW11724,2026-04-15,DE,Mobile,4450,46.0,47,1012,4.64,2026-04-15 09:56:00
KP001293,KW10627,2026-04-16,CA,Mobile,13162,2.0,362,1883,19.22,2026-04-16 07:58:00
KP001294,KW10182,2026-04-17,BR,Mobile,15082,9.0,513,4005,12.81,2026-04-17 04:05:00
KP001295,KW11307,2026-04-18,DE,Desktop,9331,27.0,164,3442,4.76,2026-04-18 23:40:00
KP001296,KW10081,2026-04-19,CA,Desktop,2546,14.0,52,821,6.33,2026-04-19 14:17:00
KP001297,KW11426,2026-04-20,IN,Desktop,15795,22.0,283,3752,7.54,2026-04-20 15:55:00
KP001298,KW11829,2026-04-21,UK,Mobile,1026,25.0,24,516,4.65,2026-04-21 23:21:00
KP001299,KW11857,2026-04-22,AU,Mobile,2382,36.0,46,798,5.76,2026-04-22 20:51:00
KP001300,KW11348,2026-04-23,UK,Mobile,7490,12.0,230,2913,7.9,2026-04-23 19:28:00
KP001301,KW11643,2026-04-24,CA,Desktop,2460,37.0,20,397,5.04,2026-04-24 07:21:00
KP001302,KW10695,2026-04-25,CA,Mobile,4680,38.0,110,2111,5.21,2026-04-25 19:11:00
KP001303,KW10143,2026-04-26,UK,Desktop,469,23.0,10,186,5.38,2026-04-26 21:56:00
KP001304,KW10681,2026-04-27,UK,Mobile,2607,29.0,73,1109,6.58,2026-04-27 23:02:00
KP001305,KW10628,2026-04-28,US,Desktop,5613,10.0,113,1394,8.11,2026-04-28 08:21:00
KP001306,KW10698,2026-04-29,FR,Desktop,903,47.0,20,399,5.01,2026-04-29 15:08:00
KP001307,KW11122,2026-04-30,DE,Desktop,8721,28.0,174,2496,6.97,2026-04-30 19:59:00
KP001308,KW11458,2026-05-01,IN,Desktop,1650,3.0,132,569,23.2,2026-05-01 05:03:00
KP001309,KW11468,2026-05-02,FR,Desktop,6389,47.0,83,2414,3.44,2026-05-02 12:06:00
KP001310,KW11415,2026-05-03,FR,Mobile,4904,26.0,129,1816,7.1,2026-05-03 16:01:00
KP001311,KW11764,2026-05-04,MX,Desktop,1673,44.0,16,455,3.52,2026-05-04 19:38:00
KP001312,KW11430,2026-05-05,UK,Mobile,5802,25.0,156,2538,6.15,2026-05-05 09:31:00
KP001313,KW10059,2026-05-06,JP,Mobile,10331,48.0,146,3464,4.21,2026-05-06 02:12:00
KP001314,KW10297,2026-05-07,MX,Desktop,1397,10.0,28,243,11.52,2026-05-07 09:54:00
KP001315,KW10534,2026-05-08,UK,Mobile,1826,38.0,24,445,5.39,2026-05-08 04:17:00
KP001316,KW10723,2026-05-09,CA,Mobile,7402,40.0,43,832,5.17,2026-05-09 01:39:00
KP001317,KW10710,2026-05-10,US,Mobile,2374,8.0,136,1050,12.95,2026-05-10 10:23:00
KP001318,KW11523,2026-05-11,FR,Desktop,3719,2.0,331,1274,25.98,2026-05-11 00:37:00
KP001319,KW10813,2026-05-12,MX,Desktop,10661,16.0,495,5468,9.05,2026-05-12 04:47:00
KP001320,KW10538,2026-05-13,CA,Desktop,4348,5.0,129,1009,12.78,2026-05-13 08:38:00
KP001321,KW10281,2026-05-14,CA,Mobile,13000,10.0,528,5551,9.51,2026-05-14 21:05:00
KP001322,KW10662,2026-05-15,BR,Mobile,12727,29.0,64,1263,5.07,2026-05-15 00:11:00
KP001323,KW10991,2026-05-16,US,Mobile,3353,26.0,31,448,6.92,2026-05-16 01:18:00
KP001324,KW11219,2026-05-17,BR,Mobile,9032,11.0,265,3274,8.09,2026-05-17 10:46:00
KP001325,KW11295,2026-05-18,JP,Mobile,3336,10.0,97,962,10.08,2026-05-18 21:18:00
KP001326,KW10124,2026-05-19,MX,Desktop,3176,18.0,122,1737,7.02,2026-05-19 11:38:00
KP001327,KW10022,2026-05-20,AU,Mobile,356,43.0,3,81,3.7,2026-05-20 00:35:00
KP001328,KW11753,2026-05-21,FR,Mobile,6813,49.0,155,3543,4.37,2026-05-21 11:50:00
KP001329,KW11352,2026-05-22,DE,Desktop,4299,17.0,35,386,9.07,2026-05-22 11:15:00
KP001330,KW10420,2026-05-23,FR,Desktop,806,47.0,9,202,4.46,2026-05-23 05:46:00
KP001331,KW10163,2026-05-24,UK,Mobile,3402,41.0,66,1575,4.19,2026-05-24 12:14:00
KP001332,KW10291,2026-05-25,JP,Desktop,2720,13.0,50,759,6.59,2026-05-25 12:51:00
KP001333,KW10259,2026-05-26,DE,Desktop,2017,20.0,43,830,5.18,2026-05-26 08:54:00
KP001334,KW11422,2026-05-27,AU,Mobile,9896,21.0,325,4500,7.22,2026-05-27 15:31:00
KP001335,KW10789,2026-05-28,CA,Mobile,3985,20.0,28,484,5.79,2026-05-28 02:34:00
KP001336,KW11121,2026-05-29,MX,Desktop,1618,25.0,23,442,5.2,2026-05-29 15:50:00
KP001337,KW11510,2026-05-30,MX,Mobile,4492,22.0,24,333,7.21,2026-05-30 23:18:00
KP001338,KW10704,2026-05-31,IN,Desktop,7899,9.0,260,2143,12.13,2026-05-31 07:56:00
KP001584,KW11381,2026-02-01,US,Mobile,3205,25.0,37,660,5.61,2026-02-01 15:48:00
KP001585,KW11806,2026-02-02,MX,Desktop,2573,43.0,7,195,3.59,2026-02-02 13:00:00
KP001586,KW10897,2026-02-03,DE,Desktop,6241,33.0,158,2652,5.96,2026-02-03 11:59:00
KP001587,KW11328,2026-02-04,US,Mobile,2422,8.0,48,562,8.54,2026-02-04 05:57:00
KP001588,KW10009,2026-02-05,IN,Desktop,12880,47.0,256,5595,4.58,2026-02-05 09:26:00
KP001589,KW11078,2026-02-06,MX,Desktop,2856,37.0,71,1402,5.06,2026-02-06 17:13:00
KP001590,KW11873,2026-02-07,MX,Mobile,1017,36.0,2,51,3.92,2026-02-07 09:22:00
KP001591,KW11715,2026-02-08,CA,Desktop,7073,7.0,322,2588,12.44,2026-02-08 14:11:00
KP001592,KW11447,2026-02-09,AU,Desktop,3635,6.0,184,1238,14.86,2026-02-09 18:18:00
KP001593,KW11834,2026-02-10,DE,Desktop,13413,26.0,379,6924,5.47,2026-02-10 10:22:00
KP001594,KW10386,2026-02-11,BR,Desktop,8117,1.0,172,576,29.86,2026-02-11 10:15:00
KP001595,KW10375,2026-02-12,FR,Desktop,18708,34.0,112,1998,5.61,2026-02-12 18:57:00
KP001596,KW11921,2026-02-13,IN,Mobile,22036,46.0,412,11213,3.67,2026-02-13 07:08:00
KP001597,KW11687,2026-02-14,US,Tablet,2851,12.0,62,905,6.85,2026-02-14 21:37:00
KP001598,KW10969,2026-02-15,BR,Tablet,11339,13.0,485,4776,10.15,2026-02-15 11:44:00
KP001599,KW10987,2026-02-16,BR,Mobile,4090,39.0,72,1667,4.32,2026-02-16 06:27:00
KP001600,KW11215,2026-02-17,UK,Mobile,728,33.0,21,360,5.83,2026-02-17 17:39:00
KP001601,KW11192,2026-02-18,JP,Mobile,1898,1.0,183,561,32.62,2026-02-18 03:19:00
KP001602,KW10108,2026-02-19,US,Tablet,4583,16.0,148,2379,6.22,2026-02-19 22:12:00
KP001603,KW11075,2026-02-20,FR,Desktop,17635,20.0,570,8109,7.03,2026-02-20 04:56:00
KP001604,KW10395,2026-02-21,CA,Desktop,2845,47.0,20,460,4.35,2026-02-21 16:58:00
KP001605,KW11315,2026-02-22,AU,Desktop,2578,26.0,87,1283,6.78,2026-02-22 18:36:00
KP001606,KW10874,2026-02-23,CA,Desktop,2635,9.0,129,1016,12.7,2026-02-23 04:34:00
KP001607,KW11078,2026-02-24,UK,Tablet,2106,9.0,55,537,10.24,2026-02-24 13:36:00
KP001608,KW10085,2026-02-25,DE,Desktop,2347,46.0,58,1125,5.16,2026-02-25 18:09:00
KP001609,KW10062,2026-02-26,DE,Mobile,1708,24.0,50,696,7.18,2026-02-26 03:43:00
KP001610,KW10876,2026-02-27,UK,Mobile,8968,35.0,116,1943,5.97,2026-02-27 01:12:00
KP001611,KW11981,2026-02-28,AU,Desktop,4148,37.0,118,2010,5.87,2026-02-28 08:46:00
KP001612,KW11809,2026-03-01,UK,Mobile,1163,20.0,6,97,6.19,2026-03-01 10:46:00
KP001613,KW11552,2026-03-02,UK,Desktop,774,40.0,12,226,5.31,2026-03-02 07:36:00
KP001614,KW10406,2026-03-03,BR,Mobile,2763,32.0,11,199,5.53,2026-03-03 03:52:00
KP001615,KW10067,2026-03-04,DE,Tablet,10021,17.0,260,3819,6.81,2026-03-04 06:32:00
KP001616,KW10126,2026-03-05,UK,Desktop,3566,7.0,187,1317,14.2,2026-03-05 10:09:00
KP001617,KW10556,2026-03-06,CA,Desktop,2066,31.0,39,852,4.58,2026-03-06 00:06:00
KP001618,KW10704,2026-03-07,DE,Desktop,1335,7.0,94,663,14.18,2026-03-07 19:53:00
KP001619,KW10648,2026-03-08,US,Tablet,4798,50.0,39,1266,3.08,2026-03-08 10:58:00
KP001620,KW11976,2026-03-09,CA,Mobile,1513,35.0,30,724,4.14,2026-03-09 08:54:00
KP001621,KW10420,2026-03-10,JP,Desktop,4337,16.0,142,1510,9.4,2026-03-10 04:31:00
KP001622,KW10577,2026-03-11,FR,Mobile,4255,43.0,74,1676,4.42,2026-03-11 19:35:00
KP001623,KW10838,2026-03-12,BR,Mobile,7855,1.0,656,1875,34.99,2026-03-12 05:10:00
KP001624,KW11040,2026-03-13,US,Desktop,360,46.0,5,134,3.73,2026-03-13 18:12:00
KP001625,KW10394,2026-03-14,JP,Mobile,11830,17.0,353,6175,5.72,2026-03-14 13:12:00
KP001626,KW11693,2026-03-15,CA,Desktop,1901,49.0,18,456,3.95,2026-03-15 17:05:00
KP001627,KW10812,2026-03-16,US,Desktop,650,21.0,8,139,5.76,2026-03-16 05:36:00
KP001628,KW11436,2026-03-17,UK,Desktop,3618,50.0,32,811,3.95,2026-03-17 01:52:00
KP001629,KW11496,2026-03-18,BR,Mobile,7593,38.0,28,649,4.31,2026-03-18 13:53:00
KP001630,KW11779,2026-03-19,IN,Mobile,3872,24.0,94,1698,5.54,2026-03-19 14:16:00
KP001631,KW11393,2026-03-20,JP,Mobile,516,35.0,4,120,3.33,2026-03-20 08:03:00
KP001632,KW11714,2026-03-21,CA,Desktop,7304,38.0,115,2305,4.99,2026-03-21 04:47:00
KP001633,KW11039,2026-03-22,US,Mobile,2643,1.0,99,368,26.9,2026-03-22 03:17:00
KP001634,KW11463,2026-03-23,BR,Desktop,16984,1.0,909,2600,34.96,2026-03-23 19:33:00
KP001635,KW11225,2026-03-24,FR,Mobile,5659,14.0,190,2879,6.6,2026-03-24 11:48:00
KP001636,KW10030,2026-03-25,AU,Desktop,6389,15.0,205,2338,8.77,2026-03-25 21:53:00
KP001637,KW10712,2026-03-26,IN,Desktop,1151,46.0,13,425,3.06,2026-03-26 18:23:00
KP001638,KW11640,2026-03-27,MX,Mobile,5224,19.0,56,718,7.8,2026-03-27 00:03:00
KP001639,KW10734,2026-03-28,UK,Mobile,5978,42.0,27,657,4.11,2026-03-28 14:32:00
KP001640,KW10721,2026-03-29,AU,Mobile,5057,50.0,53,1345,3.94,2026-03-29 12:44:00
KP001641,KW11708,2026-03-30,AU,Mobile,1605,7.0,21,149,14.09,2026-03-30 00:38:00
KP001642,KW11970,2026-03-31,DE,Mobile,1396,21.0,55,686,8.02,2026-03-31 13:12:00
KP001643,KW11641,2026-04-01,FR,Desktop,4654,31.0,117,2369,4.94,2026-04-01 13:40:00
KP001644,KW11130,2026-04-02,UK,Desktop,7780,4.0,336,2606,12.89,2026-04-02 03:01:00
KP001645,KW11445,2026-04-03,US,Mobile,1588,39.0,24,455,5.27,2026-04-03 04:53:00
KP001646,KW11278,2026-04-04,AU,Desktop,4586,19.0,163,2469,6.6,2026-04-04 20:25:00
KP001647,KW11158,2026-04-05,DE,Desktop,3922,42.0,53,1056,5.02,2026-04-05 05:49:00
KP001648,KW10664,2026-04-06,DE,Desktop,363,27.0,13,194,6.7,2026-04-06 13:05:00
KP001649,KW10482,2026-04-07,CA,Desktop,31355,21.0,926,16321,5.67,2026-04-07 05:54:00
KP001650,KW11936,2026-04-08,UK,Desktop,1696,7.0,26,195,13.33,2026-04-08 12:23:00
KP001651,KW11146,2026-04-09,BR,Desktop,14649,9.0,886,7384,12.0,2026-04-09 22:37:00
KP001652,KW11361,2026-04-10,IN,Desktop,2276,33.0,52,883,5.89,2026-04-10 13:40:00
KP001653,KW10553,2026-04-11,US,Tablet,2762,37.0,70,1208,5.79,2026-04-11 05:24:00
KP001654,KW11512,2026-04-12,CA,Desktop,2410,17.0,32,360,8.89,2026-04-12 22:31:00
KP001655,KW11526,2026-04-13,UK,Desktop,893,17.0,8,120,6.67,2026-04-13 13:06:00
KP001656,KW10389,2026-04-14,UK,Mobile,2156,36.0,20,456,4.39,2026-04-14 05:32:00
KP001657,KW10716,2026-04-15,IN,Desktop,8053,29.0,138,2934,4.7,2026-04-15 20:19:00
KP001658,KW11407,2026-04-16,FR,Mobile,1383,33.0,5,134,3.73,2026-04-16 11:14:00
KP001659,KW10280,2026-04-17,US,Mobile,1268,50.0,21,681,3.08,2026-04-17 22:58:00
KP001660,KW11447,2026-04-18,UK,Desktop,6445,18.0,65,987,6.59,2026-04-18 05:58:00
KP001661,KW10804,2026-04-19,IN,Desktop,1718,35.0,9,209,4.31,2026-04-19 19:09:00
KP001662,KW10924,2026-04-20,FR,Mobile,1397,47.0,2,78,2.56,2026-04-20 16:59:00
KP001663,KW11493,2026-04-21,MX,Mobile,4397,24.0,69,1219,5.66,2026-04-21 12:06:00
KP001664,KW10319,2026-04-22,DE,Mobile,2528,31.0,12,214,5.61,2026-04-22 21:08:00
KP001665,KW10428,2026-04-23,CA,Mobile,2268,49.0,50,1181,4.23,2026-04-23 10:09:00
KP001666,KW11121,2026-04-24,CA,Desktop,2423,45.0,35,790,4.43,2026-04-24 13:58:00
KP001667,KW10265,2026-04-25,UK,Mobile,3680,13.0,68,651,10.45,2026-04-25 12:01:00
KP001668,KW11766,2026-04-26,JP,Mobile,919,37.0,12,329,3.65,2026-04-26 02:24:00
KP001669,KW10242,2026-04-27,UK,Mobile,3440,24.0,24,465,5.16,2026-04-27 00:03:00
KP001670,KW10644,2026-04-28,AU,Desktop,7948,20.0,137,1682,8.15,2026-04-28 08:43:00
KP001671,KW11676,2026-04-29,IN,Mobile,19403,42.0,278,7154,3.89,2026-04-29 02:21:00
KP001672,KW11065,2026-04-30,MX,Desktop,1096,24.0,11,166,6.63,2026-04-30 18:40:00
KP001673,KW10405,2026-05-01,UK,Mobile,5437,34.0,179,2972,6.02,2026-05-01 11:51:00
KP001674,KW11570,2026-05-02,DE,Mobile,4245,11.0,90,991,9.08,2026-05-02 09:58:00
KP001675,KW11465,2026-05-03,BR,Desktop,2210,1.0,102,294,34.69,2026-05-03 13:38:00
KP001676,KW10927,2026-05-04,AU,Mobile,14282,47.0,149,3093,4.82,2026-05-04 17:50:00
KP001677,KW11184,2026-05-05,DE,Desktop,3614,37.0,14,369,3.79,2026-05-05 20:51:00
KP001678,KW10759,2026-05-06,UK,Tablet,4790,8.0,275,2480,11.09,2026-05-06 19:18:00
KP001679,KW11967,2026-05-07,US,Desktop,382,8.0,24,196,12.24,2026-05-07 18:17:00
KP001680,KW10015,2026-05-08,FR,Desktop,4335,23.0,111,1542,7.2,2026-05-08 11:28:00
KP001681,KW10743,2026-05-09,IN,Mobile,535,9.0,2,26,7.69,2026-05-09 03:01:00
KP001682,KW11980,2026-05-10,FR,Desktop,3320,29.0,62,1189,5.21,2026-05-10 04:25:00
KP001683,KW10072,2026-05-11,UK,Mobile,763,21.0,24,368,6.52,2026-05-11 16:38:00
KP001684,KW11064,2026-05-12,CA,Mobile,1869,40.0,16,413,3.87,2026-05-12 09:57:00
KP001685,KW11340,2026-05-13,JP,Desktop,4180,47.0,18,558,3.23,2026-05-13 13:19:00
KP001686,KW10567,2026-05-14,UK,Desktop,3475,6.0,212,1579,13.43,2026-05-14 04:46:00
KP001687,KW10243,2026-05-15,JP,Mobile,36076,4.0,1172,6942,16.88,2026-05-15 19:20:00
KP001688,KW10532,2026-05-16,US,Desktop,1146,45.0,8,215,3.72,2026-05-16 13:18:00
KP001689,KW11803,2026-05-17,IN,Desktop,2853,28.0,81,1282,6.32,2026-05-17 22:37:00
KP001690,KW10203,2026-05-18,MX,Desktop,1878,45.0,26,515,5.05,2026-05-18 03:58:00
KP001691,KW10524,2026-05-19,UK,Mobile,3918,37.0,60,1540,3.9,2026-05-19 18:03:00
KP001692,KW10855,2026-05-20,BR,Mobile,8750,20.0,307,4674,6.57,2026-05-20 18:03:00
KP001693,KW10636,2026-05-21,UK,Mobile,1689,18.0,52,645,8.06,2026-05-21 18:54:00
KP001694,KW10622,2026-05-22,US,Desktop,3455,44.0,62,1180,5.25,2026-05-22 13:26:00
KP001695,KW10963,2026-05-23,UK,Mobile,9686,9.0,204,2026,10.07,2026-05-23 11:11:00
KP001696,KW10796,2026-05-24,CA,Mobile,4385,42.0,92,1755,5.24,2026-05-24 13:53:00
KP001697,KW10355,2026-05-25,CA,Desktop,3815,45.0,31,909,3.41,2026-05-25 15:22:00
KP001698,KW10502,2026-05-26,MX,Desktop,1368,50.0,6,167,3.59,2026-05-26 13:22:00
KP001699,KW10936,2026-05-27,IN,Mobile,1381,31.0,26,551,4.72,2026-05-27 02:50:00
KP001700,KW10112,2026-05-28,FR,Desktop,5376,11.0,310,2925,10.6,2026-05-28 06:29:00
KP001701,KW11953,2026-05-29,BR,Mobile,15873,48.0,36,896,4.02,2026-05-29 10:31:00
KP001702,KW11575,2026-05-30,AU,Desktop,4221,38.0,78,1599,4.88,2026-05-30 09:04:00
KP001703,KW11286,2026-05-31,BR,Mobile,1386,32.0,36,604,5.96,2026-05-31 01:35:00
KP001949,KW11242,2026-02-01,AU,Mobile,3845,44.0,16,350,4.57,2026-02-01 21:07:00
KP001950,KW10579,2026-02-02,US,Mobile,10312,35.0,143,2341,6.11,2026-02-02 22:45:00
KP001951,KW10047,2026-02-03,FR,Desktop,4429,35.0,91,2158,4.22,2026-02-03 01:32:00
KP001952,KW11265,2026-02-04,MX,Desktop,4384,25.0,22,372,5.91,2026-02-04 07:16:00
KP001953,KW11733,2026-02-05,CA,Mobile,639,49.0,15,310,4.84,2026-02-05 16:48:00
KP001954,KW11568,2026-02-06,IN,Desktop,4949,47.0,107,2496,4.29,2026-02-06 03:24:00
KP001955,KW10062,2026-02-07,MX,Mobile,8920,40.0,29,609,4.76,2026-02-07 05:21:00
KP001956,KW11388,2026-02-08,JP,Mobile,10294,38.0,175,4896,3.57,2026-02-08 10:07:00
KP001957,KW11541,2026-02-09,UK,Desktop,2395,22.0,47,817,5.75,2026-02-09 08:43:00
KP001958,KW11804,2026-02-10,BR,Mobile,12333,38.0,50,975,5.13,2026-02-10 17:11:00
KP001959,KW11991,2026-02-11,US,Desktop,1149,20.0,46,615,7.48,2026-02-11 03:15:00
KP001960,KW10594,2026-02-12,JP,Desktop,10484,17.0,144,2499,5.76,2026-02-12 07:16:00
KP001961,KW10404,2026-02-13,DE,Mobile,5433,44.0,127,2813,4.51,2026-02-13 16:26:00
KP001962,KW11105,2026-02-14,AU,Desktop,7537,34.0,32,583,5.49,2026-02-14 10:16:00
KP001963,KW11632,2026-02-15,BR,Mobile,17795,14.0,409,5460,7.49,2026-02-15 22:30:00
KP001964,KW10892,2026-02-16,FR,Mobile,3991,39.0,89,1914,4.65,2026-02-16 22:06:00
KP001965,KW10784,2026-02-17,MX,Mobile,3413,27.0,35,570,6.14,2026-02-17 11:06:00
KP001966,KW10963,2026-02-18,DE,Mobile,3539,48.0,82,1682,4.88,2026-02-18 19:35:00
KP001967,KW10893,2026-02-19,IN,Mobile,5940,26.0,145,2192,6.61,2026-02-19 10:22:00
KP001968,KW11862,2026-02-20,CA,Mobile,7768,12.0,120,1351,8.88,2026-02-20 18:30:00
KP001969,KW10826,2026-02-21,MX,Mobile,3345,28.0,23,514,4.47,2026-02-21 06:05:00
KP001970,KW10621,2026-02-22,DE,Desktop,1674,34.0,45,918,4.9,2026-02-22 15:35:00
KP001971,KW11760,2026-02-23,BR,Desktop,4205,25.0,79,1326,5.96,2026-02-23 23:03:00
KP001972,KW11476,2026-02-24,BR,Mobile,2527,46.0,20,579,3.45,2026-02-24 22:36:00
KP001973,KW10592,2026-02-25,BR,Mobile,4436,19.0,163,2280,7.15,2026-02-25 08:08:00
KP001974,KW11712,2026-02-26,IN,Desktop,2075,44.0,18,506,3.56,2026-02-26 19:23:00
KP001975,KW11925,2026-02-27,FR,Mobile,2239,24.0,17,244,6.97,2026-02-27 23:14:00
KP001976,KW11492,2026-02-28,MX,Desktop,2211,44.0,23,643,3.58,2026-02-28 01:12:00
KP001977,KW10319,2026-03-01,BR,Mobile,1228,27.0,4,80,5.0,2026-03-01 09:48:00
KP001978,KW10986,2026-03-02,CA,Mobile,11008,32.0,181,2816,6.43,2026-03-02 14:37:00
KP001979,KW10326,2026-03-03,IN,Mobile,6666,13.0,76,1013,7.5,2026-03-03 02:02:00
KP001980,KW11878,2026-03-04,CA,Mobile,4491,30.0,106,1733,6.12,2026-03-04 05:12:00
KP001981,KW11614,2026-03-05,JP,Desktop,5436,7.0,424,2896,14.64,2026-03-05 01:57:00
KP001982,KW11722,2026-03-06,UK,Desktop,375,14.0,1,21,4.76,2026-03-06 02:53:00
KP001983,KW10845,2026-03-07,DE,Desktop,4119,21.0,87,1500,5.8,2026-03-07 08:10:00
KP001984,KW11982,2026-03-08,US,Desktop,1866,6.0,123,863,14.25,2026-03-08 14:19:00
KP001985,KW10734,2026-03-09,DE,Mobile,2375,3.0,204,1138,17.93,2026-03-09 00:28:00
KP001986,KW11413,2026-03-10,FR,Mobile,5076,6.0,50,381,13.12,2026-03-10 20:50:00
KP001987,KW10933,2026-03-11,UK,Desktop,575,21.0,14,216,6.48,2026-03-11 14:07:00
KP001988,KW11148,2026-03-12,DE,Desktop,3198,33.0,24,398,6.03,2026-03-12 12:55:00
KP001989,KW11039,2026-03-13,UK,Desktop,7591,15.0,77,1312,5.87,2026-03-13 20:21:00
KP001990,KW10601,2026-03-14,JP,Mobile,5152,3.0,401,2055,19.51,2026-03-14 23:14:00
KP001991,KW11830,2026-03-15,UK,Desktop,4145,37.0,33,771,4.28,2026-03-15 02:43:00
KP001992,KW10267,2026-03-16,IN,Mobile,2774,8.0,171,1301,13.14,2026-03-16 00:08:00
KP001993,KW11249,2026-03-17,MX,Desktop,6092,20.0,73,1030,7.09,2026-03-17 01:34:00
KP001994,KW10432,2026-03-18,BR,Tablet,3660,48.0,31,904,3.43,2026-03-18 01:12:00
KP001995,KW11172,2026-03-19,UK,Mobile,3518,6.0,195,1493,13.06,2026-03-19 10:22:00
KP001996,KW10425,2026-03-20,BR,Desktop,1457,33.0,27,528,5.11,2026-03-20 22:13:00
KP001997,KW11438,2026-03-21,DE,Desktop,13406,31.0,229,4553,5.03,2026-03-21 14:56:00
KP001998,KW10100,2026-03-22,JP,Desktop,3024,8.0,39,450,8.67,2026-03-22 01:03:00
KP001999,KW11171,2026-03-23,UK,Desktop,2304,19.0,66,1017,6.49,2026-03-23 12:32:00
KP002000,KW10381,2026-03-24,CA,Desktop,7541,28.0,98,1517,6.46,2026-03-24 14:34:00
KP002001,KW10374,2026-03-25,IN,Mobile,11672,40.0,136,3459,3.93,2026-03-25 17:31:00
KP002002,KW10098,2026-03-26,AU,Desktop,1437,11.0,29,279,10.39,2026-03-26 00:38:00
KP002003,KW11552,2026-03-27,BR,Desktop,2367,24.0,62,893,6.94,2026-03-27 08:23:00
KP002004,KW10713,2026-03-28,US,Mobile,6361,12.0,214,2507,8.54,2026-03-28 00:42:00
KP002005,KW11175,2026-03-29,US,Mobile,8683,38.0,167,3566,4.68,2026-03-29 23:41:00
KP002006,KW10731,2026-03-30,JP,Mobile,1032,9.0,7,77,9.09,2026-03-30 08:40:00
KP002007,KW10672,2026-03-31,AU,Desktop,823,27.0,15,282,5.32,2026-03-31 23:47:00
KP002008,KW10918,2026-04-01,BR,Mobile,2780,2.0,96,457,21.01,2026-04-01 05:27:00
KP002009,KW10657,2026-04-02,DE,Mobile,3608,16.0,51,773,6.6,2026-04-02 09:39:00
KP002010,KW11431,2026-04-03,AU,Desktop,17329,27.0,89,2083,4.27,2026-04-03 08:25:00
KP002011,KW11745,2026-04-04,UK,Mobile,475,37.0,7,191,3.66,2026-04-04 06:26:00
KP002012,KW10918,2026-04-05,CA,Mobile,3713,14.0,148,1496,9.89,2026-04-05 12:41:00
KP002013,KW10850,2026-04-06,IN,Desktop,1446,17.0,34,439,7.74,2026-04-06 23:29:00
KP002014,KW10873,2026-04-07,FR,Mobile,2876,5.0,257,1525,16.85,2026-04-07 03:10:00
KP002015,KW10229,2026-04-08,CA,Tablet,3038,3.0,229,978,23.42,2026-04-08 05:17:00
KP002016,KW11111,2026-04-09,US,Mobile,2459,25.0,38,629,6.04,2026-04-09 07:02:00
KP002017,KW11336,2026-04-10,FR,Tablet,5846,19.0,185,3112,5.94,2026-04-10 00:32:00
KP002018,KW11877,2026-04-11,AU,Mobile,5690,3.0,200,896,22.32,2026-04-11 14:24:00
KP002019,KW11112,2026-04-12,UK,Mobile,1321,43.0,16,362,4.42,2026-04-12 09:43:00
KP002020,KW11930,2026-04-13,JP,Desktop,3342,18.0,48,578,8.3,2026-04-13 03:59:00
KP002021,KW10569,2026-04-14,FR,Mobile,3570,44.0,45,935,4.81,2026-04-14 15:02:00
KP002022,KW11326,2026-04-15,IN,Desktop,2834,49.0,33,723,4.56,2026-04-15 05:08:00
KP002023,KW11523,2026-04-16,JP,Desktop,3066,32.0,72,1330,5.41,2026-04-16 04:03:00
KP002024,KW11635,2026-04-17,CA,Desktop,1245,7.0,75,567,13.23,2026-04-17 01:15:00
KP002025,KW10431,2026-04-18,AU,Desktop,920,34.0,20,427,4.68,2026-04-18 11:22:00
KP002026,KW10349,2026-04-19,IN,Mobile,682,28.0,24,345,6.96,2026-04-19 06:59:00
KP002027,KW10817,2026-04-20,IN,Desktop,3583,27.0,34,565,6.02,2026-04-20 07:32:00
KP002028,KW10728,2026-04-21,US,Desktop,4997,30.0,59,956,6.17,2026-04-21 04:56:00
KP002029,KW10286,2026-04-22,IN,Desktop,18039,7.0,323,3271,9.87,2026-04-22 00:42:00
KP002030,KW11612,2026-04-23,UK,Mobile,3138,20.0,77,962,8.0,2026-04-23 14:57:00
KP002031,KW10206,2026-04-24,US,Desktop,7669,25.0,263,4212,6.24,2026-04-24 00:56:00
KP002032,KW11131,2026-04-25,CA,Mobile,4431,24.0,99,2052,4.82,2026-04-25 04:49:00
KP002033,KW10031,2026-04-26,BR,Mobile,1597,45.0,16,318,5.03,2026-04-26 19:08:00
KP002034,KW11548,2026-04-27,DE,Mobile,2510,41.0,25,486,5.14,2026-04-27 03:48:00
KP002035,KW10506,2026-04-28,UK,Desktop,6431,39.0,117,2729,4.29,2026-04-28 20:25:00
KP002036,KW11554,2026-04-29,FR,Desktop,1495,43.0,29,780,3.72,2026-04-29 21:15:00
KP002037,KW11260,2026-04-30,DE,Desktop,1511,34.0,29,661,4.39,2026-04-30 02:42:00
KP002038,KW11441,2026-05-01,JP,Mobile,764,33.0,22,377,5.84,2026-05-01 22:52:00
KP002039,KW11278,2026-05-02,BR,Mobile,762,7.0,16,168,9.52,2026-05-02 03:43:00
KP002040,KW10949,2026-05-03,US,Desktop,2707,16.0,13,161,8.07,2026-05-03 05:37:00
KP002041,KW11139,2026-05-04,MX,Desktop,4308,7.0,43,321,13.4,2026-05-04 15:18:00
KP002042,KW10556,2026-05-05,IN,Desktop,1869,20.0,15,209,7.18,2026-05-05 08:59:00
KP002043,KW11343,2026-05-06,AU,Tablet,5769,21.0,116,1938,5.99,2026-05-06 03:20:00
KP002044,KW10394,2026-05-07,UK,Mobile,6684,35.0,15,373,4.02,2026-05-07 15:22:00
KP002045,KW10942,2026-05-08,IN,Mobile,43918,21.0,1285,19046,6.75,2026-05-08 15:58:00
KP002046,KW11424,2026-05-09,CA,Desktop,2729,1.0,299,857,34.89,2026-05-09 19:05:00
KP002047,KW10555,2026-05-10,MX,Mobile,19098,34.0,78,1417,5.5,2026-05-10 04:09:00
KP002048,KW11475,2026-05-11,FR,Mobile,2553,13.0,60,718,8.36,2026-05-11 07:29:00
KP002049,KW10411,2026-05-12,IN,Mobile,8712,46.0,100,3088,3.24,2026-05-12 02:17:00
KP002050,KW10296,2026-05-13,MX,Desktop,1489,29.0,11,240,4.58,2026-05-13 16:50:00
KP002051,KW11861,2026-05-14,MX,Desktop,2268,38.0,45,1243,3.62,2026-05-14 19:46:00
KP002052,KW11289,2026-05-15,CA,Desktop,2900,42.0,42,780,5.38,2026-05-15 07:27:00
KP002053,KW11898,2026-05-16,JP,Mobile,9401,13.0,290,3746,7.74,2026-05-16 06:53:00
KP002054,KW10460,2026-05-17,JP,Desktop,7346,3.0,521,2418,21.55,2026-05-17 19:14:00
KP002055,KW11835,2026-05-18,DE,Mobile,1321,44.0,12,375,3.2,2026-05-18 21:24:00
KP002056,KW11698,2026-05-19,UK,Desktop,8332,3.0,475,2808,16.92,2026-05-19 21:30:00
KP002057,KW10790,2026-05-20,MX,Mobile,4814,16.0,74,1027,7.21,2026-05-20 08:33:00
KP002058,KW10213,2026-05-21,BR,Desktop,10039,39.0,114,2427,4.7,2026-05-21 12:58:00
KP002059,KW11221,2026-05-22,CA,Mobile,1896,35.0,18,365,4.93,2026-05-22 14:35:00
KP002060,KW10700,2026-05-23,FR,Desktop,16081,38.0,335,7644,4.38,2026-05-23 20:57:00
KP002061,KW11983,2026-05-24,DE,Mobile,3097,36.0,81,1492,5.43,2026-05-24 17:21:00
KP002062,KW10138,2026-05-25,US,Desktop,8174,45.0,30,937,3.2,2026-05-25 19:02:00
KP002063,KW11511,2026-05-26,IN,Mobile,5609,38.0,54,1214,4.45,2026-05-26 10:37:00
KP002064,KW11317,2026-05-27,JP,Desktop,4203,13.0,183,1981,9.24,2026-05-27 20:16:00
KP002065,KW11614,2026-05-28,CA,Desktop,2479,48.0,8,171,4.68,2026-05-28 12:26:00
KP002066,KW10774,2026-05-29,IN,Mobile,3530,32.0,12,223,5.38,2026-05-29 22:39:00
KP002067,KW11017,2026-05-30,CA,Desktop,2781,42.0,56,1186,4.72,2026-05-30 20:41:00
KP002068,KW11736,2026-05-31,US,Mobile,2592,27.0,53,1033,5.13,2026-05-31 04:23:00
KP002314,KW11757,2026-02-01,FR,Mobile,4883,42.0,72,1312,5.49,2026-02-01 04:34:00
KP002315,KW11751,2026-02-02,JP,Desktop,3408,22.0,22,398,5.53,2026-02-02 08:45:00
KP002316,KW10152,2026-02-03,JP,Desktop,1147,33.0,25,551,4.54,2026-02-03 00:25:00
KP002317,KW10945,2026-02-04,JP,Mobile,2805,22.0,34,516,6.59,2026-02-04 17:53:00
KP002318,KW11070,2026-02-05,FR,Desktop,14769,21.0,395,5837,6.77,2026-02-05 02:32:00
KP002319,KW10860,2026-02-06,DE,Desktop,1991,2.0,234,972,24.07,2026-02-06 06:00:00
KP002320,KW10943,2026-02-07,CA,Desktop,3436,45.0,43,1120,3.84,2026-02-07 10:52:00
KP002321,KW10706,2026-02-08,MX,Mobile,2252,25.0,57,815,6.99,2026-02-08 04:28:00
KP002322,KW10513,2026-02-09,BR,Mobile,707,36.0,5,126,3.97,2026-02-09 12:00:00
KP002323,KW10726,2026-02-10,JP,Mobile,647,19.0,3,63,4.76,2026-02-10 06:41:00
KP002324,KW11996,2026-02-11,MX,Mobile,2215,28.0,61,1115,5.47,2026-02-11 07:09:00
KP002325,KW11235,2026-02-12,DE,Desktop,3935,34.0,74,1224,6.05,2026-02-12 03:42:00
KP002326,KW11799,2026-02-13,BR,Mobile,13631,45.0,246,4907,5.01,2026-02-13 10:27:00
KP002327,KW11992,2026-02-14,CA,Desktop,3596,24.0,9,190,4.74,2026-02-14 20:42:00
KP002328,KW11327,2026-02-15,US,Desktop,369,10.0,14,156,8.97,2026-02-15 23:09:00
KP002329,KW10965,2026-02-16,MX,Mobile,5085,45.0,133,2591,5.13,2026-02-16 02:02:00
KP002330,KW11440,2026-02-17,AU,Desktop,1954,26.0,40,803,4.98,2026-02-17 10:30:00
KP002331,KW11928,2026-02-18,IN,Mobile,2664,35.0,20,502,3.98,2026-02-18 18:26:00
KP002332,KW10316,2026-02-19,DE,Mobile,423,29.0,11,180,6.11,2026-02-19 10:21:00
KP002333,KW10196,2026-02-20,MX,Desktop,2468,46.0,48,1068,4.49,2026-02-20 07:01:00
KP002334,KW10296,2026-02-21,JP,Mobile,1559,19.0,16,261,6.13,2026-02-21 02:36:00
KP002335,KW11671,2026-02-22,IN,Mobile,3956,46.0,43,912,4.71,2026-02-22 17:03:00
KP002336,KW10401,2026-02-23,FR,Mobile,1777,3.0,103,451,22.84,2026-02-23 04:56:00
KP002337,KW10191,2026-02-24,DE,Desktop,1543,9.0,10,126,7.94,2026-02-24 15:16:00
KP002338,KW10800,2026-02-25,MX,Mobile,486,22.0,7,104,6.73,2026-02-25 21:50:00
KP002339,KW11805,2026-02-26,FR,Mobile,1403,34.0,20,548,3.65,2026-02-26 21:25:00
KP002340,KW11832,2026-02-27,UK,Mobile,3946,34.0,27,549,4.92,2026-02-27 05:28:00
KP002341,KW11475,2026-02-28,US,Desktop,1888,29.0,28,687,4.08,2026-02-28 02:43:00
KP002342,KW11592,2026-03-01,BR,Desktop,518,13.0,16,181,8.84,2026-03-01 19:30:00
KP002343,KW11573,2026-03-02,UK,Desktop,2155,29.0,24,429,5.59,2026-03-02 03:34:00
KP002344,KW10634,2026-03-03,IN,Mobile,4404,28.0,27,433,6.24,2026-03-03 08:01:00
KP002345,KW11707,2026-03-04,UK,Desktop,2951,49.0,14,392,3.57,2026-03-04 00:19:00
KP002346,KW11775,2026-03-05,CA,Desktop,3004,46.0,80,1535,5.21,2026-03-05 20:58:00
KP002347,KW10815,2026-03-06,UK,Desktop,1742,38.0,28,740,3.78,2026-03-06 11:54:00
KP002348,KW11902,2026-03-07,JP,Mobile,7885,11.0,370,3351,11.04,2026-03-07 19:28:00
KP002349,KW10785,2026-03-08,AU,Mobile,5121,19.0,142,1661,8.55,2026-03-08 01:44:00
KP002350,KW10035,2026-03-09,CA,Mobile,661,13.0,21,306,6.86,2026-03-09 22:14:00
KP002351,KW11600,2026-03-10,CA,Desktop,5409,13.0,149,1746,8.53,2026-03-10 23:17:00
KP002352,KW11104,2026-03-11,IN,Desktop,1694,12.0,11,101,10.89,2026-03-11 12:25:00
KP002353,KW10268,2026-03-12,BR,Desktop,4334,41.0,54,1402,3.85,2026-03-12 10:06:00
KP002354,KW10121,2026-03-13,AU,Mobile,3470,3.0,205,1153,17.78,2026-03-13 14:20:00
KP002355,KW11527,2026-03-14,MX,Mobile,2976,29.0,50,856,5.84,2026-03-14 13:03:00
KP002356,KW11584,2026-03-15,JP,Mobile,527,1.0,84,287,29.27,2026-03-15 04:20:00
KP002357,KW10017,2026-03-16,CA,Desktop,4446,20.0,133,1722,7.72,2026-03-16 10:43:00
KP002358,KW11718,2026-03-17,US,Desktop,12004,13.0,294,2848,10.32,2026-03-17 05:32:00
KP002359,KW11926,2026-03-18,CA,Desktop,3911,16.0,178,1967,9.05,2026-03-18 00:02:00
KP002360,KW11554,2026-03-19,BR,Mobile,1022,32.0,33,547,6.03,2026-03-19 01:02:00
KP002361,KW11224,2026-03-20,IN,Mobile,3406,8.0,24,188,12.77,2026-03-20 07:26:00
KP002362,KW10280,2026-03-21,FR,Mobile,11101,21.0,130,1808,7.19,2026-03-21 19:25:00
KP002363,KW10618,2026-03-22,CA,Desktop,1791,19.0,31,556,5.58,2026-03-22 04:40:00
KP002364,KW10131,2026-03-23,MX,Desktop,5105,47.0,74,2239,3.31,2026-03-23 02:14:00
KP002365,KW10042,2026-03-24,IN,Desktop,1143,11.0,46,404,11.39,2026-03-24 08:34:00
KP002366,KW11212,2026-03-25,MX,Desktop,1666,33.0,34,800,4.25,2026-03-25 14:50:00
KP002367,KW10720,2026-03-26,CA,Desktop,12498,25.0,272,3994,6.81,2026-03-26 22:47:00
KP002368,KW10073,2026-03-27,UK,Desktop,5295,15.0,202,2297,8.79,2026-03-27 15:50:00
KP002369,KW10023,2026-03-28,IN,Mobile,3565,18.0,25,382,6.54,2026-03-28 23:09:00
KP002370,KW10536,2026-03-29,UK,Desktop,7531,31.0,161,3605,4.47,2026-03-29 06:20:00
KP002371,KW11292,2026-03-30,IN,Desktop,3216,9.0,40,507,7.89,2026-03-30 21:22:00
KP002372,KW11402,2026-03-31,DE,Desktop,1336,42.0,13,381,3.41,2026-03-31 00:52:00
KP002373,KW10416,2026-04-01,MX,Desktop,3621,7.0,45,397,11.34,2026-04-01 21:27:00
KP002374,KW10201,2026-04-02,FR,Mobile,1096,4.0,50,282,17.73,2026-04-02 22:35:00
KP002375,KW10396,2026-04-03,MX,Mobile,4267,48.0,60,1324,4.53,2026-04-03 10:40:00
KP002376,KW10503,2026-04-04,AU,Desktop,8107,27.0,164,2560,6.41,2026-04-04 10:16:00
KP002377,KW11524,2026-04-05,FR,Desktop,1786,2.0,210,933,22.51,2026-04-05 02:32:00
KP002378,KW11658,2026-04-06,JP,Mobile,2026,40.0,12,215,5.58,2026-04-06 01:01:00
KP002379,KW11990,2026-04-07,BR,Mobile,1179,3.0,38,246,15.45,2026-04-07 16:24:00
KP002380,KW10206,2026-04-08,AU,Mobile,5911,11.0,271,2988,9.07,2026-04-08 09:13:00
KP002381,KW11079,2026-04-09,UK,Desktop,2147,31.0,54,994,5.43,2026-04-09 04:35:00
KP002382,KW11335,2026-04-10,US,Desktop,4543,14.0,175,1764,9.92,2026-04-10 22:02:00
KP002383,KW10304,2026-04-11,CA,Desktop,2656,30.0,49,779,6.29,2026-04-11 22:50:00
KP002384,KW10595,2026-04-12,FR,Tablet,3007,49.0,41,1047,3.92,2026-04-12 14:44:00
KP002385,KW11279,2026-04-13,CA,Tablet,1439,19.0,14,269,5.2,2026-04-13 21:56:00
KP002386,KW10596,2026-04-14,CA,Desktop,2213,41.0,40,810,4.94,2026-04-14 22:42:00
KP002387,KW11317,2026-04-15,JP,Mobile,5452,34.0,131,2187,5.99,2026-04-15 08:43:00
KP002388,KW10064,2026-04-16,DE,Mobile,4002,2.0,350,1653,21.17,2026-04-16 12:12:00
KP002389,KW10708,2026-04-17,DE,Mobile,7633,12.0,100,1113,8.98,2026-04-17 13:01:00
KP002390,KW11256,2026-04-18,DE,Mobile,911,28.0,20,352,5.68,2026-04-18 23:41:00
KP002391,KW10854,2026-04-19,FR,Desktop,7630,42.0,217,4148,5.23,2026-04-19 02:19:00
KP002392,KW10977,2026-04-20,MX,Desktop,9100,7.0,173,1421,12.17,2026-04-20 01:34:00
KP002393,KW10857,2026-04-21,IN,Desktop,1670,32.0,24,483,4.97,2026-04-21 11:48:00
KP002394,KW10835,2026-04-22,US,Mobile,4436,24.0,100,2073,4.82,2026-04-22 23:00:00
KP002395,KW11826,2026-04-23,BR,Desktop,4918,5.0,149,1081,13.78,2026-04-23 21:49:00
KP002396,KW11201,2026-04-24,US,Desktop,1738,35.0,27,438,6.16,2026-04-24 08:07:00
KP002397,KW11382,2026-04-25,DE,Mobile,692,4.0,8,61,13.11,2026-04-25 10:19:00
KP002398,KW11153,2026-04-26,IN,Mobile,1274,50.0,27,572,4.72,2026-04-26 05:46:00
KP002399,KW10202,2026-04-27,US,Desktop,701,44.0,4,125,3.2,2026-04-27 23:21:00
KP002400,KW11772,2026-04-28,BR,Desktop,1962,21.0,44,538,8.18,2026-04-28 03:05:00
KP002401,KW11411,2026-04-29,CA,Desktop,1962,7.0,79,685,11.53,2026-04-29 01:21:00
KP002402,KW11338,2026-04-30,BR,Desktop,1660,37.0,14,298,4.7,2026-04-30 05:20:00
KP002403,KW11458,2026-05-01,JP,Desktop,4009,15.0,96,1292,7.43,2026-05-01 15:25:00
KP002404,KW11872,2026-05-02,US,Desktop,1084,39.0,11,267,4.12,2026-05-02 03:34:00
KP002405,KW10584,2026-05-03,CA,Desktop,2767,12.0,112,1395,8.03,2026-05-03 06:30:00
KP002406,KW10798,2026-05-04,FR,Mobile,6200,45.0,115,3408,3.37,2026-05-04 10:02:00
KP002407,KW11158,2026-05-05,MX,Desktop,4160,21.0,30,493,6.09,2026-05-05 04:47:00
KP002408,KW11341,2026-05-06,CA,Mobile,574,39.0,10,193,5.18,2026-05-06 13:31:00
KP002409,KW11688,2026-05-07,UK,Mobile,4150,19.0,37,585,6.32,2026-05-07 19:34:00
KP002410,KW11128,2026-05-08,US,Desktop,6583,3.0,490,2825,17.35,2026-05-08 13:02:00
KP002411,KW11866,2026-05-09,JP,Desktop,1851,16.0,9,138,6.52,2026-05-09 13:28:00
KP002412,KW10203,2026-05-10,FR,Mobile,3275,39.0,67,1686,3.97,2026-05-10 10:08:00
KP002413,KW11171,2026-05-11,CA,Tablet,4440,34.0,26,710,3.66,2026-05-11 06:58:00
KP002414,KW11943,2026-05-12,CA,Mobile,33935,31.0,773,12737,6.07,2026-05-12 21:29:00
KP002415,KW11293,2026-05-13,CA,Desktop,6699,17.0,69,946,7.29,2026-05-13 04:54:00
KP002416,KW11247,2026-05-14,BR,Mobile,12405,43.0,259,6360,4.07,2026-05-14 00:07:00
KP002417,KW10738,2026-05-15,IN,Mobile,4332,19.0,101,1186,8.52,2026-05-15 00:26:00
KP002418,KW11427,2026-05-16,CA,Mobile,3008,4.0,225,1208,18.63,2026-05-16 17:19:00
KP002419,KW11823,2026-05-17,FR,Mobile,1305,21.0,31,387,8.01,2026-05-17 01:11:00
KP002420,KW10724,2026-05-18,IN,Mobile,1448,15.0,13,196,6.63,2026-05-18 12:46:00
KP002421,KW10807,2026-05-19,AU,Desktop,4228,2.0,137,586,23.38,2026-05-19 14:09:00
KP002422,KW11919,2026-05-20,JP,Mobile,1561,28.0,31,692,4.48,2026-05-20 13:50:00
KP002423,KW11518,2026-05-21,FR,Mobile,484,39.0,11,254,4.33,2026-05-21 06:36:00
KP002424,KW10824,2026-05-22,US,Desktop,3338,45.0,45,882,5.1,2026-05-22 05:48:00
KP002425,KW11980,2026-05-23,FR,Desktop,4064,19.0,118,1611,7.32,2026-05-23 07:49:00
KP002426,KW11758,2026-05-24,UK,Mobile,851,9.0,15,164,9.15,2026-05-24 04:28:00
KP002427,KW10369,2026-05-25,JP,Mobile,1310,10.0,45,405,11.11,2026-05-25 00:39:00
KP002428,KW11369,2026-05-26,FR,Desktop,2634,24.0,70,941,7.44,2026-05-26 22:36:00
KP002429,KW11211,2026-05-27,CA,Desktop,3327,11.0,64,885,7.23,2026-05-27 22:07:00
KP002430,KW10568,2026-05-28,AU,Mobile,1406,34.0,27,548,4.93,2026-05-28 08:03:00
KP002431,KW11023,2026-05-29,IN,Desktop,7839,8.0,154,1203,12.8,2026-05-29 15:06:00
KP002432,KW10964,2026-05-30,CA,Mobile,4769,4.0,396,2337,16.94,2026-05-30 00:54:00
KP002433,KW10487,2026-05-31,BR,Mobile,1268,25.0,7,125,5.6,2026-05-31 04:48:00
KP002679,KW10350,2026-02-01,IN,Desktop,7687,25.0,143,2868,4.99,2026-02-01 22:04:00
KP002680,KW11420,2026-02-02,BR,Desktop,2069,43.0,19,496,3.83,2026-02-02 01:24:00
KP002681,KW11298,2026-02-03,UK,Desktop,1875,3.0,21,130,16.15,2026-02-03 15:10:00
KP002682,KW10576,2026-02-04,CA,Desktop,1137,49.0,20,413,4.84,2026-02-04 14:23:00
KP002683,KW11702,2026-02-05,BR,Desktop,2760,35.0,78,1507,5.18,2026-02-05 01:35:00
KP002684,KW10905,2026-02-06,US,Mobile,6290,20.0,233,3119,7.47,2026-02-06 12:29:00
KP002685,KW11286,2026-02-07,MX,Mobile,1497,37.0,8,206,3.88,2026-02-07 19:47:00
KP002686,KW10544,2026-02-08,CA,Desktop,8741,7.0,510,4336,11.76,2026-02-08 16:45:00
KP002687,KW10981,2026-02-09,FR,Desktop,3135,35.0,89,1603,5.55,2026-02-09 04:02:00
KP002688,KW10855,2026-02-10,AU,Mobile,314,17.0,1,26,3.85,2026-02-10 22:22:00
KP002689,KW11824,2026-02-11,JP,Desktop,7245,15.0,184,2221,8.28,2026-02-11 01:23:00
KP002690,KW10639,2026-02-12,US,Mobile,3446,4.0,304,1658,18.34,2026-02-12 11:24:00
KP002691,KW11870,2026-02-13,JP,Desktop,8873,9.0,110,1112,9.89,2026-02-13 20:08:00
KP002692,KW11076,2026-02-14,US,Desktop,4509,46.0,40,899,4.45,2026-02-14 06:49:00
KP002693,KW10588,2026-02-15,US,Desktop,685,16.0,6,105,5.71,2026-02-15 14:46:00
KP002694,KW11442,2026-02-16,DE,Desktop,1864,42.0,35,770,4.55,2026-02-16 11:20:00
KP002695,KW10989,2026-02-17,US,Mobile,7943,50.0,139,3501,3.97,2026-02-17 08:23:00
KP002696,KW11941,2026-02-18,UK,Desktop,1504,25.0,12,202,5.94,2026-02-18 00:25:00
KP002697,KW10496,2026-02-19,BR,Mobile,1327,22.0,26,388,6.7,2026-02-19 22:47:00
KP002698,KW10096,2026-02-20,DE,Desktop,835,40.0,13,351,3.7,2026-02-20 19:27:00
KP002699,KW11402,2026-02-21,MX,Mobile,4383,18.0,168,1995,8.42,2026-02-21 00:33:00
KP002700,KW11549,2026-02-22,UK,Mobile,3056,36.0,49,1096,4.47,2026-02-22 14:52:00
KP002701,KW11966,2026-02-23,JP,Desktop,3221,1.0,412,1312,31.4,2026-02-23 08:20:00
KP002702,KW11592,2026-02-24,UK,Desktop,913,22.0,24,360,6.67,2026-02-24 14:05:00
KP002703,KW11099,2026-02-25,BR,Desktop,5139,3.0,367,1923,19.08,2026-02-25 08:35:00
KP002704,KW10997,2026-02-26,UK,Tablet,3578,8.0,113,1205,9.38,2026-02-26 07:21:00
KP002705,KW10416,2026-02-27,JP,Mobile,2657,38.0,21,459,4.58,2026-02-27 16:11:00
KP002706,KW11821,2026-02-28,IN,Desktop,4073,44.0,43,1000,4.3,2026-02-28 16:28:00
KP002707,KW10686,2026-03-01,AU,Desktop,1025,13.0,40,482,8.3,2026-03-01 06:50:00
KP002708,KW11642,2026-03-02,US,Desktop,10014,23.0,367,4737,7.75,2026-03-02 06:37:00
KP002709,KW11300,2026-03-03,FR,Mobile,2439,1.0,194,555,34.95,2026-03-03 17:36:00
KP002710,KW10911,2026-03-04,US,Desktop,2929,21.0,10,158,6.33,2026-03-04 03:44:00
KP002711,KW11609,2026-03-05,UK,Mobile,540,7.0,12,128,9.38,2026-03-05 05:20:00
KP002712,KW10621,2026-03-06,CA,Desktop,5936,24.0,102,1739,5.87,2026-03-06 11:07:00
KP002713,KW10165,2026-03-07,DE,Desktop,1698,5.0,55,381,14.44,2026-03-07 09:44:00
KP002714,KW11053,2026-03-08,MX,Mobile,2671,34.0,68,1235,5.51,2026-03-08 07:58:00
KP002715,KW10981,2026-03-09,IN,Desktop,7340,32.0,206,3883,5.31,2026-03-09 04:19:00
KP002716,KW10976,2026-03-10,UK,Desktop,4888,22.0,52,720,7.22,2026-03-10 13:00:00
KP002717,KW11184,2026-03-11,UK,Mobile,2880,36.0,33,750,4.4,2026-03-11 06:14:00
KP002718,KW10716,2026-03-12,CA,Desktop,3378,9.0,222,1723,12.88,2026-03-12 01:54:00
KP002719,KW10844,2026-03-13,UK,Desktop,3651,7.0,67,478,14.02,2026-03-13 15:06:00
KP002720,KW10056,2026-03-14,AU,Desktop,775,25.0,18,359,5.01,2026-03-14 07:29:00
KP002721,KW11603,2026-03-15,MX,Desktop,8723,23.0,38,555,6.85,2026-03-15 15:16:00
KP002722,KW10527,2026-03-16,MX,Desktop,5137,20.0,210,2806,7.48,2026-03-16 13:22:00
KP002723,KW11057,2026-03-17,BR,Mobile,9786,42.0,40,772,5.18,2026-03-17 20:13:00
KP002724,KW10117,2026-03-18,BR,Desktop,1382,37.0,19,472,4.03,2026-03-18 07:13:00
KP002725,KW11137,2026-03-19,IN,Mobile,1534,20.0,11,204,5.39,2026-03-19 01:59:00
KP002726,KW11177,2026-03-20,FR,Mobile,2760,16.0,80,944,8.47,2026-03-20 11:31:00
KP002727,KW10152,2026-03-21,DE,Desktop,5040,9.0,181,2107,8.59,2026-03-21 21:53:00
KP002728,KW11565,2026-03-22,JP,Mobile,10434,45.0,81,2192,3.7,2026-03-22 23:44:00
KP002729,KW10127,2026-03-23,IN,Desktop,9815,26.0,263,3819,6.89,2026-03-23 13:02:00
KP002730,KW11065,2026-03-24,CA,Mobile,1120,11.0,17,229,7.42,2026-03-24 03:55:00
KP002731,KW10066,2026-03-25,CA,Tablet,5203,37.0,77,2105,3.66,2026-03-25 18:15:00
KP002732,KW11664,2026-03-26,CA,Desktop,16774,40.0,110,2525,4.36,2026-03-26 14:05:00
KP002733,KW10771,2026-03-27,FR,Desktop,3562,48.0,23,725,3.17,2026-03-27 05:05:00
KP002734,KW11527,2026-03-28,US,Mobile,4768,45.0,85,1812,4.69,2026-03-28 14:01:00
KP002735,KW10791,2026-03-29,BR,Mobile,3109,12.0,72,705,10.21,2026-03-29 22:30:00
KP002736,KW11880,2026-03-30,AU,Desktop,4993,30.0,116,1736,6.68,2026-03-30 21:48:00
KP002737,KW10366,2026-03-31,JP,Mobile,2494,18.0,79,934,8.46,2026-03-31 19:57:00
KP002738,KW10218,2026-04-01,BR,Desktop,1548,19.0,26,373,6.97,2026-04-01 02:32:00
KP002739,KW10634,2026-04-02,DE,Desktop,13223,13.0,348,4488,7.75,2026-04-02 20:27:00
KP002740,KW11027,2026-04-03,AU,Desktop,740,43.0,7,165,4.24,2026-04-03 00:36:00
KP002741,KW10916,2026-04-04,IN,Mobile,1080,1.0,80,230,34.78,2026-04-04 09:28:00
KP002742,KW10696,2026-04-05,US,Mobile,16822,7.0,168,1272,13.21,2026-04-05 06:05:00
KP002743,KW11280,2026-04-06,MX,Desktop,896,32.0,27,474,5.7,2026-04-06 09:49:00
KP002744,KW10044,2026-04-07,US,Mobile,5766,42.0,84,1765,4.76,2026-04-07 02:38:00
KP002745,KW10243,2026-04-08,FR,Mobile,784,14.0,16,170,9.41,2026-04-08 05:15:00
KP002746,KW11885,2026-04-09,BR,Desktop,463,31.0,9,234,3.85,2026-04-09 06:33:00
KP002747,KW10242,2026-04-10,CA,Desktop,1835,4.0,110,763,14.42,2026-04-10 22:34:00
KP002748,KW11462,2026-04-11,BR,Mobile,1991,35.0,46,1063,4.33,2026-04-11 11:01:00
KP002749,KW11726,2026-04-12,AU,Mobile,2883,32.0,62,1516,4.09,2026-04-12 14:06:00
KP002750,KW11005,2026-04-13,JP,Mobile,1725,3.0,43,281,15.3,2026-04-13 03:11:00
KP002751,KW10165,2026-04-14,US,Desktop,5365,3.0,544,2507,21.7,2026-04-14 20:57:00
KP002752,KW10905,2026-04-15,JP,Mobile,1978,14.0,19,205,9.27,2026-04-15 13:03:00
KP002753,KW10725,2026-04-16,DE,Desktop,1107,11.0,64,561,11.41,2026-04-16 02:28:00
KP002754,KW10555,2026-04-17,FR,Mobile,4658,20.0,168,2269,7.4,2026-04-17 16:52:00
KP002755,KW10754,2026-04-18,DE,Mobile,5494,44.0,16,411,3.89,2026-04-18 17:05:00
KP002756,KW10468,2026-04-19,AU,Desktop,1941,22.0,7,131,5.34,2026-04-19 16:06:00
KP002757,KW11476,2026-04-20,MX,Mobile,5599,16.0,75,840,8.93,2026-04-20 20:08:00
KP002758,KW10278,2026-04-21,BR,Mobile,2403,12.0,62,689,9.0,2026-04-21 11:52:00
KP002759,KW11312,2026-04-22,IN,Mobile,1473,31.0,9,172,5.23,2026-04-22 16:42:00
KP002760,KW11265,2026-04-23,IN,Mobile,5712,38.0,76,2069,3.67,2026-04-23 12:55:00
KP002761,KW11118,2026-04-24,UK,Desktop,1017,46.0,14,375,3.73,2026-04-24 05:03:00
KP002762,KW11821,2026-04-25,CA,Desktop,2820,27.0,71,1087,6.53,2026-04-25 09:29:00
KP002763,KW10075,2026-04-26,JP,Mobile,7856,1.0,1403,4222,33.23,2026-04-26 09:06:00
KP002764,KW10338,2026-04-27,BR,Mobile,245,40.0,1,20,5.0,2026-04-27 05:52:00
KP002765,KW10916,2026-04-28,JP,Desktop,2146,30.0,11,265,4.15,2026-04-28 18:02:00
KP002766,KW10802,2026-04-29,IN,Mobile,1338,35.0,5,113,4.42,2026-04-29 11:33:00
KP002767,KW10696,2026-04-30,UK,Mobile,2098,18.0,42,520,8.08,2026-04-30 16:43:00
KP002768,KW11865,2026-05-01,BR,Mobile,3465,4.0,107,807,13.26,2026-05-01 06:47:00
KP002769,KW10693,2026-05-02,JP,Mobile,25803,23.0,848,12124,6.99,2026-05-02 10:59:00
KP002770,KW11056,2026-05-03,UK,Mobile,1310,5.0,63,422,14.93,2026-05-03 18:22:00
KP002771,KW11012,2026-05-04,JP,Mobile,3738,33.0,47,819,5.74,2026-05-04 01:43:00
KP002772,KW11460,2026-05-05,FR,Desktop,6550,5.0,360,2130,16.9,2026-05-05 07:40:00
KP002773,KW11163,2026-05-06,UK,Mobile,2475,29.0,55,1002,5.49,2026-05-06 01:14:00
KP002774,KW11918,2026-05-07,MX,Desktop,789,11.0,34,408,8.33,2026-05-07 05:39:00
KP002775,KW10149,2026-05-08,CA,Desktop,10095,8.0,445,4255,10.46,2026-05-08 03:04:00
KP002776,KW10989,2026-05-09,JP,Desktop,7572,50.0,136,2708,5.02,2026-05-09 14:36:00
KP002777,KW10976,2026-05-10,US,Mobile,2592,21.0,29,424,6.84,2026-05-10 18:04:00
KP002778,KW10946,2026-05-11,UK,Mobile,1363,47.0,7,196,3.57,2026-05-11 00:45:00
KP002779,KW10428,2026-05-12,CA,Mobile,1086,26.0,22,318,6.92,2026-05-12 12:05:00
KP002780,KW10483,2026-05-13,BR,Desktop,3104,39.0,68,1552,4.38,2026-05-13 12:01:00
KP002781,KW11469,2026-05-14,AU,Mobile,1559,49.0,29,592,4.9,2026-05-14 00:03:00
KP002782,KW11338,2026-05-15,DE,Desktop,3244,17.0,104,1551,6.71,2026-05-15 17:56:00
KP002783,KW11196,2026-05-16,FR,Mobile,1540,49.0,9,189,4.76,2026-05-16 03:16:00
KP002784,KW10227,2026-05-17,US,Desktop,9043,1.0,1288,3944,32.66,2026-05-17 10:11:00
KP002785,KW10431,2026-05-18,UK,Desktop,10635,20.0,70,925,7.57,2026-05-18 03:22:00
KP002786,KW11421,2026-05-19,IN,Mobile,4320,40.0,23,686,3.35,2026-05-19 00:52:00
KP002787,KW10307,2026-05-20,CA,Mobile,1121,13.0,9,107,8.41,2026-05-20 11:05:00
KP002788,KW11680,2026-05-21,DE,Desktop,3929,48.0,25,784,3.19,2026-05-21 04:40:00
KP002789,KW10346,2026-05-22,DE,Mobile,832,50.0,9,217,4.15,2026-05-22 21:37:00
KP002790,KW11440,2026-05-23,FR,Mobile,1489,20.0,23,430,5.35,2026-05-23 22:07:00
KP002791,KW10318,2026-05-24,JP,Mobile,4789,23.0,110,1660,6.63,2026-05-24 21:34:00
KP002792,KW11874,2026-05-25,CA,Mobile,3814,1.0,652,2014,32.37,2026-05-25 19:58:00
KP002793,KW10650,2026-05-26,FR,Mobile,7060,24.0,37,511,7.24,2026-05-26 10:51:00
KP002794,KW10060,2026-05-27,CA,Desktop,1841,3.0,156,710,21.97,2026-05-27 09:39:00
KP002795,KW11006,2026-05-28,CA,Desktop,2530,49.0,36,1092,3.3,2026-05-28 01:04:00
KP002796,KW11093,2026-05-29,MX,Mobile,3646,5.0,307,1712,17.93,2026-05-29 22:50:00
KP002797,KW10046,2026-05-30,MX,Desktop,5146,8.0,230,1693,13.59,2026-05-30 17:03:00
KP002798,KW11633,2026-05-31,CA,Mobile,467,48.0,7,176,3.98,2026-05-31 04:45:00
KP003044,KW10218,2026-02-01,US,Tablet,1788,49.0,26,686,3.79,2026-02-01 13:33:00
KP003045,KW10791,2026-02-02,DE,Mobile,7122,6.0,70,481,14.55,2026-02-02 09:53:00
KP003046,KW11278,2026-02-03,JP,Mobile,2459,8.0,30,252,11.9,2026-02-03 11:14:00
KP003047,KW11979,2026-02-04,BR,Tablet,1143,50.0,11,253,4.35,2026-02-04 11:46:00
KP003048,KW10894,2026-02-05,JP,Desktop,4646,42.0,14,402,3.48,2026-02-05 22:27:00
KP003049,KW10350,2026-02-06,DE,Mobile,2827,41.0,20,421,4.75,2026-02-06 10:27:00
KP003050,KW11518,2026-02-07,DE,Desktop,3404,24.0,94,1334,7.05,2026-02-07 12:27:00
KP003051,KW11897,2026-02-08,DE,Mobile,3941,22.0,26,484,5.37,2026-02-08 01:42:00
KP003052,KW10898,2026-02-09,IN,Desktop,5420,6.0,158,1427,11.07,2026-02-09 20:01:00
KP003053,KW10156,2026-02-10,JP,Desktop,2334,13.0,37,431,8.58,2026-02-10 08:31:00
KP003054,KW11036,2026-02-11,CA,Desktop,8791,27.0,19,457,4.16,2026-02-11 14:47:00
KP003055,KW11866,2026-02-12,AU,Mobile,3202,28.0,26,416,6.25,2026-02-12 20:03:00
KP003056,KW10682,2026-02-13,MX,Mobile,1192,22.0,7,129,5.43,2026-02-13 16:53:00
KP003057,KW11818,2026-02-14,DE,Tablet,7728,47.0,146,3387,4.31,2026-02-14 12:58:00
KP003058,KW10892,2026-02-15,DE,Tablet,3209,32.0,57,1268,4.5,2026-02-15 07:07:00
KP003059,KW10080,2026-02-16,IN,Mobile,2286,24.0,77,1117,6.89,2026-02-16 18:37:00
KP003060,KW11717,2026-02-17,FR,Mobile,2227,42.0,24,735,3.27,2026-02-17 13:42:00
KP003061,KW10555,2026-02-18,BR,Desktop,4369,14.0,85,887,9.58,2026-02-18 04:44:00
KP003062,KW11373,2026-02-19,BR,Desktop,1634,18.0,66,799,8.26,2026-02-19 02:02:00
KP003063,KW10273,2026-02-20,JP,Mobile,13531,45.0,111,2958,3.75,2026-02-20 05:20:00
KP003064,KW11878,2026-02-21,AU,Mobile,3872,3.0,312,1645,18.97,2026-02-21 05:15:00
KP003065,KW10466,2026-02-22,FR,Desktop,6511,38.0,48,1112,4.32,2026-02-22 07:49:00
KP003066,KW11383,2026-02-23,JP,Mobile,1159,17.0,26,299,8.7,2026-02-23 16:06:00
KP003067,KW11769,2026-02-24,MX,Desktop,1119,7.0,48,353,13.6,2026-02-24 12:58:00
KP003068,KW10161,2026-02-25,CA,Mobile,20715,24.0,461,6628,6.96,2026-02-25 06:03:00
KP003069,KW10495,2026-02-26,US,Tablet,7026,4.0,539,3216,16.76,2026-02-26 06:55:00
KP003070,KW10748,2026-02-27,UK,Mobile,3501,20.0,21,328,6.4,2026-02-27 21:24:00
KP003071,KW10335,2026-02-28,AU,Desktop,5967,9.0,56,506,11.07,2026-02-28 20:37:00
KP003072,KW11333,2026-03-01,BR,Desktop,3542,27.0,13,272,4.78,2026-03-01 20:24:00
KP003073,KW10965,2026-03-02,FR,Desktop,483,41.0,6,168,3.57,2026-03-02 23:00:00
KP003074,KW11363,2026-03-03,DE,Desktop,5214,16.0,65,1046,6.21,2026-03-03 16:45:00
KP003075,KW11108,2026-03-04,UK,Mobile,5383,4.0,309,2335,13.23,2026-03-04 20:57:00
KP003076,KW11543,2026-03-05,IN,Desktop,6612,12.0,45,572,7.87,2026-03-05 13:44:00
KP003077,KW10845,2026-03-06,US,Desktop,4861,20.0,197,2642,7.46,2026-03-06 03:46:00
KP003078,KW11567,2026-03-07,AU,Mobile,9232,9.0,89,966,9.21,2026-03-07 09:03:00
KP003079,KW10108,2026-03-08,DE,Desktop,1918,28.0,17,406,4.19,2026-03-08 10:56:00
KP003080,KW11646,2026-03-09,JP,Mobile,1939,43.0,14,396,3.54,2026-03-09 08:33:00
KP003081,KW10440,2026-03-10,DE,Mobile,8906,41.0,85,2459,3.46,2026-03-10 03:36:00
KP003082,KW11208,2026-03-11,JP,Desktop,6909,23.0,19,404,4.7,2026-03-11 13:05:00
KP003083,KW11352,2026-03-12,US,Mobile,21206,34.0,310,5753,5.39,2026-03-12 10:01:00
KP003084,KW10474,2026-03-13,JP,Tablet,2519,2.0,330,1338,24.66,2026-03-13 05:37:00
KP003085,KW10458,2026-03-14,UK,Mobile,10780,50.0,92,2349,3.92,2026-03-14 11:28:00
KP003086,KW10150,2026-03-15,AU,Mobile,1805,11.0,20,208,9.62,2026-03-15 06:47:00
KP003087,KW11439,2026-03-16,BR,Mobile,6485,48.0,27,670,4.03,2026-03-16 16:34:00
KP003088,KW10608,2026-03-17,DE,Desktop,5006,37.0,101,2249,4.49,2026-03-17 21:59:00
KP003089,KW11916,2026-03-18,FR,Desktop,738,9.0,24,261,9.2,2026-03-18 07:25:00
KP003090,KW11238,2026-03-19,US,Mobile,724,23.0,12,172,6.98,2026-03-19 06:41:00
KP003091,KW10258,2026-03-20,UK,Mobile,8993,45.0,208,4556,4.57,2026-03-20 05:02:00
KP003092,KW10550,2026-03-21,IN,Desktop,1719,33.0,10,269,3.72,2026-03-21 17:52:00
KP003093,KW11265,2026-03-22,JP,Mobile,2577,8.0,28,281,9.96,2026-03-22 23:01:00
KP003094,KW11900,2026-03-23,JP,Mobile,523,23.0,7,146,4.79,2026-03-23 01:24:00
KP003095,KW10881,2026-03-24,AU,Tablet,2436,27.0,57,997,5.72,2026-03-24 08:43:00
KP003096,KW10703,2026-03-25,IN,Mobile,5510,42.0,106,2584,4.1,2026-03-25 03:39:00
KP003097,KW10504,2026-03-26,AU,Desktop,698,20.0,17,301,5.65,2026-03-26 13:28:00
KP003098,KW10374,2026-03-27,AU,Mobile,2911,6.0,163,1191,13.69,2026-03-27 11:14:00
KP003099,KW11483,2026-03-28,BR,Mobile,4008,1.0,433,1481,29.24,2026-03-28 18:48:00
KP003100,KW11970,2026-03-29,BR,Mobile,2699,47.0,43,1305,3.3,2026-03-29 12:59:00
KP003101,KW11010,2026-03-30,BR,Desktop,277,31.0,5,107,4.67,2026-03-30 21:38:00
KP003102,KW11563,2026-03-31,IN,Desktop,4753,24.0,21,434,4.84,2026-03-31 15:07:00
KP003103,KW11396,2026-04-01,UK,Desktop,677,23.0,10,182,5.49,2026-04-01 02:50:00
KP003104,KW11693,2026-04-02,MX,Desktop,1863,9.0,85,841,10.11,2026-04-02 21:27:00
KP003105,KW10958,2026-04-03,FR,Tablet,531,45.0,3,91,3.3,2026-04-03 09:14:00
KP003106,KW11775,2026-04-04,JP,Tablet,1536,14.0,46,453,10.15,2026-04-04 14:15:00
KP003107,KW10907,2026-04-05,JP,Desktop,4973,38.0,82,1619,5.06,2026-04-05 11:08:00
KP003108,KW10408,2026-04-06,DE,Desktop,2633,17.0,39,457,8.53,2026-04-06 08:02:00
KP003109,KW11212,2026-04-07,IN,Desktop,5586,13.0,31,341,9.09,2026-04-07 02:45:00
KP003110,KW11536,2026-04-08,FR,Desktop,13975,11.0,299,2860,10.45,2026-04-08 18:43:00
KP003111,KW11049,2026-04-09,DE,Tablet,3070,22.0,16,275,5.82,2026-04-09 22:21:00
KP003112,KW11503,2026-04-10,MX,Desktop,3201,22.0,53,778,6.81,2026-04-10 02:40:00
KP003113,KW11821,2026-04-11,IN,Desktop,2830,39.0,47,1130,4.16,2026-04-11 00:35:00
KP003114,KW10232,2026-04-12,DE,Mobile,9886,17.0,367,4171,8.8,2026-04-12 14:11:00
KP003115,KW10842,2026-04-13,MX,Mobile,1761,36.0,26,614,4.23,2026-04-13 09:27:00
KP003116,KW11639,2026-04-14,CA,Desktop,2088,46.0,3,118,2.54,2026-04-14 23:50:00
KP003117,KW10745,2026-04-15,MX,Desktop,3302,15.0,62,948,6.54,2026-04-15 03:21:00
KP003118,KW10960,2026-04-16,UK,Mobile,5032,42.0,16,459,3.49,2026-04-16 01:28:00
KP003119,KW11230,2026-04-17,MX,Mobile,3192,3.0,112,587,19.08,2026-04-17 12:16:00
KP003120,KW11830,2026-04-18,FR,Desktop,15012,3.0,1599,8050,19.86,2026-04-18 22:02:00
KP003121,KW10161,2026-04-19,IN,Mobile,3148,16.0,61,738,8.27,2026-04-19 06:02:00
KP003122,KW11508,2026-04-20,AU,Mobile,6187,3.0,208,1403,14.83,2026-04-20 20:17:00
KP003123,KW10015,2026-04-21,MX,Mobile,652,41.0,13,265,4.91,2026-04-21 11:49:00
KP003124,KW11723,2026-04-22,FR,Mobile,3527,41.0,14,364,3.85,2026-04-22 12:15:00
KP003125,KW10380,2026-04-23,IN,Mobile,17604,42.0,294,5863,5.01,2026-04-23 01:05:00
KP003126,KW10565,2026-04-24,US,Mobile,737,7.0,30,328,9.15,2026-04-24 10:15:00
KP003127,KW10452,2026-04-25,CA,Mobile,3166,37.0,45,761,5.91,2026-04-25 17:29:00
KP003128,KW11063,2026-04-26,AU,Mobile,4199,29.0,103,2095,4.92,2026-04-26 08:41:00
KP003129,KW11415,2026-04-27,AU,Desktop,6425,32.0,131,2154,6.08,2026-04-27 15:36:00
KP003130,KW10777,2026-04-28,DE,Desktop,965,3.0,40,234,17.09,2026-04-28 19:48:00
KP003131,KW10189,2026-04-29,FR,Mobile,2444,38.0,64,1183,5.41,2026-04-29 07:54:00
KP003132,KW11387,2026-04-30,MX,Mobile,2418,36.0,55,1108,4.96,2026-04-30 15:02:00
KP003133,KW11346,2026-05-01,JP,Mobile,1357,42.0,9,197,4.57,2026-05-01 00:08:00
KP003134,KW11621,2026-05-02,BR,Desktop,1887,49.0,40,846,4.73,2026-05-02 07:21:00
KP003135,KW10578,2026-05-03,JP,Mobile,17575,28.0,388,8096,4.79,2026-05-03 12:02:00
KP003136,KW11066,2026-05-04,JP,Mobile,842,50.0,14,409,3.42,2026-05-04 00:47:00
KP003137,KW11092,2026-05-05,DE,Desktop,2929,2.0,51,190,26.84,2026-05-05 17:23:00
KP003138,KW11971,2026-05-06,AU,Mobile,3135,5.0,28,237,11.81,2026-05-06 02:46:00
KP003139,KW10665,2026-05-07,JP,Mobile,1096,37.0,23,551,4.17,2026-05-07 14:06:00
KP003140,KW10323,2026-05-08,JP,Desktop,969,19.0,21,258,8.14,2026-05-08 22:45:00
KP003141,KW11751,2026-05-09,AU,Mobile,2312,33.0,67,1060,6.32,2026-05-09 22:32:00
KP003142,KW11031,2026-05-10,US,Desktop,2362,50.0,5,168,2.98,2026-05-10 03:29:00
KP003143,KW10009,2026-05-11,IN,Mobile,1234,9.0,59,565,10.44,2026-05-11 05:39:00
KP003144,KW10610,2026-05-12,UK,Desktop,483,42.0,3,96,3.12,2026-05-12 22:24:00
KP003145,KW11092,2026-05-13,JP,Desktop,3839,20.0,42,584,7.19,2026-05-13 11:37:00
KP003146,KW10141,2026-05-14,FR,Mobile,3525,19.0,27,442,6.11,2026-05-14 19:27:00
KP003147,KW10541,2026-05-15,UK,Desktop,2064,24.0,33,601,5.49,2026-05-15 11:46:00
KP003148,KW10852,2026-05-16,UK,Desktop,1773,50.0,13,384,3.39,2026-05-16 06:17:00
KP003149,KW11606,2026-05-17,DE,Mobile,1849,11.0,26,249,10.44,2026-05-17 14:14:00
KP003150,KW11941,2026-05-18,AU,Desktop,2652,47.0,43,936,4.59,2026-05-18 09:33:00
KP003151,KW10441,2026-05-19,JP,Desktop,2315,40.0,47,1042,4.51,2026-05-19 17:06:00
KP003152,KW10417,2026-05-20,AU,Mobile,1672,16.0,22,257,8.56,2026-05-20 14:34:00
KP003153,KW10797,2026-05-21,JP,Mobile,11448,43.0,106,3147,3.37,2026-05-21 15:58:00
KP003154,KW11003,2026-05-22,US,Desktop,7434,42.0,132,2944,4.48,2026-05-22 06:53:00
KP003155,KW11452,2026-05-23,CA,Mobile,18581,36.0,315,6012,5.24,2026-05-23 04:01:00
KP003156,KW10825,2026-05-24,AU,Desktop,7290,13.0,226,2171,10.41,2026-05-24 13:55:00
KP003157,KW10855,2026-05-25,CA,Mobile,3006,25.0,77,1419,5.43,2026-05-25 08:12:00
KP003158,KW11734,2026-05-26,AU,Mobile,2868,25.0,38,580,6.55,2026-05-26 09:04:00
KP003159,KW10650,2026-05-27,DE,Tablet,6204,41.0,41,826,4.96,2026-05-27 01:39:00
KP003160,KW11136,2026-05-28,AU,Desktop,2565,33.0,32,552,5.8,2026-05-28 15:43:00
KP003161,KW11157,2026-05-29,FR,Desktop,13153,10.0,605,5256,11.51,2026-05-29 09:11:00
KP003162,KW11336,2026-05-30,US,Desktop,5428,15.0,135,1629,8.29,2026-05-30 22:02:00
KP003163,KW11624,2026-05-31,US,Desktop,4607,10.0,222,2327,9.54,2026-05-31 13:36:00
KP003409,KW11004,2026-02-01,DE,Desktop,15357,3.0,1188,8232,14.43,2026-02-01 20:25:00
KP003410,KW11825,2026-02-02,UK,Mobile,1521,14.0,11,169,6.51,2026-02-02 12:11:00
KP003411,KW11386,2026-02-03,US,Desktop,3219,42.0,70,1392,5.03,2026-02-03 23:29:00
KP003412,KW10937,2026-02-04,JP,Desktop,3167,49.0,49,1106,4.43,2026-02-04 04:16:00
KP003413,KW11786,2026-02-05,BR,Desktop,2891,5.0,129,1040,12.4,2026-02-05 03:55:00
KP003414,KW10248,2026-02-06,JP,Mobile,11780,18.0,405,6393,6.34,2026-02-06 18:31:00
KP003415,KW11103,2026-02-07,CA,Mobile,4715,22.0,65,885,7.34,2026-02-07 23:16:00
KP003416,KW10258,2026-02-08,US,Desktop,2659,10.0,115,1026,11.21,2026-02-08 00:01:00
KP003417,KW10245,2026-02-09,JP,Mobile,843,3.0,21,92,22.83,2026-02-09 13:19:00
KP003418,KW11199,2026-02-10,JP,Desktop,1646,41.0,31,753,4.12,2026-02-10 15:29:00
KP003419,KW11412,2026-02-11,MX,Desktop,1727,37.0,7,137,5.11,2026-02-11 16:44:00
KP003420,KW11871,2026-02-12,IN,Mobile,10160,5.0,631,3674,17.17,2026-02-12 19:11:00
KP003421,KW11148,2026-02-13,BR,Desktop,1805,39.0,8,165,4.85,2026-02-13 16:31:00
KP003422,KW10759,2026-02-14,MX,Desktop,15716,38.0,246,5669,4.34,2026-02-14 18:40:00
KP003423,KW11159,2026-02-15,US,Mobile,2872,7.0,112,1020,10.98,2026-02-15 09:42:00
KP003424,KW11201,2026-02-16,IN,Mobile,2156,29.0,65,1060,6.13,2026-02-16 19:33:00
KP003425,KW11276,2026-02-17,JP,Desktop,12712,6.0,739,6315,11.7,2026-02-17 04:57:00
KP003426,KW10661,2026-02-18,UK,Desktop,2759,34.0,15,400,3.75,2026-02-18 03:48:00
KP003427,KW11563,2026-02-19,MX,Tablet,1480,43.0,9,209,4.31,2026-02-19 11:39:00
KP003428,KW10290,2026-02-20,MX,Mobile,6270,3.0,452,2874,15.73,2026-02-20 05:23:00
KP003429,KW10206,2026-02-21,US,Desktop,4261,11.0,210,2070,10.14,2026-02-21 10:36:00
KP003430,KW10872,2026-02-22,BR,Desktop,4221,24.0,64,949,6.74,2026-02-22 07:40:00
KP003431,KW10928,2026-02-23,AU,Desktop,7219,15.0,92,1008,9.13,2026-02-23 00:11:00
KP003432,KW11361,2026-02-24,DE,Desktop,9921,33.0,102,1900,5.37,2026-02-24 08:59:00
KP003433,KW11866,2026-02-25,FR,Desktop,4611,30.0,93,1549,6.0,2026-02-25 15:58:00
KP003434,KW11146,2026-02-26,DE,Desktop,2792,29.0,94,1426,6.59,2026-02-26 11:36:00
KP003435,KW10754,2026-02-27,FR,Desktop,2144,37.0,46,1142,4.03,2026-02-27 15:28:00
KP003436,KW10985,2026-02-28,JP,Mobile,7263,39.0,82,1756,4.67,2026-02-28 19:23:00
KP003437,KW11326,2026-03-01,DE,Mobile,3623,12.0,131,1348,9.72,2026-03-01 21:09:00
KP003438,KW10318,2026-03-02,DE,Mobile,983,7.0,46,386,11.92,2026-03-02 12:33:00
KP003439,KW10151,2026-03-03,MX,Desktop,10357,26.0,184,3666,5.02,2026-03-03 18:24:00
KP003440,KW10749,2026-03-04,US,Mobile,1808,23.0,35,489,7.16,2026-03-04 18:24:00
KP003441,KW10536,2026-03-05,UK,Desktop,4664,44.0,60,1302,4.61,2026-03-05 05:39:00
KP003442,KW10874,2026-03-06,FR,Tablet,1404,33.0,23,482,4.77,2026-03-06 17:00:00
KP003443,KW11566,2026-03-07,DE,Tablet,2392,20.0,76,928,8.19,2026-03-07 22:43:00
KP003444,KW10566,2026-03-08,AU,Mobile,4506,25.0,84,1169,7.19,2026-03-08 02:17:00
KP003445,KW10617,2026-03-09,FR,Desktop,27830,4.0,1566,8210,19.07,2026-03-09 06:58:00
KP003446,KW10385,2026-03-10,FR,Desktop,8171,50.0,177,4459,3.97,2026-03-10 11:49:00
KP003447,KW11329,2026-03-11,AU,Desktop,1435,13.0,39,494,7.89,2026-03-11 03:22:00
KP003448,KW11765,2026-03-12,US,Desktop,4395,22.0,114,1941,5.87,2026-03-12 08:26:00
KP003449,KW10017,2026-03-13,BR,Desktop,15094,13.0,94,1361,6.91,2026-03-13 23:40:00
KP003450,KW11604,2026-03-14,JP,Mobile,1962,36.0,21,587,3.58,2026-03-14 14:50:00
KP003451,KW11574,2026-03-15,US,Desktop,1316,48.0,24,623,3.85,2026-03-15 15:23:00
KP003452,KW10403,2026-03-16,BR,Desktop,17590,38.0,236,6311,3.74,2026-03-16 22:50:00
KP003453,KW10642,2026-03-17,CA,Mobile,10948,7.0,552,5176,10.66,2026-03-17 20:22:00
KP003454,KW10588,2026-03-18,FR,Mobile,1426,12.0,55,694,7.93,2026-03-18 00:31:00
KP003455,KW11400,2026-03-19,AU,Desktop,1736,31.0,22,415,5.3,2026-03-19 08:00:00
KP003456,KW11110,2026-03-20,FR,Tablet,2497,47.0,30,803,3.74,2026-03-20 22:20:00
KP003457,KW11152,2026-03-21,FR,Mobile,3863,12.0,90,1159,7.77,2026-03-21 13:59:00
KP003458,KW11953,2026-03-22,JP,Mobile,1360,12.0,26,271,9.59,2026-03-22 13:20:00
KP003459,KW11453,2026-03-23,JP,Mobile,441,49.0,8,219,3.65,2026-03-23 19:41:00
KP003460,KW10702,2026-03-24,US,Mobile,8569,46.0,64,1225,5.22,2026-03-24 12:43:00
KP003461,KW11803,2026-03-25,AU,Desktop,1901,50.0,35,865,4.05,2026-03-25 09:09:00
KP003462,KW10266,2026-03-26,AU,Mobile,6957,8.0,211,2337,9.03,2026-03-26 21:07:00
KP003463,KW11839,2026-03-27,AU,Mobile,1542,43.0,26,798,3.26,2026-03-27 07:09:00
KP003464,KW11937,2026-03-28,MX,Desktop,3736,30.0,97,2006,4.84,2026-03-28 06:24:00
KP003465,KW10925,2026-03-29,CA,Desktop,2607,3.0,144,748,19.25,2026-03-29 05:31:00
KP003466,KW10461,2026-03-30,AU,Mobile,3294,8.0,32,287,11.15,2026-03-30 01:08:00
KP003467,KW10519,2026-03-31,US,Mobile,7533,13.0,178,2139,8.32,2026-03-31 01:20:00
KP003468,KW11889,2026-04-01,US,Mobile,8505,23.0,214,4264,5.02,2026-04-01 18:24:00
KP003469,KW11865,2026-04-02,BR,Mobile,12923,10.0,634,6704,9.46,2026-04-02 02:46:00
KP003470,KW10902,2026-04-03,AU,Mobile,1503,1.0,33,109,30.28,2026-04-03 01:28:00
KP003471,KW10900,2026-04-04,FR,Tablet,1922,44.0,9,225,4.0,2026-04-04 05:29:00
KP003472,KW11087,2026-04-05,AU,Mobile,15487,50.0,92,1911,4.81,2026-04-05 17:52:00
KP003473,KW11372,2026-04-06,JP,Mobile,1033,3.0,101,524,19.27,2026-04-06 20:42:00
KP003474,KW10173,2026-04-07,MX,Desktop,5294,41.0,86,1966,4.37,2026-04-07 11:22:00
KP003475,KW10186,2026-04-08,MX,Desktop,3152,33.0,38,914,4.16,2026-04-08 22:39:00
KP003476,KW10892,2026-04-09,FR,Mobile,6251,41.0,67,1239,5.41,2026-04-09 12:40:00
KP003477,KW11104,2026-04-10,UK,Mobile,3669,31.0,72,1323,5.44,2026-04-10 21:45:00
KP003478,KW10761,2026-04-11,FR,Desktop,2020,43.0,50,1087,4.6,2026-04-11 15:02:00
KP003479,KW10229,2026-04-12,IN,Desktop,825,35.0,18,371,4.85,2026-04-12 11:07:00
KP003480,KW10816,2026-04-13,IN,Desktop,2372,26.0,62,1161,5.34,2026-04-13 10:37:00
KP003481,KW11202,2026-04-14,BR,Desktop,2706,22.0,71,1283,5.53,2026-04-14 23:36:00
KP003482,KW11602,2026-04-15,IN,Mobile,7672,29.0,82,1404,5.84,2026-04-15 05:49:00
KP003483,KW11161,2026-04-16,JP,Desktop,2471,22.0,76,976,7.79,2026-04-16 09:46:00
KP003484,KW10635,2026-04-17,IN,Desktop,1023,14.0,37,504,7.34,2026-04-17 20:38:00
KP003485,KW10126,2026-04-18,IN,Mobile,2043,47.0,14,451,3.1,2026-04-18 16:20:00
KP003486,KW10327,2026-04-19,FR,Mobile,11523,13.0,376,3995,9.41,2026-04-19 09:10:00
KP003487,KW11219,2026-04-20,MX,Mobile,3345,27.0,22,330,6.67,2026-04-20 12:07:00
KP003488,KW11435,2026-04-21,MX,Desktop,2419,14.0,26,263,9.89,2026-04-21 19:18:00
KP003489,KW11967,2026-04-22,MX,Desktop,5410,3.0,414,2243,18.46,2026-04-22 08:25:00
KP003490,KW10144,2026-04-23,AU,Desktop,12180,47.0,253,6345,3.99,2026-04-23 01:38:00
KP003491,KW10507,2026-04-24,BR,Mobile,5091,17.0,175,2709,6.46,2026-04-24 17:10:00
KP003492,KW11786,2026-04-25,UK,Mobile,6586,26.0,32,672,4.76,2026-04-25 22:03:00
KP003493,KW11270,2026-04-26,BR,Mobile,10448,21.0,54,1030,5.24,2026-04-26 10:36:00
KP003494,KW11423,2026-04-27,JP,Mobile,919,40.0,18,499,3.61,2026-04-27 01:17:00
KP003495,KW11349,2026-04-28,MX,Desktop,2959,38.0,59,1241,4.75,2026-04-28 20:56:00
KP003496,KW10029,2026-04-29,IN,Desktop,8439,42.0,141,4209,3.35,2026-04-29 05:29:00
KP003497,KW10115,2026-04-30,AU,Mobile,9293,11.0,169,1733,9.75,2026-04-30 14:29:00
KP003498,KW10722,2026-05-01,UK,Mobile,19909,4.0,580,4022,14.42,2026-05-01 05:10:00
KP003499,KW10949,2026-05-02,BR,Desktop,11086,20.0,99,1262,7.84,2026-05-02 23:58:00
KP003500,KW10858,2026-05-03,IN,Desktop,4708,32.0,73,1750,4.17,2026-05-03 01:51:00
KP003501,KW10974,2026-05-04,US,Desktop,4289,37.0,57,1480,3.85,2026-05-04 13:36:00
KP003502,KW11266,2026-05-05,IN,Mobile,567,1.0,11,37,29.73,2026-05-05 04:29:00
KP003503,KW11743,2026-05-06,FR,Mobile,1424,49.0,17,439,3.87,2026-05-06 02:41:00
KP003504,KW10466,2026-05-07,JP,Mobile,4576,34.0,36,630,5.71,2026-05-07 17:19:00
KP003505,KW11867,2026-05-08,CA,Desktop,1275,37.0,4,97,4.12,2026-05-08 04:01:00
KP003506,KW10575,2026-05-09,CA,Desktop,4215,16.0,116,1412,8.22,2026-05-09 01:45:00
KP003507,KW10567,2026-05-10,CA,Mobile,1375,37.0,21,384,5.47,2026-05-10 13:46:00
KP003508,KW10446,2026-05-11,DE,Desktop,7817,17.0,164,2604,6.3,2026-05-11 00:22:00
KP003509,KW11346,2026-05-12,AU,Mobile,2890,35.0,8,162,4.94,2026-05-12 23:16:00
KP003510,KW10397,2026-05-13,US,Desktop,16707,31.0,394,7664,5.14,2026-05-13 23:15:00
KP003511,KW10400,2026-05-14,US,Mobile,1969,13.0,46,461,9.98,2026-05-14 22:31:00
KP003512,KW10036,2026-05-15,DE,Desktop,514,20.0,16,211,7.58,2026-05-15 01:13:00
KP003513,KW11328,2026-05-16,IN,Mobile,5810,24.0,138,2740,5.04,2026-05-16 14:23:00
KP003514,KW11776,2026-05-17,US,Desktop,2436,32.0,52,837,6.21,2026-05-17 13:01:00
KP003515,KW10609,2026-05-18,MX,Mobile,806,5.0,11,89,12.36,2026-05-18 13:25:00
KP003516,KW11687,2026-05-19,MX,Desktop,1050,18.0,21,303,6.93,2026-05-19 23:02:00
KP003517,KW11343,2026-05-20,MX,Desktop,1211,1.0,62,178,34.83,2026-05-20 06:15:00
KP003518,KW11253,2026-05-21,CA,Desktop,1355,35.0,29,712,4.07,2026-05-21 08:24:00
KP003519,KW10807,2026-05-22,MX,Desktop,1819,4.0,78,576,13.54,2026-05-22 13:08:00
KP003520,KW11013,2026-05-23,AU,Mobile,1326,28.0,16,323,4.95,2026-05-23 06:57:00
KP003521,KW11230,2026-05-24,AU,Desktop,2653,47.0,41,938,4.37,2026-05-24 23:37:00
KP003522,KW10759,2026-05-25,DE,Mobile,5845,35.0,86,1467,5.86,2026-05-25 12:35:00
KP003523,KW10610,2026-05-26,JP,Mobile,756,22.0,20,282,7.09,2026-05-26 22:04:00
KP003524,KW11845,2026-05-27,BR,Mobile,4320,33.0,11,222,4.95,2026-05-27 08:57:00
KP003525,KW10924,2026-05-28,FR,Desktop,1120,5.0,80,516,15.5,2026-05-28 01:59:00
KP003526,KW11856,2026-05-29,DE,Desktop,1423,31.0,14,226,6.19,2026-05-29 19:00:00
KP003527,KW10301,2026-05-30,CA,Desktop,3290,14.0,67,1024,6.54,2026-05-30 00:23:00
KP003528,KW11453,2026-05-31,IN,Desktop,6728,17.0,30,471,6.37,2026-05-31 16:07:00
KP003774,KW10666,2026-02-01,UK,Mobile,1127,21.0,10,200,5.0,2026-02-01 16:40:00
KP003775,KW10109,2026-02-02,UK,Desktop,358,13.0,4,60,6.67,2026-02-02 11:44:00
KP003776,KW11645,2026-02-03,BR,Mobile,3055,41.0,69,1627,4.24,2026-02-03 08:18:00
KP003777,KW10861,2026-02-04,BR,Mobile,6029,35.0,17,308,5.52,2026-02-04 08:13:00
KP003778,KW10663,2026-02-05,BR,Desktop,697,43.0,18,376,4.79,2026-02-05 01:12:00
KP003779,KW11391,2026-02-06,UK,Mobile,3611,44.0,68,1292,5.26,2026-02-06 00:33:00
KP003780,KW10542,2026-02-07,AU,Mobile,1153,4.0,47,255,18.43,2026-02-07 11:49:00
KP003781,KW10673,2026-02-08,BR,Desktop,1620,50.0,11,269,4.09,2026-02-08 09:03:00
KP003782,KW10346,2026-02-09,AU,Desktop,617,37.0,18,324,5.56,2026-02-09 13:31:00
KP003783,KW10943,2026-02-10,UK,Mobile,1165,38.0,14,358,3.91,2026-02-10 22:15:00
KP003784,KW10374,2026-02-11,JP,Desktop,2665,7.0,29,260,11.15,2026-02-11 12:52:00
KP003785,KW10353,2026-02-12,MX,Mobile,2211,12.0,88,1147,7.67,2026-02-12 03:57:00
KP003786,KW10530,2026-02-13,US,Desktop,2111,10.0,105,1100,9.55,2026-02-13 17:44:00
KP003787,KW10862,2026-02-14,US,Desktop,2046,47.0,5,160,3.12,2026-02-14 19:17:00
KP003788,KW10154,2026-02-15,MX,Desktop,1113,7.0,9,97,9.28,2026-02-15 04:18:00
KP003789,KW10776,2026-02-16,US,Desktop,13652,12.0,364,4370,8.33,2026-02-16 13:58:00
KP003790,KW10945,2026-02-17,CA,Mobile,3541,40.0,56,1291,4.34,2026-02-17 18:00:00
KP003791,KW10129,2026-02-18,JP,Mobile,2113,48.0,40,793,5.04,2026-02-18 12:05:00
KP003792,KW11545,2026-02-19,US,Desktop,14499,1.0,839,2816,29.79,2026-02-19 20:34:00
KP003793,KW10419,2026-02-20,BR,Mobile,2973,34.0,59,1190,4.96,2026-02-20 20:16:00
KP003794,KW10124,2026-02-21,BR,Desktop,3713,39.0,16,418,3.83,2026-02-21 18:24:00
KP003795,KW10124,2026-02-22,AU,Desktop,13234,7.0,613,6262,9.79,2026-02-22 11:31:00
KP003796,KW11440,2026-02-23,CA,Desktop,660,38.0,2,49,4.08,2026-02-23 08:09:00
KP003797,KW11021,2026-02-24,JP,Desktop,7466,31.0,139,2530,5.49,2026-02-24 10:07:00
KP003798,KW10225,2026-02-25,IN,Desktop,5941,27.0,188,2721,6.91,2026-02-25 18:16:00
KP003799,KW11184,2026-02-26,UK,Desktop,2460,3.0,91,469,19.4,2026-02-26 01:42:00
KP003800,KW11326,2026-02-27,AU,Desktop,5606,29.0,53,933,5.68,2026-02-27 15:10:00
KP003801,KW11341,2026-02-28,DE,Mobile,10822,40.0,44,948,4.64,2026-02-28 12:21:00
KP003802,KW11479,2026-03-01,DE,Mobile,2213,37.0,67,1121,5.98,2026-03-01 16:05:00
KP003803,KW11971,2026-03-02,MX,Mobile,793,26.0,17,272,6.25,2026-03-02 01:25:00
KP003804,KW11281,2026-03-03,DE,Desktop,13055,17.0,242,3753,6.45,2026-03-03 20:40:00
KP003805,KW11669,2026-03-04,IN,Mobile,2165,27.0,11,187,5.88,2026-03-04 01:16:00
KP003806,KW10569,2026-03-05,MX,Desktop,3559,7.0,111,1051,10.56,2026-03-05 04:42:00
KP003807,KW11047,2026-03-06,BR,Desktop,2960,29.0,31,570,5.44,2026-03-06 17:48:00
KP003808,KW11667,2026-03-07,UK,Mobile,1264,43.0,10,255,3.92,2026-03-07 10:38:00
KP003809,KW10016,2026-03-08,AU,Desktop,2735,26.0,28,492,5.69,2026-03-08 09:56:00
KP003810,KW11496,2026-03-09,FR,Mobile,2815,39.0,63,1535,4.1,2026-03-09 00:58:00
KP003811,KW10863,2026-03-10,UK,Mobile,2244,26.0,33,486,6.79,2026-03-10 10:00:00
KP003812,KW11940,2026-03-11,UK,Mobile,7269,42.0,111,2931,3.79,2026-03-11 00:47:00
KP003813,KW11278,2026-03-12,UK,Desktop,10116,25.0,380,5200,7.31,2026-03-12 12:25:00
KP003814,KW10764,2026-03-13,DE,Mobile,9507,47.0,66,1384,4.77,2026-03-13 02:16:00
KP003815,KW10039,2026-03-14,UK,Mobile,5784,46.0,139,2659,5.23,2026-03-14 22:19:00
KP003816,KW10770,2026-03-15,US,Desktop,6323,22.0,80,1009,7.93,2026-03-15 06:08:00
KP003817,KW11299,2026-03-16,IN,Mobile,4270,15.0,40,533,7.5,2026-03-16 13:45:00
KP003818,KW11230,2026-03-17,DE,Mobile,8599,43.0,37,1000,3.7,2026-03-17 14:39:00
KP003819,KW10719,2026-03-18,FR,Mobile,2696,10.0,72,774,9.3,2026-03-18 18:46:00
KP003820,KW10547,2026-03-19,FR,Desktop,3006,12.0,48,513,9.36,2026-03-19 09:49:00
KP003821,KW10268,2026-03-20,UK,Desktop,2713,16.0,53,650,8.15,2026-03-20 03:24:00
KP003822,KW10082,2026-03-21,CA,Desktop,1705,33.0,7,139,5.04,2026-03-21 15:50:00
KP003823,KW10152,2026-03-22,FR,Mobile,3244,35.0,9,216,4.17,2026-03-22 18:49:00
KP003824,KW10655,2026-03-23,IN,Tablet,3760,7.0,129,876,14.73,2026-03-23 23:34:00
KP003825,KW10800,2026-03-24,IN,Mobile,3292,16.0,67,966,6.94,2026-03-24 06:12:00
KP003826,KW10181,2026-03-25,IN,Desktop,2031,12.0,19,206,9.22,2026-03-25 10:30:00
KP003827,KW11575,2026-03-26,JP,Mobile,5587,32.0,40,757,5.28,2026-03-26 10:20:00
KP003828,KW10823,2026-03-27,IN,Desktop,8444,34.0,25,531,4.71,2026-03-27 08:53:00
KP003829,KW11446,2026-03-28,AU,Desktop,17275,12.0,454,5930,7.66,2026-03-28 14:54:00
KP003830,KW10962,2026-03-29,US,Desktop,1623,24.0,16,305,5.25,2026-03-29 11:27:00
KP003831,KW11482,2026-03-30,UK,Desktop,5422,13.0,41,644,6.37,2026-03-30 10:05:00
KP003832,KW11650,2026-03-31,JP,Desktop,12443,21.0,165,2090,7.89,2026-03-31 12:35:00
KP003833,KW11263,2026-04-01,BR,Desktop,632,18.0,8,124,6.45,2026-04-01 05:46:00
KP003834,KW10155,2026-04-02,FR,Mobile,6340,11.0,80,846,9.46,2026-04-02 12:02:00
KP003835,KW10658,2026-04-03,DE,Mobile,5031,28.0,100,2318,4.31,2026-04-03 11:07:00
KP003836,KW11938,2026-04-04,AU,Mobile,7247,34.0,113,1827,6.19,2026-04-04 15:16:00
KP003837,KW10997,2026-04-05,UK,Desktop,3080,40.0,46,869,5.29,2026-04-05 09:15:00
KP003838,KW10221,2026-04-06,UK,Tablet,2480,48.0,38,1037,3.66,2026-04-06 16:18:00
KP003839,KW10259,2026-04-07,JP,Mobile,7654,27.0,159,2413,6.59,2026-04-07 05:56:00
KP003840,KW10255,2026-04-08,BR,Tablet,1435,48.0,17,548,3.1,2026-04-08 11:06:00
KP003841,KW11074,2026-04-09,FR,Mobile,4925,26.0,29,593,4.89,2026-04-09 12:17:00
KP003842,KW11812,2026-04-10,FR,Mobile,12247,7.0,169,1435,11.78,2026-04-10 04:25:00
KP003843,KW10884,2026-04-11,MX,Desktop,2665,24.0,9,174,5.17,2026-04-11 10:21:00
KP003844,KW10150,2026-04-12,CA,Mobile,9932,44.0,63,1747,3.61,2026-04-12 16:29:00
KP003845,KW11166,2026-04-13,UK,Mobile,777,39.0,5,131,3.82,2026-04-13 23:26:00
KP003846,KW11833,2026-04-14,CA,Mobile,9452,13.0,105,1345,7.81,2026-04-14 02:10:00
KP003847,KW11136,2026-04-15,CA,Mobile,1363,24.0,19,382,4.97,2026-04-15 09:14:00
KP003848,KW10529,2026-04-16,US,Desktop,462,23.0,2,31,6.45,2026-04-16 14:16:00
KP003849,KW10003,2026-04-17,AU,Mobile,532,27.0,6,145,4.14,2026-04-17 06:33:00
KP003850,KW10564,2026-04-18,FR,Desktop,19060,24.0,434,9477,4.58,2026-04-18 16:25:00
KP003851,KW11436,2026-04-19,MX,Mobile,2482,35.0,28,520,5.38,2026-04-19 02:55:00
KP003852,KW11881,2026-04-20,CA,Mobile,973,35.0,13,328,3.96,2026-04-20 07:15:00
KP003853,KW11413,2026-04-21,US,Desktop,2570,22.0,92,1263,7.28,2026-04-21 16:01:00
KP003854,KW11502,2026-04-22,CA,Mobile,2650,9.0,19,229,8.3,2026-04-22 07:02:00
KP003855,KW11853,2026-04-23,DE,Desktop,800,16.0,23,385,5.97,2026-04-23 02:52:00
KP003856,KW10442,2026-04-24,MX,Desktop,4041,40.0,85,1567,5.42,2026-04-24 23:50:00
KP003857,KW10076,2026-04-25,FR,Desktop,13005,49.0,126,3702,3.4,2026-04-25 07:40:00
KP003858,KW11235,2026-04-26,CA,Mobile,635,1.0,29,83,34.94,2026-04-26 11:23:00
KP003859,KW10047,2026-04-27,CA,Mobile,3504,7.0,172,1290,13.33,2026-04-27 20:06:00
KP003860,KW10359,2026-04-28,AU,Desktop,1164,34.0,9,156,5.77,2026-04-28 21:11:00
KP003861,KW11780,2026-04-29,AU,Mobile,3283,31.0,99,1579,6.27,2026-04-29 15:55:00
KP003862,KW11179,2026-04-30,UK,Desktop,7767,5.0,85,546,15.57,2026-04-30 17:45:00
KP003863,KW10681,2026-05-01,CA,Tablet,1770,3.0,102,460,22.17,2026-05-01 02:35:00
KP003864,KW11650,2026-05-02,IN,Tablet,6777,19.0,246,2984,8.24,2026-05-02 13:57:00
KP003865,KW11720,2026-05-03,IN,Mobile,1769,16.0,13,147,8.84,2026-05-03 00:15:00
KP003866,KW11976,2026-05-04,JP,Tablet,840,5.0,59,370,15.95,2026-05-04 03:11:00
KP003867,KW10356,2026-05-05,CA,Mobile,1122,23.0,8,151,5.3,2026-05-05 06:15:00
KP003868,KW10534,2026-05-06,US,Desktop,1772,44.0,27,793,3.4,2026-05-06 10:47:00
KP003869,KW11469,2026-05-07,IN,Mobile,834,36.0,16,307,5.21,2026-05-07 13:39:00
KP003870,KW10052,2026-05-08,BR,Desktop,24076,9.0,437,4695,9.31,2026-05-08 16:56:00
KP003871,KW10458,2026-05-09,DE,Mobile,406,40.0,9,215,4.19,2026-05-09 10:58:00
KP003872,KW11676,2026-05-10,CA,Desktop,7098,27.0,40,748,5.35,2026-05-10 18:38:00
KP003873,KW11761,2026-05-11,US,Mobile,5211,40.0,157,2740,5.73,2026-05-11 12:19:00
KP003874,KW10060,2026-05-12,BR,Desktop,4637,24.0,141,2481,5.68,2026-05-12 11:10:00
KP003875,KW11981,2026-05-13,DE,Mobile,2491,4.0,139,718,19.36,2026-05-13 12:50:00
KP003876,KW11382,2026-05-14,AU,Mobile,2563,34.0,13,275,4.73,2026-05-14 06:00:00
KP003877,KW10815,2026-05-15,DE,Desktop,5913,4.0,381,3110,12.25,2026-05-15 13:26:00
KP003878,KW11638,2026-05-16,IN,Mobile,774,6.0,21,162,12.96,2026-05-16 20:48:00
KP003879,KW11393,2026-05-17,IN,Desktop,2258,32.0,72,1217,5.92,2026-05-17 07:30:00
KP003880,KW10893,2026-05-18,US,Tablet,3174,30.0,16,333,4.8,2026-05-18 05:15:00
KP003881,KW11833,2026-05-19,US,Desktop,22383,4.0,526,4118,12.77,2026-05-19 04:31:00
KP003882,KW10838,2026-05-20,US,Desktop,1901,42.0,38,949,4.0,2026-05-20 06:09:00
KP003883,KW10559,2026-05-21,CA,Mobile,8410,48.0,142,4520,3.14,2026-05-21 07:16:00
KP003884,KW11396,2026-05-22,UK,Desktop,2669,5.0,247,1464,16.87,2026-05-22 17:15:00
KP003885,KW10531,2026-05-23,AU,Desktop,2529,19.0,69,1211,5.7,2026-05-23 02:52:00
KP003886,KW11654,2026-05-24,FR,Desktop,4206,23.0,95,1325,7.17,2026-05-24 20:33:00
KP003887,KW10363,2026-05-25,IN,Mobile,3821,49.0,15,360,4.17,2026-05-25 21:45:00
KP003888,KW10377,2026-05-26,DE,Mobile,5992,9.0,216,2581,8.37,2026-05-26 22:38:00
KP003889,KW10691,2026-05-27,UK,Mobile,8200,42.0,66,1507,4.38,2026-05-27 07:17:00
KP003890,KW11662,2026-05-28,FR,Desktop,1306,29.0,31,706,4.39,2026-05-28 12:09:00
KP003891,KW11253,2026-05-29,AU,Desktop,1678,9.0,51,521,9.79,2026-05-29 03:00:00
KP003892,KW10503,2026-05-30,FR,Desktop,2441,18.0,85,1250,6.8,2026-05-30 08:23:00
KP003893,KW10458,2026-05-31,BR,Desktop,2838,28.0,20,324,6.17,2026-05-31 16:58:00
KP004139,KW11854,2026-02-01,FR,Desktop,5255,31.0,47,789,5.96,2026-02-01 11:46:00
KP004140,KW10940,2026-02-02,MX,Desktop,1434,30.0,37,669,5.53,2026-02-02 15:55:00
KP004141,KW10640,2026-02-03,US,Mobile,11758,16.0,109,1342,8.12,2026-02-03 20:03:00
KP004142,KW10030,2026-02-04,US,Desktop,3393,10.0,120,1105,10.86,2026-02-04 15:14:00
KP004143,KW11622,2026-02-05,MX,Mobile,1511,41.0,6,151,3.97,2026-02-05 03:15:00
KP004144,KW11859,2026-02-06,BR,Desktop,2311,37.0,51,1223,4.17,2026-02-06 07:15:00
KP004145,KW11914,2026-02-07,AU,Mobile,11709,20.0,291,3578,8.13,2026-02-07 23:15:00
KP004146,KW10849,2026-02-08,MX,Mobile,1082,24.0,28,477,5.87,2026-02-08 07:50:00
KP004147,KW11420,2026-02-09,US,Desktop,2994,47.0,23,686,3.35,2026-02-09 17:04:00
KP004148,KW11042,2026-02-10,UK,Mobile,10858,5.0,254,1679,15.13,2026-02-10 01:06:00
KP004149,KW11628,2026-02-11,MX,Mobile,652,17.0,9,117,7.69,2026-02-11 05:02:00
KP004150,KW10187,2026-02-12,IN,Desktop,3443,2.0,384,1712,22.43,2026-02-12 17:05:00
KP004151,KW10822,2026-02-13,BR,Mobile,3006,46.0,63,1451,4.34,2026-02-13 14:41:00
KP004152,KW11694,2026-02-14,UK,Mobile,432,47.0,1,61,1.64,2026-02-14 04:26:00
KP004153,KW11988,2026-02-15,UK,Mobile,5394,39.0,95,2546,3.73,2026-02-15 18:19:00
KP004154,KW11323,2026-02-16,FR,Mobile,1330,42.0,32,691,4.63,2026-02-16 18:53:00
KP004155,KW11888,2026-02-17,JP,Desktop,3145,13.0,84,935,8.98,2026-02-17 04:05:00
KP004156,KW10136,2026-02-18,IN,Desktop,5704,39.0,62,1427,4.34,2026-02-18 01:06:00
KP004157,KW10787,2026-02-19,AU,Mobile,3189,5.0,46,384,11.98,2026-02-19 01:50:00
KP004158,KW10622,2026-02-20,AU,Mobile,928,32.0,17,266,6.39,2026-02-20 02:45:00
KP004159,KW10840,2026-02-21,MX,Desktop,3767,40.0,86,1858,4.63,2026-02-21 21:10:00
KP004160,KW11297,2026-02-22,AU,Desktop,3395,33.0,73,1534,4.76,2026-02-22 05:43:00
KP004161,KW10713,2026-02-23,JP,Mobile,3017,15.0,15,231,6.49,2026-02-23 16:52:00
KP004162,KW10985,2026-02-24,JP,Mobile,3739,38.0,31,720,4.31,2026-02-24 07:33:00
KP004163,KW11075,2026-02-25,UK,Mobile,3581,15.0,108,1147,9.42,2026-02-25 20:26:00
KP004164,KW10276,2026-02-26,JP,Desktop,10372,28.0,133,2231,5.96,2026-02-26 04:25:00
KP004165,KW10764,2026-02-27,MX,Desktop,5070,23.0,80,1367,5.85,2026-02-27 13:35:00
KP004166,KW10187,2026-02-28,CA,Desktop,2280,46.0,20,616,3.25,2026-02-28 04:06:00
KP004167,KW11546,2026-03-01,JP,Desktop,597,11.0,22,291,7.56,2026-03-01 20:03:00
KP004168,KW11036,2026-03-02,DE,Mobile,7908,49.0,98,2907,3.37,2026-03-02 04:08:00
KP004169,KW11132,2026-03-03,BR,Mobile,1294,47.0,10,257,3.89,2026-03-03 15:46:00
KP004170,KW11158,2026-03-04,US,Mobile,8390,39.0,103,2654,3.88,2026-03-04 21:00:00
KP004171,KW10796,2026-03-05,FR,Desktop,1595,39.0,31,553,5.61,2026-03-05 19:15:00
KP004172,KW11603,2026-03-06,BR,Desktop,1615,46.0,17,392,4.34,2026-03-06 11:25:00
KP004173,KW11455,2026-03-07,JP,Mobile,2226,34.0,39,960,4.06,2026-03-07 09:22:00
KP004174,KW11965,2026-03-08,IN,Desktop,8217,4.0,233,1330,17.52,2026-03-08 01:14:00
KP004175,KW11386,2026-03-09,US,Mobile,1003,11.0,26,247,10.53,2026-03-09 12:48:00
KP004176,KW11862,2026-03-10,FR,Mobile,656,31.0,17,348,4.89,2026-03-10 17:31:00
KP004177,KW11721,2026-03-11,BR,Mobile,15600,14.0,499,7932,6.29,2026-03-11 02:01:00
KP004178,KW10277,2026-03-12,US,Mobile,2876,1.0,273,780,35.0,2026-03-12 12:50:00
KP004179,KW11705,2026-03-13,FR,Tablet,1623,15.0,33,346,9.54,2026-03-13 16:37:00
KP004180,KW11834,2026-03-14,MX,Mobile,11506,28.0,287,4580,6.27,2026-03-14 14:04:00
KP004181,KW10014,2026-03-15,DE,Desktop,685,26.0,7,109,6.42,2026-03-15 07:18:00
KP004182,KW11998,2026-03-16,FR,Mobile,776,31.0,6,123,4.88,2026-03-16 08:46:00
KP004183,KW11133,2026-03-17,AU,Tablet,3784,39.0,104,1801,5.77,2026-03-17 16:07:00
KP004184,KW10852,2026-03-18,DE,Mobile,1458,12.0,66,667,9.9,2026-03-18 17:48:00
KP004185,KW11302,2026-03-19,UK,Desktop,980,19.0,13,192,6.77,2026-03-19 03:54:00
KP004186,KW10385,2026-03-20,AU,Desktop,1400,49.0,4,126,3.17,2026-03-20 22:47:00
KP004187,KW11322,2026-03-21,BR,Mobile,12201,8.0,175,1280,13.67,2026-03-21 16:57:00
KP004188,KW11947,2026-03-22,IN,Mobile,1914,37.0,20,377,5.31,2026-03-22 08:53:00
KP004189,KW11978,2026-03-23,AU,Mobile,15820,35.0,484,7991,6.06,2026-03-23 05:20:00
KP004190,KW11655,2026-03-24,BR,Mobile,1070,48.0,5,111,4.5,2026-03-24 18:12:00
KP004191,KW11598,2026-03-25,DE,Mobile,4930,27.0,121,2437,4.97,2026-03-25 03:31:00
KP004192,KW10053,2026-03-26,JP,Desktop,6277,15.0,255,3301,7.72,2026-03-26 18:17:00
KP004193,KW10808,2026-03-27,AU,Desktop,6486,49.0,109,3381,3.22,2026-03-27 02:16:00
KP004194,KW11606,2026-03-28,BR,Mobile,10060,40.0,289,5412,5.34,2026-03-28 14:11:00
KP004195,KW10730,2026-03-29,FR,Mobile,2929,18.0,36,532,6.77,2026-03-29 08:25:00
KP004196,KW10929,2026-03-30,FR,Mobile,5527,4.0,75,418,17.94,2026-03-30 19:01:00
KP004197,KW11082,2026-03-31,MX,Mobile,2040,16.0,41,518,7.92,2026-03-31 21:20:00
KP004198,KW11784,2026-04-01,IN,Mobile,11492,3.0,772,5296,14.58,2026-04-01 12:04:00
KP004199,KW10990,2026-04-02,FR,Mobile,7638,39.0,18,515,3.5,2026-04-02 15:15:00
KP004200,KW11210,2026-04-03,BR,Desktop,60786,21.0,1421,19718,7.21,2026-04-03 19:21:00
KP004201,KW10888,2026-04-04,AU,Desktop,612,39.0,10,180,5.56,2026-04-04 20:39:00
KP004202,KW10171,2026-04-05,CA,Tablet,1152,16.0,24,340,7.06,2026-04-05 06:30:00
KP004203,KW10606,2026-04-06,US,Desktop,402,7.0,15,161,9.32,2026-04-06 17:55:00
KP004204,KW11260,2026-04-07,CA,Mobile,497,40.0,5,130,3.85,2026-04-07 01:10:00
KP004205,KW11139,2026-04-08,DE,Mobile,3622,10.0,98,1101,8.9,2026-04-08 13:57:00
KP004206,KW11738,2026-04-09,CA,Desktop,962,11.0,43,397,10.83,2026-04-09 17:21:00
KP004207,KW11272,2026-04-10,IN,Desktop,1402,18.0,19,238,7.98,2026-04-10 20:46:00
KP004208,KW11342,2026-04-11,IN,Mobile,6443,49.0,52,1153,4.51,2026-04-11 13:44:00
KP004209,KW10636,2026-04-12,DE,Mobile,2112,26.0,58,1018,5.7,2026-04-12 04:54:00
KP004210,KW10439,2026-04-13,IN,Mobile,3055,29.0,19,397,4.79,2026-04-13 13:41:00
KP004211,KW11249,2026-04-14,CA,Mobile,897,9.0,17,222,7.66,2026-04-14 04:39:00
KP004212,KW11589,2026-04-15,DE,Mobile,1398,39.0,7,182,3.85,2026-04-15 16:09:00
KP004213,KW11401,2026-04-16,DE,Mobile,5476,13.0,121,1169,10.35,2026-04-16 03:15:00
KP004214,KW11744,2026-04-17,FR,Desktop,4703,10.0,130,1169,11.12,2026-04-17 22:55:00
KP004215,KW10343,2026-04-18,DE,Tablet,2016,16.0,75,813,9.23,2026-04-18 07:45:00
KP004216,KW10730,2026-04-19,JP,Mobile,1888,38.0,41,779,5.26,2026-04-19 19:41:00
KP004217,KW11850,2026-04-20,IN,Desktop,41858,10.0,671,6474,10.36,2026-04-20 19:42:00
KP004218,KW12000,2026-04-21,IN,Desktop,835,4.0,52,303,17.16,2026-04-21 13:20:00
KP004219,KW10661,2026-04-22,MX,Mobile,3441,42.0,73,1746,4.18,2026-04-22 14:34:00
KP004220,KW11069,2026-04-23,US,Mobile,1661,32.0,24,409,5.87,2026-04-23 22:00:00
KP004221,KW11280,2026-04-24,IN,Desktop,786,6.0,37,315,11.75,2026-04-24 17:25:00
KP004222,KW11827,2026-04-25,US,Desktop,2201,35.0,33,652,5.06,2026-04-25 19:19:00
KP004223,KW11887,2026-04-26,MX,Mobile,1868,24.0,61,926,6.59,2026-04-26 06:16:00
KP004224,KW11673,2026-04-27,CA,Mobile,2699,20.0,27,434,6.22,2026-04-27 22:16:00
KP004225,KW11857,2026-04-28,UK,Mobile,2394,3.0,49,285,17.19,2026-04-28 08:36:00
KP004226,KW10417,2026-04-29,US,Mobile,10201,37.0,57,1087,5.24,2026-04-29 03:37:00
KP004227,KW10953,2026-04-30,AU,Desktop,1766,29.0,6,132,4.55,2026-04-30 10:43:00
KP004228,KW10847,2026-05-01,UK,Desktop,4956,38.0,111,2172,5.11,2026-05-01 19:24:00
KP004229,KW10023,2026-05-02,AU,Mobile,13855,14.0,156,1834,8.51,2026-05-02 17:18:00
KP004230,KW11675,2026-05-03,UK,Desktop,3406,3.0,381,1839,20.72,2026-05-03 20:02:00
KP004231,KW11523,2026-05-04,AU,Desktop,1628,5.0,73,658,11.09,2026-05-04 17:28:00
KP004232,KW11007,2026-05-05,IN,Mobile,7097,24.0,220,3516,6.26,2026-05-05 09:09:00
KP004233,KW10705,2026-05-06,AU,Mobile,2034,29.0,11,213,5.16,2026-05-06 11:10:00
KP004234,KW10397,2026-05-07,BR,Desktop,10033,23.0,69,1401,4.93,2026-05-07 07:23:00
KP004235,KW10039,2026-05-08,FR,Tablet,4148,41.0,54,1457,3.71,2026-05-08 04:09:00
KP004236,KW10455,2026-05-09,US,Mobile,3206,1.0,120,428,28.04,2026-05-09 11:06:00
KP004237,KW10839,2026-05-10,UK,Mobile,3283,17.0,22,342,6.43,2026-05-10 17:52:00
KP004238,KW11249,2026-05-11,BR,Desktop,1000,11.0,33,372,8.87,2026-05-11 13:34:00
KP004239,KW10421,2026-05-12,JP,Desktop,6280,30.0,42,994,4.23,2026-05-12 14:25:00
KP004240,KW11662,2026-05-13,US,Desktop,9544,50.0,99,2264,4.37,2026-05-13 20:27:00
KP004241,KW11109,2026-05-14,DE,Mobile,3634,13.0,101,1046,9.66,2026-05-14 14:29:00
KP004242,KW11202,2026-05-15,JP,Desktop,1224,8.0,24,176,13.64,2026-05-15 03:08:00
KP004243,KW11725,2026-05-16,CA,Mobile,1829,18.0,26,307,8.47,2026-05-16 08:13:00
KP004244,KW11965,2026-05-17,CA,Desktop,7279,4.0,319,2582,12.35,2026-05-17 16:14:00
KP004245,KW10171,2026-05-18,IN,Mobile,2548,20.0,93,1313,7.08,2026-05-18 07:13:00
KP004246,KW10577,2026-05-19,US,Mobile,885,12.0,37,479,7.72,2026-05-19 19:46:00
KP004247,KW10692,2026-05-20,JP,Desktop,10554,7.0,260,1830,14.21,2026-05-20 04:16:00
KP004248,KW11360,2026-05-21,MX,Desktop,1228,25.0,8,119,6.72,2026-05-21 08:00:00
KP004249,KW11641,2026-05-22,US,Desktop,4366,5.0,313,1741,17.98,2026-05-22 15:38:00
KP004250,KW11038,2026-05-23,FR,Mobile,3925,26.0,127,2155,5.89,2026-05-23 02:24:00
KP004251,KW11227,2026-05-24,MX,Desktop,14787,1.0,653,1867,34.98,2026-05-24 04:32:00
KP004252,KW11941,2026-05-25,JP,Mobile,3181,40.0,10,191,5.24,2026-05-25 20:10:00
KP004253,KW11396,2026-05-26,AU,Desktop,3706,43.0,43,1135,3.79,2026-05-26 13:14:00
KP004254,KW11980,2026-05-27,FR,Mobile,2165,6.0,101,699,14.45,2026-05-27 21:01:00
KP004255,KW11211,2026-05-28,DE,Desktop,5875,38.0,89,2523,3.53,2026-05-28 13:15:00
KP004256,KW10725,2026-05-29,JP,Desktop,3419,35.0,13,312,4.17,2026-05-29 06:27:00
KP004257,KW10518,2026-05-30,BR,Desktop,2292,50.0,5,118,4.24,2026-05-30 02:32:00
KP004258,KW10803,2026-05-31,IN,Tablet,3339,33.0,69,1151,5.99,2026-05-31 00:46:00
KP004504,KW10466,2026-02-01,FR,Desktop,2802,17.0,56,922,6.07,2026-02-01 18:38:00
KP004505,KW11246,2026-02-02,IN,Desktop,4612,23.0,52,1048,4.96,2026-02-02 11:08:00
KP004506,KW11448,2026-02-03,DE,Desktop,6804,5.0,333,2608,12.77,2026-02-03 14:23:00
KP004507,KW10051,2026-02-04,UK,Mobile,2456,14.0,65,938,6.93,2026-02-04 22:50:00
KP004508,KW11750,2026-02-05,IN,Desktop,2333,2.0,106,389,27.25,2026-02-05 05:25:00
KP004509,KW10564,2026-02-06,DE,Mobile,3988,49.0,7,215,3.26,2026-02-06 10:11:00
KP004510,KW11303,2026-02-07,US,Mobile,6656,34.0,136,2692,5.05,2026-02-07 08:29:00
KP004511,KW10208,2026-02-08,FR,Desktop,698,49.0,4,89,4.49,2026-02-08 20:09:00
KP004512,KW11996,2026-02-09,AU,Mobile,2865,36.0,15,374,4.01,2026-02-09 22:20:00
KP004513,KW11752,2026-02-10,BR,Mobile,1281,1.0,133,381,34.91,2026-02-10 08:45:00
KP004514,KW11575,2026-02-11,MX,Mobile,6545,13.0,132,1326,9.95,2026-02-11 21:49:00
KP004515,KW10620,2026-02-12,DE,Desktop,6894,6.0,210,1697,12.37,2026-02-12 03:55:00
KP004516,KW10043,2026-02-13,MX,Desktop,1461,23.0,21,353,5.95,2026-02-13 23:15:00
KP004517,KW10711,2026-02-14,CA,Desktop,1181,5.0,54,474,11.39,2026-02-14 05:44:00
KP004518,KW11796,2026-02-15,MX,Mobile,2595,40.0,6,142,4.23,2026-02-15 09:04:00
KP004519,KW10235,2026-02-16,CA,Desktop,2688,28.0,28,481,5.82,2026-02-16 12:09:00
KP004520,KW11044,2026-02-17,US,Desktop,5352,5.0,428,2773,15.43,2026-02-17 15:47:00
KP004521,KW10023,2026-02-18,IN,Desktop,8320,26.0,149,2485,6.0,2026-02-18 23:17:00
KP004522,KW11137,2026-02-19,DE,Mobile,7745,37.0,92,1863,4.94,2026-02-19 17:55:00
KP004523,KW11692,2026-02-20,UK,Mobile,4127,6.0,263,1769,14.87,2026-02-20 05:53:00
KP004524,KW11774,2026-02-21,DE,Mobile,18339,33.0,188,4887,3.85,2026-02-21 04:54:00
KP004525,KW10037,2026-02-22,IN,Desktop,10385,44.0,81,2234,3.63,2026-02-22 10:31:00
KP004526,KW10503,2026-02-23,CA,Desktop,3323,23.0,128,1684,7.6,2026-02-23 12:59:00
KP004527,KW11467,2026-02-24,FR,Desktop,1141,1.0,144,413,34.87,2026-02-24 18:43:00
KP004528,KW10174,2026-02-25,BR,Mobile,953,13.0,19,255,7.45,2026-02-25 11:52:00
KP004529,KW11068,2026-02-26,US,Mobile,4096,13.0,107,1591,6.73,2026-02-26 19:15:00
KP004530,KW11610,2026-02-27,FR,Desktop,642,31.0,5,93,5.38,2026-02-27 16:48:00
KP004531,KW11651,2026-02-28,MX,Mobile,1366,42.0,7,212,3.3,2026-02-28 11:30:00
KP004532,KW10472,2026-03-01,UK,Mobile,1000,4.0,82,514,15.95,2026-03-01 20:57:00
KP004533,KW11040,2026-03-02,DE,Desktop,2671,46.0,61,1265,4.82,2026-03-02 22:37:00
KP004534,KW11747,2026-03-03,JP,Desktop,1832,15.0,11,131,8.4,2026-03-03 17:36:00
KP004535,KW11723,2026-03-04,MX,Desktop,2515,40.0,37,903,4.1,2026-03-04 08:02:00
KP004536,KW11235,2026-03-05,JP,Desktop,2415,33.0,39,856,4.56,2026-03-05 23:00:00
KP004537,KW11546,2026-03-06,CA,Desktop,1008,6.0,65,403,16.13,2026-03-06 05:34:00
KP004538,KW10573,2026-03-07,MX,Mobile,4509,49.0,10,269,3.72,2026-03-07 20:00:00
KP004539,KW10352,2026-03-08,MX,Desktop,5237,20.0,175,2835,6.17,2026-03-08 22:56:00
KP004540,KW10286,2026-03-09,DE,Mobile,7740,48.0,48,1202,3.99,2026-03-09 06:36:00
KP004541,KW11040,2026-03-10,BR,Mobile,3379,8.0,56,434,12.9,2026-03-10 08:52:00
KP004542,KW11266,2026-03-11,BR,Mobile,789,15.0,21,223,9.42,2026-03-11 02:58:00
KP004543,KW10644,2026-03-12,JP,Mobile,815,31.0,18,439,4.1,2026-03-12 17:34:00
KP004544,KW11619,2026-03-13,CA,Desktop,12555,41.0,326,5853,5.57,2026-03-13 09:22:00
KP004545,KW11202,2026-03-14,US,Desktop,2374,18.0,49,773,6.34,2026-03-14 11:27:00
KP004546,KW10079,2026-03-15,CA,Desktop,5175,31.0,19,483,3.93,2026-03-15 21:13:00
KP004547,KW11147,2026-03-16,CA,Mobile,2651,23.0,18,290,6.21,2026-03-16 08:13:00
KP004548,KW11501,2026-03-17,US,Mobile,8751,44.0,58,1754,3.31,2026-03-17 16:24:00
KP004549,KW10544,2026-03-18,CA,Mobile,2318,19.0,9,151,5.96,2026-03-18 06:44:00
KP004550,KW10669,2026-03-19,CA,Mobile,1286,14.0,58,668,8.68,2026-03-19 13:20:00
KP004551,KW10477,2026-03-20,CA,Mobile,1371,14.0,41,471,8.7,2026-03-20 06:49:00
KP004552,KW10558,2026-03-21,BR,Desktop,1932,40.0,27,761,3.55,2026-03-21 16:09:00
KP004553,KW10399,2026-03-22,DE,Desktop,1665,5.0,93,633,14.69,2026-03-22 02:44:00
KP004554,KW10300,2026-03-23,MX,Mobile,2105,2.0,162,667,24.29,2026-03-23 14:32:00
KP004555,KW10891,2026-03-24,UK,Mobile,5750,5.0,95,808,11.76,2026-03-24 19:02:00
KP004556,KW11982,2026-03-25,FR,Desktop,3064,3.0,159,1004,15.84,2026-03-25 20:05:00
KP004557,KW10077,2026-03-26,UK,Desktop,3596,11.0,55,573,9.6,2026-03-26 16:25:00
KP004558,KW10750,2026-03-27,DE,Desktop,1173,27.0,8,144,5.56,2026-03-27 06:08:00
KP004559,KW10745,2026-03-28,CA,Desktop,1468,22.0,26,501,5.19,2026-03-28 09:02:00
KP004560,KW10012,2026-03-29,UK,Mobile,1836,29.0,46,863,5.33,2026-03-29 23:49:00
KP004561,KW10298,2026-03-30,AU,Desktop,2646,9.0,14,183,7.65,2026-03-30 15:52:00
KP004562,KW10016,2026-03-31,AU,Desktop,9097,34.0,55,1028,5.35,2026-03-31 06:27:00
KP004563,KW11074,2026-04-01,CA,Mobile,3424,43.0,86,1687,5.1,2026-04-01 22:21:00
KP004564,KW10708,2026-04-02,JP,Desktop,1385,5.0,24,138,17.39,2026-04-02 06:42:00
KP004565,KW11644,2026-04-03,MX,Desktop,5705,28.0,96,1836,5.23,2026-04-03 23:33:00
KP004566,KW11843,2026-04-04,JP,Mobile,4736,39.0,10,258,3.88,2026-04-04 01:10:00
KP004567,KW11791,2026-04-05,JP,Mobile,1626,10.0,10,86,11.63,2026-04-05 13:07:00
KP004568,KW11690,2026-04-06,MX,Mobile,2382,34.0,48,1107,4.34,2026-04-06 23:48:00
KP004569,KW10787,2026-04-07,CA,Desktop,4276,11.0,254,2254,11.27,2026-04-07 10:59:00
KP004570,KW10203,2026-04-08,DE,Desktop,839,35.0,2,57,3.51,2026-04-08 23:31:00
KP004571,KW10791,2026-04-09,FR,Mobile,1238,40.0,19,543,3.5,2026-04-09 02:24:00
KP004572,KW11108,2026-04-10,CA,Mobile,1915,43.0,3,116,2.59,2026-04-10 10:12:00
KP004573,KW10831,2026-04-11,DE,Desktop,2818,18.0,52,915,5.68,2026-04-11 22:57:00
KP004574,KW10131,2026-04-12,AU,Desktop,733,43.0,5,133,3.76,2026-04-12 23:01:00
KP004575,KW10008,2026-04-13,MX,Desktop,7301,18.0,140,2279,6.14,2026-04-13 06:53:00
KP004576,KW11638,2026-04-14,DE,Mobile,1008,26.0,19,311,6.11,2026-04-14 08:20:00
KP004577,KW10994,2026-04-15,AU,Mobile,4501,10.0,217,2244,9.67,2026-04-15 15:32:00
KP004578,KW11666,2026-04-16,MX,Desktop,2544,19.0,87,1372,6.34,2026-04-16 06:31:00
KP004579,KW11726,2026-04-17,BR,Mobile,6690,2.0,985,3608,27.3,2026-04-17 02:15:00
KP004580,KW11363,2026-04-18,MX,Mobile,1668,44.0,26,565,4.6,2026-04-18 00:10:00
KP004581,KW11929,2026-04-19,BR,Mobile,1019,33.0,4,81,4.94,2026-04-19 12:20:00
KP004582,KW11641,2026-04-20,MX,Desktop,6080,39.0,131,2336,5.61,2026-04-20 20:59:00
KP004583,KW10328,2026-04-21,CA,Mobile,1071,45.0,21,527,3.98,2026-04-21 17:00:00
KP004584,KW11160,2026-04-22,DE,Desktop,1041,34.0,28,457,6.13,2026-04-22 00:40:00
KP004585,KW10581,2026-04-23,JP,Desktop,3739,17.0,95,1330,7.14,2026-04-23 21:22:00
KP004586,KW11030,2026-04-24,CA,Desktop,741,45.0,10,221,4.52,2026-04-24 22:47:00
KP004587,KW10199,2026-04-25,CA,Desktop,3118,45.0,11,346,3.18,2026-04-25 03:51:00
KP004588,KW11129,2026-04-26,IN,Desktop,1779,38.0,18,324,5.56,2026-04-26 00:30:00
KP004589,KW11803,2026-04-27,AU,Mobile,1665,26.0,36,683,5.27,2026-04-27 00:01:00
KP004590,KW11481,2026-04-28,JP,Mobile,1696,39.0,38,898,4.23,2026-04-28 18:26:00
KP004591,KW10798,2026-04-29,BR,Desktop,1203,28.0,23,351,6.55,2026-04-29 01:21:00
KP004592,KW10996,2026-04-30,AU,Mobile,7948,22.0,95,1841,5.16,2026-04-30 15:50:00
KP004593,KW10567,2026-05-01,BR,Desktop,568,28.0,15,278,5.4,2026-05-01 02:09:00
KP004594,KW11398,2026-05-02,IN,Mobile,6484,34.0,32,574,5.57,2026-05-02 02:12:00
KP004595,KW11181,2026-05-03,UK,Desktop,2340,36.0,22,482,4.56,2026-05-03 14:01:00
KP004596,KW11918,2026-05-04,FR,Desktop,1444,7.0,38,381,9.97,2026-05-04 06:47:00
KP004597,KW10934,2026-05-05,AU,Mobile,4860,15.0,45,747,6.02,2026-05-05 09:53:00
KP004598,KW10878,2026-05-06,CA,Mobile,1222,28.0,16,290,5.52,2026-05-06 07:27:00
KP004599,KW11729,2026-05-07,DE,Mobile,5244,28.0,42,996,4.22,2026-05-07 13:10:00
KP004600,KW11189,2026-05-08,FR,Desktop,2383,8.0,113,1287,8.78,2026-05-08 05:22:00
KP004601,KW10655,2026-05-09,BR,Desktop,3699,3.0,177,824,21.48,2026-05-09 14:15:00
KP004602,KW10779,2026-05-10,CA,Mobile,14484,6.0,210,1312,16.01,2026-05-10 16:14:00
KP004603,KW11118,2026-05-11,MX,Mobile,6491,13.0,256,2680,9.55,2026-05-11 10:27:00
KP004604,KW11105,2026-05-12,CA,Mobile,2593,44.0,47,1131,4.16,2026-05-12 22:37:00
KP004605,KW11894,2026-05-13,UK,Mobile,1588,15.0,22,375,5.87,2026-05-13 03:27:00
KP004606,KW11689,2026-05-14,FR,Desktop,1269,1.0,46,134,34.33,2026-05-14 04:49:00
KP004607,KW10373,2026-05-15,JP,Mobile,610,29.0,18,272,6.62,2026-05-15 16:34:00
KP004608,KW10084,2026-05-16,IN,Desktop,622,46.0,6,190,3.16,2026-05-16 17:03:00
KP004609,KW10776,2026-05-17,BR,Tablet,9725,45.0,256,4895,5.23,2026-05-17 03:56:00
KP004610,KW10329,2026-05-18,IN,Desktop,1894,10.0,69,744,9.27,2026-05-18 16:19:00
KP004611,KW11779,2026-05-19,DE,Mobile,6255,24.0,198,2654,7.46,2026-05-19 04:07:00
KP004612,KW11159,2026-05-20,UK,Desktop,12327,50.0,67,1818,3.69,2026-05-20 00:02:00
KP004613,KW10127,2026-05-21,UK,Mobile,10419,4.0,634,3547,17.87,2026-05-21 08:40:00
KP004614,KW11113,2026-05-22,CA,Desktop,596,1.0,42,152,27.63,2026-05-22 05:43:00
KP004615,KW10960,2026-05-23,BR,Mobile,2037,22.0,11,161,6.83,2026-05-23 14:18:00
KP004616,KW11498,2026-05-24,JP,Desktop,3391,14.0,34,495,6.87,2026-05-24 13:52:00
KP004617,KW11197,2026-05-25,US,Mobile,933,37.0,17,335,5.07,2026-05-25 00:25:00
KP004618,KW11032,2026-05-26,US,Desktop,12113,17.0,238,3348,7.11,2026-05-26 11:43:00
KP004619,KW10111,2026-05-27,DE,Tablet,951,50.0,11,252,4.37,2026-05-27 11:13:00
KP004620,KW11224,2026-05-28,US,Tablet,7520,21.0,92,1328,6.93,2026-05-28 14:16:00
KP004621,KW10119,2026-05-29,MX,Mobile,8267,43.0,121,2632,4.6,2026-05-29 22:13:00
KP004622,KW10962,2026-05-30,IN,Desktop,2779,33.0,75,1375,5.45,2026-05-30 02:16:00
KP004623,KW11030,2026-05-31,MX,Desktop,5143,19.0,48,633,7.58,2026-05-31 07:32:00
KP004869,KW10525,2026-02-01,US,Mobile,1713,32.0,16,270,5.93,2026-02-01 04:23:00
KP004870,KW11690,2026-02-02,IN,Desktop,9457,48.0,71,2047,3.47,2026-02-02 18:31:00
KP004871,KW11436,2026-02-03,UK,Mobile,3543,28.0,110,1588,6.93,2026-02-03 18:46:00
KP004872,KW10686,2026-02-04,CA,Desktop,3038,45.0,28,601,4.66,2026-02-04 12:53:00
KP004873,KW10972,2026-02-05,FR,Mobile,1073,34.0,21,510,4.12,2026-02-05 05:21:00
KP004874,KW10741,2026-02-06,MX,Desktop,4185,28.0,94,2016,4.66,2026-02-06 15:48:00
KP004875,KW10477,2026-02-07,MX,Mobile,6148,49.0,118,2741,4.3,2026-02-07 03:01:00
KP004876,KW10269,2026-02-08,FR,Desktop,6491,27.0,43,922,4.66,2026-02-08 01:57:00
KP004877,KW11996,2026-02-09,US,Desktop,2869,19.0,61,1078,5.66,2026-02-09 20:07:00
KP004878,KW10984,2026-02-10,IN,Desktop,6250,5.0,74,563,13.14,2026-02-10 04:27:00
KP004879,KW11394,2026-02-11,DE,Desktop,1699,17.0,31,530,5.85,2026-02-11 13:42:00
KP004880,KW10335,2026-02-12,MX,Tablet,4810,49.0,69,1402,4.92,2026-02-12 16:09:00
KP004881,KW11404,2026-02-13,FR,Mobile,546,23.0,8,123,6.5,2026-02-13 12:39:00
KP004882,KW11427,2026-02-14,US,Desktop,4843,47.0,90,2345,3.84,2026-02-14 04:39:00
KP004883,KW11943,2026-02-15,MX,Desktop,4335,9.0,55,458,12.01,2026-02-15 04:55:00
KP004884,KW10612,2026-02-16,AU,Mobile,2540,27.0,75,1102,6.81,2026-02-16 13:10:00
KP004885,KW10152,2026-02-17,DE,Desktop,11253,13.0,73,961,7.6,2026-02-17 19:27:00
KP004886,KW10491,2026-02-18,AU,Desktop,9954,36.0,124,3333,3.72,2026-02-18 19:05:00
KP004887,KW10333,2026-02-19,MX,Tablet,852,40.0,13,277,4.69,2026-02-19 06:49:00
KP004888,KW11602,2026-02-20,BR,Desktop,1889,36.0,13,334,3.89,2026-02-20 13:42:00
KP004889,KW11515,2026-02-21,AU,Mobile,12683,49.0,176,5331,3.3,2026-02-21 11:28:00
KP004890,KW10806,2026-02-22,DE,Mobile,2263,31.0,54,1078,5.01,2026-02-22 04:29:00
KP004891,KW10538,2026-02-23,FR,Mobile,1218,39.0,12,273,4.4,2026-02-23 02:10:00
KP004892,KW11677,2026-02-24,UK,Tablet,3542,5.0,248,1803,13.75,2026-02-24 23:03:00
KP004893,KW10991,2026-02-25,US,Desktop,13502,29.0,304,5415,5.61,2026-02-25 00:30:00
KP004894,KW11161,2026-02-26,AU,Mobile,3460,34.0,90,1783,5.05,2026-02-26 03:46:00
KP004895,KW10492,2026-02-27,AU,Mobile,1311,22.0,10,161,6.21,2026-02-27 10:32:00
KP004896,KW11093,2026-02-28,BR,Desktop,3563,33.0,71,1330,5.34,2026-02-28 17:47:00
KP004897,KW11925,2026-03-01,DE,Desktop,1216,22.0,15,230,6.52,2026-03-01 17:25:00
KP004898,KW11195,2026-03-02,BR,Mobile,3934,6.0,235,2018,11.65,2026-03-02 17:06:00
KP004899,KW11539,2026-03-03,MX,Desktop,7161,5.0,441,3183,13.85,2026-03-03 07:03:00
KP004900,KW10644,2026-03-04,US,Tablet,4798,26.0,79,1703,4.64,2026-03-04 08:25:00
KP004901,KW11086,2026-03-05,IN,Desktop,3653,44.0,89,1692,5.26,2026-03-05 20:08:00
KP004902,KW11288,2026-03-06,MX,Desktop,3148,49.0,56,1180,4.75,2026-03-06 07:05:00
KP004903,KW11680,2026-03-07,DE,Desktop,6536,13.0,44,550,8.0,2026-03-07 22:44:00
KP004904,KW10953,2026-03-08,JP,Desktop,11499,16.0,171,2322,7.36,2026-03-08 05:50:00
KP004905,KW11185,2026-03-09,UK,Desktop,3576,29.0,41,737,5.56,2026-03-09 01:25:00
KP004906,KW10370,2026-03-10,UK,Desktop,833,24.0,3,48,6.25,2026-03-10 08:22:00
KP004907,KW10554,2026-03-11,JP,Mobile,3334,35.0,86,1628,5.28,2026-03-11 02:16:00
KP004908,KW10647,2026-03-12,MX,Desktop,2301,50.0,35,865,4.05,2026-03-12 07:46:00
KP004909,KW11936,2026-03-13,JP,Desktop,659,26.0,6,105,5.71,2026-03-13 18:31:00
KP004910,KW10800,2026-03-14,UK,Desktop,4262,49.0,56,1496,3.74,2026-03-14 19:35:00
KP004911,KW10481,2026-03-15,UK,Desktop,7430,16.0,57,762,7.48,2026-03-15 06:37:00
KP004912,KW10522,2026-03-16,JP,Mobile,870,6.0,6,46,13.04,2026-03-16 23:04:00
KP004913,KW10678,2026-03-17,DE,Desktop,2785,15.0,47,502,9.36,2026-03-17 00:38:00
KP004914,KW10283,2026-03-18,UK,Mobile,4908,7.0,160,1561,10.25,2026-03-18 04:03:00
KP004915,KW10434,2026-03-19,US,Desktop,5807,34.0,120,2717,4.42,2026-03-19 05:40:00
KP004916,KW11374,2026-03-20,AU,Mobile,2854,4.0,200,1205,16.6,2026-03-20 02:12:00
KP004917,KW10878,2026-03-21,JP,Mobile,15772,48.0,308,6669,4.62,2026-03-21 13:21:00
KP004918,KW10434,2026-03-22,US,Mobile,4990,4.0,39,317,12.3,2026-03-22 20:05:00
KP004919,KW11547,2026-03-23,DE,Desktop,4702,4.0,337,1792,18.81,2026-03-23 04:33:00
KP004920,KW10341,2026-03-24,IN,Mobile,14026,8.0,175,1897,9.23,2026-03-24 22:34:00
KP004921,KW10932,2026-03-25,DE,Mobile,3688,18.0,96,1588,6.05,2026-03-25 03:59:00
KP004922,KW11446,2026-03-26,IN,Mobile,3262,7.0,29,231,12.55,2026-03-26 18:01:00
KP004923,KW11774,2026-03-27,FR,Mobile,4138,24.0,71,946,7.51,2026-03-27 13:39:00
KP004924,KW11750,2026-03-28,US,Mobile,4889,22.0,150,1944,7.72,2026-03-28 15:34:00
KP004925,KW11630,2026-03-29,DE,Desktop,1884,21.0,19,241,7.88,2026-03-29 14:40:00
KP004926,KW10015,2026-03-30,UK,Mobile,2775,31.0,28,502,5.58,2026-03-30 20:51:00
KP004927,KW11652,2026-03-31,MX,Mobile,1339,34.0,9,206,4.37,2026-03-31 02:58:00
KP004928,KW10699,2026-04-01,DE,Mobile,942,12.0,9,125,7.2,2026-04-01 08:22:00
KP004929,KW11750,2026-04-02,CA,Mobile,4853,20.0,117,1419,8.25,2026-04-02 01:49:00
KP004930,KW10264,2026-04-03,FR,Mobile,17652,41.0,346,6619,5.23,2026-04-03 16:16:00
KP004931,KW11478,2026-04-04,FR,Mobile,4891,42.0,135,2435,5.54,2026-04-04 09:47:00
KP004932,KW10165,2026-04-05,US,Desktop,1253,9.0,35,410,8.54,2026-04-05 01:09:00
KP004933,KW10807,2026-04-06,JP,Desktop,12490,39.0,176,4442,3.96,2026-04-06 12:34:00
KP004934,KW10687,2026-04-07,US,Mobile,2429,23.0,21,385,5.45,2026-04-07 06:04:00
KP004935,KW11598,2026-04-08,US,Desktop,14339,21.0,261,4143,6.3,2026-04-08 18:29:00
KP004936,KW10476,2026-04-09,US,Desktop,1553,44.0,25,746,3.35,2026-04-09 22:33:00
KP004937,KW10832,2026-04-10,BR,Desktop,1482,39.0,38,667,5.7,2026-04-10 04:09:00
KP004938,KW11949,2026-04-11,UK,Mobile,6071,33.0,63,1257,5.01,2026-04-11 22:38:00
KP004939,KW11070,2026-04-12,BR,Mobile,5800,43.0,27,784,3.44,2026-04-12 20:20:00
KP004940,KW11065,2026-04-13,MX,Desktop,17894,28.0,154,2303,6.69,2026-04-13 02:00:00
KP004941,KW11256,2026-04-14,FR,Desktop,3126,47.0,15,448,3.35,2026-04-14 04:22:00
KP004942,KW11394,2026-04-15,BR,Mobile,4850,12.0,198,2078,9.53,2026-04-15 21:36:00
KP004943,KW10573,2026-04-16,FR,Tablet,1920,27.0,17,377,4.51,2026-04-16 15:26:00
KP004944,KW10360,2026-04-17,MX,Desktop,10372,27.0,69,1011,6.82,2026-04-17 20:07:00
KP004945,KW10578,2026-04-18,MX,Desktop,2070,26.0,66,1087,6.07,2026-04-18 11:22:00
KP004946,KW11618,2026-04-19,US,Desktop,10236,9.0,315,3772,8.35,2026-04-19 06:15:00
KP004947,KW10656,2026-04-20,FR,Mobile,10755,16.0,274,3606,7.6,2026-04-20 18:23:00
KP004948,KW11610,2026-04-21,CA,Desktop,2836,48.0,52,1557,3.34,2026-04-21 00:41:00
KP004949,KW10510,2026-04-22,FR,Mobile,1107,36.0,13,240,5.42,2026-04-22 04:35:00
KP004950,KW11755,2026-04-23,MX,Desktop,4122,47.0,58,1442,4.02,2026-04-23 19:19:00
KP004951,KW11359,2026-04-24,BR,Mobile,2911,17.0,51,733,6.96,2026-04-24 08:54:00
KP004952,KW11529,2026-04-25,US,Desktop,2161,40.0,15,361,4.16,2026-04-25 03:21:00
KP004953,KW10106,2026-04-26,FR,Desktop,6844,33.0,125,2084,6.0,2026-04-26 06:40:00
KP004954,KW10171,2026-04-27,US,Tablet,778,18.0,28,341,8.21,2026-04-27 23:23:00
KP004955,KW10478,2026-04-28,CA,Mobile,8060,3.0,791,3878,20.4,2026-04-28 10:56:00
KP004956,KW11266,2026-04-29,CA,Mobile,1302,8.0,49,363,13.5,2026-04-29 02:10:00
KP004957,KW11161,2026-04-30,US,Mobile,2784,7.0,100,1116,8.96,2026-04-30 15:50:00
KP004958,KW11799,2026-05-01,DE,Desktop,1051,44.0,4,126,3.17,2026-05-01 10:17:00
KP004959,KW11681,2026-05-02,DE,Desktop,2296,38.0,28,580,4.83,2026-05-02 21:45:00
KP004960,KW10070,2026-05-03,AU,Desktop,6349,29.0,203,3253,6.24,2026-05-03 17:37:00
KP004961,KW10033,2026-05-04,BR,Mobile,3132,41.0,12,271,4.43,2026-05-04 05:41:00
KP004962,KW11265,2026-05-05,UK,Desktop,2568,7.0,105,763,13.76,2026-05-05 00:19:00
KP004963,KW10887,2026-05-06,CA,Mobile,5939,42.0,28,673,4.16,2026-05-06 11:33:00
KP004964,KW10913,2026-05-07,BR,Desktop,1206,4.0,91,620,14.68,2026-05-07 06:45:00
KP004965,KW11875,2026-05-08,JP,Mobile,2848,32.0,56,1078,5.19,2026-05-08 09:13:00
KP004966,KW11478,2026-05-09,US,Mobile,4445,20.0,40,482,8.3,2026-05-09 16:42:00
KP004967,KW11383,2026-05-10,AU,Desktop,7382,25.0,135,2850,4.74,2026-05-10 05:04:00
KP004968,KW10987,2026-05-11,MX,Tablet,5223,39.0,129,2587,4.99,2026-05-11 02:22:00
KP004969,KW11241,2026-05-12,US,Desktop,1235,32.0,23,515,4.47,2026-05-12 09:48:00
KP004970,KW11902,2026-05-13,FR,Desktop,1384,21.0,38,506,7.51,2026-05-13 09:15:00
KP004971,KW10423,2026-05-14,FR,Tablet,1897,23.0,6,112,5.36,2026-05-14 07:13:00
KP004972,KW11570,2026-05-15,DE,Desktop,944,43.0,7,175,4.0,2026-05-15 08:08:00
KP004973,KW10069,2026-05-16,US,Mobile,1306,43.0,21,612,3.43,2026-05-16 00:15:00
KP004974,KW11084,2026-05-17,MX,Tablet,4275,21.0,63,869,7.25,2026-05-17 10:26:00
KP004975,KW10064,2026-05-18,BR,Mobile,2055,45.0,13,361,3.6,2026-05-18 03:10:00
KP004976,KW11743,2026-05-19,BR,Desktop,2788,35.0,62,1477,4.2,2026-05-19 20:40:00
KP004977,KW10331,2026-05-20,MX,Mobile,1538,50.0,8,189,4.23,2026-05-20 18:06:00
KP004978,KW10617,2026-05-21,MX,Mobile,2081,36.0,38,921,4.13,2026-05-21 16:17:00
KP004979,KW11359,2026-05-22,IN,Desktop,3683,1.0,267,764,34.95,2026-05-22 12:14:00
KP004980,KW11853,2026-05-23,FR,Mobile,5627,37.0,42,1025,4.1,2026-05-23 11:24:00
KP004981,KW10897,2026-05-24,IN,Mobile,1484,16.0,43,658,6.53,2026-05-24 10:32:00
KP004982,KW10886,2026-05-25,FR,Mobile,7607,45.0,19,583,3.26,2026-05-25 23:37:00
KP004983,KW10783,2026-05-26,IN,Mobile,416,14.0,3,56,5.36,2026-05-26 05:19:00
KP004984,KW11199,2026-05-27,US,Desktop,4354,38.0,24,475,5.05,2026-05-27 17:22:00
KP004985,KW10099,2026-05-28,DE,Mobile,5592,19.0,127,2083,6.1,2026-05-28 14:34:00
KP004986,KW10193,2026-05-29,AU,Desktop,4214,8.0,40,322,12.42,2026-05-29 11:37:00
KP004987,KW10861,2026-05-30,FR,Desktop,13053,23.0,70,1123,6.23,2026-05-30 11:30:00
KP004988,KW11805,2026-05-31,IN,Mobile,20364,28.0,125,2121,5.89,2026-05-31 16:16:00
KP005234,KW11773,2026-02-01,FR,Mobile,3329,2.0,168,822,20.44,2026-02-01 03:42:00
KP005235,KW10859,2026-02-02,AU,Desktop,3066,19.0,71,1067,6.65,2026-02-02 11:33:00
KP005236,KW11844,2026-02-03,AU,Desktop,2485,28.0,25,402,6.22,2026-02-03 14:27:00
KP005237,KW10083,2026-02-04,AU,Mobile,3300,1.0,417,1437,29.02,2026-02-04 08:13:00
KP005238,KW11992,2026-02-05,UK,Desktop,1352,25.0,19,382,4.97,2026-02-05 17:50:00
KP005239,KW10599,2026-02-06,IN,Mobile,3448,20.0,123,1613,7.63,2026-02-06 06:36:00
KP005240,KW11543,2026-02-07,US,Desktop,1650,34.0,55,886,6.21,2026-02-07 07:29:00
KP005241,KW11572,2026-02-08,JP,Mobile,4210,14.0,98,1023,9.58,2026-02-08 08:33:00
KP005242,KW11068,2026-02-09,IN,Tablet,1653,30.0,18,372,4.84,2026-02-09 17:06:00
KP005243,KW10420,2026-02-10,US,Mobile,2408,50.0,34,1025,3.32,2026-02-10 11:53:00
KP005244,KW11488,2026-02-11,UK,Desktop,11628,40.0,251,6045,4.15,2026-02-11 05:10:00
KP005245,KW11997,2026-02-12,FR,Mobile,1113,6.0,81,590,13.73,2026-02-12 14:05:00
KP005246,KW11525,2026-02-13,FR,Desktop,4226,49.0,91,1815,5.01,2026-02-13 03:17:00
KP005247,KW10440,2026-02-14,AU,Mobile,1088,22.0,18,261,6.9,2026-02-14 09:36:00
KP005248,KW10942,2026-02-15,DE,Mobile,1879,19.0,29,350,8.29,2026-02-15 22:15:00
KP005249,KW11443,2026-02-16,IN,Mobile,1242,15.0,25,282,8.87,2026-02-16 14:35:00
KP005250,KW10248,2026-02-17,IN,Mobile,6918,31.0,38,768,4.95,2026-02-17 16:23:00
KP005251,KW10621,2026-02-18,US,Mobile,1519,39.0,29,524,5.53,2026-02-18 16:17:00
KP005252,KW11380,2026-02-19,DE,Mobile,8187,28.0,217,3581,6.06,2026-02-19 01:14:00
KP005253,KW10334,2026-02-20,CA,Mobile,2734,26.0,57,888,6.42,2026-02-20 21:32:00
KP005254,KW10909,2026-02-21,DE,Mobile,2050,39.0,43,783,5.49,2026-02-21 20:32:00
KP005255,KW10424,2026-02-22,CA,Desktop,1323,41.0,23,438,5.25,2026-02-22 20:38:00
KP005256,KW11230,2026-02-23,CA,Desktop,3979,43.0,41,853,4.81,2026-02-23 07:22:00
KP005257,KW11320,2026-02-24,JP,Mobile,463,43.0,2,70,2.86,2026-02-24 06:14:00
KP005258,KW11422,2026-02-25,JP,Mobile,3217,36.0,47,941,4.99,2026-02-25 11:24:00
KP005259,KW10350,2026-02-26,MX,Mobile,1678,3.0,142,838,16.95,2026-02-26 00:57:00
KP005260,KW11475,2026-02-27,CA,Desktop,8770,41.0,92,1791,5.14,2026-02-27 16:14:00
KP005261,KW11485,2026-02-28,FR,Desktop,2700,44.0,76,1471,5.17,2026-02-28 12:14:00
KP005262,KW11640,2026-03-01,JP,Desktop,2687,19.0,31,427,7.26,2026-03-01 21:59:00
KP005263,KW10792,2026-03-02,US,Mobile,4140,36.0,37,707,5.23,2026-03-02 20:34:00
KP005264,KW11231,2026-03-03,IN,Mobile,1470,46.0,5,132,3.79,2026-03-03 16:17:00
KP005265,KW11071,2026-03-04,MX,Mobile,4403,50.0,21,685,3.07,2026-03-04 21:53:00
KP005266,KW11302,2026-03-05,FR,Mobile,3522,11.0,18,225,8.0,2026-03-05 20:11:00
KP005267,KW10243,2026-03-06,JP,Mobile,1251,40.0,22,448,4.91,2026-03-06 06:59:00
KP005268,KW10951,2026-03-07,CA,Desktop,3214,38.0,55,961,5.72,2026-03-07 22:34:00
KP005269,KW11775,2026-03-08,DE,Desktop,8414,31.0,46,972,4.73,2026-03-08 01:20:00
KP005270,KW10504,2026-03-09,BR,Mobile,28312,34.0,485,8749,5.54,2026-03-09 03:00:00
KP005271,KW11534,2026-03-10,UK,Desktop,4345,37.0,97,1620,5.99,2026-03-10 09:10:00
KP005272,KW10110,2026-03-11,CA,Desktop,22539,13.0,550,7159,7.68,2026-03-11 23:08:00
KP005273,KW11344,2026-03-12,BR,Desktop,882,45.0,21,470,4.47,2026-03-12 04:46:00
KP005274,KW11092,2026-03-13,BR,Desktop,3384,34.0,44,1066,4.13,2026-03-13 06:57:00
KP005275,KW10886,2026-03-14,MX,Mobile,4100,4.0,108,616,17.53,2026-03-14 14:32:00
KP005276,KW11845,2026-03-15,BR,Mobile,1206,30.0,14,279,5.02,2026-03-15 13:06:00
KP005277,KW11696,2026-03-16,MX,Desktop,8849,48.0,221,4715,4.69,2026-03-16 20:57:00
KP005278,KW10593,2026-03-17,BR,Mobile,3399,19.0,44,673,6.54,2026-03-17 00:14:00
KP005279,KW11263,2026-03-18,BR,Desktop,11675,5.0,426,2566,16.6,2026-03-18 11:55:00
KP005280,KW11204,2026-03-19,AU,Desktop,35128,43.0,345,10315,3.34,2026-03-19 04:55:00
KP005281,KW11195,2026-03-20,IN,Mobile,2423,1.0,74,244,30.33,2026-03-20 12:05:00
KP005282,KW11812,2026-03-21,JP,Desktop,5926,3.0,321,1360,23.6,2026-03-21 02:45:00
KP005283,KW10140,2026-03-22,UK,Desktop,18473,19.0,110,1874,5.87,2026-03-22 19:20:00
KP005284,KW11176,2026-03-23,UK,Desktop,5270,30.0,118,2686,4.39,2026-03-23 23:34:00
KP005285,KW10152,2026-03-24,MX,Desktop,648,26.0,17,242,7.02,2026-03-24 14:02:00
KP005286,KW11375,2026-03-25,UK,Mobile,7235,46.0,119,3664,3.25,2026-03-25 19:23:00
KP005287,KW11081,2026-03-26,CA,Mobile,704,19.0,7,131,5.34,2026-03-26 16:10:00
KP005288,KW11410,2026-03-27,DE,Mobile,1572,48.0,27,671,4.02,2026-03-27 15:41:00
KP005289,KW11705,2026-03-28,US,Desktop,10172,17.0,34,527,6.45,2026-03-28 12:57:00
KP005290,KW10924,2026-03-29,FR,Mobile,2050,13.0,88,955,9.21,2026-03-29 20:21:00
KP005291,KW10979,2026-03-30,DE,Desktop,4519,7.0,248,1683,14.74,2026-03-30 19:57:00
KP005292,KW11097,2026-03-31,BR,Mobile,5428,4.0,53,364,14.56,2026-03-31 12:46:00
KP005293,KW10178,2026-04-01,CA,Desktop,968,17.0,7,121,5.79,2026-04-01 07:54:00
KP005294,KW10909,2026-04-02,AU,Desktop,2247,19.0,38,733,5.18,2026-04-02 09:46:00
KP005295,KW10852,2026-04-03,FR,Desktop,2149,31.0,48,750,6.4,2026-04-03 17:34:00
KP005296,KW10857,2026-04-04,CA,Desktop,2842,15.0,91,1385,6.57,2026-04-04 15:45:00
KP005297,KW10415,2026-04-05,CA,Desktop,6096,36.0,120,2807,4.28,2026-04-05 01:18:00
KP005298,KW10107,2026-04-06,JP,Desktop,3816,48.0,65,1743,3.73,2026-04-06 16:45:00
KP005299,KW11776,2026-04-07,AU,Desktop,898,22.0,15,284,5.28,2026-04-07 05:53:00
KP005300,KW10771,2026-04-08,JP,Mobile,5019,20.0,44,869,5.06,2026-04-08 18:59:00
KP005301,KW11029,2026-04-09,FR,Desktop,3759,1.0,243,697,34.86,2026-04-09 06:03:00
KP005302,KW11393,2026-04-10,UK,Desktop,2223,23.0,32,498,6.43,2026-04-10 23:01:00
KP005303,KW11158,2026-04-11,FR,Mobile,575,27.0,1,32,3.12,2026-04-11 02:24:00
KP005304,KW10431,2026-04-12,BR,Desktop,4317,50.0,70,2205,3.17,2026-04-12 05:27:00
KP005305,KW10086,2026-04-13,JP,Desktop,3384,15.0,110,1510,7.28,2026-04-13 11:12:00
KP005306,KW11613,2026-04-14,BR,Mobile,5291,10.0,258,2201,11.72,2026-04-14 13:22:00
KP005307,KW11738,2026-04-15,FR,Desktop,20294,40.0,289,6502,4.44,2026-04-15 19:31:00
KP005308,KW10399,2026-04-16,MX,Desktop,1286,24.0,26,349,7.45,2026-04-16 12:33:00
KP005309,KW11343,2026-04-17,AU,Desktop,3407,16.0,69,765,9.02,2026-04-17 01:11:00
KP005310,KW10285,2026-04-18,MX,Desktop,950,39.0,24,441,5.44,2026-04-18 15:32:00
KP005311,KW10333,2026-04-19,UK,Desktop,6777,31.0,46,1126,4.09,2026-04-19 19:22:00
KP005312,KW11065,2026-04-20,AU,Desktop,1846,5.0,40,233,17.17,2026-04-20 10:30:00
KP005313,KW10984,2026-04-21,BR,Desktop,273,30.0,1,38,2.63,2026-04-21 06:45:00
KP005314,KW11819,2026-04-22,FR,Mobile,1968,35.0,39,937,4.16,2026-04-22 01:09:00
KP005315,KW10843,2026-04-23,BR,Mobile,3588,23.0,28,543,5.16,2026-04-23 20:25:00
KP005316,KW10870,2026-04-24,US,Mobile,3140,29.0,62,1224,5.07,2026-04-24 23:04:00
KP005317,KW10637,2026-04-25,UK,Desktop,6562,21.0,127,2592,4.9,2026-04-25 22:15:00
KP005318,KW11136,2026-04-26,US,Desktop,2092,2.0,75,327,22.94,2026-04-26 03:29:00
KP005319,KW11710,2026-04-27,IN,Desktop,1357,9.0,19,156,12.18,2026-04-27 20:48:00
KP005320,KW11642,2026-04-28,MX,Desktop,1129,34.0,20,448,4.46,2026-04-28 07:52:00
KP005321,KW11863,2026-04-29,CA,Mobile,2215,44.0,27,565,4.78,2026-04-29 17:08:00
KP005322,KW11503,2026-04-30,AU,Desktop,3707,26.0,101,1906,5.3,2026-04-30 11:55:00
KP005323,KW11236,2026-05-01,AU,Desktop,10579,12.0,47,709,6.63,2026-05-01 06:26:00
KP005324,KW10628,2026-05-02,US,Mobile,540,48.0,4,124,3.23,2026-05-02 10:48:00
KP005325,KW10249,2026-05-03,JP,Desktop,5555,1.0,977,2837,34.44,2026-05-03 01:38:00
KP005326,KW10106,2026-05-04,IN,Desktop,1692,31.0,11,236,4.66,2026-05-04 12:23:00
KP005327,KW10977,2026-05-05,BR,Mobile,5281,14.0,209,2875,7.27,2026-05-05 16:58:00
KP005328,KW11516,2026-05-06,US,Mobile,1745,9.0,35,362,9.67,2026-05-06 10:34:00
KP005329,KW10435,2026-05-07,CA,Desktop,6264,19.0,109,1344,8.11,2026-05-07 15:38:00
KP005330,KW11823,2026-05-08,DE,Desktop,2704,13.0,82,983,8.34,2026-05-08 23:16:00
KP005331,KW11422,2026-05-09,FR,Desktop,701,31.0,3,59,5.08,2026-05-09 01:40:00
KP005332,KW11372,2026-05-10,CA,Mobile,3038,24.0,71,1062,6.69,2026-05-10 01:59:00
KP005333,KW10703,2026-05-11,UK,Mobile,1438,10.0,57,468,12.18,2026-05-11 11:05:00
KP005334,KW10506,2026-05-12,IN,Desktop,4096,38.0,9,207,4.35,2026-05-12 07:40:00
KP005335,KW10041,2026-05-13,DE,Desktop,2682,24.0,45,925,4.86,2026-05-13 15:57:00
KP005336,KW10553,2026-05-14,JP,Desktop,1333,46.0,32,719,4.45,2026-05-14 13:14:00
KP005337,KW10516,2026-05-15,DE,Mobile,3147,1.0,188,538,34.94,2026-05-15 15:42:00
KP005338,KW11815,2026-05-16,MX,Mobile,587,1.0,100,311,32.15,2026-05-16 18:10:00
KP005339,KW11703,2026-05-17,MX,Mobile,4824,32.0,111,1795,6.18,2026-05-17 16:26:00
KP005340,KW11740,2026-05-18,US,Desktop,2923,50.0,20,447,4.47,2026-05-18 17:31:00
KP005341,KW10305,2026-05-19,AU,Mobile,3192,6.0,171,1380,12.39,2026-05-19 17:30:00
KP005342,KW10228,2026-05-20,UK,Mobile,2381,10.0,135,1145,11.79,2026-05-20 14:26:00
KP005343,KW11413,2026-05-21,FR,Desktop,1245,23.0,47,682,6.89,2026-05-21 08:01:00
KP005344,KW11114,2026-05-22,FR,Mobile,3065,33.0,60,1244,4.82,2026-05-22 12:03:00
KP005345,KW11606,2026-05-23,MX,Mobile,4628,23.0,125,1718,7.28,2026-05-23 08:58:00
KP005346,KW10747,2026-05-24,CA,Desktop,2825,38.0,50,913,5.48,2026-05-24 23:59:00
KP005347,KW11673,2026-05-25,UK,Desktop,1492,42.0,28,816,3.43,2026-05-25 08:17:00
KP005348,KW11039,2026-05-26,UK,Desktop,9032,6.0,274,1913,14.32,2026-05-26 08:39:00
KP005349,KW11883,2026-05-27,UK,Mobile,2040,30.0,44,752,5.85,2026-05-27 20:10:00
KP005350,KW11598,2026-05-28,IN,Desktop,4759,19.0,142,2376,5.98,2026-05-28 04:17:00
KP005351,KW10156,2026-05-29,BR,Desktop,392,9.0,10,81,12.35,2026-05-29 02:32:00
KP005352,KW10391,2026-05-30,CA,Mobile,4154,11.0,142,1709,8.31,2026-05-30 18:36:00
KP005353,KW10730,2026-05-31,DE,Mobile,1877,44.0,21,428,4.91,2026-05-31 12:23:00
KP005599,KW11125,2026-02-01,US,Desktop,9739,9.0,294,2625,11.2,2026-02-01 22:13:00
KP005600,KW11653,2026-02-02,AU,Mobile,797,7.0,12,96,12.5,2026-02-02 12:30:00
KP005601,KW11272,2026-02-03,AU,Desktop,2628,40.0,15,333,4.5,2026-02-03 20:50:00
KP005602,KW10682,2026-02-04,AU,Mobile,9145,25.0,177,2476,7.15,2026-02-04 18:24:00
KP005603,KW10225,2026-02-05,MX,Desktop,1200,38.0,9,173,5.2,2026-02-05 15:36:00
KP005604,KW11632,2026-02-06,JP,Desktop,11580,40.0,174,3155,5.52,2026-02-06 09:50:00
KP005605,KW11793,2026-02-07,FR,Desktop,1333,3.0,89,429,20.75,2026-02-07 15:00:00
KP005606,KW11493,2026-02-08,MX,Mobile,1358,49.0,9,247,3.64,2026-02-08 22:34:00
KP005607,KW10050,2026-02-09,US,Mobile,3241,13.0,175,1742,10.05,2026-02-09 20:57:00
KP005608,KW11663,2026-02-10,IN,Mobile,589,32.0,15,233,6.44,2026-02-10 11:13:00
KP005609,KW10294,2026-02-11,FR,Desktop,4680,43.0,104,2454,4.24,2026-02-11 19:48:00
KP005610,KW10912,2026-02-12,UK,Mobile,2324,44.0,58,1209,4.8,2026-02-12 16:20:00
KP005611,KW10502,2026-02-13,MX,Mobile,4805,14.0,97,1449,6.69,2026-02-13 22:22:00
KP005612,KW11421,2026-02-14,DE,Desktop,833,28.0,4,91,4.4,2026-02-14 09:55:00
KP005613,KW10715,2026-02-15,BR,Desktop,3307,21.0,59,726,8.13,2026-02-15 11:31:00
KP005614,KW10126,2026-02-16,BR,Mobile,3821,34.0,69,1767,3.9,2026-02-16 17:35:00
KP005615,KW11747,2026-02-17,JP,Mobile,2761,50.0,9,211,4.27,2026-02-17 14:07:00
KP005616,KW11587,2026-02-18,BR,Mobile,3711,41.0,17,343,4.96,2026-02-18 10:19:00
KP005617,KW11293,2026-02-19,DE,Desktop,618,13.0,12,174,6.9,2026-02-19 09:34:00
KP005618,KW10390,2026-02-20,MX,Mobile,1381,16.0,46,701,6.56,2026-02-20 11:46:00
KP005619,KW10357,2026-02-21,FR,Desktop,3080,7.0,28,283,9.89,2026-02-21 08:56:00
KP005620,KW10586,2026-02-22,CA,Desktop,8034,10.0,309,3891,7.94,2026-02-22 03:14:00
KP005621,KW10067,2026-02-23,BR,Mobile,5482,39.0,107,2580,4.15,2026-02-23 15:48:00
KP005622,KW11947,2026-02-24,BR,Mobile,2327,33.0,21,551,3.81,2026-02-24 15:48:00
KP005623,KW11564,2026-02-25,CA,Mobile,760,20.0,32,412,7.77,2026-02-25 02:13:00
KP005624,KW11961,2026-02-26,IN,Mobile,9860,39.0,231,4355,5.3,2026-02-26 04:59:00
KP005625,KW11715,2026-02-27,US,Mobile,4673,26.0,40,695,5.76,2026-02-27 12:45:00
KP005626,KW10457,2026-02-28,DE,Desktop,2316,50.0,35,1159,3.02,2026-02-28 20:18:00
KP005627,KW10770,2026-03-01,US,Desktop,4341,16.0,171,1920,8.91,2026-03-01 06:47:00
KP005628,KW10697,2026-03-02,US,Desktop,1921,8.0,12,135,8.89,2026-03-02 17:14:00
KP005629,KW10521,2026-03-03,CA,Mobile,887,46.0,5,166,3.01,2026-03-03 23:37:00
KP005630,KW10956,2026-03-04,US,Desktop,592,24.0,10,203,4.93,2026-03-04 18:09:00
KP005631,KW10563,2026-03-05,US,Desktop,9793,38.0,80,2247,3.56,2026-03-05 02:04:00
KP005632,KW11879,2026-03-06,CA,Mobile,1318,30.0,21,488,4.3,2026-03-06 21:25:00
KP005633,KW11833,2026-03-07,BR,Desktop,669,11.0,15,185,8.11,2026-03-07 06:21:00
KP005634,KW11847,2026-03-08,US,Desktop,5029,44.0,70,1820,3.85,2026-03-08 08:12:00
KP005635,KW10617,2026-03-09,FR,Desktop,3514,49.0,16,442,3.62,2026-03-09 21:25:00
KP005636,KW11443,2026-03-10,DE,Desktop,5250,48.0,18,401,4.49,2026-03-10 00:38:00
KP005637,KW11780,2026-03-11,MX,Tablet,1847,32.0,32,626,5.11,2026-03-11 01:01:00
KP005638,KW11356,2026-03-12,BR,Mobile,3519,5.0,44,360,12.22,2026-03-12 14:43:00
KP005639,KW11337,2026-03-13,US,Desktop,5129,8.0,122,1311,9.31,2026-03-13 05:19:00
KP005640,KW11559,2026-03-14,MX,Mobile,7635,23.0,157,2265,6.93,2026-03-14 22:07:00
KP005641,KW10101,2026-03-15,US,Mobile,5532,36.0,134,2382,5.63,2026-03-15 04:02:00
KP005642,KW11934,2026-03-16,IN,Mobile,884,11.0,13,114,11.4,2026-03-16 12:16:00
KP005643,KW10121,2026-03-17,IN,Tablet,2400,9.0,100,781,12.8,2026-03-17 16:37:00
KP005644,KW11140,2026-03-18,AU,Mobile,1751,32.0,17,390,4.36,2026-03-18 10:12:00
KP005645,KW10398,2026-03-19,BR,Mobile,1347,49.0,36,719,5.01,2026-03-19 11:18:00
KP005646,KW11822,2026-03-20,JP,Desktop,7483,47.0,88,1938,4.54,2026-03-20 06:35:00
KP005647,KW11672,2026-03-21,IN,Desktop,3245,50.0,19,548,3.47,2026-03-21 09:15:00
KP005648,KW11239,2026-03-22,MX,Mobile,4318,8.0,91,969,9.39,2026-03-22 16:11:00
KP005649,KW10209,2026-03-23,US,Desktop,1867,34.0,30,741,4.05,2026-03-23 22:56:00
KP005650,KW11823,2026-03-24,BR,Desktop,3432,12.0,121,1269,9.54,2026-03-24 01:32:00
KP005651,KW10925,2026-03-25,JP,Desktop,1294,6.0,37,266,13.91,2026-03-25 14:15:00
KP005652,KW11854,2026-03-26,DE,Desktop,8075,30.0,224,3557,6.3,2026-03-26 07:27:00
KP005653,KW10382,2026-03-27,MX,Desktop,2234,17.0,11,188,5.85,2026-03-27 05:46:00
KP005654,KW10946,2026-03-28,CA,Mobile,3899,18.0,57,762,7.48,2026-03-28 13:16:00
KP005655,KW10269,2026-03-29,CA,Mobile,855,17.0,33,469,7.04,2026-03-29 22:45:00
KP005656,KW11058,2026-03-30,AU,Tablet,13492,43.0,260,6255,4.16,2026-03-30 10:05:00
KP005657,KW10287,2026-03-31,US,Desktop,213,29.0,1,36,2.78,2026-03-31 05:40:00
KP005658,KW11740,2026-04-01,IN,Mobile,2393,32.0,36,936,3.85,2026-04-01 07:54:00
KP005659,KW11320,2026-04-02,DE,Desktop,6919,20.0,177,2696,6.57,2026-04-02 11:41:00
KP005660,KW10224,2026-04-03,AU,Mobile,11868,28.0,224,3502,6.4,2026-04-03 15:26:00
KP005661,KW10010,2026-04-04,JP,Mobile,1815,33.0,28,583,4.8,2026-04-04 08:44:00
KP005662,KW11096,2026-04-05,JP,Desktop,12427,24.0,173,3254,5.32,2026-04-05 01:52:00
KP005663,KW11419,2026-04-06,BR,Mobile,454,21.0,6,82,7.32,2026-04-06 22:41:00
KP005664,KW10878,2026-04-07,AU,Desktop,5272,41.0,65,1616,4.02,2026-04-07 23:13:00
KP005665,KW11268,2026-04-08,IN,Mobile,5692,30.0,45,1019,4.42,2026-04-08 11:52:00
KP005666,KW10011,2026-04-09,FR,Mobile,2537,17.0,42,737,5.7,2026-04-09 16:32:00
KP005667,KW10427,2026-04-10,BR,Desktop,1379,18.0,52,702,7.41,2026-04-10 19:19:00
KP005668,KW10497,2026-04-11,IN,Desktop,1836,13.0,75,887,8.46,2026-04-11 09:01:00
KP005669,KW10334,2026-04-12,CA,Mobile,4621,36.0,136,2460,5.53,2026-04-12 20:08:00
KP005670,KW10248,2026-04-13,DE,Desktop,1605,40.0,21,572,3.67,2026-04-13 02:59:00
KP005671,KW10530,2026-04-14,CA,Desktop,24042,25.0,608,10257,5.93,2026-04-14 18:29:00
KP005672,KW10141,2026-04-15,JP,Mobile,4778,9.0,179,1496,11.97,2026-04-15 02:35:00
KP005673,KW10661,2026-04-16,US,Desktop,2403,20.0,15,291,5.15,2026-04-16 08:06:00
KP005674,KW10343,2026-04-17,IN,Tablet,1024,40.0,25,537,4.66,2026-04-17 16:18:00
KP005675,KW10421,2026-04-18,IN,Mobile,2819,21.0,50,734,6.81,2026-04-18 06:40:00
KP005676,KW10199,2026-04-19,JP,Mobile,4543,23.0,30,563,5.33,2026-04-19 09:10:00
KP005677,KW11066,2026-04-20,BR,Mobile,923,23.0,23,410,5.61,2026-04-20 19:56:00
KP005678,KW10974,2026-04-21,AU,Mobile,773,20.0,14,212,6.6,2026-04-21 15:09:00
KP005679,KW11930,2026-04-22,BR,Desktop,3628,8.0,113,1134,9.96,2026-04-22 11:17:00
KP005680,KW11570,2026-04-23,JP,Desktop,9133,5.0,294,1942,15.14,2026-04-23 21:30:00
KP005681,KW11445,2026-04-24,DE,Desktop,6066,12.0,210,2262,9.28,2026-04-24 15:23:00
KP005682,KW11609,2026-04-25,FR,Desktop,4973,15.0,154,1787,8.62,2026-04-25 11:46:00
KP005683,KW10317,2026-04-26,IN,Mobile,1474,3.0,125,776,16.11,2026-04-26 17:01:00
KP005684,KW10557,2026-04-27,CA,Desktop,13537,27.0,228,3860,5.91,2026-04-27 16:45:00
KP005685,KW11134,2026-04-28,JP,Desktop,1815,42.0,45,948,4.75,2026-04-28 05:22:00
KP005686,KW10403,2026-04-29,JP,Desktop,410,2.0,45,154,29.22,2026-04-29 04:17:00
KP005687,KW11968,2026-04-30,FR,Desktop,1315,39.0,33,618,5.34,2026-04-30 23:59:00
KP005688,KW10651,2026-05-01,AU,Desktop,529,13.0,7,108,6.48,2026-05-01 09:57:00
KP005689,KW10384,2026-05-02,AU,Mobile,3365,16.0,129,1587,8.13,2026-05-02 18:03:00
KP005690,KW11768,2026-05-03,IN,Mobile,679,42.0,11,325,3.38,2026-05-03 01:39:00
KP005691,KW10143,2026-05-04,DE,Desktop,698,19.0,9,123,7.32,2026-05-04 07:03:00
KP005692,KW11154,2026-05-05,US,Desktop,1321,37.0,37,642,5.76,2026-05-05 03:44:00
KP005693,KW10786,2026-05-06,BR,Mobile,4373,4.0,290,1473,19.69,2026-05-06 11:08:00
KP005694,KW11593,2026-05-07,BR,Mobile,4054,18.0,88,1439,6.12,2026-05-07 22:37:00
KP005695,KW11378,2026-05-08,IN,Mobile,2019,1.0,65,186,34.95,2026-05-08 03:06:00
KP005696,KW10344,2026-05-09,BR,Mobile,2770,18.0,74,1021,7.25,2026-05-09 17:20:00
KP005697,KW11453,2026-05-10,DE,Desktop,3328,5.0,180,1265,14.23,2026-05-10 20:25:00
KP005698,KW10556,2026-05-11,AU,Mobile,2352,10.0,102,1151,8.86,2026-05-11 04:30:00
KP005699,KW11449,2026-05-12,AU,Mobile,2277,27.0,7,127,5.51,2026-05-12 17:41:00
KP005700,KW10042,2026-05-13,JP,Desktop,1155,21.0,44,623,7.06,2026-05-13 00:13:00
KP005701,KW11544,2026-05-14,BR,Mobile,7659,31.0,128,2600,4.92,2026-05-14 16:04:00
KP005702,KW11754,2026-05-15,JP,Tablet,9587,50.0,24,614,3.91,2026-05-15 00:59:00
KP005703,KW10735,2026-05-16,UK,Desktop,4962,40.0,52,1435,3.62,2026-05-16 11:05:00
KP005704,KW10322,2026-05-17,BR,Desktop,1500,41.0,37,781,4.74,2026-05-17 11:40:00
KP005705,KW11935,2026-05-18,UK,Mobile,10634,22.0,75,1396,5.37,2026-05-18 03:08:00
KP005706,KW11005,2026-05-19,AU,Desktop,2652,18.0,60,1075,5.58,2026-05-19 08:36:00
KP005707,KW11475,2026-05-20,JP,Tablet,3254,34.0,57,1287,4.43,2026-05-20 09:16:00
KP005708,KW10256,2026-05-21,US,Mobile,4333,31.0,27,668,4.04,2026-05-21 01:23:00
KP005709,KW11914,2026-05-22,AU,Desktop,3425,1.0,214,646,33.13,2026-05-22 03:30:00
KP005710,KW10225,2026-05-23,CA,Mobile,5228,10.0,98,919,10.66,2026-05-23 10:16:00
KP005711,KW10405,2026-05-24,CA,Desktop,9271,10.0,188,1548,12.14,2026-05-24 12:29:00
KP005712,KW11969,2026-05-25,BR,Desktop,244,14.0,5,80,6.25,2026-05-25 05:13:00
KP005713,KW10566,2026-05-26,US,Desktop,1750,17.0,65,774,8.4,2026-05-26 15:54:00
KP005714,KW11381,2026-05-27,IN,Desktop,1668,9.0,9,91,9.89,2026-05-27 07:25:00
KP005715,KW10122,2026-05-28,JP,Mobile,6125,23.0,131,2659,4.93,2026-05-28 16:42:00
KP005716,KW11121,2026-05-29,DE,Tablet,845,26.0,24,395,6.08,2026-05-29 18:25:00
KP005717,KW10124,2026-05-30,IN,Mobile,8169,21.0,247,3201,7.72,2026-05-30 17:28:00
KP005718,KW10844,2026-05-31,BR,Mobile,1770,13.0,55,644,8.54,2026-05-31 18:37:00
KP005964,KW10895,2026-02-01,BR,Mobile,2022,40.0,15,387,3.88,2026-02-01 06:04:00
KP005965,KW10529,2026-02-02,DE,Mobile,2633,7.0,79,773,10.22,2026-02-02 10:01:00
KP005966,KW10614,2026-02-03,BR,Mobile,4140,9.0,192,2053,9.35,2026-02-03 08:29:00
KP005967,KW11627,2026-02-04,FR,Mobile,3578,23.0,24,443,5.42,2026-02-04 21:26:00
KP005968,KW11308,2026-02-05,DE,Mobile,3331,5.0,59,528,11.17,2026-02-05 00:20:00
KP005969,KW10660,2026-02-06,AU,Mobile,1649,13.0,12,189,6.35,2026-02-06 06:06:00
KP005970,KW11535,2026-02-07,US,Mobile,1493,30.0,41,743,5.52,2026-02-07 07:43:00
KP005971,KW10458,2026-02-08,JP,Mobile,3133,13.0,87,949,9.17,2026-02-08 10:51:00
KP005972,KW10971,2026-02-09,IN,Mobile,2476,11.0,91,1019,8.93,2026-02-09 10:10:00
KP005973,KW10571,2026-02-10,CA,Mobile,2979,40.0,35,727,4.81,2026-02-10 18:17:00
KP005974,KW11032,2026-02-11,BR,Desktop,3498,35.0,60,1023,5.87,2026-02-11 04:22:00
KP005975,KW11949,2026-02-12,FR,Mobile,20424,42.0,265,5249,5.05,2026-02-12 09:49:00
KP005976,KW10707,2026-02-13,IN,Mobile,1301,2.0,97,448,21.65,2026-02-13 13:07:00
KP005977,KW10986,2026-02-14,MX,Desktop,7576,35.0,28,756,3.7,2026-02-14 13:48:00
KP005978,KW11304,2026-02-15,JP,Desktop,2757,31.0,38,714,5.32,2026-02-15 18:01:00
KP005979,KW10923,2026-02-16,BR,Desktop,3797,22.0,97,1654,5.86,2026-02-16 23:22:00
KP005980,KW11744,2026-02-17,FR,Desktop,804,14.0,22,345,6.38,2026-02-17 17:11:00
KP005981,KW11130,2026-02-18,IN,Mobile,10711,25.0,68,997,6.82,2026-02-18 12:54:00
KP005982,KW10570,2026-02-19,JP,Mobile,3209,23.0,99,1560,6.35,2026-02-19 00:06:00
KP005983,KW11071,2026-02-20,CA,Mobile,1385,32.0,15,330,4.55,2026-02-20 16:58:00
KP005984,KW11766,2026-02-21,AU,Desktop,10498,23.0,400,5585,7.16,2026-02-21 15:57:00
KP005985,KW10750,2026-02-22,BR,Desktop,1010,15.0,44,452,9.73,2026-02-22 11:12:00
KP005986,KW11100,2026-02-23,MX,Tablet,499,41.0,2,57,3.51,2026-02-23 21:59:00
KP005987,KW11388,2026-02-24,CA,Mobile,1926,8.0,89,684,13.01,2026-02-24 05:04:00
KP005988,KW10609,2026-02-25,CA,Desktop,1041,46.0,4,90,4.44,2026-02-25 17:34:00
KP005989,KW11868,2026-02-26,IN,Mobile,1439,28.0,11,182,6.04,2026-02-26 00:32:00
KP005990,KW10557,2026-02-27,CA,Mobile,3552,26.0,107,1878,5.7,2026-02-27 10:22:00
KP005991,KW10207,2026-02-28,BR,Desktop,9501,11.0,233,2217,10.51,2026-02-28 05:27:00
KP005992,KW11104,2026-03-01,FR,Desktop,8054,17.0,360,3964,9.08,2026-03-01 14:51:00
KP005993,KW11512,2026-03-02,IN,Mobile,4565,49.0,40,865,4.62,2026-03-02 05:20:00
KP005994,KW10884,2026-03-03,IN,Desktop,368,16.0,7,87,8.05,2026-03-03 18:43:00
KP005995,KW11486,2026-03-04,FR,Desktop,955,20.0,22,433,5.08,2026-03-04 06:25:00
KP005996,KW11178,2026-03-05,JP,Mobile,3384,40.0,9,170,5.29,2026-03-05 09:41:00
KP005997,KW11661,2026-03-06,UK,Mobile,12861,10.0,507,4288,11.82,2026-03-06 14:07:00
KP005998,KW11643,2026-03-07,DE,Mobile,1599,50.0,16,499,3.21,2026-03-07 09:58:00
KP005999,KW10169,2026-03-08,MX,Mobile,2447,21.0,41,843,4.86,2026-03-08 12:43:00
KP006000,KW11595,2026-03-09,US,Desktop,1040,21.0,32,412,7.77,2026-03-09 05:47:00
KP006001,KW10706,2026-03-10,FR,Mobile,5776,47.0,20,464,4.31,2026-03-10 22:37:00
KP006002,KW11215,2026-03-11,UK,Desktop,1626,12.0,31,333,9.31,2026-03-11 09:43:00
KP006003,KW11863,2026-03-12,MX,Desktop,2174,27.0,51,763,6.68,2026-03-12 14:27:00
KP006004,KW11685,2026-03-13,CA,Desktop,3089,31.0,31,762,4.07,2026-03-13 03:05:00
KP006005,KW10250,2026-03-14,JP,Desktop,997,50.0,9,241,3.73,2026-03-14 19:40:00
KP006006,KW11023,2026-03-15,DE,Desktop,3427,46.0,89,1719,5.18,2026-03-15 07:25:00
KP006007,KW11870,2026-03-16,MX,Desktop,3045,35.0,66,1604,4.11,2026-03-16 05:49:00
KP006008,KW10267,2026-03-17,CA,Mobile,7421,23.0,144,2439,5.9,2026-03-17 23:32:00
KP006009,KW11093,2026-03-18,CA,Desktop,4577,1.0,575,1644,34.98,2026-03-18 01:42:00
KP006010,KW10368,2026-03-19,IN,Desktop,3777,32.0,12,202,5.94,2026-03-19 13:21:00
KP006011,KW11393,2026-03-20,AU,Desktop,9026,21.0,196,2998,6.54,2026-03-20 01:10:00
KP006012,KW10948,2026-03-21,FR,Desktop,11390,9.0,89,1070,8.32,2026-03-21 08:30:00
KP006013,KW10690,2026-03-22,FR,Mobile,2007,7.0,77,618,12.46,2026-03-22 18:10:00
KP006014,KW11788,2026-03-23,UK,Mobile,3512,46.0,59,1655,3.56,2026-03-23 14:43:00
KP006015,KW10628,2026-03-24,DE,Desktop,1003,1.0,147,422,34.83,2026-03-24 04:32:00
KP006016,KW10260,2026-03-25,AU,Desktop,1742,17.0,23,343,6.71,2026-03-25 18:48:00
KP006017,KW10594,2026-03-26,US,Desktop,13093,36.0,285,5752,4.95,2026-03-26 08:19:00
KP006018,KW11971,2026-03-27,US,Mobile,1511,33.0,28,468,5.98,2026-03-27 13:03:00
KP006019,KW11421,2026-03-28,JP,Mobile,7515,31.0,159,3775,4.21,2026-03-28 14:31:00
KP006020,KW11172,2026-03-29,US,Desktop,687,21.0,11,167,6.59,2026-03-29 06:25:00
KP006021,KW10404,2026-03-30,FR,Desktop,6059,35.0,114,2217,5.14,2026-03-30 10:34:00
KP006022,KW10155,2026-03-31,AU,Desktop,11522,26.0,143,2558,5.59,2026-03-31 23:28:00
KP006023,KW11095,2026-04-01,UK,Mobile,2212,35.0,11,207,5.31,2026-04-01 23:16:00
KP006024,KW11011,2026-04-02,IN,Desktop,1823,19.0,24,334,7.19,2026-04-02 03:55:00
KP006025,KW11132,2026-04-03,DE,Desktop,2213,46.0,21,550,3.82,2026-04-03 14:07:00
KP006026,KW10057,2026-04-04,BR,Desktop,3194,50.0,25,640,3.91,2026-04-04 01:21:00
KP006027,KW10543,2026-04-05,AU,Mobile,4617,34.0,62,1049,5.91,2026-04-05 10:34:00
KP006028,KW11982,2026-04-06,JP,Desktop,3400,33.0,81,1385,5.85,2026-04-06 05:01:00
KP006029,KW10870,2026-04-07,CA,Mobile,11225,7.0,203,1885,10.77,2026-04-07 21:22:00
KP006030,KW11009,2026-04-08,MX,Mobile,640,12.0,15,210,7.14,2026-04-08 13:29:00
KP006031,KW10421,2026-04-09,UK,Tablet,1702,48.0,26,808,3.22,2026-04-09 00:03:00
KP006032,KW10624,2026-04-10,AU,Desktop,3870,1.0,101,289,34.95,2026-04-10 07:25:00
KP006033,KW10989,2026-04-11,CA,Mobile,4771,47.0,95,2157,4.4,2026-04-11 19:03:00
KP006034,KW10131,2026-04-12,IN,Desktop,1765,28.0,8,120,6.67,2026-04-12 05:39:00
KP006035,KW10432,2026-04-13,JP,Desktop,3484,38.0,24,557,4.31,2026-04-13 10:20:00
KP006036,KW11497,2026-04-14,MX,Mobile,15576,42.0,89,1895,4.7,2026-04-14 23:55:00
KP006037,KW11853,2026-04-15,MX,Desktop,1747,23.0,21,402,5.22,2026-04-15 07:40:00
KP006038,KW11940,2026-04-16,JP,Mobile,44982,12.0,1788,21593,8.28,2026-04-16 10:29:00
KP006039,KW10820,2026-04-17,CA,Desktop,646,5.0,23,132,17.42,2026-04-17 21:29:00
KP006040,KW11908,2026-04-18,AU,Desktop,570,31.0,5,131,3.82,2026-04-18 12:30:00
KP006041,KW10711,2026-04-19,DE,Desktop,10137,50.0,44,899,4.89,2026-04-19 06:29:00
KP006042,KW11495,2026-04-20,UK,Desktop,1703,50.0,7,177,3.95,2026-04-20 10:45:00
KP006043,KW11990,2026-04-21,MX,Desktop,1358,49.0,22,737,2.99,2026-04-21 10:01:00
KP006044,KW11964,2026-04-22,IN,Mobile,1425,2.0,72,285,25.26,2026-04-22 09:15:00
KP006045,KW11198,2026-04-23,BR,Mobile,4073,42.0,28,737,3.8,2026-04-23 01:12:00
KP006046,KW10794,2026-04-24,IN,Desktop,1057,29.0,32,533,6.0,2026-04-24 02:02:00
KP006047,KW10829,2026-04-25,AU,Desktop,1322,46.0,14,277,5.05,2026-04-25 20:19:00
KP006048,KW10138,2026-04-26,CA,Mobile,3344,23.0,113,1658,6.82,2026-04-26 05:29:00
KP006049,KW10030,2026-04-27,US,Mobile,3202,47.0,8,185,4.32,2026-04-27 20:41:00
KP006050,KW10452,2026-04-28,CA,Desktop,4442,28.0,15,348,4.31,2026-04-28 06:55:00
KP006051,KW10115,2026-04-29,FR,Desktop,227,11.0,6,67,8.96,2026-04-29 09:08:00
KP006052,KW10082,2026-04-30,UK,Mobile,2470,30.0,57,1057,5.39,2026-04-30 12:38:00
KP006053,KW11340,2026-05-01,DE,Mobile,17340,46.0,181,5491,3.3,2026-05-01 18:21:00
KP006054,KW10392,2026-05-02,UK,Mobile,4223,7.0,142,1270,11.18,2026-05-02 00:02:00
KP006055,KW11762,2026-05-03,JP,Desktop,4434,3.0,281,1249,22.5,2026-05-03 04:31:00
KP006056,KW10037,2026-05-04,UK,Desktop,6480,27.0,136,2846,4.78,2026-05-04 23:32:00
KP006057,KW10533,2026-05-05,MX,Mobile,6835,46.0,74,1651,4.48,2026-05-05 04:32:00
KP006058,KW10848,2026-05-06,FR,Mobile,7753,36.0,135,3183,4.24,2026-05-06 13:14:00
KP006059,KW11989,2026-05-07,AU,Mobile,6230,50.0,34,971,3.5,2026-05-07 16:40:00
KP006060,KW10766,2026-05-08,JP,Mobile,720,35.0,19,380,5.0,2026-05-08 15:34:00
KP006061,KW11633,2026-05-09,BR,Mobile,8337,1.0,1496,4277,34.98,2026-05-09 03:54:00
KP006062,KW11738,2026-05-10,BR,Desktop,6019,1.0,1157,3308,34.98,2026-05-10 10:01:00
KP006063,KW11146,2026-05-11,MX,Tablet,2059,10.0,57,750,7.6,2026-05-11 20:33:00
KP006064,KW10104,2026-05-12,UK,Mobile,4896,14.0,150,2311,6.49,2026-05-12 21:03:00
KP006065,KW11326,2026-05-13,IN,Mobile,1195,45.0,17,467,3.64,2026-05-13 03:37:00
KP006066,KW10421,2026-05-14,UK,Mobile,1059,13.0,31,313,9.9,2026-05-14 00:26:00
KP006067,KW11711,2026-05-15,IN,Desktop,1693,36.0,37,840,4.4,2026-05-15 04:29:00
KP006068,KW11388,2026-05-16,US,Mobile,1636,25.0,17,309,5.5,2026-05-16 19:05:00
KP006069,KW10272,2026-05-17,CA,Mobile,1273,28.0,8,176,4.55,2026-05-17 03:18:00
KP006070,KW10849,2026-05-18,US,Desktop,7997,9.0,452,4307,10.49,2026-05-18 15:18:00
KP006071,KW10791,2026-05-19,BR,Desktop,6237,20.0,175,3273,5.35,2026-05-19 19:46:00
KP006072,KW11333,2026-05-20,DE,Desktop,1834,14.0,24,303,7.92,2026-05-20 17:26:00
KP006073,KW11748,2026-05-21,MX,Desktop,7511,8.0,227,1804,12.58,2026-05-21 05:30:00
KP006074,KW11269,2026-05-22,UK,Mobile,2951,1.0,191,615,31.06,2026-05-22 07:44:00
KP006075,KW11668,2026-05-23,US,Desktop,6225,42.0,90,1800,5.0,2026-05-23 13:40:00
KP006076,KW10544,2026-05-24,AU,Desktop,2779,25.0,77,1516,5.08,2026-05-24 21:18:00
KP006077,KW10603,2026-05-25,DE,Desktop,4263,48.0,42,1144,3.67,2026-05-25 01:44:00
KP006078,KW11456,2026-05-26,DE,Mobile,1722,37.0,15,391,3.84,2026-05-26 04:59:00
KP006079,KW10023,2026-05-27,JP,Desktop,3617,8.0,31,363,8.54,2026-05-27 04:10:00
KP006080,KW10584,2026-05-28,IN,Desktop,2231,42.0,8,238,3.36,2026-05-28 11:22:00
KP006081,KW11403,2026-05-29,IN,Mobile,2565,35.0,67,1210,5.54,2026-05-29 04:53:00
KP006082,KW11553,2026-05-30,DE,Desktop,4723,43.0,91,2457,3.7,2026-05-30 12:02:00
KP006083,KW10457,2026-05-31,IN,Mobile,1028,45.0,11,343,3.21,2026-05-31 08:21:00
KP006329,KW11899,2026-02-01,AU,Mobile,1405,41.0,22,657,3.35,2026-02-01 11:57:00
KP006330,KW10535,2026-02-02,BR,Mobile,739,32.0,12,268,4.48,2026-02-02 04:54:00
KP006331,KW10917,2026-02-03,BR,Mobile,5771,41.0,76,1377,5.52,2026-02-03 21:00:00
KP006332,KW11891,2026-02-04,CA,Desktop,9359,6.0,273,1728,15.8,2026-02-04 04:05:00
KP006333,KW10043,2026-02-05,US,Desktop,1299,18.0,12,162,7.41,2026-02-05 13:01:00
KP006334,KW10774,2026-02-06,IN,Desktop,2884,45.0,67,1329,5.04,2026-02-06 15:48:00
KP006335,KW11743,2026-02-07,AU,Desktop,1879,30.0,19,395,4.81,2026-02-07 13:02:00
KP006336,KW11685,2026-02-08,US,Mobile,1246,41.0,22,474,4.64,2026-02-08 01:56:00
KP006337,KW10341,2026-02-09,CA,Mobile,12402,39.0,204,4523,4.51,2026-02-09 02:34:00
KP006338,KW10660,2026-02-10,CA,Desktop,3408,19.0,62,740,8.38,2026-02-10 09:13:00
KP006339,KW11750,2026-02-11,CA,Desktop,6018,24.0,97,1420,6.83,2026-02-11 20:28:00
KP006340,KW10158,2026-02-12,DE,Desktop,3765,7.0,273,1838,14.85,2026-02-12 21:27:00
KP006341,KW11269,2026-02-13,US,Desktop,798,11.0,26,355,7.32,2026-02-13 09:36:00
KP006342,KW11871,2026-02-14,AU,Mobile,2705,1.0,405,1158,34.97,2026-02-14 08:13:00
KP006343,KW11738,2026-02-15,MX,Mobile,1637,50.0,18,510,3.53,2026-02-15 22:03:00
KP006344,KW11324,2026-02-16,CA,Mobile,1248,46.0,21,562,3.74,2026-02-16 16:46:00
KP006345,KW10338,2026-02-17,BR,Mobile,10514,41.0,108,2843,3.8,2026-02-17 07:24:00
KP006346,KW10800,2026-02-18,BR,Desktop,6527,20.0,249,3369,7.39,2026-02-18 04:01:00
KP006347,KW10420,2026-02-19,MX,Desktop,1367,36.0,19,433,4.39,2026-02-19 15:40:00
KP006348,KW11422,2026-02-20,UK,Mobile,1157,11.0,27,334,8.08,2026-02-20 10:24:00
KP006349,KW11152,2026-02-21,BR,Mobile,4382,27.0,124,2185,5.68,2026-02-21 06:27:00
KP006350,KW11462,2026-02-22,CA,Desktop,7292,19.0,180,2221,8.1,2026-02-22 16:20:00
KP006351,KW10785,2026-02-23,US,Desktop,11926,35.0,153,2541,6.02,2026-02-23 10:10:00
KP006352,KW10673,2026-02-24,CA,Mobile,1125,25.0,29,413,7.02,2026-02-24 14:40:00
KP006353,KW10518,2026-02-25,AU,Desktop,5445,4.0,407,2542,16.01,2026-02-25 16:36:00
KP006354,KW11267,2026-02-26,IN,Desktop,2984,5.0,181,1198,15.11,2026-02-26 02:11:00
KP006355,KW11070,2026-02-27,MX,Desktop,2842,23.0,91,1506,6.04,2026-02-27 20:14:00
KP006356,KW10438,2026-02-28,US,Desktop,5482,32.0,14,286,4.9,2026-02-28 19:29:00
KP006357,KW11250,2026-03-01,MX,Tablet,2015,9.0,118,934,12.63,2026-03-01 03:45:00
KP006358,KW10037,2026-03-02,BR,Mobile,1185,9.0,20,158,12.66,2026-03-02 16:05:00
KP006359,KW10377,2026-03-03,AU,Desktop,1462,34.0,33,537,6.15,2026-03-03 05:10:00
KP006360,KW10791,2026-03-04,UK,Mobile,4549,39.0,56,1341,4.18,2026-03-04 11:02:00
KP006361,KW11559,2026-03-05,FR,Desktop,996,38.0,5,113,4.42,2026-03-05 18:51:00
KP006362,KW11131,2026-03-06,FR,Desktop,1839,6.0,131,895,14.64,2026-03-06 23:29:00
KP006363,KW10551,2026-03-07,JP,Desktop,1782,34.0,37,689,5.37,2026-03-07 15:06:00
KP006364,KW11008,2026-03-08,BR,Mobile,693,15.0,14,146,9.59,2026-03-08 13:33:00
KP006365,KW10036,2026-03-09,CA,Tablet,1380,39.0,13,377,3.45,2026-03-09 15:26:00
KP006366,KW10060,2026-03-10,BR,Mobile,1612,20.0,48,643,7.47,2026-03-10 06:33:00
KP006367,KW10470,2026-03-11,MX,Tablet,1725,46.0,29,854,3.4,2026-03-11 11:32:00
KP006368,KW11079,2026-03-12,MX,Mobile,7403,39.0,35,758,4.62,2026-03-12 20:29:00
KP006369,KW11215,2026-03-13,MX,Desktop,12946,9.0,475,4287,11.08,2026-03-13 23:59:00
KP006370,KW10307,2026-03-14,FR,Mobile,6261,30.0,72,1125,6.4,2026-03-14 20:19:00
KP006371,KW10507,2026-03-15,UK,Mobile,2056,35.0,9,232,3.88,2026-03-15 12:07:00
KP006372,KW10304,2026-03-16,BR,Mobile,2519,39.0,22,603,3.65,2026-03-16 06:07:00
KP006373,KW11679,2026-03-17,JP,Mobile,3617,8.0,211,1980,10.66,2026-03-17 22:58:00
KP006374,KW10878,2026-03-18,IN,Desktop,1262,37.0,7,165,4.24,2026-03-18 16:16:00
KP006375,KW11822,2026-03-19,DE,Mobile,3450,14.0,86,1396,6.16,2026-03-19 04:27:00
KP006376,KW11782,2026-03-20,MX,Mobile,3681,39.0,25,477,5.24,2026-03-20 12:58:00
KP006377,KW11009,2026-03-21,JP,Desktop,1129,10.0,10,113,8.85,2026-03-21 00:10:00
KP006378,KW11093,2026-03-22,JP,Mobile,1757,47.0,15,372,4.03,2026-03-22 05:23:00
KP006379,KW11884,2026-03-23,CA,Mobile,4947,7.0,191,1708,11.18,2026-03-23 08:48:00
KP006380,KW11098,2026-03-24,MX,Mobile,2159,23.0,29,405,7.16,2026-03-24 00:12:00
KP006381,KW11659,2026-03-25,JP,Mobile,3992,24.0,33,696,4.74,2026-03-25 03:04:00
KP006382,KW10194,2026-03-26,MX,Mobile,3749,42.0,46,954,4.82,2026-03-26 18:21:00
KP006383,KW10775,2026-03-27,JP,Mobile,2830,9.0,111,928,11.96,2026-03-27 06:08:00
KP006384,KW11193,2026-03-28,FR,Desktop,21059,17.0,220,3166,6.95,2026-03-28 19:06:00
KP006385,KW11556,2026-03-29,IN,Desktop,8446,46.0,24,522,4.6,2026-03-29 16:24:00
KP006386,KW11681,2026-03-30,FR,Mobile,1957,20.0,84,1048,8.02,2026-03-30 21:59:00
KP006387,KW10453,2026-03-31,AU,Mobile,1806,41.0,35,866,4.04,2026-03-31 01:04:00
KP006388,KW11296,2026-04-01,BR,Desktop,2566,33.0,29,474,6.12,2026-04-01 03:54:00
KP006389,KW10985,2026-04-02,MX,Mobile,973,6.0,16,137,11.68,2026-04-02 04:15:00
KP006390,KW11049,2026-04-03,UK,Desktop,1035,19.0,5,96,5.21,2026-04-03 02:52:00
KP006391,KW10598,2026-04-04,IN,Mobile,1650,34.0,27,659,4.1,2026-04-04 16:49:00
KP006392,KW10528,2026-04-05,AU,Mobile,1078,30.0,13,273,4.76,2026-04-05 01:47:00
KP006393,KW10646,2026-04-06,DE,Mobile,9572,20.0,48,800,6.0,2026-04-06 06:20:00
KP006394,KW11657,2026-04-07,CA,Mobile,2797,34.0,19,447,4.25,2026-04-07 19:31:00
KP006395,KW11315,2026-04-08,FR,Desktop,4774,23.0,109,1547,7.05,2026-04-08 15:36:00
KP006396,KW11909,2026-04-09,US,Desktop,3775,44.0,43,1215,3.54,2026-04-09 02:58:00
KP006397,KW10363,2026-04-10,MX,Mobile,1921,15.0,55,757,7.27,2026-04-10 07:29:00
KP006398,KW11722,2026-04-11,JP,Desktop,5943,5.0,277,1976,14.02,2026-04-11 23:10:00
KP006399,KW10813,2026-04-12,AU,Mobile,1310,30.0,34,712,4.78,2026-04-12 19:12:00
KP006400,KW11734,2026-04-13,IN,Mobile,2020,25.0,8,142,5.63,2026-04-13 17:48:00
KP006401,KW11316,2026-04-14,UK,Mobile,2450,16.0,52,701,7.42,2026-04-14 18:58:00
KP006402,KW11929,2026-04-15,JP,Desktop,3676,21.0,93,1558,5.97,2026-04-15 03:31:00
KP006403,KW10032,2026-04-16,FR,Mobile,619,26.0,19,330,5.76,2026-04-16 19:21:00
KP006404,KW10773,2026-04-17,MX,Desktop,645,36.0,17,286,5.94,2026-04-17 20:00:00
KP006405,KW10691,2026-04-18,JP,Mobile,4913,43.0,93,2660,3.5,2026-04-18 23:26:00
KP006406,KW11832,2026-04-19,IN,Mobile,11286,20.0,345,5697,6.06,2026-04-19 19:12:00
KP006407,KW11898,2026-04-20,UK,Tablet,4717,29.0,140,2373,5.9,2026-04-20 15:00:00
KP006408,KW10975,2026-04-21,US,Desktop,588,18.0,20,290,6.9,2026-04-21 01:43:00
KP006409,KW10197,2026-04-22,FR,Mobile,1805,17.0,45,508,8.86,2026-04-22 13:04:00
KP006410,KW11077,2026-04-23,DE,Mobile,2131,49.0,55,1089,5.05,2026-04-23 22:08:00
KP006411,KW11554,2026-04-24,AU,Mobile,3325,33.0,101,1816,5.56,2026-04-24 12:06:00
KP006412,KW10297,2026-04-25,BR,Mobile,12352,15.0,381,5765,6.61,2026-04-25 06:55:00
KP006413,KW10697,2026-04-26,AU,Mobile,3232,18.0,34,429,7.93,2026-04-26 08:43:00
KP006414,KW11829,2026-04-27,FR,Desktop,8728,14.0,46,529,8.7,2026-04-27 10:53:00
KP006415,KW10969,2026-04-28,JP,Mobile,3700,34.0,22,483,4.55,2026-04-28 19:42:00
KP006416,KW11067,2026-04-29,UK,Mobile,1270,50.0,26,658,3.95,2026-04-29 07:24:00
KP006417,KW11391,2026-04-30,MX,Mobile,270,41.0,3,84,3.57,2026-04-30 12:46:00
KP006418,KW11357,2026-05-01,MX,Desktop,4122,2.0,320,1242,25.76,2026-05-01 17:17:00
KP006419,KW10168,2026-05-02,AU,Desktop,2610,15.0,93,1129,8.24,2026-05-02 05:44:00
KP006420,KW11431,2026-05-03,AU,Mobile,3485,17.0,110,1461,7.53,2026-05-03 09:09:00
KP006421,KW11454,2026-05-04,IN,Mobile,3777,32.0,19,342,5.56,2026-05-04 23:34:00
KP006422,KW10456,2026-05-05,JP,Desktop,3003,36.0,48,1081,4.44,2026-05-05 04:47:00
KP006423,KW10036,2026-05-06,DE,Mobile,4404,32.0,30,508,5.91,2026-05-06 09:33:00
KP006424,KW10399,2026-05-07,BR,Mobile,6059,8.0,89,990,8.99,2026-05-07 12:06:00
KP006425,KW11007,2026-05-08,UK,Mobile,4348,7.0,54,498,10.84,2026-05-08 05:56:00
KP006426,KW11545,2026-05-09,UK,Mobile,2712,48.0,5,152,3.29,2026-05-09 07:00:00
KP006427,KW11481,2026-05-10,CA,Desktop,2680,43.0,60,1240,4.84,2026-05-10 02:15:00
KP006428,KW10245,2026-05-11,DE,Desktop,968,43.0,24,467,5.14,2026-05-11 04:54:00
KP006429,KW11465,2026-05-12,UK,Desktop,3137,29.0,85,1609,5.28,2026-05-12 11:41:00
KP006430,KW11697,2026-05-13,UK,Desktop,1298,31.0,16,384,4.17,2026-05-13 20:41:00
KP006431,KW11374,2026-05-14,IN,Mobile,19112,36.0,266,4452,5.97,2026-05-14 18:00:00
KP006432,KW10852,2026-05-15,JP,Mobile,3378,46.0,33,754,4.38,2026-05-15 06:01:00
KP006433,KW11911,2026-05-16,CA,Desktop,8511,12.0,258,2621,9.84,2026-05-16 01:29:00
KP006434,KW11252,2026-05-17,BR,Mobile,4548,34.0,30,635,4.72,2026-05-17 05:26:00
KP006435,KW10317,2026-05-18,JP,Mobile,4576,25.0,52,1019,5.1,2026-05-18 21:21:00
KP006436,KW10774,2026-05-19,IN,Mobile,4237,21.0,91,1478,6.16,2026-05-19 07:17:00
KP006437,KW10987,2026-05-20,FR,Desktop,1021,4.0,46,308,14.94,2026-05-20 05:12:00
KP006438,KW11876,2026-05-21,BR,Desktop,9611,18.0,81,1159,6.99,2026-05-21 11:55:00
KP006439,KW10854,2026-05-22,BR,Mobile,9779,26.0,108,1520,7.11,2026-05-22 13:25:00
KP006440,KW10169,2026-05-23,US,Mobile,1834,3.0,206,969,21.26,2026-05-23 12:25:00
KP006441,KW10697,2026-05-24,AU,Mobile,1903,15.0,65,756,8.6,2026-05-24 21:27:00
KP006442,KW11824,2026-05-25,DE,Desktop,2861,48.0,41,1081,3.79,2026-05-25 21:09:00
KP006443,KW10321,2026-05-26,UK,Mobile,3790,8.0,128,1342,9.54,2026-05-26 18:30:00
KP006444,KW11735,2026-05-27,US,Tablet,3486,6.0,191,1785,10.7,2026-05-27 16:52:00
KP006445,KW10250,2026-05-28,DE,Desktop,1241,50.0,29,597,4.86,2026-05-28 21:53:00
KP006446,KW10632,2026-05-29,FR,Mobile,3392,5.0,59,441,13.38,2026-05-29 20:23:00
KP006447,KW11015,2026-05-30,US,Mobile,880,9.0,5,47,10.64,2026-05-30 06:43:00
KP006448,KW11631,2026-05-31,UK,Desktop,5327,17.0,55,872,6.31,2026-05-31 04:50:00
KP006694,KW11613,2026-02-01,MX,Desktop,1140,26.0,26,446,5.83,2026-02-01 19:57:00
KP006695,KW10208,2026-02-02,AU,Desktop,522,47.0,9,257,3.5,2026-02-02 00:42:00
KP006696,KW10576,2026-02-03,JP,Desktop,15264,50.0,269,5631,4.78,2026-02-03 01:52:00
KP006697,KW10519,2026-02-04,UK,Mobile,598,33.0,14,238,5.88,2026-02-04 10:21:00
KP006698,KW10319,2026-02-05,FR,Tablet,9956,27.0,214,4146,5.16,2026-02-05 15:16:00
KP006699,KW11890,2026-02-06,IN,Mobile,3250,30.0,91,1573,5.79,2026-02-06 22:50:00
KP006700,KW11901,2026-02-07,AU,Mobile,2100,24.0,39,588,6.63,2026-02-07 11:36:00
KP006701,KW10564,2026-02-08,BR,Mobile,2760,27.0,32,500,6.4,2026-02-08 00:24:00
KP006702,KW10069,2026-02-09,FR,Mobile,1489,4.0,45,351,12.82,2026-02-09 06:55:00
KP006703,KW11871,2026-02-10,BR,Desktop,1495,8.0,24,277,8.66,2026-02-10 05:20:00
KP006704,KW11167,2026-02-11,UK,Mobile,11161,37.0,50,1043,4.79,2026-02-11 22:40:00
KP006705,KW10559,2026-02-12,FR,Desktop,2232,14.0,11,172,6.4,2026-02-12 12:25:00
KP006706,KW11404,2026-02-13,DE,Desktop,3983,24.0,56,837,6.69,2026-02-13 13:08:00
KP006707,KW10329,2026-02-14,FR,Mobile,1436,35.0,26,572,4.55,2026-02-14 08:46:00
KP006708,KW10151,2026-02-15,US,Desktop,3288,39.0,14,355,3.94,2026-02-15 20:01:00
KP006709,KW10882,2026-02-16,US,Desktop,4316,45.0,29,684,4.24,2026-02-16 13:42:00
KP006710,KW10122,2026-02-17,BR,Desktop,3263,20.0,29,363,7.99,2026-02-17 07:44:00
KP006711,KW10022,2026-02-18,MX,Desktop,2458,1.0,58,168,34.52,2026-02-18 20:19:00
KP006712,KW11957,2026-02-19,JP,Mobile,996,4.0,57,399,14.29,2026-02-19 16:21:00
KP006713,KW11778,2026-02-20,UK,Desktop,9835,39.0,86,1970,4.37,2026-02-20 11:00:00
KP006714,KW10064,2026-02-21,CA,Desktop,572,11.0,15,185,8.11,2026-02-21 20:15:00
KP006715,KW10226,2026-02-22,JP,Desktop,5444,8.0,300,2895,10.36,2026-02-22 08:20:00
KP006716,KW10276,2026-02-23,CA,Desktop,720,35.0,7,176,3.98,2026-02-23 08:16:00
KP006717,KW11691,2026-02-24,JP,Desktop,1488,10.0,71,621,11.43,2026-02-24 12:49:00
KP006718,KW10243,2026-02-25,IN,Tablet,5666,23.0,107,1552,6.89,2026-02-25 13:10:00
KP006719,KW11147,2026-02-26,BR,Mobile,7446,13.0,248,3355,7.39,2026-02-26 13:49:00
KP006720,KW11242,2026-02-27,IN,Desktop,1740,31.0,12,227,5.29,2026-02-27 16:36:00
KP006721,KW10758,2026-02-28,IN,Desktop,714,5.0,17,141,12.06,2026-02-28 21:36:00
KP006722,KW11607,2026-03-01,CA,Desktop,1317,25.0,34,463,7.34,2026-03-01 01:41:00
KP006723,KW10933,2026-03-02,US,Mobile,325,24.0,3,66,4.55,2026-03-02 03:56:00
KP006724,KW10531,2026-03-03,DE,Desktop,4390,31.0,46,717,6.42,2026-03-03 03:30:00
KP006725,KW10907,2026-03-04,IN,Desktop,3398,9.0,231,1858,12.43,2026-03-04 17:35:00
KP006726,KW11592,2026-03-05,UK,Desktop,6242,10.0,242,2670,9.06,2026-03-05 06:00:00
KP006727,KW10167,2026-03-06,UK,Mobile,974,26.0,2,49,4.08,2026-03-06 05:05:00
KP006728,KW10013,2026-03-07,CA,Desktop,6105,47.0,12,337,3.56,2026-03-07 14:34:00
KP006729,KW11221,2026-03-08,UK,Mobile,5331,32.0,38,873,4.35,2026-03-08 21:04:00
KP006730,KW11052,2026-03-09,FR,Mobile,3302,33.0,26,433,6.0,2026-03-09 20:32:00
KP006731,KW10817,2026-03-10,UK,Desktop,1731,26.0,21,319,6.58,2026-03-10 12:27:00
KP006732,KW10299,2026-03-11,FR,Desktop,3181,26.0,12,240,5.0,2026-03-11 08:40:00
KP006733,KW10176,2026-03-12,IN,Mobile,7278,26.0,109,2049,5.32,2026-03-12 22:13:00
KP006734,KW10603,2026-03-13,UK,Desktop,229,46.0,0,20,0.0,2026-03-13 20:56:00
KP006735,KW10277,2026-03-14,JP,Mobile,4736,48.0,100,2224,4.5,2026-03-14 02:38:00
KP006736,KW10563,2026-03-15,MX,Desktop,2265,19.0,74,1187,6.23,2026-03-15 09:22:00
KP006737,KW11236,2026-03-16,IN,Mobile,2508,38.0,36,853,4.22,2026-03-16 03:06:00
KP006738,KW11397,2026-03-17,JP,Mobile,6122,20.0,87,1358,6.41,2026-03-17 21:27:00
KP006739,KW10310,2026-03-18,US,Desktop,1543,16.0,32,398,8.04,2026-03-18 02:18:00
KP006740,KW10018,2026-03-19,AU,Mobile,3587,23.0,107,1800,5.94,2026-03-19 00:44:00
KP006741,KW11151,2026-03-20,AU,Mobile,4798,34.0,15,290,5.17,2026-03-20 18:39:00
KP006742,KW10713,2026-03-21,IN,Desktop,1207,16.0,27,458,5.9,2026-03-21 07:48:00
KP006743,KW11439,2026-03-22,CA,Tablet,1269,9.0,51,460,11.09,2026-03-22 05:15:00
KP006744,KW11187,2026-03-23,AU,Desktop,1471,48.0,11,279,3.94,2026-03-23 20:02:00
KP006745,KW10426,2026-03-24,FR,Mobile,6608,37.0,22,490,4.49,2026-03-24 02:05:00
KP006746,KW11995,2026-03-25,CA,Desktop,4486,5.0,159,1362,11.67,2026-03-25 05:27:00
KP006747,KW10961,2026-03-26,CA,Desktop,2619,50.0,40,1108,3.61,2026-03-26 23:33:00
KP006748,KW11225,2026-03-27,JP,Mobile,14625,38.0,283,5185,5.46,2026-03-27 01:33:00
KP006749,KW10244,2026-03-28,DE,Desktop,2140,10.0,40,351,11.4,2026-03-28 17:11:00
KP006750,KW10614,2026-03-29,AU,Mobile,643,7.0,32,302,10.6,2026-03-29 14:58:00
KP006751,KW11543,2026-03-30,MX,Tablet,2389,8.0,95,1131,8.4,2026-03-30 07:25:00
KP006752,KW11383,2026-03-31,MX,Mobile,4693,5.0,169,1237,13.66,2026-03-31 02:07:00
KP006753,KW10067,2026-04-01,MX,Desktop,754,18.0,12,195,6.15,2026-04-01 19:52:00
KP006754,KW11362,2026-04-02,BR,Desktop,7351,19.0,139,2035,6.83,2026-04-02 17:13:00
KP006755,KW10144,2026-04-03,CA,Mobile,5453,13.0,128,1901,6.73,2026-04-03 02:56:00
KP006756,KW10298,2026-04-04,DE,Desktop,7959,4.0,138,1104,12.5,2026-04-04 03:04:00
KP006757,KW10067,2026-04-05,UK,Desktop,2489,4.0,146,888,16.44,2026-04-05 17:11:00
KP006758,KW10258,2026-04-06,US,Desktop,12711,7.0,462,3505,13.18,2026-04-06 08:48:00
KP006759,KW11951,2026-04-07,DE,Desktop,1576,47.0,15,319,4.7,2026-04-07 10:09:00
KP006760,KW11653,2026-04-08,JP,Mobile,781,22.0,11,224,4.91,2026-04-08 12:01:00
KP006761,KW10601,2026-04-09,UK,Mobile,4292,28.0,26,586,4.44,2026-04-09 03:07:00
KP006762,KW10999,2026-04-10,JP,Mobile,4668,21.0,194,2397,8.09,2026-04-10 07:38:00
KP006763,KW10669,2026-04-11,US,Desktop,4225,24.0,58,1182,4.91,2026-04-11 17:59:00
KP006764,KW10769,2026-04-12,UK,Mobile,6514,21.0,59,906,6.51,2026-04-12 11:32:00
KP006765,KW10988,2026-04-13,UK,Mobile,2289,5.0,55,408,13.48,2026-04-13 12:30:00
KP006766,KW11249,2026-04-14,AU,Tablet,11168,26.0,286,5010,5.71,2026-04-14 21:25:00
KP006767,KW10082,2026-04-15,IN,Desktop,5930,19.0,85,1627,5.22,2026-04-15 21:00:00
KP006768,KW10609,2026-04-16,JP,Desktop,1738,8.0,45,457,9.85,2026-04-16 10:47:00
KP006769,KW10410,2026-04-17,BR,Mobile,1540,22.0,20,343,5.83,2026-04-17 12:17:00
KP006770,KW10047,2026-04-18,MX,Tablet,1600,1.0,134,458,29.26,2026-04-18 15:59:00
KP006771,KW11366,2026-04-19,FR,Mobile,1721,39.0,15,420,3.57,2026-04-19 01:33:00
KP006772,KW10290,2026-04-20,DE,Mobile,6874,15.0,242,2603,9.3,2026-04-20 14:59:00
KP006773,KW10469,2026-04-21,FR,Desktop,1098,33.0,2,55,3.64,2026-04-21 18:39:00
KP006774,KW10145,2026-04-22,FR,Desktop,1141,21.0,16,244,6.56,2026-04-22 11:37:00
KP006775,KW11851,2026-04-23,IN,Desktop,3938,4.0,316,1695,18.64,2026-04-23 10:46:00
KP006776,KW11724,2026-04-24,AU,Desktop,1440,17.0,59,731,8.07,2026-04-24 11:22:00
KP006777,KW10292,2026-04-25,MX,Mobile,1773,46.0,27,555,4.86,2026-04-25 20:50:00
KP006778,KW10025,2026-04-26,US,Mobile,1778,14.0,40,548,7.3,2026-04-26 12:39:00
KP006779,KW10465,2026-04-27,AU,Desktop,723,11.0,26,292,8.9,2026-04-27 15:46:00
KP006780,KW11995,2026-04-28,IN,Desktop,2041,15.0,15,168,8.93,2026-04-28 18:13:00
KP006781,KW11002,2026-04-29,FR,Desktop,3109,10.0,156,1536,10.16,2026-04-29 23:39:00
KP006782,KW11418,2026-04-30,FR,Desktop,1561,16.0,24,273,8.79,2026-04-30 02:15:00
KP006783,KW11463,2026-05-01,CA,Mobile,5329,28.0,119,2466,4.83,2026-05-01 12:19:00
KP006784,KW10478,2026-05-02,AU,Desktop,3155,40.0,81,1654,4.9,2026-05-02 14:41:00
KP006785,KW10641,2026-05-03,JP,Mobile,1364,6.0,22,226,9.73,2026-05-03 02:27:00
KP006786,KW10813,2026-05-04,UK,Desktop,2607,29.0,27,431,6.26,2026-05-04 02:09:00
KP006787,KW11401,2026-05-05,CA,Mobile,2811,34.0,19,385,4.94,2026-05-05 04:07:00
KP006788,KW10379,2026-05-06,CA,Mobile,3155,48.0,46,1241,3.71,2026-05-06 07:11:00
KP006789,KW10356,2026-05-07,AU,Mobile,1706,11.0,47,431,10.9,2026-05-07 15:25:00
KP006790,KW11288,2026-05-08,AU,Desktop,5564,27.0,86,1948,4.41,2026-05-08 22:10:00
KP006791,KW11327,2026-05-09,US,Mobile,7705,20.0,263,3506,7.5,2026-05-09 17:42:00
KP006792,KW10992,2026-05-10,BR,Mobile,1296,36.0,24,520,4.62,2026-05-10 05:35:00
KP006793,KW10188,2026-05-11,CA,Desktop,5161,3.0,391,2593,15.08,2026-05-11 22:00:00
KP006794,KW11847,2026-05-12,FR,Mobile,4147,3.0,120,580,20.69,2026-05-12 04:20:00
KP006795,KW10210,2026-05-13,US,Desktop,2209,19.0,81,1086,7.46,2026-05-13 04:41:00
KP006796,KW10865,2026-05-14,DE,Desktop,5926,17.0,189,2334,8.1,2026-05-14 10:23:00
KP006797,KW10097,2026-05-15,US,Desktop,2570,35.0,60,1043,5.75,2026-05-15 23:38:00
KP006798,KW10754,2026-05-16,IN,Desktop,4917,35.0,110,2024,5.43,2026-05-16 23:58:00
KP006799,KW11248,2026-05-17,CA,Mobile,840,11.0,49,442,11.09,2026-05-17 23:14:00
KP006800,KW10424,2026-05-18,JP,Desktop,3858,35.0,21,430,4.88,2026-05-18 04:46:00
KP006801,KW11835,2026-05-19,US,Mobile,1238,20.0,40,501,7.98,2026-05-19 11:34:00
KP006802,KW11178,2026-05-20,UK,Desktop,1059,30.0,2,55,3.64,2026-05-20 03:00:00
KP006803,KW11132,2026-05-21,UK,Mobile,2819,1.0,385,1101,34.97,2026-05-21 12:12:00
KP006804,KW11092,2026-05-22,BR,Mobile,3058,40.0,18,543,3.31,2026-05-22 04:10:00
KP006805,KW10616,2026-05-23,BR,Mobile,4603,43.0,56,1332,4.2,2026-05-23 05:29:00
KP006806,KW11117,2026-05-24,AU,Desktop,6330,34.0,76,1399,5.43,2026-05-24 14:54:00
KP006807,KW11659,2026-05-25,DE,Mobile,2888,46.0,42,1296,3.24,2026-05-25 15:02:00
KP006808,KW11931,2026-05-26,BR,Desktop,3613,14.0,67,965,6.94,2026-05-26 12:10:00
KP006809,KW10684,2026-05-27,BR,Desktop,3040,29.0,82,1405,5.84,2026-05-27 10:25:00
KP006810,KW11809,2026-05-28,DE,Desktop,1043,38.0,8,171,4.68,2026-05-28 07:27:00
KP006811,KW11274,2026-05-29,CA,Mobile,4587,31.0,144,2244,6.42,2026-05-29 19:24:00
KP006812,KW11984,2026-05-30,AU,Mobile,2993,11.0,112,1519,7.37,2026-05-30 22:00:00
KP006813,KW11846,2026-05-31,UK,Desktop,1398,28.0,7,128,5.47,2026-05-31 09:10:00
KP007059,KW11066,2026-02-01,DE,Mobile,1598,2.0,28,107,26.17,2026-02-01 17:09:00
KP007060,KW11607,2026-02-02,CA,Mobile,1833,42.0,28,640,4.38,2026-02-02 00:13:00
KP007061,KW11563,2026-02-03,MX,Desktop,1344,50.0,9,187,4.81,2026-02-03 04:34:00
KP007062,KW10454,2026-02-04,JP,Mobile,7374,35.0,180,3621,4.97,2026-02-04 04:05:00
KP007063,KW11284,2026-02-05,US,Desktop,6274,24.0,112,1495,7.49,2026-02-05 02:02:00
KP007064,KW11949,2026-02-06,US,Desktop,237,38.0,6,121,4.96,2026-02-06 08:51:00
KP007065,KW10016,2026-02-07,DE,Mobile,5944,46.0,56,1452,3.86,2026-02-07 07:36:00
KP007066,KW10900,2026-02-08,UK,Mobile,4026,48.0,47,1323,3.55,2026-02-08 06:22:00
KP007067,KW11853,2026-02-09,US,Mobile,5900,21.0,192,2876,6.68,2026-02-09 21:49:00
KP007068,KW11214,2026-02-10,IN,Mobile,1993,30.0,27,541,4.99,2026-02-10 12:04:00
KP007069,KW10202,2026-02-11,AU,Mobile,5233,2.0,165,558,29.57,2026-02-11 15:44:00
KP007070,KW10286,2026-02-12,DE,Mobile,5488,3.0,168,872,19.27,2026-02-12 19:19:00
KP007071,KW11810,2026-02-13,BR,Mobile,1241,25.0,25,518,4.83,2026-02-13 02:31:00
KP007072,KW11894,2026-02-14,DE,Mobile,2690,25.0,60,882,6.8,2026-02-14 12:55:00
KP007073,KW11639,2026-02-15,BR,Desktop,942,24.0,14,192,7.29,2026-02-15 11:29:00
KP007074,KW11766,2026-02-16,US,Mobile,7438,31.0,116,2410,4.81,2026-02-16 12:20:00
KP007075,KW10994,2026-02-17,US,Mobile,665,1.0,83,253,32.81,2026-02-17 03:48:00
KP007076,KW10868,2026-02-18,IN,Desktop,1075,29.0,16,298,5.37,2026-02-18 20:43:00
KP007077,KW10890,2026-02-19,US,Desktop,3418,37.0,31,746,4.16,2026-02-19 12:55:00
KP007078,KW10179,2026-02-20,BR,Desktop,2728,42.0,37,854,4.33,2026-02-20 00:26:00
KP007079,KW11441,2026-02-21,DE,Desktop,10427,19.0,187,3239,5.77,2026-02-21 02:38:00
KP007080,KW10097,2026-02-22,IN,Mobile,1143,21.0,18,279,6.45,2026-02-22 23:26:00
KP007081,KW10337,2026-02-23,US,Desktop,2388,23.0,55,1051,5.23,2026-02-23 00:09:00
KP007082,KW11705,2026-02-24,IN,Desktop,3340,25.0,28,455,6.15,2026-02-24 01:52:00
KP007083,KW11226,2026-02-25,FR,Mobile,2704,14.0,101,1194,8.46,2026-02-25 17:55:00
KP007084,KW11500,2026-02-26,UK,Mobile,7793,16.0,275,4255,6.46,2026-02-26 06:46:00
KP007085,KW11013,2026-02-27,DE,Desktop,1779,8.0,75,726,10.33,2026-02-27 07:20:00
KP007086,KW11316,2026-02-28,FR,Mobile,1477,34.0,5,111,4.5,2026-02-28 11:49:00
KP007087,KW11863,2026-03-01,UK,Desktop,18197,36.0,181,3137,5.77,2026-03-01 02:21:00
KP007088,KW10628,2026-03-02,US,Mobile,2444,36.0,47,1069,4.4,2026-03-02 07:09:00
KP007089,KW11068,2026-03-03,CA,Desktop,2617,24.0,85,1173,7.25,2026-03-03 19:04:00
KP007090,KW11901,2026-03-04,FR,Desktop,2952,33.0,59,1326,4.45,2026-03-04 17:18:00
KP007091,KW10660,2026-03-05,IN,Desktop,3288,41.0,47,1068,4.4,2026-03-05 12:16:00
KP007092,KW11076,2026-03-06,MX,Mobile,2794,15.0,60,748,8.02,2026-03-06 15:17:00
KP007093,KW10542,2026-03-07,UK,Mobile,8220,41.0,156,2892,5.39,2026-03-07 01:53:00
KP007094,KW10414,2026-03-08,MX,Desktop,3652,22.0,77,1504,5.12,2026-03-08 16:33:00
KP007095,KW11703,2026-03-09,FR,Mobile,1414,3.0,54,300,18.0,2026-03-09 15:14:00
KP007096,KW11806,2026-03-10,UK,Desktop,16484,22.0,368,5076,7.25,2026-03-10 05:02:00
KP007097,KW11832,2026-03-11,UK,Mobile,1255,23.0,3,65,4.62,2026-03-11 22:16:00
KP007098,KW11909,2026-03-12,IN,Desktop,902,43.0,3,84,3.57,2026-03-12 09:29:00
KP007099,KW11780,2026-03-13,UK,Desktop,12220,3.0,899,5199,17.29,2026-03-13 03:11:00
KP007100,KW11652,2026-03-14,DE,Mobile,4499,7.0,249,2221,11.21,2026-03-14 04:56:00
KP007101,KW10563,2026-03-15,AU,Mobile,5751,27.0,79,1372,5.76,2026-03-15 19:15:00
KP007102,KW11261,2026-03-16,DE,Desktop,11590,17.0,296,3709,7.98,2026-03-16 12:05:00
KP007103,KW11097,2026-03-17,FR,Mobile,1092,46.0,23,481,4.78,2026-03-17 23:07:00
KP007104,KW11966,2026-03-18,IN,Tablet,3236,8.0,128,1424,8.99,2026-03-18 01:50:00
KP007105,KW10716,2026-03-19,FR,Mobile,731,9.0,19,238,7.98,2026-03-19 00:33:00
KP007106,KW11671,2026-03-20,FR,Mobile,3072,22.0,77,1101,6.99,2026-03-20 16:02:00
KP007107,KW11530,2026-03-21,UK,Desktop,11087,14.0,162,2282,7.1,2026-03-21 10:26:00
KP007108,KW10423,2026-03-22,IN,Mobile,1152,34.0,12,249,4.82,2026-03-22 16:23:00
KP007109,KW10752,2026-03-23,JP,Desktop,2251,49.0,35,971,3.6,2026-03-23 22:57:00
KP007110,KW10863,2026-03-24,UK,Desktop,2354,27.0,45,875,5.14,2026-03-24 20:53:00
KP007111,KW11780,2026-03-25,FR,Mobile,1631,40.0,31,562,5.52,2026-03-25 01:54:00
KP007112,KW10531,2026-03-26,AU,Desktop,1808,34.0,7,128,5.47,2026-03-26 13:48:00
KP007113,KW11098,2026-03-27,CA,Mobile,5681,12.0,156,2321,6.72,2026-03-27 06:10:00
KP007114,KW10322,2026-03-28,CA,Tablet,2768,29.0,20,468,4.27,2026-03-28 06:29:00
KP007115,KW11623,2026-03-29,UK,Mobile,866,9.0,53,438,12.1,2026-03-29 14:41:00
KP007116,KW10633,2026-03-30,MX,Mobile,1654,50.0,16,368,4.35,2026-03-30 21:53:00
KP007117,KW11156,2026-03-31,IN,Mobile,1707,4.0,78,521,14.97,2026-03-31 19:47:00
KP007118,KW10846,2026-04-01,UK,Mobile,5767,22.0,69,1439,4.79,2026-04-01 23:17:00
KP007119,KW11703,2026-04-02,AU,Desktop,1077,14.0,7,115,6.09,2026-04-02 03:46:00
KP007120,KW10666,2026-04-03,US,Desktop,1612,7.0,65,696,9.34,2026-04-03 23:05:00
KP007121,KW11697,2026-04-04,FR,Mobile,930,31.0,15,374,4.01,2026-04-04 19:57:00
KP007122,KW11458,2026-04-05,AU,Mobile,3782,45.0,75,1711,4.38,2026-04-05 09:50:00
KP007123,KW10535,2026-04-06,DE,Desktop,1617,34.0,35,572,6.12,2026-04-06 01:51:00
KP007124,KW11393,2026-04-07,DE,Mobile,5376,46.0,73,1710,4.27,2026-04-07 22:42:00
KP007125,KW10977,2026-04-08,BR,Desktop,4699,5.0,378,2170,17.42,2026-04-08 07:57:00
KP007126,KW10202,2026-04-09,DE,Mobile,1914,4.0,66,330,20.0,2026-04-09 07:50:00
KP007127,KW11415,2026-04-10,AU,Mobile,3994,27.0,15,303,4.95,2026-04-10 01:50:00
KP007128,KW10579,2026-04-11,US,Desktop,4615,25.0,28,439,6.38,2026-04-11 08:53:00
KP007129,KW11647,2026-04-12,FR,Mobile,2590,25.0,73,1060,6.89,2026-04-12 23:43:00
KP007130,KW10368,2026-04-13,JP,Mobile,1986,39.0,28,721,3.88,2026-04-13 08:33:00
KP007131,KW10472,2026-04-14,DE,Desktop,4433,22.0,26,547,4.75,2026-04-14 00:51:00
KP007132,KW11667,2026-04-15,IN,Mobile,5837,5.0,102,692,14.74,2026-04-15 23:07:00
KP007133,KW10142,2026-04-16,BR,Mobile,837,34.0,15,358,4.19,2026-04-16 01:39:00
KP007134,KW10807,2026-04-17,DE,Mobile,5348,47.0,100,2684,3.73,2026-04-17 07:44:00
KP007135,KW10139,2026-04-18,JP,Mobile,11509,44.0,238,4420,5.38,2026-04-18 03:06:00
KP007136,KW10181,2026-04-19,UK,Desktop,12314,35.0,307,6469,4.75,2026-04-19 22:51:00
KP007137,KW10772,2026-04-20,DE,Mobile,2529,19.0,50,754,6.63,2026-04-20 20:00:00
KP007138,KW10411,2026-04-21,UK,Mobile,1928,21.0,28,526,5.32,2026-04-21 21:20:00
KP007139,KW11032,2026-04-22,UK,Mobile,13272,44.0,299,5774,5.18,2026-04-22 10:32:00
KP007140,KW10451,2026-04-23,CA,Mobile,5036,17.0,126,1599,7.88,2026-04-23 10:45:00
KP007141,KW11214,2026-04-24,DE,Mobile,1744,18.0,37,638,5.8,2026-04-24 14:19:00
KP007142,KW10459,2026-04-25,JP,Desktop,24498,41.0,221,4609,4.79,2026-04-25 15:53:00
KP007143,KW10392,2026-04-26,CA,Desktop,53625,44.0,511,15524,3.29,2026-04-26 22:50:00
KP007144,KW10490,2026-04-27,BR,Desktop,3876,1.0,255,729,34.98,2026-04-27 11:19:00
KP007145,KW10356,2026-04-28,AU,Desktop,5642,25.0,103,1751,5.88,2026-04-28 11:57:00
KP007146,KW10521,2026-04-29,US,Mobile,6593,32.0,96,2334,4.11,2026-04-29 08:59:00
KP007147,KW11821,2026-04-30,US,Mobile,4165,38.0,101,1728,5.84,2026-04-30 02:57:00
KP007148,KW11827,2026-05-01,AU,Mobile,4694,15.0,19,256,7.42,2026-05-01 16:52:00
KP007149,KW11603,2026-05-02,CA,Mobile,3787,4.0,45,302,14.9,2026-05-02 19:19:00
KP007150,KW10663,2026-05-03,AU,Mobile,3810,37.0,12,319,3.76,2026-05-03 05:06:00
KP007151,KW11901,2026-05-04,DE,Desktop,5414,3.0,448,2906,15.42,2026-05-04 11:48:00
KP007152,KW11788,2026-05-05,MX,Desktop,511,25.0,2,45,4.44,2026-05-05 11:10:00
KP007153,KW11000,2026-05-06,AU,Mobile,9706,7.0,60,600,10.0,2026-05-06 05:24:00
KP007154,KW10324,2026-05-07,JP,Mobile,2565,9.0,27,301,8.97,2026-05-07 03:40:00
KP007155,KW10352,2026-05-08,AU,Desktop,5612,30.0,103,1631,6.32,2026-05-08 02:26:00
KP007156,KW10755,2026-05-09,US,Tablet,3421,12.0,50,634,7.89,2026-05-09 05:49:00
KP007157,KW10075,2026-05-10,IN,Desktop,7259,28.0,150,3230,4.64,2026-05-10 06:56:00
KP007158,KW10538,2026-05-11,IN,Desktop,7400,2.0,481,2654,18.12,2026-05-11 04:40:00
KP007159,KW10713,2026-05-12,AU,Mobile,883,13.0,23,285,8.07,2026-05-12 05:58:00
KP007160,KW10730,2026-05-13,DE,Desktop,11517,3.0,1175,5573,21.08,2026-05-13 17:38:00
KP007161,KW10541,2026-05-14,IN,Mobile,1398,32.0,33,631,5.23,2026-05-14 02:00:00
KP007162,KW10660,2026-05-15,IN,Desktop,3506,47.0,56,1651,3.39,2026-05-15 09:11:00
KP007163,KW10952,2026-05-16,FR,Desktop,12726,34.0,128,2477,5.17,2026-05-16 14:35:00
KP007164,KW10735,2026-05-17,AU,Desktop,2646,41.0,54,983,5.49,2026-05-17 05:03:00
KP007165,KW11933,2026-05-18,AU,Mobile,1927,42.0,45,879,5.12,2026-05-18 16:21:00
KP007166,KW11194,2026-05-19,DE,Desktop,545,13.0,7,122,5.74,2026-05-19 18:43:00
KP007167,KW11144,2026-05-20,UK,Desktop,5128,13.0,220,2419,9.09,2026-05-20 10:50:00
KP007168,KW11483,2026-05-21,US,Mobile,1301,25.0,12,201,5.97,2026-05-21 22:57:00
KP007169,KW10502,2026-05-22,DE,Mobile,4411,42.0,52,1172,4.44,2026-05-22 18:32:00
KP007170,KW11285,2026-05-23,DE,Mobile,2242,2.0,229,949,24.13,2026-05-23 15:22:00
KP007171,KW11457,2026-05-24,BR,Mobile,599,20.0,13,237,5.49,2026-05-24 05:13:00
KP007172,KW11835,2026-05-25,AU,Mobile,6881,12.0,252,2786,9.05,2026-05-25 05:14:00
KP007173,KW11671,2026-05-26,MX,Mobile,1340,43.0,5,154,3.25,2026-05-26 16:12:00
KP007174,KW10857,2026-05-27,AU,Desktop,975,24.0,37,513,7.21,2026-05-27 05:09:00
KP007175,KW10519,2026-05-28,UK,Desktop,3472,39.0,17,356,4.78,2026-05-28 05:35:00
KP007176,KW10949,2026-05-29,DE,Desktop,542,23.0,9,160,5.62,2026-05-29 06:50:00
KP007177,KW11342,2026-05-30,FR,Desktop,5834,42.0,76,1533,4.96,2026-05-30 23:22:00
KP007178,KW11394,2026-05-31,IN,Desktop,3509,48.0,86,1682,5.11,2026-05-31 12:35:00
KP007424,KW11806,2026-02-01,JP,Desktop,2238,12.0,93,1097,8.48,2026-02-01 05:43:00
KP007425,KW11751,2026-02-02,CA,Mobile,818,32.0,12,263,4.56,2026-02-02 07:27:00
KP007426,KW10962,2026-02-03,UK,Mobile,34912,26.0,719,12021,5.98,2026-02-03 09:06:00
KP007427,KW10467,2026-02-04,AU,Mobile,1855,42.0,38,982,3.87,2026-02-04 22:38:00
KP007428,KW10419,2026-02-05,CA,Tablet,8977,4.0,112,833,13.45,2026-02-05 11:44:00
KP007429,KW11654,2026-02-06,US,Mobile,2321,5.0,31,224,13.84,2026-02-06 14:49:00
KP007430,KW10072,2026-02-07,IN,Mobile,2092,40.0,33,942,3.5,2026-02-07 08:23:00
KP007431,KW11397,2026-02-08,UK,Desktop,3857,10.0,21,209,10.05,2026-02-08 22:00:00
KP007432,KW11591,2026-02-09,DE,Desktop,9730,50.0,45,1029,4.37,2026-02-09 22:55:00
KP007433,KW10776,2026-02-10,IN,Desktop,11099,28.0,148,2834,5.22,2026-02-10 15:57:00
KP007434,KW11960,2026-02-11,IN,Mobile,1349,17.0,17,195,8.72,2026-02-11 10:24:00
KP007435,KW10644,2026-02-12,CA,Desktop,11067,45.0,76,1700,4.47,2026-02-12 11:44:00
KP007436,KW10473,2026-02-13,CA,Mobile,4509,27.0,21,308,6.82,2026-02-13 16:43:00
KP007437,KW11763,2026-02-14,MX,Mobile,1205,44.0,7,161,4.35,2026-02-14 19:26:00
KP007438,KW11859,2026-02-15,JP,Desktop,16549,45.0,160,4350,3.68,2026-02-15 10:29:00
KP007439,KW11537,2026-02-16,MX,Desktop,2377,35.0,19,393,4.83,2026-02-16 06:05:00
KP007440,KW11292,2026-02-17,BR,Desktop,350,24.0,10,178,5.62,2026-02-17 12:56:00
KP007441,KW10088,2026-02-18,IN,Tablet,792,33.0,3,76,3.95,2026-02-18 05:54:00
KP007442,KW10270,2026-02-19,JP,Mobile,4943,18.0,160,2620,6.11,2026-02-19 10:05:00
KP007443,KW11713,2026-02-20,JP,Desktop,4009,2.0,517,2094,24.69,2026-02-20 13:59:00
KP007444,KW11339,2026-02-21,US,Mobile,2957,27.0,76,1190,6.39,2026-02-21 02:32:00
KP007445,KW11688,2026-02-22,MX,Mobile,1206,32.0,5,130,3.85,2026-02-22 08:45:00
KP007446,KW11256,2026-02-23,MX,Desktop,2576,49.0,6,132,4.55,2026-02-23 13:36:00
KP007447,KW11102,2026-02-24,US,Mobile,1046,34.0,6,114,5.26,2026-02-24 05:28:00
KP007448,KW10465,2026-02-25,BR,Mobile,588,27.0,4,96,4.17,2026-02-25 10:13:00
KP007449,KW11059,2026-02-26,IN,Mobile,3047,24.0,10,153,6.54,2026-02-26 19:13:00
KP007450,KW11509,2026-02-27,DE,Mobile,8245,37.0,37,649,5.7,2026-02-27 09:06:00
KP007451,KW11068,2026-02-28,DE,Desktop,3011,48.0,65,1392,4.67,2026-02-28 03:55:00
KP007452,KW10723,2026-03-01,FR,Desktop,1204,5.0,79,531,14.88,2026-03-01 02:42:00
KP007453,KW10739,2026-03-02,US,Mobile,2392,9.0,91,738,12.33,2026-03-02 04:45:00
KP007454,KW11342,2026-03-03,DE,Desktop,8525,5.0,558,3114,17.92,2026-03-03 14:41:00
KP007455,KW10858,2026-03-04,BR,Desktop,1270,20.0,8,124,6.45,2026-03-04 19:18:00
KP007456,KW10025,2026-03-05,US,Tablet,2046,18.0,11,183,6.01,2026-03-05 13:35:00
KP007457,KW11579,2026-03-06,MX,Mobile,5579,7.0,125,1047,11.94,2026-03-06 19:48:00
KP007458,KW11043,2026-03-07,CA,Desktop,1777,41.0,28,511,5.48,2026-03-07 04:36:00
KP007459,KW10882,2026-03-08,UK,Mobile,1234,23.0,16,262,6.11,2026-03-08 15:20:00
KP007460,KW11405,2026-03-09,MX,Mobile,2974,8.0,41,438,9.36,2026-03-09 09:57:00
KP007461,KW11641,2026-03-10,DE,Mobile,7709,36.0,47,1067,4.4,2026-03-10 19:51:00
KP007462,KW10766,2026-03-11,UK,Mobile,2575,15.0,35,365,9.59,2026-03-11 06:31:00
KP007463,KW11315,2026-03-12,CA,Mobile,2598,43.0,30,711,4.22,2026-03-12 23:20:00
KP007464,KW11233,2026-03-13,JP,Desktop,4570,30.0,39,827,4.72,2026-03-13 08:03:00
KP007465,KW11027,2026-03-14,FR,Mobile,4655,41.0,52,1104,4.71,2026-03-14 06:48:00
KP007466,KW11035,2026-03-15,FR,Desktop,369,50.0,4,93,4.3,2026-03-15 13:39:00
KP007467,KW11272,2026-03-16,DE,Desktop,2205,10.0,97,973,9.97,2026-03-16 11:10:00
KP007468,KW10225,2026-03-17,BR,Mobile,5417,42.0,111,2715,4.09,2026-03-17 02:23:00
KP007469,KW10166,2026-03-18,MX,Mobile,4783,15.0,103,1224,8.42,2026-03-18 10:53:00
KP007470,KW10153,2026-03-19,AU,Mobile,4553,6.0,290,2440,11.89,2026-03-19 18:56:00
KP007471,KW11701,2026-03-20,AU,Desktop,1137,29.0,19,292,6.51,2026-03-20 14:02:00
KP007472,KW10906,2026-03-21,JP,Mobile,7489,18.0,253,2938,8.61,2026-03-21 10:27:00
KP007473,KW10296,2026-03-22,MX,Mobile,3136,39.0,36,636,5.66,2026-03-22 02:09:00
KP007474,KW10978,2026-03-23,MX,Desktop,6210,33.0,101,1918,5.27,2026-03-23 06:23:00
KP007475,KW11114,2026-03-24,CA,Mobile,1288,37.0,3,70,4.29,2026-03-24 14:04:00
KP007476,KW10973,2026-03-25,BR,Desktop,1622,4.0,145,770,18.83,2026-03-25 21:20:00
KP007477,KW10975,2026-03-26,BR,Mobile,986,23.0,8,146,5.48,2026-03-26 07:33:00
KP007478,KW10136,2026-03-27,DE,Mobile,3188,18.0,48,583,8.23,2026-03-27 09:33:00
KP007479,KW11524,2026-03-28,JP,Mobile,3571,38.0,79,1843,4.29,2026-03-28 20:15:00
KP007480,KW11491,2026-03-29,BR,Desktop,3667,48.0,30,603,4.98,2026-03-29 08:28:00
KP007481,KW11641,2026-03-30,CA,Mobile,13248,14.0,200,2894,6.91,2026-03-30 14:00:00
KP007482,KW10638,2026-03-31,BR,Desktop,1000,50.0,8,200,4.0,2026-03-31 23:42:00
KP007483,KW11409,2026-04-01,US,Desktop,2848,4.0,94,679,13.84,2026-04-01 17:30:00
KP007484,KW10173,2026-04-02,JP,Mobile,34740,13.0,706,7410,9.53,2026-04-02 18:38:00
KP007485,KW10950,2026-04-03,DE,Mobile,2515,20.0,95,1149,8.27,2026-04-03 11:50:00
KP007486,KW10385,2026-04-04,JP,Mobile,1569,22.0,41,773,5.3,2026-04-04 17:36:00
KP007487,KW11832,2026-04-05,CA,Desktop,6729,45.0,74,2224,3.33,2026-04-05 04:04:00
KP007488,KW10032,2026-04-06,DE,Mobile,3875,11.0,54,464,11.64,2026-04-06 13:25:00
KP007489,KW10292,2026-04-07,US,Tablet,3329,44.0,81,1511,5.36,2026-04-07 10:34:00
KP007490,KW11533,2026-04-08,JP,Mobile,3080,10.0,62,694,8.93,2026-04-08 15:25:00
KP007491,KW10895,2026-04-09,BR,Tablet,4217,35.0,38,751,5.06,2026-04-09 18:40:00
KP007492,KW10111,2026-04-10,JP,Mobile,6167,40.0,20,438,4.57,2026-04-10 07:30:00
KP007493,KW11307,2026-04-11,JP,Desktop,3884,47.0,51,1408,3.62,2026-04-11 04:30:00
KP007494,KW11268,2026-04-12,US,Mobile,3528,47.0,42,837,5.02,2026-04-12 14:54:00
KP007495,KW11340,2026-04-13,JP,Desktop,31899,45.0,361,8952,4.03,2026-04-13 09:44:00
KP007496,KW10276,2026-04-14,MX,Mobile,2925,36.0,41,763,5.37,2026-04-14 21:39:00
KP007497,KW10517,2026-04-15,UK,Mobile,5378,40.0,95,2444,3.89,2026-04-15 04:41:00
KP007498,KW11930,2026-04-16,BR,Desktop,2005,50.0,7,195,3.59,2026-04-16 23:37:00
KP007499,KW11873,2026-04-17,US,Mobile,1212,12.0,19,238,7.98,2026-04-17 07:05:00
KP007500,KW11634,2026-04-18,DE,Desktop,11306,8.0,294,2439,12.05,2026-04-18 17:57:00
KP007501,KW10620,2026-04-19,FR,Mobile,13340,42.0,220,6209,3.54,2026-04-19 23:37:00
KP007502,KW11877,2026-04-20,BR,Mobile,8343,46.0,218,4180,5.22,2026-04-20 18:42:00
KP007503,KW10077,2026-04-21,DE,Desktop,1642,25.0,19,286,6.64,2026-04-21 11:45:00
KP007504,KW10334,2026-04-22,MX,Desktop,1554,19.0,16,261,6.13,2026-04-22 16:33:00
KP007505,KW10637,2026-04-23,JP,Desktop,6479,46.0,32,1000,3.2,2026-04-23 08:26:00
KP007506,KW11441,2026-04-24,FR,Mobile,2004,49.0,24,572,4.2,2026-04-24 06:29:00
KP007507,KW10348,2026-04-25,US,Desktop,5301,37.0,28,728,3.85,2026-04-25 13:39:00
KP007508,KW11005,2026-04-26,CA,Desktop,3167,16.0,87,1013,8.59,2026-04-26 14:33:00
KP007509,KW10785,2026-04-27,DE,Desktop,5166,3.0,350,1862,18.8,2026-04-27 17:12:00
KP007510,KW11069,2026-04-28,AU,Desktop,5382,40.0,88,2129,4.13,2026-04-28 23:32:00
KP007511,KW10740,2026-04-29,BR,Mobile,721,26.0,15,263,5.7,2026-04-29 12:45:00
KP007512,KW11369,2026-04-30,FR,Mobile,20934,25.0,64,1095,5.84,2026-04-30 00:31:00
KP007513,KW11067,2026-05-01,BR,Tablet,7712,2.0,878,3972,22.1,2026-05-01 20:22:00
KP007514,KW10673,2026-05-02,UK,Mobile,7141,40.0,105,2304,4.56,2026-05-02 10:13:00
KP007515,KW11808,2026-05-03,US,Mobile,6796,1.0,1031,3398,30.34,2026-05-03 05:27:00
KP007516,KW11878,2026-05-04,AU,Mobile,8562,46.0,77,2224,3.46,2026-05-04 02:12:00
KP007517,KW11706,2026-05-05,MX,Desktop,1279,7.0,54,496,10.89,2026-05-05 02:36:00
KP007518,KW11273,2026-05-06,DE,Desktop,5533,1.0,709,2027,34.98,2026-05-06 22:09:00
KP007519,KW11318,2026-05-07,US,Desktop,1960,6.0,39,343,11.37,2026-05-07 19:34:00
KP007520,KW10217,2026-05-08,DE,Mobile,1453,10.0,39,475,8.21,2026-05-08 16:55:00
KP007521,KW10865,2026-05-09,US,Tablet,2566,44.0,28,692,4.05,2026-05-09 21:31:00
KP007522,KW10666,2026-05-10,AU,Mobile,5087,34.0,162,2588,6.26,2026-05-10 13:04:00
KP007523,KW11953,2026-05-11,US,Desktop,6577,20.0,123,1854,6.63,2026-05-11 03:56:00
KP007524,KW10057,2026-05-12,CA,Mobile,2004,26.0,39,643,6.07,2026-05-12 21:59:00
KP007525,KW10599,2026-05-13,US,Mobile,1033,12.0,23,317,7.26,2026-05-13 17:40:00
KP007526,KW10212,2026-05-14,US,Mobile,3283,37.0,19,361,5.26,2026-05-14 14:25:00
KP007527,KW11550,2026-05-15,DE,Mobile,3219,21.0,33,636,5.19,2026-05-15 22:47:00
KP007528,KW11662,2026-05-16,AU,Mobile,1605,44.0,28,661,4.24,2026-05-16 20:25:00
KP007529,KW10478,2026-05-17,CA,Desktop,4111,23.0,25,456,5.48,2026-05-17 07:58:00
KP007530,KW10553,2026-05-18,JP,Mobile,4908,50.0,15,344,4.36,2026-05-18 11:32:00
KP007531,KW11624,2026-05-19,MX,Mobile,4492,39.0,111,2070,5.36,2026-05-19 05:56:00
KP007532,KW10388,2026-05-20,IN,Desktop,1565,32.0,30,518,5.79,2026-05-20 00:27:00
KP007533,KW11845,2026-05-21,JP,Desktop,9892,27.0,100,1745,5.73,2026-05-21 11:17:00
KP007534,KW11394,2026-05-22,FR,Desktop,16524,45.0,323,6128,5.27,2026-05-22 10:57:00
KP007535,KW11533,2026-05-23,DE,Desktop,605,27.0,20,323,6.19,2026-05-23 03:25:00
KP007536,KW10779,2026-05-24,AU,Mobile,3211,41.0,78,1482,5.26,2026-05-24 01:42:00
KP007537,KW10292,2026-05-25,FR,Desktop,4389,45.0,77,2286,3.37,2026-05-25 05:27:00
KP007538,KW10235,2026-05-26,JP,Desktop,3271,2.0,291,1442,20.18,2026-05-26 00:26:00
KP007539,KW11717,2026-05-27,JP,Mobile,1446,33.0,14,287,4.88,2026-05-27 16:51:00
KP007540,KW10399,2026-05-28,JP,Mobile,2116,19.0,33,483,6.83,2026-05-28 23:55:00
KP007541,KW11699,2026-05-29,FR,Desktop,2118,40.0,28,663,4.22,2026-05-29 12:53:00
KP007542,KW11799,2026-05-30,DE,Desktop,2164,43.0,25,597,4.19,2026-05-30 03:40:00
KP007543,KW10887,2026-05-31,IN,Mobile,1934,34.0,28,517,5.42,2026-05-31 06:03:00
KP007789,KW11966,2026-02-01,JP,Mobile,11860,45.0,164,4999,3.28,2026-02-01 09:27:00
KP007790,KW11786,2026-02-02,AU,Desktop,3997,50.0,18,478,3.77,2026-02-02 04:13:00
KP007791,KW10341,2026-02-03,JP,Desktop,5358,21.0,39,628,6.21,2026-02-03 20:39:00
KP007792,KW10325,2026-02-04,UK,Mobile,6215,28.0,105,1882,5.58,2026-02-04 14:12:00
KP007793,KW10652,2026-02-05,AU,Mobile,15354,10.0,392,3688,10.63,2026-02-05 09:01:00
KP007794,KW10037,2026-02-06,MX,Desktop,5530,7.0,284,2087,13.61,2026-02-06 03:02:00
KP007795,KW11367,2026-02-07,UK,Mobile,13035,49.0,47,1355,3.47,2026-02-07 01:35:00
KP007796,KW10289,2026-02-08,US,Tablet,5228,43.0,71,1377,5.16,2026-02-08 00:53:00
KP007797,KW10460,2026-02-09,AU,Desktop,2731,34.0,8,203,3.94,2026-02-09 08:11:00
KP007798,KW10982,2026-02-10,MX,Mobile,34241,47.0,224,6845,3.27,2026-02-10 22:04:00
KP007799,KW11945,2026-02-11,AU,Desktop,22156,7.0,541,4919,11.0,2026-02-11 10:46:00
KP007800,KW11417,2026-02-12,CA,Desktop,7522,41.0,143,2748,5.2,2026-02-12 22:48:00
KP007801,KW11482,2026-02-13,JP,Desktop,1197,10.0,52,459,11.33,2026-02-13 02:52:00
KP007802,KW10134,2026-02-14,IN,Mobile,4207,6.0,87,801,10.86,2026-02-14 22:43:00
KP007803,KW11992,2026-02-15,AU,Mobile,610,4.0,27,152,17.76,2026-02-15 19:33:00
KP007804,KW10026,2026-02-16,BR,Mobile,2116,36.0,35,835,4.19,2026-02-16 17:24:00
KP007805,KW10245,2026-02-17,UK,Mobile,6347,46.0,67,1762,3.8,2026-02-17 06:07:00
KP007806,KW11794,2026-02-18,IN,Desktop,5438,6.0,71,650,10.92,2026-02-18 06:47:00
KP007807,KW11588,2026-02-19,UK,Desktop,570,39.0,4,120,3.33,2026-02-19 21:56:00
KP007808,KW10674,2026-02-20,FR,Mobile,2052,1.0,200,645,31.01,2026-02-20 11:22:00
KP007809,KW10540,2026-02-21,IN,Mobile,5692,47.0,35,828,4.23,2026-02-21 01:05:00
KP007810,KW11610,2026-02-22,JP,Desktop,3087,1.0,70,250,28.0,2026-02-22 10:14:00
KP007811,KW11855,2026-02-23,CA,Desktop,2192,19.0,53,676,7.84,2026-02-23 15:34:00
KP007812,KW10791,2026-02-24,FR,Mobile,2134,8.0,140,1149,12.18,2026-02-24 03:25:00
KP007813,KW10015,2026-02-25,FR,Mobile,1467,30.0,18,330,5.45,2026-02-25 18:41:00
KP007814,KW10839,2026-02-26,UK,Desktop,1469,6.0,30,284,10.56,2026-02-26 11:54:00
KP007815,KW11563,2026-02-27,UK,Desktop,6846,37.0,57,1381,4.13,2026-02-27 07:41:00
KP007816,KW10443,2026-02-28,MX,Mobile,1300,35.0,33,635,5.2,2026-02-28 04:39:00
KP007817,KW10241,2026-03-01,MX,Mobile,1131,43.0,18,475,3.79,2026-03-01 23:56:00
KP007818,KW10723,2026-03-02,FR,Mobile,4642,23.0,138,2153,6.41,2026-03-02 12:18:00
KP007819,KW11210,2026-03-03,UK,Desktop,1425,2.0,118,438,26.94,2026-03-03 20:00:00
KP007820,KW11167,2026-03-04,US,Mobile,369,28.0,9,134,6.72,2026-03-04 10:14:00
KP007821,KW11251,2026-03-05,IN,Mobile,2081,15.0,64,1013,6.32,2026-03-05 15:52:00
KP007822,KW11244,2026-03-06,MX,Desktop,1932,19.0,71,1011,7.02,2026-03-06 17:55:00
KP007823,KW10588,2026-03-07,UK,Mobile,3376,5.0,38,314,12.1,2026-03-07 16:06:00
KP007824,KW10327,2026-03-08,BR,Desktop,7284,1.0,283,810,34.94,2026-03-08 00:54:00
KP007825,KW10840,2026-03-09,AU,Tablet,3880,24.0,17,238,7.14,2026-03-09 08:59:00
KP007826,KW11787,2026-03-10,US,Mobile,3248,21.0,94,1172,8.02,2026-03-10 03:04:00
KP007827,KW10802,2026-03-11,DE,Desktop,2305,16.0,45,741,6.07,2026-03-11 17:22:00
KP007828,KW11178,2026-03-12,CA,Mobile,2207,27.0,15,359,4.18,2026-03-12 02:51:00
KP007829,KW11995,2026-03-13,JP,Desktop,3384,17.0,53,673,7.88,2026-03-13 00:37:00
KP007830,KW11525,2026-03-14,US,Mobile,1070,39.0,30,557,5.39,2026-03-14 06:31:00
KP007831,KW10458,2026-03-15,FR,Desktop,13427,33.0,126,2237,5.63,2026-03-15 12:01:00
KP007832,KW10511,2026-03-16,MX,Desktop,4138,44.0,19,381,4.99,2026-03-16 13:18:00
KP007833,KW10944,2026-03-17,IN,Mobile,984,15.0,33,511,6.46,2026-03-17 21:38:00
KP007834,KW11971,2026-03-18,FR,Mobile,2492,13.0,66,783,8.43,2026-03-18 22:21:00
KP007835,KW10021,2026-03-19,DE,Mobile,11952,24.0,164,3290,4.98,2026-03-19 18:12:00
KP007836,KW10340,2026-03-20,FR,Mobile,187,20.0,1,20,5.0,2026-03-20 14:44:00
KP007837,KW11763,2026-03-21,JP,Mobile,926,45.0,11,282,3.9,2026-03-21 21:48:00
KP007838,KW11680,2026-03-22,BR,Desktop,19402,25.0,293,5077,5.77,2026-03-22 12:49:00
KP007839,KW10426,2026-03-23,DE,Mobile,1701,37.0,33,783,4.21,2026-03-23 11:37:00
KP007840,KW10758,2026-03-24,MX,Tablet,5638,7.0,237,2509,9.45,2026-03-24 03:41:00
KP007841,KW10595,2026-03-25,UK,Desktop,622,25.0,17,274,6.2,2026-03-25 17:15:00
KP007842,KW10927,2026-03-26,DE,Mobile,2061,37.0,58,1110,5.23,2026-03-26 09:03:00
KP007843,KW10198,2026-03-27,IN,Mobile,2384,27.0,49,1099,4.46,2026-03-27 11:08:00
KP007844,KW11203,2026-03-28,UK,Desktop,2118,37.0,12,247,4.86,2026-03-28 22:11:00
KP007845,KW11846,2026-03-29,DE,Mobile,6181,38.0,176,3204,5.49,2026-03-29 21:59:00
KP007846,KW10776,2026-03-30,IN,Desktop,2148,3.0,26,145,17.93,2026-03-30 07:48:00
KP007847,KW11139,2026-03-31,US,Mobile,6384,25.0,79,1098,7.19,2026-03-31 10:29:00
KP007848,KW11491,2026-04-01,FR,Desktop,5460,19.0,100,1399,7.15,2026-04-01 18:58:00
KP007849,KW11927,2026-04-02,UK,Desktop,3546,3.0,186,840,22.14,2026-04-02 18:52:00
KP007850,KW11124,2026-04-03,IN,Desktop,11340,45.0,141,3152,4.47,2026-04-03 18:12:00
KP007851,KW10516,2026-04-04,IN,Desktop,4699,3.0,69,365,18.9,2026-04-04 07:06:00
KP007852,KW11859,2026-04-05,BR,Mobile,8631,2.0,126,636,19.81,2026-04-05 22:43:00
KP007853,KW10771,2026-04-06,AU,Desktop,4167,16.0,122,1560,7.82,2026-04-06 15:03:00
KP007854,KW10018,2026-04-07,BR,Mobile,20429,48.0,290,7887,3.68,2026-04-07 21:58:00
KP007855,KW10768,2026-04-08,BR,Mobile,5421,19.0,110,1928,5.71,2026-04-08 12:40:00
KP007856,KW10399,2026-04-09,AU,Desktop,1429,38.0,13,265,4.91,2026-04-09 03:58:00
KP007857,KW10675,2026-04-10,DE,Mobile,2141,1.0,375,1072,34.98,2026-04-10 15:14:00
KP007858,KW11158,2026-04-11,AU,Desktop,5426,13.0,108,1366,7.91,2026-04-11 14:29:00
KP007859,KW11609,2026-04-12,CA,Desktop,10744,13.0,344,3442,9.99,2026-04-12 22:24:00
KP007860,KW10729,2026-04-13,CA,Desktop,3000,9.0,118,1053,11.21,2026-04-13 12:00:00
KP007861,KW10405,2026-04-14,BR,Desktop,29741,21.0,342,4239,8.07,2026-04-14 12:38:00
KP007862,KW10915,2026-04-15,US,Mobile,3275,29.0,11,175,6.29,2026-04-15 02:17:00
KP007863,KW11076,2026-04-16,UK,Desktop,1698,7.0,38,363,10.47,2026-04-16 02:30:00
KP007864,KW11235,2026-04-17,FR,Mobile,5838,18.0,108,1275,8.47,2026-04-17 00:00:00
KP007865,KW11424,2026-04-18,IN,Mobile,1574,24.0,49,853,5.74,2026-04-18 01:12:00
KP007866,KW11657,2026-04-19,FR,Mobile,4132,18.0,146,2260,6.46,2026-04-19 00:22:00
KP007867,KW10477,2026-04-20,US,Mobile,2597,40.0,34,820,4.15,2026-04-20 21:22:00
KP007868,KW10482,2026-04-21,AU,Mobile,8548,38.0,75,1548,4.84,2026-04-21 03:59:00
KP007869,KW11768,2026-04-22,CA,Desktop,14121,22.0,383,6992,5.48,2026-04-22 15:04:00
KP007870,KW11001,2026-04-23,JP,Mobile,9808,17.0,140,1872,7.48,2026-04-23 07:12:00
KP007871,KW10364,2026-04-24,MX,Desktop,648,41.0,13,247,5.26,2026-04-24 06:12:00
KP007872,KW11094,2026-04-25,UK,Tablet,4165,45.0,41,1243,3.3,2026-04-25 15:23:00
KP007873,KW11276,2026-04-26,FR,Tablet,4604,11.0,42,439,9.57,2026-04-26 23:44:00
KP007874,KW11276,2026-04-27,BR,Tablet,3102,49.0,49,1291,3.8,2026-04-27 07:52:00
KP007875,KW11509,2026-04-28,MX,Desktop,2345,11.0,89,835,10.66,2026-04-28 05:39:00
KP007876,KW10209,2026-04-29,AU,Desktop,680,44.0,13,322,4.04,2026-04-29 11:08:00
KP007877,KW11253,2026-04-30,CA,Desktop,10410,48.0,273,5635,4.84,2026-04-30 08:30:00
KP007878,KW10491,2026-05-01,DE,Mobile,2355,19.0,9,148,6.08,2026-05-01 14:28:00
KP007879,KW11079,2026-05-02,US,Desktop,33592,9.0,234,2502,9.35,2026-05-02 23:31:00
KP007880,KW10428,2026-05-03,MX,Desktop,2344,20.0,8,136,5.88,2026-05-03 21:04:00
KP007881,KW10623,2026-05-04,CA,Tablet,2201,45.0,23,528,4.36,2026-05-04 00:34:00
KP007882,KW11520,2026-05-05,DE,Desktop,1516,39.0,19,373,5.09,2026-05-05 09:33:00
KP007883,KW10896,2026-05-06,FR,Mobile,3920,30.0,57,1393,4.09,2026-05-06 14:26:00
KP007884,KW10717,2026-05-07,FR,Desktop,3780,5.0,178,1422,12.52,2026-05-07 22:43:00
KP007885,KW10627,2026-05-08,FR,Desktop,5730,7.0,185,1796,10.3,2026-05-08 21:02:00
KP007886,KW11698,2026-05-09,US,Desktop,1972,17.0,47,687,6.84,2026-05-09 09:24:00
KP007887,KW10888,2026-05-10,JP,Desktop,17291,24.0,203,2808,7.23,2026-05-10 17:21:00
KP007888,KW10563,2026-05-11,BR,Desktop,1747,34.0,49,872,5.62,2026-05-11 13:11:00
KP007889,KW10480,2026-05-12,IN,Desktop,13772,17.0,211,2635,8.01,2026-05-12 20:27:00
KP007890,KW10910,2026-05-13,UK,Mobile,228,13.0,4,58,6.9,2026-05-13 03:13:00
KP007891,KW11403,2026-05-14,JP,Desktop,7067,48.0,32,994,3.22,2026-05-14 10:33:00
KP007892,KW11929,2026-05-15,BR,Desktop,2003,4.0,136,1065,12.77,2026-05-15 09:09:00
KP007893,KW10455,2026-05-16,DE,Mobile,1887,16.0,10,116,8.62,2026-05-16 18:10:00
KP007894,KW10182,2026-05-17,AU,Mobile,3294,29.0,32,714,4.48,2026-05-17 11:37:00
KP007895,KW11163,2026-05-18,JP,Mobile,825,34.0,16,431,3.71,2026-05-18 10:18:00
KP007896,KW11153,2026-05-19,US,Desktop,2514,10.0,30,354,8.47,2026-05-19 18:14:00
KP007897,KW10334,2026-05-20,UK,Mobile,928,49.0,7,170,4.12,2026-05-20 13:46:00
KP007898,KW10250,2026-05-21,IN,Mobile,5577,28.0,132,1989,6.64,2026-05-21 13:26:00
KP007899,KW11632,2026-05-22,IN,Mobile,4236,41.0,55,1536,3.58,2026-05-22 10:07:00
KP007900,KW10542,2026-05-23,BR,Mobile,3122,28.0,56,1144,4.9,2026-05-23 06:07:00
KP007901,KW11940,2026-05-24,BR,Mobile,10164,3.0,948,4933,19.22,2026-05-24 16:59:00
KP007902,KW10465,2026-05-25,JP,Mobile,1919,45.0,9,272,3.31,2026-05-25 15:32:00
KP007903,KW11131,2026-05-26,BR,Desktop,5011,44.0,116,2158,5.38,2026-05-26 05:48:00
KP007904,KW11313,2026-05-27,JP,Mobile,2734,44.0,75,1445,5.19,2026-05-27 00:32:00
KP007905,KW11438,2026-05-28,FR,Desktop,4019,7.0,119,964,12.34,2026-05-28 03:31:00
KP007906,KW11178,2026-05-29,JP,Mobile,2480,38.0,31,532,5.83,2026-05-29 21:33:00
KP007907,KW10089,2026-05-30,US,Desktop,914,15.0,27,415,6.51,2026-05-30 23:24:00
KP007908,KW10524,2026-05-31,BR,Desktop,3313,46.0,8,246,3.25,2026-05-31 23:11:00
KP008154,KW11138,2026-02-01,AU,Mobile,1623,44.0,10,219,4.57,2026-02-01 00:03:00
KP008155,KW11923,2026-02-02,JP,Desktop,5238,13.0,60,869,6.9,2026-02-02 05:04:00
KP008156,KW11596,2026-02-03,US,Desktop,4624,14.0,83,1041,7.97,2026-02-03 14:02:00
KP008157,KW11907,2026-02-04,MX,Mobile,2133,30.0,12,194,6.19,2026-02-04 05:09:00
KP008158,KW11792,2026-02-05,DE,Tablet,1192,4.0,34,214,15.89,2026-02-05 01:16:00
KP008159,KW11064,2026-02-06,JP,Mobile,3338,1.0,191,694,27.52,2026-02-06 00:40:00
KP008160,KW10424,2026-02-07,UK,Mobile,7434,8.0,164,1576,10.41,2026-02-07 03:38:00
KP008161,KW11433,2026-02-08,US,Desktop,2181,23.0,46,813,5.66,2026-02-08 17:19:00
KP008162,KW10492,2026-02-09,BR,Desktop,4640,38.0,74,1703,4.35,2026-02-09 05:48:00
KP008163,KW11288,2026-02-10,JP,Tablet,2334,26.0,52,780,6.67,2026-02-10 07:58:00
KP008164,KW11121,2026-02-11,US,Desktop,3874,24.0,33,695,4.75,2026-02-11 02:06:00
KP008165,KW10102,2026-02-12,CA,Mobile,606,10.0,24,292,8.22,2026-02-12 21:55:00
KP008166,KW11700,2026-02-13,BR,Desktop,5177,7.0,208,2074,10.03,2026-02-13 23:00:00
KP008167,KW11555,2026-02-14,BR,Tablet,9366,19.0,320,4517,7.08,2026-02-14 09:28:00
KP008168,KW11442,2026-02-15,JP,Mobile,11088,8.0,155,1384,11.2,2026-02-15 23:08:00
KP008169,KW11861,2026-02-16,FR,Mobile,6528,11.0,129,1688,7.64,2026-02-16 06:55:00
KP008170,KW11738,2026-02-17,MX,Mobile,3395,35.0,66,1079,6.12,2026-02-17 20:50:00
KP008171,KW10775,2026-02-18,FR,Mobile,1667,16.0,58,886,6.55,2026-02-18 22:00:00
KP008172,KW11772,2026-02-19,DE,Mobile,1665,46.0,25,524,4.77,2026-02-19 11:59:00
KP008173,KW11177,2026-02-20,UK,Desktop,1172,25.0,4,92,4.35,2026-02-20 18:30:00
KP008174,KW11730,2026-02-21,DE,Mobile,2288,23.0,62,907,6.84,2026-02-21 15:30:00
KP008175,KW11087,2026-02-22,MX,Mobile,7296,17.0,101,1558,6.48,2026-02-22 23:13:00
KP008176,KW11300,2026-02-23,JP,Tablet,1233,12.0,61,560,10.89,2026-02-23 14:44:00
KP008177,KW11863,2026-02-24,AU,Mobile,5533,38.0,132,2725,4.84,2026-02-24 15:08:00
KP008178,KW11402,2026-02-25,BR,Desktop,901,39.0,17,374,4.55,2026-02-25 02:16:00
KP008179,KW11111,2026-02-26,US,Desktop,3852,9.0,121,1417,8.54,2026-02-26 13:52:00
KP008180,KW11329,2026-02-27,BR,Mobile,3300,32.0,23,416,5.53,2026-02-27 12:54:00
KP008181,KW10344,2026-02-28,FR,Mobile,6090,36.0,87,1870,4.65,2026-02-28 10:53:00
KP008182,KW11504,2026-03-01,US,Desktop,2710,37.0,50,1076,4.65,2026-03-01 05:04:00
KP008183,KW11623,2026-03-02,FR,Desktop,6419,27.0,73,1511,4.83,2026-03-02 06:03:00
KP008184,KW10831,2026-03-03,JP,Desktop,5689,42.0,147,2848,5.16,2026-03-03 21:42:00
KP008185,KW10857,2026-03-04,UK,Mobile,1120,22.0,18,314,5.73,2026-03-04 21:17:00
KP008186,KW10966,2026-03-05,MX,Desktop,759,9.0,25,225,11.11,2026-03-05 18:26:00
KP008187,KW10073,2026-03-06,US,Desktop,31032,17.0,691,7686,8.99,2026-03-06 01:32:00
KP008188,KW11203,2026-03-07,DE,Mobile,1727,21.0,34,553,6.15,2026-03-07 22:56:00
KP008189,KW10234,2026-03-08,FR,Desktop,2101,8.0,142,1099,12.92,2026-03-08 00:02:00
KP008190,KW11677,2026-03-09,US,Mobile,2153,12.0,51,736,6.93,2026-03-09 12:06:00
KP008191,KW10028,2026-03-10,MX,Mobile,1029,37.0,4,95,4.21,2026-03-10 18:09:00
KP008192,KW10861,2026-03-11,BR,Desktop,4875,30.0,141,2209,6.38,2026-03-11 01:10:00
KP008193,KW10283,2026-03-12,AU,Mobile,2167,3.0,116,579,20.03,2026-03-12 08:51:00
KP008194,KW11156,2026-03-13,UK,Desktop,9708,47.0,161,3691,4.36,2026-03-13 12:57:00
KP008195,KW10990,2026-03-14,BR,Desktop,11962,48.0,253,5948,4.25,2026-03-14 15:15:00
KP008196,KW10572,2026-03-15,FR,Mobile,1855,34.0,10,234,4.27,2026-03-15 03:19:00
KP008197,KW11357,2026-03-16,US,Mobile,2083,20.0,68,1032,6.59,2026-03-16 15:57:00
KP008198,KW10705,2026-03-17,JP,Desktop,15786,24.0,465,7641,6.09,2026-03-17 14:02:00
KP008199,KW10672,2026-03-18,US,Mobile,2673,34.0,50,841,5.95,2026-03-18 13:05:00
KP008200,KW11106,2026-03-19,MX,Mobile,694,25.0,13,258,5.04,2026-03-19 10:36:00
KP008201,KW10334,2026-03-20,US,Mobile,6013,35.0,166,3020,5.5,2026-03-20 16:30:00
KP008202,KW10549,2026-03-21,FR,Tablet,474,40.0,1,34,2.94,2026-03-21 17:12:00
KP008203,KW10831,2026-03-22,US,Mobile,2470,10.0,59,559,10.55,2026-03-22 15:41:00
KP008204,KW11981,2026-03-23,UK,Desktop,3771,1.0,520,1488,34.95,2026-03-23 09:41:00
KP008205,KW10115,2026-03-24,US,Tablet,2966,30.0,47,836,5.62,2026-03-24 07:08:00
KP008206,KW11107,2026-03-25,JP,Desktop,998,35.0,20,510,3.92,2026-03-25 21:13:00
KP008207,KW11819,2026-03-26,CA,Mobile,516,17.0,18,210,8.57,2026-03-26 12:15:00
KP008208,KW10371,2026-03-27,UK,Desktop,546,14.0,23,265,8.68,2026-03-27 05:07:00
KP008209,KW10675,2026-03-28,MX,Mobile,3020,14.0,125,1304,9.59,2026-03-28 00:02:00
KP008210,KW11484,2026-03-29,MX,Tablet,2288,27.0,26,432,6.02,2026-03-29 07:41:00
KP008211,KW11379,2026-03-30,FR,Mobile,491,10.0,19,187,10.16,2026-03-30 23:19:00
KP008212,KW10154,2026-03-31,AU,Mobile,11494,40.0,87,1580,5.51,2026-03-31 06:31:00
KP008213,KW10541,2026-04-01,IN,Tablet,377,29.0,5,114,4.39,2026-04-01 05:45:00
KP008214,KW10459,2026-04-02,UK,Desktop,1726,1.0,157,450,34.89,2026-04-02 20:42:00
KP008215,KW11725,2026-04-03,IN,Mobile,4944,12.0,55,561,9.8,2026-04-03 10:03:00
KP008216,KW11665,2026-04-04,US,Mobile,2243,7.0,109,1102,9.89,2026-04-04 08:25:00
KP008217,KW10306,2026-04-05,JP,Desktop,3341,50.0,28,713,3.93,2026-04-05 08:39:00
KP008218,KW10233,2026-04-06,MX,Desktop,5313,38.0,132,2788,4.73,2026-04-06 03:36:00
KP008219,KW10679,2026-04-07,AU,Mobile,7142,47.0,77,2388,3.22,2026-04-07 11:21:00
KP008220,KW11405,2026-04-08,UK,Desktop,2370,44.0,34,766,4.44,2026-04-08 11:51:00
KP008221,KW11904,2026-04-09,AU,Mobile,859,25.0,5,101,4.95,2026-04-09 13:17:00
KP008222,KW11930,2026-04-10,FR,Mobile,4011,29.0,30,458,6.55,2026-04-10 13:17:00
KP008223,KW10347,2026-04-11,FR,Mobile,11871,30.0,143,2277,6.28,2026-04-11 10:48:00
KP008224,KW10560,2026-04-12,AU,Desktop,1368,22.0,17,280,6.07,2026-04-12 18:29:00
KP008225,KW11004,2026-04-13,BR,Desktop,541,17.0,4,62,6.45,2026-04-13 16:07:00
KP008226,KW10987,2026-04-14,AU,Tablet,1608,33.0,41,763,5.37,2026-04-14 21:36:00
KP008227,KW11663,2026-04-15,US,Desktop,466,6.0,21,166,12.65,2026-04-15 11:18:00
KP008228,KW11605,2026-04-16,US,Mobile,2884,47.0,57,1251,4.56,2026-04-16 23:55:00
KP008229,KW10065,2026-04-17,IN,Mobile,4746,8.0,80,900,8.89,2026-04-17 11:02:00
KP008230,KW11490,2026-04-18,CA,Mobile,3005,38.0,13,364,3.57,2026-04-18 00:01:00
KP008231,KW10750,2026-04-19,BR,Desktop,16721,23.0,346,6319,5.48,2026-04-19 11:35:00
KP008232,KW10285,2026-04-20,AU,Tablet,1591,27.0,17,385,4.42,2026-04-20 10:05:00
KP008233,KW11406,2026-04-21,FR,Desktop,9355,22.0,73,968,7.54,2026-04-21 10:05:00
KP008234,KW10449,2026-04-22,IN,Mobile,3314,5.0,228,1742,13.09,2026-04-22 20:00:00
KP008235,KW11877,2026-04-23,US,Mobile,2249,44.0,37,933,3.97,2026-04-23 21:09:00
KP008236,KW10279,2026-04-24,AU,Desktop,2207,29.0,31,714,4.34,2026-04-24 11:18:00
KP008237,KW10499,2026-04-25,UK,Desktop,931,47.0,7,227,3.08,2026-04-25 06:50:00
KP008238,KW10736,2026-04-26,UK,Desktop,5768,16.0,89,1528,5.82,2026-04-26 02:46:00
KP008239,KW11195,2026-04-27,AU,Mobile,8855,46.0,107,2509,4.26,2026-04-27 14:40:00
KP008240,KW11117,2026-04-28,CA,Mobile,2768,47.0,67,1357,4.94,2026-04-28 14:14:00
KP008241,KW10091,2026-04-29,MX,Tablet,3826,22.0,54,841,6.42,2026-04-29 20:24:00
KP008242,KW10168,2026-04-30,IN,Desktop,1788,41.0,50,929,5.38,2026-04-30 09:48:00
KP008243,KW11385,2026-05-01,UK,Mobile,9734,23.0,52,944,5.51,2026-05-01 17:42:00
KP008244,KW10755,2026-05-02,AU,Mobile,882,22.0,6,100,6.0,2026-05-02 11:14:00
KP008245,KW11388,2026-05-03,DE,Mobile,5184,3.0,381,2285,16.67,2026-05-03 03:44:00
KP008246,KW10857,2026-05-04,CA,Desktop,13707,38.0,272,4963,5.48,2026-05-04 15:29:00
KP008247,KW10157,2026-05-05,BR,Desktop,1172,14.0,52,614,8.47,2026-05-05 00:23:00
KP008248,KW10952,2026-05-06,AU,Mobile,2507,40.0,51,1192,4.28,2026-05-06 14:10:00
KP008249,KW11221,2026-05-07,UK,Desktop,821,18.0,19,297,6.4,2026-05-07 21:45:00
KP008250,KW10183,2026-05-08,CA,Desktop,1915,11.0,54,510,10.59,2026-05-08 05:58:00
KP008251,KW10242,2026-05-09,BR,Mobile,5455,2.0,452,2199,20.55,2026-05-09 21:05:00
KP008252,KW10433,2026-05-10,IN,Desktop,1370,9.0,39,450,8.67,2026-05-10 18:52:00
KP008253,KW10879,2026-05-11,IN,Mobile,6442,26.0,128,2553,5.01,2026-05-11 18:40:00
KP008254,KW11680,2026-05-12,JP,Mobile,715,23.0,11,196,5.61,2026-05-12 11:53:00
KP008255,KW10451,2026-05-13,DE,Desktop,1765,50.0,20,438,4.57,2026-05-13 21:41:00
KP008256,KW10140,2026-05-14,IN,Desktop,3170,12.0,30,426,7.04,2026-05-14 23:11:00
KP008257,KW11085,2026-05-15,IN,Desktop,11523,34.0,336,6303,5.33,2026-05-15 15:44:00
KP008258,KW11288,2026-05-16,UK,Desktop,5111,21.0,72,922,7.81,2026-05-16 02:37:00
KP008259,KW11195,2026-05-17,US,Mobile,18022,43.0,209,5660,3.69,2026-05-17 23:51:00
KP008260,KW11346,2026-05-18,CA,Desktop,3998,15.0,174,2040,8.53,2026-05-18 04:20:00
KP008261,KW11952,2026-05-19,IN,Mobile,3540,32.0,51,1153,4.42,2026-05-19 05:35:00
KP008262,KW10561,2026-05-20,UK,Mobile,6694,16.0,52,660,7.88,2026-05-20 13:23:00
KP008263,KW10004,2026-05-21,IN,Tablet,3924,16.0,75,927,8.09,2026-05-21 10:39:00
KP008264,KW10086,2026-05-22,BR,Mobile,1739,45.0,35,739,4.74,2026-05-22 06:00:00
KP008265,KW10129,2026-05-23,MX,Mobile,5182,44.0,54,1651,3.27,2026-05-23 23:21:00
KP008266,KW10697,2026-05-24,BR,Tablet,6506,38.0,39,795,4.91,2026-05-24 09:28:00
KP008267,KW11405,2026-05-25,DE,Desktop,4117,15.0,97,1550,6.26,2026-05-25 19:19:00
KP008268,KW10043,2026-05-26,BR,Desktop,3137,29.0,74,1112,6.65,2026-05-26 07:40:00
KP008269,KW10831,2026-05-27,DE,Mobile,2880,50.0,68,1546,4.4,2026-05-27 23:36:00
KP008270,KW11272,2026-05-28,US,Desktop,1844,6.0,98,698,14.04,2026-05-28 22:14:00
KP008271,KW10752,2026-05-29,IN,Desktop,6733,26.0,151,2101,7.19,2026-05-29 10:02:00
KP008272,KW10354,2026-05-30,UK,Desktop,6154,19.0,135,1690,7.99,2026-05-30 22:33:00
KP008273,KW11923,2026-05-31,MX,Desktop,6985,24.0,151,2185,6.91,2026-05-31 11:13:00
KP008519,KW11643,2026-02-01,IN,Mobile,1652,14.0,45,710,6.34,2026-02-01 13:26:00
KP008520,KW10394,2026-02-02,UK,Mobile,1526,11.0,44,593,7.42,2026-02-02 07:24:00
KP008521,KW11220,2026-02-03,FR,Mobile,3109,42.0,11,250,4.4,2026-02-03 14:00:00
KP008522,KW10875,2026-02-04,MX,Desktop,1895,9.0,128,1020,12.55,2026-02-04 16:18:00
KP008523,KW10537,2026-02-05,BR,Desktop,839,23.0,17,310,5.48,2026-02-05 23:04:00
KP008524,KW10209,2026-02-06,CA,Desktop,12061,30.0,70,1061,6.6,2026-02-06 20:01:00
KP008525,KW10014,2026-02-07,AU,Mobile,903,37.0,14,255,5.49,2026-02-07 02:20:00
KP008526,KW10579,2026-02-08,JP,Mobile,345,45.0,2,48,4.17,2026-02-08 08:55:00
KP008527,KW10851,2026-02-09,AU,Desktop,1768,38.0,7,168,4.17,2026-02-09 11:17:00
KP008528,KW10015,2026-02-10,IN,Desktop,1097,13.0,56,572,9.79,2026-02-10 13:07:00
KP008529,KW10768,2026-02-11,IN,Mobile,861,35.0,16,297,5.39,2026-02-11 00:04:00
KP008530,KW10816,2026-02-12,IN,Desktop,10495,22.0,231,4217,5.48,2026-02-12 16:35:00
KP008531,KW10190,2026-02-13,AU,Desktop,2390,45.0,32,826,3.87,2026-02-13 05:17:00
KP008532,KW10085,2026-02-14,IN,Desktop,1105,50.0,22,481,4.57,2026-02-14 06:40:00
KP008533,KW11980,2026-02-15,IN,Desktop,4243,46.0,67,1809,3.7,2026-02-15 09:41:00
KP008534,KW10384,2026-02-16,JP,Mobile,7170,24.0,189,3273,5.77,2026-02-16 10:17:00
KP008535,KW10311,2026-02-17,JP,Desktop,8417,37.0,61,1373,4.44,2026-02-17 04:43:00
KP008536,KW10717,2026-02-18,BR,Mobile,4580,31.0,75,1705,4.4,2026-02-18 16:34:00
KP008537,KW10657,2026-02-19,BR,Mobile,2028,8.0,39,284,13.73,2026-02-19 14:28:00
KP008538,KW10978,2026-02-20,US,Mobile,8275,43.0,116,2907,3.99,2026-02-20 19:34:00
KP008539,KW11899,2026-02-21,FR,Mobile,12540,47.0,194,4872,3.98,2026-02-21 12:19:00
KP008540,KW11566,2026-02-22,US,Desktop,1662,46.0,8,191,4.19,2026-02-22 15:19:00
KP008541,KW11368,2026-02-23,BR,Desktop,2450,19.0,49,787,6.23,2026-02-23 14:22:00
KP008542,KW11010,2026-02-24,JP,Mobile,8902,5.0,530,3772,14.05,2026-02-24 12:58:00
KP008543,KW10044,2026-02-25,IN,Desktop,2264,37.0,41,1004,4.08,2026-02-25 14:14:00
KP008544,KW10331,2026-02-26,FR,Desktop,2105,20.0,89,1094,8.14,2026-02-26 07:47:00
KP008545,KW11199,2026-02-27,CA,Desktop,4110,19.0,83,1200,6.92,2026-02-27 17:34:00
KP008546,KW11380,2026-02-28,JP,Mobile,3090,2.0,424,1491,28.44,2026-02-28 07:25:00
KP008547,KW11106,2026-03-01,BR,Mobile,1627,17.0,31,426,7.28,2026-03-01 22:44:00
KP008548,KW10163,2026-03-02,DE,Desktop,399,48.0,2,47,4.26,2026-03-02 17:34:00
KP008549,KW11464,2026-03-03,AU,Desktop,1508,25.0,32,472,6.78,2026-03-03 14:26:00
KP008550,KW10911,2026-03-04,DE,Desktop,12748,3.0,937,4326,21.66,2026-03-04 08:08:00
KP008551,KW10463,2026-03-05,AU,Desktop,3219,15.0,90,1374,6.55,2026-03-05 13:48:00
KP008552,KW11803,2026-03-06,CA,Desktop,979,4.0,48,279,17.2,2026-03-06 05:27:00
KP008553,KW10892,2026-03-07,AU,Desktop,2066,7.0,120,918,13.07,2026-03-07 08:52:00
KP008554,KW10438,2026-03-08,DE,Mobile,4729,1.0,202,578,34.95,2026-03-08 19:21:00
KP008555,KW10369,2026-03-09,BR,Tablet,1218,45.0,15,337,4.45,2026-03-09 01:23:00
KP008556,KW11195,2026-03-10,IN,Desktop,3388,45.0,85,1741,4.88,2026-03-10 23:46:00
KP008557,KW11962,2026-03-11,US,Desktop,4170,42.0,35,720,4.86,2026-03-11 02:46:00
KP008558,KW11522,2026-03-12,DE,Mobile,2329,30.0,70,1084,6.46,2026-03-12 12:36:00
KP008559,KW10855,2026-03-13,MX,Desktop,13322,19.0,365,5774,6.32,2026-03-13 02:00:00
KP008560,KW10549,2026-03-14,BR,Desktop,3879,12.0,221,2058,10.74,2026-03-14 12:51:00
KP008561,KW10599,2026-03-15,DE,Desktop,1175,37.0,2,60,3.33,2026-03-15 14:36:00
KP008562,KW11104,2026-03-16,JP,Mobile,4211,11.0,69,872,7.91,2026-03-16 12:53:00
KP008563,KW10412,2026-03-17,CA,Desktop,1974,35.0,49,1060,4.62,2026-03-17 19:58:00
KP008564,KW10585,2026-03-18,US,Tablet,7321,2.0,117,468,25.0,2026-03-18 23:58:00
KP008565,KW10510,2026-03-19,AU,Tablet,9752,8.0,288,2696,10.68,2026-03-19 08:30:00
KP008566,KW10340,2026-03-20,US,Mobile,796,34.0,22,390,5.64,2026-03-20 08:46:00
KP008567,KW11051,2026-03-21,IN,Mobile,1425,4.0,27,204,13.24,2026-03-21 15:08:00
KP008568,KW10022,2026-03-22,JP,Desktop,2835,7.0,92,951,9.67,2026-03-22 05:22:00
KP008569,KW10901,2026-03-23,US,Mobile,5866,2.0,606,2612,23.2,2026-03-23 00:53:00
KP008570,KW11300,2026-03-24,MX,Desktop,1608,18.0,54,785,6.88,2026-03-24 03:47:00
KP008571,KW11778,2026-03-25,IN,Mobile,13722,18.0,255,3599,7.09,2026-03-25 09:15:00
KP008572,KW11719,2026-03-26,UK,Desktop,1290,19.0,37,524,7.06,2026-03-26 10:06:00
KP008573,KW10761,2026-03-27,BR,Mobile,11119,48.0,280,5656,4.95,2026-03-27 05:49:00
KP008574,KW11698,2026-03-28,FR,Mobile,661,4.0,46,284,16.2,2026-03-28 09:29:00
KP008575,KW10312,2026-03-29,BR,Desktop,2615,26.0,44,760,5.79,2026-03-29 23:00:00
KP008576,KW10764,2026-03-30,DE,Desktop,1096,27.0,25,440,5.68,2026-03-30 07:12:00
KP008577,KW11938,2026-03-31,US,Mobile,891,1.0,154,440,35.0,2026-03-31 11:40:00
KP008578,KW10130,2026-04-01,MX,Desktop,1894,26.0,41,919,4.46,2026-04-01 00:06:00
KP008579,KW11214,2026-04-02,FR,Desktop,1402,3.0,110,770,14.29,2026-04-02 10:45:00
KP008580,KW11203,2026-04-03,AU,Mobile,1361,41.0,8,191,4.19,2026-04-03 11:49:00
KP008581,KW11063,2026-04-04,UK,Desktop,3564,24.0,101,1488,6.79,2026-04-04 15:03:00
KP008582,KW10255,2026-04-05,FR,Mobile,4901,3.0,96,474,20.25,2026-04-05 09:16:00
KP008583,KW11589,2026-04-06,IN,Mobile,2116,41.0,21,575,3.65,2026-04-06 08:42:00
KP008584,KW10049,2026-04-07,IN,Desktop,1143,25.0,30,609,4.93,2026-04-07 06:41:00
KP008585,KW11589,2026-04-08,AU,Mobile,4122,1.0,104,298,34.9,2026-04-08 21:14:00
KP008586,KW11757,2026-04-09,JP,Mobile,1085,14.0,35,372,9.41,2026-04-09 09:20:00
KP008587,KW11182,2026-04-10,JP,Desktop,2408,40.0,29,824,3.52,2026-04-10 14:50:00
KP008588,KW11076,2026-04-11,CA,Mobile,1688,2.0,124,650,19.08,2026-04-11 15:24:00
KP008589,KW11327,2026-04-12,UK,Mobile,3949,49.0,15,308,4.87,2026-04-12 19:50:00
KP008590,KW10602,2026-04-13,US,Desktop,12026,29.0,171,3573,4.79,2026-04-13 01:32:00
KP008591,KW11187,2026-04-14,AU,Desktop,365,15.0,8,129,6.2,2026-04-14 01:16:00
KP008592,KW10375,2026-04-15,DE,Desktop,4884,22.0,102,1580,6.46,2026-04-15 04:24:00
KP008593,KW11187,2026-04-16,IN,Desktop,692,8.0,40,312,12.82,2026-04-16 01:53:00
KP008594,KW10577,2026-04-17,IN,Mobile,3291,47.0,33,799,4.13,2026-04-17 10:15:00
KP008595,KW11392,2026-04-18,CA,Mobile,1648,5.0,18,133,13.53,2026-04-18 22:54:00
KP008596,KW10915,2026-04-19,UK,Mobile,3286,13.0,91,1016,8.96,2026-04-19 16:42:00
KP008597,KW10597,2026-04-20,CA,Mobile,1165,1.0,67,200,33.5,2026-04-20 23:46:00
KP008598,KW10611,2026-04-21,JP,Mobile,4090,9.0,25,313,7.99,2026-04-21 05:32:00
KP008599,KW10097,2026-04-22,BR,Mobile,5697,9.0,295,2372,12.44,2026-04-22 04:51:00
KP008600,KW11744,2026-04-23,DE,Desktop,1773,1.0,247,708,34.89,2026-04-23 12:36:00
KP008601,KW11344,2026-04-24,JP,Mobile,2236,6.0,20,164,12.2,2026-04-24 01:26:00
KP008602,KW11151,2026-04-25,JP,Mobile,2888,42.0,24,520,4.62,2026-04-25 17:02:00
KP008603,KW11778,2026-04-26,AU,Desktop,2435,42.0,22,429,5.13,2026-04-26 20:29:00
KP008604,KW10287,2026-04-27,US,Mobile,2522,33.0,31,525,5.9,2026-04-27 02:20:00
KP008605,KW10305,2026-04-28,BR,Desktop,851,29.0,14,276,5.07,2026-04-28 15:24:00
KP008606,KW10913,2026-04-29,CA,Desktop,17033,47.0,309,7749,3.99,2026-04-29 05:26:00
KP008607,KW11392,2026-04-30,AU,Mobile,7893,49.0,184,3971,4.63,2026-04-30 12:14:00
KP008608,KW11732,2026-05-01,JP,Desktop,5575,3.0,569,2441,23.31,2026-05-01 23:45:00
KP008609,KW11951,2026-05-02,IN,Mobile,3569,34.0,27,488,5.53,2026-05-02 06:05:00
KP008610,KW11446,2026-05-03,UK,Mobile,3198,48.0,69,1400,4.93,2026-05-03 07:53:00
KP008611,KW10947,2026-05-04,IN,Desktop,1322,34.0,27,453,5.96,2026-05-04 05:12:00
KP008612,KW11269,2026-05-05,IN,Desktop,10652,17.0,120,1759,6.82,2026-05-05 19:35:00
KP008613,KW10976,2026-05-06,JP,Desktop,1797,8.0,40,437,9.15,2026-05-06 17:49:00
KP008614,KW10988,2026-05-07,FR,Mobile,2178,38.0,13,367,3.54,2026-05-07 03:53:00
KP008615,KW10534,2026-05-08,BR,Desktop,8582,47.0,173,4301,4.02,2026-05-08 05:45:00
KP008616,KW11705,2026-05-09,CA,Desktop,1228,30.0,14,351,3.99,2026-05-09 14:27:00
KP008617,KW10823,2026-05-10,DE,Desktop,1888,43.0,11,266,4.14,2026-05-10 21:03:00
KP008618,KW10068,2026-05-11,DE,Mobile,3149,42.0,41,887,4.62,2026-05-11 13:58:00
KP008619,KW10703,2026-05-12,DE,Desktop,3958,6.0,166,1200,13.83,2026-05-12 15:16:00
KP008620,KW11171,2026-05-13,BR,Mobile,795,10.0,30,279,10.75,2026-05-13 16:34:00
KP008621,KW10855,2026-05-14,AU,Desktop,9176,16.0,268,3512,7.63,2026-05-14 18:33:00
KP008622,KW11031,2026-05-15,JP,Mobile,2294,32.0,39,625,6.24,2026-05-15 06:05:00
KP008623,KW10732,2026-05-16,MX,Tablet,1151,37.0,9,177,5.08,2026-05-16 06:32:00
KP008624,KW10345,2026-05-17,US,Desktop,1260,29.0,10,195,5.13,2026-05-17 00:41:00
KP008625,KW10909,2026-05-18,US,Mobile,837,2.0,116,399,29.07,2026-05-18 11:07:00
KP008626,KW10936,2026-05-19,DE,Mobile,1012,13.0,20,280,7.14,2026-05-19 02:40:00
KP008627,KW11661,2026-05-20,MX,Desktop,3352,16.0,95,1029,9.23,2026-05-20 07:34:00
KP008628,KW10450,2026-05-21,MX,Desktop,726,8.0,14,110,12.73,2026-05-21 04:13:00
KP008629,KW11462,2026-05-22,JP,Mobile,11332,50.0,81,2078,3.9,2026-05-22 06:44:00
KP008630,KW11130,2026-05-23,FR,Mobile,1895,23.0,42,645,6.51,2026-05-23 22:35:00
KP008631,KW11290,2026-05-24,JP,Desktop,1485,28.0,37,615,6.02,2026-05-24 16:39:00
KP008632,KW10993,2026-05-25,DE,Desktop,8798,32.0,64,1245,5.14,2026-05-25 22:44:00
KP008633,KW11285,2026-05-26,US,Desktop,2751,13.0,64,721,8.88,2026-05-26 13:52:00
KP008634,KW10482,2026-05-27,FR,Desktop,9142,10.0,183,1494,12.25,2026-05-27 15:27:00
KP008635,KW11671,2026-05-28,UK,Desktop,1857,7.0,56,402,13.93,2026-05-28 12:42:00
KP008636,KW11483,2026-05-29,US,Desktop,11475,36.0,153,2837,5.39,2026-05-29 16:56:00
KP008637,KW11394,2026-05-30,FR,Desktop,1660,24.0,53,705,7.52,2026-05-30 03:19:00
KP008638,KW10760,2026-05-31,FR,Desktop,2429,17.0,63,855,7.37,2026-05-31 10:44:00
KP008884,KW11478,2026-02-01,AU,Mobile,4282,24.0,58,1152,5.03,2026-02-01 13:06:00
KP008885,KW11169,2026-02-02,DE,Tablet,4716,28.0,122,1827,6.68,2026-02-02 14:03:00
KP008886,KW10712,2026-02-03,US,Mobile,5022,25.0,166,2549,6.51,2026-02-03 01:48:00
KP008887,KW12000,2026-02-04,IN,Mobile,801,2.0,46,172,26.74,2026-02-04 00:32:00
KP008888,KW10550,2026-02-05,FR,Mobile,5917,6.0,97,977,9.93,2026-02-05 10:30:00
KP008889,KW10639,2026-02-06,US,Mobile,8370,13.0,253,2637,9.59,2026-02-06 14:13:00
KP008890,KW10125,2026-02-07,DE,Desktop,4299,3.0,369,2021,18.26,2026-02-07 08:00:00
KP008891,KW11659,2026-02-08,US,Desktop,6481,28.0,106,1931,5.49,2026-02-08 05:59:00
KP008892,KW11555,2026-02-09,FR,Desktop,1466,1.0,158,478,33.05,2026-02-09 04:38:00
KP008893,KW11226,2026-02-10,CA,Desktop,6196,25.0,26,441,5.9,2026-02-10 17:49:00
KP008894,KW10553,2026-02-11,JP,Desktop,1335,12.0,49,634,7.73,2026-02-11 15:57:00
KP008895,KW11615,2026-02-12,IN,Desktop,4925,41.0,57,1061,5.37,2026-02-12 17:51:00
KP008896,KW11790,2026-02-13,US,Mobile,2562,49.0,25,688,3.63,2026-02-13 09:13:00
KP008897,KW10826,2026-02-14,FR,Mobile,2364,8.0,120,946,12.68,2026-02-14 08:44:00
KP008898,KW11743,2026-02-15,JP,Mobile,2040,23.0,36,528,6.82,2026-02-15 15:46:00
KP008899,KW10665,2026-02-16,MX,Desktop,5699,35.0,186,3102,6.0,2026-02-16 22:49:00
KP008900,KW11006,2026-02-17,DE,Mobile,8981,8.0,361,2709,13.33,2026-02-17 18:28:00
KP008901,KW10273,2026-02-18,MX,Mobile,6387,17.0,89,1286,6.92,2026-02-18 19:29:00
KP008902,KW11900,2026-02-19,MX,Desktop,633,35.0,8,210,3.81,2026-02-19 21:09:00
KP008903,KW10805,2026-02-20,DE,Mobile,1596,43.0,35,663,5.28,2026-02-20 23:54:00
KP008904,KW11594,2026-02-21,FR,Tablet,3459,43.0,102,1867,5.46,2026-02-21 15:46:00
KP008905,KW11588,2026-02-22,MX,Desktop,2100,4.0,215,1088,19.76,2026-02-22 01:34:00
KP008906,KW10005,2026-02-23,IN,Desktop,1322,44.0,23,683,3.37,2026-02-23 21:29:00
KP008907,KW11934,2026-02-24,FR,Desktop,4117,5.0,90,511,17.61,2026-02-24 20:12:00
KP008908,KW10902,2026-02-25,MX,Desktop,4197,21.0,118,2011,5.87,2026-02-25 20:25:00
KP008909,KW11137,2026-02-26,MX,Mobile,3075,11.0,11,164,6.71,2026-02-26 12:28:00
KP008910,KW10724,2026-02-27,UK,Desktop,19233,8.0,203,2046,9.92,2026-02-27 12:50:00
KP008911,KW11304,2026-02-28,MX,Desktop,1125,31.0,19,378,5.03,2026-02-28 21:31:00
KP008912,KW11036,2026-03-01,UK,Desktop,2707,25.0,20,276,7.25,2026-03-01 06:02:00
KP008913,KW11692,2026-03-02,AU,Desktop,2350,26.0,56,1035,5.41,2026-03-02 19:35:00
KP008914,KW10505,2026-03-03,JP,Desktop,1684,46.0,16,353,4.53,2026-03-03 19:40:00
KP008915,KW11253,2026-03-04,BR,Mobile,2809,38.0,49,1261,3.89,2026-03-04 04:12:00
KP008916,KW11608,2026-03-05,MX,Desktop,1831,43.0,17,438,3.88,2026-03-05 13:54:00
KP008917,KW10632,2026-03-06,US,Desktop,5703,8.0,156,1499,10.41,2026-03-06 09:36:00
KP008918,KW11523,2026-03-07,MX,Desktop,1677,34.0,26,509,5.11,2026-03-07 02:38:00
KP008919,KW11977,2026-03-08,UK,Mobile,9150,42.0,204,4065,5.02,2026-03-08 03:56:00
KP008920,KW11792,2026-03-09,BR,Tablet,4829,29.0,83,1881,4.41,2026-03-09 14:55:00
KP008921,KW10563,2026-03-10,JP,Tablet,6309,5.0,418,3133,13.34,2026-03-10 20:28:00
KP008922,KW11563,2026-03-11,AU,Mobile,4801,42.0,75,1491,5.03,2026-03-11 07:38:00
KP008923,KW10747,2026-03-12,DE,Mobile,5160,29.0,51,830,6.14,2026-03-12 23:42:00
KP008924,KW11059,2026-03-13,DE,Mobile,19007,1.0,1205,3975,30.31,2026-03-13 15:09:00
KP008925,KW10498,2026-03-14,JP,Desktop,13777,1.0,955,3150,30.32,2026-03-14 10:41:00
KP008926,KW11541,2026-03-15,IN,Desktop,1623,44.0,9,262,3.44,2026-03-15 21:53:00
KP008927,KW11475,2026-03-16,UK,Mobile,6624,17.0,102,1568,6.51,2026-03-16 21:45:00
KP008928,KW11461,2026-03-17,BR,Mobile,6877,21.0,207,3367,6.15,2026-03-17 02:45:00
KP008929,KW10231,2026-03-18,FR,Desktop,3634,16.0,96,1221,7.86,2026-03-18 18:54:00
KP008930,KW10150,2026-03-19,UK,Mobile,2994,27.0,14,237,5.91,2026-03-19 01:39:00
KP008931,KW10398,2026-03-20,US,Desktop,1876,25.0,50,941,5.31,2026-03-20 01:59:00
KP008932,KW10483,2026-03-21,BR,Mobile,8574,8.0,441,3227,13.67,2026-03-21 21:53:00
KP008933,KW10312,2026-03-22,IN,Mobile,609,20.0,4,75,5.33,2026-03-22 22:03:00
KP008934,KW11121,2026-03-23,JP,Desktop,9980,28.0,207,3170,6.53,2026-03-23 20:59:00
KP008935,KW10058,2026-03-24,CA,Desktop,966,40.0,14,300,4.67,2026-03-24 03:49:00
KP008936,KW10973,2026-03-25,AU,Desktop,2090,9.0,30,240,12.5,2026-03-25 11:59:00
KP008937,KW10742,2026-03-26,FR,Desktop,5062,18.0,92,1107,8.31,2026-03-26 12:24:00
KP008938,KW11319,2026-03-27,AU,Desktop,2400,16.0,64,978,6.54,2026-03-27 04:25:00
KP008939,KW10259,2026-03-28,BR,Desktop,2951,14.0,134,1400,9.57,2026-03-28 01:51:00
KP008940,KW10077,2026-03-29,US,Mobile,4190,45.0,37,916,4.04,2026-03-29 14:05:00
KP008941,KW10558,2026-03-30,UK,Desktop,665,50.0,7,216,3.24,2026-03-30 06:30:00
KP008942,KW10382,2026-03-31,US,Mobile,6343,39.0,43,890,4.83,2026-03-31 16:58:00
KP008943,KW11993,2026-04-01,US,Desktop,4138,9.0,161,1819,8.85,2026-04-01 06:09:00
KP008944,KW10235,2026-04-02,MX,Desktop,5420,15.0,79,1009,7.83,2026-04-02 20:42:00
KP008945,KW10176,2026-04-03,CA,Desktop,9911,27.0,180,2971,6.06,2026-04-03 13:11:00
KP008946,KW10135,2026-04-04,AU,Desktop,402,9.0,6,73,8.22,2026-04-04 20:39:00
KP008947,KW10065,2026-04-05,FR,Desktop,1054,30.0,10,215,4.65,2026-04-05 18:35:00
KP008948,KW10173,2026-04-06,AU,Desktop,3401,48.0,38,1162,3.27,2026-04-06 01:07:00
KP008949,KW10676,2026-04-07,FR,Desktop,1741,46.0,20,643,3.11,2026-04-07 16:10:00
KP008950,KW10035,2026-04-08,BR,Mobile,1671,25.0,25,431,5.8,2026-04-08 04:38:00
KP008951,KW10151,2026-04-09,BR,Mobile,5734,12.0,80,725,11.03,2026-04-09 06:54:00
KP008952,KW11076,2026-04-10,BR,Tablet,2304,34.0,37,751,4.93,2026-04-10 00:15:00
KP008953,KW10754,2026-04-11,BR,Desktop,2301,32.0,21,512,4.1,2026-04-11 11:58:00
KP008954,KW10953,2026-04-12,UK,Mobile,2138,5.0,116,858,13.52,2026-04-12 12:50:00
KP008955,KW11437,2026-04-13,FR,Desktop,640,6.0,38,314,12.1,2026-04-13 21:32:00
KP008956,KW11866,2026-04-14,JP,Desktop,2873,35.0,17,444,3.83,2026-04-14 23:35:00
KP008957,KW11128,2026-04-15,US,Mobile,23130,23.0,725,9852,7.36,2026-04-15 10:27:00
KP008958,KW10075,2026-04-16,US,Desktop,803,6.0,41,416,9.86,2026-04-16 05:20:00
KP008959,KW11976,2026-04-17,DE,Desktop,16911,40.0,204,3612,5.65,2026-04-17 14:48:00
KP008960,KW10816,2026-04-18,UK,Mobile,300,6.0,10,94,10.64,2026-04-18 22:27:00
KP008961,KW11371,2026-04-19,IN,Desktop,401,13.0,12,142,8.45,2026-04-19 07:57:00
KP008962,KW11659,2026-04-20,MX,Mobile,715,10.0,24,323,7.43,2026-04-20 00:55:00
KP008963,KW11325,2026-04-21,JP,Mobile,6404,16.0,59,721,8.18,2026-04-21 02:26:00
KP008964,KW10971,2026-04-22,BR,Tablet,1974,40.0,37,772,4.79,2026-04-22 16:25:00
KP008965,KW10380,2026-04-23,DE,Mobile,8638,26.0,172,3450,4.99,2026-04-23 10:11:00
KP008966,KW11674,2026-04-24,UK,Desktop,2361,21.0,70,1149,6.09,2026-04-24 15:38:00
KP008967,KW10007,2026-04-25,UK,Mobile,2511,44.0,50,1068,4.68,2026-04-25 10:46:00
KP008968,KW11753,2026-04-26,US,Mobile,2125,43.0,25,608,4.11,2026-04-26 15:23:00
KP008969,KW11962,2026-04-27,US,Desktop,1286,2.0,38,134,28.36,2026-04-27 16:09:00
KP008970,KW10922,2026-04-28,UK,Desktop,6407,31.0,177,3039,5.82,2026-04-28 23:40:00
KP008971,KW10061,2026-04-29,BR,Desktop,5018,7.0,215,2035,10.57,2026-04-29 18:58:00
KP008972,KW10063,2026-04-30,FR,Desktop,3201,50.0,75,1666,4.5,2026-04-30 00:01:00
KP008973,KW11186,2026-05-01,AU,Mobile,1418,15.0,16,195,8.21,2026-05-01 02:02:00
KP008974,KW10726,2026-05-02,MX,Desktop,7291,13.0,33,400,8.25,2026-05-02 09:14:00
KP008975,KW10820,2026-05-03,FR,Mobile,3628,44.0,54,1122,4.81,2026-05-03 04:20:00
KP008976,KW11335,2026-05-04,DE,Mobile,619,50.0,3,79,3.8,2026-05-04 17:40:00
KP008977,KW11206,2026-05-05,US,Mobile,1629,47.0,23,652,3.53,2026-05-05 12:00:00
KP008978,KW10780,2026-05-06,JP,Desktop,407,36.0,8,148,5.41,2026-05-06 23:40:00
KP008979,KW10626,2026-05-07,AU,Mobile,1092,27.0,34,479,7.1,2026-05-07 06:58:00
KP008980,KW11626,2026-05-08,CA,Mobile,7523,35.0,181,3590,5.04,2026-05-08 01:55:00
KP008981,KW11272,2026-05-09,BR,Desktop,1958,48.0,6,190,3.16,2026-05-09 17:37:00
KP008982,KW11810,2026-05-10,BR,Mobile,3143,32.0,74,1718,4.31,2026-05-10 12:39:00
KP008983,KW10873,2026-05-11,MX,Mobile,1096,11.0,27,340,7.94,2026-05-11 23:36:00
KP008984,KW11111,2026-05-12,DE,Mobile,5458,14.0,203,2266,8.96,2026-05-12 20:51:00
KP008985,KW10203,2026-05-13,IN,Mobile,3384,18.0,105,1191,8.82,2026-05-13 22:29:00
KP008986,KW10245,2026-05-14,IN,Mobile,1590,21.0,30,535,5.61,2026-05-14 22:19:00
KP008987,KW10258,2026-05-15,UK,Mobile,2546,49.0,36,1160,3.1,2026-05-15 09:00:00
KP008988,KW10456,2026-05-16,US,Desktop,3429,29.0,20,416,4.81,2026-05-16 01:46:00
KP008989,KW11978,2026-05-17,JP,Desktop,7239,46.0,95,2823,3.37,2026-05-17 05:21:00
KP008990,KW10693,2026-05-18,MX,Mobile,4682,12.0,32,337,9.5,2026-05-18 14:36:00
KP008991,KW11427,2026-05-19,CA,Mobile,5043,25.0,190,2683,7.08,2026-05-19 11:14:00
KP008992,KW10909,2026-05-20,US,Desktop,5211,38.0,44,1008,4.37,2026-05-20 09:38:00
KP008993,KW11898,2026-05-21,MX,Desktop,2651,34.0,8,175,4.57,2026-05-21 01:23:00
KP008994,KW11225,2026-05-22,MX,Mobile,2111,24.0,17,335,5.07,2026-05-22 08:46:00
KP008995,KW11073,2026-05-23,US,Mobile,2365,39.0,22,553,3.98,2026-05-23 05:27:00
KP008996,KW11478,2026-05-24,MX,Mobile,5163,16.0,110,1612,6.82,2026-05-24 04:23:00
KP008997,KW10258,2026-05-25,FR,Mobile,978,13.0,29,331,8.76,2026-05-25 18:13:00
KP008998,KW10158,2026-05-26,US,Mobile,5468,22.0,52,712,7.3,2026-05-26 17:10:00
KP008999,KW11794,2026-05-27,DE,Desktop,3071,49.0,68,1467,4.64,2026-05-27 19:56:00
KP009000,KW10629,2026-05-28,UK,Desktop,3298,16.0,60,1019,5.89,2026-05-28 21:53:00
KP009001,KW10379,2026-05-29,JP,Mobile,3473,10.0,182,1745,10.43,2026-05-29 10:45:00
KP009002,KW11129,2026-05-30,US,Mobile,20659,27.0,318,5813,5.47,2026-05-30 04:18:00
KP009003,KW10066,2026-05-31,AU,Mobile,4314,8.0,42,353,11.9,2026-05-31 06:47:00
KP009249,KW11527,2026-02-01,DE,Mobile,1857,6.0,110,689,15.97,2026-02-01 03:28:00
KP009250,KW11737,2026-02-02,AU,Mobile,1948,34.0,10,212,4.72,2026-02-02 00:29:00
KP009251,KW10690,2026-02-03,JP,Desktop,5317,10.0,90,1153,7.81,2026-02-03 22:33:00
KP009252,KW11216,2026-02-04,FR,Mobile,4827,3.0,183,807,22.68,2026-02-04 10:19:00
KP009253,KW11090,2026-02-05,BR,Tablet,1254,17.0,56,660,8.48,2026-02-05 07:19:00
KP009254,KW10002,2026-02-06,FR,Desktop,6950,37.0,62,1255,4.94,2026-02-06 07:14:00
KP009255,KW10632,2026-02-07,UK,Desktop,4699,17.0,141,1815,7.77,2026-02-07 11:02:00
KP009256,KW11267,2026-02-08,CA,Desktop,5133,43.0,41,1127,3.64,2026-02-08 21:54:00
KP009257,KW11338,2026-02-09,FR,Mobile,7231,42.0,146,3344,4.37,2026-02-09 21:44:00
KP009258,KW10601,2026-02-10,US,Desktop,4121,25.0,30,408,7.35,2026-02-10 03:52:00
KP009259,KW11976,2026-02-11,UK,Mobile,4556,44.0,71,2174,3.27,2026-02-11 05:16:00
KP009260,KW11202,2026-02-12,AU,Desktop,11030,35.0,259,5969,4.34,2026-02-12 17:34:00
KP009261,KW11235,2026-02-13,JP,Tablet,1549,40.0,18,446,4.04,2026-02-13 09:21:00
KP009262,KW11645,2026-02-14,AU,Mobile,2089,15.0,25,282,8.87,2026-02-14 04:16:00
KP009263,KW11990,2026-02-15,IN,Mobile,11315,26.0,229,4983,4.6,2026-02-15 14:26:00
KP009264,KW11866,2026-02-16,UK,Desktop,2178,47.0,37,792,4.67,2026-02-16 15:41:00
KP009265,KW11015,2026-02-17,AU,Desktop,997,28.0,14,219,6.39,2026-02-17 08:58:00
KP009266,KW10130,2026-02-18,MX,Desktop,1517,50.0,13,438,2.97,2026-02-18 16:34:00
KP009267,KW10939,2026-02-19,UK,Desktop,7466,34.0,96,1558,6.16,2026-02-19 08:54:00
KP009268,KW10340,2026-02-20,UK,Mobile,2254,41.0,45,1098,4.1,2026-02-20 18:31:00
KP009269,KW10172,2026-02-21,BR,Desktop,6818,23.0,18,350,5.14,2026-02-21 09:08:00
KP009270,KW10288,2026-02-22,IN,Mobile,2029,31.0,24,584,4.11,2026-02-22 05:13:00
KP009271,KW11848,2026-02-23,IN,Mobile,2223,15.0,30,326,9.2,2026-02-23 13:11:00
KP009272,KW10651,2026-02-24,IN,Desktop,3482,16.0,54,618,8.74,2026-02-24 03:47:00
KP009273,KW11600,2026-02-25,JP,Mobile,509,41.0,7,192,3.65,2026-02-25 13:30:00
KP009274,KW11754,2026-02-26,DE,Tablet,7810,21.0,183,2290,7.99,2026-02-26 09:16:00
KP009275,KW11376,2026-02-27,JP,Mobile,7095,31.0,22,495,4.44,2026-02-27 22:15:00
KP009276,KW10272,2026-02-28,US,Tablet,9167,25.0,130,2250,5.78,2026-02-28 01:51:00
KP009277,KW10077,2026-03-01,MX,Desktop,3797,2.0,72,360,20.0,2026-03-01 04:04:00
KP009278,KW10580,2026-03-02,IN,Desktop,5913,28.0,130,2705,4.81,2026-03-02 19:31:00
KP009279,KW10097,2026-03-03,CA,Desktop,1200,13.0,45,451,9.98,2026-03-03 09:29:00
KP009280,KW10565,2026-03-04,AU,Desktop,1457,14.0,12,164,7.32,2026-03-04 17:56:00
KP009281,KW10628,2026-03-05,MX,Mobile,1053,9.0,56,554,10.11,2026-03-05 13:29:00
KP009282,KW10529,2026-03-06,CA,Desktop,4455,2.0,350,1937,18.07,2026-03-06 20:26:00
KP009283,KW10923,2026-03-07,JP,Desktop,556,50.0,8,262,3.05,2026-03-07 01:51:00
KP009284,KW11969,2026-03-08,AU,Desktop,13787,41.0,125,2947,4.24,2026-03-08 09:57:00
KP009285,KW11085,2026-03-09,MX,Mobile,3612,42.0,54,1376,3.92,2026-03-09 03:54:00
KP009286,KW11824,2026-03-10,FR,Mobile,5764,27.0,73,1263,5.78,2026-03-10 04:48:00
KP009287,KW10163,2026-03-11,IN,Mobile,1181,12.0,8,91,8.79,2026-03-11 15:12:00
KP009288,KW11398,2026-03-12,MX,Desktop,8327,20.0,177,3464,5.11,2026-03-12 06:17:00
KP009289,KW11259,2026-03-13,IN,Mobile,2962,22.0,88,1191,7.39,2026-03-13 09:29:00
KP009290,KW11016,2026-03-14,FR,Mobile,467,9.0,28,238,11.76,2026-03-14 01:42:00
KP009291,KW10309,2026-03-15,DE,Mobile,1664,49.0,31,693,4.47,2026-03-15 01:00:00
KP009292,KW11517,2026-03-16,CA,Mobile,1073,42.0,14,362,3.87,2026-03-16 06:29:00
KP009293,KW10706,2026-03-17,JP,Mobile,647,29.0,4,85,4.71,2026-03-17 04:06:00
KP009294,KW10854,2026-03-18,BR,Tablet,4842,32.0,66,1136,5.81,2026-03-18 07:00:00
KP009295,KW11278,2026-03-19,AU,Desktop,3964,42.0,77,1716,4.49,2026-03-19 07:53:00
KP009296,KW11451,2026-03-20,AU,Mobile,583,1.0,55,207,26.57,2026-03-20 16:37:00
KP009297,KW11854,2026-03-21,FR,Mobile,2383,25.0,15,204,7.35,2026-03-21 14:24:00
KP009298,KW10931,2026-03-22,CA,Mobile,1082,8.0,27,270,10.0,2026-03-22 02:23:00
KP009299,KW10564,2026-03-23,MX,Desktop,17022,36.0,267,4886,5.46,2026-03-23 08:50:00
KP009300,KW10201,2026-03-24,JP,Desktop,4425,47.0,61,1729,3.53,2026-03-24 05:51:00
KP009301,KW10576,2026-03-25,JP,Mobile,17641,32.0,308,7052,4.37,2026-03-25 05:07:00
KP009302,KW11069,2026-03-26,UK,Mobile,19942,48.0,207,4941,4.19,2026-03-26 15:04:00
KP009303,KW10177,2026-03-27,US,Desktop,2185,24.0,35,776,4.51,2026-03-27 20:56:00
KP009304,KW10605,2026-03-28,IN,Mobile,1932,22.0,57,922,6.18,2026-03-28 14:14:00
KP009305,KW10755,2026-03-29,CA,Desktop,1739,43.0,4,93,4.3,2026-03-29 03:24:00
KP009306,KW10585,2026-03-30,FR,Desktop,2125,50.0,50,1023,4.89,2026-03-30 14:34:00
KP009307,KW11167,2026-03-31,FR,Desktop,5981,3.0,115,663,17.35,2026-03-31 03:19:00
KP009308,KW10859,2026-04-01,FR,Desktop,3759,35.0,42,883,4.76,2026-04-01 20:36:00
KP009309,KW11984,2026-04-02,MX,Mobile,1336,45.0,15,377,3.98,2026-04-02 03:23:00
KP009310,KW10936,2026-04-03,AU,Desktop,4260,26.0,17,288,5.9,2026-04-03 08:17:00
KP009311,KW11560,2026-04-04,AU,Mobile,2594,38.0,25,621,4.03,2026-04-04 11:36:00
KP009312,KW10501,2026-04-05,FR,Mobile,4433,37.0,107,1813,5.9,2026-04-05 06:21:00
KP009313,KW11579,2026-04-06,CA,Mobile,2851,29.0,65,981,6.63,2026-04-06 10:58:00
KP009314,KW11254,2026-04-07,US,Mobile,1902,11.0,68,635,10.71,2026-04-07 17:21:00
KP009315,KW10764,2026-04-08,FR,Mobile,3659,15.0,55,643,8.55,2026-04-08 19:02:00
KP009316,KW11894,2026-04-09,MX,Desktop,2921,8.0,133,1384,9.61,2026-04-09 01:36:00
KP009317,KW10034,2026-04-10,UK,Desktop,1385,47.0,23,736,3.12,2026-04-10 17:39:00
KP009318,KW11620,2026-04-11,UK,Desktop,656,8.0,21,181,11.6,2026-04-11 20:47:00
KP009319,KW10259,2026-04-12,FR,Desktop,600,40.0,13,243,5.35,2026-04-12 08:33:00
KP009320,KW11911,2026-04-13,FR,Desktop,1200,19.0,13,226,5.75,2026-04-13 17:30:00
KP009321,KW11500,2026-04-14,DE,Mobile,5070,29.0,34,561,6.06,2026-04-14 06:11:00
KP009322,KW10728,2026-04-15,JP,Mobile,2767,37.0,56,1309,4.28,2026-04-15 02:38:00
KP009323,KW11453,2026-04-16,MX,Desktop,3418,3.0,264,1368,19.3,2026-04-16 14:00:00
KP009324,KW11602,2026-04-17,DE,Desktop,1157,35.0,23,422,5.45,2026-04-17 03:53:00
KP009325,KW11457,2026-04-18,AU,Mobile,2997,23.0,39,594,6.57,2026-04-18 04:01:00
KP009326,KW11453,2026-04-19,MX,Mobile,12388,29.0,267,4191,6.37,2026-04-19 00:44:00
KP009327,KW11691,2026-04-20,UK,Desktop,3280,22.0,22,397,5.54,2026-04-20 12:00:00
KP009328,KW10384,2026-04-21,US,Mobile,606,46.0,6,168,3.57,2026-04-21 17:19:00
KP009329,KW11362,2026-04-22,UK,Mobile,7077,40.0,33,649,5.08,2026-04-22 13:12:00
KP009330,KW11099,2026-04-23,DE,Desktop,8630,19.0,68,1078,6.31,2026-04-23 02:14:00
KP009331,KW10772,2026-04-24,UK,Mobile,8863,9.0,267,3370,7.92,2026-04-24 03:31:00
KP009332,KW10989,2026-04-25,IN,Tablet,1699,36.0,39,830,4.7,2026-04-25 02:41:00
KP009333,KW11863,2026-04-26,JP,Desktop,4220,46.0,104,1975,5.27,2026-04-26 14:13:00
KP009334,KW11933,2026-04-27,AU,Desktop,7720,34.0,139,3319,4.19,2026-04-27 14:50:00
KP009335,KW10878,2026-04-28,DE,Mobile,4156,34.0,107,2251,4.75,2026-04-28 13:26:00
KP009336,KW10526,2026-04-29,CA,Desktop,7912,31.0,175,3089,5.67,2026-04-29 15:28:00
KP009337,KW11918,2026-04-30,JP,Mobile,641,5.0,35,286,12.24,2026-04-30 17:58:00
KP009338,KW10792,2026-05-01,MX,Desktop,3747,47.0,46,979,4.7,2026-05-01 15:40:00
KP009339,KW10835,2026-05-02,IN,Mobile,3470,30.0,118,1895,6.23,2026-05-02 17:17:00
KP009340,KW10609,2026-05-03,DE,Desktop,2300,3.0,134,822,16.3,2026-05-03 01:10:00
KP009341,KW11111,2026-05-04,UK,Desktop,350,35.0,1,28,3.57,2026-05-04 20:14:00
KP009342,KW10405,2026-05-05,IN,Desktop,13316,35.0,125,2765,4.52,2026-05-05 22:32:00
KP009343,KW10838,2026-05-06,AU,Desktop,2478,6.0,22,176,12.5,2026-05-06 21:59:00
KP009344,KW11787,2026-05-07,IN,Desktop,1546,14.0,21,215,9.77,2026-05-07 01:59:00
KP009345,KW11166,2026-05-08,UK,Mobile,2284,30.0,73,1110,6.58,2026-05-08 07:19:00
KP009346,KW10352,2026-05-09,JP,Desktop,3261,19.0,39,503,7.75,2026-05-09 23:40:00
KP009347,KW10197,2026-05-10,UK,Mobile,459,25.0,11,232,4.74,2026-05-10 18:08:00
KP009348,KW10759,2026-05-11,FR,Mobile,3490,25.0,9,181,4.97,2026-05-11 12:32:00
KP009349,KW11206,2026-05-12,JP,Mobile,942,16.0,9,151,5.96,2026-05-12 13:41:00
KP009350,KW10103,2026-05-13,FR,Desktop,1778,45.0,17,358,4.75,2026-05-13 17:25:00
KP009351,KW11661,2026-05-14,MX,Mobile,19125,30.0,107,1638,6.53,2026-05-14 18:05:00
KP009352,KW11258,2026-05-15,FR,Desktop,7060,23.0,248,3483,7.12,2026-05-15 10:03:00
KP009353,KW10872,2026-05-16,IN,Mobile,3962,23.0,30,559,5.37,2026-05-16 17:11:00
KP009354,KW11091,2026-05-17,CA,Mobile,14955,16.0,467,7323,6.38,2026-05-17 18:57:00
KP009355,KW11516,2026-05-18,AU,Desktop,671,11.0,32,289,11.07,2026-05-18 20:21:00
KP009356,KW11254,2026-05-19,MX,Mobile,883,28.0,26,375,6.93,2026-05-19 11:27:00
KP009357,KW10958,2026-05-20,CA,Tablet,2867,35.0,54,892,6.05,2026-05-20 23:19:00
KP009358,KW11349,2026-05-21,JP,Desktop,7405,15.0,148,2308,6.41,2026-05-21 04:12:00
KP009359,KW10256,2026-05-22,DE,Mobile,5295,17.0,191,2189,8.73,2026-05-22 06:51:00
KP009360,KW10252,2026-05-23,CA,Mobile,6940,6.0,243,2335,10.41,2026-05-23 06:26:00
KP009361,KW10975,2026-05-24,IN,Mobile,4968,25.0,137,2205,6.21,2026-05-24 03:36:00
KP009362,KW11040,2026-05-25,JP,Desktop,2322,31.0,7,153,4.58,2026-05-25 11:58:00
KP009363,KW10116,2026-05-26,JP,Desktop,559,48.0,4,81,4.94,2026-05-26 17:00:00
KP009364,KW10552,2026-05-27,MX,Tablet,3846,30.0,66,1149,5.74,2026-05-27 09:23:00
KP009365,KW11938,2026-05-28,JP,Desktop,3210,31.0,84,1575,5.33,2026-05-28 04:26:00
KP009366,KW10797,2026-05-29,JP,Desktop,3795,13.0,90,1312,6.86,2026-05-29 21:55:00
KP009367,KW10061,2026-05-30,JP,Desktop,1591,10.0,59,594,9.93,2026-05-30 17:28:00
KP009368,KW11152,2026-05-31,JP,Mobile,923,19.0,33,492,6.71,2026-05-31 04:21:00
KP009614,KW11897,2026-02-01,BR,Desktop,1381,4.0,14,91,15.38,2026-02-01 17:02:00
KP009615,KW11199,2026-02-02,BR,Mobile,8749,44.0,97,2197,4.42,2026-02-02 19:40:00
KP009616,KW10892,2026-02-03,UK,Desktop,2777,9.0,28,234,11.97,2026-02-03 23:33:00
KP009617,KW10176,2026-02-04,BR,Mobile,15994,46.0,367,7482,4.91,2026-02-04 11:11:00
KP009618,KW10499,2026-02-05,JP,Mobile,2872,25.0,58,1072,5.41,2026-02-05 04:10:00
KP009619,KW10005,2026-02-06,DE,Mobile,2977,27.0,91,1523,5.98,2026-02-06 17:09:00
KP009620,KW11854,2026-02-07,US,Tablet,746,21.0,17,313,5.43,2026-02-07 04:50:00
KP009621,KW11470,2026-02-08,UK,Desktop,829,46.0,17,333,5.11,2026-02-08 00:00:00
KP009622,KW10830,2026-02-09,BR,Desktop,1171,47.0,6,119,5.04,2026-02-09 02:19:00
KP009623,KW10822,2026-02-10,IN,Desktop,621,15.0,10,121,8.26,2026-02-10 03:33:00
KP009624,KW11500,2026-02-11,UK,Mobile,1712,37.0,4,99,4.04,2026-02-11 08:39:00
KP009625,KW10751,2026-02-12,FR,Desktop,279,45.0,1,54,1.85,2026-02-12 01:04:00
KP009626,KW11468,2026-02-13,DE,Mobile,1993,30.0,39,615,6.34,2026-02-13 20:57:00
KP009627,KW11856,2026-02-14,UK,Desktop,1401,36.0,10,174,5.75,2026-02-14 02:49:00
KP009628,KW10069,2026-02-15,DE,Desktop,1734,44.0,27,810,3.33,2026-02-15 15:48:00
KP009629,KW10759,2026-02-16,IN,Mobile,4985,4.0,200,1304,15.34,2026-02-16 18:17:00
KP009630,KW11817,2026-02-17,BR,Desktop,1516,49.0,15,474,3.16,2026-02-17 00:19:00
KP009631,KW11352,2026-02-18,US,Mobile,2092,31.0,24,384,6.25,2026-02-18 21:33:00
KP009632,KW11964,2026-02-19,MX,Mobile,4457,11.0,24,295,8.14,2026-02-19 07:44:00
KP009633,KW10200,2026-02-20,CA,Mobile,648,14.0,10,115,8.7,2026-02-20 10:04:00
KP009634,KW10068,2026-02-21,US,Mobile,948,15.0,26,318,8.18,2026-02-21 07:47:00
KP009635,KW10644,2026-02-22,BR,Desktop,1372,15.0,50,676,7.4,2026-02-22 23:23:00
KP009636,KW10952,2026-02-23,BR,Desktop,2377,23.0,64,1146,5.58,2026-02-23 09:22:00
KP009637,KW10640,2026-02-24,IN,Desktop,1927,15.0,65,847,7.67,2026-02-24 17:08:00
KP009638,KW10140,2026-02-25,IN,Desktop,2104,25.0,57,945,6.03,2026-02-25 06:23:00
KP009639,KW10710,2026-02-26,AU,Desktop,7550,44.0,93,1981,4.69,2026-02-26 21:14:00
KP009640,KW11493,2026-02-27,US,Desktop,1081,22.0,43,562,7.65,2026-02-27 15:02:00
KP009641,KW10005,2026-02-28,CA,Desktop,2008,13.0,32,453,7.06,2026-02-28 15:35:00
KP009642,KW11506,2026-03-01,BR,Mobile,2679,26.0,68,1046,6.5,2026-03-01 00:15:00
KP009643,KW11416,2026-03-02,JP,Desktop,4156,18.0,118,1573,7.5,2026-03-02 19:14:00
KP009644,KW11040,2026-03-03,US,Desktop,12338,27.0,323,4587,7.04,2026-03-03 16:58:00
KP009645,KW11009,2026-03-04,US,Mobile,2838,47.0,41,867,4.73,2026-03-04 13:54:00
KP009646,KW11574,2026-03-05,FR,Mobile,2964,14.0,102,1219,8.37,2026-03-05 18:29:00
KP009647,KW11336,2026-03-06,FR,Desktop,6804,38.0,32,669,4.78,2026-03-06 06:07:00
KP009648,KW11585,2026-03-07,US,Desktop,6891,10.0,231,1971,11.72,2026-03-07 22:55:00
KP009649,KW10154,2026-03-08,UK,Mobile,2120,42.0,37,838,4.42,2026-03-08 21:10:00
KP009650,KW10600,2026-03-09,JP,Desktop,6420,14.0,58,785,7.39,2026-03-09 19:15:00
KP009651,KW10485,2026-03-10,DE,Desktop,804,29.0,7,123,5.69,2026-03-10 17:36:00
KP009652,KW11460,2026-03-11,FR,Desktop,4406,50.0,13,289,4.5,2026-03-11 13:44:00
KP009653,KW11571,2026-03-12,CA,Desktop,2651,19.0,58,777,7.46,2026-03-12 10:19:00
KP009654,KW10415,2026-03-13,IN,Desktop,11805,36.0,199,4131,4.82,2026-03-13 12:41:00
KP009655,KW11071,2026-03-14,US,Desktop,4802,9.0,73,780,9.36,2026-03-14 00:11:00
KP009656,KW11440,2026-03-15,JP,Mobile,5459,17.0,97,1180,8.22,2026-03-15 00:03:00
KP009657,KW10844,2026-03-16,FR,Mobile,3304,20.0,37,637,5.81,2026-03-16 15:48:00
KP009658,KW11310,2026-03-17,BR,Mobile,3293,50.0,13,423,3.07,2026-03-17 02:20:00
KP009659,KW11411,2026-03-18,US,Mobile,3724,5.0,26,235,11.06,2026-03-18 07:41:00
KP009660,KW11229,2026-03-19,IN,Mobile,2815,29.0,80,1370,5.84,2026-03-19 22:59:00
KP009661,KW10054,2026-03-20,JP,Desktop,6216,46.0,110,2578,4.27,2026-03-20 02:55:00
KP009662,KW11900,2026-03-21,DE,Tablet,1206,10.0,40,551,7.26,2026-03-21 15:40:00
KP009663,KW11623,2026-03-22,CA,Mobile,2563,8.0,89,945,9.42,2026-03-22 00:55:00
KP009664,KW10789,2026-03-23,AU,Desktop,2223,9.0,63,784,8.04,2026-03-23 14:51:00
KP009665,KW10034,2026-03-24,FR,Desktop,452,33.0,7,182,3.85,2026-03-24 00:43:00
KP009666,KW11124,2026-03-25,IN,Desktop,12619,22.0,111,1450,7.66,2026-03-25 16:10:00
KP009667,KW11050,2026-03-26,DE,Desktop,1718,5.0,68,383,17.75,2026-03-26 12:35:00
KP009668,KW11166,2026-03-27,IN,Desktop,1959,5.0,52,297,17.51,2026-03-27 12:41:00
KP009669,KW10576,2026-03-28,CA,Mobile,7484,8.0,484,3888,12.45,2026-03-28 09:12:00
KP009670,KW10639,2026-03-29,FR,Tablet,2373,25.0,33,539,6.12,2026-03-29 01:28:00
KP009671,KW10410,2026-03-30,MX,Desktop,6534,49.0,47,1525,3.08,2026-03-30 21:06:00
KP009672,KW10334,2026-03-31,AU,Desktop,1457,16.0,48,765,6.27,2026-03-31 00:37:00
KP009673,KW10685,2026-04-01,FR,Desktop,5310,46.0,35,1099,3.18,2026-04-01 02:16:00
KP009674,KW10883,2026-04-02,AU,Desktop,7027,10.0,254,3313,7.67,2026-04-02 05:40:00
KP009675,KW11543,2026-04-03,CA,Desktop,4503,4.0,90,732,12.3,2026-04-03 18:02:00
KP009676,KW10335,2026-04-04,AU,Mobile,4362,34.0,34,559,6.08,2026-04-04 12:02:00
KP009677,KW10186,2026-04-05,FR,Desktop,2294,28.0,18,370,4.86,2026-04-05 17:07:00
KP009678,KW10504,2026-04-06,DE,Desktop,1449,22.0,39,510,7.65,2026-04-06 05:57:00
KP009679,KW11211,2026-04-07,MX,Desktop,3363,32.0,38,785,4.84,2026-04-07 13:56:00
KP009680,KW11094,2026-04-08,CA,Mobile,2271,6.0,109,1012,10.77,2026-04-08 16:19:00
KP009681,KW10728,2026-04-09,AU,Desktop,1459,8.0,47,452,10.4,2026-04-09 02:16:00
KP009682,KW10207,2026-04-10,FR,Mobile,680,18.0,6,79,7.59,2026-04-10 10:57:00
KP009683,KW11814,2026-04-11,BR,Mobile,3546,44.0,39,999,3.9,2026-04-11 06:06:00
KP009684,KW11035,2026-04-12,DE,Desktop,5811,34.0,87,1628,5.34,2026-04-12 15:31:00
KP009685,KW11003,2026-04-13,JP,Mobile,10652,25.0,332,4869,6.82,2026-04-13 22:13:00
KP009686,KW10214,2026-04-14,US,Mobile,8483,3.0,489,2932,16.68,2026-04-14 18:05:00
KP009687,KW10302,2026-04-15,FR,Mobile,4463,11.0,78,1088,7.17,2026-04-15 03:19:00
KP009688,KW10436,2026-04-16,BR,Mobile,4905,18.0,119,2046,5.82,2026-04-16 09:43:00
KP009689,KW11179,2026-04-17,IN,Desktop,3834,30.0,112,1711,6.55,2026-04-17 14:34:00
KP009690,KW10298,2026-04-18,IN,Mobile,1093,15.0,20,267,7.49,2026-04-18 07:51:00
KP009691,KW10322,2026-04-19,IN,Mobile,3971,18.0,125,1471,8.5,2026-04-19 03:14:00
KP009692,KW11518,2026-04-20,AU,Desktop,995,20.0,30,434,6.91,2026-04-20 02:59:00
KP009693,KW11612,2026-04-21,JP,Desktop,3375,21.0,73,1196,6.1,2026-04-21 16:30:00
KP009694,KW10433,2026-04-22,MX,Mobile,2316,16.0,26,346,7.51,2026-04-22 14:28:00
KP009695,KW10342,2026-04-23,FR,Desktop,1984,39.0,58,999,5.81,2026-04-23 03:06:00
KP009696,KW11794,2026-04-24,FR,Mobile,13334,29.0,224,4970,4.51,2026-04-24 14:13:00
KP009697,KW10744,2026-04-25,DE,Desktop,1390,10.0,23,199,11.56,2026-04-25 22:59:00
KP009698,KW11881,2026-04-26,AU,Mobile,1144,44.0,15,410,3.66,2026-04-26 03:04:00
KP009699,KW11167,2026-04-27,DE,Mobile,1974,35.0,11,290,3.79,2026-04-27 10:53:00
KP009700,KW11896,2026-04-28,US,Mobile,6229,24.0,75,1216,6.17,2026-04-28 18:23:00
KP009701,KW10024,2026-04-29,US,Desktop,5538,9.0,154,1627,9.47,2026-04-29 04:06:00
KP009702,KW10836,2026-04-30,BR,Desktop,1462,48.0,24,728,3.3,2026-04-30 05:49:00
KP009703,KW11931,2026-05-01,JP,Mobile,2201,20.0,21,418,5.02,2026-05-01 23:07:00
KP009704,KW11711,2026-05-02,BR,Mobile,2642,31.0,61,1374,4.44,2026-05-02 17:48:00
KP009705,KW10613,2026-05-03,AU,Tablet,1179,35.0,23,494,4.66,2026-05-03 10:06:00
KP009706,KW11765,2026-05-04,UK,Desktop,4474,10.0,59,687,8.59,2026-05-04 01:35:00
KP009707,KW11079,2026-05-05,DE,Tablet,6930,30.0,133,2117,6.28,2026-05-05 05:56:00
KP009708,KW10648,2026-05-06,AU,Desktop,704,47.0,7,209,3.35,2026-05-06 18:48:00
KP009709,KW10764,2026-05-07,IN,Desktop,3023,32.0,68,1297,5.24,2026-05-07 14:35:00
KP009710,KW10928,2026-05-08,BR,Desktop,7624,37.0,92,2327,3.95,2026-05-08 04:03:00
KP009711,KW10702,2026-05-09,IN,Mobile,13346,14.0,258,3937,6.55,2026-05-09 10:26:00
KP009712,KW10124,2026-05-10,US,Mobile,4082,35.0,20,534,3.75,2026-05-10 17:23:00
KP009713,KW10550,2026-05-11,DE,Desktop,5700,17.0,182,2432,7.48,2026-05-11 03:17:00
KP009714,KW11761,2026-05-12,IN,Mobile,451,46.0,3,90,3.33,2026-05-12 20:29:00
KP009715,KW11636,2026-05-13,JP,Desktop,3059,42.0,59,1338,4.41,2026-05-13 23:13:00
KP009716,KW11430,2026-05-14,BR,Desktop,13526,33.0,221,4855,4.55,2026-05-14 03:20:00
KP009717,KW11535,2026-05-15,DE,Mobile,3594,1.0,231,784,29.46,2026-05-15 18:22:00
KP009718,KW10298,2026-05-16,JP,Desktop,2900,36.0,14,340,4.12,2026-05-16 04:17:00
KP009719,KW11559,2026-05-17,IN,Mobile,1033,33.0,4,102,3.92,2026-05-17 16:31:00
KP009720,KW11990,2026-05-18,UK,Desktop,1832,33.0,31,585,5.3,2026-05-18 07:32:00
KP009721,KW11347,2026-05-19,DE,Desktop,14311,28.0,262,4083,6.42,2026-05-19 20:31:00
KP009722,KW10078,2026-05-20,UK,Desktop,3745,7.0,98,724,13.54,2026-05-20 01:55:00
KP009723,KW10070,2026-05-21,CA,Desktop,5309,14.0,165,1814,9.1,2026-05-21 19:01:00
KP009724,KW10976,2026-05-22,FR,Mobile,10817,35.0,175,4410,3.97,2026-05-22 12:20:00
KP009725,KW10007,2026-05-23,UK,Mobile,691,16.0,13,153,8.5,2026-05-23 09:54:00
KP009726,KW10520,2026-05-24,BR,Mobile,2096,8.0,60,548,10.95,2026-05-24 17:41:00
KP009727,KW10943,2026-05-25,AU,Mobile,1943,11.0,56,671,8.35,2026-05-25 09:02:00
KP009728,KW11028,2026-05-26,IN,Mobile,9527,26.0,209,4135,5.05,2026-05-26 01:50:00
KP009729,KW10772,2026-05-27,UK,Mobile,2773,29.0,12,248,4.84,2026-05-27 21:45:00
KP009730,KW11700,2026-05-28,MX,Desktop,6784,4.0,239,1745,13.7,2026-05-28 21:43:00
KP009731,KW10194,2026-05-29,FR,Desktop,2419,3.0,140,593,23.61,2026-05-29 04:38:00
KP009732,KW10415,2026-05-30,UK,Desktop,2430,40.0,29,658,4.41,2026-05-30 00:03:00
KP009733,KW10495,2026-05-31,BR,Mobile,1350,15.0,51,567,8.99,2026-05-31 13:39:00
KP009979,KW10074,2026-02-01,CA,Tablet,5938,13.0,123,1259,9.77,2026-02-01 20:45:00
KP009980,KW10013,2026-02-02,DE,Desktop,3118,32.0,71,1681,4.22,2026-02-02 01:16:00
KP009981,KW10370,2026-02-03,DE,Desktop,4930,36.0,33,684,4.82,2026-02-03 02:48:00
KP009982,KW10263,2026-02-04,CA,Mobile,5510,28.0,80,1482,5.4,2026-02-04 22:13:00
KP009983,KW11316,2026-02-05,FR,Desktop,3730,8.0,108,829,13.03,2026-02-05 06:36:00
KP009984,KW11275,2026-02-06,DE,Tablet,988,39.0,9,249,3.61,2026-02-06 19:11:00
KP009985,KW11672,2026-02-07,UK,Mobile,731,6.0,17,135,12.59,2026-02-07 09:07:00
KP009986,KW10213,2026-02-08,AU,Mobile,1973,22.0,49,876,5.59,2026-02-08 14:36:00
KP009987,KW11479,2026-02-09,JP,Desktop,3604,12.0,124,1800,6.89,2026-02-09 18:04:00
KP009988,KW10240,2026-02-10,DE,Desktop,3193,2.0,406,1365,29.74,2026-02-10 07:53:00
KP009989,KW10896,2026-02-11,BR,Mobile,5783,47.0,138,2785,4.96,2026-02-11 13:26:00
KP009990,KW10470,2026-02-12,DE,Desktop,1620,32.0,27,554,4.87,2026-02-12 07:43:00
KP009991,KW10845,2026-02-13,FR,Desktop,3053,28.0,57,871,6.54,2026-02-13 13:41:00
KP009992,KW10032,2026-02-14,US,Mobile,6554,13.0,214,2299,9.31,2026-02-14 12:04:00
KP009993,KW11163,2026-02-15,FR,Desktop,9705,38.0,44,977,4.5,2026-02-15 15:13:00
KP009994,KW10322,2026-02-16,MX,Desktop,1570,19.0,20,282,7.09,2026-02-16 21:44:00
KP009995,KW10142,2026-02-17,FR,Tablet,510,1.0,22,65,33.85,2026-02-17 22:12:00
KP009996,KW10381,2026-02-18,BR,Desktop,989,43.0,23,512,4.49,2026-02-18 04:13:00
KP009997,KW10458,2026-02-19,UK,Mobile,11268,16.0,301,3605,8.35,2026-02-19 07:08:00
KP009998,KW11166,2026-02-20,US,Mobile,4213,49.0,16,319,5.02,2026-02-20 09:13:00
KP009999,KW11053,2026-02-21,CA,Mobile,1178,49.0,13,349,3.72,2026-02-21 20:13:00
KP010000,KW11116,2026-02-22,AU,Desktop,3268,7.0,64,520,12.31,2026-02-22 01:57:00
KP010001,KW11866,2026-02-23,IN,Desktop,5209,26.0,100,1729,5.78,2026-02-23 09:34:00
KP010002,KW10314,2026-02-24,FR,Mobile,1030,42.0,8,195,4.1,2026-02-24 23:33:00
KP010003,KW10655,2026-02-25,UK,Desktop,1790,4.0,120,932,12.88,2026-02-25 01:48:00
KP010004,KW11391,2026-02-26,MX,Mobile,2633,36.0,34,900,3.78,2026-02-26 13:21:00
KP010005,KW10122,2026-02-27,AU,Desktop,4433,49.0,59,1189,4.96,2026-02-27 21:59:00
KP010006,KW11454,2026-02-28,US,Tablet,1211,45.0,2,79,2.53,2026-02-28 03:37:00
KP010007,KW10218,2026-03-01,MX,Mobile,2553,25.0,26,544,4.78,2026-03-01 01:36:00
KP010008,KW11707,2026-03-02,MX,Mobile,12201,22.0,64,974,6.57,2026-03-02 23:11:00
KP010009,KW10512,2026-03-03,DE,Mobile,2091,9.0,82,947,8.66,2026-03-03 15:31:00
KP010010,KW10554,2026-03-04,JP,Mobile,7406,4.0,511,3586,14.25,2026-03-04 03:44:00
KP010011,KW10416,2026-03-05,MX,Desktop,2918,43.0,19,521,3.65,2026-03-05 09:02:00
KP010012,KW10715,2026-03-06,IN,Desktop,11822,42.0,144,3572,4.03,2026-03-06 15:58:00
KP010013,KW10416,2026-03-07,FR,Desktop,2812,7.0,50,379,13.19,2026-03-07 22:21:00
KP010014,KW10374,2026-03-08,JP,Mobile,2066,24.0,63,944,6.67,2026-03-08 11:39:00
KP010015,KW10427,2026-03-09,FR,Desktop,1489,19.0,13,202,6.44,2026-03-09 11:49:00
KP010016,KW11850,2026-03-10,BR,Desktop,648,13.0,7,102,6.86,2026-03-10 06:02:00
KP010017,KW10893,2026-03-11,AU,Desktop,3616,38.0,10,199,5.03,2026-03-11 06:38:00
KP010018,KW10270,2026-03-12,IN,Desktop,2121,49.0,16,511,3.13,2026-03-12 07:40:00
KP010019,KW11145,2026-03-13,BR,Desktop,2651,27.0,78,1294,6.03,2026-03-13 12:44:00
KP010020,KW11575,2026-03-14,CA,Tablet,3877,45.0,55,1673,3.29,2026-03-14 18:29:00
KP010021,KW11320,2026-03-15,US,Tablet,3466,32.0,72,1192,6.04,2026-03-15 19:40:00
KP010022,KW10690,2026-03-16,JP,Desktop,1939,25.0,60,894,6.71,2026-03-16 15:33:00
KP010023,KW11997,2026-03-17,US,Mobile,1098,10.0,46,399,11.53,2026-03-17 10:08:00
KP010024,KW10182,2026-03-18,US,Mobile,7340,22.0,261,3779,6.91,2026-03-18 21:58:00
KP010025,KW11141,2026-03-19,US,Desktop,6901,13.0,96,962,9.98,2026-03-19 04:42:00
KP010026,KW11341,2026-03-20,AU,Desktop,1104,9.0,11,131,8.4,2026-03-20 16:51:00
KP010027,KW10287,2026-03-21,DE,Desktop,7685,14.0,148,2319,6.38,2026-03-21 19:19:00
KP010028,KW11093,2026-03-22,FR,Desktop,3616,11.0,127,1097,11.58,2026-03-22 12:53:00
KP010029,KW10178,2026-03-23,FR,Desktop,5252,14.0,230,2809,8.19,2026-03-23 19:35:00
KP010030,KW10868,2026-03-24,AU,Desktop,1254,22.0,47,609,7.72,2026-03-24 11:23:00
KP010031,KW11019,2026-03-25,IN,Tablet,2889,14.0,108,1580,6.84,2026-03-25 11:55:00
KP010032,KW11180,2026-03-26,MX,Desktop,3427,16.0,164,1841,8.91,2026-03-26 12:31:00
KP010033,KW11426,2026-03-27,MX,Mobile,2142,17.0,21,328,6.4,2026-03-27 17:14:00
KP010034,KW11085,2026-03-28,UK,Desktop,5623,2.0,150,683,21.96,2026-03-28 16:32:00
KP010035,KW11121,2026-03-29,UK,Mobile,10823,32.0,178,2757,6.46,2026-03-29 09:09:00
KP010036,KW10397,2026-03-30,DE,Desktop,1728,22.0,18,239,7.53,2026-03-30 08:20:00
KP010037,KW10540,2026-03-31,MX,Mobile,5956,33.0,44,844,5.21,2026-03-31 03:17:00
KP010038,KW10937,2026-04-01,MX,Desktop,3233,32.0,52,1325,3.92,2026-04-01 18:31:00
KP010039,KW10959,2026-04-02,US,Desktop,21687,18.0,614,7930,7.74,2026-04-02 13:47:00
KP010040,KW11228,2026-04-03,DE,Desktop,1747,25.0,8,153,5.23,2026-04-03 05:26:00
KP010041,KW10181,2026-04-04,US,Desktop,1091,3.0,25,165,15.15,2026-04-04 18:11:00
KP010042,KW10266,2026-04-05,US,Mobile,2646,43.0,60,1280,4.69,2026-04-05 11:21:00
KP010043,KW11350,2026-04-06,AU,Mobile,1028,13.0,15,197,7.61,2026-04-06 08:05:00
KP010044,KW10414,2026-04-07,US,Desktop,1712,39.0,37,791,4.68,2026-04-07 19:43:00
KP010045,KW11570,2026-04-08,US,Desktop,8195,42.0,152,3426,4.44,2026-04-08 05:51:00
KP010046,KW10852,2026-04-09,JP,Mobile,2041,29.0,15,300,5.0,2026-04-09 08:13:00
KP010047,KW11023,2026-04-10,AU,Desktop,2785,28.0,10,175,5.71,2026-04-10 20:44:00
KP010048,KW11219,2026-04-11,US,Desktop,1308,4.0,24,161,14.91,2026-04-11 17:12:00
KP010049,KW11152,2026-04-12,UK,Desktop,1635,16.0,55,787,6.99,2026-04-12 19:44:00
KP010050,KW10353,2026-04-13,US,Tablet,3407,10.0,96,1207,7.95,2026-04-13 15:14:00
KP010051,KW10260,2026-04-14,BR,Desktop,554,26.0,11,164,6.71,2026-04-14 21:41:00
KP010052,KW11468,2026-04-15,JP,Mobile,3734,31.0,39,904,4.31,2026-04-15 15:26:00
KP010053,KW10999,2026-04-16,JP,Desktop,9511,21.0,283,4932,5.74,2026-04-16 13:31:00
KP010054,KW10378,2026-04-17,MX,Tablet,944,28.0,6,140,4.29,2026-04-17 18:02:00
KP010055,KW11869,2026-04-18,MX,Desktop,1701,43.0,29,662,4.38,2026-04-18 18:16:00
KP010056,KW10752,2026-04-19,AU,Mobile,5278,8.0,186,1391,13.37,2026-04-19 03:33:00
KP010057,KW11197,2026-04-20,IN,Desktop,7674,43.0,51,1363,3.74,2026-04-20 13:46:00
KP010058,KW10855,2026-04-21,CA,Desktop,3364,34.0,37,770,4.81,2026-04-21 07:54:00
KP010059,KW11444,2026-04-22,BR,Mobile,3599,9.0,68,587,11.58,2026-04-22 02:26:00
KP010060,KW10411,2026-04-23,JP,Desktop,10999,27.0,166,3446,4.82,2026-04-23 13:51:00
KP010061,KW11883,2026-04-24,CA,Mobile,929,44.0,15,431,3.48,2026-04-24 16:17:00
KP010062,KW11923,2026-04-25,US,Desktop,2411,13.0,80,907,8.82,2026-04-25 16:31:00
KP010063,KW11093,2026-04-26,IN,Desktop,13103,14.0,225,3614,6.23,2026-04-26 21:33:00
KP010064,KW11562,2026-04-27,UK,Mobile,3562,13.0,130,1829,7.11,2026-04-27 07:54:00
KP010065,KW10912,2026-04-28,FR,Desktop,2382,50.0,13,349,3.72,2026-04-28 03:25:00
KP010066,KW10770,2026-04-29,IN,Desktop,10361,1.0,1696,4848,34.98,2026-04-29 15:11:00
KP010067,KW10293,2026-04-30,US,Desktop,2732,31.0,7,143,4.9,2026-04-30 09:01:00
KP010068,KW11929,2026-05-01,UK,Tablet,1526,13.0,47,564,8.33,2026-05-01 18:01:00
KP010069,KW10101,2026-05-02,FR,Tablet,7998,28.0,67,1395,4.8,2026-05-02 10:29:00
KP010070,KW11038,2026-05-03,JP,Mobile,1435,8.0,14,169,8.28,2026-05-03 17:50:00
KP010071,KW10808,2026-05-04,MX,Mobile,6394,4.0,256,1519,16.85,2026-05-04 11:42:00
KP010072,KW11112,2026-05-05,UK,Mobile,3478,50.0,68,1583,4.3,2026-05-05 12:50:00
KP010073,KW11136,2026-05-06,FR,Desktop,4355,49.0,14,284,4.93,2026-05-06 05:49:00
KP010074,KW11931,2026-05-07,FR,Mobile,1251,49.0,22,578,3.81,2026-05-07 01:18:00
KP010075,KW11661,2026-05-08,DE,Desktop,3045,13.0,12,175,6.86,2026-05-08 22:54:00
KP010076,KW10830,2026-05-09,UK,Mobile,2466,38.0,71,1348,5.27,2026-05-09 21:47:00
KP010077,KW10474,2026-05-10,CA,Desktop,5867,13.0,239,3038,7.87,2026-05-10 06:36:00
KP010078,KW10810,2026-05-11,FR,Mobile,7203,5.0,304,2147,14.16,2026-05-11 08:53:00
KP010079,KW10222,2026-05-12,AU,Desktop,1275,26.0,23,509,4.52,2026-05-12 10:15:00
KP010080,KW11317,2026-05-13,AU,Mobile,1374,32.0,7,127,5.51,2026-05-13 21:35:00
KP010081,KW11113,2026-05-14,FR,Desktop,2303,49.0,21,581,3.61,2026-05-14 17:37:00
KP010082,KW11096,2026-05-15,IN,Mobile,4913,23.0,131,2103,6.23,2026-05-15 03:25:00
KP010083,KW11439,2026-05-16,JP,Desktop,2897,21.0,117,1548,7.56,2026-05-16 18:58:00
KP010084,KW11517,2026-05-17,US,Desktop,7468,8.0,127,1510,8.41,2026-05-17 05:04:00
KP010085,KW11368,2026-05-18,BR,Desktop,6205,33.0,193,3374,5.72,2026-05-18 18:54:00
KP010086,KW10746,2026-05-19,BR,Mobile,9968,27.0,200,4550,4.4,2026-05-19 10:51:00
KP010087,KW10693,2026-05-20,CA,Mobile,4584,40.0,87,2237,3.89,2026-05-20 11:24:00
KP010088,KW10235,2026-05-21,UK,Mobile,1180,41.0,16,466,3.43,2026-05-21 03:43:00
KP010089,KW10076,2026-05-22,JP,Mobile,3227,44.0,83,1740,4.77,2026-05-22 12:26:00
KP010090,KW10206,2026-05-23,FR,Mobile,10127,22.0,106,1723,6.15,2026-05-23 17:34:00
KP010091,KW10798,2026-05-24,FR,Desktop,2968,9.0,32,419,7.64,2026-05-24 16:33:00
KP010092,KW11876,2026-05-25,IN,Mobile,2448,48.0,14,406,3.45,2026-05-25 23:08:00
KP010093,KW10310,2026-05-26,DE,Desktop,2333,29.0,25,488,5.12,2026-05-26 11:34:00
KP010094,KW11368,2026-05-27,CA,Mobile,9140,18.0,195,2395,8.14,2026-05-27 20:31:00
KP010095,KW11075,2026-05-28,US,Mobile,654,45.0,13,283,4.59,2026-05-28 10:40:00
KP010096,KW10379,2026-05-29,DE,Mobile,11844,13.0,268,3042,8.81,2026-05-29 18:58:00
KP010097,KW11804,2026-05-30,AU,Mobile,298,8.0,7,79,8.86,2026-05-30 13:38:00
KP010098,KW10718,2026-05-31,IN,Mobile,3076,47.0,47,1305,3.6,2026-05-31 07:08:00
KP010344,KW11806,2026-02-01,CA,Desktop,3745,49.0,11,237,4.64,2026-02-01 22:43:00
KP010345,KW10354,2026-02-02,DE,Mobile,590,8.0,35,285,12.28,2026-02-02 03:18:00
KP010346,KW10800,2026-02-03,US,Desktop,1459,9.0,35,408,8.58,2026-02-03 13:40:00
KP010347,KW10850,2026-02-04,FR,Mobile,4339,46.0,98,1869,5.24,2026-02-04 16:53:00
KP010348,KW11142,2026-02-05,JP,Desktop,1452,29.0,40,677,5.91,2026-02-05 17:55:00
KP010349,KW11067,2026-02-06,DE,Desktop,2952,30.0,44,1040,4.23,2026-02-06 04:25:00
KP010350,KW11898,2026-02-07,JP,Desktop,1842,31.0,10,168,5.95,2026-02-07 04:17:00
KP010351,KW10910,2026-02-08,US,Tablet,1784,21.0,56,870,6.44,2026-02-08 22:48:00
KP010352,KW11361,2026-02-09,AU,Mobile,9120,24.0,190,3290,5.78,2026-02-09 11:20:00
KP010353,KW10705,2026-02-10,JP,Desktop,1787,40.0,9,273,3.3,2026-02-10 05:20:00
KP010354,KW11988,2026-02-11,US,Mobile,1802,33.0,33,557,5.92,2026-02-11 09:24:00
KP010355,KW11177,2026-02-12,MX,Desktop,938,4.0,44,284,15.49,2026-02-12 14:57:00
KP010356,KW10669,2026-02-13,UK,Desktop,5681,22.0,121,1601,7.56,2026-02-13 02:23:00
KP010357,KW10619,2026-02-14,IN,Mobile,1042,6.0,27,210,12.86,2026-02-14 09:55:00
KP010358,KW10982,2026-02-15,IN,Tablet,10034,19.0,117,1752,6.68,2026-02-15 20:22:00
KP010359,KW11435,2026-02-16,UK,Mobile,4651,42.0,39,957,4.08,2026-02-16 03:32:00
KP010360,KW11591,2026-02-17,MX,Mobile,1454,22.0,46,608,7.57,2026-02-17 09:56:00
KP010361,KW11042,2026-02-18,FR,Mobile,929,35.0,20,356,5.62,2026-02-18 18:32:00
KP010362,KW10238,2026-02-19,AU,Mobile,2878,27.0,36,631,5.71,2026-02-19 04:22:00
KP010363,KW10928,2026-02-20,US,Desktop,1275,16.0,24,271,8.86,2026-02-20 14:01:00
KP010364,KW11339,2026-02-21,IN,Mobile,2542,46.0,21,638,3.29,2026-02-21 07:02:00
KP010365,KW11189,2026-02-22,CA,Desktop,1619,45.0,13,334,3.89,2026-02-22 10:42:00
KP010366,KW11258,2026-02-23,AU,Mobile,2798,4.0,156,922,16.92,2026-02-23 11:29:00
KP010367,KW11987,2026-02-24,IN,Desktop,7851,14.0,245,2735,8.96,2026-02-24 15:43:00
KP010368,KW10888,2026-02-25,CA,Desktop,6084,15.0,242,3026,8.0,2026-02-25 09:53:00
KP010369,KW10501,2026-02-26,UK,Mobile,1563,50.0,22,593,3.71,2026-02-26 11:09:00
KP010370,KW10087,2026-02-27,CA,Mobile,1290,11.0,6,66,9.09,2026-02-27 10:18:00
KP010371,KW10366,2026-02-28,FR,Desktop,3050,22.0,36,657,5.48,2026-02-28 00:10:00
KP010372,KW10197,2026-03-01,US,Desktop,2158,42.0,36,676,5.33,2026-03-01 23:12:00
KP010373,KW10868,2026-03-02,CA,Mobile,2571,2.0,55,218,25.23,2026-03-02 05:17:00
KP010374,KW10603,2026-03-03,CA,Mobile,2173,26.0,61,975,6.26,2026-03-03 19:17:00
KP010375,KW10933,2026-03-04,AU,Mobile,3203,39.0,67,1366,4.9,2026-03-04 01:22:00
KP010376,KW10885,2026-03-05,DE,Mobile,7351,8.0,430,3316,12.97,2026-03-05 15:30:00
KP010377,KW10299,2026-03-06,FR,Mobile,1774,17.0,65,817,7.96,2026-03-06 07:34:00
KP010378,KW10804,2026-03-07,JP,Desktop,4906,50.0,53,1207,4.39,2026-03-07 01:04:00
KP010379,KW10115,2026-03-08,US,Desktop,4503,48.0,114,2223,5.13,2026-03-08 08:14:00
KP010380,KW11911,2026-03-09,BR,Mobile,8043,8.0,233,1942,12.0,2026-03-09 08:05:00
KP010381,KW10426,2026-03-10,CA,Desktop,1443,49.0,25,525,4.76,2026-03-10 18:34:00
KP010382,KW10678,2026-03-11,US,Desktop,1974,20.0,22,415,5.3,2026-03-11 22:16:00
KP010383,KW11454,2026-03-12,CA,Desktop,8309,16.0,56,659,8.5,2026-03-12 16:39:00
KP010384,KW11007,2026-03-13,BR,Mobile,605,13.0,16,252,6.35,2026-03-13 10:23:00
KP010385,KW10559,2026-03-14,UK,Mobile,2630,7.0,107,1070,10.0,2026-03-14 04:22:00
KP010386,KW11463,2026-03-15,DE,Mobile,1788,33.0,37,974,3.8,2026-03-15 18:22:00
KP010387,KW10819,2026-03-16,FR,Desktop,4225,43.0,103,2198,4.69,2026-03-16 05:19:00
KP010388,KW11336,2026-03-17,MX,Mobile,3841,34.0,81,1521,5.33,2026-03-17 22:41:00
KP010389,KW10583,2026-03-18,UK,Mobile,6829,38.0,147,2865,5.13,2026-03-18 20:49:00
KP010390,KW10890,2026-03-19,UK,Desktop,3235,22.0,73,1002,7.29,2026-03-19 03:45:00
KP010391,KW11689,2026-03-20,CA,Desktop,642,41.0,10,276,3.62,2026-03-20 18:19:00
KP010392,KW10156,2026-03-21,BR,Mobile,1949,23.0,75,1058,7.09,2026-03-21 02:46:00
KP010393,KW10179,2026-03-22,BR,Mobile,4837,19.0,111,1668,6.65,2026-03-22 12:43:00
KP010394,KW11481,2026-03-23,DE,Mobile,1356,2.0,187,681,27.46,2026-03-23 01:49:00
KP010395,KW11183,2026-03-24,UK,Mobile,10697,6.0,430,2743,15.68,2026-03-24 12:59:00
KP010396,KW11548,2026-03-25,CA,Desktop,7108,28.0,194,3774,5.14,2026-03-25 09:29:00
KP010397,KW10420,2026-03-26,MX,Desktop,20583,8.0,165,1709,9.65,2026-03-26 07:50:00
KP010398,KW10493,2026-03-27,BR,Desktop,430,15.0,13,164,7.93,2026-03-27 17:01:00
KP010399,KW11147,2026-03-28,DE,Mobile,2385,21.0,48,864,5.56,2026-03-28 00:15:00
KP010400,KW10732,2026-03-29,US,Desktop,9611,21.0,225,2836,7.93,2026-03-29 09:26:00
KP010401,KW11636,2026-03-30,MX,Mobile,8876,37.0,166,3058,5.43,2026-03-30 12:02:00
KP010402,KW11865,2026-03-31,UK,Desktop,1854,31.0,52,974,5.34,2026-03-31 07:22:00
KP010403,KW11150,2026-04-01,MX,Desktop,1297,43.0,26,702,3.7,2026-04-01 17:39:00
KP010404,KW10401,2026-04-02,US,Desktop,5779,21.0,147,2445,6.01,2026-04-02 07:25:00
KP010405,KW11315,2026-04-03,FR,Desktop,10429,45.0,63,1941,3.25,2026-04-03 16:25:00
KP010406,KW10757,2026-04-04,UK,Desktop,1295,13.0,24,275,8.73,2026-04-04 00:19:00
KP010407,KW10645,2026-04-05,IN,Mobile,752,38.0,7,181,3.87,2026-04-05 21:11:00
KP010408,KW11804,2026-04-06,FR,Mobile,2608,21.0,43,645,6.67,2026-04-06 11:29:00
KP010409,KW11008,2026-04-07,CA,Desktop,3093,31.0,50,917,5.45,2026-04-07 22:49:00
KP010410,KW11742,2026-04-08,AU,Desktop,3081,34.0,73,1326,5.51,2026-04-08 18:33:00
KP010411,KW10124,2026-04-09,AU,Mobile,4961,22.0,48,687,6.99,2026-04-09 13:15:00
KP010412,KW11698,2026-04-10,UK,Mobile,15913,17.0,607,7418,8.18,2026-04-10 09:49:00
KP010413,KW11505,2026-04-11,BR,Mobile,442,20.0,13,174,7.47,2026-04-11 18:55:00
KP010414,KW11114,2026-04-12,DE,Desktop,3426,28.0,65,1326,4.9,2026-04-12 17:31:00
KP010415,KW11157,2026-04-13,FR,Desktop,5167,12.0,141,1693,8.33,2026-04-13 10:37:00
KP010416,KW10295,2026-04-14,AU,Desktop,1725,3.0,88,571,15.41,2026-04-14 23:13:00
KP010417,KW10257,2026-04-15,AU,Tablet,602,21.0,10,152,6.58,2026-04-15 11:00:00
KP010418,KW10781,2026-04-16,AU,Tablet,1179,36.0,13,264,4.92,2026-04-16 04:25:00
KP010419,KW10277,2026-04-17,UK,Desktop,4251,2.0,362,1514,23.91,2026-04-17 17:43:00
KP010420,KW10135,2026-04-18,AU,Desktop,2420,36.0,27,525,5.14,2026-04-18 03:09:00
KP010421,KW11732,2026-04-19,JP,Desktop,1019,31.0,8,155,5.16,2026-04-19 11:52:00
KP010422,KW10300,2026-04-20,MX,Desktop,803,47.0,6,174,3.45,2026-04-20 01:23:00
KP010423,KW10001,2026-04-21,JP,Desktop,4204,39.0,49,1087,4.51,2026-04-21 10:29:00
KP010424,KW10821,2026-04-22,AU,Mobile,5742,5.0,398,2315,17.19,2026-04-22 09:17:00
KP010425,KW10773,2026-04-23,DE,Desktop,2021,41.0,18,440,4.09,2026-04-23 16:50:00
KP010426,KW10834,2026-04-24,JP,Desktop,4748,48.0,21,525,4.0,2026-04-24 01:06:00
KP010427,KW11222,2026-04-25,BR,Mobile,2487,46.0,31,596,5.2,2026-04-25 23:45:00
KP010428,KW11606,2026-04-26,MX,Desktop,4226,40.0,31,912,3.4,2026-04-26 07:47:00
KP010429,KW11235,2026-04-27,CA,Mobile,3976,19.0,116,1585,7.32,2026-04-27 20:37:00
KP010430,KW11816,2026-04-28,US,Mobile,576,3.0,21,136,15.44,2026-04-28 07:41:00
KP010431,KW11581,2026-04-29,UK,Desktop,5380,41.0,17,505,3.37,2026-04-29 13:50:00
KP010432,KW11360,2026-04-30,FR,Tablet,2680,31.0,47,885,5.31,2026-04-30 21:16:00
KP010433,KW10541,2026-05-01,FR,Desktop,549,21.0,16,214,7.48,2026-05-01 10:36:00
KP010434,KW10416,2026-05-02,US,Mobile,1970,40.0,15,400,3.75,2026-05-02 00:12:00
KP010435,KW11129,2026-05-03,FR,Desktop,2324,35.0,67,1195,5.61,2026-05-03 00:27:00
KP010436,KW10729,2026-05-04,JP,Desktop,9032,9.0,305,2453,12.43,2026-05-04 15:20:00
KP010437,KW10671,2026-05-05,FR,Desktop,11103,43.0,94,2821,3.33,2026-05-05 07:17:00
KP010438,KW10226,2026-05-06,FR,Desktop,1903,19.0,43,779,5.52,2026-05-06 15:57:00
KP010439,KW10686,2026-05-07,BR,Desktop,1092,43.0,9,287,3.14,2026-05-07 15:01:00
KP010440,KW11673,2026-05-08,UK,Mobile,1361,37.0,19,451,4.21,2026-05-08 18:45:00
KP010441,KW10504,2026-05-09,BR,Mobile,3203,37.0,29,689,4.21,2026-05-09 05:29:00
KP010442,KW10147,2026-05-10,MX,Desktop,1477,38.0,25,587,4.26,2026-05-10 14:21:00
KP010443,KW11168,2026-05-11,JP,Desktop,1340,45.0,27,628,4.3,2026-05-11 07:59:00
KP010444,KW10955,2026-05-12,FR,Mobile,2961,37.0,57,1073,5.31,2026-05-12 14:23:00
KP010445,KW10544,2026-05-13,IN,Mobile,10957,20.0,255,4073,6.26,2026-05-13 01:58:00
KP010446,KW10741,2026-05-14,AU,Mobile,1383,31.0,3,71,4.23,2026-05-14 08:36:00
KP010447,KW10425,2026-05-15,DE,Mobile,706,19.0,2,36,5.56,2026-05-15 13:33:00
KP010448,KW11569,2026-05-16,DE,Desktop,8743,20.0,127,1935,6.56,2026-05-16 01:30:00
KP010449,KW11652,2026-05-17,MX,Desktop,1698,28.0,6,147,4.08,2026-05-17 19:51:00
KP010450,KW10868,2026-05-18,BR,Desktop,1277,37.0,4,112,3.57,2026-05-18 02:20:00
KP010451,KW11121,2026-05-19,DE,Desktop,7044,5.0,459,2928,15.68,2026-05-19 15:16:00
KP010452,KW11646,2026-05-20,MX,Desktop,4152,37.0,32,888,3.6,2026-05-20 02:49:00
KP010453,KW11750,2026-05-21,AU,Mobile,3206,7.0,93,828,11.23,2026-05-21 15:14:00
KP010454,KW10935,2026-05-22,AU,Tablet,10898,21.0,87,1710,5.09,2026-05-22 16:04:00
KP010455,KW11699,2026-05-23,DE,Mobile,1085,4.0,23,192,11.98,2026-05-23 22:32:00
KP010456,KW10153,2026-05-24,MX,Desktop,1951,14.0,87,934,9.31,2026-05-24 17:04:00
KP010457,KW11188,2026-05-25,DE,Desktop,4262,19.0,113,1594,7.09,2026-05-25 06:33:00
KP010458,KW10284,2026-05-26,FR,Desktop,1993,41.0,20,363,5.51,2026-05-26 15:11:00
KP010459,KW11229,2026-05-27,AU,Desktop,4510,12.0,88,1200,7.33,2026-05-27 19:27:00
KP010460,KW11933,2026-05-28,DE,Mobile,13438,3.0,574,2956,19.42,2026-05-28 01:07:00
KP010461,KW11482,2026-05-29,MX,Mobile,1072,35.0,6,148,4.05,2026-05-29 03:12:00
KP010462,KW10634,2026-05-30,BR,Desktop,12423,19.0,236,4430,5.33,2026-05-30 19:22:00
KP010463,KW11982,2026-05-31,US,Desktop,5620,20.0,70,958,7.31,2026-05-31 06:05:00
KP010709,KW11934,2026-02-01,AU,Mobile,1842,2.0,165,752,21.94,2026-02-01 10:10:00
KP010710,KW11413,2026-02-02,BR,Tablet,7314,29.0,175,3527,4.96,2026-02-02 13:13:00
KP010711,KW11200,2026-02-03,UK,Mobile,4888,26.0,63,1388,4.54,2026-02-03 17:39:00
KP010712,KW10118,2026-02-04,UK,Desktop,2366,26.0,17,246,6.91,2026-02-04 09:39:00
KP010713,KW11895,2026-02-05,FR,Desktop,4218,18.0,134,1836,7.3,2026-02-05 00:19:00
KP010714,KW10080,2026-02-06,JP,Mobile,4546,3.0,339,2051,16.53,2026-02-06 19:33:00
KP010715,KW11443,2026-02-07,AU,Desktop,1347,2.0,135,643,21.0,2026-02-07 00:58:00
KP010716,KW11934,2026-02-08,JP,Mobile,1927,25.0,33,677,4.87,2026-02-08 13:12:00
KP010717,KW10981,2026-02-09,MX,Mobile,5082,24.0,131,2498,5.24,2026-02-09 10:21:00
KP010718,KW11443,2026-02-10,UK,Mobile,6680,44.0,50,958,5.22,2026-02-10 10:25:00
KP010719,KW10139,2026-02-11,US,Desktop,3670,2.0,340,1295,26.25,2026-02-11 01:15:00
KP010720,KW10708,2026-02-12,US,Desktop,1029,42.0,19,382,4.97,2026-02-12 00:23:00
KP010721,KW10218,2026-02-13,UK,Mobile,1531,21.0,63,832,7.57,2026-02-13 18:28:00
KP010722,KW10515,2026-02-14,FR,Mobile,13508,7.0,642,5242,12.25,2026-02-14 22:36:00
KP010723,KW11289,2026-02-15,MX,Desktop,1496,13.0,46,436,10.55,2026-02-15 21:36:00
KP010724,KW11339,2026-02-16,DE,Desktop,1193,31.0,8,172,4.65,2026-02-16 04:43:00
KP010725,KW10386,2026-02-17,AU,Mobile,6649,37.0,84,1709,4.92,2026-02-17 12:30:00
KP010726,KW11801,2026-02-18,US,Desktop,4575,48.0,10,249,4.02,2026-02-18 00:55:00
KP010727,KW11898,2026-02-19,JP,Tablet,1539,50.0,4,99,4.04,2026-02-19 06:51:00
KP010728,KW11703,2026-02-20,BR,Mobile,2499,13.0,20,237,8.44,2026-02-20 20:09:00
KP010729,KW10287,2026-02-21,AU,Tablet,2252,10.0,123,1073,11.46,2026-02-21 18:27:00
KP010730,KW11020,2026-02-22,UK,Desktop,3534,13.0,97,1426,6.8,2026-02-22 04:24:00
KP010731,KW11317,2026-02-23,DE,Mobile,1477,23.0,22,398,5.53,2026-02-23 02:49:00
KP010732,KW10896,2026-02-24,BR,Desktop,1317,40.0,7,191,3.66,2026-02-24 20:57:00
KP010733,KW10666,2026-02-25,BR,Mobile,5157,23.0,181,2687,6.74,2026-02-25 20:08:00
KP010734,KW11482,2026-02-26,US,Desktop,2021,30.0,49,824,5.95,2026-02-26 22:54:00
KP010735,KW11003,2026-02-27,DE,Desktop,1261,10.0,35,455,7.69,2026-02-27 17:22:00
KP010736,KW10419,2026-02-28,FR,Desktop,788,6.0,51,356,14.33,2026-02-28 10:45:00
KP010737,KW10180,2026-03-01,DE,Mobile,7867,40.0,93,1823,5.1,2026-03-01 00:22:00
KP010738,KW10391,2026-03-02,JP,Desktop,1180,35.0,3,62,4.84,2026-03-02 00:51:00
KP010739,KW11385,2026-03-03,AU,Mobile,2388,26.0,66,1252,5.27,2026-03-03 00:33:00
KP010740,KW10850,2026-03-04,FR,Mobile,1063,18.0,7,113,6.19,2026-03-04 06:55:00
KP010741,KW10790,2026-03-05,DE,Desktop,2492,4.0,43,263,16.35,2026-03-05 08:19:00
KP010742,KW10772,2026-03-06,BR,Desktop,1284,33.0,21,435,4.83,2026-03-06 07:35:00
KP010743,KW10460,2026-03-07,US,Mobile,2366,41.0,36,764,4.71,2026-03-07 18:11:00
KP010744,KW11763,2026-03-08,JP,Mobile,364,35.0,9,147,6.12,2026-03-08 17:14:00
KP010745,KW11608,2026-03-09,US,Desktop,7159,21.0,180,2928,6.15,2026-03-09 11:04:00
KP010746,KW11966,2026-03-10,JP,Mobile,1069,31.0,18,451,3.99,2026-03-10 21:50:00
KP010747,KW10214,2026-03-11,MX,Mobile,663,27.0,10,168,5.95,2026-03-11 19:38:00
KP010748,KW10055,2026-03-12,AU,Mobile,11325,45.0,127,3088,4.11,2026-03-12 09:35:00
KP010749,KW11051,2026-03-13,US,Desktop,1732,13.0,67,806,8.31,2026-03-13 23:39:00
KP010750,KW11365,2026-03-14,BR,Mobile,17519,43.0,41,1138,3.6,2026-03-14 07:15:00
KP010751,KW10193,2026-03-15,IN,Mobile,831,19.0,19,302,6.29,2026-03-15 23:39:00
KP010752,KW10690,2026-03-16,FR,Desktop,9854,41.0,236,4380,5.39,2026-03-16 06:55:00
KP010753,KW11486,2026-03-17,DE,Desktop,1298,5.0,20,142,14.08,2026-03-17 16:15:00
KP010754,KW10788,2026-03-18,BR,Desktop,8643,50.0,29,824,3.52,2026-03-18 18:19:00
KP010755,KW10523,2026-03-19,FR,Desktop,776,39.0,21,395,5.32,2026-03-19 07:09:00
KP010756,KW11623,2026-03-20,DE,Mobile,1192,5.0,45,368,12.23,2026-03-20 11:55:00
KP010757,KW11602,2026-03-21,AU,Desktop,2813,43.0,18,475,3.79,2026-03-21 14:44:00
KP010758,KW10689,2026-03-22,MX,Desktop,1995,11.0,77,839,9.18,2026-03-22 07:46:00
KP010759,KW11928,2026-03-23,BR,Mobile,709,17.0,5,93,5.38,2026-03-23 00:07:00
KP010760,KW11526,2026-03-24,MX,Desktop,4229,6.0,77,726,10.61,2026-03-24 04:15:00
KP010761,KW10538,2026-03-25,AU,Desktop,383,18.0,5,75,6.67,2026-03-25 11:25:00
KP010762,KW10239,2026-03-26,BR,Mobile,2218,3.0,128,872,14.68,2026-03-26 09:02:00
KP010763,KW10936,2026-03-27,BR,Mobile,1044,9.0,57,510,11.18,2026-03-27 02:08:00
KP010764,KW11852,2026-03-28,MX,Tablet,15472,10.0,210,2222,9.45,2026-03-28 06:36:00
KP010765,KW10255,2026-03-29,DE,Mobile,1826,40.0,32,713,4.49,2026-03-29 03:16:00
KP010766,KW11091,2026-03-30,BR,Mobile,1298,38.0,17,411,4.14,2026-03-30 08:08:00
KP010767,KW10793,2026-03-31,DE,Mobile,1534,36.0,11,202,5.45,2026-03-31 21:54:00
KP010768,KW11609,2026-04-01,DE,Mobile,9118,1.0,393,1124,34.96,2026-04-01 10:01:00
KP010769,KW11281,2026-04-02,UK,Mobile,3163,13.0,79,1112,7.1,2026-04-02 12:54:00
KP010770,KW11812,2026-04-03,US,Desktop,3620,8.0,67,791,8.47,2026-04-03 04:02:00
KP010771,KW11996,2026-04-04,MX,Mobile,3770,36.0,55,1113,4.94,2026-04-04 19:37:00
KP010772,KW10900,2026-04-05,FR,Mobile,3088,6.0,91,804,11.32,2026-04-05 04:25:00
KP010773,KW11994,2026-04-06,BR,Mobile,335,31.0,6,140,4.29,2026-04-06 12:15:00
KP010774,KW10065,2026-04-07,FR,Desktop,3738,23.0,50,719,6.95,2026-04-07 12:26:00
KP010775,KW10813,2026-04-08,IN,Mobile,15825,50.0,111,3145,3.53,2026-04-08 02:42:00
KP010776,KW11468,2026-04-09,BR,Desktop,2699,38.0,34,692,4.91,2026-04-09 16:03:00
KP010777,KW10224,2026-04-10,UK,Desktop,4133,16.0,93,1066,8.72,2026-04-10 07:34:00
KP010778,KW11872,2026-04-11,JP,Desktop,9829,28.0,90,1413,6.37,2026-04-11 09:00:00
KP010779,KW10789,2026-04-12,IN,Desktop,1163,9.0,43,395,10.89,2026-04-12 03:56:00
KP010780,KW11246,2026-04-13,US,Desktop,786,25.0,9,163,5.52,2026-04-13 18:18:00
KP010781,KW10867,2026-04-14,US,Desktop,4441,2.0,156,747,20.88,2026-04-14 23:57:00
KP010782,KW10792,2026-04-15,CA,Desktop,3884,46.0,74,1443,5.13,2026-04-15 09:18:00
KP010783,KW11984,2026-04-16,MX,Mobile,938,13.0,8,84,9.52,2026-04-16 15:34:00
KP010784,KW10223,2026-04-17,IN,Mobile,6989,37.0,112,2613,4.29,2026-04-17 02:38:00
KP010785,KW11365,2026-04-18,JP,Desktop,4029,13.0,39,389,10.03,2026-04-18 05:03:00
KP010786,KW10400,2026-04-19,MX,Mobile,10587,26.0,182,2596,7.01,2026-04-19 19:00:00
KP010787,KW11485,2026-04-20,BR,Mobile,2238,10.0,110,1079,10.19,2026-04-20 08:16:00
KP010788,KW11023,2026-04-21,US,Mobile,2364,29.0,52,872,5.96,2026-04-21 12:21:00
KP010789,KW11294,2026-04-22,JP,Desktop,2880,50.0,25,743,3.36,2026-04-22 23:01:00
KP010790,KW10209,2026-04-23,AU,Mobile,4341,47.0,20,571,3.5,2026-04-23 09:31:00
KP010791,KW11537,2026-04-24,BR,Mobile,6213,9.0,256,1989,12.87,2026-04-24 08:03:00
KP010792,KW10506,2026-04-25,MX,Desktop,1720,46.0,39,899,4.34,2026-04-25 10:59:00
KP010793,KW11267,2026-04-26,UK,Mobile,6042,36.0,120,2673,4.49,2026-04-26 07:19:00
KP010794,KW10630,2026-04-27,DE,Desktop,2808,5.0,56,347,16.14,2026-04-27 08:16:00
KP010795,KW10518,2026-04-28,FR,Mobile,6594,2.0,240,886,27.09,2026-04-28 03:26:00
KP010796,KW11295,2026-04-29,IN,Mobile,2095,22.0,29,443,6.55,2026-04-29 03:43:00
KP010797,KW11663,2026-04-30,BR,Desktop,2331,1.0,42,120,35.0,2026-04-30 22:43:00
KP010798,KW10969,2026-05-01,CA,Mobile,961,36.0,22,476,4.62,2026-05-01 11:16:00
KP010799,KW11987,2026-05-02,US,Mobile,1177,47.0,15,370,4.05,2026-05-02 02:34:00
KP010800,KW10588,2026-05-03,UK,Desktop,6094,42.0,108,2233,4.84,2026-05-03 23:04:00
KP010801,KW11722,2026-05-04,CA,Desktop,2621,2.0,328,1122,29.23,2026-05-04 09:07:00
KP010802,KW11364,2026-05-05,BR,Desktop,7521,19.0,181,2686,6.74,2026-05-05 13:09:00
KP010803,KW11081,2026-05-06,UK,Mobile,52122,32.0,847,20348,4.16,2026-05-06 01:46:00
KP010804,KW10020,2026-05-07,CA,Desktop,5883,18.0,86,1483,5.8,2026-05-07 13:51:00
KP010805,KW10604,2026-05-08,FR,Mobile,3619,19.0,129,1608,8.02,2026-05-08 10:40:00
KP010806,KW10234,2026-05-09,BR,Mobile,866,3.0,26,182,14.29,2026-05-09 17:40:00
KP010807,KW11016,2026-05-10,IN,Mobile,4168,42.0,58,1399,4.15,2026-05-10 21:12:00
KP010808,KW11713,2026-05-11,DE,Mobile,2817,49.0,50,1136,4.4,2026-05-11 16:22:00
KP010809,KW10717,2026-05-12,FR,Mobile,58408,13.0,606,9304,6.51,2026-05-12 00:28:00
KP010810,KW11583,2026-05-13,IN,Desktop,2096,50.0,31,1025,3.02,2026-05-13 09:28:00
KP010811,KW11404,2026-05-14,FR,Desktop,622,5.0,8,55,14.55,2026-05-14 05:42:00
KP010812,KW11188,2026-05-15,JP,Desktop,4052,28.0,20,432,4.63,2026-05-15 05:22:00
KP010813,KW11781,2026-05-16,JP,Desktop,9391,33.0,32,763,4.19,2026-05-16 22:32:00
KP010814,KW11388,2026-05-17,FR,Mobile,4206,17.0,93,1628,5.71,2026-05-17 06:55:00
KP010815,KW10897,2026-05-18,US,Desktop,1290,12.0,41,401,10.22,2026-05-18 08:02:00
KP010816,KW10546,2026-05-19,US,Mobile,2529,48.0,26,706,3.68,2026-05-19 18:46:00
KP010817,KW10827,2026-05-20,US,Desktop,5033,8.0,331,2523,13.12,2026-05-20 14:38:00
KP010818,KW10050,2026-05-21,CA,Desktop,4285,6.0,195,1833,10.64,2026-05-21 11:13:00
KP010819,KW10507,2026-05-22,FR,Mobile,3613,46.0,75,1814,4.13,2026-05-22 00:19:00
KP010820,KW11534,2026-05-23,FR,Desktop,1287,24.0,25,432,5.79,2026-05-23 02:18:00
KP010821,KW11729,2026-05-24,FR,Mobile,2355,34.0,37,613,6.04,2026-05-24 19:37:00
KP010822,KW10539,2026-05-25,AU,Mobile,3407,40.0,75,1608,4.66,2026-05-25 06:23:00
KP010823,KW11945,2026-05-26,CA,Desktop,679,45.0,2,71,2.82,2026-05-26 00:45:00
KP010824,KW11160,2026-05-27,FR,Desktop,2222,20.0,81,985,8.22,2026-05-27 14:33:00
KP010825,KW10170,2026-05-28,DE,Mobile,11344,10.0,343,3425,10.01,2026-05-28 12:50:00
KP010826,KW10016,2026-05-29,IN,Mobile,2852,22.0,22,297,7.41,2026-05-29 21:47:00
KP010827,KW10219,2026-05-30,JP,Mobile,9530,29.0,214,3232,6.62,2026-05-30 17:52:00
KP010828,KW10352,2026-05-31,US,Mobile,2221,36.0,17,407,4.18,2026-05-31 04:01:00
KP011074,KW11070,2026-02-01,AU,Desktop,8015,11.0,393,3963,9.92,2026-02-01 16:07:00
KP011075,KW11545,2026-02-02,IN,Desktop,4044,23.0,46,897,5.13,2026-02-02 18:38:00
KP011076,KW10084,2026-02-03,UK,Desktop,3202,7.0,69,650,10.62,2026-02-03 10:41:00
KP011077,KW11144,2026-02-04,FR,Desktop,1999,44.0,26,542,4.8,2026-02-04 21:08:00
KP011078,KW10896,2026-02-05,IN,Desktop,6520,19.0,52,844,6.16,2026-02-05 02:37:00
KP011079,KW11129,2026-02-06,AU,Tablet,14587,38.0,158,4217,3.75,2026-02-06 17:20:00
KP011080,KW11603,2026-02-07,JP,Mobile,2457,19.0,70,869,8.06,2026-02-07 02:00:00
KP011081,KW11287,2026-02-08,BR,Desktop,2272,30.0,13,311,4.18,2026-02-08 19:20:00
KP011082,KW10493,2026-02-09,BR,Tablet,3985,40.0,44,1267,3.47,2026-02-09 15:50:00
KP011083,KW11623,2026-02-10,JP,Mobile,11900,30.0,76,1876,4.05,2026-02-10 21:49:00
KP011084,KW10870,2026-02-11,UK,Mobile,10348,33.0,211,5085,4.15,2026-02-11 02:44:00
KP011085,KW10578,2026-02-12,US,Desktop,17320,38.0,299,5863,5.1,2026-02-12 11:48:00
KP011086,KW10359,2026-02-13,MX,Mobile,2185,20.0,66,796,8.29,2026-02-13 15:51:00
KP011087,KW10654,2026-02-14,AU,Mobile,2509,36.0,9,238,3.78,2026-02-14 22:18:00
KP011088,KW11151,2026-02-15,CA,Mobile,5195,11.0,76,854,8.9,2026-02-15 09:59:00
KP011089,KW10918,2026-02-16,FR,Mobile,5561,9.0,287,2759,10.4,2026-02-16 11:51:00
KP011090,KW10175,2026-02-17,DE,Mobile,4523,43.0,32,720,4.44,2026-02-17 10:15:00
KP011091,KW10938,2026-02-18,FR,Mobile,1319,13.0,25,268,9.33,2026-02-18 14:24:00
KP011092,KW11311,2026-02-19,US,Mobile,2565,40.0,59,1369,4.31,2026-02-19 01:42:00
KP011093,KW10687,2026-02-20,IN,Mobile,6647,22.0,178,2394,7.44,2026-02-20 07:58:00
KP011094,KW10920,2026-02-21,UK,Desktop,3042,11.0,52,698,7.45,2026-02-21 21:36:00
KP011095,KW11863,2026-02-22,DE,Desktop,1390,3.0,50,275,18.18,2026-02-22 10:54:00
KP011096,KW10228,2026-02-23,US,Mobile,1291,49.0,10,290,3.45,2026-02-23 00:44:00
KP011097,KW10884,2026-02-24,MX,Mobile,2883,41.0,60,1545,3.88,2026-02-24 14:03:00
KP011098,KW11111,2026-02-25,IN,Mobile,1072,45.0,15,419,3.58,2026-02-25 19:49:00
KP011099,KW10193,2026-02-26,DE,Desktop,9454,7.0,529,3739,14.15,2026-02-26 17:15:00
KP011100,KW10561,2026-02-27,FR,Desktop,9707,47.0,68,1975,3.44,2026-02-27 11:25:00
KP011101,KW11565,2026-02-28,FR,Mobile,3825,36.0,65,1539,4.22,2026-02-28 10:42:00
KP011102,KW10999,2026-03-01,US,Desktop,6088,13.0,82,1205,6.8,2026-03-01 06:32:00
KP011103,KW10165,2026-03-02,IN,Desktop,2608,20.0,70,1136,6.16,2026-03-02 10:14:00
KP011104,KW11404,2026-03-03,IN,Mobile,891,49.0,6,171,3.51,2026-03-03 03:42:00
KP011105,KW10244,2026-03-04,MX,Desktop,2898,33.0,31,612,5.07,2026-03-04 09:25:00
KP011106,KW11824,2026-03-05,IN,Desktop,2797,45.0,33,1011,3.26,2026-03-05 04:18:00
KP011107,KW11873,2026-03-06,FR,Desktop,12503,29.0,72,1423,5.06,2026-03-06 11:22:00
KP011108,KW11728,2026-03-07,IN,Desktop,1928,12.0,50,746,6.7,2026-03-07 15:18:00
KP011109,KW10042,2026-03-08,DE,Mobile,2371,23.0,9,125,7.2,2026-03-08 02:28:00
KP011110,KW11913,2026-03-09,IN,Mobile,706,4.0,17,113,15.04,2026-03-09 22:29:00
KP011111,KW11456,2026-03-10,UK,Mobile,1415,14.0,24,244,9.84,2026-03-10 16:50:00
KP011112,KW10794,2026-03-11,FR,Mobile,2913,25.0,8,159,5.03,2026-03-11 01:12:00
KP011113,KW10367,2026-03-12,AU,Mobile,3599,40.0,35,888,3.94,2026-03-12 03:31:00
KP011114,KW10362,2026-03-13,CA,Desktop,5956,10.0,141,1577,8.94,2026-03-13 13:35:00
KP011115,KW11041,2026-03-14,DE,Desktop,1968,18.0,55,878,6.26,2026-03-14 07:14:00
KP011116,KW10326,2026-03-15,FR,Desktop,2972,5.0,173,1039,16.65,2026-03-15 22:50:00
KP011117,KW11779,2026-03-16,AU,Tablet,607,38.0,11,225,4.89,2026-03-16 02:38:00
KP011118,KW10267,2026-03-17,AU,Desktop,3494,41.0,91,1808,5.03,2026-03-17 00:53:00
KP011119,KW10979,2026-03-18,AU,Desktop,7111,50.0,125,2514,4.97,2026-03-18 20:16:00
KP011120,KW11183,2026-03-19,FR,Mobile,1231,16.0,44,582,7.56,2026-03-19 09:19:00
KP011121,KW10429,2026-03-20,US,Desktop,4552,25.0,163,2416,6.75,2026-03-20 09:10:00
KP011122,KW11662,2026-03-21,US,Desktop,631,11.0,25,218,11.47,2026-03-21 15:09:00
KP011123,KW10289,2026-03-22,JP,Mobile,1435,42.0,8,159,5.03,2026-03-22 02:43:00
KP011124,KW11665,2026-03-23,MX,Desktop,6284,12.0,208,2223,9.36,2026-03-23 17:25:00
KP011125,KW11355,2026-03-24,AU,Mobile,1350,4.0,50,320,15.62,2026-03-24 11:21:00
KP011126,KW10596,2026-03-25,UK,Desktop,2248,5.0,92,732,12.57,2026-03-25 13:44:00
KP011127,KW11973,2026-03-26,JP,Mobile,2039,17.0,12,190,6.32,2026-03-26 11:38:00
KP011128,KW10998,2026-03-27,FR,Desktop,2349,26.0,56,802,6.98,2026-03-27 23:01:00
KP011129,KW10488,2026-03-28,US,Mobile,3487,26.0,95,1713,5.55,2026-03-28 09:42:00
KP011130,KW10756,2026-03-29,UK,Mobile,1401,49.0,17,430,3.95,2026-03-29 17:31:00
KP011131,KW11334,2026-03-30,FR,Desktop,5925,4.0,218,1174,18.57,2026-03-30 02:52:00
KP011132,KW10252,2026-03-31,CA,Desktop,16621,35.0,99,2039,4.86,2026-03-31 05:04:00
KP011133,KW11654,2026-04-01,MX,Tablet,951,48.0,14,397,3.53,2026-04-01 23:50:00
KP011134,KW11480,2026-04-02,IN,Mobile,3837,44.0,77,1425,5.4,2026-04-02 16:53:00
KP011135,KW10866,2026-04-03,UK,Desktop,6968,19.0,79,1042,7.58,2026-04-03 09:06:00
KP011136,KW10715,2026-04-04,DE,Desktop,1976,18.0,88,1040,8.46,2026-04-04 15:42:00
KP011137,KW11691,2026-04-05,AU,Desktop,5411,16.0,31,454,6.83,2026-04-05 10:12:00
KP011138,KW11645,2026-04-06,JP,Mobile,1601,28.0,19,447,4.25,2026-04-06 16:13:00
KP011139,KW11879,2026-04-07,UK,Mobile,5369,1.0,672,1922,34.96,2026-04-07 13:31:00
KP011140,KW11879,2026-04-08,US,Desktop,5066,3.0,521,2642,19.72,2026-04-08 02:14:00
KP011141,KW11109,2026-04-09,BR,Mobile,8365,47.0,146,3136,4.66,2026-04-09 06:08:00
KP011142,KW10867,2026-04-10,BR,Desktop,867,14.0,14,171,8.19,2026-04-10 08:02:00
KP011143,KW11963,2026-04-11,JP,Mobile,9719,23.0,62,1323,4.69,2026-04-11 15:54:00
KP011144,KW11791,2026-04-12,BR,Desktop,4003,31.0,21,495,4.24,2026-04-12 19:43:00
KP011145,KW11112,2026-04-13,BR,Desktop,13499,17.0,194,2490,7.79,2026-04-13 11:53:00
KP011146,KW10978,2026-04-14,JP,Desktop,2446,17.0,13,151,8.61,2026-04-14 17:31:00
KP011147,KW10943,2026-04-15,IN,Mobile,14410,14.0,502,5874,8.55,2026-04-15 19:39:00
KP011148,KW10973,2026-04-16,UK,Desktop,3029,48.0,10,292,3.42,2026-04-16 10:20:00
KP011149,KW11313,2026-04-17,DE,Desktop,10807,32.0,240,5041,4.76,2026-04-17 16:27:00
KP011150,KW11114,2026-04-18,UK,Mobile,1240,9.0,51,466,10.94,2026-04-18 05:29:00
KP011151,KW11915,2026-04-19,MX,Mobile,1983,6.0,62,496,12.5,2026-04-19 04:03:00
KP011152,KW11692,2026-04-20,US,Mobile,572,10.0,8,73,10.96,2026-04-20 12:15:00
KP011153,KW11450,2026-04-21,IN,Mobile,1690,40.0,21,420,5.0,2026-04-21 23:16:00
KP011154,KW11381,2026-04-22,JP,Desktop,3610,40.0,20,388,5.15,2026-04-22 23:29:00
KP011155,KW10695,2026-04-23,UK,Mobile,963,6.0,38,310,12.26,2026-04-23 18:53:00
KP011156,KW11595,2026-04-24,US,Mobile,4370,4.0,127,974,13.04,2026-04-24 09:30:00
KP011157,KW10265,2026-04-25,JP,Mobile,1068,1.0,113,325,34.77,2026-04-25 15:47:00
KP011158,KW11182,2026-04-26,US,Tablet,1634,1.0,34,118,28.81,2026-04-26 06:52:00
KP011159,KW10100,2026-04-27,MX,Desktop,2005,41.0,49,1038,4.72,2026-04-27 23:28:00
KP011160,KW10293,2026-04-28,MX,Desktop,312,25.0,4,67,5.97,2026-04-28 20:44:00
KP011161,KW10408,2026-04-29,UK,Desktop,627,19.0,3,55,5.45,2026-04-29 10:46:00
KP011162,KW10987,2026-04-30,AU,Tablet,4932,13.0,174,2570,6.77,2026-04-30 02:15:00
KP011163,KW10993,2026-05-01,US,Desktop,2410,32.0,53,1177,4.5,2026-05-01 23:40:00
KP011164,KW11461,2026-05-02,JP,Mobile,2130,45.0,30,757,3.96,2026-05-02 22:47:00
KP011165,KW11994,2026-05-03,FR,Tablet,2196,34.0,12,316,3.8,2026-05-03 18:35:00
KP011166,KW11839,2026-05-04,DE,Mobile,2348,39.0,31,647,4.79,2026-05-04 16:28:00
KP011167,KW10334,2026-05-05,JP,Desktop,5244,20.0,137,2531,5.41,2026-05-05 18:44:00
KP011168,KW10217,2026-05-06,IN,Desktop,1627,9.0,18,223,8.07,2026-05-06 12:58:00
KP011169,KW11751,2026-05-07,CA,Desktop,4930,19.0,85,1485,5.72,2026-05-07 12:43:00
KP011170,KW11191,2026-05-08,MX,Desktop,3582,19.0,60,731,8.21,2026-05-08 19:36:00
KP011171,KW11852,2026-05-09,AU,Desktop,372,19.0,3,51,5.88,2026-05-09 04:58:00
KP011172,KW11866,2026-05-10,IN,Desktop,13831,19.0,170,2700,6.3,2026-05-10 00:58:00
KP011173,KW11789,2026-05-11,DE,Desktop,3793,38.0,15,347,4.32,2026-05-11 07:11:00
KP011174,KW11095,2026-05-12,FR,Mobile,2328,2.0,197,760,25.92,2026-05-12 00:40:00
KP011175,KW11762,2026-05-13,FR,Mobile,1914,23.0,24,496,4.84,2026-05-13 18:57:00
KP011176,KW10722,2026-05-14,BR,Desktop,4298,3.0,203,1217,16.68,2026-05-14 05:00:00
KP011177,KW11782,2026-05-15,AU,Mobile,4000,38.0,121,2111,5.73,2026-05-15 08:36:00
KP011178,KW11628,2026-05-16,UK,Tablet,1988,27.0,12,264,4.55,2026-05-16 09:07:00
KP011179,KW11323,2026-05-17,CA,Desktop,6538,40.0,29,531,5.46,2026-05-17 07:16:00
KP011180,KW10711,2026-05-18,US,Desktop,6714,9.0,116,1439,8.06,2026-05-18 11:55:00
KP011181,KW11283,2026-05-19,FR,Mobile,3430,31.0,68,1169,5.82,2026-05-19 20:53:00
KP011182,KW10209,2026-05-20,FR,Mobile,5813,33.0,80,1297,6.17,2026-05-20 09:56:00
KP011183,KW10776,2026-05-21,BR,Mobile,2191,48.0,29,825,3.52,2026-05-21 15:44:00
KP011184,KW10211,2026-05-22,IN,Desktop,4161,5.0,194,1465,13.24,2026-05-22 22:12:00
KP011185,KW10325,2026-05-23,AU,Desktop,1188,46.0,4,104,3.85,2026-05-23 09:38:00
KP011186,KW11201,2026-05-24,IN,Mobile,1970,21.0,20,321,6.23,2026-05-24 12:40:00
KP011187,KW11832,2026-05-25,UK,Desktop,5497,20.0,45,670,6.72,2026-05-25 03:54:00
KP011188,KW10665,2026-05-26,CA,Desktop,1202,7.0,55,387,14.21,2026-05-26 08:14:00
KP011189,KW10244,2026-05-27,JP,Desktop,8894,17.0,78,866,9.01,2026-05-27 11:07:00
KP011190,KW10261,2026-05-28,JP,Desktop,1810,44.0,22,595,3.7,2026-05-28 21:39:00
KP011191,KW11441,2026-05-29,DE,Tablet,1241,49.0,24,680,3.53,2026-05-29 13:11:00
KP011192,KW11588,2026-05-30,MX,Desktop,1976,10.0,97,907,10.69,2026-05-30 08:36:00
KP011193,KW11916,2026-05-31,US,Desktop,8785,10.0,392,4643,8.44,2026-05-31 22:50:00
KP011439,KW11590,2026-02-01,MX,Desktop,13154,3.0,892,5871,15.19,2026-02-01 01:07:00
KP011440,KW11252,2026-02-02,FR,Mobile,1967,4.0,75,495,15.15,2026-02-02 19:32:00
KP011441,KW10986,2026-02-03,JP,Mobile,5063,35.0,52,856,6.07,2026-02-03 12:13:00
KP011442,KW10214,2026-02-04,MX,Desktop,1549,25.0,5,92,5.43,2026-02-04 12:20:00
KP011443,KW10537,2026-02-05,BR,Mobile,988,38.0,27,487,5.54,2026-02-05 04:39:00
KP011444,KW10728,2026-02-06,JP,Mobile,1752,9.0,38,395,9.62,2026-02-06 10:38:00
KP011445,KW11929,2026-02-07,BR,Desktop,548,39.0,9,168,5.36,2026-02-07 08:21:00
KP011446,KW10637,2026-02-08,UK,Desktop,4978,25.0,23,320,7.19,2026-02-08 17:38:00
KP011447,KW10169,2026-02-09,DE,Mobile,625,9.0,19,178,10.67,2026-02-09 19:11:00
KP011448,KW11302,2026-02-10,US,Desktop,3891,17.0,133,1995,6.67,2026-02-10 15:55:00
KP011449,KW10762,2026-02-11,US,Desktop,1067,16.0,44,517,8.51,2026-02-11 19:35:00
KP011450,KW10249,2026-02-12,AU,Desktop,2076,12.0,62,734,8.45,2026-02-12 14:23:00
KP011451,KW10419,2026-02-13,AU,Mobile,908,8.0,13,162,8.02,2026-02-13 15:59:00
KP011452,KW10336,2026-02-14,AU,Desktop,1291,41.0,16,374,4.28,2026-02-14 10:17:00
KP011453,KW10272,2026-02-15,DE,Mobile,2939,12.0,72,930,7.74,2026-02-15 19:49:00
KP011454,KW10322,2026-02-16,IN,Desktop,973,48.0,15,378,3.97,2026-02-16 21:18:00
KP011455,KW11336,2026-02-17,US,Tablet,2022,10.0,66,636,10.38,2026-02-17 10:18:00
KP011456,KW10935,2026-02-18,DE,Desktop,3256,34.0,23,399,5.76,2026-02-18 11:03:00
KP011457,KW11243,2026-02-19,JP,Mobile,1169,9.0,32,353,9.07,2026-02-19 08:14:00
KP011458,KW10882,2026-02-20,CA,Mobile,18492,18.0,599,7724,7.76,2026-02-20 02:46:00
KP011459,KW10039,2026-02-21,JP,Mobile,6664,24.0,50,727,6.88,2026-02-21 23:25:00
KP011460,KW11382,2026-02-22,AU,Mobile,3841,33.0,26,651,3.99,2026-02-22 08:37:00
KP011461,KW10357,2026-02-23,JP,Desktop,1332,16.0,35,391,8.95,2026-02-23 08:06:00
KP011462,KW11906,2026-02-24,IN,Desktop,2852,40.0,58,1167,4.97,2026-02-24 12:24:00
KP011463,KW10002,2026-02-25,FR,Desktop,4229,48.0,42,1249,3.36,2026-02-25 17:08:00
KP011464,KW11102,2026-02-26,CA,Tablet,3188,13.0,59,809,7.29,2026-02-26 09:38:00
KP011465,KW10186,2026-02-27,IN,Mobile,1824,44.0,48,1002,4.79,2026-02-27 07:27:00
KP011466,KW11228,2026-02-28,AU,Desktop,3965,40.0,8,221,3.62,2026-02-28 04:24:00
KP011467,KW10432,2026-03-01,MX,Mobile,1866,20.0,16,230,6.96,2026-03-01 00:54:00
KP011468,KW11599,2026-03-02,MX,Desktop,5095,47.0,62,1821,3.4,2026-03-02 20:03:00
KP011469,KW10386,2026-03-03,US,Mobile,10610,30.0,215,3689,5.83,2026-03-03 17:32:00
KP011470,KW10692,2026-03-04,AU,Mobile,1138,24.0,14,248,5.65,2026-03-04 16:06:00
KP011471,KW10893,2026-03-05,DE,Mobile,4334,47.0,82,1566,5.24,2026-03-05 22:23:00
KP011472,KW11133,2026-03-06,JP,Desktop,878,46.0,17,355,4.79,2026-03-06 02:30:00
KP011473,KW11006,2026-03-07,CA,Mobile,4887,39.0,90,2041,4.41,2026-03-07 07:44:00
KP011474,KW11742,2026-03-08,UK,Desktop,9379,27.0,47,809,5.81,2026-03-08 02:52:00
KP011475,KW10134,2026-03-09,BR,Desktop,2953,11.0,91,1134,8.02,2026-03-09 14:54:00
KP011476,KW11915,2026-03-10,DE,Desktop,623,20.0,4,67,5.97,2026-03-10 00:03:00
KP011477,KW11676,2026-03-11,DE,Mobile,8059,27.0,278,4156,6.69,2026-03-11 16:12:00
KP011478,KW10364,2026-03-12,IN,Desktop,9957,48.0,133,3044,4.37,2026-03-12 20:57:00
KP011479,KW10300,2026-03-13,JP,Desktop,5418,33.0,47,763,6.16,2026-03-13 15:42:00
KP011480,KW10592,2026-03-14,AU,Mobile,1384,36.0,13,255,5.1,2026-03-14 16:38:00
KP011481,KW10018,2026-03-15,CA,Mobile,1094,19.0,17,260,6.54,2026-03-15 09:44:00
KP011482,KW11909,2026-03-16,AU,Desktop,16204,23.0,555,7713,7.2,2026-03-16 23:26:00
KP011483,KW11973,2026-03-17,CA,Desktop,354,20.0,14,173,8.09,2026-03-17 17:41:00
KP011484,KW10031,2026-03-18,US,Desktop,1150,16.0,52,632,8.23,2026-03-18 21:44:00
KP011485,KW10473,2026-03-19,UK,Desktop,11685,38.0,69,1333,5.18,2026-03-19 18:05:00
KP011486,KW11771,2026-03-20,UK,Mobile,1945,2.0,88,386,22.8,2026-03-20 10:14:00
KP011487,KW10528,2026-03-21,MX,Mobile,1330,32.0,16,321,4.98,2026-03-21 10:23:00
KP011488,KW10559,2026-03-22,BR,Desktop,2394,41.0,9,175,5.14,2026-03-22 16:04:00
KP011489,KW10347,2026-03-23,US,Mobile,2354,3.0,248,1103,22.48,2026-03-23 02:52:00
KP011490,KW10140,2026-03-24,US,Desktop,2127,44.0,37,709,5.22,2026-03-24 05:52:00
KP011491,KW10223,2026-03-25,JP,Mobile,6686,18.0,50,795,6.29,2026-03-25 09:25:00
KP011492,KW11448,2026-03-26,UK,Desktop,4688,49.0,33,749,4.41,2026-03-26 09:16:00
KP011493,KW10778,2026-03-27,JP,Desktop,8360,21.0,99,1294,7.65,2026-03-27 11:32:00
KP011494,KW11951,2026-03-28,US,Desktop,762,47.0,1,41,2.44,2026-03-28 09:13:00
KP011495,KW11065,2026-03-29,FR,Desktop,3198,22.0,66,1054,6.26,2026-03-29 04:39:00
KP011496,KW11430,2026-03-30,JP,Desktop,4934,19.0,43,821,5.24,2026-03-30 20:04:00
KP011497,KW10513,2026-03-31,MX,Mobile,7531,46.0,14,377,3.71,2026-03-31 22:25:00
KP011498,KW10476,2026-04-01,DE,Desktop,479,23.0,6,120,5.0,2026-04-01 05:31:00
KP011499,KW11109,2026-04-02,UK,Mobile,20841,12.0,528,6536,8.08,2026-04-02 01:15:00
KP011500,KW11177,2026-04-03,US,Mobile,2622,5.0,93,840,11.07,2026-04-03 13:30:00
KP011501,KW11135,2026-04-04,US,Mobile,2582,13.0,29,341,8.5,2026-04-04 14:53:00
KP011502,KW10667,2026-04-05,FR,Mobile,5804,30.0,65,1048,6.2,2026-04-05 02:05:00
KP011503,KW11248,2026-04-06,BR,Mobile,31279,26.0,356,5500,6.47,2026-04-06 00:13:00
KP011504,KW10084,2026-04-07,AU,Desktop,1596,11.0,53,545,9.72,2026-04-07 21:56:00
KP011505,KW11984,2026-04-08,UK,Mobile,2778,18.0,46,847,5.43,2026-04-08 09:20:00
KP011506,KW11755,2026-04-09,FR,Desktop,1752,36.0,17,308,5.52,2026-04-09 13:20:00
KP011507,KW10487,2026-04-10,US,Tablet,5672,13.0,42,621,6.76,2026-04-10 05:23:00
KP011508,KW10865,2026-04-11,JP,Mobile,12025,18.0,223,2777,8.03,2026-04-11 16:39:00
KP011509,KW11407,2026-04-12,FR,Mobile,5019,43.0,77,1616,4.76,2026-04-12 16:08:00
KP011510,KW11341,2026-04-13,IN,Desktop,10017,12.0,468,4709,9.94,2026-04-13 14:01:00
KP011511,KW10321,2026-04-14,AU,Mobile,777,45.0,14,338,4.14,2026-04-14 23:33:00
KP011512,KW10287,2026-04-15,AU,Mobile,2909,50.0,58,1464,3.96,2026-04-15 22:15:00
KP011513,KW10086,2026-04-16,MX,Desktop,4545,27.0,15,269,5.58,2026-04-16 12:58:00
KP011514,KW11614,2026-04-17,US,Desktop,735,45.0,12,266,4.51,2026-04-17 16:59:00
KP011515,KW11228,2026-04-18,IN,Desktop,2997,50.0,52,1616,3.22,2026-04-18 07:38:00
KP011516,KW10039,2026-04-19,JP,Mobile,3693,13.0,109,1293,8.43,2026-04-19 02:42:00
KP011517,KW11712,2026-04-20,BR,Mobile,4576,26.0,120,1886,6.36,2026-04-20 21:29:00
KP011518,KW11444,2026-04-21,IN,Mobile,5335,43.0,121,2748,4.4,2026-04-21 00:32:00
KP011519,KW11253,2026-04-22,MX,Mobile,6794,45.0,21,550,3.82,2026-04-22 08:55:00
KP011520,KW10597,2026-04-23,MX,Desktop,2694,6.0,170,1068,15.92,2026-04-23 00:36:00
KP011521,KW10620,2026-04-24,US,Mobile,19060,26.0,377,5866,6.43,2026-04-24 12:59:00
KP011522,KW11148,2026-04-25,MX,Mobile,3111,29.0,46,705,6.52,2026-04-25 05:42:00
KP011523,KW10263,2026-04-26,CA,Mobile,13903,26.0,109,1562,6.98,2026-04-26 12:31:00
KP011524,KW10210,2026-04-27,DE,Mobile,625,25.0,7,126,5.56,2026-04-27 22:11:00
KP011525,KW11205,2026-04-28,AU,Mobile,1586,2.0,69,316,21.84,2026-04-28 00:23:00
KP011526,KW11920,2026-04-29,JP,Mobile,3043,20.0,76,1167,6.51,2026-04-29 18:27:00
KP011527,KW10343,2026-04-30,BR,Tablet,10782,9.0,94,992,9.48,2026-04-30 13:16:00
KP011528,KW11751,2026-05-01,FR,Mobile,7885,1.0,905,3347,27.04,2026-05-01 03:09:00
KP011529,KW10640,2026-05-02,CA,Desktop,5316,15.0,46,707,6.51,2026-05-02 12:04:00
KP011530,KW10366,2026-05-03,IN,Desktop,1752,13.0,27,361,7.48,2026-05-03 07:41:00
KP011531,KW10358,2026-05-04,IN,Desktop,2575,15.0,52,692,7.51,2026-05-04 09:53:00
KP011532,KW10850,2026-05-05,MX,Mobile,5149,30.0,114,1999,5.7,2026-05-05 08:30:00
KP011533,KW10080,2026-05-06,BR,Mobile,1526,27.0,37,609,6.08,2026-05-06 11:48:00
KP011534,KW11899,2026-05-07,AU,Mobile,5438,25.0,73,1390,5.25,2026-05-07 19:59:00
KP011535,KW10485,2026-05-08,MX,Desktop,9938,24.0,245,3756,6.52,2026-05-08 19:12:00
KP011536,KW11139,2026-05-09,BR,Tablet,579,40.0,3,101,2.97,2026-05-09 01:26:00
KP011537,KW11449,2026-05-10,US,Desktop,3777,22.0,106,1701,6.23,2026-05-10 13:39:00
KP011538,KW11152,2026-05-11,US,Mobile,3689,13.0,66,980,6.73,2026-05-11 11:08:00
KP011539,KW10528,2026-05-12,MX,Tablet,3526,50.0,62,1739,3.57,2026-05-12 08:35:00
KP011540,KW11384,2026-05-13,JP,Desktop,2837,8.0,68,589,11.54,2026-05-13 16:09:00
KP011541,KW10485,2026-05-14,JP,Mobile,5098,34.0,17,396,4.29,2026-05-14 23:29:00
KP011542,KW11790,2026-05-15,CA,Desktop,2219,17.0,7,133,5.26,2026-05-15 10:22:00
KP011543,KW10433,2026-05-16,US,Desktop,1597,16.0,58,721,8.04,2026-05-16 03:50:00
KP011544,KW11510,2026-05-17,DE,Mobile,1513,15.0,7,124,5.65,2026-05-17 06:01:00
KP011545,KW10493,2026-05-18,MX,Mobile,9322,41.0,218,4995,4.36,2026-05-18 20:43:00
KP011546,KW11120,2026-05-19,BR,Desktop,3910,23.0,84,1412,5.95,2026-05-19 23:45:00
KP011547,KW10433,2026-05-20,MX,Mobile,13615,37.0,157,3570,4.4,2026-05-20 22:35:00
KP011548,KW11154,2026-05-21,CA,Desktop,4877,36.0,40,752,5.32,2026-05-21 16:42:00
KP011549,KW10718,2026-05-22,US,Tablet,792,21.0,2,39,5.13,2026-05-22 04:56:00
KP011550,KW10597,2026-05-23,UK,Mobile,2122,11.0,25,281,8.9,2026-05-23 00:36:00
KP011551,KW11746,2026-05-24,UK,Desktop,12703,21.0,378,4681,8.08,2026-05-24 01:26:00
KP011552,KW11314,2026-05-25,MX,Mobile,469,3.0,11,59,18.64,2026-05-25 15:05:00
KP011553,KW11491,2026-05-26,FR,Mobile,12533,47.0,151,3975,3.8,2026-05-26 17:49:00
KP011554,KW11463,2026-05-27,DE,Desktop,3679,35.0,13,357,3.64,2026-05-27 15:50:00
KP011555,KW11749,2026-05-28,AU,Mobile,753,10.0,33,333,9.91,2026-05-28 03:19:00
KP011556,KW11571,2026-05-29,FR,Mobile,4040,5.0,217,1715,12.65,2026-05-29 16:07:00
KP011557,KW10830,2026-05-30,UK,Mobile,1233,25.0,6,110,5.45,2026-05-30 07:54:00
KP011558,KW10874,2026-05-31,UK,Mobile,6341,14.0,207,2412,8.58,2026-05-31 20:13:00
KP011804,KW11660,2026-02-01,UK,Mobile,9769,16.0,348,4792,7.26,2026-02-01 18:12:00
KP011805,KW10112,2026-02-02,JP,Desktop,12518,33.0,120,2538,4.73,2026-02-02 18:00:00
KP011806,KW11965,2026-02-03,UK,Mobile,1697,45.0,33,821,4.02,2026-02-03 05:21:00
KP011807,KW11641,2026-02-04,FR,Desktop,10786,20.0,177,2767,6.4,2026-02-04 15:28:00
KP011808,KW11201,2026-02-05,AU,Mobile,598,46.0,6,185,3.24,2026-02-05 04:08:00
KP011809,KW11787,2026-02-06,FR,Mobile,5671,46.0,47,1030,4.56,2026-02-06 18:12:00
KP011810,KW10637,2026-02-07,US,Desktop,1245,17.0,14,182,7.69,2026-02-07 00:29:00
KP011811,KW10438,2026-02-08,FR,Mobile,1923,16.0,35,371,9.43,2026-02-08 15:43:00
KP011812,KW11844,2026-02-09,JP,Mobile,1983,29.0,23,374,6.15,2026-02-09 21:57:00
KP011813,KW10777,2026-02-10,MX,Mobile,1860,27.0,39,605,6.45,2026-02-10 15:28:00
KP011814,KW11377,2026-02-11,FR,Mobile,2177,11.0,116,1147,10.11,2026-02-11 21:43:00
KP011815,KW10898,2026-02-12,CA,Mobile,3192,39.0,18,418,4.31,2026-02-12 00:44:00
KP011816,KW10625,2026-02-13,AU,Mobile,1606,29.0,9,181,4.97,2026-02-13 03:26:00
KP011817,KW10861,2026-02-14,IN,Desktop,768,8.0,11,110,10.0,2026-02-14 01:48:00
KP011818,KW10876,2026-02-15,MX,Mobile,1702,22.0,15,321,4.67,2026-02-15 22:11:00
KP011819,KW11680,2026-02-16,CA,Desktop,3974,3.0,300,1439,20.85,2026-02-16 20:31:00
KP011820,KW10150,2026-02-17,AU,Desktop,1360,25.0,9,176,5.11,2026-02-17 14:31:00
KP011821,KW10041,2026-02-18,UK,Mobile,2787,36.0,48,1060,4.53,2026-02-18 17:43:00
KP011822,KW11931,2026-02-19,UK,Desktop,4058,21.0,40,566,7.07,2026-02-19 03:32:00
KP011823,KW11771,2026-02-20,CA,Desktop,2428,37.0,26,624,4.17,2026-02-20 16:56:00
KP011824,KW10023,2026-02-21,UK,Mobile,3821,43.0,25,700,3.57,2026-02-21 21:24:00
KP011825,KW10592,2026-02-22,MX,Tablet,893,18.0,20,294,6.8,2026-02-22 01:13:00
KP011826,KW11533,2026-02-23,DE,Tablet,3729,35.0,104,2008,5.18,2026-02-23 16:37:00
KP011827,KW10324,2026-02-24,IN,Mobile,2722,7.0,102,876,11.64,2026-02-24 20:01:00
KP011828,KW11876,2026-02-25,US,Mobile,5687,18.0,156,2590,6.02,2026-02-25 20:46:00
KP011829,KW11538,2026-02-26,IN,Mobile,15146,34.0,222,4918,4.51,2026-02-26 14:59:00
KP011830,KW11706,2026-02-27,IN,Desktop,3404,21.0,93,1813,5.13,2026-02-27 07:08:00
KP011831,KW10012,2026-02-28,MX,Desktop,7558,13.0,193,2363,8.17,2026-02-28 15:28:00
KP011832,KW10941,2026-03-01,MX,Desktop,694,1.0,67,192,34.9,2026-03-01 14:29:00
KP011833,KW10095,2026-03-02,IN,Desktop,703,20.0,13,194,6.7,2026-03-02 19:48:00
KP011834,KW10714,2026-03-03,US,Mobile,324,16.0,12,159,7.55,2026-03-03 18:01:00
KP011835,KW10465,2026-03-04,UK,Desktop,3093,43.0,41,862,4.76,2026-03-04 01:14:00
KP011836,KW10205,2026-03-05,JP,Mobile,12859,42.0,90,2344,3.84,2026-03-05 11:27:00
KP011837,KW11951,2026-03-06,CA,Desktop,1782,4.0,62,353,17.56,2026-03-06 09:16:00
KP011838,KW10946,2026-03-07,FR,Mobile,5317,11.0,261,2634,9.91,2026-03-07 19:47:00
KP011839,KW11405,2026-03-08,AU,Mobile,1712,42.0,7,141,4.96,2026-03-08 20:41:00
KP011840,KW10471,2026-03-09,BR,Desktop,9111,41.0,87,1593,5.46,2026-03-09 12:15:00
KP011841,KW11599,2026-03-10,US,Mobile,1364,14.0,65,705,9.22,2026-03-10 20:58:00
KP011842,KW10450,2026-03-11,IN,Desktop,1625,39.0,26,705,3.69,2026-03-11 15:44:00
KP011843,KW11931,2026-03-12,UK,Mobile,2031,41.0,25,545,4.59,2026-03-12 15:11:00
KP011844,KW11467,2026-03-13,BR,Desktop,5556,28.0,57,1032,5.52,2026-03-13 21:42:00
KP011845,KW10526,2026-03-14,AU,Desktop,631,34.0,8,233,3.43,2026-03-14 09:52:00
KP011846,KW11349,2026-03-15,MX,Mobile,20613,8.0,737,5899,12.49,2026-03-15 09:56:00
KP011847,KW10096,2026-03-16,UK,Desktop,885,37.0,15,386,3.89,2026-03-16 15:56:00
KP011848,KW10129,2026-03-17,US,Desktop,6715,42.0,65,1763,3.69,2026-03-17 21:12:00
KP011849,KW11988,2026-03-18,CA,Mobile,3497,20.0,19,293,6.48,2026-03-18 06:39:00
KP011850,KW10752,2026-03-19,DE,Desktop,935,40.0,19,439,4.33,2026-03-19 06:43:00
KP011851,KW11252,2026-03-20,UK,Desktop,16058,9.0,313,2547,12.29,2026-03-20 12:00:00
KP011852,KW11937,2026-03-21,FR,Desktop,1435,18.0,18,250,7.2,2026-03-21 14:03:00
KP011853,KW10129,2026-03-22,UK,Mobile,2003,16.0,63,1002,6.29,2026-03-22 18:43:00
KP011854,KW10126,2026-03-23,JP,Desktop,1143,48.0,4,105,3.81,2026-03-23 17:49:00
KP011855,KW11050,2026-03-24,FR,Desktop,1719,34.0,16,394,4.06,2026-03-24 19:34:00
KP011856,KW11350,2026-03-25,UK,Mobile,8288,21.0,287,4048,7.09,2026-03-25 21:36:00
KP011857,KW11697,2026-03-26,FR,Mobile,3826,40.0,81,1473,5.5,2026-03-26 06:57:00
KP011858,KW10128,2026-03-27,DE,Mobile,5565,4.0,273,1970,13.86,2026-03-27 04:00:00
KP011859,KW10296,2026-03-28,FR,Desktop,3182,42.0,57,1078,5.29,2026-03-28 08:53:00
KP011860,KW10399,2026-03-29,FR,Desktop,10017,18.0,195,2445,7.98,2026-03-29 09:16:00
KP011861,KW10583,2026-03-30,JP,Mobile,1311,8.0,88,643,13.69,2026-03-30 18:24:00
KP011862,KW10870,2026-03-31,IN,Desktop,841,45.0,17,383,4.44,2026-03-31 08:33:00
KP011863,KW10420,2026-04-01,AU,Mobile,2228,28.0,25,557,4.49,2026-04-01 03:30:00
KP011864,KW10344,2026-04-02,UK,Desktop,502,21.0,4,85,4.71,2026-04-02 20:47:00
KP011865,KW11139,2026-04-03,US,Desktop,2488,27.0,63,1076,5.86,2026-04-03 02:10:00
KP011866,KW11087,2026-04-04,US,Desktop,2037,35.0,15,402,3.73,2026-04-04 00:23:00
KP011867,KW10535,2026-04-05,UK,Mobile,9958,21.0,302,4923,6.13,2026-04-05 15:23:00
KP011868,KW10413,2026-04-06,CA,Desktop,1482,21.0,9,134,6.72,2026-04-06 15:11:00
KP011869,KW11203,2026-04-07,MX,Mobile,2520,16.0,54,658,8.21,2026-04-07 00:29:00
KP011870,KW11341,2026-04-08,JP,Mobile,6391,4.0,219,1782,12.29,2026-04-08 10:01:00
KP011871,KW11557,2026-04-09,JP,Desktop,7547,3.0,563,2513,22.4,2026-04-09 15:41:00
KP011872,KW10335,2026-04-10,DE,Mobile,6733,31.0,71,1782,3.98,2026-04-10 22:28:00
KP011873,KW10907,2026-04-11,FR,Mobile,2966,31.0,16,265,6.04,2026-04-11 19:12:00
KP011874,KW11764,2026-04-12,JP,Mobile,3855,46.0,22,481,4.57,2026-04-12 22:24:00
KP011875,KW10140,2026-04-13,AU,Mobile,1377,17.0,7,119,5.88,2026-04-13 02:09:00
KP011876,KW10423,2026-04-14,JP,Mobile,3787,11.0,26,317,8.2,2026-04-14 03:59:00
KP011877,KW11085,2026-04-15,DE,Desktop,4114,1.0,395,1130,34.96,2026-04-15 21:43:00
KP011878,KW11433,2026-04-16,UK,Desktop,3548,37.0,32,740,4.32,2026-04-16 12:38:00
KP011879,KW11268,2026-04-17,FR,Desktop,1766,19.0,15,219,6.85,2026-04-17 05:41:00
KP011880,KW11439,2026-04-18,DE,Desktop,2256,26.0,41,891,4.6,2026-04-18 12:27:00
KP011881,KW11048,2026-04-19,MX,Desktop,1760,34.0,41,786,5.22,2026-04-19 17:15:00
KP011882,KW11199,2026-04-20,MX,Mobile,2722,40.0,8,182,4.4,2026-04-20 00:22:00
KP011883,KW10319,2026-04-21,DE,Mobile,753,50.0,3,102,2.94,2026-04-21 01:54:00
KP011884,KW10818,2026-04-22,CA,Desktop,4583,16.0,220,2448,8.99,2026-04-22 11:18:00
KP011885,KW10360,2026-04-23,US,Tablet,646,3.0,43,272,15.81,2026-04-23 17:03:00
KP011886,KW11384,2026-04-24,CA,Mobile,4215,18.0,124,1970,6.29,2026-04-24 00:15:00
KP011887,KW11088,2026-04-25,UK,Mobile,9605,47.0,25,754,3.32,2026-04-25 16:17:00
KP011888,KW10560,2026-04-26,US,Desktop,1063,27.0,23,329,6.99,2026-04-26 03:50:00
KP011889,KW10736,2026-04-27,IN,Desktop,1042,32.0,15,334,4.49,2026-04-27 11:55:00
KP011890,KW10564,2026-04-28,US,Mobile,1461,41.0,10,284,3.52,2026-04-28 04:09:00
KP011891,KW11815,2026-04-29,CA,Mobile,9912,3.0,365,2535,14.4,2026-04-29 12:12:00
KP011892,KW11609,2026-04-30,AU,Desktop,3232,16.0,15,240,6.25,2026-04-30 13:01:00
KP011893,KW11778,2026-05-01,AU,Mobile,4979,21.0,43,532,8.08,2026-05-01 22:25:00
KP011894,KW10767,2026-05-02,AU,Mobile,3569,29.0,12,262,4.58,2026-05-02 19:04:00
KP011895,KW10692,2026-05-03,DE,Desktop,1328,16.0,45,604,7.45,2026-05-03 21:33:00
KP011896,KW11518,2026-05-04,AU,Mobile,3215,50.0,15,322,4.66,2026-05-04 08:03:00
KP011897,KW10705,2026-05-05,BR,Mobile,4924,1.0,158,452,34.96,2026-05-05 13:08:00
KP011898,KW11466,2026-05-06,FR,Mobile,2058,15.0,28,423,6.62,2026-05-06 13:57:00
KP011899,KW10343,2026-05-07,MX,Desktop,2199,42.0,31,633,4.9,2026-05-07 23:27:00
KP011900,KW10505,2026-05-08,DE,Mobile,5969,20.0,258,3085,8.36,2026-05-08 08:50:00
KP011901,KW11641,2026-05-09,CA,Desktop,3221,23.0,22,475,4.63,2026-05-09 11:20:00
KP011902,KW10545,2026-05-10,IN,Desktop,4139,33.0,116,2104,5.51,2026-05-10 20:36:00
KP011903,KW10400,2026-05-11,IN,Desktop,5426,44.0,84,2198,3.82,2026-05-11 17:34:00
KP011904,KW10571,2026-05-12,CA,Desktop,4672,21.0,67,876,7.65,2026-05-12 16:12:00
KP011905,KW10897,2026-05-13,AU,Desktop,1680,36.0,17,449,3.79,2026-05-13 00:07:00
KP011906,KW11059,2026-05-14,DE,Desktop,1917,14.0,79,890,8.88,2026-05-14 20:11:00
KP011907,KW10075,2026-05-15,FR,Mobile,1418,27.0,26,499,5.21,2026-05-15 13:46:00
KP011908,KW11935,2026-05-16,CA,Mobile,4943,6.0,75,592,12.67,2026-05-16 01:07:00
KP011909,KW11524,2026-05-17,CA,Mobile,1069,17.0,27,436,6.19,2026-05-17 07:15:00
KP011910,KW11578,2026-05-18,US,Desktop,7805,1.0,144,433,33.26,2026-05-18 04:08:00
KP011911,KW10268,2026-05-19,AU,Desktop,1794,5.0,51,286,17.83,2026-05-19 16:02:00
KP011912,KW11869,2026-05-20,FR,Mobile,1590,26.0,39,570,6.84,2026-05-20 04:26:00
KP011913,KW11955,2026-05-21,IN,Desktop,2881,5.0,203,1135,17.89,2026-05-21 15:37:00
KP011914,KW10340,2026-05-22,MX,Mobile,4407,20.0,71,1063,6.68,2026-05-22 09:19:00
KP011915,KW11644,2026-05-23,JP,Desktop,13755,17.0,208,2591,8.03,2026-05-23 21:48:00
KP011916,KW10370,2026-05-24,UK,Tablet,4712,36.0,65,1170,5.56,2026-05-24 06:00:00
KP011917,KW11490,2026-05-25,UK,Desktop,1821,48.0,14,390,3.59,2026-05-25 01:04:00
KP011918,KW11108,2026-05-26,FR,Mobile,2008,47.0,26,584,4.45,2026-05-26 04:25:00
KP011919,KW11144,2026-05-27,JP,Desktop,3253,7.0,130,1150,11.3,2026-05-27 07:42:00
KP011920,KW11466,2026-05-28,UK,Mobile,3036,49.0,24,636,3.77,2026-05-28 07:40:00
KP011921,KW11430,2026-05-29,DE,Mobile,2888,10.0,98,898,10.91,2026-05-29 18:50:00
KP011922,KW10654,2026-05-30,BR,Mobile,491,22.0,18,245,7.35,2026-05-30 21:34:00
KP011923,KW10811,2026-05-31,IN,Mobile,1458,50.0,25,725,3.45,2026-05-31 23:04:00
KP012169,KW11847,2026-02-01,US,Desktop,309,16.0,1,20,5.0,2026-02-01 23:03:00
KP012170,KW10697,2026-02-02,IN,Mobile,1245,23.0,39,589,6.62,2026-02-02 23:02:00
KP012171,KW10585,2026-02-03,FR,Mobile,4097,46.0,101,1949,5.18,2026-02-03 09:37:00
KP012172,KW11893,2026-02-04,BR,Tablet,2684,48.0,48,1073,4.47,2026-02-04 12:14:00
KP012173,KW10344,2026-02-05,US,Mobile,2822,25.0,83,1171,7.09,2026-02-05 04:29:00
KP012174,KW10456,2026-02-06,JP,Mobile,2879,49.0,42,977,4.3,2026-02-06 17:15:00
KP012175,KW11287,2026-02-07,MX,Desktop,10037,9.0,405,3360,12.05,2026-02-07 15:49:00
KP012176,KW10985,2026-02-08,CA,Mobile,4588,5.0,288,2473,11.65,2026-02-08 06:50:00
KP012177,KW10427,2026-02-09,BR,Mobile,4261,36.0,60,1032,5.81,2026-02-09 20:46:00
KP012178,KW10609,2026-02-10,US,Desktop,21385,12.0,436,4731,9.22,2026-02-10 23:39:00
KP012179,KW11529,2026-02-11,MX,Mobile,6021,26.0,59,1323,4.46,2026-02-11 21:48:00
KP012180,KW11752,2026-02-12,US,Desktop,9344,4.0,742,4497,16.5,2026-02-12 18:31:00
KP012181,KW11099,2026-02-13,AU,Desktop,9469,34.0,145,3258,4.45,2026-02-13 11:31:00
KP012182,KW11031,2026-02-14,FR,Desktop,7714,2.0,265,903,29.35,2026-02-14 16:15:00
KP012183,KW11581,2026-02-15,IN,Desktop,5339,4.0,387,2743,14.11,2026-02-15 06:31:00
KP012184,KW10177,2026-02-16,MX,Desktop,13391,5.0,708,5688,12.45,2026-02-16 09:05:00
KP012185,KW11379,2026-02-17,US,Mobile,9470,41.0,104,2263,4.6,2026-02-17 06:42:00
KP012186,KW10780,2026-02-18,MX,Mobile,19163,3.0,1947,9302,20.93,2026-02-18 03:03:00
KP012187,KW10713,2026-02-19,UK,Mobile,2963,44.0,24,715,3.36,2026-02-19 18:34:00
KP012188,KW10641,2026-02-20,FR,Mobile,1439,31.0,20,471,4.25,2026-02-20 18:23:00
KP012189,KW11278,2026-02-21,MX,Mobile,1886,24.0,23,326,7.06,2026-02-21 20:27:00
KP012190,KW10832,2026-02-22,CA,Mobile,4078,46.0,34,728,4.67,2026-02-22 22:27:00
KP012191,KW11869,2026-02-23,AU,Mobile,818,9.0,22,197,11.17,2026-02-23 00:37:00
KP012192,KW10815,2026-02-24,DE,Mobile,5056,3.0,144,617,23.34,2026-02-24 14:44:00
KP012193,KW10937,2026-02-25,CA,Mobile,2172,25.0,55,1004,5.48,2026-02-25 11:12:00
KP012194,KW11494,2026-02-26,IN,Mobile,3785,11.0,145,1667,8.7,2026-02-26 14:29:00
KP012195,KW11971,2026-02-27,UK,Mobile,8051,46.0,182,4183,4.35,2026-02-27 00:52:00
KP012196,KW10850,2026-02-28,BR,Desktop,2251,31.0,25,542,4.61,2026-02-28 17:58:00
KP012197,KW10971,2026-03-01,JP,Mobile,2559,16.0,27,302,8.94,2026-03-01 17:30:00
KP012198,KW10799,2026-03-02,US,Desktop,14008,48.0,199,4230,4.7,2026-03-02 16:14:00
KP012199,KW10759,2026-03-03,US,Desktop,1601,24.0,45,805,5.59,2026-03-03 08:23:00
KP012200,KW10555,2026-03-04,IN,Tablet,2317,28.0,12,221,5.43,2026-03-04 17:47:00
KP012201,KW11534,2026-03-05,BR,Mobile,3065,1.0,324,1054,30.74,2026-03-05 23:39:00
KP012202,KW11086,2026-03-06,IN,Mobile,1128,11.0,65,586,11.09,2026-03-06 16:48:00
KP012203,KW10508,2026-03-07,IN,Mobile,1380,13.0,43,431,9.98,2026-03-07 21:56:00
KP012204,KW10732,2026-03-08,FR,Desktop,3730,46.0,34,914,3.72,2026-03-08 00:26:00
KP012205,KW10005,2026-03-09,UK,Mobile,7289,48.0,56,1508,3.71,2026-03-09 06:47:00
KP012206,KW10870,2026-03-10,UK,Mobile,3713,15.0,38,542,7.01,2026-03-10 08:57:00
KP012207,KW11847,2026-03-11,AU,Mobile,2468,48.0,16,498,3.21,2026-03-11 18:45:00
KP012208,KW10692,2026-03-12,FR,Mobile,3906,49.0,45,1344,3.35,2026-03-12 05:24:00
KP012209,KW10404,2026-03-13,AU,Desktop,2061,10.0,34,392,8.67,2026-03-13 09:51:00
KP012210,KW11359,2026-03-14,FR,Desktop,2766,42.0,40,928,4.31,2026-03-14 23:06:00
KP012211,KW10203,2026-03-15,FR,Desktop,4523,17.0,41,619,6.62,2026-03-15 08:53:00
KP012212,KW11247,2026-03-16,BR,Mobile,1799,48.0,11,351,3.13,2026-03-16 22:12:00
KP012213,KW10226,2026-03-17,AU,Desktop,930,33.0,15,246,6.1,2026-03-17 15:07:00
KP012214,KW10490,2026-03-18,FR,Desktop,1095,37.0,6,136,4.41,2026-03-18 00:15:00
KP012215,KW10121,2026-03-19,MX,Mobile,1188,26.0,22,338,6.51,2026-03-19 20:34:00
KP012216,KW10821,2026-03-20,JP,Mobile,4333,33.0,113,2192,5.16,2026-03-20 07:14:00
KP012217,KW10644,2026-03-21,JP,Mobile,2416,41.0,49,953,5.14,2026-03-21 22:42:00
KP012218,KW10681,2026-03-22,CA,Mobile,5964,22.0,59,1191,4.95,2026-03-22 17:55:00
KP012219,KW11874,2026-03-23,MX,Desktop,1877,16.0,58,845,6.86,2026-03-23 12:34:00
KP012220,KW10993,2026-03-24,BR,Desktop,601,28.0,7,116,6.03,2026-03-24 14:30:00
KP012221,KW11541,2026-03-25,CA,Desktop,5958,33.0,96,1590,6.04,2026-03-25 19:36:00
KP012222,KW10054,2026-03-26,CA,Desktop,5132,50.0,117,2751,4.25,2026-03-26 06:41:00
KP012223,KW10943,2026-03-27,BR,Desktop,1222,13.0,20,292,6.85,2026-03-27 08:22:00
KP012224,KW10846,2026-03-28,MX,Tablet,4449,27.0,111,2279,4.87,2026-03-28 02:16:00
KP012225,KW10225,2026-03-29,BR,Mobile,7709,7.0,185,1785,10.36,2026-03-29 06:55:00
KP012226,KW10118,2026-03-30,UK,Mobile,4959,25.0,147,2615,5.62,2026-03-30 10:22:00
KP012227,KW10837,2026-03-31,FR,Mobile,3510,40.0,54,1022,5.28,2026-03-31 05:36:00
KP012228,KW11314,2026-04-01,UK,Desktop,1154,3.0,14,68,20.59,2026-04-01 05:10:00
KP012229,KW10948,2026-04-02,MX,Desktop,2741,7.0,108,887,12.18,2026-04-02 23:57:00
KP012230,KW10900,2026-04-03,FR,Desktop,3093,9.0,177,1549,11.43,2026-04-03 01:06:00
KP012231,KW11549,2026-04-04,BR,Mobile,3847,41.0,23,624,3.69,2026-04-04 08:42:00
KP012232,KW10510,2026-04-05,UK,Mobile,5077,8.0,112,1135,9.87,2026-04-05 14:04:00
KP012233,KW10990,2026-04-06,JP,Mobile,688,29.0,14,345,4.06,2026-04-06 12:44:00
KP012234,KW10050,2026-04-07,IN,Desktop,2837,8.0,76,776,9.79,2026-04-07 19:58:00
KP012235,KW11065,2026-04-08,AU,Mobile,2751,38.0,9,202,4.46,2026-04-08 01:37:00
KP012236,KW11855,2026-04-09,IN,Desktop,7722,36.0,149,3928,3.79,2026-04-09 01:58:00
KP012237,KW10482,2026-04-10,US,Mobile,7061,27.0,17,372,4.57,2026-04-10 05:43:00
KP012238,KW10806,2026-04-11,AU,Mobile,1083,9.0,53,503,10.54,2026-04-11 23:37:00
KP012239,KW11217,2026-04-12,UK,Mobile,3903,32.0,84,1788,4.7,2026-04-12 12:54:00
KP012240,KW11995,2026-04-13,MX,Mobile,2004,32.0,22,398,5.53,2026-04-13 10:02:00
KP012241,KW11526,2026-04-14,JP,Mobile,4889,50.0,39,822,4.74,2026-04-14 05:42:00
KP012242,KW10524,2026-04-15,AU,Mobile,3534,10.0,130,1272,10.22,2026-04-15 23:17:00
KP012243,KW10912,2026-04-16,MX,Mobile,3691,22.0,20,348,5.75,2026-04-16 21:16:00
KP012244,KW11955,2026-04-17,IN,Desktop,1360,6.0,37,301,12.29,2026-04-17 03:06:00
KP012245,KW11684,2026-04-18,CA,Desktop,4127,32.0,14,313,4.47,2026-04-18 23:35:00
KP012246,KW11473,2026-04-19,IN,Mobile,1492,25.0,19,426,4.46,2026-04-19 07:38:00
KP012247,KW11815,2026-04-20,DE,Mobile,6131,21.0,137,1827,7.5,2026-04-20 22:45:00
KP012248,KW11228,2026-04-21,JP,Desktop,1198,13.0,44,471,9.34,2026-04-21 00:32:00
KP012249,KW11073,2026-04-22,AU,Desktop,2063,47.0,52,1100,4.73,2026-04-22 23:48:00
KP012250,KW10719,2026-04-23,CA,Mobile,25487,19.0,982,11661,8.42,2026-04-23 01:31:00
KP012251,KW11480,2026-04-24,JP,Desktop,1600,29.0,48,728,6.59,2026-04-24 17:51:00
KP012252,KW11656,2026-04-25,CA,Desktop,8590,21.0,109,1741,6.26,2026-04-25 11:21:00
KP012253,KW10021,2026-04-26,AU,Desktop,1296,47.0,18,397,4.53,2026-04-26 14:56:00
KP012254,KW10075,2026-04-27,DE,Desktop,4134,20.0,69,831,8.3,2026-04-27 13:34:00
KP012255,KW11277,2026-04-28,JP,Mobile,5203,40.0,128,2549,5.02,2026-04-28 19:58:00
KP012256,KW10704,2026-04-29,BR,Mobile,4016,42.0,101,1997,5.06,2026-04-29 01:33:00
KP012257,KW11893,2026-04-30,JP,Mobile,1080,16.0,10,155,6.45,2026-04-30 01:54:00
KP012258,KW11240,2026-05-01,BR,Mobile,10677,8.0,294,2624,11.2,2026-05-01 02:26:00
KP012259,KW11557,2026-05-02,IN,Desktop,3361,32.0,62,1083,5.72,2026-05-02 09:39:00
KP012260,KW11580,2026-05-03,AU,Desktop,2459,37.0,66,1226,5.38,2026-05-03 02:57:00
KP012261,KW10153,2026-05-04,JP,Tablet,7968,7.0,99,997,9.93,2026-05-04 14:04:00
KP012262,KW11256,2026-05-05,CA,Desktop,4556,9.0,81,700,11.57,2026-05-05 11:49:00
KP012263,KW10246,2026-05-06,MX,Mobile,5973,2.0,866,3056,28.34,2026-05-06 10:35:00
KP012264,KW10291,2026-05-07,JP,Desktop,6027,23.0,139,2831,4.91,2026-05-07 19:12:00
KP012265,KW11881,2026-05-08,CA,Desktop,1603,45.0,18,555,3.24,2026-05-08 13:47:00
KP012266,KW11985,2026-05-09,DE,Desktop,1383,4.0,94,493,19.07,2026-05-09 12:17:00
KP012267,KW10429,2026-05-10,DE,Mobile,522,27.0,3,80,3.75,2026-05-10 23:34:00
KP012268,KW10337,2026-05-11,MX,Desktop,815,24.0,19,317,5.99,2026-05-11 15:42:00
KP012269,KW10796,2026-05-12,MX,Mobile,1000,16.0,24,306,7.84,2026-05-12 12:28:00
KP012270,KW11218,2026-05-13,IN,Mobile,2123,1.0,299,1002,29.84,2026-05-13 00:22:00
KP012271,KW10857,2026-05-14,US,Mobile,6334,34.0,127,2533,5.01,2026-05-14 07:02:00
KP012272,KW10275,2026-05-15,AU,Desktop,723,37.0,15,328,4.57,2026-05-15 07:16:00
KP012273,KW11852,2026-05-16,DE,Desktop,2815,47.0,16,496,3.23,2026-05-16 09:46:00
KP012274,KW11495,2026-05-17,IN,Desktop,4154,45.0,62,1616,3.84,2026-05-17 11:57:00
KP012275,KW10786,2026-05-18,US,Desktop,4892,40.0,74,2105,3.52,2026-05-18 10:51:00
KP012276,KW10306,2026-05-19,IN,Desktop,11235,8.0,694,5047,13.75,2026-05-19 17:09:00
KP012277,KW10253,2026-05-20,MX,Tablet,7007,45.0,76,2300,3.3,2026-05-20 23:29:00
KP012278,KW10924,2026-05-21,IN,Mobile,2613,3.0,213,1275,16.71,2026-05-21 06:02:00
KP012279,KW10733,2026-05-22,FR,Desktop,5845,27.0,106,1679,6.31,2026-05-22 02:09:00
KP012280,KW11598,2026-05-23,DE,Desktop,2587,11.0,38,383,9.92,2026-05-23 17:56:00
KP012281,KW10261,2026-05-24,CA,Mobile,4331,31.0,21,491,4.28,2026-05-24 05:58:00
KP012282,KW11946,2026-05-25,UK,Desktop,1841,47.0,29,905,3.2,2026-05-25 22:03:00
KP012283,KW10375,2026-05-26,BR,Mobile,3593,46.0,29,691,4.2,2026-05-26 07:25:00
KP012284,KW10846,2026-05-27,US,Mobile,722,32.0,3,71,4.23,2026-05-27 02:01:00
KP012285,KW10160,2026-05-28,CA,Mobile,1432,33.0,39,644,6.06,2026-05-28 09:40:00
KP012286,KW11688,2026-05-29,AU,Mobile,1868,36.0,27,686,3.94,2026-05-29 10:39:00
KP012287,KW11949,2026-05-30,FR,Desktop,2340,31.0,69,1232,5.6,2026-05-30 13:27:00
KP012288,KW10785,2026-05-31,JP,Desktop,1388,27.0,36,619,5.82,2026-05-31 22:08:00
KP012534,KW11608,2026-02-01,US,Desktop,2394,29.0,17,264,6.44,2026-02-01 21:08:00
KP012535,KW10331,2026-02-02,DE,Mobile,1817,8.0,54,483,11.18,2026-02-02 00:31:00
KP012536,KW10621,2026-02-03,JP,Desktop,855,15.0,4,49,8.16,2026-02-03 17:44:00
KP012537,KW10940,2026-02-04,US,Mobile,1243,50.0,6,132,4.55,2026-02-04 14:21:00
KP012538,KW11322,2026-02-05,CA,Mobile,1214,47.0,26,525,4.95,2026-02-05 01:26:00
KP012539,KW10864,2026-02-06,US,Desktop,1010,47.0,11,269,4.09,2026-02-06 13:16:00
KP012540,KW10695,2026-02-07,FR,Mobile,4597,33.0,108,2515,4.29,2026-02-07 09:37:00
KP012541,KW10608,2026-02-08,US,Desktop,3846,5.0,137,1201,11.41,2026-02-08 12:37:00
KP012542,KW10827,2026-02-09,FR,Tablet,2102,15.0,22,306,7.19,2026-02-09 07:36:00
KP012543,KW11718,2026-02-10,FR,Desktop,940,1.0,133,381,34.91,2026-02-10 02:06:00
KP012544,KW10577,2026-02-11,CA,Desktop,7321,46.0,100,3049,3.28,2026-02-11 20:42:00
KP012545,KW11680,2026-02-12,MX,Mobile,4489,34.0,18,313,5.75,2026-02-12 06:10:00
KP012546,KW10133,2026-02-13,CA,Mobile,2629,21.0,72,1044,6.9,2026-02-13 05:04:00
KP012547,KW11566,2026-02-14,BR,Desktop,732,24.0,11,169,6.51,2026-02-14 16:05:00
KP012548,KW10975,2026-02-15,FR,Mobile,9995,50.0,95,2140,4.44,2026-02-15 16:32:00
KP012549,KW10991,2026-02-16,US,Mobile,4487,19.0,58,844,6.87,2026-02-16 07:04:00
KP012550,KW11430,2026-02-17,UK,Desktop,3608,44.0,83,1601,5.18,2026-02-17 22:23:00
KP012551,KW11876,2026-02-18,CA,Tablet,4612,4.0,98,721,13.59,2026-02-18 07:01:00
KP012552,KW10100,2026-02-19,UK,Desktop,2308,35.0,12,322,3.73,2026-02-19 21:53:00
KP012553,KW11579,2026-02-20,UK,Mobile,1856,19.0,49,779,6.29,2026-02-20 12:10:00
KP012554,KW10238,2026-02-21,AU,Mobile,1203,41.0,8,252,3.17,2026-02-21 19:34:00
KP012555,KW11908,2026-02-22,MX,Mobile,1160,11.0,7,83,8.43,2026-02-22 18:19:00
KP012556,KW11675,2026-02-23,MX,Desktop,4958,40.0,32,876,3.65,2026-02-23 03:18:00
KP012557,KW11799,2026-02-24,IN,Desktop,3932,46.0,44,879,5.01,2026-02-24 07:36:00
KP012558,KW11185,2026-02-25,UK,Mobile,1684,3.0,208,880,23.64,2026-02-25 23:45:00
KP012559,KW10998,2026-02-26,US,Mobile,6022,25.0,119,2051,5.8,2026-02-26 02:52:00
KP012560,KW10233,2026-02-27,UK,Desktop,5798,19.0,160,2219,7.21,2026-02-27 06:23:00
KP012561,KW11786,2026-02-28,JP,Desktop,1884,21.0,28,381,7.35,2026-02-28 05:43:00
KP012562,KW10459,2026-03-01,AU,Mobile,1597,49.0,6,139,4.32,2026-03-01 02:08:00
KP012563,KW10753,2026-03-02,FR,Mobile,1669,1.0,154,441,34.92,2026-03-02 10:19:00
KP012564,KW11887,2026-03-03,AU,Desktop,935,1.0,22,64,34.38,2026-03-03 07:21:00
KP012565,KW10078,2026-03-04,IN,Desktop,7296,27.0,48,1059,4.53,2026-03-04 14:08:00
KP012566,KW10027,2026-03-05,DE,Mobile,1297,38.0,21,475,4.42,2026-03-05 09:56:00
KP012567,KW11054,2026-03-06,DE,Tablet,3945,39.0,17,329,5.17,2026-03-06 21:34:00
KP012568,KW11194,2026-03-07,FR,Desktop,2059,16.0,32,449,7.13,2026-03-07 00:18:00
KP012569,KW10893,2026-03-08,CA,Mobile,1415,50.0,24,569,4.22,2026-03-08 20:18:00
KP012570,KW10658,2026-03-09,IN,Mobile,2420,34.0,8,223,3.59,2026-03-09 23:12:00
KP012571,KW11534,2026-03-10,CA,Mobile,2596,47.0,6,209,2.87,2026-03-10 20:59:00
KP012572,KW10866,2026-03-11,JP,Mobile,3043,25.0,73,1349,5.41,2026-03-11 21:36:00
KP012573,KW10490,2026-03-12,UK,Desktop,5178,15.0,25,332,7.53,2026-03-12 20:05:00
KP012574,KW11186,2026-03-13,MX,Desktop,1946,22.0,6,113,5.31,2026-03-13 12:30:00
KP012575,KW11409,2026-03-14,DE,Desktop,1078,21.0,32,425,7.53,2026-03-14 06:11:00
KP012576,KW10044,2026-03-15,AU,Mobile,4426,18.0,131,2319,5.65,2026-03-15 00:16:00
KP012577,KW11871,2026-03-16,CA,Desktop,1942,39.0,31,631,4.91,2026-03-16 12:17:00
KP012578,KW11794,2026-03-17,CA,Mobile,4410,40.0,10,281,3.56,2026-03-17 11:10:00
KP012579,KW11520,2026-03-18,CA,Desktop,2988,45.0,17,418,4.07,2026-03-18 23:04:00
KP012580,KW10661,2026-03-19,MX,Desktop,3187,23.0,95,1576,6.03,2026-03-19 12:00:00
KP012581,KW11952,2026-03-20,AU,Mobile,1774,6.0,75,716,10.47,2026-03-20 15:21:00
KP012582,KW10755,2026-03-21,US,Desktop,2375,46.0,55,1224,4.49,2026-03-21 17:36:00
KP012583,KW10279,2026-03-22,FR,Mobile,6335,30.0,100,1711,5.84,2026-03-22 17:50:00
KP012584,KW11290,2026-03-23,UK,Desktop,3037,3.0,228,1524,14.96,2026-03-23 02:53:00
KP012585,KW11770,2026-03-24,MX,Mobile,9072,20.0,339,4163,8.14,2026-03-24 07:04:00
KP012586,KW10062,2026-03-25,CA,Desktop,1098,18.0,16,252,6.35,2026-03-25 17:52:00
KP012587,KW10349,2026-03-26,AU,Mobile,1155,6.0,45,297,15.15,2026-03-26 22:56:00
KP012588,KW11094,2026-03-27,JP,Desktop,4543,35.0,105,2360,4.45,2026-03-27 12:50:00
KP012589,KW11283,2026-03-28,DE,Mobile,11853,18.0,340,4269,7.96,2026-03-28 12:18:00
KP012590,KW11246,2026-03-29,JP,Mobile,5951,34.0,86,2110,4.08,2026-03-29 12:29:00
KP012591,KW11208,2026-03-30,FR,Mobile,5762,2.0,452,1680,26.9,2026-03-30 22:37:00
KP012592,KW10762,2026-03-31,AU,Mobile,4870,12.0,237,2194,10.8,2026-03-31 06:09:00
KP012593,KW11863,2026-04-01,JP,Desktop,1042,32.0,28,501,5.59,2026-04-01 07:05:00
KP012594,KW11908,2026-04-02,UK,Desktop,2001,28.0,11,169,6.51,2026-04-02 13:19:00
KP012595,KW11549,2026-04-03,AU,Mobile,2006,9.0,81,912,8.88,2026-04-03 03:21:00
KP012596,KW11338,2026-04-04,BR,Mobile,357,2.0,36,177,20.34,2026-04-04 21:17:00
KP012597,KW11247,2026-04-05,UK,Desktop,5880,32.0,37,657,5.63,2026-04-05 16:48:00
KP012598,KW10398,2026-04-06,CA,Mobile,14579,17.0,254,4345,5.85,2026-04-06 16:30:00
KP012599,KW10417,2026-04-07,IN,Mobile,6219,47.0,99,2350,4.21,2026-04-07 12:25:00
KP012600,KW10878,2026-04-08,JP,Mobile,5309,48.0,99,2831,3.5,2026-04-08 11:18:00
KP012601,KW11525,2026-04-09,IN,Desktop,4183,20.0,122,2043,5.97,2026-04-09 14:52:00
KP012602,KW11346,2026-04-10,US,Desktop,1464,1.0,203,580,35.0,2026-04-10 00:15:00
KP012603,KW11672,2026-04-11,UK,Desktop,2901,31.0,58,1052,5.51,2026-04-11 23:12:00
KP012604,KW11674,2026-04-12,JP,Mobile,1154,23.0,40,536,7.46,2026-04-12 22:35:00
KP012605,KW10019,2026-04-13,MX,Desktop,5515,21.0,157,2106,7.45,2026-04-13 04:19:00
KP012606,KW10448,2026-04-14,IN,Tablet,4986,37.0,112,1959,5.72,2026-04-14 00:52:00
KP012607,KW11834,2026-04-15,FR,Desktop,6530,39.0,97,1741,5.57,2026-04-15 23:42:00
KP012608,KW11824,2026-04-16,CA,Desktop,1080,13.0,28,407,6.88,2026-04-16 19:13:00
KP012609,KW11278,2026-04-17,FR,Desktop,4297,42.0,104,2207,4.71,2026-04-17 12:06:00
KP012610,KW10209,2026-04-18,IN,Desktop,1366,11.0,21,265,7.92,2026-04-18 16:12:00
KP012611,KW10883,2026-04-19,BR,Desktop,3410,37.0,83,1717,4.83,2026-04-19 22:17:00
KP012612,KW11187,2026-04-20,MX,Desktop,2268,6.0,163,1236,13.19,2026-04-20 05:34:00
KP012613,KW10067,2026-04-21,DE,Desktop,3790,34.0,73,1762,4.14,2026-04-21 10:05:00
KP012614,KW10218,2026-04-22,MX,Desktop,1012,24.0,26,367,7.08,2026-04-22 00:20:00
KP012615,KW11153,2026-04-23,JP,Desktop,6450,46.0,37,787,4.7,2026-04-23 13:09:00
KP012616,KW10237,2026-04-24,JP,Desktop,10225,6.0,170,1304,13.04,2026-04-24 19:13:00
KP012617,KW10259,2026-04-25,MX,Desktop,3135,23.0,67,960,6.98,2026-04-25 00:33:00
KP012618,KW10314,2026-04-26,BR,Mobile,1941,9.0,28,301,9.3,2026-04-26 04:43:00
KP012619,KW10891,2026-04-27,JP,Desktop,840,40.0,12,353,3.4,2026-04-27 16:04:00
KP012620,KW10304,2026-04-28,US,Mobile,1101,36.0,22,436,5.05,2026-04-28 05:48:00
KP012621,KW10170,2026-04-29,DE,Desktop,3142,15.0,58,785,7.39,2026-04-29 17:57:00
KP012622,KW10227,2026-04-30,BR,Desktop,7816,48.0,175,4076,4.29,2026-04-30 03:39:00
KP012623,KW10737,2026-05-01,MX,Desktop,1325,50.0,14,415,3.37,2026-05-01 05:56:00
KP012624,KW11990,2026-05-02,JP,Mobile,378,32.0,11,199,5.53,2026-05-02 01:38:00
KP012625,KW10435,2026-05-03,BR,Mobile,3094,26.0,33,636,5.19,2026-05-03 18:23:00
KP012626,KW11401,2026-05-04,IN,Desktop,4202,44.0,18,532,3.38,2026-05-04 22:28:00
KP012627,KW10195,2026-05-05,US,Desktop,782,11.0,25,332,7.53,2026-05-05 01:50:00
KP012628,KW10885,2026-05-06,UK,Mobile,1161,24.0,37,501,7.39,2026-05-06 04:02:00
KP012629,KW10455,2026-05-07,US,Mobile,3810,20.0,119,2087,5.7,2026-05-07 02:15:00
KP012630,KW11877,2026-05-08,BR,Mobile,1161,29.0,34,623,5.46,2026-05-08 15:56:00
KP012631,KW10111,2026-05-09,AU,Desktop,3065,28.0,55,885,6.21,2026-05-09 23:58:00
KP012632,KW11646,2026-05-10,UK,Desktop,3054,14.0,63,836,7.54,2026-05-10 21:13:00
KP012633,KW11212,2026-05-11,BR,Tablet,3124,10.0,72,682,10.56,2026-05-11 06:47:00
KP012634,KW10755,2026-05-12,AU,Mobile,8783,7.0,188,1769,10.63,2026-05-12 04:23:00
KP012635,KW10890,2026-05-13,IN,Desktop,3649,14.0,124,1897,6.54,2026-05-13 20:01:00
KP012636,KW11858,2026-05-14,BR,Mobile,796,2.0,96,400,24.0,2026-05-14 22:40:00
KP012637,KW10509,2026-05-15,US,Desktop,790,23.0,5,72,6.94,2026-05-15 22:14:00
KP012638,KW10141,2026-05-16,FR,Mobile,7662,18.0,275,3224,8.53,2026-05-16 02:42:00
KP012639,KW10001,2026-05-17,DE,Desktop,280,50.0,4,100,4.0,2026-05-17 17:20:00
KP012640,KW11675,2026-05-18,AU,Mobile,4245,30.0,79,1630,4.85,2026-05-18 02:29:00
KP012641,KW11908,2026-05-19,AU,Desktop,665,29.0,2,42,4.76,2026-05-19 07:12:00
KP012642,KW10467,2026-05-20,DE,Tablet,3611,40.0,36,680,5.29,2026-05-20 12:56:00
KP012643,KW11732,2026-05-21,US,Desktop,3132,26.0,19,401,4.74,2026-05-21 12:28:00
KP012644,KW11853,2026-05-22,JP,Mobile,4830,27.0,100,2008,4.98,2026-05-22 07:21:00
KP012645,KW10993,2026-05-23,MX,Desktop,1375,28.0,24,402,5.97,2026-05-23 04:09:00
KP012646,KW11165,2026-05-24,DE,Mobile,5780,8.0,224,1881,11.91,2026-05-24 15:27:00
KP012647,KW11517,2026-05-25,CA,Desktop,1891,3.0,156,673,23.18,2026-05-25 01:46:00
KP012648,KW10551,2026-05-26,JP,Mobile,3552,34.0,42,853,4.92,2026-05-26 19:58:00
KP012649,KW10827,2026-05-27,US,Mobile,25016,30.0,541,11542,4.69,2026-05-27 13:25:00
KP012650,KW11158,2026-05-28,IN,Mobile,3312,32.0,67,1200,5.58,2026-05-28 06:08:00
KP012651,KW10800,2026-05-29,AU,Mobile,3000,7.0,186,1449,12.84,2026-05-29 02:11:00
KP012652,KW10898,2026-05-30,AU,Desktop,4277,42.0,52,1269,4.1,2026-05-30 08:23:00
KP012653,KW11814,2026-05-31,US,Desktop,1026,22.0,23,445,5.17,2026-05-31 05:01:00
KP012899,KW11780,2026-02-01,JP,Desktop,13279,21.0,262,3594,7.29,2026-02-01 22:09:00
KP012900,KW11794,2026-02-02,MX,Desktop,6836,46.0,144,3494,4.12,2026-02-02 18:44:00
KP012901,KW10857,2026-02-03,CA,Tablet,2569,47.0,64,1412,4.53,2026-02-03 21:44:00
KP012902,KW10226,2026-02-04,AU,Desktop,1658,45.0,12,237,5.06,2026-02-04 20:16:00
KP012903,KW10928,2026-02-05,IN,Mobile,3452,36.0,34,657,5.18,2026-02-05 19:34:00
KP012904,KW11571,2026-02-06,AU,Desktop,13998,31.0,45,922,4.88,2026-02-06 03:20:00
KP012905,KW11969,2026-02-07,MX,Desktop,190,37.0,2,40,5.0,2026-02-07 12:16:00
KP012906,KW10339,2026-02-08,MX,Desktop,5661,21.0,31,599,5.18,2026-02-08 20:14:00
KP012907,KW11478,2026-02-09,JP,Desktop,1322,27.0,3,74,4.05,2026-02-09 00:28:00
KP012908,KW11079,2026-02-10,FR,Mobile,13109,4.0,200,1003,19.94,2026-02-10 13:03:00
KP012909,KW11277,2026-02-11,IN,Mobile,3187,36.0,76,1535,4.95,2026-02-11 03:56:00
KP012910,KW11390,2026-02-12,DE,Mobile,9016,40.0,151,2820,5.35,2026-02-12 02:54:00
KP012911,KW11421,2026-02-13,IN,Desktop,4768,43.0,53,1120,4.73,2026-02-13 10:05:00
KP012912,KW11590,2026-02-14,MX,Desktop,825,49.0,11,249,4.42,2026-02-14 18:36:00
KP012913,KW11965,2026-02-15,DE,Mobile,7750,10.0,160,1304,12.27,2026-02-15 00:12:00
KP012914,KW10059,2026-02-16,BR,Mobile,4635,2.0,233,995,23.42,2026-02-16 05:19:00
KP012915,KW11535,2026-02-17,FR,Desktop,3459,49.0,88,1885,4.67,2026-02-17 12:42:00
KP012916,KW11303,2026-02-18,IN,Mobile,3324,19.0,113,1796,6.29,2026-02-18 03:12:00
KP012917,KW10164,2026-02-19,MX,Desktop,3676,33.0,91,1527,5.96,2026-02-19 20:36:00
KP012918,KW11279,2026-02-20,UK,Mobile,1712,30.0,6,105,5.71,2026-02-20 23:33:00
KP012919,KW11510,2026-02-21,US,Desktop,3751,8.0,118,1042,11.32,2026-02-21 22:48:00
KP012920,KW11843,2026-02-22,UK,Desktop,2129,21.0,71,1068,6.65,2026-02-22 11:42:00
KP012921,KW11278,2026-02-23,BR,Mobile,5268,37.0,18,381,4.72,2026-02-23 14:42:00
KP012922,KW10606,2026-02-24,UK,Mobile,13735,32.0,256,4134,6.19,2026-02-24 20:04:00
KP012923,KW10549,2026-02-25,MX,Desktop,4464,33.0,73,1897,3.85,2026-02-25 13:17:00
KP012924,KW11894,2026-02-26,MX,Desktop,1831,37.0,9,229,3.93,2026-02-26 19:23:00
KP012925,KW11156,2026-02-27,UK,Desktop,6978,49.0,127,2837,4.48,2026-02-27 08:08:00
KP012926,KW10881,2026-02-28,IN,Mobile,1045,29.0,16,289,5.54,2026-02-28 05:06:00
KP012927,KW11720,2026-03-01,FR,Mobile,6629,33.0,163,3143,5.19,2026-03-01 13:04:00
KP012928,KW10562,2026-03-02,IN,Desktop,3678,8.0,126,1305,9.66,2026-03-02 11:38:00
KP012929,KW11686,2026-03-03,UK,Desktop,11988,31.0,75,1528,4.91,2026-03-03 01:49:00
KP012930,KW10110,2026-03-04,FR,Desktop,4258,1.0,147,426,34.51,2026-03-04 11:14:00
KP012931,KW10941,2026-03-05,IN,Mobile,2130,48.0,27,670,4.03,2026-03-05 04:26:00
KP012932,KW10418,2026-03-06,IN,Mobile,1366,8.0,62,647,9.58,2026-03-06 18:20:00
KP012933,KW10860,2026-03-07,DE,Desktop,3590,23.0,120,1638,7.33,2026-03-07 14:45:00
KP012934,KW10453,2026-03-08,US,Mobile,2287,40.0,45,1068,4.21,2026-03-08 16:02:00
KP012935,KW10509,2026-03-09,MX,Desktop,438,20.0,8,115,6.96,2026-03-09 18:20:00
KP012936,KW11663,2026-03-10,FR,Mobile,6135,38.0,131,2365,5.54,2026-03-10 12:26:00
KP012937,KW10091,2026-03-11,DE,Desktop,4231,18.0,38,544,6.99,2026-03-11 10:06:00
KP012938,KW10395,2026-03-12,AU,Mobile,1205,44.0,12,262,4.58,2026-03-12 09:11:00
KP012939,KW11322,2026-03-13,IN,Tablet,4038,47.0,12,288,4.17,2026-03-13 23:55:00
KP012940,KW11812,2026-03-14,UK,Mobile,3455,22.0,78,1209,6.45,2026-03-14 08:08:00
KP012941,KW10365,2026-03-15,BR,Mobile,3372,6.0,50,483,10.35,2026-03-15 16:26:00
KP012942,KW10781,2026-03-16,DE,Desktop,5033,44.0,89,2389,3.73,2026-03-16 02:09:00
KP012943,KW11337,2026-03-17,JP,Mobile,800,46.0,21,417,5.04,2026-03-17 18:22:00
KP012944,KW10498,2026-03-18,JP,Desktop,886,43.0,4,91,4.4,2026-03-18 00:25:00
KP012945,KW10008,2026-03-19,JP,Desktop,6175,47.0,94,2114,4.45,2026-03-19 23:15:00
KP012946,KW10131,2026-03-20,CA,Desktop,10930,45.0,180,4893,3.68,2026-03-20 04:01:00
KP012947,KW10657,2026-03-21,US,Mobile,3029,6.0,24,174,13.79,2026-03-21 13:45:00
KP012948,KW11873,2026-03-22,CA,Desktop,2303,43.0,20,536,3.73,2026-03-22 11:03:00
KP012949,KW10089,2026-03-23,DE,Desktop,3256,35.0,9,224,4.02,2026-03-23 21:44:00
KP012950,KW11846,2026-03-24,AU,Desktop,6755,34.0,144,2493,5.78,2026-03-24 07:24:00
KP012951,KW10151,2026-03-25,US,Tablet,8368,42.0,42,877,4.79,2026-03-25 02:37:00
KP012952,KW10775,2026-03-26,AU,Mobile,828,27.0,12,266,4.51,2026-03-26 23:30:00
KP012953,KW10425,2026-03-27,US,Mobile,1146,18.0,28,422,6.64,2026-03-27 16:55:00
KP012954,KW11906,2026-03-28,AU,Tablet,3356,50.0,88,1748,5.03,2026-03-28 20:35:00
KP012955,KW11295,2026-03-29,CA,Desktop,1268,33.0,10,268,3.73,2026-03-29 18:28:00
KP012956,KW11386,2026-03-30,US,Desktop,5654,4.0,468,2415,19.38,2026-03-30 06:15:00
KP012957,KW11053,2026-03-31,AU,Desktop,23259,27.0,348,7275,4.78,2026-03-31 00:18:00
KP012958,KW11674,2026-04-01,CA,Mobile,6715,44.0,78,1628,4.79,2026-04-01 12:53:00
KP012959,KW10467,2026-04-02,UK,Mobile,2762,5.0,19,173,10.98,2026-04-02 04:05:00
KP012960,KW10582,2026-04-03,UK,Desktop,1542,49.0,10,349,2.87,2026-04-03 11:31:00
KP012961,KW10001,2026-04-04,CA,Mobile,12756,13.0,714,6762,10.56,2026-04-04 11:08:00
KP012962,KW11830,2026-04-05,DE,Mobile,883,8.0,46,351,13.11,2026-04-05 17:39:00
KP012963,KW10491,2026-04-06,FR,Mobile,4473,27.0,84,1234,6.81,2026-04-06 19:04:00
KP012964,KW10024,2026-04-07,UK,Desktop,1412,20.0,41,506,8.1,2026-04-07 05:20:00
KP012965,KW11996,2026-04-08,BR,Desktop,2508,12.0,136,1244,10.93,2026-04-08 03:31:00
KP012966,KW10164,2026-04-09,FR,Desktop,3789,31.0,26,442,5.88,2026-04-09 15:30:00
KP012967,KW11926,2026-04-10,BR,Mobile,6109,48.0,61,1652,3.69,2026-04-10 12:50:00
KP012968,KW10190,2026-04-11,IN,Desktop,2015,31.0,47,975,4.82,2026-04-11 09:37:00
KP012969,KW10179,2026-04-12,UK,Desktop,1520,47.0,34,651,5.22,2026-04-12 19:26:00
KP012970,KW10619,2026-04-13,FR,Mobile,4616,3.0,322,2042,15.77,2026-04-13 17:21:00
KP012971,KW10728,2026-04-14,UK,Mobile,3172,49.0,49,1388,3.53,2026-04-14 15:16:00
KP012972,KW10366,2026-04-15,US,Mobile,5049,39.0,90,1785,5.04,2026-04-15 11:06:00
KP012973,KW10946,2026-04-16,IN,Mobile,786,41.0,5,143,3.5,2026-04-16 18:26:00
KP012974,KW10038,2026-04-17,FR,Desktop,2715,18.0,16,276,5.8,2026-04-17 17:29:00
KP012975,KW10950,2026-04-18,AU,Mobile,2338,5.0,94,581,16.18,2026-04-18 18:23:00
KP012976,KW11707,2026-04-19,JP,Mobile,2100,38.0,12,272,4.41,2026-04-19 20:07:00
KP012977,KW11329,2026-04-20,DE,Mobile,2263,24.0,66,1074,6.15,2026-04-20 12:38:00
KP012978,KW10555,2026-04-21,JP,Mobile,15259,43.0,97,2485,3.9,2026-04-21 08:48:00
KP012979,KW10468,2026-04-22,CA,Desktop,5554,6.0,212,1304,16.26,2026-04-22 13:18:00
KP012980,KW10902,2026-04-23,MX,Mobile,1636,46.0,10,231,4.33,2026-04-23 18:21:00
KP012981,KW10905,2026-04-24,AU,Mobile,3517,39.0,20,493,4.06,2026-04-24 15:40:00
KP012982,KW10412,2026-04-25,MX,Desktop,857,39.0,13,238,5.46,2026-04-25 13:48:00
KP012983,KW10550,2026-04-26,JP,Desktop,1589,38.0,11,291,3.78,2026-04-26 16:52:00
KP012984,KW10615,2026-04-27,CA,Mobile,7337,39.0,37,981,3.77,2026-04-27 23:22:00
KP012985,KW10447,2026-04-28,AU,Mobile,5752,34.0,55,1341,4.1,2026-04-28 22:17:00
KP012986,KW11432,2026-04-29,IN,Desktop,5661,18.0,204,2366,8.62,2026-04-29 09:57:00
KP012987,KW11510,2026-04-30,JP,Desktop,2458,23.0,59,1009,5.85,2026-04-30 07:22:00
KP012988,KW10702,2026-05-01,JP,Mobile,1554,18.0,42,778,5.4,2026-05-01 22:56:00
KP012989,KW11814,2026-05-02,FR,Desktop,1052,17.0,22,299,7.36,2026-05-02 20:12:00
KP012990,KW11514,2026-05-03,CA,Desktop,4835,4.0,244,1391,17.54,2026-05-03 19:31:00
KP012991,KW11872,2026-05-04,CA,Tablet,2324,7.0,24,241,9.96,2026-05-04 21:21:00
KP012992,KW11724,2026-05-05,FR,Desktop,3461,35.0,46,838,5.49,2026-05-05 18:13:00
KP012993,KW10361,2026-05-06,JP,Desktop,1283,21.0,28,506,5.53,2026-05-06 11:28:00
KP012994,KW11546,2026-05-07,MX,Mobile,1579,48.0,17,492,3.46,2026-05-07 23:36:00
KP012995,KW10620,2026-05-08,AU,Mobile,7307,41.0,99,2106,4.7,2026-05-08 17:58:00
KP012996,KW11000,2026-05-09,UK,Mobile,1587,20.0,23,346,6.65,2026-05-09 10:10:00
KP012997,KW11541,2026-05-10,UK,Desktop,3140,50.0,57,1561,3.65,2026-05-10 18:34:00
KP012998,KW10459,2026-05-11,BR,Mobile,1829,10.0,12,151,7.95,2026-05-11 02:07:00
KP012999,KW11552,2026-05-12,US,Desktop,961,50.0,16,336,4.76,2026-05-12 01:47:00
KP013000,KW10285,2026-05-13,JP,Mobile,13501,40.0,357,6749,5.29,2026-05-13 07:52:00
KP013001,KW11438,2026-05-14,UK,Mobile,1424,30.0,39,761,5.12,2026-05-14 23:45:00
KP013002,KW11194,2026-05-15,FR,Mobile,25935,18.0,967,13321,7.26,2026-05-15 10:11:00
KP013003,KW11655,2026-05-16,BR,Desktop,4112,11.0,44,586,7.51,2026-05-16 23:39:00
KP013004,KW11717,2026-05-17,AU,Tablet,5128,24.0,117,1671,7.0,2026-05-17 05:01:00
KP013005,KW10417,2026-05-18,US,Mobile,1358,45.0,4,94,4.26,2026-05-18 09:02:00
KP013006,KW11968,2026-05-19,IN,Desktop,3671,25.0,12,233,5.15,2026-05-19 07:03:00
KP013007,KW10687,2026-05-20,AU,Desktop,2415,25.0,6,143,4.2,2026-05-20 11:25:00
KP013008,KW10171,2026-05-21,DE,Desktop,2562,46.0,39,864,4.51,2026-05-21 13:08:00
KP013009,KW10657,2026-05-22,MX,Mobile,574,30.0,9,170,5.29,2026-05-22 12:51:00
KP013010,KW10131,2026-05-23,DE,Desktop,3011,2.0,188,960,19.58,2026-05-23 02:38:00
KP013011,KW11038,2026-05-24,AU,Mobile,22068,16.0,541,6238,8.67,2026-05-24 10:08:00
KP013012,KW11695,2026-05-25,DE,Mobile,1493,14.0,38,472,8.05,2026-05-25 08:23:00
KP013013,KW10855,2026-05-26,JP,Mobile,464,46.0,7,155,4.52,2026-05-26 10:11:00
KP013014,KW11225,2026-05-27,IN,Mobile,357,36.0,11,194,5.67,2026-05-27 01:56:00
KP013015,KW11833,2026-05-28,JP,Desktop,2706,10.0,66,711,9.28,2026-05-28 07:23:00
KP013016,KW10849,2026-05-29,MX,Mobile,1479,47.0,41,809,5.07,2026-05-29 05:42:00
KP013017,KW11252,2026-05-30,US,Mobile,4232,17.0,58,742,7.82,2026-05-30 21:00:00
KP013018,KW11213,2026-05-31,BR,Desktop,790,23.0,6,98,6.12,2026-05-31 05:59:00
KP013264,KW11969,2026-02-01,UK,Mobile,4095,32.0,56,967,5.79,2026-02-01 10:44:00
KP013265,KW11478,2026-02-02,FR,Desktop,3283,4.0,219,1448,15.12,2026-02-02 23:18:00
KP013266,KW10025,2026-02-03,JP,Desktop,6443,1.0,189,577,32.76,2026-02-03 07:11:00
KP013267,KW11479,2026-02-04,US,Mobile,4294,26.0,65,1266,5.13,2026-02-04 14:53:00
KP013268,KW10148,2026-02-05,FR,Mobile,13251,28.0,104,2463,4.22,2026-02-05 17:41:00
KP013269,KW11052,2026-02-06,DE,Mobile,1523,6.0,61,545,11.19,2026-02-06 02:13:00
KP013270,KW11168,2026-02-07,AU,Mobile,7113,30.0,36,883,4.08,2026-02-07 13:35:00
KP013271,KW10089,2026-02-08,FR,Desktop,1191,27.0,23,474,4.85,2026-02-08 03:56:00
KP013272,KW11267,2026-02-09,FR,Mobile,2079,50.0,17,519,3.28,2026-02-09 05:27:00
KP013273,KW10472,2026-02-10,IN,Desktop,552,42.0,7,174,4.02,2026-02-10 01:06:00
KP013274,KW10348,2026-02-11,US,Tablet,1410,49.0,15,364,4.12,2026-02-11 02:40:00
KP013275,KW10956,2026-02-12,MX,Desktop,3451,26.0,102,1840,5.54,2026-02-12 01:47:00
KP013276,KW10734,2026-02-13,AU,Desktop,2516,23.0,66,1258,5.25,2026-02-13 23:47:00
KP013277,KW11885,2026-02-14,DE,Desktop,4180,9.0,43,375,11.47,2026-02-14 05:54:00
KP013278,KW11104,2026-02-15,DE,Desktop,3191,3.0,60,275,21.82,2026-02-15 17:17:00
KP013279,KW11288,2026-02-16,US,Mobile,6512,43.0,160,3167,5.05,2026-02-16 21:40:00
KP013280,KW10472,2026-02-17,IN,Desktop,923,26.0,6,129,4.65,2026-02-17 06:55:00
KP013281,KW11619,2026-02-18,JP,Desktop,7701,31.0,141,3334,4.23,2026-02-18 04:39:00
KP013282,KW11412,2026-02-19,MX,Desktop,4208,2.0,142,752,18.88,2026-02-19 22:29:00
KP013283,KW11491,2026-02-20,MX,Desktop,792,8.0,30,294,10.2,2026-02-20 03:40:00
KP013284,KW10964,2026-02-21,IN,Mobile,4837,48.0,17,456,3.73,2026-02-21 23:55:00
KP013285,KW10446,2026-02-22,BR,Mobile,9794,34.0,266,4734,5.62,2026-02-22 08:41:00
KP013286,KW10142,2026-02-23,AU,Mobile,681,2.0,95,367,25.89,2026-02-23 07:48:00
KP013287,KW10670,2026-02-24,CA,Mobile,1327,24.0,24,457,5.25,2026-02-24 09:53:00
KP013288,KW10550,2026-02-25,US,Desktop,204,29.0,1,20,5.0,2026-02-25 20:12:00
KP013289,KW10252,2026-02-26,MX,Mobile,1647,50.0,37,807,4.58,2026-02-26 09:07:00
KP013290,KW11272,2026-02-27,FR,Tablet,2180,10.0,41,414,9.9,2026-02-27 02:45:00
KP013291,KW10910,2026-02-28,CA,Desktop,3071,10.0,31,293,10.58,2026-02-28 00:53:00
KP013292,KW10380,2026-03-01,US,Desktop,4198,4.0,142,842,16.86,2026-03-01 22:20:00
KP013293,KW11466,2026-03-02,IN,Mobile,2466,4.0,21,125,16.8,2026-03-02 20:42:00
KP013294,KW11029,2026-03-03,AU,Mobile,8720,8.0,79,594,13.3,2026-03-03 04:06:00
KP013295,KW10076,2026-03-04,US,Mobile,7659,29.0,133,2164,6.15,2026-03-04 23:34:00
KP013296,KW11338,2026-03-05,BR,Mobile,6738,5.0,207,1770,11.69,2026-03-05 05:29:00
KP013297,KW10455,2026-03-06,MX,Desktop,1958,6.0,148,958,15.45,2026-03-06 07:01:00
KP013298,KW11934,2026-03-07,JP,Desktop,2413,23.0,6,132,4.55,2026-03-07 23:18:00
KP013299,KW10545,2026-03-08,MX,Tablet,2315,16.0,21,238,8.82,2026-03-08 18:28:00
KP013300,KW11677,2026-03-09,AU,Desktop,5109,3.0,313,1393,22.47,2026-03-09 04:31:00
KP013301,KW11334,2026-03-10,DE,Desktop,1966,40.0,21,412,5.1,2026-03-10 17:42:00
KP013302,KW11619,2026-03-11,IN,Desktop,1723,25.0,34,684,4.97,2026-03-11 06:07:00
KP013303,KW11745,2026-03-12,JP,Desktop,4601,9.0,114,1335,8.54,2026-03-12 08:18:00
KP013304,KW11704,2026-03-13,MX,Desktop,3096,9.0,26,318,8.18,2026-03-13 04:59:00
KP013305,KW10771,2026-03-14,UK,Mobile,3664,44.0,55,1330,4.14,2026-03-14 20:39:00
KP013306,KW11227,2026-03-15,UK,Desktop,3044,26.0,40,677,5.91,2026-03-15 11:05:00
KP013307,KW10360,2026-03-16,FR,Desktop,2213,36.0,56,1006,5.57,2026-03-16 01:52:00
KP013308,KW11794,2026-03-17,IN,Desktop,3370,14.0,96,1108,8.66,2026-03-17 13:19:00
KP013309,KW11527,2026-03-18,UK,Mobile,4950,11.0,157,1802,8.71,2026-03-18 08:32:00
KP013310,KW11568,2026-03-19,UK,Tablet,1707,9.0,71,861,8.25,2026-03-19 00:08:00
KP013311,KW11436,2026-03-20,US,Mobile,10056,40.0,83,2222,3.74,2026-03-20 01:23:00
KP013312,KW10111,2026-03-21,AU,Mobile,1995,20.0,17,252,6.75,2026-03-21 12:28:00
KP013313,KW10230,2026-03-22,JP,Mobile,1398,48.0,24,543,4.42,2026-03-22 08:50:00
KP013314,KW10814,2026-03-23,UK,Mobile,778,20.0,6,118,5.08,2026-03-23 01:50:00
KP013315,KW10392,2026-03-24,CA,Mobile,1600,1.0,131,444,29.5,2026-03-24 19:19:00
KP013316,KW10413,2026-03-25,FR,Mobile,2366,25.0,15,202,7.43,2026-03-25 00:15:00
KP013317,KW10348,2026-03-26,FR,Desktop,4413,4.0,129,792,16.29,2026-03-26 11:20:00
KP013318,KW10305,2026-03-27,JP,Desktop,633,45.0,9,282,3.19,2026-03-27 09:39:00
KP013319,KW11649,2026-03-28,MX,Desktop,983,50.0,11,242,4.55,2026-03-28 02:01:00
KP013320,KW11531,2026-03-29,AU,Mobile,2746,41.0,29,616,4.71,2026-03-29 09:25:00
KP013321,KW10488,2026-03-30,JP,Mobile,2499,45.0,50,955,5.24,2026-03-30 17:04:00
KP013322,KW11327,2026-03-31,FR,Mobile,714,31.0,4,90,4.44,2026-03-31 15:54:00
KP013323,KW10968,2026-04-01,AU,Desktop,4595,2.0,150,726,20.66,2026-04-01 18:44:00
KP013324,KW11670,2026-04-02,JP,Mobile,2230,12.0,14,137,10.22,2026-04-02 11:13:00
KP013325,KW10418,2026-04-03,US,Mobile,1403,20.0,6,90,6.67,2026-04-03 00:19:00
KP013326,KW11063,2026-04-04,BR,Desktop,1539,49.0,22,464,4.74,2026-04-04 17:53:00
KP013327,KW11985,2026-04-05,IN,Desktop,15714,8.0,980,7440,13.17,2026-04-05 15:16:00
KP013328,KW11262,2026-04-06,AU,Desktop,4369,8.0,143,1077,13.28,2026-04-06 16:18:00
KP013329,KW10232,2026-04-07,AU,Mobile,1867,31.0,47,865,5.43,2026-04-07 05:48:00
KP013330,KW11433,2026-04-08,BR,Mobile,7297,35.0,66,1209,5.46,2026-04-08 00:04:00
KP013331,KW10395,2026-04-09,FR,Mobile,5636,7.0,194,1740,11.15,2026-04-09 06:35:00
KP013332,KW10280,2026-04-10,MX,Desktop,1703,48.0,6,149,4.03,2026-04-10 19:10:00
KP013333,KW11515,2026-04-11,AU,Desktop,2532,7.0,22,159,13.84,2026-04-11 01:10:00
KP013334,KW11470,2026-04-12,DE,Mobile,4406,37.0,108,2147,5.03,2026-04-12 12:11:00
KP013335,KW11155,2026-04-13,IN,Mobile,1263,1.0,34,114,29.82,2026-04-13 14:02:00
KP013336,KW11421,2026-04-14,UK,Mobile,2311,46.0,36,836,4.31,2026-04-14 17:25:00
KP013337,KW11978,2026-04-15,UK,Desktop,6612,17.0,60,829,7.24,2026-04-15 00:55:00
KP013338,KW11721,2026-04-16,FR,Mobile,1300,20.0,22,306,7.19,2026-04-16 07:59:00
KP013339,KW11542,2026-04-17,AU,Desktop,2427,30.0,62,1185,5.23,2026-04-17 09:26:00
KP013340,KW11013,2026-04-18,US,Desktop,3069,28.0,91,1379,6.6,2026-04-18 01:43:00
KP013341,KW10815,2026-04-19,DE,Desktop,1735,4.0,27,216,12.5,2026-04-19 11:38:00
KP013342,KW11505,2026-04-20,US,Desktop,9061,13.0,295,4272,6.91,2026-04-20 04:10:00
KP013343,KW10417,2026-04-21,US,Tablet,2839,24.0,50,1039,4.81,2026-04-21 07:56:00
KP013344,KW11617,2026-04-22,DE,Desktop,4725,36.0,98,2338,4.19,2026-04-22 12:52:00
KP013345,KW11338,2026-04-23,UK,Tablet,1683,14.0,27,320,8.44,2026-04-23 15:03:00
KP013346,KW10826,2026-04-24,AU,Mobile,9011,25.0,197,3810,5.17,2026-04-24 20:19:00
KP013347,KW10288,2026-04-25,UK,Mobile,1285,34.0,19,387,4.91,2026-04-25 16:47:00
KP013348,KW11632,2026-04-26,US,Desktop,2068,34.0,8,151,5.3,2026-04-26 18:55:00
KP013349,KW10649,2026-04-27,UK,Tablet,1689,19.0,69,909,7.59,2026-04-27 15:20:00
KP013350,KW10531,2026-04-28,AU,Desktop,5451,43.0,120,2708,4.43,2026-04-28 11:22:00
KP013351,KW10437,2026-04-29,JP,Mobile,1399,16.0,27,393,6.87,2026-04-29 17:55:00
KP013352,KW10522,2026-04-30,MX,Desktop,7175,1.0,1286,3675,34.99,2026-04-30 02:30:00
KP013353,KW10947,2026-05-01,BR,Mobile,7380,4.0,152,893,17.02,2026-05-01 08:03:00
KP013354,KW10226,2026-05-02,CA,Mobile,2769,29.0,67,1321,5.07,2026-05-02 03:19:00
KP013355,KW10675,2026-05-03,MX,Mobile,13238,48.0,97,2907,3.34,2026-05-03 09:09:00
KP013356,KW10609,2026-05-04,CA,Desktop,3393,38.0,93,1744,5.33,2026-05-04 22:14:00
KP013357,KW11659,2026-05-05,AU,Mobile,3846,49.0,68,1477,4.6,2026-05-05 23:04:00
KP013358,KW11927,2026-05-06,DE,Desktop,1613,3.0,187,866,21.59,2026-05-06 16:11:00
KP013359,KW11099,2026-05-07,DE,Desktop,2064,45.0,15,352,4.26,2026-05-07 01:38:00
KP013360,KW11233,2026-05-08,MX,Tablet,2930,50.0,65,1355,4.8,2026-05-08 20:21:00
KP013361,KW11510,2026-05-09,US,Mobile,744,6.0,29,189,15.34,2026-05-09 07:18:00
KP013362,KW11369,2026-05-10,US,Desktop,5882,11.0,68,633,10.74,2026-05-10 04:10:00
KP013363,KW10403,2026-05-11,FR,Desktop,11042,42.0,126,3548,3.55,2026-05-11 11:12:00
KP013364,KW11054,2026-05-12,MX,Desktop,3349,11.0,28,253,11.07,2026-05-12 02:54:00
KP013365,KW11739,2026-05-13,CA,Mobile,2140,10.0,89,881,10.1,2026-05-13 17:20:00
KP013366,KW11028,2026-05-14,IN,Desktop,800,17.0,23,383,6.01,2026-05-14 00:59:00
KP013367,KW11745,2026-05-15,US,Desktop,20243,42.0,228,4475,5.09,2026-05-15 07:08:00
KP013368,KW11744,2026-05-16,AU,Desktop,4608,30.0,89,1872,4.75,2026-05-16 22:28:00
KP013369,KW11015,2026-05-17,IN,Desktop,1715,19.0,68,898,7.57,2026-05-17 21:38:00
KP013370,KW10516,2026-05-18,CA,Desktop,3130,6.0,137,1037,13.21,2026-05-18 17:13:00
KP013371,KW10386,2026-05-19,BR,Mobile,7017,41.0,59,1152,5.12,2026-05-19 08:11:00
KP013372,KW10449,2026-05-20,BR,Desktop,3292,18.0,140,1582,8.85,2026-05-20 19:05:00
KP013373,KW10485,2026-05-21,JP,Mobile,917,28.0,13,258,5.04,2026-05-21 07:01:00
KP013374,KW11465,2026-05-22,DE,Desktop,3225,41.0,44,959,4.59,2026-05-22 00:47:00
KP013375,KW10553,2026-05-23,UK,Mobile,2413,13.0,54,516,10.47,2026-05-23 14:26:00
KP013376,KW10261,2026-05-24,MX,Desktop,609,30.0,9,232,3.88,2026-05-24 10:12:00
KP013377,KW10309,2026-05-25,US,Desktop,1468,23.0,50,802,6.23,2026-05-25 11:05:00
KP013378,KW10761,2026-05-26,US,Mobile,5183,3.0,162,760,21.32,2026-05-26 03:11:00
KP013379,KW11427,2026-05-27,CA,Desktop,6735,31.0,48,827,5.8,2026-05-27 07:12:00
KP013380,KW11614,2026-05-28,DE,Desktop,2342,6.0,121,819,14.77,2026-05-28 00:00:00
KP013381,KW11682,2026-05-29,MX,Mobile,2300,32.0,63,1066,5.91,2026-05-29 22:40:00
KP013382,KW11010,2026-05-30,IN,Desktop,3708,26.0,17,317,5.36,2026-05-30 02:54:00
KP013383,KW11040,2026-05-31,AU,Mobile,2753,10.0,167,1374,12.15,2026-05-31 15:18:00
KP013629,KW11875,2026-02-01,MX,Mobile,1783,10.0,18,209,8.61,2026-02-01 20:40:00
KP013630,KW11577,2026-02-02,DE,Desktop,4968,22.0,154,2587,5.95,2026-02-02 14:00:00
KP013631,KW10700,2026-02-03,CA,Desktop,14775,49.0,130,3529,3.68,2026-02-03 01:35:00
KP013632,KW11404,2026-02-04,DE,Mobile,17883,18.0,358,4533,7.9,2026-02-04 03:07:00
KP013633,KW11891,2026-02-05,CA,Mobile,1232,39.0,12,227,5.29,2026-02-05 03:16:00
KP013634,KW11366,2026-02-06,UK,Desktop,5013,4.0,308,1766,17.44,2026-02-06 04:22:00
KP013635,KW11549,2026-02-07,BR,Desktop,4268,19.0,58,995,5.83,2026-02-07 08:42:00
KP013636,KW10997,2026-02-08,JP,Tablet,845,7.0,53,397,13.35,2026-02-08 09:46:00
KP013637,KW10708,2026-02-09,JP,Desktop,2930,13.0,22,249,8.84,2026-02-09 07:26:00
KP013638,KW11113,2026-02-10,DE,Desktop,840,1.0,152,435,34.94,2026-02-10 23:25:00
KP013639,KW10953,2026-02-11,AU,Desktop,2350,19.0,12,187,6.42,2026-02-11 23:03:00
KP013640,KW10936,2026-02-12,MX,Desktop,1054,28.0,30,462,6.49,2026-02-12 10:06:00
KP013641,KW11519,2026-02-13,UK,Mobile,4401,21.0,178,2197,8.1,2026-02-13 23:12:00
KP013642,KW11023,2026-02-14,MX,Desktop,1699,24.0,27,383,7.05,2026-02-14 03:23:00
KP013643,KW10007,2026-02-15,AU,Mobile,5492,42.0,53,1494,3.55,2026-02-15 01:56:00
KP013644,KW10793,2026-02-16,IN,Mobile,1088,50.0,11,324,3.4,2026-02-16 07:41:00
KP013645,KW11347,2026-02-17,UK,Desktop,22814,23.0,92,1270,7.24,2026-02-17 22:56:00
KP013646,KW10330,2026-02-18,AU,Mobile,1998,44.0,22,609,3.61,2026-02-18 10:54:00
KP013647,KW10411,2026-02-19,FR,Desktop,6140,8.0,54,591,9.14,2026-02-19 04:00:00
KP013648,KW11674,2026-02-20,IN,Desktop,1535,30.0,11,230,4.78,2026-02-20 14:27:00
KP013649,KW10615,2026-02-21,DE,Mobile,2001,11.0,38,483,7.87,2026-02-21 17:08:00
KP013650,KW11083,2026-02-22,DE,Desktop,3346,31.0,22,472,4.66,2026-02-22 12:37:00
KP013651,KW10920,2026-02-23,DE,Desktop,1772,43.0,30,586,5.12,2026-02-23 08:49:00
KP013652,KW10609,2026-02-24,CA,Mobile,3134,4.0,94,744,12.63,2026-02-24 21:01:00
KP013653,KW11067,2026-02-25,JP,Desktop,1626,16.0,38,485,7.84,2026-02-25 08:04:00
KP013654,KW10499,2026-02-26,DE,Desktop,1013,41.0,9,277,3.25,2026-02-26 01:42:00
KP013655,KW11755,2026-02-27,UK,Desktop,1931,7.0,71,526,13.5,2026-02-27 15:39:00
KP013656,KW11751,2026-02-28,US,Desktop,1315,37.0,27,614,4.4,2026-02-28 22:21:00
KP013657,KW11313,2026-03-01,CA,Desktop,17088,43.0,49,1337,3.66,2026-03-01 18:27:00
KP013658,KW11767,2026-03-02,UK,Mobile,3537,9.0,183,1863,9.82,2026-03-02 01:09:00
KP013659,KW11592,2026-03-03,BR,Mobile,5911,14.0,79,840,9.4,2026-03-03 00:48:00
KP013660,KW11920,2026-03-04,IN,Mobile,5984,37.0,137,2577,5.32,2026-03-04 12:31:00
KP013661,KW10350,2026-03-05,BR,Desktop,4494,12.0,94,971,9.68,2026-03-05 12:11:00
KP013662,KW11289,2026-03-06,CA,Mobile,3602,17.0,65,1142,5.69,2026-03-06 21:18:00
KP013663,KW10404,2026-03-07,FR,Desktop,2026,45.0,51,1056,4.83,2026-03-07 05:19:00
KP013664,KW11985,2026-03-08,BR,Desktop,3947,27.0,97,2058,4.71,2026-03-08 23:39:00
KP013665,KW10941,2026-03-09,JP,Mobile,823,48.0,10,213,4.69,2026-03-09 06:47:00
KP013666,KW10532,2026-03-10,BR,Tablet,5229,5.0,148,975,15.18,2026-03-10 20:05:00
KP013667,KW11278,2026-03-11,AU,Desktop,3854,48.0,56,1120,5.0,2026-03-11 16:14:00
KP013668,KW11448,2026-03-12,IN,Mobile,2173,38.0,29,690,4.2,2026-03-12 16:28:00
KP013669,KW10433,2026-03-13,BR,Desktop,2854,4.0,33,213,15.49,2026-03-13 07:15:00
KP013670,KW11630,2026-03-14,BR,Desktop,30048,9.0,168,1753,9.58,2026-03-14 14:17:00
KP013671,KW10705,2026-03-15,UK,Desktop,1625,37.0,34,866,3.93,2026-03-15 11:12:00
KP013672,KW10241,2026-03-16,BR,Desktop,6088,27.0,87,1414,6.15,2026-03-16 21:33:00
KP013673,KW10069,2026-03-17,UK,Desktop,6436,30.0,99,2024,4.89,2026-03-17 08:52:00
KP013674,KW11528,2026-03-18,UK,Desktop,3253,26.0,63,978,6.44,2026-03-18 02:48:00
KP013675,KW10135,2026-03-19,IN,Desktop,1522,20.0,55,833,6.6,2026-03-19 03:08:00
KP013676,KW11760,2026-03-20,DE,Desktop,8463,35.0,188,4533,4.15,2026-03-20 06:05:00
KP013677,KW11800,2026-03-21,BR,Desktop,16057,23.0,357,6385,5.59,2026-03-21 08:17:00
KP013678,KW10694,2026-03-22,CA,Desktop,6769,33.0,90,2018,4.46,2026-03-22 02:39:00
KP013679,KW11675,2026-03-23,MX,Desktop,1919,2.0,228,828,27.54,2026-03-23 23:19:00
KP013680,KW10778,2026-03-24,BR,Desktop,467,39.0,6,174,3.45,2026-03-24 19:06:00
KP013681,KW11197,2026-03-25,JP,Desktop,3857,30.0,13,195,6.67,2026-03-25 20:27:00
KP013682,KW11403,2026-03-26,FR,Desktop,1252,14.0,35,407,8.6,2026-03-26 08:57:00
KP013683,KW10679,2026-03-27,DE,Mobile,4853,19.0,129,1639,7.87,2026-03-27 06:27:00
KP013684,KW11684,2026-03-28,UK,Desktop,2965,40.0,54,1377,3.92,2026-03-28 19:07:00
KP013685,KW10904,2026-03-29,IN,Mobile,2636,49.0,33,691,4.78,2026-03-29 04:36:00
KP013686,KW10855,2026-03-30,MX,Mobile,3056,3.0,153,685,22.34,2026-03-30 21:38:00
KP013687,KW11896,2026-03-31,FR,Tablet,1731,6.0,39,403,9.68,2026-03-31 03:00:00
KP013688,KW10720,2026-04-01,JP,Mobile,4994,39.0,124,2607,4.76,2026-04-01 06:56:00
KP013689,KW10725,2026-04-02,UK,Desktop,2210,32.0,33,825,4.0,2026-04-02 18:35:00
KP013690,KW10350,2026-04-03,JP,Mobile,1563,39.0,47,830,5.66,2026-04-03 12:30:00
KP013691,KW10547,2026-04-04,UK,Desktop,882,30.0,27,484,5.58,2026-04-04 20:47:00
KP013692,KW11865,2026-04-05,AU,Mobile,425,20.0,8,144,5.56,2026-04-05 16:38:00
KP013693,KW11291,2026-04-06,AU,Tablet,5161,30.0,78,1668,4.68,2026-04-06 22:10:00
KP013694,KW11957,2026-04-07,CA,Desktop,3815,5.0,121,762,15.88,2026-04-07 23:39:00
KP013695,KW11103,2026-04-08,UK,Mobile,4945,26.0,175,2604,6.72,2026-04-08 21:11:00
KP013696,KW11326,2026-04-09,DE,Desktop,5319,1.0,115,338,34.02,2026-04-09 18:56:00
KP013697,KW10481,2026-04-10,IN,Mobile,1670,31.0,34,859,3.96,2026-04-10 20:07:00
KP013698,KW10911,2026-04-11,BR,Desktop,1282,12.0,45,413,10.9,2026-04-11 17:51:00
KP013699,KW11496,2026-04-12,IN,Mobile,4786,6.0,34,302,11.26,2026-04-12 10:52:00
KP013700,KW11919,2026-04-13,US,Mobile,3003,8.0,141,1158,12.18,2026-04-13 08:51:00
KP013701,KW10496,2026-04-14,BR,Desktop,3956,45.0,80,1721,4.65,2026-04-14 12:28:00
KP013702,KW11007,2026-04-15,DE,Mobile,1918,29.0,11,264,4.17,2026-04-15 18:14:00
KP013703,KW11975,2026-04-16,DE,Desktop,1080,39.0,25,446,5.61,2026-04-16 19:47:00
KP013704,KW11550,2026-04-17,JP,Mobile,2234,19.0,76,1111,6.84,2026-04-17 23:33:00
KP013705,KW10125,2026-04-18,BR,Desktop,943,8.0,25,192,13.02,2026-04-18 20:40:00
KP013706,KW11806,2026-04-19,UK,Mobile,11176,41.0,51,1327,3.84,2026-04-19 21:03:00
KP013707,KW10431,2026-04-20,AU,Desktop,11060,13.0,183,2260,8.1,2026-04-20 04:14:00
KP013708,KW10251,2026-04-21,BR,Desktop,3008,50.0,37,893,4.14,2026-04-21 13:42:00
KP013709,KW10757,2026-04-22,AU,Mobile,11842,34.0,198,3366,5.88,2026-04-22 03:56:00
KP013710,KW11721,2026-04-23,MX,Mobile,4738,49.0,25,601,4.16,2026-04-23 13:29:00
KP013711,KW10255,2026-04-24,UK,Tablet,4398,49.0,53,1038,5.11,2026-04-24 00:12:00
KP013712,KW10399,2026-04-25,UK,Mobile,15690,9.0,827,6942,11.91,2026-04-25 13:29:00
KP013713,KW11193,2026-04-26,JP,Desktop,17628,30.0,110,2284,4.82,2026-04-26 17:45:00
KP013714,KW11152,2026-04-27,MX,Mobile,2887,41.0,73,1367,5.34,2026-04-27 23:53:00
KP013715,KW11555,2026-04-28,BR,Tablet,1563,37.0,5,97,5.15,2026-04-28 02:00:00
KP013716,KW10350,2026-04-29,MX,Desktop,473,12.0,24,258,9.3,2026-04-29 15:31:00
KP013717,KW10129,2026-04-30,MX,Mobile,2329,23.0,58,1149,5.05,2026-04-30 18:49:00
KP013718,KW11961,2026-05-01,IN,Desktop,1182,9.0,8,69,11.59,2026-05-01 16:27:00
KP013719,KW11271,2026-05-02,JP,Desktop,1907,1.0,137,392,34.95,2026-05-02 18:32:00
KP013720,KW10717,2026-05-03,DE,Desktop,363,39.0,1,43,2.33,2026-05-03 07:22:00
KP013721,KW11558,2026-05-04,CA,Mobile,3266,11.0,164,1767,9.28,2026-05-04 03:08:00
KP013722,KW10841,2026-05-05,FR,Mobile,724,14.0,12,138,8.7,2026-05-05 17:03:00
KP013723,KW11208,2026-05-06,BR,Desktop,3938,47.0,20,515,3.88,2026-05-06 08:18:00
KP013724,KW10767,2026-05-07,AU,Tablet,2604,14.0,13,198,6.57,2026-05-07 20:03:00
KP013725,KW11341,2026-05-08,DE,Tablet,654,25.0,18,313,5.75,2026-05-08 12:39:00
KP013726,KW10701,2026-05-09,US,Desktop,790,2.0,91,423,21.51,2026-05-09 22:38:00
KP013727,KW10789,2026-05-10,FR,Desktop,749,3.0,15,96,15.62,2026-05-10 11:01:00
KP013728,KW10954,2026-05-11,DE,Mobile,1611,37.0,24,552,4.35,2026-05-11 04:24:00
KP013729,KW10409,2026-05-12,IN,Mobile,350,17.0,6,111,5.41,2026-05-12 20:12:00
KP013730,KW10851,2026-05-13,CA,Mobile,4614,44.0,13,399,3.26,2026-05-13 21:23:00
KP013731,KW11130,2026-05-14,AU,Desktop,1636,15.0,13,212,6.13,2026-05-14 08:48:00
KP013732,KW11542,2026-05-15,US,Desktop,1706,37.0,30,519,5.78,2026-05-15 12:31:00
KP013733,KW10515,2026-05-16,DE,Desktop,17455,10.0,345,3583,9.63,2026-05-16 08:47:00
KP013734,KW10424,2026-05-17,JP,Mobile,2570,7.0,26,201,12.94,2026-05-17 15:10:00
KP013735,KW10983,2026-05-18,MX,Mobile,4259,49.0,61,1483,4.11,2026-05-18 14:06:00
KP013736,KW11617,2026-05-19,DE,Desktop,2269,35.0,23,389,5.91,2026-05-19 02:41:00
KP013737,KW11015,2026-05-20,JP,Desktop,10061,50.0,183,3942,4.64,2026-05-20 15:06:00
KP013738,KW10458,2026-05-21,FR,Desktop,8571,38.0,185,4109,4.5,2026-05-21 18:25:00
KP013739,KW10804,2026-05-22,BR,Mobile,1432,44.0,17,345,4.93,2026-05-22 20:44:00
KP013740,KW11745,2026-05-23,UK,Mobile,3984,30.0,55,1348,4.08,2026-05-23 23:21:00
KP013741,KW10698,2026-05-24,FR,Desktop,455,48.0,3,81,3.7,2026-05-24 12:45:00
KP013742,KW10297,2026-05-25,CA,Mobile,1025,1.0,162,463,34.99,2026-05-25 09:28:00
KP013743,KW11483,2026-05-26,UK,Mobile,1231,36.0,20,562,3.56,2026-05-26 00:59:00
KP013744,KW11855,2026-05-27,JP,Mobile,2106,28.0,47,985,4.77,2026-05-27 17:37:00
KP013745,KW11690,2026-05-28,BR,Mobile,2837,19.0,95,1141,8.33,2026-05-28 15:32:00
KP013746,KW10856,2026-05-29,US,Mobile,7027,37.0,111,2673,4.15,2026-05-29 06:06:00
KP013747,KW10635,2026-05-30,UK,Mobile,5057,8.0,73,658,11.09,2026-05-30 20:46:00
KP013748,KW10154,2026-05-31,MX,Desktop,2847,32.0,33,849,3.89,2026-05-31 03:01:00
KP013994,KW11965,2026-02-01,DE,Desktop,1430,41.0,25,597,4.19,2026-02-01 16:09:00
KP013995,KW10220,2026-02-02,UK,Desktop,13786,40.0,166,3274,5.07,2026-02-02 04:47:00
KP013996,KW11102,2026-02-03,FR,Desktop,2247,9.0,34,411,8.27,2026-02-03 02:45:00
KP013997,KW11835,2026-02-04,AU,Mobile,2941,27.0,81,1495,5.42,2026-02-04 04:26:00
KP013998,KW10015,2026-02-05,JP,Desktop,2199,32.0,41,875,4.69,2026-02-05 02:35:00
KP013999,KW10175,2026-02-06,FR,Desktop,3722,2.0,468,1754,26.68,2026-02-06 09:17:00
KP014000,KW11912,2026-02-07,FR,Mobile,2548,34.0,30,785,3.82,2026-02-07 05:30:00
KP014001,KW10006,2026-02-08,DE,Desktop,4354,4.0,42,242,17.36,2026-02-08 01:50:00
KP014002,KW11536,2026-02-09,BR,Mobile,2412,7.0,50,542,9.23,2026-02-09 23:57:00
KP014003,KW11020,2026-02-10,BR,Desktop,418,15.0,5,55,9.09,2026-02-10 05:16:00
KP014004,KW10311,2026-02-11,MX,Desktop,8036,38.0,85,1588,5.35,2026-02-11 01:29:00
KP014005,KW10207,2026-02-12,UK,Tablet,1671,47.0,8,194,4.12,2026-02-12 11:12:00
KP014006,KW10654,2026-02-13,DE,Mobile,4020,40.0,84,1795,4.68,2026-02-13 12:00:00
KP014007,KW10588,2026-02-14,US,Mobile,4915,16.0,205,2615,7.84,2026-02-14 11:31:00
KP014008,KW11725,2026-02-15,MX,Desktop,5162,25.0,44,651,6.76,2026-02-15 11:56:00
KP014009,KW10559,2026-02-16,CA,Desktop,7299,3.0,129,717,17.99,2026-02-16 07:04:00
KP014010,KW10739,2026-02-17,BR,Desktop,545,39.0,16,295,5.42,2026-02-17 16:33:00
KP014011,KW11325,2026-02-18,DE,Mobile,2336,2.0,35,148,23.65,2026-02-18 23:28:00
KP014012,KW11606,2026-02-19,MX,Mobile,7475,50.0,44,943,4.67,2026-02-19 01:23:00
KP014013,KW10094,2026-02-20,DE,Desktop,9276,29.0,223,3790,5.88,2026-02-20 12:05:00
KP014014,KW10937,2026-02-21,DE,Mobile,3004,24.0,83,1167,7.11,2026-02-21 15:16:00
KP014015,KW11752,2026-02-22,JP,Mobile,2963,28.0,11,207,5.31,2026-02-22 12:21:00
KP014016,KW10246,2026-02-23,DE,Mobile,3500,42.0,33,695,4.75,2026-02-23 20:29:00
KP014017,KW11790,2026-02-24,US,Tablet,5089,37.0,49,1186,4.13,2026-02-24 08:26:00
KP014018,KW10861,2026-02-25,US,Desktop,1828,47.0,30,647,4.64,2026-02-25 00:09:00
KP014019,KW11920,2026-02-26,BR,Desktop,2863,18.0,77,1373,5.61,2026-02-26 06:48:00
KP014020,KW10583,2026-02-27,US,Desktop,17218,29.0,385,7396,5.21,2026-02-27 03:55:00
KP014021,KW10749,2026-02-28,UK,Desktop,954,11.0,26,361,7.2,2026-02-28 08:13:00
KP014022,KW11656,2026-03-01,CA,Desktop,2547,5.0,90,630,14.29,2026-03-01 16:00:00
KP014023,KW11795,2026-03-02,BR,Desktop,1016,22.0,29,462,6.28,2026-03-02 14:10:00
KP014024,KW10765,2026-03-03,CA,Tablet,241,20.0,3,39,7.69,2026-03-03 09:54:00
KP014025,KW11489,2026-03-04,UK,Desktop,2327,36.0,44,929,4.74,2026-03-04 09:12:00
KP014026,KW11666,2026-03-05,JP,Desktop,4018,38.0,65,1317,4.94,2026-03-05 15:57:00
KP014027,KW10279,2026-03-06,CA,Desktop,2715,38.0,33,572,5.77,2026-03-06 07:13:00
KP014028,KW10960,2026-03-07,JP,Desktop,924,25.0,6,99,6.06,2026-03-07 15:00:00
KP014029,KW10946,2026-03-08,AU,Desktop,8378,12.0,241,2384,10.11,2026-03-08 02:01:00
KP014030,KW11298,2026-03-09,DE,Desktop,1584,18.0,57,754,7.56,2026-03-09 00:23:00
KP014031,KW10852,2026-03-10,FR,Desktop,1729,36.0,23,499,4.61,2026-03-10 02:33:00
KP014032,KW10568,2026-03-11,JP,Desktop,8352,50.0,55,1553,3.54,2026-03-11 14:37:00
KP014033,KW11596,2026-03-12,UK,Tablet,811,34.0,17,438,3.88,2026-03-12 06:04:00
KP014034,KW11919,2026-03-13,CA,Mobile,6638,30.0,130,2640,4.92,2026-03-13 18:32:00
KP014035,KW10555,2026-03-14,IN,Desktop,1724,22.0,44,645,6.82,2026-03-14 04:17:00
KP014036,KW10279,2026-03-15,UK,Mobile,3266,39.0,35,941,3.72,2026-03-15 22:15:00
KP014037,KW10673,2026-03-16,MX,Mobile,1189,10.0,13,124,10.48,2026-03-16 20:18:00
KP014038,KW10933,2026-03-17,IN,Desktop,2188,28.0,62,920,6.74,2026-03-17 07:31:00
KP014039,KW11577,2026-03-18,BR,Mobile,7197,25.0,103,1678,6.14,2026-03-18 11:07:00
KP014040,KW10686,2026-03-19,DE,Mobile,6729,7.0,102,1023,9.97,2026-03-19 00:57:00
KP014041,KW11970,2026-03-20,US,Tablet,3789,26.0,88,1401,6.28,2026-03-20 19:53:00
KP014042,KW10741,2026-03-21,JP,Tablet,10610,2.0,840,3101,27.09,2026-03-21 04:28:00
KP014043,KW10296,2026-03-22,FR,Desktop,2693,5.0,125,933,13.4,2026-03-22 00:59:00
KP014044,KW11581,2026-03-23,UK,Desktop,2015,25.0,5,104,4.81,2026-03-23 15:55:00
KP014045,KW11800,2026-03-24,DE,Mobile,22454,3.0,794,3990,19.9,2026-03-24 17:20:00
KP014046,KW11552,2026-03-25,FR,Mobile,13508,22.0,254,4753,5.34,2026-03-25 22:34:00
KP014047,KW11470,2026-03-26,FR,Mobile,4222,14.0,37,401,9.23,2026-03-26 15:14:00
KP014048,KW10577,2026-03-27,UK,Desktop,3296,33.0,43,731,5.88,2026-03-27 20:04:00
KP014049,KW10115,2026-03-28,AU,Desktop,21263,38.0,349,5973,5.84,2026-03-28 09:15:00
KP014050,KW11565,2026-03-29,UK,Mobile,3954,49.0,22,527,4.17,2026-03-29 21:48:00
KP014051,KW11814,2026-03-30,AU,Desktop,5926,36.0,60,1476,4.07,2026-03-30 18:21:00
KP014052,KW11011,2026-03-31,MX,Desktop,4716,24.0,59,1177,5.01,2026-03-31 19:01:00
KP014053,KW11883,2026-04-01,AU,Mobile,3731,29.0,53,997,5.32,2026-04-01 02:12:00
KP014054,KW10628,2026-04-02,US,Mobile,5191,8.0,206,1580,13.04,2026-04-02 18:42:00
KP014055,KW10094,2026-04-03,FR,Mobile,20403,12.0,1106,10875,10.17,2026-04-03 07:11:00
KP014056,KW10949,2026-04-04,AU,Desktop,27023,17.0,481,6339,7.59,2026-04-04 05:39:00
KP014057,KW11440,2026-04-05,AU,Mobile,4568,6.0,206,1677,12.28,2026-04-05 00:32:00
KP014058,KW11282,2026-04-06,DE,Mobile,14213,44.0,185,3619,5.11,2026-04-06 12:08:00
KP014059,KW11246,2026-04-07,UK,Desktop,2342,21.0,16,284,5.63,2026-04-07 12:49:00
KP014060,KW10769,2026-04-08,FR,Mobile,3082,5.0,82,488,16.8,2026-04-08 03:49:00
KP014061,KW10316,2026-04-09,DE,Desktop,1294,46.0,17,532,3.2,2026-04-09 10:26:00
KP014062,KW10333,2026-04-10,AU,Mobile,12425,28.0,211,4620,4.57,2026-04-10 06:22:00
KP014063,KW11694,2026-04-11,IN,Desktop,3866,9.0,160,1416,11.3,2026-04-11 13:33:00
KP014064,KW10504,2026-04-12,DE,Desktop,2925,24.0,90,1273,7.07,2026-04-12 15:12:00
KP014065,KW10961,2026-04-13,FR,Mobile,1829,28.0,54,902,5.99,2026-04-13 01:47:00
KP014066,KW11439,2026-04-14,AU,Desktop,22716,22.0,771,10157,7.59,2026-04-14 11:37:00
KP014067,KW11793,2026-04-15,IN,Mobile,3291,38.0,7,190,3.68,2026-04-15 10:38:00
KP014068,KW11023,2026-04-16,AU,Mobile,1271,40.0,12,283,4.24,2026-04-16 02:31:00
KP014069,KW11631,2026-04-17,DE,Mobile,6338,21.0,96,1219,7.88,2026-04-17 09:17:00
KP014070,KW10233,2026-04-18,IN,Mobile,621,36.0,3,53,5.66,2026-04-18 02:53:00
KP014071,KW10012,2026-04-19,CA,Desktop,1674,33.0,33,713,4.63,2026-04-19 09:22:00
KP014072,KW11545,2026-04-20,BR,Desktop,9949,20.0,143,1990,7.19,2026-04-20 15:09:00
KP014073,KW11189,2026-04-21,JP,Mobile,2976,21.0,75,1025,7.32,2026-04-21 04:58:00
KP014074,KW10078,2026-04-22,AU,Desktop,4845,21.0,55,816,6.74,2026-04-22 02:30:00
KP014075,KW10313,2026-04-23,US,Desktop,1155,41.0,8,162,4.94,2026-04-23 03:40:00
KP014076,KW11273,2026-04-24,BR,Desktop,1014,21.0,13,243,5.35,2026-04-24 18:20:00
KP014077,KW10829,2026-04-25,JP,Tablet,922,48.0,13,399,3.26,2026-04-25 08:00:00
KP014078,KW11740,2026-04-26,US,Mobile,1193,32.0,23,393,5.85,2026-04-26 14:06:00
KP014079,KW11389,2026-04-27,AU,Desktop,4072,33.0,8,204,3.92,2026-04-27 15:24:00
KP014080,KW10962,2026-04-28,JP,Desktop,2976,27.0,15,262,5.73,2026-04-28 22:33:00
KP014081,KW10391,2026-04-29,MX,Desktop,2317,30.0,37,830,4.46,2026-04-29 00:56:00
KP014082,KW11750,2026-04-30,CA,Tablet,3916,16.0,77,1216,6.33,2026-04-30 20:25:00
KP014083,KW10014,2026-05-01,JP,Desktop,1863,48.0,21,543,3.87,2026-05-01 23:16:00
KP014084,KW11025,2026-05-02,DE,Tablet,11217,4.0,604,4168,14.49,2026-05-02 20:28:00
KP014085,KW11980,2026-05-03,FR,Mobile,555,20.0,17,240,7.08,2026-05-03 01:54:00
KP014086,KW10297,2026-05-04,MX,Mobile,1316,19.0,35,671,5.22,2026-05-04 16:05:00
KP014087,KW11636,2026-05-05,IN,Desktop,5593,31.0,105,1767,5.94,2026-05-05 00:52:00
KP014088,KW11345,2026-05-06,MX,Tablet,3226,11.0,162,1431,11.32,2026-05-06 04:50:00
KP014089,KW10191,2026-05-07,CA,Desktop,3304,10.0,64,642,9.97,2026-05-07 10:18:00
KP014090,KW10744,2026-05-08,IN,Desktop,1301,40.0,28,546,5.13,2026-05-08 04:51:00
KP014091,KW10135,2026-05-09,BR,Mobile,1317,9.0,12,117,10.26,2026-05-09 02:55:00
KP014092,KW10041,2026-05-10,FR,Desktop,3778,15.0,137,1443,9.49,2026-05-10 18:11:00
KP014093,KW11073,2026-05-11,IN,Mobile,1004,13.0,39,391,9.97,2026-05-11 19:07:00
KP014094,KW11055,2026-05-12,JP,Mobile,728,35.0,13,281,4.63,2026-05-12 02:47:00
KP014095,KW10670,2026-05-13,DE,Mobile,10355,37.0,29,586,4.95,2026-05-13 22:52:00
KP014096,KW10950,2026-05-14,IN,Mobile,2319,31.0,37,625,5.92,2026-05-14 20:18:00
KP014097,KW11069,2026-05-15,DE,Mobile,2761,28.0,52,1050,4.95,2026-05-15 11:29:00
KP014098,KW10676,2026-05-16,JP,Mobile,1209,29.0,31,578,5.36,2026-05-16 16:04:00
KP014099,KW11816,2026-05-17,US,Desktop,2147,46.0,16,362,4.42,2026-05-17 22:54:00
KP014100,KW11916,2026-05-18,US,Mobile,1818,16.0,27,334,8.08,2026-05-18 11:46:00
KP014101,KW10083,2026-05-19,AU,Mobile,3615,8.0,209,1705,12.26,2026-05-19 11:18:00
KP014102,KW11758,2026-05-20,MX,Desktop,3770,9.0,82,813,10.09,2026-05-20 08:02:00
KP014103,KW11582,2026-05-21,BR,Desktop,14695,4.0,477,2503,19.06,2026-05-21 19:58:00
KP014104,KW10200,2026-05-22,AU,Desktop,7199,41.0,94,2270,4.14,2026-05-22 06:44:00
KP014105,KW11843,2026-05-23,DE,Desktop,5544,5.0,182,1085,16.77,2026-05-23 12:52:00
KP014106,KW10273,2026-05-24,JP,Desktop,3014,37.0,41,1027,3.99,2026-05-24 04:33:00
KP014107,KW10912,2026-05-25,JP,Mobile,3946,17.0,144,1674,8.6,2026-05-25 02:22:00
KP014108,KW11816,2026-05-26,IN,Desktop,4648,34.0,136,2453,5.54,2026-05-26 20:22:00
KP014109,KW10458,2026-05-27,IN,Mobile,2107,7.0,29,316,9.18,2026-05-27 14:27:00
KP014110,KW11955,2026-05-28,CA,Desktop,1659,24.0,7,114,6.14,2026-05-28 20:09:00
KP014111,KW11564,2026-05-29,US,Mobile,7026,9.0,295,2445,12.07,2026-05-29 12:28:00
KP014112,KW10422,2026-05-30,DE,Desktop,1704,25.0,40,725,5.52,2026-05-30 06:10:00
KP014113,KW11556,2026-05-31,US,Mobile,768,27.0,11,214,5.14,2026-05-31 20:34:00
KP014359,KW11428,2026-02-01,AU,Mobile,5075,35.0,48,973,4.93,2026-02-01 16:19:00
KP014360,KW11828,2026-02-02,MX,Mobile,7602,24.0,112,2443,4.58,2026-02-02 05:28:00
KP014361,KW11315,2026-02-03,IN,Tablet,5292,17.0,28,321,8.72,2026-02-03 04:42:00
KP014362,KW10766,2026-02-04,IN,Mobile,4567,33.0,105,1945,5.4,2026-02-04 23:10:00
KP014363,KW10917,2026-02-05,DE,Mobile,1679,28.0,45,814,5.53,2026-02-05 09:57:00
KP014364,KW11350,2026-02-06,FR,Mobile,559,39.0,9,168,5.36,2026-02-06 05:14:00
KP014365,KW10044,2026-02-07,DE,Desktop,334,42.0,5,112,4.46,2026-02-07 13:03:00
KP014366,KW11729,2026-02-08,IN,Desktop,1913,22.0,65,967,6.72,2026-02-08 21:53:00
KP014367,KW10670,2026-02-09,US,Desktop,1999,26.0,45,811,5.55,2026-02-09 03:02:00
KP014368,KW10688,2026-02-10,JP,Desktop,4468,9.0,198,2217,8.93,2026-02-10 11:07:00
KP014369,KW10358,2026-02-11,MX,Mobile,5680,7.0,77,753,10.23,2026-02-11 01:39:00
KP014370,KW10921,2026-02-12,IN,Desktop,3168,10.0,141,1296,10.88,2026-02-12 21:25:00
KP014371,KW10711,2026-02-13,AU,Desktop,722,35.0,17,357,4.76,2026-02-13 19:25:00
KP014372,KW10024,2026-02-14,AU,Desktop,2587,13.0,76,982,7.74,2026-02-14 06:23:00
KP014373,KW11915,2026-02-15,FR,Mobile,4228,31.0,99,2207,4.49,2026-02-15 21:31:00
KP014374,KW10382,2026-02-16,DE,Desktop,2349,3.0,152,793,19.17,2026-02-16 21:11:00
KP014375,KW10571,2026-02-17,MX,Desktop,6160,43.0,86,2270,3.79,2026-02-17 06:24:00
KP014376,KW11786,2026-02-18,US,Tablet,2638,29.0,24,363,6.61,2026-02-18 10:40:00
KP014377,KW10638,2026-02-19,CA,Mobile,3456,1.0,459,1407,32.62,2026-02-19 15:36:00
KP014378,KW10195,2026-02-20,CA,Mobile,2655,35.0,51,1146,4.45,2026-02-20 10:31:00
KP014379,KW10020,2026-02-21,FR,Tablet,1166,2.0,34,189,17.99,2026-02-21 08:00:00
KP014380,KW11374,2026-02-22,DE,Desktop,2053,23.0,52,949,5.48,2026-02-22 07:09:00
KP014381,KW11712,2026-02-23,AU,Mobile,2326,5.0,99,763,12.98,2026-02-23 23:38:00
KP014382,KW10803,2026-02-24,FR,Mobile,1893,7.0,110,939,11.71,2026-02-24 09:19:00
KP014383,KW10311,2026-02-25,IN,Desktop,1649,36.0,40,694,5.76,2026-02-25 12:57:00
KP014384,KW10247,2026-02-26,AU,Desktop,12065,28.0,404,6046,6.68,2026-02-26 18:17:00
KP014385,KW11124,2026-02-27,US,Mobile,3966,24.0,93,1391,6.69,2026-02-27 08:18:00
KP014386,KW11512,2026-02-28,MX,Mobile,1641,40.0,14,393,3.56,2026-02-28 11:16:00
KP014387,KW10905,2026-03-01,CA,Mobile,1115,2.0,85,289,29.41,2026-03-01 01:42:00
KP014388,KW10715,2026-03-02,FR,Mobile,1064,4.0,63,352,17.9,2026-03-02 20:13:00
KP014389,KW10743,2026-03-03,MX,Tablet,9797,24.0,52,762,6.82,2026-03-03 07:53:00
KP014390,KW10382,2026-03-04,MX,Mobile,2860,44.0,29,657,4.41,2026-03-04 12:30:00
KP014391,KW10915,2026-03-05,JP,Mobile,5303,19.0,134,2246,5.97,2026-03-05 15:48:00
KP014392,KW11396,2026-03-06,AU,Mobile,940,1.0,171,489,34.97,2026-03-06 10:02:00
KP014393,KW11013,2026-03-07,UK,Desktop,7504,13.0,193,2554,7.56,2026-03-07 17:46:00
KP014394,KW11980,2026-03-08,BR,Mobile,20422,50.0,338,8432,4.01,2026-03-08 12:54:00
KP014395,KW11844,2026-03-09,CA,Tablet,1028,26.0,21,382,5.5,2026-03-09 21:12:00
KP014396,KW11292,2026-03-10,FR,Desktop,2265,15.0,35,554,6.32,2026-03-10 15:56:00
KP014397,KW10237,2026-03-11,FR,Mobile,856,19.0,4,74,5.41,2026-03-11 14:57:00
KP014398,KW11281,2026-03-12,MX,Mobile,12314,11.0,498,4762,10.46,2026-03-12 16:34:00
KP014399,KW10262,2026-03-13,FR,Mobile,8055,47.0,109,2473,4.41,2026-03-13 00:46:00
KP014400,KW11508,2026-03-14,AU,Desktop,2688,19.0,30,416,7.21,2026-03-14 23:40:00
KP014401,KW11077,2026-03-15,DE,Desktop,6117,42.0,27,644,4.19,2026-03-15 22:38:00
KP014402,KW11047,2026-03-16,UK,Mobile,1449,12.0,48,492,9.76,2026-03-16 23:16:00
KP014403,KW10078,2026-03-17,JP,Mobile,1066,39.0,21,368,5.71,2026-03-17 04:43:00
KP014404,KW10272,2026-03-18,US,Mobile,5390,30.0,90,1497,6.01,2026-03-18 17:21:00
KP014405,KW11898,2026-03-19,DE,Mobile,10039,16.0,188,2113,8.9,2026-03-19 15:58:00
KP014406,KW11108,2026-03-20,IN,Mobile,546,9.0,4,54,7.41,2026-03-20 11:26:00
KP014407,KW10135,2026-03-21,US,Desktop,8927,38.0,37,829,4.46,2026-03-21 01:38:00
KP014408,KW10965,2026-03-22,AU,Mobile,1404,26.0,37,672,5.51,2026-03-22 08:33:00
KP014409,KW10723,2026-03-23,BR,Tablet,6530,50.0,59,1866,3.16,2026-03-23 22:52:00
KP014410,KW11160,2026-03-24,DE,Desktop,3555,2.0,170,601,28.29,2026-03-24 08:30:00
KP014411,KW10910,2026-03-25,JP,Desktop,810,44.0,1,41,2.44,2026-03-25 22:42:00
KP014412,KW10499,2026-03-26,BR,Tablet,972,35.0,24,398,6.03,2026-03-26 11:14:00
KP014413,KW11560,2026-03-27,JP,Desktop,1019,19.0,33,448,7.37,2026-03-27 17:23:00
KP014414,KW10996,2026-03-28,IN,Mobile,5252,29.0,128,2190,5.84,2026-03-28 05:44:00
KP014415,KW11621,2026-03-29,JP,Mobile,3857,14.0,181,1806,10.02,2026-03-29 14:35:00
KP014416,KW10229,2026-03-30,JP,Desktop,3116,25.0,46,816,5.64,2026-03-30 23:03:00
KP014417,KW11775,2026-03-31,BR,Tablet,1243,13.0,21,204,10.29,2026-03-31 19:57:00
KP014418,KW11514,2026-04-01,US,Mobile,888,10.0,11,137,8.03,2026-04-01 15:31:00
KP014419,KW10539,2026-04-02,MX,Mobile,2857,12.0,26,301,8.64,2026-04-02 00:52:00
KP014420,KW10664,2026-04-03,AU,Desktop,10589,12.0,249,2367,10.52,2026-04-03 03:01:00
KP014421,KW11681,2026-04-04,AU,Mobile,12671,4.0,232,1682,13.79,2026-04-04 03:09:00
KP014422,KW11939,2026-04-05,JP,Mobile,4530,21.0,67,969,6.91,2026-04-05 08:26:00
KP014423,KW11469,2026-04-06,IN,Desktop,4213,2.0,252,1057,23.84,2026-04-06 19:07:00
KP014424,KW10271,2026-04-07,MX,Desktop,29696,15.0,372,5497,6.77,2026-04-07 17:36:00
KP014425,KW11640,2026-04-08,UK,Mobile,12948,31.0,315,5651,5.57,2026-04-08 06:06:00
KP014426,KW10585,2026-04-09,IN,Mobile,12170,37.0,61,1360,4.49,2026-04-09 05:32:00
KP014427,KW10320,2026-04-10,AU,Desktop,2187,2.0,76,256,29.69,2026-04-10 05:01:00
KP014428,KW11679,2026-04-11,UK,Desktop,2336,41.0,16,367,4.36,2026-04-11 22:09:00
KP014429,KW10035,2026-04-12,FR,Mobile,4780,24.0,159,2478,6.42,2026-04-12 09:52:00
KP014430,KW10989,2026-04-13,BR,Mobile,2615,23.0,68,1426,4.77,2026-04-13 22:04:00
KP014431,KW10377,2026-04-14,BR,Desktop,10892,34.0,266,4771,5.58,2026-04-14 05:00:00
KP014432,KW11067,2026-04-15,AU,Mobile,1531,21.0,38,706,5.38,2026-04-15 21:40:00
KP014433,KW11226,2026-04-16,UK,Desktop,4095,15.0,25,389,6.43,2026-04-16 04:55:00
KP014434,KW10356,2026-04-17,AU,Desktop,13236,18.0,261,2993,8.72,2026-04-17 03:04:00
KP014435,KW11901,2026-04-18,MX,Desktop,2227,12.0,74,1109,6.67,2026-04-18 04:25:00
KP014436,KW11236,2026-04-19,UK,Desktop,1989,20.0,22,382,5.76,2026-04-19 12:09:00
KP014437,KW11143,2026-04-20,JP,Mobile,4643,11.0,57,628,9.08,2026-04-20 09:43:00
KP014438,KW10155,2026-04-21,MX,Desktop,1884,33.0,42,851,4.94,2026-04-21 12:15:00
KP014439,KW10567,2026-04-22,UK,Desktop,967,43.0,25,513,4.87,2026-04-22 09:19:00
KP014440,KW11380,2026-04-23,CA,Mobile,2754,13.0,37,368,10.05,2026-04-23 19:19:00
KP014441,KW10532,2026-04-24,JP,Desktop,1647,49.0,30,626,4.79,2026-04-24 15:21:00
KP014442,KW10971,2026-04-25,BR,Mobile,1663,4.0,79,474,16.67,2026-04-25 15:04:00
KP014443,KW11140,2026-04-26,CA,Mobile,4788,12.0,162,1571,10.31,2026-04-26 19:37:00
KP014444,KW10665,2026-04-27,BR,Desktop,4227,47.0,71,1805,3.93,2026-04-27 15:40:00
KP014445,KW10895,2026-04-28,IN,Desktop,3941,16.0,99,1706,5.8,2026-04-28 23:22:00
KP014446,KW10971,2026-04-29,US,Desktop,6114,40.0,86,2068,4.16,2026-04-29 03:26:00
KP014447,KW10844,2026-04-30,US,Mobile,1484,27.0,41,642,6.39,2026-04-30 03:11:00
KP014448,KW10738,2026-05-01,CA,Mobile,1063,50.0,4,79,5.06,2026-05-01 04:38:00
KP014449,KW11893,2026-05-02,US,Mobile,3786,24.0,144,2057,7.0,2026-05-02 03:24:00
KP014450,KW11600,2026-05-03,BR,Desktop,4588,5.0,287,2066,13.89,2026-05-03 11:39:00
KP014451,KW11770,2026-05-04,UK,Desktop,2719,28.0,55,916,6.0,2026-05-04 18:38:00
KP014452,KW11249,2026-05-05,AU,Mobile,3879,17.0,102,1399,7.29,2026-05-05 03:30:00
KP014453,KW11637,2026-05-06,BR,Desktop,5735,33.0,73,1219,5.99,2026-05-06 20:01:00
KP014454,KW10735,2026-05-07,DE,Desktop,2039,5.0,110,982,11.2,2026-05-07 16:57:00
KP014455,KW11273,2026-05-08,AU,Desktop,1469,32.0,26,608,4.28,2026-05-08 19:22:00
KP014456,KW10357,2026-05-09,CA,Desktop,3550,11.0,113,1234,9.16,2026-05-09 21:16:00
KP014457,KW10815,2026-05-10,UK,Mobile,886,6.0,28,235,11.91,2026-05-10 07:00:00
KP014458,KW10913,2026-05-11,US,Desktop,2031,15.0,64,1053,6.08,2026-05-11 10:58:00
KP014459,KW10148,2026-05-12,US,Desktop,3092,47.0,11,321,3.43,2026-05-12 20:26:00
KP014460,KW11645,2026-05-13,AU,Mobile,6578,6.0,279,2683,10.4,2026-05-13 21:34:00
KP014461,KW10667,2026-05-14,CA,Mobile,8414,22.0,58,728,7.97,2026-05-14 11:50:00
KP014462,KW11740,2026-05-15,MX,Desktop,4334,24.0,49,721,6.8,2026-05-15 09:13:00
KP014463,KW10077,2026-05-16,JP,Desktop,2287,7.0,70,564,12.41,2026-05-16 09:44:00
KP014464,KW11570,2026-05-17,JP,Mobile,5158,18.0,82,1402,5.85,2026-05-17 18:29:00
KP014465,KW10858,2026-05-18,JP,Desktop,3458,44.0,56,1493,3.75,2026-05-18 07:35:00
KP014466,KW10671,2026-05-19,JP,Desktop,1403,4.0,35,175,20.0,2026-05-19 23:03:00
KP014467,KW11895,2026-05-20,UK,Mobile,3045,14.0,49,640,7.66,2026-05-20 11:47:00
KP014468,KW11837,2026-05-21,US,Desktop,7170,10.0,299,3343,8.94,2026-05-21 13:03:00
KP014469,KW11381,2026-05-22,DE,Desktop,3241,48.0,40,801,4.99,2026-05-22 14:43:00
KP014470,KW11006,2026-05-23,JP,Mobile,1137,18.0,15,266,5.64,2026-05-23 10:08:00
KP014471,KW11929,2026-05-24,CA,Desktop,4565,28.0,106,1697,6.25,2026-05-24 13:04:00
KP014472,KW10174,2026-05-25,FR,Mobile,8528,29.0,266,4400,6.05,2026-05-25 23:13:00
KP014473,KW10486,2026-05-26,DE,Desktop,2657,29.0,72,1117,6.45,2026-05-26 09:36:00
KP014474,KW10386,2026-05-27,IN,Desktop,7415,32.0,106,1783,5.95,2026-05-27 20:46:00
KP014475,KW11779,2026-05-28,US,Mobile,223,30.0,1,20,5.0,2026-05-28 10:41:00
KP014476,KW10393,2026-05-29,AU,Mobile,2585,43.0,36,870,4.14,2026-05-29 03:25:00
KP014477,KW11004,2026-05-30,IN,Desktop,3913,23.0,104,1787,5.82,2026-05-30 18:33:00
KP014478,KW11193,2026-05-31,DE,Mobile,4684,2.0,122,422,28.91,2026-05-31 08:19:00
KP014724,KW11665,2026-02-01,BR,Mobile,4282,27.0,146,2249,6.49,2026-02-01 19:32:00
KP014725,KW10681,2026-02-02,MX,Desktop,4017,9.0,268,2165,12.38,2026-02-02 12:28:00
KP014726,KW10564,2026-02-03,US,Mobile,4783,2.0,135,699,19.31,2026-02-03 11:46:00
KP014727,KW11719,2026-02-04,JP,Mobile,2813,42.0,68,1414,4.81,2026-02-04 08:16:00
KP014728,KW10676,2026-02-05,FR,Desktop,932,45.0,12,234,5.13,2026-02-05 19:04:00
KP014729,KW10566,2026-02-06,CA,Mobile,3837,32.0,88,1454,6.05,2026-02-06 09:44:00
KP014730,KW11450,2026-02-07,FR,Desktop,8475,6.0,178,1286,13.84,2026-02-07 07:35:00
KP014731,KW11868,2026-02-08,DE,Desktop,1495,5.0,97,698,13.9,2026-02-08 20:46:00
KP014732,KW11266,2026-02-09,MX,Desktop,1486,10.0,48,587,8.18,2026-02-09 23:36:00
KP014733,KW11860,2026-02-10,UK,Desktop,4667,32.0,9,238,3.78,2026-02-10 00:19:00
KP014734,KW10979,2026-02-11,FR,Tablet,484,22.0,12,224,5.36,2026-02-11 09:02:00
KP014735,KW10826,2026-02-12,US,Mobile,627,37.0,9,210,4.29,2026-02-12 21:36:00
KP014736,KW10944,2026-02-13,AU,Desktop,5737,9.0,160,1415,11.31,2026-02-13 18:37:00
KP014737,KW10414,2026-02-14,MX,Desktop,572,19.0,18,231,7.79,2026-02-14 01:10:00
KP014738,KW10757,2026-02-15,IN,Desktop,2479,29.0,41,838,4.89,2026-02-15 13:28:00
KP014739,KW11698,2026-02-16,AU,Desktop,3170,10.0,23,301,7.64,2026-02-16 09:14:00
KP014740,KW11480,2026-02-17,US,Desktop,3254,41.0,71,1272,5.58,2026-02-17 12:45:00
KP014741,KW10971,2026-02-18,UK,Desktop,1135,35.0,13,326,3.99,2026-02-18 14:22:00
KP014742,KW11350,2026-02-19,MX,Mobile,1319,11.0,13,115,11.3,2026-02-19 08:20:00
KP014743,KW10758,2026-02-20,US,Desktop,945,24.0,35,473,7.4,2026-02-20 07:24:00
KP014744,KW10346,2026-02-21,JP,Desktop,1672,50.0,38,803,4.73,2026-02-21 19:56:00
KP014745,KW11505,2026-02-22,AU,Mobile,7675,33.0,37,636,5.82,2026-02-22 14:12:00
KP014746,KW10434,2026-02-23,AU,Mobile,2464,19.0,49,674,7.27,2026-02-23 04:05:00
KP014747,KW10163,2026-02-24,BR,Mobile,1526,38.0,18,374,4.81,2026-02-24 14:26:00
KP014748,KW11102,2026-02-25,CA,Mobile,4694,25.0,33,731,4.51,2026-02-25 17:18:00
KP014749,KW10219,2026-02-26,UK,Desktop,8059,15.0,157,2412,6.51,2026-02-26 02:55:00
KP014750,KW11439,2026-02-27,MX,Desktop,6203,46.0,66,1869,3.53,2026-02-27 20:03:00
KP014751,KW10632,2026-02-28,JP,Desktop,4269,5.0,75,452,16.59,2026-02-28 03:27:00
KP014752,KW11186,2026-03-01,BR,Mobile,980,24.0,7,106,6.6,2026-03-01 02:02:00
KP014753,KW11292,2026-03-02,BR,Desktop,1080,48.0,22,515,4.27,2026-03-02 03:17:00
KP014754,KW10695,2026-03-03,UK,Desktop,19531,33.0,420,7584,5.54,2026-03-03 08:01:00
KP014755,KW10409,2026-03-04,UK,Mobile,5682,3.0,366,1873,19.54,2026-03-04 22:00:00
KP014756,KW10354,2026-03-05,FR,Mobile,7233,46.0,73,2111,3.46,2026-03-05 07:36:00
KP014757,KW10003,2026-03-06,CA,Mobile,2656,12.0,97,1088,8.92,2026-03-06 05:26:00
KP014758,KW10902,2026-03-07,FR,Desktop,1789,18.0,29,390,7.44,2026-03-07 10:41:00
KP014759,KW10440,2026-03-08,MX,Mobile,2521,22.0,72,1204,5.98,2026-03-08 14:11:00
KP014760,KW10221,2026-03-09,UK,Desktop,10257,42.0,37,921,4.02,2026-03-09 17:23:00
KP014761,KW10989,2026-03-10,BR,Mobile,10029,11.0,439,5301,8.28,2026-03-10 07:07:00
KP014762,KW11356,2026-03-11,JP,Mobile,1883,11.0,48,581,8.26,2026-03-11 15:23:00
KP014763,KW10044,2026-03-12,IN,Desktop,5628,28.0,170,2772,6.13,2026-03-12 01:09:00
KP014764,KW11338,2026-03-13,US,Mobile,4598,37.0,71,1574,4.51,2026-03-13 19:26:00
KP014765,KW11540,2026-03-14,FR,Desktop,1257,2.0,110,479,22.96,2026-03-14 07:52:00
KP014766,KW10250,2026-03-15,DE,Desktop,3025,28.0,71,1118,6.35,2026-03-15 01:00:00
KP014767,KW10586,2026-03-16,DE,Tablet,502,23.0,13,191,6.81,2026-03-16 13:41:00
KP014768,KW11434,2026-03-17,DE,Mobile,7570,38.0,96,2383,4.03,2026-03-17 11:06:00
KP014769,KW10521,2026-03-18,UK,Desktop,1806,25.0,49,717,6.83,2026-03-18 04:43:00
KP014770,KW11694,2026-03-19,IN,Mobile,3186,26.0,67,1083,6.19,2026-03-19 04:40:00
KP014771,KW11507,2026-03-20,UK,Mobile,15857,8.0,119,1381,8.62,2026-03-20 22:58:00
KP014772,KW11622,2026-03-21,MX,Mobile,4090,9.0,119,1269,9.38,2026-03-21 21:16:00
KP014773,KW11128,2026-03-22,UK,Mobile,5554,15.0,221,2355,9.38,2026-03-22 01:17:00
KP014774,KW10134,2026-03-23,UK,Mobile,8281,31.0,82,1252,6.55,2026-03-23 05:13:00
KP014775,KW10027,2026-03-24,BR,Desktop,3509,40.0,52,1423,3.65,2026-03-24 07:59:00
KP014776,KW10923,2026-03-25,JP,Mobile,2401,44.0,37,1131,3.27,2026-03-25 04:18:00
KP014777,KW11219,2026-03-26,IN,Mobile,1927,47.0,5,118,4.24,2026-03-26 04:53:00
KP014778,KW11792,2026-03-27,MX,Tablet,2061,14.0,19,255,7.45,2026-03-27 13:50:00
KP014779,KW10299,2026-03-28,DE,Mobile,11556,45.0,255,5433,4.69,2026-03-28 06:32:00
KP014780,KW11963,2026-03-29,US,Mobile,1479,29.0,22,443,4.97,2026-03-29 03:42:00
KP014781,KW10153,2026-03-30,JP,Mobile,3594,2.0,409,1623,25.2,2026-03-30 08:39:00
KP014782,KW10550,2026-03-31,UK,Desktop,6428,23.0,177,2811,6.3,2026-03-31 16:34:00
KP014783,KW10406,2026-04-01,BR,Desktop,456,42.0,3,79,3.8,2026-04-01 06:54:00
KP014784,KW11105,2026-04-02,MX,Tablet,3769,37.0,93,1934,4.81,2026-04-02 04:47:00
KP014785,KW10659,2026-04-03,BR,Mobile,397,48.0,1,40,2.5,2026-04-03 00:42:00
KP014786,KW10984,2026-04-04,FR,Desktop,2379,28.0,39,720,5.42,2026-04-04 13:55:00
KP014787,KW10740,2026-04-05,FR,Mobile,4515,41.0,53,1352,3.92,2026-04-05 00:59:00
KP014788,KW11438,2026-04-06,UK,Desktop,731,24.0,24,377,6.37,2026-04-06 04:05:00
KP014789,KW11036,2026-04-07,BR,Mobile,5594,33.0,117,2147,5.45,2026-04-07 15:13:00
KP014790,KW10329,2026-04-08,FR,Desktop,4455,45.0,88,1990,4.42,2026-04-08 03:10:00
KP014791,KW11186,2026-04-09,CA,Desktop,1149,8.0,11,126,8.73,2026-04-09 14:59:00
KP014792,KW11582,2026-04-10,BR,Desktop,7347,1.0,1093,3125,34.98,2026-04-10 00:54:00
KP014793,KW10128,2026-04-11,DE,Desktop,363,27.0,2,41,4.88,2026-04-11 00:06:00
KP014794,KW10322,2026-04-12,MX,Desktop,489,8.0,18,138,13.04,2026-04-12 17:34:00
KP014795,KW10877,2026-04-13,DE,Desktop,8501,1.0,265,796,33.29,2026-04-13 14:34:00
KP014796,KW11557,2026-04-14,BR,Mobile,1263,9.0,25,230,10.87,2026-04-14 22:42:00
KP014797,KW11861,2026-04-15,UK,Mobile,803,15.0,15,223,6.73,2026-04-15 05:08:00
KP014798,KW10347,2026-04-16,MX,Desktop,4244,34.0,47,956,4.92,2026-04-16 20:59:00
KP014799,KW11219,2026-04-17,IN,Mobile,3999,11.0,55,614,8.96,2026-04-17 19:34:00
KP014800,KW10636,2026-04-18,MX,Desktop,1965,24.0,15,276,5.43,2026-04-18 01:04:00
KP014801,KW11124,2026-04-19,UK,Mobile,16192,30.0,172,3917,4.39,2026-04-19 03:21:00
KP014802,KW10827,2026-04-20,UK,Desktop,972,20.0,11,180,6.11,2026-04-20 16:25:00
KP014803,KW11292,2026-04-21,MX,Mobile,2964,21.0,86,1170,7.35,2026-04-21 06:27:00
KP014804,KW10526,2026-04-22,BR,Mobile,648,16.0,5,64,7.81,2026-04-22 14:54:00
KP014805,KW11315,2026-04-23,IN,Desktop,4209,40.0,55,1470,3.74,2026-04-23 12:00:00
KP014806,KW10639,2026-04-24,DE,Tablet,1317,4.0,59,451,13.08,2026-04-24 21:26:00
KP014807,KW10742,2026-04-25,JP,Mobile,8564,35.0,115,2398,4.8,2026-04-25 20:17:00
KP014808,KW10528,2026-04-26,CA,Desktop,6907,10.0,157,1882,8.34,2026-04-26 11:48:00
KP014809,KW11555,2026-04-27,MX,Desktop,771,29.0,18,393,4.58,2026-04-27 03:53:00
KP014810,KW10450,2026-04-28,JP,Desktop,720,26.0,19,292,6.51,2026-04-28 00:49:00
KP014811,KW10838,2026-04-29,US,Mobile,2625,32.0,69,1400,4.93,2026-04-29 18:47:00
KP014812,KW10225,2026-04-30,FR,Desktop,8553,46.0,150,3370,4.45,2026-04-30 21:05:00
KP014813,KW10979,2026-05-01,CA,Mobile,3326,35.0,59,1583,3.73,2026-05-01 15:26:00
KP014814,KW10435,2026-05-02,JP,Mobile,1457,19.0,35,570,6.14,2026-05-02 14:36:00
KP014815,KW11762,2026-05-03,BR,Mobile,7346,3.0,185,955,19.37,2026-05-03 16:31:00
KP014816,KW11929,2026-05-04,CA,Mobile,933,31.0,12,286,4.2,2026-05-04 01:08:00
KP014817,KW11546,2026-05-05,IN,Desktop,6704,23.0,31,564,5.5,2026-05-05 04:08:00
KP014818,KW11826,2026-05-06,JP,Mobile,10315,27.0,57,1215,4.69,2026-05-06 22:36:00
KP014819,KW10304,2026-05-07,UK,Mobile,1492,26.0,15,320,4.69,2026-05-07 02:46:00
KP014820,KW11371,2026-05-08,CA,Desktop,1720,2.0,51,253,20.16,2026-05-08 14:43:00
KP014821,KW11613,2026-05-09,UK,Desktop,1281,24.0,9,192,4.69,2026-05-09 02:21:00
KP014822,KW11675,2026-05-10,MX,Desktop,815,42.0,10,228,4.39,2026-05-10 01:24:00
KP014823,KW10157,2026-05-11,CA,Tablet,1950,33.0,21,504,4.17,2026-05-11 03:50:00
KP014824,KW11966,2026-05-12,CA,Mobile,3477,41.0,46,966,4.76,2026-05-12 06:07:00
KP014825,KW11199,2026-05-13,US,Desktop,1094,6.0,21,199,10.55,2026-05-13 20:09:00
KP014826,KW11103,2026-05-14,FR,Desktop,2711,1.0,125,358,34.92,2026-05-14 16:36:00
KP014827,KW10713,2026-05-15,UK,Desktop,8870,48.0,42,1295,3.24,2026-05-15 21:18:00
KP014828,KW11328,2026-05-16,US,Mobile,8835,35.0,59,1229,4.8,2026-05-16 17:52:00
KP014829,KW10142,2026-05-17,FR,Mobile,3355,36.0,26,654,3.98,2026-05-17 22:33:00
KP014830,KW11734,2026-05-18,US,Desktop,9156,47.0,23,600,3.83,2026-05-18 21:46:00
KP014831,KW11178,2026-05-19,CA,Mobile,6442,33.0,132,2622,5.03,2026-05-19 08:41:00
KP014832,KW10794,2026-05-20,US,Desktop,6961,40.0,24,497,4.83,2026-05-20 04:41:00
KP014833,KW10074,2026-05-21,IN,Tablet,16186,16.0,349,3848,9.07,2026-05-21 21:22:00
KP014834,KW11027,2026-05-22,JP,Tablet,1828,3.0,44,196,22.45,2026-05-22 04:38:00
KP014835,KW11709,2026-05-23,FR,Desktop,682,23.0,22,341,6.45,2026-05-23 12:40:00
KP014836,KW11197,2026-05-24,CA,Desktop,4670,37.0,50,891,5.61,2026-05-24 03:03:00
KP014837,KW11319,2026-05-25,JP,Desktop,6991,25.0,156,2420,6.45,2026-05-25 10:10:00
KP014838,KW11110,2026-05-26,MX,Mobile,6029,18.0,207,2511,8.24,2026-05-26 11:27:00
KP014839,KW11185,2026-05-27,IN,Tablet,969,3.0,63,293,21.5,2026-05-27 05:08:00
KP014840,KW11321,2026-05-28,BR,Mobile,1355,34.0,38,742,5.12,2026-05-28 09:13:00
KP014841,KW10126,2026-05-29,UK,Mobile,23432,14.0,625,6607,9.46,2026-05-29 10:56:00
KP014842,KW10415,2026-05-30,AU,Mobile,3957,17.0,92,1259,7.31,2026-05-30 21:59:00
KP014843,KW10889,2026-05-31,IN,Desktop,4451,50.0,92,2231,4.12,2026-05-31 09:22:00
KP015089,KW11029,2026-02-01,JP,Mobile,2214,45.0,13,299,4.35,2026-02-01 07:21:00
KP015090,KW10931,2026-02-02,IN,Desktop,2361,37.0,22,421,5.23,2026-02-02 13:53:00
KP015091,KW11255,2026-02-03,FR,Desktop,3411,18.0,150,1789,8.38,2026-02-03 07:42:00
KP015092,KW10972,2026-02-04,BR,Desktop,479,27.0,16,253,6.32,2026-02-04 05:03:00
KP015093,KW10481,2026-02-05,FR,Desktop,1813,46.0,4,111,3.6,2026-02-05 13:55:00
KP015094,KW11759,2026-02-06,BR,Desktop,5650,16.0,118,1432,8.24,2026-02-06 08:31:00
KP015095,KW10092,2026-02-07,IN,Mobile,4013,45.0,38,795,4.78,2026-02-07 19:50:00
KP015096,KW10508,2026-02-08,US,Mobile,3281,20.0,32,551,5.81,2026-02-08 17:15:00
KP015097,KW10297,2026-02-09,BR,Mobile,2491,2.0,64,278,23.02,2026-02-09 19:45:00
KP015098,KW10408,2026-02-10,UK,Mobile,3257,6.0,60,596,10.07,2026-02-10 12:55:00
KP015099,KW10650,2026-02-11,US,Mobile,1527,6.0,40,267,14.98,2026-02-11 14:36:00
KP015100,KW11473,2026-02-12,IN,Tablet,1113,11.0,12,150,8.0,2026-02-12 11:59:00
KP015101,KW11529,2026-02-13,FR,Mobile,7241,40.0,127,2279,5.57,2026-02-13 06:24:00
KP015102,KW10379,2026-02-14,UK,Mobile,1834,3.0,114,684,16.67,2026-02-14 04:19:00
KP015103,KW10487,2026-02-15,CA,Mobile,2083,49.0,15,319,4.7,2026-02-15 11:51:00
KP015104,KW11017,2026-02-16,US,Desktop,3739,26.0,53,1182,4.48,2026-02-16 15:46:00
KP015105,KW10504,2026-02-17,JP,Mobile,2412,47.0,62,1253,4.95,2026-02-17 03:16:00
KP015106,KW10792,2026-02-18,CA,Desktop,487,42.0,3,99,3.03,2026-02-18 15:47:00
KP015107,KW11835,2026-02-19,DE,Desktop,1323,1.0,241,690,34.93,2026-02-19 03:51:00
KP015108,KW10438,2026-02-20,UK,Mobile,11761,11.0,64,752,8.51,2026-02-20 18:59:00
KP015109,KW11229,2026-02-21,DE,Mobile,1077,1.0,176,503,34.99,2026-02-21 15:56:00
KP015110,KW10663,2026-02-22,BR,Mobile,721,48.0,6,174,3.45,2026-02-22 11:06:00
KP015111,KW11155,2026-02-23,CA,Mobile,1201,46.0,10,208,4.81,2026-02-23 22:25:00
KP015112,KW10975,2026-02-24,AU,Tablet,10271,49.0,145,4143,3.5,2026-02-24 02:25:00
KP015113,KW10142,2026-02-25,UK,Mobile,1080,27.0,22,425,5.18,2026-02-25 11:49:00
KP015114,KW10691,2026-02-26,MX,Mobile,2548,40.0,17,363,4.68,2026-02-26 22:23:00
KP015115,KW10447,2026-02-27,DE,Mobile,3052,46.0,12,275,4.36,2026-02-27 22:04:00
KP015116,KW11360,2026-02-28,BR,Mobile,1638,26.0,30,574,5.23,2026-02-28 09:10:00
KP015117,KW10486,2026-03-01,UK,Mobile,5849,26.0,49,721,6.8,2026-03-01 19:10:00
KP015118,KW10654,2026-03-02,UK,Desktop,1753,9.0,63,652,9.66,2026-03-02 14:00:00
KP015119,KW10325,2026-03-03,UK,Mobile,2001,2.0,222,746,29.76,2026-03-03 05:32:00
KP015120,KW10042,2026-03-04,BR,Mobile,3290,17.0,76,968,7.85,2026-03-04 07:33:00
KP015121,KW11408,2026-03-05,CA,Desktop,3569,43.0,64,1165,5.49,2026-03-05 07:41:00
KP015122,KW11066,2026-03-06,IN,Desktop,4261,18.0,48,728,6.59,2026-03-06 02:04:00
KP015123,KW10814,2026-03-07,DE,Mobile,5379,6.0,171,1478,11.57,2026-03-07 11:24:00
KP015124,KW10651,2026-03-08,FR,Mobile,1022,6.0,56,493,11.36,2026-03-08 16:17:00
KP015125,KW11483,2026-03-09,MX,Mobile,4879,9.0,135,1422,9.49,2026-03-09 12:00:00
KP015126,KW10636,2026-03-10,UK,Desktop,4746,34.0,97,1746,5.56,2026-03-10 16:29:00
KP015127,KW11856,2026-03-11,DE,Mobile,2713,14.0,96,1445,6.64,2026-03-11 18:13:00
KP015128,KW10109,2026-03-12,JP,Mobile,5675,47.0,93,2355,3.95,2026-03-12 20:55:00
KP015129,KW11547,2026-03-13,BR,Desktop,6818,34.0,126,2201,5.72,2026-03-13 05:24:00
KP015130,KW10420,2026-03-14,IN,Mobile,31477,36.0,211,4651,4.54,2026-03-14 15:20:00
KP015131,KW11958,2026-03-15,AU,Desktop,3541,45.0,30,877,3.42,2026-03-15 10:34:00
KP015132,KW10679,2026-03-16,DE,Desktop,2238,33.0,70,1136,6.16,2026-03-16 09:02:00
KP015133,KW10050,2026-03-17,US,Desktop,2631,9.0,60,739,8.12,2026-03-17 21:08:00
KP015134,KW10239,2026-03-18,AU,Desktop,2556,36.0,51,895,5.7,2026-03-18 00:35:00
KP015135,KW11676,2026-03-19,BR,Mobile,5003,20.0,14,252,5.56,2026-03-19 08:43:00
KP015136,KW10390,2026-03-20,DE,Desktop,2200,1.0,245,779,31.45,2026-03-20 12:26:00
KP015137,KW10857,2026-03-21,IN,Mobile,4202,45.0,73,1993,3.66,2026-03-21 15:11:00
KP015138,KW11804,2026-03-22,JP,Mobile,2673,25.0,20,309,6.47,2026-03-22 12:10:00
KP015139,KW11695,2026-03-23,UK,Desktop,5541,27.0,35,538,6.51,2026-03-23 20:15:00
KP015140,KW10609,2026-03-24,BR,Desktop,12939,31.0,134,2314,5.79,2026-03-24 17:25:00
KP015141,KW11911,2026-03-25,US,Desktop,5307,37.0,85,2313,3.67,2026-03-25 14:22:00
KP015142,KW10658,2026-03-26,BR,Mobile,1520,46.0,7,208,3.37,2026-03-26 23:27:00
KP015143,KW10566,2026-03-27,MX,Desktop,5871,47.0,21,670,3.13,2026-03-27 10:33:00
KP015144,KW10586,2026-03-28,US,Desktop,3998,7.0,230,1727,13.32,2026-03-28 03:23:00
KP015145,KW10492,2026-03-29,CA,Desktop,1928,14.0,64,716,8.94,2026-03-29 09:39:00
KP015146,KW11782,2026-03-30,AU,Mobile,5408,9.0,138,1508,9.15,2026-03-30 20:13:00
KP015147,KW10412,2026-03-31,UK,Mobile,1998,38.0,22,624,3.53,2026-03-31 04:46:00
KP015148,KW11937,2026-04-01,BR,Desktop,2633,23.0,55,1161,4.74,2026-04-01 11:58:00
KP015149,KW10246,2026-04-02,FR,Mobile,1157,13.0,48,454,10.57,2026-04-02 14:32:00
KP015150,KW11452,2026-04-03,UK,Mobile,2752,27.0,45,754,5.97,2026-04-03 02:16:00
KP015151,KW10477,2026-04-04,AU,Mobile,4496,14.0,47,523,8.99,2026-04-04 16:22:00
KP015152,KW10229,2026-04-05,JP,Desktop,3697,28.0,93,1608,5.78,2026-04-05 14:49:00
KP015153,KW11342,2026-04-06,DE,Mobile,2551,21.0,16,219,7.31,2026-04-06 22:12:00
KP015154,KW10371,2026-04-07,DE,Mobile,10549,35.0,182,3302,5.51,2026-04-07 16:23:00
KP015155,KW10589,2026-04-08,DE,Desktop,1423,5.0,50,314,15.92,2026-04-08 12:40:00
KP015156,KW10945,2026-04-09,US,Desktop,2309,16.0,18,286,6.29,2026-04-09 21:24:00
KP015157,KW10180,2026-04-10,US,Mobile,1955,5.0,136,770,17.66,2026-04-10 06:41:00
KP015158,KW10677,2026-04-11,CA,Mobile,281,5.0,22,134,16.42,2026-04-11 10:00:00
KP015159,KW10578,2026-04-12,UK,Mobile,7302,40.0,207,4012,5.16,2026-04-12 12:56:00
KP015160,KW10470,2026-04-13,UK,Desktop,2601,40.0,41,906,4.53,2026-04-13 06:49:00
KP015161,KW11444,2026-04-14,JP,Desktop,2137,47.0,46,1137,4.05,2026-04-14 09:18:00
KP015162,KW10986,2026-04-15,CA,Mobile,2801,36.0,57,1100,5.18,2026-04-15 07:52:00
KP015163,KW10539,2026-04-16,BR,Mobile,1110,46.0,7,214,3.27,2026-04-16 18:18:00
KP015164,KW10022,2026-04-17,CA,Mobile,4552,22.0,91,1347,6.76,2026-04-17 10:25:00
KP015165,KW10737,2026-04-18,IN,Desktop,5201,34.0,17,343,4.96,2026-04-18 03:31:00
KP015166,KW11278,2026-04-19,FR,Desktop,5239,24.0,84,1640,5.12,2026-04-19 16:33:00
KP015167,KW10172,2026-04-20,AU,Mobile,16023,33.0,452,7962,5.68,2026-04-20 22:19:00
KP015168,KW11774,2026-04-21,BR,Desktop,5154,45.0,54,1494,3.61,2026-04-21 20:42:00
KP015169,KW11650,2026-04-22,DE,Desktop,774,26.0,9,150,6.0,2026-04-22 04:17:00
KP015170,KW10340,2026-04-23,US,Mobile,558,37.0,12,279,4.3,2026-04-23 06:09:00
KP015171,KW10470,2026-04-24,JP,Mobile,2409,24.0,23,427,5.39,2026-04-24 17:30:00
KP015172,KW10844,2026-04-25,UK,Mobile,5359,33.0,68,1347,5.05,2026-04-25 12:21:00
KP015173,KW11957,2026-04-26,DE,Mobile,1080,14.0,44,558,7.89,2026-04-26 06:40:00
KP015174,KW10491,2026-04-27,IN,Desktop,1368,40.0,17,406,4.19,2026-04-27 11:01:00
KP015175,KW11664,2026-04-28,IN,Mobile,3613,8.0,154,1591,9.68,2026-04-28 22:40:00
KP015176,KW11776,2026-04-29,DE,Mobile,349,13.0,2,33,6.06,2026-04-29 22:51:00
KP015177,KW11211,2026-04-30,JP,Mobile,1372,36.0,5,136,3.68,2026-04-30 16:42:00
KP015178,KW10420,2026-05-01,AU,Desktop,1285,11.0,31,357,8.68,2026-05-01 14:27:00
KP015179,KW10242,2026-05-02,BR,Mobile,586,2.0,69,280,24.64,2026-05-02 16:07:00
KP015180,KW10540,2026-05-03,BR,Desktop,18493,5.0,490,3561,13.76,2026-05-03 03:07:00
KP015181,KW10211,2026-05-04,JP,Desktop,2757,26.0,33,758,4.35,2026-05-04 16:10:00
KP015182,KW11134,2026-05-05,FR,Mobile,10988,29.0,186,2920,6.37,2026-05-05 12:27:00
KP015183,KW11554,2026-05-06,UK,Desktop,1481,24.0,20,269,7.43,2026-05-06 00:39:00
KP015184,KW11365,2026-05-07,UK,Mobile,7069,34.0,152,2986,5.09,2026-05-07 18:30:00
KP015185,KW11995,2026-05-08,CA,Desktop,11426,42.0,49,1456,3.37,2026-05-08 05:52:00
KP015186,KW11808,2026-05-09,JP,Desktop,2884,16.0,65,867,7.5,2026-05-09 11:36:00
KP015187,KW11640,2026-05-10,US,Mobile,5133,4.0,194,1473,13.17,2026-05-10 01:32:00
KP015188,KW11203,2026-05-11,UK,Mobile,2096,48.0,14,312,4.49,2026-05-11 16:06:00
KP015189,KW11695,2026-05-12,JP,Mobile,8355,6.0,81,618,13.11,2026-05-12 00:57:00
KP015190,KW10207,2026-05-13,JP,Desktop,8026,2.0,406,1956,20.76,2026-05-13 04:49:00
KP015191,KW10735,2026-05-14,UK,Desktop,1424,30.0,31,727,4.26,2026-05-14 09:48:00
KP015192,KW11132,2026-05-15,BR,Desktop,2240,35.0,72,1190,6.05,2026-05-15 03:29:00
KP015193,KW11347,2026-05-16,FR,Desktop,12098,35.0,233,5543,4.2,2026-05-16 23:30:00
KP015194,KW10636,2026-05-17,CA,Desktop,6702,22.0,157,2024,7.76,2026-05-17 03:56:00
KP015195,KW11434,2026-05-18,DE,Mobile,17652,20.0,153,1922,7.96,2026-05-18 04:28:00
KP015196,KW10769,2026-05-19,CA,Desktop,2224,7.0,107,748,14.3,2026-05-19 17:37:00
KP015197,KW11258,2026-05-20,CA,Desktop,6820,17.0,67,1071,6.26,2026-05-20 23:18:00
KP015198,KW10492,2026-05-21,US,Desktop,9121,8.0,214,2282,9.38,2026-05-21 17:50:00
KP015199,KW11671,2026-05-22,IN,Mobile,10468,39.0,279,5374,5.19,2026-05-22 04:54:00
KP015200,KW11505,2026-05-23,DE,Mobile,1539,7.0,26,233,11.16,2026-05-23 16:00:00
KP015201,KW10774,2026-05-24,US,Mobile,3784,50.0,41,888,4.62,2026-05-24 01:43:00
KP015202,KW10813,2026-05-25,UK,Mobile,1055,10.0,6,72,8.33,2026-05-25 10:13:00
KP015203,KW11685,2026-05-26,CA,Mobile,3230,11.0,67,648,10.34,2026-05-26 21:01:00
KP015204,KW10745,2026-05-27,US,Desktop,2375,11.0,116,1273,9.11,2026-05-27 05:09:00
KP015205,KW10332,2026-05-28,US,Mobile,1722,32.0,17,274,6.2,2026-05-28 13:21:00
KP015206,KW10947,2026-05-29,JP,Mobile,1473,42.0,6,159,3.77,2026-05-29 09:42:00
KP015207,KW10880,2026-05-30,DE,Mobile,10571,29.0,246,5069,4.85,2026-05-30 15:45:00
KP015208,KW11749,2026-05-31,US,Desktop,2984,22.0,114,1620,7.04,2026-05-31 16:49:00
KP015454,KW11242,2026-02-01,DE,Desktop,3217,25.0,62,913,6.79,2026-02-01 03:35:00
KP015455,KW11572,2026-02-02,CA,Desktop,6409,49.0,92,2487,3.7,2026-02-02 20:30:00
KP015456,KW10990,2026-02-03,BR,Mobile,465,15.0,8,135,5.93,2026-02-03 06:40:00
KP015457,KW10215,2026-02-04,IN,Desktop,2892,38.0,22,445,4.94,2026-02-04 14:08:00
KP015458,KW11103,2026-02-05,UK,Mobile,2880,48.0,24,582,4.12,2026-02-05 21:16:00
KP015459,KW10123,2026-02-06,IN,Desktop,1342,24.0,20,330,6.06,2026-02-06 10:14:00
KP015460,KW11608,2026-02-07,AU,Desktop,14063,35.0,110,2057,5.35,2026-02-07 00:27:00
KP015461,KW11780,2026-02-08,FR,Tablet,15408,8.0,140,1187,11.79,2026-02-08 13:30:00
KP015462,KW10580,2026-02-09,IN,Tablet,1322,2.0,30,127,23.62,2026-02-09 15:55:00
KP015463,KW10243,2026-02-10,IN,Desktop,4668,39.0,41,754,5.44,2026-02-10 22:10:00
KP015464,KW11426,2026-02-11,FR,Mobile,1172,44.0,5,144,3.47,2026-02-11 19:27:00
KP015465,KW10906,2026-02-12,MX,Desktop,1598,1.0,29,92,31.52,2026-02-12 03:42:00
KP015466,KW10077,2026-02-13,IN,Mobile,1527,1.0,118,377,31.3,2026-02-13 10:30:00
KP015467,KW11600,2026-02-14,IN,Desktop,4317,24.0,46,877,5.25,2026-02-14 11:27:00
KP015468,KW11126,2026-02-15,UK,Tablet,785,27.0,10,189,5.29,2026-02-15 11:24:00
KP015469,KW10699,2026-02-16,IN,Desktop,11909,14.0,176,1923,9.15,2026-02-16 11:00:00
KP015470,KW10321,2026-02-17,US,Mobile,2966,23.0,75,986,7.61,2026-02-17 11:11:00
KP015471,KW11695,2026-02-18,DE,Desktop,2141,24.0,31,683,4.54,2026-02-18 17:57:00
KP015472,KW11951,2026-02-19,UK,Desktop,6920,9.0,407,3346,12.16,2026-02-19 05:57:00
KP015473,KW11232,2026-02-20,US,Desktop,1320,21.0,37,685,5.4,2026-02-20 06:38:00
KP015474,KW10516,2026-02-21,BR,Mobile,7336,43.0,112,2921,3.83,2026-02-21 07:01:00
KP015475,KW10744,2026-02-22,JP,Desktop,847,36.0,4,90,4.44,2026-02-22 16:05:00
KP015476,KW11486,2026-02-23,US,Mobile,5832,10.0,268,2254,11.89,2026-02-23 00:23:00
KP015477,KW11598,2026-02-24,FR,Desktop,11229,46.0,27,824,3.28,2026-02-24 15:50:00
KP015478,KW11568,2026-02-25,UK,Desktop,7086,10.0,55,459,11.98,2026-02-25 08:33:00
KP015479,KW10728,2026-02-26,IN,Desktop,4736,31.0,98,1731,5.66,2026-02-26 11:43:00
KP015480,KW11081,2026-02-27,DE,Desktop,3634,11.0,185,1698,10.9,2026-02-27 04:11:00
KP015481,KW10900,2026-02-28,AU,Desktop,2538,22.0,30,468,6.41,2026-02-28 23:33:00
KP015482,KW10678,2026-03-01,UK,Mobile,942,24.0,17,258,6.59,2026-03-01 02:40:00
KP015483,KW10641,2026-03-02,FR,Mobile,7367,48.0,38,844,4.5,2026-03-02 14:36:00
KP015484,KW11155,2026-03-03,AU,Mobile,3174,38.0,54,1374,3.93,2026-03-03 16:37:00
KP015485,KW10066,2026-03-04,US,Desktop,12135,50.0,207,5215,3.97,2026-03-04 12:17:00
KP015486,KW11351,2026-03-05,JP,Desktop,7345,31.0,163,3264,4.99,2026-03-05 10:14:00
KP015487,KW10139,2026-03-06,DE,Mobile,2459,27.0,13,201,6.47,2026-03-06 14:39:00
KP015488,KW11713,2026-03-07,CA,Desktop,3174,31.0,27,523,5.16,2026-03-07 12:46:00
KP015489,KW10051,2026-03-08,DE,Mobile,2937,30.0,49,830,5.9,2026-03-08 10:42:00
KP015490,KW10494,2026-03-09,MX,Desktop,754,46.0,13,409,3.18,2026-03-09 23:48:00
KP015491,KW10574,2026-03-10,US,Tablet,1023,25.0,19,441,4.31,2026-03-10 06:56:00
KP015492,KW11788,2026-03-11,CA,Mobile,3274,45.0,20,609,3.28,2026-03-11 12:53:00
KP015493,KW11761,2026-03-12,JP,Tablet,1634,47.0,22,540,4.07,2026-03-12 17:58:00
KP015494,KW10042,2026-03-13,JP,Mobile,1900,8.0,42,376,11.17,2026-03-13 12:41:00
KP015495,KW10056,2026-03-14,DE,Mobile,1133,29.0,12,281,4.27,2026-03-14 12:18:00
KP015496,KW10211,2026-03-15,US,Mobile,9289,32.0,50,894,5.59,2026-03-15 20:34:00
KP015497,KW10765,2026-03-16,MX,Desktop,3396,13.0,139,1340,10.37,2026-03-16 02:00:00
KP015498,KW10427,2026-03-17,IN,Mobile,1924,9.0,66,779,8.47,2026-03-17 16:10:00
KP015499,KW10090,2026-03-18,CA,Mobile,4607,4.0,203,1152,17.62,2026-03-18 14:40:00
KP015500,KW10898,2026-03-19,BR,Desktop,889,34.0,3,68,4.41,2026-03-19 08:38:00
KP015501,KW11526,2026-03-20,DE,Mobile,2042,36.0,10,238,4.2,2026-03-20 01:13:00
KP015502,KW10729,2026-03-21,JP,Desktop,1458,38.0,24,523,4.59,2026-03-21 06:37:00
KP015503,KW10578,2026-03-22,DE,Desktop,7811,45.0,74,2108,3.51,2026-03-22 07:33:00
KP015504,KW11065,2026-03-23,BR,Mobile,1607,38.0,22,393,5.6,2026-03-23 14:27:00
KP015505,KW10668,2026-03-24,JP,Mobile,3598,14.0,86,915,9.4,2026-03-24 16:43:00
KP015506,KW10221,2026-03-25,JP,Mobile,1929,26.0,14,281,4.98,2026-03-25 20:48:00
KP015507,KW11410,2026-03-26,IN,Desktop,4463,3.0,177,833,21.25,2026-03-26 10:01:00
KP015508,KW11389,2026-03-27,BR,Mobile,22969,30.0,478,7859,6.08,2026-03-27 17:39:00
KP015509,KW10782,2026-03-28,BR,Desktop,4776,26.0,59,848,6.96,2026-03-28 09:09:00
KP015510,KW10095,2026-03-29,AU,Desktop,3729,27.0,65,1047,6.21,2026-03-29 08:50:00
KP015511,KW10157,2026-03-30,AU,Mobile,2625,25.0,64,1363,4.7,2026-03-30 18:02:00
KP015512,KW11792,2026-03-31,IN,Desktop,11475,38.0,165,3116,5.3,2026-03-31 10:11:00
KP015513,KW10178,2026-04-01,AU,Mobile,1961,4.0,22,184,11.96,2026-04-01 07:56:00
KP015514,KW11956,2026-04-02,IN,Mobile,4649,18.0,79,1259,6.27,2026-04-02 12:04:00
KP015515,KW11786,2026-04-03,JP,Desktop,620,27.0,3,82,3.66,2026-04-03 23:36:00
KP015516,KW10916,2026-04-04,DE,Desktop,3991,30.0,61,1107,5.51,2026-04-04 11:10:00
KP015517,KW11874,2026-04-05,IN,Desktop,927,48.0,2,57,3.51,2026-04-05 02:42:00
KP015518,KW11700,2026-04-06,UK,Mobile,199,48.0,2,57,3.51,2026-04-06 05:57:00
KP015519,KW10165,2026-04-07,MX,Desktop,1655,29.0,3,89,3.37,2026-04-07 16:16:00
KP015520,KW10267,2026-04-08,IN,Mobile,8375,29.0,236,3982,5.93,2026-04-08 19:45:00
KP015521,KW10600,2026-04-09,FR,Mobile,1909,22.0,19,371,5.12,2026-04-09 15:40:00
KP015522,KW10128,2026-04-10,JP,Mobile,6884,34.0,142,3740,3.8,2026-04-10 07:55:00
KP015523,KW10635,2026-04-11,UK,Tablet,1903,14.0,12,199,6.03,2026-04-11 13:00:00
KP015524,KW11072,2026-04-12,JP,Desktop,4403,11.0,61,603,10.12,2026-04-12 07:36:00
KP015525,KW11048,2026-04-13,IN,Desktop,1609,24.0,44,770,5.71,2026-04-13 15:04:00
KP015526,KW10447,2026-04-14,IN,Mobile,1326,12.0,73,659,11.08,2026-04-14 11:03:00
KP015527,KW10835,2026-04-15,MX,Mobile,5448,8.0,135,1264,10.68,2026-04-15 15:48:00
KP015528,KW10291,2026-04-16,AU,Tablet,7662,49.0,22,637,3.45,2026-04-16 01:04:00
KP015529,KW10886,2026-04-17,AU,Desktop,1463,27.0,9,201,4.48,2026-04-17 02:08:00
KP015530,KW11100,2026-04-18,BR,Desktop,1379,16.0,34,593,5.73,2026-04-18 23:16:00
KP015531,KW10045,2026-04-19,JP,Desktop,3729,46.0,40,1113,3.59,2026-04-19 22:03:00
KP015532,KW10857,2026-04-20,JP,Mobile,1866,32.0,37,583,6.35,2026-04-20 20:02:00
KP015533,KW11830,2026-04-21,FR,Tablet,579,20.0,17,260,6.54,2026-04-21 21:11:00
KP015534,KW11399,2026-04-22,CA,Desktop,2445,23.0,55,999,5.51,2026-04-22 02:03:00
KP015535,KW10794,2026-04-23,DE,Mobile,2785,36.0,14,289,4.84,2026-04-23 10:48:00
KP015536,KW10798,2026-04-24,JP,Mobile,4345,39.0,70,1969,3.56,2026-04-24 23:35:00
KP015537,KW11463,2026-04-25,MX,Tablet,2876,6.0,152,1379,11.02,2026-04-25 08:51:00
KP015538,KW10815,2026-04-26,AU,Desktop,1207,15.0,41,512,8.01,2026-04-26 02:18:00
KP015539,KW10380,2026-04-27,BR,Mobile,5788,16.0,78,1136,6.87,2026-04-27 11:34:00
KP015540,KW10682,2026-04-28,BR,Mobile,8799,25.0,302,4422,6.83,2026-04-28 10:12:00
KP015541,KW10329,2026-04-29,DE,Desktop,3881,40.0,24,512,4.69,2026-04-29 23:48:00
KP015542,KW10444,2026-04-30,CA,Mobile,3842,6.0,261,2042,12.78,2026-04-30 18:47:00
KP015543,KW11932,2026-05-01,JP,Mobile,6553,27.0,76,1271,5.98,2026-05-01 11:19:00
KP015544,KW10061,2026-05-02,FR,Mobile,6424,38.0,89,1663,5.35,2026-05-02 10:21:00
KP015545,KW10110,2026-05-03,FR,Mobile,5106,48.0,101,2013,5.02,2026-05-03 14:26:00
KP015546,KW10630,2026-05-04,CA,Mobile,6723,14.0,72,1028,7.0,2026-05-04 03:56:00
KP015547,KW11968,2026-05-05,DE,Tablet,837,12.0,32,389,8.23,2026-05-05 17:21:00
KP015548,KW10330,2026-05-06,BR,Desktop,6981,50.0,63,1953,3.23,2026-05-06 19:39:00
KP015549,KW10424,2026-05-07,BR,Desktop,2674,29.0,21,340,6.18,2026-05-07 06:43:00
KP015550,KW10473,2026-05-08,AU,Desktop,2990,4.0,55,439,12.53,2026-05-08 08:57:00
KP015551,KW10022,2026-05-09,BR,Desktop,1401,16.0,34,485,7.01,2026-05-09 19:36:00
KP015552,KW10288,2026-05-10,CA,Mobile,632,48.0,10,275,3.64,2026-05-10 05:55:00
KP015553,KW11443,2026-05-11,UK,Mobile,14023,45.0,177,5335,3.32,2026-05-11 23:18:00
KP015554,KW10811,2026-05-12,AU,Desktop,42931,6.0,2799,18382,15.23,2026-05-12 09:39:00
KP015555,KW11247,2026-05-13,IN,Mobile,3048,10.0,121,1549,7.81,2026-05-13 00:00:00
KP015556,KW11014,2026-05-14,UK,Desktop,2263,5.0,118,928,12.72,2026-05-14 00:47:00
KP015557,KW11007,2026-05-15,AU,Mobile,17320,22.0,715,9475,7.55,2026-05-15 06:02:00
KP015558,KW11260,2026-05-16,CA,Mobile,1069,19.0,21,272,7.72,2026-05-16 02:07:00
KP015559,KW11461,2026-05-17,BR,Mobile,10790,1.0,523,1496,34.96,2026-05-17 14:01:00
KP015560,KW11673,2026-05-18,IN,Mobile,5795,18.0,43,512,8.4,2026-05-18 02:11:00
KP015561,KW10253,2026-05-19,IN,Mobile,13188,46.0,57,1574,3.62,2026-05-19 23:02:00
KP015562,KW10722,2026-05-20,BR,Desktop,11206,31.0,276,4218,6.54,2026-05-20 15:59:00
KP015563,KW11780,2026-05-21,IN,Desktop,8882,29.0,168,2766,6.07,2026-05-21 09:35:00
KP015564,KW10583,2026-05-22,CA,Mobile,18798,43.0,268,6066,4.42,2026-05-22 07:50:00
KP015565,KW10104,2026-05-23,BR,Desktop,5987,14.0,33,470,7.02,2026-05-23 07:30:00
KP015566,KW10742,2026-05-24,BR,Mobile,2992,8.0,101,946,10.68,2026-05-24 04:31:00
KP015567,KW11453,2026-05-25,FR,Mobile,3178,41.0,60,1388,4.32,2026-05-25 00:14:00
KP015568,KW11600,2026-05-26,BR,Desktop,1181,14.0,21,285,7.37,2026-05-26 02:48:00
KP015569,KW11767,2026-05-27,UK,Mobile,2528,18.0,25,342,7.31,2026-05-27 19:55:00
KP015570,KW10853,2026-05-28,UK,Desktop,4549,20.0,119,2023,5.88,2026-05-28 03:25:00
KP015571,KW10033,2026-05-29,BR,Mobile,2225,36.0,17,372,4.57,2026-05-29 02:08:00
KP015572,KW11146,2026-05-30,AU,Mobile,2287,16.0,53,671,7.9,2026-05-30 06:05:00
KP015573,KW11465,2026-05-31,UK,Desktop,1002,46.0,15,393,3.82,2026-05-31 18:09:00
KP015819,KW10872,2026-02-01,FR,Desktop,751,14.0,26,267,9.74,2026-02-01 08:26:00
KP015820,KW11049,2026-02-02,IN,Mobile,1578,12.0,13,164,7.93,2026-02-02 02:33:00
KP015821,KW10608,2026-02-03,UK,Tablet,2340,21.0,28,565,4.96,2026-02-03 13:44:00
KP015822,KW10322,2026-02-04,DE,Desktop,2764,2.0,41,157,26.11,2026-02-04 23:38:00
KP015823,KW11663,2026-02-05,US,Desktop,532,29.0,6,115,5.22,2026-02-05 17:32:00
KP015824,KW11105,2026-02-06,MX,Desktop,7416,28.0,209,3978,5.25,2026-02-06 21:40:00
KP015825,KW10080,2026-02-07,US,Desktop,993,7.0,67,498,13.45,2026-02-07 20:29:00
KP015826,KW10444,2026-02-08,CA,Mobile,2141,12.0,77,707,10.89,2026-02-08 20:57:00
KP015827,KW11371,2026-02-09,AU,Mobile,8202,25.0,125,2743,4.56,2026-02-09 17:27:00
KP015828,KW11279,2026-02-10,MX,Desktop,5569,32.0,131,2094,6.26,2026-02-10 17:41:00
KP015829,KW11807,2026-02-11,AU,Mobile,5020,49.0,99,2625,3.77,2026-02-11 12:42:00
KP015830,KW11018,2026-02-12,UK,Desktop,94415,12.0,1624,21521,7.55,2026-02-12 08:39:00
KP015831,KW11466,2026-02-13,MX,Mobile,2651,18.0,48,566,8.48,2026-02-13 23:45:00
KP015832,KW10432,2026-02-14,UK,Desktop,17769,16.0,590,7753,7.61,2026-02-14 15:44:00
KP015833,KW10291,2026-02-15,UK,Mobile,1964,2.0,270,945,28.57,2026-02-15 20:44:00
KP015834,KW10259,2026-02-16,IN,Tablet,2013,1.0,381,1090,34.95,2026-02-16 13:22:00
KP015835,KW10158,2026-02-17,FR,Desktop,2428,26.0,20,348,5.75,2026-02-17 16:37:00
KP015836,KW10884,2026-02-18,JP,Mobile,10810,22.0,107,1746,6.13,2026-02-18 20:28:00
KP015837,KW11678,2026-02-19,AU,Mobile,2652,2.0,151,716,21.09,2026-02-19 05:36:00
KP015838,KW11364,2026-02-20,IN,Mobile,3043,38.0,8,197,4.06,2026-02-20 10:07:00
KP015839,KW11297,2026-02-21,IN,Desktop,1326,4.0,57,352,16.19,2026-02-21 08:57:00
KP015840,KW10242,2026-02-22,MX,Desktop,2598,43.0,50,1334,3.75,2026-02-22 14:42:00
KP015841,KW10006,2026-02-23,US,Desktop,3446,21.0,48,723,6.64,2026-02-23 17:30:00
KP015842,KW11958,2026-02-24,FR,Mobile,4276,10.0,185,2159,8.57,2026-02-24 22:46:00
KP015843,KW11627,2026-02-25,BR,Mobile,2665,44.0,4,146,2.74,2026-02-25 02:09:00
KP015844,KW10436,2026-02-26,AU,Desktop,5412,15.0,40,473,8.46,2026-02-26 16:35:00
KP015845,KW11920,2026-02-27,MX,Desktop,2706,27.0,57,891,6.4,2026-02-27 03:42:00
KP015846,KW11149,2026-02-28,US,Tablet,1221,14.0,18,223,8.07,2026-02-28 15:47:00
KP015847,KW10717,2026-03-01,CA,Mobile,1169,16.0,35,623,5.62,2026-03-01 05:04:00
KP015848,KW10672,2026-03-02,BR,Desktop,318,5.0,11,69,15.94,2026-03-02 10:01:00
KP015849,KW10316,2026-03-03,DE,Mobile,3177,46.0,66,1479,4.46,2026-03-03 20:33:00
KP015850,KW11465,2026-03-04,CA,Mobile,14948,43.0,313,6251,5.01,2026-03-04 23:05:00
KP015851,KW10676,2026-03-05,JP,Mobile,1436,47.0,18,420,4.29,2026-03-05 07:37:00
KP015852,KW11383,2026-03-06,JP,Mobile,4875,43.0,110,2478,4.44,2026-03-06 00:15:00
KP015853,KW10739,2026-03-07,MX,Mobile,843,38.0,4,111,3.6,2026-03-07 17:06:00
KP015854,KW11545,2026-03-08,UK,Mobile,37189,8.0,574,5720,10.03,2026-03-08 12:53:00
KP015855,KW11071,2026-03-09,MX,Desktop,2072,43.0,10,228,4.39,2026-03-09 18:43:00
KP015856,KW11826,2026-03-10,US,Mobile,4585,27.0,33,516,6.4,2026-03-10 10:32:00
KP015857,KW10734,2026-03-11,MX,Tablet,396,36.0,2,49,4.08,2026-03-11 10:07:00
KP015858,KW11514,2026-03-12,UK,Desktop,2803,13.0,19,218,8.72,2026-03-12 01:30:00
KP015859,KW11264,2026-03-13,US,Mobile,2429,49.0,45,949,4.74,2026-03-13 10:09:00
KP015860,KW11852,2026-03-14,JP,Desktop,3912,22.0,102,1919,5.32,2026-03-14 21:41:00
KP015861,KW10189,2026-03-15,DE,Mobile,7502,8.0,369,2736,13.49,2026-03-15 21:22:00
KP015862,KW10418,2026-03-16,BR,Mobile,965,18.0,7,128,5.47,2026-03-16 15:46:00
KP015863,KW11774,2026-03-17,DE,Mobile,8481,21.0,202,2925,6.91,2026-03-17 17:52:00
KP015864,KW11555,2026-03-18,JP,Mobile,665,31.0,6,161,3.73,2026-03-18 11:52:00
KP015865,KW10140,2026-03-19,IN,Mobile,1583,30.0,41,718,5.71,2026-03-19 20:41:00
KP015866,KW11660,2026-03-20,FR,Mobile,4511,39.0,97,2156,4.5,2026-03-20 09:08:00
KP015867,KW11839,2026-03-21,IN,Desktop,4690,9.0,150,1476,10.16,2026-03-21 13:00:00
KP015868,KW11200,2026-03-22,UK,Desktop,312,2.0,7,28,25.0,2026-03-22 14:11:00
KP015869,KW10732,2026-03-23,MX,Mobile,5043,30.0,11,282,3.9,2026-03-23 20:27:00
KP015870,KW11216,2026-03-24,UK,Desktop,1770,31.0,51,960,5.31,2026-03-24 22:30:00
KP015871,KW10053,2026-03-25,DE,Desktop,853,1.0,112,320,35.0,2026-03-25 23:06:00
KP015872,KW11687,2026-03-26,BR,Mobile,1440,48.0,24,480,5.0,2026-03-26 17:40:00
KP015873,KW10207,2026-03-27,FR,Desktop,5083,8.0,176,1769,9.95,2026-03-27 08:49:00
KP015874,KW11918,2026-03-28,MX,Mobile,1861,6.0,111,764,14.53,2026-03-28 20:01:00
KP015875,KW10719,2026-03-29,FR,Mobile,11218,31.0,279,5249,5.32,2026-03-29 14:22:00
KP015876,KW10959,2026-03-30,BR,Desktop,1987,49.0,45,1085,4.15,2026-03-30 22:37:00
KP015877,KW11673,2026-03-31,BR,Mobile,2882,36.0,19,325,5.85,2026-03-31 09:29:00
KP015878,KW10189,2026-04-01,AU,Mobile,1361,6.0,19,183,10.38,2026-04-01 19:48:00
KP015879,KW10523,2026-04-02,JP,Desktop,3459,45.0,40,1010,3.96,2026-04-02 04:33:00
KP015880,KW11206,2026-04-03,DE,Desktop,440,30.0,13,217,5.99,2026-04-03 09:46:00
KP015881,KW11539,2026-04-04,IN,Desktop,553,33.0,8,210,3.81,2026-04-04 19:11:00
KP015882,KW11960,2026-04-05,JP,Mobile,1756,22.0,18,352,5.11,2026-04-05 00:46:00
KP015883,KW11526,2026-04-06,IN,Desktop,3647,43.0,7,182,3.85,2026-04-06 00:54:00
KP015884,KW10283,2026-04-07,IN,Mobile,1937,35.0,16,448,3.57,2026-04-07 12:41:00
KP015885,KW10212,2026-04-08,IN,Mobile,7322,2.0,927,3224,28.75,2026-04-08 15:55:00
KP015886,KW10406,2026-04-09,BR,Mobile,5530,26.0,73,1341,5.44,2026-04-09 20:06:00
KP015887,KW11598,2026-04-10,CA,Mobile,5948,15.0,131,1739,7.53,2026-04-10 16:33:00
KP015888,KW10841,2026-04-11,UK,Desktop,9372,25.0,241,3716,6.49,2026-04-11 18:29:00
KP015889,KW11875,2026-04-12,JP,Desktop,2588,50.0,30,654,4.59,2026-04-12 13:50:00
KP015890,KW11971,2026-04-13,IN,Desktop,6809,39.0,169,3593,4.7,2026-04-13 10:31:00
KP015891,KW10522,2026-04-14,JP,Mobile,825,36.0,13,342,3.8,2026-04-14 08:21:00
KP015892,KW11233,2026-04-15,US,Mobile,13452,15.0,216,3074,7.03,2026-04-15 10:12:00
KP015893,KW11477,2026-04-16,FR,Mobile,1874,23.0,56,746,7.51,2026-04-16 09:24:00
KP015894,KW10353,2026-04-17,US,Desktop,1554,22.0,14,181,7.73,2026-04-17 16:48:00
KP015895,KW11223,2026-04-18,MX,Mobile,2547,40.0,36,775,4.65,2026-04-18 20:41:00
KP015896,KW11967,2026-04-19,IN,Tablet,2221,37.0,57,1070,5.33,2026-04-19 12:19:00
KP015897,KW11196,2026-04-20,IN,Tablet,2273,17.0,52,586,8.87,2026-04-20 07:31:00
KP015898,KW11115,2026-04-21,UK,Desktop,3776,4.0,312,1600,19.5,2026-04-21 09:10:00
KP015899,KW11511,2026-04-22,IN,Mobile,2979,1.0,98,282,34.75,2026-04-22 09:08:00
KP015900,KW10300,2026-04-23,AU,Desktop,508,42.0,10,238,4.2,2026-04-23 09:29:00
KP015901,KW10720,2026-04-24,AU,Mobile,4749,24.0,43,708,6.07,2026-04-24 09:05:00
KP015902,KW11079,2026-04-25,MX,Desktop,4075,4.0,225,1238,18.17,2026-04-25 03:28:00
KP015903,KW10149,2026-04-26,AU,Mobile,10382,36.0,141,2670,5.28,2026-04-26 17:11:00
KP015904,KW10279,2026-04-27,DE,Desktop,1820,13.0,50,647,7.73,2026-04-27 08:31:00
KP015905,KW10913,2026-04-28,JP,Mobile,4002,19.0,125,1550,8.06,2026-04-28 03:01:00
KP015906,KW10017,2026-04-29,BR,Desktop,3396,34.0,13,252,5.16,2026-04-29 15:27:00
KP015907,KW11911,2026-04-30,DE,Desktop,2529,50.0,22,592,3.72,2026-04-30 06:56:00
KP015908,KW11916,2026-05-01,JP,Desktop,5783,11.0,218,2714,8.03,2026-05-01 19:23:00
KP015909,KW11982,2026-05-02,FR,Desktop,4005,15.0,25,387,6.46,2026-05-02 21:46:00
KP015910,KW10981,2026-05-03,DE,Mobile,8868,1.0,961,2748,34.97,2026-05-03 21:37:00
KP015911,KW10168,2026-05-04,US,Desktop,7418,24.0,272,3952,6.88,2026-05-04 02:46:00
KP015912,KW11880,2026-05-05,DE,Mobile,2690,18.0,51,890,5.73,2026-05-05 11:19:00
KP015913,KW11719,2026-05-06,JP,Mobile,1448,2.0,53,271,19.56,2026-05-06 00:40:00
KP015914,KW10492,2026-05-07,BR,Desktop,4598,4.0,86,442,19.46,2026-05-07 02:47:00
KP015915,KW11046,2026-05-08,FR,Mobile,6470,19.0,209,2632,7.94,2026-05-08 17:24:00
KP015916,KW11741,2026-05-09,DE,Desktop,6222,4.0,45,317,14.2,2026-05-09 18:29:00
KP015917,KW11384,2026-05-10,DE,Desktop,3440,47.0,12,277,4.33,2026-05-10 06:00:00
KP015918,KW10776,2026-05-11,IN,Desktop,4285,27.0,144,2114,6.81,2026-05-11 03:51:00
KP015919,KW11198,2026-05-12,UK,Desktop,1212,42.0,18,341,5.28,2026-05-12 07:40:00
KP015920,KW10543,2026-05-13,FR,Mobile,20040,28.0,576,10521,5.47,2026-05-13 20:15:00
KP015921,KW11166,2026-05-14,MX,Mobile,3462,2.0,248,1000,24.8,2026-05-14 14:36:00
KP015922,KW10483,2026-05-15,CA,Mobile,2981,4.0,122,854,14.29,2026-05-15 08:38:00
KP015923,KW11014,2026-05-16,CA,Tablet,2535,11.0,70,994,7.04,2026-05-16 18:31:00
KP015924,KW10056,2026-05-17,IN,Mobile,6845,27.0,47,977,4.81,2026-05-17 10:53:00
KP015925,KW11340,2026-05-18,FR,Mobile,7447,47.0,133,2653,5.01,2026-05-18 23:12:00
KP015926,KW11505,2026-05-19,CA,Mobile,2162,36.0,63,1060,5.94,2026-05-19 08:40:00
KP015927,KW11191,2026-05-20,MX,Mobile,1019,49.0,15,499,3.01,2026-05-20 20:39:00
KP015928,KW10838,2026-05-21,CA,Mobile,676,44.0,1,47,2.13,2026-05-21 13:47:00
KP015929,KW10219,2026-05-22,IN,Desktop,11560,13.0,160,1744,9.17,2026-05-22 01:00:00
KP015930,KW10188,2026-05-23,US,Mobile,3306,10.0,151,1523,9.91,2026-05-23 20:26:00
KP015931,KW11758,2026-05-24,US,Mobile,1161,50.0,18,452,3.98,2026-05-24 14:17:00
KP015932,KW10086,2026-05-25,US,Mobile,5319,23.0,159,2769,5.74,2026-05-25 10:06:00
KP015933,KW10689,2026-05-26,IN,Desktop,22413,16.0,632,8794,7.19,2026-05-26 16:10:00
KP015934,KW10049,2026-05-27,CA,Desktop,3964,4.0,200,1175,17.02,2026-05-27 12:24:00
KP015935,KW10078,2026-05-28,FR,Desktop,2686,43.0,27,564,4.79,2026-05-28 12:03:00
KP015936,KW11133,2026-05-29,AU,Tablet,1269,45.0,4,114,3.51,2026-05-29 14:41:00
KP015937,KW10798,2026-05-30,US,Mobile,1698,48.0,7,217,3.23,2026-05-30 01:04:00
KP015938,KW10909,2026-05-31,JP,Desktop,2068,16.0,45,654,6.88,2026-05-31 17:13:00
KP016184,KW10821,2026-02-01,US,Mobile,1131,23.0,14,259,5.41,2026-02-01 02:14:00
KP016185,KW11100,2026-02-02,CA,Desktop,2371,32.0,23,458,5.02,2026-02-02 01:11:00
KP016186,KW11092,2026-02-03,CA,Mobile,11573,47.0,26,724,3.59,2026-02-03 11:31:00
KP016187,KW10276,2026-02-04,DE,Desktop,618,2.0,54,213,25.35,2026-02-04 13:16:00
KP016188,KW11680,2026-02-05,FR,Mobile,2059,31.0,15,347,4.32,2026-02-05 20:41:00
KP016189,KW11313,2026-02-06,FR,Mobile,1885,27.0,6,152,3.95,2026-02-06 10:22:00
KP016190,KW11792,2026-02-07,BR,Desktop,2634,47.0,12,321,3.74,2026-02-07 07:11:00
KP016191,KW11887,2026-02-08,CA,Mobile,2383,28.0,77,1260,6.11,2026-02-08 03:17:00
KP016192,KW10879,2026-02-09,FR,Mobile,1509,30.0,28,452,6.19,2026-02-09 23:59:00
KP016193,KW10524,2026-02-10,AU,Mobile,778,41.0,7,206,3.4,2026-02-10 14:56:00
KP016194,KW11064,2026-02-11,BR,Desktop,2636,18.0,23,326,7.06,2026-02-11 14:13:00
KP016195,KW11031,2026-02-12,US,Mobile,568,22.0,3,69,4.35,2026-02-12 07:13:00
KP016196,KW11788,2026-02-13,CA,Desktop,9980,3.0,611,4010,15.24,2026-02-13 08:50:00
KP016197,KW11453,2026-02-14,MX,Mobile,1914,12.0,24,228,10.53,2026-02-14 09:45:00
KP016198,KW11303,2026-02-15,US,Tablet,10304,47.0,24,676,3.55,2026-02-15 05:17:00
KP016199,KW11383,2026-02-16,US,Desktop,868,49.0,9,274,3.28,2026-02-16 00:53:00
KP016200,KW11067,2026-02-17,DE,Mobile,4408,16.0,38,466,8.15,2026-02-17 14:30:00
KP016201,KW10831,2026-02-18,JP,Mobile,1037,32.0,11,191,5.76,2026-02-18 19:25:00
KP016202,KW10811,2026-02-19,IN,Mobile,1633,28.0,15,269,5.58,2026-02-19 08:32:00
KP016203,KW11734,2026-02-20,US,Desktop,9269,31.0,79,1373,5.75,2026-02-20 07:25:00
KP016204,KW11434,2026-02-21,UK,Desktop,4992,39.0,129,2420,5.33,2026-02-21 16:04:00
KP016205,KW11289,2026-02-22,IN,Desktop,1512,45.0,4,151,2.65,2026-02-22 03:17:00
KP016206,KW10510,2026-02-23,US,Mobile,2993,46.0,61,1441,4.23,2026-02-23 02:19:00
KP016207,KW10461,2026-02-24,US,Mobile,5166,23.0,129,2499,5.16,2026-02-24 12:56:00
KP016208,KW10167,2026-02-25,FR,Desktop,2803,9.0,116,1381,8.4,2026-02-25 04:38:00
KP016209,KW11621,2026-02-26,MX,Desktop,3568,6.0,30,241,12.45,2026-02-26 16:03:00
KP016210,KW11558,2026-02-27,JP,Mobile,2322,12.0,70,652,10.74,2026-02-27 01:16:00
KP016211,KW11253,2026-02-28,AU,Desktop,2109,33.0,70,1158,6.04,2026-02-28 12:41:00
KP016212,KW11711,2026-03-01,DE,Mobile,1179,48.0,23,633,3.63,2026-03-01 23:08:00
KP016213,KW11659,2026-03-02,IN,Mobile,1747,3.0,155,693,22.37,2026-03-02 13:29:00
KP016214,KW11641,2026-03-03,FR,Desktop,12146,17.0,397,4501,8.82,2026-03-03 02:53:00
KP016215,KW11655,2026-03-04,MX,Mobile,6125,39.0,106,2599,4.08,2026-03-04 22:42:00
KP016216,KW10687,2026-03-05,UK,Mobile,3485,9.0,204,1844,11.06,2026-03-05 03:39:00
KP016217,KW10678,2026-03-06,MX,Desktop,1330,46.0,19,545,3.49,2026-03-06 11:01:00
KP016218,KW11563,2026-03-07,MX,Desktop,12264,13.0,159,1727,9.21,2026-03-07 08:54:00
KP016219,KW10389,2026-03-08,AU,Desktop,1838,18.0,50,583,8.58,2026-03-08 02:26:00
KP016220,KW11221,2026-03-09,CA,Desktop,1538,41.0,3,87,3.45,2026-03-09 05:44:00
KP016221,KW10526,2026-03-10,UK,Desktop,15513,31.0,81,1623,4.99,2026-03-10 10:00:00
KP016222,KW11188,2026-03-11,AU,Desktop,637,14.0,2,39,5.13,2026-03-11 16:19:00
KP016223,KW11439,2026-03-12,DE,Tablet,2521,12.0,48,503,9.54,2026-03-12 07:25:00
KP016224,KW11892,2026-03-13,US,Desktop,2051,45.0,27,767,3.52,2026-03-13 23:48:00
KP016225,KW11529,2026-03-14,DE,Mobile,2119,7.0,87,925,9.41,2026-03-14 22:20:00
KP016226,KW11800,2026-03-15,DE,Desktop,2585,47.0,4,129,3.1,2026-03-15 07:13:00
KP016227,KW10421,2026-03-16,UK,Mobile,6003,30.0,143,2659,5.38,2026-03-16 11:11:00
KP016228,KW10155,2026-03-17,AU,Mobile,6785,3.0,163,821,19.85,2026-03-17 14:27:00
KP016229,KW10595,2026-03-18,UK,Desktop,2168,22.0,41,838,4.89,2026-03-18 11:01:00
KP016230,KW11471,2026-03-19,UK,Mobile,3430,34.0,50,1282,3.9,2026-03-19 15:09:00
KP016231,KW11920,2026-03-20,DE,Desktop,5416,31.0,50,1015,4.93,2026-03-20 04:00:00
KP016232,KW11038,2026-03-21,JP,Desktop,4250,47.0,83,2286,3.63,2026-03-21 12:31:00
KP016233,KW10384,2026-03-22,UK,Desktop,1126,45.0,26,543,4.79,2026-03-22 02:06:00
KP016234,KW10294,2026-03-23,BR,Desktop,1825,28.0,56,893,6.27,2026-03-23 19:39:00
KP016235,KW11942,2026-03-24,FR,Desktop,2943,42.0,35,718,4.87,2026-03-24 00:51:00
KP016236,KW11819,2026-03-25,JP,Mobile,1385,16.0,55,742,7.41,2026-03-25 22:59:00
KP016237,KW11614,2026-03-26,US,Desktop,2894,35.0,24,601,3.99,2026-03-26 21:00:00
KP016238,KW10211,2026-03-27,UK,Tablet,2470,39.0,41,832,4.93,2026-03-27 17:45:00
KP016239,KW11669,2026-03-28,CA,Mobile,4798,13.0,232,2590,8.96,2026-03-28 15:19:00
KP016240,KW11562,2026-03-29,BR,Desktop,10426,25.0,312,4894,6.38,2026-03-29 23:11:00
KP016241,KW11215,2026-03-30,IN,Mobile,15111,21.0,473,8265,5.72,2026-03-30 08:36:00
KP016242,KW10005,2026-03-31,DE,Desktop,8814,22.0,306,3850,7.95,2026-03-31 10:49:00
KP016243,KW10358,2026-04-01,FR,Mobile,3350,40.0,94,1788,5.26,2026-04-01 13:51:00
KP016244,KW10872,2026-04-02,IN,Mobile,790,9.0,40,347,11.53,2026-04-02 16:26:00
KP016245,KW10275,2026-04-03,BR,Mobile,2749,16.0,100,1420,7.04,2026-04-03 03:06:00
KP016246,KW10738,2026-04-04,BR,Mobile,2360,46.0,28,883,3.17,2026-04-04 20:03:00
KP016247,KW11716,2026-04-05,IN,Mobile,3665,30.0,97,1789,5.42,2026-04-05 00:33:00
KP016248,KW10107,2026-04-06,JP,Mobile,3561,30.0,38,604,6.29,2026-04-06 14:09:00
KP016249,KW11718,2026-04-07,AU,Mobile,1608,7.0,44,337,13.06,2026-04-07 12:51:00
KP016250,KW10312,2026-04-08,DE,Mobile,12924,44.0,96,2199,4.37,2026-04-08 06:45:00
KP016251,KW10349,2026-04-09,AU,Desktop,8002,33.0,118,2051,5.75,2026-04-09 03:31:00
KP016252,KW11364,2026-04-10,FR,Desktop,1040,34.0,5,141,3.55,2026-04-10 14:00:00
KP016253,KW10094,2026-04-11,US,Desktop,2767,13.0,86,1275,6.75,2026-04-11 10:24:00
KP016254,KW11321,2026-04-12,CA,Mobile,4699,12.0,127,1265,10.04,2026-04-12 03:59:00
KP016255,KW11265,2026-04-13,FR,Desktop,7817,37.0,123,3137,3.92,2026-04-13 04:12:00
KP016256,KW11680,2026-04-14,BR,Mobile,12469,40.0,149,3132,4.76,2026-04-14 23:49:00
KP016257,KW11238,2026-04-15,BR,Desktop,1059,3.0,31,142,21.83,2026-04-15 21:46:00
KP016258,KW11995,2026-04-16,DE,Desktop,1317,29.0,8,148,5.41,2026-04-16 03:46:00
KP016259,KW10431,2026-04-17,DE,Mobile,2183,15.0,98,1143,8.57,2026-04-17 10:13:00
KP016260,KW11827,2026-04-18,FR,Desktop,2365,21.0,18,274,6.57,2026-04-18 14:55:00
KP016261,KW10599,2026-04-19,MX,Mobile,3727,43.0,68,1321,5.15,2026-04-19 03:45:00
KP016262,KW11071,2026-04-20,FR,Desktop,3806,9.0,196,1510,12.98,2026-04-20 19:26:00
KP016263,KW11246,2026-04-21,AU,Desktop,365,36.0,7,130,5.38,2026-04-21 22:16:00
KP016264,KW10222,2026-04-22,FR,Desktop,337,27.0,5,104,4.81,2026-04-22 12:27:00
KP016265,KW11463,2026-04-23,DE,Mobile,2854,8.0,17,189,8.99,2026-04-23 23:53:00
KP016266,KW10406,2026-04-24,UK,Desktop,5645,10.0,195,2412,8.08,2026-04-24 22:11:00
KP016267,KW11944,2026-04-25,DE,Mobile,796,35.0,12,262,4.58,2026-04-25 11:45:00
KP016268,KW11431,2026-04-26,CA,Mobile,15099,17.0,466,7080,6.58,2026-04-26 23:06:00
KP016269,KW11881,2026-04-27,MX,Mobile,7908,46.0,74,2005,3.69,2026-04-27 11:30:00
KP016270,KW11086,2026-04-28,UK,Mobile,4851,18.0,94,1664,5.65,2026-04-28 03:34:00
KP016271,KW11439,2026-04-29,CA,Desktop,3536,24.0,36,745,4.83,2026-04-29 15:33:00
KP016272,KW11125,2026-04-30,CA,Mobile,2607,5.0,81,468,17.31,2026-04-30 11:40:00
KP016273,KW10480,2026-05-01,UK,Desktop,5155,49.0,69,1401,4.93,2026-05-01 03:38:00
KP016274,KW10129,2026-05-02,DE,Mobile,1301,42.0,13,314,4.14,2026-05-02 15:20:00
KP016275,KW10164,2026-05-03,MX,Desktop,1728,40.0,27,762,3.54,2026-05-03 06:33:00
KP016276,KW11765,2026-05-04,FR,Mobile,8986,2.0,1447,4907,29.49,2026-05-04 15:30:00
KP016277,KW11141,2026-05-05,BR,Desktop,1329,2.0,97,473,20.51,2026-05-05 23:31:00
KP016278,KW10224,2026-05-06,MX,Tablet,2417,7.0,14,140,10.0,2026-05-06 02:37:00
KP016279,KW11998,2026-05-07,CA,Desktop,2413,8.0,32,283,11.31,2026-05-07 14:11:00
KP016280,KW10780,2026-05-08,AU,Mobile,6357,33.0,197,3435,5.74,2026-05-08 08:14:00
KP016281,KW11083,2026-05-09,AU,Mobile,2605,35.0,76,1309,5.81,2026-05-09 01:07:00
KP016282,KW11323,2026-05-10,UK,Mobile,1060,14.0,12,134,8.96,2026-05-10 06:47:00
KP016283,KW10595,2026-05-11,US,Mobile,4269,44.0,111,2129,5.21,2026-05-11 10:33:00
KP016284,KW11079,2026-05-12,FR,Mobile,1290,30.0,26,605,4.3,2026-05-12 14:51:00
KP016285,KW10108,2026-05-13,AU,Desktop,1930,43.0,27,578,4.67,2026-05-13 18:41:00
KP016286,KW11620,2026-05-14,IN,Desktop,1231,49.0,2,67,2.99,2026-05-14 02:32:00
KP016287,KW11740,2026-05-15,FR,Desktop,4996,21.0,103,1696,6.07,2026-05-15 08:22:00
KP016288,KW11689,2026-05-16,US,Desktop,9913,30.0,140,2447,5.72,2026-05-16 19:43:00
KP016289,KW11292,2026-05-17,CA,Mobile,3180,8.0,204,1500,13.6,2026-05-17 08:50:00
KP016290,KW10503,2026-05-18,AU,Tablet,1426,45.0,25,527,4.74,2026-05-18 21:09:00
KP016291,KW10877,2026-05-19,AU,Mobile,3042,18.0,130,1483,8.77,2026-05-19 00:22:00
KP016292,KW10811,2026-05-20,BR,Desktop,16987,4.0,1280,6981,18.34,2026-05-20 15:21:00
KP016293,KW10101,2026-05-21,MX,Mobile,4488,39.0,20,359,5.57,2026-05-21 10:46:00
KP016294,KW10441,2026-05-22,US,Mobile,1470,28.0,36,806,4.47,2026-05-22 05:04:00
KP016295,KW11011,2026-05-23,IN,Desktop,1629,16.0,9,112,8.04,2026-05-23 03:18:00
KP016296,KW11923,2026-05-24,UK,Desktop,2422,33.0,19,425,4.47,2026-05-24 22:43:00
KP016297,KW11477,2026-05-25,DE,Mobile,4333,36.0,70,1557,4.5,2026-05-25 13:58:00
KP016298,KW10998,2026-05-26,MX,Mobile,5132,6.0,336,2184,15.38,2026-05-26 22:41:00
KP016299,KW11735,2026-05-27,JP,Mobile,6307,15.0,154,2274,6.77,2026-05-27 01:01:00
KP016300,KW11607,2026-05-28,IN,Mobile,887,9.0,14,123,11.38,2026-05-28 04:20:00
KP016301,KW10411,2026-05-29,CA,Mobile,5701,18.0,217,2540,8.54,2026-05-29 21:17:00
KP016302,KW11457,2026-05-30,BR,Tablet,514,39.0,5,150,3.33,2026-05-30 10:05:00
KP016303,KW11183,2026-05-31,JP,Mobile,946,2.0,22,106,20.75,2026-05-31 02:39:00
KP016549,KW11758,2026-02-01,UK,Mobile,1908,8.0,82,768,10.68,2026-02-01 15:15:00
KP016550,KW11301,2026-02-02,IN,Desktop,4240,21.0,172,2219,7.75,2026-02-02 11:25:00
KP016551,KW11290,2026-02-03,UK,Desktop,966,24.0,24,481,4.99,2026-02-03 22:00:00
KP016552,KW10652,2026-02-04,MX,Mobile,11526,9.0,99,1104,8.97,2026-02-04 09:42:00
KP016553,KW11673,2026-02-05,MX,Desktop,6068,18.0,45,745,6.04,2026-02-05 05:08:00
KP016554,KW10534,2026-02-06,BR,Desktop,3972,37.0,97,2093,4.63,2026-02-06 08:50:00
KP016555,KW11932,2026-02-07,US,Desktop,1860,9.0,81,964,8.4,2026-02-07 20:33:00
KP016556,KW10015,2026-02-08,UK,Mobile,4019,17.0,147,1687,8.71,2026-02-08 13:08:00
KP016557,KW11437,2026-02-09,CA,Mobile,4803,48.0,98,2167,4.52,2026-02-09 23:04:00
KP016558,KW10761,2026-02-10,CA,Mobile,2210,12.0,97,1005,9.65,2026-02-10 13:42:00
KP016559,KW10032,2026-02-11,IN,Desktop,1207,30.0,16,252,6.35,2026-02-11 23:06:00
KP016560,KW10785,2026-02-12,UK,Desktop,4137,34.0,86,1510,5.7,2026-02-12 19:03:00
KP016561,KW10162,2026-02-13,IN,Desktop,872,7.0,14,120,11.67,2026-02-13 15:10:00
KP016562,KW10840,2026-02-14,MX,Tablet,8653,30.0,279,4180,6.67,2026-02-14 11:57:00
KP016563,KW10191,2026-02-15,MX,Mobile,5150,15.0,133,1707,7.79,2026-02-15 22:43:00
KP016564,KW10882,2026-02-16,MX,Mobile,6915,37.0,112,3049,3.67,2026-02-16 16:20:00
KP016565,KW11013,2026-02-17,FR,Mobile,1675,19.0,29,441,6.58,2026-02-17 21:33:00
KP016566,KW10091,2026-02-18,MX,Desktop,3894,18.0,40,570,7.02,2026-02-18 12:15:00
KP016567,KW10352,2026-02-19,IN,Mobile,3589,27.0,53,1139,4.65,2026-02-19 11:33:00
KP016568,KW11626,2026-02-20,BR,Mobile,11001,8.0,341,3213,10.61,2026-02-20 14:19:00
KP016569,KW11373,2026-02-21,UK,Desktop,2220,30.0,6,118,5.08,2026-02-21 11:38:00
KP016570,KW10834,2026-02-22,UK,Mobile,2183,6.0,94,650,14.46,2026-02-22 21:59:00
KP016571,KW11336,2026-02-23,DE,Desktop,8171,17.0,296,3925,7.54,2026-02-23 15:19:00
KP016572,KW10679,2026-02-24,DE,Desktop,7618,48.0,176,3484,5.05,2026-02-24 13:08:00
KP016573,KW11877,2026-02-25,CA,Mobile,2166,47.0,34,936,3.63,2026-02-25 13:53:00
KP016574,KW11826,2026-02-26,FR,Mobile,13506,50.0,161,3221,5.0,2026-02-26 13:43:00
KP016575,KW10129,2026-02-27,FR,Tablet,11445,25.0,111,2035,5.45,2026-02-27 01:30:00
KP016576,KW10508,2026-02-28,FR,Desktop,643,29.0,9,145,6.21,2026-02-28 23:40:00
KP016577,KW11810,2026-03-01,US,Mobile,8362,21.0,162,1980,8.18,2026-03-01 17:53:00
KP016578,KW11170,2026-03-02,JP,Desktop,2586,16.0,13,223,5.83,2026-03-02 04:59:00
KP016579,KW11752,2026-03-03,AU,Mobile,7424,25.0,95,1333,7.13,2026-03-03 12:54:00
KP016580,KW11852,2026-03-04,DE,Mobile,3175,11.0,63,865,7.28,2026-03-04 18:20:00
KP016581,KW10025,2026-03-05,DE,Mobile,2337,39.0,59,1124,5.25,2026-03-05 03:18:00
KP016582,KW10947,2026-03-06,US,Desktop,6860,10.0,376,3233,11.63,2026-03-06 12:47:00
KP016583,KW11769,2026-03-07,DE,Tablet,16770,46.0,92,2375,3.87,2026-03-07 15:24:00
KP016584,KW11176,2026-03-08,FR,Desktop,949,2.0,15,70,21.43,2026-03-08 22:21:00
KP016585,KW10292,2026-03-09,DE,Desktop,7099,38.0,80,2003,3.99,2026-03-09 19:22:00
KP016586,KW11649,2026-03-10,MX,Mobile,3083,23.0,89,1550,5.74,2026-03-10 23:11:00
KP016587,KW10359,2026-03-11,AU,Desktop,1284,19.0,6,129,4.65,2026-03-11 23:19:00
KP016588,KW11226,2026-03-12,CA,Desktop,5826,36.0,67,1684,3.98,2026-03-12 19:41:00
KP016589,KW11204,2026-03-13,CA,Tablet,11128,5.0,243,1639,14.83,2026-03-13 05:06:00
KP016590,KW11110,2026-03-14,IN,Desktop,2583,17.0,21,245,8.57,2026-03-14 16:48:00
KP016591,KW11820,2026-03-15,FR,Desktop,2616,9.0,120,1426,8.42,2026-03-15 06:00:00
KP016592,KW10917,2026-03-16,IN,Desktop,810,47.0,6,150,4.0,2026-03-16 14:51:00
KP016593,KW10857,2026-03-17,DE,Desktop,1416,2.0,99,441,22.45,2026-03-17 23:57:00
KP016594,KW10466,2026-03-18,CA,Mobile,1672,39.0,20,499,4.01,2026-03-18 19:28:00
KP016595,KW10797,2026-03-19,DE,Desktop,1545,15.0,73,799,9.14,2026-03-19 16:43:00
KP016596,KW10990,2026-03-20,FR,Mobile,4641,37.0,33,896,3.68,2026-03-20 20:31:00
KP016597,KW10837,2026-03-21,IN,Desktop,3218,8.0,79,620,12.74,2026-03-21 22:46:00
KP016598,KW11677,2026-03-22,UK,Mobile,4468,11.0,48,421,11.4,2026-03-22 14:40:00
KP016599,KW10393,2026-03-23,UK,Desktop,2607,10.0,64,531,12.05,2026-03-23 01:54:00
KP016600,KW10725,2026-03-24,JP,Desktop,7539,14.0,75,1093,6.86,2026-03-24 01:19:00
KP016601,KW11890,2026-03-25,UK,Desktop,2149,1.0,297,850,34.94,2026-03-25 15:03:00
KP016602,KW11820,2026-03-26,US,Mobile,14067,21.0,166,2743,6.05,2026-03-26 10:02:00
KP016603,KW11999,2026-03-27,JP,Mobile,699,5.0,13,116,11.21,2026-03-27 21:21:00
KP016604,KW11975,2026-03-28,CA,Desktop,3697,32.0,54,1406,3.84,2026-03-28 11:03:00
KP016605,KW10260,2026-03-29,IN,Mobile,15265,39.0,241,5007,4.81,2026-03-29 22:10:00
KP016606,KW11358,2026-03-30,DE,Desktop,1199,37.0,17,374,4.55,2026-03-30 23:46:00
KP016607,KW11228,2026-03-31,JP,Desktop,1234,23.0,16,264,6.06,2026-03-31 04:12:00
KP016608,KW10923,2026-04-01,FR,Desktop,3349,14.0,39,519,7.51,2026-04-01 13:01:00
KP016609,KW11834,2026-04-02,US,Mobile,2419,38.0,58,1265,4.58,2026-04-02 14:01:00
KP016610,KW10778,2026-04-03,MX,Mobile,4198,32.0,104,1681,6.19,2026-04-03 05:55:00
KP016611,KW11460,2026-04-04,BR,Desktop,748,1.0,107,307,34.85,2026-04-04 18:05:00
KP016612,KW11256,2026-04-05,BR,Mobile,2313,33.0,46,920,5.0,2026-04-05 15:23:00
KP016613,KW11297,2026-04-06,CA,Desktop,1339,4.0,68,361,18.84,2026-04-06 01:38:00
KP016614,KW11732,2026-04-07,DE,Desktop,15858,29.0,251,5726,4.38,2026-04-07 09:14:00
KP016615,KW11889,2026-04-08,AU,Mobile,12778,31.0,187,4042,4.63,2026-04-08 00:28:00
KP016616,KW11627,2026-04-09,UK,Mobile,7270,23.0,40,543,7.37,2026-04-09 17:50:00
KP016617,KW10462,2026-04-10,DE,Mobile,2033,42.0,16,498,3.21,2026-04-10 05:53:00
KP016618,KW10249,2026-04-11,CA,Mobile,2483,8.0,124,1103,11.24,2026-04-11 00:45:00
KP016619,KW10476,2026-04-12,US,Mobile,1912,21.0,18,333,5.41,2026-04-12 00:11:00
KP016620,KW11329,2026-04-13,JP,Desktop,4429,47.0,67,1849,3.62,2026-04-13 04:19:00
KP016621,KW10003,2026-04-14,MX,Desktop,2179,45.0,35,775,4.52,2026-04-14 07:47:00
KP016622,KW11983,2026-04-15,JP,Desktop,737,24.0,9,143,6.29,2026-04-15 07:19:00
KP016623,KW11094,2026-04-16,JP,Desktop,4056,43.0,44,1146,3.84,2026-04-16 20:45:00
KP016624,KW11455,2026-04-17,AU,Mobile,3421,32.0,82,1623,5.05,2026-04-17 14:23:00
KP016625,KW11483,2026-04-18,IN,Desktop,3034,43.0,48,1174,4.09,2026-04-18 20:34:00
KP016626,KW11996,2026-04-19,IN,Tablet,4423,2.0,251,1097,22.88,2026-04-19 07:40:00
KP016627,KW10071,2026-04-20,AU,Mobile,15948,19.0,459,6363,7.21,2026-04-20 06:05:00
KP016628,KW11703,2026-04-21,CA,Desktop,1928,49.0,48,977,4.91,2026-04-21 14:42:00
KP016629,KW10707,2026-04-22,JP,Mobile,2916,37.0,30,671,4.47,2026-04-22 14:45:00
KP016630,KW10713,2026-04-23,AU,Desktop,6771,2.0,408,1796,22.72,2026-04-23 14:42:00
KP016631,KW11898,2026-04-24,UK,Tablet,12226,38.0,60,1376,4.36,2026-04-24 12:03:00
KP016632,KW10024,2026-04-25,BR,Desktop,4839,15.0,24,285,8.42,2026-04-25 00:26:00
KP016633,KW10660,2026-04-26,CA,Desktop,2207,35.0,7,159,4.4,2026-04-26 22:10:00
KP016634,KW11184,2026-04-27,AU,Mobile,450,47.0,7,213,3.29,2026-04-27 00:29:00
KP016635,KW11565,2026-04-28,MX,Mobile,2049,1.0,139,399,34.84,2026-04-28 10:03:00
KP016636,KW11941,2026-04-29,JP,Mobile,893,19.0,17,224,7.59,2026-04-29 13:09:00
KP016637,KW10025,2026-04-30,FR,Mobile,6208,25.0,105,1901,5.52,2026-04-30 00:44:00
KP016638,KW11743,2026-05-01,MX,Desktop,1970,29.0,47,717,6.56,2026-05-01 03:37:00
KP016639,KW11428,2026-05-02,UK,Desktop,1013,10.0,21,177,11.86,2026-05-02 20:21:00
KP016640,KW11492,2026-05-03,IN,Mobile,3764,24.0,63,1011,6.23,2026-05-03 02:04:00
KP016641,KW10856,2026-05-04,BR,Desktop,3122,41.0,66,1472,4.48,2026-05-04 21:53:00
KP016642,KW11488,2026-05-05,DE,Desktop,3428,7.0,198,1505,13.16,2026-05-05 11:12:00
KP016643,KW11757,2026-05-06,CA,Desktop,1442,27.0,26,447,5.82,2026-05-06 08:59:00
KP016644,KW11740,2026-05-07,IN,Mobile,799,12.0,33,338,9.76,2026-05-07 23:29:00
KP016645,KW10985,2026-05-08,AU,Tablet,4775,11.0,131,1254,10.45,2026-05-08 16:34:00
KP016646,KW10358,2026-05-09,MX,Tablet,8181,13.0,164,2073,7.91,2026-05-09 19:22:00
KP016647,KW10031,2026-05-10,JP,Mobile,1655,21.0,26,484,5.37,2026-05-10 00:26:00
KP016648,KW11827,2026-05-11,US,Mobile,6999,31.0,141,3550,3.97,2026-05-11 10:39:00
KP016649,KW10804,2026-05-12,US,Desktop,1035,24.0,19,307,6.19,2026-05-12 19:20:00
KP016650,KW10085,2026-05-13,MX,Mobile,1332,39.0,25,698,3.58,2026-05-13 02:49:00
KP016651,KW11662,2026-05-14,JP,Desktop,2039,6.0,127,976,13.01,2026-05-14 23:21:00
KP016652,KW10456,2026-05-15,DE,Mobile,9032,23.0,164,2228,7.36,2026-05-15 02:21:00
KP016653,KW10756,2026-05-16,IN,Desktop,2254,30.0,51,1156,4.41,2026-05-16 02:55:00
KP016654,KW11782,2026-05-17,CA,Desktop,1331,44.0,29,656,4.42,2026-05-17 18:39:00
KP016655,KW11839,2026-05-18,CA,Desktop,5205,45.0,70,1493,4.69,2026-05-18 13:09:00
KP016656,KW11583,2026-05-19,UK,Mobile,6501,48.0,63,1226,5.14,2026-05-19 23:05:00
KP016657,KW11621,2026-05-20,US,Mobile,4386,40.0,98,1986,4.93,2026-05-20 17:06:00
KP016658,KW11613,2026-05-21,BR,Mobile,3052,24.0,54,756,7.14,2026-05-21 01:41:00
KP016659,KW10436,2026-05-22,DE,Mobile,5557,19.0,186,2173,8.56,2026-05-22 23:21:00
KP016660,KW10699,2026-05-23,CA,Desktop,1977,17.0,37,554,6.68,2026-05-23 08:51:00
KP016661,KW10960,2026-05-24,CA,Tablet,3649,20.0,66,1176,5.61,2026-05-24 00:23:00
KP016662,KW11176,2026-05-25,UK,Desktop,6999,16.0,339,3572,9.49,2026-05-25 06:04:00
KP016663,KW11170,2026-05-26,MX,Mobile,1075,46.0,7,182,3.85,2026-05-26 07:47:00
KP016664,KW10524,2026-05-27,AU,Desktop,2606,17.0,32,475,6.74,2026-05-27 07:46:00
KP016665,KW11729,2026-05-28,AU,Mobile,2592,21.0,89,1412,6.3,2026-05-28 22:46:00
KP016666,KW11309,2026-05-29,JP,Mobile,225,5.0,7,41,17.07,2026-05-29 21:22:00
KP016667,KW10061,2026-05-30,FR,Mobile,2025,22.0,8,160,5.0,2026-05-30 19:20:00
KP016668,KW11310,2026-05-31,FR,Mobile,958,13.0,15,183,8.2,2026-05-31 03:18:00
KP016914,KW10156,2026-02-01,CA,Desktop,16168,28.0,260,3865,6.73,2026-02-01 19:46:00
KP016915,KW10191,2026-02-02,IN,Mobile,1287,37.0,27,468,5.77,2026-02-02 10:37:00
KP016916,KW11146,2026-02-03,UK,Mobile,5291,47.0,42,995,4.22,2026-02-03 15:39:00
KP016917,KW10604,2026-02-04,BR,Mobile,1699,35.0,24,550,4.36,2026-02-04 19:41:00
KP016918,KW10269,2026-02-05,DE,Mobile,5600,7.0,163,1537,10.61,2026-02-05 05:51:00
KP016919,KW11135,2026-02-06,FR,Mobile,1732,38.0,34,749,4.54,2026-02-06 10:59:00
KP016920,KW11450,2026-02-07,MX,Desktop,1076,4.0,47,275,17.09,2026-02-07 09:27:00
KP016921,KW10651,2026-02-08,MX,Mobile,4200,13.0,121,1248,9.7,2026-02-08 05:51:00
KP016922,KW11910,2026-02-09,MX,Desktop,6334,15.0,137,1816,7.54,2026-02-09 05:40:00
KP016923,KW10858,2026-02-10,AU,Mobile,3069,7.0,171,1475,11.59,2026-02-10 01:28:00
KP016924,KW11409,2026-02-11,AU,Mobile,10256,27.0,108,2060,5.24,2026-02-11 13:25:00
KP016925,KW10482,2026-02-12,MX,Mobile,2747,32.0,74,1195,6.19,2026-02-12 00:01:00
KP016926,KW10169,2026-02-13,MX,Tablet,2131,3.0,44,254,17.32,2026-02-13 13:57:00
KP016927,KW10815,2026-02-14,CA,Desktop,2592,14.0,26,392,6.63,2026-02-14 23:09:00
KP016928,KW10647,2026-02-15,IN,Desktop,1017,2.0,59,211,27.96,2026-02-15 05:45:00
KP016929,KW10940,2026-02-16,JP,Mobile,1102,21.0,31,511,6.07,2026-02-16 01:58:00
KP016930,KW10544,2026-02-17,CA,Mobile,3966,26.0,62,908,6.83,2026-02-17 11:13:00
KP016931,KW11251,2026-02-18,US,Desktop,11583,20.0,186,2240,8.3,2026-02-18 01:21:00
KP016932,KW11365,2026-02-19,BR,Desktop,4744,7.0,239,2319,10.31,2026-02-19 17:05:00
KP016933,KW10110,2026-02-20,BR,Mobile,15563,18.0,465,5305,8.77,2026-02-20 16:07:00
KP016934,KW11559,2026-02-21,US,Desktop,1630,19.0,12,154,7.79,2026-02-21 23:52:00
KP016935,KW10272,2026-02-22,CA,Mobile,1136,14.0,23,357,6.44,2026-02-22 05:49:00
KP016936,KW11356,2026-02-23,UK,Mobile,2131,26.0,45,873,5.15,2026-02-23 23:07:00
KP016937,KW11726,2026-02-24,AU,Mobile,6445,23.0,103,1756,5.87,2026-02-24 22:51:00
KP016938,KW10807,2026-02-25,CA,Mobile,1829,43.0,29,868,3.34,2026-02-25 05:46:00
KP016939,KW10651,2026-02-26,BR,Mobile,761,25.0,27,382,7.07,2026-02-26 18:14:00
KP016940,KW11676,2026-02-27,US,Mobile,5098,13.0,188,1906,9.86,2026-02-27 08:23:00
KP016941,KW11975,2026-02-28,JP,Mobile,1369,25.0,18,274,6.57,2026-02-28 14:18:00
KP016942,KW11722,2026-03-01,CA,Mobile,2112,22.0,55,944,5.83,2026-03-01 12:29:00
KP016943,KW10223,2026-03-02,BR,Mobile,1059,47.0,7,152,4.61,2026-03-02 01:00:00
KP016944,KW11050,2026-03-03,UK,Desktop,3017,41.0,66,1571,4.2,2026-03-03 18:33:00
KP016945,KW10230,2026-03-04,CA,Mobile,4938,9.0,195,2339,8.34,2026-03-04 03:37:00
KP016946,KW10054,2026-03-05,MX,Desktop,3444,41.0,34,790,4.3,2026-03-05 17:20:00
KP016947,KW10262,2026-03-06,UK,Mobile,5129,43.0,32,776,4.12,2026-03-06 14:22:00
KP016948,KW10023,2026-03-07,CA,Desktop,926,41.0,11,215,5.12,2026-03-07 17:00:00
KP016949,KW10005,2026-03-08,UK,Desktop,3660,23.0,56,783,7.15,2026-03-08 05:50:00
KP016950,KW11404,2026-03-09,CA,Desktop,1865,14.0,45,448,10.04,2026-03-09 13:18:00
KP016951,KW11913,2026-03-10,BR,Desktop,1985,12.0,25,285,8.77,2026-03-10 18:54:00
KP016952,KW11325,2026-03-11,IN,Mobile,3431,16.0,170,1862,9.13,2026-03-11 05:16:00
KP016953,KW11588,2026-03-12,AU,Desktop,2444,27.0,55,934,5.89,2026-03-12 21:15:00
KP016954,KW10001,2026-03-13,UK,Mobile,10085,34.0,85,2144,3.96,2026-03-13 08:50:00
KP016955,KW10687,2026-03-14,BR,Mobile,4470,2.0,173,771,22.44,2026-03-14 11:13:00
KP016956,KW11324,2026-03-15,AU,Desktop,5426,27.0,101,1627,6.21,2026-03-15 14:30:00
KP016957,KW11877,2026-03-16,JP,Desktop,2071,15.0,11,156,7.05,2026-03-16 06:00:00
KP016958,KW10746,2026-03-17,UK,Mobile,27408,29.0,820,13114,6.25,2026-03-17 05:56:00
KP016959,KW10129,2026-03-18,JP,Mobile,2852,36.0,25,539,4.64,2026-03-18 18:01:00
KP016960,KW11919,2026-03-19,DE,Mobile,3772,19.0,169,2035,8.3,2026-03-19 16:43:00
KP016961,KW11237,2026-03-20,CA,Mobile,4180,43.0,102,1960,5.2,2026-03-20 14:48:00
KP016962,KW10096,2026-03-21,CA,Desktop,903,30.0,25,397,6.3,2026-03-21 04:22:00
KP016963,KW11289,2026-03-22,US,Desktop,6021,41.0,85,1702,4.99,2026-03-22 00:04:00
KP016964,KW11910,2026-03-23,IN,Tablet,2942,19.0,80,1457,5.49,2026-03-23 13:05:00
KP016965,KW10297,2026-03-24,FR,Desktop,1871,18.0,10,129,7.75,2026-03-24 03:24:00
KP016966,KW11269,2026-03-25,US,Desktop,1253,33.0,28,521,5.37,2026-03-25 17:48:00
KP016967,KW11049,2026-03-26,AU,Desktop,3633,49.0,57,1770,3.22,2026-03-26 17:47:00
KP016968,KW11886,2026-03-27,JP,Mobile,6841,25.0,133,2058,6.46,2026-03-27 20:08:00
KP016969,KW11808,2026-03-28,DE,Desktop,2977,40.0,76,1474,5.16,2026-03-28 04:21:00
KP016970,KW10406,2026-03-29,JP,Mobile,2584,27.0,87,1257,6.92,2026-03-29 06:15:00
KP016971,KW10868,2026-03-30,JP,Desktop,3348,6.0,55,405,13.58,2026-03-30 18:19:00
KP016972,KW11370,2026-03-31,JP,Desktop,1821,14.0,14,153,9.15,2026-03-31 23:21:00
KP016973,KW11986,2026-04-01,FR,Mobile,637,10.0,11,108,10.19,2026-04-01 19:44:00
KP016974,KW11640,2026-04-02,UK,Desktop,3416,12.0,44,520,8.46,2026-04-02 21:22:00
KP016975,KW10769,2026-04-03,BR,Desktop,4076,14.0,92,992,9.27,2026-04-03 09:26:00
KP016976,KW11032,2026-04-04,JP,Mobile,1252,40.0,24,537,4.47,2026-04-04 20:58:00
KP016977,KW11879,2026-04-05,BR,Mobile,2094,36.0,41,774,5.3,2026-04-05 22:29:00
KP016978,KW10699,2026-04-06,IN,Desktop,7571,11.0,140,1719,8.14,2026-04-06 03:41:00
KP016979,KW10786,2026-04-07,JP,Desktop,2623,4.0,185,1122,16.49,2026-04-07 00:39:00
KP016980,KW11909,2026-04-08,BR,Desktop,2864,49.0,22,524,4.2,2026-04-08 03:34:00
KP016981,KW10327,2026-04-09,DE,Tablet,1443,18.0,8,159,5.03,2026-04-09 00:23:00
KP016982,KW11043,2026-04-10,AU,Mobile,601,24.0,16,239,6.69,2026-04-10 07:42:00
KP016983,KW10110,2026-04-11,JP,Mobile,3043,36.0,18,361,4.99,2026-04-11 03:56:00
KP016984,KW11782,2026-04-12,BR,Mobile,5953,1.0,768,2298,33.42,2026-04-12 14:35:00
KP016985,KW10987,2026-04-13,CA,Desktop,6603,33.0,54,1176,4.59,2026-04-13 13:09:00
KP016986,KW11267,2026-04-14,JP,Desktop,4867,23.0,38,641,5.93,2026-04-14 01:49:00
KP016987,KW11457,2026-04-15,JP,Desktop,2464,6.0,67,514,13.04,2026-04-15 10:26:00
KP016988,KW10219,2026-04-16,DE,Mobile,1251,49.0,24,515,4.66,2026-04-16 21:04:00
KP016989,KW11246,2026-04-17,DE,Mobile,2114,29.0,32,623,5.14,2026-04-17 01:09:00
KP016990,KW10557,2026-04-18,CA,Mobile,5275,4.0,59,313,18.85,2026-04-18 14:15:00
KP016991,KW10263,2026-04-19,FR,Mobile,1184,27.0,7,165,4.24,2026-04-19 02:29:00
KP016992,KW11172,2026-04-20,FR,Desktop,2775,31.0,47,1113,4.22,2026-04-20 17:22:00
KP016993,KW11818,2026-04-21,MX,Mobile,2137,35.0,22,406,5.42,2026-04-21 04:58:00
KP016994,KW11051,2026-04-22,BR,Desktop,2341,16.0,46,621,7.41,2026-04-22 01:27:00
KP016995,KW10595,2026-04-23,MX,Mobile,8354,44.0,226,4221,5.35,2026-04-23 04:30:00
KP016996,KW11759,2026-04-24,IN,Tablet,2321,35.0,47,894,5.26,2026-04-24 21:56:00
KP016997,KW11611,2026-04-25,FR,Desktop,1444,25.0,8,115,6.96,2026-04-25 08:58:00
KP016998,KW11948,2026-04-26,MX,Mobile,7693,37.0,80,1860,4.3,2026-04-26 14:55:00
KP016999,KW10985,2026-04-27,UK,Desktop,9738,47.0,143,3347,4.27,2026-04-27 03:42:00
KP017000,KW10637,2026-04-28,MX,Mobile,5875,14.0,106,1589,6.67,2026-04-28 03:36:00
KP017001,KW10120,2026-04-29,IN,Mobile,1274,48.0,5,125,4.0,2026-04-29 18:29:00
KP017002,KW10693,2026-04-30,DE,Mobile,4193,12.0,167,2236,7.47,2026-04-30 02:13:00
KP017003,KW11168,2026-05-01,US,Mobile,9756,2.0,914,3772,24.23,2026-05-01 12:14:00
KP017004,KW11864,2026-05-02,JP,Mobile,2489,17.0,12,198,6.06,2026-05-02 01:03:00
KP017005,KW11220,2026-05-03,JP,Mobile,2786,13.0,116,1190,9.75,2026-05-03 06:33:00
KP017006,KW11751,2026-05-04,FR,Desktop,1168,10.0,42,559,7.51,2026-05-04 10:35:00
KP017007,KW11770,2026-05-05,MX,Mobile,1517,37.0,26,526,4.94,2026-05-05 18:43:00
KP017008,KW11848,2026-05-06,AU,Mobile,7021,9.0,179,2091,8.56,2026-05-06 10:21:00
KP017009,KW11694,2026-05-07,IN,Desktop,8287,16.0,28,433,6.47,2026-05-07 14:34:00
KP017010,KW11999,2026-05-08,MX,Mobile,4921,35.0,97,1848,5.25,2026-05-08 09:08:00
KP017011,KW11689,2026-05-09,US,Mobile,871,14.0,24,350,6.86,2026-05-09 00:21:00
KP017012,KW11034,2026-05-10,US,Mobile,5957,37.0,113,2409,4.69,2026-05-10 02:02:00
KP017013,KW10321,2026-05-11,BR,Desktop,3694,36.0,27,541,4.99,2026-05-11 18:29:00
KP017014,KW11928,2026-05-12,UK,Desktop,332,34.0,7,163,4.29,2026-05-12 21:02:00
KP017015,KW10549,2026-05-13,DE,Mobile,1636,31.0,30,474,6.33,2026-05-13 01:38:00
KP017016,KW10250,2026-05-14,FR,Mobile,11544,50.0,190,5608,3.39,2026-05-14 23:22:00
KP017017,KW11070,2026-05-15,US,Desktop,1070,40.0,20,369,5.42,2026-05-15 20:50:00
KP017018,KW10617,2026-05-16,CA,Tablet,1692,29.0,15,229,6.55,2026-05-16 08:00:00
KP017019,KW10650,2026-05-17,DE,Tablet,10774,19.0,241,4240,5.68,2026-05-17 23:58:00
KP017020,KW11611,2026-05-18,AU,Desktop,7382,47.0,75,2164,3.47,2026-05-18 15:36:00
KP017021,KW10168,2026-05-19,AU,Desktop,1072,45.0,11,328,3.35,2026-05-19 21:57:00
KP017022,KW10976,2026-05-20,BR,Mobile,1323,35.0,31,575,5.39,2026-05-20 05:51:00
KP017023,KW11800,2026-05-21,JP,Mobile,2767,32.0,20,447,4.47,2026-05-21 15:41:00
KP017024,KW11706,2026-05-22,FR,Mobile,7660,11.0,137,1647,8.32,2026-05-22 17:48:00
KP017025,KW10997,2026-05-23,FR,Mobile,2132,48.0,11,286,3.85,2026-05-23 01:56:00
KP017026,KW11110,2026-05-24,FR,Mobile,6760,36.0,96,1673,5.74,2026-05-24 14:44:00
KP017027,KW11269,2026-05-25,JP,Mobile,557,12.0,25,302,8.28,2026-05-25 23:38:00
KP017028,KW11636,2026-05-26,MX,Mobile,1958,27.0,55,1050,5.24,2026-05-26 05:07:00
KP017029,KW11466,2026-05-27,JP,Mobile,3418,38.0,9,205,4.39,2026-05-27 13:13:00
KP017030,KW11332,2026-05-28,BR,Desktop,1512,2.0,89,399,22.31,2026-05-28 02:33:00
KP017031,KW11881,2026-05-29,DE,Tablet,20235,13.0,147,1420,10.35,2026-05-29 09:46:00
KP017032,KW11811,2026-05-30,BR,Mobile,5779,28.0,151,2839,5.32,2026-05-30 12:20:00
KP017033,KW11847,2026-05-31,CA,Desktop,2599,26.0,31,450,6.89,2026-05-31 19:20:00
KP017279,KW11602,2026-02-01,DE,Mobile,393,18.0,5,78,6.41,2026-02-01 20:36:00
KP017280,KW10262,2026-02-02,DE,Desktop,11377,28.0,134,1987,6.74,2026-02-02 11:18:00
KP017281,KW10832,2026-02-03,AU,Mobile,2054,46.0,10,208,4.81,2026-02-03 19:28:00
KP017282,KW10277,2026-02-04,BR,Desktop,1075,13.0,49,562,8.72,2026-02-04 13:03:00
KP017283,KW11784,2026-02-05,AU,Desktop,1409,8.0,6,83,7.23,2026-02-05 22:11:00
KP017284,KW11284,2026-02-06,UK,Mobile,1801,45.0,38,896,4.24,2026-02-06 17:27:00
KP017285,KW11462,2026-02-07,DE,Tablet,2710,49.0,20,590,3.39,2026-02-07 18:24:00
KP017286,KW10032,2026-02-08,IN,Mobile,3548,39.0,41,840,4.88,2026-02-08 23:59:00
KP017287,KW10415,2026-02-09,CA,Desktop,1706,5.0,73,492,14.84,2026-02-09 00:14:00
KP017288,KW10875,2026-02-10,US,Desktop,4499,20.0,40,642,6.23,2026-02-10 05:50:00
KP017289,KW10601,2026-02-11,JP,Mobile,4650,29.0,97,2312,4.2,2026-02-11 01:28:00
KP017290,KW11471,2026-02-12,UK,Desktop,2986,7.0,147,1223,12.02,2026-02-12 09:19:00
KP017291,KW10395,2026-02-13,JP,Desktop,904,26.0,11,252,4.37,2026-02-13 10:14:00
KP017292,KW11969,2026-02-14,MX,Desktop,3393,2.0,292,1568,18.62,2026-02-14 04:46:00
KP017293,KW10014,2026-02-15,UK,Mobile,1717,11.0,28,354,7.91,2026-02-15 16:29:00
KP017294,KW10292,2026-02-16,UK,Desktop,1947,44.0,40,751,5.33,2026-02-16 18:53:00
KP017295,KW10069,2026-02-17,BR,Mobile,960,43.0,7,202,3.47,2026-02-17 18:28:00
KP017296,KW11625,2026-02-18,US,Mobile,2140,22.0,13,182,7.14,2026-02-18 12:12:00
KP017297,KW10411,2026-02-19,US,Mobile,8172,35.0,191,4193,4.56,2026-02-19 02:42:00
KP017298,KW10071,2026-02-20,AU,Desktop,4422,45.0,45,1205,3.73,2026-02-20 22:11:00
KP017299,KW11859,2026-02-21,BR,Desktop,3612,15.0,116,1362,8.52,2026-02-21 17:38:00
KP017300,KW11707,2026-02-22,BR,Mobile,1601,47.0,4,117,3.42,2026-02-22 08:15:00
KP017301,KW11579,2026-02-23,JP,Desktop,3782,13.0,64,659,9.71,2026-02-23 01:58:00
KP017302,KW10397,2026-02-24,BR,Desktop,3880,17.0,32,538,5.95,2026-02-24 19:37:00
KP017303,KW11724,2026-02-25,FR,Mobile,10119,47.0,114,3351,3.4,2026-02-25 15:07:00
KP017304,KW11417,2026-02-26,FR,Mobile,9110,33.0,103,1746,5.9,2026-02-26 07:13:00
KP017305,KW11050,2026-02-27,BR,Desktop,3331,3.0,235,1074,21.88,2026-02-27 21:43:00
KP017306,KW11255,2026-02-28,CA,Desktop,1409,10.0,42,462,9.09,2026-02-28 20:24:00
KP017307,KW10462,2026-03-01,CA,Mobile,2257,6.0,98,764,12.83,2026-03-01 15:41:00
KP017308,KW10637,2026-03-02,BR,Mobile,2122,25.0,12,211,5.69,2026-03-02 04:32:00
KP017309,KW10809,2026-03-03,US,Mobile,7791,2.0,250,1341,18.64,2026-03-03 01:35:00
KP017310,KW11593,2026-03-04,FR,Mobile,639,27.0,11,248,4.44,2026-03-04 14:34:00
KP017311,KW11441,2026-03-05,DE,Desktop,2804,27.0,45,850,5.29,2026-03-05 09:27:00
KP017312,KW11687,2026-03-06,MX,Mobile,3668,23.0,35,493,7.1,2026-03-06 17:17:00
KP017313,KW10197,2026-03-07,AU,Desktop,5754,31.0,127,2799,4.54,2026-03-07 03:00:00
KP017314,KW11950,2026-03-08,FR,Mobile,5118,6.0,57,449,12.69,2026-03-08 22:59:00
KP017315,KW11722,2026-03-09,AU,Mobile,2427,22.0,25,516,4.84,2026-03-09 16:10:00
KP017316,KW10755,2026-03-10,FR,Desktop,15899,33.0,83,1404,5.91,2026-03-10 17:07:00
KP017317,KW10442,2026-03-11,CA,Mobile,2994,50.0,41,939,4.37,2026-03-11 01:21:00
KP017318,KW11188,2026-03-12,IN,Mobile,2951,2.0,363,1358,26.73,2026-03-12 02:49:00
KP017319,KW10237,2026-03-13,CA,Mobile,6449,12.0,168,2160,7.78,2026-03-13 00:18:00
KP017320,KW11368,2026-03-14,BR,Desktop,1134,29.0,24,365,6.58,2026-03-14 21:41:00
KP017321,KW11970,2026-03-15,CA,Desktop,1385,37.0,33,722,4.57,2026-03-15 17:32:00
KP017322,KW11578,2026-03-16,DE,Desktop,1335,10.0,19,194,9.79,2026-03-16 04:51:00
KP017323,KW11958,2026-03-17,DE,Mobile,4568,16.0,72,848,8.49,2026-03-17 03:12:00
KP017324,KW10521,2026-03-18,FR,Mobile,2117,18.0,70,1068,6.55,2026-03-18 01:32:00
KP017325,KW11484,2026-03-19,JP,Tablet,3145,38.0,15,406,3.69,2026-03-19 21:42:00
KP017326,KW11329,2026-03-20,AU,Mobile,3573,12.0,94,1313,7.16,2026-03-20 10:57:00
KP017327,KW10561,2026-03-21,AU,Mobile,5372,45.0,20,407,4.91,2026-03-21 20:19:00
KP017328,KW10579,2026-03-22,DE,Mobile,3947,29.0,74,1485,4.98,2026-03-22 22:53:00
KP017329,KW10856,2026-03-23,IN,Desktop,3357,38.0,22,616,3.57,2026-03-23 15:34:00
KP017330,KW11441,2026-03-24,UK,Desktop,1377,44.0,23,707,3.25,2026-03-24 21:19:00
KP017331,KW10053,2026-03-25,BR,Desktop,8819,31.0,65,1449,4.49,2026-03-25 20:47:00
KP017332,KW11450,2026-03-26,MX,Tablet,1492,44.0,33,735,4.49,2026-03-26 16:45:00
KP017333,KW11838,2026-03-27,JP,Mobile,3037,20.0,59,826,7.14,2026-03-27 09:36:00
KP017334,KW10191,2026-03-28,JP,Mobile,2949,41.0,11,289,3.81,2026-03-28 05:45:00
KP017335,KW10899,2026-03-29,JP,Mobile,5843,46.0,20,406,4.93,2026-03-29 15:30:00
KP017336,KW11835,2026-03-30,IN,Desktop,2071,16.0,73,962,7.59,2026-03-30 01:26:00
KP017337,KW11939,2026-03-31,UK,Desktop,2048,39.0,28,497,5.63,2026-03-31 19:47:00
KP017338,KW11234,2026-04-01,MX,Mobile,4651,46.0,17,541,3.14,2026-04-01 09:14:00
KP017339,KW10422,2026-04-02,AU,Mobile,5092,15.0,220,2571,8.56,2026-04-02 01:27:00
KP017340,KW10775,2026-04-03,FR,Mobile,1129,49.0,17,445,3.82,2026-04-03 20:44:00
KP017341,KW11168,2026-04-04,IN,Desktop,7890,24.0,29,450,6.44,2026-04-04 16:02:00
KP017342,KW10536,2026-04-05,CA,Desktop,2146,17.0,66,914,7.22,2026-04-05 15:45:00
KP017343,KW11402,2026-04-06,MX,Desktop,5597,49.0,63,1940,3.25,2026-04-06 19:06:00
KP017344,KW10527,2026-04-07,DE,Desktop,1409,31.0,28,641,4.37,2026-04-07 03:34:00
KP017345,KW10543,2026-04-08,JP,Mobile,4836,33.0,34,802,4.24,2026-04-08 08:15:00
KP017346,KW11545,2026-04-09,AU,Desktop,1558,48.0,8,256,3.12,2026-04-09 06:09:00
KP017347,KW10695,2026-04-10,UK,Desktop,4243,10.0,106,1296,8.18,2026-04-10 11:30:00
KP017348,KW10140,2026-04-11,JP,Desktop,716,44.0,11,216,5.09,2026-04-11 13:37:00
KP017349,KW10619,2026-04-12,DE,Desktop,12023,35.0,245,6032,4.06,2026-04-12 14:09:00
KP017350,KW10530,2026-04-13,UK,Mobile,3865,20.0,123,1911,6.44,2026-04-13 23:29:00
KP017351,KW10933,2026-04-14,DE,Desktop,1998,32.0,30,480,6.25,2026-04-14 15:42:00
KP017352,KW11076,2026-04-15,JP,Desktop,20891,45.0,328,9337,3.51,2026-04-15 04:50:00
KP017353,KW10524,2026-04-16,JP,Desktop,14392,11.0,643,5537,11.61,2026-04-16 08:09:00
KP017354,KW10859,2026-04-17,US,Desktop,1065,2.0,65,220,29.55,2026-04-17 14:54:00
KP017355,KW10246,2026-04-18,IN,Desktop,5631,7.0,348,3062,11.37,2026-04-18 17:00:00
KP017356,KW11609,2026-04-19,DE,Mobile,7389,38.0,141,2868,4.92,2026-04-19 09:51:00
KP017357,KW11768,2026-04-20,FR,Mobile,1469,43.0,5,120,4.17,2026-04-20 00:42:00
KP017358,KW10687,2026-04-21,UK,Mobile,7327,37.0,140,3746,3.74,2026-04-21 01:51:00
KP017359,KW11836,2026-04-22,IN,Desktop,12217,9.0,430,4522,9.51,2026-04-22 00:44:00
KP017360,KW10619,2026-04-23,DE,Mobile,3021,21.0,75,1038,7.23,2026-04-23 03:52:00
KP017361,KW11095,2026-04-24,AU,Mobile,1994,46.0,10,325,3.08,2026-04-24 12:22:00
KP017362,KW11259,2026-04-25,BR,Tablet,10349,11.0,191,1760,10.85,2026-04-25 08:45:00
KP017363,KW10784,2026-04-26,CA,Mobile,2930,32.0,88,1599,5.5,2026-04-26 03:52:00
KP017364,KW10960,2026-04-27,UK,Mobile,1068,5.0,41,274,14.96,2026-04-27 05:38:00
KP017365,KW10014,2026-04-28,DE,Desktop,8096,25.0,221,4113,5.37,2026-04-28 23:45:00
KP017366,KW11178,2026-04-29,FR,Mobile,13263,32.0,252,3985,6.32,2026-04-29 14:13:00
KP017367,KW11405,2026-04-30,BR,Mobile,2327,17.0,65,826,7.87,2026-04-30 14:15:00
KP017368,KW10766,2026-05-01,IN,Mobile,1571,41.0,23,663,3.47,2026-05-01 00:17:00
KP017369,KW11281,2026-05-02,UK,Mobile,1594,21.0,35,480,7.29,2026-05-02 08:08:00
KP017370,KW10469,2026-05-03,UK,Desktop,1944,10.0,38,401,9.48,2026-05-03 02:10:00
KP017371,KW10576,2026-05-04,BR,Desktop,2161,21.0,64,849,7.54,2026-05-04 05:54:00
KP017372,KW11015,2026-05-05,MX,Desktop,1301,15.0,62,677,9.16,2026-05-05 02:34:00
KP017373,KW11576,2026-05-06,FR,Desktop,4511,31.0,12,225,5.33,2026-05-06 23:06:00
KP017374,KW10039,2026-05-07,FR,Mobile,3766,24.0,150,2044,7.34,2026-05-07 12:02:00
KP017375,KW10732,2026-05-08,UK,Desktop,5307,46.0,87,2113,4.12,2026-05-08 21:25:00
KP017376,KW11707,2026-05-09,JP,Desktop,3964,11.0,149,2049,7.27,2026-05-09 23:35:00
KP017377,KW11810,2026-05-10,US,Desktop,4376,4.0,210,1699,12.36,2026-05-10 08:14:00
KP017378,KW11119,2026-05-11,JP,Mobile,2363,2.0,139,752,18.48,2026-05-11 10:16:00
KP017379,KW11247,2026-05-12,FR,Desktop,4394,24.0,99,1772,5.59,2026-05-12 07:48:00
KP017380,KW10616,2026-05-13,UK,Mobile,1178,34.0,26,461,5.64,2026-05-13 14:24:00
KP017381,KW10481,2026-05-14,CA,Mobile,3703,8.0,102,972,10.49,2026-05-14 08:54:00
KP017382,KW11222,2026-05-15,US,Mobile,4375,30.0,25,526,4.75,2026-05-15 05:56:00
KP017383,KW10769,2026-05-16,BR,Desktop,2642,25.0,62,1021,6.07,2026-05-16 15:48:00
KP017384,KW11542,2026-05-17,FR,Desktop,2464,47.0,41,819,5.01,2026-05-17 17:49:00
KP017385,KW10419,2026-05-18,BR,Mobile,1845,30.0,50,768,6.51,2026-05-18 07:15:00
KP017386,KW11896,2026-05-19,AU,Mobile,7560,13.0,227,2559,8.87,2026-05-19 18:51:00
KP017387,KW10622,2026-05-20,BR,Mobile,3381,11.0,39,393,9.92,2026-05-20 17:36:00
KP017388,KW10138,2026-05-21,MX,Mobile,1894,33.0,35,861,4.07,2026-05-21 23:00:00
KP017389,KW10061,2026-05-22,US,Mobile,3579,50.0,59,1730,3.41,2026-05-22 06:04:00
KP017390,KW11142,2026-05-23,JP,Desktop,4321,10.0,41,481,8.52,2026-05-23 13:00:00
KP017391,KW11037,2026-05-24,CA,Mobile,1966,42.0,22,424,5.19,2026-05-24 08:57:00
KP017392,KW11435,2026-05-25,JP,Mobile,9609,47.0,144,4419,3.26,2026-05-25 07:22:00
KP017393,KW11051,2026-05-26,US,Mobile,15135,16.0,203,3554,5.71,2026-05-26 19:22:00
KP017394,KW10776,2026-05-27,JP,Desktop,15300,20.0,477,6402,7.45,2026-05-27 05:52:00
KP017395,KW10294,2026-05-28,DE,Mobile,2097,38.0,55,1078,5.1,2026-05-28 08:16:00
KP017396,KW11759,2026-05-29,UK,Desktop,7174,28.0,118,1730,6.82,2026-05-29 14:36:00
KP017397,KW10604,2026-05-30,UK,Desktop,3992,41.0,101,2049,4.93,2026-05-30 03:07:00
KP017398,KW11406,2026-05-31,CA,Mobile,2361,30.0,46,1054,4.36,2026-05-31 10:49:00
KP017644,KW10643,2026-02-01,CA,Mobile,2249,22.0,69,1025,6.73,2026-02-01 05:47:00
KP017645,KW10499,2026-02-02,IN,Mobile,4059,18.0,44,718,6.13,2026-02-02 23:44:00
KP017646,KW11280,2026-02-03,MX,Mobile,1052,26.0,9,141,6.38,2026-02-03 05:23:00
KP017647,KW11344,2026-02-04,AU,Mobile,6248,18.0,161,2595,6.2,2026-02-04 22:54:00
KP017648,KW11146,2026-02-05,IN,Mobile,3166,49.0,22,692,3.18,2026-02-05 00:15:00
KP017649,KW10300,2026-02-06,FR,Desktop,4446,24.0,52,1076,4.83,2026-02-06 14:53:00
KP017650,KW11551,2026-02-07,BR,Desktop,1660,17.0,62,709,8.74,2026-02-07 14:06:00
KP017651,KW11867,2026-02-08,US,Desktop,3783,2.0,379,1873,20.23,2026-02-08 08:50:00
KP017652,KW11298,2026-02-09,DE,Mobile,2641,25.0,30,553,5.42,2026-02-09 01:24:00
KP017653,KW11494,2026-02-10,BR,Mobile,997,43.0,5,100,5.0,2026-02-10 08:08:00
KP017654,KW11986,2026-02-11,UK,Mobile,652,37.0,14,286,4.9,2026-02-11 01:25:00
KP017655,KW10741,2026-02-12,IN,Mobile,3023,2.0,285,956,29.81,2026-02-12 02:27:00
KP017656,KW11964,2026-02-13,BR,Mobile,10118,21.0,181,3017,6.0,2026-02-13 08:34:00
KP017657,KW10686,2026-02-14,UK,Mobile,2955,29.0,35,699,5.01,2026-02-14 19:01:00
KP017658,KW10259,2026-02-15,IN,Desktop,781,15.0,3,55,5.45,2026-02-15 04:10:00
KP017659,KW10212,2026-02-16,CA,Desktop,118559,10.0,4506,38838,11.6,2026-02-16 07:44:00
KP017660,KW11412,2026-02-17,US,Mobile,9040,45.0,79,1640,4.82,2026-02-17 23:13:00
KP017661,KW11334,2026-02-18,CA,Mobile,3155,9.0,119,947,12.57,2026-02-18 14:37:00
KP017662,KW10808,2026-02-19,UK,Desktop,1262,1.0,218,625,34.88,2026-02-19 05:26:00
KP017663,KW11981,2026-02-20,MX,Mobile,2232,30.0,58,1175,4.94,2026-02-20 01:23:00
KP017664,KW11025,2026-02-21,FR,Mobile,5738,46.0,59,1408,4.19,2026-02-21 07:55:00
KP017665,KW10065,2026-02-22,MX,Mobile,1602,35.0,33,738,4.47,2026-02-22 20:16:00
KP017666,KW11909,2026-02-23,CA,Mobile,175,5.0,9,65,13.85,2026-02-23 09:55:00
KP017667,KW11846,2026-02-24,JP,Desktop,2648,8.0,136,1161,11.71,2026-02-24 23:13:00
KP017668,KW10623,2026-02-25,AU,Mobile,6144,26.0,172,2593,6.63,2026-02-25 16:56:00
KP017669,KW11030,2026-02-26,JP,Mobile,4231,48.0,27,842,3.21,2026-02-26 17:07:00
KP017670,KW11659,2026-02-27,UK,Mobile,12426,11.0,451,4526,9.96,2026-02-27 13:18:00
KP017671,KW11468,2026-02-28,MX,Mobile,544,6.0,7,55,12.73,2026-02-28 10:56:00
KP017672,KW10481,2026-03-01,JP,Desktop,3215,12.0,41,423,9.69,2026-03-01 04:13:00
KP017673,KW11544,2026-03-02,BR,Mobile,2043,31.0,17,377,4.51,2026-03-02 07:20:00
KP017674,KW10434,2026-03-03,CA,Desktop,4865,27.0,146,2078,7.03,2026-03-03 08:52:00
KP017675,KW10581,2026-03-04,IN,Desktop,1491,26.0,32,482,6.64,2026-03-04 03:30:00
KP017676,KW11298,2026-03-05,DE,Desktop,4835,20.0,89,1589,5.6,2026-03-05 01:55:00
KP017677,KW11745,2026-03-06,DE,Desktop,1883,39.0,22,400,5.5,2026-03-06 02:44:00
KP017678,KW10270,2026-03-07,UK,Desktop,6691,38.0,136,2701,5.04,2026-03-07 16:46:00
KP017679,KW10549,2026-03-08,FR,Mobile,5415,9.0,33,319,10.34,2026-03-08 02:01:00
KP017680,KW11178,2026-03-09,FR,Mobile,5505,4.0,79,502,15.74,2026-03-09 14:32:00
KP017681,KW10174,2026-03-10,CA,Desktop,2601,7.0,176,1376,12.79,2026-03-10 20:31:00
KP017682,KW11018,2026-03-11,US,Desktop,569,36.0,6,143,4.2,2026-03-11 06:47:00
KP017683,KW11459,2026-03-12,DE,Desktop,1402,28.0,32,704,4.55,2026-03-12 19:17:00
KP017684,KW10088,2026-03-13,MX,Mobile,1086,8.0,11,132,8.33,2026-03-13 06:21:00
KP017685,KW10202,2026-03-14,CA,Mobile,750,29.0,10,152,6.58,2026-03-14 01:37:00
KP017686,KW10626,2026-03-15,MX,Desktop,910,29.0,23,341,6.74,2026-03-15 02:52:00
KP017687,KW10149,2026-03-16,US,Mobile,1560,22.0,41,716,5.73,2026-03-16 06:10:00
KP017688,KW10686,2026-03-17,UK,Desktop,2401,19.0,89,1120,7.95,2026-03-17 00:40:00
KP017689,KW10235,2026-03-18,FR,Mobile,2084,15.0,67,982,6.82,2026-03-18 04:24:00
KP017690,KW10132,2026-03-19,MX,Mobile,978,33.0,24,377,6.37,2026-03-19 03:56:00
KP017691,KW10420,2026-03-20,UK,Desktop,2735,40.0,61,1405,4.34,2026-03-20 00:29:00
KP017692,KW11962,2026-03-21,MX,Mobile,3324,44.0,71,1637,4.34,2026-03-21 07:23:00
KP017693,KW10478,2026-03-22,AU,Mobile,2035,2.0,67,368,18.21,2026-03-22 03:19:00
KP017694,KW10072,2026-03-23,MX,Desktop,3749,43.0,58,1442,4.02,2026-03-23 01:43:00
KP017695,KW11573,2026-03-24,BR,Mobile,8207,32.0,49,769,6.37,2026-03-24 05:39:00
KP017696,KW11174,2026-03-25,MX,Desktop,424,50.0,3,82,3.66,2026-03-25 16:30:00
KP017697,KW10748,2026-03-26,FR,Desktop,2807,10.0,85,866,9.82,2026-03-26 07:35:00
KP017698,KW10069,2026-03-27,FR,Mobile,3506,31.0,21,336,6.25,2026-03-27 07:10:00
KP017699,KW10092,2026-03-28,IN,Mobile,3836,31.0,16,304,5.26,2026-03-28 01:29:00
KP017700,KW10472,2026-03-29,JP,Desktop,1766,3.0,75,345,21.74,2026-03-29 17:12:00
KP017701,KW10643,2026-03-30,DE,Mobile,19639,36.0,431,8539,5.05,2026-03-30 05:55:00
KP017702,KW10628,2026-03-31,US,Mobile,2886,32.0,83,1314,6.32,2026-03-31 06:02:00
KP017703,KW10311,2026-04-01,UK,Desktop,1520,21.0,21,266,7.89,2026-04-01 20:20:00
KP017704,KW11573,2026-04-02,IN,Desktop,4435,12.0,77,968,7.95,2026-04-02 17:42:00
KP017705,KW11043,2026-04-03,DE,Desktop,2885,26.0,84,1173,7.16,2026-04-03 23:23:00
KP017706,KW11105,2026-04-04,FR,Mobile,2359,37.0,49,1055,4.64,2026-04-04 04:12:00
KP017707,KW11450,2026-04-05,AU,Desktop,2086,50.0,42,853,4.92,2026-04-05 10:34:00
KP017708,KW10181,2026-04-06,DE,Mobile,3127,27.0,25,422,5.92,2026-04-06 08:18:00
KP017709,KW11162,2026-04-07,FR,Desktop,4700,32.0,94,2347,4.01,2026-04-07 17:33:00
KP017710,KW10472,2026-04-08,FR,Desktop,5463,43.0,22,458,4.8,2026-04-08 10:43:00
KP017711,KW11050,2026-04-09,MX,Mobile,7397,48.0,118,2855,4.13,2026-04-09 19:02:00
KP017712,KW10381,2026-04-10,UK,Mobile,376,45.0,2,66,3.03,2026-04-10 03:06:00
KP017713,KW11385,2026-04-11,JP,Mobile,5344,24.0,43,769,5.59,2026-04-11 07:51:00
KP017714,KW10136,2026-04-12,IN,Desktop,2926,2.0,140,616,22.73,2026-04-12 17:48:00
KP017715,KW11355,2026-04-13,MX,Desktop,1909,16.0,58,792,7.32,2026-04-13 23:36:00
KP017716,KW10803,2026-04-14,US,Desktop,3600,2.0,439,1549,28.34,2026-04-14 10:50:00
KP017717,KW10684,2026-04-15,MX,Mobile,2217,45.0,27,515,5.24,2026-04-15 00:49:00
KP017718,KW11677,2026-04-16,DE,Desktop,3058,13.0,39,370,10.54,2026-04-16 19:06:00
KP017719,KW11938,2026-04-17,AU,Desktop,8600,27.0,180,3241,5.55,2026-04-17 22:01:00
KP017720,KW11354,2026-04-18,DE,Desktop,2056,1.0,225,644,34.94,2026-04-18 22:18:00
KP017721,KW11816,2026-04-19,AU,Mobile,490,14.0,3,61,4.92,2026-04-19 23:41:00
KP017722,KW10058,2026-04-20,FR,Mobile,997,25.0,19,310,6.13,2026-04-20 14:47:00
KP017723,KW10900,2026-04-21,UK,Desktop,6406,29.0,90,1559,5.77,2026-04-21 10:09:00
KP017724,KW11744,2026-04-22,IN,Mobile,1656,37.0,32,759,4.22,2026-04-22 18:58:00
KP017725,KW10258,2026-04-23,MX,Mobile,7726,26.0,211,2919,7.23,2026-04-23 20:10:00
KP017726,KW11091,2026-04-24,AU,Desktop,2712,50.0,11,232,4.74,2026-04-24 05:46:00
KP017727,KW11606,2026-04-25,UK,Desktop,6584,10.0,289,3387,8.53,2026-04-25 21:37:00
KP017728,KW11586,2026-04-26,UK,Mobile,1958,35.0,33,575,5.74,2026-04-26 18:28:00
KP017729,KW10379,2026-04-27,FR,Mobile,906,45.0,4,103,3.88,2026-04-27 03:55:00
KP017730,KW10180,2026-04-28,JP,Mobile,5296,46.0,90,2553,3.53,2026-04-28 13:31:00
KP017731,KW10890,2026-04-29,BR,Mobile,508,26.0,7,127,5.51,2026-04-29 06:48:00
KP017732,KW11957,2026-04-30,BR,Tablet,1179,44.0,11,226,4.87,2026-04-30 20:46:00
KP017733,KW11070,2026-05-01,DE,Mobile,15996,33.0,257,4739,5.42,2026-05-01 04:16:00
KP017734,KW11243,2026-05-02,JP,Mobile,1951,39.0,26,468,5.56,2026-05-02 02:02:00
KP017735,KW10063,2026-05-03,IN,Desktop,5857,13.0,241,2326,10.36,2026-05-03 17:22:00
KP017736,KW10297,2026-05-04,AU,Desktop,1451,23.0,16,266,6.02,2026-05-04 09:12:00
KP017737,KW11556,2026-05-05,DE,Mobile,12778,18.0,63,958,6.58,2026-05-05 04:14:00
KP017738,KW10422,2026-05-06,JP,Mobile,4422,45.0,55,1475,3.73,2026-05-06 15:12:00
KP017739,KW10503,2026-05-07,UK,Desktop,2476,27.0,19,446,4.26,2026-05-07 21:27:00
KP017740,KW10408,2026-05-08,BR,Mobile,1843,2.0,29,137,21.17,2026-05-08 10:48:00
KP017741,KW10532,2026-05-09,MX,Mobile,7572,33.0,179,3753,4.77,2026-05-09 23:25:00
KP017742,KW10240,2026-05-10,UK,Mobile,9698,16.0,158,2253,7.01,2026-05-10 14:17:00
KP017743,KW10945,2026-05-11,UK,Mobile,4046,5.0,314,2032,15.45,2026-05-11 14:07:00
KP017744,KW10486,2026-05-12,FR,Mobile,1431,19.0,20,309,6.47,2026-05-12 16:38:00
KP017745,KW10894,2026-05-13,DE,Mobile,1869,45.0,5,111,4.5,2026-05-13 15:56:00
KP017746,KW11933,2026-05-14,IN,Mobile,17025,47.0,130,3759,3.46,2026-05-14 05:49:00
KP017747,KW11565,2026-05-15,AU,Mobile,10304,8.0,207,1571,13.18,2026-05-15 01:09:00
KP017748,KW11438,2026-05-16,US,Mobile,1417,30.0,26,591,4.4,2026-05-16 15:03:00
KP017749,KW10834,2026-05-17,FR,Mobile,2764,10.0,87,715,12.17,2026-05-17 13:45:00
KP017750,KW10187,2026-05-18,CA,Desktop,7838,30.0,140,2835,4.94,2026-05-18 17:57:00
KP017751,KW11456,2026-05-19,AU,Desktop,449,9.0,7,74,9.46,2026-05-19 16:51:00
KP017752,KW11604,2026-05-20,DE,Mobile,4283,16.0,143,2232,6.41,2026-05-20 23:32:00
KP017753,KW11229,2026-05-21,CA,Desktop,1563,20.0,11,229,4.8,2026-05-21 00:14:00
KP017754,KW11771,2026-05-22,DE,Desktop,586,8.0,27,200,13.5,2026-05-22 05:31:00
KP017755,KW10863,2026-05-23,UK,Desktop,1993,39.0,12,281,4.27,2026-05-23 23:32:00
KP017756,KW10830,2026-05-24,AU,Desktop,773,1.0,71,217,32.72,2026-05-24 17:14:00
KP017757,KW11769,2026-05-25,FR,Desktop,18089,29.0,283,4778,5.92,2026-05-25 08:21:00
KP017758,KW10317,2026-05-26,UK,Mobile,6081,21.0,208,3130,6.65,2026-05-26 03:59:00
KP017759,KW10761,2026-05-27,AU,Mobile,3824,41.0,31,642,4.83,2026-05-27 18:15:00
KP017760,KW11214,2026-05-28,JP,Desktop,556,8.0,23,182,12.64,2026-05-28 23:53:00
KP017761,KW10212,2026-05-29,JP,Mobile,2180,50.0,19,607,3.13,2026-05-29 15:19:00
KP017762,KW11658,2026-05-30,MX,Mobile,1326,19.0,16,202,7.92,2026-05-30 04:00:00
KP017763,KW10036,2026-05-31,IN,Mobile,2190,45.0,4,115,3.48,2026-05-31 14:19:00
KP018009,KW11771,2026-02-01,DE,Mobile,5488,46.0,46,1092,4.21,2026-02-01 04:02:00
KP018010,KW11102,2026-02-02,UK,Desktop,1424,28.0,30,546,5.49,2026-02-02 12:57:00
KP018011,KW10962,2026-02-03,BR,Desktop,4788,20.0,105,1746,6.01,2026-02-03 05:19:00
KP018012,KW10348,2026-02-04,MX,Mobile,1790,35.0,53,928,5.71,2026-02-04 13:05:00
KP018013,KW10731,2026-02-05,CA,Mobile,2309,26.0,25,403,6.2,2026-02-05 13:57:00
KP018014,KW11678,2026-02-06,IN,Desktop,4801,10.0,56,463,12.1,2026-02-06 09:44:00
KP018015,KW11861,2026-02-07,AU,Desktop,2387,48.0,21,543,3.87,2026-02-07 14:21:00
KP018016,KW11139,2026-02-08,AU,Desktop,13771,44.0,76,2039,3.73,2026-02-08 14:22:00
KP018017,KW11888,2026-02-09,UK,Mobile,3671,25.0,66,926,7.13,2026-02-09 04:54:00
KP018018,KW11792,2026-02-10,IN,Mobile,2551,13.0,55,616,8.93,2026-02-10 22:34:00
KP018019,KW10719,2026-02-11,IN,Mobile,1520,19.0,37,535,6.92,2026-02-11 08:57:00
KP018020,KW10532,2026-02-12,DE,Mobile,10241,17.0,162,2402,6.74,2026-02-12 19:33:00
KP018021,KW10239,2026-02-13,AU,Desktop,7424,13.0,314,3038,10.34,2026-02-13 04:46:00
KP018022,KW11638,2026-02-14,US,Mobile,2668,39.0,43,1037,4.15,2026-02-14 06:23:00
KP018023,KW10445,2026-02-15,BR,Mobile,721,11.0,13,157,8.28,2026-02-15 10:25:00
KP018024,KW10194,2026-02-16,UK,Mobile,595,45.0,9,284,3.17,2026-02-16 07:12:00
KP018025,KW11594,2026-02-17,CA,Mobile,1429,21.0,52,736,7.07,2026-02-17 02:09:00
KP018026,KW10304,2026-02-18,US,Desktop,1902,8.0,47,536,8.77,2026-02-18 22:28:00
KP018027,KW11088,2026-02-19,CA,Desktop,2270,15.0,116,1242,9.34,2026-02-19 00:26:00
KP018028,KW10532,2026-02-20,BR,Mobile,7346,2.0,197,979,20.12,2026-02-20 02:38:00
KP018029,KW10339,2026-02-21,DE,Desktop,3208,31.0,58,1003,5.78,2026-02-21 22:24:00
KP018030,KW10224,2026-02-22,CA,Mobile,1183,20.0,35,487,7.19,2026-02-22 12:22:00
KP018031,KW10016,2026-02-23,JP,Desktop,5647,45.0,134,2610,5.13,2026-02-23 21:32:00
KP018032,KW11823,2026-02-24,DE,Mobile,1304,44.0,24,464,5.17,2026-02-24 21:31:00
KP018033,KW10063,2026-02-25,DE,Desktop,8682,26.0,35,647,5.41,2026-02-25 14:39:00
KP018034,KW10690,2026-02-26,JP,Desktop,3837,38.0,76,1956,3.89,2026-02-26 09:01:00
KP018035,KW11966,2026-02-27,AU,Desktop,5133,26.0,32,547,5.85,2026-02-27 05:37:00
KP018036,KW11831,2026-02-28,CA,Mobile,1899,35.0,35,585,5.98,2026-02-28 14:56:00
KP018037,KW10235,2026-03-01,AU,Desktop,2077,9.0,42,488,8.61,2026-03-01 15:56:00
KP018038,KW11161,2026-03-02,UK,Mobile,4182,46.0,35,841,4.16,2026-03-02 05:14:00
KP018039,KW11807,2026-03-03,AU,Tablet,2372,45.0,28,605,4.63,2026-03-03 01:29:00
KP018040,KW10105,2026-03-04,AU,Mobile,1398,23.0,12,188,6.38,2026-03-04 16:29:00
KP018041,KW11941,2026-03-05,MX,Desktop,2060,1.0,190,545,34.86,2026-03-05 21:43:00
KP018042,KW11256,2026-03-06,DE,Mobile,4824,27.0,64,1481,4.32,2026-03-06 03:43:00
KP018043,KW11016,2026-03-07,MX,Mobile,2180,50.0,9,254,3.54,2026-03-07 05:20:00
KP018044,KW10175,2026-03-08,FR,Tablet,1725,44.0,39,877,4.45,2026-03-08 01:58:00
KP018045,KW10892,2026-03-09,DE,Desktop,3802,50.0,94,1906,4.93,2026-03-09 09:46:00
KP018046,KW10803,2026-03-10,JP,Mobile,1305,24.0,20,305,6.56,2026-03-10 01:02:00
KP018047,KW11662,2026-03-11,MX,Tablet,5455,28.0,48,794,6.05,2026-03-11 18:47:00
KP018048,KW11944,2026-03-12,US,Tablet,1889,37.0,36,623,5.78,2026-03-12 03:56:00
KP018049,KW11197,2026-03-13,DE,Mobile,1754,9.0,36,330,10.91,2026-03-13 18:51:00
KP018050,KW11337,2026-03-14,IN,Mobile,4747,31.0,125,2074,6.03,2026-03-14 09:01:00
KP018051,KW10491,2026-03-15,BR,Mobile,2266,33.0,57,1180,4.83,2026-03-15 16:48:00
KP018052,KW11172,2026-03-16,AU,Mobile,7630,49.0,81,1871,4.33,2026-03-16 00:24:00
KP018053,KW10240,2026-03-17,CA,Mobile,4706,26.0,60,1043,5.75,2026-03-17 06:57:00
KP018054,KW11109,2026-03-18,AU,Mobile,957,48.0,14,388,3.61,2026-03-18 10:51:00
KP018055,KW10360,2026-03-19,FR,Mobile,8852,48.0,38,1078,3.53,2026-03-19 01:45:00
KP018056,KW10306,2026-03-20,MX,Mobile,1667,50.0,19,480,3.96,2026-03-20 17:53:00
KP018057,KW10120,2026-03-21,DE,Desktop,598,41.0,4,113,3.54,2026-03-21 06:55:00
KP018058,KW11539,2026-03-22,US,Desktop,786,37.0,10,291,3.44,2026-03-22 13:25:00
KP018059,KW11958,2026-03-23,MX,Mobile,1636,31.0,37,598,6.19,2026-03-23 23:38:00
KP018060,KW11873,2026-03-24,DE,Desktop,2454,47.0,25,537,4.66,2026-03-24 10:11:00
KP018061,KW11510,2026-03-25,BR,Mobile,4854,30.0,41,645,6.36,2026-03-25 03:31:00
KP018062,KW11467,2026-03-26,MX,Mobile,1917,30.0,11,178,6.18,2026-03-26 22:50:00
KP018063,KW11940,2026-03-27,JP,Desktop,5338,50.0,104,2503,4.16,2026-03-27 07:26:00
KP018064,KW11010,2026-03-28,FR,Mobile,3043,3.0,112,709,15.8,2026-03-28 18:40:00
KP018065,KW11947,2026-03-29,JP,Desktop,2828,16.0,93,1255,7.41,2026-03-29 00:25:00
KP018066,KW11001,2026-03-30,CA,Mobile,4695,2.0,484,2019,23.97,2026-03-30 05:56:00
KP018067,KW10856,2026-03-31,JP,Desktop,1181,34.0,19,358,5.31,2026-03-31 13:50:00
KP018068,KW11705,2026-04-01,JP,Desktop,1485,3.0,77,478,16.11,2026-04-01 08:48:00
KP018069,KW11876,2026-04-02,FR,Desktop,8698,31.0,114,2321,4.91,2026-04-02 02:44:00
KP018070,KW10888,2026-04-03,CA,Mobile,8582,36.0,43,1001,4.3,2026-04-03 23:10:00
KP018071,KW10705,2026-04-04,IN,Desktop,1016,50.0,5,154,3.25,2026-04-04 23:38:00
KP018072,KW11256,2026-04-05,US,Mobile,4732,16.0,207,2302,8.99,2026-04-05 23:29:00
KP018073,KW11784,2026-04-06,UK,Desktop,741,38.0,16,323,4.95,2026-04-06 14:21:00
KP018074,KW11502,2026-04-07,AU,Desktop,4463,1.0,677,1936,34.97,2026-04-07 23:27:00
KP018075,KW11143,2026-04-08,UK,Mobile,3983,29.0,92,1803,5.1,2026-04-08 05:39:00
KP018076,KW11766,2026-04-09,BR,Mobile,7501,50.0,35,1002,3.49,2026-04-09 03:52:00
KP018077,KW10517,2026-04-10,IN,Desktop,9402,21.0,288,4096,7.03,2026-04-10 17:28:00
KP018078,KW10066,2026-04-11,UK,Desktop,303,49.0,2,68,2.94,2026-04-11 11:20:00
KP018079,KW10363,2026-04-12,BR,Desktop,2173,8.0,21,241,8.71,2026-04-12 21:18:00
KP018080,KW11807,2026-04-13,CA,Desktop,3946,5.0,135,889,15.19,2026-04-13 07:02:00
KP018081,KW10459,2026-04-14,BR,Desktop,2908,29.0,53,892,5.94,2026-04-14 12:27:00
KP018082,KW10849,2026-04-15,JP,Desktop,2672,36.0,24,657,3.65,2026-04-15 15:02:00
KP018083,KW10789,2026-04-16,CA,Mobile,1092,25.0,21,335,6.27,2026-04-16 08:40:00
KP018084,KW11305,2026-04-17,AU,Mobile,1919,48.0,17,488,3.48,2026-04-17 03:12:00
KP018085,KW11030,2026-04-18,UK,Desktop,2429,18.0,46,617,7.46,2026-04-18 10:17:00
KP018086,KW10763,2026-04-19,DE,Desktop,5373,9.0,247,2736,9.03,2026-04-19 16:14:00
KP018087,KW10487,2026-04-20,BR,Desktop,1501,17.0,40,577,6.93,2026-04-20 23:34:00
KP018088,KW11783,2026-04-21,MX,Desktop,7156,4.0,644,3342,19.27,2026-04-21 07:20:00
KP018089,KW11874,2026-04-22,MX,Mobile,11291,45.0,238,4816,4.94,2026-04-22 19:52:00
KP018090,KW10283,2026-04-23,DE,Mobile,4203,43.0,69,1424,4.85,2026-04-23 16:25:00
KP018091,KW10446,2026-04-24,UK,Tablet,1705,38.0,43,788,5.46,2026-04-24 06:20:00
KP018092,KW10977,2026-04-25,AU,Mobile,2269,39.0,26,597,4.36,2026-04-25 17:09:00
KP018093,KW11134,2026-04-26,JP,Mobile,733,17.0,4,82,4.88,2026-04-26 05:08:00
KP018094,KW11679,2026-04-27,CA,Mobile,5011,41.0,137,2509,5.46,2026-04-27 03:23:00
KP018095,KW11262,2026-04-28,IN,Mobile,5758,34.0,79,1294,6.11,2026-04-28 12:59:00
KP018096,KW11400,2026-04-29,BR,Desktop,2523,33.0,21,370,5.68,2026-04-29 00:55:00
KP018097,KW11517,2026-04-30,BR,Desktop,2458,12.0,30,425,7.06,2026-04-30 11:12:00
KP018098,KW11061,2026-05-01,UK,Desktop,1500,27.0,29,629,4.61,2026-05-01 21:42:00
KP018099,KW11621,2026-05-02,FR,Desktop,4344,11.0,148,1283,11.54,2026-05-02 11:18:00
KP018100,KW11595,2026-05-03,UK,Desktop,2277,34.0,45,869,5.18,2026-05-03 04:43:00
KP018101,KW11229,2026-05-04,JP,Mobile,6540,2.0,288,1303,22.1,2026-05-04 23:16:00
KP018102,KW10357,2026-05-05,FR,Mobile,1296,27.0,40,699,5.72,2026-05-05 10:06:00
KP018103,KW11356,2026-05-06,MX,Desktop,1698,37.0,40,897,4.46,2026-05-06 21:37:00
KP018104,KW10987,2026-05-07,BR,Desktop,3645,6.0,152,1132,13.43,2026-05-07 08:28:00
KP018105,KW11359,2026-05-08,US,Desktop,2335,34.0,22,425,5.18,2026-05-08 06:38:00
KP018106,KW10880,2026-05-09,JP,Mobile,1340,2.0,28,149,18.79,2026-05-09 01:20:00
KP018107,KW11500,2026-05-10,IN,Tablet,947,19.0,27,483,5.59,2026-05-10 23:09:00
KP018108,KW10983,2026-05-11,MX,Desktop,3046,14.0,85,1364,6.23,2026-05-11 23:16:00
KP018109,KW10852,2026-05-12,CA,Desktop,2203,48.0,9,223,4.04,2026-05-12 16:04:00
KP018110,KW11901,2026-05-13,FR,Mobile,6899,38.0,168,3601,4.67,2026-05-13 10:31:00
KP018111,KW10403,2026-05-14,JP,Tablet,7620,44.0,151,3254,4.64,2026-05-14 01:37:00
KP018112,KW10407,2026-05-15,JP,Desktop,6831,37.0,72,2012,3.58,2026-05-15 23:14:00
KP018113,KW10842,2026-05-16,MX,Desktop,5249,21.0,80,1086,7.37,2026-05-16 19:23:00
KP018114,KW11173,2026-05-17,UK,Tablet,3087,45.0,53,1582,3.35,2026-05-17 00:25:00
KP018115,KW10533,2026-05-18,MX,Mobile,1268,25.0,16,269,5.95,2026-05-18 10:57:00
KP018116,KW11002,2026-05-19,JP,Mobile,6139,37.0,146,2830,5.16,2026-05-19 17:46:00
KP018117,KW10751,2026-05-20,JP,Desktop,923,44.0,10,261,3.83,2026-05-20 03:54:00
KP018118,KW10729,2026-05-21,BR,Mobile,1784,15.0,20,213,9.39,2026-05-21 21:56:00
KP018119,KW10285,2026-05-22,US,Mobile,1823,26.0,36,663,5.43,2026-05-22 18:43:00
KP018120,KW10130,2026-05-23,US,Mobile,1575,35.0,4,107,3.74,2026-05-23 07:55:00
KP018121,KW10591,2026-05-24,US,Mobile,977,38.0,20,501,3.99,2026-05-24 08:09:00
KP018122,KW10134,2026-05-25,CA,Desktop,854,7.0,30,293,10.24,2026-05-25 03:17:00
KP018123,KW10089,2026-05-26,US,Desktop,4034,2.0,462,1574,29.35,2026-05-26 01:17:00
KP018124,KW10708,2026-05-27,MX,Desktop,2413,1.0,120,343,34.99,2026-05-27 03:28:00
KP018125,KW11748,2026-05-28,UK,Mobile,7323,40.0,157,3492,4.5,2026-05-28 09:20:00
KP018126,KW10703,2026-05-29,DE,Mobile,1296,17.0,39,635,6.14,2026-05-29 14:16:00
KP018127,KW11738,2026-05-30,BR,Desktop,987,7.0,27,290,9.31,2026-05-30 18:10:00
KP018128,KW10027,2026-05-31,UK,Desktop,21157,36.0,164,4126,3.97,2026-05-31 08:20:00
KP018374,KW11222,2026-02-01,JP,Desktop,1065,13.0,5,61,8.2,2026-02-01 02:29:00
KP018375,KW10386,2026-02-02,BR,Mobile,4190,33.0,49,1186,4.13,2026-02-02 20:33:00
KP018376,KW10727,2026-02-03,MX,Mobile,3137,40.0,39,803,4.86,2026-02-03 02:48:00
KP018377,KW10272,2026-02-04,MX,Desktop,823,17.0,12,171,7.02,2026-02-04 11:29:00
KP018378,KW11245,2026-02-05,DE,Desktop,4480,27.0,139,2116,6.57,2026-02-05 10:41:00
KP018379,KW11416,2026-02-06,CA,Desktop,508,44.0,2,60,3.33,2026-02-06 16:37:00
KP018380,KW10108,2026-02-07,IN,Desktop,2736,13.0,12,145,8.28,2026-02-07 02:20:00
KP018381,KW11384,2026-02-08,MX,Mobile,4006,23.0,78,1100,7.09,2026-02-08 15:45:00
KP018382,KW10629,2026-02-09,FR,Desktop,3149,22.0,61,1051,5.8,2026-02-09 02:00:00
KP018383,KW11115,2026-02-10,BR,Desktop,5127,10.0,162,1849,8.76,2026-02-10 13:33:00
KP018384,KW11117,2026-02-11,UK,Mobile,683,46.0,13,295,4.41,2026-02-11 08:18:00
KP018385,KW11246,2026-02-12,AU,Mobile,5834,3.0,216,1113,19.41,2026-02-12 14:10:00
KP018386,KW10817,2026-02-13,IN,Mobile,2319,35.0,38,873,4.35,2026-02-13 01:49:00
KP018387,KW11257,2026-02-14,US,Desktop,3649,16.0,120,1831,6.55,2026-02-14 10:01:00
KP018388,KW10770,2026-02-15,CA,Mobile,4806,22.0,157,2052,7.65,2026-02-15 04:40:00
KP018389,KW11211,2026-02-16,UK,Desktop,2599,40.0,23,632,3.64,2026-02-16 09:54:00
KP018390,KW10908,2026-02-17,JP,Mobile,2853,20.0,79,1285,6.15,2026-02-17 19:02:00
KP018391,KW10441,2026-02-18,BR,Desktop,8540,1.0,1067,3050,34.98,2026-02-18 00:18:00
KP018392,KW10082,2026-02-19,BR,Desktop,2523,40.0,56,1275,4.39,2026-02-19 23:24:00
KP018393,KW10893,2026-02-20,IN,Desktop,1007,28.0,17,331,5.14,2026-02-20 08:31:00
KP018394,KW11293,2026-02-21,BR,Desktop,463,23.0,5,73,6.85,2026-02-21 22:39:00
KP018395,KW11523,2026-02-22,JP,Mobile,4865,26.0,129,2088,6.18,2026-02-22 06:11:00
KP018396,KW10769,2026-02-23,US,Desktop,9966,11.0,248,3425,7.24,2026-02-23 03:36:00
KP018397,KW10452,2026-02-24,UK,Desktop,12301,1.0,247,792,31.19,2026-02-24 23:34:00
KP018398,KW11941,2026-02-25,MX,Mobile,1354,25.0,44,672,6.55,2026-02-25 12:54:00
KP018399,KW10943,2026-02-26,CA,Mobile,928,14.0,19,194,9.79,2026-02-26 16:22:00
KP018400,KW11809,2026-02-27,JP,Desktop,2889,12.0,54,716,7.54,2026-02-27 17:03:00
KP018401,KW11711,2026-02-28,MX,Mobile,2593,25.0,39,747,5.22,2026-02-28 03:22:00
KP018402,KW10157,2026-03-01,AU,Desktop,2365,9.0,31,289,10.73,2026-03-01 07:06:00
KP018403,KW10252,2026-03-02,MX,Desktop,9234,33.0,143,3368,4.25,2026-03-02 03:38:00
KP018404,KW10102,2026-03-03,CA,Desktop,6794,5.0,297,1921,15.46,2026-03-03 20:05:00
KP018405,KW11383,2026-03-04,AU,Desktop,7432,36.0,118,2643,4.46,2026-03-04 02:23:00
KP018406,KW11603,2026-03-05,MX,Mobile,2358,13.0,65,793,8.2,2026-03-05 04:56:00
KP018407,KW10458,2026-03-06,JP,Desktop,3916,33.0,99,2107,4.7,2026-03-06 01:35:00
KP018408,KW11827,2026-03-07,FR,Desktop,2147,8.0,59,591,9.98,2026-03-07 08:29:00
KP018409,KW11617,2026-03-08,IN,Desktop,17657,50.0,133,3383,3.93,2026-03-08 12:40:00
KP018410,KW10739,2026-03-09,IN,Desktop,1128,31.0,12,283,4.24,2026-03-09 20:21:00
KP018411,KW11023,2026-03-10,FR,Mobile,9649,21.0,193,3584,5.39,2026-03-10 23:11:00
KP018412,KW10539,2026-03-11,MX,Desktop,1627,31.0,30,513,5.85,2026-03-11 03:22:00
KP018413,KW11286,2026-03-12,UK,Mobile,15133,15.0,493,6757,7.3,2026-03-12 18:01:00
KP018414,KW11799,2026-03-13,BR,Mobile,5459,40.0,83,1909,4.35,2026-03-13 22:56:00
KP018415,KW11170,2026-03-14,BR,Tablet,1981,44.0,22,690,3.19,2026-03-14 21:37:00
KP018416,KW11419,2026-03-15,FR,Mobile,846,16.0,18,303,5.94,2026-03-15 19:17:00
KP018417,KW11801,2026-03-16,BR,Desktop,15394,10.0,270,2630,10.27,2026-03-16 00:20:00
KP018418,KW10586,2026-03-17,DE,Desktop,4178,48.0,79,1780,4.44,2026-03-17 21:00:00
KP018419,KW10722,2026-03-18,FR,Desktop,4319,15.0,68,812,8.37,2026-03-18 04:09:00
KP018420,KW10171,2026-03-19,UK,Mobile,5831,13.0,163,1997,8.16,2026-03-19 02:51:00
KP018421,KW11097,2026-03-20,MX,Mobile,5693,27.0,88,2037,4.32,2026-03-20 08:01:00
KP018422,KW11102,2026-03-21,JP,Desktop,467,7.0,36,244,14.75,2026-03-21 08:44:00
KP018423,KW10997,2026-03-22,UK,Tablet,2423,18.0,15,255,5.88,2026-03-22 19:26:00
KP018424,KW10324,2026-03-23,DE,Desktop,2420,11.0,27,243,11.11,2026-03-23 14:12:00
KP018425,KW10584,2026-03-24,IN,Mobile,4888,26.0,30,593,5.06,2026-03-24 11:31:00
KP018426,KW11463,2026-03-25,JP,Desktop,1099,37.0,27,538,5.02,2026-03-25 18:15:00
KP018427,KW11090,2026-03-26,JP,Desktop,3345,42.0,61,1113,5.48,2026-03-26 14:49:00
KP018428,KW10131,2026-03-27,BR,Mobile,5614,43.0,123,2761,4.45,2026-03-27 09:33:00
KP018429,KW11993,2026-03-28,BR,Desktop,4138,30.0,117,2170,5.39,2026-03-28 13:23:00
KP018430,KW11765,2026-03-29,AU,Mobile,5766,17.0,33,508,6.5,2026-03-29 21:30:00
KP018431,KW10138,2026-03-30,BR,Mobile,1040,30.0,16,364,4.4,2026-03-30 03:41:00
KP018432,KW11851,2026-03-31,IN,Desktop,1263,31.0,25,406,6.16,2026-03-31 12:14:00
KP018433,KW11189,2026-04-01,DE,Desktop,2090,39.0,61,1124,5.43,2026-04-01 03:24:00
KP018434,KW10922,2026-04-02,IN,Mobile,2365,50.0,8,162,4.94,2026-04-02 00:39:00
KP018435,KW10342,2026-04-03,FR,Mobile,2694,50.0,41,1264,3.24,2026-04-03 11:25:00
KP018436,KW10212,2026-04-04,FR,Tablet,4588,46.0,108,2415,4.47,2026-04-04 05:40:00
KP018437,KW11232,2026-04-05,MX,Mobile,4020,24.0,39,548,7.12,2026-04-05 13:25:00
KP018438,KW10869,2026-04-06,UK,Mobile,6279,9.0,161,1709,9.42,2026-04-06 19:40:00
KP018439,KW11346,2026-04-07,JP,Desktop,1249,25.0,8,127,6.3,2026-04-07 01:07:00
KP018440,KW11951,2026-04-08,CA,Mobile,2677,47.0,12,332,3.61,2026-04-08 00:47:00
KP018441,KW10739,2026-04-09,AU,Desktop,1476,32.0,7,167,4.19,2026-04-09 22:27:00
KP018442,KW11631,2026-04-10,FR,Mobile,13424,40.0,335,7225,4.64,2026-04-10 04:30:00
KP018443,KW10478,2026-04-11,UK,Mobile,2562,11.0,32,304,10.53,2026-04-11 14:11:00
KP018444,KW11473,2026-04-12,US,Mobile,4674,8.0,161,1465,10.99,2026-04-12 18:47:00
KP018445,KW11655,2026-04-13,JP,Mobile,966,17.0,27,352,7.67,2026-04-13 14:00:00
KP018446,KW11278,2026-04-14,FR,Mobile,6175,39.0,29,541,5.36,2026-04-14 20:06:00
KP018447,KW11343,2026-04-15,MX,Desktop,1430,7.0,56,584,9.59,2026-04-15 02:31:00
KP018448,KW10339,2026-04-16,IN,Desktop,4662,11.0,103,955,10.79,2026-04-16 06:27:00
KP018449,KW10182,2026-04-17,FR,Mobile,1535,27.0,34,714,4.76,2026-04-17 03:14:00
KP018450,KW10353,2026-04-18,UK,Desktop,847,9.0,47,412,11.41,2026-04-18 00:46:00
KP018451,KW11848,2026-04-19,JP,Mobile,2060,39.0,30,874,3.43,2026-04-19 07:19:00
KP018452,KW11419,2026-04-20,MX,Desktop,743,35.0,8,160,5.0,2026-04-20 22:28:00
KP018453,KW11010,2026-04-21,FR,Desktop,579,46.0,5,164,3.05,2026-04-21 06:27:00
KP018454,KW11435,2026-04-22,US,Mobile,3141,2.0,315,1128,27.93,2026-04-22 00:19:00
KP018455,KW11474,2026-04-23,MX,Desktop,8180,33.0,148,3442,4.3,2026-04-23 00:34:00
KP018456,KW10021,2026-04-24,DE,Mobile,12013,47.0,147,2981,4.93,2026-04-24 06:02:00
KP018457,KW11550,2026-04-25,DE,Mobile,10622,37.0,84,1770,4.75,2026-04-25 11:51:00
KP018458,KW11924,2026-04-26,IN,Mobile,2062,47.0,36,806,4.47,2026-04-26 10:06:00
KP018459,KW11561,2026-04-27,BR,Desktop,515,25.0,13,251,5.18,2026-04-27 18:51:00
KP018460,KW10751,2026-04-28,US,Desktop,1174,47.0,11,274,4.01,2026-04-28 19:02:00
KP018461,KW11474,2026-04-29,BR,Desktop,3187,8.0,200,1515,13.2,2026-04-29 05:55:00
KP018462,KW11068,2026-04-30,BR,Desktop,1152,41.0,20,399,5.01,2026-04-30 16:48:00
KP018463,KW10332,2026-05-01,CA,Desktop,8325,27.0,203,3879,5.23,2026-05-01 07:53:00
KP018464,KW11199,2026-05-02,UK,Tablet,4629,48.0,55,1289,4.27,2026-05-02 11:16:00
KP018465,KW10892,2026-05-03,DE,Mobile,5373,30.0,86,2061,4.17,2026-05-03 15:35:00
KP018466,KW10258,2026-05-04,BR,Mobile,3730,6.0,127,868,14.63,2026-05-04 06:01:00
KP018467,KW10932,2026-05-05,CA,Desktop,3594,20.0,136,1931,7.04,2026-05-05 03:39:00
KP018468,KW10950,2026-05-06,DE,Desktop,2090,45.0,6,139,4.32,2026-05-06 14:46:00
KP018469,KW10426,2026-05-07,UK,Desktop,23530,32.0,456,10390,4.39,2026-05-07 08:31:00
KP018470,KW10461,2026-05-08,MX,Mobile,679,32.0,11,251,4.38,2026-05-08 14:07:00
KP018471,KW11756,2026-05-09,UK,Desktop,1933,46.0,22,554,3.97,2026-05-09 06:28:00
KP018472,KW10057,2026-05-10,CA,Mobile,223,23.0,3,54,5.56,2026-05-10 13:04:00
KP018473,KW11956,2026-05-11,JP,Mobile,1020,33.0,4,117,3.42,2026-05-11 04:07:00
KP018474,KW10611,2026-05-12,IN,Desktop,1494,46.0,8,160,5.0,2026-05-12 21:38:00
KP018475,KW11346,2026-05-13,AU,Mobile,3279,34.0,56,1334,4.2,2026-05-13 21:25:00
KP018476,KW10490,2026-05-14,JP,Mobile,6557,48.0,34,767,4.43,2026-05-14 08:57:00
KP018477,KW11098,2026-05-15,CA,Mobile,3253,18.0,29,434,6.68,2026-05-15 10:16:00
KP018478,KW11775,2026-05-16,FR,Desktop,1035,3.0,98,429,22.84,2026-05-16 17:01:00
KP018479,KW10666,2026-05-17,MX,Mobile,6896,31.0,123,2893,4.25,2026-05-17 08:45:00
KP018480,KW11731,2026-05-18,FR,Mobile,6611,12.0,100,1362,7.34,2026-05-18 04:19:00
KP018481,KW11381,2026-05-19,BR,Desktop,3903,40.0,26,639,4.07,2026-05-19 23:03:00
KP018482,KW10161,2026-05-20,AU,Mobile,9460,17.0,283,3705,7.64,2026-05-20 07:14:00
KP018483,KW10332,2026-05-21,CA,Mobile,3801,13.0,107,1505,7.11,2026-05-21 13:38:00
KP018484,KW10394,2026-05-22,DE,Mobile,682,17.0,9,107,8.41,2026-05-22 23:25:00
KP018485,KW11265,2026-05-23,IN,Mobile,2752,16.0,68,1008,6.75,2026-05-23 05:08:00
KP018486,KW11379,2026-05-24,US,Desktop,1899,1.0,321,919,34.93,2026-05-24 17:58:00
KP018487,KW10294,2026-05-25,CA,Mobile,2563,28.0,38,778,4.88,2026-05-25 02:47:00
KP018488,KW10305,2026-05-26,AU,Desktop,8115,24.0,51,1051,4.85,2026-05-26 02:49:00
KP018489,KW11998,2026-05-27,MX,Mobile,5321,17.0,117,1939,6.03,2026-05-27 23:43:00
KP018490,KW10554,2026-05-28,AU,Desktop,6001,23.0,22,315,6.98,2026-05-28 18:27:00
KP018491,KW10590,2026-05-29,JP,Mobile,4213,31.0,87,2075,4.19,2026-05-29 19:20:00
KP018492,KW10295,2026-05-30,FR,Tablet,4637,3.0,332,2184,15.2,2026-05-30 04:54:00
KP018493,KW11920,2026-05-31,MX,Mobile,3274,3.0,251,1217,20.62,2026-05-31 18:26:00
KP018739,KW11600,2026-02-01,BR,Mobile,653,16.0,3,46,6.52,2026-02-01 06:01:00
KP018740,KW10896,2026-02-02,BR,Tablet,4926,29.0,58,935,6.2,2026-02-02 20:42:00
KP018741,KW11203,2026-02-03,US,Desktop,4701,43.0,52,989,5.26,2026-02-03 08:18:00
KP018742,KW11287,2026-02-04,FR,Mobile,1829,41.0,29,766,3.79,2026-02-04 11:24:00
KP018743,KW11736,2026-02-05,BR,Desktop,4793,13.0,193,2559,7.54,2026-02-05 10:32:00
KP018744,KW11040,2026-02-06,JP,Mobile,3714,3.0,78,458,17.03,2026-02-06 04:45:00
KP018745,KW11955,2026-02-07,CA,Desktop,749,39.0,9,200,4.5,2026-02-07 19:03:00
KP018746,KW10936,2026-02-08,CA,Mobile,14862,14.0,737,7948,9.27,2026-02-08 12:03:00
KP018747,KW11300,2026-02-09,BR,Mobile,1006,27.0,23,382,6.02,2026-02-09 19:10:00
KP018748,KW11600,2026-02-10,MX,Desktop,2293,20.0,9,134,6.72,2026-02-10 21:09:00
KP018749,KW10382,2026-02-11,DE,Desktop,34140,43.0,521,14231,3.66,2026-02-11 11:16:00
KP018750,KW11743,2026-02-12,BR,Mobile,4962,17.0,235,2657,8.84,2026-02-12 22:39:00
KP018751,KW11968,2026-02-13,MX,Desktop,1831,30.0,13,330,3.94,2026-02-13 22:15:00
KP018752,KW10715,2026-02-14,AU,Desktop,263,41.0,5,140,3.57,2026-02-14 22:22:00
KP018753,KW10576,2026-02-15,FR,Desktop,876,47.0,9,249,3.61,2026-02-15 12:53:00
KP018754,KW11265,2026-02-16,US,Mobile,450,16.0,2,30,6.67,2026-02-16 11:52:00
KP018755,KW11716,2026-02-17,DE,Mobile,9846,3.0,180,789,22.81,2026-02-17 11:29:00
KP018756,KW11948,2026-02-18,UK,Tablet,3213,8.0,105,938,11.19,2026-02-18 06:21:00
KP018757,KW10705,2026-02-19,AU,Mobile,11344,10.0,193,2109,9.15,2026-02-19 01:41:00
KP018758,KW10236,2026-02-20,FR,Mobile,12105,44.0,61,1665,3.66,2026-02-20 16:03:00
KP018759,KW10278,2026-02-21,UK,Desktop,843,7.0,9,76,11.84,2026-02-21 20:27:00
KP018760,KW10913,2026-02-22,DE,Desktop,11972,9.0,742,5890,12.6,2026-02-22 10:11:00
KP018761,KW11633,2026-02-23,DE,Desktop,2526,6.0,64,562,11.39,2026-02-23 12:18:00
KP018762,KW11271,2026-02-24,IN,Mobile,9378,10.0,168,1668,10.07,2026-02-24 01:15:00
KP018763,KW10870,2026-02-25,US,Mobile,3343,44.0,66,1333,4.95,2026-02-25 19:02:00
KP018764,KW10643,2026-02-26,BR,Mobile,5537,1.0,203,581,34.94,2026-02-26 10:21:00
KP018765,KW10483,2026-02-27,CA,Mobile,319,34.0,10,173,5.78,2026-02-27 14:44:00
KP018766,KW11055,2026-02-28,JP,Desktop,1390,2.0,129,595,21.68,2026-02-28 00:13:00
KP018767,KW11850,2026-03-01,CA,Desktop,2463,25.0,26,579,4.49,2026-03-01 20:27:00
KP018768,KW11594,2026-03-02,AU,Mobile,1546,9.0,9,89,10.11,2026-03-02 03:58:00
KP018769,KW11630,2026-03-03,FR,Mobile,3815,10.0,39,496,7.86,2026-03-03 06:35:00
KP018770,KW10340,2026-03-04,IN,Desktop,2629,31.0,70,1151,6.08,2026-03-04 07:41:00
KP018771,KW11926,2026-03-05,DE,Mobile,1967,37.0,19,332,5.72,2026-03-05 09:26:00
KP018772,KW10858,2026-03-06,JP,Desktop,2792,45.0,32,910,3.52,2026-03-06 23:03:00
KP018773,KW11977,2026-03-07,JP,Mobile,2138,46.0,25,692,3.61,2026-03-07 05:11:00
KP018774,KW11678,2026-03-08,IN,Mobile,4042,26.0,48,760,6.32,2026-03-08 14:01:00
KP018775,KW11966,2026-03-09,JP,Mobile,2438,41.0,43,1037,4.15,2026-03-09 05:10:00
KP018776,KW10243,2026-03-10,BR,Mobile,7420,46.0,25,514,4.86,2026-03-10 10:39:00
KP018777,KW10616,2026-03-11,BR,Desktop,2600,28.0,6,140,4.29,2026-03-11 23:32:00
KP018778,KW11725,2026-03-12,FR,Desktop,3101,27.0,76,1218,6.24,2026-03-12 21:00:00
KP018779,KW10973,2026-03-13,JP,Desktop,399,27.0,5,88,5.68,2026-03-13 11:11:00
KP018780,KW11937,2026-03-14,UK,Desktop,1332,26.0,9,156,5.77,2026-03-14 01:29:00
KP018781,KW10204,2026-03-15,US,Desktop,1935,42.0,35,1002,3.49,2026-03-15 18:35:00
KP018782,KW11106,2026-03-16,JP,Desktop,3260,44.0,64,1279,5.0,2026-03-16 20:42:00
KP018783,KW11807,2026-03-17,DE,Mobile,4123,31.0,93,2227,4.18,2026-03-17 01:25:00
KP018784,KW11625,2026-03-18,MX,Desktop,2356,20.0,60,1187,5.05,2026-03-18 08:06:00
KP018785,KW10643,2026-03-19,FR,Desktop,23301,15.0,858,9992,8.59,2026-03-19 01:52:00
KP018786,KW10312,2026-03-20,MX,Mobile,2816,34.0,69,1443,4.78,2026-03-20 11:00:00
KP018787,KW11245,2026-03-21,IN,Desktop,4887,48.0,91,1858,4.9,2026-03-21 20:22:00
KP018788,KW10434,2026-03-22,FR,Desktop,1325,22.0,33,666,4.95,2026-03-22 02:09:00
KP018789,KW10032,2026-03-23,BR,Mobile,5399,31.0,175,2872,6.09,2026-03-23 22:55:00
KP018790,KW11811,2026-03-24,JP,Desktop,828,29.0,19,302,6.29,2026-03-24 04:05:00
KP018791,KW10737,2026-03-25,US,Desktop,7421,3.0,620,3785,16.38,2026-03-25 12:19:00
KP018792,KW11117,2026-03-26,DE,Desktop,1339,31.0,40,645,6.2,2026-03-26 04:11:00
KP018793,KW11721,2026-03-27,JP,Mobile,2372,40.0,51,978,5.21,2026-03-27 09:44:00
KP018794,KW10667,2026-03-28,US,Desktop,2896,41.0,36,666,5.41,2026-03-28 13:02:00
KP018795,KW10380,2026-03-29,DE,Mobile,838,47.0,10,289,3.46,2026-03-29 15:33:00
KP018796,KW10618,2026-03-30,US,Desktop,16203,2.0,577,2405,23.99,2026-03-30 01:38:00
KP018797,KW10734,2026-03-31,US,Mobile,1451,5.0,89,675,13.19,2026-03-31 14:31:00
KP018798,KW10418,2026-04-01,FR,Desktop,3865,9.0,140,1753,7.99,2026-04-01 05:44:00
KP018799,KW10701,2026-04-02,JP,Desktop,1106,6.0,81,517,15.67,2026-04-02 07:29:00
KP018800,KW10243,2026-04-03,MX,Mobile,4303,15.0,56,752,7.45,2026-04-03 08:34:00
KP018801,KW11622,2026-04-04,MX,Mobile,2504,7.0,136,1147,11.86,2026-04-04 23:21:00
KP018802,KW10195,2026-04-05,MX,Mobile,7200,12.0,232,2290,10.13,2026-04-05 17:38:00
KP018803,KW10073,2026-04-06,AU,Mobile,11915,49.0,141,3956,3.56,2026-04-06 10:54:00
KP018804,KW10245,2026-04-07,BR,Desktop,3009,18.0,53,859,6.17,2026-04-07 06:18:00
KP018805,KW10350,2026-04-08,DE,Desktop,4055,40.0,57,1303,4.37,2026-04-08 00:40:00
KP018806,KW11739,2026-04-09,FR,Mobile,5035,8.0,60,534,11.24,2026-04-09 06:28:00
KP018807,KW11847,2026-04-10,BR,Mobile,8012,34.0,162,3912,4.14,2026-04-10 19:46:00
KP018808,KW11363,2026-04-11,BR,Mobile,2448,22.0,56,841,6.66,2026-04-11 06:06:00
KP018809,KW11291,2026-04-12,BR,Mobile,855,6.0,37,253,14.62,2026-04-12 23:02:00
KP018810,KW10891,2026-04-13,CA,Mobile,3528,5.0,124,873,14.2,2026-04-13 00:17:00
KP018811,KW10068,2026-04-14,IN,Desktop,4263,5.0,233,1568,14.86,2026-04-14 02:34:00
KP018812,KW10248,2026-04-15,DE,Desktop,1122,35.0,22,518,4.25,2026-04-15 19:52:00
KP018813,KW10958,2026-04-16,JP,Desktop,14177,28.0,449,7178,6.26,2026-04-16 18:41:00
KP018814,KW10432,2026-04-17,DE,Mobile,4338,40.0,87,1617,5.38,2026-04-17 04:58:00
KP018815,KW11749,2026-04-18,FR,Mobile,854,4.0,48,271,17.71,2026-04-18 03:26:00
KP018816,KW10348,2026-04-19,UK,Desktop,18602,27.0,472,7389,6.39,2026-04-19 20:20:00
KP018817,KW10715,2026-04-20,CA,Desktop,2719,2.0,200,998,20.04,2026-04-20 20:11:00
KP018818,KW10933,2026-04-21,UK,Mobile,1222,20.0,8,114,7.02,2026-04-21 17:31:00
KP018819,KW10709,2026-04-22,AU,Desktop,8332,37.0,245,4402,5.57,2026-04-22 02:39:00
KP018820,KW10718,2026-04-23,JP,Desktop,4551,46.0,34,833,4.08,2026-04-23 15:05:00
KP018821,KW11765,2026-04-24,JP,Tablet,2573,36.0,13,274,4.74,2026-04-24 20:11:00
KP018822,KW10025,2026-04-25,MX,Mobile,5711,34.0,61,1171,5.21,2026-04-25 02:10:00
KP018823,KW11835,2026-04-26,IN,Desktop,7254,23.0,159,2386,6.66,2026-04-26 08:04:00
KP018824,KW11309,2026-04-27,DE,Mobile,2431,20.0,80,1145,6.99,2026-04-27 09:48:00
KP018825,KW11594,2026-04-28,JP,Mobile,4452,13.0,190,1880,10.11,2026-04-28 00:18:00
KP018826,KW10883,2026-04-29,DE,Mobile,3861,12.0,122,1200,10.17,2026-04-29 13:44:00
KP018827,KW10832,2026-04-30,DE,Mobile,2592,2.0,360,1294,27.82,2026-04-30 00:11:00
KP018828,KW11532,2026-05-01,JP,Desktop,6903,49.0,23,473,4.86,2026-05-01 12:22:00
KP018829,KW10892,2026-05-02,JP,Mobile,1732,6.0,90,850,10.59,2026-05-02 02:11:00
KP018830,KW10766,2026-05-03,FR,Mobile,2011,3.0,185,830,22.29,2026-05-03 21:56:00
KP018831,KW10794,2026-05-04,DE,Desktop,3270,25.0,11,174,6.32,2026-05-04 07:27:00
KP018832,KW10713,2026-05-05,FR,Mobile,1858,36.0,37,710,5.21,2026-05-05 05:02:00
KP018833,KW11952,2026-05-06,JP,Mobile,2806,32.0,15,392,3.83,2026-05-06 12:38:00
KP018834,KW11848,2026-05-07,AU,Mobile,784,27.0,3,57,5.26,2026-05-07 12:11:00
KP018835,KW10524,2026-05-08,US,Mobile,1415,3.0,108,652,16.56,2026-05-08 03:06:00
KP018836,KW10155,2026-05-09,DE,Mobile,3273,39.0,36,674,5.34,2026-05-09 11:39:00
KP018837,KW10635,2026-05-10,FR,Desktop,8860,18.0,52,647,8.04,2026-05-10 16:42:00
KP018838,KW11715,2026-05-11,UK,Mobile,3971,26.0,23,464,4.96,2026-05-11 16:51:00
KP018839,KW11970,2026-05-12,IN,Tablet,6814,13.0,39,411,9.49,2026-05-12 00:49:00
KP018840,KW10197,2026-05-13,US,Desktop,1430,22.0,37,708,5.23,2026-05-13 21:44:00
KP018841,KW10043,2026-05-14,IN,Mobile,7621,36.0,24,514,4.67,2026-05-14 12:35:00
KP018842,KW10429,2026-05-15,US,Desktop,1229,7.0,56,473,11.84,2026-05-15 17:43:00
KP018843,KW11048,2026-05-16,IN,Mobile,19252,42.0,328,9126,3.59,2026-05-16 20:31:00
KP018844,KW10656,2026-05-17,UK,Desktop,2563,3.0,168,937,17.93,2026-05-17 20:08:00
KP018845,KW10005,2026-05-18,US,Mobile,1596,32.0,25,491,5.09,2026-05-18 04:37:00
KP018846,KW10626,2026-05-19,JP,Desktop,1600,32.0,18,313,5.75,2026-05-19 05:07:00
KP018847,KW11722,2026-05-20,US,Desktop,7099,43.0,144,3713,3.88,2026-05-20 01:23:00
KP018848,KW10217,2026-05-21,FR,Mobile,1321,25.0,17,309,5.5,2026-05-21 22:34:00
KP018849,KW11351,2026-05-22,BR,Mobile,9868,5.0,567,3588,15.8,2026-05-22 06:20:00
KP018850,KW11450,2026-05-23,UK,Desktop,4546,23.0,117,1666,7.02,2026-05-23 07:25:00
KP018851,KW10493,2026-05-24,FR,Mobile,2700,40.0,27,526,5.13,2026-05-24 04:38:00
KP018852,KW10489,2026-05-25,UK,Mobile,6631,16.0,190,2443,7.78,2026-05-25 06:58:00
KP018853,KW11872,2026-05-26,IN,Desktop,3705,38.0,78,1391,5.61,2026-05-26 05:17:00
KP018854,KW11415,2026-05-27,IN,Desktop,1337,17.0,13,229,5.68,2026-05-27 00:16:00
KP018855,KW11060,2026-05-28,FR,Desktop,6203,19.0,164,1908,8.6,2026-05-28 00:28:00
KP018856,KW10009,2026-05-29,FR,Desktop,17023,28.0,372,8031,4.63,2026-05-29 09:16:00
KP018857,KW10446,2026-05-30,FR,Desktop,1669,11.0,50,495,10.1,2026-05-30 04:16:00
KP018858,KW11659,2026-05-31,JP,Desktop,2053,17.0,30,407,7.37,2026-05-31 22:39:00
KP019104,KW10087,2026-02-01,CA,Tablet,1570,11.0,44,466,9.44,2026-02-01 15:18:00
KP019105,KW10710,2026-02-02,US,Mobile,6798,48.0,93,2935,3.17,2026-02-02 04:52:00
KP019106,KW10602,2026-02-03,IN,Mobile,4469,11.0,49,634,7.73,2026-02-03 16:15:00
KP019107,KW11263,2026-02-04,CA,Desktop,8704,4.0,308,1514,20.34,2026-02-04 00:06:00
KP019108,KW10919,2026-02-05,JP,Desktop,2955,39.0,22,403,5.46,2026-02-05 18:08:00
KP019109,KW11330,2026-02-06,FR,Desktop,9277,6.0,242,2246,10.77,2026-02-06 22:58:00
KP019110,KW10176,2026-02-07,DE,Desktop,1150,37.0,35,624,5.61,2026-02-07 04:56:00
KP019111,KW10096,2026-02-08,UK,Desktop,5403,50.0,62,1438,4.31,2026-02-08 18:49:00
KP019112,KW11854,2026-02-09,US,Mobile,6132,37.0,99,2140,4.63,2026-02-09 18:48:00
KP019113,KW11822,2026-02-10,BR,Mobile,4164,37.0,27,473,5.71,2026-02-10 22:32:00
KP019114,KW11921,2026-02-11,AU,Mobile,1106,20.0,14,226,6.19,2026-02-11 05:03:00
KP019115,KW10984,2026-02-12,US,Mobile,4467,47.0,79,1811,4.36,2026-02-12 18:37:00
KP019116,KW10354,2026-02-13,JP,Mobile,3848,26.0,25,445,5.62,2026-02-13 01:15:00
KP019117,KW11556,2026-02-14,AU,Desktop,2404,42.0,45,876,5.14,2026-02-14 12:59:00
KP019118,KW11579,2026-02-15,CA,Mobile,4950,19.0,39,494,7.89,2026-02-15 21:40:00
KP019119,KW11467,2026-02-16,BR,Desktop,11073,40.0,178,4147,4.29,2026-02-16 19:30:00
KP019120,KW10701,2026-02-17,FR,Mobile,4760,41.0,24,485,4.95,2026-02-17 06:44:00
KP019121,KW10756,2026-02-18,DE,Mobile,6643,3.0,290,1625,17.85,2026-02-18 18:12:00
KP019122,KW10839,2026-02-19,US,Desktop,7730,31.0,262,4025,6.51,2026-02-19 09:46:00
KP019123,KW10754,2026-02-20,FR,Desktop,4641,46.0,16,480,3.33,2026-02-20 05:05:00
KP019124,KW11445,2026-02-21,IN,Mobile,3353,24.0,20,405,4.94,2026-02-21 06:36:00
KP019125,KW10847,2026-02-22,CA,Desktop,2485,19.0,35,670,5.22,2026-02-22 00:54:00
KP019126,KW11814,2026-02-23,BR,Desktop,942,21.0,3,55,5.45,2026-02-23 18:10:00
KP019127,KW11305,2026-02-24,UK,Mobile,5352,3.0,84,577,14.56,2026-02-24 01:24:00
KP019128,KW11824,2026-02-25,AU,Desktop,7360,19.0,316,3798,8.32,2026-02-25 19:14:00
KP019129,KW10387,2026-02-26,UK,Tablet,9304,4.0,364,2560,14.22,2026-02-26 21:16:00
KP019130,KW11659,2026-02-27,AU,Mobile,4910,44.0,109,2406,4.53,2026-02-27 03:24:00
KP019131,KW10221,2026-02-28,US,Desktop,1026,21.0,22,419,5.25,2026-02-28 20:45:00
KP019132,KW11980,2026-03-01,BR,Mobile,2234,48.0,11,241,4.56,2026-03-01 22:06:00
KP019133,KW11917,2026-03-02,BR,Mobile,3155,6.0,165,1276,12.93,2026-03-02 09:13:00
KP019134,KW11553,2026-03-03,BR,Mobile,913,25.0,9,210,4.29,2026-03-03 18:49:00
KP019135,KW11259,2026-03-04,FR,Desktop,4887,16.0,163,1764,9.24,2026-03-04 19:41:00
KP019136,KW10907,2026-03-05,US,Mobile,3893,40.0,117,2071,5.65,2026-03-05 06:24:00
KP019137,KW10172,2026-03-06,AU,Mobile,6598,40.0,27,662,4.08,2026-03-06 18:25:00
KP019138,KW10102,2026-03-07,IN,Mobile,6141,16.0,271,3104,8.73,2026-03-07 01:50:00
KP019139,KW11304,2026-03-08,AU,Mobile,3445,42.0,46,1003,4.59,2026-03-08 12:15:00
KP019140,KW10014,2026-03-09,UK,Mobile,3649,41.0,45,850,5.29,2026-03-09 18:44:00
KP019141,KW10383,2026-03-10,JP,Desktop,3203,6.0,136,842,16.15,2026-03-10 12:31:00
KP019142,KW10657,2026-03-11,UK,Desktop,2233,28.0,48,880,5.45,2026-03-11 01:13:00
KP019143,KW10121,2026-03-12,CA,Mobile,11408,9.0,494,3870,12.76,2026-03-12 07:10:00
KP019144,KW10939,2026-03-13,UK,Mobile,2640,36.0,45,891,5.05,2026-03-13 10:45:00
KP019145,KW10929,2026-03-14,MX,Desktop,10462,7.0,158,1485,10.64,2026-03-14 01:14:00
KP019146,KW10131,2026-03-15,UK,Mobile,3662,23.0,110,1420,7.75,2026-03-15 08:40:00
KP019147,KW10073,2026-03-16,BR,Mobile,6116,49.0,64,1507,4.25,2026-03-16 04:01:00
KP019148,KW11720,2026-03-17,AU,Desktop,939,3.0,79,472,16.74,2026-03-17 05:02:00
KP019149,KW11445,2026-03-18,UK,Mobile,5205,25.0,124,1693,7.32,2026-03-18 16:18:00
KP019150,KW11275,2026-03-19,IN,Desktop,1055,7.0,26,251,10.36,2026-03-19 09:37:00
KP019151,KW11016,2026-03-20,DE,Mobile,3948,29.0,18,271,6.64,2026-03-20 21:23:00
KP019152,KW10995,2026-03-21,FR,Mobile,2121,13.0,12,155,7.74,2026-03-21 13:48:00
KP019153,KW10429,2026-03-22,US,Desktop,1693,28.0,49,753,6.51,2026-03-22 01:18:00
KP019154,KW10858,2026-03-23,MX,Desktop,7229,27.0,39,916,4.26,2026-03-23 10:45:00
KP019155,KW11763,2026-03-24,BR,Mobile,1200,20.0,31,395,7.85,2026-03-24 10:54:00
KP019156,KW11180,2026-03-25,FR,Desktop,3877,1.0,216,687,31.44,2026-03-25 02:38:00
KP019157,KW10271,2026-03-26,FR,Desktop,1315,37.0,35,591,5.92,2026-03-26 21:35:00
KP019158,KW11968,2026-03-27,CA,Mobile,1022,30.0,14,256,5.47,2026-03-27 15:16:00
KP019159,KW11984,2026-03-28,MX,Desktop,3820,5.0,192,1553,12.36,2026-03-28 21:35:00
KP019160,KW11078,2026-03-29,JP,Desktop,1566,46.0,11,252,4.37,2026-03-29 02:30:00
KP019161,KW11978,2026-03-30,AU,Mobile,22106,3.0,1161,7488,15.5,2026-03-30 22:06:00
KP019162,KW11528,2026-03-31,MX,Mobile,10945,28.0,287,4874,5.89,2026-03-31 08:08:00
KP019163,KW10851,2026-04-01,JP,Mobile,2551,43.0,28,673,4.16,2026-04-01 10:55:00
KP019164,KW10981,2026-04-02,CA,Mobile,9092,19.0,58,786,7.38,2026-04-02 19:12:00
KP019165,KW11407,2026-04-03,AU,Desktop,2398,1.0,360,1031,34.92,2026-04-03 14:46:00
KP019166,KW11542,2026-04-04,US,Mobile,3046,22.0,41,832,4.93,2026-04-04 08:34:00
KP019167,KW10558,2026-04-05,JP,Mobile,822,49.0,11,235,4.68,2026-04-05 11:47:00
KP019168,KW10031,2026-04-06,CA,Desktop,140,20.0,1,29,3.45,2026-04-06 17:33:00
KP019169,KW10964,2026-04-07,CA,Desktop,3183,6.0,194,1528,12.7,2026-04-07 03:57:00
KP019170,KW11514,2026-04-08,BR,Mobile,6397,22.0,190,2857,6.65,2026-04-08 01:38:00
KP019171,KW11074,2026-04-09,DE,Desktop,1763,33.0,59,964,6.12,2026-04-09 11:58:00
KP019172,KW10655,2026-04-10,MX,Desktop,4279,40.0,61,1549,3.94,2026-04-10 09:47:00
KP019173,KW11672,2026-04-11,CA,Desktop,6528,3.0,224,1365,16.41,2026-04-11 17:59:00
KP019174,KW10656,2026-04-12,DE,Mobile,1031,4.0,37,257,14.4,2026-04-12 14:35:00
KP019175,KW10795,2026-04-13,IN,Desktop,864,40.0,14,272,5.15,2026-04-13 11:13:00
KP019176,KW11074,2026-04-14,BR,Mobile,4673,22.0,40,590,6.78,2026-04-14 01:34:00
KP019177,KW10867,2026-04-15,UK,Mobile,3705,50.0,14,387,3.62,2026-04-15 11:59:00
KP019178,KW10645,2026-04-16,DE,Mobile,355,45.0,2,72,2.78,2026-04-16 07:20:00
KP019179,KW10062,2026-04-17,MX,Desktop,9589,23.0,97,1730,5.61,2026-04-17 17:36:00
KP019180,KW11173,2026-04-18,MX,Mobile,4366,11.0,112,1540,7.27,2026-04-18 04:10:00
KP019181,KW10642,2026-04-19,BR,Mobile,2592,41.0,36,699,5.15,2026-04-19 15:41:00
KP019182,KW11876,2026-04-20,CA,Desktop,3373,2.0,411,1495,27.49,2026-04-20 06:39:00
KP019183,KW10442,2026-04-21,UK,Mobile,1050,18.0,39,486,8.02,2026-04-21 00:59:00
KP019184,KW10310,2026-04-22,IN,Mobile,9027,32.0,148,3213,4.61,2026-04-22 05:07:00
KP019185,KW11108,2026-04-23,IN,Desktop,10719,8.0,305,2205,13.83,2026-04-23 14:33:00
KP019186,KW10007,2026-04-24,FR,Desktop,11588,29.0,189,4258,4.44,2026-04-24 00:20:00
KP019187,KW11398,2026-04-25,AU,Mobile,18418,37.0,73,1716,4.25,2026-04-25 04:04:00
KP019188,KW11626,2026-04-26,JP,Mobile,2401,6.0,204,1319,15.47,2026-04-26 03:16:00
KP019189,KW11772,2026-04-27,DE,Desktop,6681,21.0,100,1730,5.78,2026-04-27 03:11:00
KP019190,KW10218,2026-04-28,AU,Tablet,3802,27.0,64,1121,5.71,2026-04-28 03:54:00
KP019191,KW11091,2026-04-29,CA,Mobile,960,18.0,30,439,6.83,2026-04-29 20:20:00
KP019192,KW10252,2026-04-30,US,Mobile,1899,44.0,26,534,4.87,2026-04-30 03:39:00
KP019193,KW10219,2026-05-01,JP,Mobile,6296,49.0,77,2158,3.57,2026-05-01 21:42:00
KP019194,KW10872,2026-05-02,JP,Desktop,4831,26.0,25,433,5.77,2026-05-02 15:16:00
KP019195,KW11335,2026-05-03,FR,Desktop,2691,2.0,249,1100,22.64,2026-05-03 07:14:00
KP019196,KW10909,2026-05-04,BR,Mobile,5751,8.0,195,1938,10.06,2026-05-04 12:46:00
KP019197,KW11166,2026-05-05,JP,Desktop,594,27.0,3,66,4.55,2026-05-05 17:13:00
KP019198,KW10535,2026-05-06,DE,Desktop,4069,16.0,150,1801,8.33,2026-05-06 22:10:00
KP019199,KW11186,2026-05-07,DE,Tablet,3885,34.0,50,1166,4.29,2026-05-07 22:03:00
KP019200,KW10161,2026-05-08,IN,Mobile,5203,5.0,87,517,16.83,2026-05-08 10:36:00
KP019201,KW10570,2026-05-09,US,Mobile,1608,40.0,24,550,4.36,2026-05-09 02:22:00
KP019202,KW11214,2026-05-10,MX,Desktop,1294,20.0,37,623,5.94,2026-05-10 06:51:00
KP019203,KW10885,2026-05-11,AU,Tablet,2860,7.0,83,584,14.21,2026-05-11 20:44:00
KP019204,KW10052,2026-05-12,US,Mobile,3769,49.0,28,787,3.56,2026-05-12 10:38:00
KP019205,KW10652,2026-05-13,IN,Desktop,5171,38.0,38,965,3.94,2026-05-13 19:13:00
KP019206,KW10432,2026-05-14,US,Mobile,19502,49.0,108,2872,3.76,2026-05-14 15:09:00
KP019207,KW11352,2026-05-15,AU,Desktop,1056,43.0,21,389,5.4,2026-05-15 10:05:00
KP019208,KW11608,2026-05-16,BR,Mobile,1331,19.0,24,331,7.25,2026-05-16 05:19:00
KP019209,KW11739,2026-05-17,CA,Desktop,26230,32.0,438,8449,5.18,2026-05-17 12:04:00
KP019210,KW11043,2026-05-18,BR,Mobile,1647,43.0,32,771,4.15,2026-05-18 01:21:00
KP019211,KW10511,2026-05-19,IN,Mobile,1594,11.0,53,641,8.27,2026-05-19 23:43:00
KP019212,KW11331,2026-05-20,DE,Mobile,1890,40.0,27,572,4.72,2026-05-20 17:19:00
KP019213,KW10613,2026-05-21,US,Mobile,5101,46.0,90,2695,3.34,2026-05-21 16:03:00
KP019214,KW11702,2026-05-22,FR,Desktop,736,1.0,22,63,34.92,2026-05-22 05:33:00
KP019215,KW10094,2026-05-23,IN,Mobile,8692,38.0,174,3222,5.4,2026-05-23 17:03:00
KP019216,KW11477,2026-05-24,AU,Mobile,2381,28.0,66,975,6.77,2026-05-24 19:11:00
KP019217,KW10001,2026-05-25,BR,Mobile,6745,45.0,138,3339,4.13,2026-05-25 20:52:00
KP019218,KW10672,2026-05-26,AU,Desktop,11137,3.0,420,2457,17.09,2026-05-26 11:21:00
KP019219,KW11175,2026-05-27,BR,Desktop,1381,9.0,20,181,11.05,2026-05-27 10:53:00
KP019220,KW11762,2026-05-28,BR,Desktop,3228,45.0,62,1508,4.11,2026-05-28 07:30:00
KP019221,KW11012,2026-05-29,IN,Mobile,2138,37.0,22,540,4.07,2026-05-29 16:34:00
KP019222,KW10915,2026-05-30,IN,Desktop,13697,30.0,361,6504,5.55,2026-05-30 19:34:00
KP019223,KW10383,2026-05-31,IN,Mobile,19649,2.0,2873,10394,27.64,2026-05-31 00:03:00
KP019469,KW10647,2026-02-01,AU,Mobile,795,29.0,10,211,4.74,2026-02-01 03:11:00
KP019470,KW11415,2026-02-02,UK,Desktop,5494,25.0,64,901,7.1,2026-02-02 12:04:00
KP019471,KW10409,2026-02-03,US,Desktop,14822,40.0,266,6024,4.42,2026-02-03 05:33:00
KP019472,KW11362,2026-02-04,UK,Mobile,5266,36.0,70,1244,5.63,2026-02-04 18:22:00
KP019473,KW11800,2026-02-05,BR,Desktop,27067,48.0,655,12777,5.13,2026-02-05 11:29:00
KP019474,KW10656,2026-02-06,IN,Mobile,1734,49.0,15,391,3.84,2026-02-06 00:13:00
KP019475,KW10108,2026-02-07,UK,Mobile,3019,4.0,174,1285,13.54,2026-02-07 03:29:00
KP019476,KW10529,2026-02-08,AU,Mobile,4376,48.0,110,2280,4.82,2026-02-08 09:37:00
KP019477,KW11414,2026-02-09,MX,Desktop,2063,1.0,188,605,31.07,2026-02-09 20:49:00
KP019478,KW11069,2026-02-10,US,Mobile,3796,20.0,73,1074,6.8,2026-02-10 14:03:00
KP019479,KW10920,2026-02-11,MX,Mobile,1353,1.0,206,718,28.69,2026-02-11 04:26:00
KP019480,KW11612,2026-02-12,DE,Mobile,954,14.0,37,380,9.74,2026-02-12 13:22:00
KP019481,KW10563,2026-02-13,BR,Desktop,1969,4.0,91,588,15.48,2026-02-13 03:29:00
KP019482,KW10514,2026-02-14,DE,Mobile,671,33.0,13,312,4.17,2026-02-14 14:06:00
KP019483,KW11607,2026-02-15,IN,Desktop,4135,17.0,14,249,5.62,2026-02-15 15:20:00
KP019484,KW11108,2026-02-16,IN,Mobile,3191,37.0,14,286,4.9,2026-02-16 19:16:00
KP019485,KW11494,2026-02-17,UK,Mobile,2456,26.0,32,553,5.79,2026-02-17 13:18:00
KP019486,KW11781,2026-02-18,UK,Mobile,1785,40.0,8,200,4.0,2026-02-18 18:23:00
KP019487,KW10894,2026-02-19,IN,Desktop,2871,35.0,32,739,4.33,2026-02-19 00:32:00
KP019488,KW11713,2026-02-20,JP,Desktop,653,9.0,10,129,7.75,2026-02-20 17:55:00
KP019489,KW10641,2026-02-21,US,Mobile,6643,11.0,155,1888,8.21,2026-02-21 15:26:00
KP019490,KW10979,2026-02-22,US,Desktop,2608,16.0,80,929,8.61,2026-02-22 08:55:00
KP019491,KW10645,2026-02-23,UK,Mobile,2237,44.0,16,352,4.55,2026-02-23 01:37:00
KP019492,KW11400,2026-02-24,AU,Desktop,1469,28.0,15,308,4.87,2026-02-24 08:16:00
KP019493,KW11186,2026-02-25,DE,Mobile,6594,29.0,18,424,4.25,2026-02-25 23:04:00
KP019494,KW10227,2026-02-26,UK,Desktop,2927,44.0,8,211,3.79,2026-02-26 17:34:00
KP019495,KW11652,2026-02-27,BR,Desktop,10479,27.0,93,1511,6.15,2026-02-27 17:24:00
KP019496,KW10938,2026-02-28,DE,Desktop,2347,34.0,65,1110,5.86,2026-02-28 02:39:00
KP019497,KW11401,2026-03-01,FR,Mobile,1342,19.0,26,371,7.01,2026-03-01 17:27:00
KP019498,KW10849,2026-03-02,IN,Desktop,20877,48.0,240,4919,4.88,2026-03-02 16:46:00
KP019499,KW10713,2026-03-03,CA,Desktop,1119,49.0,4,102,3.92,2026-03-03 03:19:00
KP019500,KW11894,2026-03-04,MX,Desktop,1281,40.0,27,557,4.85,2026-03-04 11:23:00
KP019501,KW11642,2026-03-05,FR,Mobile,2661,44.0,7,204,3.43,2026-03-05 08:11:00
KP019502,KW11589,2026-03-06,BR,Mobile,985,5.0,68,490,13.88,2026-03-06 03:49:00
KP019503,KW10317,2026-03-07,DE,Mobile,5952,2.0,599,2582,23.2,2026-03-07 07:05:00
KP019504,KW10241,2026-03-08,AU,Desktop,1565,23.0,35,680,5.15,2026-03-08 20:02:00
KP019505,KW11746,2026-03-09,DE,Mobile,1928,24.0,11,184,5.98,2026-03-09 05:35:00
KP019506,KW11184,2026-03-10,CA,Mobile,16720,16.0,627,8889,7.05,2026-03-10 00:55:00
KP019507,KW10293,2026-03-11,UK,Mobile,4639,34.0,80,2097,3.81,2026-03-11 06:50:00
KP019508,KW10488,2026-03-12,FR,Mobile,3363,9.0,83,867,9.57,2026-03-12 10:26:00
KP019509,KW10767,2026-03-13,FR,Mobile,1679,31.0,10,203,4.93,2026-03-13 06:54:00
KP019510,KW10362,2026-03-14,DE,Mobile,1078,11.0,10,102,9.8,2026-03-14 19:22:00
KP019511,KW11269,2026-03-15,BR,Mobile,1940,49.0,41,825,4.97,2026-03-15 10:36:00
KP019512,KW11334,2026-03-16,DE,Mobile,2269,12.0,91,1155,7.88,2026-03-16 22:57:00
KP019513,KW10109,2026-03-17,FR,Mobile,1729,48.0,14,357,3.92,2026-03-17 08:50:00
KP019514,KW10020,2026-03-18,AU,Mobile,13253,47.0,206,4415,4.67,2026-03-18 22:24:00
KP019515,KW11144,2026-03-19,CA,Mobile,2439,25.0,63,854,7.38,2026-03-19 23:20:00
KP019516,KW10905,2026-03-20,UK,Tablet,2213,22.0,32,581,5.51,2026-03-20 10:20:00
KP019517,KW10256,2026-03-21,CA,Desktop,3693,44.0,57,1620,3.52,2026-03-21 08:15:00
KP019518,KW10017,2026-03-22,US,Desktop,13277,48.0,246,6874,3.58,2026-03-22 20:24:00
KP019519,KW10725,2026-03-23,DE,Desktop,1502,14.0,5,88,5.68,2026-03-23 10:14:00
KP019520,KW11387,2026-03-24,FR,Mobile,12805,42.0,248,5263,4.71,2026-03-24 13:29:00
KP019521,KW11341,2026-03-25,US,Desktop,1455,30.0,17,402,4.23,2026-03-25 04:57:00
KP019522,KW10005,2026-03-26,AU,Desktop,3693,6.0,82,581,14.11,2026-03-26 04:42:00
KP019523,KW10436,2026-03-27,JP,Mobile,3188,39.0,45,919,4.9,2026-03-27 21:09:00
KP019524,KW10062,2026-03-28,DE,Desktop,3898,24.0,100,2098,4.77,2026-03-28 06:03:00
KP019525,KW11740,2026-03-29,CA,Mobile,2683,27.0,26,521,4.99,2026-03-29 21:08:00
KP019526,KW10569,2026-03-30,FR,Mobile,2753,7.0,117,807,14.5,2026-03-30 22:34:00
KP019527,KW11721,2026-03-31,BR,Tablet,1604,39.0,33,673,4.9,2026-03-31 11:08:00
KP019528,KW10441,2026-04-01,UK,Desktop,2535,29.0,88,1360,6.47,2026-04-01 06:42:00
KP019529,KW10716,2026-04-02,AU,Mobile,1827,30.0,9,209,4.31,2026-04-02 01:01:00
KP019530,KW11766,2026-04-03,BR,Tablet,3542,38.0,38,1007,3.77,2026-04-03 06:46:00
KP019531,KW10857,2026-04-04,DE,Desktop,1729,2.0,53,190,27.89,2026-04-04 12:17:00
KP019532,KW10845,2026-04-05,FR,Desktop,1931,40.0,22,614,3.58,2026-04-05 19:31:00
KP019533,KW10956,2026-04-06,FR,Mobile,3392,6.0,76,627,12.12,2026-04-06 15:36:00
KP019534,KW10585,2026-04-07,BR,Desktop,4107,35.0,55,1135,4.85,2026-04-07 21:11:00
KP019535,KW10131,2026-04-08,IN,Desktop,5735,12.0,70,746,9.38,2026-04-08 03:40:00
KP019536,KW10281,2026-04-09,IN,Desktop,2851,20.0,42,726,5.79,2026-04-09 22:01:00
KP019537,KW11366,2026-04-10,UK,Desktop,1536,47.0,22,521,4.22,2026-04-10 05:35:00
KP019538,KW11430,2026-04-11,CA,Mobile,6822,10.0,348,3581,9.72,2026-04-11 03:13:00
KP019539,KW10115,2026-04-12,BR,Mobile,1290,14.0,39,629,6.2,2026-04-12 00:49:00
KP019540,KW10313,2026-04-13,BR,Tablet,2697,7.0,23,166,13.86,2026-04-13 14:14:00
KP019541,KW11613,2026-04-14,US,Mobile,1180,31.0,14,310,4.52,2026-04-14 14:26:00
KP019542,KW11433,2026-04-15,IN,Mobile,2588,10.0,75,710,10.56,2026-04-15 19:49:00
KP019543,KW10270,2026-04-16,FR,Desktop,2445,46.0,20,621,3.22,2026-04-16 03:40:00
KP019544,KW10130,2026-04-17,BR,Mobile,445,47.0,9,201,4.48,2026-04-17 14:27:00
KP019545,KW11865,2026-04-18,JP,Desktop,2045,34.0,22,453,4.86,2026-04-18 10:00:00
KP019546,KW11100,2026-04-19,DE,Mobile,10028,1.0,1889,5400,34.98,2026-04-19 00:30:00
KP019547,KW10399,2026-04-20,IN,Desktop,1963,50.0,7,185,3.78,2026-04-20 05:14:00
KP019548,KW11880,2026-04-21,UK,Mobile,3524,34.0,21,399,5.26,2026-04-21 12:05:00
KP019549,KW11281,2026-04-22,UK,Mobile,1177,43.0,13,346,3.76,2026-04-22 05:08:00
KP019550,KW11810,2026-04-23,AU,Desktop,2165,49.0,15,334,4.49,2026-04-23 02:50:00
KP019551,KW10694,2026-04-24,IN,Mobile,3918,41.0,78,1439,5.42,2026-04-24 13:58:00
KP019552,KW11477,2026-04-25,MX,Desktop,16694,2.0,2039,7198,28.33,2026-04-25 09:45:00
KP019553,KW11063,2026-04-26,IN,Desktop,12640,5.0,465,3439,13.52,2026-04-26 10:18:00
KP019554,KW10224,2026-04-27,US,Desktop,1587,22.0,32,444,7.21,2026-04-27 19:48:00
KP019555,KW11492,2026-04-28,US,Mobile,10142,46.0,63,1277,4.93,2026-04-28 20:29:00
KP019556,KW11043,2026-04-29,DE,Desktop,1797,46.0,37,706,5.24,2026-04-29 01:00:00
KP019557,KW10310,2026-04-30,MX,Mobile,3798,49.0,23,647,3.55,2026-04-30 05:59:00
KP019558,KW10333,2026-05-01,FR,Tablet,4623,46.0,14,314,4.46,2026-05-01 14:35:00
KP019559,KW10892,2026-05-02,CA,Desktop,3368,21.0,127,1631,7.79,2026-05-02 10:39:00
KP019560,KW11088,2026-05-03,JP,Mobile,1930,48.0,28,865,3.24,2026-05-03 08:03:00
KP019561,KW11377,2026-05-04,BR,Desktop,3858,16.0,139,1510,9.21,2026-05-04 10:37:00
KP019562,KW10019,2026-05-05,BR,Desktop,4379,42.0,91,1649,5.52,2026-05-05 18:04:00
KP019563,KW10773,2026-05-06,IN,Desktop,1476,24.0,23,329,6.99,2026-05-06 00:11:00
KP019564,KW11065,2026-05-07,IN,Desktop,935,40.0,11,234,4.7,2026-05-07 08:30:00
KP019565,KW11844,2026-05-08,IN,Mobile,6080,16.0,80,1109,7.21,2026-05-08 09:23:00
KP019566,KW11827,2026-05-09,BR,Desktop,635,13.0,26,251,10.36,2026-05-09 20:02:00
KP019567,KW11545,2026-05-10,UK,Mobile,363,46.0,4,88,4.55,2026-05-10 01:15:00
KP019568,KW11421,2026-05-11,DE,Mobile,8464,31.0,203,4323,4.7,2026-05-11 02:15:00
KP019569,KW10605,2026-05-12,BR,Desktop,6670,16.0,153,2488,6.15,2026-05-12 04:51:00
KP019570,KW11336,2026-05-13,FR,Desktop,5886,10.0,238,2845,8.37,2026-05-13 14:02:00
KP019571,KW11126,2026-05-14,UK,Desktop,926,23.0,9,124,7.26,2026-05-14 01:02:00
KP019572,KW11436,2026-05-15,BR,Mobile,2110,32.0,29,562,5.16,2026-05-15 17:10:00
KP019573,KW10810,2026-05-16,MX,Mobile,12925,2.0,1305,5728,22.78,2026-05-16 07:50:00
KP019574,KW11011,2026-05-17,DE,Tablet,5350,19.0,65,786,8.27,2026-05-17 07:24:00
KP019575,KW11052,2026-05-18,JP,Desktop,957,27.0,15,310,4.84,2026-05-18 23:18:00
KP019576,KW10918,2026-05-19,CA,Mobile,8682,17.0,344,3880,8.87,2026-05-19 12:20:00
KP019577,KW10997,2026-05-20,AU,Desktop,3972,16.0,157,2027,7.75,2026-05-20 20:07:00
KP019578,KW11857,2026-05-21,IN,Mobile,894,33.0,11,276,3.99,2026-05-21 07:06:00
KP019579,KW11242,2026-05-22,CA,Desktop,4863,42.0,91,1998,4.55,2026-05-22 16:41:00
KP019580,KW11409,2026-05-23,FR,Mobile,1128,43.0,12,307,3.91,2026-05-23 19:12:00
KP019581,KW11738,2026-05-24,AU,Desktop,18489,18.0,495,8012,6.18,2026-05-24 22:24:00
KP019582,KW10124,2026-05-25,FR,Mobile,8350,20.0,335,4212,7.95,2026-05-25 08:01:00
KP019583,KW10827,2026-05-26,US,Mobile,2911,7.0,123,832,14.78,2026-05-26 00:06:00
KP019584,KW10450,2026-05-27,BR,Desktop,5961,30.0,203,3247,6.25,2026-05-27 21:18:00
KP019585,KW10495,2026-05-28,JP,Desktop,2497,30.0,8,180,4.44,2026-05-28 14:49:00
KP019586,KW10937,2026-05-29,FR,Desktop,435,43.0,4,117,3.42,2026-05-29 05:19:00
KP019587,KW10137,2026-05-30,DE,Desktop,8387,44.0,17,459,3.7,2026-05-30 19:05:00
KP019588,KW11829,2026-05-31,FR,Desktop,827,28.0,17,288,5.9,2026-05-31 15:28:00
KP019834,KW11894,2026-02-01,CA,Mobile,1385,25.0,13,211,6.16,2026-02-01 22:59:00
KP019835,KW10379,2026-02-02,JP,Desktop,571,40.0,2,55,3.64,2026-02-02 04:54:00
KP019836,KW10738,2026-02-03,BR,Mobile,1922,44.0,33,1027,3.21,2026-02-03 14:56:00
KP019837,KW10806,2026-02-04,BR,Desktop,8139,27.0,176,3051,5.77,2026-02-04 15:12:00
KP019838,KW10086,2026-02-05,MX,Desktop,14352,49.0,164,4872,3.37,2026-02-05 23:41:00
KP019839,KW11690,2026-02-06,US,Mobile,8163,17.0,77,1166,6.6,2026-02-06 17:13:00
KP019840,KW11859,2026-02-07,FR,Desktop,11049,43.0,144,3558,4.05,2026-02-07 22:09:00
KP019841,KW10048,2026-02-08,FR,Desktop,1742,9.0,50,439,11.39,2026-02-08 01:07:00
KP019842,KW10210,2026-02-09,UK,Mobile,24103,41.0,170,3098,5.49,2026-02-09 21:45:00
KP019843,KW11796,2026-02-10,MX,Mobile,9221,47.0,145,3030,4.79,2026-02-10 02:12:00
KP019844,KW10017,2026-02-11,BR,Mobile,3607,43.0,8,195,4.1,2026-02-11 23:08:00
KP019845,KW11403,2026-02-12,US,Desktop,9991,49.0,163,4256,3.83,2026-02-12 09:38:00
KP019846,KW11084,2026-02-13,UK,Desktop,2269,11.0,50,587,8.52,2026-02-13 21:09:00
KP019847,KW11160,2026-02-14,JP,Desktop,1170,31.0,24,524,4.58,2026-02-14 15:59:00
KP019848,KW11245,2026-02-15,JP,Desktop,3069,15.0,122,1319,9.25,2026-02-15 04:19:00
KP019849,KW10937,2026-02-16,FR,Desktop,3061,14.0,134,1474,9.09,2026-02-16 21:55:00
KP019850,KW11883,2026-02-17,FR,Mobile,1836,36.0,7,143,4.9,2026-02-17 17:00:00
KP019851,KW11832,2026-02-18,CA,Desktop,2283,19.0,39,628,6.21,2026-02-18 12:23:00
KP019852,KW10913,2026-02-19,US,Desktop,6428,47.0,124,2824,4.39,2026-02-19 09:52:00
KP019853,KW10700,2026-02-20,DE,Mobile,8665,10.0,446,4619,9.66,2026-02-20 17:30:00
KP019854,KW11322,2026-02-21,UK,Desktop,2149,19.0,23,315,7.3,2026-02-21 18:56:00
KP019855,KW10407,2026-02-22,MX,Desktop,8374,36.0,38,798,4.76,2026-02-22 19:49:00
KP019856,KW10661,2026-02-23,BR,Mobile,4862,11.0,203,1827,11.11,2026-02-23 09:56:00
KP019857,KW10099,2026-02-24,AU,Desktop,4243,42.0,23,520,4.42,2026-02-24 22:09:00
KP019858,KW11082,2026-02-25,FR,Desktop,3515,29.0,12,226,5.31,2026-02-25 23:34:00
KP019859,KW10673,2026-02-26,JP,Mobile,3233,25.0,90,1439,6.25,2026-02-26 03:45:00
KP019860,KW11297,2026-02-27,CA,Mobile,1569,40.0,15,418,3.59,2026-02-27 21:36:00
KP019861,KW11571,2026-02-28,UK,Mobile,1088,8.0,13,150,8.67,2026-02-28 06:35:00
KP019862,KW10093,2026-03-01,BR,Mobile,631,38.0,11,277,3.97,2026-03-01 12:03:00
KP019863,KW11045,2026-03-02,UK,Desktop,1165,5.0,16,149,10.74,2026-03-02 06:34:00
KP019864,KW10530,2026-03-03,JP,Desktop,3952,50.0,43,1194,3.6,2026-03-03 11:18:00
KP019865,KW11118,2026-03-04,AU,Desktop,1469,32.0,5,119,4.2,2026-03-04 20:35:00
KP019866,KW10487,2026-03-05,JP,Mobile,2093,41.0,46,1143,4.02,2026-03-05 16:46:00
KP019867,KW10286,2026-03-06,MX,Mobile,3947,7.0,49,358,13.69,2026-03-06 22:06:00
KP019868,KW11689,2026-03-07,BR,Mobile,2093,21.0,56,731,7.66,2026-03-07 20:17:00
KP019869,KW11581,2026-03-08,BR,Desktop,7098,36.0,94,1699,5.53,2026-03-08 11:40:00
KP019870,KW10097,2026-03-09,MX,Desktop,2068,15.0,9,111,8.11,2026-03-09 10:45:00
KP019871,KW11030,2026-03-10,IN,Desktop,3028,28.0,35,808,4.33,2026-03-10 21:56:00
KP019872,KW11917,2026-03-11,MX,Desktop,5528,5.0,247,2278,10.84,2026-03-11 09:00:00
KP019873,KW11636,2026-03-12,CA,Desktop,3438,14.0,42,605,6.94,2026-03-12 22:20:00
KP019874,KW11560,2026-03-13,CA,Mobile,1020,19.0,21,378,5.56,2026-03-13 22:40:00
KP019875,KW11213,2026-03-14,JP,Mobile,1051,24.0,7,118,5.93,2026-03-14 08:45:00
KP019876,KW10979,2026-03-15,DE,Mobile,12603,8.0,532,4472,11.9,2026-03-15 01:20:00
KP019877,KW10117,2026-03-16,UK,Desktop,13449,23.0,203,3547,5.72,2026-03-16 15:27:00
KP019878,KW11658,2026-03-17,JP,Desktop,2715,11.0,12,168,7.14,2026-03-17 12:33:00
KP019879,KW11309,2026-03-18,UK,Desktop,2586,42.0,24,624,3.85,2026-03-18 03:31:00
KP019880,KW10601,2026-03-19,AU,Desktop,3196,25.0,87,1284,6.78,2026-03-19 04:38:00
KP019881,KW10209,2026-03-20,CA,Desktop,5844,49.0,70,1997,3.51,2026-03-20 19:39:00
KP019882,KW10773,2026-03-21,JP,Desktop,2465,42.0,20,422,4.74,2026-03-21 03:59:00
KP019883,KW11595,2026-03-22,MX,Desktop,1998,8.0,22,230,9.57,2026-03-22 19:01:00
KP019884,KW11377,2026-03-23,MX,Mobile,1174,8.0,17,180,9.44,2026-03-23 15:27:00
KP019885,KW10903,2026-03-24,BR,Desktop,1387,25.0,22,413,5.33,2026-03-24 17:55:00
KP019886,KW10143,2026-03-25,MX,Desktop,5666,14.0,206,2869,7.18,2026-03-25 23:58:00
KP019887,KW10790,2026-03-26,AU,Mobile,7578,38.0,21,467,4.5,2026-03-26 09:10:00
KP019888,KW11621,2026-03-27,DE,Desktop,24629,19.0,795,9948,7.99,2026-03-27 12:25:00
KP019889,KW10960,2026-03-28,US,Mobile,866,41.0,18,363,4.96,2026-03-28 20:57:00
KP019890,KW10393,2026-03-29,UK,Desktop,2117,40.0,18,347,5.19,2026-03-29 08:56:00
KP019891,KW11668,2026-03-30,DE,Mobile,879,36.0,8,158,5.06,2026-03-30 09:14:00
KP019892,KW10441,2026-03-31,IN,Mobile,678,49.0,13,340,3.82,2026-03-31 19:17:00
KP019893,KW10728,2026-04-01,MX,Mobile,2589,16.0,70,894,7.83,2026-04-01 08:51:00
KP019894,KW11371,2026-04-02,MX,Tablet,2807,18.0,69,830,8.31,2026-04-02 01:51:00
KP019895,KW10217,2026-04-03,AU,Mobile,2441,12.0,110,1213,9.07,2026-04-03 02:51:00
KP019896,KW10750,2026-04-04,AU,Mobile,2258,46.0,54,1042,5.18,2026-04-04 03:53:00
KP019897,KW10250,2026-04-05,CA,Mobile,3693,38.0,52,1399,3.72,2026-04-05 13:01:00
KP019898,KW10007,2026-04-06,IN,Mobile,1180,31.0,18,302,5.96,2026-04-06 17:35:00
KP019899,KW10202,2026-04-07,FR,Desktop,14228,19.0,482,7662,6.29,2026-04-07 18:44:00
KP019900,KW11053,2026-04-08,CA,Desktop,3503,33.0,73,1733,4.21,2026-04-08 05:17:00
KP019901,KW11015,2026-04-09,DE,Desktop,1134,32.0,4,80,5.0,2026-04-09 02:24:00
KP019902,KW10929,2026-04-10,UK,Desktop,2829,15.0,112,1162,9.64,2026-04-10 02:44:00
KP019903,KW10680,2026-04-11,FR,Mobile,772,13.0,19,252,7.54,2026-04-11 19:10:00
KP019904,KW11774,2026-04-12,AU,Desktop,2320,5.0,106,963,11.01,2026-04-12 03:34:00
KP019905,KW10780,2026-04-13,US,Mobile,4058,3.0,321,2204,14.56,2026-04-13 17:13:00
KP019906,KW11887,2026-04-14,FR,Desktop,2079,32.0,43,1063,4.05,2026-04-14 19:52:00
KP019907,KW10628,2026-04-15,IN,Desktop,6213,50.0,41,912,4.5,2026-04-15 19:52:00
KP019908,KW10849,2026-04-16,CA,Mobile,523,6.0,13,96,13.54,2026-04-16 14:28:00
KP019909,KW11205,2026-04-17,AU,Mobile,761,6.0,42,331,12.69,2026-04-17 02:07:00
KP019910,KW11836,2026-04-18,US,Mobile,2215,19.0,80,1186,6.75,2026-04-18 17:44:00
KP019911,KW11335,2026-04-19,IN,Mobile,1013,16.0,40,552,7.25,2026-04-19 13:53:00
KP019912,KW11982,2026-04-20,JP,Desktop,1894,14.0,102,1025,9.95,2026-04-20 19:09:00
KP019913,KW11083,2026-04-21,JP,Mobile,3837,40.0,83,1634,5.08,2026-04-21 14:54:00
KP019914,KW11557,2026-04-22,MX,Tablet,2039,30.0,17,367,4.63,2026-04-22 13:29:00
KP019915,KW11203,2026-04-23,US,Mobile,6562,11.0,246,3272,7.52,2026-04-23 18:07:00
KP019916,KW10721,2026-04-24,BR,Mobile,9135,47.0,70,1626,4.31,2026-04-24 14:38:00
KP019917,KW11494,2026-04-25,JP,Mobile,11554,11.0,235,3069,7.66,2026-04-25 21:38:00
KP019918,KW10104,2026-04-26,IN,Desktop,2762,33.0,12,208,5.77,2026-04-26 12:29:00
KP019919,KW11891,2026-04-27,JP,Desktop,1698,24.0,44,664,6.63,2026-04-27 17:57:00
KP019920,KW10374,2026-04-28,IN,Desktop,8573,11.0,85,937,9.07,2026-04-28 10:04:00
KP019921,KW10337,2026-04-29,MX,Desktop,1893,7.0,123,830,14.82,2026-04-29 06:50:00
KP019922,KW11510,2026-04-30,UK,Mobile,6981,3.0,245,1192,20.55,2026-04-30 21:08:00
KP019923,KW10476,2026-05-01,FR,Mobile,3072,33.0,46,987,4.66,2026-05-01 19:10:00
KP019924,KW10834,2026-05-02,BR,Mobile,3754,36.0,12,270,4.44,2026-05-02 17:12:00
KP019925,KW11821,2026-05-03,CA,Mobile,3577,47.0,29,722,4.02,2026-05-03 04:40:00
KP019926,KW11080,2026-05-04,FR,Desktop,964,40.0,20,508,3.94,2026-05-04 10:27:00
KP019927,KW11533,2026-05-05,US,Desktop,5077,48.0,40,1112,3.6,2026-05-05 18:44:00
KP019928,KW11965,2026-05-06,MX,Mobile,8723,41.0,104,2587,4.02,2026-05-06 00:54:00
KP019929,KW11988,2026-05-07,US,Desktop,3154,41.0,15,360,4.17,2026-05-07 19:04:00
KP019930,KW11999,2026-05-08,BR,Desktop,1243,21.0,12,196,6.12,2026-05-08 23:41:00
KP019931,KW10500,2026-05-09,UK,Desktop,2231,47.0,22,678,3.24,2026-05-09 23:40:00
KP019932,KW11545,2026-05-10,IN,Desktop,4013,37.0,95,1820,5.22,2026-05-10 20:56:00
KP019933,KW10614,2026-05-11,CA,Mobile,1499,32.0,14,236,5.93,2026-05-11 20:29:00
KP019934,KW10968,2026-05-12,BR,Mobile,536,7.0,20,169,11.83,2026-05-12 19:58:00
KP019935,KW11941,2026-05-13,CA,Desktop,11161,23.0,333,5251,6.34,2026-05-13 07:55:00
KP019936,KW10276,2026-05-14,AU,Desktop,1893,49.0,25,565,4.42,2026-05-14 00:51:00
KP019937,KW10945,2026-05-15,BR,Desktop,3059,11.0,37,426,8.69,2026-05-15 19:31:00
KP019938,KW11998,2026-05-16,UK,Mobile,2666,7.0,38,369,10.3,2026-05-16 14:30:00
KP019939,KW11135,2026-05-17,MX,Mobile,3468,29.0,37,561,6.6,2026-05-17 02:13:00
KP019940,KW11418,2026-05-18,IN,Mobile,1244,21.0,10,150,6.67,2026-05-18 20:02:00
KP019941,KW11491,2026-05-19,IN,Mobile,18318,45.0,102,2460,4.15,2026-05-19 07:20:00
KP019942,KW11477,2026-05-20,BR,Desktop,8708,36.0,84,1942,4.33,2026-05-20 13:42:00
KP019943,KW10662,2026-05-21,IN,Mobile,11156,3.0,105,590,17.8,2026-05-21 03:02:00
KP019944,KW11524,2026-05-22,FR,Desktop,570,17.0,19,296,6.42,2026-05-22 07:38:00
KP019945,KW11980,2026-05-23,FR,Desktop,1433,42.0,25,503,4.97,2026-05-23 22:04:00
KP019946,KW10020,2026-05-24,UK,Desktop,3648,18.0,123,1830,6.72,2026-05-24 00:53:00
KP019947,KW10527,2026-05-25,FR,Desktop,2487,48.0,31,817,3.79,2026-05-25 20:31:00
KP019948,KW11776,2026-05-26,BR,Desktop,3311,38.0,85,1663,5.11,2026-05-26 09:15:00
KP019949,KW10812,2026-05-27,CA,Mobile,1778,25.0,23,508,4.53,2026-05-27 16:58:00
KP019950,KW11564,2026-05-28,FR,Desktop,10208,7.0,458,3748,12.22,2026-05-28 04:22:00
KP019951,KW11736,2026-05-29,IN,Mobile,1655,25.0,35,609,5.75,2026-05-29 13:11:00
KP019952,KW11600,2026-05-30,DE,Desktop,4487,26.0,128,2416,5.3,2026-05-30 03:11:00
KP019953,KW11511,2026-05-31,CA,Mobile,4312,46.0,87,2366,3.68,2026-05-31 09:17:00
KP020199,KW11810,2026-02-01,DE,Mobile,28413,37.0,270,6039,4.47,2026-02-01 18:46:00
KP020200,KW11961,2026-02-02,BR,Mobile,5225,20.0,190,2726,6.97,2026-02-02 09:31:00
KP020201,KW10002,2026-02-03,FR,Desktop,1322,3.0,63,348,18.1,2026-02-03 08:08:00
KP020202,KW10111,2026-02-04,IN,Mobile,11909,33.0,281,5932,4.74,2026-02-04 13:37:00
KP020203,KW11674,2026-02-05,MX,Desktop,2396,1.0,245,702,34.9,2026-02-05 23:09:00
KP020204,KW10046,2026-02-06,FR,Mobile,853,7.0,26,194,13.4,2026-02-06 00:27:00
KP020205,KW11266,2026-02-07,AU,Desktop,1253,39.0,24,451,5.32,2026-02-07 21:58:00
KP020206,KW10056,2026-02-08,FR,Mobile,907,20.0,4,54,7.41,2026-02-08 04:50:00
KP020207,KW11969,2026-02-09,DE,Mobile,1243,2.0,48,199,24.12,2026-02-09 20:08:00
KP020208,KW10070,2026-02-10,IN,Desktop,2142,40.0,32,613,5.22,2026-02-10 17:13:00
KP020209,KW11204,2026-02-11,UK,Mobile,3885,25.0,78,1737,4.49,2026-02-11 23:40:00
KP020210,KW10777,2026-02-12,FR,Mobile,5834,37.0,124,2592,4.78,2026-02-12 06:36:00
KP020211,KW10619,2026-02-13,MX,Mobile,13914,19.0,329,3822,8.61,2026-02-13 06:45:00
KP020212,KW10336,2026-02-14,UK,Desktop,3384,39.0,71,1726,4.11,2026-02-14 09:52:00
KP020213,KW11529,2026-02-15,CA,Mobile,5102,11.0,277,2718,10.19,2026-02-15 09:17:00
KP020214,KW10615,2026-02-16,US,Mobile,4589,44.0,100,1988,5.03,2026-02-16 10:06:00
KP020215,KW11718,2026-02-17,DE,Mobile,6662,35.0,111,1915,5.8,2026-02-17 05:38:00
KP020216,KW10274,2026-02-18,US,Desktop,1882,26.0,32,496,6.45,2026-02-18 00:51:00
KP020217,KW11282,2026-02-19,MX,Mobile,10803,40.0,153,2975,5.14,2026-02-19 11:47:00
KP020218,KW10644,2026-02-20,UK,Mobile,900,24.0,20,447,4.47,2026-02-20 15:04:00
KP020219,KW11138,2026-02-21,BR,Mobile,2049,31.0,32,532,6.02,2026-02-21 05:54:00
KP020220,KW11136,2026-02-22,UK,Desktop,4857,49.0,113,2390,4.73,2026-02-22 08:23:00
KP020221,KW10049,2026-02-23,BR,Desktop,1396,35.0,32,747,4.28,2026-02-23 04:25:00
KP020222,KW11360,2026-02-24,FR,Desktop,8150,23.0,198,3354,5.9,2026-02-24 10:10:00
KP020223,KW11528,2026-02-25,US,Desktop,45388,35.0,623,11642,5.35,2026-02-25 04:52:00
KP020224,KW11879,2026-02-26,JP,Desktop,3172,16.0,48,632,7.59,2026-02-26 07:33:00
KP020225,KW10790,2026-02-27,MX,Desktop,3882,24.0,39,521,7.49,2026-02-27 02:48:00
KP020226,KW11816,2026-02-28,AU,Desktop,7770,29.0,110,1942,5.66,2026-02-28 12:16:00
KP020227,KW11563,2026-03-01,IN,Desktop,4514,30.0,51,1184,4.31,2026-03-01 15:27:00
KP020228,KW11721,2026-03-02,UK,Mobile,2690,34.0,50,1049,4.77,2026-03-02 21:21:00
KP020229,KW10485,2026-03-03,FR,Mobile,2544,11.0,80,866,9.24,2026-03-03 05:32:00
KP020230,KW11382,2026-03-04,DE,Desktop,1033,47.0,19,489,3.89,2026-03-04 08:22:00
KP020231,KW10424,2026-03-05,US,Mobile,7831,7.0,178,1919,9.28,2026-03-05 03:48:00
KP020232,KW11260,2026-03-06,IN,Desktop,2331,33.0,34,772,4.4,2026-03-06 10:01:00
KP020233,KW11128,2026-03-07,JP,Mobile,9180,15.0,214,2369,9.03,2026-03-07 03:33:00
KP020234,KW10103,2026-03-08,UK,Tablet,7525,23.0,169,3470,4.87,2026-03-08 23:07:00
KP020235,KW11392,2026-03-09,MX,Desktop,4727,40.0,110,2329,4.72,2026-03-09 18:21:00
KP020236,KW10578,2026-03-10,AU,Mobile,1256,30.0,24,555,4.32,2026-03-10 07:04:00
KP020237,KW11742,2026-03-11,CA,Desktop,1044,20.0,42,533,7.88,2026-03-11 07:18:00
KP020238,KW10042,2026-03-12,IN,Tablet,1724,47.0,21,654,3.21,2026-03-12 12:20:00
KP020239,KW11743,2026-03-13,BR,Desktop,2826,45.0,52,1042,4.99,2026-03-13 04:03:00
KP020240,KW10259,2026-03-14,CA,Desktop,900,43.0,8,174,4.6,2026-03-14 23:30:00
KP020241,KW10795,2026-03-15,JP,Tablet,3594,42.0,31,779,3.98,2026-03-15 20:18:00
KP020242,KW11983,2026-03-16,CA,Mobile,9278,44.0,32,625,5.12,2026-03-16 04:35:00
KP020243,KW10189,2026-03-17,JP,Mobile,1322,18.0,45,584,7.71,2026-03-17 09:25:00
KP020244,KW10878,2026-03-18,AU,Desktop,6680,40.0,69,1981,3.48,2026-03-18 03:58:00
KP020245,KW11779,2026-03-19,BR,Desktop,4807,31.0,113,2637,4.29,2026-03-19 23:50:00
KP020246,KW11777,2026-03-20,AU,Desktop,3095,19.0,108,1692,6.38,2026-03-20 10:24:00
KP020247,KW11702,2026-03-21,DE,Desktop,1746,29.0,16,237,6.75,2026-03-21 11:22:00
KP020248,KW11187,2026-03-22,MX,Mobile,1167,33.0,17,293,5.8,2026-03-22 02:01:00
KP020249,KW10404,2026-03-23,CA,Mobile,1860,15.0,18,217,8.29,2026-03-23 20:55:00
KP020250,KW10504,2026-03-24,FR,Mobile,3538,22.0,79,1588,4.97,2026-03-24 21:03:00
KP020251,KW10063,2026-03-25,IN,Desktop,645,4.0,60,332,18.07,2026-03-25 13:08:00
KP020252,KW10054,2026-03-26,JP,Mobile,8467,50.0,15,454,3.3,2026-03-26 09:28:00
KP020253,KW11076,2026-03-27,UK,Mobile,3632,35.0,22,570,3.86,2026-03-27 20:13:00
KP020254,KW11463,2026-03-28,DE,Mobile,2418,21.0,8,121,6.61,2026-03-28 16:35:00
KP020255,KW11380,2026-03-29,IN,Desktop,4929,28.0,108,1584,6.82,2026-03-29 03:26:00
KP020256,KW11154,2026-03-30,US,Desktop,5491,39.0,145,2657,5.46,2026-03-30 09:39:00
KP020257,KW10900,2026-03-31,MX,Mobile,2011,9.0,14,124,11.29,2026-03-31 05:21:00
KP020258,KW10514,2026-04-01,DE,Mobile,879,3.0,68,305,22.3,2026-04-01 01:30:00
KP020259,KW10189,2026-04-02,CA,Desktop,2342,39.0,65,1226,5.3,2026-04-02 06:28:00
KP020260,KW10165,2026-04-03,IN,Mobile,972,2.0,87,435,20.0,2026-04-03 05:06:00
KP020261,KW10387,2026-04-04,UK,Desktop,3420,8.0,37,415,8.92,2026-04-04 06:15:00
KP020262,KW11866,2026-04-05,CA,Desktop,6452,7.0,72,594,12.12,2026-04-05 15:33:00
KP020263,KW10693,2026-04-06,US,Mobile,1368,20.0,7,120,5.83,2026-04-06 10:52:00
KP020264,KW11643,2026-04-07,JP,Desktop,411,1.0,72,208,34.62,2026-04-07 06:22:00
KP020265,KW11569,2026-04-08,CA,Mobile,1863,50.0,14,293,4.78,2026-04-08 18:45:00
KP020266,KW10970,2026-04-09,AU,Mobile,3842,19.0,94,1199,7.84,2026-04-09 10:33:00
KP020267,KW11400,2026-04-10,IN,Mobile,10479,37.0,209,4855,4.3,2026-04-10 10:38:00
KP020268,KW11346,2026-04-11,BR,Mobile,4334,1.0,712,2130,33.43,2026-04-11 15:02:00
KP020269,KW11274,2026-04-12,AU,Mobile,3241,21.0,124,1745,7.11,2026-04-12 02:42:00
KP020270,KW10872,2026-04-13,CA,Desktop,3790,26.0,11,191,5.76,2026-04-13 16:14:00
KP020271,KW11517,2026-04-14,UK,Mobile,3187,49.0,37,912,4.06,2026-04-14 03:07:00
KP020272,KW10511,2026-04-15,IN,Mobile,895,22.0,22,401,5.49,2026-04-15 18:07:00
KP020273,KW10932,2026-04-16,CA,Mobile,2240,6.0,120,1059,11.33,2026-04-16 09:46:00
KP020274,KW11120,2026-04-17,JP,Mobile,1614,11.0,50,534,9.36,2026-04-17 05:42:00
KP020275,KW11427,2026-04-18,IN,Mobile,1404,10.0,37,311,11.9,2026-04-18 05:19:00
KP020276,KW10387,2026-04-19,FR,Mobile,4156,13.0,55,795,6.92,2026-04-19 11:19:00
KP020277,KW10746,2026-04-20,DE,Desktop,4965,22.0,17,346,4.91,2026-04-20 17:46:00
KP020278,KW11447,2026-04-21,US,Desktop,2066,2.0,101,547,18.46,2026-04-21 07:32:00
KP020279,KW10539,2026-04-22,IN,Desktop,3858,41.0,59,1507,3.92,2026-04-22 01:53:00
KP020280,KW11259,2026-04-23,MX,Mobile,479,25.0,16,254,6.3,2026-04-23 06:16:00
KP020281,KW11742,2026-04-24,CA,Tablet,942,16.0,34,465,7.31,2026-04-24 03:16:00
KP020282,KW10609,2026-04-25,UK,Tablet,3074,16.0,141,1619,8.71,2026-04-25 18:08:00
KP020283,KW11792,2026-04-26,US,Desktop,7015,26.0,98,1624,6.03,2026-04-26 13:31:00
KP020284,KW11679,2026-04-27,BR,Mobile,3332,11.0,129,1337,9.65,2026-04-27 16:22:00
KP020285,KW11808,2026-04-28,MX,Mobile,278,17.0,3,58,5.17,2026-04-28 03:29:00
KP020286,KW10286,2026-04-29,AU,Desktop,352,19.0,2,45,4.44,2026-04-29 04:36:00
KP020287,KW10157,2026-04-30,MX,Desktop,1170,32.0,10,199,5.03,2026-04-30 18:46:00
KP020288,KW11929,2026-05-01,JP,Mobile,2740,6.0,61,401,15.21,2026-05-01 08:57:00
KP020289,KW10393,2026-05-02,IN,Desktop,5920,12.0,209,2139,9.77,2026-05-02 05:36:00
KP020290,KW10185,2026-05-03,CA,Desktop,5585,23.0,68,977,6.96,2026-05-03 03:24:00
KP020291,KW10353,2026-05-04,US,Desktop,759,42.0,15,327,4.59,2026-05-04 15:41:00
KP020292,KW11257,2026-05-05,FR,Desktop,3159,19.0,80,1107,7.23,2026-05-05 01:57:00
KP020293,KW11094,2026-05-06,US,Mobile,13477,41.0,108,2922,3.7,2026-05-06 23:06:00
KP020294,KW10092,2026-05-07,AU,Mobile,866,20.0,27,338,7.99,2026-05-07 13:25:00
KP020295,KW10928,2026-05-08,AU,Tablet,6518,10.0,195,1755,11.11,2026-05-08 01:45:00
KP020296,KW10542,2026-05-09,UK,Desktop,5676,5.0,122,682,17.89,2026-05-09 07:49:00
KP020297,KW10932,2026-05-10,JP,Mobile,2847,23.0,102,1488,6.85,2026-05-10 18:30:00
KP020298,KW11307,2026-05-11,UK,Mobile,4565,16.0,144,2016,7.14,2026-05-11 08:57:00
KP020299,KW10966,2026-05-12,UK,Desktop,4977,50.0,30,899,3.34,2026-05-12 07:58:00
KP020300,KW11360,2026-05-13,US,Desktop,4362,12.0,56,737,7.6,2026-05-13 00:18:00
KP020301,KW11950,2026-05-14,JP,Mobile,7250,41.0,39,793,4.92,2026-05-14 16:06:00
KP020302,KW11229,2026-05-15,US,Desktop,2722,7.0,99,767,12.91,2026-05-15 14:19:00
KP020303,KW11592,2026-05-16,IN,Desktop,2741,14.0,32,360,8.89,2026-05-16 11:28:00
KP020304,KW11584,2026-05-17,FR,Desktop,4740,6.0,87,780,11.15,2026-05-17 01:54:00
KP020305,KW11505,2026-05-18,BR,Desktop,3461,38.0,40,1003,3.99,2026-05-18 03:39:00
KP020306,KW10175,2026-05-19,AU,Desktop,26010,18.0,492,8090,6.08,2026-05-19 19:25:00
KP020307,KW10448,2026-05-20,IN,Desktop,8165,30.0,27,502,5.38,2026-05-20 07:36:00
KP020308,KW10767,2026-05-21,MX,Desktop,3277,47.0,58,1273,4.56,2026-05-21 20:20:00
KP020309,KW11857,2026-05-22,AU,Desktop,2703,8.0,115,1078,10.67,2026-05-22 12:01:00
KP020310,KW10664,2026-05-23,US,Desktop,979,14.0,15,193,7.77,2026-05-23 16:17:00
KP020311,KW10093,2026-05-24,BR,Mobile,9870,44.0,130,3468,3.75,2026-05-24 14:42:00
KP020312,KW10566,2026-05-25,US,Mobile,7045,30.0,143,2525,5.66,2026-05-25 20:50:00
KP020313,KW11942,2026-05-26,US,Tablet,867,6.0,40,300,13.33,2026-05-26 23:25:00
KP020314,KW10062,2026-05-27,CA,Desktop,818,13.0,19,282,6.74,2026-05-27 09:50:00
KP020315,KW11618,2026-05-28,CA,Mobile,9505,30.0,194,3121,6.22,2026-05-28 01:29:00
KP020316,KW11804,2026-05-29,BR,Mobile,1859,25.0,34,623,5.46,2026-05-29 12:49:00
KP020317,KW10435,2026-05-30,US,Mobile,4123,13.0,99,1122,8.82,2026-05-30 21:22:00
KP020318,KW10690,2026-05-31,BR,Desktop,326,12.0,13,125,10.4,2026-05-31 05:38:00
KP020564,KW11614,2026-02-01,IN,Tablet,4476,28.0,12,253,4.74,2026-02-01 02:51:00
KP020565,KW11172,2026-02-02,US,Mobile,3945,26.0,132,1964,6.72,2026-02-02 00:52:00
KP020566,KW10071,2026-02-03,CA,Mobile,6345,39.0,75,1665,4.5,2026-02-03 07:22:00
KP020567,KW10044,2026-02-04,BR,Desktop,2241,25.0,36,635,5.67,2026-02-04 00:41:00
KP020568,KW10704,2026-02-05,DE,Desktop,1669,40.0,25,576,4.34,2026-02-05 23:23:00
KP020569,KW11079,2026-02-06,JP,Mobile,3392,40.0,22,426,5.16,2026-02-06 13:26:00
KP020570,KW11567,2026-02-07,BR,Mobile,6282,10.0,101,1295,7.8,2026-02-07 11:50:00
KP020571,KW10494,2026-02-08,JP,Mobile,1326,37.0,34,670,5.07,2026-02-08 16:37:00
KP020572,KW10040,2026-02-09,DE,Desktop,2562,49.0,13,378,3.44,2026-02-09 12:16:00
KP020573,KW10946,2026-02-10,IN,Mobile,1318,25.0,44,609,7.22,2026-02-10 18:44:00
KP020574,KW10104,2026-02-11,BR,Mobile,6329,32.0,55,895,6.15,2026-02-11 06:01:00
KP020575,KW10457,2026-02-12,AU,Desktop,2423,43.0,8,210,3.81,2026-02-12 03:56:00
KP020576,KW10223,2026-02-13,BR,Desktop,1724,9.0,12,136,8.82,2026-02-13 20:50:00
KP020577,KW11968,2026-02-14,FR,Desktop,1646,9.0,82,679,12.08,2026-02-14 20:18:00
KP020578,KW10616,2026-02-15,DE,Desktop,1979,31.0,8,131,6.11,2026-02-15 11:47:00
KP020579,KW10133,2026-02-16,JP,Mobile,512,46.0,11,262,4.2,2026-02-16 07:12:00
KP020580,KW11251,2026-02-17,US,Desktop,1397,22.0,42,531,7.91,2026-02-17 02:00:00
KP020581,KW11693,2026-02-18,DE,Desktop,371,10.0,10,132,7.58,2026-02-18 22:03:00
KP020582,KW11414,2026-02-19,DE,Mobile,5480,5.0,108,618,17.48,2026-02-19 11:59:00
KP020583,KW11472,2026-02-20,DE,Desktop,4451,47.0,56,1475,3.8,2026-02-20 17:32:00
KP020584,KW11926,2026-02-21,AU,Desktop,4386,30.0,68,1515,4.49,2026-02-21 13:21:00
KP020585,KW10351,2026-02-22,IN,Desktop,4024,25.0,82,1273,6.44,2026-02-22 15:03:00
KP020586,KW10978,2026-02-23,JP,Desktop,4934,8.0,155,1122,13.81,2026-02-23 13:28:00
KP020587,KW10266,2026-02-24,UK,Mobile,605,11.0,36,324,11.11,2026-02-24 22:00:00
KP020588,KW10270,2026-02-25,CA,Mobile,596,41.0,4,86,4.65,2026-02-25 15:57:00
KP020589,KW10815,2026-02-26,UK,Mobile,5771,36.0,69,1882,3.67,2026-02-26 21:20:00
KP020590,KW11571,2026-02-27,FR,Mobile,10980,21.0,99,1699,5.83,2026-02-27 07:11:00
KP020591,KW10601,2026-02-28,BR,Desktop,6864,23.0,158,2938,5.38,2026-02-28 22:05:00
KP020592,KW10787,2026-03-01,JP,Desktop,1657,7.0,92,746,12.33,2026-03-01 02:00:00
KP020593,KW10828,2026-03-02,DE,Desktop,1632,39.0,27,741,3.64,2026-03-02 02:49:00
KP020594,KW11534,2026-03-03,BR,Mobile,5105,27.0,137,2756,4.97,2026-03-03 11:20:00
KP020595,KW11985,2026-03-04,DE,Desktop,3864,43.0,18,384,4.69,2026-03-04 02:59:00
KP020596,KW10532,2026-03-05,MX,Desktop,3195,38.0,9,198,4.55,2026-03-05 17:15:00
KP020597,KW11632,2026-03-06,DE,Mobile,804,42.0,13,326,3.99,2026-03-06 00:48:00
KP020598,KW11240,2026-03-07,BR,Desktop,1434,46.0,17,336,5.06,2026-03-07 21:16:00
KP020599,KW10764,2026-03-08,BR,Mobile,4484,15.0,116,1784,6.5,2026-03-08 20:11:00
KP020600,KW11350,2026-03-09,AU,Mobile,580,41.0,4,133,3.01,2026-03-09 05:46:00
KP020601,KW10872,2026-03-10,DE,Mobile,4385,8.0,31,303,10.23,2026-03-10 06:00:00
KP020602,KW10223,2026-03-11,MX,Mobile,1887,3.0,159,685,23.21,2026-03-11 14:07:00
KP020603,KW11513,2026-03-12,AU,Desktop,4859,49.0,45,1197,3.76,2026-03-12 23:18:00
KP020604,KW11882,2026-03-13,MX,Tablet,2826,21.0,101,1372,7.36,2026-03-13 22:16:00
KP020605,KW11415,2026-03-14,DE,Desktop,1191,8.0,26,213,12.21,2026-03-14 01:58:00
KP020606,KW10594,2026-03-15,UK,Mobile,3353,27.0,79,1719,4.6,2026-03-15 15:54:00
KP020607,KW11061,2026-03-16,DE,Mobile,4056,9.0,87,697,12.48,2026-03-16 03:54:00
KP020608,KW10784,2026-03-17,UK,Desktop,4391,42.0,20,542,3.69,2026-03-17 21:13:00
KP020609,KW10365,2026-03-18,FR,Desktop,3372,20.0,43,550,7.82,2026-03-18 13:47:00
KP020610,KW11816,2026-03-19,AU,Mobile,4875,27.0,78,1382,5.64,2026-03-19 06:01:00
KP020611,KW11723,2026-03-20,UK,Mobile,2888,18.0,28,352,7.95,2026-03-20 01:01:00
KP020612,KW11929,2026-03-21,IN,Mobile,2386,41.0,20,612,3.27,2026-03-21 22:29:00
KP020613,KW11363,2026-03-22,UK,Mobile,2064,15.0,50,785,6.37,2026-03-22 08:03:00
KP020614,KW11853,2026-03-23,UK,Desktop,1474,3.0,69,408,16.91,2026-03-23 10:01:00
KP020615,KW10730,2026-03-24,AU,Desktop,2114,9.0,120,968,12.4,2026-03-24 07:10:00
KP020616,KW10944,2026-03-25,UK,Mobile,4192,7.0,221,2119,10.43,2026-03-25 17:54:00
KP020617,KW11956,2026-03-26,BR,Mobile,1191,7.0,43,309,13.92,2026-03-26 05:12:00
KP020618,KW10801,2026-03-27,MX,Mobile,4813,13.0,77,734,10.49,2026-03-27 20:23:00
KP020619,KW11362,2026-03-28,JP,Desktop,872,42.0,23,431,5.34,2026-03-28 08:58:00
KP020620,KW10693,2026-03-29,FR,Desktop,3582,30.0,52,1137,4.57,2026-03-29 09:56:00
KP020621,KW10613,2026-03-30,AU,Tablet,939,32.0,5,102,4.9,2026-03-30 23:08:00
KP020622,KW10925,2026-03-31,DE,Desktop,2686,43.0,29,716,4.05,2026-03-31 04:33:00
KP020623,KW11028,2026-04-01,JP,Tablet,1758,11.0,55,713,7.71,2026-04-01 00:16:00
KP020624,KW10747,2026-04-02,FR,Mobile,6315,25.0,63,871,7.23,2026-04-02 10:56:00
KP020625,KW10527,2026-04-03,UK,Mobile,4295,44.0,85,1827,4.65,2026-04-03 09:41:00
KP020626,KW10772,2026-04-04,IN,Desktop,2879,23.0,117,1535,7.62,2026-04-04 01:10:00
KP020627,KW10696,2026-04-05,US,Mobile,6087,28.0,17,378,4.5,2026-04-05 20:36:00
KP020628,KW10417,2026-04-06,CA,Mobile,1906,21.0,38,567,6.7,2026-04-06 20:57:00
KP020629,KW10053,2026-04-07,AU,Mobile,1870,24.0,35,600,5.83,2026-04-07 07:04:00
KP020630,KW11331,2026-04-08,IN,Mobile,1533,46.0,19,473,4.02,2026-04-08 21:30:00
KP020631,KW10189,2026-04-09,AU,Mobile,5378,48.0,106,2727,3.89,2026-04-09 18:46:00
KP020632,KW10036,2026-04-10,BR,Desktop,2466,19.0,26,327,7.95,2026-04-10 03:19:00
KP020633,KW11552,2026-04-11,US,Mobile,3853,20.0,133,1923,6.92,2026-04-11 09:33:00
KP020634,KW10952,2026-04-12,AU,Desktop,545,46.0,4,108,3.7,2026-04-12 10:59:00
KP020635,KW10097,2026-04-13,DE,Mobile,5315,9.0,141,1469,9.6,2026-04-13 07:58:00
KP020636,KW10458,2026-04-14,DE,Mobile,8135,2.0,538,2106,25.55,2026-04-14 22:31:00
KP020637,KW10985,2026-04-15,FR,Mobile,1569,8.0,62,511,12.13,2026-04-15 08:43:00
KP020638,KW10848,2026-04-16,DE,Mobile,1704,7.0,100,803,12.45,2026-04-16 11:47:00
KP020639,KW10507,2026-04-17,AU,Mobile,1638,16.0,58,840,6.9,2026-04-17 22:20:00
KP020640,KW11132,2026-04-18,AU,Mobile,1810,20.0,9,120,7.5,2026-04-18 15:37:00
KP020641,KW10145,2026-04-19,US,Desktop,6831,34.0,214,3505,6.11,2026-04-19 20:15:00
KP020642,KW11402,2026-04-20,DE,Desktop,3140,38.0,27,538,5.02,2026-04-20 05:35:00
KP020643,KW11679,2026-04-21,IN,Mobile,5373,25.0,176,2569,6.85,2026-04-21 18:46:00
KP020644,KW10328,2026-04-22,AU,Desktop,2752,8.0,116,1305,8.89,2026-04-22 08:57:00
KP020645,KW10135,2026-04-23,CA,Desktop,2049,50.0,31,1007,3.08,2026-04-23 03:35:00
KP020646,KW10941,2026-04-24,FR,Mobile,1815,22.0,36,648,5.56,2026-04-24 08:51:00
KP020647,KW10355,2026-04-25,UK,Desktop,9826,23.0,76,986,7.71,2026-04-25 15:34:00
KP020648,KW11843,2026-04-26,IN,Mobile,12404,38.0,161,2780,5.79,2026-04-26 03:20:00
KP020649,KW10492,2026-04-27,CA,Mobile,1601,42.0,42,878,4.78,2026-04-27 21:23:00
KP020650,KW11615,2026-04-28,BR,Mobile,3389,39.0,34,681,4.99,2026-04-28 23:07:00
KP020651,KW10785,2026-04-29,BR,Desktop,3642,48.0,55,1496,3.68,2026-04-29 17:40:00
KP020652,KW10861,2026-04-30,FR,Desktop,1718,44.0,15,342,4.39,2026-04-30 00:23:00
KP020653,KW10386,2026-05-01,AU,Mobile,4819,25.0,112,2172,5.16,2026-05-01 18:36:00
KP020654,KW10200,2026-05-02,AU,Mobile,10734,30.0,117,2143,5.46,2026-05-02 02:57:00
KP020655,KW11131,2026-05-03,FR,Mobile,862,47.0,6,158,3.8,2026-05-03 14:04:00
KP020656,KW10285,2026-05-04,CA,Mobile,1194,4.0,58,370,15.68,2026-05-04 03:34:00
KP020657,KW10751,2026-05-05,BR,Desktop,7033,20.0,140,1738,8.06,2026-05-05 23:53:00
KP020658,KW10704,2026-05-06,JP,Desktop,4263,2.0,271,1156,23.44,2026-05-06 13:25:00
KP020659,KW11831,2026-05-07,UK,Desktop,5977,35.0,132,2966,4.45,2026-05-07 12:26:00
KP020660,KW11077,2026-05-08,IN,Desktop,2042,12.0,23,246,9.35,2026-05-08 17:43:00
KP020661,KW11359,2026-05-09,IN,Desktop,2107,9.0,102,1056,9.66,2026-05-09 12:23:00
KP020662,KW11668,2026-05-10,IN,Desktop,3228,27.0,41,776,5.28,2026-05-10 23:58:00
KP020663,KW10992,2026-05-11,CA,Mobile,295,25.0,1,42,2.38,2026-05-11 02:15:00
KP020664,KW11444,2026-05-12,FR,Desktop,11648,30.0,56,847,6.61,2026-05-12 13:33:00
KP020665,KW11757,2026-05-13,JP,Tablet,752,2.0,31,122,25.41,2026-05-13 16:04:00
KP020666,KW10294,2026-05-14,JP,Mobile,4675,3.0,359,2254,15.93,2026-05-14 23:50:00
KP020667,KW10368,2026-05-15,CA,Mobile,7290,29.0,186,3018,6.16,2026-05-15 01:04:00
KP020668,KW10515,2026-05-16,DE,Mobile,2234,45.0,30,572,5.24,2026-05-16 05:47:00
KP020669,KW11246,2026-05-17,FR,Mobile,2849,27.0,86,1266,6.79,2026-05-17 04:16:00
KP020670,KW11552,2026-05-18,JP,Desktop,2201,14.0,47,762,6.17,2026-05-18 15:05:00
KP020671,KW11279,2026-05-19,FR,Mobile,7588,30.0,51,1119,4.56,2026-05-19 16:54:00
KP020672,KW10279,2026-05-20,IN,Tablet,3982,37.0,104,2108,4.93,2026-05-20 23:48:00
KP020673,KW10150,2026-05-21,US,Mobile,2522,40.0,16,308,5.19,2026-05-21 01:10:00
KP020674,KW11197,2026-05-22,AU,Mobile,3734,13.0,166,1898,8.75,2026-05-22 15:28:00
KP020675,KW11772,2026-05-23,CA,Desktop,4152,23.0,122,1778,6.86,2026-05-23 11:13:00
KP020676,KW11614,2026-05-24,BR,Mobile,2972,32.0,40,685,5.84,2026-05-24 19:31:00
KP020677,KW10038,2026-05-25,AU,Mobile,2098,7.0,99,798,12.41,2026-05-25 11:48:00
KP020678,KW11212,2026-05-26,CA,Tablet,3852,18.0,58,889,6.52,2026-05-26 16:40:00
KP020679,KW10069,2026-05-27,IN,Mobile,5072,7.0,177,1406,12.59,2026-05-27 11:42:00
KP020680,KW10108,2026-05-28,FR,Mobile,687,12.0,21,254,8.27,2026-05-28 01:46:00
KP020681,KW10403,2026-05-29,CA,Mobile,1665,27.0,40,792,5.05,2026-05-29 01:17:00
KP020682,KW11511,2026-05-30,AU,Desktop,509,5.0,24,221,10.86,2026-05-30 15:01:00
KP020683,KW11694,2026-05-31,AU,Mobile,5139,7.0,141,954,14.78,2026-05-31 06:18:00
KP020929,KW11200,2026-02-01,US,Desktop,4645,3.0,353,1845,19.13,2026-02-01 13:44:00
KP020930,KW11820,2026-02-02,CA,Desktop,3057,2.0,81,386,20.98,2026-02-02 03:12:00
KP020931,KW11279,2026-02-03,IN,Mobile,511,39.0,11,253,4.35,2026-02-03 19:17:00
KP020932,KW10578,2026-02-04,AU,Mobile,1143,47.0,23,524,4.39,2026-02-04 00:33:00
KP020933,KW10533,2026-02-05,US,Desktop,11392,8.0,482,5520,8.73,2026-02-05 01:16:00
KP020934,KW11021,2026-02-06,JP,Desktop,482,5.0,38,241,15.77,2026-02-06 20:33:00
KP020935,KW10798,2026-02-07,IN,Desktop,1440,36.0,22,486,4.53,2026-02-07 06:54:00
KP020936,KW10599,2026-02-08,FR,Desktop,4240,44.0,15,451,3.33,2026-02-08 03:17:00
KP020937,KW11991,2026-02-09,BR,Desktop,1117,19.0,15,199,7.54,2026-02-09 09:15:00
KP020938,KW11749,2026-02-10,BR,Desktop,8620,14.0,54,715,7.55,2026-02-10 07:01:00
KP020939,KW11195,2026-02-11,US,Mobile,5844,22.0,109,2027,5.38,2026-02-11 17:42:00
KP020940,KW11608,2026-02-12,IN,Desktop,7376,34.0,34,594,5.72,2026-02-12 06:46:00
KP020941,KW11275,2026-02-13,AU,Desktop,1154,26.0,22,458,4.8,2026-02-13 12:57:00
KP020942,KW11100,2026-02-14,AU,Desktop,3031,26.0,37,687,5.39,2026-02-14 20:02:00
KP020943,KW10622,2026-02-15,JP,Mobile,1912,11.0,22,243,9.05,2026-02-15 20:37:00
KP020944,KW10292,2026-02-16,FR,Mobile,4518,27.0,85,1788,4.75,2026-02-16 05:34:00
KP020945,KW11742,2026-02-17,AU,Desktop,12684,32.0,216,4735,4.56,2026-02-17 03:04:00
KP020946,KW10354,2026-02-18,JP,Mobile,1279,16.0,28,368,7.61,2026-02-18 04:11:00
KP020947,KW10047,2026-02-19,US,Mobile,1507,47.0,15,403,3.72,2026-02-19 13:59:00
KP020948,KW10191,2026-02-20,AU,Desktop,4354,19.0,183,2326,7.87,2026-02-20 17:07:00
KP020949,KW10035,2026-02-21,DE,Desktop,3965,38.0,78,1743,4.48,2026-02-21 10:37:00
KP020950,KW11338,2026-02-22,AU,Desktop,18889,24.0,699,10262,6.81,2026-02-22 00:20:00
KP020951,KW10486,2026-02-23,JP,Desktop,2514,1.0,302,1036,29.15,2026-02-23 08:11:00
KP020952,KW11885,2026-02-24,AU,Mobile,4129,13.0,146,2150,6.79,2026-02-24 14:22:00
KP020953,KW10008,2026-02-25,CA,Desktop,2853,28.0,28,420,6.67,2026-02-25 10:56:00
KP020954,KW10654,2026-02-26,AU,Desktop,1297,46.0,33,682,4.84,2026-02-26 02:44:00
KP020955,KW11875,2026-02-27,UK,Desktop,3061,5.0,182,1047,17.38,2026-02-27 03:15:00
KP020956,KW11402,2026-02-28,BR,Desktop,871,43.0,20,409,4.89,2026-02-28 03:04:00
KP020957,KW10419,2026-03-01,CA,Mobile,3174,35.0,84,1690,4.97,2026-03-01 21:07:00
KP020958,KW11623,2026-03-02,CA,Mobile,8761,24.0,247,3715,6.65,2026-03-02 18:36:00
KP020959,KW11749,2026-03-03,MX,Mobile,2167,50.0,6,138,4.35,2026-03-03 14:18:00
KP020960,KW10062,2026-03-04,AU,Mobile,2225,36.0,19,440,4.32,2026-03-04 10:23:00
KP020961,KW11745,2026-03-05,CA,Desktop,2492,43.0,19,448,4.24,2026-03-05 16:27:00
KP020962,KW11106,2026-03-06,BR,Mobile,2057,41.0,5,111,4.5,2026-03-06 20:02:00
KP020963,KW11704,2026-03-07,CA,Desktop,3362,39.0,70,1528,4.58,2026-03-07 15:49:00
KP020964,KW10696,2026-03-08,FR,Mobile,3116,36.0,38,968,3.93,2026-03-08 20:19:00
KP020965,KW10995,2026-03-09,CA,Mobile,5275,18.0,188,2219,8.47,2026-03-09 10:54:00
KP020966,KW10988,2026-03-10,MX,Mobile,6531,6.0,125,1039,12.03,2026-03-10 09:10:00
KP020967,KW10149,2026-03-11,JP,Desktop,729,45.0,11,242,4.55,2026-03-11 11:24:00
KP020968,KW10380,2026-03-12,AU,Desktop,14307,38.0,295,5296,5.57,2026-03-12 23:29:00
KP020969,KW11444,2026-03-13,CA,Mobile,8555,9.0,596,4673,12.75,2026-03-13 21:24:00
KP020970,KW11396,2026-03-14,AU,Mobile,2832,38.0,40,686,5.83,2026-03-14 09:46:00
KP020971,KW10219,2026-03-15,AU,Tablet,3639,40.0,85,1662,5.11,2026-03-15 22:02:00
KP020972,KW11064,2026-03-16,MX,Desktop,4544,17.0,45,608,7.4,2026-03-16 13:54:00
KP020973,KW10904,2026-03-17,IN,Desktop,1943,38.0,30,532,5.64,2026-03-17 13:14:00
KP020974,KW11382,2026-03-18,FR,Mobile,4014,10.0,76,923,8.23,2026-03-18 17:06:00
KP020975,KW10495,2026-03-19,BR,Tablet,10691,31.0,120,2724,4.41,2026-03-19 13:42:00
KP020976,KW11294,2026-03-20,FR,Desktop,620,9.0,18,200,9.0,2026-03-20 11:11:00
KP020977,KW11253,2026-03-21,US,Mobile,2035,39.0,46,806,5.71,2026-03-21 03:05:00
KP020978,KW10126,2026-03-22,BR,Mobile,6170,41.0,163,2959,5.51,2026-03-22 01:34:00
KP020979,KW10737,2026-03-23,BR,Desktop,5556,10.0,283,2763,10.24,2026-03-23 16:48:00
KP020980,KW10059,2026-03-24,MX,Mobile,6461,45.0,102,2556,3.99,2026-03-24 01:46:00
KP020981,KW10438,2026-03-25,JP,Mobile,4093,37.0,94,2107,4.46,2026-03-25 18:39:00
KP020982,KW11430,2026-03-26,MX,Desktop,3092,17.0,108,1601,6.75,2026-03-26 08:59:00
KP020983,KW10758,2026-03-27,BR,Mobile,16297,12.0,319,4144,7.7,2026-03-27 12:10:00
KP020984,KW11528,2026-03-28,DE,Desktop,4045,7.0,165,1809,9.12,2026-03-28 09:03:00
KP020985,KW11366,2026-03-29,BR,Mobile,2764,38.0,17,314,5.41,2026-03-29 09:25:00
KP020986,KW10834,2026-03-30,AU,Mobile,14384,22.0,375,5740,6.53,2026-03-30 02:20:00
KP020987,KW10801,2026-03-31,JP,Mobile,1614,23.0,15,305,4.92,2026-03-31 18:00:00
KP020988,KW11977,2026-04-01,US,Mobile,2289,32.0,49,838,5.85,2026-04-01 22:06:00
KP020989,KW11060,2026-04-02,JP,Mobile,14385,24.0,309,4710,6.56,2026-04-02 02:57:00
KP020990,KW10043,2026-04-03,JP,Desktop,746,13.0,25,332,7.53,2026-04-03 07:01:00
KP020991,KW10287,2026-04-04,DE,Mobile,1801,5.0,91,651,13.98,2026-04-04 18:27:00
KP020992,KW11550,2026-04-05,AU,Desktop,3659,39.0,61,1133,5.38,2026-04-05 11:18:00
KP020993,KW11656,2026-04-06,UK,Desktop,1476,5.0,20,170,11.76,2026-04-06 13:51:00
KP020994,KW10818,2026-04-07,DE,Desktop,5650,49.0,147,3104,4.74,2026-04-07 05:41:00
KP020995,KW11619,2026-04-08,BR,Mobile,1838,33.0,29,635,4.57,2026-04-08 06:15:00
KP020996,KW11442,2026-04-09,IN,Mobile,3386,7.0,102,1013,10.07,2026-04-09 07:42:00
KP020997,KW10985,2026-04-10,DE,Desktop,5917,31.0,87,1969,4.42,2026-04-10 23:48:00
KP020998,KW10793,2026-04-11,JP,Desktop,11956,50.0,115,2327,4.94,2026-04-11 12:12:00
KP020999,KW11371,2026-04-12,BR,Desktop,14925,26.0,543,7460,7.28,2026-04-12 03:00:00
KP021000,KW10362,2026-04-13,BR,Desktop,1386,43.0,18,504,3.57,2026-04-13 04:10:00
KP021001,KW11925,2026-04-14,FR,Mobile,2157,29.0,43,643,6.69,2026-04-14 08:20:00
KP021002,KW10370,2026-04-15,AU,Desktop,3820,15.0,22,234,9.4,2026-04-15 16:21:00
KP021003,KW11944,2026-04-16,DE,Mobile,1588,43.0,4,110,3.64,2026-04-16 11:28:00
KP021004,KW11994,2026-04-17,UK,Desktop,655,8.0,19,174,10.92,2026-04-17 08:01:00
KP021005,KW11711,2026-04-18,US,Mobile,2522,32.0,22,422,5.21,2026-04-18 17:07:00
KP021006,KW11467,2026-04-19,FR,Mobile,4776,22.0,68,1063,6.4,2026-04-19 12:08:00
KP021007,KW10487,2026-04-20,FR,Desktop,2185,48.0,45,902,4.99,2026-04-20 19:37:00
KP021008,KW10025,2026-04-21,AU,Mobile,2314,29.0,76,1271,5.98,2026-04-21 11:09:00
KP021009,KW11967,2026-04-22,UK,Desktop,5797,12.0,83,869,9.55,2026-04-22 08:45:00
KP021010,KW10445,2026-04-23,MX,Mobile,6364,6.0,483,3455,13.98,2026-04-23 13:03:00
KP021011,KW10608,2026-04-24,FR,Desktop,5636,30.0,40,664,6.02,2026-04-24 05:32:00
KP021012,KW10294,2026-04-25,FR,Mobile,2809,20.0,25,500,5.0,2026-04-25 10:21:00
KP021013,KW11617,2026-04-26,CA,Mobile,2379,48.0,34,788,4.31,2026-04-26 01:51:00
KP021014,KW11120,2026-04-27,MX,Desktop,1189,30.0,25,450,5.56,2026-04-27 06:02:00
KP021015,KW10779,2026-04-28,IN,Desktop,1213,41.0,16,417,3.84,2026-04-28 18:36:00
KP021016,KW11998,2026-04-29,DE,Desktop,7815,39.0,39,861,4.53,2026-04-29 15:05:00
KP021017,KW10321,2026-04-30,JP,Desktop,3333,23.0,21,300,7.0,2026-04-30 03:00:00
KP021018,KW11779,2026-05-01,CA,Desktop,13993,43.0,109,3203,3.4,2026-05-01 05:35:00
KP021019,KW10316,2026-05-02,CA,Mobile,4257,46.0,106,2062,5.14,2026-05-02 01:21:00
KP021020,KW10433,2026-05-03,AU,Desktop,858,31.0,7,157,4.46,2026-05-03 17:25:00
KP021021,KW10713,2026-05-04,CA,Mobile,5340,37.0,63,1753,3.59,2026-05-04 16:55:00
KP021022,KW10541,2026-05-05,CA,Desktop,6670,16.0,166,2248,7.38,2026-05-05 18:05:00
KP021023,KW10646,2026-05-06,JP,Desktop,2582,22.0,91,1145,7.95,2026-05-06 06:57:00
KP021024,KW11009,2026-05-07,AU,Mobile,8909,39.0,153,3108,4.92,2026-05-07 22:30:00
KP021025,KW11883,2026-05-08,CA,Mobile,6311,45.0,16,373,4.29,2026-05-08 13:14:00
KP021026,KW10223,2026-05-09,US,Mobile,3030,6.0,82,829,9.89,2026-05-09 06:19:00
KP021027,KW11334,2026-05-10,DE,Mobile,3587,31.0,104,1639,6.35,2026-05-10 16:10:00
KP021028,KW11348,2026-05-11,FR,Mobile,2527,30.0,77,1214,6.34,2026-05-11 19:18:00
KP021029,KW11676,2026-05-12,DE,Mobile,741,41.0,13,278,4.68,2026-05-12 10:32:00
KP021030,KW11834,2026-05-13,FR,Mobile,1744,26.0,9,147,6.12,2026-05-13 16:13:00
KP021031,KW10784,2026-05-14,BR,Mobile,6094,24.0,72,1192,6.04,2026-05-14 15:39:00
KP021032,KW10308,2026-05-15,UK,Mobile,2882,42.0,49,955,5.13,2026-05-15 01:58:00
KP021033,KW11929,2026-05-16,AU,Mobile,5342,43.0,63,1726,3.65,2026-05-16 16:26:00
KP021034,KW11623,2026-05-17,AU,Mobile,3381,42.0,15,411,3.65,2026-05-17 21:09:00
KP021035,KW10907,2026-05-18,JP,Mobile,534,48.0,6,161,3.73,2026-05-18 15:20:00
KP021036,KW10076,2026-05-19,FR,Desktop,1617,22.0,21,341,6.16,2026-05-19 09:52:00
KP021037,KW10405,2026-05-20,US,Mobile,4862,20.0,115,2011,5.72,2026-05-20 03:02:00
KP021038,KW10572,2026-05-21,US,Desktop,2818,2.0,87,371,23.45,2026-05-21 18:22:00
KP021039,KW11320,2026-05-22,US,Mobile,3752,37.0,61,1173,5.2,2026-05-22 16:49:00
KP021040,KW10559,2026-05-23,UK,Desktop,3717,24.0,35,551,6.35,2026-05-23 10:52:00
KP021041,KW11652,2026-05-24,AU,Mobile,2873,32.0,73,1236,5.91,2026-05-24 08:39:00
KP021042,KW10837,2026-05-25,CA,Desktop,4151,26.0,48,772,6.22,2026-05-25 00:18:00
KP021043,KW11377,2026-05-26,UK,Mobile,10180,6.0,397,3114,12.75,2026-05-26 02:07:00
KP021044,KW11988,2026-05-27,CA,Mobile,5251,18.0,171,2786,6.14,2026-05-27 20:12:00
KP021045,KW10037,2026-05-28,IN,Mobile,69056,40.0,261,6568,3.97,2026-05-28 04:38:00
KP021046,KW10903,2026-05-29,FR,Mobile,4527,4.0,170,1176,14.46,2026-05-29 03:36:00
KP021047,KW10529,2026-05-30,DE,Mobile,1601,1.0,177,506,34.98,2026-05-30 17:08:00
KP021048,KW11579,2026-05-31,JP,Mobile,996,37.0,9,182,4.95,2026-05-31 05:49:00
KP021294,KW10795,2026-02-01,JP,Tablet,603,38.0,9,200,4.5,2026-02-01 21:50:00
KP021295,KW10728,2026-02-02,BR,Desktop,3903,40.0,80,2018,3.96,2026-02-02 11:39:00
KP021296,KW11659,2026-02-03,BR,Mobile,3606,8.0,165,1444,11.43,2026-02-03 12:38:00
KP021297,KW10159,2026-02-04,DE,Mobile,2679,31.0,64,1166,5.49,2026-02-04 01:58:00
KP021298,KW10657,2026-02-05,UK,Mobile,1166,39.0,22,480,4.58,2026-02-05 11:31:00
KP021299,KW10414,2026-02-06,JP,Desktop,6542,37.0,149,3055,4.88,2026-02-06 19:31:00
KP021300,KW11134,2026-02-07,BR,Mobile,17788,3.0,1025,6469,15.84,2026-02-07 05:44:00
KP021301,KW10334,2026-02-08,BR,Mobile,2124,5.0,88,553,15.91,2026-02-08 14:52:00
KP021302,KW10868,2026-02-09,IN,Desktop,1579,22.0,42,778,5.4,2026-02-09 06:46:00
KP021303,KW11734,2026-02-10,FR,Mobile,1401,3.0,84,527,15.94,2026-02-10 06:05:00
KP021304,KW11978,2026-02-11,CA,Tablet,807,22.0,10,160,6.25,2026-02-11 15:01:00
KP021305,KW11351,2026-02-12,IN,Desktop,2256,40.0,20,359,5.57,2026-02-12 17:36:00
KP021306,KW10598,2026-02-13,US,Desktop,2047,8.0,71,615,11.54,2026-02-13 09:06:00
KP021307,KW10644,2026-02-14,JP,Mobile,2817,2.0,170,831,20.46,2026-02-14 16:29:00
KP021308,KW10987,2026-02-15,AU,Desktop,581,18.0,9,148,6.08,2026-02-15 06:05:00
KP021309,KW10087,2026-02-16,AU,Mobile,7129,36.0,43,1021,4.21,2026-02-16 08:04:00
KP021310,KW10647,2026-02-17,US,Mobile,2093,49.0,24,594,4.04,2026-02-17 15:35:00
KP021311,KW10822,2026-02-18,IN,Desktop,15256,33.0,296,6717,4.41,2026-02-18 09:21:00
KP021312,KW11615,2026-02-19,DE,Desktop,13602,8.0,507,6058,8.37,2026-02-19 00:54:00
KP021313,KW10700,2026-02-20,AU,Desktop,2265,13.0,32,348,9.2,2026-02-20 22:42:00
KP021314,KW10968,2026-02-21,IN,Mobile,2356,32.0,63,1016,6.2,2026-02-21 05:51:00
KP021315,KW11341,2026-02-22,CA,Desktop,614,34.0,2,73,2.74,2026-02-22 20:47:00
KP021316,KW10505,2026-02-23,IN,Desktop,8218,39.0,210,4211,4.99,2026-02-23 09:20:00
KP021317,KW10951,2026-02-24,UK,Desktop,1569,5.0,35,241,14.52,2026-02-24 07:02:00
KP021318,KW11989,2026-02-25,FR,Mobile,8124,41.0,163,3999,4.08,2026-02-25 23:30:00
KP021319,KW10808,2026-02-26,UK,Mobile,692,15.0,15,241,6.22,2026-02-26 17:53:00
KP021320,KW11683,2026-02-27,BR,Desktop,6949,18.0,227,3745,6.06,2026-02-27 04:20:00
KP021321,KW11594,2026-02-28,DE,Mobile,2005,22.0,12,242,4.96,2026-02-28 05:28:00
KP021322,KW10352,2026-03-01,MX,Mobile,1514,40.0,13,315,4.13,2026-03-01 21:22:00
KP021323,KW10750,2026-03-02,FR,Mobile,3205,31.0,14,322,4.35,2026-03-02 10:41:00
KP021324,KW11282,2026-03-03,IN,Desktop,699,26.0,16,236,6.78,2026-03-03 05:32:00
KP021325,KW11278,2026-03-04,DE,Mobile,6742,27.0,207,3195,6.48,2026-03-04 09:28:00
KP021326,KW10240,2026-03-05,IN,Mobile,1319,23.0,46,626,7.35,2026-03-05 06:21:00
KP021327,KW11208,2026-03-06,BR,Mobile,11343,32.0,280,4911,5.7,2026-03-06 20:35:00
KP021328,KW11919,2026-03-07,IN,Mobile,17576,27.0,62,1415,4.38,2026-03-07 16:58:00
KP021329,KW11059,2026-03-08,MX,Mobile,5760,49.0,107,2127,5.03,2026-03-08 04:36:00
KP021330,KW10619,2026-03-09,FR,Mobile,2500,29.0,83,1322,6.28,2026-03-09 19:59:00
KP021331,KW10863,2026-03-10,MX,Desktop,3099,11.0,86,765,11.24,2026-03-10 01:30:00
KP021332,KW10089,2026-03-11,CA,Mobile,9009,21.0,327,4604,7.1,2026-03-11 00:09:00
KP021333,KW10187,2026-03-12,BR,Mobile,10069,18.0,161,2249,7.16,2026-03-12 05:52:00
KP021334,KW10133,2026-03-13,CA,Mobile,1852,41.0,3,96,3.12,2026-03-13 18:04:00
KP021335,KW11984,2026-03-14,US,Desktop,7939,12.0,200,2140,9.35,2026-03-14 22:30:00
KP021336,KW11164,2026-03-15,FR,Mobile,1156,35.0,23,571,4.03,2026-03-15 20:07:00
KP021337,KW11353,2026-03-16,UK,Desktop,14871,1.0,335,959,34.93,2026-03-16 22:58:00
KP021338,KW10743,2026-03-17,AU,Desktop,5157,22.0,32,582,5.5,2026-03-17 14:27:00
KP021339,KW10721,2026-03-18,CA,Mobile,606,26.0,2,52,3.85,2026-03-18 10:41:00
KP021340,KW10619,2026-03-19,MX,Desktop,1290,13.0,46,704,6.53,2026-03-19 19:30:00
KP021341,KW11478,2026-03-20,FR,Desktop,2487,45.0,70,1316,5.32,2026-03-20 04:43:00
KP021342,KW11065,2026-03-21,FR,Mobile,4451,12.0,159,1446,11.0,2026-03-21 11:56:00
KP021343,KW11464,2026-03-22,IN,Desktop,1219,35.0,21,383,5.48,2026-03-22 16:47:00
KP021344,KW11840,2026-03-23,DE,Desktop,4452,18.0,30,360,8.33,2026-03-23 13:02:00
KP021345,KW10212,2026-03-24,AU,Desktop,18077,46.0,211,5932,3.56,2026-03-24 21:26:00
KP021346,KW10245,2026-03-25,IN,Mobile,3879,29.0,111,1815,6.12,2026-03-25 09:35:00
KP021347,KW10861,2026-03-26,MX,Mobile,1263,15.0,40,506,7.91,2026-03-26 11:39:00
KP021348,KW10577,2026-03-27,BR,Mobile,4114,10.0,27,318,8.49,2026-03-27 05:07:00
KP021349,KW11921,2026-03-28,AU,Mobile,4921,41.0,67,1366,4.9,2026-03-28 07:23:00
KP021350,KW10314,2026-03-29,JP,Desktop,697,26.0,16,311,5.14,2026-03-29 21:20:00
KP021351,KW10021,2026-03-30,MX,Mobile,2327,5.0,107,854,12.53,2026-03-30 20:02:00
KP021352,KW11506,2026-03-31,DE,Tablet,3804,19.0,107,1608,6.65,2026-03-31 12:05:00
KP021353,KW11187,2026-04-01,US,Desktop,6632,19.0,110,1806,6.09,2026-04-01 03:27:00
KP021354,KW10795,2026-04-02,FR,Desktop,1988,38.0,10,256,3.91,2026-04-02 18:10:00
KP021355,KW11102,2026-04-03,US,Desktop,3292,10.0,186,1763,10.55,2026-04-03 18:48:00
KP021356,KW10295,2026-04-04,JP,Desktop,3615,4.0,83,580,14.31,2026-04-04 16:17:00
KP021357,KW11577,2026-04-05,UK,Mobile,6440,48.0,15,425,3.53,2026-04-05 08:45:00
KP021358,KW11712,2026-04-06,IN,Desktop,7970,36.0,115,2500,4.6,2026-04-06 00:50:00
KP021359,KW10266,2026-04-07,IN,Desktop,780,17.0,7,134,5.22,2026-04-07 01:15:00
KP021360,KW10108,2026-04-08,US,Mobile,1495,4.0,102,522,19.54,2026-04-08 07:56:00
KP021361,KW10252,2026-04-09,FR,Desktop,4677,19.0,112,1304,8.59,2026-04-09 15:35:00
KP021362,KW11668,2026-04-10,BR,Mobile,2835,24.0,29,589,4.92,2026-04-10 14:24:00
KP021363,KW10058,2026-04-11,UK,Mobile,8368,40.0,186,3540,5.25,2026-04-11 10:28:00
KP021364,KW10506,2026-04-12,UK,Desktop,2708,39.0,63,1348,4.67,2026-04-12 09:26:00
KP021365,KW10249,2026-04-13,UK,Mobile,6746,4.0,417,3101,13.45,2026-04-13 16:49:00
KP021366,KW10473,2026-04-14,JP,Desktop,3983,17.0,47,572,8.22,2026-04-14 16:58:00
KP021367,KW10821,2026-04-15,IN,Desktop,6632,40.0,32,879,3.64,2026-04-15 08:05:00
KP021368,KW11583,2026-04-16,CA,Tablet,2981,8.0,65,755,8.61,2026-04-16 23:25:00
KP021369,KW11329,2026-04-17,IN,Desktop,881,12.0,29,442,6.56,2026-04-17 12:28:00
KP021370,KW11608,2026-04-18,FR,Desktop,8572,42.0,201,3956,5.08,2026-04-18 11:13:00
KP021371,KW11324,2026-04-19,DE,Desktop,1414,40.0,13,274,4.74,2026-04-19 21:57:00
KP021372,KW10901,2026-04-20,US,Desktop,1110,27.0,10,176,5.68,2026-04-20 18:33:00
KP021373,KW10539,2026-04-21,JP,Tablet,11076,46.0,44,891,4.94,2026-04-21 07:58:00
KP021374,KW11753,2026-04-22,DE,Mobile,2780,26.0,37,669,5.53,2026-04-22 09:25:00
KP021375,KW11397,2026-04-23,UK,Desktop,3292,16.0,138,1621,8.51,2026-04-23 00:36:00
KP021376,KW10735,2026-04-24,BR,Desktop,1593,44.0,16,482,3.32,2026-04-24 08:04:00
KP021377,KW10147,2026-04-25,FR,Mobile,3066,1.0,331,1185,27.93,2026-04-25 23:53:00
KP021378,KW11244,2026-04-26,DE,Desktop,8660,2.0,414,1963,21.09,2026-04-26 15:33:00
KP021379,KW11684,2026-04-27,IN,Mobile,10785,3.0,350,1521,23.01,2026-04-27 16:10:00
KP021380,KW11904,2026-04-28,UK,Desktop,2319,43.0,26,490,5.31,2026-04-28 03:13:00
KP021381,KW11760,2026-04-29,MX,Desktop,806,17.0,28,417,6.71,2026-04-29 22:31:00
KP021382,KW11902,2026-04-30,AU,Mobile,7171,10.0,60,608,9.87,2026-04-30 22:54:00
KP021383,KW11636,2026-05-01,CA,Desktop,1816,11.0,69,613,11.26,2026-05-01 10:14:00
KP021384,KW11155,2026-05-02,DE,Desktop,2087,10.0,30,291,10.31,2026-05-02 14:32:00
KP021385,KW11303,2026-05-03,FR,Mobile,5700,30.0,38,865,4.39,2026-05-03 21:55:00
KP021386,KW10260,2026-05-04,JP,Desktop,4918,24.0,105,1624,6.47,2026-05-04 01:05:00
KP021387,KW11570,2026-05-05,UK,Mobile,18832,39.0,191,4530,4.22,2026-05-05 13:00:00
KP021388,KW11665,2026-05-06,US,Mobile,2275,7.0,97,817,11.87,2026-05-06 21:57:00
KP021389,KW10470,2026-05-07,CA,Mobile,2530,37.0,20,529,3.78,2026-05-07 04:22:00
KP021390,KW11961,2026-05-08,DE,Desktop,966,47.0,4,110,3.64,2026-05-08 11:48:00
KP021391,KW10432,2026-05-09,DE,Mobile,7809,14.0,162,1871,8.66,2026-05-09 09:48:00
KP021392,KW10362,2026-05-10,UK,Desktop,11655,17.0,128,1700,7.53,2026-05-10 14:50:00
KP021393,KW10703,2026-05-11,BR,Mobile,10334,43.0,51,1357,3.76,2026-05-11 23:49:00
KP021394,KW11989,2026-05-12,IN,Mobile,1889,29.0,22,485,4.54,2026-05-12 21:19:00
KP021395,KW11809,2026-05-13,DE,Mobile,1366,9.0,19,246,7.72,2026-05-13 18:50:00
KP021396,KW11936,2026-05-14,DE,Desktop,1130,1.0,108,330,32.73,2026-05-14 11:58:00
KP021397,KW10489,2026-05-15,MX,Desktop,2438,44.0,40,949,4.21,2026-05-15 05:30:00
KP021398,KW10099,2026-05-16,CA,Desktop,867,17.0,15,170,8.82,2026-05-16 23:55:00
KP021399,KW10500,2026-05-17,IN,Mobile,7297,39.0,88,1884,4.67,2026-05-17 22:33:00
KP021400,KW10566,2026-05-18,BR,Mobile,571,23.0,6,95,6.32,2026-05-18 08:24:00
KP021401,KW10959,2026-05-19,AU,Desktop,1120,25.0,8,148,5.41,2026-05-19 12:56:00
KP021402,KW10080,2026-05-20,US,Desktop,2501,27.0,50,900,5.56,2026-05-20 17:27:00
KP021403,KW11942,2026-05-21,US,Mobile,12294,43.0,83,1707,4.86,2026-05-21 19:00:00
KP021404,KW11328,2026-05-22,US,Mobile,929,7.0,23,178,12.92,2026-05-22 21:04:00
KP021405,KW10800,2026-05-23,FR,Tablet,7778,1.0,564,1612,34.99,2026-05-23 06:24:00
KP021406,KW11788,2026-05-24,JP,Mobile,3960,42.0,80,1776,4.5,2026-05-24 18:04:00
KP021407,KW11628,2026-05-25,UK,Desktop,1566,9.0,10,131,7.63,2026-05-25 17:59:00
KP021408,KW10704,2026-05-26,FR,Mobile,2020,28.0,5,102,4.9,2026-05-26 07:21:00
KP021409,KW11635,2026-05-27,BR,Mobile,3401,20.0,59,1149,5.13,2026-05-27 10:36:00
KP021410,KW10145,2026-05-28,MX,Mobile,16410,42.0,40,1085,3.69,2026-05-28 10:53:00
KP021411,KW11243,2026-05-29,AU,Desktop,2658,36.0,15,278,5.4,2026-05-29 23:12:00
KP021412,KW11936,2026-05-30,CA,Desktop,1918,49.0,15,326,4.6,2026-05-30 20:21:00
KP021413,KW11561,2026-05-31,UK,Mobile,3977,13.0,60,684,8.77,2026-05-31 08:36:00
KP021659,KW10009,2026-02-01,JP,Desktop,2286,9.0,65,827,7.86,2026-02-01 01:47:00
KP021660,KW11224,2026-02-02,DE,Desktop,3053,17.0,66,912,7.24,2026-02-02 04:40:00
KP021661,KW11215,2026-02-03,BR,Mobile,1381,32.0,21,504,4.17,2026-02-03 22:21:00
KP021662,KW11689,2026-02-04,JP,Desktop,4089,45.0,91,1987,4.58,2026-02-04 07:52:00
KP021663,KW11398,2026-02-05,JP,Desktop,1600,39.0,6,170,3.53,2026-02-05 01:40:00
KP021664,KW11307,2026-02-06,BR,Desktop,277,11.0,11,149,7.38,2026-02-06 16:51:00
KP021665,KW10960,2026-02-07,CA,Desktop,2282,27.0,41,800,5.12,2026-02-07 09:02:00
KP021666,KW10820,2026-02-08,IN,Desktop,1499,43.0,5,113,4.42,2026-02-08 21:04:00
KP021667,KW11523,2026-02-09,JP,Desktop,891,11.0,47,413,11.38,2026-02-09 07:22:00
KP021668,KW11290,2026-02-10,US,Desktop,1469,15.0,13,221,5.88,2026-02-10 22:47:00
KP021669,KW10391,2026-02-11,JP,Mobile,2145,35.0,52,1160,4.48,2026-02-11 16:53:00
KP021670,KW10401,2026-02-12,DE,Desktop,1376,23.0,33,699,4.72,2026-02-12 20:25:00
KP021671,KW10077,2026-02-13,US,Desktop,1591,41.0,37,740,5.0,2026-02-13 09:50:00
KP021672,KW10718,2026-02-14,IN,Mobile,3099,36.0,59,1307,4.51,2026-02-14 23:30:00
KP021673,KW10722,2026-02-15,MX,Desktop,479,20.0,8,144,5.56,2026-02-15 18:24:00
KP021674,KW11408,2026-02-16,BR,Mobile,3386,19.0,23,302,7.62,2026-02-16 15:23:00
KP021675,KW10362,2026-02-17,CA,Mobile,20097,46.0,198,4402,4.5,2026-02-17 20:13:00
KP021676,KW11241,2026-02-18,US,Mobile,1323,30.0,28,543,5.16,2026-02-18 07:02:00
KP021677,KW11040,2026-02-19,DE,Desktop,4381,25.0,14,228,6.14,2026-02-19 11:50:00
KP021678,KW11721,2026-02-20,FR,Desktop,4956,30.0,140,2332,6.0,2026-02-20 08:31:00
KP021679,KW10729,2026-02-21,UK,Mobile,2659,26.0,68,1081,6.29,2026-02-21 13:03:00
KP021680,KW10486,2026-02-22,DE,Desktop,717,35.0,16,266,6.02,2026-02-22 14:20:00
KP021681,KW11668,2026-02-23,UK,Desktop,4645,50.0,30,881,3.41,2026-02-23 06:49:00
KP021682,KW10716,2026-02-24,JP,Mobile,4967,15.0,88,1148,7.67,2026-02-24 01:41:00
KP021683,KW10283,2026-02-25,JP,Mobile,11105,5.0,784,4547,17.24,2026-02-25 12:24:00
KP021684,KW11028,2026-02-26,AU,Desktop,2036,39.0,20,523,3.82,2026-02-26 12:32:00
KP021685,KW11599,2026-02-27,US,Desktop,792,32.0,3,70,4.29,2026-02-27 05:08:00
KP021686,KW11050,2026-02-28,JP,Desktop,8875,11.0,99,912,10.86,2026-02-28 19:49:00
KP021687,KW11090,2026-03-01,AU,Mobile,9652,1.0,762,2865,26.6,2026-03-01 21:37:00
KP021688,KW11713,2026-03-02,US,Mobile,813,46.0,6,140,4.29,2026-03-02 07:06:00
KP021689,KW11131,2026-03-03,DE,Desktop,8105,27.0,162,2706,5.99,2026-03-03 21:09:00
KP021690,KW10168,2026-03-04,CA,Mobile,2457,30.0,14,272,5.15,2026-03-04 05:18:00
KP021691,KW11581,2026-03-05,JP,Mobile,7643,27.0,48,1072,4.48,2026-03-05 05:25:00
KP021692,KW11911,2026-03-06,MX,Desktop,2427,25.0,18,367,4.9,2026-03-06 20:26:00
KP021693,KW10279,2026-03-07,IN,Desktop,6843,30.0,42,745,5.64,2026-03-07 06:24:00
KP021694,KW11943,2026-03-08,FR,Mobile,4281,50.0,93,2239,4.15,2026-03-08 23:11:00
KP021695,KW11599,2026-03-09,FR,Desktop,1320,13.0,34,531,6.4,2026-03-09 05:48:00
KP021696,KW11630,2026-03-10,IN,Desktop,13934,3.0,771,5167,14.92,2026-03-10 02:33:00
KP021697,KW10445,2026-03-11,FR,Desktop,2315,28.0,14,231,6.06,2026-03-11 09:57:00
KP021698,KW11723,2026-03-12,DE,Desktop,5219,9.0,278,2157,12.89,2026-03-12 16:41:00
KP021699,KW11909,2026-03-13,AU,Desktop,19052,4.0,271,1827,14.83,2026-03-13 18:30:00
KP021700,KW10863,2026-03-14,MX,Desktop,4154,32.0,64,1042,6.14,2026-03-14 11:08:00
KP021701,KW11049,2026-03-15,FR,Mobile,963,48.0,10,312,3.21,2026-03-15 03:35:00
KP021702,KW11511,2026-03-16,IN,Mobile,619,43.0,3,68,4.41,2026-03-16 22:34:00
KP021703,KW11847,2026-03-17,US,Mobile,1854,27.0,59,994,5.94,2026-03-17 00:06:00
KP021704,KW10503,2026-03-18,UK,Desktop,513,45.0,9,256,3.52,2026-03-18 10:20:00
KP021705,KW11004,2026-03-19,US,Mobile,888,28.0,20,346,5.78,2026-03-19 20:10:00
KP021706,KW11825,2026-03-20,JP,Desktop,3870,6.0,147,1468,10.01,2026-03-20 23:54:00
KP021707,KW10078,2026-03-21,JP,Mobile,2661,43.0,58,1354,4.28,2026-03-21 18:08:00
KP021708,KW10679,2026-03-22,JP,Mobile,3881,32.0,56,1057,5.3,2026-03-22 01:27:00
KP021709,KW11243,2026-03-23,JP,Desktop,1509,31.0,21,353,5.95,2026-03-23 04:45:00
KP021710,KW10691,2026-03-24,JP,Desktop,505,20.0,20,251,7.97,2026-03-24 05:05:00
KP021711,KW10990,2026-03-25,US,Mobile,6851,37.0,78,1646,4.74,2026-03-25 05:36:00
KP021712,KW11004,2026-03-26,IN,Desktop,2654,20.0,61,780,7.82,2026-03-26 23:57:00
KP021713,KW10994,2026-03-27,CA,Mobile,648,3.0,42,279,15.05,2026-03-27 10:03:00
KP021714,KW11152,2026-03-28,JP,Mobile,3354,36.0,24,541,4.44,2026-03-28 06:53:00
KP021715,KW10469,2026-03-29,DE,Mobile,9397,5.0,684,3852,17.76,2026-03-29 12:29:00
KP021716,KW11270,2026-03-30,MX,Desktop,2018,31.0,33,548,6.02,2026-03-30 05:32:00
KP021717,KW10201,2026-03-31,CA,Mobile,11461,4.0,461,3391,13.59,2026-03-31 05:51:00
KP021718,KW10806,2026-04-01,UK,Desktop,2317,21.0,31,617,5.02,2026-04-01 05:04:00
KP021719,KW10975,2026-04-02,IN,Tablet,1981,50.0,4,112,3.57,2026-04-02 12:03:00
KP021720,KW11737,2026-04-03,FR,Desktop,2724,4.0,229,1332,17.19,2026-04-03 01:55:00
KP021721,KW10882,2026-04-04,BR,Mobile,7142,44.0,112,2340,4.79,2026-04-04 11:09:00
KP021722,KW11862,2026-04-05,AU,Mobile,4994,17.0,95,1327,7.16,2026-04-05 19:10:00
KP021723,KW11691,2026-04-06,MX,Mobile,1678,6.0,93,623,14.93,2026-04-06 02:37:00
KP021724,KW11425,2026-04-07,UK,Mobile,2151,36.0,21,391,5.37,2026-04-07 09:57:00
KP021725,KW10114,2026-04-08,AU,Desktop,3235,10.0,97,1257,7.72,2026-04-08 08:59:00
KP021726,KW11968,2026-04-09,BR,Mobile,1829,49.0,16,526,3.04,2026-04-09 03:56:00
KP021727,KW10698,2026-04-10,IN,Desktop,8471,3.0,857,3617,23.69,2026-04-10 00:09:00
KP021728,KW10818,2026-04-11,UK,Desktop,4369,23.0,50,1051,4.76,2026-04-11 05:35:00
KP021729,KW10170,2026-04-12,BR,Desktop,2892,46.0,38,1132,3.36,2026-04-12 02:16:00
KP021730,KW10839,2026-04-13,BR,Mobile,9184,20.0,201,2573,7.81,2026-04-13 09:42:00
KP021731,KW10800,2026-04-14,MX,Mobile,4960,8.0,349,2598,13.43,2026-04-14 09:58:00
KP021732,KW11377,2026-04-15,CA,Desktop,1895,46.0,32,729,4.39,2026-04-15 13:52:00
KP021733,KW11315,2026-04-16,FR,Desktop,1620,12.0,50,706,7.08,2026-04-16 17:33:00
KP021734,KW11633,2026-04-17,IN,Desktop,4084,16.0,101,1122,9.0,2026-04-17 09:56:00
KP021735,KW11873,2026-04-18,FR,Tablet,1691,47.0,16,456,3.51,2026-04-18 22:55:00
KP021736,KW10506,2026-04-19,BR,Mobile,3177,38.0,64,1317,4.86,2026-04-19 03:31:00
KP021737,KW10880,2026-04-20,MX,Desktop,608,9.0,16,137,11.68,2026-04-20 02:00:00
KP021738,KW10702,2026-04-21,JP,Desktop,4320,29.0,99,2065,4.79,2026-04-21 02:19:00
KP021739,KW10657,2026-04-22,CA,Mobile,195,13.0,7,99,7.07,2026-04-22 12:34:00
KP021740,KW11138,2026-04-23,MX,Mobile,3756,42.0,48,1423,3.37,2026-04-23 06:01:00
KP021741,KW10554,2026-04-24,AU,Mobile,2964,15.0,87,1025,8.49,2026-04-24 07:09:00
KP021742,KW11730,2026-04-25,CA,Mobile,2763,19.0,101,1293,7.81,2026-04-25 03:01:00
KP021743,KW10825,2026-04-26,IN,Desktop,7600,37.0,52,923,5.63,2026-04-26 10:44:00
KP021744,KW11358,2026-04-27,JP,Desktop,2996,2.0,246,1082,22.74,2026-04-27 06:59:00
KP021745,KW11525,2026-04-28,FR,Desktop,4212,6.0,150,1380,10.87,2026-04-28 01:27:00
KP021746,KW11416,2026-04-29,AU,Desktop,4818,1.0,691,2001,34.53,2026-04-29 02:06:00
KP021747,KW10286,2026-04-30,DE,Mobile,5492,20.0,22,425,5.18,2026-04-30 12:01:00
KP021748,KW10928,2026-05-01,AU,Mobile,8709,1.0,477,1559,30.6,2026-05-01 17:18:00
KP021749,KW10148,2026-05-02,BR,Desktop,636,29.0,11,192,5.73,2026-05-02 09:43:00
KP021750,KW10660,2026-05-03,MX,Desktop,1774,42.0,36,668,5.39,2026-05-03 02:49:00
KP021751,KW11353,2026-05-04,CA,Desktop,1875,15.0,41,447,9.17,2026-05-04 15:04:00
KP021752,KW10769,2026-05-05,JP,Mobile,2686,20.0,68,1020,6.67,2026-05-05 08:29:00
KP021753,KW10482,2026-05-06,IN,Tablet,3211,2.0,355,1200,29.58,2026-05-06 22:28:00
KP021754,KW10324,2026-05-07,AU,Mobile,6501,10.0,60,671,8.94,2026-05-07 14:08:00
KP021755,KW10869,2026-05-08,IN,Desktop,66003,37.0,625,11980,5.22,2026-05-08 04:37:00
KP021756,KW10898,2026-05-09,AU,Mobile,4179,40.0,22,606,3.63,2026-05-09 10:11:00
KP021757,KW11479,2026-05-10,FR,Desktop,2143,24.0,77,1031,7.47,2026-05-10 04:44:00
KP021758,KW11677,2026-05-11,US,Mobile,6098,37.0,64,1552,4.12,2026-05-11 03:57:00
KP021759,KW11533,2026-05-12,JP,Mobile,1204,1.0,150,430,34.88,2026-05-12 14:09:00
KP021760,KW10969,2026-05-13,CA,Mobile,5412,39.0,48,1253,3.83,2026-05-13 11:21:00
KP021761,KW11040,2026-05-14,BR,Desktop,10016,8.0,362,2717,13.32,2026-05-14 16:41:00
KP021762,KW11576,2026-05-15,CA,Mobile,1442,14.0,37,421,8.79,2026-05-15 07:44:00
KP021763,KW10636,2026-05-16,US,Mobile,2066,12.0,65,790,8.23,2026-05-16 11:10:00
KP021764,KW10131,2026-05-17,FR,Mobile,3766,45.0,66,1384,4.77,2026-05-17 21:20:00
KP021765,KW10018,2026-05-18,BR,Desktop,4269,42.0,75,1727,4.34,2026-05-18 22:34:00
KP021766,KW10388,2026-05-19,IN,Mobile,2046,31.0,60,1026,5.85,2026-05-19 01:30:00
KP021767,KW10950,2026-05-20,AU,Mobile,2232,40.0,46,929,4.95,2026-05-20 23:52:00
KP021768,KW11340,2026-05-21,MX,Mobile,1285,9.0,48,379,12.66,2026-05-21 02:08:00
KP021769,KW10267,2026-05-22,US,Mobile,2972,31.0,49,1047,4.68,2026-05-22 12:03:00
KP021770,KW11120,2026-05-23,IN,Desktop,502,49.0,6,149,4.03,2026-05-23 03:28:00
KP021771,KW11970,2026-05-24,BR,Mobile,17484,40.0,321,6771,4.74,2026-05-24 22:47:00
KP021772,KW11830,2026-05-25,FR,Mobile,4525,6.0,165,1037,15.91,2026-05-25 23:27:00
KP021773,KW11208,2026-05-26,IN,Mobile,3750,36.0,49,1210,4.05,2026-05-26 11:51:00
KP021774,KW11915,2026-05-27,AU,Mobile,5589,7.0,58,422,13.74,2026-05-27 08:34:00
KP021775,KW11587,2026-05-28,JP,Mobile,2813,38.0,27,564,4.79,2026-05-28 17:45:00
KP021776,KW10942,2026-05-29,AU,Mobile,4481,21.0,85,1493,5.69,2026-05-29 07:48:00
KP021777,KW11512,2026-05-30,IN,Desktop,2345,40.0,52,959,5.42,2026-05-30 05:28:00
KP021778,KW11384,2026-05-31,BR,Desktop,809,16.0,31,353,8.78,2026-05-31 23:01:00
KP022024,KW11068,2026-02-01,MX,Desktop,2326,50.0,27,704,3.84,2026-02-01 10:47:00
KP022025,KW11720,2026-02-02,FR,Mobile,7397,41.0,128,3657,3.5,2026-02-02 06:47:00
KP022026,KW11658,2026-02-03,DE,Desktop,3658,16.0,119,1349,8.82,2026-02-03 04:29:00
KP022027,KW11343,2026-02-04,AU,Desktop,11942,24.0,57,1239,4.6,2026-02-04 17:38:00
KP022028,KW11444,2026-02-05,FR,Desktop,4618,35.0,50,1107,4.52,2026-02-05 18:13:00
KP022029,KW11178,2026-02-06,AU,Desktop,941,27.0,5,107,4.67,2026-02-06 04:12:00
KP022030,KW11714,2026-02-07,CA,Desktop,1869,17.0,53,789,6.72,2026-02-07 13:45:00
KP022031,KW11120,2026-02-08,AU,Mobile,3169,27.0,42,673,6.24,2026-02-08 19:10:00
KP022032,KW11105,2026-02-09,IN,Desktop,3112,28.0,73,1514,4.82,2026-02-09 13:56:00
KP022033,KW10363,2026-02-10,FR,Desktop,4142,12.0,52,532,9.77,2026-02-10 20:25:00
KP022034,KW10279,2026-02-11,MX,Tablet,2890,36.0,47,1123,4.19,2026-02-11 19:28:00
KP022035,KW11642,2026-02-12,JP,Mobile,5211,45.0,85,2552,3.33,2026-02-12 19:37:00
KP022036,KW11622,2026-02-13,UK,Desktop,4178,28.0,24,515,4.66,2026-02-13 17:13:00
KP022037,KW10717,2026-02-14,FR,Mobile,1024,1.0,47,159,29.56,2026-02-14 20:37:00
KP022038,KW11982,2026-02-15,CA,Desktop,1587,9.0,39,437,8.92,2026-02-15 09:44:00
KP022039,KW10987,2026-02-16,FR,Desktop,2925,37.0,61,1107,5.51,2026-02-16 17:21:00
KP022040,KW11923,2026-02-17,FR,Mobile,5347,10.0,193,2150,8.98,2026-02-17 20:27:00
KP022041,KW10163,2026-02-18,DE,Desktop,2219,24.0,83,1118,7.42,2026-02-18 21:22:00
KP022042,KW10996,2026-02-19,FR,Tablet,1060,2.0,27,97,27.84,2026-02-19 15:11:00
KP022043,KW11044,2026-02-20,MX,Mobile,903,14.0,24,317,7.57,2026-02-20 01:06:00
KP022044,KW10554,2026-02-21,FR,Mobile,3340,7.0,118,951,12.41,2026-02-21 22:17:00
KP022045,KW10579,2026-02-22,US,Mobile,2655,8.0,97,714,13.59,2026-02-22 22:51:00
KP022046,KW11751,2026-02-23,FR,Desktop,1666,37.0,31,740,4.19,2026-02-23 08:49:00
KP022047,KW11174,2026-02-24,UK,Desktop,650,10.0,29,261,11.11,2026-02-24 09:33:00
KP022048,KW11119,2026-02-25,IN,Desktop,1230,18.0,6,71,8.45,2026-02-25 02:56:00
KP022049,KW11803,2026-02-26,US,Desktop,12347,48.0,170,5170,3.29,2026-02-26 04:58:00
KP022050,KW10755,2026-02-27,BR,Desktop,2201,12.0,38,419,9.07,2026-02-27 21:23:00
KP022051,KW10219,2026-02-28,UK,Desktop,646,40.0,5,107,4.67,2026-02-28 19:24:00
KP022052,KW10650,2026-03-01,US,Mobile,8450,20.0,139,2053,6.77,2026-03-01 17:04:00
KP022053,KW10513,2026-03-02,FR,Mobile,878,19.0,17,302,5.63,2026-03-02 22:53:00
KP022054,KW10152,2026-03-03,MX,Desktop,548,35.0,6,146,4.11,2026-03-03 14:50:00
KP022055,KW11635,2026-03-04,MX,Desktop,3578,48.0,55,1105,4.98,2026-03-04 20:26:00
KP022056,KW11354,2026-03-05,JP,Tablet,22227,36.0,534,11130,4.8,2026-03-05 01:58:00
KP022057,KW10288,2026-03-06,AU,Desktop,7640,39.0,76,1517,5.01,2026-03-06 09:23:00
KP022058,KW11197,2026-03-07,DE,Mobile,1331,24.0,29,443,6.55,2026-03-07 05:55:00
KP022059,KW11486,2026-03-08,IN,Desktop,3295,16.0,27,320,8.44,2026-03-08 21:17:00
KP022060,KW10473,2026-03-09,BR,Desktop,7448,30.0,71,1104,6.43,2026-03-09 04:09:00
KP022061,KW10346,2026-03-10,DE,Mobile,2777,48.0,65,1311,4.96,2026-03-10 04:03:00
KP022062,KW11659,2026-03-11,JP,Desktop,737,19.0,7,89,7.87,2026-03-11 17:35:00
KP022063,KW11877,2026-03-12,JP,Desktop,4014,46.0,49,1043,4.7,2026-03-12 14:11:00
KP022064,KW10479,2026-03-13,AU,Desktop,6367,23.0,138,2710,5.09,2026-03-13 16:27:00
KP022065,KW11792,2026-03-14,US,Mobile,7315,4.0,123,773,15.91,2026-03-14 14:32:00
KP022066,KW11170,2026-03-15,CA,Desktop,1407,37.0,25,680,3.68,2026-03-15 22:53:00
KP022067,KW10668,2026-03-16,IN,Mobile,2313,20.0,36,716,5.03,2026-03-16 17:33:00
KP022068,KW11599,2026-03-17,BR,Desktop,12055,50.0,126,2827,4.46,2026-03-17 12:23:00
KP022069,KW10047,2026-03-18,CA,Mobile,11763,43.0,221,4444,4.97,2026-03-18 22:16:00
KP022070,KW11391,2026-03-19,US,Desktop,4008,25.0,34,759,4.48,2026-03-19 19:23:00
KP022071,KW10048,2026-03-20,DE,Desktop,4645,19.0,94,1792,5.25,2026-03-20 15:07:00
KP022072,KW10557,2026-03-21,FR,Desktop,3425,39.0,98,1729,5.67,2026-03-21 18:19:00
KP022073,KW10692,2026-03-22,MX,Mobile,1342,38.0,18,384,4.69,2026-03-22 16:46:00
KP022074,KW10049,2026-03-23,DE,Desktop,1776,23.0,15,219,6.85,2026-03-23 01:02:00
KP022075,KW11627,2026-03-24,MX,Mobile,5067,25.0,66,1234,5.35,2026-03-24 16:16:00
KP022076,KW11134,2026-03-25,US,Desktop,3081,1.0,358,1159,30.89,2026-03-25 21:56:00
KP022077,KW11707,2026-03-26,IN,Mobile,6274,15.0,308,3375,9.13,2026-03-26 11:31:00
KP022078,KW10767,2026-03-27,FR,Desktop,3349,24.0,77,1449,5.31,2026-03-27 13:02:00
KP022079,KW11820,2026-03-28,US,Desktop,8417,3.0,580,3255,17.82,2026-03-28 21:18:00
KP022080,KW10174,2026-03-29,BR,Mobile,1526,12.0,55,816,6.74,2026-03-29 06:18:00
KP022081,KW11542,2026-03-30,CA,Mobile,8232,20.0,206,2804,7.35,2026-03-30 06:23:00
KP022082,KW11360,2026-03-31,BR,Desktop,5113,9.0,78,616,12.66,2026-03-31 18:48:00
KP022083,KW11661,2026-04-01,IN,Mobile,3686,9.0,80,882,9.07,2026-04-01 08:11:00
KP022084,KW10427,2026-04-02,UK,Desktop,3712,21.0,62,851,7.29,2026-04-02 23:58:00
KP022085,KW10355,2026-04-03,BR,Mobile,996,40.0,20,492,4.07,2026-04-03 17:32:00
KP022086,KW10776,2026-04-04,CA,Mobile,985,41.0,15,342,4.39,2026-04-04 23:28:00
KP022087,KW10731,2026-04-05,FR,Mobile,4016,30.0,13,305,4.26,2026-04-05 05:55:00
KP022088,KW11680,2026-04-06,AU,Mobile,5674,21.0,41,828,4.95,2026-04-06 12:56:00
KP022089,KW11735,2026-04-07,CA,Desktop,911,26.0,27,478,5.65,2026-04-07 03:32:00
KP022090,KW11085,2026-04-08,UK,Desktop,7932,19.0,72,1301,5.53,2026-04-08 22:29:00
KP022091,KW10008,2026-04-09,US,Desktop,24460,21.0,130,2059,6.31,2026-04-09 08:25:00
KP022092,KW10141,2026-04-10,UK,Mobile,1246,28.0,10,171,5.85,2026-04-10 00:57:00
KP022093,KW10820,2026-04-11,CA,Mobile,7602,32.0,32,664,4.82,2026-04-11 12:52:00
KP022094,KW10825,2026-04-12,CA,Desktop,4228,50.0,69,2084,3.31,2026-04-12 13:56:00
KP022095,KW10909,2026-04-13,AU,Desktop,951,34.0,13,238,5.46,2026-04-13 23:13:00
KP022096,KW11190,2026-04-14,IN,Mobile,4370,27.0,123,2083,5.9,2026-04-14 16:53:00
KP022097,KW10833,2026-04-15,UK,Mobile,677,21.0,22,288,7.64,2026-04-15 15:20:00
KP022098,KW10971,2026-04-16,BR,Mobile,492,18.0,20,246,8.13,2026-04-16 21:18:00
KP022099,KW11127,2026-04-17,MX,Desktop,1246,28.0,14,248,5.65,2026-04-17 11:39:00
KP022100,KW11470,2026-04-18,US,Desktop,13725,33.0,294,6689,4.4,2026-04-18 05:55:00
KP022101,KW10070,2026-04-19,DE,Desktop,4124,32.0,27,628,4.3,2026-04-19 08:53:00
KP022102,KW10569,2026-04-20,UK,Desktop,20487,7.0,964,7284,13.23,2026-04-20 16:43:00
KP022103,KW11985,2026-04-21,UK,Desktop,698,5.0,7,55,12.73,2026-04-21 18:26:00
KP022104,KW10775,2026-04-22,UK,Desktop,1179,28.0,14,207,6.76,2026-04-22 21:32:00
KP022105,KW10217,2026-04-23,AU,Mobile,4600,46.0,14,308,4.55,2026-04-23 15:33:00
KP022106,KW11690,2026-04-24,BR,Desktop,2561,6.0,172,1326,12.97,2026-04-24 05:18:00
KP022107,KW11199,2026-04-25,CA,Mobile,7810,33.0,165,2903,5.68,2026-04-25 05:46:00
KP022108,KW10166,2026-04-26,JP,Desktop,7451,7.0,259,2421,10.7,2026-04-26 05:59:00
KP022109,KW11699,2026-04-27,UK,Desktop,3792,2.0,211,723,29.18,2026-04-27 00:49:00
KP022110,KW10926,2026-04-28,FR,Desktop,7809,10.0,155,1637,9.47,2026-04-28 01:35:00
KP022111,KW11058,2026-04-29,AU,Desktop,5186,34.0,166,2702,6.14,2026-04-29 05:32:00
KP022112,KW11340,2026-04-30,MX,Desktop,10421,24.0,390,5290,7.37,2026-04-30 16:34:00
KP022113,KW11754,2026-05-01,US,Desktop,1506,8.0,60,549,10.93,2026-05-01 16:54:00
KP022114,KW11149,2026-05-02,IN,Mobile,10412,22.0,132,2232,5.91,2026-05-02 21:28:00
KP022115,KW11851,2026-05-03,MX,Mobile,1706,42.0,9,266,3.38,2026-05-03 06:02:00
KP022116,KW10273,2026-05-04,AU,Desktop,7257,39.0,76,1477,5.15,2026-05-04 07:22:00
KP022117,KW10274,2026-05-05,DE,Desktop,3685,22.0,36,569,6.33,2026-05-05 01:10:00
KP022118,KW10748,2026-05-06,UK,Desktop,1523,49.0,15,365,4.11,2026-05-06 11:31:00
KP022119,KW11829,2026-05-07,BR,Desktop,686,47.0,4,125,3.2,2026-05-07 06:48:00
KP022120,KW10378,2026-05-08,BR,Mobile,4047,8.0,49,532,9.21,2026-05-08 14:35:00
KP022121,KW10340,2026-05-09,US,Desktop,3702,31.0,35,840,4.17,2026-05-09 23:58:00
KP022122,KW11254,2026-05-10,US,Mobile,37494,3.0,874,6097,14.33,2026-05-10 19:58:00
KP022123,KW11431,2026-05-11,AU,Mobile,6642,10.0,180,2318,7.77,2026-05-11 18:21:00
KP022124,KW10430,2026-05-12,DE,Mobile,514,41.0,4,83,4.82,2026-05-12 22:15:00
KP022125,KW10852,2026-05-13,CA,Desktop,10770,27.0,102,1523,6.7,2026-05-13 21:55:00
KP022126,KW11525,2026-05-14,BR,Mobile,5184,26.0,121,2757,4.39,2026-05-14 04:16:00
KP022127,KW10208,2026-05-15,BR,Desktop,8242,5.0,467,4024,11.61,2026-05-15 03:13:00
KP022128,KW10224,2026-05-16,DE,Desktop,5286,4.0,421,2072,20.32,2026-05-16 22:20:00
KP022129,KW10046,2026-05-17,DE,Desktop,1671,46.0,13,385,3.38,2026-05-17 02:38:00
KP022130,KW11053,2026-05-18,JP,Mobile,3742,13.0,60,874,6.86,2026-05-18 04:12:00
KP022131,KW10940,2026-05-19,UK,Desktop,2724,35.0,9,217,4.15,2026-05-19 04:19:00
KP022132,KW10521,2026-05-20,CA,Desktop,6887,11.0,268,3638,7.37,2026-05-20 13:11:00
KP022133,KW11559,2026-05-21,BR,Mobile,4069,32.0,63,985,6.4,2026-05-21 15:47:00
KP022134,KW10775,2026-05-22,US,Desktop,3484,50.0,63,1655,3.81,2026-05-22 17:14:00
KP022135,KW11523,2026-05-23,BR,Tablet,3873,4.0,306,1921,15.93,2026-05-23 20:11:00
KP022136,KW11094,2026-05-24,FR,Desktop,898,22.0,12,247,4.86,2026-05-24 00:22:00
KP022137,KW11071,2026-05-25,MX,Mobile,1163,11.0,29,323,8.98,2026-05-25 03:00:00
KP022138,KW11280,2026-05-26,IN,Desktop,5012,10.0,46,400,11.5,2026-05-26 21:31:00
KP022139,KW11260,2026-05-27,CA,Desktop,3440,17.0,21,319,6.58,2026-05-27 12:46:00
KP022140,KW10586,2026-05-28,IN,Mobile,1859,18.0,63,723,8.71,2026-05-28 20:12:00
KP022141,KW11427,2026-05-29,DE,Mobile,1500,4.0,97,502,19.32,2026-05-29 02:57:00
KP022142,KW10269,2026-05-30,MX,Desktop,3873,18.0,122,1794,6.8,2026-05-30 10:00:00
KP022143,KW10165,2026-05-31,MX,Desktop,1015,11.0,7,72,9.72,2026-05-31 08:41:00
KP022389,KW10248,2026-02-01,DE,Mobile,835,16.0,14,202,6.93,2026-02-01 14:15:00
KP022390,KW11689,2026-02-02,MX,Desktop,2540,37.0,26,450,5.78,2026-02-02 18:09:00
KP022391,KW10401,2026-02-03,UK,Mobile,3997,33.0,32,645,4.96,2026-02-03 04:22:00
KP022392,KW11546,2026-02-04,AU,Mobile,760,20.0,11,229,4.8,2026-02-04 02:25:00
KP022393,KW10978,2026-02-05,BR,Mobile,4671,49.0,46,929,4.95,2026-02-05 18:05:00
KP022394,KW10690,2026-02-06,AU,Mobile,993,41.0,16,464,3.45,2026-02-06 01:25:00
KP022395,KW11974,2026-02-07,US,Mobile,3647,37.0,93,1906,4.88,2026-02-07 18:59:00
KP022396,KW10218,2026-02-08,UK,Desktop,4733,44.0,46,1027,4.48,2026-02-08 04:36:00
KP022397,KW11341,2026-02-09,MX,Desktop,2965,24.0,79,1148,6.88,2026-02-09 18:17:00
KP022398,KW10536,2026-02-10,JP,Desktop,361,32.0,2,60,3.33,2026-02-10 23:02:00
KP022399,KW11990,2026-02-11,UK,Mobile,3655,18.0,98,1118,8.77,2026-02-11 03:17:00
KP022400,KW10184,2026-02-12,AU,Mobile,8433,15.0,178,2230,7.98,2026-02-12 00:50:00
KP022401,KW10800,2026-02-13,FR,Desktop,1215,39.0,20,526,3.8,2026-02-13 09:39:00
KP022402,KW11931,2026-02-14,IN,Mobile,1162,39.0,33,627,5.26,2026-02-14 20:34:00
KP022403,KW10330,2026-02-15,IN,Tablet,10716,33.0,119,1943,6.12,2026-02-15 22:10:00
KP022404,KW10403,2026-02-16,FR,Mobile,3052,15.0,57,612,9.31,2026-02-16 21:35:00
KP022405,KW11615,2026-02-17,JP,Desktop,3389,28.0,70,1405,4.98,2026-02-17 04:16:00
KP022406,KW10352,2026-02-18,MX,Mobile,19178,35.0,454,9061,5.01,2026-02-18 02:10:00
KP022407,KW11337,2026-02-19,CA,Desktop,3247,11.0,100,1181,8.47,2026-02-19 16:48:00
KP022408,KW10673,2026-02-20,MX,Mobile,904,17.0,12,174,6.9,2026-02-20 21:14:00
KP022409,KW11002,2026-02-21,UK,Mobile,793,14.0,25,373,6.7,2026-02-21 05:13:00
KP022410,KW10223,2026-02-22,AU,Tablet,1731,46.0,22,660,3.33,2026-02-22 04:18:00
KP022411,KW11894,2026-02-23,AU,Desktop,3457,23.0,78,1105,7.06,2026-02-23 11:37:00
KP022412,KW10780,2026-02-24,CA,Mobile,17744,17.0,675,8775,7.69,2026-02-24 15:16:00
KP022413,KW10549,2026-02-25,AU,Mobile,25099,21.0,325,5998,5.42,2026-02-25 18:30:00
KP022414,KW11368,2026-02-26,CA,Desktop,2864,50.0,45,984,4.57,2026-02-26 08:08:00
KP022415,KW11885,2026-02-27,UK,Desktop,752,35.0,6,120,5.0,2026-02-27 00:01:00
KP022416,KW11850,2026-02-28,JP,Mobile,7920,33.0,110,1907,5.77,2026-02-28 18:42:00
KP022417,KW10723,2026-03-01,US,Mobile,2122,38.0,35,844,4.15,2026-03-01 16:37:00
KP022418,KW10510,2026-03-02,US,Desktop,3998,10.0,97,856,11.33,2026-03-02 19:11:00
KP022419,KW11614,2026-03-03,FR,Tablet,5707,32.0,130,2290,5.68,2026-03-03 21:44:00
KP022420,KW11353,2026-03-04,AU,Mobile,3237,40.0,63,1416,4.45,2026-03-04 18:32:00
KP022421,KW11762,2026-03-05,IN,Desktop,315,25.0,2,50,4.0,2026-03-05 09:38:00
KP022422,KW10256,2026-03-06,DE,Mobile,2069,2.0,196,737,26.59,2026-03-06 11:06:00
KP022423,KW11235,2026-03-07,UK,Tablet,8374,30.0,67,1242,5.39,2026-03-07 23:52:00
KP022424,KW12000,2026-03-08,JP,Tablet,3053,45.0,59,1467,4.02,2026-03-08 01:57:00
KP022425,KW10190,2026-03-09,MX,Desktop,17666,22.0,242,3360,7.2,2026-03-09 13:00:00
KP022426,KW10826,2026-03-10,BR,Mobile,11082,22.0,147,2052,7.16,2026-03-10 18:34:00
KP022427,KW10122,2026-03-11,UK,Desktop,1617,17.0,40,449,8.91,2026-03-11 20:26:00
KP022428,KW10921,2026-03-12,DE,Desktop,1618,25.0,15,314,4.78,2026-03-12 06:34:00
KP022429,KW11735,2026-03-13,JP,Mobile,8989,13.0,441,4749,9.29,2026-03-13 07:22:00
KP022430,KW11673,2026-03-14,US,Desktop,1704,34.0,46,754,6.1,2026-03-14 01:45:00
KP022431,KW11625,2026-03-15,BR,Desktop,6725,20.0,223,2681,8.32,2026-03-15 23:28:00
KP022432,KW11528,2026-03-16,CA,Mobile,7714,12.0,303,3198,9.47,2026-03-16 15:37:00
KP022433,KW10927,2026-03-17,MX,Desktop,2156,50.0,13,378,3.44,2026-03-17 20:51:00
KP022434,KW11884,2026-03-18,FR,Mobile,5448,43.0,85,1995,4.26,2026-03-18 09:47:00
KP022435,KW11775,2026-03-19,DE,Desktop,3602,49.0,68,1882,3.61,2026-03-19 13:50:00
KP022436,KW11962,2026-03-20,UK,Mobile,2208,9.0,27,222,12.16,2026-03-20 06:53:00
KP022437,KW11540,2026-03-21,DE,Desktop,3269,44.0,40,864,4.63,2026-03-21 12:18:00
KP022438,KW11697,2026-03-22,IN,Mobile,3176,9.0,127,1435,8.85,2026-03-22 13:08:00
KP022439,KW10085,2026-03-23,DE,Mobile,6145,35.0,193,3155,6.12,2026-03-23 14:12:00
KP022440,KW10257,2026-03-24,CA,Mobile,1369,37.0,22,407,5.41,2026-03-24 05:52:00
KP022441,KW11439,2026-03-25,US,Mobile,1527,23.0,8,167,4.79,2026-03-25 23:09:00
KP022442,KW10503,2026-03-26,JP,Desktop,5447,20.0,63,1169,5.39,2026-03-26 06:52:00
KP022443,KW11035,2026-03-27,IN,Mobile,4518,23.0,188,2457,7.65,2026-03-27 02:01:00
KP022444,KW11355,2026-03-28,MX,Desktop,4599,42.0,102,2347,4.35,2026-03-28 23:04:00
KP022445,KW10551,2026-03-29,FR,Mobile,12060,42.0,40,874,4.58,2026-03-29 12:00:00
KP022446,KW11556,2026-03-30,MX,Mobile,378,26.0,9,203,4.43,2026-03-30 23:24:00
KP022447,KW11577,2026-03-31,JP,Desktop,3541,18.0,48,836,5.74,2026-03-31 20:22:00
KP022448,KW11728,2026-04-01,JP,Mobile,3491,33.0,16,336,4.76,2026-04-01 01:47:00
KP022449,KW11081,2026-04-02,CA,Desktop,3068,42.0,25,572,4.37,2026-04-02 15:56:00
KP022450,KW11259,2026-04-03,BR,Tablet,1368,5.0,44,404,10.89,2026-04-03 14:19:00
KP022451,KW11740,2026-04-04,JP,Desktop,11413,12.0,468,5846,8.01,2026-04-04 11:53:00
KP022452,KW10715,2026-04-05,MX,Desktop,750,46.0,2,53,3.77,2026-04-05 10:36:00
KP022453,KW10954,2026-04-06,UK,Mobile,2628,26.0,64,910,7.03,2026-04-06 14:08:00
KP022454,KW11020,2026-04-07,BR,Desktop,616,6.0,18,128,14.06,2026-04-07 21:19:00
KP022455,KW11682,2026-04-08,MX,Mobile,704,29.0,15,242,6.2,2026-04-08 00:10:00
KP022456,KW11689,2026-04-09,CA,Mobile,2147,38.0,38,754,5.04,2026-04-09 06:34:00
KP022457,KW10908,2026-04-10,AU,Mobile,6464,44.0,134,2666,5.03,2026-04-10 16:12:00
KP022458,KW11017,2026-04-11,UK,Mobile,2592,1.0,206,590,34.92,2026-04-11 19:47:00
KP022459,KW10396,2026-04-12,FR,Mobile,8219,9.0,243,2366,10.27,2026-04-12 10:34:00
KP022460,KW10601,2026-04-13,US,Desktop,7075,7.0,346,2951,11.72,2026-04-13 18:42:00
KP022461,KW11524,2026-04-14,BR,Mobile,9772,29.0,105,2336,4.49,2026-04-14 21:26:00
KP022462,KW11790,2026-04-15,CA,Mobile,1726,12.0,50,561,8.91,2026-04-15 13:14:00
KP022463,KW11719,2026-04-16,US,Mobile,3233,37.0,61,1298,4.7,2026-04-16 06:24:00
KP022464,KW11140,2026-04-17,FR,Desktop,280,16.0,10,152,6.58,2026-04-17 01:22:00
KP022465,KW11611,2026-04-18,US,Mobile,2057,31.0,19,355,5.35,2026-04-18 14:13:00
KP022466,KW11391,2026-04-19,IN,Tablet,5031,41.0,90,1806,4.98,2026-04-19 15:21:00
KP022467,KW10280,2026-04-20,JP,Mobile,1006,15.0,22,383,5.74,2026-04-20 06:28:00
KP022468,KW11846,2026-04-21,AU,Mobile,6222,6.0,269,2161,12.45,2026-04-21 21:51:00
KP022469,KW10651,2026-04-22,US,Mobile,960,6.0,32,236,13.56,2026-04-22 08:36:00
KP022470,KW10782,2026-04-23,JP,Desktop,1367,25.0,28,386,7.25,2026-04-23 05:37:00
KP022471,KW11302,2026-04-24,MX,Desktop,396,41.0,5,134,3.73,2026-04-24 18:53:00
KP022472,KW10518,2026-04-25,AU,Desktop,8479,12.0,420,4051,10.37,2026-04-25 06:23:00
KP022473,KW11691,2026-04-26,CA,Mobile,766,20.0,8,124,6.45,2026-04-26 09:19:00
KP022474,KW10490,2026-04-27,IN,Mobile,3134,9.0,17,221,7.69,2026-04-27 12:41:00
KP022475,KW11916,2026-04-28,CA,Desktop,4837,48.0,89,2059,4.32,2026-04-28 22:15:00
KP022476,KW11283,2026-04-29,MX,Mobile,5564,28.0,128,2290,5.59,2026-04-29 08:14:00
KP022477,KW10073,2026-04-30,US,Desktop,1869,10.0,21,206,10.19,2026-04-30 12:39:00
KP022478,KW10513,2026-05-01,US,Desktop,2534,50.0,33,890,3.71,2026-05-01 13:55:00
KP022479,KW10933,2026-05-02,UK,Desktop,1755,27.0,12,262,4.58,2026-05-02 15:42:00
KP022480,KW11775,2026-05-03,BR,Mobile,10278,27.0,316,5243,6.03,2026-05-03 19:57:00
KP022481,KW10850,2026-05-04,JP,Mobile,3171,16.0,27,289,9.34,2026-05-04 03:20:00
KP022482,KW11409,2026-05-05,FR,Mobile,4234,24.0,38,656,5.79,2026-05-05 16:04:00
KP022483,KW10648,2026-05-06,BR,Desktop,5781,50.0,94,1867,5.03,2026-05-06 03:02:00
KP022484,KW10116,2026-05-07,IN,Mobile,4742,5.0,380,2226,17.07,2026-05-07 10:37:00
KP022485,KW11037,2026-05-08,BR,Mobile,2059,31.0,36,771,4.67,2026-05-08 15:23:00
KP022486,KW10786,2026-05-09,US,Desktop,14429,29.0,273,4678,5.84,2026-05-09 13:32:00
KP022487,KW11730,2026-05-10,JP,Mobile,2190,42.0,42,892,4.71,2026-05-10 22:53:00
KP022488,KW11074,2026-05-11,FR,Mobile,8159,34.0,231,4295,5.38,2026-05-11 12:13:00
KP022489,KW11468,2026-05-12,DE,Mobile,1243,9.0,58,525,11.05,2026-05-12 13:45:00
KP022490,KW11669,2026-05-13,DE,Mobile,13664,33.0,76,1452,5.23,2026-05-13 22:19:00
KP022491,KW11896,2026-05-14,FR,Mobile,1804,48.0,6,137,4.38,2026-05-14 03:34:00
KP022492,KW11602,2026-05-15,CA,Desktop,2514,44.0,22,555,3.96,2026-05-15 18:42:00
KP022493,KW11645,2026-05-16,US,Desktop,4424,4.0,240,1228,19.54,2026-05-16 07:11:00
KP022494,KW11735,2026-05-17,DE,Mobile,15571,38.0,70,1826,3.83,2026-05-17 19:26:00
KP022495,KW11586,2026-05-18,BR,Mobile,3157,15.0,163,1711,9.53,2026-05-18 13:22:00
KP022496,KW10342,2026-05-19,UK,Desktop,17337,11.0,621,5395,11.51,2026-05-19 21:04:00
KP022497,KW10245,2026-05-20,MX,Desktop,1633,32.0,27,659,4.1,2026-05-20 11:24:00
KP022498,KW11624,2026-05-21,JP,Desktop,2770,43.0,55,1010,5.45,2026-05-21 15:42:00
KP022499,KW10643,2026-05-22,IN,Mobile,2336,15.0,27,359,7.52,2026-05-22 04:23:00
KP022500,KW10003,2026-05-23,MX,Mobile,2402,32.0,6,140,4.29,2026-05-23 06:41:00
KP022501,KW11083,2026-05-24,FR,Mobile,2414,34.0,4,125,3.2,2026-05-24 10:09:00
KP022502,KW10319,2026-05-25,CA,Mobile,1301,21.0,5,97,5.15,2026-05-25 04:38:00
KP022503,KW10691,2026-05-26,UK,Desktop,3268,41.0,39,875,4.46,2026-05-26 22:04:00
KP022504,KW10772,2026-05-27,AU,Mobile,25315,46.0,284,7418,3.83,2026-05-27 01:11:00
KP022505,KW11368,2026-05-28,MX,Desktop,1376,43.0,32,668,4.79,2026-05-28 17:45:00
KP022506,KW11823,2026-05-29,US,Mobile,6150,26.0,214,3087,6.93,2026-05-29 13:53:00
KP022507,KW11947,2026-05-30,MX,Desktop,1380,16.0,8,109,7.34,2026-05-30 18:22:00
KP022508,KW10445,2026-05-31,BR,Desktop,1585,36.0,25,662,3.78,2026-05-31 19:50:00
KP022754,KW10166,2026-02-01,MX,Desktop,3511,17.0,110,1753,6.27,2026-02-01 08:36:00
KP022755,KW10438,2026-02-02,IN,Desktop,4861,23.0,72,1383,5.21,2026-02-02 03:20:00
KP022756,KW10036,2026-02-03,US,Desktop,3967,4.0,168,837,20.07,2026-02-03 17:14:00
KP022757,KW10351,2026-02-04,FR,Mobile,3477,17.0,18,216,8.33,2026-02-04 20:05:00
KP022758,KW11590,2026-02-05,FR,Desktop,1950,35.0,48,796,6.03,2026-02-05 13:44:00
KP022759,KW10723,2026-02-06,BR,Mobile,1054,44.0,19,474,4.01,2026-02-06 10:46:00
KP022760,KW11171,2026-02-07,AU,Desktop,1356,13.0,16,255,6.27,2026-02-07 21:57:00
KP022761,KW11666,2026-02-08,UK,Desktop,2801,49.0,20,456,4.39,2026-02-08 05:39:00
KP022762,KW10705,2026-02-09,FR,Mobile,9166,14.0,242,2614,9.26,2026-02-09 20:14:00
KP022763,KW10347,2026-02-10,AU,Mobile,1376,32.0,16,286,5.59,2026-02-10 15:03:00
KP022764,KW10867,2026-02-11,JP,Mobile,278,49.0,3,110,2.73,2026-02-11 06:13:00
KP022765,KW11416,2026-02-12,BR,Desktop,6361,22.0,149,2329,6.4,2026-02-12 18:45:00
KP022766,KW11134,2026-02-13,UK,Desktop,2399,44.0,23,484,4.75,2026-02-13 22:23:00
KP022767,KW11228,2026-02-14,MX,Desktop,2432,8.0,76,756,10.05,2026-02-14 07:42:00
KP022768,KW11784,2026-02-15,JP,Mobile,3013,5.0,31,259,11.97,2026-02-15 18:10:00
KP022769,KW10695,2026-02-16,CA,Mobile,4579,5.0,277,1637,16.92,2026-02-16 17:13:00
KP022770,KW11130,2026-02-17,MX,Desktop,4197,21.0,103,1512,6.81,2026-02-17 11:00:00
KP022771,KW11196,2026-02-18,US,Mobile,4448,3.0,265,1584,16.73,2026-02-18 16:49:00
KP022772,KW11222,2026-02-19,JP,Mobile,1526,23.0,54,817,6.61,2026-02-19 02:41:00
KP022773,KW10865,2026-02-20,UK,Desktop,5013,15.0,122,1603,7.61,2026-02-20 09:25:00
KP022774,KW10905,2026-02-21,MX,Desktop,9355,13.0,236,3622,6.52,2026-02-21 14:09:00
KP022775,KW10484,2026-02-22,FR,Mobile,1504,10.0,95,778,12.21,2026-02-22 15:37:00
KP022776,KW11307,2026-02-23,US,Desktop,728,33.0,6,124,4.84,2026-02-23 11:57:00
KP022777,KW11899,2026-02-24,DE,Desktop,303,5.0,17,162,10.49,2026-02-24 19:39:00
KP022778,KW10788,2026-02-25,IN,Desktop,1220,3.0,123,642,19.16,2026-02-25 06:44:00
KP022779,KW10027,2026-02-26,FR,Desktop,3957,6.0,168,1139,14.75,2026-02-26 09:08:00
KP022780,KW11128,2026-02-27,CA,Mobile,3820,33.0,47,888,5.29,2026-02-27 11:40:00
KP022781,KW10764,2026-02-28,BR,Desktop,2062,41.0,29,852,3.4,2026-02-28 10:00:00
KP022782,KW11881,2026-03-01,UK,Mobile,4102,11.0,146,1796,8.13,2026-03-01 01:11:00
KP022783,KW11212,2026-03-02,CA,Mobile,5336,6.0,91,632,14.4,2026-03-02 12:39:00
KP022784,KW11026,2026-03-03,CA,Mobile,926,26.0,9,162,5.56,2026-03-03 11:49:00
KP022785,KW10881,2026-03-04,MX,Mobile,5014,18.0,42,732,5.74,2026-03-04 11:14:00
KP022786,KW11208,2026-03-05,BR,Mobile,851,28.0,23,362,6.35,2026-03-05 07:14:00
KP022787,KW11230,2026-03-06,AU,Desktop,4565,45.0,66,2024,3.26,2026-03-06 01:55:00
KP022788,KW10897,2026-03-07,JP,Mobile,2359,40.0,32,623,5.14,2026-03-07 01:31:00
KP022789,KW11718,2026-03-08,FR,Desktop,4081,34.0,88,1553,5.67,2026-03-08 20:59:00
KP022790,KW11201,2026-03-09,BR,Mobile,1207,20.0,21,279,7.53,2026-03-09 13:08:00
KP022791,KW11696,2026-03-10,MX,Desktop,2209,18.0,35,456,7.68,2026-03-10 08:00:00
KP022792,KW11677,2026-03-11,US,Desktop,5351,28.0,58,1122,5.17,2026-03-11 11:57:00
KP022793,KW11100,2026-03-12,JP,Mobile,1865,30.0,60,1018,5.89,2026-03-12 15:11:00
KP022794,KW11698,2026-03-13,US,Mobile,645,48.0,9,226,3.98,2026-03-13 23:38:00
KP022795,KW10004,2026-03-14,FR,Desktop,2627,9.0,137,1095,12.51,2026-03-14 11:00:00
KP022796,KW11714,2026-03-15,DE,Desktop,3850,33.0,50,1268,3.94,2026-03-15 20:31:00
KP022797,KW10637,2026-03-16,DE,Mobile,1532,4.0,140,727,19.26,2026-03-16 11:32:00
KP022798,KW10785,2026-03-17,JP,Mobile,3938,37.0,75,1523,4.92,2026-03-17 09:34:00
KP022799,KW10273,2026-03-18,DE,Mobile,3110,9.0,109,1089,10.01,2026-03-18 16:57:00
KP022800,KW11935,2026-03-19,DE,Desktop,16078,27.0,386,6106,6.32,2026-03-19 00:47:00
KP022801,KW10823,2026-03-20,MX,Mobile,275,28.0,1,45,2.22,2026-03-20 18:47:00
KP022802,KW10461,2026-03-21,BR,Mobile,1477,19.0,26,346,7.51,2026-03-21 08:42:00
KP022803,KW11631,2026-03-22,JP,Desktop,1614,45.0,16,475,3.37,2026-03-22 04:09:00
KP022804,KW11441,2026-03-23,CA,Mobile,7840,14.0,138,1434,9.62,2026-03-23 16:51:00
KP022805,KW11536,2026-03-24,IN,Mobile,3455,35.0,12,207,5.8,2026-03-24 11:27:00
KP022806,KW11718,2026-03-25,FR,Mobile,1815,39.0,14,365,3.84,2026-03-25 19:27:00
KP022807,KW10643,2026-03-26,FR,Mobile,3326,21.0,102,1320,7.73,2026-03-26 08:09:00
KP022808,KW11673,2026-03-27,FR,Mobile,6559,36.0,105,2003,5.24,2026-03-27 09:01:00
KP022809,KW11631,2026-03-28,US,Mobile,4209,5.0,203,1455,13.95,2026-03-28 11:35:00
KP022810,KW11352,2026-03-29,CA,Mobile,4119,37.0,34,649,5.24,2026-03-29 06:42:00
KP022811,KW11049,2026-03-30,IN,Mobile,2797,22.0,67,913,7.34,2026-03-30 16:12:00
KP022812,KW11054,2026-03-31,JP,Desktop,1523,35.0,13,232,5.6,2026-03-31 19:10:00
KP022813,KW11942,2026-04-01,CA,Desktop,2168,36.0,41,795,5.16,2026-04-01 00:14:00
KP022814,KW10256,2026-04-02,CA,Desktop,1178,47.0,15,345,4.35,2026-04-02 08:23:00
KP022815,KW10152,2026-04-03,US,Desktop,14159,4.0,314,2148,14.62,2026-04-03 17:56:00
KP022816,KW10191,2026-04-04,DE,Mobile,2368,49.0,6,125,4.8,2026-04-04 04:26:00
KP022817,KW11159,2026-04-05,IN,Mobile,6229,15.0,121,1393,8.69,2026-04-05 16:43:00
KP022818,KW10058,2026-04-06,IN,Desktop,294,36.0,1,30,3.33,2026-04-06 19:52:00
KP022819,KW11482,2026-04-07,US,Mobile,1040,46.0,4,103,3.88,2026-04-07 08:58:00
KP022820,KW11479,2026-04-08,IN,Mobile,2468,3.0,33,145,22.76,2026-04-08 21:05:00
KP022821,KW11214,2026-04-09,US,Mobile,947,6.0,35,223,15.7,2026-04-09 20:33:00
KP022822,KW10516,2026-04-10,DE,Desktop,6879,38.0,97,2216,4.38,2026-04-10 17:48:00
KP022823,KW10550,2026-04-11,UK,Desktop,2841,29.0,13,246,5.28,2026-04-11 01:54:00
KP022824,KW11840,2026-04-12,UK,Mobile,7761,20.0,82,1184,6.93,2026-04-12 02:58:00
KP022825,KW10681,2026-04-13,US,Desktop,3942,40.0,25,523,4.78,2026-04-13 05:30:00
KP022826,KW10036,2026-04-14,BR,Desktop,487,35.0,1,36,2.78,2026-04-14 19:11:00
KP022827,KW10533,2026-04-15,US,Mobile,1130,38.0,21,377,5.57,2026-04-15 22:40:00
KP022828,KW11791,2026-04-16,FR,Mobile,3265,27.0,20,421,4.75,2026-04-16 13:35:00
KP022829,KW10259,2026-04-17,MX,Desktop,1435,15.0,28,292,9.59,2026-04-17 00:19:00
KP022830,KW11924,2026-04-18,IN,Desktop,2432,37.0,18,348,5.17,2026-04-18 05:17:00
KP022831,KW11247,2026-04-19,MX,Mobile,1507,33.0,33,537,6.15,2026-04-19 15:46:00
KP022832,KW10158,2026-04-20,FR,Mobile,2847,23.0,20,281,7.12,2026-04-20 17:25:00
KP022833,KW11041,2026-04-21,AU,Desktop,1846,37.0,15,274,5.47,2026-04-21 20:07:00
KP022834,KW11127,2026-04-22,AU,Mobile,2599,15.0,55,600,9.17,2026-04-22 09:23:00
KP022835,KW10348,2026-04-23,US,Mobile,115,34.0,1,20,5.0,2026-04-23 06:37:00
KP022836,KW10892,2026-04-24,CA,Mobile,3965,38.0,24,466,5.15,2026-04-24 00:19:00
KP022837,KW11550,2026-04-25,JP,Mobile,744,7.0,8,57,14.04,2026-04-25 20:32:00
KP022838,KW10063,2026-04-26,AU,Desktop,2133,9.0,53,625,8.48,2026-04-26 10:43:00
KP022839,KW10379,2026-04-27,FR,Mobile,990,17.0,18,230,7.83,2026-04-27 00:27:00
KP022840,KW11589,2026-04-28,AU,Desktop,2643,48.0,18,555,3.24,2026-04-28 20:59:00
KP022841,KW11349,2026-04-29,BR,Mobile,3618,23.0,129,1756,7.35,2026-04-29 01:19:00
KP022842,KW10575,2026-04-30,MX,Desktop,8705,7.0,101,700,14.43,2026-04-30 03:51:00
KP022843,KW11994,2026-05-01,CA,Mobile,1029,15.0,16,216,7.41,2026-05-01 05:57:00
KP022844,KW10796,2026-05-02,IN,Mobile,1237,20.0,22,320,6.88,2026-05-02 22:18:00
KP022845,KW11842,2026-05-03,FR,Desktop,7107,46.0,34,900,3.78,2026-05-03 00:45:00
KP022846,KW11653,2026-05-04,CA,Mobile,2633,22.0,50,704,7.1,2026-05-04 11:45:00
KP022847,KW10516,2026-05-05,BR,Mobile,7790,11.0,190,2185,8.7,2026-05-05 08:04:00
KP022848,KW11097,2026-05-06,FR,Mobile,1325,25.0,21,434,4.84,2026-05-06 01:56:00
KP022849,KW11753,2026-05-07,FR,Mobile,415,27.0,3,75,4.0,2026-05-07 01:01:00
KP022850,KW10752,2026-05-08,FR,Desktop,5596,18.0,164,2106,7.79,2026-05-08 15:24:00
KP022851,KW10858,2026-05-09,CA,Mobile,2474,17.0,31,499,6.21,2026-05-09 22:16:00
KP022852,KW10682,2026-05-10,FR,Desktop,1888,6.0,64,441,14.51,2026-05-10 14:29:00
KP022853,KW10650,2026-05-11,MX,Desktop,954,36.0,9,201,4.48,2026-05-11 05:39:00
KP022854,KW10940,2026-05-12,BR,Desktop,1373,4.0,33,220,15.0,2026-05-12 13:52:00
KP022855,KW11133,2026-05-13,US,Mobile,8876,46.0,117,3019,3.88,2026-05-13 22:28:00
KP022856,KW11302,2026-05-14,IN,Mobile,7253,8.0,535,3922,13.64,2026-05-14 23:34:00
KP022857,KW10065,2026-05-15,CA,Desktop,3272,8.0,96,802,11.97,2026-05-15 23:05:00
KP022858,KW11199,2026-05-16,BR,Mobile,1325,48.0,24,704,3.41,2026-05-16 09:13:00
KP022859,KW11299,2026-05-17,US,Desktop,2097,23.0,82,1152,7.12,2026-05-17 23:37:00
KP022860,KW10230,2026-05-18,DE,Mobile,1749,45.0,21,501,4.19,2026-05-18 01:45:00
KP022861,KW11071,2026-05-19,AU,Desktop,1131,47.0,7,205,3.41,2026-05-19 21:31:00
KP022862,KW10022,2026-05-20,CA,Mobile,6829,40.0,65,1610,4.04,2026-05-20 19:24:00
KP022863,KW10036,2026-05-21,FR,Desktop,2200,19.0,12,201,5.97,2026-05-21 14:39:00
KP022864,KW10095,2026-05-22,BR,Mobile,1900,8.0,54,461,11.71,2026-05-22 04:24:00
KP022865,KW11870,2026-05-23,FR,Mobile,5836,32.0,47,793,5.93,2026-05-23 02:50:00
KP022866,KW11392,2026-05-24,FR,Desktop,11975,11.0,219,2396,9.14,2026-05-24 02:45:00
KP022867,KW11110,2026-05-25,US,Desktop,7338,47.0,84,1966,4.27,2026-05-25 13:14:00
KP022868,KW10567,2026-05-26,AU,Desktop,3333,7.0,35,243,14.4,2026-05-26 12:36:00
KP022869,KW11280,2026-05-27,IN,Mobile,6083,14.0,111,1511,7.35,2026-05-27 09:17:00
KP022870,KW11949,2026-05-28,UK,Desktop,13901,9.0,800,7488,10.68,2026-05-28 11:33:00
KP022871,KW11830,2026-05-29,UK,Mobile,4203,21.0,90,1286,7.0,2026-05-29 08:58:00
KP022872,KW10679,2026-05-30,CA,Desktop,2360,37.0,20,434,4.61,2026-05-30 09:46:00
KP022873,KW11322,2026-05-31,UK,Mobile,4732,11.0,78,707,11.03,2026-05-31 02:54:00
KP023119,KW10865,2026-02-01,IN,Desktop,3553,9.0,30,374,8.02,2026-02-01 11:27:00
KP023120,KW10155,2026-02-02,DE,Desktop,7745,1.0,1224,4034,30.34,2026-02-02 12:29:00
KP023121,KW10539,2026-02-03,BR,Mobile,11391,32.0,73,1554,4.7,2026-02-03 03:44:00
KP023122,KW10921,2026-02-04,JP,Mobile,3084,45.0,13,361,3.6,2026-02-04 17:52:00
KP023123,KW11976,2026-02-05,IN,Mobile,1153,31.0,20,440,4.55,2026-02-05 01:33:00
KP023124,KW11920,2026-02-06,FR,Mobile,5122,41.0,103,1929,5.34,2026-02-06 10:48:00
KP023125,KW10617,2026-02-07,BR,Mobile,4017,35.0,16,384,4.17,2026-02-07 15:50:00
KP023126,KW11502,2026-02-08,IN,Mobile,2618,37.0,42,826,5.08,2026-02-08 05:02:00
KP023127,KW11476,2026-02-09,DE,Mobile,9850,31.0,348,5402,6.44,2026-02-09 11:15:00
KP023128,KW11825,2026-02-10,JP,Desktop,3069,39.0,29,695,4.17,2026-02-10 15:22:00
KP023129,KW10617,2026-02-11,FR,Mobile,2658,14.0,81,1008,8.04,2026-02-11 15:29:00
KP023130,KW11689,2026-02-12,BR,Mobile,3222,48.0,30,678,4.42,2026-02-12 08:42:00
KP023131,KW10545,2026-02-13,UK,Mobile,4443,18.0,31,502,6.18,2026-02-13 07:58:00
KP023132,KW10040,2026-02-14,AU,Mobile,3343,3.0,252,1287,19.58,2026-02-14 21:56:00
KP023133,KW11626,2026-02-15,US,Desktop,6316,31.0,184,3312,5.56,2026-02-15 10:54:00
KP023134,KW10385,2026-02-16,US,Mobile,1728,44.0,16,360,4.44,2026-02-16 22:54:00
KP023135,KW11447,2026-02-17,UK,Mobile,6031,38.0,107,2253,4.75,2026-02-17 19:59:00
KP023136,KW10099,2026-02-18,IN,Mobile,1823,46.0,30,699,4.29,2026-02-18 01:27:00
KP023137,KW10252,2026-02-19,AU,Desktop,1587,3.0,146,744,19.62,2026-02-19 15:05:00
KP023138,KW11604,2026-02-20,FR,Desktop,10709,4.0,431,2906,14.83,2026-02-20 16:09:00
KP023139,KW10855,2026-02-21,DE,Mobile,2567,23.0,83,1205,6.89,2026-02-21 06:23:00
KP023140,KW11219,2026-02-22,MX,Mobile,2744,19.0,69,1197,5.76,2026-02-22 04:23:00
KP023141,KW11374,2026-02-23,JP,Mobile,5303,6.0,364,2248,16.19,2026-02-23 10:51:00
KP023142,KW10278,2026-02-24,BR,Mobile,45438,3.0,968,5190,18.65,2026-02-24 08:09:00
KP023143,KW10980,2026-02-25,MX,Mobile,1560,13.0,38,373,10.19,2026-02-25 13:34:00
KP023144,KW10813,2026-02-26,FR,Mobile,1528,19.0,58,707,8.2,2026-02-26 17:59:00
KP023145,KW11925,2026-02-27,AU,Mobile,930,12.0,16,229,6.99,2026-02-27 15:14:00
KP023146,KW10939,2026-02-28,AU,Desktop,8957,24.0,74,1565,4.73,2026-02-28 07:30:00
KP023147,KW11702,2026-03-01,AU,Mobile,8209,17.0,250,3003,8.33,2026-03-01 07:18:00
KP023148,KW11445,2026-03-02,DE,Tablet,6867,36.0,54,1211,4.46,2026-03-02 23:06:00
KP023149,KW10743,2026-03-03,DE,Desktop,8567,25.0,166,2242,7.4,2026-03-03 22:06:00
KP023150,KW10070,2026-03-04,AU,Mobile,6041,26.0,53,849,6.24,2026-03-04 22:39:00
KP023151,KW11776,2026-03-05,FR,Desktop,1537,16.0,18,326,5.52,2026-03-05 05:19:00
KP023152,KW11069,2026-03-06,FR,Desktop,6222,45.0,128,3331,3.84,2026-03-06 20:08:00
KP023153,KW10972,2026-03-07,UK,Mobile,4621,10.0,227,2432,9.33,2026-03-07 00:03:00
KP023154,KW10269,2026-03-08,DE,Mobile,1111,19.0,37,524,7.06,2026-03-08 03:36:00
KP023155,KW10333,2026-03-09,BR,Desktop,5086,41.0,69,1261,5.47,2026-03-09 01:54:00
KP023156,KW11875,2026-03-10,BR,Mobile,1226,24.0,9,134,6.72,2026-03-10 15:25:00
KP023157,KW11222,2026-03-11,AU,Desktop,2902,28.0,72,1506,4.78,2026-03-11 15:22:00
KP023158,KW11654,2026-03-12,UK,Desktop,2676,44.0,54,1074,5.03,2026-03-12 16:43:00
KP023159,KW11061,2026-03-13,JP,Mobile,6445,40.0,18,428,4.21,2026-03-13 04:35:00
KP023160,KW11624,2026-03-14,UK,Tablet,783,37.0,23,399,5.76,2026-03-14 08:07:00
KP023161,KW11400,2026-03-15,IN,Desktop,1143,44.0,8,183,4.37,2026-03-15 11:02:00
KP023162,KW10398,2026-03-16,MX,Desktop,1360,12.0,29,271,10.7,2026-03-16 12:38:00
KP023163,KW11558,2026-03-17,UK,Mobile,4921,2.0,430,1700,25.29,2026-03-17 18:19:00
KP023164,KW10130,2026-03-18,UK,Mobile,1768,43.0,30,776,3.87,2026-03-18 10:56:00
KP023165,KW10871,2026-03-19,BR,Mobile,2138,11.0,44,399,11.03,2026-03-19 15:15:00
KP023166,KW10048,2026-03-20,FR,Desktop,6556,22.0,198,2656,7.45,2026-03-20 04:07:00
KP023167,KW10535,2026-03-21,DE,Desktop,12366,24.0,122,1929,6.32,2026-03-21 14:17:00
KP023168,KW11298,2026-03-22,IN,Desktop,2134,37.0,21,442,4.75,2026-03-22 17:51:00
KP023169,KW10163,2026-03-23,UK,Mobile,2430,3.0,122,779,15.66,2026-03-23 23:25:00
KP023170,KW10610,2026-03-24,UK,Mobile,1606,1.0,78,225,34.67,2026-03-24 02:05:00
KP023171,KW11438,2026-03-25,IN,Desktop,832,42.0,18,368,4.89,2026-03-25 01:41:00
KP023172,KW10309,2026-03-26,AU,Desktop,8936,30.0,105,2210,4.75,2026-03-26 08:24:00
KP023173,KW11717,2026-03-27,DE,Mobile,3622,47.0,65,1601,4.06,2026-03-27 20:28:00
KP023174,KW10689,2026-03-28,DE,Mobile,13565,46.0,352,6849,5.14,2026-03-28 09:05:00
KP023175,KW10233,2026-03-29,IN,Mobile,17312,12.0,377,4857,7.76,2026-03-29 16:30:00
KP023176,KW11759,2026-03-30,US,Mobile,3923,20.0,50,687,7.28,2026-03-30 20:45:00
KP023177,KW10376,2026-03-31,DE,Desktop,1200,9.0,10,129,7.75,2026-03-31 17:20:00
KP023178,KW10980,2026-04-01,JP,Mobile,5889,26.0,32,440,7.27,2026-04-01 17:25:00
KP023179,KW11066,2026-04-02,FR,Desktop,3457,28.0,99,1829,5.41,2026-04-02 20:46:00
KP023180,KW10467,2026-04-03,UK,Desktop,2080,50.0,42,1105,3.8,2026-04-03 03:58:00
KP023181,KW11113,2026-04-04,BR,Mobile,3810,3.0,142,714,19.89,2026-04-04 02:15:00
KP023182,KW11593,2026-04-05,MX,Desktop,2807,13.0,56,568,9.86,2026-04-05 21:44:00
KP023183,KW10836,2026-04-06,MX,Mobile,2267,28.0,36,821,4.38,2026-04-06 07:33:00
KP023184,KW11239,2026-04-07,AU,Mobile,7014,22.0,74,1024,7.23,2026-04-07 18:32:00
KP023185,KW11178,2026-04-08,FR,Desktop,2344,48.0,43,1128,3.81,2026-04-08 22:33:00
KP023186,KW10235,2026-04-09,FR,Mobile,1384,47.0,28,588,4.76,2026-04-09 03:11:00
KP023187,KW11720,2026-04-10,FR,Mobile,7202,46.0,76,1577,4.82,2026-04-10 11:54:00
KP023188,KW10296,2026-04-11,MX,Desktop,3943,43.0,55,1323,4.16,2026-04-11 03:20:00
KP023189,KW11009,2026-04-12,IN,Mobile,1305,23.0,21,340,6.18,2026-04-12 18:36:00
KP023190,KW11097,2026-04-13,BR,Mobile,4403,33.0,108,2211,4.88,2026-04-13 23:38:00
KP023191,KW11471,2026-04-14,DE,Mobile,11771,28.0,104,1782,5.84,2026-04-14 01:05:00
KP023192,KW10275,2026-04-15,UK,Mobile,2910,3.0,188,873,21.53,2026-04-15 02:30:00
KP023193,KW10214,2026-04-16,US,Desktop,732,42.0,11,243,4.53,2026-04-16 13:29:00
KP023194,KW11251,2026-04-17,UK,Mobile,2708,1.0,184,528,34.85,2026-04-17 10:10:00
KP023195,KW11893,2026-04-18,FR,Mobile,3698,30.0,80,1240,6.45,2026-04-18 16:47:00
KP023196,KW11178,2026-04-19,DE,Desktop,3509,50.0,44,1389,3.17,2026-04-19 15:59:00
KP023197,KW10766,2026-04-20,UK,Desktop,2546,41.0,75,1379,5.44,2026-04-20 14:28:00
KP023198,KW11188,2026-04-21,US,Desktop,9820,24.0,181,2811,6.44,2026-04-21 18:22:00
KP023199,KW10630,2026-04-22,US,Desktop,1658,49.0,11,287,3.83,2026-04-22 18:06:00
KP023200,KW10935,2026-04-23,DE,Mobile,9893,27.0,136,2189,6.21,2026-04-23 13:07:00
KP023201,KW11747,2026-04-24,BR,Mobile,5932,25.0,92,1527,6.02,2026-04-24 17:04:00
KP023202,KW11606,2026-04-25,IN,Tablet,883,49.0,6,171,3.51,2026-04-25 00:31:00
KP023203,KW11748,2026-04-26,IN,Mobile,1834,43.0,32,780,4.1,2026-04-26 09:43:00
KP023204,KW11455,2026-04-27,CA,Desktop,6162,13.0,201,3031,6.63,2026-04-27 05:56:00
KP023205,KW10730,2026-04-28,MX,Desktop,529,13.0,13,154,8.44,2026-04-28 14:52:00
KP023206,KW10802,2026-04-29,DE,Tablet,2098,21.0,21,394,5.33,2026-04-29 20:42:00
KP023207,KW11369,2026-04-30,UK,Desktop,4834,35.0,155,2521,6.15,2026-04-30 22:55:00
KP023208,KW11980,2026-05-01,IN,Desktop,909,40.0,17,373,4.56,2026-05-01 17:45:00
KP023209,KW11130,2026-05-02,FR,Desktop,3617,31.0,34,748,4.55,2026-05-02 12:38:00
KP023210,KW10682,2026-05-03,IN,Mobile,5390,29.0,155,2603,5.95,2026-05-03 04:43:00
KP023211,KW11339,2026-05-04,US,Mobile,1359,16.0,9,113,7.96,2026-05-04 22:33:00
KP023212,KW11993,2026-05-05,FR,Mobile,7425,3.0,283,1277,22.16,2026-05-05 08:22:00
KP023213,KW11257,2026-05-06,CA,Mobile,2660,48.0,25,778,3.21,2026-05-06 00:03:00
KP023214,KW10284,2026-05-07,BR,Desktop,1164,47.0,16,403,3.97,2026-05-07 03:25:00
KP023215,KW11315,2026-05-08,JP,Mobile,553,11.0,15,139,10.79,2026-05-08 15:32:00
KP023216,KW11547,2026-05-09,UK,Mobile,3047,11.0,124,1068,11.61,2026-05-09 00:20:00
KP023217,KW10972,2026-05-10,MX,Desktop,1294,48.0,6,125,4.8,2026-05-10 03:04:00
KP023218,KW11619,2026-05-11,IN,Mobile,6583,40.0,44,1009,4.36,2026-05-11 03:12:00
KP023219,KW11674,2026-05-12,US,Desktop,2618,50.0,31,927,3.34,2026-05-12 06:22:00
KP023220,KW10649,2026-05-13,MX,Mobile,1255,45.0,9,267,3.37,2026-05-13 09:08:00
KP023221,KW11716,2026-05-14,JP,Desktop,13337,30.0,221,4429,4.99,2026-05-14 05:30:00
KP023222,KW11788,2026-05-15,US,Mobile,1938,34.0,40,680,5.88,2026-05-15 15:29:00
KP023223,KW10187,2026-05-16,MX,Desktop,7692,14.0,149,1502,9.92,2026-05-16 19:51:00
KP023224,KW11485,2026-05-17,IN,Desktop,1244,5.0,8,64,12.5,2026-05-17 17:52:00
KP023225,KW10978,2026-05-18,MX,Mobile,2524,41.0,28,690,4.06,2026-05-18 01:45:00
KP023226,KW10764,2026-05-19,JP,Desktop,4200,13.0,171,2305,7.42,2026-05-19 09:17:00
KP023227,KW11152,2026-05-20,UK,Mobile,6476,31.0,20,479,4.18,2026-05-20 20:40:00
KP023228,KW10223,2026-05-21,MX,Desktop,1466,30.0,11,224,4.91,2026-05-21 02:14:00
KP023229,KW10743,2026-05-22,UK,Mobile,489,39.0,12,258,4.65,2026-05-22 22:58:00
KP023230,KW11304,2026-05-23,FR,Desktop,1024,45.0,24,551,4.36,2026-05-23 16:52:00
KP023231,KW10649,2026-05-24,BR,Mobile,2856,26.0,48,1013,4.74,2026-05-24 12:31:00
KP023232,KW10300,2026-05-25,AU,Desktop,7881,28.0,132,2865,4.61,2026-05-25 18:24:00
KP023233,KW10020,2026-05-26,DE,Desktop,5733,39.0,47,1239,3.79,2026-05-26 16:58:00
KP023234,KW11234,2026-05-27,IN,Mobile,4844,2.0,400,1349,29.65,2026-05-27 17:31:00
KP023235,KW11760,2026-05-28,AU,Desktop,6695,12.0,268,2845,9.42,2026-05-28 18:16:00
KP023236,KW11437,2026-05-29,MX,Desktop,1735,47.0,13,346,3.76,2026-05-29 17:42:00
KP023237,KW11348,2026-05-30,US,Desktop,860,50.0,9,291,3.09,2026-05-30 13:18:00
KP023238,KW10849,2026-05-31,FR,Mobile,9657,40.0,160,4049,3.95,2026-05-31 02:46:00
KP023484,KW10761,2026-02-01,FR,Mobile,4671,31.0,105,2411,4.36,2026-02-01 17:18:00
KP023485,KW10101,2026-02-02,MX,Desktop,1825,9.0,70,732,9.56,2026-02-02 04:32:00
KP023486,KW11481,2026-02-03,IN,Desktop,3334,46.0,93,1801,5.16,2026-02-03 02:27:00
KP023487,KW10480,2026-02-04,CA,Mobile,6110,9.0,45,392,11.48,2026-02-04 04:28:00
KP023488,KW11672,2026-02-05,JP,Desktop,12981,3.0,636,3724,17.08,2026-02-05 12:04:00
KP023489,KW11278,2026-02-06,AU,Desktop,6434,9.0,97,1025,9.46,2026-02-06 13:57:00
KP023490,KW10312,2026-02-07,JP,Mobile,3659,17.0,96,1344,7.14,2026-02-07 20:39:00
KP023491,KW11261,2026-02-08,FR,Mobile,1782,12.0,49,706,6.94,2026-02-08 05:56:00
KP023492,KW10704,2026-02-09,US,Desktop,2308,1.0,339,971,34.91,2026-02-09 23:40:00
KP023493,KW10556,2026-02-10,US,Desktop,1033,42.0,15,347,4.32,2026-02-10 19:54:00
KP023494,KW10544,2026-02-11,MX,Mobile,950,39.0,4,91,4.4,2026-02-11 18:34:00
KP023495,KW10958,2026-02-12,DE,Desktop,1952,32.0,23,578,3.98,2026-02-12 20:30:00
KP023496,KW11907,2026-02-13,CA,Mobile,2251,3.0,183,1149,15.93,2026-02-13 22:45:00
KP023497,KW10791,2026-02-14,FR,Mobile,8951,14.0,395,3878,10.19,2026-02-14 17:05:00
KP023498,KW10650,2026-02-15,CA,Desktop,654,45.0,1,36,2.78,2026-02-15 23:28:00
KP023499,KW11757,2026-02-16,US,Desktop,2651,19.0,16,299,5.35,2026-02-16 23:54:00
KP023500,KW11173,2026-02-17,US,Desktop,4332,20.0,17,279,6.09,2026-02-17 09:13:00
KP023501,KW10898,2026-02-18,MX,Mobile,2704,15.0,21,265,7.92,2026-02-18 01:26:00
KP023502,KW11858,2026-02-19,CA,Desktop,10831,20.0,77,1343,5.73,2026-02-19 10:52:00
KP023503,KW10256,2026-02-20,CA,Desktop,8245,19.0,114,1621,7.03,2026-02-20 19:16:00
KP023504,KW11988,2026-02-21,UK,Desktop,5562,30.0,144,2555,5.64,2026-02-21 22:24:00
KP023505,KW11508,2026-02-22,MX,Mobile,9023,26.0,187,3289,5.69,2026-02-22 12:35:00
KP023506,KW11501,2026-02-23,IN,Mobile,1908,36.0,56,1012,5.53,2026-02-23 14:17:00
KP023507,KW11052,2026-02-24,MX,Desktop,3367,32.0,26,528,4.92,2026-02-24 16:47:00
KP023508,KW10140,2026-02-25,AU,Mobile,1627,46.0,36,734,4.9,2026-02-25 04:17:00
KP023509,KW11685,2026-02-26,FR,Mobile,5919,5.0,349,2222,15.71,2026-02-26 15:11:00
KP023510,KW10967,2026-02-27,CA,Mobile,2899,45.0,6,184,3.26,2026-02-27 10:56:00
KP023511,KW11039,2026-02-28,US,Desktop,765,32.0,4,94,4.26,2026-02-28 11:03:00
KP023512,KW10858,2026-03-01,MX,Desktop,555,50.0,11,282,3.9,2026-03-01 04:31:00
KP023513,KW10874,2026-03-02,IN,Mobile,2622,4.0,130,689,18.87,2026-03-02 06:18:00
KP023514,KW11186,2026-03-03,FR,Desktop,21789,36.0,74,1490,4.97,2026-03-03 21:24:00
KP023515,KW10616,2026-03-04,US,Desktop,2164,22.0,72,965,7.46,2026-03-04 09:44:00
KP023516,KW11167,2026-03-05,FR,Mobile,2055,20.0,25,362,6.91,2026-03-05 02:43:00
KP023517,KW10673,2026-03-06,US,Mobile,3187,5.0,235,1417,16.58,2026-03-06 07:49:00
KP023518,KW11188,2026-03-07,FR,Desktop,6334,21.0,133,2507,5.31,2026-03-07 21:09:00
KP023519,KW11712,2026-03-08,MX,Mobile,1866,46.0,29,635,4.57,2026-03-08 23:12:00
KP023520,KW11493,2026-03-09,AU,Desktop,2175,38.0,44,1118,3.94,2026-03-09 00:25:00
KP023521,KW11570,2026-03-10,DE,Mobile,18718,19.0,587,7244,8.1,2026-03-10 05:06:00
KP023522,KW11632,2026-03-11,DE,Mobile,767,31.0,13,244,5.33,2026-03-11 00:29:00
KP023523,KW10502,2026-03-12,FR,Mobile,1997,21.0,56,807,6.94,2026-03-12 17:48:00
KP023524,KW10373,2026-03-13,BR,Desktop,1945,46.0,22,562,3.91,2026-03-13 23:38:00
KP023525,KW11955,2026-03-14,CA,Tablet,15417,48.0,31,890,3.48,2026-03-14 22:22:00
KP023526,KW11278,2026-03-15,UK,Tablet,1593,19.0,42,727,5.78,2026-03-15 05:34:00
KP023527,KW11879,2026-03-16,FR,Mobile,8681,44.0,30,687,4.37,2026-03-16 16:56:00
KP023528,KW10988,2026-03-17,MX,Mobile,1145,3.0,62,355,17.46,2026-03-17 07:40:00
KP023529,KW11929,2026-03-18,MX,Desktop,6867,7.0,104,942,11.04,2026-03-18 19:28:00
KP023530,KW11170,2026-03-19,IN,Mobile,582,5.0,35,244,14.34,2026-03-19 00:25:00
KP023531,KW10217,2026-03-20,AU,Mobile,1315,16.0,38,523,7.27,2026-03-20 23:42:00
KP023532,KW11426,2026-03-21,MX,Mobile,11312,10.0,155,1404,11.04,2026-03-21 08:37:00
KP023533,KW11721,2026-03-22,FR,Desktop,3219,41.0,51,1047,4.87,2026-03-22 21:23:00
KP023534,KW11240,2026-03-23,AU,Tablet,999,32.0,9,212,4.25,2026-03-23 07:34:00
KP023535,KW10894,2026-03-24,BR,Mobile,3671,44.0,88,1673,5.26,2026-03-24 17:28:00
KP023536,KW10967,2026-03-25,UK,Mobile,1904,10.0,48,542,8.86,2026-03-25 08:49:00
KP023537,KW11262,2026-03-26,BR,Desktop,3585,22.0,101,1854,5.45,2026-03-26 01:06:00
KP023538,KW10938,2026-03-27,AU,Mobile,5044,48.0,23,504,4.56,2026-03-27 07:26:00
KP023539,KW10872,2026-03-28,FR,Mobile,663,2.0,84,289,29.07,2026-03-28 10:19:00
KP023540,KW11408,2026-03-29,FR,Desktop,2650,32.0,59,1330,4.44,2026-03-29 13:20:00
KP023541,KW10710,2026-03-30,MX,Desktop,2351,5.0,70,475,14.74,2026-03-30 20:55:00
KP023542,KW10549,2026-03-31,FR,Desktop,969,5.0,38,249,15.26,2026-03-31 22:53:00
KP023543,KW10501,2026-04-01,JP,Desktop,7056,40.0,90,2439,3.69,2026-04-01 14:22:00
KP023544,KW10650,2026-04-02,BR,Tablet,1158,17.0,49,557,8.8,2026-04-02 01:10:00
KP023545,KW10214,2026-04-03,CA,Desktop,1625,6.0,50,488,10.25,2026-04-03 03:32:00
KP023546,KW10464,2026-04-04,UK,Desktop,11135,23.0,106,1457,7.28,2026-04-04 10:34:00
KP023547,KW10517,2026-04-05,CA,Desktop,6009,23.0,87,1493,5.83,2026-04-05 13:00:00
KP023548,KW10175,2026-04-06,CA,Mobile,2567,31.0,33,599,5.51,2026-04-06 04:48:00
KP023549,KW11982,2026-04-07,CA,Desktop,33041,21.0,706,10070,7.01,2026-04-07 17:25:00
KP023550,KW11824,2026-04-08,FR,Desktop,6091,46.0,56,1240,4.52,2026-04-08 08:58:00
KP023551,KW10670,2026-04-09,JP,Mobile,1494,5.0,66,472,13.98,2026-04-09 14:59:00
KP023552,KW11929,2026-04-10,AU,Mobile,1586,42.0,33,738,4.47,2026-04-10 19:53:00
KP023553,KW10766,2026-04-11,US,Desktop,1305,35.0,21,471,4.46,2026-04-11 03:59:00
KP023554,KW11395,2026-04-12,FR,Desktop,1388,17.0,22,256,8.59,2026-04-12 01:50:00
KP023555,KW10561,2026-04-13,IN,Tablet,4792,26.0,28,564,4.96,2026-04-13 08:31:00
KP023556,KW10262,2026-04-14,FR,Mobile,2750,4.0,59,372,15.86,2026-04-14 17:09:00
KP023557,KW10602,2026-04-15,FR,Tablet,6376,20.0,147,2679,5.49,2026-04-15 06:55:00
KP023558,KW10782,2026-04-16,DE,Mobile,1898,26.0,23,530,4.34,2026-04-16 08:02:00
KP023559,KW11026,2026-04-17,FR,Desktop,3264,13.0,99,1546,6.4,2026-04-17 20:19:00
KP023560,KW10679,2026-04-18,BR,Mobile,2855,43.0,77,1445,5.33,2026-04-18 18:03:00
KP023561,KW11136,2026-04-19,MX,Desktop,2029,21.0,40,711,5.63,2026-04-19 18:36:00
KP023562,KW11587,2026-04-20,US,Mobile,12045,2.0,492,2321,21.2,2026-04-20 10:00:00
KP023563,KW11231,2026-04-21,DE,Mobile,9624,7.0,490,4412,11.11,2026-04-21 17:58:00
KP023564,KW10808,2026-04-22,JP,Desktop,1060,31.0,23,399,5.76,2026-04-22 17:21:00
KP023565,KW10654,2026-04-23,IN,Mobile,10511,7.0,397,3153,12.59,2026-04-23 21:36:00
KP023566,KW11484,2026-04-24,UK,Mobile,8342,42.0,198,4081,4.85,2026-04-24 00:32:00
KP023567,KW11615,2026-04-25,MX,Mobile,1451,29.0,5,115,4.35,2026-04-25 02:26:00
KP023568,KW11872,2026-04-26,FR,Desktop,70032,2.0,2357,8219,28.68,2026-04-26 23:34:00
KP023569,KW11050,2026-04-27,JP,Desktop,1984,10.0,32,428,7.48,2026-04-27 11:16:00
KP023570,KW11238,2026-04-28,IN,Desktop,2536,45.0,38,922,4.12,2026-04-28 14:04:00
KP023571,KW11293,2026-04-29,IN,Mobile,1402,13.0,6,90,6.67,2026-04-29 11:13:00
KP023572,KW11331,2026-04-30,FR,Mobile,9551,9.0,303,3589,8.44,2026-04-30 20:03:00
KP023573,KW11131,2026-05-01,CA,Desktop,1676,41.0,17,459,3.7,2026-05-01 21:04:00
KP023574,KW10737,2026-05-02,BR,Desktop,1951,30.0,48,835,5.75,2026-05-02 00:51:00
KP023575,KW10518,2026-05-03,BR,Mobile,10289,40.0,181,3654,4.95,2026-05-03 06:39:00
KP023576,KW11291,2026-05-04,IN,Desktop,6379,3.0,546,3070,17.79,2026-05-04 08:20:00
KP023577,KW11043,2026-05-05,CA,Desktop,418,28.0,15,229,6.55,2026-05-05 15:38:00
KP023578,KW11436,2026-05-06,DE,Mobile,1130,3.0,28,136,20.59,2026-05-06 08:13:00
KP023579,KW10620,2026-05-07,FR,Desktop,1328,33.0,5,112,4.46,2026-05-07 08:26:00
KP023580,KW10011,2026-05-08,US,Mobile,2089,34.0,5,105,4.76,2026-05-08 08:50:00
KP023581,KW10893,2026-05-09,US,Desktop,13304,29.0,171,2835,6.03,2026-05-09 03:48:00
KP023582,KW11163,2026-05-10,FR,Desktop,6723,25.0,171,3277,5.22,2026-05-10 06:12:00
KP023583,KW10402,2026-05-11,JP,Desktop,785,5.0,12,103,11.65,2026-05-11 04:24:00
KP023584,KW11415,2026-05-12,IN,Mobile,3855,32.0,107,1723,6.21,2026-05-12 09:57:00
KP023585,KW11757,2026-05-13,DE,Desktop,5509,38.0,82,2015,4.07,2026-05-13 05:15:00
KP023586,KW10739,2026-05-14,BR,Desktop,1738,28.0,28,558,5.02,2026-05-14 02:05:00
KP023587,KW11533,2026-05-15,US,Mobile,2169,3.0,135,871,15.5,2026-05-15 13:13:00
KP023588,KW10600,2026-05-16,DE,Desktop,1430,9.0,64,540,11.85,2026-05-16 12:11:00
KP023589,KW11237,2026-05-17,CA,Desktop,2428,12.0,129,1276,10.11,2026-05-17 06:44:00
KP023590,KW11746,2026-05-18,US,Mobile,5998,17.0,33,475,6.95,2026-05-18 06:04:00
KP023591,KW11601,2026-05-19,BR,Mobile,1417,42.0,10,229,4.37,2026-05-19 23:18:00
KP023592,KW11300,2026-05-20,UK,Tablet,3525,34.0,45,823,5.47,2026-05-20 00:23:00
KP023593,KW11218,2026-05-21,MX,Desktop,2223,17.0,18,297,6.06,2026-05-21 10:56:00
KP023594,KW10241,2026-05-22,US,Desktop,1761,28.0,11,169,6.51,2026-05-22 13:06:00
KP023595,KW10960,2026-05-23,FR,Mobile,4727,19.0,66,1035,6.38,2026-05-23 15:52:00
KP023596,KW11951,2026-05-24,BR,Desktop,592,38.0,7,142,4.93,2026-05-24 04:15:00
KP023597,KW11941,2026-05-25,UK,Mobile,423,12.0,16,209,7.66,2026-05-25 23:20:00
KP023598,KW10068,2026-05-26,BR,Desktop,8957,30.0,224,4215,5.31,2026-05-26 10:39:00
KP023599,KW11276,2026-05-27,DE,Mobile,2508,3.0,194,1014,19.13,2026-05-27 10:32:00
KP023600,KW10877,2026-05-28,UK,Desktop,8895,22.0,143,2769,5.16,2026-05-28 16:22:00
KP023601,KW11891,2026-05-29,MX,Desktop,7280,6.0,340,3309,10.28,2026-05-29 13:49:00
KP023602,KW11196,2026-05-30,FR,Desktop,967,30.0,3,81,3.7,2026-05-30 05:25:00
KP023603,KW11072,2026-05-31,JP,Desktop,1993,3.0,89,542,16.42,2026-05-31 07:13:00
KP023849,KW10204,2026-02-01,JP,Tablet,6840,4.0,347,2137,16.24,2026-02-01 10:34:00
KP023850,KW11733,2026-02-02,AU,Desktop,1755,31.0,29,546,5.31,2026-02-02 09:58:00
KP023851,KW11837,2026-02-03,DE,Desktop,3566,33.0,30,534,5.62,2026-02-03 22:12:00
KP023852,KW10869,2026-02-04,FR,Mobile,16552,20.0,520,7847,6.63,2026-02-04 04:40:00
KP023853,KW11538,2026-02-05,UK,Desktop,1285,9.0,51,643,7.93,2026-02-05 16:46:00
KP023854,KW10568,2026-02-06,UK,Mobile,1471,43.0,4,94,4.26,2026-02-06 11:40:00
KP023855,KW10213,2026-02-07,JP,Desktop,2479,34.0,46,1026,4.48,2026-02-07 15:04:00
KP023856,KW11164,2026-02-08,FR,Mobile,3899,36.0,58,1589,3.65,2026-02-08 07:35:00
KP023857,KW11108,2026-02-09,DE,Mobile,8288,19.0,143,1896,7.54,2026-02-09 21:03:00
KP023858,KW11316,2026-02-10,BR,Tablet,2688,29.0,12,280,4.29,2026-02-10 03:50:00
KP023859,KW11111,2026-02-11,BR,Desktop,4892,22.0,200,2647,7.56,2026-02-11 02:06:00
KP023860,KW10654,2026-02-12,MX,Mobile,1559,39.0,33,702,4.7,2026-02-12 20:27:00
KP023861,KW11888,2026-02-13,IN,Desktop,4555,3.0,239,1014,23.57,2026-02-13 22:30:00
KP023862,KW11715,2026-02-14,UK,Desktop,2836,38.0,17,342,4.97,2026-02-14 22:01:00
KP023863,KW11288,2026-02-15,US,Mobile,1490,40.0,28,666,4.2,2026-02-15 13:47:00
KP023864,KW10653,2026-02-16,JP,Desktop,9671,27.0,29,605,4.79,2026-02-16 01:34:00
KP023865,KW11105,2026-02-17,AU,Desktop,11337,27.0,97,1472,6.59,2026-02-17 23:08:00
KP023866,KW10142,2026-02-18,CA,Desktop,1898,17.0,37,478,7.74,2026-02-18 12:59:00
KP023867,KW10153,2026-02-19,CA,Mobile,1697,27.0,19,301,6.31,2026-02-19 21:55:00
KP023868,KW10723,2026-02-20,MX,Desktop,916,33.0,16,320,5.0,2026-02-20 02:32:00
KP023869,KW11963,2026-02-21,AU,Desktop,8788,16.0,153,2302,6.65,2026-02-21 01:38:00
KP023870,KW10273,2026-02-22,CA,Mobile,20066,37.0,82,1511,5.43,2026-02-22 19:07:00
KP023871,KW10303,2026-02-23,US,Mobile,5471,1.0,282,808,34.9,2026-02-23 08:54:00
KP023872,KW11605,2026-02-24,BR,Tablet,5234,33.0,136,2272,5.99,2026-02-24 09:35:00
KP023873,KW11156,2026-02-25,US,Mobile,1235,5.0,18,121,14.88,2026-02-25 00:47:00
KP023874,KW11722,2026-02-26,FR,Mobile,6256,10.0,288,3055,9.43,2026-02-26 05:52:00
KP023875,KW10338,2026-02-27,MX,Mobile,5744,13.0,88,1075,8.19,2026-02-27 10:38:00
KP023876,KW11582,2026-02-28,FR,Desktop,1753,13.0,75,777,9.65,2026-02-28 15:28:00
KP023877,KW10199,2026-03-01,MX,Desktop,5309,6.0,250,2504,9.98,2026-03-01 08:35:00
KP023878,KW10419,2026-03-02,BR,Desktop,1933,21.0,23,324,7.1,2026-03-02 14:09:00
KP023879,KW11496,2026-03-03,AU,Mobile,11255,4.0,950,5130,18.52,2026-03-03 21:20:00
KP023880,KW11020,2026-03-04,US,Desktop,2751,18.0,35,436,8.03,2026-03-04 21:54:00
KP023881,KW11349,2026-03-05,DE,Mobile,4602,6.0,134,1370,9.78,2026-03-05 07:45:00
KP023882,KW11053,2026-03-06,CA,Desktop,6241,10.0,99,1205,8.22,2026-03-06 20:08:00
KP023883,KW11084,2026-03-07,DE,Desktop,2130,15.0,49,813,6.03,2026-03-07 05:42:00
KP023884,KW10327,2026-03-08,CA,Desktop,6576,44.0,55,1279,4.3,2026-03-08 23:29:00
KP023885,KW11449,2026-03-09,UK,Mobile,8984,24.0,61,835,7.31,2026-03-09 23:51:00
KP023886,KW11931,2026-03-10,FR,Desktop,5087,26.0,29,420,6.9,2026-03-10 23:31:00
KP023887,KW10851,2026-03-11,JP,Mobile,7048,5.0,314,2250,13.96,2026-03-11 10:54:00
KP023888,KW10601,2026-03-12,US,Desktop,2038,15.0,17,269,6.32,2026-03-12 23:46:00
KP023889,KW11533,2026-03-13,FR,Desktop,7931,32.0,49,1112,4.41,2026-03-13 02:41:00
KP023890,KW11053,2026-03-14,CA,Mobile,15515,43.0,300,5731,5.23,2026-03-14 05:33:00
KP023891,KW10622,2026-03-15,AU,Mobile,27950,46.0,545,10540,5.17,2026-03-15 01:51:00
KP023892,KW10190,2026-03-16,DE,Desktop,4837,29.0,129,2511,5.14,2026-03-16 18:45:00
KP023893,KW10492,2026-03-17,DE,Desktop,3759,6.0,64,578,11.07,2026-03-17 04:15:00
KP023894,KW11457,2026-03-18,MX,Desktop,1261,31.0,12,282,4.26,2026-03-18 13:12:00
KP023895,KW11739,2026-03-19,AU,Mobile,2199,45.0,18,440,4.09,2026-03-19 19:40:00
KP023896,KW10972,2026-03-20,UK,Mobile,19564,6.0,216,1625,13.29,2026-03-20 05:37:00
KP023897,KW11093,2026-03-21,JP,Mobile,11396,28.0,64,1313,4.87,2026-03-21 13:06:00
KP023898,KW11628,2026-03-22,BR,Mobile,4539,1.0,486,1591,30.55,2026-03-22 20:52:00
KP023899,KW11404,2026-03-23,UK,Mobile,980,3.0,14,93,15.05,2026-03-23 09:06:00
KP023900,KW11253,2026-03-24,DE,Desktop,2402,4.0,107,535,20.0,2026-03-24 00:14:00
KP023901,KW11904,2026-03-25,BR,Mobile,2398,9.0,28,311,9.0,2026-03-25 14:44:00
KP023902,KW10814,2026-03-26,CA,Desktop,1240,15.0,39,511,7.63,2026-03-26 07:29:00
KP023903,KW10434,2026-03-27,CA,Mobile,1045,50.0,3,83,3.61,2026-03-27 11:13:00
KP023904,KW10603,2026-03-28,AU,Desktop,2567,28.0,54,1277,4.23,2026-03-28 11:29:00
KP023905,KW10109,2026-03-29,AU,Mobile,2195,42.0,19,564,3.37,2026-03-29 01:25:00
KP023906,KW11338,2026-03-30,IN,Desktop,3803,14.0,119,1261,9.44,2026-03-30 18:59:00
KP023907,KW10705,2026-03-31,CA,Mobile,6454,39.0,144,2603,5.53,2026-03-31 15:48:00
KP023908,KW10426,2026-04-01,JP,Mobile,558,30.0,9,157,5.73,2026-04-01 11:31:00
KP023909,KW11462,2026-04-02,IN,Mobile,5116,21.0,119,1786,6.66,2026-04-02 18:55:00
KP023910,KW10433,2026-04-03,CA,Mobile,568,19.0,16,246,6.5,2026-04-03 03:25:00
KP023911,KW10341,2026-04-04,US,Mobile,9495,12.0,139,1925,7.22,2026-04-04 04:33:00
KP023912,KW10242,2026-04-05,BR,Mobile,16354,35.0,52,947,5.49,2026-04-05 20:21:00
KP023913,KW11847,2026-04-06,UK,Desktop,271,10.0,5,52,9.62,2026-04-06 16:56:00
KP023914,KW11673,2026-04-07,US,Mobile,5804,17.0,91,1016,8.96,2026-04-07 22:49:00
KP023915,KW10082,2026-04-08,JP,Desktop,17207,24.0,234,4403,5.31,2026-04-08 10:52:00
KP023916,KW10326,2026-04-09,JP,Mobile,3242,32.0,63,1441,4.37,2026-04-09 04:09:00
KP023917,KW10418,2026-04-10,US,Mobile,3836,20.0,78,1534,5.08,2026-04-10 17:15:00
KP023918,KW10307,2026-04-11,BR,Desktop,2885,6.0,131,1175,11.15,2026-04-11 11:45:00
KP023919,KW11434,2026-04-12,CA,Desktop,990,2.0,150,506,29.64,2026-04-12 21:59:00
KP023920,KW11442,2026-04-13,CA,Mobile,5995,27.0,118,2563,4.6,2026-04-13 03:24:00
KP023921,KW11341,2026-04-14,CA,Mobile,1621,35.0,13,230,5.65,2026-04-14 07:27:00
KP023922,KW11547,2026-04-15,AU,Tablet,1734,3.0,73,325,22.46,2026-04-15 17:59:00
KP023923,KW10473,2026-04-16,US,Desktop,1749,23.0,28,555,5.05,2026-04-16 03:02:00
KP023924,KW11973,2026-04-17,AU,Desktop,1167,10.0,42,350,12.0,2026-04-17 21:17:00
KP023925,KW10002,2026-04-18,CA,Mobile,4397,31.0,34,810,4.2,2026-04-18 03:24:00
KP023926,KW10515,2026-04-19,IN,Desktop,3740,48.0,61,1783,3.42,2026-04-19 11:51:00
KP023927,KW10276,2026-04-20,IN,Desktop,2257,39.0,9,175,5.14,2026-04-20 19:11:00
KP023928,KW11466,2026-04-21,FR,Desktop,5508,18.0,173,2728,6.34,2026-04-21 12:31:00
KP023929,KW11854,2026-04-22,CA,Desktop,8631,21.0,169,3233,5.23,2026-04-22 01:18:00
KP023930,KW11649,2026-04-23,MX,Mobile,9697,5.0,735,5046,14.57,2026-04-23 00:39:00
KP023931,KW10471,2026-04-24,US,Desktop,1303,22.0,25,330,7.58,2026-04-24 08:36:00
KP023932,KW11757,2026-04-25,US,Desktop,4350,23.0,49,861,5.69,2026-04-25 05:25:00
KP023933,KW11692,2026-04-26,FR,Desktop,3067,46.0,24,498,4.82,2026-04-26 07:40:00
KP023934,KW10943,2026-04-27,IN,Desktop,10157,25.0,130,2821,4.61,2026-04-27 00:16:00
KP023935,KW10701,2026-04-28,UK,Desktop,2011,25.0,12,201,5.97,2026-04-28 16:39:00
KP023936,KW11926,2026-04-29,CA,Desktop,851,28.0,12,281,4.27,2026-04-29 18:17:00
KP023937,KW11668,2026-04-30,FR,Mobile,1483,40.0,9,177,5.08,2026-04-30 11:00:00
KP023938,KW10405,2026-05-01,AU,Mobile,3121,48.0,61,1190,5.13,2026-05-01 15:38:00
KP023939,KW10085,2026-05-02,US,Desktop,3596,28.0,26,579,4.49,2026-05-02 12:59:00
KP023940,KW11524,2026-05-03,CA,Mobile,4698,23.0,48,856,5.61,2026-05-03 01:47:00
KP023941,KW10747,2026-05-04,CA,Mobile,6257,1.0,1167,3335,34.99,2026-05-04 11:07:00
KP023942,KW11422,2026-05-05,US,Mobile,11753,43.0,136,2648,5.14,2026-05-05 22:19:00
KP023943,KW11704,2026-05-06,JP,Desktop,16309,43.0,289,5648,5.12,2026-05-06 11:46:00
KP023944,KW11325,2026-05-07,FR,Desktop,4717,15.0,64,709,9.03,2026-05-07 14:09:00
KP023945,KW11858,2026-05-08,CA,Tablet,1808,45.0,15,343,4.37,2026-05-08 04:55:00
KP023946,KW11094,2026-05-09,AU,Desktop,6098,25.0,85,1681,5.06,2026-05-09 22:39:00
KP023947,KW11042,2026-05-10,BR,Mobile,1125,32.0,13,209,6.22,2026-05-10 22:22:00
KP023948,KW11753,2026-05-11,IN,Tablet,2990,10.0,155,1365,11.36,2026-05-11 11:49:00
KP023949,KW10238,2026-05-12,MX,Mobile,4834,19.0,104,1863,5.58,2026-05-12 06:31:00
KP023950,KW10193,2026-05-13,CA,Mobile,772,3.0,25,142,17.61,2026-05-13 01:59:00
KP023951,KW11374,2026-05-14,BR,Tablet,3740,42.0,44,946,4.65,2026-05-14 06:55:00
KP023952,KW11520,2026-05-15,JP,Mobile,2810,40.0,58,1111,5.22,2026-05-15 06:10:00
KP023953,KW11203,2026-05-16,BR,Desktop,6921,47.0,106,3159,3.36,2026-05-16 21:12:00
KP023954,KW11785,2026-05-17,DE,Mobile,2888,46.0,44,1190,3.7,2026-05-17 16:54:00
KP023955,KW10395,2026-05-18,UK,Desktop,1980,7.0,106,1040,10.19,2026-05-18 05:50:00
KP023956,KW11646,2026-05-19,IN,Desktop,7779,4.0,117,912,12.83,2026-05-19 21:57:00
KP023957,KW11980,2026-05-20,IN,Desktop,5364,29.0,128,2201,5.82,2026-05-20 23:21:00
KP023958,KW11994,2026-05-21,FR,Mobile,5141,26.0,104,1672,6.22,2026-05-21 15:36:00
KP023959,KW11811,2026-05-22,US,Tablet,1143,42.0,27,552,4.89,2026-05-22 09:35:00
KP023960,KW10769,2026-05-23,JP,Desktop,3801,11.0,43,409,10.51,2026-05-23 23:22:00
KP023961,KW11136,2026-05-24,FR,Desktop,10775,6.0,570,5133,11.1,2026-05-24 19:37:00
KP023962,KW11748,2026-05-25,JP,Mobile,3009,41.0,43,824,5.22,2026-05-25 07:47:00
KP023963,KW11615,2026-05-26,IN,Mobile,1584,12.0,55,763,7.21,2026-05-26 15:39:00
KP023964,KW11881,2026-05-27,AU,Mobile,2059,23.0,57,985,5.79,2026-05-27 20:31:00
KP023965,KW11292,2026-05-28,DE,Tablet,3609,8.0,41,392,10.46,2026-05-28 02:38:00
KP023966,KW11643,2026-05-29,AU,Mobile,7949,12.0,47,515,9.13,2026-05-29 16:36:00
KP023967,KW10475,2026-05-30,AU,Mobile,4209,48.0,84,2177,3.86,2026-05-30 08:43:00
KP023968,KW10790,2026-05-31,AU,Mobile,2164,29.0,53,920,5.76,2026-05-31 23:52:00
KP024214,KW11836,2026-02-01,US,Desktop,2128,3.0,67,426,15.73,2026-02-01 23:41:00
KP024215,KW11456,2026-02-02,DE,Mobile,1065,16.0,36,522,6.9,2026-02-02 00:30:00
KP024216,KW10187,2026-02-03,MX,Desktop,1893,11.0,37,321,11.53,2026-02-03 13:07:00
KP024217,KW11521,2026-02-04,CA,Desktop,1732,35.0,39,709,5.5,2026-02-04 00:08:00
KP024218,KW10927,2026-02-05,IN,Desktop,1397,7.0,96,685,14.01,2026-02-05 21:15:00
KP024219,KW10153,2026-02-06,FR,Mobile,1346,15.0,43,477,9.01,2026-02-06 10:59:00
KP024220,KW11588,2026-02-07,IN,Mobile,4189,13.0,172,2221,7.74,2026-02-07 08:25:00
KP024221,KW11202,2026-02-08,MX,Desktop,234,9.0,5,46,10.87,2026-02-08 16:07:00
KP024222,KW11894,2026-02-09,CA,Desktop,4580,17.0,155,2080,7.45,2026-02-09 13:38:00
KP024223,KW10663,2026-02-10,JP,Mobile,759,38.0,15,359,4.18,2026-02-10 05:40:00
KP024224,KW10420,2026-02-11,IN,Mobile,2664,15.0,86,1283,6.7,2026-02-11 05:36:00
KP024225,KW10760,2026-02-12,DE,Desktop,1880,48.0,10,208,4.81,2026-02-12 15:25:00
KP024226,KW10925,2026-02-13,JP,Desktop,1721,39.0,22,583,3.77,2026-02-13 23:03:00
KP024227,KW10979,2026-02-14,FR,Desktop,13462,35.0,161,3529,4.56,2026-02-14 10:28:00
KP024228,KW11937,2026-02-15,UK,Desktop,4303,18.0,53,850,6.24,2026-02-15 08:17:00
KP024229,KW10101,2026-02-16,MX,Mobile,3086,16.0,103,1504,6.85,2026-02-16 07:48:00
KP024230,KW11722,2026-02-17,DE,Desktop,1659,32.0,15,250,6.0,2026-02-17 03:46:00
KP024231,KW11511,2026-02-18,CA,Tablet,7641,36.0,23,453,5.08,2026-02-18 04:06:00
KP024232,KW11971,2026-02-19,IN,Desktop,1710,14.0,40,398,10.05,2026-02-19 12:30:00
KP024233,KW10904,2026-02-20,US,Desktop,3385,11.0,39,345,11.3,2026-02-20 01:34:00
KP024234,KW10819,2026-02-21,US,Tablet,4432,42.0,113,2269,4.98,2026-02-21 06:16:00
KP024235,KW10223,2026-02-22,IN,Mobile,9261,50.0,95,3030,3.14,2026-02-22 16:25:00
KP024236,KW11672,2026-02-23,MX,Mobile,5707,11.0,120,1215,9.88,2026-02-23 07:49:00
KP024237,KW11992,2026-02-24,AU,Mobile,7427,28.0,19,390,4.87,2026-02-24 03:41:00
KP024238,KW11570,2026-02-25,US,Mobile,3795,34.0,51,1090,4.68,2026-02-25 18:51:00
KP024239,KW10301,2026-02-26,AU,Desktop,3487,33.0,94,1813,5.18,2026-02-26 12:12:00
KP024240,KW10194,2026-02-27,JP,Desktop,2456,40.0,7,145,4.83,2026-02-27 06:04:00
KP024241,KW11484,2026-02-28,IN,Mobile,7147,40.0,33,964,3.42,2026-02-28 19:34:00
KP024242,KW10765,2026-03-01,IN,Desktop,1385,20.0,37,562,6.58,2026-03-01 10:38:00
KP024243,KW11209,2026-03-02,FR,Mobile,6958,17.0,115,1628,7.06,2026-03-02 23:21:00
KP024244,KW11244,2026-03-03,US,Desktop,8856,27.0,124,1757,7.06,2026-03-03 11:17:00
KP024245,KW11098,2026-03-04,DE,Mobile,5001,18.0,171,2173,7.87,2026-03-04 00:14:00
KP024246,KW11941,2026-03-05,UK,Desktop,10895,3.0,726,3513,20.67,2026-03-05 02:15:00
KP024247,KW10604,2026-03-06,DE,Mobile,5080,23.0,124,2432,5.1,2026-03-06 12:24:00
KP024248,KW11391,2026-03-07,DE,Desktop,1882,33.0,7,204,3.43,2026-03-07 17:48:00
KP024249,KW10943,2026-03-08,JP,Desktop,10053,35.0,140,3103,4.51,2026-03-08 01:49:00
KP024250,KW10740,2026-03-09,JP,Mobile,1935,36.0,38,773,4.92,2026-03-09 08:27:00
KP024251,KW10503,2026-03-10,US,Mobile,2348,32.0,11,279,3.94,2026-03-10 02:20:00
KP024252,KW10016,2026-03-11,JP,Desktop,7898,21.0,259,3188,8.12,2026-03-11 13:06:00
KP024253,KW10236,2026-03-12,DE,Desktop,611,10.0,27,317,8.52,2026-03-12 15:50:00
KP024254,KW11364,2026-03-13,DE,Desktop,1001,5.0,57,364,15.66,2026-03-13 20:15:00
KP024255,KW11014,2026-03-14,MX,Desktop,2870,16.0,115,1268,9.07,2026-03-14 01:35:00
KP024256,KW11180,2026-03-15,DE,Desktop,2690,42.0,17,445,3.82,2026-03-15 14:51:00
KP024257,KW10564,2026-03-16,UK,Desktop,1206,1.0,98,281,34.88,2026-03-16 05:25:00
KP024258,KW11042,2026-03-17,FR,Mobile,20331,7.0,211,1610,13.11,2026-03-17 01:52:00
KP024259,KW10237,2026-03-18,AU,Tablet,1242,30.0,26,615,4.23,2026-03-18 03:15:00
KP024260,KW11438,2026-03-19,UK,Desktop,22433,42.0,294,7107,4.14,2026-03-19 01:20:00
KP024261,KW10403,2026-03-20,CA,Mobile,10755,31.0,43,825,5.21,2026-03-20 07:03:00
KP024262,KW10521,2026-03-21,BR,Mobile,2078,18.0,62,1020,6.08,2026-03-21 02:18:00
KP024263,KW10406,2026-03-22,JP,Mobile,6207,9.0,203,1962,10.35,2026-03-22 23:31:00
KP024264,KW11180,2026-03-23,DE,Mobile,3810,39.0,18,380,4.74,2026-03-23 07:23:00
KP024265,KW10963,2026-03-24,CA,Desktop,19885,39.0,192,5014,3.83,2026-03-24 20:36:00
KP024266,KW10703,2026-03-25,AU,Desktop,2408,20.0,12,216,5.56,2026-03-25 19:45:00
KP024267,KW10613,2026-03-26,AU,Tablet,3810,27.0,22,421,5.23,2026-03-26 22:56:00
KP024268,KW10045,2026-03-27,AU,Desktop,1454,25.0,31,556,5.58,2026-03-27 21:42:00
KP024269,KW11450,2026-03-28,MX,Mobile,18064,46.0,337,7095,4.75,2026-03-28 09:56:00
KP024270,KW11871,2026-03-29,FR,Tablet,2508,3.0,206,1058,19.47,2026-03-29 16:31:00
KP024271,KW10977,2026-03-30,BR,Desktop,2201,26.0,13,248,5.24,2026-03-30 17:53:00
KP024272,KW10863,2026-03-31,DE,Desktop,2835,47.0,40,933,4.29,2026-03-31 23:31:00
KP024273,KW11643,2026-04-01,MX,Mobile,773,28.0,3,61,4.92,2026-04-01 01:22:00
KP024274,KW11296,2026-04-02,CA,Desktop,3162,45.0,19,368,5.16,2026-04-02 23:47:00
KP024275,KW10580,2026-04-03,AU,Desktop,776,11.0,19,204,9.31,2026-04-03 00:57:00
KP024276,KW10587,2026-04-04,JP,Desktop,7706,17.0,341,3869,8.81,2026-04-04 03:57:00
KP024277,KW10216,2026-04-05,US,Mobile,250,33.0,4,92,4.35,2026-04-05 07:51:00
KP024278,KW11697,2026-04-06,FR,Desktop,2608,35.0,55,1317,4.18,2026-04-06 07:51:00
KP024279,KW11591,2026-04-07,IN,Mobile,2749,41.0,12,256,4.69,2026-04-07 18:51:00
KP024280,KW11492,2026-04-08,JP,Desktop,15156,28.0,348,5593,6.22,2026-04-08 16:59:00
KP024281,KW10127,2026-04-09,DE,Desktop,12305,47.0,48,933,5.14,2026-04-09 10:44:00
KP024282,KW10429,2026-04-10,AU,Desktop,3640,7.0,188,1929,9.75,2026-04-10 00:23:00
KP024283,KW11132,2026-04-11,CA,Desktop,399,33.0,3,80,3.75,2026-04-11 07:25:00
KP024284,KW10614,2026-04-12,JP,Mobile,8010,10.0,330,4150,7.95,2026-04-12 21:30:00
KP024285,KW11237,2026-04-13,AU,Mobile,4101,21.0,61,1210,5.04,2026-04-13 11:39:00
KP024286,KW11325,2026-04-14,FR,Mobile,2331,24.0,74,1121,6.6,2026-04-14 05:58:00
KP024287,KW11785,2026-04-15,FR,Desktop,11053,23.0,285,5161,5.52,2026-04-15 15:12:00
KP024288,KW11667,2026-04-16,US,Mobile,1456,13.0,15,181,8.29,2026-04-16 17:42:00
KP024289,KW11903,2026-04-17,BR,Mobile,482,38.0,4,106,3.77,2026-04-17 03:02:00
KP024290,KW10064,2026-04-18,BR,Desktop,3582,33.0,23,612,3.76,2026-04-18 16:43:00
KP024291,KW10668,2026-04-19,IN,Desktop,7995,23.0,85,1584,5.37,2026-04-19 05:22:00
KP024292,KW10787,2026-04-20,UK,Desktop,1341,48.0,12,332,3.61,2026-04-20 16:04:00
KP024293,KW11690,2026-04-21,US,Desktop,1747,26.0,32,460,6.96,2026-04-21 02:58:00
KP024294,KW10273,2026-04-22,US,Desktop,13448,9.0,70,857,8.17,2026-04-22 08:49:00
KP024295,KW11419,2026-04-23,DE,Desktop,20002,30.0,153,2848,5.37,2026-04-23 04:22:00
KP024296,KW11658,2026-04-24,JP,Desktop,2417,40.0,43,835,5.15,2026-04-24 03:45:00
KP024297,KW11328,2026-04-25,CA,Desktop,2109,16.0,53,844,6.28,2026-04-25 12:41:00
KP024298,KW11610,2026-04-26,JP,Mobile,4601,48.0,88,2396,3.67,2026-04-26 22:11:00
KP024299,KW10474,2026-04-27,DE,Mobile,1906,46.0,25,650,3.85,2026-04-27 04:47:00
KP024300,KW11694,2026-04-28,BR,Desktop,2931,7.0,137,962,14.24,2026-04-28 08:30:00
KP024301,KW10636,2026-04-29,MX,Desktop,7392,21.0,91,1262,7.21,2026-04-29 19:47:00
KP024302,KW10437,2026-04-30,DE,Desktop,30369,38.0,625,16178,3.86,2026-04-30 03:23:00
KP024303,KW11369,2026-05-01,US,Mobile,2313,8.0,67,808,8.29,2026-05-01 22:41:00
KP024304,KW11737,2026-05-02,DE,Desktop,1068,29.0,14,276,5.07,2026-05-02 01:09:00
KP024305,KW10013,2026-05-03,JP,Mobile,2905,7.0,131,1236,10.6,2026-05-03 03:00:00
KP024306,KW10042,2026-05-04,IN,Desktop,3017,26.0,30,677,4.43,2026-05-04 09:44:00
KP024307,KW10094,2026-05-05,AU,Desktop,2368,26.0,10,225,4.44,2026-05-05 07:25:00
KP024308,KW10857,2026-05-06,DE,Mobile,1152,24.0,26,469,5.54,2026-05-06 09:57:00
KP024309,KW11437,2026-05-07,FR,Mobile,1217,18.0,16,287,5.57,2026-05-07 13:59:00
KP024310,KW11876,2026-05-08,CA,Desktop,1209,21.0,17,285,5.96,2026-05-08 21:22:00
KP024311,KW11433,2026-05-09,MX,Desktop,10202,23.0,108,1524,7.09,2026-05-09 00:33:00
KP024312,KW11393,2026-05-10,US,Mobile,2305,43.0,26,785,3.31,2026-05-10 23:40:00
KP024313,KW10221,2026-05-11,AU,Mobile,4110,45.0,42,1063,3.95,2026-05-11 22:12:00
KP024314,KW10896,2026-05-12,MX,Desktop,1932,9.0,51,492,10.37,2026-05-12 00:39:00
KP024315,KW11692,2026-05-13,JP,Mobile,2964,42.0,36,689,5.22,2026-05-13 12:33:00
KP024316,KW10676,2026-05-14,UK,Mobile,1978,28.0,35,580,6.03,2026-05-14 03:08:00
KP024317,KW10266,2026-05-15,US,Mobile,19770,41.0,162,4018,4.03,2026-05-15 09:59:00
KP024318,KW10543,2026-05-16,BR,Desktop,1504,24.0,20,433,4.62,2026-05-16 12:31:00
KP024319,KW10509,2026-05-17,FR,Mobile,1154,28.0,26,523,4.97,2026-05-17 04:41:00
KP024320,KW10982,2026-05-18,DE,Desktop,2593,12.0,32,391,8.18,2026-05-18 22:13:00
KP024321,KW11291,2026-05-19,CA,Mobile,2366,4.0,56,280,20.0,2026-05-19 01:14:00
KP024322,KW11784,2026-05-20,JP,Mobile,2875,48.0,27,646,4.18,2026-05-20 03:45:00
KP024323,KW10591,2026-05-21,US,Desktop,2995,12.0,166,1512,10.98,2026-05-21 03:59:00
KP024324,KW10243,2026-05-22,AU,Mobile,16796,25.0,284,4813,5.9,2026-05-22 01:41:00
KP024325,KW10544,2026-05-23,US,Desktop,1242,50.0,15,419,3.58,2026-05-23 16:29:00
KP024326,KW10800,2026-05-24,IN,Mobile,937,47.0,10,272,3.68,2026-05-24 06:27:00
KP024327,KW10120,2026-05-25,FR,Mobile,7405,8.0,65,508,12.8,2026-05-25 03:36:00
KP024328,KW10449,2026-05-26,BR,Desktop,4223,28.0,19,395,4.81,2026-05-26 12:59:00
KP024329,KW10232,2026-05-27,UK,Mobile,8067,49.0,219,4305,5.09,2026-05-27 05:40:00
KP024330,KW11847,2026-05-28,FR,Mobile,1552,45.0,3,85,3.53,2026-05-28 09:21:00
KP024331,KW10179,2026-05-29,UK,Mobile,6621,25.0,80,1518,5.27,2026-05-29 15:33:00
KP024332,KW11756,2026-05-30,US,Mobile,5860,3.0,125,615,20.33,2026-05-30 10:05:00
KP024333,KW10323,2026-05-31,US,Desktop,5143,31.0,14,310,4.52,2026-05-31 09:37:00
KP024579,KW11861,2026-02-01,FR,Desktop,14101,39.0,61,1265,4.82,2026-02-01 14:48:00
KP024580,KW10095,2026-02-02,BR,Mobile,3597,2.0,143,657,21.77,2026-02-02 10:52:00
KP024581,KW10899,2026-02-03,IN,Desktop,12787,39.0,182,3587,5.07,2026-02-03 21:21:00
KP024582,KW11173,2026-02-04,JP,Desktop,5785,38.0,116,2020,5.74,2026-02-04 06:42:00
KP024583,KW10509,2026-02-05,DE,Mobile,935,43.0,12,244,4.92,2026-02-05 00:41:00
KP024584,KW11490,2026-02-06,JP,Desktop,9257,41.0,36,883,4.08,2026-02-06 00:17:00
KP024585,KW11082,2026-02-07,BR,Mobile,2939,35.0,28,634,4.42,2026-02-07 13:49:00
KP024586,KW10373,2026-02-08,MX,Mobile,5287,41.0,79,2127,3.71,2026-02-08 20:33:00
KP024587,KW11033,2026-02-09,UK,Mobile,6465,17.0,104,1876,5.54,2026-02-09 12:26:00
KP024588,KW10673,2026-02-10,FR,Desktop,2994,49.0,49,1502,3.26,2026-02-10 05:45:00
KP024589,KW11107,2026-02-11,AU,Mobile,2638,16.0,20,255,7.84,2026-02-11 13:39:00
KP024590,KW10872,2026-02-12,AU,Desktop,1810,4.0,105,645,16.28,2026-02-12 23:35:00
KP024591,KW10513,2026-02-13,FR,Mobile,5352,41.0,66,1345,4.91,2026-02-13 16:05:00
KP024592,KW11581,2026-02-14,FR,Mobile,4161,48.0,81,1981,4.09,2026-02-14 16:13:00
KP024593,KW10442,2026-02-15,AU,Mobile,1401,24.0,19,351,5.41,2026-02-15 19:48:00
KP024594,KW11937,2026-02-16,FR,Mobile,1358,2.0,24,99,24.24,2026-02-16 21:43:00
KP024595,KW10035,2026-02-17,UK,Tablet,2322,10.0,44,400,11.0,2026-02-17 03:32:00
KP024596,KW10547,2026-02-18,US,Tablet,2838,18.0,55,888,6.19,2026-02-18 04:18:00
KP024597,KW11311,2026-02-19,AU,Mobile,4338,10.0,127,1388,9.15,2026-02-19 14:40:00
KP024598,KW11535,2026-02-20,US,Mobile,3408,48.0,30,610,4.92,2026-02-20 16:10:00
KP024599,KW10655,2026-02-21,FR,Mobile,1404,22.0,5,74,6.76,2026-02-21 05:25:00
KP024600,KW11973,2026-02-22,BR,Mobile,259,49.0,1,27,3.7,2026-02-22 18:04:00
KP024601,KW10597,2026-02-23,FR,Desktop,5202,48.0,26,626,4.15,2026-02-23 20:49:00
KP024602,KW10456,2026-02-24,CA,Desktop,1488,30.0,6,129,4.65,2026-02-24 05:48:00
KP024603,KW11661,2026-02-25,UK,Mobile,2582,20.0,35,503,6.96,2026-02-25 21:50:00
KP024604,KW10885,2026-02-26,AU,Mobile,1342,14.0,47,694,6.77,2026-02-26 07:13:00
KP024605,KW11563,2026-02-27,DE,Desktop,1425,43.0,10,219,4.57,2026-02-27 09:49:00
KP024606,KW11929,2026-02-28,MX,Mobile,2249,2.0,172,685,25.11,2026-02-28 13:28:00
KP024607,KW10137,2026-03-01,MX,Desktop,1486,1.0,148,424,34.91,2026-03-01 07:25:00
KP024608,KW10495,2026-03-02,CA,Mobile,663,34.0,11,223,4.93,2026-03-02 03:21:00
KP024609,KW11733,2026-03-03,DE,Mobile,6611,42.0,126,2572,4.9,2026-03-03 13:04:00
KP024610,KW10859,2026-03-04,BR,Mobile,5978,42.0,105,2101,5.0,2026-03-04 05:00:00
KP024611,KW11059,2026-03-05,FR,Mobile,4206,18.0,80,968,8.26,2026-03-05 01:34:00
KP024612,KW11629,2026-03-06,MX,Desktop,5329,20.0,112,1528,7.33,2026-03-06 17:49:00
KP024613,KW11921,2026-03-07,IN,Mobile,4614,46.0,45,1402,3.21,2026-03-07 14:49:00
KP024614,KW10724,2026-03-08,UK,Desktop,524,8.0,30,248,12.1,2026-03-08 05:33:00
KP024615,KW10877,2026-03-09,AU,Mobile,1155,18.0,18,224,8.04,2026-03-09 05:07:00
KP024616,KW11451,2026-03-10,MX,Desktop,4987,45.0,20,471,4.25,2026-03-10 07:12:00
KP024617,KW11014,2026-03-11,UK,Mobile,4237,26.0,28,418,6.7,2026-03-11 15:39:00
KP024618,KW10146,2026-03-12,BR,Desktop,3587,35.0,11,198,5.56,2026-03-12 06:08:00
KP024619,KW10005,2026-03-13,IN,Mobile,3482,38.0,13,236,5.51,2026-03-13 07:23:00
KP024620,KW10599,2026-03-14,MX,Mobile,2155,10.0,13,112,11.61,2026-03-14 18:58:00
KP024621,KW11651,2026-03-15,BR,Desktop,4461,46.0,77,2307,3.34,2026-03-15 02:54:00
KP024622,KW11833,2026-03-16,MX,Mobile,2530,34.0,33,866,3.81,2026-03-16 18:42:00
KP024623,KW10887,2026-03-17,BR,Mobile,9818,4.0,95,783,12.13,2026-03-17 19:01:00
KP024624,KW10919,2026-03-18,CA,Mobile,2758,4.0,283,1444,19.6,2026-03-18 18:06:00
KP024625,KW11201,2026-03-19,US,Desktop,3364,46.0,46,1231,3.74,2026-03-19 03:27:00
KP024626,KW11707,2026-03-20,UK,Mobile,1280,38.0,16,338,4.73,2026-03-20 14:34:00
KP024627,KW10253,2026-03-21,UK,Mobile,4756,7.0,236,2104,11.22,2026-03-21 17:09:00
KP024628,KW11333,2026-03-22,UK,Desktop,446,17.0,10,146,6.85,2026-03-22 17:10:00
KP024629,KW11960,2026-03-23,JP,Mobile,17214,26.0,122,1804,6.76,2026-03-23 05:46:00
KP024630,KW11788,2026-03-24,FR,Mobile,2735,10.0,71,740,9.59,2026-03-24 05:22:00
KP024631,KW10128,2026-03-25,JP,Desktop,14682,16.0,233,3526,6.61,2026-03-25 13:49:00
KP024632,KW11513,2026-03-26,FR,Desktop,19102,21.0,505,6211,8.13,2026-03-26 00:30:00
KP024633,KW10037,2026-03-27,IN,Tablet,1721,25.0,33,503,6.56,2026-03-27 21:05:00
KP024634,KW11531,2026-03-28,CA,Mobile,2883,3.0,265,1580,16.77,2026-03-28 21:08:00
KP024635,KW11737,2026-03-29,JP,Mobile,5071,14.0,28,459,6.1,2026-03-29 11:38:00
KP024636,KW11764,2026-03-30,CA,Mobile,2521,42.0,11,250,4.4,2026-03-30 01:04:00
KP024637,KW11039,2026-03-31,JP,Desktop,7293,4.0,473,3782,12.51,2026-03-31 22:47:00
KP024638,KW11413,2026-04-01,FR,Mobile,1239,50.0,12,311,3.86,2026-04-01 10:24:00
KP024639,KW10144,2026-04-02,IN,Desktop,892,44.0,5,135,3.7,2026-04-02 23:20:00
KP024640,KW10948,2026-04-03,CA,Mobile,6090,23.0,166,2876,5.77,2026-04-03 18:47:00
KP024641,KW11733,2026-04-04,DE,Desktop,11939,25.0,407,6260,6.5,2026-04-04 02:53:00
KP024642,KW11141,2026-04-05,IN,Desktop,8119,43.0,131,3329,3.94,2026-04-05 22:48:00
KP024643,KW11960,2026-04-06,MX,Mobile,950,11.0,30,263,11.41,2026-04-06 13:19:00
KP024644,KW10162,2026-04-07,IN,Mobile,5896,34.0,22,564,3.9,2026-04-07 12:36:00
KP024645,KW11802,2026-04-08,MX,Mobile,286,37.0,1,31,3.23,2026-04-08 05:46:00
KP024646,KW10021,2026-04-09,BR,Desktop,1742,12.0,45,561,8.02,2026-04-09 09:32:00
KP024647,KW11659,2026-04-10,MX,Mobile,2612,38.0,53,1111,4.77,2026-04-10 04:01:00
KP024648,KW11083,2026-04-11,AU,Tablet,1653,5.0,12,89,13.48,2026-04-11 21:23:00
KP024649,KW11310,2026-04-12,MX,Desktop,842,41.0,12,229,5.24,2026-04-12 05:31:00
KP024650,KW10366,2026-04-13,UK,Mobile,1352,27.0,8,151,5.3,2026-04-13 13:51:00
KP024651,KW11879,2026-04-14,FR,Tablet,473,19.0,8,122,6.56,2026-04-14 15:38:00
KP024652,KW11312,2026-04-15,BR,Desktop,2047,32.0,59,1030,5.73,2026-04-15 04:39:00
KP024653,KW11771,2026-04-16,BR,Mobile,1818,50.0,22,687,3.2,2026-04-16 10:52:00
KP024654,KW11494,2026-04-17,CA,Tablet,8934,16.0,252,3803,6.63,2026-04-17 20:21:00
KP024655,KW10583,2026-04-18,JP,Desktop,1539,4.0,82,479,17.12,2026-04-18 18:16:00
KP024656,KW11367,2026-04-19,UK,Mobile,3289,17.0,20,241,8.3,2026-04-19 20:15:00
KP024657,KW10178,2026-04-20,BR,Tablet,2704,13.0,80,859,9.31,2026-04-20 08:34:00
KP024658,KW10384,2026-04-21,UK,Mobile,684,17.0,10,181,5.52,2026-04-21 06:11:00
KP024659,KW11803,2026-04-22,DE,Desktop,2507,8.0,140,1046,13.38,2026-04-22 23:11:00
KP024660,KW10578,2026-04-23,IN,Mobile,1177,15.0,15,194,7.73,2026-04-23 02:40:00
KP024661,KW11343,2026-04-24,AU,Mobile,5154,10.0,259,2583,10.03,2026-04-24 22:18:00
KP024662,KW11659,2026-04-25,CA,Mobile,4783,28.0,139,2001,6.95,2026-04-25 19:20:00
KP024663,KW11676,2026-04-26,IN,Desktop,1527,39.0,19,395,4.81,2026-04-26 20:59:00
KP024664,KW10331,2026-04-27,FR,Desktop,1614,22.0,34,476,7.14,2026-04-27 09:48:00
KP024665,KW10304,2026-04-28,CA,Desktop,211,15.0,8,90,8.89,2026-04-28 21:58:00
KP024666,KW11698,2026-04-29,US,Mobile,7303,24.0,31,436,7.11,2026-04-29 02:26:00
KP024667,KW11882,2026-04-30,US,Mobile,5039,7.0,221,2300,9.61,2026-04-30 12:32:00
KP024668,KW10795,2026-05-01,US,Desktop,4432,13.0,38,381,9.97,2026-05-01 19:15:00
KP024669,KW11459,2026-05-02,JP,Mobile,2698,18.0,31,471,6.58,2026-05-02 05:38:00
KP024670,KW10571,2026-05-03,BR,Desktop,3119,34.0,32,551,5.81,2026-05-03 16:13:00
KP024671,KW10588,2026-05-04,FR,Tablet,2078,44.0,24,582,4.12,2026-05-04 00:17:00
KP024672,KW11387,2026-05-05,CA,Mobile,1622,8.0,27,223,12.11,2026-05-05 18:52:00
KP024673,KW10448,2026-05-06,CA,Mobile,8880,31.0,126,2162,5.83,2026-05-06 05:53:00
KP024674,KW10221,2026-05-07,MX,Tablet,1396,32.0,13,328,3.96,2026-05-07 10:57:00
KP024675,KW11939,2026-05-08,US,Mobile,1691,39.0,18,431,4.18,2026-05-08 04:43:00
KP024676,KW11978,2026-05-09,UK,Desktop,7715,39.0,74,1952,3.79,2026-05-09 09:10:00
KP024677,KW11105,2026-05-10,MX,Mobile,779,13.0,33,418,7.89,2026-05-10 23:30:00
KP024678,KW10686,2026-05-11,FR,Tablet,931,7.0,33,265,12.45,2026-05-11 18:44:00
KP024679,KW11157,2026-05-12,IN,Desktop,12839,45.0,77,1967,3.91,2026-05-12 15:18:00
KP024680,KW10911,2026-05-13,FR,Desktop,580,29.0,20,314,6.37,2026-05-13 22:54:00
KP024681,KW11944,2026-05-14,IN,Desktop,7396,48.0,138,3674,3.76,2026-05-14 19:27:00
KP024682,KW10293,2026-05-15,AU,Mobile,4321,16.0,117,1781,6.57,2026-05-15 07:07:00
KP024683,KW11179,2026-05-16,DE,Mobile,2222,46.0,42,897,4.68,2026-05-16 04:02:00
KP024684,KW11669,2026-05-17,JP,Mobile,2469,2.0,239,943,25.34,2026-05-17 21:34:00
KP024685,KW11636,2026-05-18,JP,Desktop,2425,14.0,40,524,7.63,2026-05-18 05:37:00
KP024686,KW10977,2026-05-19,UK,Desktop,2685,37.0,32,681,4.7,2026-05-19 19:38:00
KP024687,KW10671,2026-05-20,AU,Mobile,7827,14.0,81,1307,6.2,2026-05-20 11:17:00
KP024688,KW10432,2026-05-21,DE,Mobile,4134,34.0,11,282,3.9,2026-05-21 23:44:00
KP024689,KW10951,2026-05-22,IN,Mobile,2415,11.0,57,700,8.14,2026-05-22 00:52:00
KP024690,KW10258,2026-05-23,CA,Mobile,1181,10.0,29,284,10.21,2026-05-23 15:18:00
KP024691,KW10886,2026-05-24,DE,Desktop,4802,23.0,151,1985,7.61,2026-05-24 05:39:00
KP024692,KW10906,2026-05-25,IN,Desktop,13945,24.0,472,6401,7.37,2026-05-25 22:07:00
KP024693,KW10377,2026-05-26,CA,Mobile,4277,26.0,85,1311,6.48,2026-05-26 13:07:00
KP024694,KW11140,2026-05-27,US,Mobile,2142,17.0,84,1159,7.25,2026-05-27 12:06:00
KP024695,KW10933,2026-05-28,US,Desktop,3984,6.0,90,842,10.69,2026-05-28 09:14:00
KP024696,KW11552,2026-05-29,MX,Mobile,1302,38.0,17,330,5.15,2026-05-29 02:28:00
KP024697,KW10877,2026-05-30,FR,Desktop,2845,39.0,46,794,5.79,2026-05-30 07:27:00
KP024698,KW10023,2026-05-31,MX,Desktop,510,29.0,6,138,4.35,2026-05-31 04:40:00
KP024944,KW10362,2026-02-01,IN,Desktop,2066,25.0,9,156,5.77,2026-02-01 19:30:00
KP024945,KW11012,2026-02-02,BR,Tablet,3986,49.0,77,1506,5.11,2026-02-02 21:04:00
KP024946,KW10987,2026-02-03,CA,Desktop,1772,19.0,43,596,7.21,2026-02-03 00:16:00
KP024947,KW11958,2026-02-04,US,Desktop,3065,28.0,91,1323,6.88,2026-02-04 18:40:00
KP024948,KW10855,2026-02-05,IN,Mobile,2696,23.0,56,1065,5.26,2026-02-05 16:23:00
KP024949,KW11338,2026-02-06,FR,Desktop,1549,31.0,12,259,4.63,2026-02-06 16:01:00
KP024950,KW11095,2026-02-07,MX,Mobile,1663,4.0,94,753,12.48,2026-02-07 20:58:00
KP024951,KW11970,2026-02-08,US,Desktop,5160,12.0,183,2601,7.04,2026-02-08 15:14:00
KP024952,KW10584,2026-02-09,JP,Mobile,4660,26.0,140,2496,5.61,2026-02-09 14:01:00
KP024953,KW11961,2026-02-10,MX,Desktop,6602,33.0,114,2156,5.29,2026-02-10 15:38:00
KP024954,KW11095,2026-02-11,JP,Desktop,1368,33.0,27,688,3.92,2026-02-11 07:06:00
KP024955,KW10978,2026-02-12,FR,Desktop,419,11.0,11,135,8.15,2026-02-12 23:58:00
KP024956,KW11370,2026-02-13,JP,Desktop,7457,48.0,59,1350,4.37,2026-02-13 22:10:00
KP024957,KW11895,2026-02-14,US,Mobile,2823,33.0,32,555,5.77,2026-02-14 08:37:00
KP024958,KW11014,2026-02-15,DE,Desktop,3240,30.0,79,1201,6.58,2026-02-15 10:21:00
KP024959,KW10787,2026-02-16,IN,Desktop,4100,18.0,107,1690,6.33,2026-02-16 18:17:00
KP024960,KW11975,2026-02-17,CA,Desktop,1049,42.0,14,398,3.52,2026-02-17 14:20:00
KP024961,KW10506,2026-02-18,JP,Mobile,1760,28.0,37,883,4.19,2026-02-18 06:12:00
KP024962,KW11285,2026-02-19,MX,Mobile,6950,15.0,94,1366,6.88,2026-02-19 10:06:00
KP024963,KW11200,2026-02-20,DE,Desktop,1512,30.0,27,608,4.44,2026-02-20 00:38:00
KP024964,KW10101,2026-02-21,JP,Mobile,466,8.0,16,175,9.14,2026-02-21 16:37:00
KP024965,KW11103,2026-02-22,AU,Desktop,4989,24.0,76,1580,4.81,2026-02-22 12:45:00
KP024966,KW11040,2026-02-23,IN,Mobile,4510,13.0,72,894,8.05,2026-02-23 03:23:00
KP024967,KW10062,2026-02-24,IN,Desktop,46165,31.0,234,4207,5.56,2026-02-24 05:04:00
KP024968,KW10370,2026-02-25,DE,Mobile,609,26.0,8,171,4.68,2026-02-25 13:32:00
KP024969,KW10616,2026-02-26,US,Desktop,1788,22.0,5,97,5.15,2026-02-26 21:30:00
KP024970,KW11256,2026-02-27,CA,Mobile,1616,17.0,41,632,6.49,2026-02-27 06:43:00
KP024971,KW11733,2026-02-28,CA,Mobile,524,11.0,9,97,9.28,2026-02-28 12:08:00
KP024972,KW10507,2026-03-01,US,Mobile,1823,45.0,11,324,3.4,2026-03-01 12:01:00
KP024973,KW11681,2026-03-02,JP,Desktop,4882,31.0,55,876,6.28,2026-03-02 04:56:00
KP024974,KW11164,2026-03-03,CA,Desktop,3250,24.0,92,1387,6.63,2026-03-03 15:25:00
KP024975,KW10199,2026-03-04,JP,Desktop,3381,2.0,225,1021,22.04,2026-03-04 18:36:00
KP024976,KW10444,2026-03-05,JP,Mobile,1037,45.0,5,178,2.81,2026-03-05 00:00:00
KP024977,KW10256,2026-03-06,UK,Mobile,1358,42.0,4,84,4.76,2026-03-06 12:16:00
KP024978,KW10170,2026-03-07,BR,Desktop,22146,22.0,563,9121,6.17,2026-03-07 00:36:00
KP024979,KW11936,2026-03-08,MX,Mobile,5969,46.0,69,1673,4.12,2026-03-08 07:02:00
KP024980,KW10359,2026-03-09,AU,Mobile,1735,49.0,18,392,4.59,2026-03-09 00:12:00
KP024981,KW11149,2026-03-10,JP,Mobile,2086,19.0,64,749,8.54,2026-03-10 16:40:00
KP024982,KW11023,2026-03-11,CA,Mobile,2603,7.0,137,1343,10.2,2026-03-11 09:09:00
KP024983,KW10853,2026-03-12,IN,Mobile,819,36.0,4,115,3.48,2026-03-12 13:41:00
KP024984,KW10088,2026-03-13,UK,Desktop,1038,44.0,15,298,5.03,2026-03-13 01:23:00
KP024985,KW11450,2026-03-14,CA,Desktop,2522,40.0,42,865,4.86,2026-03-14 11:17:00
KP024986,KW10474,2026-03-15,AU,Desktop,631,33.0,15,265,5.66,2026-03-15 19:45:00
KP024987,KW11994,2026-03-16,FR,Mobile,2344,1.0,67,215,31.16,2026-03-16 23:08:00
KP024988,KW11342,2026-03-17,JP,Mobile,3852,44.0,16,455,3.52,2026-03-17 03:51:00
KP024989,KW10993,2026-03-18,DE,Mobile,2356,9.0,122,1058,11.53,2026-03-18 02:14:00
KP024990,KW10967,2026-03-19,US,Mobile,1819,21.0,7,116,6.03,2026-03-19 03:04:00
KP024991,KW10634,2026-03-20,CA,Mobile,5092,35.0,45,985,4.57,2026-03-20 02:45:00
KP024992,KW11045,2026-03-21,IN,Mobile,2962,33.0,28,658,4.26,2026-03-21 03:08:00
KP024993,KW11737,2026-03-22,MX,Mobile,8613,30.0,87,1920,4.53,2026-03-22 23:53:00
KP024994,KW11578,2026-03-23,MX,Mobile,7660,8.0,285,3214,8.87,2026-03-23 16:15:00
KP024995,KW10007,2026-03-24,MX,Mobile,1366,22.0,29,384,7.55,2026-03-24 15:23:00
KP024996,KW10183,2026-03-25,FR,Mobile,6340,10.0,55,488,11.27,2026-03-25 16:57:00
KP024997,KW10794,2026-03-26,IN,Mobile,603,40.0,9,240,3.75,2026-03-26 02:05:00
KP024998,KW10346,2026-03-27,JP,Desktop,4773,50.0,51,1495,3.41,2026-03-27 12:12:00
KP024999,KW11478,2026-03-28,DE,Desktop,1114,2.0,114,501,22.75,2026-03-28 17:38:00
KP025000,KW11426,2026-03-29,DE,Desktop,545,3.0,18,128,14.06,2026-03-29 22:53:00
KP025001,KW11464,2026-03-30,MX,Mobile,1133,18.0,36,505,7.13,2026-03-30 08:35:00
KP025002,KW10753,2026-03-31,CA,Mobile,2367,4.0,189,954,19.81,2026-03-31 19:30:00
KP025003,KW11754,2026-04-01,FR,Desktop,1027,50.0,22,470,4.68,2026-04-01 15:49:00
KP025004,KW10453,2026-04-02,IN,Desktop,4154,19.0,53,738,7.18,2026-04-02 12:35:00
KP025005,KW10422,2026-04-03,DE,Desktop,1198,9.0,42,341,12.32,2026-04-03 16:46:00
KP025006,KW11491,2026-04-04,US,Desktop,4787,10.0,92,1189,7.74,2026-04-04 14:12:00
KP025007,KW11436,2026-04-05,BR,Mobile,18446,9.0,874,7965,10.97,2026-04-05 16:38:00
KP025008,KW10904,2026-04-06,FR,Mobile,1848,22.0,45,690,6.52,2026-04-06 02:36:00
KP025009,KW11269,2026-04-07,BR,Mobile,2141,20.0,13,171,7.6,2026-04-07 00:41:00
KP025010,KW10621,2026-04-08,UK,Desktop,3440,1.0,602,1720,35.0,2026-04-08 22:06:00
KP025011,KW11432,2026-04-09,US,Desktop,4663,21.0,149,2267,6.57,2026-04-09 06:02:00
KP025012,KW11722,2026-04-10,FR,Desktop,7816,5.0,110,811,13.56,2026-04-10 13:25:00
KP025013,KW10523,2026-04-11,JP,Mobile,1096,39.0,14,386,3.63,2026-04-11 19:14:00
KP025014,KW11072,2026-04-12,DE,Tablet,5240,10.0,304,2694,11.28,2026-04-12 01:51:00
KP025015,KW11296,2026-04-13,US,Desktop,8452,11.0,275,2824,9.74,2026-04-13 23:55:00
KP025016,KW10608,2026-04-14,DE,Mobile,6214,50.0,115,2588,4.44,2026-04-14 01:52:00
KP025017,KW10754,2026-04-15,BR,Desktop,4343,29.0,64,1378,4.64,2026-04-15 04:39:00
KP025018,KW11344,2026-04-16,DE,Mobile,561,37.0,10,208,4.81,2026-04-16 14:19:00
KP025019,KW11888,2026-04-17,MX,Desktop,4611,40.0,97,1983,4.89,2026-04-17 08:57:00
KP025020,KW11120,2026-04-18,JP,Tablet,1145,34.0,26,455,5.71,2026-04-18 16:42:00
KP025021,KW10611,2026-04-19,UK,Mobile,3637,29.0,40,816,4.9,2026-04-19 11:05:00
KP025022,KW10738,2026-04-20,FR,Desktop,4539,36.0,70,1680,4.17,2026-04-20 21:37:00
KP025023,KW11099,2026-04-21,JP,Desktop,2183,8.0,139,1012,13.74,2026-04-21 05:42:00
KP025024,KW10890,2026-04-22,MX,Mobile,6440,33.0,83,2034,4.08,2026-04-22 11:34:00
KP025025,KW11804,2026-04-23,BR,Desktop,9082,38.0,137,2960,4.63,2026-04-23 12:53:00
KP025026,KW11368,2026-04-24,UK,Mobile,3446,42.0,16,352,4.55,2026-04-24 03:12:00
KP025027,KW10540,2026-04-25,US,Desktop,3210,5.0,113,913,12.38,2026-04-25 03:40:00
KP025028,KW11947,2026-04-26,US,Desktop,17481,28.0,96,2033,4.72,2026-04-26 04:32:00
KP025029,KW10593,2026-04-27,JP,Mobile,604,19.0,7,127,5.51,2026-04-27 19:02:00
KP025030,KW10247,2026-04-28,BR,Mobile,11433,34.0,56,1027,5.45,2026-04-28 22:55:00
KP025031,KW11178,2026-04-29,CA,Mobile,2709,10.0,80,1074,7.45,2026-04-29 04:03:00
KP025032,KW10796,2026-04-30,IN,Mobile,8060,28.0,205,3414,6.0,2026-04-30 11:40:00
KP025033,KW10765,2026-05-01,UK,Desktop,3576,44.0,50,1024,4.88,2026-05-01 14:10:00
KP025034,KW10772,2026-05-02,DE,Desktop,2195,45.0,25,534,4.68,2026-05-02 11:46:00
KP025035,KW10754,2026-05-03,JP,Mobile,1585,8.0,61,678,9.0,2026-05-03 08:26:00
KP025036,KW11106,2026-05-04,BR,Tablet,1702,31.0,35,827,4.23,2026-05-04 12:54:00
KP025037,KW11239,2026-05-05,JP,Mobile,794,1.0,102,294,34.69,2026-05-05 12:02:00
KP025038,KW10658,2026-05-06,DE,Mobile,6183,36.0,19,417,4.56,2026-05-06 17:45:00
KP025039,KW10481,2026-05-07,UK,Mobile,2582,38.0,7,205,3.41,2026-05-07 22:15:00
KP025040,KW11864,2026-05-08,IN,Tablet,964,49.0,12,245,4.9,2026-05-08 16:02:00
KP025041,KW10895,2026-05-09,DE,Desktop,4934,33.0,53,1098,4.83,2026-05-09 11:18:00
KP025042,KW11872,2026-05-10,DE,Mobile,973,43.0,13,250,5.2,2026-05-10 23:44:00
KP025043,KW10986,2026-05-11,JP,Desktop,18498,5.0,985,6749,14.59,2026-05-11 13:12:00
KP025044,KW10086,2026-05-12,IN,Desktop,8080,33.0,104,1861,5.59,2026-05-12 14:42:00
KP025045,KW10346,2026-05-13,AU,Desktop,1315,34.0,18,385,4.68,2026-05-13 12:30:00
KP025046,KW10864,2026-05-14,IN,Desktop,802,46.0,4,97,4.12,2026-05-14 08:21:00
KP025047,KW11151,2026-05-15,UK,Desktop,3252,34.0,50,1042,4.8,2026-05-15 16:45:00
KP025048,KW10283,2026-05-16,DE,Mobile,4942,36.0,83,1965,4.22,2026-05-16 20:51:00
KP025049,KW10622,2026-05-17,US,Mobile,4379,37.0,43,911,4.72,2026-05-17 22:22:00
KP025050,KW11716,2026-05-18,FR,Desktop,2097,12.0,84,911,9.22,2026-05-18 12:46:00
KP025051,KW11317,2026-05-19,IN,Mobile,1106,12.0,22,220,10.0,2026-05-19 04:16:00
KP025052,KW10613,2026-05-20,US,Tablet,4077,28.0,70,1590,4.4,2026-05-20 00:54:00
KP025053,KW11568,2026-05-21,JP,Desktop,6836,48.0,76,1520,5.0,2026-05-21 20:09:00
KP025054,KW10096,2026-05-22,IN,Mobile,229,17.0,2,32,6.25,2026-05-22 17:32:00
KP025055,KW10837,2026-05-23,MX,Mobile,1555,31.0,15,297,5.05,2026-05-23 02:05:00
KP025056,KW11853,2026-05-24,FR,Mobile,1216,39.0,24,473,5.07,2026-05-24 02:56:00
KP025057,KW10830,2026-05-25,MX,Desktop,13656,4.0,1127,7263,15.52,2026-05-25 09:08:00
KP025058,KW10307,2026-05-26,MX,Mobile,6659,48.0,103,2034,5.06,2026-05-26 14:06:00
KP025059,KW10345,2026-05-27,JP,Desktop,1342,9.0,42,364,11.54,2026-05-27 06:46:00
KP025060,KW11720,2026-05-28,UK,Desktop,12306,16.0,557,6624,8.41,2026-05-28 23:07:00
KP025061,KW11179,2026-05-29,US,Desktop,9281,23.0,298,4256,7.0,2026-05-29 03:25:00
KP025062,KW11576,2026-05-30,MX,Desktop,2017,20.0,19,270,7.04,2026-05-30 23:37:00
KP025063,KW10659,2026-05-31,UK,Desktop,2024,45.0,11,277,3.97,2026-05-31 07:52:00
KP025309,KW11182,2026-02-01,BR,Mobile,1616,16.0,57,743,7.67,2026-02-01 21:09:00
KP025310,KW10619,2026-02-02,AU,Desktop,2844,1.0,263,885,29.72,2026-02-02 18:57:00
KP025311,KW10082,2026-02-03,US,Mobile,2501,37.0,45,918,4.9,2026-02-03 01:13:00
KP025312,KW11238,2026-02-04,JP,Mobile,26265,47.0,339,10180,3.33,2026-02-04 15:26:00
KP025313,KW11977,2026-02-05,US,Desktop,4197,43.0,99,2002,4.95,2026-02-05 00:21:00
KP025314,KW11944,2026-02-06,DE,Mobile,4684,49.0,34,867,3.92,2026-02-06 05:41:00
KP025315,KW10919,2026-02-07,FR,Desktop,6762,27.0,192,3007,6.39,2026-02-07 19:16:00
KP025316,KW11302,2026-02-08,AU,Desktop,544,38.0,3,88,3.41,2026-02-08 18:56:00
KP025317,KW10221,2026-02-09,CA,Mobile,4042,47.0,58,1229,4.72,2026-02-09 02:17:00
KP025318,KW10994,2026-02-10,BR,Mobile,1690,20.0,6,102,5.88,2026-02-10 21:33:00
KP025319,KW11004,2026-02-11,CA,Mobile,153,42.0,1,39,2.56,2026-02-11 14:52:00
KP025320,KW10233,2026-02-12,BR,Desktop,5542,37.0,39,714,5.46,2026-02-12 02:01:00
KP025321,KW10595,2026-02-13,CA,Desktop,271,18.0,7,102,6.86,2026-02-13 20:00:00
KP025322,KW11855,2026-02-14,BR,Desktop,3086,37.0,34,892,3.81,2026-02-14 22:03:00
KP025323,KW11638,2026-02-15,CA,Desktop,5886,41.0,64,1304,4.91,2026-02-15 22:48:00
KP025324,KW10495,2026-02-16,US,Tablet,13629,41.0,230,4121,5.58,2026-02-16 16:34:00
KP025325,KW10717,2026-02-17,BR,Mobile,3384,26.0,24,383,6.27,2026-02-17 03:30:00
KP025326,KW10621,2026-02-18,JP,Mobile,1684,10.0,44,551,7.99,2026-02-18 05:15:00
KP025327,KW10625,2026-02-19,BR,Desktop,4582,23.0,95,1731,5.49,2026-02-19 20:01:00
KP025328,KW11101,2026-02-20,CA,Desktop,2421,32.0,34,628,5.41,2026-02-20 15:15:00
KP025329,KW10576,2026-02-21,US,Mobile,5828,26.0,145,2167,6.69,2026-02-21 20:02:00
KP025330,KW10631,2026-02-22,US,Mobile,2670,43.0,43,839,5.13,2026-02-22 14:27:00
KP025331,KW11482,2026-02-23,BR,Mobile,2094,14.0,86,1096,7.85,2026-02-23 03:18:00
KP025332,KW10730,2026-02-24,BR,Tablet,3275,24.0,66,1369,4.82,2026-02-24 15:26:00
KP025333,KW10603,2026-02-25,JP,Mobile,9263,31.0,132,2262,5.84,2026-02-25 06:07:00
KP025334,KW10539,2026-02-26,FR,Desktop,12494,50.0,80,1885,4.24,2026-02-26 15:42:00
KP025335,KW10871,2026-02-27,BR,Desktop,8163,45.0,51,988,5.16,2026-02-27 12:28:00
KP025336,KW11645,2026-02-28,AU,Tablet,3641,26.0,76,1074,7.08,2026-02-28 11:45:00
KP025337,KW10847,2026-03-01,US,Desktop,2259,6.0,20,190,10.53,2026-03-01 17:10:00
KP025338,KW10068,2026-03-02,FR,Desktop,1051,37.0,11,271,4.06,2026-03-02 00:42:00
KP025339,KW11731,2026-03-03,BR,Desktop,3943,1.0,368,1061,34.68,2026-03-03 14:20:00
KP025340,KW11006,2026-03-04,CA,Mobile,2487,28.0,61,1049,5.82,2026-03-04 18:40:00
KP025341,KW11835,2026-03-05,AU,Desktop,2210,11.0,49,611,8.02,2026-03-05 20:22:00
KP025342,KW11556,2026-03-06,BR,Desktop,3207,45.0,51,1539,3.31,2026-03-06 16:28:00
KP025343,KW10928,2026-03-07,CA,Desktop,836,35.0,14,234,5.98,2026-03-07 04:19:00
KP025344,KW10887,2026-03-08,AU,Mobile,3049,21.0,80,1279,6.25,2026-03-08 11:22:00
KP025345,KW10087,2026-03-09,FR,Desktop,9212,31.0,158,2603,6.07,2026-03-09 01:58:00
KP025346,KW10167,2026-03-10,IN,Desktop,7021,2.0,232,801,28.96,2026-03-10 18:51:00
KP025347,KW10550,2026-03-11,UK,Mobile,3667,50.0,48,1268,3.79,2026-03-11 11:44:00
KP025348,KW11372,2026-03-12,AU,Desktop,9049,47.0,153,4812,3.18,2026-03-12 04:15:00
KP025349,KW10275,2026-03-13,DE,Tablet,2272,23.0,13,257,5.06,2026-03-13 10:59:00
KP025350,KW11061,2026-03-14,DE,Mobile,594,35.0,14,305,4.59,2026-03-14 23:46:00
KP025351,KW11371,2026-03-15,MX,Desktop,2659,47.0,36,1076,3.35,2026-03-15 21:06:00
KP025352,KW10136,2026-03-16,US,Desktop,788,10.0,24,234,10.26,2026-03-16 00:08:00
KP025353,KW10242,2026-03-17,FR,Mobile,2934,36.0,56,980,5.71,2026-03-17 06:01:00
KP025354,KW11169,2026-03-18,FR,Desktop,2119,9.0,89,832,10.7,2026-03-18 22:17:00
KP025355,KW10937,2026-03-19,IN,Desktop,6151,26.0,198,2840,6.97,2026-03-19 15:30:00
KP025356,KW11269,2026-03-20,JP,Desktop,8642,42.0,82,1837,4.46,2026-03-20 13:15:00
KP025357,KW10161,2026-03-21,FR,Mobile,2091,46.0,43,1055,4.08,2026-03-21 02:57:00
KP025358,KW11247,2026-03-22,US,Desktop,5576,37.0,125,2901,4.31,2026-03-22 18:53:00
KP025359,KW10999,2026-03-23,UK,Tablet,1519,45.0,8,243,3.29,2026-03-23 23:38:00
KP025360,KW11228,2026-03-24,IN,Mobile,363,49.0,1,27,3.7,2026-03-24 01:18:00
KP025361,KW10242,2026-03-25,US,Mobile,2006,12.0,48,651,7.37,2026-03-25 09:54:00
KP025362,KW11319,2026-03-26,IN,Desktop,13063,19.0,380,6808,5.58,2026-03-26 11:21:00
KP025363,KW11661,2026-03-27,BR,Desktop,7024,38.0,31,769,4.03,2026-03-27 01:47:00
KP025364,KW11220,2026-03-28,MX,Desktop,3735,26.0,94,2009,4.68,2026-03-28 17:58:00
KP025365,KW11092,2026-03-29,CA,Mobile,6532,38.0,101,2163,4.67,2026-03-29 03:58:00
KP025366,KW11892,2026-03-30,JP,Desktop,1436,22.0,56,741,7.56,2026-03-30 22:27:00
KP025367,KW11672,2026-03-31,MX,Mobile,1869,31.0,17,291,5.84,2026-03-31 08:01:00
KP025368,KW11077,2026-04-01,AU,Desktop,14127,47.0,185,4420,4.19,2026-04-01 16:23:00
KP025369,KW10091,2026-04-02,IN,Desktop,465,23.0,10,209,4.78,2026-04-02 17:41:00
KP025370,KW10437,2026-04-03,JP,Mobile,2062,47.0,45,1011,4.45,2026-04-03 16:44:00
KP025371,KW11182,2026-04-04,US,Mobile,2617,35.0,10,208,4.81,2026-04-04 05:46:00
KP025372,KW10895,2026-04-05,DE,Mobile,3752,10.0,37,501,7.39,2026-04-05 04:31:00
KP025373,KW10816,2026-04-06,IN,Desktop,4092,46.0,39,1134,3.44,2026-04-06 19:25:00
KP025374,KW10693,2026-04-07,BR,Desktop,3467,49.0,14,428,3.27,2026-04-07 06:04:00
KP025375,KW11336,2026-04-08,CA,Tablet,8229,29.0,53,889,5.96,2026-04-08 21:56:00
KP025376,KW11733,2026-04-09,MX,Desktop,7928,14.0,323,3774,8.56,2026-04-09 16:27:00
KP025377,KW11077,2026-04-10,UK,Mobile,1535,24.0,5,96,5.21,2026-04-10 19:25:00
KP025378,KW11423,2026-04-11,CA,Mobile,3234,40.0,55,1171,4.7,2026-04-11 15:56:00
KP025379,KW10554,2026-04-12,FR,Desktop,295,24.0,6,87,6.9,2026-04-12 06:42:00
KP025380,KW11037,2026-04-13,BR,Mobile,1694,40.0,19,334,5.69,2026-04-13 20:55:00
KP025381,KW10467,2026-04-14,AU,Mobile,4586,37.0,105,2194,4.79,2026-04-14 11:16:00
KP025382,KW11990,2026-04-15,JP,Tablet,11538,49.0,27,824,3.28,2026-04-15 23:22:00
KP025383,KW10189,2026-04-16,DE,Desktop,1772,26.0,25,459,5.45,2026-04-16 20:43:00
KP025384,KW11010,2026-04-17,AU,Mobile,2888,40.0,42,923,4.55,2026-04-17 15:55:00
KP025385,KW11905,2026-04-18,JP,Mobile,728,10.0,6,53,11.32,2026-04-18 14:21:00
KP025386,KW10428,2026-04-19,CA,Mobile,509,10.0,12,113,10.62,2026-04-19 15:04:00
KP025387,KW10475,2026-04-20,FR,Mobile,1085,17.0,28,371,7.55,2026-04-20 22:43:00
KP025388,KW11546,2026-04-21,MX,Mobile,4466,38.0,14,266,5.26,2026-04-21 16:16:00
KP025389,KW11389,2026-04-22,IN,Desktop,819,33.0,14,270,5.19,2026-04-22 19:06:00
KP025390,KW10753,2026-04-23,BR,Desktop,2921,12.0,14,163,8.59,2026-04-23 08:36:00
KP025391,KW10636,2026-04-24,MX,Mobile,2287,49.0,21,579,3.63,2026-04-24 04:06:00
KP025392,KW11897,2026-04-25,JP,Mobile,2829,9.0,144,1197,12.03,2026-04-25 03:14:00
KP025393,KW10851,2026-04-26,FR,Desktop,2266,3.0,80,452,17.7,2026-04-26 05:48:00
KP025394,KW11778,2026-04-27,BR,Mobile,1609,49.0,14,418,3.35,2026-04-27 01:12:00
KP025395,KW11769,2026-04-28,MX,Desktop,6215,37.0,121,2509,4.82,2026-04-28 12:28:00
KP025396,KW10889,2026-04-29,CA,Mobile,1581,50.0,15,313,4.79,2026-04-29 20:57:00
KP025397,KW11507,2026-04-30,DE,Desktop,7968,1.0,1374,3927,34.99,2026-04-30 12:13:00
KP025398,KW11287,2026-05-01,BR,Mobile,1614,31.0,26,572,4.55,2026-05-01 11:44:00
KP025399,KW10014,2026-05-02,US,Desktop,1606,39.0,42,790,5.32,2026-05-02 23:27:00
KP025400,KW11169,2026-05-03,MX,Tablet,931,15.0,9,118,7.63,2026-05-03 07:18:00
KP025401,KW10878,2026-05-04,UK,Mobile,6658,16.0,52,820,6.34,2026-05-04 20:28:00
KP025402,KW11260,2026-05-05,DE,Desktop,3387,28.0,61,969,6.3,2026-05-05 13:58:00
KP025403,KW11031,2026-05-06,US,Tablet,1395,49.0,22,501,4.39,2026-05-06 21:32:00
KP025404,KW11365,2026-05-07,JP,Mobile,2271,21.0,54,890,6.07,2026-05-07 06:03:00
KP025405,KW11123,2026-05-08,AU,Tablet,2014,37.0,29,594,4.88,2026-05-08 08:48:00
KP025406,KW10284,2026-05-09,IN,Mobile,5026,2.0,446,1757,25.38,2026-05-09 15:56:00
KP025407,KW11957,2026-05-10,BR,Mobile,750,50.0,17,390,4.36,2026-05-10 16:32:00
KP025408,KW11547,2026-05-11,DE,Mobile,5444,45.0,27,667,4.05,2026-05-11 06:35:00
KP025409,KW11299,2026-05-12,JP,Mobile,4889,23.0,54,806,6.7,2026-05-12 21:11:00
KP025410,KW10760,2026-05-13,US,Desktop,11725,1.0,1468,5111,28.72,2026-05-13 19:56:00
KP025411,KW10990,2026-05-14,US,Mobile,914,12.0,17,215,7.91,2026-05-14 05:08:00
KP025412,KW11772,2026-05-15,JP,Desktop,6465,49.0,39,939,4.15,2026-05-15 03:00:00
KP025413,KW10201,2026-05-16,CA,Mobile,4766,32.0,58,1364,4.25,2026-05-16 21:03:00
KP025414,KW11581,2026-05-17,MX,Desktop,1786,42.0,4,114,3.51,2026-05-17 13:07:00
KP025415,KW11274,2026-05-18,UK,Mobile,2301,45.0,15,314,4.78,2026-05-18 14:22:00
KP025416,KW10481,2026-05-19,DE,Desktop,3612,9.0,139,1295,10.73,2026-05-19 06:49:00
KP025417,KW11744,2026-05-20,BR,Mobile,29859,14.0,631,9721,6.49,2026-05-20 23:21:00
KP025418,KW11685,2026-05-21,UK,Mobile,4245,39.0,64,1752,3.65,2026-05-21 17:27:00
KP025419,KW10497,2026-05-22,JP,Mobile,2399,22.0,78,1216,6.41,2026-05-22 19:47:00
KP025420,KW10726,2026-05-23,CA,Desktop,4077,45.0,91,2046,4.45,2026-05-23 04:53:00
KP025421,KW11410,2026-05-24,IN,Mobile,6109,41.0,148,3297,4.49,2026-05-24 16:01:00
KP025422,KW10739,2026-05-25,MX,Desktop,539,20.0,17,276,6.16,2026-05-25 08:17:00
KP025423,KW10608,2026-05-26,JP,Desktop,1350,5.0,101,681,14.83,2026-05-26 20:45:00
KP025424,KW11590,2026-05-27,DE,Desktop,2518,40.0,56,1002,5.59,2026-05-27 08:29:00
KP025425,KW10823,2026-05-28,JP,Desktop,5952,5.0,440,3024,14.55,2026-05-28 04:17:00
KP025426,KW11831,2026-05-29,AU,Mobile,7195,3.0,473,2430,19.47,2026-05-29 04:31:00
KP025427,KW10935,2026-05-30,FR,Tablet,4196,22.0,53,800,6.62,2026-05-30 19:47:00
KP025428,KW10326,2026-05-31,BR,Desktop,1321,3.0,78,524,14.89,2026-05-31 05:07:00
KP025674,KW10921,2026-02-01,MX,Desktop,11639,17.0,184,2267,8.12,2026-02-01 06:54:00
KP025675,KW10914,2026-02-02,BR,Desktop,6105,5.0,349,2524,13.83,2026-02-02 08:11:00
KP025676,KW11192,2026-02-03,US,Desktop,3263,23.0,113,1672,6.76,2026-02-03 22:40:00
KP025677,KW10181,2026-02-04,MX,Mobile,1000,48.0,16,345,4.64,2026-02-04 03:29:00
KP025678,KW11437,2026-02-05,FR,Mobile,1202,29.0,8,166,4.82,2026-02-05 23:05:00
KP025679,KW11667,2026-02-06,US,Desktop,6811,35.0,54,910,5.93,2026-02-06 04:00:00
KP025680,KW10809,2026-02-07,MX,Desktop,10786,18.0,310,3990,7.77,2026-02-07 07:49:00
KP025681,KW11250,2026-02-08,FR,Desktop,2652,12.0,17,162,10.49,2026-02-08 16:30:00
KP025682,KW10690,2026-02-09,BR,Desktop,1899,36.0,36,924,3.9,2026-02-09 13:54:00
KP025683,KW11876,2026-02-10,MX,Desktop,5428,48.0,113,2903,3.89,2026-02-10 15:46:00
KP025684,KW11177,2026-02-11,FR,Tablet,2252,28.0,14,210,6.67,2026-02-11 09:48:00
KP025685,KW10151,2026-02-12,JP,Mobile,7975,32.0,36,564,6.38,2026-02-12 17:01:00
KP025686,KW11000,2026-02-13,CA,Desktop,943,32.0,23,441,5.22,2026-02-13 22:44:00
KP025687,KW10586,2026-02-14,US,Mobile,9643,41.0,82,1483,5.53,2026-02-14 06:44:00
KP025688,KW10008,2026-02-15,AU,Mobile,1533,20.0,31,523,5.93,2026-02-15 22:30:00
KP025689,KW11657,2026-02-16,AU,Desktop,5453,49.0,51,1488,3.43,2026-02-16 23:06:00
KP025690,KW11689,2026-02-17,DE,Desktop,4721,13.0,70,962,7.28,2026-02-17 03:29:00
KP025691,KW10214,2026-02-18,US,Mobile,2071,43.0,44,1048,4.2,2026-02-18 18:06:00
KP025692,KW10635,2026-02-19,IN,Desktop,2163,7.0,23,234,9.83,2026-02-19 15:08:00
KP025693,KW10843,2026-02-20,MX,Mobile,841,19.0,11,204,5.39,2026-02-20 00:13:00
KP025694,KW11055,2026-02-21,MX,Mobile,5646,10.0,169,2262,7.47,2026-02-21 22:11:00
KP025695,KW10760,2026-02-22,IN,Tablet,3028,17.0,114,1371,8.32,2026-02-22 06:24:00
KP025696,KW11394,2026-02-23,CA,Desktop,4349,30.0,85,1705,4.99,2026-02-23 21:53:00
KP025697,KW10584,2026-02-24,UK,Desktop,1521,34.0,21,509,4.13,2026-02-24 01:49:00
KP025698,KW11473,2026-02-25,CA,Desktop,2173,32.0,29,474,6.12,2026-02-25 04:56:00
KP025699,KW11911,2026-02-26,UK,Desktop,6816,35.0,134,3072,4.36,2026-02-26 13:12:00
KP025700,KW10428,2026-02-27,IN,Mobile,753,24.0,11,151,7.28,2026-02-27 12:06:00
KP025701,KW11173,2026-02-28,DE,Desktop,1545,9.0,13,114,11.4,2026-02-28 21:20:00
KP025702,KW10455,2026-03-01,MX,Mobile,2080,47.0,4,117,3.42,2026-03-01 09:59:00
KP025703,KW11422,2026-03-02,IN,Tablet,1561,11.0,39,475,8.21,2026-03-02 05:21:00
KP025704,KW10287,2026-03-03,CA,Mobile,5488,46.0,47,901,5.22,2026-03-03 06:27:00
KP025705,KW10901,2026-03-04,FR,Desktop,2678,9.0,84,730,11.51,2026-03-04 18:25:00
KP025706,KW10498,2026-03-05,CA,Mobile,2375,33.0,48,904,5.31,2026-03-05 11:58:00
KP025707,KW11907,2026-03-06,CA,Mobile,1759,50.0,18,492,3.66,2026-03-06 00:42:00
KP025708,KW10271,2026-03-07,UK,Mobile,7492,44.0,99,2555,3.87,2026-03-07 06:17:00
KP025709,KW10888,2026-03-08,CA,Mobile,2304,32.0,7,120,5.83,2026-03-08 18:22:00
KP025710,KW10660,2026-03-09,UK,Mobile,5536,20.0,22,394,5.58,2026-03-09 09:54:00
KP025711,KW11649,2026-03-10,DE,Mobile,1370,48.0,4,132,3.03,2026-03-10 13:08:00
KP025712,KW11000,2026-03-11,FR,Mobile,6485,10.0,232,2922,7.94,2026-03-11 06:49:00
KP025713,KW11194,2026-03-12,AU,Desktop,1817,33.0,40,774,5.17,2026-03-12 01:56:00
KP025714,KW10706,2026-03-13,UK,Desktop,980,37.0,13,344,3.78,2026-03-13 22:18:00
KP025715,KW11986,2026-03-14,MX,Desktop,5510,21.0,167,2071,8.06,2026-03-14 21:41:00
KP025716,KW10678,2026-03-15,IN,Desktop,2452,35.0,40,934,4.28,2026-03-15 08:52:00
KP025717,KW11345,2026-03-16,FR,Mobile,860,48.0,2,49,4.08,2026-03-16 23:17:00
KP025718,KW11549,2026-03-17,DE,Desktop,3182,34.0,21,500,4.2,2026-03-17 19:45:00
KP025719,KW11689,2026-03-18,US,Mobile,5348,39.0,103,1960,5.26,2026-03-18 15:09:00
KP025720,KW10611,2026-03-19,UK,Mobile,5177,27.0,109,1697,6.42,2026-03-19 13:36:00
KP025721,KW11916,2026-03-20,DE,Mobile,4669,38.0,21,411,5.11,2026-03-20 21:20:00
KP025722,KW10160,2026-03-21,JP,Mobile,300,26.0,4,75,5.33,2026-03-21 10:58:00
KP025723,KW10087,2026-03-22,FR,Mobile,9895,23.0,222,3462,6.41,2026-03-22 01:25:00
KP025724,KW10154,2026-03-23,UK,Desktop,2048,26.0,13,285,4.56,2026-03-23 09:27:00
KP025725,KW11829,2026-03-24,FR,Desktop,3067,11.0,61,631,9.67,2026-03-24 07:47:00
KP025726,KW11757,2026-03-25,FR,Desktop,4864,28.0,16,385,4.16,2026-03-25 14:34:00
KP025727,KW11565,2026-03-26,UK,Mobile,1320,1.0,156,448,34.82,2026-03-26 02:05:00
KP025728,KW10478,2026-03-27,BR,Mobile,3684,45.0,22,493,4.46,2026-03-27 00:00:00
KP025729,KW11639,2026-03-28,UK,Desktop,11043,4.0,600,3407,17.61,2026-03-28 11:04:00
KP025730,KW10631,2026-03-29,BR,Desktop,3496,38.0,63,1315,4.79,2026-03-29 08:20:00
KP025731,KW10412,2026-03-30,IN,Mobile,1942,31.0,45,867,5.19,2026-03-30 02:55:00
KP025732,KW10639,2026-03-31,CA,Desktop,3292,34.0,53,1226,4.32,2026-03-31 01:12:00
KP025733,KW11086,2026-04-01,CA,Mobile,2393,2.0,53,243,21.81,2026-04-01 04:02:00
KP025734,KW11559,2026-04-02,IN,Mobile,3139,49.0,53,1341,3.95,2026-04-02 03:00:00
KP025735,KW10595,2026-04-03,JP,Desktop,2679,26.0,11,174,6.32,2026-04-03 23:40:00
KP025736,KW11471,2026-04-04,CA,Desktop,3366,20.0,87,1065,8.17,2026-04-04 05:41:00
KP025737,KW10628,2026-04-05,FR,Mobile,4360,38.0,60,1640,3.66,2026-04-05 12:44:00
KP025738,KW10979,2026-04-06,CA,Mobile,43195,35.0,242,5165,4.69,2026-04-06 20:54:00
KP025739,KW11806,2026-04-07,CA,Mobile,761,39.0,2,44,4.55,2026-04-07 16:32:00
KP025740,KW11299,2026-04-08,AU,Mobile,9111,2.0,1143,4790,23.86,2026-04-08 13:59:00
KP025741,KW11687,2026-04-09,UK,Desktop,10361,33.0,205,3216,6.37,2026-04-09 20:13:00
KP025742,KW11114,2026-04-10,CA,Desktop,3037,9.0,166,1523,10.9,2026-04-10 09:19:00
KP025743,KW10515,2026-04-11,US,Mobile,14166,32.0,68,1289,5.28,2026-04-11 04:32:00
KP025744,KW11582,2026-04-12,BR,Mobile,541,39.0,10,180,5.56,2026-04-12 23:04:00
KP025745,KW10727,2026-04-13,AU,Mobile,2620,50.0,26,854,3.04,2026-04-13 19:06:00
KP025746,KW11118,2026-04-14,JP,Mobile,875,11.0,35,434,8.06,2026-04-14 02:57:00
KP025747,KW11532,2026-04-15,US,Mobile,918,44.0,17,358,4.75,2026-04-15 01:51:00
KP025748,KW10831,2026-04-16,JP,Mobile,2755,40.0,45,986,4.56,2026-04-16 08:59:00
KP025749,KW10552,2026-04-17,FR,Desktop,1153,46.0,5,112,4.46,2026-04-17 04:11:00
KP025750,KW10617,2026-04-18,AU,Desktop,1052,11.0,44,461,9.54,2026-04-18 22:50:00
KP025751,KW11918,2026-04-19,JP,Desktop,3885,3.0,294,1483,19.82,2026-04-19 22:27:00
KP025752,KW10009,2026-04-20,DE,Desktop,11892,49.0,272,6134,4.43,2026-04-20 09:18:00
KP025753,KW10908,2026-04-21,JP,Desktop,5859,41.0,67,1335,5.02,2026-04-21 17:09:00
KP025754,KW11541,2026-04-22,JP,Mobile,2466,24.0,63,1108,5.69,2026-04-22 01:35:00
KP025755,KW11467,2026-04-23,DE,Mobile,8757,50.0,51,1088,4.69,2026-04-23 02:58:00
KP025756,KW10341,2026-04-24,FR,Mobile,2835,39.0,55,1036,5.31,2026-04-24 00:34:00
KP025757,KW11864,2026-04-25,DE,Mobile,13364,19.0,478,7150,6.69,2026-04-25 09:26:00
KP025758,KW10344,2026-04-26,BR,Mobile,1881,5.0,106,611,17.35,2026-04-26 16:33:00
KP025759,KW11895,2026-04-27,MX,Tablet,2078,40.0,50,891,5.61,2026-04-27 13:58:00
KP025760,KW11003,2026-04-28,CA,Mobile,508,43.0,4,75,5.33,2026-04-28 09:18:00
KP025761,KW11421,2026-04-29,US,Tablet,4543,23.0,112,1547,7.24,2026-04-29 14:20:00
KP025762,KW11832,2026-04-30,CA,Mobile,2801,40.0,32,845,3.79,2026-04-30 22:59:00
KP025763,KW11395,2026-05-01,IN,Mobile,1522,4.0,23,185,12.43,2026-05-01 02:20:00
KP025764,KW11512,2026-05-02,JP,Desktop,805,46.0,8,180,4.44,2026-05-02 02:39:00
KP025765,KW11247,2026-05-03,BR,Mobile,3047,17.0,134,1545,8.67,2026-05-03 12:16:00
KP025766,KW10942,2026-05-04,FR,Desktop,744,45.0,7,207,3.38,2026-05-04 04:19:00
KP025767,KW10792,2026-05-05,CA,Mobile,8203,28.0,176,2974,5.92,2026-05-05 13:56:00
KP025768,KW11492,2026-05-06,UK,Mobile,12106,4.0,787,5512,14.28,2026-05-06 01:56:00
KP025769,KW11577,2026-05-07,UK,Desktop,3160,13.0,16,161,9.94,2026-05-07 16:42:00
KP025770,KW10224,2026-05-08,CA,Mobile,1176,47.0,18,557,3.23,2026-05-08 04:29:00
KP025771,KW11619,2026-05-09,AU,Desktop,7261,5.0,487,3492,13.95,2026-05-09 14:07:00
KP025772,KW11429,2026-05-10,FR,Tablet,3365,27.0,101,1678,6.02,2026-05-10 00:53:00
KP025773,KW11838,2026-05-11,JP,Desktop,3118,22.0,59,851,6.93,2026-05-11 20:41:00
KP025774,KW10571,2026-05-12,FR,Mobile,4964,14.0,165,1984,8.32,2026-05-12 13:57:00
KP025775,KW11026,2026-05-13,FR,Mobile,2904,10.0,131,1256,10.43,2026-05-13 21:31:00
KP025776,KW11647,2026-05-14,UK,Mobile,8577,50.0,37,766,4.83,2026-05-14 23:22:00
KP025777,KW11471,2026-05-15,IN,Desktop,8018,5.0,106,598,17.73,2026-05-15 08:40:00
KP025778,KW11380,2026-05-16,DE,Desktop,11538,14.0,229,2369,9.67,2026-05-16 02:57:00
KP025779,KW11145,2026-05-17,UK,Desktop,6245,7.0,300,3305,9.08,2026-05-17 10:26:00
KP025780,KW11294,2026-05-18,FR,Desktop,285,45.0,1,43,2.33,2026-05-18 12:49:00
KP025781,KW11404,2026-05-19,MX,Mobile,8589,38.0,137,2396,5.72,2026-05-19 11:06:00
KP025782,KW11431,2026-05-20,FR,Desktop,2260,32.0,16,403,3.97,2026-05-20 23:04:00
KP025783,KW10189,2026-05-21,JP,Tablet,3594,43.0,57,1460,3.9,2026-05-21 04:41:00
KP025784,KW10338,2026-05-22,CA,Mobile,2202,49.0,37,790,4.68,2026-05-22 09:15:00
KP025785,KW10370,2026-05-23,JP,Mobile,6679,37.0,32,808,3.96,2026-05-23 18:07:00
KP025786,KW10352,2026-05-24,DE,Mobile,686,17.0,8,149,5.37,2026-05-24 04:34:00
KP025787,KW11532,2026-05-25,AU,Mobile,3285,16.0,40,453,8.83,2026-05-25 18:06:00
KP025788,KW10532,2026-05-26,BR,Mobile,7173,22.0,286,3599,7.95,2026-05-26 12:07:00
KP025789,KW11829,2026-05-27,FR,Mobile,2773,49.0,46,1007,4.57,2026-05-27 03:50:00
KP025790,KW11836,2026-05-28,AU,Desktop,623,39.0,14,311,4.5,2026-05-28 04:26:00
KP025791,KW10135,2026-05-29,JP,Tablet,1591,43.0,38,795,4.78,2026-05-29 21:29:00
KP025792,KW10985,2026-05-30,UK,Desktop,3144,49.0,27,678,3.98,2026-05-30 17:05:00
KP025793,KW10056,2026-05-31,MX,Desktop,2368,15.0,83,862,9.63,2026-05-31 12:33:00
KP026039,KW11468,2026-02-01,UK,Desktop,2794,3.0,46,310,14.84,2026-02-01 02:39:00
KP026040,KW11188,2026-02-02,BR,Desktop,5919,27.0,191,2707,7.06,2026-02-02 07:12:00
KP026041,KW11708,2026-02-03,IN,Mobile,3684,30.0,60,1397,4.29,2026-02-03 04:00:00
KP026042,KW10021,2026-02-04,JP,Desktop,8152,17.0,291,3723,7.82,2026-02-04 02:57:00
KP026043,KW10247,2026-02-05,DE,Mobile,1281,18.0,22,321,6.85,2026-02-05 12:29:00
KP026044,KW11455,2026-02-06,DE,Mobile,1438,26.0,27,524,5.15,2026-02-06 19:16:00
KP026045,KW10081,2026-02-07,DE,Mobile,2050,45.0,29,641,4.52,2026-02-07 06:47:00
KP026046,KW11771,2026-02-08,AU,Desktop,4098,10.0,30,354,8.47,2026-02-08 20:57:00
KP026047,KW11427,2026-02-09,CA,Desktop,4452,27.0,116,1690,6.86,2026-02-09 16:45:00
KP026048,KW11615,2026-02-10,DE,Mobile,1162,25.0,20,338,5.92,2026-02-10 22:42:00
KP026049,KW10261,2026-02-11,CA,Desktop,3337,14.0,23,271,8.49,2026-02-11 15:27:00
KP026050,KW10923,2026-02-12,UK,Desktop,2014,43.0,6,175,3.43,2026-02-12 08:15:00
KP026051,KW11881,2026-02-13,BR,Desktop,3490,29.0,54,1299,4.16,2026-02-13 04:18:00
KP026052,KW10422,2026-02-14,AU,Mobile,8187,23.0,105,1788,5.87,2026-02-14 09:41:00
KP026053,KW11993,2026-02-15,AU,Tablet,10840,12.0,261,2934,8.9,2026-02-15 01:55:00
KP026054,KW11669,2026-02-16,DE,Desktop,5818,50.0,14,379,3.69,2026-02-16 10:50:00
KP026055,KW11327,2026-02-17,FR,Mobile,1236,2.0,168,588,28.57,2026-02-17 21:04:00
KP026056,KW10470,2026-02-18,DE,Desktop,3033,36.0,41,921,4.45,2026-02-18 21:40:00
KP026057,KW11961,2026-02-19,US,Desktop,1028,27.0,23,476,4.83,2026-02-19 03:51:00
KP026058,KW11044,2026-02-20,IN,Mobile,7256,43.0,69,1799,3.84,2026-02-20 01:16:00
KP026059,KW10927,2026-02-21,US,Desktop,1152,44.0,14,341,4.11,2026-02-21 00:14:00
KP026060,KW11536,2026-02-22,BR,Mobile,1777,7.0,106,802,13.22,2026-02-22 13:11:00
KP026061,KW10308,2026-02-23,UK,Mobile,776,13.0,9,93,9.68,2026-02-23 03:30:00
KP026062,KW10626,2026-02-24,MX,Desktop,4052,20.0,54,722,7.48,2026-02-24 21:46:00
KP026063,KW11457,2026-02-25,JP,Mobile,779,10.0,41,358,11.45,2026-02-25 06:22:00
KP026064,KW10551,2026-02-26,MX,Mobile,6233,15.0,20,326,6.13,2026-02-26 17:47:00
KP026065,KW11550,2026-02-27,AU,Desktop,7443,31.0,186,3429,5.42,2026-02-27 23:51:00
KP026066,KW10222,2026-02-28,MX,Mobile,334,22.0,2,40,5.0,2026-02-28 23:28:00
KP026067,KW11177,2026-03-01,BR,Desktop,1998,20.0,44,707,6.22,2026-03-01 19:42:00
KP026068,KW10890,2026-03-02,AU,Desktop,15512,50.0,337,7647,4.41,2026-03-02 03:25:00
KP026069,KW11216,2026-03-03,IN,Desktop,5812,50.0,105,2879,3.65,2026-03-03 22:35:00
KP026070,KW10044,2026-03-04,CA,Desktop,687,41.0,18,352,5.11,2026-03-04 05:28:00
KP026071,KW10391,2026-03-05,DE,Desktop,4316,21.0,41,549,7.47,2026-03-05 20:51:00
KP026072,KW11021,2026-03-06,MX,Mobile,472,44.0,3,84,3.57,2026-03-06 16:29:00
KP026073,KW10878,2026-03-07,IN,Desktop,359,8.0,17,178,9.55,2026-03-07 18:56:00
KP026074,KW11004,2026-03-08,DE,Desktop,1087,30.0,18,333,5.41,2026-03-08 23:30:00
KP026075,KW11777,2026-03-09,US,Mobile,1503,45.0,8,155,5.16,2026-03-09 04:23:00
KP026076,KW10386,2026-03-10,JP,Mobile,3874,26.0,87,1465,5.94,2026-03-10 07:30:00
KP026077,KW10899,2026-03-11,IN,Mobile,910,35.0,21,399,5.26,2026-03-11 09:12:00
KP026078,KW11216,2026-03-12,AU,Mobile,5040,35.0,35,586,5.97,2026-03-12 03:34:00
KP026079,KW11339,2026-03-13,CA,Mobile,2583,11.0,65,752,8.64,2026-03-13 15:10:00
KP026080,KW10590,2026-03-14,MX,Mobile,12681,4.0,901,6226,14.47,2026-03-14 04:22:00
KP026081,KW11470,2026-03-15,FR,Desktop,1754,15.0,23,384,5.99,2026-03-15 15:32:00
KP026082,KW11107,2026-03-16,BR,Mobile,8140,4.0,831,4117,20.18,2026-03-16 15:13:00
KP026083,KW10698,2026-03-17,UK,Desktop,846,23.0,2,59,3.39,2026-03-17 05:20:00
KP026084,KW11065,2026-03-18,US,Desktop,6405,36.0,48,1135,4.23,2026-03-18 16:29:00
KP026085,KW11615,2026-03-19,BR,Desktop,1233,7.0,28,218,12.84,2026-03-19 14:33:00
KP026086,KW10631,2026-03-20,CA,Desktop,2592,8.0,140,1416,9.89,2026-03-20 02:34:00
KP026087,KW11021,2026-03-21,MX,Mobile,2272,11.0,92,1122,8.2,2026-03-21 01:46:00
KP026088,KW10846,2026-03-22,IN,Mobile,5945,10.0,283,2612,10.83,2026-03-22 16:40:00
KP026089,KW11993,2026-03-23,UK,Mobile,3392,44.0,64,1816,3.52,2026-03-23 11:58:00
KP026090,KW10366,2026-03-24,CA,Desktop,5918,6.0,422,2696,15.65,2026-03-24 00:19:00
KP026091,KW11922,2026-03-25,JP,Desktop,786,3.0,66,398,16.58,2026-03-25 10:12:00
KP026092,KW11206,2026-03-26,UK,Desktop,906,14.0,18,259,6.95,2026-03-26 03:20:00
KP026093,KW10385,2026-03-27,MX,Desktop,6493,32.0,91,1868,4.87,2026-03-27 14:53:00
KP026094,KW11395,2026-03-28,DE,Mobile,1744,19.0,49,688,7.12,2026-03-28 12:42:00
KP026095,KW11016,2026-03-29,BR,Mobile,1360,19.0,40,650,6.15,2026-03-29 19:14:00
KP026096,KW11319,2026-03-30,US,Desktop,3952,29.0,41,738,5.56,2026-03-30 20:20:00
KP026097,KW10764,2026-03-31,FR,Desktop,747,7.0,18,162,11.11,2026-03-31 20:07:00
KP026098,KW11559,2026-04-01,CA,Mobile,7360,38.0,19,400,4.75,2026-04-01 02:44:00
KP026099,KW10728,2026-04-02,DE,Mobile,1140,11.0,18,167,10.78,2026-04-02 11:43:00
KP026100,KW11637,2026-04-03,IN,Desktop,10404,16.0,137,2118,6.47,2026-04-03 07:11:00
KP026101,KW11477,2026-04-04,US,Desktop,6430,49.0,171,3459,4.94,2026-04-04 09:44:00
KP026102,KW10214,2026-04-05,JP,Mobile,18295,17.0,362,3961,9.14,2026-04-05 14:45:00
KP026103,KW10852,2026-04-06,DE,Desktop,2148,48.0,25,534,4.68,2026-04-06 16:14:00
KP026104,KW11845,2026-04-07,FR,Desktop,4989,14.0,182,2178,8.36,2026-04-07 01:18:00
KP026105,KW10309,2026-04-08,UK,Desktop,3487,30.0,31,739,4.19,2026-04-08 06:20:00
KP026106,KW11132,2026-04-09,JP,Mobile,9783,13.0,238,3052,7.8,2026-04-09 00:57:00
KP026107,KW10665,2026-04-10,JP,Mobile,4226,12.0,86,1251,6.87,2026-04-10 18:09:00
KP026108,KW11766,2026-04-11,FR,Mobile,2179,4.0,146,1133,12.89,2026-04-11 11:49:00
KP026109,KW10977,2026-04-12,IN,Mobile,7479,27.0,224,3448,6.5,2026-04-12 11:59:00
KP026110,KW11768,2026-04-13,CA,Desktop,3914,22.0,93,1211,7.68,2026-04-13 15:14:00
KP026111,KW11870,2026-04-14,BR,Desktop,3691,31.0,70,1473,4.75,2026-04-14 08:21:00
KP026112,KW10994,2026-04-15,UK,Mobile,2681,10.0,132,1102,11.98,2026-04-15 17:45:00
KP026113,KW10773,2026-04-16,AU,Desktop,4700,24.0,34,508,6.69,2026-04-16 08:48:00
KP026114,KW10047,2026-04-17,FR,Desktop,6308,5.0,210,1347,15.59,2026-04-17 13:29:00
KP026115,KW10884,2026-04-18,DE,Desktop,2448,6.0,62,467,13.28,2026-04-18 15:08:00
KP026116,KW11765,2026-04-19,FR,Desktop,8577,32.0,72,1634,4.41,2026-04-19 09:11:00
KP026117,KW11605,2026-04-20,BR,Mobile,1621,32.0,12,298,4.03,2026-04-20 10:30:00
KP026118,KW10285,2026-04-21,BR,Mobile,3880,14.0,22,290,7.59,2026-04-21 08:48:00
KP026119,KW10840,2026-04-22,US,Mobile,1229,37.0,21,388,5.41,2026-04-22 00:37:00
KP026120,KW11712,2026-04-23,MX,Desktop,1871,17.0,51,815,6.26,2026-04-23 02:44:00
KP026121,KW11036,2026-04-24,JP,Mobile,3151,21.0,71,1167,6.08,2026-04-24 13:22:00
KP026122,KW11802,2026-04-25,AU,Mobile,2017,32.0,36,691,5.21,2026-04-25 13:11:00
KP026123,KW11444,2026-04-26,CA,Mobile,3920,31.0,91,1711,5.32,2026-04-26 06:47:00
KP026124,KW10809,2026-04-27,US,Mobile,585,24.0,2,40,5.0,2026-04-27 01:22:00
KP026125,KW11727,2026-04-28,IN,Desktop,777,42.0,18,410,4.39,2026-04-28 13:45:00
KP026126,KW10859,2026-04-29,AU,Mobile,6397,2.0,801,2723,29.42,2026-04-29 21:43:00
KP026127,KW11414,2026-04-30,US,Mobile,1277,15.0,24,387,6.2,2026-04-30 23:29:00
KP026128,KW11735,2026-05-01,AU,Desktop,2621,12.0,82,957,8.57,2026-05-01 17:58:00
KP026129,KW10295,2026-05-02,BR,Desktop,900,37.0,4,91,4.4,2026-05-02 11:58:00
KP026130,KW11854,2026-05-03,BR,Mobile,6012,24.0,33,648,5.09,2026-05-03 01:35:00
KP026131,KW11232,2026-05-04,CA,Mobile,4832,24.0,56,1081,5.18,2026-05-04 15:28:00
KP026132,KW11259,2026-05-05,CA,Desktop,18179,50.0,338,8150,4.15,2026-05-05 22:18:00
KP026133,KW11687,2026-05-06,US,Desktop,14451,44.0,202,5731,3.52,2026-05-06 07:26:00
KP026134,KW10035,2026-05-07,BR,Mobile,2334,1.0,258,975,26.46,2026-05-07 15:13:00
KP026135,KW11381,2026-05-08,FR,Desktop,457,5.0,20,161,12.42,2026-05-08 05:23:00
KP026136,KW10479,2026-05-09,AU,Mobile,675,49.0,16,335,4.78,2026-05-09 21:10:00
KP026137,KW10558,2026-05-10,AU,Desktop,1955,12.0,108,1008,10.71,2026-05-10 03:33:00
KP026138,KW10605,2026-05-11,CA,Mobile,3202,29.0,83,1488,5.58,2026-05-11 05:13:00
KP026139,KW10144,2026-05-12,FR,Desktop,15911,42.0,143,3434,4.16,2026-05-12 17:06:00
KP026140,KW10390,2026-05-13,CA,Desktop,1808,9.0,24,259,9.27,2026-05-13 08:55:00
KP026141,KW10363,2026-05-14,IN,Desktop,8579,8.0,187,2052,9.11,2026-05-14 14:40:00
KP026142,KW10464,2026-05-15,DE,Desktop,5130,31.0,116,2322,5.0,2026-05-15 22:00:00
KP026143,KW10709,2026-05-16,US,Desktop,8158,12.0,244,3551,6.87,2026-05-16 11:09:00
KP026144,KW11341,2026-05-17,US,Desktop,3561,3.0,176,1139,15.45,2026-05-17 17:49:00
KP026145,KW11930,2026-05-18,MX,Mobile,3609,38.0,50,1051,4.76,2026-05-18 21:08:00
KP026146,KW11194,2026-05-19,DE,Mobile,4677,49.0,39,1210,3.22,2026-05-19 04:48:00
KP026147,KW10650,2026-05-20,US,Mobile,11402,13.0,518,5588,9.27,2026-05-20 04:54:00
KP026148,KW11204,2026-05-21,FR,Desktop,4931,18.0,104,1216,8.55,2026-05-21 02:42:00
KP026149,KW10503,2026-05-22,AU,Desktop,5331,10.0,86,708,12.15,2026-05-22 02:33:00
KP026150,KW10380,2026-05-23,MX,Mobile,568,11.0,12,178,6.74,2026-05-23 15:21:00
KP026151,KW10288,2026-05-24,BR,Mobile,10817,27.0,90,1598,5.63,2026-05-24 16:51:00
KP026152,KW10361,2026-05-25,IN,Mobile,1139,11.0,9,80,11.25,2026-05-25 15:13:00
KP026153,KW11151,2026-05-26,BR,Desktop,10208,10.0,131,1447,9.05,2026-05-26 18:53:00
KP026154,KW11985,2026-05-27,FR,Mobile,777,40.0,1,38,2.63,2026-05-27 12:20:00
KP026155,KW11270,2026-05-28,AU,Desktop,1478,45.0,4,96,4.17,2026-05-28 17:14:00
KP026156,KW11786,2026-05-29,CA,Desktop,11332,12.0,385,4612,8.35,2026-05-29 13:27:00
KP026157,KW11539,2026-05-30,DE,Mobile,1023,34.0,15,248,6.05,2026-05-30 01:47:00
KP026158,KW10993,2026-05-31,AU,Mobile,5097,7.0,273,2268,12.04,2026-05-31 07:44:00
KP026404,KW10226,2026-02-01,AU,Mobile,2121,45.0,15,472,3.18,2026-02-01 14:23:00
KP026405,KW10948,2026-02-02,CA,Mobile,12412,19.0,82,993,8.26,2026-02-02 06:35:00
KP026406,KW10035,2026-02-03,JP,Desktop,1750,39.0,49,939,5.22,2026-02-03 09:29:00
KP026407,KW11384,2026-02-04,AU,Mobile,329,34.0,2,53,3.77,2026-02-04 14:30:00
KP026408,KW11841,2026-02-05,FR,Mobile,4973,26.0,95,1380,6.88,2026-02-05 12:16:00
KP026409,KW11927,2026-02-06,FR,Desktop,5236,41.0,51,1115,4.57,2026-02-06 04:32:00
KP026410,KW11298,2026-02-07,FR,Mobile,3201,42.0,37,1054,3.51,2026-02-07 05:58:00
KP026411,KW10717,2026-02-08,US,Mobile,6093,46.0,136,2617,5.2,2026-02-08 07:29:00
KP026412,KW11988,2026-02-09,DE,Mobile,4458,26.0,64,1333,4.8,2026-02-09 21:02:00
KP026413,KW11185,2026-02-10,AU,Desktop,2990,15.0,64,904,7.08,2026-02-10 15:48:00
KP026414,KW11378,2026-02-11,CA,Desktop,5759,10.0,266,2371,11.22,2026-02-11 12:21:00
KP026415,KW10990,2026-02-12,MX,Desktop,8436,45.0,195,4132,4.72,2026-02-12 04:02:00
KP026416,KW10923,2026-02-13,BR,Desktop,2739,34.0,52,1119,4.65,2026-02-13 05:05:00
KP026417,KW10360,2026-02-14,MX,Mobile,1464,1.0,224,788,28.43,2026-02-14 07:00:00
KP026418,KW10848,2026-02-15,DE,Mobile,7932,11.0,217,2738,7.93,2026-02-15 03:47:00
KP026419,KW11707,2026-02-16,AU,Desktop,8086,48.0,121,2664,4.54,2026-02-16 15:23:00
KP026420,KW11703,2026-02-17,MX,Desktop,3043,39.0,28,757,3.7,2026-02-17 14:59:00
KP026421,KW11084,2026-02-18,US,Desktop,4859,40.0,84,1905,4.41,2026-02-18 12:20:00
KP026422,KW11136,2026-02-19,BR,Desktop,5752,15.0,116,1427,8.13,2026-02-19 18:37:00
KP026423,KW10364,2026-02-20,JP,Desktop,725,39.0,21,388,5.41,2026-02-20 21:39:00
KP026424,KW10843,2026-02-21,JP,Mobile,9087,27.0,106,1590,6.67,2026-02-21 22:03:00
KP026425,KW11349,2026-02-22,CA,Mobile,5224,34.0,88,2057,4.28,2026-02-22 09:37:00
KP026426,KW11939,2026-02-23,MX,Mobile,2220,6.0,57,515,11.07,2026-02-23 14:53:00
KP026427,KW10051,2026-02-24,DE,Mobile,2828,46.0,51,1338,3.81,2026-02-24 05:42:00
KP026428,KW11007,2026-02-25,UK,Mobile,2344,40.0,29,543,5.34,2026-02-25 03:53:00
KP026429,KW10172,2026-02-26,FR,Desktop,1723,25.0,9,209,4.31,2026-02-26 17:17:00
KP026430,KW10635,2026-02-27,DE,Desktop,1027,32.0,32,523,6.12,2026-02-27 18:16:00
KP026431,KW10849,2026-02-28,AU,Desktop,9540,39.0,41,1054,3.89,2026-02-28 05:13:00
KP026432,KW10634,2026-03-01,UK,Desktop,6056,30.0,117,2205,5.31,2026-03-01 13:22:00
KP026433,KW10186,2026-03-02,JP,Mobile,574,9.0,13,132,9.85,2026-03-02 18:40:00
KP026434,KW11661,2026-03-03,DE,Desktop,1688,45.0,8,178,4.49,2026-03-03 17:02:00
KP026435,KW10508,2026-03-04,CA,Mobile,5982,17.0,45,567,7.94,2026-03-04 20:42:00
KP026436,KW10479,2026-03-05,FR,Mobile,11728,28.0,87,2059,4.23,2026-03-05 11:09:00
KP026437,KW11658,2026-03-06,FR,Desktop,1631,20.0,43,538,7.99,2026-03-06 08:01:00
KP026438,KW11227,2026-03-07,CA,Mobile,1292,24.0,14,220,6.36,2026-03-07 22:48:00
KP026439,KW11260,2026-03-08,US,Mobile,3331,1.0,503,1569,32.06,2026-03-08 11:18:00
KP026440,KW11133,2026-03-09,UK,Mobile,2118,13.0,10,120,8.33,2026-03-09 06:37:00
KP026441,KW10928,2026-03-10,US,Desktop,3869,32.0,92,1794,5.13,2026-03-10 11:52:00
KP026442,KW11486,2026-03-11,FR,Tablet,1177,17.0,22,273,8.06,2026-03-11 10:54:00
KP026443,KW10216,2026-03-12,MX,Mobile,1145,8.0,31,379,8.18,2026-03-12 19:02:00
KP026444,KW11742,2026-03-13,MX,Desktop,1955,18.0,65,771,8.43,2026-03-13 07:29:00
KP026445,KW10382,2026-03-14,FR,Desktop,5456,32.0,83,1565,5.3,2026-03-14 20:14:00
KP026446,KW10640,2026-03-15,MX,Mobile,7943,26.0,42,957,4.39,2026-03-15 22:49:00
KP026447,KW10925,2026-03-16,FR,Desktop,1442,36.0,12,320,3.75,2026-03-16 13:21:00
KP026448,KW11174,2026-03-17,BR,Desktop,13137,37.0,41,793,5.17,2026-03-17 08:43:00
KP026449,KW10658,2026-03-18,DE,Desktop,7405,12.0,154,1831,8.41,2026-03-18 19:01:00
KP026450,KW10071,2026-03-19,DE,Desktop,8682,4.0,503,3666,13.72,2026-03-19 06:21:00
KP026451,KW10559,2026-03-20,BR,Desktop,5604,25.0,59,829,7.12,2026-03-20 11:20:00
KP026452,KW11983,2026-03-21,MX,Desktop,5563,31.0,71,1751,4.05,2026-03-21 20:24:00
KP026453,KW10779,2026-03-22,FR,Mobile,5456,30.0,70,1062,6.59,2026-03-22 23:05:00
KP026454,KW11448,2026-03-23,DE,Tablet,1916,9.0,39,494,7.89,2026-03-23 23:59:00
KP026455,KW11721,2026-03-24,JP,Mobile,16520,35.0,408,8724,4.68,2026-03-24 16:30:00
KP026456,KW10049,2026-03-25,AU,Desktop,4352,47.0,11,341,3.23,2026-03-25 03:15:00
KP026457,KW11586,2026-03-26,AU,Desktop,9129,22.0,326,4157,7.84,2026-03-26 17:45:00
KP026458,KW10025,2026-03-27,FR,Mobile,1812,19.0,58,932,6.22,2026-03-27 05:02:00
KP026459,KW10801,2026-03-28,CA,Desktop,5294,37.0,99,2072,4.78,2026-03-28 15:51:00
KP026460,KW11553,2026-03-29,BR,Desktop,3828,41.0,88,1687,5.22,2026-03-29 10:28:00
KP026461,KW11399,2026-03-30,UK,Mobile,3042,21.0,62,785,7.9,2026-03-30 21:47:00
KP026462,KW11378,2026-03-31,UK,Desktop,2511,42.0,7,219,3.2,2026-03-31 14:41:00
KP026463,KW10703,2026-04-01,AU,Mobile,133,25.0,3,59,5.08,2026-04-01 11:29:00
KP026464,KW10917,2026-04-02,IN,Mobile,1374,24.0,16,298,5.37,2026-04-02 02:30:00
KP026465,KW11594,2026-04-03,MX,Desktop,5580,18.0,170,2216,7.67,2026-04-03 01:11:00
KP026466,KW10775,2026-04-04,UK,Desktop,2962,47.0,13,292,4.45,2026-04-04 10:12:00
KP026467,KW11824,2026-04-05,IN,Desktop,1883,45.0,8,207,3.86,2026-04-05 22:21:00
KP026468,KW10930,2026-04-06,BR,Mobile,3450,39.0,13,375,3.47,2026-04-06 17:16:00
KP026469,KW10505,2026-04-07,US,Desktop,2904,49.0,36,1041,3.46,2026-04-07 14:07:00
KP026470,KW11053,2026-04-08,US,Mobile,1014,34.0,12,282,4.26,2026-04-08 16:08:00
KP026471,KW10235,2026-04-09,BR,Mobile,3568,3.0,94,443,21.22,2026-04-09 08:46:00
KP026472,KW11725,2026-04-10,MX,Desktop,1235,42.0,19,494,3.85,2026-04-10 08:24:00
KP026473,KW11363,2026-04-11,JP,Desktop,6909,29.0,157,3170,4.95,2026-04-11 02:54:00
KP026474,KW11937,2026-04-12,UK,Mobile,3993,2.0,378,1320,28.64,2026-04-12 00:47:00
KP026475,KW10025,2026-04-13,DE,Mobile,1100,19.0,38,560,6.79,2026-04-13 22:19:00
KP026476,KW10439,2026-04-14,IN,Desktop,1830,48.0,34,794,4.28,2026-04-14 11:32:00
KP026477,KW10176,2026-04-15,UK,Mobile,5820,24.0,235,3140,7.48,2026-04-15 02:04:00
KP026478,KW11377,2026-04-16,CA,Tablet,5733,48.0,29,930,3.12,2026-04-16 11:48:00
KP026479,KW10595,2026-04-17,UK,Desktop,3106,30.0,66,1116,5.91,2026-04-17 22:38:00
KP026480,KW10228,2026-04-18,IN,Desktop,4303,19.0,114,1726,6.6,2026-04-18 03:33:00
KP026481,KW11622,2026-04-19,FR,Desktop,1643,13.0,28,280,10.0,2026-04-19 12:14:00
KP026482,KW11140,2026-04-20,AU,Desktop,15904,42.0,77,1902,4.05,2026-04-20 03:53:00
KP026483,KW10947,2026-04-21,IN,Mobile,6415,11.0,173,1534,11.28,2026-04-21 18:55:00
KP026484,KW10630,2026-04-22,US,Mobile,957,34.0,24,418,5.74,2026-04-22 21:37:00
KP026485,KW10443,2026-04-23,FR,Desktop,3906,50.0,12,336,3.57,2026-04-23 17:17:00
KP026486,KW10752,2026-04-24,IN,Desktop,1331,20.0,9,165,5.45,2026-04-24 08:19:00
KP026487,KW10211,2026-04-25,CA,Mobile,2097,40.0,33,614,5.37,2026-04-25 18:11:00
KP026488,KW10055,2026-04-26,AU,Mobile,1958,44.0,52,1010,5.15,2026-04-26 12:09:00
KP026489,KW10622,2026-04-27,JP,Desktop,2374,4.0,212,1296,16.36,2026-04-27 01:26:00
KP026490,KW10434,2026-04-28,US,Mobile,2453,29.0,25,429,5.83,2026-04-28 13:47:00
KP026491,KW11298,2026-04-29,CA,Desktop,7650,27.0,138,2606,5.3,2026-04-29 18:37:00
KP026492,KW11591,2026-04-30,JP,Tablet,8709,19.0,192,3239,5.93,2026-04-30 18:20:00
KP026493,KW10441,2026-05-01,BR,Desktop,1889,3.0,79,504,15.67,2026-05-01 09:03:00
KP026494,KW11702,2026-05-02,US,Mobile,1850,31.0,31,641,4.84,2026-05-02 23:01:00
KP026495,KW11757,2026-05-03,UK,Mobile,7210,40.0,139,3670,3.79,2026-05-03 14:27:00
KP026496,KW11140,2026-05-04,JP,Mobile,2381,49.0,24,568,4.23,2026-05-04 23:36:00
KP026497,KW11855,2026-05-05,DE,Mobile,1629,50.0,12,339,3.54,2026-05-05 06:33:00
KP026498,KW11265,2026-05-06,BR,Desktop,2202,13.0,74,855,8.65,2026-05-06 10:23:00
KP026499,KW10137,2026-05-07,JP,Mobile,1978,8.0,14,163,8.59,2026-05-07 11:44:00
KP026500,KW11202,2026-05-08,BR,Mobile,6384,13.0,216,3252,6.64,2026-05-08 10:42:00
KP026501,KW11481,2026-05-09,IN,Desktop,2629,6.0,29,243,11.93,2026-05-09 04:41:00
KP026502,KW10906,2026-05-10,MX,Mobile,644,17.0,3,47,6.38,2026-05-10 11:43:00
KP026503,KW11479,2026-05-11,DE,Desktop,1826,1.0,223,752,29.65,2026-05-11 14:46:00
KP026504,KW10038,2026-05-12,UK,Desktop,4092,33.0,76,1866,4.07,2026-05-12 10:00:00
KP026505,KW11950,2026-05-13,AU,Mobile,3657,23.0,39,748,5.21,2026-05-13 06:04:00
KP026506,KW10684,2026-05-14,MX,Mobile,3284,17.0,95,1517,6.26,2026-05-14 11:26:00
KP026507,KW11517,2026-05-15,CA,Tablet,2747,20.0,48,637,7.54,2026-05-15 06:16:00
KP026508,KW11976,2026-05-16,FR,Desktop,8183,3.0,88,618,14.24,2026-05-16 20:47:00
KP026509,KW11766,2026-05-17,JP,Mobile,2176,49.0,15,490,3.06,2026-05-17 19:29:00
KP026510,KW10281,2026-05-18,JP,Mobile,12920,8.0,454,4778,9.5,2026-05-18 23:20:00
KP026511,KW11185,2026-05-19,JP,Desktop,4377,6.0,139,1245,11.16,2026-05-19 20:18:00
KP026512,KW10601,2026-05-20,MX,Mobile,6457,28.0,37,790,4.68,2026-05-20 03:51:00
KP026513,KW11401,2026-05-21,FR,Mobile,1462,16.0,37,413,8.96,2026-05-21 12:59:00
KP026514,KW11407,2026-05-22,BR,Desktop,4429,45.0,25,625,4.0,2026-05-22 19:55:00
KP026515,KW11218,2026-05-23,FR,Desktop,4706,28.0,21,381,5.51,2026-05-23 14:17:00
KP026516,KW10420,2026-05-24,MX,Desktop,2893,20.0,56,710,7.89,2026-05-24 15:39:00
KP026517,KW11887,2026-05-25,IN,Mobile,4107,19.0,57,932,6.12,2026-05-25 20:52:00
KP026518,KW10548,2026-05-26,FR,Mobile,6180,20.0,202,3236,6.24,2026-05-26 07:04:00
KP026519,KW10985,2026-05-27,FR,Tablet,10281,5.0,189,1656,11.41,2026-05-27 02:59:00
KP026520,KW11180,2026-05-28,UK,Mobile,7660,28.0,215,4185,5.14,2026-05-28 00:13:00
KP026521,KW10729,2026-05-29,BR,Desktop,2311,19.0,52,818,6.36,2026-05-29 04:22:00
KP026522,KW10405,2026-05-30,UK,Desktop,5008,5.0,268,1499,17.88,2026-05-30 19:54:00
KP026523,KW11428,2026-05-31,DE,Mobile,9210,26.0,280,4408,6.35,2026-05-31 19:28:00
KP026769,KW10966,2026-02-01,IN,Mobile,20145,46.0,324,7308,4.43,2026-02-01 09:08:00
KP026770,KW10406,2026-02-02,BR,Desktop,2619,38.0,31,600,5.17,2026-02-02 21:11:00
KP026771,KW10282,2026-02-03,CA,Tablet,768,30.0,7,156,4.49,2026-02-03 20:22:00
KP026772,KW10874,2026-02-04,IN,Mobile,2261,46.0,52,1042,4.99,2026-02-04 21:00:00
KP026773,KW11484,2026-02-05,JP,Desktop,1768,1.0,141,405,34.81,2026-02-05 22:20:00
KP026774,KW10040,2026-02-06,FR,Desktop,638,48.0,2,81,2.47,2026-02-06 21:13:00
KP026775,KW11523,2026-02-07,UK,Mobile,3783,13.0,84,857,9.8,2026-02-07 11:00:00
KP026776,KW11747,2026-02-08,UK,Mobile,2887,27.0,68,1315,5.17,2026-02-08 13:42:00
KP026777,KW11186,2026-02-09,FR,Desktop,2016,45.0,45,1073,4.19,2026-02-09 10:40:00
KP026778,KW10420,2026-02-10,CA,Mobile,2511,18.0,56,630,8.89,2026-02-10 20:05:00
KP026779,KW11521,2026-02-11,MX,Desktop,7301,19.0,185,2188,8.46,2026-02-11 16:43:00
KP026780,KW10276,2026-02-12,JP,Desktop,396,49.0,9,191,4.71,2026-02-12 06:34:00
KP026781,KW10541,2026-02-13,CA,Mobile,4186,11.0,139,1713,8.11,2026-02-13 19:09:00
KP026782,KW11515,2026-02-14,CA,Desktop,2410,41.0,54,1069,5.05,2026-02-14 14:16:00
KP026783,KW10858,2026-02-15,JP,Mobile,8532,6.0,175,1483,11.8,2026-02-15 15:50:00
KP026784,KW10962,2026-02-16,UK,Mobile,2093,9.0,72,615,11.71,2026-02-16 18:54:00
KP026785,KW10746,2026-02-17,US,Mobile,2246,35.0,27,512,5.27,2026-02-17 01:06:00
KP026786,KW10755,2026-02-18,IN,Desktop,2046,14.0,40,497,8.05,2026-02-18 22:52:00
KP026787,KW10649,2026-02-19,BR,Mobile,1790,30.0,31,537,5.77,2026-02-19 21:19:00
KP026788,KW11487,2026-02-20,CA,Desktop,2909,22.0,87,1440,6.04,2026-02-20 07:39:00
KP026789,KW10010,2026-02-21,FR,Desktop,397,34.0,5,124,4.03,2026-02-21 20:03:00
KP026790,KW11889,2026-02-22,MX,Tablet,2810,9.0,70,542,12.92,2026-02-22 07:48:00
KP026791,KW11226,2026-02-23,CA,Mobile,977,4.0,13,80,16.25,2026-02-23 13:19:00
KP026792,KW11935,2026-02-24,BR,Desktop,3031,8.0,35,341,10.26,2026-02-24 05:28:00
KP026793,KW11071,2026-02-25,CA,Desktop,2829,46.0,34,1038,3.28,2026-02-25 00:47:00
KP026794,KW11244,2026-02-26,MX,Mobile,11110,11.0,416,5534,7.52,2026-02-26 00:01:00
KP026795,KW11255,2026-02-27,UK,Desktop,836,8.0,42,413,10.17,2026-02-27 03:12:00
KP026796,KW10251,2026-02-28,AU,Mobile,1700,47.0,26,535,4.86,2026-02-28 12:22:00
KP026797,KW11737,2026-03-01,CA,Mobile,2330,27.0,17,401,4.24,2026-03-01 15:04:00
KP026798,KW11773,2026-03-02,FR,Tablet,640,11.0,13,143,9.09,2026-03-02 15:12:00
KP026799,KW11173,2026-03-03,AU,Mobile,11022,33.0,325,5326,6.1,2026-03-03 06:35:00
KP026800,KW10199,2026-03-04,JP,Mobile,23055,46.0,241,7431,3.24,2026-03-04 18:14:00
KP026801,KW11729,2026-03-05,JP,Mobile,9697,16.0,94,1355,6.94,2026-03-05 21:37:00
KP026802,KW11981,2026-03-06,MX,Mobile,8636,1.0,549,1910,28.74,2026-03-06 10:04:00
KP026803,KW10573,2026-03-07,CA,Mobile,16088,12.0,490,5794,8.46,2026-03-07 07:49:00
KP026804,KW11109,2026-03-08,DE,Desktop,2864,47.0,53,1305,4.06,2026-03-08 15:25:00
KP026805,KW10563,2026-03-09,AU,Mobile,5766,21.0,96,1509,6.36,2026-03-09 09:45:00
KP026806,KW11080,2026-03-10,US,Desktop,1900,27.0,36,748,4.81,2026-03-10 14:42:00
KP026807,KW10749,2026-03-11,DE,Mobile,2620,32.0,14,220,6.36,2026-03-11 17:46:00
KP026808,KW10603,2026-03-12,US,Desktop,9397,30.0,104,1811,5.74,2026-03-12 01:22:00
KP026809,KW11329,2026-03-13,AU,Desktop,23734,12.0,1027,9389,10.94,2026-03-13 05:09:00
KP026810,KW10517,2026-03-14,IN,Mobile,321,3.0,11,67,16.42,2026-03-14 08:27:00
KP026811,KW11836,2026-03-15,FR,Mobile,3093,45.0,20,439,4.56,2026-03-15 08:52:00
KP026812,KW11784,2026-03-16,FR,Desktop,7210,49.0,20,660,3.03,2026-03-16 14:51:00
KP026813,KW11175,2026-03-17,IN,Desktop,4533,21.0,148,1939,7.63,2026-03-17 16:40:00
KP026814,KW10291,2026-03-18,AU,Mobile,2912,44.0,74,1462,5.06,2026-03-18 04:53:00
KP026815,KW10616,2026-03-19,JP,Mobile,1269,28.0,15,265,5.66,2026-03-19 16:51:00
KP026816,KW11676,2026-03-20,BR,Mobile,1693,26.0,52,877,5.93,2026-03-20 06:44:00
KP026817,KW11185,2026-03-21,JP,Desktop,645,23.0,9,204,4.41,2026-03-21 04:19:00
KP026818,KW11908,2026-03-22,DE,Mobile,2794,34.0,16,368,4.35,2026-03-22 11:57:00
KP026819,KW10162,2026-03-23,CA,Mobile,3187,18.0,19,237,8.02,2026-03-23 20:11:00
KP026820,KW11585,2026-03-24,CA,Desktop,6218,30.0,173,3373,5.13,2026-03-24 02:14:00
KP026821,KW10167,2026-03-25,DE,Mobile,2945,47.0,19,564,3.37,2026-03-25 07:32:00
KP026822,KW10657,2026-03-26,CA,Mobile,1633,36.0,9,170,5.29,2026-03-26 08:05:00
KP026823,KW11454,2026-03-27,IN,Mobile,913,27.0,3,67,4.48,2026-03-27 11:23:00
KP026824,KW10839,2026-03-28,CA,Desktop,3525,2.0,408,1634,24.97,2026-03-28 14:57:00
KP026825,KW10029,2026-03-29,AU,Mobile,2193,19.0,31,431,7.19,2026-03-29 21:45:00
KP026826,KW10517,2026-03-30,IN,Desktop,1949,28.0,18,318,5.66,2026-03-30 12:03:00
KP026827,KW10459,2026-03-31,DE,Mobile,962,4.0,50,377,13.26,2026-03-31 08:31:00
KP026828,KW11568,2026-04-01,UK,Desktop,1508,24.0,13,232,5.6,2026-04-01 18:52:00
KP026829,KW10181,2026-04-02,DE,Mobile,1849,50.0,30,988,3.04,2026-04-02 07:00:00
KP026830,KW11552,2026-04-03,BR,Mobile,1189,34.0,21,487,4.31,2026-04-03 08:29:00
KP026831,KW11060,2026-04-04,DE,Mobile,2290,24.0,25,453,5.52,2026-04-04 08:40:00
KP026832,KW11293,2026-04-05,FR,Desktop,6328,47.0,140,2881,4.86,2026-04-05 06:09:00
KP026833,KW10651,2026-04-06,BR,Tablet,2270,25.0,55,956,5.75,2026-04-06 09:21:00
KP026834,KW11724,2026-04-07,BR,Mobile,442,18.0,6,88,6.82,2026-04-07 10:32:00
KP026835,KW10658,2026-04-08,DE,Mobile,2430,5.0,42,337,12.46,2026-04-08 15:42:00
KP026836,KW10008,2026-04-09,IN,Mobile,1285,40.0,9,211,4.27,2026-04-09 03:05:00
KP026837,KW11557,2026-04-10,AU,Mobile,2737,42.0,72,1431,5.03,2026-04-10 07:34:00
KP026838,KW10318,2026-04-11,US,Mobile,4136,29.0,14,327,4.28,2026-04-11 15:55:00
KP026839,KW10853,2026-04-12,US,Mobile,3258,17.0,94,1643,5.72,2026-04-12 10:42:00
KP026840,KW11708,2026-04-13,UK,Mobile,3542,46.0,10,331,3.02,2026-04-13 00:32:00
KP026841,KW11542,2026-04-14,UK,Desktop,3097,10.0,43,429,10.02,2026-04-14 23:33:00
KP026842,KW10231,2026-04-15,BR,Mobile,1838,43.0,39,753,5.18,2026-04-15 12:49:00
KP026843,KW11014,2026-04-16,DE,Desktop,1323,1.0,180,516,34.88,2026-04-16 21:39:00
KP026844,KW10832,2026-04-17,UK,Mobile,3691,37.0,74,1699,4.36,2026-04-17 11:25:00
KP026845,KW11324,2026-04-18,DE,Desktop,37857,42.0,165,3233,5.1,2026-04-18 15:02:00
KP026846,KW11146,2026-04-19,US,Desktop,3260,11.0,100,1247,8.02,2026-04-19 20:28:00
KP026847,KW10084,2026-04-20,DE,Mobile,2961,17.0,81,892,9.08,2026-04-20 22:16:00
KP026848,KW10349,2026-04-21,DE,Mobile,4919,33.0,55,1273,4.32,2026-04-21 11:45:00
KP026849,KW11092,2026-04-22,MX,Desktop,858,25.0,8,190,4.21,2026-04-22 10:51:00
KP026850,KW11806,2026-04-23,JP,Desktop,7011,8.0,325,2586,12.57,2026-04-23 11:12:00
KP026851,KW10593,2026-04-24,UK,Mobile,3932,12.0,120,1205,9.96,2026-04-24 12:28:00
KP026852,KW11241,2026-04-25,IN,Mobile,12558,40.0,267,4813,5.55,2026-04-25 08:32:00
KP026853,KW11107,2026-04-26,IN,Mobile,12245,4.0,779,5968,13.05,2026-04-26 02:51:00
KP026854,KW10273,2026-04-27,AU,Mobile,1055,47.0,18,397,4.53,2026-04-27 21:55:00
KP026855,KW10814,2026-04-28,AU,Mobile,9755,32.0,105,2012,5.22,2026-04-28 11:00:00
KP026856,KW10372,2026-04-29,US,Mobile,1810,13.0,64,744,8.6,2026-04-29 05:40:00
KP026857,KW10614,2026-04-30,JP,Desktop,1949,31.0,29,598,4.85,2026-04-30 04:49:00
KP026858,KW11817,2026-05-01,CA,Desktop,2348,25.0,81,1226,6.61,2026-05-01 04:27:00
KP026859,KW10461,2026-05-02,MX,Mobile,1179,27.0,21,350,6.0,2026-05-02 14:04:00
KP026860,KW11170,2026-05-03,BR,Mobile,2595,35.0,52,976,5.33,2026-05-03 13:00:00
KP026861,KW11514,2026-05-04,BR,Tablet,22399,15.0,627,8640,7.26,2026-05-04 23:26:00
KP026862,KW11938,2026-05-05,BR,Mobile,759,46.0,8,228,3.51,2026-05-05 15:47:00
KP026863,KW11054,2026-05-06,MX,Desktop,4149,43.0,83,2033,4.08,2026-05-06 20:44:00
KP026864,KW11825,2026-05-07,CA,Tablet,3884,48.0,49,956,5.13,2026-05-07 01:41:00
KP026865,KW10105,2026-05-08,IN,Mobile,8685,3.0,173,776,22.29,2026-05-08 09:09:00
KP026866,KW10247,2026-05-09,IN,Desktop,4830,27.0,158,2252,7.02,2026-05-09 18:50:00
KP026867,KW10210,2026-05-10,AU,Mobile,3060,25.0,34,526,6.46,2026-05-10 16:00:00
KP026868,KW10230,2026-05-11,UK,Mobile,13879,3.0,753,3356,22.44,2026-05-11 01:27:00
KP026869,KW11334,2026-05-12,DE,Mobile,1850,49.0,31,890,3.48,2026-05-12 02:49:00
KP026870,KW10512,2026-05-13,AU,Mobile,2062,17.0,34,565,6.02,2026-05-13 13:25:00
KP026871,KW11394,2026-05-14,AU,Desktop,1317,17.0,23,267,8.61,2026-05-14 04:00:00
KP026872,KW11420,2026-05-15,JP,Desktop,2057,6.0,78,597,13.07,2026-05-15 16:32:00
KP026873,KW11773,2026-05-16,UK,Mobile,1698,20.0,16,254,6.3,2026-05-16 00:43:00
KP026874,KW11461,2026-05-17,BR,Mobile,4534,35.0,73,1508,4.84,2026-05-17 07:38:00
KP026875,KW11310,2026-05-18,FR,Desktop,9013,18.0,304,4708,6.46,2026-05-18 02:31:00
KP026876,KW11565,2026-05-19,FR,Desktop,2083,1.0,127,439,28.93,2026-05-19 19:17:00
KP026877,KW11470,2026-05-20,IN,Desktop,15123,18.0,191,3444,5.55,2026-05-20 21:22:00
KP026878,KW10471,2026-05-21,AU,Desktop,11005,43.0,137,3273,4.19,2026-05-21 01:03:00
KP026879,KW11655,2026-05-22,UK,Desktop,16303,37.0,332,8228,4.04,2026-05-22 03:54:00
KP026880,KW11955,2026-05-23,DE,Desktop,12695,15.0,61,700,8.71,2026-05-23 04:12:00
KP026881,KW10307,2026-05-24,BR,Desktop,5204,50.0,84,1906,4.41,2026-05-24 15:39:00
KP026882,KW10281,2026-05-25,MX,Mobile,850,44.0,13,308,4.22,2026-05-25 16:22:00
KP026883,KW10417,2026-05-26,DE,Mobile,1637,39.0,29,533,5.44,2026-05-26 18:20:00
KP026884,KW11951,2026-05-27,US,Desktop,2845,30.0,56,1376,4.07,2026-05-27 23:44:00
KP026885,KW11011,2026-05-28,US,Desktop,6197,14.0,232,2433,9.54,2026-05-28 14:30:00
KP026886,KW10921,2026-05-29,UK,Desktop,27319,3.0,360,1994,18.05,2026-05-29 11:14:00
KP026887,KW10502,2026-05-30,CA,Desktop,5307,21.0,134,2468,5.43,2026-05-30 09:22:00
KP026888,KW11519,2026-05-31,CA,Mobile,3163,24.0,17,315,5.4,2026-05-31 06:55:00
KP027134,KW11338,2026-02-01,US,Mobile,3424,26.0,29,665,4.36,2026-02-01 11:50:00
KP027135,KW10998,2026-02-02,JP,Mobile,1402,37.0,33,652,5.06,2026-02-02 23:36:00
KP027136,KW11628,2026-02-03,CA,Desktop,2917,14.0,115,1460,7.88,2026-02-03 05:10:00
KP027137,KW11743,2026-02-04,BR,Mobile,4522,34.0,89,2077,4.29,2026-02-04 19:19:00
KP027138,KW10812,2026-02-05,DE,Desktop,5410,13.0,236,2867,8.23,2026-02-05 06:22:00
KP027139,KW11226,2026-02-06,BR,Mobile,2954,31.0,90,1557,5.78,2026-02-06 10:03:00
KP027140,KW10554,2026-02-07,UK,Tablet,8871,26.0,223,3861,5.78,2026-02-07 20:16:00
KP027141,KW10034,2026-02-08,UK,Desktop,876,15.0,27,323,8.36,2026-02-08 15:13:00
KP027142,KW10605,2026-02-09,BR,Mobile,1812,14.0,35,415,8.43,2026-02-09 19:59:00
KP027143,KW11599,2026-02-10,IN,Desktop,11504,32.0,276,4368,6.32,2026-02-10 00:15:00
KP027144,KW10352,2026-02-11,FR,Desktop,2447,20.0,15,187,8.02,2026-02-11 09:56:00
KP027145,KW11446,2026-02-12,MX,Desktop,4060,23.0,36,584,6.16,2026-02-12 21:10:00
KP027146,KW10765,2026-02-13,AU,Desktop,5417,7.0,424,2965,14.3,2026-02-13 05:17:00
KP027147,KW11738,2026-02-14,MX,Desktop,2236,4.0,24,172,13.95,2026-02-14 09:59:00
KP027148,KW11871,2026-02-15,IN,Desktop,10177,43.0,141,3815,3.7,2026-02-15 03:02:00
KP027149,KW11576,2026-02-16,FR,Mobile,5881,3.0,674,3152,21.38,2026-02-16 17:32:00
KP027150,KW11095,2026-02-17,CA,Desktop,1628,17.0,48,699,6.87,2026-02-17 01:01:00
KP027151,KW11257,2026-02-18,MX,Desktop,981,31.0,21,406,5.17,2026-02-18 06:13:00
KP027152,KW11624,2026-02-19,UK,Mobile,4094,38.0,41,920,4.46,2026-02-19 13:19:00
KP027153,KW11162,2026-02-20,JP,Mobile,1768,45.0,18,412,4.37,2026-02-20 02:39:00
KP027154,KW10315,2026-02-21,FR,Desktop,417,24.0,5,104,4.81,2026-02-21 14:25:00
KP027155,KW11158,2026-02-22,IN,Desktop,12110,26.0,306,5908,5.18,2026-02-22 19:57:00
KP027156,KW11628,2026-02-23,AU,Desktop,433,26.0,10,148,6.76,2026-02-23 06:00:00
KP027157,KW10417,2026-02-24,AU,Desktop,1579,17.0,43,666,6.46,2026-02-24 22:33:00
KP027158,KW10063,2026-02-25,BR,Mobile,9500,34.0,92,1645,5.59,2026-02-25 19:57:00
KP027159,KW11115,2026-02-26,BR,Desktop,2911,6.0,73,498,14.66,2026-02-26 15:18:00
KP027160,KW10032,2026-02-27,CA,Desktop,1332,2.0,152,637,23.86,2026-02-27 14:27:00
KP027161,KW10893,2026-02-28,CA,Desktop,12856,50.0,131,3893,3.37,2026-02-28 07:03:00
KP027162,KW11288,2026-03-01,AU,Mobile,2895,6.0,127,881,14.42,2026-03-01 03:26:00
KP027163,KW11276,2026-03-02,JP,Desktop,3784,3.0,407,1834,22.19,2026-03-02 05:31:00
KP027164,KW11787,2026-03-03,DE,Desktop,4711,35.0,112,1888,5.93,2026-03-03 19:23:00
KP027165,KW11909,2026-03-04,IN,Desktop,2539,48.0,43,1295,3.32,2026-03-04 04:01:00
KP027166,KW10533,2026-03-05,MX,Tablet,1450,12.0,17,200,8.5,2026-03-05 15:34:00
KP027167,KW10427,2026-03-06,DE,Desktop,1542,20.0,52,640,8.12,2026-03-06 14:24:00
KP027168,KW11883,2026-03-07,UK,Mobile,782,8.0,29,314,9.24,2026-03-07 04:34:00
KP027169,KW10047,2026-03-08,MX,Desktop,2372,2.0,300,1254,23.92,2026-03-08 12:09:00
KP027170,KW11230,2026-03-09,BR,Mobile,2042,2.0,64,276,23.19,2026-03-09 13:41:00
KP027171,KW10681,2026-03-10,US,Desktop,1578,34.0,29,702,4.13,2026-03-10 01:20:00
KP027172,KW11391,2026-03-11,DE,Tablet,593,36.0,8,191,4.19,2026-03-11 17:14:00
KP027173,KW10241,2026-03-12,AU,Mobile,12010,16.0,45,638,7.05,2026-03-12 17:00:00
KP027174,KW10525,2026-03-13,US,Desktop,3210,36.0,71,1494,4.75,2026-03-13 17:44:00
KP027175,KW10789,2026-03-14,BR,Desktop,1433,2.0,92,469,19.62,2026-03-14 07:42:00
KP027176,KW11260,2026-03-15,JP,Mobile,6156,33.0,50,1319,3.79,2026-03-15 09:39:00
KP027177,KW10797,2026-03-16,UK,Desktop,1402,35.0,5,136,3.68,2026-03-16 07:39:00
KP027178,KW10565,2026-03-17,JP,Desktop,1873,7.0,122,869,14.04,2026-03-17 20:51:00
KP027179,KW11309,2026-03-18,JP,Desktop,4041,31.0,79,1999,3.95,2026-03-18 07:08:00
KP027180,KW11950,2026-03-19,JP,Desktop,845,35.0,17,280,6.07,2026-03-19 04:21:00
KP027181,KW11070,2026-03-20,AU,Desktop,11869,43.0,154,2942,5.23,2026-03-20 15:38:00
KP027182,KW10191,2026-03-21,BR,Mobile,4202,38.0,47,859,5.47,2026-03-21 08:10:00
KP027183,KW10572,2026-03-22,DE,Mobile,4933,15.0,20,270,7.41,2026-03-22 18:52:00
KP027184,KW10085,2026-03-23,AU,Mobile,1714,23.0,29,581,4.99,2026-03-23 22:34:00
KP027185,KW11553,2026-03-24,BR,Desktop,7829,6.0,425,2736,15.53,2026-03-24 22:18:00
KP027186,KW11427,2026-03-25,US,Mobile,4216,7.0,76,548,13.87,2026-03-25 11:05:00
KP027187,KW11271,2026-03-26,CA,Desktop,17023,35.0,213,4556,4.68,2026-03-26 10:44:00
KP027188,KW11539,2026-03-27,BR,Desktop,1418,28.0,20,344,5.81,2026-03-27 11:42:00
KP027189,KW11063,2026-03-28,JP,Desktop,14463,42.0,58,1053,5.51,2026-03-28 03:14:00
KP027190,KW10442,2026-03-29,DE,Desktop,7829,1.0,918,3425,26.8,2026-03-29 20:15:00
KP027191,KW11689,2026-03-30,MX,Desktop,3396,14.0,171,1851,9.24,2026-03-30 05:22:00
KP027192,KW10052,2026-03-31,IN,Desktop,28922,30.0,437,9733,4.49,2026-03-31 09:16:00
KP027193,KW10122,2026-04-01,US,Desktop,16520,22.0,107,1903,5.62,2026-04-01 18:12:00
KP027194,KW10967,2026-04-02,US,Desktop,15137,50.0,148,3095,4.78,2026-04-02 05:24:00
KP027195,KW11280,2026-04-03,FR,Desktop,7078,20.0,173,3088,5.6,2026-04-03 20:16:00
KP027196,KW10308,2026-04-04,UK,Mobile,3211,30.0,50,1003,4.99,2026-04-04 22:55:00
KP027197,KW11692,2026-04-05,BR,Desktop,943,31.0,21,449,4.68,2026-04-05 03:43:00
KP027198,KW11867,2026-04-06,BR,Tablet,2183,1.0,348,1158,30.05,2026-04-06 11:00:00
KP027199,KW10281,2026-04-07,MX,Mobile,1794,36.0,22,488,4.51,2026-04-07 22:59:00
KP027200,KW11719,2026-04-08,FR,Desktop,6129,25.0,105,1778,5.91,2026-04-08 15:35:00
KP027201,KW11367,2026-04-09,IN,Desktop,1127,17.0,42,542,7.75,2026-04-09 10:35:00
KP027202,KW10764,2026-04-10,MX,Mobile,2883,16.0,29,495,5.86,2026-04-10 06:37:00
KP027203,KW11911,2026-04-11,IN,Mobile,11078,7.0,687,6090,11.28,2026-04-11 14:10:00
KP027204,KW11411,2026-04-12,JP,Desktop,1985,1.0,253,725,34.9,2026-04-12 09:13:00
KP027205,KW10445,2026-04-13,AU,Desktop,8743,38.0,111,2485,4.47,2026-04-13 20:42:00
KP027206,KW11926,2026-04-14,MX,Desktop,1331,45.0,20,559,3.58,2026-04-14 20:29:00
KP027207,KW10498,2026-04-15,AU,Desktop,3131,28.0,50,881,5.68,2026-04-15 22:20:00
KP027208,KW10200,2026-04-16,FR,Mobile,762,3.0,17,118,14.41,2026-04-16 00:43:00
KP027209,KW10545,2026-04-17,US,Mobile,738,30.0,8,145,5.52,2026-04-17 10:22:00
KP027210,KW10005,2026-04-18,MX,Mobile,25988,40.0,148,2897,5.11,2026-04-18 22:25:00
KP027211,KW11830,2026-04-19,FR,Desktop,2303,22.0,10,170,5.88,2026-04-19 15:07:00
KP027212,KW11373,2026-04-20,FR,Desktop,1439,8.0,84,712,11.8,2026-04-20 15:55:00
KP027213,KW11075,2026-04-21,UK,Desktop,1517,3.0,129,735,17.55,2026-04-21 22:17:00
KP027214,KW10149,2026-04-22,CA,Mobile,2062,2.0,162,744,21.77,2026-04-22 01:30:00
KP027215,KW10218,2026-04-23,CA,Mobile,2703,17.0,102,1470,6.94,2026-04-23 08:03:00
KP027216,KW11689,2026-04-24,CA,Mobile,2182,35.0,20,438,4.57,2026-04-24 23:17:00
KP027217,KW10717,2026-04-25,BR,Mobile,6819,34.0,161,3667,4.39,2026-04-25 12:15:00
KP027218,KW10303,2026-04-26,UK,Mobile,13679,31.0,142,2510,5.66,2026-04-26 16:15:00
KP027219,KW10730,2026-04-27,BR,Desktop,911,41.0,19,458,4.15,2026-04-27 00:04:00
KP027220,KW10664,2026-04-28,FR,Mobile,8210,13.0,57,741,7.69,2026-04-28 00:24:00
KP027221,KW11820,2026-04-29,AU,Desktop,6272,3.0,535,2848,18.79,2026-04-29 00:28:00
KP027222,KW10380,2026-04-30,US,Desktop,10446,19.0,162,2305,7.03,2026-04-30 17:10:00
KP027223,KW11415,2026-05-01,AU,Desktop,2970,28.0,64,1334,4.8,2026-05-01 11:57:00
KP027224,KW11873,2026-05-02,IN,Desktop,11649,41.0,116,2919,3.97,2026-05-02 18:16:00
KP027225,KW11704,2026-05-03,IN,Mobile,2202,28.0,20,305,6.56,2026-05-03 13:00:00
KP027226,KW10650,2026-05-04,CA,Mobile,4231,29.0,107,1971,5.43,2026-05-04 21:24:00
KP027227,KW10438,2026-05-05,AU,Mobile,2848,23.0,38,698,5.44,2026-05-05 23:00:00
KP027228,KW10480,2026-05-06,MX,Desktop,4775,19.0,133,2474,5.38,2026-05-06 03:29:00
KP027229,KW10774,2026-05-07,IN,Desktop,1530,15.0,24,374,6.42,2026-05-07 23:44:00
KP027230,KW11202,2026-05-08,IN,Mobile,5991,7.0,475,3294,14.42,2026-05-08 10:24:00
KP027231,KW11429,2026-05-09,MX,Mobile,455,9.0,14,160,8.75,2026-05-09 06:26:00
KP027232,KW10970,2026-05-10,IN,Mobile,2137,8.0,16,179,8.94,2026-05-10 23:05:00
KP027233,KW10156,2026-05-11,IN,Desktop,1188,15.0,60,632,9.49,2026-05-11 20:51:00
KP027234,KW11814,2026-05-12,US,Mobile,2816,48.0,43,1371,3.14,2026-05-12 21:27:00
KP027235,KW10895,2026-05-13,IN,Mobile,2348,24.0,41,555,7.39,2026-05-13 18:31:00
KP027236,KW11998,2026-05-14,FR,Mobile,7318,36.0,74,1364,5.43,2026-05-14 03:38:00
KP027237,KW11330,2026-05-15,US,Desktop,5932,38.0,64,1346,4.75,2026-05-15 17:51:00
KP027238,KW11664,2026-05-16,UK,Desktop,3825,19.0,88,1342,6.56,2026-05-16 09:36:00
KP027239,KW10162,2026-05-17,CA,Desktop,4743,27.0,107,1948,5.49,2026-05-17 18:37:00
KP027240,KW11593,2026-05-18,MX,Desktop,12432,39.0,243,4417,5.5,2026-05-18 16:53:00
KP027241,KW11014,2026-05-19,FR,Desktop,22182,50.0,74,1641,4.51,2026-05-19 09:14:00
KP027242,KW10085,2026-05-20,IN,Desktop,2892,7.0,98,680,14.41,2026-05-20 04:39:00
KP027243,KW10166,2026-05-21,MX,Desktop,2910,33.0,42,867,4.84,2026-05-21 21:10:00
KP027244,KW10633,2026-05-22,UK,Mobile,3808,46.0,89,1807,4.93,2026-05-22 14:34:00
KP027245,KW10361,2026-05-23,JP,Desktop,4186,21.0,110,2089,5.27,2026-05-23 18:47:00
KP027246,KW10955,2026-05-24,US,Desktop,1750,9.0,9,120,7.5,2026-05-24 01:24:00
KP027247,KW11015,2026-05-25,US,Mobile,4129,9.0,156,1488,10.48,2026-05-25 13:28:00
KP027248,KW11146,2026-05-26,CA,Desktop,1100,12.0,7,112,6.25,2026-05-26 03:15:00
KP027249,KW10364,2026-05-27,IN,Mobile,841,48.0,13,386,3.37,2026-05-27 09:00:00
KP027250,KW10688,2026-05-28,UK,Mobile,2081,30.0,44,1076,4.09,2026-05-28 05:31:00
KP027251,KW11137,2026-05-29,CA,Desktop,8568,26.0,76,1505,5.05,2026-05-29 14:01:00
KP027252,KW10861,2026-05-30,IN,Mobile,1387,39.0,7,161,4.35,2026-05-30 21:06:00
KP027253,KW11200,2026-05-31,UK,Desktop,1045,6.0,27,276,9.78,2026-05-31 09:45:00
KP027499,KW11884,2026-02-01,UK,Desktop,3228,15.0,94,1247,7.54,2026-02-01 07:36:00
KP027500,KW10923,2026-02-02,MX,Mobile,1624,32.0,29,648,4.48,2026-02-02 02:16:00
KP027501,KW11550,2026-02-03,BR,Desktop,2001,41.0,37,717,5.16,2026-02-03 14:56:00
KP027502,KW11642,2026-02-04,DE,Desktop,2588,21.0,33,417,7.91,2026-02-04 00:25:00
KP027503,KW10341,2026-02-05,MX,Desktop,10381,7.0,251,1998,12.56,2026-02-05 08:59:00
KP027504,KW10400,2026-02-06,MX,Mobile,1273,15.0,44,657,6.7,2026-02-06 18:49:00
KP027505,KW11123,2026-02-07,AU,Desktop,8067,38.0,172,3350,5.13,2026-02-07 22:30:00
KP027506,KW10229,2026-02-08,UK,Mobile,5371,45.0,34,974,3.49,2026-02-08 19:55:00
KP027507,KW11468,2026-02-09,FR,Desktop,5918,48.0,123,2712,4.54,2026-02-09 16:56:00
KP027508,KW11732,2026-02-10,CA,Mobile,2588,34.0,27,474,5.7,2026-02-10 04:35:00
KP027509,KW11310,2026-02-11,DE,Mobile,3899,40.0,101,2060,4.9,2026-02-11 17:21:00
KP027510,KW11812,2026-02-12,MX,Desktop,3137,21.0,80,1128,7.09,2026-02-12 21:44:00
KP027511,KW10997,2026-02-13,AU,Mobile,1815,45.0,36,835,4.31,2026-02-13 13:51:00
KP027512,KW11487,2026-02-14,AU,Desktop,1513,19.0,66,816,8.09,2026-02-14 10:17:00
KP027513,KW10165,2026-02-15,DE,Mobile,1739,27.0,46,918,5.01,2026-02-15 21:21:00
KP027514,KW10653,2026-02-16,UK,Mobile,1121,48.0,21,480,4.38,2026-02-16 20:48:00
KP027515,KW11648,2026-02-17,JP,Desktop,7147,18.0,228,3850,5.92,2026-02-17 05:59:00
KP027516,KW11118,2026-02-18,MX,Mobile,3126,41.0,21,560,3.75,2026-02-18 05:12:00
KP027517,KW10700,2026-02-19,US,Desktop,15230,50.0,93,3038,3.06,2026-02-19 13:52:00
KP027518,KW10618,2026-02-20,DE,Mobile,4165,12.0,22,212,10.38,2026-02-20 23:26:00
KP027519,KW11110,2026-02-21,US,Desktop,3792,5.0,162,1262,12.84,2026-02-21 23:41:00
KP027520,KW11205,2026-02-22,MX,Mobile,3795,14.0,19,201,9.45,2026-02-22 05:31:00
KP027521,KW11030,2026-02-23,MX,Desktop,18329,35.0,415,6987,5.94,2026-02-23 19:37:00
KP027522,KW10161,2026-02-24,FR,Tablet,19043,26.0,556,10414,5.34,2026-02-24 18:02:00
KP027523,KW11617,2026-02-25,DE,Desktop,2037,47.0,34,693,4.91,2026-02-25 06:38:00
KP027524,KW10793,2026-02-26,UK,Mobile,3539,50.0,35,731,4.79,2026-02-26 05:30:00
KP027525,KW10859,2026-02-27,IN,Mobile,3689,16.0,62,861,7.2,2026-02-27 22:46:00
KP027526,KW10113,2026-02-28,US,Desktop,2629,27.0,12,279,4.3,2026-02-28 19:53:00
KP027527,KW10038,2026-03-01,FR,Desktop,432,24.0,3,48,6.25,2026-03-01 10:08:00
KP027528,KW11532,2026-03-02,CA,Tablet,2290,26.0,37,634,5.84,2026-03-02 06:55:00
KP027529,KW10288,2026-03-03,MX,Desktop,1084,35.0,13,364,3.57,2026-03-03 13:45:00
KP027530,KW10561,2026-03-04,US,Desktop,3454,31.0,20,488,4.1,2026-03-04 08:58:00
KP027531,KW10605,2026-03-05,US,Mobile,2376,11.0,68,791,8.6,2026-03-05 10:18:00
KP027532,KW10593,2026-03-06,BR,Tablet,2008,26.0,44,772,5.7,2026-03-06 09:17:00
KP027533,KW11408,2026-03-07,IN,Desktop,1150,46.0,3,83,3.61,2026-03-07 13:35:00
KP027534,KW11009,2026-03-08,MX,Mobile,2137,45.0,36,722,4.99,2026-03-08 00:07:00
KP027535,KW10267,2026-03-09,DE,Mobile,2047,15.0,80,940,8.51,2026-03-09 12:28:00
KP027536,KW11307,2026-03-10,CA,Desktop,447,49.0,7,216,3.24,2026-03-10 10:18:00
KP027537,KW10410,2026-03-11,DE,Mobile,3714,27.0,100,1635,6.12,2026-03-11 20:33:00
KP027538,KW10228,2026-03-12,DE,Desktop,2564,50.0,44,1322,3.33,2026-03-12 13:02:00
KP027539,KW10817,2026-03-13,UK,Mobile,1570,4.0,72,414,17.39,2026-03-13 17:42:00
KP027540,KW10250,2026-03-14,MX,Desktop,9220,18.0,153,2860,5.35,2026-03-14 09:45:00
KP027541,KW11194,2026-03-15,AU,Mobile,7992,26.0,152,2095,7.26,2026-03-15 20:45:00
KP027542,KW11106,2026-03-16,DE,Mobile,346,1.0,46,133,34.59,2026-03-16 06:56:00
KP027543,KW10933,2026-03-17,FR,Mobile,1145,5.0,79,590,13.39,2026-03-17 19:33:00
KP027544,KW10504,2026-03-18,US,Mobile,1070,33.0,23,581,3.96,2026-03-18 04:53:00
KP027545,KW10518,2026-03-19,FR,Desktop,1653,25.0,19,311,6.11,2026-03-19 02:02:00
KP027546,KW10382,2026-03-20,FR,Desktop,14282,4.0,1131,6159,18.36,2026-03-20 22:31:00
KP027547,KW11621,2026-03-21,CA,Mobile,2861,40.0,16,345,4.64,2026-03-21 21:28:00
KP027548,KW10242,2026-03-22,UK,Mobile,1806,6.0,111,805,13.79,2026-03-22 19:24:00
KP027549,KW11657,2026-03-23,IN,Mobile,932,22.0,30,497,6.04,2026-03-23 01:45:00
KP027550,KW11121,2026-03-24,FR,Tablet,7526,37.0,211,4064,5.19,2026-03-24 22:06:00
KP027551,KW10872,2026-03-25,BR,Mobile,3857,47.0,21,599,3.51,2026-03-25 16:35:00
KP027552,KW10606,2026-03-26,AU,Mobile,5165,9.0,186,1695,10.97,2026-03-26 13:31:00
KP027553,KW10262,2026-03-27,CA,Desktop,1887,27.0,13,233,5.58,2026-03-27 14:20:00
KP027554,KW10361,2026-03-28,UK,Mobile,2978,9.0,87,798,10.9,2026-03-28 10:20:00
KP027555,KW11158,2026-03-29,IN,Mobile,3760,46.0,10,271,3.69,2026-03-29 22:59:00
KP027556,KW10020,2026-03-30,IN,Mobile,1162,1.0,84,241,34.85,2026-03-30 09:16:00
KP027557,KW11302,2026-03-31,IN,Desktop,4481,43.0,49,1219,4.02,2026-03-31 20:10:00
KP027558,KW10068,2026-04-01,DE,Mobile,989,16.0,9,115,7.83,2026-04-01 11:48:00
KP027559,KW11670,2026-04-02,BR,Mobile,3931,22.0,102,1484,6.87,2026-04-02 02:36:00
KP027560,KW11723,2026-04-03,US,Desktop,1694,24.0,17,278,6.12,2026-04-03 12:46:00
KP027561,KW11616,2026-04-04,AU,Mobile,6743,43.0,30,852,3.52,2026-04-04 07:06:00
KP027562,KW11123,2026-04-05,CA,Tablet,3143,11.0,11,170,6.47,2026-04-05 21:10:00
KP027563,KW10582,2026-04-06,US,Desktop,2378,29.0,31,713,4.35,2026-04-06 14:17:00
KP027564,KW10082,2026-04-07,CA,Desktop,8868,29.0,81,1188,6.82,2026-04-07 06:29:00
KP027565,KW11833,2026-04-08,MX,Desktop,2921,9.0,109,1175,9.28,2026-04-08 00:34:00
KP027566,KW11482,2026-04-09,US,Tablet,1450,23.0,23,321,7.17,2026-04-09 04:03:00
KP027567,KW10829,2026-04-10,AU,Mobile,1349,2.0,147,588,25.0,2026-04-10 16:15:00
KP027568,KW11698,2026-04-11,DE,Mobile,1413,49.0,35,765,4.58,2026-04-11 04:41:00
KP027569,KW10628,2026-04-12,AU,Desktop,2541,50.0,60,1325,4.53,2026-04-12 07:54:00
KP027570,KW11699,2026-04-13,IN,Desktop,1312,4.0,21,130,16.15,2026-04-13 19:35:00
KP027571,KW11593,2026-04-14,CA,Mobile,4593,50.0,60,1664,3.61,2026-04-14 08:30:00
KP027572,KW10757,2026-04-15,BR,Mobile,490,48.0,6,167,3.59,2026-04-15 11:17:00
KP027573,KW11503,2026-04-16,DE,Desktop,3278,25.0,122,1737,7.02,2026-04-16 14:00:00
KP027574,KW11763,2026-04-17,IN,Desktop,4568,34.0,78,1251,6.24,2026-04-17 17:51:00
KP027575,KW11286,2026-04-18,DE,Desktop,2819,27.0,10,214,4.67,2026-04-18 17:06:00
KP027576,KW11978,2026-04-19,CA,Desktop,3346,45.0,53,1347,3.93,2026-04-19 06:26:00
KP027577,KW10762,2026-04-20,FR,Mobile,2979,33.0,67,1512,4.43,2026-04-20 23:09:00
KP027578,KW10881,2026-04-21,JP,Mobile,446,44.0,1,35,2.86,2026-04-21 17:18:00
KP027579,KW11791,2026-04-22,MX,Desktop,4924,34.0,103,2231,4.62,2026-04-22 10:49:00
KP027580,KW10104,2026-04-23,IN,Desktop,10608,2.0,1099,3957,27.77,2026-04-23 12:41:00
KP027581,KW11913,2026-04-24,AU,Mobile,2385,11.0,32,442,7.24,2026-04-24 05:04:00
KP027582,KW10655,2026-04-25,IN,Mobile,7800,17.0,112,1705,6.57,2026-04-25 18:50:00
KP027583,KW10353,2026-04-26,BR,Desktop,577,36.0,17,309,5.5,2026-04-26 07:39:00
KP027584,KW11097,2026-04-27,CA,Tablet,929,10.0,44,372,11.83,2026-04-27 06:42:00
KP027585,KW10875,2026-04-28,JP,Mobile,4131,15.0,20,275,7.27,2026-04-28 19:04:00
KP027586,KW10112,2026-04-29,JP,Mobile,3279,49.0,47,1020,4.61,2026-04-29 12:24:00
KP027587,KW11755,2026-04-30,IN,Mobile,1756,39.0,40,724,5.52,2026-04-30 15:04:00
KP027588,KW10302,2026-05-01,US,Desktop,11491,12.0,54,756,7.14,2026-05-01 21:05:00
KP027589,KW11410,2026-05-02,DE,Mobile,1430,21.0,8,114,7.02,2026-05-02 06:12:00
KP027590,KW10767,2026-05-03,UK,Mobile,1982,7.0,30,242,12.4,2026-05-03 21:36:00
KP027591,KW10650,2026-05-04,JP,Tablet,5253,32.0,69,1123,6.14,2026-05-04 19:59:00
KP027592,KW11924,2026-05-05,AU,Desktop,1846,40.0,17,456,3.73,2026-05-05 12:50:00
KP027593,KW10117,2026-05-06,DE,Desktop,1762,25.0,15,259,5.79,2026-05-06 18:02:00
KP027594,KW11389,2026-05-07,IN,Desktop,1304,6.0,80,532,15.04,2026-05-07 08:37:00
KP027595,KW11085,2026-05-08,US,Desktop,1607,6.0,71,504,14.09,2026-05-08 04:59:00
KP027596,KW10912,2026-05-09,US,Mobile,5290,46.0,135,2762,4.89,2026-05-09 11:13:00
KP027597,KW10154,2026-05-10,CA,Desktop,856,6.0,26,256,10.16,2026-05-10 10:37:00
KP027598,KW10941,2026-05-11,UK,Tablet,3800,10.0,79,901,8.77,2026-05-11 06:24:00
KP027599,KW11569,2026-05-12,IN,Desktop,3231,35.0,55,1478,3.72,2026-05-12 16:47:00
KP027600,KW10263,2026-05-13,UK,Desktop,14808,6.0,531,3783,14.04,2026-05-13 01:15:00
KP027601,KW11377,2026-05-14,AU,Desktop,1506,47.0,15,394,3.81,2026-05-14 17:07:00
KP027602,KW11739,2026-05-15,CA,Mobile,2650,19.0,31,460,6.74,2026-05-15 07:18:00
KP027603,KW11814,2026-05-16,DE,Mobile,13614,31.0,277,5711,4.85,2026-05-16 22:42:00
KP027604,KW11118,2026-05-17,FR,Mobile,2319,14.0,63,1022,6.16,2026-05-17 11:59:00
KP027605,KW10894,2026-05-18,US,Desktop,3171,47.0,33,1057,3.12,2026-05-18 09:33:00
KP027606,KW11252,2026-05-19,IN,Mobile,501,11.0,24,262,9.16,2026-05-19 14:56:00
KP027607,KW10774,2026-05-20,MX,Mobile,288,32.0,3,59,5.08,2026-05-20 09:55:00
KP027608,KW11517,2026-05-21,AU,Mobile,1984,13.0,77,845,9.11,2026-05-21 16:19:00
KP027609,KW10529,2026-05-22,US,Mobile,1119,42.0,6,158,3.8,2026-05-22 17:00:00
KP027610,KW10846,2026-05-23,AU,Mobile,13440,43.0,123,2869,4.29,2026-05-23 11:35:00
KP027611,KW10244,2026-05-24,DE,Desktop,1300,50.0,10,314,3.18,2026-05-24 07:21:00
KP027612,KW10876,2026-05-25,FR,Desktop,2878,12.0,129,1308,9.86,2026-05-25 01:27:00
KP027613,KW11008,2026-05-26,IN,Desktop,1315,9.0,13,111,11.71,2026-05-26 14:02:00
KP027614,KW11991,2026-05-27,IN,Desktop,6320,36.0,84,2304,3.65,2026-05-27 18:31:00
KP027615,KW11390,2026-05-28,JP,Mobile,5561,46.0,80,1624,4.93,2026-05-28 13:16:00
KP027616,KW10823,2026-05-29,UK,Desktop,8779,29.0,140,2359,5.93,2026-05-29 14:45:00
KP027617,KW11985,2026-05-30,BR,Mobile,11165,9.0,369,3510,10.51,2026-05-30 09:20:00
KP027618,KW10037,2026-05-31,FR,Mobile,1785,15.0,61,923,6.61,2026-05-31 01:56:00
KP027864,KW10172,2026-02-01,FR,Mobile,3402,33.0,55,1160,4.74,2026-02-01 14:13:00
KP027865,KW11225,2026-02-02,BR,Mobile,15741,4.0,719,3735,19.25,2026-02-02 07:46:00
KP027866,KW11640,2026-02-03,FR,Desktop,9069,28.0,185,3001,6.16,2026-02-03 10:16:00
KP027867,KW11360,2026-02-04,AU,Desktop,1100,19.0,29,350,8.29,2026-02-04 01:14:00
KP027868,KW11778,2026-02-05,FR,Mobile,1698,23.0,7,101,6.93,2026-02-05 06:27:00
KP027869,KW10226,2026-02-06,IN,Desktop,11875,36.0,219,4535,4.83,2026-02-06 02:41:00
KP027870,KW10821,2026-02-07,JP,Mobile,551,23.0,15,210,7.14,2026-02-07 05:01:00
KP027871,KW10695,2026-02-08,IN,Desktop,4632,16.0,129,1651,7.81,2026-02-08 07:02:00
KP027872,KW10873,2026-02-09,AU,Mobile,5465,6.0,259,2355,11.0,2026-02-09 02:06:00
KP027873,KW11853,2026-02-10,JP,Desktop,1988,38.0,23,560,4.11,2026-02-10 14:35:00
KP027874,KW10976,2026-02-11,BR,Desktop,3331,50.0,54,1219,4.43,2026-02-11 14:01:00
KP027875,KW10361,2026-02-12,JP,Mobile,12533,34.0,115,2111,5.45,2026-02-12 11:23:00
KP027876,KW11501,2026-02-13,BR,Mobile,37175,26.0,854,12605,6.78,2026-02-13 20:17:00
KP027877,KW10440,2026-02-14,DE,Mobile,1549,3.0,121,793,15.26,2026-02-14 23:17:00
KP027878,KW11166,2026-02-15,IN,Mobile,2603,29.0,18,392,4.59,2026-02-15 05:07:00
KP027879,KW10673,2026-02-16,FR,Mobile,7385,22.0,72,1271,5.66,2026-02-16 08:08:00
KP027880,KW11521,2026-02-17,FR,Mobile,21684,47.0,93,1993,4.67,2026-02-17 10:49:00
KP027881,KW11885,2026-02-18,BR,Mobile,1917,12.0,21,259,8.11,2026-02-18 03:39:00
KP027882,KW11692,2026-02-19,BR,Desktop,3121,26.0,66,1069,6.17,2026-02-19 18:02:00
KP027883,KW10997,2026-02-20,AU,Desktop,659,30.0,9,185,4.86,2026-02-20 12:23:00
KP027884,KW10453,2026-02-21,DE,Desktop,19549,37.0,602,10215,5.89,2026-02-21 10:20:00
KP027885,KW10484,2026-02-22,UK,Desktop,2924,7.0,167,1503,11.11,2026-02-22 13:58:00
KP027886,KW11221,2026-02-23,US,Desktop,6450,37.0,107,2570,4.16,2026-02-23 07:31:00
KP027887,KW11991,2026-02-24,FR,Mobile,5206,6.0,202,1351,14.95,2026-02-24 09:17:00
KP027888,KW11282,2026-02-25,CA,Desktop,4690,32.0,89,2252,3.95,2026-02-25 01:19:00
KP027889,KW11319,2026-02-26,UK,Desktop,2098,17.0,40,589,6.79,2026-02-26 06:33:00
KP027890,KW10522,2026-02-27,BR,Mobile,3174,47.0,18,558,3.23,2026-02-27 15:31:00
KP027891,KW10991,2026-02-28,IN,Mobile,8280,26.0,184,2741,6.71,2026-02-28 05:37:00
KP027892,KW10955,2026-03-01,FR,Desktop,6095,40.0,73,1416,5.16,2026-03-01 08:35:00
KP027893,KW11536,2026-03-02,AU,Desktop,3240,48.0,28,566,4.95,2026-03-02 17:30:00
KP027894,KW10690,2026-03-03,AU,Mobile,8810,22.0,313,4373,7.16,2026-03-03 11:00:00
KP027895,KW10744,2026-03-04,CA,Mobile,1000,42.0,10,281,3.56,2026-03-04 08:28:00
KP027896,KW11639,2026-03-05,UK,Desktop,6918,17.0,149,2195,6.79,2026-03-05 22:25:00
KP027897,KW10378,2026-03-06,IN,Mobile,4811,39.0,73,1851,3.94,2026-03-06 08:21:00
KP027898,KW10445,2026-03-07,MX,Desktop,5857,41.0,42,1091,3.85,2026-03-07 15:41:00
KP027899,KW10432,2026-03-08,AU,Mobile,1139,10.0,47,514,9.14,2026-03-08 02:08:00
KP027900,KW11954,2026-03-09,JP,Desktop,8631,43.0,97,2395,4.05,2026-03-09 14:26:00
KP027901,KW11329,2026-03-10,US,Mobile,4147,31.0,17,344,4.94,2026-03-10 20:11:00
KP027902,KW10759,2026-03-11,UK,Desktop,2011,38.0,30,650,4.62,2026-03-11 15:50:00
KP027903,KW10846,2026-03-12,US,Mobile,7640,21.0,186,2835,6.56,2026-03-12 23:06:00
KP027904,KW11834,2026-03-13,DE,Desktop,5027,43.0,27,548,4.93,2026-03-13 07:42:00
KP027905,KW11088,2026-03-14,AU,Mobile,5532,32.0,30,545,5.5,2026-03-14 22:14:00
KP027906,KW11860,2026-03-15,DE,Mobile,16585,21.0,263,4747,5.54,2026-03-15 18:53:00
KP027907,KW10244,2026-03-16,UK,Mobile,1020,9.0,55,436,12.61,2026-03-16 22:01:00
KP027908,KW10193,2026-03-17,IN,Mobile,6731,35.0,54,1372,3.94,2026-03-17 08:32:00
KP027909,KW11935,2026-03-18,UK,Mobile,2834,19.0,52,693,7.5,2026-03-18 01:28:00
KP027910,KW10029,2026-03-19,IN,Desktop,349,25.0,9,162,5.56,2026-03-19 05:32:00
KP027911,KW10225,2026-03-20,FR,Mobile,2371,9.0,109,1093,9.97,2026-03-20 08:43:00
KP027912,KW11609,2026-03-21,BR,Mobile,1800,44.0,25,526,4.75,2026-03-21 20:02:00
KP027913,KW11734,2026-03-22,US,Mobile,1881,45.0,35,850,4.12,2026-03-22 20:21:00
KP027914,KW11651,2026-03-23,MX,Mobile,8275,39.0,195,3381,5.77,2026-03-23 00:50:00
KP027915,KW11768,2026-03-24,MX,Desktop,2982,47.0,13,328,3.96,2026-03-24 00:12:00
KP027916,KW11814,2026-03-25,JP,Mobile,1026,26.0,15,298,5.03,2026-03-25 23:50:00
KP027917,KW11595,2026-03-26,JP,Desktop,11793,7.0,367,3684,9.96,2026-03-26 03:34:00
KP027918,KW10887,2026-03-27,CA,Desktop,1368,44.0,7,181,3.87,2026-03-27 10:07:00
KP027919,KW11873,2026-03-28,DE,Mobile,2709,17.0,69,1194,5.78,2026-03-28 11:42:00
KP027920,KW11650,2026-03-29,US,Desktop,2346,18.0,70,1059,6.61,2026-03-29 21:24:00
KP027921,KW11097,2026-03-30,DE,Mobile,20201,46.0,199,3790,5.25,2026-03-30 11:48:00
KP027922,KW11076,2026-03-31,UK,Mobile,1683,36.0,22,594,3.7,2026-03-31 08:00:00
KP027923,KW10924,2026-04-01,UK,Mobile,4005,44.0,78,1492,5.23,2026-04-01 22:58:00
KP027924,KW10795,2026-04-02,CA,Desktop,2587,48.0,53,1191,4.45,2026-04-02 02:01:00
KP027925,KW10824,2026-04-03,UK,Desktop,459,45.0,10,212,4.72,2026-04-03 17:45:00
KP027926,KW11007,2026-04-04,BR,Desktop,1152,10.0,29,333,8.71,2026-04-04 22:28:00
KP027927,KW11644,2026-04-05,US,Desktop,1909,11.0,47,607,7.74,2026-04-05 14:10:00
KP027928,KW10938,2026-04-06,MX,Desktop,1900,33.0,17,428,3.97,2026-04-06 15:56:00
KP027929,KW11819,2026-04-07,AU,Desktop,731,5.0,57,372,15.32,2026-04-07 11:35:00
KP027930,KW11964,2026-04-08,BR,Mobile,3977,38.0,42,724,5.8,2026-04-08 02:30:00
KP027931,KW10813,2026-04-09,BR,Mobile,1347,15.0,53,617,8.59,2026-04-09 07:19:00
KP027932,KW11115,2026-04-10,CA,Mobile,1403,3.0,152,757,20.08,2026-04-10 17:14:00
KP027933,KW10453,2026-04-11,DE,Mobile,818,36.0,4,133,3.01,2026-04-11 02:46:00
KP027934,KW11246,2026-04-12,DE,Mobile,5659,18.0,67,873,7.67,2026-04-12 10:53:00
KP027935,KW10085,2026-04-13,FR,Mobile,3431,11.0,121,1519,7.97,2026-04-13 17:26:00
KP027936,KW11131,2026-04-14,AU,Desktop,6127,31.0,43,1085,3.96,2026-04-14 16:09:00
KP027937,KW11077,2026-04-15,CA,Mobile,8088,20.0,203,2873,7.07,2026-04-15 09:58:00
KP027938,KW10042,2026-04-16,BR,Mobile,2001,29.0,37,907,4.08,2026-04-16 20:49:00
KP027939,KW10698,2026-04-17,UK,Mobile,1679,36.0,36,638,5.64,2026-04-17 07:42:00
KP027940,KW11882,2026-04-18,MX,Mobile,3680,48.0,55,1239,4.44,2026-04-18 06:45:00
KP027941,KW10619,2026-04-19,MX,Mobile,1014,18.0,41,468,8.76,2026-04-19 13:16:00
KP027942,KW10980,2026-04-20,FR,Desktop,6584,9.0,271,2562,10.58,2026-04-20 02:06:00
KP027943,KW10291,2026-04-21,US,Mobile,3128,34.0,92,1567,5.87,2026-04-21 04:14:00
KP027944,KW11265,2026-04-22,JP,Mobile,2423,34.0,33,708,4.66,2026-04-22 06:59:00
KP027945,KW11410,2026-04-23,JP,Mobile,1301,44.0,30,704,4.26,2026-04-23 17:45:00
KP027946,KW11561,2026-04-24,JP,Desktop,1399,42.0,26,547,4.75,2026-04-24 07:54:00
KP027947,KW10780,2026-04-25,UK,Desktop,619,37.0,11,253,4.35,2026-04-25 18:03:00
KP027948,KW11901,2026-04-26,JP,Mobile,3585,1.0,556,1665,33.39,2026-04-26 04:10:00
KP027949,KW10804,2026-04-27,US,Mobile,2764,38.0,61,1324,4.61,2026-04-27 06:19:00
KP027950,KW11567,2026-04-28,IN,Mobile,906,43.0,11,210,5.24,2026-04-28 05:31:00
KP027951,KW10394,2026-04-29,UK,Desktop,6785,45.0,108,2892,3.73,2026-04-29 02:40:00
KP027952,KW10725,2026-04-30,BR,Desktop,14744,11.0,152,1789,8.5,2026-04-30 11:21:00
KP027953,KW11398,2026-05-01,FR,Desktop,3174,37.0,69,1482,4.66,2026-05-01 15:41:00
KP027954,KW10536,2026-05-02,IN,Desktop,2800,14.0,125,1470,8.5,2026-05-02 19:10:00
KP027955,KW11019,2026-05-03,AU,Desktop,1608,19.0,51,627,8.13,2026-05-03 20:22:00
KP027956,KW11763,2026-05-04,IN,Mobile,4072,27.0,65,1163,5.59,2026-05-04 03:28:00
KP027957,KW11664,2026-05-05,CA,Tablet,4877,14.0,78,926,8.42,2026-05-05 20:46:00
KP027958,KW10469,2026-05-06,US,Mobile,7820,37.0,28,608,4.61,2026-05-06 01:35:00
KP027959,KW10894,2026-05-07,BR,Mobile,2903,9.0,36,343,10.5,2026-05-07 20:12:00
KP027960,KW10104,2026-05-08,BR,Mobile,1571,39.0,6,118,5.08,2026-05-08 16:03:00
KP027961,KW10269,2026-05-09,BR,Desktop,2723,48.0,37,816,4.53,2026-05-09 01:22:00
KP027962,KW11214,2026-05-10,US,Mobile,3372,22.0,73,957,7.63,2026-05-10 18:49:00
KP027963,KW10956,2026-05-11,JP,Mobile,443,28.0,3,66,4.55,2026-05-11 18:59:00
KP027964,KW11309,2026-05-12,BR,Desktop,5857,10.0,42,505,8.32,2026-05-12 09:26:00
KP027965,KW10362,2026-05-13,US,Desktop,2583,49.0,60,1270,4.72,2026-05-13 15:26:00
KP027966,KW10390,2026-05-14,BR,Mobile,2811,15.0,109,1514,7.2,2026-05-14 13:42:00
KP027967,KW11298,2026-05-15,IN,Mobile,13118,6.0,545,4325,12.6,2026-05-15 11:03:00
KP027968,KW11444,2026-05-16,CA,Mobile,2902,2.0,257,918,28.0,2026-05-16 12:21:00
KP027969,KW11012,2026-05-17,CA,Desktop,3088,6.0,31,285,10.88,2026-05-17 18:00:00
KP027970,KW11499,2026-05-18,UK,Desktop,7244,33.0,166,2999,5.54,2026-05-18 01:00:00
KP027971,KW10809,2026-05-19,JP,Desktop,2564,38.0,22,389,5.66,2026-05-19 14:57:00
KP027972,KW11775,2026-05-20,MX,Desktop,10711,42.0,40,875,4.57,2026-05-20 04:53:00
KP027973,KW11317,2026-05-21,US,Mobile,1105,9.0,39,380,10.26,2026-05-21 22:12:00
KP027974,KW11849,2026-05-22,UK,Mobile,10659,13.0,205,2642,7.76,2026-05-22 20:58:00
KP027975,KW11630,2026-05-23,JP,Tablet,6359,33.0,35,616,5.68,2026-05-23 06:52:00
KP027976,KW11613,2026-05-24,DE,Desktop,4402,34.0,113,1976,5.72,2026-05-24 18:18:00
KP027977,KW10735,2026-05-25,UK,Desktop,24523,31.0,376,8222,4.57,2026-05-25 11:47:00
KP027978,KW10913,2026-05-26,DE,Desktop,1039,35.0,9,202,4.46,2026-05-26 05:46:00
KP027979,KW10437,2026-05-27,BR,Desktop,2283,27.0,22,319,6.9,2026-05-27 21:56:00
KP027980,KW10296,2026-05-28,CA,Desktop,1685,30.0,21,519,4.05,2026-05-28 13:22:00
KP027981,KW10650,2026-05-29,IN,Mobile,1441,10.0,72,654,11.01,2026-05-29 12:12:00
KP027982,KW11902,2026-05-30,JP,Mobile,5214,40.0,60,1654,3.63,2026-05-30 10:56:00
KP027983,KW11720,2026-05-31,MX,Mobile,6056,17.0,221,2617,8.44,2026-05-31 19:55:00
KP028229,KW11410,2026-02-01,CA,Desktop,17431,40.0,346,8625,4.01,2026-02-01 12:18:00
KP028230,KW11405,2026-02-02,DE,Mobile,1712,4.0,104,645,16.12,2026-02-02 11:14:00
KP028231,KW11139,2026-02-03,AU,Mobile,12215,25.0,264,4503,5.86,2026-02-03 13:05:00
KP028232,KW10890,2026-02-04,JP,Desktop,1503,6.0,76,716,10.61,2026-02-04 08:48:00
KP028233,KW11492,2026-02-05,CA,Desktop,5052,39.0,67,1564,4.28,2026-02-05 09:39:00
KP028234,KW10535,2026-02-06,IN,Mobile,1452,40.0,28,575,4.87,2026-02-06 01:55:00
KP028235,KW10391,2026-02-07,UK,Mobile,1729,24.0,43,618,6.96,2026-02-07 01:57:00
KP028236,KW11124,2026-02-08,CA,Mobile,3145,18.0,110,1332,8.26,2026-02-08 05:10:00
KP028237,KW11123,2026-02-09,US,Desktop,2990,46.0,75,1416,5.3,2026-02-09 04:40:00
KP028238,KW10619,2026-02-10,BR,Tablet,23197,27.0,561,11621,4.83,2026-02-10 09:29:00
KP028239,KW10470,2026-02-11,BR,Mobile,8199,5.0,699,4213,16.59,2026-02-11 12:35:00
KP028240,KW11269,2026-02-12,MX,Mobile,9618,48.0,154,4166,3.7,2026-02-12 19:14:00
KP028241,KW10766,2026-02-13,AU,Mobile,3961,29.0,18,347,5.19,2026-02-13 02:25:00
KP028242,KW10189,2026-02-14,BR,Mobile,3773,46.0,55,1250,4.4,2026-02-14 23:19:00
KP028243,KW10989,2026-02-15,FR,Mobile,308,22.0,3,47,6.38,2026-02-15 05:17:00
KP028244,KW11716,2026-02-16,AU,Mobile,674,39.0,3,60,5.0,2026-02-16 03:14:00
KP028245,KW11373,2026-02-17,US,Mobile,1164,31.0,12,310,3.87,2026-02-17 16:43:00
KP028246,KW10704,2026-02-18,CA,Mobile,2330,50.0,15,401,3.74,2026-02-18 12:44:00
KP028247,KW10560,2026-02-19,AU,Tablet,4879,31.0,28,461,6.07,2026-02-19 06:38:00
KP028248,KW10878,2026-02-20,MX,Mobile,10756,17.0,198,2688,7.37,2026-02-20 04:57:00
KP028249,KW10309,2026-02-21,DE,Mobile,834,41.0,16,306,5.23,2026-02-21 23:16:00
KP028250,KW11720,2026-02-22,CA,Desktop,26028,45.0,190,5688,3.34,2026-02-22 01:05:00
KP028251,KW11956,2026-02-23,UK,Mobile,6186,2.0,405,1638,24.73,2026-02-23 09:21:00
KP028252,KW11452,2026-02-24,IN,Desktop,15301,40.0,139,3391,4.1,2026-02-24 06:10:00
KP028253,KW10788,2026-02-25,IN,Desktop,5985,17.0,150,1760,8.52,2026-02-25 16:48:00
KP028254,KW11474,2026-02-26,IN,Desktop,6477,10.0,313,3387,9.24,2026-02-26 01:34:00
KP028255,KW11814,2026-02-27,CA,Mobile,6800,39.0,99,2455,4.03,2026-02-27 10:10:00
KP028256,KW11206,2026-02-28,UK,Mobile,30391,10.0,721,7112,10.14,2026-02-28 08:38:00
KP028257,KW11028,2026-03-01,CA,Desktop,3112,16.0,51,704,7.24,2026-03-01 00:59:00
KP028258,KW10170,2026-03-02,AU,Desktop,2300,13.0,84,950,8.84,2026-03-02 18:21:00
KP028259,KW10318,2026-03-03,JP,Mobile,6452,27.0,72,1126,6.39,2026-03-03 21:57:00
KP028260,KW10474,2026-03-04,CA,Desktop,7182,28.0,86,1317,6.53,2026-03-04 04:51:00
KP028261,KW11686,2026-03-05,US,Mobile,1775,41.0,5,95,5.26,2026-03-05 07:51:00
KP028262,KW10118,2026-03-06,US,Desktop,2099,42.0,55,1063,5.17,2026-03-06 22:14:00
KP028263,KW10724,2026-03-07,BR,Mobile,1156,42.0,27,503,5.37,2026-03-07 02:48:00
KP028264,KW11073,2026-03-08,US,Desktop,5481,6.0,32,328,9.76,2026-03-08 07:56:00
KP028265,KW10054,2026-03-09,CA,Mobile,22425,50.0,485,10975,4.42,2026-03-09 16:41:00
KP028266,KW10877,2026-03-10,AU,Desktop,1340,22.0,35,671,5.22,2026-03-10 05:39:00
KP028267,KW11894,2026-03-11,DE,Desktop,2188,35.0,39,917,4.25,2026-03-11 20:06:00
KP028268,KW11669,2026-03-12,CA,Mobile,3849,1.0,595,1856,32.06,2026-03-12 15:34:00
KP028269,KW10756,2026-03-13,MX,Desktop,4207,50.0,72,1999,3.6,2026-03-13 09:37:00
KP028270,KW10022,2026-03-14,CA,Mobile,4730,50.0,43,907,4.74,2026-03-14 00:45:00
KP028271,KW10986,2026-03-15,MX,Desktop,5315,8.0,232,2116,10.96,2026-03-15 23:32:00
KP028272,KW10264,2026-03-16,JP,Desktop,6478,6.0,344,3303,10.41,2026-03-16 13:55:00
KP028273,KW10705,2026-03-17,UK,Mobile,2281,32.0,60,1135,5.29,2026-03-17 21:52:00
KP028274,KW11383,2026-03-18,JP,Desktop,2017,22.0,18,245,7.35,2026-03-18 00:19:00
KP028275,KW10151,2026-03-19,FR,Tablet,11651,23.0,195,4097,4.76,2026-03-19 08:50:00
KP028276,KW10705,2026-03-20,UK,Mobile,2158,11.0,86,775,11.1,2026-03-20 09:21:00
KP028277,KW11287,2026-03-21,JP,Mobile,618,29.0,4,91,4.4,2026-03-21 01:39:00
KP028278,KW11472,2026-03-22,CA,Desktop,17188,47.0,314,7811,4.02,2026-03-22 13:55:00
KP028279,KW11313,2026-03-23,MX,Desktop,800,3.0,71,359,19.78,2026-03-23 00:34:00
KP028280,KW11690,2026-03-24,UK,Mobile,955,46.0,12,349,3.44,2026-03-24 12:13:00
KP028281,KW11113,2026-03-25,BR,Desktop,4685,6.0,347,2162,16.05,2026-03-25 21:53:00
KP028282,KW10351,2026-03-26,UK,Mobile,1427,13.0,77,752,10.24,2026-03-26 11:48:00
KP028283,KW11963,2026-03-27,JP,Desktop,624,44.0,14,342,4.09,2026-03-27 20:26:00
KP028284,KW11912,2026-03-28,FR,Desktop,5044,47.0,52,1356,3.83,2026-03-28 15:18:00
KP028285,KW10971,2026-03-29,IN,Desktop,9751,25.0,134,2641,5.07,2026-03-29 22:39:00
KP028286,KW10296,2026-03-30,JP,Desktop,8705,48.0,55,1615,3.41,2026-03-30 11:41:00
KP028287,KW11921,2026-03-31,BR,Mobile,1494,42.0,38,737,5.16,2026-03-31 07:44:00
KP028288,KW11185,2026-04-01,US,Desktop,2827,34.0,42,791,5.31,2026-04-01 18:51:00
KP028289,KW10478,2026-04-02,BR,Mobile,95,30.0,2,33,6.06,2026-04-02 06:47:00
KP028290,KW10556,2026-04-03,DE,Desktop,2833,3.0,236,1274,18.52,2026-04-03 14:22:00
KP028291,KW11686,2026-04-04,US,Mobile,6209,42.0,171,3204,5.34,2026-04-04 03:54:00
KP028292,KW11990,2026-04-05,MX,Mobile,24669,9.0,597,5297,11.27,2026-04-05 10:52:00
KP028293,KW10465,2026-04-06,JP,Desktop,19730,9.0,279,2456,11.36,2026-04-06 14:47:00
KP028294,KW11946,2026-04-07,AU,Desktop,7513,17.0,168,2074,8.1,2026-04-07 10:58:00
KP028295,KW11226,2026-04-08,IN,Mobile,1186,4.0,49,399,12.28,2026-04-08 11:22:00
KP028296,KW10647,2026-04-09,UK,Mobile,2539,37.0,61,1134,5.38,2026-04-09 17:32:00
KP028297,KW10339,2026-04-10,CA,Desktop,217,13.0,10,117,8.55,2026-04-10 09:21:00
KP028298,KW11573,2026-04-11,FR,Mobile,6353,14.0,51,655,7.79,2026-04-11 09:37:00
KP028299,KW11971,2026-04-12,AU,Mobile,3326,45.0,40,937,4.27,2026-04-12 04:14:00
KP028300,KW10477,2026-04-13,AU,Mobile,1508,20.0,62,774,8.01,2026-04-13 18:02:00
KP028301,KW10429,2026-04-14,BR,Desktop,587,49.0,12,321,3.74,2026-04-14 05:24:00
KP028302,KW10981,2026-04-15,AU,Mobile,1555,46.0,26,520,5.0,2026-04-15 02:33:00
KP028303,KW11024,2026-04-16,DE,Desktop,1437,31.0,12,289,4.15,2026-04-16 00:40:00
KP028304,KW10630,2026-04-17,CA,Desktop,1949,33.0,13,344,3.78,2026-04-17 02:36:00
KP028305,KW11139,2026-04-18,DE,Desktop,1402,39.0,13,350,3.71,2026-04-18 03:19:00
KP028306,KW11752,2026-04-19,IN,Mobile,3443,43.0,31,639,4.85,2026-04-19 22:23:00
KP028307,KW11688,2026-04-20,AU,Desktop,1637,38.0,15,350,4.29,2026-04-20 17:26:00
KP028308,KW10245,2026-04-21,IN,Mobile,2035,41.0,22,565,3.89,2026-04-21 03:27:00
KP028309,KW11499,2026-04-22,MX,Desktop,1637,25.0,19,318,5.97,2026-04-22 11:42:00
KP028310,KW11048,2026-04-23,AU,Desktop,1174,13.0,54,537,10.06,2026-04-23 18:39:00
KP028311,KW11276,2026-04-24,US,Desktop,5335,23.0,125,2222,5.63,2026-04-24 14:59:00
KP028312,KW11059,2026-04-25,US,Mobile,1345,29.0,18,369,4.88,2026-04-25 15:10:00
KP028313,KW10441,2026-04-26,BR,Mobile,3061,25.0,52,731,7.11,2026-04-26 05:34:00
KP028314,KW11903,2026-04-27,AU,Desktop,3145,49.0,57,1649,3.46,2026-04-27 15:00:00
KP028315,KW11374,2026-04-28,UK,Desktop,625,24.0,4,89,4.49,2026-04-28 07:40:00
KP028316,KW11998,2026-04-29,UK,Mobile,4359,20.0,49,818,5.99,2026-04-29 19:16:00
KP028317,KW10552,2026-04-30,IN,Desktop,2049,26.0,34,652,5.21,2026-04-30 20:18:00
KP028318,KW10984,2026-05-01,CA,Mobile,758,24.0,3,58,5.17,2026-05-01 21:05:00
KP028319,KW10533,2026-05-02,AU,Mobile,2877,17.0,10,165,6.06,2026-05-02 14:03:00
KP028320,KW11713,2026-05-03,US,Mobile,2411,49.0,39,1170,3.33,2026-05-03 04:13:00
KP028321,KW10749,2026-05-04,UK,Mobile,2268,31.0,23,376,6.12,2026-05-04 15:31:00
KP028322,KW11668,2026-05-05,DE,Mobile,1459,1.0,180,515,34.95,2026-05-05 21:57:00
KP028323,KW10585,2026-05-06,AU,Desktop,3955,39.0,59,1034,5.71,2026-05-06 17:17:00
KP028324,KW11278,2026-05-07,IN,Desktop,8932,26.0,262,4230,6.19,2026-05-07 11:20:00
KP028325,KW11704,2026-05-08,JP,Mobile,6688,40.0,150,2820,5.32,2026-05-08 15:49:00
KP028326,KW11119,2026-05-09,AU,Desktop,1774,8.0,22,187,11.76,2026-05-09 09:45:00
KP028327,KW11634,2026-05-10,BR,Desktop,1628,47.0,16,359,4.46,2026-05-10 20:36:00
KP028328,KW10160,2026-05-11,JP,Mobile,402,21.0,15,192,7.81,2026-05-11 09:24:00
KP028329,KW11160,2026-05-12,FR,Desktop,4492,7.0,33,274,12.04,2026-05-12 23:29:00
KP028330,KW10079,2026-05-13,AU,Mobile,9587,7.0,508,3566,14.25,2026-05-13 19:47:00
KP028331,KW10666,2026-05-14,MX,Desktop,628,40.0,3,74,4.05,2026-05-14 04:43:00
KP028332,KW10897,2026-05-15,UK,Mobile,2276,6.0,170,1123,15.14,2026-05-15 05:14:00
KP028333,KW11793,2026-05-16,UK,Mobile,3132,48.0,36,940,3.83,2026-05-16 10:08:00
KP028334,KW11575,2026-05-17,BR,Desktop,8144,28.0,80,1188,6.73,2026-05-17 19:32:00
KP028335,KW10661,2026-05-18,DE,Mobile,469,42.0,10,197,5.08,2026-05-18 07:14:00
KP028336,KW10335,2026-05-19,MX,Mobile,2539,10.0,44,536,8.21,2026-05-19 16:41:00
KP028337,KW10133,2026-05-20,IN,Tablet,16621,12.0,316,3656,8.64,2026-05-20 22:06:00
KP028338,KW11489,2026-05-21,FR,Mobile,1128,15.0,29,382,7.59,2026-05-21 07:46:00
KP028339,KW11428,2026-05-22,UK,Desktop,4932,41.0,86,1615,5.33,2026-05-22 06:18:00
KP028340,KW10977,2026-05-23,IN,Desktop,10487,43.0,107,2760,3.88,2026-05-23 04:20:00
KP028341,KW11913,2026-05-24,IN,Desktop,9313,40.0,43,1124,3.83,2026-05-24 07:25:00
KP028342,KW11408,2026-05-25,MX,Tablet,2179,25.0,48,1014,4.73,2026-05-25 09:25:00
KP028343,KW11780,2026-05-26,FR,Mobile,2732,40.0,7,145,4.83,2026-05-26 02:02:00
KP028344,KW10031,2026-05-27,UK,Desktop,10711,17.0,65,1007,6.45,2026-05-27 02:22:00
KP028345,KW11003,2026-05-28,MX,Mobile,1119,48.0,11,239,4.6,2026-05-28 18:19:00
KP028346,KW10271,2026-05-29,MX,Desktop,1527,33.0,15,387,3.88,2026-05-29 12:43:00
KP028347,KW10811,2026-05-30,UK,Desktop,3406,12.0,121,1113,10.87,2026-05-30 04:16:00
KP028348,KW10540,2026-05-31,AU,Desktop,22841,1.0,1170,3345,34.98,2026-05-31 07:54:00
KP028594,KW10179,2026-02-01,DE,Mobile,5066,16.0,71,1044,6.8,2026-02-01 19:09:00
KP028595,KW10787,2026-02-02,IN,Mobile,2572,23.0,26,556,4.68,2026-02-02 11:16:00
KP028596,KW10218,2026-02-03,IN,Desktop,994,31.0,3,93,3.23,2026-02-03 12:36:00
KP028597,KW10411,2026-02-04,US,Desktop,4539,16.0,170,1925,8.83,2026-02-04 07:43:00
KP028598,KW10105,2026-02-05,UK,Desktop,4311,27.0,79,1282,6.16,2026-02-05 12:37:00
KP028599,KW11031,2026-02-06,DE,Desktop,3196,38.0,19,498,3.82,2026-02-06 17:05:00
KP028600,KW11042,2026-02-07,AU,Desktop,1785,27.0,55,903,6.09,2026-02-07 12:53:00
KP028601,KW10581,2026-02-08,FR,Desktop,4590,8.0,37,370,10.0,2026-02-08 11:08:00
KP028602,KW11049,2026-02-09,IN,Desktop,1033,4.0,82,520,15.77,2026-02-09 12:19:00
KP028603,KW11696,2026-02-10,UK,Desktop,7280,4.0,571,3977,14.36,2026-02-10 08:38:00
KP028604,KW10409,2026-02-11,IN,Mobile,705,19.0,3,71,4.23,2026-02-11 02:34:00
KP028605,KW10609,2026-02-12,DE,Desktop,3625,46.0,69,1727,4.0,2026-02-12 06:13:00
KP028606,KW10074,2026-02-13,FR,Mobile,2277,23.0,27,441,6.12,2026-02-13 10:54:00
KP028607,KW11800,2026-02-14,UK,Desktop,6088,33.0,51,1253,4.07,2026-02-14 04:54:00
KP028608,KW11389,2026-02-15,US,Desktop,6723,44.0,90,2553,3.53,2026-02-15 13:20:00
KP028609,KW11121,2026-02-16,MX,Desktop,4042,14.0,59,888,6.64,2026-02-16 11:23:00
KP028610,KW11908,2026-02-17,DE,Mobile,11663,34.0,330,6184,5.34,2026-02-17 15:08:00
KP028611,KW10242,2026-02-18,BR,Desktop,6603,35.0,193,3163,6.1,2026-02-18 04:36:00
KP028612,KW10205,2026-02-19,JP,Mobile,4707,5.0,169,1195,14.14,2026-02-19 06:34:00
KP028613,KW11730,2026-02-20,US,Desktop,2288,5.0,112,917,12.21,2026-02-20 00:24:00
KP028614,KW11529,2026-02-21,CA,Mobile,5152,10.0,242,2506,9.66,2026-02-21 19:10:00
KP028615,KW10635,2026-02-22,AU,Tablet,1062,27.0,19,359,5.29,2026-02-22 12:36:00
KP028616,KW11560,2026-02-23,MX,Desktop,2024,16.0,99,1072,9.24,2026-02-23 14:02:00
KP028617,KW11095,2026-02-24,IN,Mobile,2161,12.0,16,199,8.04,2026-02-24 07:37:00
KP028618,KW10128,2026-02-25,UK,Mobile,4910,6.0,402,2480,16.21,2026-02-25 11:39:00
KP028619,KW11708,2026-02-26,FR,Mobile,6165,46.0,121,3197,3.78,2026-02-26 05:37:00
KP028620,KW10935,2026-02-27,BR,Mobile,3432,32.0,46,909,5.06,2026-02-27 07:05:00
KP028621,KW10556,2026-02-28,CA,Mobile,3600,9.0,95,972,9.77,2026-02-28 20:47:00
KP028622,KW11189,2026-03-01,MX,Mobile,796,14.0,13,211,6.16,2026-03-01 02:46:00
KP028623,KW11237,2026-03-02,MX,Desktop,1365,10.0,59,644,9.16,2026-03-02 20:03:00
KP028624,KW10841,2026-03-03,IN,Mobile,1648,1.0,144,495,29.09,2026-03-03 11:56:00
KP028625,KW11354,2026-03-04,MX,Mobile,1082,16.0,20,297,6.73,2026-03-04 03:28:00
KP028626,KW11447,2026-03-05,FR,Desktop,3691,4.0,54,361,14.96,2026-03-05 14:42:00
KP028627,KW10658,2026-03-06,AU,Desktop,4674,39.0,60,1560,3.85,2026-03-06 17:50:00
KP028628,KW11138,2026-03-07,CA,Desktop,2821,32.0,12,309,3.88,2026-03-07 12:33:00
KP028629,KW10685,2026-03-08,MX,Mobile,1114,8.0,40,398,10.05,2026-03-08 09:42:00
KP028630,KW11199,2026-03-09,FR,Mobile,2033,24.0,52,697,7.46,2026-03-09 01:24:00
KP028631,KW10843,2026-03-10,DE,Desktop,2768,21.0,66,1072,6.16,2026-03-10 10:58:00
KP028632,KW11592,2026-03-11,CA,Desktop,21307,1.0,3141,8977,34.99,2026-03-11 18:22:00
KP028633,KW11199,2026-03-12,DE,Desktop,909,41.0,14,315,4.44,2026-03-12 21:48:00
KP028634,KW10825,2026-03-13,MX,Mobile,3430,48.0,50,976,5.12,2026-03-13 10:15:00
KP028635,KW10606,2026-03-14,DE,Desktop,949,23.0,2,55,3.64,2026-03-14 22:57:00
KP028636,KW11238,2026-03-15,CA,Mobile,4224,41.0,29,543,5.34,2026-03-15 12:11:00
KP028637,KW10768,2026-03-16,BR,Desktop,6898,6.0,379,3714,10.2,2026-03-16 14:27:00
KP028638,KW11650,2026-03-17,AU,Mobile,1630,10.0,80,871,9.18,2026-03-17 05:28:00
KP028639,KW10760,2026-03-18,FR,Desktop,2072,35.0,27,452,5.97,2026-03-18 22:42:00
KP028640,KW11529,2026-03-19,MX,Desktop,1087,1.0,95,272,34.93,2026-03-19 21:47:00
KP028641,KW11075,2026-03-20,CA,Mobile,3529,20.0,123,1743,7.06,2026-03-20 11:28:00
KP028642,KW11232,2026-03-21,US,Desktop,2474,16.0,60,790,7.59,2026-03-21 21:31:00
KP028643,KW10975,2026-03-22,UK,Mobile,4185,34.0,124,2037,6.09,2026-03-22 18:22:00
KP028644,KW11850,2026-03-23,DE,Mobile,13013,43.0,92,2288,4.02,2026-03-23 02:43:00
KP028645,KW11938,2026-03-24,BR,Mobile,12782,7.0,742,6521,11.38,2026-03-24 15:10:00
KP028646,KW11625,2026-03-25,DE,Desktop,8387,26.0,193,3273,5.9,2026-03-25 14:21:00
KP028647,KW10884,2026-03-26,JP,Desktop,3127,47.0,28,572,4.9,2026-03-26 13:03:00
KP028648,KW10796,2026-03-27,CA,Desktop,5461,50.0,96,2757,3.48,2026-03-27 10:20:00
KP028649,KW10245,2026-03-28,DE,Mobile,7375,1.0,1361,3891,34.98,2026-03-28 04:08:00
KP028650,KW11788,2026-03-29,DE,Desktop,1091,26.0,12,199,6.03,2026-03-29 16:20:00
KP028651,KW11972,2026-03-30,US,Mobile,2972,31.0,14,249,5.62,2026-03-30 09:56:00
KP028652,KW11222,2026-03-31,BR,Desktop,1087,47.0,2,67,2.99,2026-03-31 05:24:00
KP028653,KW11949,2026-04-01,UK,Mobile,3029,27.0,41,610,6.72,2026-04-01 14:11:00
KP028654,KW10814,2026-04-02,IN,Desktop,2727,10.0,127,1044,12.16,2026-04-02 11:47:00
KP028655,KW11829,2026-04-03,MX,Mobile,312,30.0,1,23,4.35,2026-04-03 01:19:00
KP028656,KW11196,2026-04-04,MX,Mobile,2499,41.0,6,163,3.68,2026-04-04 08:01:00
KP028657,KW11257,2026-04-05,IN,Desktop,1443,28.0,27,407,6.63,2026-04-05 11:01:00
KP028658,KW10755,2026-04-06,BR,Mobile,4717,26.0,86,1545,5.57,2026-04-06 15:50:00
KP028659,KW11319,2026-04-07,JP,Desktop,1451,32.0,20,384,5.21,2026-04-07 11:48:00
KP028660,KW10697,2026-04-08,US,Desktop,929,29.0,6,127,4.72,2026-04-08 10:45:00
KP028661,KW11688,2026-04-09,AU,Desktop,2748,17.0,45,718,6.27,2026-04-09 01:46:00
KP028662,KW10782,2026-04-10,CA,Desktop,311,45.0,2,80,2.5,2026-04-10 10:52:00
KP028663,KW10317,2026-04-11,AU,Mobile,1424,40.0,4,78,5.13,2026-04-11 18:33:00
KP028664,KW10957,2026-04-12,IN,Mobile,5997,49.0,60,1289,4.65,2026-04-12 03:35:00
KP028665,KW10095,2026-04-13,US,Desktop,950,4.0,59,414,14.25,2026-04-13 01:57:00
KP028666,KW10522,2026-04-14,AU,Desktop,6820,5.0,521,3414,15.26,2026-04-14 04:47:00
KP028667,KW11049,2026-04-15,AU,Desktop,4192,28.0,47,844,5.57,2026-04-15 18:24:00
KP028668,KW10052,2026-04-16,AU,Desktop,8144,6.0,504,3241,15.55,2026-04-16 22:57:00
KP028669,KW10463,2026-04-17,DE,Desktop,4479,42.0,98,1807,5.42,2026-04-17 21:31:00
KP028670,KW11173,2026-04-18,AU,Desktop,1436,22.0,25,344,7.27,2026-04-18 03:01:00
KP028671,KW11312,2026-04-19,AU,Tablet,4944,16.0,126,1704,7.39,2026-04-19 08:15:00
KP028672,KW11475,2026-04-20,FR,Mobile,5057,48.0,20,607,3.29,2026-04-20 07:05:00
KP028673,KW11889,2026-04-21,MX,Tablet,7711,49.0,46,1040,4.42,2026-04-21 19:22:00
KP028674,KW11201,2026-04-22,IN,Mobile,8890,2.0,958,4619,20.74,2026-04-22 00:19:00
KP028675,KW10805,2026-04-23,CA,Desktop,4147,37.0,75,1712,4.38,2026-04-23 23:50:00
KP028676,KW10439,2026-04-24,DE,Tablet,4630,21.0,163,2278,7.16,2026-04-24 06:30:00
KP028677,KW10482,2026-04-25,IN,Desktop,9843,33.0,127,3213,3.95,2026-04-25 20:57:00
KP028678,KW10891,2026-04-26,CA,Desktop,17443,40.0,50,1086,4.6,2026-04-26 17:06:00
KP028679,KW10160,2026-04-27,CA,Desktop,4317,49.0,92,1906,4.83,2026-04-27 05:45:00
KP028680,KW11223,2026-04-28,JP,Desktop,12968,14.0,353,3455,10.22,2026-04-28 20:54:00
KP028681,KW10647,2026-04-29,DE,Mobile,2089,34.0,28,562,4.98,2026-04-29 08:25:00
KP028682,KW10527,2026-04-30,AU,Desktop,2591,46.0,17,378,4.5,2026-04-30 15:05:00
KP028683,KW11246,2026-05-01,DE,Desktop,3016,44.0,16,374,4.28,2026-05-01 21:04:00
KP028684,KW10992,2026-05-02,DE,Mobile,29081,16.0,580,6710,8.64,2026-05-02 23:00:00
KP028685,KW10601,2026-05-03,JP,Tablet,3099,7.0,209,1522,13.73,2026-05-03 05:12:00
KP028686,KW10087,2026-05-04,US,Desktop,1411,26.0,19,291,6.53,2026-05-04 16:08:00
KP028687,KW11496,2026-05-05,AU,Mobile,7635,17.0,50,877,5.7,2026-05-05 20:03:00
KP028688,KW11556,2026-05-06,CA,Mobile,2787,30.0,40,677,5.91,2026-05-06 08:24:00
KP028689,KW11033,2026-05-07,JP,Tablet,4723,41.0,46,1224,3.76,2026-05-07 03:55:00
KP028690,KW11874,2026-05-08,MX,Desktop,3062,20.0,73,1287,5.67,2026-05-08 10:34:00
KP028691,KW10967,2026-05-09,UK,Desktop,916,5.0,8,57,14.04,2026-05-09 20:13:00
KP028692,KW10512,2026-05-10,IN,Mobile,1326,20.0,27,423,6.38,2026-05-10 01:53:00
KP028693,KW10184,2026-05-11,UK,Desktop,2227,24.0,41,631,6.5,2026-05-11 00:10:00
KP028694,KW11619,2026-05-12,DE,Desktop,6575,10.0,236,2494,9.46,2026-05-12 11:11:00
KP028695,KW11861,2026-05-13,IN,Desktop,10046,25.0,105,1857,5.65,2026-05-13 04:47:00
KP028696,KW10894,2026-05-14,JP,Mobile,1723,1.0,227,841,26.99,2026-05-14 23:19:00
KP028697,KW10979,2026-05-15,MX,Mobile,3234,33.0,81,1511,5.36,2026-05-15 20:19:00
KP028698,KW10395,2026-05-16,DE,Desktop,9996,49.0,33,662,4.98,2026-05-16 18:45:00
KP028699,KW11635,2026-05-17,CA,Mobile,6569,23.0,62,1171,5.29,2026-05-17 19:31:00
KP028700,KW10713,2026-05-18,DE,Mobile,1062,30.0,19,293,6.48,2026-05-18 01:28:00
KP028701,KW10747,2026-05-19,UK,Mobile,3015,33.0,76,1381,5.5,2026-05-19 01:24:00
KP028702,KW11842,2026-05-20,MX,Desktop,6028,22.0,20,360,5.56,2026-05-20 02:02:00
KP028703,KW11513,2026-05-21,FR,Desktop,3023,29.0,44,1005,4.38,2026-05-21 17:44:00
KP028704,KW11460,2026-05-22,FR,Mobile,1259,50.0,25,503,4.97,2026-05-22 22:00:00
KP028705,KW10645,2026-05-23,MX,Desktop,4125,48.0,12,304,3.95,2026-05-23 23:58:00
KP028706,KW11420,2026-05-24,DE,Mobile,5911,15.0,159,1771,8.98,2026-05-24 13:33:00
KP028707,KW11520,2026-05-25,AU,Desktop,6418,30.0,39,915,4.26,2026-05-25 13:54:00
KP028708,KW10858,2026-05-26,JP,Desktop,5473,2.0,627,2395,26.18,2026-05-26 19:22:00
KP028709,KW11166,2026-05-27,UK,Desktop,3352,3.0,283,1410,20.07,2026-05-27 14:25:00
KP028710,KW11650,2026-05-28,MX,Desktop,2479,35.0,26,555,4.68,2026-05-28 05:35:00
KP028711,KW11012,2026-05-29,IN,Mobile,13533,15.0,190,2262,8.4,2026-05-29 20:57:00
KP028712,KW11660,2026-05-30,BR,Desktop,6558,1.0,407,1163,35.0,2026-05-30 05:07:00
KP028713,KW10909,2026-05-31,FR,Desktop,1597,5.0,16,115,13.91,2026-05-31 10:05:00
KP028959,KW10663,2026-02-01,CA,Desktop,1665,24.0,57,826,6.9,2026-02-01 00:19:00
KP028960,KW10229,2026-02-02,MX,Tablet,9568,43.0,213,5184,4.11,2026-02-02 19:11:00
KP028961,KW11898,2026-02-03,JP,Desktop,724,32.0,6,103,5.83,2026-02-03 19:48:00
KP028962,KW11676,2026-02-04,AU,Desktop,5106,49.0,101,2258,4.47,2026-02-04 22:17:00
KP028963,KW11794,2026-02-05,DE,Desktop,2288,17.0,42,762,5.51,2026-02-05 22:51:00
KP028964,KW11687,2026-02-06,IN,Desktop,11985,43.0,38,1164,3.26,2026-02-06 00:02:00
KP028965,KW11887,2026-02-07,FR,Mobile,2354,3.0,141,666,21.17,2026-02-07 17:21:00
KP028966,KW11314,2026-02-08,UK,Mobile,12982,27.0,367,6749,5.44,2026-02-08 04:48:00
KP028967,KW11284,2026-02-09,BR,Mobile,2789,10.0,102,1038,9.83,2026-02-09 15:04:00
KP028968,KW10089,2026-02-10,UK,Mobile,1322,41.0,28,593,4.72,2026-02-10 07:42:00
KP028969,KW11348,2026-02-11,CA,Desktop,1470,27.0,40,624,6.41,2026-02-11 19:25:00
KP028970,KW11384,2026-02-12,MX,Desktop,5748,49.0,30,910,3.3,2026-02-12 05:26:00
KP028971,KW11811,2026-02-13,FR,Desktop,1647,45.0,26,764,3.4,2026-02-13 14:53:00
KP028972,KW10572,2026-02-14,MX,Mobile,3645,38.0,44,830,5.3,2026-02-14 15:41:00
KP028973,KW11008,2026-02-15,BR,Desktop,5402,11.0,38,396,9.6,2026-02-15 03:26:00
KP028974,KW10752,2026-02-16,CA,Desktop,1155,24.0,32,493,6.49,2026-02-16 23:54:00
KP028975,KW10916,2026-02-17,AU,Mobile,922,31.0,10,215,4.65,2026-02-17 22:12:00
KP028976,KW11827,2026-02-18,CA,Desktop,2765,20.0,93,1423,6.54,2026-02-18 11:56:00
KP028977,KW11433,2026-02-19,UK,Desktop,663,7.0,8,69,11.59,2026-02-19 13:47:00
KP028978,KW10331,2026-02-20,CA,Desktop,4699,3.0,84,367,22.89,2026-02-20 03:13:00
KP028979,KW10862,2026-02-21,JP,Desktop,1825,11.0,31,397,7.81,2026-02-21 12:38:00
KP028980,KW10751,2026-02-22,CA,Mobile,4752,3.0,413,2292,18.02,2026-02-22 06:11:00
KP028981,KW11970,2026-02-23,IN,Tablet,1196,7.0,59,646,9.13,2026-02-23 16:54:00
KP028982,KW10013,2026-02-24,US,Mobile,1024,2.0,22,96,22.92,2026-02-24 16:01:00
KP028983,KW11034,2026-02-25,AU,Desktop,2642,42.0,19,453,4.19,2026-02-25 21:41:00
KP028984,KW11136,2026-02-26,JP,Mobile,856,5.0,49,289,16.96,2026-02-26 23:33:00
KP028985,KW10349,2026-02-27,MX,Mobile,5607,11.0,134,1407,9.52,2026-02-27 06:46:00
KP028986,KW11725,2026-02-28,CA,Desktop,4675,49.0,92,2212,4.16,2026-02-28 15:18:00
KP028987,KW10575,2026-03-01,DE,Tablet,3887,28.0,79,1613,4.9,2026-03-01 14:48:00
KP028988,KW10467,2026-03-02,IN,Mobile,1882,43.0,24,555,4.32,2026-03-02 10:04:00
KP028989,KW10746,2026-03-03,US,Desktop,1016,7.0,28,218,12.84,2026-03-03 21:18:00
KP028990,KW11585,2026-03-04,DE,Mobile,3130,43.0,31,732,4.23,2026-03-04 23:04:00
KP028991,KW11738,2026-03-05,IN,Mobile,2388,5.0,140,1193,11.74,2026-03-05 18:36:00
KP028992,KW10857,2026-03-06,FR,Desktop,15598,7.0,624,6339,9.84,2026-03-06 08:27:00
KP028993,KW10790,2026-03-07,BR,Tablet,10794,1.0,1162,3322,34.98,2026-03-07 06:57:00
KP028994,KW11633,2026-03-08,US,Tablet,1861,47.0,4,104,3.85,2026-03-08 13:54:00
KP028995,KW10693,2026-03-09,MX,Mobile,798,6.0,30,187,16.04,2026-03-09 13:37:00
KP028996,KW11558,2026-03-10,CA,Mobile,4381,1.0,452,1292,34.98,2026-03-10 17:58:00
KP028997,KW11714,2026-03-11,CA,Desktop,1901,11.0,42,370,11.35,2026-03-11 05:30:00
KP028998,KW11746,2026-03-12,US,Mobile,1214,28.0,32,610,5.25,2026-03-12 08:39:00
KP028999,KW10147,2026-03-13,UK,Mobile,2287,32.0,53,1035,5.12,2026-03-13 22:08:00
KP029000,KW10128,2026-03-14,AU,Mobile,1561,17.0,24,268,8.96,2026-03-14 18:14:00
KP029001,KW10217,2026-03-15,MX,Mobile,4907,6.0,51,424,12.03,2026-03-15 19:16:00
KP029002,KW10922,2026-03-16,UK,Desktop,7434,40.0,180,3647,4.94,2026-03-16 12:53:00
KP029003,KW10265,2026-03-17,CA,Mobile,9164,33.0,204,3755,5.43,2026-03-17 08:57:00
KP029004,KW11904,2026-03-18,US,Mobile,2719,3.0,27,147,18.37,2026-03-18 18:46:00
KP029005,KW10883,2026-03-19,MX,Mobile,3800,49.0,56,1303,4.3,2026-03-19 07:10:00
KP029006,KW10801,2026-03-20,UK,Mobile,685,23.0,27,364,7.42,2026-03-20 23:38:00
KP029007,KW10962,2026-03-21,BR,Mobile,4666,39.0,84,2093,4.01,2026-03-21 20:30:00
KP029008,KW11991,2026-03-22,JP,Desktop,1144,3.0,64,414,15.46,2026-03-22 19:37:00
KP029009,KW10660,2026-03-23,AU,Tablet,1134,33.0,10,195,5.13,2026-03-23 22:15:00
KP029010,KW10644,2026-03-24,MX,Mobile,2234,25.0,76,1116,6.81,2026-03-24 15:01:00
KP029011,KW11556,2026-03-25,JP,Desktop,14067,21.0,126,1809,6.97,2026-03-25 08:11:00
KP029012,KW11097,2026-03-26,CA,Mobile,2104,43.0,6,190,3.16,2026-03-26 09:35:00
KP029013,KW10302,2026-03-27,DE,Desktop,8630,35.0,72,1874,3.84,2026-03-27 20:32:00
KP029014,KW10702,2026-03-28,DE,Mobile,3202,12.0,81,1007,8.04,2026-03-28 20:07:00
KP029015,KW10309,2026-03-29,JP,Mobile,1077,19.0,33,468,7.05,2026-03-29 14:27:00
KP029016,KW10323,2026-03-30,UK,Mobile,1245,2.0,112,502,22.31,2026-03-30 13:02:00
KP029017,KW11503,2026-03-31,MX,Mobile,705,19.0,8,116,6.9,2026-03-31 21:42:00
KP029018,KW11752,2026-04-01,CA,Mobile,3608,4.0,253,1822,13.89,2026-04-01 03:50:00
KP029019,KW11379,2026-04-02,CA,Mobile,7822,14.0,94,941,9.99,2026-04-02 11:01:00
KP029020,KW11671,2026-04-03,UK,Mobile,974,27.0,33,490,6.73,2026-04-03 14:41:00
KP029021,KW11727,2026-04-04,JP,Mobile,4922,15.0,140,1585,8.83,2026-04-04 05:50:00
KP029022,KW11783,2026-04-05,DE,Desktop,6036,6.0,66,606,10.89,2026-04-05 08:50:00
KP029023,KW10031,2026-04-06,BR,Desktop,1912,10.0,55,504,10.91,2026-04-06 18:56:00
KP029024,KW11549,2026-04-07,FR,Mobile,1050,37.0,6,127,4.72,2026-04-07 16:59:00
KP029025,KW10068,2026-04-08,AU,Desktop,1264,48.0,4,111,3.6,2026-04-08 16:34:00
KP029026,KW10361,2026-04-09,DE,Mobile,5948,38.0,99,2631,3.76,2026-04-09 17:45:00
KP029027,KW10672,2026-04-10,UK,Desktop,3594,15.0,127,1758,7.22,2026-04-10 16:23:00
KP029028,KW11500,2026-04-11,CA,Mobile,4298,11.0,163,1528,10.67,2026-04-11 22:48:00
KP029029,KW10734,2026-04-12,JP,Mobile,3780,46.0,18,533,3.38,2026-04-12 18:36:00
KP029030,KW10999,2026-04-13,FR,Desktop,843,35.0,5,109,4.59,2026-04-13 00:32:00
KP029031,KW11703,2026-04-14,CA,Desktop,5140,17.0,165,2803,5.89,2026-04-14 03:30:00
KP029032,KW10312,2026-04-15,AU,Mobile,4830,25.0,110,2346,4.69,2026-04-15 22:36:00
KP029033,KW11224,2026-04-16,CA,Mobile,6363,24.0,118,2050,5.76,2026-04-16 16:28:00
KP029034,KW10182,2026-04-17,CA,Mobile,979,26.0,11,198,5.56,2026-04-17 10:11:00
KP029035,KW10211,2026-04-18,DE,Desktop,640,15.0,7,74,9.46,2026-04-18 21:29:00
KP029036,KW10106,2026-04-19,AU,Desktop,1100,39.0,24,434,5.53,2026-04-19 08:51:00
KP029037,KW11551,2026-04-20,US,Desktop,9508,35.0,71,1327,5.35,2026-04-20 02:10:00
KP029038,KW10862,2026-04-21,BR,Mobile,4085,19.0,107,1277,8.38,2026-04-21 02:00:00
KP029039,KW10816,2026-04-22,CA,Mobile,1782,15.0,23,302,7.62,2026-04-22 04:31:00
KP029040,KW10746,2026-04-23,DE,Mobile,1395,47.0,11,284,3.87,2026-04-23 19:38:00
KP029041,KW11803,2026-04-24,BR,Desktop,21871,16.0,346,4696,7.37,2026-04-24 08:50:00
KP029042,KW10094,2026-04-25,MX,Desktop,1343,4.0,58,449,12.92,2026-04-25 14:47:00
KP029043,KW11223,2026-04-26,IN,Mobile,623,34.0,13,238,5.46,2026-04-26 17:13:00
KP029044,KW11106,2026-04-27,UK,Tablet,10187,43.0,82,1553,5.28,2026-04-27 12:00:00
KP029045,KW10657,2026-04-28,CA,Mobile,2828,29.0,23,490,4.69,2026-04-28 00:18:00
KP029046,KW10340,2026-04-29,JP,Mobile,1754,26.0,37,804,4.6,2026-04-29 07:26:00
KP029047,KW10639,2026-04-30,DE,Mobile,2082,26.0,38,773,4.92,2026-04-30 16:04:00
KP029048,KW11052,2026-05-01,US,Desktop,3485,50.0,60,1286,4.67,2026-05-01 10:09:00
KP029049,KW11906,2026-05-02,DE,Mobile,1015,40.0,18,379,4.75,2026-05-02 13:35:00
KP029050,KW11614,2026-05-03,AU,Desktop,1337,5.0,80,578,13.84,2026-05-03 12:55:00
KP029051,KW10435,2026-05-04,BR,Desktop,1660,20.0,25,455,5.49,2026-05-04 09:26:00
KP029052,KW10469,2026-05-05,CA,Mobile,1295,4.0,41,269,15.24,2026-05-05 00:50:00
KP029053,KW10904,2026-05-06,BR,Mobile,7100,28.0,195,3874,5.03,2026-05-06 18:35:00
KP029054,KW11374,2026-05-07,DE,Mobile,5446,24.0,23,510,4.51,2026-05-07 23:47:00
KP029055,KW11964,2026-05-08,BR,Desktop,3477,3.0,107,640,16.72,2026-05-08 16:03:00
KP029056,KW10421,2026-05-09,FR,Mobile,3272,33.0,93,1459,6.37,2026-05-09 12:37:00
KP029057,KW10105,2026-05-10,AU,Desktop,2403,38.0,25,607,4.12,2026-05-10 15:51:00
KP029058,KW10807,2026-05-11,JP,Desktop,2436,34.0,14,242,5.79,2026-05-11 13:59:00
KP029059,KW11690,2026-05-12,IN,Mobile,523,24.0,6,141,4.26,2026-05-12 05:45:00
KP029060,KW11511,2026-05-13,CA,Mobile,7317,46.0,89,2406,3.7,2026-05-13 21:49:00
KP029061,KW10936,2026-05-14,DE,Mobile,4169,16.0,46,731,6.29,2026-05-14 15:35:00
KP029062,KW11716,2026-05-15,DE,Mobile,17879,40.0,95,1688,5.63,2026-05-15 06:30:00
KP029063,KW11038,2026-05-16,DE,Desktop,2147,24.0,26,422,6.16,2026-05-16 08:11:00
KP029064,KW11609,2026-05-17,AU,Desktop,8178,28.0,232,3733,6.21,2026-05-17 23:11:00
KP029065,KW11191,2026-05-18,US,Desktop,3199,34.0,69,1463,4.72,2026-05-18 17:07:00
KP029066,KW10481,2026-05-19,JP,Desktop,1457,50.0,11,369,2.98,2026-05-19 03:24:00
KP029067,KW10842,2026-05-20,UK,Mobile,1666,23.0,53,832,6.37,2026-05-20 10:55:00
KP029068,KW11245,2026-05-21,DE,Desktop,10743,13.0,531,5497,9.66,2026-05-21 18:07:00
KP029069,KW10220,2026-05-22,FR,Desktop,4069,4.0,191,1340,14.25,2026-05-22 15:04:00
KP029070,KW11137,2026-05-23,CA,Mobile,9934,20.0,131,1904,6.88,2026-05-23 04:54:00
KP029071,KW10820,2026-05-24,BR,Desktop,1424,39.0,12,358,3.35,2026-05-24 14:36:00
KP029072,KW11993,2026-05-25,FR,Desktop,1763,11.0,33,335,9.85,2026-05-25 12:41:00
KP029073,KW10796,2026-05-26,JP,Mobile,4407,33.0,38,714,5.32,2026-05-26 05:48:00
KP029074,KW11172,2026-05-27,AU,Desktop,2167,38.0,32,592,5.41,2026-05-27 04:05:00
KP029075,KW11306,2026-05-28,FR,Mobile,2739,1.0,150,558,26.88,2026-05-28 23:14:00
KP029076,KW11684,2026-05-29,UK,Desktop,12247,28.0,66,1107,5.96,2026-05-29 02:27:00
KP029077,KW10740,2026-05-30,JP,Mobile,4603,31.0,27,573,4.71,2026-05-30 13:32:00
KP029078,KW11335,2026-05-31,JP,Desktop,3596,28.0,80,1208,6.62,2026-05-31 21:08:00
KP029324,KW10097,2026-02-01,CA,Mobile,2343,26.0,54,856,6.31,2026-02-01 12:03:00
KP029325,KW11771,2026-02-02,DE,Tablet,1016,39.0,12,235,5.11,2026-02-02 01:21:00
KP029326,KW10958,2026-02-03,BR,Desktop,1686,2.0,78,315,24.76,2026-02-03 03:59:00
KP029327,KW11031,2026-02-04,JP,Mobile,4722,16.0,201,2256,8.91,2026-02-04 08:09:00
KP029328,KW11665,2026-02-05,CA,Desktop,1278,15.0,41,635,6.46,2026-02-05 00:31:00
KP029329,KW11420,2026-02-06,AU,Desktop,2067,8.0,53,615,8.62,2026-02-06 06:48:00
KP029330,KW11955,2026-02-07,MX,Tablet,11292,22.0,179,3191,5.61,2026-02-07 18:20:00
KP029331,KW11408,2026-02-08,BR,Desktop,1893,40.0,50,942,5.31,2026-02-08 01:31:00
KP029332,KW10242,2026-02-09,UK,Mobile,12408,16.0,512,5841,8.77,2026-02-09 11:35:00
KP029333,KW11946,2026-02-10,IN,Mobile,1434,24.0,13,223,5.83,2026-02-10 11:00:00
KP029334,KW10110,2026-02-11,IN,Mobile,6131,47.0,113,2937,3.85,2026-02-11 16:27:00
KP029335,KW11809,2026-02-12,JP,Desktop,7532,46.0,175,3647,4.8,2026-02-12 01:00:00
KP029336,KW10796,2026-02-13,IN,Mobile,2480,7.0,82,812,10.1,2026-02-13 15:12:00
KP029337,KW10425,2026-02-14,CA,Mobile,1693,3.0,15,86,17.44,2026-02-14 15:49:00
KP029338,KW10954,2026-02-15,MX,Desktop,5289,18.0,155,2471,6.27,2026-02-15 23:45:00
KP029339,KW10316,2026-02-16,CA,Mobile,3653,2.0,270,1029,26.24,2026-02-16 07:14:00
KP029340,KW10939,2026-02-17,UK,Tablet,2120,44.0,35,660,5.3,2026-02-17 07:36:00
KP029341,KW11901,2026-02-18,US,Mobile,13407,9.0,67,697,9.61,2026-02-18 05:17:00
KP029342,KW10303,2026-02-19,JP,Mobile,6860,6.0,88,583,15.09,2026-02-19 08:42:00
KP029343,KW11586,2026-02-20,MX,Mobile,3013,38.0,79,1508,5.24,2026-02-20 10:59:00
KP029344,KW11485,2026-02-21,AU,Desktop,471,45.0,7,153,4.58,2026-02-21 17:02:00
KP029345,KW11393,2026-02-22,AU,Mobile,2941,50.0,53,1263,4.2,2026-02-22 23:56:00
KP029346,KW10797,2026-02-23,BR,Desktop,2972,16.0,59,859,6.87,2026-02-23 18:46:00
KP029347,KW10115,2026-02-24,FR,Mobile,810,5.0,44,354,12.43,2026-02-24 08:55:00
KP029348,KW11229,2026-02-25,FR,Mobile,3073,16.0,42,664,6.33,2026-02-25 03:30:00
KP029349,KW10051,2026-02-26,JP,Desktop,3362,22.0,50,763,6.55,2026-02-26 23:14:00
KP029350,KW10390,2026-02-27,JP,Desktop,3629,45.0,76,1710,4.44,2026-02-27 06:48:00
KP029351,KW10054,2026-02-28,FR,Mobile,9642,44.0,94,1844,5.1,2026-02-28 19:40:00
KP029352,KW10312,2026-03-01,FR,Desktop,1377,26.0,36,606,5.94,2026-03-01 00:11:00
KP029353,KW10210,2026-03-02,MX,Desktop,1854,48.0,33,905,3.65,2026-03-02 17:50:00
KP029354,KW11828,2026-03-03,US,Desktop,1212,25.0,8,126,6.35,2026-03-03 09:06:00
KP029355,KW10461,2026-03-04,US,Desktop,5082,11.0,90,1257,7.16,2026-03-04 02:42:00
KP029356,KW10154,2026-03-05,FR,Desktop,4942,48.0,48,999,4.8,2026-03-05 12:48:00
KP029357,KW10931,2026-03-06,UK,Desktop,2217,43.0,21,427,4.92,2026-03-06 14:55:00
KP029358,KW10480,2026-03-07,AU,Tablet,3585,9.0,229,1816,12.61,2026-03-07 23:30:00
KP029359,KW10673,2026-03-08,DE,Desktop,3468,17.0,87,1086,8.01,2026-03-08 06:00:00
KP029360,KW10985,2026-03-09,DE,Desktop,1127,21.0,47,609,7.72,2026-03-09 08:00:00
KP029361,KW10718,2026-03-10,IN,Desktop,3787,35.0,74,1922,3.85,2026-03-10 20:31:00
KP029362,KW11205,2026-03-11,CA,Mobile,3504,39.0,61,1291,4.73,2026-03-11 02:03:00
KP029363,KW11286,2026-03-12,IN,Mobile,909,3.0,39,261,14.94,2026-03-12 06:03:00
KP029364,KW10877,2026-03-13,IN,Mobile,683,40.0,10,269,3.72,2026-03-13 21:05:00
KP029365,KW11946,2026-03-14,CA,Desktop,223,4.0,16,84,19.05,2026-03-14 16:59:00
KP029366,KW10784,2026-03-15,US,Desktop,2673,47.0,40,1114,3.59,2026-03-15 17:46:00
KP029367,KW11502,2026-03-16,BR,Mobile,5019,42.0,95,2026,4.69,2026-03-16 07:13:00
KP029368,KW10053,2026-03-17,BR,Mobile,2304,48.0,40,1163,3.44,2026-03-17 14:11:00
KP029369,KW11244,2026-03-18,DE,Mobile,1960,44.0,23,655,3.51,2026-03-18 05:01:00
KP029370,KW10180,2026-03-19,MX,Desktop,9730,21.0,379,4943,7.67,2026-03-19 00:14:00
KP029371,KW11812,2026-03-20,UK,Desktop,1982,17.0,61,938,6.5,2026-03-20 01:47:00
KP029372,KW10204,2026-03-21,JP,Mobile,4379,23.0,57,1204,4.73,2026-03-21 10:28:00
KP029373,KW10756,2026-03-22,MX,Desktop,758,17.0,22,253,8.7,2026-03-22 03:15:00
KP029374,KW11189,2026-03-23,MX,Desktop,1572,32.0,23,489,4.7,2026-03-23 13:56:00
KP029375,KW11129,2026-03-24,FR,Desktop,8169,37.0,31,801,3.87,2026-03-24 01:02:00
KP029376,KW10051,2026-03-25,FR,Desktop,5010,26.0,20,293,6.83,2026-03-25 06:03:00
KP029377,KW11025,2026-03-26,DE,Desktop,6688,41.0,115,3269,3.52,2026-03-26 02:06:00
KP029378,KW10985,2026-03-27,JP,Desktop,1814,1.0,169,562,30.07,2026-03-27 14:24:00
KP029379,KW10223,2026-03-28,FR,Mobile,3143,9.0,99,852,11.62,2026-03-28 10:51:00
KP029380,KW11412,2026-03-29,CA,Desktop,2174,29.0,7,121,5.79,2026-03-29 14:44:00
KP029381,KW10112,2026-03-30,JP,Desktop,9478,36.0,124,2789,4.45,2026-03-30 23:18:00
KP029382,KW10656,2026-03-31,FR,Tablet,2895,39.0,37,701,5.28,2026-03-31 10:12:00
KP029383,KW10844,2026-04-01,BR,Mobile,4748,36.0,17,341,4.99,2026-04-01 07:21:00
KP029384,KW10111,2026-04-02,BR,Mobile,10915,28.0,140,2075,6.75,2026-04-02 12:39:00
KP029385,KW11288,2026-04-03,CA,Mobile,1530,21.0,10,175,5.71,2026-04-03 22:26:00
KP029386,KW11884,2026-04-04,US,Mobile,378,41.0,1,28,3.57,2026-04-04 17:09:00
KP029387,KW11523,2026-04-05,UK,Desktop,1236,1.0,102,333,30.63,2026-04-05 08:25:00
KP029388,KW10873,2026-04-06,AU,Mobile,4734,17.0,165,2254,7.32,2026-04-06 08:27:00
KP029389,KW11134,2026-04-07,JP,Desktop,1031,12.0,37,345,10.72,2026-04-07 18:35:00
KP029390,KW10840,2026-04-08,IN,Mobile,3121,2.0,54,233,23.18,2026-04-08 20:10:00
KP029391,KW10939,2026-04-09,CA,Mobile,5185,46.0,111,2349,4.73,2026-04-09 14:11:00
KP029392,KW10455,2026-04-10,BR,Mobile,10782,21.0,255,3684,6.92,2026-04-10 23:04:00
KP029393,KW10481,2026-04-11,UK,Desktop,4903,21.0,112,2150,5.21,2026-04-11 16:52:00
KP029394,KW11288,2026-04-12,DE,Mobile,14495,11.0,332,3230,10.28,2026-04-12 23:37:00
KP029395,KW11228,2026-04-13,BR,Desktop,5617,24.0,161,2894,5.56,2026-04-13 10:42:00
KP029396,KW11359,2026-04-14,BR,Mobile,957,35.0,11,246,4.47,2026-04-14 09:27:00
KP029397,KW10132,2026-04-15,MX,Desktop,892,11.0,19,167,11.38,2026-04-15 00:22:00
KP029398,KW10100,2026-04-16,DE,Desktop,5240,17.0,178,2018,8.82,2026-04-16 01:15:00
KP029399,KW11391,2026-04-17,US,Mobile,16126,35.0,60,1157,5.19,2026-04-17 17:38:00
KP029400,KW11969,2026-04-18,IN,Desktop,1373,49.0,23,642,3.58,2026-04-18 19:01:00
KP029401,KW10554,2026-04-19,MX,Mobile,3762,50.0,55,1169,4.7,2026-04-19 14:37:00
KP029402,KW11942,2026-04-20,BR,Desktop,10072,47.0,73,1762,4.14,2026-04-20 02:49:00
KP029403,KW10947,2026-04-21,AU,Mobile,2454,42.0,24,718,3.34,2026-04-21 16:39:00
KP029404,KW11486,2026-04-22,DE,Desktop,734,44.0,17,401,4.24,2026-04-22 10:13:00
KP029405,KW11139,2026-04-23,DE,Desktop,7139,6.0,65,475,13.68,2026-04-23 10:17:00
KP029406,KW10292,2026-04-24,UK,Mobile,1105,21.0,9,152,5.92,2026-04-24 00:47:00
KP029407,KW11385,2026-04-25,CA,Mobile,5360,16.0,163,2282,7.14,2026-04-25 13:55:00
KP029408,KW10712,2026-04-26,JP,Mobile,2496,32.0,34,816,4.17,2026-04-26 05:42:00
KP029409,KW11555,2026-04-27,UK,Mobile,601,26.0,6,141,4.26,2026-04-27 01:46:00
KP029410,KW11848,2026-04-28,DE,Desktop,7735,43.0,150,3770,3.98,2026-04-28 02:18:00
KP029411,KW10836,2026-04-29,US,Mobile,3384,25.0,78,1454,5.36,2026-04-29 06:17:00
KP029412,KW11776,2026-04-30,UK,Desktop,2321,19.0,26,481,5.41,2026-04-30 22:51:00
KP029413,KW10136,2026-05-01,BR,Desktop,4371,50.0,85,2164,3.93,2026-05-01 10:19:00
KP029414,KW10347,2026-05-02,BR,Mobile,2150,46.0,53,1034,5.13,2026-05-02 21:33:00
KP029415,KW10301,2026-05-03,CA,Desktop,1680,36.0,37,747,4.95,2026-05-03 22:19:00
KP029416,KW10009,2026-05-04,MX,Desktop,785,27.0,10,145,6.9,2026-05-04 13:08:00
KP029417,KW11888,2026-05-05,FR,Desktop,2049,27.0,48,811,5.92,2026-05-05 18:26:00
KP029418,KW10194,2026-05-06,IN,Mobile,7063,28.0,163,3400,4.79,2026-05-06 21:53:00
KP029419,KW11196,2026-05-07,JP,Mobile,4685,42.0,96,1865,5.15,2026-05-07 23:14:00
KP029420,KW10024,2026-05-08,BR,Desktop,2340,4.0,205,1219,16.82,2026-05-08 19:06:00
KP029421,KW11584,2026-05-09,MX,Mobile,5123,45.0,55,1589,3.46,2026-05-09 12:45:00
KP029422,KW11299,2026-05-10,AU,Desktop,5415,28.0,141,2514,5.61,2026-05-10 08:08:00
KP029423,KW10391,2026-05-11,IN,Mobile,2862,17.0,11,156,7.05,2026-05-11 19:43:00
KP029424,KW11340,2026-05-12,US,Tablet,3645,25.0,90,1833,4.91,2026-05-12 13:08:00
KP029425,KW10610,2026-05-13,BR,Desktop,206,25.0,2,56,3.57,2026-05-13 17:43:00
KP029426,KW10151,2026-05-14,AU,Mobile,1593,11.0,10,103,9.71,2026-05-14 22:16:00
KP029427,KW10812,2026-05-15,BR,Desktop,2597,25.0,43,783,5.49,2026-05-15 05:56:00
KP029428,KW10724,2026-05-16,MX,Desktop,2393,12.0,104,1283,8.11,2026-05-16 17:08:00
KP029429,KW11790,2026-05-17,JP,Mobile,5406,2.0,373,1640,22.74,2026-05-17 13:53:00
KP029430,KW11422,2026-05-18,DE,Desktop,1298,16.0,21,289,7.27,2026-05-18 07:20:00
KP029431,KW11001,2026-05-19,BR,Desktop,1324,42.0,37,688,5.38,2026-05-19 10:29:00
KP029432,KW10784,2026-05-20,MX,Desktop,1121,24.0,20,369,5.42,2026-05-20 10:26:00
KP029433,KW11716,2026-05-21,BR,Desktop,2442,32.0,12,247,4.86,2026-05-21 00:03:00
KP029434,KW10727,2026-05-22,MX,Mobile,3697,47.0,29,855,3.39,2026-05-22 22:22:00
KP029435,KW10519,2026-05-23,MX,Desktop,4176,31.0,37,813,4.55,2026-05-23 18:14:00
KP029436,KW10826,2026-05-24,IN,Desktop,2130,33.0,56,1066,5.25,2026-05-24 13:01:00
KP029437,KW10109,2026-05-25,IN,Mobile,6061,22.0,134,1950,6.87,2026-05-25 13:38:00
KP029438,KW11003,2026-05-26,MX,Desktop,2875,16.0,122,1429,8.54,2026-05-26 19:21:00
KP029439,KW10188,2026-05-27,FR,Desktop,953,8.0,68,496,13.71,2026-05-27 09:26:00
KP029440,KW10489,2026-05-28,MX,Desktop,1300,10.0,82,701,11.7,2026-05-28 18:36:00
KP029441,KW11273,2026-05-29,BR,Desktop,7699,2.0,285,1242,22.95,2026-05-29 05:39:00
KP029442,KW10896,2026-05-30,JP,Desktop,2440,43.0,59,1318,4.48,2026-05-30 17:16:00
KP029443,KW11186,2026-05-31,DE,Desktop,5094,9.0,243,2149,11.31,2026-05-31 10:49:00
KP029689,KW11376,2026-02-01,FR,Desktop,2855,39.0,8,232,3.45,2026-02-01 20:36:00
KP029690,KW11242,2026-02-02,BR,Mobile,2869,35.0,44,1082,4.07,2026-02-02 02:14:00
KP029691,KW11648,2026-02-03,AU,Desktop,290,45.0,7,146,4.79,2026-02-03 21:59:00
KP029692,KW11676,2026-02-04,FR,Mobile,4774,26.0,95,1337,7.11,2026-02-04 15:25:00
KP029693,KW11201,2026-02-05,AU,Desktop,1657,14.0,19,270,7.04,2026-02-05 20:38:00
KP029694,KW10066,2026-02-06,DE,Mobile,3556,27.0,17,368,4.62,2026-02-06 10:20:00
KP029695,KW11886,2026-02-07,UK,Mobile,6326,24.0,120,1639,7.32,2026-02-07 15:11:00
KP029696,KW11399,2026-02-08,IN,Desktop,5644,5.0,84,474,17.72,2026-02-08 01:39:00
KP029697,KW11910,2026-02-09,MX,Mobile,5734,14.0,116,1501,7.73,2026-02-09 15:49:00
KP029698,KW11332,2026-02-10,DE,Desktop,2061,18.0,70,820,8.54,2026-02-10 08:32:00
KP029699,KW10812,2026-02-11,MX,Mobile,2326,47.0,48,1055,4.55,2026-02-11 20:15:00
KP029700,KW11478,2026-02-12,US,Desktop,1325,46.0,30,583,5.15,2026-02-12 16:08:00
KP029701,KW11301,2026-02-13,CA,Desktop,3771,9.0,96,1003,9.57,2026-02-13 10:30:00
KP029702,KW11604,2026-02-14,FR,Mobile,1777,11.0,48,620,7.74,2026-02-14 08:03:00
KP029703,KW11521,2026-02-15,CA,Mobile,372,46.0,5,174,2.87,2026-02-15 04:19:00
KP029704,KW10784,2026-02-16,MX,Mobile,4099,47.0,34,1010,3.37,2026-02-16 18:38:00
KP029705,KW10654,2026-02-17,BR,Desktop,3742,25.0,65,888,7.32,2026-02-17 09:39:00
KP029706,KW10004,2026-02-18,FR,Mobile,2464,48.0,32,809,3.96,2026-02-18 03:44:00
KP029707,KW11359,2026-02-19,BR,Desktop,3894,24.0,23,491,4.68,2026-02-19 07:08:00
KP029708,KW10799,2026-02-20,BR,Desktop,1831,13.0,79,815,9.69,2026-02-20 13:59:00
KP029709,KW11107,2026-02-21,CA,Mobile,2650,49.0,8,191,4.19,2026-02-21 08:21:00
KP029710,KW11730,2026-02-22,AU,Desktop,3351,9.0,32,295,10.85,2026-02-22 20:11:00
KP029711,KW10163,2026-02-23,IN,Tablet,4320,23.0,41,577,7.11,2026-02-23 22:25:00
KP029712,KW11086,2026-02-24,UK,Mobile,1811,45.0,30,758,3.96,2026-02-24 23:49:00
KP029713,KW11502,2026-02-25,AU,Tablet,3448,28.0,39,866,4.5,2026-02-25 19:31:00
KP029714,KW10135,2026-02-26,DE,Mobile,583,42.0,4,111,3.6,2026-02-26 04:32:00
KP029715,KW10629,2026-02-27,AU,Desktop,2120,44.0,8,248,3.23,2026-02-27 16:53:00
KP029716,KW11304,2026-02-28,US,Desktop,3244,36.0,44,1115,3.95,2026-02-28 00:43:00
KP029717,KW11101,2026-03-01,US,Desktop,3940,10.0,159,1473,10.79,2026-03-01 18:03:00
KP029718,KW11243,2026-03-02,US,Desktop,2305,27.0,35,834,4.2,2026-03-02 20:05:00
KP029719,KW11532,2026-03-03,MX,Mobile,4306,17.0,138,2180,6.33,2026-03-03 18:37:00
KP029720,KW10985,2026-03-04,IN,Tablet,5044,14.0,39,606,6.44,2026-03-04 18:20:00
KP029721,KW10219,2026-03-05,JP,Mobile,4541,15.0,170,2225,7.64,2026-03-05 15:47:00
KP029722,KW10724,2026-03-06,US,Mobile,6938,22.0,127,2301,5.52,2026-03-06 02:12:00
KP029723,KW11039,2026-03-07,FR,Desktop,1021,6.0,42,330,12.73,2026-03-07 23:52:00
KP029724,KW10021,2026-03-08,CA,Tablet,2687,22.0,51,1044,4.89,2026-03-08 14:53:00
KP029725,KW11356,2026-03-09,FR,Desktop,3751,4.0,76,485,15.67,2026-03-09 22:50:00
KP029726,KW11205,2026-03-10,US,Desktop,4824,3.0,222,1265,17.55,2026-03-10 19:48:00
KP029727,KW11505,2026-03-11,US,Mobile,3239,21.0,16,334,4.79,2026-03-11 06:07:00
KP029728,KW10864,2026-03-12,CA,Mobile,1710,40.0,10,184,5.43,2026-03-12 09:31:00
KP029729,KW11553,2026-03-13,US,Desktop,4362,32.0,94,2139,4.39,2026-03-13 18:07:00
KP029730,KW10780,2026-03-14,US,Desktop,5919,45.0,69,1640,4.21,2026-03-14 20:10:00
KP029731,KW10459,2026-03-15,BR,Desktop,9070,14.0,152,2093,7.26,2026-03-15 06:29:00
KP029732,KW11041,2026-03-16,CA,Mobile,1368,22.0,36,751,4.79,2026-03-16 17:32:00
KP029733,KW10538,2026-03-17,JP,Desktop,924,45.0,18,431,4.18,2026-03-17 15:32:00
KP029734,KW10105,2026-03-18,FR,Mobile,4856,50.0,34,759,4.48,2026-03-18 12:22:00
KP029735,KW11776,2026-03-19,UK,Mobile,2962,24.0,11,168,6.55,2026-03-19 13:11:00
KP029736,KW11094,2026-03-20,BR,Mobile,5836,28.0,100,1826,5.48,2026-03-20 01:42:00
KP029737,KW10814,2026-03-21,MX,Mobile,1190,36.0,4,109,3.67,2026-03-21 19:47:00
KP029738,KW11379,2026-03-22,DE,Mobile,1866,7.0,62,597,10.39,2026-03-22 04:57:00
KP029739,KW10122,2026-03-23,JP,Desktop,5607,35.0,147,2424,6.06,2026-03-23 23:48:00
KP029740,KW11413,2026-03-24,US,Desktop,12172,46.0,134,2798,4.79,2026-03-24 09:13:00
KP029741,KW10806,2026-03-25,JP,Mobile,2615,2.0,83,294,28.23,2026-03-25 21:01:00
KP029742,KW11076,2026-03-26,JP,Mobile,769,34.0,9,164,5.49,2026-03-26 14:12:00
KP029743,KW10083,2026-03-27,JP,Desktop,10021,16.0,476,5392,8.83,2026-03-27 13:20:00
KP029744,KW10340,2026-03-28,IN,Desktop,2541,38.0,32,649,4.93,2026-03-28 19:47:00
KP029745,KW10144,2026-03-29,AU,Mobile,3942,29.0,38,764,4.97,2026-03-29 08:35:00
KP029746,KW10614,2026-03-30,AU,Mobile,1186,18.0,29,456,6.36,2026-03-30 12:02:00
KP029747,KW10439,2026-03-31,US,Desktop,1624,37.0,25,532,4.7,2026-03-31 00:06:00
KP029748,KW10257,2026-04-01,UK,Mobile,5341,38.0,62,1639,3.78,2026-04-01 20:14:00
KP029749,KW10762,2026-04-02,DE,Desktop,1682,8.0,39,440,8.86,2026-04-02 12:28:00
KP029750,KW11625,2026-04-03,IN,Mobile,2513,40.0,21,535,3.93,2026-04-03 12:41:00
KP029751,KW10509,2026-04-04,JP,Desktop,4884,3.0,324,1546,20.96,2026-04-04 12:11:00
KP029752,KW11113,2026-04-05,UK,Desktop,6320,30.0,91,1955,4.65,2026-04-05 09:41:00
KP029753,KW11628,2026-04-06,CA,Desktop,8312,24.0,210,2759,7.61,2026-04-06 12:46:00
KP029754,KW11745,2026-04-07,US,Mobile,7154,48.0,24,723,3.32,2026-04-07 02:41:00
KP029755,KW11465,2026-04-08,BR,Desktop,403,9.0,8,69,11.59,2026-04-08 13:05:00
KP029756,KW10956,2026-04-09,BR,Desktop,2789,12.0,126,1137,11.08,2026-04-09 07:33:00
KP029757,KW10018,2026-04-10,MX,Mobile,6205,29.0,58,1290,4.5,2026-04-10 07:28:00
KP029758,KW11840,2026-04-11,JP,Mobile,5506,4.0,366,2373,15.42,2026-04-11 22:29:00
KP029759,KW10730,2026-04-12,BR,Mobile,7813,6.0,415,4009,10.35,2026-04-12 01:22:00
KP029760,KW11876,2026-04-13,MX,Desktop,4664,36.0,73,1228,5.94,2026-04-13 11:53:00
KP029761,KW11348,2026-04-14,CA,Desktop,2655,6.0,42,357,11.76,2026-04-14 03:04:00
KP029762,KW11801,2026-04-15,US,Desktop,2826,9.0,29,251,11.55,2026-04-15 01:10:00
KP029763,KW10635,2026-04-16,UK,Mobile,5501,2.0,361,1494,24.16,2026-04-16 11:59:00
KP029764,KW11540,2026-04-17,CA,Desktop,3565,25.0,34,471,7.22,2026-04-17 18:16:00
KP029765,KW10230,2026-04-18,IN,Desktop,2598,24.0,33,699,4.72,2026-04-18 04:50:00
KP029766,KW11690,2026-04-19,FR,Desktop,1711,30.0,33,707,4.67,2026-04-19 03:08:00
KP029767,KW11464,2026-04-20,FR,Desktop,900,41.0,17,318,5.35,2026-04-20 10:41:00
KP029768,KW10265,2026-04-21,BR,Mobile,6160,50.0,131,2647,4.95,2026-04-21 15:34:00
KP029769,KW10530,2026-04-22,IN,Desktop,414,33.0,9,153,5.88,2026-04-22 17:07:00
KP029770,KW10314,2026-04-23,JP,Desktop,1978,30.0,18,334,5.39,2026-04-23 10:06:00
KP029771,KW10325,2026-04-24,BR,Mobile,15954,42.0,150,4181,3.59,2026-04-24 00:21:00
KP029772,KW11442,2026-04-25,BR,Mobile,7350,18.0,184,2263,8.13,2026-04-25 04:13:00
KP029773,KW10774,2026-04-26,BR,Mobile,1526,24.0,13,259,5.02,2026-04-26 10:50:00
KP029774,KW10795,2026-04-27,DE,Mobile,8714,12.0,277,3574,7.75,2026-04-27 01:58:00
KP029775,KW11444,2026-04-28,MX,Desktop,3274,14.0,16,211,7.58,2026-04-28 07:41:00
KP029776,KW10849,2026-04-29,BR,Desktop,11255,22.0,200,3740,5.35,2026-04-29 17:45:00
KP029777,KW10092,2026-04-30,UK,Mobile,3578,24.0,34,656,5.18,2026-04-30 02:45:00
KP029778,KW11150,2026-05-01,US,Mobile,896,40.0,8,169,4.73,2026-05-01 21:18:00
KP029779,KW10105,2026-05-02,BR,Desktop,4635,26.0,79,1183,6.68,2026-05-02 23:23:00
KP029780,KW10082,2026-05-03,JP,Mobile,5792,31.0,39,626,6.23,2026-05-03 17:39:00
KP029781,KW10166,2026-05-04,BR,Mobile,4874,7.0,315,2581,12.2,2026-05-04 05:26:00
KP029782,KW11074,2026-05-05,AU,Mobile,2522,15.0,40,448,8.93,2026-05-05 04:58:00
KP029783,KW11788,2026-05-06,DE,Mobile,2728,17.0,116,1456,7.97,2026-05-06 02:44:00
KP029784,KW10447,2026-05-07,JP,Desktop,12797,25.0,271,4678,5.79,2026-05-07 16:52:00
KP029785,KW11736,2026-05-08,AU,Desktop,1812,16.0,56,600,9.33,2026-05-08 21:57:00
KP029786,KW11746,2026-05-09,AU,Desktop,4985,43.0,34,773,4.4,2026-05-09 09:12:00
KP029787,KW10456,2026-05-10,AU,Mobile,2871,2.0,112,396,28.28,2026-05-10 06:48:00
KP029788,KW11681,2026-05-11,AU,Desktop,3371,48.0,38,1076,3.53,2026-05-11 14:24:00
KP029789,KW10575,2026-05-12,DE,Mobile,3473,14.0,110,1151,9.56,2026-05-12 22:26:00
KP029790,KW11933,2026-05-13,US,Desktop,4042,41.0,81,1484,5.46,2026-05-13 05:33:00
KP029791,KW10857,2026-05-14,CA,Mobile,704,21.0,6,80,7.5,2026-05-14 13:36:00
KP029792,KW10255,2026-05-15,MX,Desktop,1834,34.0,24,434,5.53,2026-05-15 01:13:00
KP029793,KW10200,2026-05-16,JP,Tablet,2413,39.0,62,1132,5.48,2026-05-16 16:45:00
KP029794,KW10046,2026-05-17,JP,Mobile,699,3.0,42,229,18.34,2026-05-17 04:15:00
KP029795,KW11455,2026-05-18,AU,Desktop,24818,3.0,1710,9574,17.86,2026-05-18 05:50:00
KP029796,KW11503,2026-05-19,BR,Mobile,6727,14.0,100,1304,7.67,2026-05-19 21:11:00
KP029797,KW10332,2026-05-20,JP,Desktop,2045,22.0,55,796,6.91,2026-05-20 17:07:00
KP029798,KW10602,2026-05-21,DE,Desktop,11111,4.0,109,664,16.42,2026-05-21 13:02:00
KP029799,KW11219,2026-05-22,JP,Desktop,9416,49.0,63,1563,4.03,2026-05-22 01:35:00
KP029800,KW10876,2026-05-23,IN,Mobile,6027,49.0,74,2049,3.61,2026-05-23 11:49:00
KP029801,KW10593,2026-05-24,MX,Desktop,11290,20.0,439,5946,7.38,2026-05-24 14:01:00
KP029802,KW11825,2026-05-25,AU,Desktop,17112,14.0,256,3147,8.13,2026-05-25 21:12:00
KP029803,KW11761,2026-05-26,JP,Desktop,1526,20.0,42,506,8.3,2026-05-26 00:16:00
KP029804,KW10220,2026-05-27,UK,Mobile,5286,18.0,18,305,5.9,2026-05-27 10:29:00
KP029805,KW11072,2026-05-28,CA,Mobile,3296,8.0,156,1608,9.7,2026-05-28 01:34:00
KP029806,KW10608,2026-05-29,BR,Desktop,14167,46.0,76,1884,4.03,2026-05-29 22:07:00
KP029807,KW11454,2026-05-30,CA,Mobile,878,28.0,3,54,5.56,2026-05-30 00:29:00
KP029808,KW11811,2026-05-31,CA,Mobile,3894,45.0,87,1999,4.35,2026-05-31 22:30:00
