order_id,order_date,country_code,product_id,page_id,keyword_id,order_amount,order_status,updated_timestamp
ORD100001,2026-03-11,UK,P1037,PG1005,KW11979,809.36,Pending,2026-03-11 04:58:00
ORD100003,2026-02-11,UK,P1009,PG1080,KW11498,544.14,Completed,2026-02-11 22:27:00
ORD100004,2026-04-01,BR,P1001,PG1230,KW10252,450.15,Completed,2026-04-01 01:42:00
ORD100007,2026-05-26,DE,P1044,PG1071,KW11790,1569.89,Returned,2026-05-26 12:30:00
ORD100010,2026-03-31,MX,P1040,PG1487,KW11828,647.36,Completed,2026-03-31 10:55:00
ORD100011,2026-02-24,CA,P1026,PG1144,KW11128,551.14,Pending,2026-02-24 19:46:00
ORD100022,2026-04-12,DE,P1048,PG1414,KW10644,1458.01,Completed,2026-04-12 15:58:00
ORD100023,2026-03-28,DE,P1014,PG1257,KW11751,671.55,Completed,2026-03-28 20:07:00
ORD100026,2026-05-27,JP,P1004,PG1133,KW11733,630.43,Returned,2026-05-27 01:05:00
ORD100027,2026-04-11,US,P1008,PG1472,KW11445,912.28,Completed,2026-04-11 23:35:00
ORD100032,2026-04-10,BR,P1008,PG1294,KW10472,1525.46,Completed,2026-04-10 12:20:00
ORD100033,2026-04-09,AU,P1012,PG1435,KW11387,1854.11,Completed,2026-04-09 12:16:00
ORD100035,2026-03-02,JP,P1002,PG1322,KW11700,522.13,Completed,2026-03-02 01:14:00
ORD100038,2026-04-08,FR,P1002,PG1012,KW11914,551.4,Completed,2026-04-08 00:31:00
ORD100042,2026-04-06,MX,P1045,PG1237,KW11651,1890.11,Completed,2026-04-06 11:14:00
ORD100052,2026-04-11,FR,P1046,PG1188,KW10615,1457.13,Completed,2026-04-11 04:00:00
ORD100061,2026-05-04,UK,P1006,PG1165,KW10367,895.81,Cancelled,2026-05-04 02:45:00
ORD100067,2026-03-24,UK,P1045,PG1123,KW10837,609.5,Completed,2026-03-24 21:34:00
ORD100072,2026-05-25,DE,P1027,PG1477,KW11749,1492.17,Cancelled,2026-05-25 11:16:00
ORD100074,2026-05-12,IN,P1017,PG1225,KW11006,990.99,Pending,2026-05-12 16:24:00
ORD100076,2026-05-30,DE,P1023,PG1468,KW10836,1405.79,Completed,2026-05-30 02:44:00
ORD100085,2026-02-13,IN,P1001,PG1381,KW10681,1484.33,Cancelled,2026-02-13 20:19:00
ORD100088,2026-04-11,UK,P1011,PG1458,KW11435,852.26,Completed,2026-04-11 00:58:00
ORD100090,2026-04-06,UK,P1010,PG1026,KW10705,1238.03,Pending,2026-04-06 12:30:00
ORD100091,2026-02-02,FR,P1020,PG1257,KW11984,773.6,Completed,2026-02-02 12:30:00
ORD100096,2026-05-19,DE,P1024,PG1046,KW11170,1748.53,Completed,2026-05-19 16:20:00
ORD100100,2026-04-09,UK,P1013,PG1305,KW11002,2055.54,Completed,2026-04-09 19:19:00
ORD100103,2026-02-08,FR,P1006,PG1357,KW10616,490.16,Pending,2026-02-08 00:21:00
ORD100105,2026-02-01,UK,P1024,PG1363,KW10192,742.22,Completed,2026-02-01 07:50:00
ORD100110,2026-04-09,IN,P1012,PG1492,KW10440,769.34,Returned,2026-04-09 14:31:00
ORD100115,2026-02-26,BR,P1004,PG1128,KW10948,1545.87,Completed,2026-02-26 08:32:00
ORD100118,2026-03-12,UK,P1019,PG1154,KW10258,567.28,Completed,2026-03-12 20:19:00
ORD100123,2026-05-17,JP,P1038,PG1280,KW11345,519.28,Completed,2026-05-17 11:55:00
ORD100126,2026-04-09,US,P1038,PG1254,KW11567,666.86,Completed,2026-04-09 18:08:00
ORD100128,2026-03-25,AU,P1049,PG1348,KW10637,819.69,Pending,2026-03-25 13:05:00
ORD100134,2026-04-06,BR,P1017,PG1040,KW10470,606.47,Completed,2026-04-06 03:05:00
ORD100137,2026-02-04,IN,P1040,PG1274,KW11854,1599.97,Cancelled,2026-02-04 12:11:00
ORD100138,2026-03-31,IN,P1016,PG1145,KW11744,390.65,Cancelled,2026-03-31 21:15:00
ORD100139,2026-03-17,AU,P1024,PG1015,KW11884,300.47,Completed,2026-03-17 12:35:00
ORD100141,2026-02-06,BR,P1048,PG1210,KW11729,568.97,Returned,2026-02-06 06:04:00
ORD100142,2026-03-20,DE,P1038,PG1323,KW11956,969.84,Pending,2026-03-20 12:32:00
ORD100143,2026-02-20,DE,P1033,PG1246,KW10711,1064.11,Cancelled,2026-02-20 13:15:00
ORD100146,2026-05-30,MX,P1044,PG1164,KW11981,401.41,Pending,2026-05-30 11:50:00
ORD100147,2026-04-01,MX,P1020,PG1411,KW10690,587.98,Cancelled,2026-04-01 21:38:00
ORD100148,2026-03-31,DE,P1048,PG1164,KW10369,755.87,Returned,2026-03-31 11:43:00
ORD100150,2026-04-02,US,P1034,PG1278,KW11783,593.47,Completed,2026-04-02 22:44:00
ORD100151,2026-05-03,AU,P1028,PG1297,KW10735,1644.09,Pending,2026-05-03 16:35:00
ORD100154,2026-05-28,CA,P1041,PG1423,KW10759,1363.08,Cancelled,2026-05-28 01:35:00
ORD100155,2026-04-24,AU,P1044,PG1312,KW11130,805.5,Completed,2026-04-24 03:59:00
ORD100156,2026-04-17,US,P1043,PG1330,KW10270,796.5,Returned,2026-04-17 08:10:00
ORD100159,2026-02-07,AU,P1001,PG1196,KW11192,1288.01,Completed,2026-02-07 09:39:00
ORD100161,2026-03-23,AU,P1037,PG1092,KW11299,1083.66,Completed,2026-03-23 21:24:00
ORD100163,2026-02-21,FR,P1025,PG1379,KW11124,844.47,Completed,2026-02-21 20:00:00
ORD100167,2026-04-13,AU,P1043,PG1404,KW10429,616.9,Completed,2026-04-13 09:50:00
ORD100170,2026-02-19,FR,P1042,PG1236,KW10257,363.0,Returned,2026-02-19 19:50:00
ORD100171,2026-03-22,AU,P1039,PG1482,KW11410,211.09,Returned,2026-03-22 19:19:00
ORD100175,2026-02-23,DE,P1023,PG1041,KW11650,2203.39,Completed,2026-02-23 22:02:00
ORD100182,2026-03-16,BR,P1029,PG1218,KW11563,740.14,Cancelled,2026-03-16 10:41:00
ORD100185,2026-02-26,AU,P1029,PG1329,KW11240,988.45,Completed,2026-02-26 21:54:00
ORD100187,2026-05-26,US,P1041,PG1256,KW10693,465.24,Completed,2026-05-26 22:04:00
ORD100190,2026-03-24,IN,P1018,PG1320,KW11590,652.88,Pending,2026-03-24 02:31:00
ORD100196,2026-05-11,MX,P1044,PG1345,KW10375,354.58,Completed,2026-05-11 07:34:00
ORD100197,2026-02-11,FR,P1009,PG1119,KW11578,669.79,Returned,2026-02-11 22:10:00
ORD100198,2026-03-25,MX,P1031,PG1129,KW10831,538.06,Returned,2026-03-25 18:24:00
ORD100200,2026-02-13,US,P1043,PG1056,KW11350,1151.92,Completed,2026-02-13 06:08:00
ORD100203,2026-05-26,FR,P1049,PG1376,KW11327,805.98,Pending,2026-05-26 18:17:00
ORD100205,2026-03-06,AU,P1027,PG1139,KW11347,759.69,Returned,2026-03-06 21:50:00
ORD100208,2026-05-21,IN,P1004,PG1402,KW10705,1633.81,Cancelled,2026-05-21 03:00:00
ORD100211,2026-02-01,UK,P1040,PG1457,KW11106,830.1,Cancelled,2026-02-01 22:25:00
ORD100217,2026-04-08,AU,P1024,PG1241,KW10699,933.9,Completed,2026-04-08 19:58:00
ORD100219,2026-05-31,JP,P1003,PG1149,KW11530,262.63,Pending,2026-05-31 18:17:00
ORD100225,2026-05-11,BR,P1038,PG1138,KW10376,3701.36,Completed,2026-05-11 21:49:00
ORD100228,2026-05-13,US,P1039,PG1456,KW11510,261.04,Returned,2026-05-13 02:53:00
ORD100230,2026-03-26,UK,P1006,PG1375,KW10052,355.97,Pending,2026-03-26 15:53:00
ORD100235,2026-03-16,IN,P1025,PG1473,KW11495,1015.81,Pending,2026-03-16 20:19:00
ORD100236,2026-05-28,MX,P1008,PG1269,KW11245,930.35,Returned,2026-05-28 17:53:00
ORD100237,2026-02-13,JP,P1021,PG1112,KW10554,1212.79,Completed,2026-02-13 21:31:00
ORD100244,2026-03-21,CA,P1001,PG1385,KW11822,733.0,Completed,2026-03-21 17:10:00
ORD100246,2026-03-10,JP,P1013,PG1149,KW11544,1214.9,Returned,2026-03-10 09:49:00
ORD100247,2026-03-12,AU,P1046,PG1300,KW10206,1162.08,Completed,2026-03-12 15:20:00
ORD100250,2026-04-10,MX,P1022,PG1101,KW11710,524.56,Completed,2026-04-10 02:53:00
ORD100252,2026-03-06,DE,P1048,PG1393,KW11385,1384.07,Completed,2026-03-06 20:56:00
ORD100254,2026-04-24,UK,P1041,PG1407,KW11961,501.82,Pending,2026-04-24 01:31:00
ORD100260,2026-02-09,CA,P1021,PG1435,KW10577,3016.58,Cancelled,2026-02-09 01:56:00
ORD100261,2026-05-26,US,P1033,PG1279,KW10221,1624.84,Completed,2026-05-26 05:25:00
ORD100264,2026-03-29,MX,P1007,PG1492,KW10009,633.3,Completed,2026-03-29 05:34:00
ORD100268,2026-04-17,BR,P1001,PG1234,KW10960,578.97,Pending,2026-04-17 16:53:00
ORD100269,2026-02-13,IN,P1045,PG1071,KW10253,456.43,Completed,2026-02-13 23:06:00
ORD100271,2026-05-17,AU,P1045,PG1013,KW11386,1150.1,Completed,2026-05-17 09:14:00
ORD100274,2026-02-15,US,P1030,PG1072,KW10145,450.61,Completed,2026-02-15 02:44:00
ORD100275,2026-04-25,FR,P1039,PG1330,KW11679,1886.22,Returned,2026-04-25 11:18:00
ORD100278,2026-03-12,FR,P1013,PG1309,KW10246,1204.25,Completed,2026-03-12 03:35:00
ORD100284,2026-03-18,FR,P1049,PG1373,KW11394,1042.21,Returned,2026-03-18 14:22:00
ORD100286,2026-02-28,JP,P1028,PG1071,KW11071,1227.39,Completed,2026-02-28 23:50:00
ORD100307,2026-02-18,DE,P1049,PG1277,KW10606,316.5,Completed,2026-02-18 16:38:00
ORD100308,2026-02-13,US,P1047,PG1433,KW10688,1033.46,Cancelled,2026-02-13 09:55:00
ORD100316,2026-03-12,AU,P1049,PG1030,KW10200,667.61,Pending,2026-03-12 12:36:00
ORD100319,2026-04-02,FR,P1043,PG1281,KW11187,1656.03,Cancelled,2026-04-02 15:04:00
ORD100320,2026-02-20,AU,P1005,PG1321,KW11189,1557.5,Cancelled,2026-02-20 09:33:00
ORD100331,2026-02-24,IN,P1005,PG1344,KW10846,638.51,Completed,2026-02-24 13:07:00
ORD100333,2026-02-21,BR,P1038,PG1028,KW10032,461.14,Completed,2026-02-21 15:59:00
ORD100335,2026-03-16,MX,P1044,PG1371,KW11707,421.66,Cancelled,2026-03-16 03:43:00
ORD100338,2026-02-03,FR,P1045,PG1477,KW10436,737.58,Completed,2026-02-03 19:46:00
ORD100345,2026-05-26,UK,P1008,PG1482,KW10682,665.7,Completed,2026-05-26 14:23:00
ORD100346,2026-05-16,JP,P1044,PG1328,KW11254,204.15,Completed,2026-05-16 02:35:00
ORD100347,2026-05-11,FR,P1013,PG1489,KW10835,1238.55,Completed,2026-05-11 17:42:00
ORD100348,2026-05-21,DE,P1008,PG1352,KW10606,2412.9,Completed,2026-05-21 16:32:00
ORD100356,2026-04-30,IN,P1038,PG1283,KW11169,628.11,Completed,2026-04-30 11:11:00
ORD100360,2026-03-26,CA,P1038,PG1136,KW11715,269.38,Cancelled,2026-03-26 11:27:00
ORD100363,2026-02-09,IN,P1046,PG1442,KW11791,523.97,Completed,2026-02-09 12:55:00
ORD100365,2026-03-07,FR,P1014,PG1280,KW10361,2100.81,Completed,2026-03-07 20:06:00
ORD100366,2026-05-02,DE,P1025,PG1234,KW10657,559.66,Completed,2026-05-02 13:42:00
ORD100370,2026-04-25,DE,P1019,PG1372,KW11374,681.27,Completed,2026-04-25 15:24:00
ORD100373,2026-03-08,FR,P1040,PG1456,KW11750,761.19,Pending,2026-03-08 15:50:00
ORD100374,2026-02-18,US,P1034,PG1049,KW11813,1024.28,Pending,2026-02-18 06:17:00
ORD100378,2026-02-20,UK,P1040,PG1328,KW10072,799.3,Returned,2026-02-20 18:56:00
ORD100379,2026-04-05,CA,P1030,PG1269,KW11610,365.8,Cancelled,2026-04-05 14:54:00
ORD100381,2026-05-26,US,P1028,PG1178,KW11664,825.53,Returned,2026-05-26 01:52:00
ORD100382,2026-02-27,CA,P1047,PG1127,KW10607,528.65,Cancelled,2026-02-27 23:25:00
ORD100383,2026-03-06,JP,P1012,PG1414,KW11360,3165.25,Completed,2026-03-06 23:42:00
ORD100387,2026-03-01,BR,P1004,PG1142,KW10550,283.18,Pending,2026-03-01 19:20:00
ORD100391,2026-03-17,IN,P1018,PG1072,KW10791,1054.53,Completed,2026-03-17 13:26:00
ORD100392,2026-03-31,BR,P1020,PG1213,KW10609,1455.56,Completed,2026-03-31 10:45:00
ORD100396,2026-02-17,US,P1018,PG1014,KW10788,1480.94,Returned,2026-02-17 09:46:00
ORD100397,2026-03-04,AU,P1020,PG1364,KW11875,249.79,Completed,2026-03-04 04:45:00
ORD100400,2026-02-25,JP,P1011,PG1020,KW11701,772.17,Completed,2026-02-25 06:52:00
ORD100402,2026-03-03,BR,P1005,PG1012,KW10913,1958.03,Completed,2026-03-03 08:38:00
ORD100412,2026-03-31,MX,P1006,PG1102,KW11847,1008.1,Cancelled,2026-03-31 20:15:00
ORD100414,2026-05-23,CA,P1050,PG1438,KW10084,606.42,Pending,2026-05-23 01:37:00
ORD100419,2026-03-04,FR,P1038,PG1490,KW11169,420.3,Completed,2026-03-04 16:15:00
ORD100420,2026-02-24,UK,P1041,PG1500,KW10018,320.55,Completed,2026-02-24 07:27:00
ORD100426,2026-02-03,US,P1022,PG1104,KW10510,627.41,Completed,2026-02-03 10:25:00
ORD100431,2026-02-21,US,P1041,PG1260,KW11339,666.1,Pending,2026-02-21 23:08:00
ORD100435,2026-03-05,JP,P1032,PG1038,KW10939,1244.36,Completed,2026-03-05 12:20:00
ORD100440,2026-05-18,AU,P1022,PG1440,KW11382,725.54,Pending,2026-05-18 04:32:00
ORD100442,2026-05-09,DE,P1026,PG1092,KW11817,793.94,Completed,2026-05-09 01:07:00
ORD100452,2026-04-06,UK,P1034,PG1008,KW10136,704.11,Pending,2026-04-06 16:13:00
ORD100454,2026-05-25,BR,P1024,PG1496,KW11875,1151.79,Completed,2026-05-25 14:41:00
ORD100455,2026-04-15,US,P1050,PG1038,KW11595,1160.46,Completed,2026-04-15 04:17:00
ORD100458,2026-04-25,BR,P1027,PG1477,KW11579,244.78,Completed,2026-04-25 07:54:00
ORD100459,2026-05-16,FR,P1048,PG1474,KW11203,933.4,Pending,2026-05-16 23:29:00
ORD100460,2026-05-11,IN,P1005,PG1357,KW10566,970.32,Pending,2026-05-11 06:35:00
ORD100462,2026-02-25,MX,P1005,PG1274,KW10858,843.31,Completed,2026-02-25 02:21:00
ORD100464,2026-05-22,BR,P1037,PG1343,KW10953,1520.07,Completed,2026-05-22 21:47:00
ORD100465,2026-02-01,FR,P1004,PG1076,KW10643,514.56,Cancelled,2026-02-01 08:41:00
ORD100466,2026-04-01,AU,P1003,PG1218,KW11644,1561.89,Completed,2026-04-01 00:16:00
ORD100470,2026-03-27,MX,P1028,PG1224,KW10904,253.95,Completed,2026-03-27 14:46:00
ORD100472,2026-03-04,JP,P1042,PG1328,KW11702,484.84,Cancelled,2026-03-04 18:30:00
ORD100474,2026-02-03,AU,P1035,PG1233,KW10386,351.88,Returned,2026-02-03 22:59:00
ORD100477,2026-03-08,IN,P1042,PG1433,KW10355,895.7,Completed,2026-03-08 17:04:00
ORD100489,2026-04-12,MX,P1025,PG1496,KW11594,273.62,Completed,2026-04-12 12:33:00
ORD100493,2026-02-04,US,P1005,PG1366,KW11576,449.62,Completed,2026-02-04 21:09:00
ORD100494,2026-03-07,CA,P1037,PG1085,KW11494,1722.0,Pending,2026-03-07 10:38:00
ORD100496,2026-02-06,DE,P1005,PG1183,KW10492,2138.31,Pending,2026-02-06 02:42:00
ORD100499,2026-04-25,DE,P1024,PG1281,KW10083,393.27,Returned,2026-04-25 11:47:00
ORD100503,2026-05-29,FR,P1021,PG1114,KW11008,680.56,Completed,2026-05-29 06:45:00
ORD100505,2026-05-26,DE,P1038,PG1375,KW11252,1836.9,Completed,2026-05-26 01:57:00
ORD100506,2026-05-15,UK,P1014,PG1122,KW11676,1161.26,Returned,2026-05-15 08:07:00
ORD100507,2026-02-12,CA,P1021,PG1406,KW11110,594.89,Completed,2026-02-12 09:47:00
ORD100511,2026-05-29,UK,P1035,PG1334,KW10095,657.53,Cancelled,2026-05-29 21:53:00
ORD100512,2026-04-18,BR,P1023,PG1163,KW11327,418.99,Completed,2026-04-18 05:33:00
ORD100513,2026-05-31,IN,P1023,PG1341,KW11460,1201.7,Completed,2026-05-31 13:37:00
ORD100519,2026-03-08,CA,P1031,PG1297,KW10721,650.23,Completed,2026-03-08 16:50:00
ORD100520,2026-03-17,MX,P1021,PG1265,KW11049,228.24,Cancelled,2026-03-17 07:19:00
ORD100521,2026-02-24,US,P1049,PG1143,KW10128,673.76,Returned,2026-02-24 23:03:00
ORD100523,2026-04-09,AU,P1005,PG1496,KW10082,1422.87,Returned,2026-04-09 09:16:00
ORD100525,2026-04-03,JP,P1016,PG1030,KW10184,137.34,Completed,2026-04-03 09:09:00
ORD100526,2026-05-10,FR,P1028,PG1295,KW11006,526.26,Returned,2026-05-10 00:14:00
ORD100527,2026-04-13,UK,P1020,PG1220,KW10906,555.71,Cancelled,2026-04-13 16:38:00
ORD100528,2026-03-01,FR,P1045,PG1491,KW11015,1128.04,Completed,2026-03-01 21:15:00
ORD100529,2026-02-16,US,P1020,PG1057,KW10136,1901.44,Completed,2026-02-16 21:47:00
ORD100532,2026-05-04,US,P1031,PG1028,KW10996,863.64,Pending,2026-05-04 05:00:00
ORD100534,2026-03-21,FR,P1006,PG1251,KW10848,628.81,Completed,2026-03-21 06:56:00
ORD100536,2026-03-19,BR,P1001,PG1404,KW11246,1579.01,Returned,2026-03-19 14:08:00
ORD100538,2026-05-15,CA,P1030,PG1225,KW11516,1067.55,Pending,2026-05-15 22:27:00
ORD100543,2026-02-06,MX,P1029,PG1428,KW11857,588.71,Completed,2026-02-06 16:47:00
ORD100548,2026-03-07,BR,P1010,PG1265,KW11007,1371.5,Cancelled,2026-03-07 19:25:00
ORD100549,2026-04-09,JP,P1032,PG1019,KW11409,644.06,Completed,2026-04-09 16:50:00
ORD100551,2026-05-13,JP,P1004,PG1093,KW10739,876.62,Completed,2026-05-13 13:25:00
ORD100552,2026-02-23,BR,P1025,PG1013,KW11923,769.17,Completed,2026-02-23 07:50:00
ORD100556,2026-03-20,MX,P1050,PG1221,KW11224,417.51,Completed,2026-03-20 02:53:00
ORD100562,2026-05-04,CA,P1045,PG1054,KW10144,1496.04,Cancelled,2026-05-04 04:51:00
ORD100566,2026-05-01,US,P1034,PG1231,KW10760,408.45,Returned,2026-05-01 14:19:00
ORD100569,2026-02-24,AU,P1027,PG1047,KW10023,962.92,Completed,2026-02-24 14:05:00
ORD100570,2026-05-19,CA,P1035,PG1458,KW11254,906.16,Completed,2026-05-19 03:20:00
ORD100575,2026-05-11,IN,P1046,PG1254,KW10456,790.68,Completed,2026-05-11 19:57:00
ORD100577,2026-03-31,UK,P1029,PG1239,KW10262,1040.25,Completed,2026-03-31 15:36:00
ORD100580,2026-03-25,CA,P1004,PG1490,KW10412,551.9,Returned,2026-03-25 14:36:00
ORD100589,2026-02-23,MX,P1010,PG1225,KW11907,1222.85,Completed,2026-02-23 21:18:00
ORD100590,2026-03-27,MX,P1044,PG1168,KW11212,2173.23,Returned,2026-03-27 19:06:00
ORD100591,2026-05-27,CA,P1026,PG1041,KW11923,273.88,Cancelled,2026-05-27 08:43:00
ORD100592,2026-05-01,CA,P1046,PG1025,KW11698,416.87,Cancelled,2026-05-01 22:25:00
ORD100593,2026-05-15,MX,P1023,PG1394,KW10946,911.82,Cancelled,2026-05-15 07:49:00
ORD100594,2026-05-14,MX,P1001,PG1375,KW10338,485.15,Completed,2026-05-14 06:09:00
ORD100596,2026-04-27,MX,P1005,PG1372,KW10847,1696.56,Returned,2026-04-27 10:00:00
ORD100600,2026-02-27,MX,P1035,PG1334,KW11957,946.17,Completed,2026-02-27 16:52:00
ORD100611,2026-03-27,MX,P1043,PG1055,KW10658,477.9,Cancelled,2026-03-27 00:30:00
ORD100612,2026-03-13,JP,P1038,PG1155,KW11810,484.31,Completed,2026-03-13 02:25:00
ORD100613,2026-05-31,MX,P1016,PG1267,KW10872,873.06,Completed,2026-05-31 16:38:00
ORD100615,2026-02-03,MX,P1024,PG1199,KW11941,922.18,Returned,2026-02-03 00:21:00
ORD100624,2026-03-15,AU,P1033,PG1178,KW10007,1806.43,Cancelled,2026-03-15 11:36:00
ORD100626,2026-02-07,CA,P1026,PG1155,KW11762,915.42,Returned,2026-02-07 03:58:00
ORD100627,2026-04-06,US,P1022,PG1066,KW10091,412.87,Returned,2026-04-06 15:15:00
ORD100630,2026-05-20,DE,P1040,PG1057,KW10923,194.25,Completed,2026-05-20 04:21:00
ORD100632,2026-03-02,UK,P1029,PG1176,KW11915,167.05,Completed,2026-03-02 22:40:00
ORD100635,2026-02-04,US,P1044,PG1048,KW10748,877.88,Pending,2026-02-04 09:51:00
ORD100640,2026-02-19,UK,P1035,PG1157,KW10570,933.98,Pending,2026-02-19 19:29:00
ORD100641,2026-05-03,FR,P1008,PG1319,KW11411,928.57,Cancelled,2026-05-03 05:46:00
ORD100642,2026-04-12,MX,P1010,PG1221,KW10911,2573.29,Returned,2026-04-12 15:33:00
ORD100648,2026-05-06,FR,P1038,PG1207,KW11400,1042.13,Completed,2026-05-06 22:55:00
ORD100656,2026-02-17,BR,P1003,PG1306,KW10866,429.64,Cancelled,2026-02-17 18:05:00
ORD100659,2026-03-19,MX,P1004,PG1177,KW10237,1285.81,Returned,2026-03-19 22:28:00
ORD100660,2026-04-07,FR,P1002,PG1234,KW11291,898.22,Returned,2026-04-07 18:36:00
ORD100666,2026-04-23,IN,P1016,PG1436,KW11980,693.11,Completed,2026-04-23 10:23:00
ORD100667,2026-03-03,CA,P1027,PG1119,KW10055,2051.0,Completed,2026-03-03 18:58:00
ORD100671,2026-05-28,FR,P1009,PG1026,KW10027,541.38,Completed,2026-05-28 13:59:00
ORD100676,2026-02-09,JP,P1026,PG1165,KW10325,392.49,Completed,2026-02-09 10:29:00
ORD100677,2026-03-14,MX,P1009,PG1155,KW10593,757.27,Returned,2026-03-14 19:58:00
ORD100682,2026-02-28,CA,P1010,PG1362,KW10838,876.95,Completed,2026-02-28 03:14:00
ORD100683,2026-05-27,UK,P1023,PG1493,KW11674,622.81,Returned,2026-05-27 22:15:00
ORD100687,2026-04-03,BR,P1019,PG1429,KW10792,1580.19,Completed,2026-04-03 01:45:00
ORD100689,2026-05-25,MX,P1038,PG1130,KW11425,950.4,Cancelled,2026-05-25 07:16:00
ORD100691,2026-05-21,AU,P1044,PG1107,KW10665,407.87,Completed,2026-05-21 19:21:00
ORD100695,2026-02-23,IN,P1005,PG1405,KW11634,1811.93,Completed,2026-02-23 10:02:00
ORD100701,2026-02-16,AU,P1031,PG1433,KW10319,957.42,Completed,2026-02-16 22:55:00
ORD100702,2026-02-26,BR,P1041,PG1466,KW10656,643.9,Cancelled,2026-02-26 08:05:00
ORD100703,2026-04-14,MX,P1022,PG1417,KW11389,1386.64,Completed,2026-04-14 12:36:00
ORD100705,2026-04-21,MX,P1022,PG1286,KW10318,1277.49,Completed,2026-04-21 01:48:00
ORD100707,2026-04-13,FR,P1041,PG1192,KW11446,1004.91,Completed,2026-04-13 01:18:00
ORD100709,2026-05-04,IN,P1040,PG1455,KW10624,337.9,Pending,2026-05-04 09:45:00
ORD100710,2026-05-31,JP,P1027,PG1016,KW11911,632.66,Completed,2026-05-31 01:43:00
ORD100711,2026-04-14,MX,P1004,PG1217,KW10691,1327.38,Completed,2026-04-14 10:46:00
ORD100713,2026-03-13,IN,P1050,PG1259,KW11521,303.53,Pending,2026-03-13 14:55:00
ORD100714,2026-04-07,FR,P1046,PG1475,KW10520,517.88,Pending,2026-04-07 01:06:00
ORD100715,2026-05-29,US,P1041,PG1268,KW10532,333.35,Cancelled,2026-05-29 14:46:00
ORD100716,2026-03-30,DE,P1038,PG1061,KW10243,584.31,Completed,2026-03-30 01:35:00
ORD100717,2026-02-27,UK,P1014,PG1267,KW10590,1445.6,Cancelled,2026-02-27 10:55:00
ORD100720,2026-05-08,IN,P1017,PG1015,KW10310,704.23,Cancelled,2026-05-08 04:33:00
ORD100724,2026-03-11,DE,P1050,PG1321,KW11371,386.59,Completed,2026-03-11 00:42:00
ORD100727,2026-02-18,AU,P1046,PG1225,KW11018,893.13,Completed,2026-02-18 01:06:00
ORD100728,2026-03-20,JP,P1012,PG1370,KW10673,705.03,Completed,2026-03-20 14:59:00
ORD100731,2026-04-12,FR,P1037,PG1089,KW10331,693.55,Completed,2026-04-12 00:14:00
ORD100732,2026-02-24,US,P1028,PG1278,KW10464,937.82,Returned,2026-02-24 15:04:00
ORD100736,2026-02-25,DE,P1003,PG1277,KW10709,339.67,Completed,2026-02-25 17:38:00
ORD100737,2026-05-04,AU,P1041,PG1427,KW11472,575.8,Completed,2026-05-04 14:17:00
ORD100743,2026-03-10,AU,P1049,PG1264,KW11944,560.08,Completed,2026-03-10 01:59:00
ORD100746,2026-05-28,BR,P1044,PG1371,KW11834,677.04,Completed,2026-05-28 07:06:00
ORD100749,2026-03-24,DE,P1018,PG1249,KW10822,1663.68,Completed,2026-03-24 13:48:00
ORD100756,2026-02-12,DE,P1011,PG1133,KW11473,868.83,Completed,2026-02-12 12:19:00
ORD100757,2026-03-27,FR,P1027,PG1039,KW10532,469.72,Completed,2026-03-27 22:16:00
ORD100758,2026-05-10,AU,P1043,PG1471,KW10173,895.2,Cancelled,2026-05-10 17:02:00
ORD100766,2026-05-26,CA,P1023,PG1093,KW11207,671.33,Returned,2026-05-26 02:16:00
ORD100772,2026-04-30,MX,P1037,PG1065,KW11801,613.17,Pending,2026-04-30 07:03:00
ORD100777,2026-03-11,US,P1047,PG1287,KW10154,558.51,Pending,2026-03-11 13:04:00
ORD100782,2026-04-29,FR,P1029,PG1040,KW11926,1355.67,Pending,2026-04-29 09:46:00
ORD100783,2026-05-08,US,P1047,PG1324,KW11271,746.18,Completed,2026-05-08 15:20:00
ORD100785,2026-04-20,UK,P1038,PG1429,KW10472,1097.05,Completed,2026-04-20 19:58:00
ORD100788,2026-04-20,AU,P1043,PG1356,KW11206,507.21,Completed,2026-04-20 09:29:00
ORD100796,2026-04-28,CA,P1033,PG1199,KW11882,607.77,Cancelled,2026-04-28 06:34:00
ORD100797,2026-04-12,IN,P1038,PG1248,KW11762,474.19,Completed,2026-04-12 17:13:00
ORD100808,2026-03-12,MX,P1001,PG1282,KW10871,542.65,Pending,2026-03-12 08:09:00
ORD100810,2026-03-01,IN,P1017,PG1220,KW11440,709.38,Returned,2026-03-01 19:51:00
ORD100813,2026-03-26,FR,P1039,PG1073,KW11326,1292.08,Completed,2026-03-26 00:31:00
ORD100814,2026-04-15,MX,P1025,PG1078,KW10428,678.33,Completed,2026-04-15 17:57:00
ORD100815,2026-02-28,UK,P1028,PG1248,KW11578,715.38,Completed,2026-02-28 19:26:00
ORD100817,2026-04-13,DE,P1049,PG1439,KW11928,1151.37,Completed,2026-04-13 22:37:00
ORD100820,2026-02-24,IN,P1013,PG1082,KW11828,1562.99,Cancelled,2026-02-24 22:27:00
ORD100821,2026-05-30,US,P1033,PG1168,KW11842,3150.1,Completed,2026-05-30 06:25:00
ORD100826,2026-04-01,CA,P1035,PG1479,KW11871,251.83,Pending,2026-04-01 02:01:00
ORD100829,2026-05-03,CA,P1043,PG1348,KW10058,674.55,Completed,2026-05-03 20:10:00
ORD100835,2026-05-26,MX,P1038,PG1014,KW11588,470.91,Pending,2026-05-26 17:49:00
ORD100836,2026-05-09,US,P1041,PG1204,KW11331,336.06,Returned,2026-05-09 07:49:00
ORD100837,2026-03-15,UK,P1027,PG1163,KW10413,1154.16,Returned,2026-03-15 02:12:00
ORD100838,2026-03-20,AU,P1050,PG1228,KW11635,1305.5,Pending,2026-03-20 04:06:00
ORD100839,2026-05-11,FR,P1037,PG1271,KW10312,555.64,Completed,2026-05-11 01:29:00
ORD100843,2026-02-14,DE,P1015,PG1180,KW11574,978.55,Returned,2026-02-14 09:45:00
ORD100847,2026-03-25,IN,P1046,PG1165,KW11272,1409.37,Returned,2026-03-25 23:15:00
ORD100851,2026-02-16,AU,P1027,PG1052,KW10390,538.76,Completed,2026-02-16 01:05:00
ORD100854,2026-02-19,AU,P1006,PG1241,KW10677,614.62,Completed,2026-02-19 06:12:00
ORD100855,2026-04-22,JP,P1020,PG1019,KW11707,415.33,Cancelled,2026-04-22 00:47:00
ORD100862,2026-05-28,UK,P1028,PG1205,KW10023,621.67,Completed,2026-05-28 04:28:00
ORD100864,2026-05-03,JP,P1042,PG1134,KW11802,472.36,Pending,2026-05-03 08:19:00
ORD100865,2026-02-19,BR,P1020,PG1398,KW11029,1347.88,Completed,2026-02-19 00:55:00
ORD100872,2026-04-07,IN,P1003,PG1307,KW11772,818.31,Pending,2026-04-07 07:49:00
ORD100878,2026-05-14,US,P1011,PG1365,KW10457,682.8,Cancelled,2026-05-14 23:38:00
ORD100883,2026-04-25,CA,P1044,PG1434,KW10221,346.05,Completed,2026-04-25 09:58:00
ORD100887,2026-05-01,BR,P1048,PG1065,KW11211,559.37,Pending,2026-05-01 22:48:00
ORD100888,2026-05-22,US,P1003,PG1173,KW10131,688.93,Returned,2026-05-22 12:24:00
ORD100891,2026-03-19,DE,P1019,PG1266,KW10229,539.06,Returned,2026-03-19 02:49:00
ORD100896,2026-04-05,FR,P1041,PG1129,KW10445,1312.66,Returned,2026-04-05 10:16:00
ORD100908,2026-04-18,IN,P1049,PG1361,KW10360,556.81,Completed,2026-04-18 05:33:00
ORD100911,2026-05-16,FR,P1037,PG1212,KW11936,186.12,Completed,2026-05-16 18:17:00
ORD100914,2026-04-27,BR,P1033,PG1268,KW11868,856.47,Returned,2026-04-27 04:32:00
ORD100922,2026-03-13,AU,P1014,PG1091,KW11654,1714.58,Cancelled,2026-03-13 23:00:00
ORD100926,2026-03-16,CA,P1030,PG1068,KW10848,736.8,Completed,2026-03-16 06:13:00
ORD100928,2026-04-17,IN,P1042,PG1088,KW10292,564.18,Completed,2026-04-17 00:48:00
ORD100930,2026-03-28,JP,P1020,PG1108,KW11835,2591.17,Cancelled,2026-03-28 06:57:00
ORD100932,2026-02-09,JP,P1043,PG1459,KW10716,3764.56,Completed,2026-02-09 13:48:00
ORD100934,2026-05-01,MX,P1038,PG1300,KW11569,616.99,Completed,2026-05-01 07:44:00
ORD100935,2026-03-07,DE,P1050,PG1497,KW10426,995.29,Completed,2026-03-07 13:00:00
ORD100939,2026-05-16,US,P1027,PG1359,KW10500,437.38,Completed,2026-05-16 01:55:00
ORD100949,2026-05-21,AU,P1046,PG1139,KW10536,1813.25,Completed,2026-05-21 18:35:00
ORD100951,2026-02-17,JP,P1018,PG1014,KW11316,1203.21,Returned,2026-02-17 03:27:00
ORD100952,2026-03-21,AU,P1041,PG1062,KW11799,890.12,Cancelled,2026-03-21 06:14:00
ORD100956,2026-02-17,AU,P1015,PG1159,KW11017,1534.33,Completed,2026-02-17 08:55:00
ORD100965,2026-03-22,JP,P1021,PG1169,KW11432,665.23,Completed,2026-03-22 07:26:00
ORD100968,2026-05-27,FR,P1015,PG1062,KW11976,629.24,Pending,2026-05-27 23:44:00
ORD100969,2026-04-14,FR,P1041,PG1259,KW10023,1119.46,Returned,2026-04-14 04:31:00
ORD100974,2026-05-24,US,P1004,PG1299,KW11012,584.75,Cancelled,2026-05-24 10:31:00
ORD100975,2026-04-24,AU,P1039,PG1179,KW11892,1035.02,Pending,2026-04-24 18:22:00
ORD100978,2026-05-16,UK,P1028,PG1424,KW11769,583.11,Completed,2026-05-16 05:11:00
ORD100980,2026-05-24,FR,P1018,PG1102,KW10728,737.68,Completed,2026-05-24 05:46:00
ORD100985,2026-02-07,BR,P1008,PG1244,KW10135,1422.36,Completed,2026-02-07 21:52:00
ORD100996,2026-04-24,FR,P1009,PG1500,KW10754,405.03,Completed,2026-04-24 15:43:00
ORD100997,2026-03-15,DE,P1007,PG1265,KW11895,303.62,Returned,2026-03-15 23:47:00
ORD100999,2026-04-01,JP,P1025,PG1078,KW10056,1155.27,Completed,2026-04-01 00:20:00
ORD101000,2026-05-02,CA,P1007,PG1414,KW11611,603.45,Pending,2026-05-02 12:13:00
ORD101001,2026-04-29,AU,P1023,PG1119,KW10896,952.94,Completed,2026-04-29 03:51:00
ORD101002,2026-02-01,JP,P1032,PG1381,KW11340,272.54,Pending,2026-02-01 03:39:00
ORD101004,2026-02-28,BR,P1008,PG1224,KW10107,579.96,Pending,2026-02-28 06:28:00
ORD101009,2026-05-28,UK,P1001,PG1216,KW11854,1826.4,Completed,2026-05-28 08:33:00
ORD101011,2026-03-31,AU,P1018,PG1033,KW11079,1638.29,Completed,2026-03-31 02:26:00
ORD101013,2026-04-08,BR,P1023,PG1232,KW10960,1115.5,Cancelled,2026-04-08 07:20:00
ORD101014,2026-03-26,CA,P1034,PG1149,KW10281,1102.54,Completed,2026-03-26 05:09:00
ORD101018,2026-03-05,JP,P1016,PG1356,KW11744,662.66,Completed,2026-03-05 21:59:00
ORD101024,2026-05-06,MX,P1041,PG1209,KW11877,1292.27,Completed,2026-05-06 04:28:00
ORD101028,2026-02-07,BR,P1003,PG1290,KW11545,1224.85,Returned,2026-02-07 18:56:00
ORD101029,2026-04-02,IN,P1029,PG1133,KW11533,559.15,Completed,2026-04-02 23:48:00
ORD101032,2026-02-27,UK,P1044,PG1403,KW11545,1160.23,Completed,2026-02-27 08:53:00
ORD101034,2026-05-21,UK,P1028,PG1312,KW11522,990.11,Returned,2026-05-21 06:41:00
ORD101036,2026-05-27,CA,P1010,PG1250,KW10794,1042.23,Returned,2026-05-27 02:48:00
ORD101038,2026-05-19,JP,P1018,PG1041,KW11322,1502.81,Completed,2026-05-19 13:40:00
ORD101042,2026-03-28,JP,P1037,PG1195,KW11626,408.52,Pending,2026-03-28 12:10:00
ORD101043,2026-04-16,AU,P1005,PG1223,KW10971,919.93,Cancelled,2026-04-16 08:57:00
ORD101045,2026-04-18,US,P1047,PG1360,KW11115,375.22,Cancelled,2026-04-18 10:31:00
ORD101048,2026-04-13,FR,P1042,PG1182,KW10642,242.93,Cancelled,2026-04-13 04:13:00
ORD101050,2026-02-01,MX,P1022,PG1289,KW11065,1010.69,Cancelled,2026-02-01 21:03:00
ORD101051,2026-03-06,MX,P1025,PG1470,KW10833,2161.18,Completed,2026-03-06 03:46:00
ORD101053,2026-05-09,CA,P1018,PG1016,KW10496,792.52,Completed,2026-05-09 13:44:00
ORD101057,2026-05-25,UK,P1041,PG1310,KW11331,846.41,Completed,2026-05-25 01:04:00
ORD101062,2026-05-07,JP,P1016,PG1011,KW10495,943.36,Cancelled,2026-05-07 21:54:00
ORD101065,2026-02-20,BR,P1023,PG1313,KW11589,796.31,Completed,2026-02-20 06:10:00
ORD101066,2026-02-27,BR,P1023,PG1357,KW11515,476.79,Returned,2026-02-27 01:50:00
ORD101070,2026-05-25,JP,P1044,PG1207,KW10088,497.2,Cancelled,2026-05-25 07:36:00
ORD101077,2026-02-14,FR,P1037,PG1120,KW11693,580.16,Pending,2026-02-14 03:22:00
ORD101079,2026-03-10,MX,P1011,PG1451,KW11086,695.43,Pending,2026-03-10 09:47:00
ORD101080,2026-02-11,BR,P1049,PG1255,KW11154,487.98,Completed,2026-02-11 19:35:00
ORD101083,2026-04-22,BR,P1034,PG1212,KW11190,384.36,Completed,2026-04-22 08:23:00
ORD101086,2026-03-23,IN,P1034,PG1189,KW11191,889.3,Completed,2026-03-23 04:02:00
ORD101088,2026-05-15,FR,P1008,PG1445,KW10555,304.29,Completed,2026-05-15 18:50:00
ORD101090,2026-02-12,UK,P1002,PG1399,KW11847,1094.03,Completed,2026-02-12 22:07:00
ORD101096,2026-03-03,DE,P1049,PG1253,KW11142,773.85,Returned,2026-03-03 12:55:00
ORD101097,2026-03-30,IN,P1035,PG1356,KW10962,422.82,Cancelled,2026-03-30 04:13:00
ORD101104,2026-02-12,IN,P1009,PG1466,KW11386,430.09,Cancelled,2026-02-12 22:07:00
ORD101106,2026-02-17,IN,P1033,PG1307,KW11200,651.64,Completed,2026-02-17 23:53:00
ORD101108,2026-04-10,IN,P1020,PG1479,KW10340,216.18,Cancelled,2026-04-10 17:41:00
ORD101109,2026-04-14,AU,P1029,PG1374,KW11087,932.0,Cancelled,2026-04-14 16:25:00
ORD101116,2026-04-03,US,P1040,PG1248,KW10505,1076.52,Cancelled,2026-04-03 13:48:00
ORD101117,2026-04-15,UK,P1048,PG1449,KW11984,892.92,Completed,2026-04-15 06:38:00
ORD101127,2026-04-10,US,P1021,PG1269,KW11189,1076.1,Completed,2026-04-10 11:40:00
ORD101131,2026-05-01,JP,P1032,PG1366,KW11872,628.32,Cancelled,2026-05-01 18:02:00
ORD101132,2026-05-25,JP,P1043,PG1095,KW11553,374.4,Completed,2026-05-25 22:37:00
ORD101136,2026-05-29,UK,P1010,PG1046,KW10114,1490.13,Returned,2026-05-29 22:43:00
ORD101140,2026-05-30,AU,P1032,PG1327,KW10768,301.36,Completed,2026-05-30 00:39:00
ORD101141,2026-03-25,CA,P1027,PG1327,KW11116,1021.0,Completed,2026-03-25 16:28:00
ORD101145,2026-02-01,JP,P1021,PG1205,KW10154,1034.82,Returned,2026-02-01 22:13:00
ORD101149,2026-04-19,AU,P1001,PG1153,KW10811,516.62,Cancelled,2026-04-19 17:39:00
ORD101155,2026-03-17,BR,P1011,PG1134,KW11105,476.38,Cancelled,2026-03-17 22:29:00
ORD101157,2026-03-31,CA,P1048,PG1414,KW10478,849.72,Returned,2026-03-31 22:38:00
ORD101159,2026-03-16,CA,P1042,PG1384,KW11127,1058.52,Completed,2026-03-16 14:17:00
ORD101160,2026-03-28,FR,P1026,PG1049,KW11422,848.09,Cancelled,2026-03-28 14:56:00
ORD101163,2026-05-26,US,P1033,PG1052,KW10081,299.85,Completed,2026-05-26 06:17:00
ORD101164,2026-04-19,JP,P1028,PG1458,KW10096,801.35,Returned,2026-04-19 20:57:00
ORD101167,2026-03-18,MX,P1012,PG1491,KW11542,1801.51,Returned,2026-03-18 20:11:00
ORD101170,2026-03-18,IN,P1010,PG1005,KW10800,1004.86,Completed,2026-03-18 10:30:00
ORD101171,2026-02-23,AU,P1007,PG1184,KW10063,853.02,Completed,2026-02-23 09:05:00
ORD101172,2026-03-03,US,P1003,PG1023,KW11615,646.1,Returned,2026-03-03 21:43:00
ORD101179,2026-03-19,MX,P1040,PG1304,KW10053,247.44,Completed,2026-03-19 16:52:00
ORD101180,2026-02-15,JP,P1035,PG1111,KW10293,1915.23,Completed,2026-02-15 07:50:00
ORD101183,2026-05-03,UK,P1034,PG1469,KW10467,627.88,Completed,2026-05-03 04:49:00
ORD101191,2026-03-20,BR,P1038,PG1117,KW10109,585.1,Cancelled,2026-03-20 16:15:00
ORD101194,2026-05-04,AU,P1044,PG1304,KW10454,1700.67,Cancelled,2026-05-04 23:25:00
ORD101195,2026-02-07,UK,P1043,PG1365,KW11875,595.48,Cancelled,2026-02-07 13:50:00
ORD101196,2026-05-07,FR,P1007,PG1342,KW10597,456.0,Pending,2026-05-07 00:51:00
ORD101200,2026-05-26,MX,P1007,PG1014,KW11556,399.09,Completed,2026-05-26 14:24:00
ORD101204,2026-02-12,UK,P1022,PG1161,KW11013,528.7,Completed,2026-02-12 00:20:00
ORD101211,2026-03-18,JP,P1003,PG1140,KW11429,670.73,Cancelled,2026-03-18 02:07:00
ORD101213,2026-05-15,UK,P1033,PG1074,KW10093,2534.6,Completed,2026-05-15 01:16:00
ORD101214,2026-03-21,IN,P1039,PG1500,KW11699,616.47,Completed,2026-03-21 23:19:00
ORD101221,2026-04-30,JP,P1035,PG1335,KW11967,852.55,Cancelled,2026-04-30 01:47:00
ORD101222,2026-04-12,IN,P1023,PG1311,KW10514,743.11,Completed,2026-04-12 01:53:00
ORD101227,2026-04-15,UK,P1023,PG1105,KW11763,1225.34,Returned,2026-04-15 13:00:00
ORD101232,2026-03-06,AU,P1019,PG1269,KW11750,2734.96,Completed,2026-03-06 08:43:00
ORD101234,2026-04-28,UK,P1004,PG1044,KW10282,671.35,Completed,2026-04-28 02:44:00
ORD101237,2026-02-21,IN,P1004,PG1266,KW12000,637.91,Completed,2026-02-21 19:59:00
ORD101238,2026-03-07,UK,P1050,PG1188,KW11774,651.35,Returned,2026-03-07 10:19:00
ORD101239,2026-02-04,US,P1025,PG1132,KW11228,113.07,Completed,2026-02-04 02:44:00
ORD101241,2026-05-22,IN,P1025,PG1231,KW11605,530.22,Pending,2026-05-22 12:16:00
ORD101244,2026-05-31,MX,P1027,PG1075,KW10159,468.39,Cancelled,2026-05-31 14:07:00
ORD101249,2026-03-20,JP,P1029,PG1299,KW11022,1466.36,Returned,2026-03-20 20:55:00
ORD101251,2026-05-15,BR,P1016,PG1500,KW11444,638.73,Completed,2026-05-15 11:10:00
ORD101257,2026-04-23,CA,P1031,PG1035,KW11915,1769.67,Completed,2026-04-23 09:44:00
ORD101259,2026-03-18,CA,P1042,PG1211,KW10666,702.64,Pending,2026-03-18 15:58:00
ORD101263,2026-05-05,MX,P1012,PG1356,KW11279,613.74,Cancelled,2026-05-05 20:33:00
ORD101265,2026-04-27,DE,P1043,PG1180,KW11789,629.12,Completed,2026-04-27 08:24:00
ORD101267,2026-05-02,BR,P1049,PG1490,KW11721,317.06,Pending,2026-05-02 10:11:00
ORD101268,2026-04-05,MX,P1002,PG1451,KW11349,1530.84,Completed,2026-04-05 19:24:00
ORD101269,2026-04-24,FR,P1005,PG1215,KW10769,1260.82,Completed,2026-04-24 09:49:00
ORD101270,2026-04-15,DE,P1021,PG1320,KW10265,1413.15,Cancelled,2026-04-15 17:14:00
ORD101272,2026-03-15,UK,P1006,PG1157,KW11685,541.31,Cancelled,2026-03-15 07:43:00
ORD101273,2026-05-05,DE,P1045,PG1020,KW10490,1244.9,Completed,2026-05-05 10:59:00
ORD101274,2026-05-20,IN,P1001,PG1281,KW10997,523.33,Cancelled,2026-05-20 03:36:00
ORD101276,2026-03-21,DE,P1044,PG1083,KW11953,746.94,Completed,2026-03-21 00:08:00
ORD101288,2026-04-28,MX,P1050,PG1440,KW10574,435.63,Pending,2026-04-28 09:51:00
ORD101291,2026-02-16,UK,P1045,PG1445,KW10574,905.73,Completed,2026-02-16 18:07:00
ORD101292,2026-03-12,IN,P1006,PG1018,KW11999,676.0,Completed,2026-03-12 10:15:00
ORD101293,2026-02-17,FR,P1040,PG1194,KW10043,1943.0,Completed,2026-02-17 20:54:00
ORD101295,2026-04-07,FR,P1031,PG1105,KW10594,963.58,Returned,2026-04-07 21:51:00
ORD101297,2026-05-23,US,P1001,PG1201,KW10015,766.95,Completed,2026-05-23 19:26:00
ORD101299,2026-04-28,CA,P1022,PG1287,KW10473,719.52,Pending,2026-04-28 16:49:00
ORD101303,2026-03-03,IN,P1043,PG1158,KW10411,844.58,Returned,2026-03-03 21:26:00
ORD101305,2026-03-07,DE,P1043,PG1388,KW10565,726.84,Completed,2026-03-07 07:45:00
ORD101308,2026-03-30,JP,P1017,PG1412,KW10052,832.82,Returned,2026-03-30 20:12:00
ORD101310,2026-05-05,DE,P1020,PG1413,KW10500,437.38,Completed,2026-05-05 07:20:00
ORD101311,2026-02-20,AU,P1028,PG1168,KW11776,2420.09,Returned,2026-02-20 13:18:00
ORD101313,2026-02-22,UK,P1029,PG1357,KW11660,342.22,Completed,2026-02-22 11:13:00
ORD101315,2026-05-29,UK,P1044,PG1373,KW11545,626.87,Cancelled,2026-05-29 20:39:00
ORD101320,2026-02-13,FR,P1033,PG1280,KW10660,937.13,Completed,2026-02-13 06:34:00
ORD101321,2026-05-07,MX,P1015,PG1348,KW10351,428.85,Completed,2026-05-07 14:35:00
ORD101322,2026-03-10,UK,P1026,PG1273,KW10885,543.72,Cancelled,2026-03-10 06:05:00
ORD101325,2026-05-18,CA,P1041,PG1050,KW10085,743.94,Cancelled,2026-05-18 19:58:00
ORD101327,2026-03-03,IN,P1012,PG1133,KW10706,1456.61,Completed,2026-03-03 23:48:00
ORD101335,2026-02-19,DE,P1001,PG1395,KW11035,1250.91,Completed,2026-02-19 13:59:00
ORD101337,2026-02-17,UK,P1027,PG1471,KW11742,1764.93,Returned,2026-02-17 07:53:00
ORD101338,2026-03-15,CA,P1048,PG1325,KW11490,1919.83,Completed,2026-03-15 22:28:00
ORD101339,2026-03-29,UK,P1015,PG1283,KW11965,353.94,Completed,2026-03-29 22:58:00
ORD101340,2026-02-28,AU,P1032,PG1338,KW10640,1578.04,Completed,2026-02-28 17:25:00
ORD101343,2026-05-18,DE,P1033,PG1262,KW10174,807.78,Completed,2026-05-18 10:02:00
ORD101349,2026-02-10,FR,P1045,PG1491,KW10452,1419.52,Pending,2026-02-10 06:25:00
ORD101350,2026-03-11,AU,P1001,PG1133,KW11279,409.41,Completed,2026-03-11 14:45:00
ORD101353,2026-04-11,IN,P1012,PG1374,KW10292,466.03,Pending,2026-04-11 05:36:00
ORD101360,2026-03-16,DE,P1036,PG1250,KW11914,1196.67,Pending,2026-03-16 19:48:00
ORD101361,2026-02-15,FR,P1007,PG1475,KW11756,234.4,Cancelled,2026-02-15 22:24:00
ORD101365,2026-05-18,UK,P1035,PG1205,KW11224,487.71,Cancelled,2026-05-18 06:29:00
ORD101370,2026-05-15,FR,P1034,PG1297,KW10138,563.09,Cancelled,2026-05-15 20:35:00
ORD101373,2026-03-02,FR,P1001,PG1002,KW10923,645.47,Pending,2026-03-02 10:41:00
ORD101375,2026-04-06,DE,P1028,PG1413,KW11934,1039.25,Returned,2026-04-06 00:50:00
ORD101377,2026-05-04,IN,P1035,PG1340,KW11631,497.76,Cancelled,2026-05-04 13:33:00
ORD101383,2026-04-07,MX,P1049,PG1361,KW10978,193.81,Cancelled,2026-04-07 12:59:00
ORD101384,2026-04-14,CA,P1019,PG1461,KW11729,1348.51,Completed,2026-04-14 22:44:00
ORD101385,2026-05-26,CA,P1050,PG1173,KW10390,978.41,Pending,2026-05-26 22:42:00
ORD101388,2026-02-14,US,P1032,PG1487,KW11460,1446.71,Cancelled,2026-02-14 22:09:00
ORD101397,2026-05-30,UK,P1042,PG1109,KW10785,348.28,Completed,2026-05-30 05:59:00
ORD101399,2026-05-24,AU,P1040,PG1133,KW11178,763.24,Pending,2026-05-24 00:08:00
ORD101400,2026-02-23,CA,P1042,PG1077,KW11047,975.66,Returned,2026-02-23 17:07:00
ORD101403,2026-05-05,MX,P1024,PG1315,KW11442,454.38,Completed,2026-05-05 01:50:00
ORD101407,2026-04-27,BR,P1002,PG1266,KW10722,569.36,Returned,2026-04-27 11:16:00
ORD101409,2026-05-10,CA,P1010,PG1419,KW10838,2202.24,Returned,2026-05-10 11:13:00
ORD101413,2026-05-01,DE,P1044,PG1391,KW11378,359.96,Returned,2026-05-01 16:00:00
ORD101416,2026-04-22,FR,P1040,PG1456,KW10976,481.3,Returned,2026-04-22 13:58:00
ORD101420,2026-02-23,IN,P1037,PG1082,KW11282,1280.91,Pending,2026-02-23 19:43:00
ORD101422,2026-05-18,FR,P1044,PG1478,KW10562,226.4,Cancelled,2026-05-18 23:41:00
ORD101425,2026-02-18,US,P1045,PG1252,KW11478,1015.31,Completed,2026-02-18 03:59:00
ORD101427,2026-04-05,CA,P1046,PG1482,KW11417,490.25,Pending,2026-04-05 20:13:00
ORD101428,2026-03-10,JP,P1038,PG1194,KW10257,1758.23,Cancelled,2026-03-10 23:49:00
ORD101429,2026-03-24,UK,P1024,PG1023,KW11298,728.05,Completed,2026-03-24 11:41:00
ORD101434,2026-03-02,UK,P1046,PG1468,KW10206,771.67,Returned,2026-03-02 17:33:00
ORD101435,2026-05-13,CA,P1018,PG1327,KW11125,1011.58,Cancelled,2026-05-13 18:45:00
ORD101438,2026-02-25,BR,P1040,PG1142,KW10707,759.88,Completed,2026-02-25 00:38:00
ORD101439,2026-02-26,US,P1012,PG1311,KW11424,1147.45,Pending,2026-02-26 09:44:00
ORD101440,2026-05-22,AU,P1046,PG1015,KW10868,739.48,Cancelled,2026-05-22 23:48:00
ORD101446,2026-04-12,IN,P1005,PG1298,KW11819,1185.38,Returned,2026-04-12 06:18:00
ORD101448,2026-05-17,AU,P1020,PG1114,KW11358,1094.01,Pending,2026-05-17 10:42:00
ORD101449,2026-02-28,UK,P1013,PG1289,KW11083,1595.08,Completed,2026-02-28 05:16:00
ORD101455,2026-04-13,JP,P1011,PG1104,KW10533,602.61,Completed,2026-04-13 23:45:00
ORD101459,2026-05-24,MX,P1045,PG1246,KW11047,2158.67,Completed,2026-05-24 20:53:00
ORD101464,2026-04-21,FR,P1008,PG1358,KW11656,274.49,Cancelled,2026-04-21 16:09:00
ORD101466,2026-05-09,IN,P1047,PG1353,KW11760,594.33,Completed,2026-05-09 05:46:00
ORD101468,2026-05-06,US,P1028,PG1088,KW11096,453.85,Pending,2026-05-06 17:29:00
ORD101471,2026-02-03,DE,P1040,PG1449,KW10944,834.73,Completed,2026-02-03 03:07:00
ORD101472,2026-04-12,BR,P1043,PG1186,KW10484,740.6,Completed,2026-04-12 10:32:00
ORD101473,2026-02-16,US,P1026,PG1413,KW11576,822.37,Completed,2026-02-16 18:01:00
ORD101478,2026-05-12,FR,P1027,PG1053,KW10472,800.88,Cancelled,2026-05-12 15:53:00
ORD101480,2026-03-28,BR,P1006,PG1362,KW10370,440.17,Completed,2026-03-28 00:55:00
ORD101484,2026-04-14,AU,P1015,PG1052,KW10719,829.59,Completed,2026-04-14 09:32:00
ORD101489,2026-04-08,MX,P1039,PG1065,KW11077,1047.12,Completed,2026-04-08 06:29:00
ORD101490,2026-04-18,AU,P1044,PG1416,KW11305,707.15,Pending,2026-04-18 20:45:00
ORD101492,2026-03-26,FR,P1007,PG1135,KW11467,1715.33,Completed,2026-03-26 18:32:00
ORD101496,2026-04-24,JP,P1045,PG1090,KW10215,736.4,Cancelled,2026-04-24 12:09:00
ORD101497,2026-05-26,FR,P1008,PG1039,KW10039,735.4,Returned,2026-05-26 01:11:00
ORD101502,2026-04-18,UK,P1021,PG1023,KW10757,3328.0,Completed,2026-04-18 10:54:00
ORD101504,2026-02-11,JP,P1035,PG1072,KW11425,355.7,Cancelled,2026-02-11 06:06:00
ORD101512,2026-02-19,US,P1030,PG1369,KW10332,655.4,Pending,2026-02-19 19:38:00
ORD101513,2026-02-14,UK,P1018,PG1483,KW11889,980.44,Cancelled,2026-02-14 13:39:00
ORD101514,2026-03-03,AU,P1039,PG1417,KW10959,353.59,Completed,2026-03-03 15:19:00
ORD101515,2026-03-07,DE,P1008,PG1288,KW10059,782.87,Completed,2026-03-07 04:36:00
ORD101517,2026-03-02,AU,P1036,PG1319,KW11235,2397.06,Completed,2026-03-02 00:09:00
ORD101525,2026-05-27,JP,P1021,PG1205,KW10727,1749.12,Completed,2026-05-27 14:18:00
ORD101529,2026-03-25,FR,P1026,PG1357,KW11470,949.72,Cancelled,2026-03-25 19:58:00
ORD101530,2026-02-06,US,P1042,PG1473,KW10700,2520.02,Completed,2026-02-06 12:46:00
ORD101538,2026-05-21,BR,P1006,PG1362,KW10393,1175.74,Completed,2026-05-21 10:24:00
ORD101542,2026-04-25,UK,P1002,PG1031,KW10049,318.6,Completed,2026-04-25 18:12:00
ORD101543,2026-04-21,UK,P1034,PG1179,KW10595,1018.4,Completed,2026-04-21 17:29:00
ORD101544,2026-02-28,DE,P1024,PG1022,KW11099,709.99,Cancelled,2026-02-28 08:05:00
ORD101545,2026-04-14,MX,P1005,PG1118,KW11569,1236.66,Returned,2026-04-14 00:27:00
ORD101550,2026-02-19,JP,P1017,PG1280,KW11120,620.09,Returned,2026-02-19 03:02:00
ORD101554,2026-04-12,IN,P1048,PG1094,KW11270,505.88,Cancelled,2026-04-12 12:21:00
ORD101563,2026-05-20,DE,P1028,PG1442,KW10607,717.86,Completed,2026-05-20 01:53:00
ORD101564,2026-03-18,FR,P1049,PG1212,KW10325,613.99,Completed,2026-03-18 11:43:00
ORD101565,2026-02-04,UK,P1039,PG1091,KW10629,548.48,Returned,2026-02-04 15:40:00
ORD101566,2026-04-08,DE,P1017,PG1335,KW10834,2651.29,Cancelled,2026-04-08 21:16:00
ORD101567,2026-02-05,DE,P1037,PG1132,KW10665,1586.09,Returned,2026-02-05 20:22:00
ORD101569,2026-03-05,FR,P1022,PG1286,KW11346,346.68,Returned,2026-03-05 16:34:00
ORD101570,2026-03-03,JP,P1041,PG1263,KW11830,435.65,Completed,2026-03-03 20:04:00
ORD101571,2026-02-18,FR,P1042,PG1273,KW10455,797.34,Completed,2026-02-18 20:49:00
ORD101575,2026-05-28,DE,P1012,PG1101,KW10877,2034.63,Completed,2026-05-28 09:31:00
ORD101586,2026-05-17,MX,P1040,PG1091,KW11727,661.51,Pending,2026-05-17 01:08:00
ORD101588,2026-05-14,CA,P1043,PG1100,KW11196,346.51,Completed,2026-05-14 19:02:00
ORD101590,2026-05-14,US,P1035,PG1208,KW11905,1968.66,Completed,2026-05-14 16:59:00
ORD101591,2026-04-29,BR,P1030,PG1428,KW10604,885.06,Returned,2026-04-29 04:53:00
ORD101592,2026-02-25,MX,P1046,PG1058,KW10898,626.84,Cancelled,2026-02-25 16:28:00
ORD101593,2026-03-05,MX,P1037,PG1361,KW11397,869.28,Completed,2026-03-05 03:00:00
ORD101597,2026-03-03,FR,P1011,PG1418,KW11451,672.23,Returned,2026-03-03 03:58:00
ORD101599,2026-02-07,UK,P1016,PG1458,KW10302,340.79,Returned,2026-02-07 09:51:00
ORD101600,2026-03-22,UK,P1041,PG1178,KW11990,1094.45,Returned,2026-03-22 10:12:00
ORD101604,2026-05-17,IN,P1043,PG1211,KW10944,276.49,Pending,2026-05-17 05:15:00
ORD101607,2026-04-09,AU,P1045,PG1014,KW10676,948.91,Pending,2026-04-09 04:34:00
ORD101608,2026-02-08,BR,P1017,PG1349,KW10361,442.73,Completed,2026-02-08 20:14:00
ORD101618,2026-04-11,AU,P1018,PG1126,KW11233,772.48,Completed,2026-04-11 23:04:00
ORD101622,2026-03-27,FR,P1003,PG1135,KW11597,536.41,Completed,2026-03-27 17:28:00
ORD101630,2026-04-13,MX,P1049,PG1270,KW10579,691.05,Pending,2026-04-13 16:06:00
ORD101631,2026-05-06,MX,P1010,PG1280,KW11764,799.29,Cancelled,2026-05-06 07:54:00
ORD101634,2026-03-17,US,P1027,PG1359,KW10210,658.87,Pending,2026-03-17 08:50:00
ORD101640,2026-04-15,UK,P1022,PG1084,KW10584,455.63,Completed,2026-04-15 13:03:00
ORD101643,2026-04-03,IN,P1037,PG1471,KW10835,937.28,Completed,2026-04-03 10:28:00
ORD101644,2026-02-05,AU,P1047,PG1380,KW10960,347.0,Completed,2026-02-05 02:20:00
ORD101652,2026-05-06,BR,P1005,PG1343,KW10461,458.74,Completed,2026-05-06 22:34:00
ORD101660,2026-04-25,IN,P1002,PG1406,KW10753,837.25,Cancelled,2026-04-25 08:33:00
ORD101661,2026-05-15,CA,P1004,PG1484,KW10660,1091.04,Completed,2026-05-15 09:43:00
ORD101662,2026-05-29,FR,P1007,PG1287,KW10013,638.66,Completed,2026-05-29 05:59:00
ORD101664,2026-02-28,AU,P1036,PG1048,KW11992,1306.15,Cancelled,2026-02-28 23:21:00
ORD101667,2026-03-03,FR,P1019,PG1203,KW11024,1200.94,Completed,2026-03-03 00:07:00
ORD101670,2026-04-12,UK,P1046,PG1011,KW11454,960.67,Completed,2026-04-12 18:00:00
ORD101673,2026-02-17,AU,P1029,PG1439,KW11712,374.45,Completed,2026-02-17 10:20:00
ORD101675,2026-02-26,UK,P1002,PG1332,KW11562,329.58,Cancelled,2026-02-26 16:18:00
ORD101684,2026-04-12,US,P1040,PG1093,KW11839,857.73,Pending,2026-04-12 20:39:00
ORD101688,2026-05-11,DE,P1030,PG1479,KW10833,767.56,Completed,2026-05-11 12:02:00
ORD101689,2026-02-15,BR,P1024,PG1209,KW11754,935.54,Completed,2026-02-15 12:54:00
ORD101695,2026-02-27,FR,P1043,PG1078,KW10471,880.26,Completed,2026-02-27 06:41:00
ORD101697,2026-05-25,BR,P1039,PG1403,KW10143,1022.95,Completed,2026-05-25 09:08:00
ORD101700,2026-05-12,DE,P1021,PG1112,KW10878,500.73,Cancelled,2026-05-12 19:48:00
ORD101701,2026-02-24,UK,P1039,PG1179,KW10750,484.41,Pending,2026-02-24 03:49:00
ORD101704,2026-02-07,IN,P1002,PG1184,KW11759,866.59,Completed,2026-02-07 18:49:00
ORD101706,2026-02-08,FR,P1020,PG1020,KW10956,1616.16,Completed,2026-02-08 10:30:00
ORD101709,2026-03-17,BR,P1029,PG1060,KW11350,1004.78,Completed,2026-03-17 17:23:00
ORD101712,2026-04-15,AU,P1023,PG1323,KW10937,915.06,Completed,2026-04-15 15:14:00
ORD101713,2026-04-29,FR,P1025,PG1234,KW10635,910.7,Returned,2026-04-29 13:02:00
ORD101714,2026-04-26,BR,P1026,PG1199,KW10668,1466.05,Completed,2026-04-26 08:42:00
ORD101718,2026-05-06,AU,P1015,PG1205,KW11338,710.87,Completed,2026-05-06 00:32:00
ORD101723,2026-03-03,US,P1036,PG1283,KW10132,380.56,Completed,2026-03-03 05:55:00
ORD101729,2026-04-22,FR,P1032,PG1486,KW11235,563.32,Cancelled,2026-04-22 23:16:00
ORD101734,2026-02-21,CA,P1038,PG1397,KW11244,636.48,Returned,2026-02-21 07:56:00
ORD101737,2026-04-28,FR,P1006,PG1447,KW11853,412.8,Completed,2026-04-28 14:12:00
ORD101738,2026-02-04,CA,P1009,PG1437,KW11026,260.83,Returned,2026-02-04 19:23:00
ORD101739,2026-05-15,CA,P1030,PG1228,KW10648,566.57,Pending,2026-05-15 20:58:00
ORD101742,2026-02-16,MX,P1049,PG1349,KW10741,484.56,Completed,2026-02-16 04:14:00
ORD101744,2026-04-04,US,P1023,PG1361,KW10729,2220.06,Completed,2026-04-04 04:33:00
ORD101746,2026-02-04,FR,P1045,PG1038,KW11233,692.35,Returned,2026-02-04 07:21:00
ORD101749,2026-03-11,US,P1031,PG1462,KW11916,705.01,Completed,2026-03-11 03:48:00
ORD101754,2026-02-05,CA,P1031,PG1348,KW11378,437.27,Completed,2026-02-05 14:39:00
ORD101756,2026-04-21,IN,P1007,PG1203,KW11122,378.82,Completed,2026-04-21 11:55:00
ORD101762,2026-03-26,IN,P1048,PG1136,KW10377,1773.66,Pending,2026-03-26 18:11:00
ORD101768,2026-04-27,US,P1023,PG1342,KW11520,1563.52,Pending,2026-04-27 16:41:00
ORD101776,2026-05-19,JP,P1047,PG1496,KW10341,527.03,Cancelled,2026-05-19 05:38:00
ORD101777,2026-04-29,CA,P1026,PG1024,KW10901,412.3,Completed,2026-04-29 09:18:00
ORD101778,2026-04-10,FR,P1038,PG1045,KW10809,610.79,Completed,2026-04-10 10:19:00
ORD101780,2026-04-21,JP,P1038,PG1338,KW11859,123.76,Completed,2026-04-21 11:52:00
ORD101784,2026-02-28,BR,P1005,PG1056,KW10327,1182.2,Pending,2026-02-28 11:56:00
ORD101790,2026-02-22,CA,P1005,PG1312,KW10871,1423.1,Completed,2026-02-22 08:32:00
ORD101791,2026-02-01,CA,P1026,PG1332,KW11036,1095.91,Cancelled,2026-02-01 12:05:00
ORD101798,2026-02-02,BR,P1037,PG1065,KW10678,2670.17,Completed,2026-02-02 09:09:00
ORD101799,2026-03-22,US,P1039,PG1207,KW11534,850.23,Completed,2026-03-22 20:54:00
ORD101801,2026-02-23,US,P1019,PG1473,KW10113,1860.36,Pending,2026-02-23 14:28:00
ORD101805,2026-04-04,DE,P1009,PG1048,KW10415,399.85,Completed,2026-04-04 22:34:00
ORD101807,2026-02-21,BR,P1037,PG1281,KW11832,1230.28,Completed,2026-02-21 07:17:00
ORD101809,2026-04-18,JP,P1049,PG1273,KW11073,1974.49,Pending,2026-04-18 09:09:00
ORD101810,2026-04-14,BR,P1002,PG1406,KW10814,483.65,Completed,2026-04-14 18:27:00
ORD101811,2026-02-05,AU,P1036,PG1039,KW11683,1084.58,Cancelled,2026-02-05 18:06:00
ORD101813,2026-05-25,FR,P1032,PG1412,KW11149,1567.12,Cancelled,2026-05-25 08:12:00
ORD101814,2026-04-21,BR,P1011,PG1382,KW11256,819.49,Completed,2026-04-21 07:20:00
ORD101816,2026-03-09,UK,P1003,PG1387,KW11469,479.03,Completed,2026-03-09 07:03:00
ORD101820,2026-04-13,IN,P1042,PG1026,KW11628,437.71,Completed,2026-04-13 21:47:00
ORD101821,2026-05-10,FR,P1023,PG1084,KW11912,471.17,Pending,2026-05-10 00:20:00
ORD101825,2026-02-14,BR,P1049,PG1482,KW10941,952.47,Completed,2026-02-14 11:56:00
ORD101827,2026-02-12,AU,P1029,PG1313,KW10289,412.96,Pending,2026-02-12 10:47:00
ORD101830,2026-03-10,MX,P1022,PG1112,KW10143,412.96,Pending,2026-03-10 19:27:00
ORD101831,2026-05-10,MX,P1042,PG1343,KW11947,976.32,Cancelled,2026-05-10 22:54:00
ORD101837,2026-05-27,IN,P1030,PG1231,KW10763,633.87,Cancelled,2026-05-27 04:18:00
ORD101848,2026-05-02,BR,P1008,PG1269,KW11763,662.13,Cancelled,2026-05-02 06:03:00
ORD101852,2026-02-25,MX,P1013,PG1193,KW10161,786.49,Completed,2026-02-25 15:03:00
ORD101853,2026-02-09,FR,P1036,PG1306,KW10337,1373.89,Pending,2026-02-09 14:14:00
ORD101857,2026-04-14,DE,P1041,PG1312,KW10628,816.8,Cancelled,2026-04-14 13:02:00
ORD101859,2026-04-26,CA,P1033,PG1180,KW11149,1582.98,Returned,2026-04-26 15:03:00
ORD101860,2026-02-23,FR,P1049,PG1461,KW10930,1050.63,Completed,2026-02-23 21:31:00
ORD101862,2026-04-02,US,P1048,PG1239,KW11795,993.06,Completed,2026-04-02 17:12:00
ORD101864,2026-03-02,MX,P1005,PG1021,KW11097,1003.35,Completed,2026-03-02 18:33:00
ORD101869,2026-03-08,BR,P1030,PG1202,KW10559,500.03,Cancelled,2026-03-08 22:42:00
ORD101874,2026-05-28,BR,P1007,PG1353,KW10465,2308.61,Completed,2026-05-28 00:52:00
ORD101876,2026-05-31,JP,P1013,PG1405,KW10401,739.98,Returned,2026-05-31 12:18:00
ORD101878,2026-05-05,BR,P1046,PG1211,KW11769,683.99,Returned,2026-05-05 17:52:00
ORD101881,2026-05-25,JP,P1018,PG1009,KW11646,369.97,Completed,2026-05-25 04:59:00
ORD101883,2026-02-03,JP,P1043,PG1073,KW11162,475.74,Pending,2026-02-03 06:22:00
ORD101885,2026-05-31,FR,P1036,PG1136,KW10206,629.2,Completed,2026-05-31 23:50:00
ORD101890,2026-04-10,AU,P1021,PG1312,KW10425,1629.56,Completed,2026-04-10 20:20:00
ORD101897,2026-04-20,DE,P1008,PG1166,KW11920,558.32,Returned,2026-04-20 04:51:00
ORD101900,2026-02-02,JP,P1046,PG1159,KW10102,1117.37,Completed,2026-02-02 03:37:00
ORD101903,2026-03-02,FR,P1023,PG1298,KW10334,766.58,Pending,2026-03-02 04:19:00
ORD101905,2026-05-03,MX,P1035,PG1388,KW10682,354.65,Completed,2026-05-03 18:31:00
ORD101907,2026-03-26,DE,P1047,PG1227,KW10999,466.77,Returned,2026-03-26 15:43:00
ORD101921,2026-04-15,DE,P1031,PG1234,KW10520,1502.85,Completed,2026-04-15 06:27:00
ORD101927,2026-03-20,JP,P1010,PG1461,KW10519,250.54,Pending,2026-03-20 01:02:00
ORD101929,2026-05-31,BR,P1004,PG1383,KW10429,1126.68,Cancelled,2026-05-31 21:47:00
ORD101935,2026-03-08,FR,P1035,PG1444,KW10111,334.94,Pending,2026-03-08 13:56:00
ORD101936,2026-03-12,MX,P1033,PG1410,KW11204,1271.66,Returned,2026-03-12 05:02:00
ORD101938,2026-02-03,CA,P1038,PG1256,KW10561,833.71,Returned,2026-02-03 07:47:00
ORD101940,2026-05-12,FR,P1044,PG1101,KW11674,969.35,Returned,2026-05-12 05:47:00
ORD101950,2026-02-24,MX,P1008,PG1290,KW11981,1640.02,Completed,2026-02-24 04:14:00
ORD101954,2026-05-22,JP,P1007,PG1055,KW10923,261.24,Pending,2026-05-22 20:01:00
ORD101955,2026-02-03,DE,P1047,PG1135,KW11219,263.13,Cancelled,2026-02-03 17:39:00
ORD101958,2026-04-20,IN,P1029,PG1483,KW11537,1180.86,Returned,2026-04-20 15:12:00
ORD101969,2026-02-16,BR,P1033,PG1133,KW10392,4422.16,Completed,2026-02-16 09:06:00
ORD101970,2026-05-20,FR,P1005,PG1251,KW10134,372.45,Completed,2026-05-20 06:55:00
ORD101972,2026-03-31,FR,P1044,PG1480,KW11155,285.34,Returned,2026-03-31 05:25:00
ORD101975,2026-04-03,MX,P1033,PG1153,KW11623,840.28,Pending,2026-04-03 02:49:00
ORD101976,2026-03-30,AU,P1004,PG1453,KW10204,1595.72,Cancelled,2026-03-30 18:28:00
ORD101977,2026-05-20,AU,P1021,PG1033,KW10581,1623.97,Completed,2026-05-20 19:20:00
ORD101982,2026-05-27,UK,P1020,PG1284,KW10812,598.67,Completed,2026-05-27 08:03:00
ORD101985,2026-02-05,MX,P1018,PG1165,KW11756,796.04,Returned,2026-02-05 06:37:00
ORD101986,2026-03-21,FR,P1035,PG1494,KW11678,1174.55,Completed,2026-03-21 03:53:00
ORD101988,2026-04-20,CA,P1028,PG1314,KW11628,538.84,Returned,2026-04-20 07:44:00
ORD101990,2026-02-28,CA,P1038,PG1411,KW10399,612.45,Completed,2026-02-28 18:06:00
ORD101994,2026-02-09,AU,P1030,PG1251,KW10546,456.55,Cancelled,2026-02-09 23:33:00
ORD102007,2026-03-26,BR,P1001,PG1362,KW10144,486.68,Pending,2026-03-26 16:28:00
ORD102010,2026-02-02,MX,P1026,PG1470,KW11140,716.58,Completed,2026-02-02 02:18:00
ORD102012,2026-02-23,DE,P1025,PG1478,KW10278,261.17,Cancelled,2026-02-23 16:53:00
ORD102014,2026-03-25,IN,P1025,PG1191,KW11433,773.95,Completed,2026-03-25 09:55:00
ORD102020,2026-02-21,BR,P1009,PG1273,KW10365,1166.6,Cancelled,2026-02-21 12:48:00
ORD102024,2026-02-16,JP,P1028,PG1308,KW11220,965.08,Completed,2026-02-16 22:42:00
ORD102030,2026-04-04,JP,P1001,PG1469,KW11099,2732.71,Pending,2026-04-04 18:22:00
ORD102033,2026-05-05,FR,P1005,PG1147,KW10371,1761.42,Completed,2026-05-05 19:47:00
ORD102037,2026-04-13,IN,P1033,PG1200,KW10764,1101.39,Completed,2026-04-13 13:24:00
ORD102039,2026-04-15,FR,P1022,PG1227,KW10517,1402.4,Pending,2026-04-15 14:55:00
ORD102043,2026-05-28,IN,P1005,PG1349,KW10304,1542.29,Returned,2026-05-28 23:04:00
ORD102048,2026-03-19,UK,P1043,PG1340,KW11892,630.88,Returned,2026-03-19 20:23:00
ORD102050,2026-03-19,DE,P1004,PG1037,KW11203,1339.81,Completed,2026-03-19 13:29:00
ORD102057,2026-03-13,DE,P1026,PG1493,KW10477,1397.86,Returned,2026-03-13 10:28:00
ORD102060,2026-05-09,UK,P1044,PG1165,KW10319,1235.98,Completed,2026-05-09 13:34:00
ORD102062,2026-03-10,UK,P1016,PG1294,KW10939,757.8,Completed,2026-03-10 14:56:00
ORD102063,2026-03-02,DE,P1026,PG1062,KW10930,932.98,Completed,2026-03-02 09:20:00
ORD102067,2026-05-23,MX,P1035,PG1043,KW10154,1368.75,Completed,2026-05-23 16:31:00
ORD102068,2026-03-18,UK,P1035,PG1085,KW10608,327.81,Pending,2026-03-18 22:30:00
ORD102069,2026-04-12,MX,P1018,PG1053,KW11079,789.47,Completed,2026-04-12 03:13:00
ORD102070,2026-05-02,UK,P1028,PG1473,KW10623,707.58,Returned,2026-05-02 19:11:00
ORD102077,2026-02-15,MX,P1035,PG1472,KW10649,631.42,Completed,2026-02-15 07:39:00
ORD102081,2026-04-25,IN,P1007,PG1175,KW10690,464.95,Completed,2026-04-25 23:50:00
ORD102083,2026-05-17,JP,P1029,PG1322,KW10735,1180.15,Completed,2026-05-17 09:44:00
ORD102092,2026-04-14,DE,P1043,PG1057,KW10835,1165.68,Completed,2026-04-14 10:51:00
ORD102093,2026-05-12,CA,P1022,PG1083,KW10647,1475.67,Returned,2026-05-12 04:01:00
ORD102108,2026-03-12,AU,P1040,PG1392,KW11800,1139.91,Completed,2026-03-12 00:32:00
ORD102114,2026-04-03,CA,P1042,PG1381,KW10281,406.71,Returned,2026-04-03 07:39:00
ORD102116,2026-03-31,US,P1031,PG1152,KW10893,1323.16,Pending,2026-03-31 16:07:00
ORD102119,2026-02-02,AU,P1036,PG1082,KW11963,272.7,Completed,2026-02-02 13:11:00
ORD102122,2026-04-15,FR,P1018,PG1104,KW10435,375.06,Completed,2026-04-15 08:07:00
ORD102123,2026-05-11,CA,P1025,PG1371,KW11495,1603.46,Pending,2026-05-11 14:24:00
ORD102124,2026-04-30,MX,P1039,PG1398,KW11094,376.17,Pending,2026-04-30 16:06:00
ORD102127,2026-02-13,FR,P1019,PG1477,KW11640,626.96,Completed,2026-02-13 12:23:00
ORD102129,2026-03-07,IN,P1014,PG1201,KW11541,2388.46,Returned,2026-03-07 21:53:00
ORD102131,2026-04-01,MX,P1028,PG1065,KW11391,1156.02,Completed,2026-04-01 22:58:00
ORD102133,2026-04-18,CA,P1029,PG1269,KW11774,262.21,Cancelled,2026-04-18 18:51:00
ORD102134,2026-05-16,JP,P1042,PG1015,KW10315,1502.32,Returned,2026-05-16 15:17:00
ORD102136,2026-03-28,IN,P1029,PG1135,KW10859,389.76,Returned,2026-03-28 00:25:00
ORD102140,2026-04-19,BR,P1021,PG1136,KW10658,888.5,Pending,2026-04-19 18:02:00
ORD102143,2026-02-05,UK,P1027,PG1290,KW10790,780.45,Completed,2026-02-05 16:44:00
ORD102149,2026-02-20,US,P1041,PG1310,KW11867,1103.55,Returned,2026-02-20 14:03:00
ORD102150,2026-05-09,CA,P1024,PG1421,KW10357,273.37,Completed,2026-05-09 12:43:00
ORD102153,2026-04-30,MX,P1036,PG1027,KW10122,958.33,Pending,2026-04-30 02:40:00
ORD102161,2026-04-29,CA,P1017,PG1091,KW11195,1207.59,Completed,2026-04-29 04:02:00
ORD102164,2026-04-07,AU,P1007,PG1162,KW11348,218.87,Completed,2026-04-07 05:34:00
ORD102165,2026-03-06,DE,P1022,PG1462,KW11527,487.31,Pending,2026-03-06 11:19:00
ORD102166,2026-05-09,FR,P1035,PG1464,KW10717,148.89,Pending,2026-05-09 02:27:00
ORD102173,2026-03-22,FR,P1044,PG1102,KW11514,1013.0,Cancelled,2026-03-22 16:35:00
ORD102176,2026-03-22,CA,P1007,PG1409,KW11156,941.5,Completed,2026-03-22 01:59:00
ORD102177,2026-04-15,FR,P1024,PG1494,KW11015,640.01,Cancelled,2026-04-15 08:21:00
ORD102184,2026-03-20,IN,P1048,PG1303,KW11269,553.0,Completed,2026-03-20 19:58:00
ORD102197,2026-03-25,FR,P1047,PG1349,KW11235,1213.84,Completed,2026-03-25 15:28:00
ORD102203,2026-05-28,FR,P1017,PG1449,KW10832,509.73,Pending,2026-05-28 01:39:00
ORD102210,2026-02-27,MX,P1039,PG1064,KW10477,473.41,Completed,2026-02-27 20:56:00
ORD102212,2026-04-16,AU,P1004,PG1241,KW11361,1865.24,Completed,2026-04-16 20:17:00
ORD102213,2026-04-16,CA,P1019,PG1292,KW10597,618.73,Completed,2026-04-16 08:08:00
ORD102214,2026-05-19,MX,P1003,PG1418,KW11803,512.08,Completed,2026-05-19 14:14:00
ORD102221,2026-03-16,IN,P1030,PG1244,KW11077,1010.44,Cancelled,2026-03-16 23:42:00
ORD102225,2026-03-11,IN,P1003,PG1096,KW11728,390.66,Completed,2026-03-11 01:55:00
ORD102227,2026-04-15,BR,P1005,PG1260,KW11255,599.26,Completed,2026-04-15 05:48:00
ORD102229,2026-05-18,US,P1048,PG1258,KW10661,1736.77,Returned,2026-05-18 00:08:00
ORD102230,2026-02-25,UK,P1007,PG1340,KW11380,200.77,Completed,2026-02-25 03:27:00
ORD102231,2026-03-07,US,P1024,PG1332,KW11807,462.4,Cancelled,2026-03-07 05:49:00
ORD102232,2026-04-29,IN,P1042,PG1414,KW10283,587.65,Pending,2026-04-29 17:57:00
ORD102234,2026-04-16,DE,P1017,PG1457,KW10964,1209.12,Pending,2026-04-16 22:07:00
ORD102235,2026-04-04,IN,P1038,PG1328,KW10283,268.26,Pending,2026-04-04 09:33:00
ORD102238,2026-04-25,IN,P1004,PG1195,KW10505,772.37,Returned,2026-04-25 04:55:00
ORD102246,2026-02-18,IN,P1047,PG1019,KW11352,768.64,Cancelled,2026-02-18 02:41:00
ORD102250,2026-04-21,JP,P1015,PG1490,KW10501,2106.99,Pending,2026-04-21 11:04:00
ORD102251,2026-02-26,CA,P1021,PG1304,KW11988,604.56,Completed,2026-02-26 10:58:00
ORD102253,2026-04-13,FR,P1028,PG1449,KW10652,5031.31,Completed,2026-04-13 12:18:00
ORD102256,2026-03-02,MX,P1041,PG1448,KW10747,382.59,Pending,2026-03-02 12:18:00
ORD102261,2026-04-16,UK,P1003,PG1338,KW10490,374.85,Completed,2026-04-16 02:45:00
ORD102274,2026-03-12,FR,P1038,PG1436,KW10702,1378.66,Completed,2026-03-12 07:35:00
ORD102276,2026-04-01,UK,P1026,PG1128,KW10140,771.13,Returned,2026-04-01 10:43:00
ORD102282,2026-03-07,US,P1017,PG1499,KW11208,2083.13,Completed,2026-03-07 09:34:00
ORD102285,2026-05-12,AU,P1048,PG1112,KW11595,1386.94,Cancelled,2026-05-12 13:40:00
ORD102291,2026-04-09,FR,P1039,PG1422,KW10827,822.53,Completed,2026-04-09 04:04:00
ORD102292,2026-04-22,JP,P1006,PG1170,KW10144,1570.07,Returned,2026-04-22 06:08:00
ORD102294,2026-03-10,IN,P1043,PG1447,KW10499,942.39,Returned,2026-03-10 07:37:00
ORD102295,2026-05-24,MX,P1004,PG1222,KW10474,327.37,Completed,2026-05-24 00:37:00
ORD102301,2026-04-09,AU,P1003,PG1287,KW11328,880.89,Pending,2026-04-09 18:06:00
ORD102305,2026-02-08,FR,P1023,PG1127,KW10279,448.28,Completed,2026-02-08 00:49:00
ORD102307,2026-05-28,CA,P1030,PG1487,KW11772,1175.36,Completed,2026-05-28 04:24:00
ORD102309,2026-05-20,UK,P1042,PG1189,KW10282,1013.05,Completed,2026-05-20 14:26:00
ORD102310,2026-04-02,JP,P1013,PG1414,KW10642,675.74,Completed,2026-04-02 03:23:00
ORD102317,2026-05-16,UK,P1028,PG1401,KW11095,283.5,Returned,2026-05-16 05:46:00
ORD102325,2026-04-27,MX,P1023,PG1208,KW10193,941.05,Completed,2026-04-27 00:29:00
ORD102328,2026-02-28,BR,P1003,PG1256,KW11134,1465.68,Returned,2026-02-28 10:33:00
ORD102329,2026-05-20,FR,P1048,PG1316,KW11489,366.55,Completed,2026-05-20 19:53:00
ORD102335,2026-03-23,MX,P1006,PG1437,KW10562,1524.35,Cancelled,2026-03-23 12:37:00
ORD102336,2026-03-22,UK,P1037,PG1491,KW10703,497.45,Completed,2026-03-22 00:35:00
ORD102337,2026-03-16,JP,P1038,PG1462,KW11440,1507.35,Returned,2026-03-16 23:10:00
ORD102339,2026-03-22,CA,P1035,PG1008,KW11999,846.21,Completed,2026-03-22 21:58:00
ORD102340,2026-05-09,IN,P1044,PG1496,KW10349,704.95,Completed,2026-05-09 12:36:00
ORD102342,2026-02-03,AU,P1009,PG1416,KW10070,329.24,Returned,2026-02-03 18:56:00
ORD102346,2026-02-17,JP,P1003,PG1127,KW11695,962.72,Cancelled,2026-02-17 15:04:00
ORD102350,2026-02-01,CA,P1013,PG1110,KW11518,1002.36,Pending,2026-02-01 20:31:00
ORD102351,2026-04-03,AU,P1002,PG1014,KW11083,1278.09,Returned,2026-04-03 22:33:00
ORD102353,2026-03-28,MX,P1039,PG1262,KW11543,1198.08,Completed,2026-03-28 08:26:00
ORD102354,2026-05-26,DE,P1017,PG1320,KW11707,2512.05,Completed,2026-05-26 23:52:00
ORD102355,2026-05-26,JP,P1033,PG1038,KW10246,253.5,Completed,2026-05-26 21:07:00
ORD102362,2026-03-27,UK,P1020,PG1244,KW11983,550.25,Cancelled,2026-03-27 03:12:00
ORD102363,2026-05-06,UK,P1021,PG1456,KW10538,697.43,Completed,2026-05-06 15:44:00
ORD102365,2026-05-30,JP,P1022,PG1308,KW10536,255.49,Pending,2026-05-30 23:01:00
ORD102367,2026-04-09,FR,P1033,PG1456,KW10699,562.34,Completed,2026-04-09 14:35:00
ORD102368,2026-04-30,DE,P1038,PG1397,KW11432,508.09,Cancelled,2026-04-30 19:32:00
ORD102369,2026-05-15,CA,P1010,PG1418,KW10011,3188.18,Cancelled,2026-05-15 16:53:00
ORD102370,2026-04-06,UK,P1032,PG1100,KW10073,386.43,Completed,2026-04-06 11:23:00
ORD102374,2026-04-15,BR,P1028,PG1210,KW11102,711.89,Completed,2026-04-15 06:13:00
ORD102378,2026-05-14,AU,P1031,PG1244,KW11299,567.74,Pending,2026-05-14 17:57:00
ORD102380,2026-04-23,IN,P1022,PG1023,KW10444,735.35,Returned,2026-04-23 17:46:00
ORD102382,2026-04-03,US,P1028,PG1337,KW10525,349.93,Pending,2026-04-03 10:11:00
ORD102390,2026-05-07,BR,P1011,PG1298,KW11463,601.63,Cancelled,2026-05-07 14:21:00
ORD102393,2026-04-21,BR,P1005,PG1427,KW11677,750.46,Completed,2026-04-21 10:26:00
ORD102397,2026-04-18,DE,P1040,PG1152,KW10545,340.83,Completed,2026-04-18 20:44:00
ORD102402,2026-03-23,MX,P1031,PG1405,KW11451,640.17,Cancelled,2026-03-23 03:17:00
ORD102405,2026-05-19,AU,P1042,PG1304,KW10793,914.85,Completed,2026-05-19 02:02:00
ORD102415,2026-04-07,BR,P1042,PG1495,KW10293,1657.3,Completed,2026-04-07 09:12:00
ORD102420,2026-05-31,BR,P1012,PG1189,KW10814,999.65,Completed,2026-05-31 12:50:00
ORD102425,2026-05-17,US,P1011,PG1105,KW11619,908.52,Pending,2026-05-17 16:22:00
ORD102426,2026-02-03,US,P1007,PG1319,KW10412,1705.69,Cancelled,2026-02-03 18:56:00
ORD102427,2026-03-26,FR,P1026,PG1292,KW10897,345.55,Pending,2026-03-26 08:49:00
ORD102429,2026-05-26,AU,P1041,PG1481,KW10313,1526.08,Returned,2026-05-26 13:46:00
ORD102432,2026-05-02,BR,P1023,PG1471,KW11322,605.72,Returned,2026-05-02 00:37:00
ORD102433,2026-04-09,UK,P1043,PG1321,KW10720,1175.67,Cancelled,2026-04-09 16:27:00
ORD102441,2026-03-08,CA,P1045,PG1326,KW10898,1058.24,Completed,2026-03-08 12:49:00
ORD102443,2026-03-12,BR,P1043,PG1283,KW11335,544.93,Completed,2026-03-12 16:04:00
ORD102451,2026-05-30,CA,P1039,PG1084,KW11721,1032.96,Cancelled,2026-05-30 09:34:00
ORD102453,2026-05-10,US,P1001,PG1236,KW11221,1733.15,Returned,2026-05-10 14:11:00
ORD102455,2026-03-25,CA,P1025,PG1489,KW11038,1058.59,Returned,2026-03-25 10:45:00
ORD102457,2026-03-31,FR,P1006,PG1099,KW10392,515.06,Pending,2026-03-31 11:55:00
ORD102458,2026-04-23,MX,P1037,PG1228,KW11347,731.83,Pending,2026-04-23 16:42:00
ORD102459,2026-02-16,US,P1044,PG1255,KW11281,965.94,Completed,2026-02-16 05:33:00
ORD102472,2026-05-28,DE,P1015,PG1204,KW10581,534.26,Completed,2026-05-28 11:28:00
ORD102474,2026-05-29,IN,P1031,PG1087,KW10448,475.28,Returned,2026-05-29 02:39:00
ORD102476,2026-02-17,MX,P1038,PG1118,KW11720,992.21,Pending,2026-02-17 21:23:00
ORD102479,2026-04-06,UK,P1024,PG1255,KW10451,647.25,Pending,2026-04-06 06:54:00
ORD102480,2026-03-01,UK,P1036,PG1393,KW11267,413.35,Completed,2026-03-01 19:25:00
ORD102482,2026-02-12,IN,P1026,PG1313,KW10706,430.12,Returned,2026-02-12 05:32:00
ORD102490,2026-04-18,US,P1012,PG1341,KW10639,426.7,Cancelled,2026-04-18 06:53:00
ORD102493,2026-05-08,CA,P1001,PG1237,KW11862,859.0,Completed,2026-05-08 11:25:00
ORD102497,2026-04-29,AU,P1027,PG1015,KW11669,1217.42,Completed,2026-04-29 10:42:00
ORD102500,2026-02-28,US,P1013,PG1207,KW10641,228.03,Returned,2026-02-28 01:36:00
ORD102501,2026-04-13,FR,P1047,PG1102,KW10067,3357.54,Pending,2026-04-13 05:51:00
ORD102503,2026-02-11,BR,P1044,PG1068,KW11375,732.61,Completed,2026-02-11 08:30:00
ORD102504,2026-05-22,IN,P1026,PG1294,KW10167,491.07,Pending,2026-05-22 05:48:00
ORD102505,2026-04-29,DE,P1014,PG1272,KW10820,459.47,Completed,2026-04-29 20:46:00
ORD102509,2026-05-31,MX,P1023,PG1107,KW10805,2157.15,Pending,2026-05-31 04:35:00
ORD102511,2026-03-26,JP,P1040,PG1455,KW10231,1095.3,Completed,2026-03-26 22:22:00
ORD102516,2026-05-06,BR,P1044,PG1232,KW10136,222.25,Returned,2026-05-06 03:24:00
ORD102519,2026-05-27,BR,P1047,PG1397,KW10902,1919.5,Completed,2026-05-27 14:47:00
ORD102520,2026-04-09,IN,P1030,PG1028,KW10174,1929.36,Pending,2026-04-09 13:37:00
ORD102525,2026-05-22,AU,P1015,PG1462,KW10888,851.57,Completed,2026-05-22 22:10:00
ORD102526,2026-05-02,UK,P1027,PG1221,KW10772,1623.25,Completed,2026-05-02 15:50:00
ORD102527,2026-03-21,US,P1042,PG1072,KW11336,937.98,Cancelled,2026-03-21 05:20:00
ORD102529,2026-05-10,US,P1022,PG1084,KW11648,1128.94,Completed,2026-05-10 23:03:00
ORD102530,2026-05-13,UK,P1026,PG1094,KW11045,2179.25,Returned,2026-05-13 12:13:00
ORD102531,2026-02-12,CA,P1047,PG1311,KW11823,1042.51,Completed,2026-02-12 13:13:00
ORD102533,2026-05-03,IN,P1026,PG1477,KW10317,387.66,Cancelled,2026-05-03 09:07:00
ORD102535,2026-05-19,CA,P1017,PG1093,KW11654,686.09,Completed,2026-05-19 20:09:00
ORD102539,2026-03-16,AU,P1046,PG1442,KW11013,274.08,Completed,2026-03-16 01:41:00
ORD102540,2026-03-14,IN,P1005,PG1342,KW11644,1532.1,Pending,2026-03-14 08:47:00
ORD102542,2026-05-21,US,P1043,PG1215,KW11816,788.74,Cancelled,2026-05-21 18:51:00
ORD102543,2026-04-19,US,P1013,PG1291,KW11679,342.03,Pending,2026-04-19 22:15:00
ORD102545,2026-03-07,FR,P1026,PG1277,KW11701,311.31,Completed,2026-03-07 18:30:00
ORD102546,2026-03-29,BR,P1011,PG1218,KW11271,465.38,Cancelled,2026-03-29 05:57:00
ORD102548,2026-05-07,US,P1044,PG1124,KW10785,1137.54,Completed,2026-05-07 17:14:00
ORD102551,2026-02-02,CA,P1029,PG1140,KW11894,917.21,Pending,2026-02-02 13:42:00
ORD102554,2026-04-12,CA,P1026,PG1208,KW10923,475.95,Pending,2026-04-12 11:44:00
ORD102557,2026-02-23,FR,P1027,PG1088,KW10433,657.1,Completed,2026-02-23 14:11:00
ORD102563,2026-05-17,MX,P1002,PG1487,KW10981,495.33,Completed,2026-05-17 16:52:00
ORD102569,2026-02-20,US,P1028,PG1023,KW11432,1152.65,Cancelled,2026-02-20 11:11:00
ORD102573,2026-03-05,AU,P1031,PG1069,KW10772,755.63,Completed,2026-03-05 09:18:00
ORD102577,2026-02-05,AU,P1031,PG1051,KW11592,2251.36,Cancelled,2026-02-05 20:08:00
ORD102580,2026-02-28,FR,P1049,PG1215,KW11062,2044.28,Pending,2026-02-28 14:25:00
ORD102586,2026-03-31,MX,P1027,PG1430,KW11312,1407.19,Cancelled,2026-03-31 15:05:00
ORD102587,2026-04-18,CA,P1020,PG1034,KW11944,1040.79,Completed,2026-04-18 09:06:00
ORD102588,2026-03-24,UK,P1028,PG1433,KW11307,236.25,Completed,2026-03-24 14:13:00
ORD102595,2026-05-19,CA,P1032,PG1272,KW10406,712.31,Returned,2026-05-19 04:17:00
ORD102596,2026-05-16,BR,P1039,PG1058,KW11881,644.55,Completed,2026-05-16 23:10:00
ORD102598,2026-04-26,FR,P1029,PG1188,KW10439,443.16,Cancelled,2026-04-26 18:43:00
ORD102607,2026-05-16,DE,P1018,PG1206,KW10231,506.29,Completed,2026-05-16 12:29:00
ORD102608,2026-05-30,UK,P1023,PG1186,KW11221,1235.78,Pending,2026-05-30 10:09:00
ORD102610,2026-03-17,IN,P1025,PG1193,KW10183,727.16,Returned,2026-03-17 09:01:00
ORD102616,2026-04-25,UK,P1016,PG1487,KW11236,1625.77,Returned,2026-04-25 02:33:00
ORD102618,2026-03-27,CA,P1014,PG1427,KW10754,397.53,Completed,2026-03-27 15:31:00
ORD102620,2026-02-20,MX,P1032,PG1084,KW10371,973.7,Completed,2026-02-20 13:54:00
ORD102626,2026-02-18,AU,P1002,PG1028,KW10123,706.41,Returned,2026-02-18 14:18:00
ORD102632,2026-03-19,UK,P1049,PG1399,KW10552,1084.8,Completed,2026-03-19 04:51:00
ORD102635,2026-05-16,JP,P1029,PG1325,KW10159,1000.95,Completed,2026-05-16 07:34:00
ORD102638,2026-02-22,CA,P1048,PG1441,KW10160,358.46,Returned,2026-02-22 05:22:00
ORD102642,2026-04-23,FR,P1022,PG1430,KW10275,732.58,Returned,2026-04-23 15:23:00
ORD102643,2026-04-14,AU,P1002,PG1369,KW10513,1033.67,Returned,2026-04-14 02:06:00
ORD102645,2026-03-19,BR,P1018,PG1066,KW10660,601.56,Returned,2026-03-19 03:00:00
ORD102646,2026-04-02,AU,P1015,PG1088,KW11838,422.69,Pending,2026-04-02 22:48:00
ORD102648,2026-03-10,MX,P1044,PG1274,KW11353,799.21,Completed,2026-03-10 14:27:00
ORD102651,2026-03-27,UK,P1025,PG1146,KW10350,1735.62,Completed,2026-03-27 13:04:00
ORD102655,2026-05-24,US,P1043,PG1365,KW10307,351.38,Cancelled,2026-05-24 00:07:00
ORD102657,2026-03-24,AU,P1023,PG1485,KW11577,466.87,Completed,2026-03-24 11:43:00
ORD102660,2026-05-22,CA,P1036,PG1207,KW10370,1172.22,Completed,2026-05-22 13:35:00
ORD102666,2026-04-26,JP,P1004,PG1350,KW10599,927.84,Returned,2026-04-26 10:18:00
ORD102668,2026-04-23,JP,P1023,PG1024,KW10538,718.49,Completed,2026-04-23 14:46:00
ORD102672,2026-04-15,CA,P1020,PG1102,KW10178,412.85,Pending,2026-04-15 11:26:00
ORD102684,2026-03-29,JP,P1025,PG1032,KW10672,2189.03,Pending,2026-03-29 05:53:00
ORD102685,2026-02-11,DE,P1038,PG1452,KW10380,562.8,Completed,2026-02-11 07:35:00
ORD102691,2026-02-09,AU,P1045,PG1303,KW10407,378.68,Completed,2026-02-09 08:12:00
ORD102695,2026-05-30,JP,P1020,PG1231,KW11439,476.32,Pending,2026-05-30 06:33:00
ORD102701,2026-03-13,AU,P1005,PG1009,KW11278,1013.86,Completed,2026-03-13 11:06:00
ORD102711,2026-04-02,BR,P1008,PG1340,KW10723,695.29,Completed,2026-04-02 17:23:00
ORD102713,2026-04-28,MX,P1049,PG1426,KW11270,1549.99,Completed,2026-04-28 21:11:00
ORD102714,2026-03-01,AU,P1008,PG1117,KW11334,209.94,Pending,2026-03-01 03:45:00
ORD102715,2026-02-12,FR,P1010,PG1449,KW11198,214.29,Completed,2026-02-12 16:25:00
ORD102722,2026-05-13,CA,P1001,PG1099,KW11558,561.3,Completed,2026-05-13 23:50:00
ORD102726,2026-05-27,DE,P1022,PG1448,KW11681,995.45,Completed,2026-05-27 16:21:00
ORD102731,2026-03-14,MX,P1024,PG1442,KW11727,718.4,Completed,2026-03-14 03:43:00
ORD102740,2026-05-22,MX,P1005,PG1496,KW10088,1525.77,Completed,2026-05-22 00:38:00
ORD102741,2026-03-26,IN,P1031,PG1317,KW11835,449.16,Pending,2026-03-26 10:10:00
ORD102743,2026-04-28,DE,P1048,PG1436,KW11275,1672.82,Returned,2026-04-28 21:06:00
ORD102744,2026-04-22,BR,P1040,PG1421,KW10711,1271.24,Pending,2026-04-22 04:44:00
ORD102754,2026-03-24,UK,P1007,PG1240,KW10480,464.08,Returned,2026-03-24 17:28:00
ORD102756,2026-05-08,US,P1020,PG1418,KW11332,600.79,Cancelled,2026-05-08 04:36:00
ORD102759,2026-04-04,UK,P1030,PG1269,KW10407,1200.06,Pending,2026-04-04 21:39:00
ORD102761,2026-05-14,CA,P1002,PG1377,KW10603,1259.75,Completed,2026-05-14 21:13:00
ORD102771,2026-05-06,AU,P1016,PG1199,KW11733,525.3,Returned,2026-05-06 12:00:00
ORD102773,2026-04-22,AU,P1044,PG1098,KW10932,396.58,Completed,2026-04-22 05:12:00
ORD102775,2026-02-09,UK,P1032,PG1398,KW10267,1498.65,Completed,2026-02-09 17:19:00
ORD102777,2026-04-03,MX,P1001,PG1360,KW10526,768.37,Completed,2026-04-03 14:09:00
ORD102778,2026-04-13,CA,P1049,PG1280,KW11105,815.81,Completed,2026-04-13 18:45:00
ORD102782,2026-05-14,MX,P1009,PG1190,KW10114,936.75,Completed,2026-05-14 00:25:00
ORD102791,2026-02-24,MX,P1009,PG1405,KW11379,1426.58,Cancelled,2026-02-24 00:02:00
ORD102793,2026-03-23,FR,P1016,PG1120,KW11385,1571.34,Returned,2026-03-23 05:12:00
ORD102794,2026-04-22,DE,P1023,PG1331,KW11121,378.25,Returned,2026-04-22 21:14:00
ORD102798,2026-03-08,MX,P1044,PG1416,KW10907,519.21,Completed,2026-03-08 04:22:00
ORD102804,2026-03-23,UK,P1002,PG1303,KW10078,183.97,Completed,2026-03-23 08:23:00
ORD102807,2026-03-19,JP,P1039,PG1130,KW10381,909.3,Returned,2026-03-19 03:54:00
ORD102808,2026-05-13,JP,P1042,PG1342,KW11795,794.87,Completed,2026-05-13 12:49:00
ORD102809,2026-05-30,FR,P1023,PG1500,KW11193,647.94,Completed,2026-05-30 10:54:00
ORD102811,2026-03-31,CA,P1036,PG1104,KW11247,728.54,Returned,2026-03-31 05:38:00
ORD102816,2026-05-30,BR,P1034,PG1250,KW11898,403.26,Cancelled,2026-05-30 04:07:00
ORD102818,2026-02-14,AU,P1048,PG1044,KW10869,868.14,Completed,2026-02-14 07:49:00
ORD102820,2026-02-07,JP,P1006,PG1325,KW10015,355.72,Completed,2026-02-07 00:36:00
ORD102822,2026-02-10,US,P1018,PG1189,KW11257,327.34,Returned,2026-02-10 20:33:00
ORD102823,2026-04-10,JP,P1028,PG1430,KW10610,195.31,Returned,2026-04-10 03:54:00
ORD102833,2026-02-02,AU,P1019,PG1247,KW11362,2169.91,Returned,2026-02-02 05:49:00
ORD102838,2026-03-29,CA,P1029,PG1026,KW10026,1081.39,Returned,2026-03-29 21:51:00
ORD102839,2026-04-27,BR,P1036,PG1322,KW11712,1230.79,Completed,2026-04-27 05:25:00
ORD102840,2026-03-17,UK,P1003,PG1158,KW10642,1247.36,Completed,2026-03-17 16:57:00
ORD102843,2026-05-23,IN,P1013,PG1164,KW10939,1517.01,Pending,2026-05-23 13:43:00
ORD102848,2026-02-15,BR,P1039,PG1477,KW11223,736.77,Cancelled,2026-02-15 22:02:00
ORD102850,2026-05-05,IN,P1015,PG1117,KW11875,1119.76,Completed,2026-05-05 05:00:00
ORD102851,2026-02-25,US,P1022,PG1241,KW10677,594.8,Completed,2026-02-25 11:07:00
ORD102852,2026-03-25,CA,P1006,PG1413,KW10969,219.56,Completed,2026-03-25 07:59:00
ORD102854,2026-04-20,DE,P1041,PG1452,KW11662,408.77,Cancelled,2026-04-20 06:38:00
ORD102855,2026-05-19,FR,P1016,PG1323,KW11890,416.36,Completed,2026-05-19 18:47:00
ORD102865,2026-03-18,IN,P1033,PG1380,KW10590,1033.08,Completed,2026-03-18 08:12:00
ORD102866,2026-05-27,DE,P1044,PG1222,KW10165,2688.27,Returned,2026-05-27 15:21:00
ORD102867,2026-02-23,DE,P1011,PG1121,KW11415,1284.4,Completed,2026-02-23 23:02:00
ORD102872,2026-04-05,JP,P1044,PG1073,KW10925,782.02,Returned,2026-04-05 13:51:00
ORD102873,2026-02-08,DE,P1031,PG1296,KW11003,1163.2,Completed,2026-02-08 14:33:00
ORD102875,2026-03-15,MX,P1019,PG1091,KW10084,1414.54,Completed,2026-03-15 04:17:00
ORD102878,2026-04-09,JP,P1049,PG1452,KW11420,1004.3,Returned,2026-04-09 09:01:00
ORD102880,2026-05-24,JP,P1050,PG1123,KW11106,836.38,Pending,2026-05-24 15:18:00
ORD102881,2026-05-06,US,P1031,PG1221,KW11586,1108.09,Completed,2026-05-06 16:49:00
ORD102885,2026-04-17,AU,P1040,PG1276,KW10123,1720.67,Completed,2026-04-17 20:16:00
ORD102889,2026-05-24,DE,P1015,PG1446,KW11550,178.0,Pending,2026-05-24 14:31:00
ORD102890,2026-04-23,US,P1014,PG1359,KW11862,693.15,Completed,2026-04-23 17:03:00
ORD102891,2026-04-20,DE,P1010,PG1077,KW11966,985.34,Pending,2026-04-20 07:23:00
ORD102900,2026-04-19,AU,P1007,PG1314,KW11268,1391.84,Completed,2026-04-19 18:29:00
ORD102905,2026-02-13,UK,P1047,PG1378,KW10768,1326.24,Completed,2026-02-13 07:08:00
ORD102907,2026-05-03,IN,P1033,PG1341,KW11701,425.66,Completed,2026-05-03 19:21:00
ORD102908,2026-03-26,BR,P1034,PG1092,KW11420,2695.36,Completed,2026-03-26 14:01:00
ORD102909,2026-05-17,AU,P1031,PG1203,KW11618,4126.23,Returned,2026-05-17 01:52:00
ORD102911,2026-04-19,AU,P1030,PG1329,KW11184,1572.29,Returned,2026-04-19 20:40:00
ORD102913,2026-03-31,JP,P1011,PG1268,KW10300,371.62,Completed,2026-03-31 00:47:00
ORD102914,2026-04-01,UK,P1045,PG1149,KW11826,897.73,Completed,2026-04-01 02:30:00
ORD102917,2026-03-15,DE,P1026,PG1067,KW11664,2051.9,Completed,2026-03-15 03:14:00
ORD102918,2026-04-05,AU,P1039,PG1499,KW11912,989.24,Returned,2026-04-05 04:48:00
ORD102924,2026-05-17,IN,P1046,PG1255,KW11273,401.97,Cancelled,2026-05-17 14:43:00
ORD102925,2026-03-25,CA,P1032,PG1075,KW10961,782.32,Completed,2026-03-25 07:30:00
ORD102927,2026-04-09,CA,P1003,PG1121,KW11296,1116.33,Returned,2026-04-09 13:01:00
ORD102933,2026-04-26,IN,P1010,PG1482,KW11437,1109.75,Cancelled,2026-04-26 10:51:00
ORD102934,2026-04-29,IN,P1046,PG1330,KW11107,657.34,Completed,2026-04-29 11:05:00
ORD102936,2026-02-13,JP,P1027,PG1302,KW10565,1576.48,Pending,2026-02-13 17:35:00
ORD102937,2026-05-05,US,P1028,PG1460,KW11211,580.67,Completed,2026-05-05 18:55:00
ORD102940,2026-03-14,JP,P1024,PG1309,KW11860,280.07,Pending,2026-03-14 00:15:00
ORD102944,2026-03-04,UK,P1002,PG1453,KW10856,582.25,Pending,2026-03-04 12:27:00
ORD102946,2026-05-24,AU,P1007,PG1443,KW10998,628.76,Completed,2026-05-24 20:56:00
ORD102951,2026-05-10,BR,P1024,PG1111,KW10385,590.59,Completed,2026-05-10 01:42:00
ORD102957,2026-04-30,AU,P1005,PG1477,KW11228,1689.17,Completed,2026-04-30 14:12:00
ORD102958,2026-04-01,DE,P1025,PG1234,KW10555,368.1,Completed,2026-04-01 07:52:00
ORD102959,2026-04-29,UK,P1009,PG1402,KW10210,965.49,Completed,2026-04-29 17:24:00
ORD102960,2026-02-05,DE,P1040,PG1255,KW11017,514.71,Returned,2026-02-05 16:42:00
ORD102961,2026-05-07,AU,P1021,PG1065,KW11321,775.87,Completed,2026-05-07 05:41:00
ORD102964,2026-03-14,US,P1019,PG1011,KW10074,958.56,Completed,2026-03-14 07:44:00
ORD102968,2026-03-25,FR,P1008,PG1476,KW10068,1859.53,Completed,2026-03-25 03:09:00
ORD102971,2026-04-07,FR,P1042,PG1034,KW11939,965.42,Returned,2026-04-07 19:24:00
ORD102976,2026-05-07,BR,P1007,PG1423,KW10022,797.46,Cancelled,2026-05-07 04:25:00
ORD102979,2026-03-16,AU,P1027,PG1037,KW10933,391.44,Returned,2026-03-16 21:21:00
ORD102981,2026-03-25,CA,P1030,PG1287,KW11921,984.63,Completed,2026-03-25 13:34:00
ORD102982,2026-03-13,MX,P1044,PG1224,KW11260,1029.16,Completed,2026-03-13 12:45:00
ORD102983,2026-05-23,FR,P1019,PG1040,KW11907,668.06,Completed,2026-05-23 22:13:00
ORD102984,2026-04-20,US,P1009,PG1370,KW11819,660.5,Completed,2026-04-20 11:58:00
ORD102989,2026-04-02,AU,P1029,PG1027,KW11921,458.52,Completed,2026-04-02 18:46:00
ORD102993,2026-04-05,UK,P1018,PG1231,KW10128,1249.37,Cancelled,2026-04-05 18:05:00
ORD102995,2026-05-25,FR,P1032,PG1217,KW10398,1023.77,Pending,2026-05-25 20:46:00
ORD102996,2026-04-30,IN,P1038,PG1219,KW10791,351.09,Completed,2026-04-30 08:02:00
ORD103001,2026-05-26,DE,P1030,PG1481,KW10487,300.09,Completed,2026-05-26 15:45:00
ORD103002,2026-04-16,BR,P1032,PG1357,KW11640,4585.89,Pending,2026-04-16 22:41:00
ORD103004,2026-03-07,CA,P1005,PG1408,KW11156,943.78,Cancelled,2026-03-07 20:00:00
ORD103009,2026-02-06,IN,P1018,PG1011,KW10784,339.29,Completed,2026-02-06 09:19:00
ORD103012,2026-02-10,AU,P1018,PG1051,KW10970,2014.27,Returned,2026-02-10 13:02:00
ORD103016,2026-02-05,JP,P1004,PG1231,KW11705,2647.2,Completed,2026-02-05 18:37:00
ORD103019,2026-04-11,JP,P1016,PG1134,KW11969,1013.38,Completed,2026-04-11 14:37:00
ORD103025,2026-04-12,US,P1007,PG1456,KW11854,780.83,Cancelled,2026-04-12 08:14:00
ORD103031,2026-04-04,UK,P1047,PG1483,KW10765,1361.44,Completed,2026-04-04 12:17:00
ORD103033,2026-04-06,BR,P1036,PG1170,KW10108,1377.25,Cancelled,2026-04-06 19:54:00
ORD103034,2026-05-15,FR,P1017,PG1193,KW11139,617.19,Pending,2026-05-15 09:10:00
ORD103035,2026-03-01,IN,P1039,PG1063,KW11118,997.8,Completed,2026-03-01 07:02:00
ORD103042,2026-02-09,BR,P1045,PG1428,KW11015,1932.17,Cancelled,2026-02-09 16:59:00
ORD103048,2026-04-14,DE,P1005,PG1464,KW10101,1916.32,Pending,2026-04-14 08:35:00
ORD103049,2026-02-28,MX,P1013,PG1303,KW10649,1329.55,Returned,2026-02-28 12:15:00
ORD103052,2026-03-02,IN,P1008,PG1490,KW11571,1847.09,Completed,2026-03-02 16:19:00
ORD103054,2026-04-05,FR,P1015,PG1415,KW10876,291.6,Returned,2026-04-05 08:13:00
ORD103055,2026-02-26,FR,P1019,PG1360,KW10117,532.09,Pending,2026-02-26 15:52:00
ORD103057,2026-03-06,CA,P1018,PG1093,KW10782,645.13,Pending,2026-03-06 12:56:00
ORD103060,2026-03-02,US,P1046,PG1246,KW11214,439.53,Pending,2026-03-02 09:03:00
ORD103063,2026-03-11,IN,P1050,PG1447,KW10365,576.52,Completed,2026-03-11 01:45:00
ORD103067,2026-05-20,DE,P1018,PG1215,KW11304,249.49,Pending,2026-05-20 05:18:00
ORD103069,2026-03-27,AU,P1022,PG1184,KW10023,395.23,Completed,2026-03-27 19:24:00
ORD103072,2026-02-18,FR,P1018,PG1196,KW10949,1021.6,Completed,2026-02-18 21:28:00
ORD103073,2026-02-07,IN,P1007,PG1217,KW10307,322.67,Cancelled,2026-02-07 13:11:00
ORD103075,2026-02-19,IN,P1049,PG1467,KW11251,1739.48,Completed,2026-02-19 02:26:00
ORD103076,2026-05-10,BR,P1019,PG1313,KW11387,682.44,Completed,2026-05-10 10:34:00
ORD103081,2026-02-23,JP,P1045,PG1041,KW10982,1377.24,Returned,2026-02-23 22:56:00
ORD103087,2026-02-16,DE,P1002,PG1245,KW11583,665.21,Pending,2026-02-16 19:24:00
ORD103089,2026-05-03,CA,P1027,PG1185,KW11396,568.09,Completed,2026-05-03 16:12:00
ORD103094,2026-03-01,BR,P1038,PG1437,KW10074,1557.97,Completed,2026-03-01 09:25:00
ORD103097,2026-03-20,AU,P1034,PG1192,KW10792,724.91,Completed,2026-03-20 18:14:00
ORD103102,2026-03-13,DE,P1049,PG1156,KW10290,755.18,Completed,2026-03-13 06:05:00
ORD103103,2026-02-14,US,P1037,PG1074,KW10622,691.82,Completed,2026-02-14 09:39:00
ORD103104,2026-05-06,US,P1001,PG1139,KW10208,904.06,Completed,2026-05-06 22:35:00
ORD103105,2026-04-26,CA,P1007,PG1084,KW10551,939.83,Returned,2026-04-26 12:43:00
ORD103107,2026-03-14,JP,P1009,PG1065,KW10083,394.0,Completed,2026-03-14 11:38:00
ORD103110,2026-03-03,BR,P1042,PG1046,KW11563,302.55,Cancelled,2026-03-03 12:52:00
ORD103113,2026-05-08,AU,P1010,PG1218,KW11130,1119.6,Returned,2026-05-08 19:10:00
ORD103121,2026-05-04,DE,P1012,PG1151,KW10955,1126.03,Completed,2026-05-04 19:47:00
ORD103125,2026-05-30,IN,P1045,PG1361,KW11382,1363.48,Cancelled,2026-05-30 12:02:00
ORD103126,2026-03-09,MX,P1002,PG1290,KW10234,1246.12,Cancelled,2026-03-09 20:36:00
ORD103127,2026-04-09,US,P1011,PG1173,KW11635,350.86,Cancelled,2026-04-09 03:03:00
ORD103131,2026-03-31,AU,P1021,PG1325,KW11513,431.06,Cancelled,2026-03-31 13:27:00
ORD103136,2026-03-09,AU,P1042,PG1260,KW11040,642.56,Pending,2026-03-09 23:10:00
ORD103137,2026-03-07,BR,P1038,PG1388,KW10779,316.33,Completed,2026-03-07 04:35:00
ORD103139,2026-04-27,JP,P1002,PG1030,KW11765,1749.26,Completed,2026-04-27 12:13:00
ORD103142,2026-03-03,US,P1001,PG1380,KW11335,876.27,Completed,2026-03-03 21:05:00
ORD103145,2026-04-23,UK,P1049,PG1118,KW10277,590.64,Completed,2026-04-23 10:57:00
ORD103148,2026-02-15,IN,P1012,PG1128,KW10613,540.42,Pending,2026-02-15 22:52:00
ORD103154,2026-02-13,US,P1023,PG1142,KW10398,807.93,Completed,2026-02-13 07:52:00
ORD103158,2026-02-16,IN,P1004,PG1246,KW11019,405.3,Cancelled,2026-02-16 03:08:00
ORD103160,2026-02-06,AU,P1035,PG1183,KW10566,530.5,Completed,2026-02-06 09:56:00
ORD103166,2026-05-26,JP,P1019,PG1188,KW11643,808.6,Completed,2026-05-26 12:08:00
ORD103167,2026-04-24,CA,P1032,PG1405,KW10039,1267.82,Returned,2026-04-24 21:14:00
ORD103169,2026-04-06,JP,P1016,PG1200,KW10084,796.95,Completed,2026-04-06 19:06:00
ORD103172,2026-04-15,DE,P1047,PG1182,KW10436,1822.2,Pending,2026-04-15 08:42:00
ORD103178,2026-02-13,BR,P1001,PG1250,KW10052,902.88,Pending,2026-02-13 20:51:00
ORD103181,2026-04-28,FR,P1003,PG1246,KW10038,998.84,Cancelled,2026-04-28 22:50:00
ORD103184,2026-03-18,CA,P1013,PG1388,KW11527,391.93,Pending,2026-03-18 13:02:00
ORD103191,2026-05-19,AU,P1042,PG1400,KW11276,387.33,Cancelled,2026-05-19 11:14:00
ORD103200,2026-05-19,AU,P1037,PG1464,KW10113,907.34,Completed,2026-05-19 08:48:00
ORD103202,2026-03-25,BR,P1035,PG1065,KW10860,3073.49,Returned,2026-03-25 00:34:00
ORD103208,2026-05-14,CA,P1039,PG1101,KW11272,491.21,Cancelled,2026-05-14 06:40:00
ORD103214,2026-03-19,US,P1010,PG1475,KW11258,690.22,Completed,2026-03-19 16:55:00
ORD103218,2026-03-19,US,P1033,PG1194,KW10235,633.88,Completed,2026-03-19 14:11:00
ORD103223,2026-02-14,FR,P1049,PG1163,KW10795,470.78,Completed,2026-02-14 15:23:00
ORD103227,2026-05-02,AU,P1028,PG1018,KW10101,368.03,Completed,2026-05-02 11:49:00
ORD103231,2026-03-27,FR,P1044,PG1173,KW10748,2082.58,Returned,2026-03-27 12:46:00
ORD103233,2026-02-03,US,P1023,PG1325,KW11836,1421.24,Cancelled,2026-02-03 03:50:00
ORD103238,2026-02-12,IN,P1010,PG1312,KW11167,524.73,Pending,2026-02-12 04:49:00
ORD103245,2026-02-12,FR,P1033,PG1296,KW11381,3251.18,Completed,2026-02-12 16:30:00
ORD103246,2026-02-10,FR,P1034,PG1448,KW11973,2569.31,Completed,2026-02-10 07:51:00
ORD103248,2026-05-16,MX,P1035,PG1236,KW11536,1397.07,Returned,2026-05-16 12:09:00
ORD103251,2026-02-18,DE,P1048,PG1301,KW10089,277.21,Completed,2026-02-18 04:18:00
ORD103253,2026-05-13,MX,P1002,PG1191,KW11718,432.69,Cancelled,2026-05-13 12:19:00
ORD103255,2026-05-10,UK,P1033,PG1095,KW10098,1971.28,Returned,2026-05-10 15:05:00
ORD103258,2026-05-11,AU,P1028,PG1467,KW11767,383.68,Pending,2026-05-11 08:21:00
ORD103259,2026-03-31,US,P1040,PG1321,KW11248,1015.69,Completed,2026-03-31 00:00:00
ORD103261,2026-04-03,CA,P1032,PG1321,KW10467,1805.72,Completed,2026-04-03 23:34:00
ORD103263,2026-03-10,BR,P1041,PG1116,KW11651,1429.45,Completed,2026-03-10 00:56:00
ORD103271,2026-02-11,JP,P1050,PG1365,KW10427,1106.21,Completed,2026-02-11 18:41:00
ORD103275,2026-05-11,CA,P1019,PG1137,KW11085,1471.29,Cancelled,2026-05-11 03:11:00
ORD103276,2026-04-06,CA,P1023,PG1051,KW10006,2886.01,Cancelled,2026-04-06 15:41:00
ORD103279,2026-05-03,US,P1050,PG1461,KW11682,441.75,Completed,2026-05-03 05:38:00
ORD103282,2026-04-11,IN,P1050,PG1478,KW10245,649.33,Completed,2026-04-11 09:29:00
ORD103284,2026-02-03,CA,P1006,PG1094,KW10256,1187.45,Cancelled,2026-02-03 01:21:00
ORD103286,2026-04-23,BR,P1036,PG1191,KW10345,1224.04,Completed,2026-04-23 01:55:00
ORD103287,2026-02-08,DE,P1036,PG1004,KW10212,795.98,Cancelled,2026-02-08 00:45:00
ORD103295,2026-02-21,UK,P1036,PG1183,KW10358,434.95,Completed,2026-02-21 07:15:00
ORD103298,2026-04-27,MX,P1025,PG1376,KW10204,2272.6,Completed,2026-04-27 13:19:00
ORD103309,2026-02-12,DE,P1001,PG1345,KW11149,2429.97,Completed,2026-02-12 02:18:00
ORD103311,2026-02-25,FR,P1007,PG1140,KW10725,897.54,Pending,2026-02-25 23:29:00
ORD103319,2026-05-24,AU,P1012,PG1370,KW10244,939.0,Pending,2026-05-24 02:50:00
ORD103329,2026-04-10,DE,P1033,PG1164,KW10829,1251.25,Pending,2026-04-10 16:57:00
ORD103330,2026-02-17,CA,P1014,PG1119,KW10507,695.45,Pending,2026-02-17 23:18:00
ORD103332,2026-04-19,MX,P1016,PG1152,KW11999,637.93,Returned,2026-04-19 07:05:00
ORD103334,2026-04-06,JP,P1036,PG1129,KW11778,937.79,Completed,2026-04-06 13:48:00
ORD103340,2026-03-30,US,P1049,PG1194,KW11856,877.18,Pending,2026-03-30 15:23:00
ORD103344,2026-03-03,IN,P1029,PG1304,KW11356,3039.33,Pending,2026-03-03 03:58:00
ORD103348,2026-05-06,US,P1047,PG1096,KW11833,2074.53,Cancelled,2026-05-06 13:31:00
ORD103354,2026-02-13,JP,P1047,PG1451,KW10685,470.29,Completed,2026-02-13 20:49:00
ORD103360,2026-05-07,US,P1045,PG1132,KW10389,971.89,Completed,2026-05-07 15:31:00
ORD103361,2026-04-30,US,P1015,PG1143,KW11304,784.05,Returned,2026-04-30 12:30:00
ORD103362,2026-03-25,JP,P1017,PG1156,KW10686,627.56,Pending,2026-03-25 04:31:00
ORD103367,2026-05-11,DE,P1043,PG1224,KW10061,836.39,Completed,2026-05-11 06:22:00
ORD103368,2026-04-29,JP,P1022,PG1253,KW11399,464.66,Completed,2026-04-29 23:35:00
ORD103369,2026-02-24,BR,P1035,PG1187,KW10408,1048.92,Pending,2026-02-24 07:39:00
ORD103370,2026-05-27,JP,P1047,PG1139,KW11311,529.5,Pending,2026-05-27 15:37:00
ORD103377,2026-02-08,UK,P1014,PG1023,KW11075,619.71,Completed,2026-02-08 23:13:00
ORD103381,2026-05-23,MX,P1018,PG1208,KW11463,430.78,Completed,2026-05-23 21:31:00
ORD103383,2026-05-06,IN,P1011,PG1027,KW11451,863.7,Completed,2026-05-06 05:07:00
ORD103390,2026-03-28,AU,P1042,PG1417,KW11722,2703.78,Pending,2026-03-28 14:32:00
ORD103391,2026-03-31,BR,P1042,PG1349,KW11365,986.99,Returned,2026-03-31 00:06:00
ORD103394,2026-04-08,US,P1004,PG1130,KW11804,623.24,Returned,2026-04-08 03:02:00
ORD103395,2026-02-07,UK,P1048,PG1400,KW10147,1470.44,Returned,2026-02-07 18:32:00
ORD103396,2026-02-14,MX,P1044,PG1280,KW10939,276.37,Completed,2026-02-14 08:52:00
ORD103397,2026-04-22,MX,P1046,PG1154,KW11467,1614.93,Pending,2026-04-22 10:22:00
ORD103401,2026-05-15,DE,P1049,PG1213,KW10925,1114.75,Cancelled,2026-05-15 04:51:00
ORD103402,2026-03-16,US,P1038,PG1136,KW10642,1248.12,Completed,2026-03-16 00:16:00
ORD103404,2026-02-22,BR,P1001,PG1072,KW11650,666.67,Completed,2026-02-22 01:10:00
ORD103407,2026-04-22,JP,P1039,PG1115,KW10291,991.44,Completed,2026-04-22 15:33:00
ORD103408,2026-03-15,US,P1019,PG1361,KW10501,732.33,Returned,2026-03-15 21:25:00
ORD103415,2026-05-14,IN,P1041,PG1314,KW10298,438.01,Completed,2026-05-14 11:43:00
ORD103422,2026-03-30,FR,P1025,PG1326,KW10510,421.36,Pending,2026-03-30 17:24:00
ORD103425,2026-04-14,US,P1035,PG1448,KW10081,823.35,Pending,2026-04-14 11:28:00
ORD103427,2026-03-08,AU,P1010,PG1457,KW10122,911.07,Cancelled,2026-03-08 13:02:00
ORD103433,2026-04-24,UK,P1003,PG1468,KW10173,763.01,Completed,2026-04-24 01:08:00
ORD103434,2026-03-21,FR,P1012,PG1137,KW11166,1472.67,Cancelled,2026-03-21 02:30:00
ORD103436,2026-02-18,MX,P1029,PG1096,KW10354,615.35,Returned,2026-02-18 19:55:00
ORD103437,2026-04-25,DE,P1024,PG1429,KW10163,3602.36,Returned,2026-04-25 12:14:00
ORD103439,2026-04-11,UK,P1009,PG1394,KW11384,1346.13,Completed,2026-04-11 17:48:00
ORD103441,2026-05-08,MX,P1023,PG1310,KW11551,552.21,Completed,2026-05-08 10:04:00
ORD103449,2026-04-12,AU,P1012,PG1265,KW10428,3306.87,Completed,2026-04-12 07:31:00
ORD103451,2026-05-05,US,P1046,PG1242,KW11739,1650.74,Completed,2026-05-05 16:53:00
ORD103456,2026-03-28,MX,P1016,PG1240,KW10317,968.07,Completed,2026-03-28 07:50:00
ORD103457,2026-04-26,BR,P1016,PG1271,KW10565,657.55,Completed,2026-04-26 14:20:00
ORD103458,2026-03-17,US,P1016,PG1494,KW10003,811.24,Completed,2026-03-17 22:18:00
ORD103459,2026-04-05,JP,P1026,PG1445,KW10019,625.42,Completed,2026-04-05 13:52:00
ORD103461,2026-03-26,FR,P1005,PG1244,KW10814,325.04,Completed,2026-03-26 12:36:00
ORD103464,2026-02-04,CA,P1022,PG1431,KW10159,981.86,Returned,2026-02-04 23:18:00
ORD103471,2026-02-15,JP,P1035,PG1327,KW11036,540.33,Returned,2026-02-15 19:24:00
ORD103472,2026-05-17,FR,P1048,PG1182,KW10237,978.15,Completed,2026-05-17 23:02:00
ORD103476,2026-04-01,CA,P1037,PG1403,KW11817,852.58,Returned,2026-04-01 09:15:00
ORD103477,2026-05-13,MX,P1040,PG1389,KW10679,1359.43,Completed,2026-05-13 09:30:00
ORD103478,2026-03-16,BR,P1043,PG1389,KW11183,1573.69,Returned,2026-03-16 12:08:00
ORD103479,2026-04-08,US,P1037,PG1091,KW11169,2187.95,Cancelled,2026-04-08 05:12:00
ORD103482,2026-05-04,FR,P1046,PG1028,KW11178,554.82,Returned,2026-05-04 06:12:00
ORD103488,2026-04-30,UK,P1010,PG1155,KW10088,880.78,Completed,2026-04-30 22:31:00
ORD103489,2026-03-29,FR,P1037,PG1105,KW10930,2373.72,Returned,2026-03-29 16:48:00
ORD103502,2026-04-17,JP,P1003,PG1454,KW11643,262.71,Completed,2026-04-17 07:56:00
ORD103505,2026-03-02,US,P1002,PG1378,KW10461,722.66,Completed,2026-03-02 01:36:00
ORD103510,2026-05-08,CA,P1038,PG1058,KW10577,645.92,Pending,2026-05-08 07:24:00
ORD103519,2026-05-25,CA,P1006,PG1178,KW10789,414.4,Completed,2026-05-25 08:07:00
ORD103524,2026-03-24,US,P1042,PG1469,KW10138,948.76,Completed,2026-03-24 13:55:00
ORD103528,2026-02-25,BR,P1020,PG1010,KW11447,590.75,Returned,2026-02-25 17:52:00
ORD103531,2026-04-28,BR,P1010,PG1452,KW10835,1387.22,Completed,2026-04-28 13:13:00
ORD103532,2026-02-14,MX,P1018,PG1340,KW10124,587.22,Pending,2026-02-14 18:32:00
ORD103534,2026-04-28,DE,P1013,PG1226,KW10712,793.67,Completed,2026-04-28 05:01:00
ORD103536,2026-05-27,MX,P1026,PG1175,KW11642,573.44,Completed,2026-05-27 09:55:00
ORD103539,2026-03-24,MX,P1027,PG1498,KW11055,1026.71,Pending,2026-03-24 13:40:00
ORD103541,2026-04-08,AU,P1038,PG1484,KW11143,455.1,Completed,2026-04-08 04:32:00
ORD103543,2026-03-25,CA,P1047,PG1368,KW10885,458.05,Completed,2026-03-25 01:31:00
ORD103550,2026-05-21,DE,P1008,PG1239,KW11586,1290.01,Completed,2026-05-21 01:09:00
ORD103551,2026-02-06,CA,P1006,PG1434,KW10174,279.74,Cancelled,2026-02-06 09:40:00
ORD103554,2026-02-28,AU,P1017,PG1264,KW10253,1039.03,Completed,2026-02-28 16:17:00
ORD103556,2026-02-06,CA,P1046,PG1363,KW10187,1341.21,Cancelled,2026-02-06 14:59:00
ORD103559,2026-03-28,MX,P1012,PG1058,KW11581,226.32,Completed,2026-03-28 17:33:00
ORD103562,2026-02-06,US,P1003,PG1007,KW11189,2161.74,Completed,2026-02-06 20:41:00
ORD103563,2026-05-14,IN,P1002,PG1020,KW10780,1055.16,Returned,2026-05-14 11:23:00
ORD103566,2026-04-14,DE,P1049,PG1054,KW10995,3072.82,Returned,2026-04-14 21:33:00
ORD103569,2026-05-29,UK,P1045,PG1203,KW10617,1262.03,Returned,2026-05-29 15:18:00
ORD103571,2026-04-21,US,P1038,PG1147,KW10773,1115.28,Completed,2026-04-21 01:42:00
ORD103572,2026-04-27,JP,P1024,PG1222,KW10805,1028.54,Completed,2026-04-27 16:44:00
ORD103574,2026-02-07,MX,P1028,PG1446,KW11530,1700.5,Completed,2026-02-07 09:32:00
ORD103575,2026-04-28,FR,P1042,PG1086,KW11084,1627.07,Completed,2026-04-28 20:31:00
ORD103579,2026-04-28,BR,P1049,PG1060,KW10863,808.22,Completed,2026-04-28 20:10:00
ORD103580,2026-04-14,JP,P1026,PG1295,KW10418,1120.38,Completed,2026-04-14 05:16:00
ORD103582,2026-05-29,DE,P1044,PG1322,KW10112,491.26,Cancelled,2026-05-29 20:23:00
ORD103583,2026-05-23,JP,P1016,PG1465,KW11733,1003.79,Cancelled,2026-05-23 08:54:00
ORD103588,2026-03-20,FR,P1044,PG1298,KW10863,1627.12,Completed,2026-03-20 03:41:00
ORD103589,2026-03-09,BR,P1003,PG1453,KW11061,240.21,Completed,2026-03-09 18:09:00
ORD103595,2026-04-11,MX,P1034,PG1034,KW10419,710.02,Completed,2026-04-11 15:13:00
ORD103597,2026-04-26,FR,P1022,PG1364,KW10808,704.94,Completed,2026-04-26 06:20:00
ORD103599,2026-03-26,BR,P1011,PG1327,KW11154,300.52,Completed,2026-03-26 00:24:00
ORD103600,2026-02-27,AU,P1018,PG1240,KW10744,1142.7,Cancelled,2026-02-27 16:13:00
ORD103603,2026-04-26,MX,P1008,PG1354,KW11309,1891.14,Cancelled,2026-04-26 20:11:00
ORD103604,2026-02-12,MX,P1003,PG1465,KW10022,561.46,Returned,2026-02-12 02:17:00
ORD103605,2026-04-25,CA,P1005,PG1042,KW11763,1130.86,Returned,2026-04-25 09:19:00
ORD103613,2026-03-16,JP,P1044,PG1311,KW10928,1327.14,Completed,2026-03-16 03:56:00
ORD103616,2026-03-22,FR,P1047,PG1411,KW11352,656.02,Returned,2026-03-22 17:49:00
ORD103618,2026-04-12,FR,P1040,PG1173,KW10449,701.51,Completed,2026-04-12 04:59:00
ORD103622,2026-05-02,DE,P1014,PG1039,KW11948,548.44,Pending,2026-05-02 11:57:00
ORD103623,2026-03-10,AU,P1009,PG1140,KW10911,680.11,Cancelled,2026-03-10 05:09:00
ORD103625,2026-05-13,AU,P1028,PG1191,KW10394,1644.98,Completed,2026-05-13 13:44:00
ORD103628,2026-04-30,DE,P1040,PG1178,KW10499,599.26,Returned,2026-04-30 20:32:00
ORD103631,2026-02-23,JP,P1041,PG1497,KW10918,620.89,Pending,2026-02-23 18:30:00
ORD103632,2026-04-13,MX,P1037,PG1011,KW10316,119.11,Completed,2026-04-13 09:11:00
ORD103634,2026-05-26,CA,P1038,PG1169,KW11987,1576.12,Cancelled,2026-05-26 04:34:00
ORD103636,2026-05-18,BR,P1032,PG1295,KW10480,664.05,Pending,2026-05-18 21:31:00
ORD103638,2026-03-28,MX,P1028,PG1044,KW11094,639.37,Pending,2026-03-28 20:45:00
ORD103639,2026-03-12,DE,P1026,PG1467,KW10119,586.2,Completed,2026-03-12 18:01:00
ORD103641,2026-04-21,IN,P1023,PG1395,KW11021,666.09,Returned,2026-04-21 10:17:00
ORD103644,2026-02-17,JP,P1027,PG1051,KW10984,666.02,Completed,2026-02-17 23:27:00
ORD103645,2026-02-07,MX,P1006,PG1343,KW10628,412.21,Completed,2026-02-07 20:02:00
ORD103649,2026-05-09,AU,P1044,PG1157,KW11487,494.44,Returned,2026-05-09 13:55:00
ORD103656,2026-03-31,DE,P1007,PG1288,KW11101,1314.11,Completed,2026-03-31 15:39:00
ORD103657,2026-03-05,UK,P1027,PG1438,KW11356,1375.22,Pending,2026-03-05 16:26:00
ORD103658,2026-03-04,JP,P1048,PG1439,KW10787,370.84,Pending,2026-03-04 04:31:00
ORD103659,2026-05-14,JP,P1004,PG1329,KW11275,679.71,Completed,2026-05-14 21:14:00
ORD103665,2026-04-04,BR,P1031,PG1167,KW10786,520.31,Completed,2026-04-04 17:35:00
ORD103667,2026-04-28,BR,P1017,PG1341,KW11887,708.96,Completed,2026-04-28 08:44:00
ORD103668,2026-03-03,BR,P1033,PG1011,KW10292,1443.95,Returned,2026-03-03 23:10:00
ORD103671,2026-05-13,CA,P1049,PG1466,KW10452,992.8,Pending,2026-05-13 07:31:00
ORD103674,2026-04-12,IN,P1022,PG1258,KW11692,603.72,Completed,2026-04-12 06:48:00
ORD103676,2026-02-03,IN,P1031,PG1363,KW11011,597.87,Pending,2026-02-03 01:33:00
ORD103678,2026-04-16,MX,P1043,PG1093,KW10891,684.13,Pending,2026-04-16 23:56:00
ORD103679,2026-05-24,CA,P1042,PG1406,KW11854,751.86,Pending,2026-05-24 06:21:00
ORD103680,2026-04-29,FR,P1001,PG1034,KW11124,684.11,Completed,2026-04-29 08:19:00
ORD103681,2026-02-15,US,P1036,PG1325,KW11219,2537.33,Completed,2026-02-15 16:54:00
ORD103682,2026-05-24,UK,P1043,PG1172,KW10928,647.27,Completed,2026-05-24 04:07:00
ORD103684,2026-04-08,CA,P1007,PG1306,KW11751,497.87,Completed,2026-04-08 14:09:00
ORD103686,2026-05-14,MX,P1044,PG1217,KW10659,692.66,Completed,2026-05-14 10:18:00
ORD103692,2026-03-19,JP,P1010,PG1305,KW11774,593.45,Completed,2026-03-19 15:50:00
ORD103696,2026-05-26,FR,P1033,PG1193,KW11767,1411.2,Completed,2026-05-26 04:06:00
ORD103697,2026-05-15,IN,P1014,PG1207,KW10634,688.26,Completed,2026-05-15 17:15:00
ORD103702,2026-03-14,BR,P1048,PG1423,KW11439,276.49,Completed,2026-03-14 09:44:00
ORD103704,2026-05-08,US,P1037,PG1096,KW10198,1079.83,Completed,2026-05-08 08:58:00
ORD103706,2026-05-16,JP,P1004,PG1100,KW10481,647.59,Completed,2026-05-16 21:11:00
ORD103709,2026-05-03,US,P1023,PG1264,KW10030,441.74,Completed,2026-05-03 14:16:00
ORD103716,2026-05-02,BR,P1046,PG1030,KW11594,484.78,Returned,2026-05-02 07:37:00
ORD103722,2026-02-07,AU,P1039,PG1058,KW10844,647.81,Cancelled,2026-02-07 16:54:00
ORD103725,2026-04-23,MX,P1040,PG1305,KW11119,587.54,Completed,2026-04-23 22:15:00
ORD103727,2026-02-11,MX,P1030,PG1306,KW11980,880.99,Cancelled,2026-02-11 16:55:00
ORD103728,2026-02-14,JP,P1018,PG1246,KW10558,339.36,Completed,2026-02-14 19:20:00
ORD103729,2026-03-20,CA,P1005,PG1241,KW11186,1807.12,Completed,2026-03-20 02:22:00
ORD103735,2026-02-14,MX,P1026,PG1307,KW10261,504.51,Returned,2026-02-14 07:46:00
ORD103738,2026-03-06,AU,P1044,PG1293,KW11147,810.66,Cancelled,2026-03-06 13:49:00
ORD103749,2026-03-26,IN,P1032,PG1062,KW10724,530.28,Completed,2026-03-26 20:22:00
ORD103750,2026-03-14,CA,P1015,PG1274,KW11730,1106.0,Completed,2026-03-14 14:30:00
ORD103753,2026-03-24,UK,P1029,PG1070,KW10546,834.8,Returned,2026-03-24 13:19:00
ORD103755,2026-05-18,MX,P1045,PG1398,KW10030,550.83,Cancelled,2026-05-18 16:33:00
ORD103757,2026-05-28,FR,P1022,PG1053,KW11780,987.73,Pending,2026-05-28 03:11:00
ORD103759,2026-05-31,MX,P1041,PG1226,KW11999,379.04,Completed,2026-05-31 15:26:00
ORD103760,2026-04-11,BR,P1033,PG1103,KW11072,512.23,Completed,2026-04-11 09:58:00
ORD103761,2026-04-29,MX,P1001,PG1012,KW10865,1612.44,Pending,2026-04-29 19:59:00
ORD103762,2026-02-06,AU,P1021,PG1232,KW11680,840.65,Completed,2026-02-06 21:26:00
ORD103764,2026-02-14,BR,P1003,PG1215,KW11211,520.13,Completed,2026-02-14 08:45:00
ORD103769,2026-05-31,BR,P1005,PG1366,KW10685,995.28,Returned,2026-05-31 12:22:00
ORD103779,2026-04-14,AU,P1026,PG1075,KW10763,1067.94,Completed,2026-04-14 06:21:00
ORD103780,2026-02-23,FR,P1009,PG1056,KW11668,444.0,Completed,2026-02-23 01:26:00
ORD103783,2026-03-19,BR,P1038,PG1267,KW10691,1116.45,Cancelled,2026-03-19 00:36:00
ORD103786,2026-04-12,IN,P1032,PG1468,KW11356,670.59,Cancelled,2026-04-12 12:04:00
ORD103789,2026-03-02,IN,P1010,PG1474,KW10565,395.55,Completed,2026-03-02 20:38:00
ORD103790,2026-03-16,AU,P1025,PG1077,KW11749,1261.14,Pending,2026-03-16 06:20:00
ORD103791,2026-03-16,CA,P1008,PG1038,KW11286,1526.82,Completed,2026-03-16 16:43:00
ORD103793,2026-04-15,UK,P1007,PG1111,KW11645,1141.51,Pending,2026-04-15 02:53:00
ORD103794,2026-05-02,FR,P1011,PG1326,KW11552,942.32,Completed,2026-05-02 18:22:00
ORD103798,2026-04-20,BR,P1047,PG1317,KW11829,1256.7,Returned,2026-04-20 13:12:00
ORD103804,2026-03-04,CA,P1047,PG1349,KW11877,877.14,Completed,2026-03-04 23:58:00
ORD103816,2026-04-13,JP,P1008,PG1446,KW11792,601.16,Pending,2026-04-13 11:14:00
ORD103821,2026-04-03,JP,P1029,PG1078,KW11940,2084.39,Completed,2026-04-03 03:22:00
ORD103822,2026-05-09,FR,P1005,PG1479,KW11184,920.3,Pending,2026-05-09 23:26:00
ORD103823,2026-03-17,CA,P1018,PG1122,KW10019,761.49,Pending,2026-03-17 18:23:00
ORD103825,2026-04-14,FR,P1005,PG1256,KW11059,1718.69,Cancelled,2026-04-14 18:49:00
ORD103827,2026-05-16,AU,P1031,PG1467,KW11071,643.0,Returned,2026-05-16 05:26:00
ORD103828,2026-02-27,BR,P1003,PG1455,KW10367,1193.39,Pending,2026-02-27 09:07:00
ORD103830,2026-03-24,CA,P1011,PG1428,KW10514,1255.6,Completed,2026-03-24 18:34:00
ORD103832,2026-05-26,AU,P1024,PG1147,KW11927,1122.4,Completed,2026-05-26 06:35:00
ORD103833,2026-02-14,FR,P1015,PG1196,KW11279,529.6,Completed,2026-02-14 06:20:00
ORD103835,2026-04-10,UK,P1029,PG1362,KW10007,1272.63,Completed,2026-04-10 13:27:00
ORD103836,2026-02-25,AU,P1021,PG1073,KW10809,240.38,Pending,2026-02-25 10:37:00
ORD103839,2026-04-27,DE,P1013,PG1491,KW10287,1389.18,Completed,2026-04-27 00:28:00
ORD103845,2026-04-29,MX,P1026,PG1178,KW11634,269.1,Cancelled,2026-04-29 16:36:00
ORD103846,2026-04-09,DE,P1026,PG1475,KW11469,1812.78,Completed,2026-04-09 06:31:00
ORD103848,2026-04-08,MX,P1009,PG1182,KW10292,425.43,Completed,2026-04-08 17:44:00
ORD103850,2026-05-07,MX,P1039,PG1162,KW11711,417.72,Completed,2026-05-07 21:29:00
ORD103853,2026-05-19,IN,P1032,PG1293,KW11653,1241.0,Completed,2026-05-19 18:00:00
ORD103858,2026-03-25,UK,P1034,PG1093,KW10880,1599.11,Returned,2026-03-25 07:53:00
ORD103860,2026-05-15,DE,P1035,PG1294,KW11695,2388.97,Returned,2026-05-15 10:30:00
ORD103867,2026-04-14,UK,P1045,PG1321,KW11189,878.22,Pending,2026-04-14 00:14:00
ORD103869,2026-04-14,BR,P1042,PG1373,KW10280,462.14,Completed,2026-04-14 08:58:00
ORD103872,2026-05-26,US,P1039,PG1345,KW10835,310.34,Cancelled,2026-05-26 18:25:00
ORD103878,2026-03-09,CA,P1012,PG1150,KW10773,332.4,Completed,2026-03-09 01:27:00
ORD103879,2026-04-28,DE,P1041,PG1258,KW11029,985.11,Pending,2026-04-28 15:09:00
ORD103881,2026-03-02,BR,P1026,PG1231,KW10948,692.22,Pending,2026-03-02 21:18:00
ORD103883,2026-03-30,UK,P1001,PG1080,KW11497,1106.99,Pending,2026-03-30 18:35:00
ORD103884,2026-05-24,DE,P1009,PG1386,KW11203,737.53,Cancelled,2026-05-24 13:06:00
ORD103886,2026-02-19,BR,P1003,PG1051,KW11131,970.47,Completed,2026-02-19 00:20:00
ORD103888,2026-04-07,UK,P1036,PG1464,KW10091,1139.74,Completed,2026-04-07 11:05:00
ORD103889,2026-03-16,BR,P1015,PG1319,KW10092,1355.83,Completed,2026-03-16 09:50:00
ORD103890,2026-03-11,FR,P1009,PG1311,KW10109,687.25,Returned,2026-03-11 03:10:00
ORD103893,2026-04-06,US,P1031,PG1393,KW11735,1231.0,Pending,2026-04-06 04:49:00
ORD103894,2026-05-26,JP,P1009,PG1140,KW11998,689.03,Returned,2026-05-26 20:47:00
ORD103903,2026-04-23,JP,P1047,PG1432,KW10435,307.02,Completed,2026-04-23 21:40:00
ORD103907,2026-03-06,CA,P1034,PG1437,KW10960,1016.49,Returned,2026-03-06 17:32:00
ORD103912,2026-04-27,US,P1049,PG1203,KW11224,1752.89,Cancelled,2026-04-27 11:26:00
ORD103914,2026-05-08,AU,P1044,PG1309,KW11172,1547.04,Returned,2026-05-08 13:41:00
ORD103916,2026-02-21,UK,P1041,PG1216,KW10103,1315.17,Completed,2026-02-21 00:02:00
ORD103920,2026-05-11,MX,P1004,PG1004,KW11197,722.82,Completed,2026-05-11 05:10:00
ORD103924,2026-03-04,JP,P1004,PG1179,KW11030,781.52,Completed,2026-03-04 02:08:00
ORD103929,2026-04-08,MX,P1009,PG1065,KW11407,692.25,Returned,2026-04-08 07:51:00
ORD103930,2026-02-01,CA,P1010,PG1038,KW11627,1103.13,Completed,2026-02-01 22:30:00
ORD103935,2026-04-04,DE,P1041,PG1029,KW10673,409.92,Cancelled,2026-04-04 09:20:00
ORD103937,2026-02-10,CA,P1014,PG1185,KW10523,207.77,Completed,2026-02-10 19:58:00
ORD103940,2026-03-02,US,P1035,PG1359,KW11176,621.62,Cancelled,2026-03-02 06:59:00
ORD103942,2026-05-04,BR,P1012,PG1052,KW10628,1310.51,Returned,2026-05-04 00:07:00
ORD103946,2026-03-26,DE,P1031,PG1378,KW11461,373.95,Pending,2026-03-26 17:48:00
ORD103951,2026-04-25,IN,P1001,PG1286,KW10690,687.14,Cancelled,2026-04-25 00:05:00
ORD103959,2026-03-22,IN,P1025,PG1461,KW10574,1171.73,Completed,2026-03-22 19:14:00
ORD103962,2026-04-04,US,P1010,PG1313,KW11269,699.62,Completed,2026-04-04 19:56:00
ORD103963,2026-02-11,IN,P1028,PG1192,KW10848,645.71,Pending,2026-02-11 07:10:00
ORD103966,2026-02-16,MX,P1003,PG1116,KW10185,830.92,Completed,2026-02-16 23:10:00
ORD103968,2026-03-14,CA,P1039,PG1237,KW10722,1224.6,Pending,2026-03-14 00:04:00
ORD103970,2026-05-11,MX,P1049,PG1158,KW11203,993.34,Completed,2026-05-11 11:00:00
ORD103971,2026-05-01,JP,P1005,PG1200,KW10208,329.02,Pending,2026-05-01 13:09:00
ORD103972,2026-04-17,JP,P1015,PG1395,KW11172,1083.16,Cancelled,2026-04-17 05:02:00
ORD103974,2026-04-09,DE,P1042,PG1071,KW10834,308.12,Completed,2026-04-09 04:33:00
ORD103975,2026-05-14,JP,P1001,PG1121,KW11775,835.51,Returned,2026-05-14 08:27:00
ORD103977,2026-05-16,AU,P1044,PG1365,KW11193,710.33,Pending,2026-05-16 01:58:00
ORD103983,2026-02-18,DE,P1003,PG1383,KW11250,988.89,Returned,2026-02-18 22:51:00
ORD103987,2026-04-28,MX,P1043,PG1427,KW11936,770.94,Cancelled,2026-04-28 09:42:00
ORD103991,2026-05-30,US,P1014,PG1144,KW11139,654.91,Pending,2026-05-30 14:24:00
ORD103993,2026-02-21,FR,P1049,PG1064,KW11951,900.08,Returned,2026-02-21 04:12:00
ORD103994,2026-04-20,MX,P1012,PG1439,KW10253,337.27,Completed,2026-04-20 00:11:00
ORD103998,2026-03-03,JP,P1018,PG1352,KW11603,1104.86,Completed,2026-03-03 22:17:00
ORD104000,2026-05-22,CA,P1041,PG1240,KW10257,501.79,Completed,2026-05-22 08:21:00
ORD104003,2026-05-10,JP,P1026,PG1148,KW11184,902.83,Completed,2026-05-10 18:33:00
ORD104007,2026-03-22,DE,P1017,PG1036,KW10858,1193.18,Completed,2026-03-22 10:06:00
ORD104010,2026-04-06,DE,P1035,PG1113,KW11977,862.42,Completed,2026-04-06 05:39:00
ORD104012,2026-04-27,JP,P1032,PG1063,KW11346,3019.74,Cancelled,2026-04-27 19:52:00
ORD104021,2026-04-02,BR,P1040,PG1165,KW11784,295.88,Cancelled,2026-04-02 02:34:00
ORD104022,2026-04-15,US,P1002,PG1252,KW10792,963.01,Completed,2026-04-15 13:57:00
ORD104027,2026-05-20,BR,P1031,PG1020,KW11922,1537.07,Completed,2026-05-20 23:26:00
ORD104028,2026-03-28,DE,P1020,PG1308,KW10244,1038.93,Cancelled,2026-03-28 20:50:00
ORD104029,2026-04-29,IN,P1014,PG1016,KW11933,517.18,Pending,2026-04-29 07:48:00
ORD104037,2026-03-16,JP,P1026,PG1430,KW10010,1266.62,Pending,2026-03-16 23:53:00
ORD104042,2026-03-19,DE,P1006,PG1186,KW10835,625.77,Completed,2026-03-19 13:14:00
ORD104044,2026-02-10,IN,P1002,PG1305,KW11366,851.62,Cancelled,2026-02-10 00:30:00
ORD104046,2026-03-29,CA,P1011,PG1436,KW11513,1349.06,Cancelled,2026-03-29 21:58:00
ORD104048,2026-04-03,UK,P1024,PG1047,KW10953,793.61,Completed,2026-04-03 07:29:00
ORD104050,2026-02-16,FR,P1047,PG1406,KW11798,1133.27,Completed,2026-02-16 12:31:00
ORD104055,2026-02-18,AU,P1002,PG1426,KW10401,1559.56,Pending,2026-02-18 17:36:00
ORD104057,2026-04-29,BR,P1028,PG1361,KW10593,421.8,Completed,2026-04-29 10:56:00
ORD104058,2026-02-03,FR,P1045,PG1267,KW11911,1769.34,Cancelled,2026-02-03 19:47:00
ORD104065,2026-03-20,MX,P1048,PG1313,KW10668,870.55,Completed,2026-03-20 06:42:00
ORD104068,2026-03-03,IN,P1013,PG1224,KW10298,484.14,Returned,2026-03-03 23:45:00
ORD104069,2026-04-19,JP,P1027,PG1423,KW11962,615.38,Completed,2026-04-19 01:03:00
ORD104073,2026-02-07,BR,P1042,PG1231,KW10344,411.2,Returned,2026-02-07 22:16:00
ORD104074,2026-04-22,MX,P1030,PG1362,KW10894,690.59,Completed,2026-04-22 08:00:00
ORD104079,2026-03-11,UK,P1041,PG1232,KW11192,1035.79,Completed,2026-03-11 00:43:00
ORD104084,2026-04-29,US,P1013,PG1467,KW11615,1776.82,Completed,2026-04-29 23:10:00
ORD104086,2026-04-12,DE,P1032,PG1023,KW11798,383.18,Completed,2026-04-12 21:38:00
ORD104092,2026-03-19,AU,P1004,PG1239,KW10106,1152.25,Completed,2026-03-19 17:04:00
ORD104104,2026-02-22,UK,P1008,PG1081,KW11268,2043.94,Completed,2026-02-22 03:26:00
ORD104106,2026-02-01,FR,P1021,PG1324,KW11444,1451.65,Completed,2026-02-01 07:18:00
ORD104107,2026-03-21,IN,P1019,PG1157,KW11378,689.74,Completed,2026-03-21 23:09:00
ORD104108,2026-04-01,US,P1036,PG1432,KW10942,1955.26,Completed,2026-04-01 01:48:00
ORD104113,2026-03-24,AU,P1032,PG1429,KW10734,931.2,Completed,2026-03-24 15:43:00
ORD104119,2026-05-12,DE,P1019,PG1339,KW11631,1305.13,Completed,2026-05-12 23:39:00
ORD104125,2026-02-11,BR,P1037,PG1486,KW10779,2493.55,Completed,2026-02-11 04:02:00
ORD104128,2026-04-07,IN,P1050,PG1110,KW10623,1293.64,Cancelled,2026-04-07 23:27:00
ORD104130,2026-03-14,BR,P1011,PG1308,KW10247,685.85,Pending,2026-03-14 23:10:00
ORD104131,2026-05-31,BR,P1038,PG1214,KW10085,429.78,Returned,2026-05-31 05:32:00
ORD104135,2026-04-28,IN,P1026,PG1115,KW10948,440.75,Completed,2026-04-28 22:24:00
ORD104138,2026-05-31,CA,P1035,PG1280,KW10035,557.34,Completed,2026-05-31 22:23:00
ORD104141,2026-05-01,FR,P1031,PG1232,KW10031,866.45,Completed,2026-05-01 10:53:00
ORD104145,2026-05-14,JP,P1039,PG1185,KW11794,506.89,Cancelled,2026-05-14 14:39:00
ORD104147,2026-03-02,FR,P1046,PG1353,KW10359,715.06,Returned,2026-03-02 23:23:00
ORD104158,2026-05-13,MX,P1026,PG1175,KW10531,767.57,Completed,2026-05-13 17:55:00
ORD104161,2026-03-05,US,P1031,PG1042,KW11403,656.88,Completed,2026-03-05 05:18:00
ORD104166,2026-05-31,AU,P1036,PG1305,KW11227,3061.46,Returned,2026-05-31 06:21:00
ORD104168,2026-03-10,FR,P1046,PG1058,KW11250,389.63,Returned,2026-03-10 10:44:00
ORD104172,2026-05-20,IN,P1008,PG1047,KW10337,258.96,Completed,2026-05-20 06:45:00
ORD104183,2026-02-11,MX,P1023,PG1288,KW11574,236.18,Completed,2026-02-11 21:11:00
ORD104184,2026-04-08,FR,P1026,PG1429,KW11532,6606.2,Completed,2026-04-08 09:29:00
ORD104189,2026-03-30,MX,P1028,PG1471,KW10877,795.4,Pending,2026-03-30 09:00:00
ORD104192,2026-05-23,FR,P1013,PG1455,KW10388,310.75,Cancelled,2026-05-23 18:37:00
ORD104196,2026-04-13,CA,P1047,PG1095,KW11430,1337.95,Returned,2026-04-13 17:47:00
ORD104197,2026-02-02,US,P1016,PG1403,KW10569,1899.74,Completed,2026-02-02 21:45:00
ORD104198,2026-05-01,MX,P1037,PG1453,KW11259,2511.17,Completed,2026-05-01 01:53:00
ORD104200,2026-05-08,BR,P1042,PG1200,KW11004,1320.66,Completed,2026-05-08 14:52:00
ORD104201,2026-02-18,MX,P1001,PG1111,KW11409,1258.61,Completed,2026-02-18 22:22:00
ORD104202,2026-04-22,BR,P1049,PG1209,KW11335,1749.11,Completed,2026-04-22 04:17:00
ORD104203,2026-05-24,FR,P1023,PG1379,KW11220,1314.6,Completed,2026-05-24 16:44:00
ORD104204,2026-03-23,FR,P1050,PG1005,KW10724,1101.02,Returned,2026-03-23 12:53:00
ORD104205,2026-05-12,IN,P1046,PG1352,KW10679,1114.21,Completed,2026-05-12 23:37:00
ORD104212,2026-05-12,FR,P1030,PG1451,KW11340,1294.76,Pending,2026-05-12 09:52:00
ORD104217,2026-04-25,AU,P1029,PG1008,KW10540,314.0,Returned,2026-04-25 07:40:00
ORD104224,2026-05-11,IN,P1044,PG1016,KW11335,338.99,Pending,2026-05-11 13:56:00
ORD104229,2026-04-25,MX,P1020,PG1115,KW11858,530.8,Cancelled,2026-04-25 23:18:00
ORD104230,2026-04-29,BR,P1002,PG1033,KW11254,1230.31,Pending,2026-04-29 01:35:00
ORD104237,2026-03-04,DE,P1013,PG1057,KW11191,1422.06,Cancelled,2026-03-04 12:59:00
ORD104238,2026-05-06,US,P1022,PG1239,KW10980,930.19,Completed,2026-05-06 05:04:00
ORD104239,2026-04-10,BR,P1037,PG1130,KW11244,1459.67,Returned,2026-04-10 00:25:00
ORD104240,2026-03-18,IN,P1002,PG1145,KW11929,2797.06,Pending,2026-03-18 01:23:00
ORD104241,2026-05-25,BR,P1021,PG1346,KW11444,936.27,Pending,2026-05-25 20:06:00
ORD104243,2026-05-29,FR,P1044,PG1459,KW10911,437.22,Cancelled,2026-05-29 11:28:00
ORD104245,2026-03-27,AU,P1042,PG1427,KW11536,803.2,Cancelled,2026-03-27 01:36:00
ORD104250,2026-02-11,FR,P1031,PG1254,KW11984,1218.07,Completed,2026-02-11 09:15:00
ORD104253,2026-03-12,UK,P1017,PG1326,KW11412,1165.85,Completed,2026-03-12 22:02:00
ORD104257,2026-02-06,IN,P1028,PG1164,KW10044,266.29,Completed,2026-02-06 16:18:00
ORD104258,2026-03-21,FR,P1016,PG1423,KW10975,422.94,Cancelled,2026-03-21 07:27:00
ORD104263,2026-03-28,CA,P1029,PG1189,KW11229,596.82,Completed,2026-03-28 13:54:00
ORD104267,2026-03-08,JP,P1049,PG1307,KW10357,524.41,Completed,2026-03-08 16:08:00
ORD104269,2026-04-19,CA,P1018,PG1212,KW11471,373.26,Cancelled,2026-04-19 09:28:00
ORD104272,2026-05-12,CA,P1010,PG1424,KW11605,413.96,Returned,2026-05-12 02:13:00
ORD104273,2026-03-16,JP,P1044,PG1383,KW11441,922.87,Completed,2026-03-16 15:43:00
ORD104274,2026-04-06,MX,P1046,PG1133,KW11280,1990.15,Completed,2026-04-06 02:06:00
ORD104277,2026-04-23,AU,P1026,PG1395,KW11260,1250.07,Pending,2026-04-23 22:24:00
ORD104290,2026-02-18,IN,P1034,PG1397,KW11912,1038.99,Cancelled,2026-02-18 21:40:00
ORD104291,2026-03-06,AU,P1014,PG1121,KW11877,580.79,Completed,2026-03-06 13:51:00
ORD104292,2026-03-29,AU,P1046,PG1274,KW11743,805.58,Completed,2026-03-29 21:45:00
ORD104293,2026-04-24,CA,P1014,PG1116,KW10889,577.08,Pending,2026-04-24 15:17:00
ORD104294,2026-03-22,US,P1024,PG1395,KW10503,517.03,Pending,2026-03-22 11:31:00
ORD104297,2026-05-31,MX,P1016,PG1394,KW10646,411.18,Returned,2026-05-31 01:10:00
ORD104298,2026-04-12,DE,P1007,PG1086,KW11087,1484.57,Returned,2026-04-12 23:51:00
ORD104299,2026-03-28,UK,P1039,PG1445,KW11153,390.17,Completed,2026-03-28 17:36:00
ORD104303,2026-03-13,DE,P1020,PG1345,KW10800,658.43,Cancelled,2026-03-13 23:45:00
ORD104304,2026-02-09,FR,P1023,PG1199,KW11531,1405.22,Completed,2026-02-09 19:11:00
ORD104308,2026-03-07,FR,P1006,PG1367,KW10566,468.29,Pending,2026-03-07 12:29:00
ORD104309,2026-05-13,UK,P1036,PG1370,KW10054,568.46,Completed,2026-05-13 09:03:00
ORD104310,2026-02-03,FR,P1038,PG1085,KW11628,1002.76,Cancelled,2026-02-03 06:02:00
ORD104314,2026-03-12,US,P1006,PG1316,KW11844,882.56,Cancelled,2026-03-12 10:40:00
ORD104316,2026-05-01,AU,P1037,PG1482,KW10544,2071.18,Completed,2026-05-01 09:03:00
ORD104322,2026-05-15,DE,P1030,PG1362,KW10958,460.02,Completed,2026-05-15 06:13:00
ORD104323,2026-05-16,UK,P1027,PG1069,KW10350,542.69,Completed,2026-05-16 08:22:00
ORD104325,2026-04-01,US,P1029,PG1269,KW10709,3070.54,Completed,2026-04-01 08:43:00
ORD104334,2026-02-17,DE,P1035,PG1432,KW11186,2834.19,Cancelled,2026-02-17 10:30:00
ORD104335,2026-03-21,CA,P1013,PG1219,KW10839,825.34,Completed,2026-03-21 09:10:00
ORD104336,2026-02-04,CA,P1035,PG1414,KW10926,1085.05,Returned,2026-02-04 19:48:00
ORD104342,2026-02-08,US,P1039,PG1421,KW10328,700.52,Returned,2026-02-08 00:54:00
ORD104344,2026-02-01,US,P1036,PG1311,KW11870,804.81,Completed,2026-02-01 15:25:00
ORD104345,2026-02-04,IN,P1011,PG1096,KW10830,486.85,Completed,2026-02-04 17:11:00
ORD104364,2026-02-17,DE,P1028,PG1391,KW10381,464.73,Cancelled,2026-02-17 06:42:00
ORD104367,2026-02-05,CA,P1023,PG1297,KW10549,898.78,Returned,2026-02-05 06:11:00
ORD104368,2026-02-24,CA,P1028,PG1488,KW11476,434.32,Cancelled,2026-02-24 14:03:00
ORD104369,2026-02-23,BR,P1049,PG1321,KW11700,1115.64,Returned,2026-02-23 03:25:00
ORD104371,2026-04-10,UK,P1042,PG1243,KW11214,1776.47,Pending,2026-04-10 08:01:00
ORD104373,2026-03-26,US,P1013,PG1214,KW10778,714.61,Pending,2026-03-26 05:25:00
ORD104374,2026-05-01,CA,P1007,PG1176,KW11301,2404.45,Returned,2026-05-01 09:42:00
ORD104375,2026-02-08,BR,P1035,PG1220,KW10379,993.97,Completed,2026-02-08 04:39:00
ORD104383,2026-04-30,DE,P1009,PG1433,KW10611,1683.25,Cancelled,2026-04-30 19:20:00
ORD104385,2026-05-04,BR,P1029,PG1185,KW11539,833.71,Completed,2026-05-04 16:30:00
ORD104387,2026-02-25,FR,P1035,PG1041,KW11225,2800.16,Pending,2026-02-25 10:50:00
ORD104388,2026-05-18,FR,P1049,PG1134,KW10158,1149.5,Completed,2026-05-18 18:41:00
ORD104389,2026-04-08,JP,P1013,PG1032,KW10605,963.41,Returned,2026-04-08 16:45:00
ORD104390,2026-02-24,UK,P1047,PG1461,KW10642,871.23,Pending,2026-02-24 01:30:00
ORD104392,2026-04-24,CA,P1030,PG1218,KW10272,1993.66,Returned,2026-04-24 20:13:00
ORD104393,2026-04-18,UK,P1009,PG1362,KW11003,740.58,Cancelled,2026-04-18 19:00:00
ORD104395,2026-02-06,DE,P1001,PG1006,KW11047,507.53,Returned,2026-02-06 12:22:00
ORD104398,2026-05-30,BR,P1041,PG1441,KW11506,421.82,Completed,2026-05-30 22:14:00
ORD104400,2026-04-06,BR,P1035,PG1002,KW10572,746.62,Completed,2026-04-06 04:42:00
ORD104404,2026-05-31,US,P1016,PG1455,KW11371,522.08,Returned,2026-05-31 00:46:00
ORD104409,2026-02-07,JP,P1009,PG1067,KW11309,1303.83,Completed,2026-02-07 02:12:00
ORD104411,2026-02-23,AU,P1030,PG1353,KW10941,1137.87,Cancelled,2026-02-23 11:55:00
ORD104416,2026-02-19,JP,P1025,PG1097,KW10414,597.6,Pending,2026-02-19 15:22:00
ORD104419,2026-03-20,AU,P1027,PG1499,KW10755,527.07,Pending,2026-03-20 18:05:00
ORD104420,2026-04-10,IN,P1030,PG1138,KW11860,1215.07,Completed,2026-04-10 21:09:00
ORD104422,2026-02-06,DE,P1027,PG1038,KW10571,571.23,Returned,2026-02-06 20:20:00
ORD104426,2026-05-04,UK,P1037,PG1014,KW10885,811.08,Cancelled,2026-05-04 06:05:00
ORD104427,2026-03-30,MX,P1006,PG1143,KW11315,1342.14,Completed,2026-03-30 13:59:00
ORD104428,2026-05-13,JP,P1031,PG1301,KW11263,1434.29,Cancelled,2026-05-13 19:03:00
ORD104429,2026-03-15,US,P1048,PG1024,KW10896,1634.16,Completed,2026-03-15 06:12:00
ORD104430,2026-05-30,CA,P1038,PG1347,KW11018,1294.0,Returned,2026-05-30 07:33:00
ORD104432,2026-02-28,UK,P1047,PG1225,KW10735,369.81,Completed,2026-02-28 07:23:00
ORD104434,2026-02-25,UK,P1022,PG1085,KW11394,383.25,Cancelled,2026-02-25 02:29:00
ORD104442,2026-03-02,CA,P1011,PG1148,KW11336,744.98,Cancelled,2026-03-02 11:40:00
ORD104443,2026-05-14,BR,P1029,PG1445,KW10615,902.76,Cancelled,2026-05-14 12:18:00
ORD104444,2026-02-13,CA,P1007,PG1380,KW11222,1408.9,Completed,2026-02-13 23:28:00
ORD104448,2026-02-25,MX,P1008,PG1092,KW10547,2925.57,Pending,2026-02-25 00:34:00
ORD104449,2026-04-05,IN,P1006,PG1033,KW11501,507.79,Completed,2026-04-05 21:44:00
ORD104450,2026-02-14,US,P1010,PG1319,KW10622,541.18,Returned,2026-02-14 10:26:00
ORD104451,2026-05-07,IN,P1002,PG1034,KW10863,1108.75,Returned,2026-05-07 19:46:00
ORD104452,2026-04-07,US,P1043,PG1492,KW11703,816.67,Pending,2026-04-07 08:48:00
ORD104454,2026-04-19,US,P1021,PG1185,KW11762,965.64,Pending,2026-04-19 14:56:00
ORD104455,2026-05-21,AU,P1013,PG1466,KW10375,273.56,Completed,2026-05-21 05:56:00
ORD104456,2026-05-16,FR,P1017,PG1085,KW11951,711.73,Completed,2026-05-16 02:51:00
ORD104459,2026-05-06,AU,P1035,PG1155,KW11822,657.07,Completed,2026-05-06 13:25:00
ORD104460,2026-02-11,CA,P1002,PG1128,KW10218,1457.06,Cancelled,2026-02-11 17:01:00
ORD104462,2026-03-22,DE,P1020,PG1053,KW11710,677.93,Returned,2026-03-22 17:24:00
ORD104463,2026-03-07,AU,P1005,PG1446,KW11948,718.85,Completed,2026-03-07 12:03:00
ORD104471,2026-03-03,UK,P1037,PG1480,KW10559,1809.55,Completed,2026-03-03 16:50:00
ORD104480,2026-03-30,MX,P1025,PG1351,KW10520,836.76,Pending,2026-03-30 05:01:00
ORD104482,2026-02-16,DE,P1038,PG1473,KW10661,1998.02,Pending,2026-02-16 19:08:00
ORD104484,2026-02-16,JP,P1036,PG1023,KW10708,1594.51,Completed,2026-02-16 17:55:00
ORD104487,2026-03-22,FR,P1038,PG1346,KW11630,773.87,Completed,2026-03-22 16:39:00
ORD104489,2026-03-28,US,P1030,PG1334,KW11759,982.58,Completed,2026-03-28 18:31:00
ORD104494,2026-05-25,MX,P1022,PG1220,KW11781,412.4,Returned,2026-05-25 05:12:00
ORD104496,2026-05-20,IN,P1001,PG1303,KW10698,152.2,Returned,2026-05-20 15:11:00
ORD104497,2026-05-03,US,P1026,PG1380,KW10811,663.84,Pending,2026-05-03 15:07:00
ORD104498,2026-04-17,IN,P1001,PG1249,KW11135,837.03,Cancelled,2026-04-17 22:34:00
ORD104503,2026-02-24,AU,P1044,PG1056,KW11319,373.62,Cancelled,2026-02-24 19:59:00
ORD104508,2026-04-05,US,P1018,PG1461,KW11497,801.62,Completed,2026-04-05 17:57:00
ORD104509,2026-03-09,MX,P1010,PG1226,KW10836,376.58,Completed,2026-03-09 03:29:00
ORD104510,2026-05-12,MX,P1038,PG1398,KW10338,2517.41,Completed,2026-05-12 05:30:00
ORD104515,2026-03-17,UK,P1013,PG1030,KW10801,494.65,Completed,2026-03-17 02:26:00
ORD104517,2026-04-21,BR,P1020,PG1426,KW10473,942.48,Returned,2026-04-21 01:03:00
ORD104518,2026-05-30,MX,P1024,PG1190,KW10354,805.18,Pending,2026-05-30 13:21:00
ORD104519,2026-04-11,FR,P1005,PG1094,KW11269,723.58,Returned,2026-04-11 05:43:00
ORD104520,2026-03-21,FR,P1009,PG1085,KW10494,2129.84,Completed,2026-03-21 00:28:00
ORD104523,2026-02-23,AU,P1005,PG1440,KW10789,1820.85,Returned,2026-02-23 08:22:00
ORD104526,2026-02-27,CA,P1031,PG1422,KW10639,1173.38,Returned,2026-02-27 10:26:00
ORD104527,2026-05-14,BR,P1003,PG1130,KW11703,925.54,Completed,2026-05-14 14:22:00
ORD104528,2026-03-02,JP,P1005,PG1430,KW10399,488.6,Completed,2026-03-02 04:39:00
ORD104531,2026-03-05,FR,P1035,PG1352,KW10110,1000.6,Returned,2026-03-05 12:18:00
ORD104532,2026-02-03,UK,P1033,PG1205,KW11050,1531.87,Completed,2026-02-03 23:51:00
ORD104536,2026-03-03,FR,P1028,PG1164,KW11895,1022.78,Completed,2026-03-03 12:32:00
ORD104537,2026-04-19,FR,P1039,PG1391,KW10526,808.3,Returned,2026-04-19 08:10:00
ORD104540,2026-04-15,IN,P1019,PG1129,KW11252,927.88,Completed,2026-04-15 16:48:00
ORD104546,2026-03-19,US,P1015,PG1309,KW11796,729.16,Cancelled,2026-03-19 20:31:00
ORD104549,2026-04-20,AU,P1049,PG1259,KW10517,1131.98,Cancelled,2026-04-20 07:33:00
ORD104551,2026-05-22,CA,P1030,PG1159,KW10373,1169.23,Completed,2026-05-22 07:05:00
ORD104552,2026-03-09,FR,P1018,PG1257,KW10441,1039.26,Pending,2026-03-09 01:18:00
ORD104554,2026-02-02,UK,P1024,PG1153,KW10054,583.64,Completed,2026-02-02 18:44:00
ORD104556,2026-05-06,UK,P1025,PG1048,KW11830,1837.22,Pending,2026-05-06 07:10:00
ORD104563,2026-03-08,AU,P1003,PG1322,KW10116,1567.81,Cancelled,2026-03-08 16:16:00
ORD104564,2026-02-05,JP,P1044,PG1181,KW10483,555.8,Completed,2026-02-05 23:07:00
ORD104565,2026-04-06,IN,P1016,PG1241,KW11251,1725.98,Pending,2026-04-06 19:13:00
ORD104571,2026-05-30,JP,P1013,PG1184,KW10210,1082.98,Completed,2026-05-30 02:12:00
ORD104573,2026-03-01,MX,P1043,PG1201,KW11737,163.13,Returned,2026-03-01 10:50:00
ORD104576,2026-02-25,UK,P1044,PG1435,KW10200,2873.9,Completed,2026-02-25 12:44:00
ORD104583,2026-05-12,IN,P1010,PG1033,KW11993,839.51,Cancelled,2026-05-12 20:19:00
ORD104589,2026-05-24,US,P1009,PG1260,KW11608,1369.37,Completed,2026-05-24 10:43:00
ORD104590,2026-02-12,AU,P1032,PG1402,KW10745,690.89,Completed,2026-02-12 02:39:00
ORD104591,2026-03-04,CA,P1017,PG1055,KW11329,1109.31,Cancelled,2026-03-04 23:39:00
ORD104596,2026-02-25,MX,P1012,PG1407,KW11661,1196.56,Returned,2026-02-25 16:06:00
ORD104597,2026-05-25,US,P1049,PG1093,KW10590,801.2,Completed,2026-05-25 23:21:00
ORD104599,2026-02-13,MX,P1042,PG1497,KW11920,878.64,Returned,2026-02-13 01:42:00
ORD104602,2026-05-14,JP,P1004,PG1204,KW10597,803.33,Returned,2026-05-14 19:16:00
ORD104603,2026-04-16,MX,P1029,PG1465,KW11578,960.29,Pending,2026-04-16 03:04:00
ORD104610,2026-03-27,MX,P1044,PG1212,KW10910,601.56,Completed,2026-03-27 23:03:00
ORD104612,2026-02-23,CA,P1044,PG1080,KW10236,726.45,Cancelled,2026-02-23 17:53:00
ORD104615,2026-03-25,US,P1032,PG1460,KW10688,2062.11,Cancelled,2026-03-25 18:54:00
ORD104621,2026-02-23,IN,P1034,PG1465,KW11756,1676.88,Pending,2026-02-23 09:52:00
ORD104622,2026-03-05,BR,P1024,PG1459,KW10368,426.26,Cancelled,2026-03-05 11:37:00
ORD104623,2026-03-29,IN,P1024,PG1363,KW10531,935.94,Completed,2026-03-29 10:39:00
ORD104631,2026-05-28,MX,P1016,PG1039,KW10674,758.93,Completed,2026-05-28 02:08:00
ORD104636,2026-05-03,BR,P1048,PG1127,KW11830,358.57,Cancelled,2026-05-03 11:15:00
ORD104640,2026-03-21,BR,P1049,PG1443,KW10790,850.0,Cancelled,2026-03-21 13:17:00
ORD104644,2026-05-22,MX,P1041,PG1397,KW11814,913.87,Pending,2026-05-22 03:06:00
ORD104645,2026-04-01,US,P1003,PG1267,KW11489,523.06,Completed,2026-04-01 02:32:00
ORD104647,2026-02-15,IN,P1022,PG1160,KW10838,1185.53,Completed,2026-02-15 01:40:00
ORD104648,2026-02-06,BR,P1018,PG1297,KW11304,797.72,Returned,2026-02-06 13:30:00
ORD104650,2026-03-17,UK,P1021,PG1064,KW11173,1472.12,Cancelled,2026-03-17 14:56:00
ORD104655,2026-02-13,MX,P1045,PG1188,KW10952,839.27,Completed,2026-02-13 13:36:00
ORD104656,2026-03-29,BR,P1028,PG1376,KW10720,2456.49,Returned,2026-03-29 06:40:00
ORD104658,2026-04-16,UK,P1031,PG1269,KW10494,638.22,Returned,2026-04-16 04:58:00
ORD104662,2026-05-06,CA,P1044,PG1339,KW10334,911.17,Completed,2026-05-06 13:53:00
ORD104664,2026-02-21,IN,P1022,PG1042,KW11938,2596.86,Returned,2026-02-21 16:29:00
ORD104667,2026-03-30,CA,P1001,PG1056,KW11368,837.74,Completed,2026-03-30 07:29:00
ORD104668,2026-04-26,AU,P1014,PG1453,KW11502,256.13,Returned,2026-04-26 01:36:00
ORD104670,2026-03-27,JP,P1040,PG1470,KW11187,1214.25,Completed,2026-03-27 09:58:00
ORD104686,2026-02-06,BR,P1042,PG1066,KW10374,1292.98,Returned,2026-02-06 14:17:00
ORD104689,2026-02-28,US,P1025,PG1332,KW10577,548.29,Completed,2026-02-28 05:44:00
ORD104690,2026-04-26,US,P1023,PG1334,KW10015,521.84,Returned,2026-04-26 19:41:00
ORD104693,2026-03-11,MX,P1003,PG1282,KW10944,253.56,Completed,2026-03-11 07:29:00
ORD104695,2026-05-04,BR,P1016,PG1267,KW10489,1544.65,Cancelled,2026-05-04 23:53:00
ORD104698,2026-04-02,FR,P1022,PG1464,KW11192,614.79,Cancelled,2026-04-02 01:17:00
ORD104704,2026-05-10,US,P1017,PG1272,KW11300,716.96,Completed,2026-05-10 17:17:00
ORD104710,2026-02-22,CA,P1047,PG1400,KW11380,813.31,Completed,2026-02-22 14:01:00
ORD104713,2026-03-17,DE,P1028,PG1251,KW11985,632.33,Completed,2026-03-17 16:33:00
ORD104714,2026-02-22,CA,P1006,PG1308,KW10364,940.52,Returned,2026-02-22 09:44:00
ORD104715,2026-04-07,US,P1013,PG1213,KW11146,372.29,Cancelled,2026-04-07 23:03:00
ORD104716,2026-04-12,FR,P1020,PG1303,KW10126,522.95,Returned,2026-04-12 20:50:00
ORD104720,2026-04-19,UK,P1045,PG1249,KW10441,880.32,Pending,2026-04-19 21:01:00
ORD104721,2026-02-27,BR,P1039,PG1038,KW11696,517.88,Pending,2026-02-27 10:11:00
ORD104722,2026-03-26,CA,P1014,PG1068,KW10228,2155.23,Returned,2026-03-26 21:57:00
ORD104727,2026-05-27,DE,P1046,PG1238,KW11167,658.01,Completed,2026-05-27 09:08:00
ORD104728,2026-04-04,BR,P1022,PG1488,KW10679,338.86,Cancelled,2026-04-04 10:31:00
ORD104729,2026-03-20,UK,P1039,PG1054,KW10071,361.86,Completed,2026-03-20 19:23:00
ORD104730,2026-04-28,FR,P1030,PG1187,KW11104,327.78,Completed,2026-04-28 12:05:00
ORD104732,2026-03-19,AU,P1012,PG1371,KW11225,1550.93,Completed,2026-03-19 00:28:00
ORD104734,2026-05-28,JP,P1004,PG1165,KW10077,905.92,Completed,2026-05-28 22:21:00
ORD104737,2026-05-16,FR,P1043,PG1470,KW11112,663.24,Completed,2026-05-16 19:58:00
ORD104745,2026-03-31,FR,P1047,PG1163,KW11626,789.44,Cancelled,2026-03-31 03:09:00
ORD104749,2026-05-25,BR,P1022,PG1082,KW11114,992.56,Completed,2026-05-25 20:13:00
ORD104752,2026-02-10,UK,P1010,PG1121,KW10066,1036.22,Completed,2026-02-10 08:41:00
ORD104753,2026-05-01,FR,P1029,PG1148,KW10158,823.89,Completed,2026-05-01 11:03:00
ORD104757,2026-04-23,JP,P1039,PG1254,KW10115,282.18,Returned,2026-04-23 15:15:00
ORD104758,2026-03-28,MX,P1040,PG1423,KW10831,395.27,Completed,2026-03-28 22:53:00
ORD104761,2026-04-10,AU,P1013,PG1215,KW11163,1357.37,Completed,2026-04-10 21:47:00
ORD104763,2026-05-12,CA,P1034,PG1440,KW10858,694.25,Completed,2026-05-12 08:31:00
ORD104765,2026-04-08,BR,P1007,PG1160,KW11979,719.74,Completed,2026-04-08 14:44:00
ORD104771,2026-03-09,DE,P1040,PG1250,KW11125,503.78,Returned,2026-03-09 07:44:00
ORD104779,2026-02-22,AU,P1006,PG1009,KW11189,1210.82,Completed,2026-02-22 07:07:00
ORD104780,2026-04-30,US,P1018,PG1458,KW11691,1066.41,Completed,2026-04-30 04:16:00
ORD104781,2026-03-01,JP,P1033,PG1469,KW11063,1561.91,Completed,2026-03-01 20:06:00
ORD104784,2026-03-07,MX,P1025,PG1414,KW11734,638.22,Completed,2026-03-07 08:46:00
ORD104785,2026-03-10,UK,P1007,PG1445,KW11287,1354.23,Cancelled,2026-03-10 15:38:00
ORD104788,2026-02-04,IN,P1044,PG1164,KW10803,769.1,Completed,2026-02-04 13:39:00
ORD104795,2026-04-07,US,P1019,PG1290,KW11769,550.19,Completed,2026-04-07 22:09:00
ORD104798,2026-05-06,US,P1046,PG1095,KW11264,1008.01,Pending,2026-05-06 13:25:00
ORD104808,2026-03-02,DE,P1046,PG1400,KW11694,652.32,Returned,2026-03-02 14:03:00
ORD104809,2026-05-21,AU,P1010,PG1315,KW10728,2744.86,Pending,2026-05-21 03:52:00
ORD104812,2026-03-14,JP,P1023,PG1090,KW11332,325.52,Completed,2026-03-14 21:10:00
ORD104817,2026-04-26,UK,P1026,PG1488,KW10540,457.94,Pending,2026-04-26 10:51:00
ORD104818,2026-05-23,MX,P1034,PG1338,KW10610,995.38,Returned,2026-05-23 20:34:00
ORD104823,2026-04-04,MX,P1046,PG1315,KW11118,649.73,Completed,2026-04-04 21:53:00
ORD104825,2026-02-12,AU,P1040,PG1273,KW10825,371.18,Completed,2026-02-12 13:21:00
ORD104826,2026-02-24,US,P1041,PG1188,KW11345,1117.42,Completed,2026-02-24 09:33:00
ORD104827,2026-03-24,FR,P1023,PG1123,KW11000,1163.91,Completed,2026-03-24 05:08:00
ORD104828,2026-05-19,MX,P1032,PG1333,KW11422,609.5,Returned,2026-05-19 08:32:00
ORD104833,2026-04-12,FR,P1009,PG1207,KW10594,524.67,Completed,2026-04-12 10:26:00
ORD104837,2026-05-07,DE,P1015,PG1368,KW10793,2398.9,Cancelled,2026-05-07 07:05:00
ORD104839,2026-05-04,AU,P1043,PG1409,KW11588,877.53,Completed,2026-05-04 20:21:00
ORD104842,2026-05-18,IN,P1008,PG1377,KW10889,256.42,Completed,2026-05-18 08:38:00
ORD104845,2026-03-25,UK,P1024,PG1328,KW11538,528.43,Completed,2026-03-25 06:17:00
ORD104846,2026-04-15,FR,P1022,PG1252,KW10382,1071.58,Returned,2026-04-15 21:28:00
ORD104848,2026-05-18,IN,P1040,PG1167,KW11321,846.47,Pending,2026-05-18 01:50:00
ORD104853,2026-05-29,US,P1029,PG1108,KW10124,621.49,Returned,2026-05-29 19:54:00
ORD104855,2026-02-16,UK,P1011,PG1224,KW11596,1154.8,Returned,2026-02-16 18:30:00
ORD104859,2026-03-27,US,P1028,PG1494,KW11315,361.42,Returned,2026-03-27 09:29:00
ORD104870,2026-03-25,FR,P1017,PG1178,KW10016,714.21,Returned,2026-03-25 01:09:00
ORD104871,2026-03-14,CA,P1018,PG1372,KW10513,366.92,Completed,2026-03-14 18:27:00
ORD104872,2026-03-27,US,P1035,PG1457,KW10979,973.79,Cancelled,2026-03-27 02:29:00
ORD104876,2026-02-06,DE,P1005,PG1271,KW11104,421.7,Completed,2026-02-06 02:33:00
ORD104885,2026-03-10,JP,P1001,PG1474,KW11728,1191.17,Returned,2026-03-10 03:23:00
ORD104886,2026-05-23,JP,P1046,PG1171,KW10830,374.03,Cancelled,2026-05-23 23:52:00
ORD104887,2026-04-05,DE,P1005,PG1220,KW10497,1135.74,Completed,2026-04-05 12:41:00
ORD104890,2026-05-03,DE,P1034,PG1330,KW11393,1241.63,Completed,2026-05-03 23:35:00
ORD104894,2026-05-29,JP,P1037,PG1385,KW11500,767.58,Pending,2026-05-29 16:15:00
ORD104895,2026-02-05,IN,P1004,PG1014,KW11468,923.71,Completed,2026-02-05 01:18:00
ORD104901,2026-03-21,BR,P1023,PG1027,KW11080,380.47,Pending,2026-03-21 18:02:00
ORD104903,2026-03-08,BR,P1028,PG1211,KW10244,306.69,Cancelled,2026-03-08 21:32:00
ORD104905,2026-02-19,CA,P1013,PG1212,KW11305,1398.9,Completed,2026-02-19 23:19:00
ORD104908,2026-05-08,AU,P1033,PG1231,KW11657,520.33,Completed,2026-05-08 03:47:00
ORD104911,2026-05-28,CA,P1013,PG1185,KW10014,1363.18,Cancelled,2026-05-28 00:38:00
ORD104912,2026-05-15,DE,P1038,PG1303,KW11549,1538.32,Completed,2026-05-15 04:29:00
ORD104914,2026-05-14,CA,P1046,PG1425,KW11283,753.53,Completed,2026-05-14 07:49:00
ORD104916,2026-05-21,CA,P1007,PG1225,KW11302,827.79,Pending,2026-05-21 11:21:00
ORD104919,2026-04-26,IN,P1020,PG1404,KW11510,718.16,Cancelled,2026-04-26 07:29:00
ORD104921,2026-03-17,US,P1033,PG1043,KW10510,1327.43,Cancelled,2026-03-17 01:42:00
ORD104927,2026-03-18,MX,P1019,PG1451,KW11713,565.22,Completed,2026-03-18 07:47:00
ORD104928,2026-02-25,JP,P1006,PG1237,KW10902,686.36,Returned,2026-02-25 08:50:00
ORD104929,2026-04-29,MX,P1021,PG1248,KW11009,598.59,Cancelled,2026-04-29 23:12:00
ORD104930,2026-02-11,MX,P1046,PG1454,KW11134,920.62,Returned,2026-02-11 07:50:00
ORD104932,2026-02-11,MX,P1018,PG1109,KW10097,377.82,Cancelled,2026-02-11 19:19:00
ORD104935,2026-04-02,MX,P1028,PG1047,KW10012,603.89,Completed,2026-04-02 11:04:00
ORD104936,2026-02-19,DE,P1047,PG1172,KW10613,953.2,Returned,2026-02-19 05:03:00
ORD104938,2026-03-06,AU,P1044,PG1238,KW10918,735.03,Completed,2026-03-06 04:44:00
ORD104939,2026-03-23,IN,P1023,PG1284,KW10025,1255.61,Completed,2026-03-23 15:31:00
ORD104941,2026-04-10,DE,P1015,PG1147,KW11227,1690.74,Pending,2026-04-10 03:42:00
ORD104942,2026-03-07,AU,P1006,PG1094,KW10095,1026.93,Pending,2026-03-07 11:56:00
ORD104945,2026-05-04,AU,P1016,PG1034,KW11441,955.74,Pending,2026-05-04 10:46:00
ORD104947,2026-04-17,MX,P1029,PG1315,KW11358,498.79,Completed,2026-04-17 18:32:00
ORD104949,2026-02-19,BR,P1030,PG1080,KW11595,492.09,Completed,2026-02-19 01:49:00
ORD104950,2026-04-04,FR,P1037,PG1040,KW10262,1435.03,Completed,2026-04-04 13:52:00
ORD104951,2026-03-23,CA,P1038,PG1408,KW11519,469.74,Completed,2026-03-23 04:13:00
ORD104952,2026-03-17,MX,P1022,PG1138,KW11472,1456.55,Completed,2026-03-17 22:38:00
ORD104953,2026-02-28,IN,P1027,PG1203,KW11577,1586.5,Cancelled,2026-02-28 21:12:00
ORD104955,2026-02-06,BR,P1034,PG1045,KW11816,773.08,Pending,2026-02-06 19:59:00
ORD104956,2026-03-13,FR,P1027,PG1159,KW10353,2282.08,Completed,2026-03-13 05:42:00
ORD104958,2026-04-19,UK,P1044,PG1199,KW11676,1254.49,Cancelled,2026-04-19 08:34:00
ORD104960,2026-03-10,US,P1037,PG1354,KW11050,1422.1,Pending,2026-03-10 17:37:00
ORD104965,2026-02-21,UK,P1007,PG1425,KW10464,354.23,Returned,2026-02-21 10:57:00
ORD104967,2026-02-27,DE,P1048,PG1122,KW10676,170.97,Cancelled,2026-02-27 03:32:00
ORD104968,2026-04-04,MX,P1003,PG1280,KW11079,1205.43,Cancelled,2026-04-04 09:19:00
ORD104973,2026-03-15,UK,P1028,PG1044,KW10403,2386.99,Completed,2026-03-15 07:54:00
ORD104979,2026-04-10,JP,P1050,PG1360,KW11610,806.56,Pending,2026-04-10 02:21:00
ORD104980,2026-03-09,UK,P1031,PG1139,KW10169,657.12,Completed,2026-03-09 08:40:00
ORD104985,2026-05-01,AU,P1017,PG1181,KW10752,1160.8,Completed,2026-05-01 22:58:00
ORD104991,2026-03-13,BR,P1016,PG1435,KW11232,1126.12,Pending,2026-03-13 16:33:00
ORD104995,2026-05-11,AU,P1046,PG1355,KW11807,633.11,Pending,2026-05-11 01:15:00
ORD104999,2026-02-01,JP,P1005,PG1439,KW11382,2875.2,Completed,2026-02-01 05:45:00
ORD105003,2026-05-03,MX,P1009,PG1298,KW11086,1413.88,Completed,2026-05-03 16:27:00
ORD105005,2026-04-10,BR,P1005,PG1416,KW10890,731.54,Completed,2026-04-10 11:30:00
ORD105007,2026-04-10,IN,P1029,PG1178,KW10714,1083.88,Completed,2026-04-10 18:00:00
ORD105008,2026-04-16,AU,P1043,PG1104,KW10677,653.93,Completed,2026-04-16 22:54:00
ORD105015,2026-02-06,US,P1010,PG1461,KW10893,709.93,Completed,2026-02-06 07:59:00
ORD105016,2026-05-20,US,P1002,PG1068,KW11743,1370.33,Pending,2026-05-20 23:10:00
ORD105018,2026-03-11,IN,P1002,PG1084,KW11981,627.53,Completed,2026-03-11 06:42:00
ORD105019,2026-02-08,DE,P1050,PG1237,KW11775,758.83,Pending,2026-02-08 07:01:00
ORD105022,2026-05-19,FR,P1029,PG1477,KW11135,859.29,Completed,2026-05-19 15:24:00
ORD105024,2026-02-05,US,P1031,PG1089,KW10980,478.31,Completed,2026-02-05 16:32:00
ORD105027,2026-04-06,JP,P1010,PG1031,KW11349,1690.88,Completed,2026-04-06 01:49:00
ORD105030,2026-05-01,US,P1016,PG1177,KW10947,1408.68,Completed,2026-05-01 05:51:00
ORD105034,2026-02-04,FR,P1022,PG1384,KW11040,859.34,Pending,2026-02-04 04:08:00
ORD105035,2026-05-25,FR,P1011,PG1064,KW10151,742.35,Cancelled,2026-05-25 23:18:00
ORD105037,2026-02-11,CA,P1020,PG1441,KW10658,318.44,Completed,2026-02-11 08:41:00
ORD105038,2026-04-13,AU,P1002,PG1325,KW10914,1255.25,Completed,2026-04-13 00:55:00
ORD105039,2026-04-06,UK,P1036,PG1329,KW10887,1933.5,Returned,2026-04-06 12:45:00
ORD105040,2026-04-07,UK,P1031,PG1082,KW11959,176.32,Completed,2026-04-07 14:58:00
ORD105044,2026-04-25,FR,P1011,PG1341,KW11554,405.33,Completed,2026-04-25 12:05:00
ORD105045,2026-02-12,IN,P1039,PG1124,KW11063,1602.05,Pending,2026-02-12 04:50:00
ORD105046,2026-02-26,FR,P1020,PG1398,KW11488,787.24,Cancelled,2026-02-26 21:26:00
ORD105047,2026-02-27,UK,P1008,PG1028,KW10068,242.27,Returned,2026-02-27 01:53:00
ORD105051,2026-04-08,IN,P1045,PG1430,KW11484,1608.67,Pending,2026-04-08 19:39:00
ORD105053,2026-03-29,UK,P1022,PG1433,KW11804,1429.83,Completed,2026-03-29 07:51:00
ORD105054,2026-04-11,CA,P1037,PG1200,KW10771,945.72,Completed,2026-04-11 15:13:00
ORD105055,2026-05-19,MX,P1015,PG1243,KW10487,764.45,Returned,2026-05-19 14:14:00
ORD105056,2026-03-29,BR,P1003,PG1414,KW10219,1123.44,Completed,2026-03-29 15:15:00
ORD105059,2026-03-03,DE,P1031,PG1178,KW10971,871.13,Completed,2026-03-03 10:26:00
ORD105063,2026-03-12,BR,P1029,PG1498,KW11392,808.78,Pending,2026-03-12 02:12:00
ORD105072,2026-05-15,IN,P1042,PG1219,KW11336,703.71,Cancelled,2026-05-15 10:14:00
ORD105074,2026-04-21,MX,P1019,PG1312,KW11948,585.38,Pending,2026-04-21 08:30:00
ORD105077,2026-04-08,DE,P1029,PG1222,KW10325,979.82,Completed,2026-04-08 23:10:00
ORD105078,2026-04-25,DE,P1016,PG1373,KW10172,569.67,Completed,2026-04-25 19:56:00
ORD105080,2026-03-11,BR,P1041,PG1275,KW11338,868.19,Completed,2026-03-11 05:31:00
ORD105081,2026-05-12,US,P1015,PG1177,KW10269,624.7,Pending,2026-05-12 17:07:00
ORD105082,2026-02-11,FR,P1041,PG1197,KW10890,1682.68,Pending,2026-02-11 02:42:00
ORD105083,2026-03-18,DE,P1028,PG1358,KW11062,1897.79,Completed,2026-03-18 20:07:00
ORD105085,2026-04-03,CA,P1046,PG1046,KW11407,865.54,Cancelled,2026-04-03 21:34:00
ORD105088,2026-02-08,AU,P1036,PG1020,KW10431,1233.87,Cancelled,2026-02-08 22:00:00
ORD105094,2026-05-29,MX,P1003,PG1483,KW10759,874.22,Cancelled,2026-05-29 11:22:00
ORD105098,2026-03-06,JP,P1011,PG1219,KW11840,1902.06,Completed,2026-03-06 00:32:00
ORD105100,2026-05-26,IN,P1018,PG1485,KW10917,400.68,Completed,2026-05-26 23:08:00
ORD105101,2026-04-05,UK,P1039,PG1191,KW10796,786.63,Completed,2026-04-05 13:36:00
ORD105102,2026-04-30,US,P1037,PG1205,KW10414,483.74,Cancelled,2026-04-30 13:27:00
ORD105106,2026-02-15,CA,P1036,PG1215,KW10004,598.04,Returned,2026-02-15 05:54:00
ORD105108,2026-03-06,AU,P1032,PG1472,KW11983,3029.14,Cancelled,2026-03-06 04:33:00
ORD105109,2026-05-31,UK,P1044,PG1181,KW11700,346.04,Pending,2026-05-31 12:58:00
ORD105114,2026-05-09,US,P1034,PG1194,KW11652,573.44,Cancelled,2026-05-09 20:46:00
ORD105115,2026-03-29,AU,P1013,PG1229,KW11619,2331.31,Completed,2026-03-29 21:23:00
ORD105118,2026-02-02,JP,P1044,PG1424,KW11090,371.99,Pending,2026-02-02 03:14:00
ORD105121,2026-02-22,JP,P1042,PG1115,KW11398,978.71,Pending,2026-02-22 16:03:00
ORD105125,2026-05-22,UK,P1043,PG1498,KW11830,1914.97,Completed,2026-05-22 12:10:00
ORD105126,2026-03-15,JP,P1040,PG1419,KW10724,403.62,Pending,2026-03-15 00:21:00
ORD105132,2026-05-04,IN,P1011,PG1298,KW11299,1993.34,Completed,2026-05-04 11:06:00
ORD105133,2026-05-23,DE,P1032,PG1440,KW11559,1100.97,Cancelled,2026-05-23 12:03:00
ORD105136,2026-04-30,IN,P1009,PG1154,KW10324,1027.81,Cancelled,2026-04-30 21:26:00
ORD105138,2026-03-10,DE,P1041,PG1046,KW11192,679.87,Pending,2026-03-10 18:38:00
ORD105141,2026-04-11,US,P1036,PG1042,KW11212,269.6,Completed,2026-04-11 02:20:00
ORD105147,2026-03-08,JP,P1041,PG1084,KW10206,3179.68,Completed,2026-03-08 21:17:00
ORD105149,2026-02-08,JP,P1028,PG1450,KW11442,496.6,Cancelled,2026-02-08 21:39:00
ORD105152,2026-05-26,MX,P1006,PG1181,KW11296,532.26,Returned,2026-05-26 07:16:00
ORD105154,2026-04-09,JP,P1047,PG1090,KW10217,454.29,Completed,2026-04-09 18:26:00
ORD105156,2026-05-25,DE,P1039,PG1477,KW10429,799.28,Completed,2026-05-25 04:56:00
ORD105162,2026-02-06,DE,P1010,PG1200,KW11862,1383.9,Returned,2026-02-06 19:28:00
ORD105163,2026-03-17,UK,P1034,PG1082,KW10522,904.54,Completed,2026-03-17 08:22:00
ORD105166,2026-02-25,FR,P1024,PG1194,KW10818,724.57,Returned,2026-02-25 21:22:00
ORD105168,2026-03-24,BR,P1014,PG1429,KW10431,417.2,Pending,2026-03-24 13:33:00
ORD105174,2026-02-24,CA,P1034,PG1427,KW11605,436.4,Completed,2026-02-24 11:01:00
ORD105175,2026-05-27,JP,P1031,PG1205,KW10367,661.8,Completed,2026-05-27 08:09:00
ORD105179,2026-04-28,BR,P1040,PG1075,KW11770,1377.51,Cancelled,2026-04-28 05:28:00
ORD105181,2026-05-05,FR,P1035,PG1139,KW11035,450.31,Returned,2026-05-05 12:56:00
ORD105185,2026-03-19,JP,P1008,PG1278,KW11569,740.25,Cancelled,2026-03-19 00:11:00
ORD105188,2026-03-20,AU,P1002,PG1479,KW10986,2139.38,Completed,2026-03-20 02:07:00
ORD105189,2026-05-06,UK,P1040,PG1182,KW10698,2006.64,Completed,2026-05-06 19:45:00
ORD105190,2026-02-21,DE,P1045,PG1205,KW11224,793.71,Returned,2026-02-21 14:45:00
ORD105191,2026-04-09,DE,P1037,PG1232,KW10837,301.89,Returned,2026-04-09 00:18:00
ORD105197,2026-05-16,AU,P1041,PG1239,KW10762,420.83,Returned,2026-05-16 18:15:00
ORD105207,2026-04-22,DE,P1044,PG1221,KW11644,2607.12,Returned,2026-04-22 17:13:00
ORD105208,2026-05-02,IN,P1003,PG1162,KW10868,680.45,Cancelled,2026-05-02 04:44:00
ORD105211,2026-03-30,DE,P1038,PG1263,KW11480,593.48,Completed,2026-03-30 09:52:00
ORD105214,2026-02-21,DE,P1021,PG1127,KW10202,2797.44,Completed,2026-02-21 07:16:00
ORD105215,2026-04-27,IN,P1025,PG1379,KW10466,1105.06,Returned,2026-04-27 04:18:00
ORD105226,2026-03-15,JP,P1006,PG1057,KW10305,813.65,Pending,2026-03-15 00:11:00
ORD105227,2026-04-17,MX,P1009,PG1246,KW10936,1421.09,Pending,2026-04-17 13:16:00
ORD105229,2026-04-25,JP,P1010,PG1370,KW11756,1978.05,Pending,2026-04-25 12:46:00
ORD105232,2026-02-27,DE,P1044,PG1445,KW10652,1051.67,Completed,2026-02-27 03:39:00
ORD105234,2026-03-18,US,P1037,PG1246,KW10033,373.68,Returned,2026-03-18 12:50:00
ORD105238,2026-03-02,BR,P1006,PG1219,KW11570,1091.24,Completed,2026-03-02 01:16:00
ORD105242,2026-05-02,JP,P1018,PG1435,KW11164,382.62,Completed,2026-05-02 00:00:00
ORD105243,2026-04-19,MX,P1042,PG1435,KW11125,636.99,Completed,2026-04-19 15:21:00
ORD105244,2026-05-13,FR,P1014,PG1178,KW10088,1191.43,Completed,2026-05-13 18:52:00
ORD105248,2026-03-13,US,P1027,PG1006,KW10565,1550.96,Returned,2026-03-13 12:28:00
ORD105250,2026-03-29,CA,P1035,PG1273,KW10134,992.05,Pending,2026-03-29 09:15:00
ORD105251,2026-04-22,UK,P1009,PG1327,KW10333,1187.1,Cancelled,2026-04-22 00:16:00
ORD105254,2026-02-01,US,P1029,PG1043,KW11016,492.34,Returned,2026-02-01 08:45:00
ORD105258,2026-04-05,IN,P1007,PG1489,KW11904,792.04,Completed,2026-04-05 13:10:00
ORD105266,2026-02-02,US,P1026,PG1280,KW10789,684.94,Completed,2026-02-02 08:31:00
ORD105267,2026-04-09,FR,P1001,PG1437,KW10835,921.06,Completed,2026-04-09 18:21:00
ORD105278,2026-04-22,FR,P1029,PG1171,KW10306,797.8,Completed,2026-04-22 20:16:00
ORD105280,2026-05-09,US,P1042,PG1087,KW11777,853.15,Cancelled,2026-05-09 18:53:00
ORD105282,2026-02-21,DE,P1021,PG1227,KW11649,2239.05,Pending,2026-02-21 02:49:00
ORD105283,2026-02-25,MX,P1022,PG1142,KW11708,387.52,Cancelled,2026-02-25 20:03:00
ORD105285,2026-03-11,DE,P1020,PG1224,KW10846,420.55,Cancelled,2026-03-11 20:16:00
ORD105286,2026-05-09,CA,P1002,PG1376,KW10853,1267.72,Completed,2026-05-09 14:05:00
ORD105287,2026-02-15,BR,P1013,PG1327,KW11591,1127.09,Completed,2026-02-15 16:11:00
ORD105288,2026-02-11,DE,P1003,PG1253,KW11264,1188.78,Completed,2026-02-11 10:16:00
ORD105291,2026-04-14,BR,P1003,PG1460,KW10769,1138.35,Returned,2026-04-14 17:51:00
ORD105292,2026-04-19,US,P1008,PG1338,KW11507,933.68,Completed,2026-04-19 12:41:00
ORD105293,2026-04-11,BR,P1018,PG1483,KW11062,1689.37,Pending,2026-04-11 23:26:00
ORD105299,2026-05-10,FR,P1027,PG1422,KW10571,190.2,Completed,2026-05-10 19:35:00
ORD105301,2026-04-02,JP,P1038,PG1359,KW11423,2020.0,Pending,2026-04-02 02:50:00
ORD105302,2026-03-20,US,P1019,PG1318,KW11661,498.32,Completed,2026-03-20 14:27:00
ORD105308,2026-03-18,BR,P1050,PG1226,KW11005,336.28,Pending,2026-03-18 17:55:00
ORD105310,2026-05-02,IN,P1017,PG1235,KW11356,774.13,Completed,2026-05-02 22:44:00
ORD105312,2026-04-03,FR,P1012,PG1002,KW10683,610.1,Returned,2026-04-03 06:05:00
ORD105314,2026-02-16,IN,P1048,PG1284,KW10427,811.98,Pending,2026-02-16 15:11:00
ORD105318,2026-02-20,JP,P1015,PG1065,KW10814,778.21,Pending,2026-02-20 16:11:00
ORD105319,2026-04-28,US,P1008,PG1487,KW10944,565.33,Cancelled,2026-04-28 18:02:00
ORD105324,2026-04-24,FR,P1037,PG1286,KW10058,297.18,Returned,2026-04-24 04:20:00
ORD105327,2026-05-27,AU,P1038,PG1333,KW11654,2146.09,Completed,2026-05-27 09:24:00
ORD105330,2026-03-29,DE,P1033,PG1227,KW11069,690.45,Completed,2026-03-29 21:07:00
ORD105331,2026-04-17,JP,P1008,PG1389,KW11430,393.86,Completed,2026-04-17 14:59:00
ORD105333,2026-05-13,IN,P1017,PG1375,KW11513,1530.23,Cancelled,2026-05-13 20:58:00
ORD105334,2026-04-14,DE,P1033,PG1247,KW11067,1039.71,Completed,2026-04-14 11:13:00
ORD105335,2026-04-22,US,P1021,PG1160,KW11704,489.62,Completed,2026-04-22 17:59:00
ORD105339,2026-05-02,FR,P1016,PG1411,KW11382,637.71,Completed,2026-05-02 23:01:00
ORD105340,2026-02-15,MX,P1041,PG1261,KW10991,1133.95,Returned,2026-02-15 04:14:00
ORD105341,2026-02-26,CA,P1008,PG1171,KW11327,410.27,Returned,2026-02-26 03:46:00
ORD105344,2026-04-27,AU,P1042,PG1422,KW10559,2286.49,Completed,2026-04-27 21:36:00
ORD105354,2026-05-29,US,P1026,PG1015,KW11194,1441.09,Completed,2026-05-29 02:29:00
ORD105357,2026-04-26,BR,P1038,PG1318,KW11005,685.33,Completed,2026-04-26 00:32:00
ORD105363,2026-05-09,JP,P1020,PG1355,KW11815,1089.28,Pending,2026-05-09 18:33:00
ORD105364,2026-04-02,FR,P1041,PG1227,KW11348,403.55,Returned,2026-04-02 18:47:00
ORD105366,2026-05-24,BR,P1018,PG1004,KW11029,1443.22,Completed,2026-05-24 06:10:00
ORD105372,2026-04-25,AU,P1001,PG1451,KW10737,1532.93,Pending,2026-04-25 09:19:00
ORD105375,2026-05-03,JP,P1048,PG1487,KW11303,925.99,Completed,2026-05-03 03:49:00
ORD105377,2026-03-03,JP,P1034,PG1122,KW11196,895.75,Completed,2026-03-03 16:10:00
ORD105380,2026-05-01,MX,P1044,PG1280,KW11341,2394.41,Returned,2026-05-01 01:22:00
ORD105381,2026-04-08,BR,P1021,PG1261,KW10089,1024.69,Completed,2026-04-08 19:11:00
ORD105384,2026-02-28,IN,P1023,PG1472,KW11937,798.47,Completed,2026-02-28 14:35:00
ORD105386,2026-03-06,DE,P1015,PG1144,KW10699,1399.87,Pending,2026-03-06 01:54:00
ORD105390,2026-03-27,IN,P1025,PG1432,KW11588,566.21,Completed,2026-03-27 18:03:00
ORD105393,2026-05-08,JP,P1042,PG1165,KW10067,1209.27,Pending,2026-05-08 18:12:00
ORD105394,2026-03-25,FR,P1006,PG1055,KW11926,688.2,Completed,2026-03-25 07:52:00
ORD105400,2026-04-02,FR,P1023,PG1384,KW10252,867.27,Pending,2026-04-02 11:39:00
ORD105401,2026-04-11,BR,P1042,PG1384,KW11820,537.24,Cancelled,2026-04-11 20:46:00
ORD105403,2026-05-13,UK,P1015,PG1060,KW11138,1251.26,Cancelled,2026-05-13 09:42:00
ORD105407,2026-03-24,IN,P1029,PG1105,KW10887,337.87,Completed,2026-03-24 15:54:00
ORD105410,2026-05-30,UK,P1027,PG1085,KW10785,855.14,Completed,2026-05-30 15:35:00
ORD105412,2026-05-21,US,P1050,PG1437,KW10289,441.17,Returned,2026-05-21 12:53:00
ORD105418,2026-04-10,DE,P1014,PG1312,KW10100,680.75,Completed,2026-04-10 09:15:00
ORD105419,2026-02-06,US,P1006,PG1425,KW11977,603.16,Completed,2026-02-06 09:20:00
ORD105420,2026-02-13,DE,P1006,PG1497,KW10366,464.18,Returned,2026-02-13 02:30:00
ORD105422,2026-04-28,MX,P1014,PG1354,KW11588,1100.69,Completed,2026-04-28 06:58:00
ORD105424,2026-04-27,FR,P1012,PG1471,KW11364,606.04,Completed,2026-04-27 09:59:00
ORD105427,2026-05-27,US,P1044,PG1216,KW10497,1036.49,Pending,2026-05-27 17:52:00
ORD105431,2026-03-18,US,P1021,PG1417,KW10001,363.04,Cancelled,2026-03-18 22:16:00
ORD105432,2026-03-17,JP,P1009,PG1083,KW10829,1202.53,Completed,2026-03-17 06:23:00
ORD105436,2026-03-29,IN,P1017,PG1340,KW11725,668.99,Pending,2026-03-29 00:57:00
ORD105437,2026-05-27,BR,P1024,PG1222,KW10306,491.43,Cancelled,2026-05-27 14:59:00
ORD105439,2026-02-21,US,P1029,PG1411,KW11787,577.06,Returned,2026-02-21 05:45:00
ORD105441,2026-02-06,IN,P1027,PG1302,KW11837,1033.87,Cancelled,2026-02-06 21:55:00
ORD105448,2026-05-09,DE,P1043,PG1128,KW10452,679.42,Completed,2026-05-09 12:00:00
ORD105451,2026-02-20,AU,P1018,PG1001,KW11696,1644.16,Pending,2026-02-20 20:53:00
ORD105454,2026-02-04,DE,P1030,PG1390,KW10750,1001.32,Pending,2026-02-04 07:06:00
ORD105455,2026-04-05,AU,P1047,PG1117,KW11785,660.54,Completed,2026-04-05 17:45:00
ORD105457,2026-04-19,CA,P1049,PG1395,KW10099,1850.41,Completed,2026-04-19 00:55:00
ORD105463,2026-02-25,IN,P1022,PG1202,KW10867,1331.12,Cancelled,2026-02-25 05:33:00
ORD105466,2026-04-25,CA,P1022,PG1280,KW10368,804.18,Returned,2026-04-25 08:28:00
ORD105467,2026-05-06,US,P1030,PG1260,KW11702,728.48,Completed,2026-05-06 04:29:00
ORD105468,2026-04-18,BR,P1035,PG1387,KW10149,477.14,Completed,2026-04-18 06:34:00
ORD105473,2026-04-28,DE,P1032,PG1468,KW11683,1244.19,Returned,2026-04-28 08:40:00
ORD105477,2026-05-13,BR,P1009,PG1307,KW11517,1379.89,Completed,2026-05-13 11:16:00
ORD105480,2026-03-13,JP,P1034,PG1477,KW11848,298.86,Completed,2026-03-13 05:38:00
ORD105483,2026-03-07,BR,P1002,PG1333,KW10931,1329.21,Cancelled,2026-03-07 02:49:00
ORD105486,2026-05-07,MX,P1001,PG1270,KW10097,1760.45,Completed,2026-05-07 09:41:00
ORD105487,2026-02-07,FR,P1010,PG1449,KW11985,515.48,Completed,2026-02-07 18:01:00
ORD105490,2026-03-16,IN,P1001,PG1163,KW11093,678.44,Returned,2026-03-16 22:21:00
ORD105491,2026-02-07,BR,P1007,PG1479,KW10544,1197.84,Cancelled,2026-02-07 18:28:00
ORD105496,2026-03-31,US,P1014,PG1169,KW10435,405.31,Returned,2026-03-31 14:39:00
ORD105501,2026-03-13,UK,P1035,PG1425,KW10741,1536.2,Pending,2026-03-13 10:24:00
ORD105502,2026-03-20,UK,P1038,PG1470,KW10361,1357.25,Completed,2026-03-20 00:21:00
ORD105506,2026-02-24,UK,P1027,PG1202,KW10225,1513.63,Cancelled,2026-02-24 08:48:00
ORD105507,2026-03-21,CA,P1039,PG1333,KW11040,819.93,Completed,2026-03-21 03:36:00
ORD105512,2026-05-10,IN,P1026,PG1337,KW10009,385.54,Completed,2026-05-10 23:53:00
ORD105514,2026-05-19,IN,P1002,PG1282,KW11955,1159.97,Completed,2026-05-19 05:23:00
ORD105520,2026-03-24,JP,P1023,PG1358,KW11139,238.89,Completed,2026-03-24 22:05:00
ORD105524,2026-02-17,BR,P1032,PG1420,KW11994,961.34,Returned,2026-02-17 07:45:00
ORD105525,2026-04-25,AU,P1033,PG1087,KW10658,794.08,Cancelled,2026-04-25 02:46:00
ORD105530,2026-03-18,FR,P1014,PG1178,KW11111,639.74,Completed,2026-03-18 09:37:00
ORD105532,2026-04-14,MX,P1047,PG1155,KW10278,278.81,Returned,2026-04-14 20:34:00
ORD105535,2026-02-26,AU,P1031,PG1069,KW10652,437.92,Completed,2026-02-26 00:27:00
ORD105536,2026-02-28,BR,P1042,PG1069,KW10950,1014.52,Completed,2026-02-28 15:38:00
ORD105543,2026-03-17,DE,P1044,PG1255,KW11122,624.77,Cancelled,2026-03-17 06:53:00
ORD105548,2026-02-15,DE,P1030,PG1270,KW11189,979.38,Completed,2026-02-15 04:01:00
ORD105551,2026-03-14,IN,P1025,PG1024,KW11396,1419.54,Completed,2026-03-14 06:54:00
ORD105553,2026-02-19,DE,P1034,PG1409,KW10217,995.0,Completed,2026-02-19 10:54:00
ORD105554,2026-03-22,AU,P1002,PG1082,KW10555,327.91,Completed,2026-03-22 04:10:00
ORD105555,2026-05-04,US,P1004,PG1460,KW11963,372.83,Completed,2026-05-04 02:27:00
ORD105556,2026-05-28,JP,P1005,PG1144,KW11312,1595.11,Completed,2026-05-28 05:42:00
ORD105558,2026-02-09,MX,P1016,PG1481,KW11045,674.69,Cancelled,2026-02-09 21:30:00
ORD105559,2026-04-04,AU,P1046,PG1405,KW11998,527.66,Completed,2026-04-04 13:30:00
ORD105564,2026-04-14,DE,P1005,PG1375,KW10708,1113.68,Returned,2026-04-14 19:04:00
ORD105565,2026-04-25,DE,P1001,PG1235,KW10018,712.23,Completed,2026-04-25 22:50:00
ORD105566,2026-05-22,AU,P1004,PG1348,KW10881,780.54,Cancelled,2026-05-22 06:17:00
ORD105567,2026-04-12,BR,P1001,PG1127,KW11087,534.72,Completed,2026-04-12 04:55:00
ORD105572,2026-02-10,BR,P1045,PG1326,KW10488,2512.8,Returned,2026-02-10 01:13:00
ORD105573,2026-03-17,JP,P1038,PG1381,KW10288,1511.72,Completed,2026-03-17 19:22:00
ORD105575,2026-03-19,US,P1011,PG1187,KW10310,1608.83,Completed,2026-03-19 15:03:00
ORD105577,2026-03-09,US,P1024,PG1074,KW11220,352.61,Pending,2026-03-09 06:28:00
ORD105579,2026-04-23,UK,P1018,PG1401,KW11058,371.26,Pending,2026-04-23 23:54:00
ORD105580,2026-04-10,DE,P1022,PG1085,KW11773,1404.16,Completed,2026-04-10 04:29:00
ORD105584,2026-05-06,AU,P1032,PG1326,KW11522,1247.53,Returned,2026-05-06 03:41:00
ORD105589,2026-05-27,IN,P1019,PG1328,KW10877,1618.62,Pending,2026-05-27 10:49:00
ORD105590,2026-02-15,BR,P1032,PG1348,KW10098,1330.81,Cancelled,2026-02-15 08:45:00
ORD105591,2026-05-28,IN,P1044,PG1136,KW10474,608.54,Pending,2026-05-28 19:15:00
ORD105599,2026-02-06,UK,P1013,PG1442,KW11684,777.21,Completed,2026-02-06 02:46:00
ORD105602,2026-04-25,FR,P1039,PG1329,KW11839,663.35,Completed,2026-04-25 05:05:00
ORD105603,2026-03-01,MX,P1036,PG1269,KW11811,144.88,Completed,2026-03-01 16:31:00
ORD105604,2026-04-20,US,P1009,PG1008,KW11687,1365.44,Completed,2026-04-20 10:37:00
ORD105609,2026-03-06,CA,P1019,PG1047,KW11169,595.96,Completed,2026-03-06 21:41:00
ORD105610,2026-02-02,UK,P1023,PG1126,KW10815,1185.74,Completed,2026-02-02 18:23:00
ORD105611,2026-03-18,MX,P1010,PG1298,KW11321,612.57,Completed,2026-03-18 22:23:00
ORD105613,2026-04-22,IN,P1024,PG1312,KW10044,873.48,Completed,2026-04-22 15:04:00
ORD105614,2026-03-23,IN,P1021,PG1343,KW11096,1074.25,Completed,2026-03-23 17:14:00
ORD105615,2026-05-14,US,P1018,PG1121,KW11001,807.06,Completed,2026-05-14 10:28:00
ORD105618,2026-04-10,CA,P1036,PG1195,KW10103,609.52,Pending,2026-04-10 12:11:00
ORD105621,2026-04-10,AU,P1006,PG1398,KW10701,424.58,Completed,2026-04-10 06:24:00
ORD105622,2026-02-26,CA,P1047,PG1179,KW11845,1661.73,Returned,2026-02-26 16:38:00
ORD105626,2026-02-07,CA,P1009,PG1200,KW10141,595.76,Completed,2026-02-07 17:21:00
ORD105629,2026-02-28,FR,P1016,PG1168,KW10612,1055.72,Pending,2026-02-28 21:37:00
ORD105631,2026-02-22,US,P1036,PG1034,KW10770,2424.23,Completed,2026-02-22 03:33:00
ORD105635,2026-05-24,CA,P1004,PG1051,KW11489,1011.1,Cancelled,2026-05-24 00:18:00
ORD105639,2026-04-01,FR,P1025,PG1289,KW11839,592.29,Completed,2026-04-01 04:58:00
ORD105643,2026-03-09,CA,P1018,PG1254,KW11860,527.09,Completed,2026-03-09 14:00:00
ORD105650,2026-04-29,BR,P1042,PG1016,KW11368,449.97,Pending,2026-04-29 22:29:00
ORD105653,2026-04-30,JP,P1032,PG1171,KW11829,848.25,Pending,2026-04-30 20:31:00
ORD105657,2026-03-13,MX,P1036,PG1035,KW10589,339.47,Cancelled,2026-03-13 16:28:00
ORD105661,2026-04-20,JP,P1001,PG1220,KW11761,1374.31,Pending,2026-04-20 05:31:00
ORD105662,2026-04-29,JP,P1005,PG1204,KW10010,513.48,Pending,2026-04-29 16:03:00
ORD105663,2026-02-01,BR,P1026,PG1057,KW11716,1118.46,Completed,2026-02-01 09:13:00
ORD105665,2026-03-16,JP,P1049,PG1309,KW11696,1674.78,Completed,2026-03-16 22:49:00
ORD105667,2026-02-27,MX,P1027,PG1056,KW10341,873.5,Completed,2026-02-27 12:33:00
ORD105670,2026-03-05,AU,P1001,PG1011,KW11963,1433.15,Completed,2026-03-05 02:32:00
ORD105672,2026-03-09,FR,P1021,PG1423,KW10398,1038.59,Completed,2026-03-09 00:56:00
ORD105679,2026-04-19,MX,P1030,PG1346,KW10996,224.39,Returned,2026-04-19 21:12:00
ORD105682,2026-04-01,MX,P1027,PG1245,KW11739,842.85,Cancelled,2026-04-01 02:54:00
ORD105683,2026-04-20,DE,P1042,PG1324,KW11310,310.37,Cancelled,2026-04-20 12:31:00
ORD105685,2026-03-14,BR,P1043,PG1229,KW10553,1003.77,Completed,2026-03-14 18:21:00
ORD105688,2026-03-12,DE,P1030,PG1190,KW10001,649.82,Returned,2026-03-12 10:00:00
ORD105690,2026-02-21,US,P1033,PG1372,KW11989,424.14,Completed,2026-02-21 04:29:00
ORD105698,2026-02-05,DE,P1022,PG1451,KW10912,1006.08,Completed,2026-02-05 13:25:00
ORD105699,2026-02-26,DE,P1015,PG1408,KW11113,968.42,Completed,2026-02-26 04:34:00
ORD105703,2026-04-05,AU,P1014,PG1459,KW10159,638.95,Pending,2026-04-05 05:35:00
ORD105704,2026-05-29,AU,P1047,PG1497,KW10659,2038.93,Completed,2026-05-29 20:52:00
ORD105705,2026-02-18,IN,P1005,PG1038,KW10867,1050.29,Pending,2026-02-18 08:16:00
ORD105706,2026-03-08,DE,P1019,PG1203,KW10262,1820.39,Completed,2026-03-08 15:10:00
ORD105714,2026-05-05,FR,P1021,PG1437,KW11728,1513.36,Pending,2026-05-05 10:44:00
ORD105715,2026-03-12,FR,P1041,PG1127,KW10672,915.63,Completed,2026-03-12 09:41:00
ORD105725,2026-05-08,CA,P1004,PG1139,KW11630,2413.16,Completed,2026-05-08 17:41:00
ORD105726,2026-04-21,US,P1039,PG1204,KW10359,1555.41,Completed,2026-04-21 23:56:00
ORD105728,2026-02-01,CA,P1007,PG1097,KW10992,890.31,Pending,2026-02-01 23:09:00
ORD105733,2026-05-01,JP,P1038,PG1449,KW11551,2061.34,Completed,2026-05-01 09:07:00
ORD105737,2026-04-02,CA,P1020,PG1462,KW10838,882.92,Cancelled,2026-04-02 04:20:00
ORD105739,2026-03-01,IN,P1006,PG1414,KW10174,2408.77,Pending,2026-03-01 23:15:00
ORD105743,2026-04-05,DE,P1014,PG1498,KW10359,1850.03,Completed,2026-04-05 17:32:00
ORD105750,2026-05-20,AU,P1021,PG1378,KW11921,487.94,Completed,2026-05-20 12:32:00
ORD105751,2026-04-07,FR,P1018,PG1462,KW11964,545.83,Cancelled,2026-04-07 21:54:00
ORD105753,2026-04-28,MX,P1014,PG1337,KW10963,480.68,Cancelled,2026-04-28 21:19:00
ORD105755,2026-02-01,JP,P1039,PG1465,KW10818,1387.62,Cancelled,2026-02-01 21:54:00
ORD105756,2026-05-09,MX,P1015,PG1287,KW10670,223.16,Completed,2026-05-09 02:07:00
ORD105757,2026-05-13,FR,P1040,PG1437,KW10581,413.03,Completed,2026-05-13 15:44:00
ORD105765,2026-02-21,CA,P1035,PG1294,KW11171,669.03,Cancelled,2026-02-21 08:13:00
ORD105767,2026-04-09,JP,P1049,PG1337,KW11218,1526.12,Completed,2026-04-09 01:05:00
ORD105768,2026-02-20,DE,P1017,PG1151,KW11951,489.85,Cancelled,2026-02-20 19:52:00
ORD105772,2026-05-14,UK,P1032,PG1476,KW10150,1407.52,Cancelled,2026-05-14 02:32:00
ORD105774,2026-04-18,US,P1023,PG1095,KW11324,1177.9,Pending,2026-04-18 17:43:00
ORD105778,2026-03-18,MX,P1035,PG1104,KW10962,290.9,Pending,2026-03-18 19:08:00
ORD105783,2026-04-23,UK,P1019,PG1348,KW10374,2135.01,Returned,2026-04-23 03:19:00
ORD105785,2026-02-28,CA,P1011,PG1143,KW11710,1121.81,Pending,2026-02-28 19:51:00
ORD105786,2026-05-05,JP,P1044,PG1254,KW10838,874.66,Returned,2026-05-05 17:18:00
ORD105787,2026-03-30,AU,P1010,PG1170,KW11654,987.23,Returned,2026-03-30 19:51:00
ORD105790,2026-02-14,DE,P1035,PG1247,KW11021,1135.01,Completed,2026-02-14 09:52:00
ORD105791,2026-03-08,CA,P1004,PG1273,KW11308,796.4,Pending,2026-03-08 04:09:00
ORD105793,2026-05-02,MX,P1014,PG1456,KW10231,1974.24,Completed,2026-05-02 00:59:00
ORD105794,2026-03-24,IN,P1045,PG1262,KW10691,707.67,Pending,2026-03-24 21:10:00
ORD105796,2026-05-23,JP,P1042,PG1277,KW11091,851.05,Completed,2026-05-23 18:32:00
ORD105798,2026-04-16,DE,P1026,PG1337,KW11966,1029.31,Completed,2026-04-16 00:39:00
ORD105801,2026-02-03,CA,P1029,PG1188,KW11632,2369.32,Cancelled,2026-02-03 22:37:00
ORD105803,2026-05-27,BR,P1033,PG1078,KW11483,447.42,Completed,2026-05-27 08:21:00
ORD105810,2026-05-06,IN,P1049,PG1209,KW11244,1092.44,Cancelled,2026-05-06 04:43:00
ORD105816,2026-03-30,UK,P1014,PG1294,KW11405,1110.23,Cancelled,2026-03-30 17:15:00
ORD105821,2026-05-24,AU,P1004,PG1401,KW11657,562.14,Pending,2026-05-24 09:36:00
ORD105822,2026-02-03,FR,P1007,PG1279,KW11577,696.13,Returned,2026-02-03 15:14:00
ORD105823,2026-03-29,CA,P1041,PG1080,KW10592,548.0,Completed,2026-03-29 21:43:00
ORD105825,2026-04-26,UK,P1019,PG1043,KW10309,513.74,Completed,2026-04-26 00:12:00
ORD105828,2026-04-06,UK,P1034,PG1474,KW10746,289.14,Cancelled,2026-04-06 21:17:00
ORD105833,2026-03-23,UK,P1016,PG1435,KW11374,1110.44,Completed,2026-03-23 20:51:00
ORD105835,2026-05-04,UK,P1033,PG1002,KW11076,590.68,Returned,2026-05-04 17:59:00
ORD105840,2026-04-28,US,P1021,PG1415,KW10217,541.01,Completed,2026-04-28 12:40:00
ORD105841,2026-03-25,UK,P1015,PG1212,KW11094,267.94,Completed,2026-03-25 06:46:00
ORD105848,2026-04-19,AU,P1032,PG1359,KW10042,641.14,Pending,2026-04-19 05:52:00
ORD105862,2026-02-15,US,P1017,PG1034,KW11036,610.08,Cancelled,2026-02-15 21:33:00
ORD105866,2026-03-12,AU,P1014,PG1287,KW11008,988.46,Completed,2026-03-12 15:36:00
ORD105868,2026-03-30,MX,P1003,PG1218,KW11712,2312.67,Pending,2026-03-30 05:19:00
ORD105869,2026-05-22,BR,P1033,PG1017,KW11432,855.68,Returned,2026-05-22 12:06:00
ORD105874,2026-05-28,JP,P1032,PG1150,KW10669,1151.48,Completed,2026-05-28 16:30:00
ORD105875,2026-02-20,JP,P1050,PG1471,KW11046,3352.27,Pending,2026-02-20 18:27:00
ORD105876,2026-05-23,US,P1014,PG1331,KW10664,316.03,Pending,2026-05-23 08:16:00
ORD105891,2026-04-20,AU,P1039,PG1157,KW11343,1109.55,Completed,2026-04-20 23:36:00
ORD105892,2026-03-02,JP,P1004,PG1444,KW11731,490.92,Returned,2026-03-02 23:22:00
ORD105894,2026-05-02,CA,P1032,PG1449,KW10327,1075.25,Cancelled,2026-05-02 10:39:00
ORD105897,2026-04-27,FR,P1048,PG1198,KW11831,208.2,Completed,2026-04-27 03:16:00
ORD105899,2026-02-05,JP,P1047,PG1439,KW10322,1093.03,Completed,2026-02-05 20:51:00
ORD105901,2026-02-13,IN,P1049,PG1097,KW11133,394.2,Pending,2026-02-13 17:25:00
ORD105904,2026-03-24,IN,P1040,PG1381,KW11785,1193.17,Completed,2026-03-24 20:45:00
ORD105905,2026-04-24,BR,P1048,PG1262,KW11559,435.33,Returned,2026-04-24 10:33:00
ORD105907,2026-04-01,FR,P1038,PG1322,KW11635,2113.11,Completed,2026-04-01 19:13:00
ORD105910,2026-02-20,DE,P1027,PG1160,KW10999,1834.72,Pending,2026-02-20 03:50:00
ORD105913,2026-03-28,IN,P1044,PG1316,KW11862,393.15,Completed,2026-03-28 15:34:00
ORD105915,2026-04-13,US,P1002,PG1222,KW10498,339.22,Completed,2026-04-13 15:50:00
ORD105917,2026-04-05,US,P1046,PG1275,KW11390,626.12,Completed,2026-04-05 08:25:00
ORD105922,2026-04-22,DE,P1013,PG1337,KW10036,1005.93,Pending,2026-04-22 03:18:00
ORD105925,2026-05-29,FR,P1015,PG1252,KW11308,501.61,Completed,2026-05-29 13:26:00
ORD105926,2026-04-27,FR,P1028,PG1189,KW10101,1583.32,Completed,2026-04-27 17:46:00
ORD105936,2026-03-26,AU,P1034,PG1055,KW10654,1166.87,Completed,2026-03-26 18:47:00
ORD105937,2026-02-04,BR,P1049,PG1278,KW11737,1502.52,Completed,2026-02-04 00:57:00
ORD105944,2026-02-21,BR,P1008,PG1325,KW10686,407.83,Completed,2026-02-21 09:20:00
ORD105945,2026-04-01,US,P1015,PG1364,KW11750,438.74,Completed,2026-04-01 05:11:00
ORD105946,2026-02-27,FR,P1040,PG1145,KW10347,474.49,Completed,2026-02-27 07:12:00
ORD105948,2026-05-22,UK,P1044,PG1157,KW10064,987.55,Completed,2026-05-22 11:15:00
ORD105949,2026-03-21,IN,P1045,PG1096,KW10574,867.82,Cancelled,2026-03-21 02:10:00
ORD105951,2026-04-04,US,P1026,PG1141,KW11535,485.56,Cancelled,2026-04-04 22:44:00
ORD105955,2026-04-12,JP,P1047,PG1001,KW10896,653.59,Completed,2026-04-12 06:21:00
ORD105956,2026-04-05,BR,P1015,PG1352,KW11009,712.59,Completed,2026-04-05 16:37:00
ORD105959,2026-05-04,UK,P1047,PG1336,KW11743,1108.58,Completed,2026-05-04 10:56:00
ORD105962,2026-05-17,BR,P1009,PG1183,KW10415,812.79,Returned,2026-05-17 00:34:00
ORD105971,2026-04-11,BR,P1047,PG1499,KW11798,350.62,Pending,2026-04-11 11:40:00
ORD105975,2026-04-10,FR,P1004,PG1472,KW10137,669.62,Completed,2026-04-10 19:52:00
ORD105978,2026-03-02,US,P1046,PG1095,KW11115,423.64,Completed,2026-03-02 08:51:00
ORD105980,2026-05-12,MX,P1004,PG1395,KW10778,3132.23,Returned,2026-05-12 22:13:00
ORD105986,2026-04-19,DE,P1046,PG1432,KW11310,643.7,Pending,2026-04-19 12:08:00
ORD105988,2026-03-21,IN,P1042,PG1098,KW10140,430.95,Returned,2026-03-21 05:41:00
ORD105990,2026-02-16,US,P1044,PG1476,KW10254,1020.73,Completed,2026-02-16 04:44:00
ORD105994,2026-03-14,AU,P1014,PG1137,KW11106,1031.58,Completed,2026-03-14 10:27:00
ORD105997,2026-04-06,FR,P1021,PG1369,KW10884,355.18,Completed,2026-04-06 23:44:00
ORD105998,2026-02-19,FR,P1023,PG1042,KW10290,497.71,Completed,2026-02-19 07:35:00
ORD105999,2026-05-30,AU,P1028,PG1152,KW10256,1194.95,Completed,2026-05-30 18:09:00
ORD106001,2026-05-06,FR,P1049,PG1310,KW11465,468.91,Returned,2026-05-06 22:58:00
ORD106003,2026-03-11,AU,P1028,PG1455,KW11843,984.92,Completed,2026-03-11 01:31:00
ORD106004,2026-05-03,AU,P1043,PG1033,KW11519,3166.55,Pending,2026-05-03 14:26:00
ORD106005,2026-02-27,FR,P1040,PG1296,KW10007,249.84,Completed,2026-02-27 08:02:00
ORD106009,2026-02-23,MX,P1015,PG1132,KW11438,1818.22,Completed,2026-02-23 13:47:00
ORD106010,2026-05-15,CA,P1050,PG1111,KW11214,400.98,Completed,2026-05-15 20:59:00
ORD106011,2026-02-05,IN,P1006,PG1449,KW11277,911.84,Completed,2026-02-05 16:36:00
ORD106012,2026-05-30,JP,P1017,PG1312,KW11790,395.31,Pending,2026-05-30 12:29:00
ORD106020,2026-02-22,DE,P1039,PG1300,KW11732,557.67,Completed,2026-02-22 01:24:00
ORD106025,2026-04-16,DE,P1003,PG1103,KW11747,515.66,Completed,2026-04-16 03:14:00
ORD106026,2026-04-01,DE,P1039,PG1310,KW11158,1033.52,Completed,2026-04-01 10:36:00
ORD106027,2026-04-21,UK,P1009,PG1326,KW10445,441.59,Completed,2026-04-21 04:01:00
ORD106028,2026-02-01,IN,P1048,PG1240,KW10513,1955.46,Returned,2026-02-01 15:53:00
ORD106030,2026-02-12,US,P1013,PG1499,KW11591,395.6,Pending,2026-02-12 18:26:00
ORD106031,2026-02-03,CA,P1048,PG1052,KW10524,659.66,Returned,2026-02-03 09:45:00
ORD106035,2026-03-03,MX,P1046,PG1314,KW10919,463.4,Pending,2026-03-03 23:40:00
ORD106036,2026-05-08,AU,P1018,PG1103,KW11278,970.7,Pending,2026-05-08 22:49:00
ORD106041,2026-03-28,UK,P1038,PG1259,KW11733,914.76,Completed,2026-03-28 17:50:00
ORD106047,2026-04-14,US,P1012,PG1323,KW11477,714.09,Returned,2026-04-14 22:52:00
ORD106052,2026-04-08,JP,P1033,PG1496,KW10528,626.59,Completed,2026-04-08 03:05:00
ORD106054,2026-02-10,CA,P1001,PG1490,KW11605,1398.04,Returned,2026-02-10 12:35:00
ORD106059,2026-04-22,JP,P1017,PG1046,KW11381,479.69,Returned,2026-04-22 18:17:00
ORD106060,2026-03-27,CA,P1023,PG1333,KW10980,419.34,Cancelled,2026-03-27 10:48:00
ORD106063,2026-04-27,FR,P1047,PG1379,KW11139,256.93,Completed,2026-04-27 02:51:00
ORD106067,2026-04-29,CA,P1024,PG1290,KW11320,1295.82,Returned,2026-04-29 05:20:00
ORD106071,2026-02-22,JP,P1045,PG1120,KW10358,420.01,Completed,2026-02-22 12:23:00
ORD106077,2026-02-16,BR,P1004,PG1077,KW11795,984.26,Cancelled,2026-02-16 16:31:00
ORD106080,2026-03-06,FR,P1042,PG1125,KW10593,2786.07,Pending,2026-03-06 19:45:00
ORD106086,2026-03-31,IN,P1007,PG1388,KW10663,708.02,Pending,2026-03-31 17:02:00
ORD106087,2026-03-24,JP,P1045,PG1449,KW10544,1181.57,Cancelled,2026-03-24 17:22:00
ORD106091,2026-05-25,BR,P1012,PG1276,KW11520,979.86,Completed,2026-05-25 23:17:00
ORD106092,2026-02-12,DE,P1026,PG1236,KW10562,416.49,Returned,2026-02-12 21:11:00
ORD106094,2026-04-08,UK,P1049,PG1058,KW10108,1319.72,Cancelled,2026-04-08 21:37:00
ORD106097,2026-03-12,BR,P1038,PG1024,KW10274,281.45,Cancelled,2026-03-12 07:03:00
ORD106103,2026-05-30,MX,P1017,PG1069,KW10010,499.38,Pending,2026-05-30 21:12:00
ORD106105,2026-05-04,DE,P1011,PG1417,KW11711,1291.65,Completed,2026-05-04 03:56:00
ORD106108,2026-05-12,CA,P1020,PG1266,KW10277,655.72,Completed,2026-05-12 00:38:00
ORD106109,2026-03-05,MX,P1005,PG1034,KW11994,1236.5,Cancelled,2026-03-05 23:55:00
ORD106110,2026-02-26,IN,P1001,PG1307,KW10036,1647.3,Returned,2026-02-26 06:42:00
ORD106113,2026-05-12,JP,P1018,PG1058,KW11606,509.53,Completed,2026-05-12 10:40:00
ORD106120,2026-03-26,DE,P1031,PG1222,KW10095,1078.05,Completed,2026-03-26 04:08:00
ORD106128,2026-05-07,BR,P1019,PG1065,KW11019,4049.1,Completed,2026-05-07 18:20:00
ORD106129,2026-03-21,FR,P1029,PG1463,KW11966,907.76,Completed,2026-03-21 02:14:00
ORD106130,2026-02-10,UK,P1004,PG1449,KW11626,2045.36,Returned,2026-02-10 15:36:00
ORD106131,2026-05-04,FR,P1011,PG1118,KW10626,539.69,Cancelled,2026-05-04 23:42:00
ORD106133,2026-03-28,IN,P1015,PG1483,KW11665,959.6,Completed,2026-03-28 06:17:00
ORD106134,2026-05-27,UK,P1008,PG1074,KW11798,315.59,Returned,2026-05-27 01:24:00
ORD106135,2026-05-27,FR,P1009,PG1250,KW10060,3591.64,Pending,2026-05-27 18:37:00
ORD106137,2026-02-28,FR,P1048,PG1428,KW11746,853.27,Returned,2026-02-28 06:24:00
ORD106140,2026-03-12,JP,P1039,PG1400,KW10156,392.47,Returned,2026-03-12 23:10:00
ORD106147,2026-05-10,BR,P1004,PG1403,KW10547,237.88,Completed,2026-05-10 20:01:00
ORD106148,2026-02-09,BR,P1028,PG1232,KW10057,267.53,Cancelled,2026-02-09 12:19:00
ORD106149,2026-02-16,BR,P1009,PG1420,KW11756,1106.87,Pending,2026-02-16 17:09:00
ORD106150,2026-02-17,IN,P1036,PG1140,KW11149,497.24,Cancelled,2026-02-17 07:20:00
ORD106151,2026-03-13,CA,P1041,PG1199,KW10688,812.88,Completed,2026-03-13 23:00:00
ORD106154,2026-05-17,IN,P1018,PG1094,KW10339,525.97,Pending,2026-05-17 05:30:00
ORD106155,2026-05-22,US,P1031,PG1219,KW11390,1378.15,Pending,2026-05-22 06:07:00
ORD106164,2026-05-31,BR,P1031,PG1196,KW11316,1557.9,Completed,2026-05-31 07:47:00
ORD106167,2026-03-08,MX,P1043,PG1224,KW11159,1105.22,Completed,2026-03-08 15:54:00
ORD106171,2026-02-08,UK,P1045,PG1162,KW10332,489.8,Completed,2026-02-08 19:00:00
ORD106173,2026-02-27,BR,P1010,PG1142,KW11783,970.1,Completed,2026-02-27 12:09:00
ORD106176,2026-02-10,JP,P1004,PG1141,KW10345,600.02,Returned,2026-02-10 15:36:00
ORD106177,2026-05-21,AU,P1043,PG1307,KW11751,494.51,Completed,2026-05-21 07:58:00
ORD106179,2026-04-25,FR,P1020,PG1300,KW10692,426.24,Pending,2026-04-25 04:06:00
ORD106184,2026-04-16,JP,P1033,PG1453,KW10031,786.84,Cancelled,2026-04-16 14:37:00
ORD106194,2026-05-07,JP,P1015,PG1063,KW10052,2316.46,Pending,2026-05-07 21:03:00
ORD106198,2026-03-09,AU,P1042,PG1460,KW11546,640.09,Completed,2026-03-09 16:04:00
ORD106200,2026-03-05,UK,P1001,PG1105,KW11688,820.28,Cancelled,2026-03-05 13:07:00
ORD106202,2026-03-08,FR,P1030,PG1451,KW10004,486.9,Pending,2026-03-08 08:33:00
ORD106209,2026-02-07,US,P1022,PG1266,KW10079,2154.29,Completed,2026-02-07 20:23:00
ORD106210,2026-04-09,MX,P1015,PG1079,KW11391,210.78,Completed,2026-04-09 01:44:00
ORD106211,2026-04-01,MX,P1027,PG1447,KW11613,1163.45,Completed,2026-04-01 03:21:00
ORD106214,2026-05-25,IN,P1037,PG1363,KW11886,821.23,Pending,2026-05-25 09:26:00
ORD106217,2026-02-21,US,P1024,PG1154,KW11928,362.47,Completed,2026-02-21 08:05:00
ORD106222,2026-05-13,UK,P1028,PG1040,KW10677,530.68,Returned,2026-05-13 22:42:00
ORD106228,2026-04-16,FR,P1035,PG1332,KW11171,859.21,Cancelled,2026-04-16 10:35:00
ORD106229,2026-02-05,US,P1026,PG1469,KW10783,1282.53,Pending,2026-02-05 01:48:00
ORD106236,2026-05-12,FR,P1048,PG1279,KW10393,400.15,Completed,2026-05-12 21:58:00
ORD106238,2026-03-15,BR,P1040,PG1010,KW10745,784.92,Completed,2026-03-15 10:48:00
ORD106240,2026-04-28,DE,P1019,PG1060,KW11249,491.35,Cancelled,2026-04-28 06:33:00
ORD106241,2026-02-10,AU,P1009,PG1272,KW10908,1891.23,Completed,2026-02-10 20:12:00
ORD106244,2026-05-31,US,P1007,PG1338,KW10614,507.52,Completed,2026-05-31 23:40:00
ORD106246,2026-02-18,IN,P1026,PG1258,KW11584,756.7,Completed,2026-02-18 02:49:00
ORD106247,2026-03-12,JP,P1026,PG1107,KW10564,351.66,Completed,2026-03-12 11:00:00
ORD106251,2026-05-11,US,P1023,PG1320,KW11428,1540.65,Cancelled,2026-05-11 12:41:00
ORD106254,2026-03-19,DE,P1048,PG1031,KW10585,622.28,Pending,2026-03-19 16:09:00
ORD106255,2026-03-29,CA,P1006,PG1246,KW10228,537.42,Completed,2026-03-29 20:57:00
ORD106256,2026-03-18,AU,P1032,PG1003,KW11783,789.68,Cancelled,2026-03-18 20:04:00
ORD106260,2026-03-02,JP,P1018,PG1326,KW10564,921.88,Completed,2026-03-02 04:43:00
ORD106261,2026-05-18,UK,P1026,PG1312,KW10887,509.2,Cancelled,2026-05-18 16:52:00
ORD106263,2026-04-14,DE,P1042,PG1081,KW10965,1197.0,Completed,2026-04-14 07:23:00
ORD106266,2026-04-25,AU,P1026,PG1412,KW10437,1310.16,Completed,2026-04-25 13:08:00
ORD106267,2026-03-01,BR,P1008,PG1171,KW11153,505.95,Cancelled,2026-03-01 12:22:00
ORD106268,2026-02-05,UK,P1005,PG1303,KW11246,2274.2,Cancelled,2026-02-05 05:25:00
ORD106274,2026-03-23,US,P1028,PG1454,KW11434,3703.64,Cancelled,2026-03-23 17:51:00
ORD106276,2026-05-12,IN,P1033,PG1133,KW11047,1133.5,Pending,2026-05-12 02:52:00
ORD106279,2026-04-13,DE,P1044,PG1412,KW11443,1067.42,Completed,2026-04-13 22:17:00
ORD106285,2026-03-02,DE,P1011,PG1326,KW11742,595.98,Completed,2026-03-02 19:19:00
ORD106289,2026-05-14,FR,P1016,PG1037,KW11604,590.64,Completed,2026-05-14 08:32:00
ORD106294,2026-05-25,US,P1046,PG1155,KW10708,325.21,Pending,2026-05-25 16:22:00
ORD106295,2026-05-20,UK,P1032,PG1206,KW11699,1400.62,Returned,2026-05-20 17:27:00
ORD106297,2026-03-26,FR,P1029,PG1342,KW10649,608.61,Completed,2026-03-26 18:31:00
ORD106300,2026-02-05,JP,P1047,PG1280,KW10045,1176.98,Pending,2026-02-05 21:06:00
ORD106301,2026-04-12,US,P1044,PG1329,KW10285,874.35,Returned,2026-04-12 00:22:00
ORD106303,2026-05-23,JP,P1028,PG1071,KW11771,446.23,Returned,2026-05-23 17:32:00
ORD106305,2026-04-18,JP,P1017,PG1308,KW10026,767.46,Completed,2026-04-18 20:55:00
ORD106312,2026-04-17,CA,P1017,PG1017,KW10571,1054.74,Cancelled,2026-04-17 13:41:00
ORD106313,2026-03-01,AU,P1045,PG1297,KW10137,1029.18,Pending,2026-03-01 22:47:00
ORD106317,2026-05-21,UK,P1041,PG1220,KW10622,326.27,Completed,2026-05-21 01:53:00
ORD106320,2026-05-08,US,P1020,PG1067,KW10325,723.23,Completed,2026-05-08 01:27:00
ORD106322,2026-02-04,US,P1021,PG1178,KW11090,854.37,Returned,2026-02-04 17:41:00
ORD106327,2026-02-15,BR,P1040,PG1024,KW10818,1079.73,Completed,2026-02-15 08:19:00
ORD106333,2026-03-08,FR,P1035,PG1205,KW11725,604.28,Returned,2026-03-08 11:58:00
ORD106336,2026-02-19,UK,P1019,PG1494,KW10132,306.83,Cancelled,2026-02-19 21:49:00
ORD106337,2026-05-24,UK,P1045,PG1346,KW11228,1384.72,Returned,2026-05-24 21:53:00
ORD106338,2026-03-26,DE,P1030,PG1186,KW10439,2773.1,Completed,2026-03-26 23:49:00
ORD106341,2026-04-28,JP,P1003,PG1438,KW11479,628.31,Completed,2026-04-28 03:37:00
ORD106343,2026-04-29,AU,P1038,PG1416,KW10190,939.98,Returned,2026-04-29 14:18:00
ORD106344,2026-02-23,BR,P1029,PG1244,KW10873,1380.22,Returned,2026-02-23 09:35:00
ORD106350,2026-05-27,AU,P1046,PG1012,KW11004,563.44,Completed,2026-05-27 06:29:00
ORD106356,2026-04-27,JP,P1032,PG1443,KW10240,1139.6,Completed,2026-04-27 19:58:00
ORD106363,2026-05-16,CA,P1004,PG1124,KW10657,701.5,Completed,2026-05-16 13:39:00
ORD106365,2026-05-15,BR,P1001,PG1247,KW10821,797.57,Returned,2026-05-15 23:01:00
ORD106375,2026-02-08,US,P1050,PG1094,KW11392,974.65,Cancelled,2026-02-08 05:31:00
ORD106376,2026-05-22,US,P1020,PG1363,KW10608,1030.12,Completed,2026-05-22 13:56:00
ORD106378,2026-04-09,IN,P1005,PG1090,KW11045,351.14,Completed,2026-04-09 06:27:00
ORD106380,2026-02-12,DE,P1035,PG1210,KW10680,1023.74,Returned,2026-02-12 19:36:00
ORD106381,2026-04-06,UK,P1002,PG1212,KW11297,1005.43,Returned,2026-04-06 11:06:00
ORD106384,2026-05-20,BR,P1007,PG1467,KW10796,1091.4,Returned,2026-05-20 10:30:00
ORD106385,2026-03-23,UK,P1040,PG1261,KW11207,1517.62,Returned,2026-03-23 17:45:00
ORD106387,2026-02-20,US,P1044,PG1341,KW11573,411.19,Returned,2026-02-20 12:13:00
ORD106388,2026-05-25,AU,P1034,PG1280,KW10060,1074.27,Returned,2026-05-25 13:43:00
ORD106393,2026-05-16,US,P1019,PG1359,KW11196,534.77,Pending,2026-05-16 20:16:00
ORD106394,2026-05-20,FR,P1028,PG1438,KW11568,1544.19,Completed,2026-05-20 08:03:00
ORD106398,2026-05-13,US,P1033,PG1270,KW10605,445.11,Completed,2026-05-13 02:38:00
ORD106399,2026-05-26,BR,P1039,PG1356,KW10046,2492.5,Pending,2026-05-26 21:50:00
ORD106403,2026-03-04,IN,P1050,PG1121,KW10521,635.17,Returned,2026-03-04 13:14:00
ORD106404,2026-02-05,MX,P1026,PG1500,KW10350,377.84,Pending,2026-02-05 03:47:00
ORD106408,2026-05-06,DE,P1033,PG1169,KW10455,1291.45,Returned,2026-05-06 16:26:00
ORD106409,2026-03-17,DE,P1024,PG1463,KW11487,1063.86,Completed,2026-03-17 08:21:00
ORD106410,2026-05-14,US,P1025,PG1497,KW10142,295.19,Completed,2026-05-14 23:21:00
ORD106416,2026-04-17,AU,P1047,PG1243,KW11291,581.3,Completed,2026-04-17 20:47:00
ORD106418,2026-02-22,JP,P1025,PG1085,KW11587,1726.85,Cancelled,2026-02-22 17:24:00
ORD106425,2026-04-14,AU,P1003,PG1256,KW10699,1057.54,Cancelled,2026-04-14 00:31:00
ORD106429,2026-05-02,UK,P1049,PG1178,KW10219,609.99,Completed,2026-05-02 23:18:00
ORD106430,2026-03-19,BR,P1005,PG1398,KW10312,797.45,Completed,2026-03-19 21:07:00
ORD106434,2026-05-18,BR,P1030,PG1249,KW10015,2769.02,Completed,2026-05-18 21:44:00
ORD106438,2026-03-23,FR,P1025,PG1102,KW11342,843.7,Completed,2026-03-23 22:12:00
ORD106442,2026-03-27,FR,P1040,PG1343,KW10897,516.82,Completed,2026-03-27 21:29:00
ORD106443,2026-04-12,CA,P1035,PG1038,KW10717,679.24,Completed,2026-04-12 01:24:00
ORD106444,2026-02-08,UK,P1048,PG1411,KW11392,486.2,Cancelled,2026-02-08 01:34:00
ORD106446,2026-05-02,US,P1002,PG1410,KW10120,631.87,Cancelled,2026-05-02 06:56:00
ORD106448,2026-02-17,US,P1034,PG1281,KW10405,864.69,Cancelled,2026-02-17 18:03:00
ORD106451,2026-04-12,AU,P1036,PG1269,KW10320,810.52,Cancelled,2026-04-12 11:52:00
ORD106456,2026-04-11,MX,P1041,PG1448,KW11728,758.56,Completed,2026-04-11 19:17:00
ORD106458,2026-04-22,FR,P1006,PG1079,KW10761,4834.41,Completed,2026-04-22 06:46:00
ORD106459,2026-05-08,JP,P1046,PG1133,KW10821,670.97,Completed,2026-05-08 10:01:00
ORD106462,2026-03-09,AU,P1002,PG1457,KW10633,1673.11,Completed,2026-03-09 01:15:00
ORD106466,2026-05-16,UK,P1001,PG1420,KW10256,671.76,Completed,2026-05-16 11:22:00
ORD106468,2026-05-18,IN,P1046,PG1320,KW10326,1099.99,Completed,2026-05-18 04:35:00
ORD106472,2026-04-19,UK,P1032,PG1412,KW11590,407.59,Completed,2026-04-19 23:58:00
ORD106474,2026-02-26,JP,P1046,PG1229,KW10050,812.93,Completed,2026-02-26 02:23:00
ORD106477,2026-02-19,US,P1005,PG1427,KW11007,626.34,Returned,2026-02-19 20:16:00
ORD106478,2026-05-29,UK,P1025,PG1023,KW10265,1440.47,Cancelled,2026-05-29 19:47:00
ORD106480,2026-02-03,DE,P1010,PG1291,KW10148,937.37,Pending,2026-02-03 22:45:00
ORD106482,2026-02-03,JP,P1028,PG1335,KW10264,903.98,Pending,2026-02-03 06:01:00
ORD106483,2026-03-28,DE,P1029,PG1379,KW10603,309.42,Completed,2026-03-28 10:12:00
ORD106484,2026-03-24,IN,P1016,PG1492,KW11732,968.02,Returned,2026-03-24 16:09:00
ORD106485,2026-03-06,FR,P1019,PG1150,KW10225,800.28,Completed,2026-03-06 13:53:00
ORD106486,2026-05-26,DE,P1006,PG1177,KW11006,1877.19,Cancelled,2026-05-26 19:33:00
ORD106495,2026-05-30,UK,P1013,PG1233,KW11860,1043.14,Completed,2026-05-30 14:27:00
ORD106497,2026-04-26,DE,P1040,PG1418,KW11393,1302.74,Returned,2026-04-26 16:11:00
ORD106505,2026-03-06,BR,P1005,PG1208,KW10568,1038.92,Returned,2026-03-06 14:17:00
ORD106517,2026-05-22,AU,P1012,PG1068,KW10783,967.62,Completed,2026-05-22 01:42:00
ORD106518,2026-03-09,CA,P1026,PG1190,KW10465,1264.37,Completed,2026-03-09 03:47:00
ORD106519,2026-05-06,IN,P1041,PG1344,KW11262,406.99,Completed,2026-05-06 03:46:00
ORD106520,2026-02-08,US,P1039,PG1349,KW11366,434.29,Completed,2026-02-08 21:20:00
ORD106522,2026-03-24,MX,P1010,PG1352,KW10323,522.67,Pending,2026-03-24 19:49:00
ORD106525,2026-03-21,MX,P1017,PG1196,KW10544,1722.11,Completed,2026-03-21 17:55:00
ORD106527,2026-05-11,JP,P1025,PG1201,KW10176,247.03,Cancelled,2026-05-11 12:34:00
ORD106532,2026-03-20,UK,P1006,PG1005,KW10699,1627.7,Completed,2026-03-20 00:05:00
ORD106533,2026-05-14,DE,P1033,PG1311,KW11561,696.56,Pending,2026-05-14 04:41:00
ORD106535,2026-03-28,BR,P1008,PG1083,KW10249,1046.91,Completed,2026-03-28 00:59:00
ORD106537,2026-05-01,AU,P1002,PG1081,KW11426,3340.59,Pending,2026-05-01 00:25:00
ORD106538,2026-02-05,CA,P1025,PG1296,KW11285,1058.77,Cancelled,2026-02-05 08:15:00
ORD106540,2026-02-17,MX,P1012,PG1094,KW10694,666.61,Completed,2026-02-17 12:55:00
ORD106541,2026-03-02,CA,P1042,PG1199,KW10016,292.49,Cancelled,2026-03-02 12:25:00
ORD106543,2026-04-11,UK,P1006,PG1175,KW10176,358.66,Pending,2026-04-11 07:56:00
ORD106544,2026-05-04,IN,P1038,PG1404,KW10198,1974.62,Completed,2026-05-04 00:17:00
ORD106547,2026-03-15,MX,P1044,PG1216,KW10189,1044.93,Returned,2026-03-15 12:31:00
ORD106551,2026-05-01,FR,P1031,PG1334,KW11489,580.1,Completed,2026-05-01 02:17:00
ORD106552,2026-04-16,MX,P1040,PG1364,KW11368,905.94,Completed,2026-04-16 11:44:00
ORD106553,2026-05-30,MX,P1048,PG1335,KW10041,823.69,Returned,2026-05-30 07:25:00
ORD106556,2026-03-19,BR,P1025,PG1391,KW11487,1145.84,Returned,2026-03-19 13:03:00
ORD106566,2026-02-13,MX,P1038,PG1136,KW11129,670.9,Cancelled,2026-02-13 03:05:00
ORD106569,2026-03-08,DE,P1019,PG1140,KW10732,1622.85,Pending,2026-03-08 04:02:00
ORD106573,2026-03-06,AU,P1023,PG1138,KW10384,415.28,Completed,2026-03-06 11:23:00
ORD106574,2026-04-06,BR,P1021,PG1261,KW10702,708.54,Completed,2026-04-06 01:37:00
ORD106578,2026-05-28,DE,P1024,PG1066,KW11537,987.38,Returned,2026-05-28 09:27:00
ORD106579,2026-05-11,FR,P1030,PG1072,KW10874,793.18,Completed,2026-05-11 17:56:00
ORD106581,2026-03-20,JP,P1001,PG1335,KW11114,1148.41,Completed,2026-03-20 20:55:00
ORD106584,2026-03-04,DE,P1023,PG1306,KW11309,1161.13,Cancelled,2026-03-04 21:11:00
ORD106585,2026-02-24,MX,P1008,PG1355,KW11363,1014.54,Completed,2026-02-24 22:49:00
ORD106589,2026-02-18,DE,P1009,PG1274,KW10733,604.12,Cancelled,2026-02-18 17:56:00
ORD106590,2026-05-04,UK,P1011,PG1253,KW11788,818.55,Completed,2026-05-04 00:12:00
ORD106591,2026-05-08,DE,P1046,PG1239,KW10012,1523.53,Cancelled,2026-05-08 13:52:00
ORD106596,2026-04-21,DE,P1011,PG1267,KW11057,501.05,Completed,2026-04-21 18:54:00
ORD106598,2026-03-07,IN,P1006,PG1304,KW11566,653.71,Cancelled,2026-03-07 12:37:00
ORD106600,2026-05-30,FR,P1017,PG1017,KW11857,864.61,Pending,2026-05-30 01:37:00
ORD106606,2026-03-10,JP,P1018,PG1097,KW10909,854.67,Cancelled,2026-03-10 00:30:00
ORD106609,2026-05-21,BR,P1006,PG1353,KW11871,285.88,Cancelled,2026-05-21 05:19:00
ORD106611,2026-03-17,CA,P1045,PG1447,KW10309,1496.75,Completed,2026-03-17 06:39:00
ORD106612,2026-02-13,MX,P1031,PG1116,KW10042,265.91,Cancelled,2026-02-13 21:14:00
ORD106614,2026-02-09,CA,P1001,PG1052,KW10549,2394.04,Cancelled,2026-02-09 22:17:00
ORD106616,2026-04-16,AU,P1030,PG1125,KW11525,776.41,Completed,2026-04-16 11:56:00
ORD106619,2026-04-26,JP,P1017,PG1468,KW11903,393.89,Completed,2026-04-26 03:13:00
ORD106620,2026-05-02,IN,P1036,PG1455,KW11894,844.35,Cancelled,2026-05-02 00:39:00
ORD106624,2026-04-08,AU,P1011,PG1450,KW11730,522.51,Completed,2026-04-08 11:14:00
ORD106626,2026-04-04,DE,P1029,PG1090,KW11860,2384.34,Completed,2026-04-04 19:25:00
ORD106630,2026-05-09,JP,P1026,PG1323,KW11314,794.88,Cancelled,2026-05-09 10:08:00
ORD106631,2026-03-22,JP,P1039,PG1192,KW11006,853.31,Completed,2026-03-22 05:31:00
ORD106636,2026-05-21,UK,P1026,PG1067,KW10729,1054.25,Completed,2026-05-21 23:40:00
ORD106639,2026-04-27,JP,P1047,PG1448,KW10585,535.86,Cancelled,2026-04-27 16:05:00
ORD106640,2026-05-23,AU,P1040,PG1026,KW11846,154.2,Pending,2026-05-23 14:15:00
ORD106641,2026-05-30,IN,P1004,PG1067,KW10649,1007.91,Cancelled,2026-05-30 00:08:00
ORD106642,2026-05-01,JP,P1029,PG1174,KW10139,493.06,Cancelled,2026-05-01 07:04:00
ORD106644,2026-05-04,AU,P1046,PG1375,KW11243,302.62,Completed,2026-05-04 15:21:00
ORD106646,2026-03-24,AU,P1045,PG1366,KW10878,412.13,Completed,2026-03-24 08:06:00
ORD106648,2026-03-21,JP,P1046,PG1002,KW10312,946.76,Cancelled,2026-03-21 05:52:00
ORD106649,2026-03-21,JP,P1035,PG1260,KW10934,348.48,Completed,2026-03-21 02:14:00
ORD106651,2026-03-01,BR,P1019,PG1490,KW10597,1117.7,Completed,2026-03-01 10:15:00
ORD106654,2026-03-28,AU,P1002,PG1376,KW10920,690.77,Cancelled,2026-03-28 08:51:00
ORD106660,2026-02-25,FR,P1045,PG1449,KW10500,721.85,Cancelled,2026-02-25 06:04:00
ORD106666,2026-04-04,CA,P1048,PG1496,KW10245,768.31,Completed,2026-04-04 22:09:00
ORD106668,2026-04-17,CA,P1050,PG1289,KW11268,372.09,Returned,2026-04-17 10:40:00
ORD106669,2026-04-15,UK,P1015,PG1288,KW10365,794.88,Cancelled,2026-04-15 02:08:00
ORD106674,2026-02-20,AU,P1014,PG1362,KW11426,1921.11,Completed,2026-02-20 11:55:00
ORD106681,2026-02-11,FR,P1046,PG1413,KW10560,594.17,Returned,2026-02-11 03:48:00
ORD106685,2026-05-02,BR,P1040,PG1448,KW11100,1505.6,Completed,2026-05-02 12:11:00
ORD106688,2026-04-05,DE,P1043,PG1276,KW11789,360.71,Pending,2026-04-05 20:01:00
ORD106689,2026-05-14,MX,P1040,PG1304,KW11908,433.22,Completed,2026-05-14 08:49:00
ORD106696,2026-03-09,DE,P1025,PG1399,KW11686,379.18,Returned,2026-03-09 06:08:00
ORD106699,2026-03-21,BR,P1009,PG1159,KW10563,1918.51,Pending,2026-03-21 07:09:00
ORD106701,2026-02-11,FR,P1043,PG1151,KW10683,652.81,Completed,2026-02-11 15:31:00
ORD106704,2026-04-30,AU,P1042,PG1441,KW10405,773.14,Completed,2026-04-30 13:41:00
ORD106706,2026-04-13,MX,P1016,PG1428,KW10920,857.39,Completed,2026-04-13 23:49:00
ORD106710,2026-05-24,DE,P1002,PG1433,KW10251,292.78,Completed,2026-05-24 23:11:00
ORD106712,2026-03-06,JP,P1006,PG1335,KW11624,738.59,Completed,2026-03-06 10:16:00
ORD106714,2026-02-19,AU,P1042,PG1276,KW11554,908.76,Completed,2026-02-19 02:51:00
ORD106717,2026-05-14,JP,P1005,PG1320,KW11037,632.49,Cancelled,2026-05-14 15:54:00
ORD106723,2026-04-03,JP,P1047,PG1107,KW11765,3357.04,Completed,2026-04-03 06:03:00
ORD106724,2026-04-05,UK,P1036,PG1375,KW11911,917.19,Completed,2026-04-05 17:05:00
ORD106725,2026-04-27,CA,P1017,PG1011,KW10360,1014.52,Completed,2026-04-27 03:35:00
ORD106726,2026-02-05,UK,P1042,PG1048,KW10995,1102.49,Completed,2026-02-05 18:36:00
ORD106732,2026-02-14,FR,P1027,PG1358,KW11537,921.1,Completed,2026-02-14 02:00:00
ORD106734,2026-03-23,CA,P1036,PG1095,KW11462,1221.22,Cancelled,2026-03-23 23:00:00
ORD106738,2026-03-11,AU,P1045,PG1142,KW10432,1640.35,Pending,2026-03-11 07:07:00
ORD106743,2026-04-21,FR,P1012,PG1173,KW11872,863.21,Returned,2026-04-21 15:08:00
ORD106745,2026-04-12,FR,P1016,PG1393,KW10203,956.07,Completed,2026-04-12 10:26:00
ORD106752,2026-04-13,IN,P1022,PG1192,KW10954,1718.23,Cancelled,2026-04-13 04:48:00
ORD106753,2026-04-07,AU,P1027,PG1456,KW10141,414.99,Completed,2026-04-07 09:10:00
ORD106768,2026-02-18,CA,P1006,PG1360,KW10285,428.07,Returned,2026-02-18 20:03:00
ORD106769,2026-03-04,MX,P1046,PG1154,KW11316,891.77,Completed,2026-03-04 05:12:00
ORD106776,2026-04-14,CA,P1036,PG1091,KW10811,213.13,Returned,2026-04-14 12:59:00
ORD106779,2026-03-27,MX,P1007,PG1188,KW11907,785.88,Cancelled,2026-03-27 03:18:00
ORD106784,2026-03-15,BR,P1007,PG1448,KW10446,710.25,Completed,2026-03-15 13:09:00
ORD106789,2026-03-16,US,P1041,PG1069,KW11528,698.7,Returned,2026-03-16 08:44:00
ORD106790,2026-04-18,MX,P1049,PG1364,KW10055,537.1,Completed,2026-04-18 01:52:00
ORD106800,2026-03-09,DE,P1020,PG1289,KW10960,1079.62,Completed,2026-03-09 04:47:00
ORD106802,2026-04-12,DE,P1037,PG1023,KW10937,783.96,Returned,2026-04-12 02:58:00
ORD106807,2026-05-06,MX,P1026,PG1333,KW11345,847.25,Completed,2026-05-06 20:21:00
ORD106812,2026-04-27,BR,P1031,PG1005,KW11462,685.1,Returned,2026-04-27 23:22:00
ORD106813,2026-04-18,BR,P1019,PG1067,KW11829,844.28,Completed,2026-04-18 02:11:00
ORD106816,2026-04-29,JP,P1048,PG1273,KW10342,1119.05,Returned,2026-04-29 23:07:00
ORD106818,2026-03-17,MX,P1041,PG1231,KW11077,1069.0,Returned,2026-03-17 00:52:00
ORD106820,2026-04-25,AU,P1020,PG1083,KW10221,2087.0,Completed,2026-04-25 19:34:00
ORD106822,2026-04-17,AU,P1014,PG1097,KW10771,1378.29,Completed,2026-04-17 06:09:00
ORD106824,2026-05-20,MX,P1043,PG1341,KW11556,870.05,Returned,2026-05-20 16:03:00
ORD106825,2026-05-21,BR,P1049,PG1065,KW10484,1160.02,Completed,2026-05-21 12:09:00
ORD106827,2026-04-20,DE,P1042,PG1150,KW11359,1180.11,Completed,2026-04-20 09:36:00
ORD106836,2026-02-02,US,P1020,PG1482,KW10539,893.63,Completed,2026-02-02 16:03:00
ORD106838,2026-02-28,JP,P1032,PG1334,KW11058,1690.65,Completed,2026-02-28 23:52:00
ORD106839,2026-04-27,JP,P1003,PG1388,KW10250,1119.72,Completed,2026-04-27 15:40:00
ORD106842,2026-05-12,UK,P1022,PG1043,KW10040,1450.89,Completed,2026-05-12 06:30:00
ORD106845,2026-02-25,US,P1028,PG1159,KW11836,1485.79,Returned,2026-02-25 23:12:00
ORD106852,2026-05-06,IN,P1039,PG1113,KW11999,422.36,Returned,2026-05-06 01:11:00
ORD106853,2026-02-24,JP,P1038,PG1151,KW10799,245.78,Pending,2026-02-24 02:06:00
ORD106860,2026-05-15,MX,P1020,PG1278,KW11075,498.31,Pending,2026-05-15 09:09:00
ORD106865,2026-05-20,US,P1022,PG1010,KW11112,1828.36,Returned,2026-05-20 07:16:00
ORD106868,2026-03-04,DE,P1001,PG1341,KW10648,845.32,Returned,2026-03-04 14:04:00
ORD106869,2026-03-17,MX,P1008,PG1414,KW10900,1202.52,Pending,2026-03-17 00:09:00
ORD106871,2026-03-22,UK,P1026,PG1138,KW10993,700.56,Returned,2026-03-22 03:10:00
ORD106872,2026-02-06,AU,P1036,PG1123,KW11672,556.9,Completed,2026-02-06 12:04:00
ORD106875,2026-03-31,FR,P1047,PG1408,KW11083,427.96,Completed,2026-03-31 01:06:00
ORD106877,2026-05-08,MX,P1022,PG1461,KW10097,806.01,Returned,2026-05-08 16:49:00
ORD106892,2026-02-01,DE,P1049,PG1178,KW10320,360.28,Completed,2026-02-01 21:00:00
ORD106893,2026-03-30,CA,P1043,PG1196,KW11812,921.86,Returned,2026-03-30 17:56:00
ORD106897,2026-04-04,IN,P1015,PG1097,KW11269,572.21,Pending,2026-04-04 13:23:00
ORD106900,2026-02-11,AU,P1026,PG1211,KW11477,1375.06,Pending,2026-02-11 05:04:00
ORD106901,2026-03-05,FR,P1001,PG1100,KW11498,689.28,Cancelled,2026-03-05 21:29:00
ORD106908,2026-05-21,US,P1031,PG1057,KW11520,862.22,Completed,2026-05-21 13:41:00
ORD106910,2026-05-18,CA,P1049,PG1399,KW11483,1481.61,Cancelled,2026-05-18 18:44:00
ORD106911,2026-02-08,AU,P1004,PG1355,KW11660,1572.24,Cancelled,2026-02-08 06:40:00
ORD106912,2026-02-22,DE,P1003,PG1454,KW10505,790.8,Completed,2026-02-22 06:45:00
ORD106914,2026-04-18,AU,P1023,PG1077,KW11978,419.4,Returned,2026-04-18 11:24:00
ORD106915,2026-02-18,BR,P1019,PG1026,KW11646,993.78,Completed,2026-02-18 15:58:00
ORD106925,2026-02-22,CA,P1050,PG1048,KW11677,593.51,Completed,2026-02-22 02:57:00
ORD106932,2026-05-16,DE,P1032,PG1194,KW11113,617.71,Completed,2026-05-16 05:54:00
ORD106934,2026-03-28,IN,P1046,PG1030,KW11275,919.29,Pending,2026-03-28 07:55:00
ORD106935,2026-04-12,BR,P1022,PG1400,KW11806,1520.78,Pending,2026-04-12 08:53:00
ORD106942,2026-04-29,IN,P1030,PG1004,KW10011,518.7,Completed,2026-04-29 06:32:00
ORD106947,2026-04-09,JP,P1021,PG1145,KW11945,1145.93,Pending,2026-04-09 00:18:00
ORD106949,2026-04-15,AU,P1044,PG1103,KW10956,3267.1,Cancelled,2026-04-15 00:04:00
ORD106953,2026-05-25,JP,P1045,PG1285,KW11454,1946.22,Cancelled,2026-05-25 09:17:00
ORD106957,2026-03-03,DE,P1018,PG1417,KW11302,836.63,Pending,2026-03-03 05:02:00
ORD106958,2026-02-15,BR,P1023,PG1165,KW11203,999.61,Cancelled,2026-02-15 18:47:00
ORD106965,2026-02-11,UK,P1029,PG1179,KW11050,1521.59,Completed,2026-02-11 17:12:00
ORD106968,2026-04-08,BR,P1046,PG1315,KW10458,1157.26,Returned,2026-04-08 15:32:00
ORD106970,2026-02-12,AU,P1024,PG1058,KW10896,571.5,Pending,2026-02-12 08:19:00
ORD106972,2026-04-02,BR,P1036,PG1386,KW11924,840.28,Completed,2026-04-02 10:13:00
ORD106974,2026-04-06,FR,P1005,PG1260,KW11527,1413.84,Completed,2026-04-06 17:12:00
ORD106975,2026-03-06,AU,P1043,PG1164,KW11087,983.16,Completed,2026-03-06 17:25:00
ORD106980,2026-05-26,AU,P1017,PG1019,KW10472,860.28,Pending,2026-05-26 03:03:00
ORD106982,2026-03-31,BR,P1008,PG1060,KW11394,598.12,Completed,2026-03-31 05:34:00
ORD106992,2026-03-02,BR,P1035,PG1319,KW11991,1660.76,Returned,2026-03-02 04:15:00
ORD106993,2026-02-28,IN,P1031,PG1361,KW11364,1468.56,Completed,2026-02-28 18:35:00
ORD106997,2026-02-03,BR,P1050,PG1116,KW10827,570.6,Pending,2026-02-03 07:03:00
ORD106998,2026-04-08,US,P1015,PG1264,KW10256,993.72,Pending,2026-04-08 18:13:00
ORD107002,2026-02-06,MX,P1029,PG1186,KW11452,356.92,Returned,2026-02-06 17:29:00
ORD107009,2026-02-08,JP,P1021,PG1345,KW10327,2467.05,Completed,2026-02-08 15:01:00
ORD107011,2026-02-23,FR,P1045,PG1399,KW10267,1552.39,Completed,2026-02-23 14:30:00
ORD107013,2026-02-09,CA,P1039,PG1252,KW11056,5866.57,Completed,2026-02-09 04:49:00
ORD107017,2026-03-03,DE,P1025,PG1321,KW11503,656.69,Pending,2026-03-03 19:21:00
ORD107020,2026-05-19,CA,P1047,PG1328,KW11013,936.42,Completed,2026-05-19 06:03:00
ORD107022,2026-05-10,AU,P1002,PG1458,KW11359,1109.47,Completed,2026-05-10 12:29:00
ORD107023,2026-03-18,CA,P1023,PG1150,KW10083,1303.79,Completed,2026-03-18 05:44:00
ORD107026,2026-02-16,JP,P1026,PG1018,KW11791,1161.67,Completed,2026-02-16 10:44:00
ORD107027,2026-03-23,JP,P1048,PG1499,KW10572,526.83,Completed,2026-03-23 01:25:00
ORD107030,2026-04-21,DE,P1008,PG1044,KW10766,1152.65,Completed,2026-04-21 01:19:00
ORD107036,2026-05-19,FR,P1028,PG1471,KW11814,627.36,Returned,2026-05-19 03:48:00
ORD107041,2026-03-23,JP,P1041,PG1339,KW11310,1651.99,Completed,2026-03-23 01:37:00
ORD107046,2026-03-10,CA,P1039,PG1038,KW10504,680.91,Cancelled,2026-03-10 20:46:00
ORD107047,2026-05-17,IN,P1012,PG1231,KW11826,1188.46,Pending,2026-05-17 15:39:00
ORD107050,2026-05-11,AU,P1049,PG1165,KW10061,914.24,Returned,2026-05-11 08:16:00
ORD107052,2026-03-16,JP,P1013,PG1155,KW10078,692.29,Returned,2026-03-16 23:36:00
ORD107054,2026-03-16,CA,P1026,PG1162,KW11261,602.84,Cancelled,2026-03-16 00:17:00
ORD107055,2026-04-20,IN,P1024,PG1384,KW10350,786.04,Pending,2026-04-20 14:53:00
ORD107057,2026-02-07,DE,P1013,PG1002,KW11108,1003.09,Cancelled,2026-02-07 11:16:00
ORD107059,2026-04-21,BR,P1031,PG1221,KW10803,542.91,Pending,2026-04-21 23:05:00
ORD107060,2026-03-10,MX,P1015,PG1272,KW10918,1544.06,Completed,2026-03-10 15:35:00
ORD107061,2026-04-25,DE,P1030,PG1394,KW11369,686.16,Cancelled,2026-04-25 23:49:00
ORD107062,2026-04-26,MX,P1012,PG1422,KW10656,622.18,Returned,2026-04-26 00:35:00
ORD107064,2026-03-05,JP,P1031,PG1260,KW11095,1145.54,Completed,2026-03-05 21:58:00
ORD107067,2026-04-03,UK,P1035,PG1425,KW11632,790.58,Completed,2026-04-03 00:07:00
ORD107069,2026-03-04,US,P1009,PG1265,KW11075,1019.86,Completed,2026-03-04 19:07:00
ORD107075,2026-03-06,FR,P1043,PG1111,KW10451,660.72,Returned,2026-03-06 10:24:00
ORD107078,2026-03-10,CA,P1002,PG1105,KW10368,745.82,Cancelled,2026-03-10 09:57:00
ORD107087,2026-05-10,JP,P1040,PG1206,KW11418,511.91,Returned,2026-05-10 13:24:00
ORD107088,2026-02-10,BR,P1012,PG1437,KW10969,879.27,Pending,2026-02-10 13:01:00
ORD107093,2026-05-13,CA,P1019,PG1434,KW11266,326.07,Returned,2026-05-13 17:17:00
ORD107095,2026-03-16,FR,P1037,PG1156,KW11764,1111.93,Pending,2026-03-16 12:11:00
ORD107096,2026-05-28,IN,P1038,PG1131,KW11009,1475.74,Cancelled,2026-05-28 06:49:00
ORD107097,2026-05-02,US,P1030,PG1007,KW10394,544.72,Cancelled,2026-05-02 04:28:00
ORD107104,2026-05-29,MX,P1038,PG1437,KW10695,599.42,Completed,2026-05-29 21:07:00
ORD107106,2026-05-28,JP,P1043,PG1243,KW11861,2492.06,Completed,2026-05-28 11:33:00
ORD107108,2026-04-28,FR,P1045,PG1033,KW10184,999.68,Pending,2026-04-28 19:01:00
ORD107119,2026-02-25,US,P1006,PG1355,KW10378,1236.85,Completed,2026-02-25 10:47:00
ORD107121,2026-02-14,BR,P1005,PG1350,KW11770,935.92,Pending,2026-02-14 23:31:00
ORD107122,2026-04-18,MX,P1012,PG1367,KW10748,746.38,Cancelled,2026-04-18 16:46:00
ORD107124,2026-05-16,BR,P1036,PG1182,KW10671,861.6,Pending,2026-05-16 06:05:00
ORD107127,2026-05-03,FR,P1036,PG1057,KW11763,703.57,Cancelled,2026-05-03 05:00:00
ORD107131,2026-03-25,UK,P1036,PG1262,KW10854,848.33,Completed,2026-03-25 14:48:00
ORD107132,2026-03-07,IN,P1002,PG1402,KW10216,1515.11,Pending,2026-03-07 06:01:00
ORD107133,2026-02-06,MX,P1040,PG1410,KW11120,1136.34,Completed,2026-02-06 21:04:00
ORD107134,2026-05-27,CA,P1046,PG1120,KW11781,342.86,Completed,2026-05-27 08:15:00
ORD107135,2026-02-12,CA,P1034,PG1331,KW11145,628.18,Completed,2026-02-12 10:57:00
ORD107136,2026-04-22,JP,P1049,PG1004,KW10630,510.25,Completed,2026-04-22 01:08:00
ORD107138,2026-02-27,MX,P1010,PG1409,KW10524,967.24,Returned,2026-02-27 07:59:00
ORD107145,2026-02-09,IN,P1032,PG1413,KW11259,1476.74,Completed,2026-02-09 14:02:00
ORD107149,2026-05-08,FR,P1034,PG1277,KW11827,724.08,Completed,2026-05-08 21:00:00
ORD107150,2026-02-01,IN,P1028,PG1125,KW11094,688.4,Returned,2026-02-01 16:13:00
ORD107153,2026-05-10,MX,P1017,PG1240,KW10884,242.73,Completed,2026-05-10 03:30:00
ORD107155,2026-02-22,BR,P1023,PG1417,KW11681,1455.24,Completed,2026-02-22 00:21:00
ORD107158,2026-02-11,BR,P1030,PG1102,KW11497,1262.38,Pending,2026-02-11 21:07:00
ORD107163,2026-03-25,DE,P1019,PG1325,KW11468,687.66,Pending,2026-03-25 17:50:00
ORD107170,2026-02-25,AU,P1027,PG1318,KW10316,738.5,Completed,2026-02-25 10:39:00
ORD107172,2026-05-26,CA,P1020,PG1049,KW10965,1007.76,Returned,2026-05-26 04:56:00
ORD107173,2026-04-22,IN,P1045,PG1329,KW11699,890.29,Pending,2026-04-22 15:57:00
ORD107175,2026-04-16,UK,P1030,PG1343,KW10206,742.92,Pending,2026-04-16 07:47:00
ORD107179,2026-04-27,US,P1030,PG1428,KW11171,2106.16,Completed,2026-04-27 00:00:00
ORD107180,2026-05-25,CA,P1029,PG1143,KW11217,850.63,Completed,2026-05-25 08:00:00
ORD107183,2026-05-22,MX,P1016,PG1362,KW11196,581.86,Completed,2026-05-22 17:51:00
ORD107186,2026-03-20,IN,P1026,PG1464,KW11034,1467.45,Completed,2026-03-20 03:10:00
ORD107190,2026-02-06,JP,P1026,PG1450,KW11305,2137.37,Completed,2026-02-06 07:43:00
ORD107196,2026-02-11,DE,P1044,PG1364,KW11745,2179.05,Completed,2026-02-11 10:02:00
ORD107200,2026-04-21,BR,P1022,PG1459,KW10073,537.62,Returned,2026-04-21 14:23:00
ORD107207,2026-04-20,DE,P1016,PG1294,KW11053,525.43,Completed,2026-04-20 15:48:00
ORD107208,2026-04-02,UK,P1035,PG1360,KW10147,269.23,Completed,2026-04-02 19:30:00
ORD107209,2026-03-08,BR,P1012,PG1380,KW10362,1624.51,Completed,2026-03-08 03:22:00
ORD107220,2026-04-06,US,P1001,PG1254,KW10892,358.95,Completed,2026-04-06 22:06:00
ORD107221,2026-04-14,MX,P1008,PG1181,KW10296,911.8,Pending,2026-04-14 20:44:00
ORD107225,2026-05-26,BR,P1014,PG1292,KW11764,2519.82,Returned,2026-05-26 02:27:00
ORD107226,2026-04-10,JP,P1044,PG1394,KW11770,1463.76,Completed,2026-04-10 07:49:00
ORD107239,2026-02-20,AU,P1017,PG1105,KW11004,1893.04,Completed,2026-02-20 21:01:00
ORD107240,2026-05-01,BR,P1016,PG1424,KW11650,916.29,Returned,2026-05-01 01:11:00
ORD107251,2026-04-09,BR,P1024,PG1211,KW11579,741.24,Returned,2026-04-09 00:43:00
ORD107253,2026-02-21,IN,P1043,PG1046,KW10399,1476.71,Cancelled,2026-02-21 18:18:00
ORD107261,2026-03-23,US,P1024,PG1126,KW10647,414.57,Completed,2026-03-23 09:31:00
ORD107263,2026-04-26,IN,P1026,PG1156,KW10376,294.04,Completed,2026-04-26 19:34:00
ORD107265,2026-04-15,CA,P1028,PG1350,KW11225,194.11,Cancelled,2026-04-15 13:19:00
ORD107268,2026-04-14,JP,P1027,PG1367,KW10832,815.9,Completed,2026-04-14 05:36:00
ORD107269,2026-02-08,UK,P1029,PG1115,KW11646,619.77,Pending,2026-02-08 23:11:00
ORD107272,2026-03-26,DE,P1008,PG1020,KW10432,1603.79,Completed,2026-03-26 14:15:00
ORD107274,2026-05-04,DE,P1005,PG1350,KW10858,780.29,Completed,2026-05-04 01:52:00
ORD107278,2026-05-22,FR,P1033,PG1336,KW10328,296.76,Completed,2026-05-22 12:19:00
ORD107279,2026-02-16,CA,P1013,PG1262,KW11576,632.88,Completed,2026-02-16 18:05:00
ORD107282,2026-02-19,IN,P1048,PG1058,KW11310,636.57,Completed,2026-02-19 16:44:00
ORD107284,2026-03-26,BR,P1001,PG1405,KW10981,1029.02,Returned,2026-03-26 12:35:00
ORD107290,2026-04-11,CA,P1039,PG1053,KW10800,714.64,Returned,2026-04-11 20:36:00
ORD107291,2026-04-03,BR,P1014,PG1099,KW11989,2344.56,Returned,2026-04-03 09:45:00
ORD107292,2026-04-13,CA,P1011,PG1069,KW11592,450.29,Completed,2026-04-13 21:57:00
ORD107297,2026-04-15,US,P1049,PG1141,KW10689,548.23,Completed,2026-04-15 20:10:00
ORD107301,2026-03-11,CA,P1044,PG1139,KW10480,618.67,Returned,2026-03-11 18:27:00
ORD107302,2026-02-23,IN,P1011,PG1106,KW11402,361.08,Completed,2026-02-23 03:34:00
ORD107305,2026-02-04,US,P1010,PG1194,KW10380,803.79,Cancelled,2026-02-04 04:41:00
ORD107308,2026-02-05,UK,P1040,PG1390,KW10392,625.18,Cancelled,2026-02-05 15:54:00
ORD107313,2026-02-16,IN,P1021,PG1488,KW11151,2119.38,Cancelled,2026-02-16 02:23:00
ORD107320,2026-02-26,US,P1020,PG1422,KW11212,500.92,Completed,2026-02-26 22:04:00
ORD107321,2026-02-06,CA,P1044,PG1305,KW10021,441.87,Completed,2026-02-06 12:14:00
ORD107322,2026-03-04,JP,P1011,PG1275,KW11586,512.96,Pending,2026-03-04 10:38:00
ORD107325,2026-03-07,UK,P1013,PG1323,KW10775,481.08,Completed,2026-03-07 04:26:00
ORD107326,2026-02-05,BR,P1016,PG1138,KW10131,968.1,Returned,2026-02-05 16:52:00
ORD107327,2026-04-20,JP,P1040,PG1080,KW11396,573.79,Cancelled,2026-04-20 18:50:00
ORD107328,2026-03-19,MX,P1045,PG1386,KW10930,1647.92,Completed,2026-03-19 13:17:00
ORD107331,2026-05-04,UK,P1022,PG1482,KW10110,618.42,Completed,2026-05-04 22:14:00
ORD107341,2026-02-26,AU,P1045,PG1330,KW10044,654.4,Returned,2026-02-26 20:44:00
ORD107342,2026-05-22,UK,P1037,PG1026,KW11757,1126.6,Completed,2026-05-22 11:30:00
ORD107344,2026-03-04,CA,P1017,PG1126,KW11326,700.76,Completed,2026-03-04 11:11:00
ORD107350,2026-05-21,UK,P1009,PG1299,KW11211,1500.33,Completed,2026-05-21 01:13:00
ORD107352,2026-03-03,JP,P1031,PG1199,KW11345,660.39,Cancelled,2026-03-03 00:25:00
ORD107355,2026-03-04,DE,P1026,PG1178,KW10539,1173.52,Cancelled,2026-03-04 10:34:00
ORD107359,2026-03-16,US,P1050,PG1212,KW10254,391.24,Pending,2026-03-16 02:01:00
ORD107364,2026-04-05,UK,P1025,PG1498,KW10068,915.37,Completed,2026-04-05 04:34:00
ORD107365,2026-03-20,FR,P1022,PG1289,KW11628,1314.44,Returned,2026-03-20 19:54:00
ORD107369,2026-03-06,US,P1026,PG1122,KW11522,1413.42,Completed,2026-03-06 05:38:00
ORD107370,2026-04-20,US,P1050,PG1170,KW10834,743.25,Returned,2026-04-20 01:00:00
ORD107371,2026-02-07,UK,P1029,PG1254,KW11071,737.22,Completed,2026-02-07 23:47:00
ORD107374,2026-02-13,US,P1043,PG1208,KW10310,1043.91,Returned,2026-02-13 11:05:00
ORD107378,2026-02-09,DE,P1050,PG1415,KW10347,969.71,Completed,2026-02-09 08:50:00
ORD107383,2026-05-23,UK,P1038,PG1181,KW11621,1318.46,Completed,2026-05-23 14:18:00
ORD107385,2026-03-05,DE,P1007,PG1363,KW10442,811.09,Completed,2026-03-05 18:33:00
ORD107386,2026-05-06,MX,P1003,PG1289,KW10401,335.0,Pending,2026-05-06 05:53:00
ORD107389,2026-05-14,MX,P1010,PG1386,KW10581,864.69,Cancelled,2026-05-14 16:56:00
ORD107391,2026-05-23,US,P1035,PG1114,KW10276,1946.24,Completed,2026-05-23 02:42:00
ORD107392,2026-05-14,UK,P1036,PG1152,KW11145,894.88,Completed,2026-05-14 16:02:00
ORD107394,2026-03-26,JP,P1026,PG1349,KW11288,1656.3,Cancelled,2026-03-26 13:04:00
ORD107395,2026-05-10,UK,P1024,PG1347,KW11713,707.5,Cancelled,2026-05-10 04:45:00
ORD107398,2026-05-05,AU,P1039,PG1161,KW11423,684.96,Returned,2026-05-05 21:05:00
ORD107404,2026-04-20,JP,P1037,PG1272,KW11517,1035.05,Cancelled,2026-04-20 16:41:00
ORD107406,2026-04-14,AU,P1014,PG1441,KW11266,624.91,Completed,2026-04-14 06:09:00
ORD107408,2026-02-23,FR,P1044,PG1159,KW10613,480.05,Returned,2026-02-23 16:30:00
ORD107409,2026-05-31,CA,P1035,PG1363,KW11873,1522.54,Completed,2026-05-31 15:26:00
ORD107410,2026-03-24,DE,P1042,PG1498,KW10916,941.71,Returned,2026-03-24 00:39:00
ORD107413,2026-02-12,BR,P1014,PG1447,KW10852,683.19,Returned,2026-02-12 17:48:00
ORD107416,2026-04-21,BR,P1045,PG1476,KW11434,363.13,Completed,2026-04-21 08:33:00
ORD107421,2026-02-19,CA,P1008,PG1143,KW10427,1256.47,Pending,2026-02-19 21:43:00
ORD107422,2026-03-01,JP,P1002,PG1261,KW11680,430.46,Completed,2026-03-01 11:41:00
ORD107428,2026-05-07,DE,P1019,PG1317,KW11442,1485.94,Pending,2026-05-07 03:23:00
ORD107433,2026-05-06,AU,P1019,PG1273,KW10169,1087.96,Pending,2026-05-06 07:26:00
ORD107434,2026-04-13,MX,P1018,PG1451,KW11197,2480.16,Completed,2026-04-13 12:36:00
ORD107440,2026-02-13,IN,P1038,PG1423,KW11087,1600.28,Cancelled,2026-02-13 16:22:00
ORD107441,2026-04-12,CA,P1038,PG1294,KW11180,341.55,Returned,2026-04-12 18:13:00
ORD107446,2026-02-11,BR,P1039,PG1482,KW11065,1132.35,Completed,2026-02-11 23:34:00
ORD107448,2026-03-06,IN,P1045,PG1480,KW11206,1461.49,Returned,2026-03-06 13:23:00
ORD107460,2026-02-09,FR,P1028,PG1371,KW10041,467.24,Pending,2026-02-09 23:24:00
ORD107461,2026-02-26,JP,P1022,PG1156,KW11134,628.71,Completed,2026-02-26 16:11:00
ORD107462,2026-05-21,MX,P1040,PG1221,KW11334,2619.25,Cancelled,2026-05-21 17:08:00
ORD107464,2026-04-27,BR,P1049,PG1033,KW11723,2027.3,Completed,2026-04-27 16:51:00
ORD107465,2026-02-11,BR,P1008,PG1407,KW10723,896.03,Completed,2026-02-11 07:26:00
ORD107470,2026-02-24,US,P1022,PG1458,KW10061,868.43,Cancelled,2026-02-24 21:40:00
ORD107477,2026-03-05,DE,P1012,PG1129,KW11835,955.65,Pending,2026-03-05 09:14:00
ORD107479,2026-02-02,FR,P1024,PG1070,KW10897,1370.41,Returned,2026-02-02 06:49:00
ORD107480,2026-05-21,US,P1020,PG1126,KW11882,595.82,Pending,2026-05-21 04:41:00
ORD107481,2026-03-24,UK,P1043,PG1023,KW11717,407.1,Completed,2026-03-24 04:36:00
ORD107482,2026-04-27,CA,P1002,PG1341,KW11466,1058.53,Cancelled,2026-04-27 08:55:00
ORD107485,2026-03-11,IN,P1033,PG1246,KW10693,1084.14,Returned,2026-03-11 09:01:00
ORD107488,2026-04-06,US,P1002,PG1058,KW11574,1482.82,Completed,2026-04-06 06:29:00
ORD107496,2026-03-28,CA,P1033,PG1117,KW11382,1207.82,Pending,2026-03-28 15:38:00
ORD107502,2026-05-20,MX,P1030,PG1391,KW11241,1128.67,Completed,2026-05-20 12:54:00
ORD107512,2026-03-25,UK,P1022,PG1182,KW10588,898.81,Completed,2026-03-25 15:51:00
ORD107514,2026-03-24,MX,P1015,PG1156,KW10883,1844.03,Returned,2026-03-24 07:20:00
ORD107517,2026-05-31,UK,P1024,PG1275,KW11918,379.3,Cancelled,2026-05-31 18:26:00
ORD107518,2026-05-21,US,P1020,PG1210,KW10620,525.17,Returned,2026-05-21 08:08:00
ORD107521,2026-05-08,BR,P1040,PG1441,KW10412,989.61,Completed,2026-05-08 02:17:00
ORD107524,2026-04-24,MX,P1010,PG1408,KW10716,1006.74,Completed,2026-04-24 12:28:00
ORD107526,2026-05-21,MX,P1031,PG1006,KW11422,1151.76,Completed,2026-05-21 05:55:00
ORD107527,2026-03-26,DE,P1019,PG1082,KW11423,466.88,Cancelled,2026-03-26 03:21:00
ORD107529,2026-03-08,AU,P1039,PG1333,KW10926,1599.68,Completed,2026-03-08 11:51:00
ORD107531,2026-02-04,BR,P1032,PG1451,KW11948,704.2,Completed,2026-02-04 02:06:00
ORD107537,2026-03-29,BR,P1031,PG1310,KW10492,1136.79,Returned,2026-03-29 18:29:00
ORD107538,2026-04-17,FR,P1009,PG1449,KW11535,713.17,Completed,2026-04-17 19:55:00
ORD107539,2026-05-03,BR,P1021,PG1061,KW11971,1232.13,Completed,2026-05-03 23:13:00
ORD107544,2026-03-21,DE,P1036,PG1344,KW10172,1112.69,Cancelled,2026-03-21 15:21:00
ORD107546,2026-02-19,BR,P1025,PG1049,KW10874,1043.94,Pending,2026-02-19 14:21:00
ORD107550,2026-03-30,IN,P1022,PG1283,KW10957,1072.13,Pending,2026-03-30 19:39:00
ORD107555,2026-02-24,AU,P1047,PG1220,KW11901,1159.77,Completed,2026-02-24 20:11:00
ORD107556,2026-05-09,FR,P1047,PG1484,KW10828,266.87,Completed,2026-05-09 01:48:00
ORD107557,2026-03-26,US,P1034,PG1320,KW11337,4116.45,Cancelled,2026-03-26 09:48:00
ORD107559,2026-04-25,US,P1023,PG1195,KW10454,217.68,Completed,2026-04-25 01:32:00
ORD107560,2026-04-27,JP,P1043,PG1139,KW11930,1249.0,Cancelled,2026-04-27 19:12:00
ORD107562,2026-04-02,FR,P1045,PG1160,KW10549,948.25,Cancelled,2026-04-02 04:31:00
ORD107568,2026-02-14,AU,P1003,PG1103,KW10865,529.01,Pending,2026-02-14 01:02:00
ORD107571,2026-04-07,AU,P1026,PG1435,KW10907,1020.26,Completed,2026-04-07 02:03:00
ORD107577,2026-03-19,CA,P1039,PG1158,KW11319,606.21,Completed,2026-03-19 08:55:00
ORD107586,2026-05-22,US,P1042,PG1347,KW11240,662.76,Completed,2026-05-22 11:33:00
ORD107592,2026-03-03,US,P1015,PG1030,KW10533,354.69,Completed,2026-03-03 10:51:00
ORD107593,2026-02-10,IN,P1011,PG1486,KW10283,1252.08,Returned,2026-02-10 18:41:00
ORD107596,2026-02-22,BR,P1002,PG1083,KW11454,767.83,Completed,2026-02-22 18:20:00
ORD107598,2026-02-24,IN,P1004,PG1465,KW10143,456.74,Completed,2026-02-24 09:25:00
ORD107599,2026-03-11,CA,P1022,PG1282,KW11219,677.21,Completed,2026-03-11 16:26:00
ORD107615,2026-04-14,UK,P1044,PG1353,KW11031,553.44,Cancelled,2026-04-14 17:37:00
ORD107618,2026-02-17,MX,P1001,PG1209,KW10567,3124.16,Completed,2026-02-17 12:28:00
ORD107621,2026-03-28,CA,P1017,PG1057,KW11744,269.61,Pending,2026-03-28 23:00:00
ORD107625,2026-04-28,DE,P1005,PG1243,KW11094,736.71,Completed,2026-04-28 21:08:00
ORD107629,2026-03-06,IN,P1032,PG1493,KW10794,2314.68,Pending,2026-03-06 23:16:00
ORD107630,2026-04-16,DE,P1014,PG1016,KW10727,1328.87,Cancelled,2026-04-16 13:49:00
ORD107636,2026-02-12,DE,P1014,PG1186,KW11894,2457.4,Completed,2026-02-12 21:48:00
ORD107638,2026-03-17,BR,P1014,PG1394,KW10800,460.76,Completed,2026-03-17 06:28:00
ORD107639,2026-03-02,DE,P1037,PG1003,KW10062,1591.83,Completed,2026-03-02 00:05:00
ORD107640,2026-02-14,BR,P1044,PG1475,KW10376,588.47,Completed,2026-02-14 07:51:00
ORD107641,2026-03-11,DE,P1045,PG1481,KW11011,872.03,Returned,2026-03-11 15:35:00
ORD107642,2026-05-18,US,P1004,PG1016,KW11862,298.72,Cancelled,2026-05-18 06:49:00
ORD107643,2026-03-24,CA,P1045,PG1110,KW10592,464.38,Pending,2026-03-24 03:00:00
ORD107645,2026-05-14,BR,P1016,PG1098,KW11908,720.9,Cancelled,2026-05-14 14:16:00
ORD107647,2026-04-17,BR,P1006,PG1347,KW10065,1462.52,Completed,2026-04-17 10:41:00
ORD107648,2026-03-11,FR,P1032,PG1382,KW11357,936.92,Completed,2026-03-11 04:26:00
ORD107649,2026-05-24,MX,P1012,PG1485,KW10415,465.92,Pending,2026-05-24 09:31:00
ORD107650,2026-04-28,DE,P1001,PG1163,KW10681,487.51,Cancelled,2026-04-28 12:26:00
ORD107653,2026-04-13,DE,P1020,PG1033,KW11362,672.9,Completed,2026-04-13 20:01:00
ORD107656,2026-03-09,IN,P1035,PG1167,KW10030,448.76,Completed,2026-03-09 09:12:00
ORD107657,2026-04-17,US,P1009,PG1399,KW10862,366.04,Completed,2026-04-17 23:24:00
ORD107660,2026-05-12,DE,P1035,PG1286,KW10139,805.64,Cancelled,2026-05-12 19:05:00
ORD107661,2026-05-26,UK,P1047,PG1300,KW10917,596.43,Cancelled,2026-05-26 13:32:00
ORD107662,2026-03-21,JP,P1027,PG1474,KW10169,545.16,Completed,2026-03-21 16:59:00
ORD107677,2026-04-14,US,P1050,PG1033,KW10720,879.79,Returned,2026-04-14 02:38:00
ORD107680,2026-04-26,DE,P1037,PG1183,KW11069,692.35,Pending,2026-04-26 03:51:00
ORD107682,2026-03-04,DE,P1010,PG1408,KW10663,624.0,Completed,2026-03-04 09:09:00
ORD107683,2026-04-20,FR,P1047,PG1424,KW10055,1851.28,Pending,2026-04-20 01:16:00
ORD107685,2026-04-13,FR,P1028,PG1186,KW11343,1233.0,Completed,2026-04-13 12:18:00
ORD107686,2026-04-07,JP,P1004,PG1067,KW10822,3440.13,Completed,2026-04-07 07:37:00
ORD107688,2026-02-25,AU,P1037,PG1205,KW11840,933.61,Completed,2026-02-25 20:14:00
ORD107690,2026-02-27,FR,P1019,PG1033,KW10396,1599.07,Completed,2026-02-27 17:34:00
ORD107691,2026-05-19,JP,P1017,PG1005,KW11104,1433.25,Pending,2026-05-19 05:10:00
ORD107696,2026-03-18,JP,P1035,PG1361,KW11576,1449.02,Completed,2026-03-18 04:01:00
ORD107699,2026-02-22,MX,P1012,PG1162,KW10742,915.17,Completed,2026-02-22 12:12:00
ORD107704,2026-05-16,US,P1001,PG1388,KW10027,410.43,Pending,2026-05-16 02:26:00
ORD107706,2026-04-21,FR,P1004,PG1448,KW11678,1183.52,Completed,2026-04-21 23:16:00
ORD107717,2026-02-16,IN,P1035,PG1091,KW11836,607.03,Cancelled,2026-02-16 00:47:00
ORD107718,2026-02-01,JP,P1006,PG1454,KW10073,1668.9,Completed,2026-02-01 23:18:00
ORD107719,2026-05-06,UK,P1015,PG1421,KW10282,757.46,Completed,2026-05-06 05:14:00
ORD107720,2026-02-27,AU,P1012,PG1307,KW10317,589.66,Returned,2026-02-27 05:31:00
ORD107721,2026-05-24,AU,P1009,PG1071,KW11670,542.95,Completed,2026-05-24 09:16:00
ORD107722,2026-02-20,IN,P1021,PG1405,KW11666,775.27,Completed,2026-02-20 01:42:00
ORD107723,2026-05-19,CA,P1016,PG1480,KW11668,918.2,Cancelled,2026-05-19 20:07:00
ORD107730,2026-04-18,BR,P1027,PG1437,KW10595,1217.23,Pending,2026-04-18 07:50:00
ORD107732,2026-05-26,AU,P1017,PG1343,KW10327,1098.98,Completed,2026-05-26 23:36:00
ORD107733,2026-03-31,IN,P1019,PG1286,KW11336,1392.48,Completed,2026-03-31 11:39:00
ORD107734,2026-03-19,JP,P1008,PG1272,KW10194,1387.53,Cancelled,2026-03-19 06:16:00
ORD107735,2026-04-11,AU,P1028,PG1007,KW11257,2664.42,Completed,2026-04-11 20:40:00
ORD107736,2026-03-29,AU,P1024,PG1194,KW11669,947.15,Pending,2026-03-29 14:32:00
ORD107737,2026-02-18,US,P1003,PG1199,KW11104,1880.91,Cancelled,2026-02-18 01:51:00
ORD107739,2026-03-27,JP,P1028,PG1085,KW11222,1147.74,Completed,2026-03-27 04:02:00
ORD107746,2026-03-28,FR,P1005,PG1443,KW10853,491.75,Returned,2026-03-28 03:22:00
ORD107748,2026-02-01,IN,P1032,PG1241,KW10825,2510.85,Cancelled,2026-02-01 04:21:00
ORD107750,2026-04-20,IN,P1005,PG1409,KW11883,944.95,Returned,2026-04-20 04:01:00
ORD107752,2026-05-12,IN,P1048,PG1104,KW10924,1442.28,Completed,2026-05-12 13:33:00
ORD107754,2026-04-10,MX,P1021,PG1382,KW10938,953.64,Completed,2026-04-10 00:45:00
ORD107762,2026-03-23,DE,P1043,PG1201,KW10120,803.15,Pending,2026-03-23 07:12:00
ORD107764,2026-05-25,BR,P1020,PG1069,KW11795,517.36,Completed,2026-05-25 17:53:00
ORD107767,2026-02-07,DE,P1025,PG1394,KW10542,1056.82,Completed,2026-02-07 03:16:00
ORD107768,2026-02-22,US,P1010,PG1430,KW11898,670.47,Completed,2026-02-22 06:39:00
ORD107775,2026-05-23,AU,P1037,PG1300,KW10277,827.39,Completed,2026-05-23 01:38:00
ORD107778,2026-02-20,US,P1020,PG1296,KW10803,2116.69,Completed,2026-02-20 21:14:00
ORD107781,2026-04-12,US,P1001,PG1295,KW11910,610.3,Returned,2026-04-12 16:50:00
ORD107782,2026-04-08,AU,P1050,PG1255,KW11451,302.15,Returned,2026-04-08 17:06:00
ORD107785,2026-04-28,MX,P1050,PG1473,KW11805,1175.59,Pending,2026-04-28 10:37:00
ORD107786,2026-05-19,MX,P1028,PG1433,KW11037,3021.91,Returned,2026-05-19 04:37:00
ORD107789,2026-04-02,JP,P1031,PG1182,KW11888,1641.31,Completed,2026-04-02 01:27:00
ORD107792,2026-05-24,FR,P1017,PG1085,KW11453,1945.61,Completed,2026-05-24 15:57:00
ORD107805,2026-03-07,JP,P1013,PG1107,KW11942,659.97,Completed,2026-03-07 04:21:00
ORD107807,2026-04-08,BR,P1005,PG1181,KW11078,1208.54,Completed,2026-04-08 17:30:00
ORD107808,2026-05-31,IN,P1001,PG1186,KW10965,728.12,Completed,2026-05-31 01:02:00
ORD107811,2026-04-07,CA,P1024,PG1433,KW10704,766.24,Completed,2026-04-07 17:44:00
ORD107816,2026-03-18,FR,P1025,PG1191,KW11623,917.39,Pending,2026-03-18 14:55:00
ORD107823,2026-04-28,US,P1030,PG1299,KW11517,917.83,Completed,2026-04-28 13:26:00
ORD107826,2026-04-24,AU,P1020,PG1091,KW11923,782.18,Completed,2026-04-24 08:48:00
ORD107828,2026-04-25,JP,P1042,PG1261,KW11157,741.85,Cancelled,2026-04-25 03:03:00
ORD107829,2026-03-13,IN,P1021,PG1333,KW10080,651.72,Completed,2026-03-13 19:25:00
ORD107830,2026-04-06,UK,P1025,PG1312,KW11636,781.93,Completed,2026-04-06 07:00:00
ORD107831,2026-05-09,AU,P1020,PG1297,KW11016,397.99,Completed,2026-05-09 09:01:00
ORD107835,2026-02-12,IN,P1005,PG1303,KW10131,837.16,Pending,2026-02-12 21:47:00
ORD107837,2026-05-02,IN,P1025,PG1169,KW10334,1268.11,Cancelled,2026-05-02 04:54:00
ORD107842,2026-04-08,UK,P1014,PG1400,KW11843,1009.73,Returned,2026-04-08 05:43:00
ORD107843,2026-04-13,CA,P1022,PG1173,KW10058,420.85,Completed,2026-04-13 08:36:00
ORD107845,2026-04-07,MX,P1011,PG1395,KW11178,455.3,Completed,2026-04-07 17:00:00
ORD107846,2026-05-02,FR,P1047,PG1295,KW11661,289.62,Cancelled,2026-05-02 18:17:00
ORD107847,2026-04-20,FR,P1045,PG1209,KW11581,601.63,Cancelled,2026-04-20 14:36:00
ORD107853,2026-05-02,FR,P1001,PG1210,KW10918,983.86,Pending,2026-05-02 07:18:00
ORD107856,2026-05-18,AU,P1029,PG1218,KW11956,496.84,Completed,2026-05-18 18:54:00
ORD107857,2026-03-30,DE,P1040,PG1260,KW10298,3198.64,Completed,2026-03-30 07:07:00
ORD107865,2026-05-27,IN,P1031,PG1106,KW11817,382.09,Completed,2026-05-27 18:46:00
ORD107870,2026-05-22,MX,P1047,PG1065,KW10328,705.41,Completed,2026-05-22 18:27:00
ORD107872,2026-05-17,IN,P1039,PG1023,KW10892,1998.84,Returned,2026-05-17 21:53:00
ORD107875,2026-04-03,JP,P1009,PG1026,KW10336,1235.89,Completed,2026-04-03 10:12:00
ORD107878,2026-04-02,DE,P1031,PG1284,KW10186,2227.47,Cancelled,2026-04-02 01:26:00
ORD107883,2026-05-24,MX,P1028,PG1417,KW10886,819.71,Returned,2026-05-24 18:03:00
ORD107887,2026-05-25,CA,P1007,PG1024,KW11338,962.85,Pending,2026-05-25 18:41:00
ORD107888,2026-05-21,FR,P1013,PG1462,KW10736,929.53,Cancelled,2026-05-21 13:20:00
ORD107890,2026-04-18,CA,P1041,PG1212,KW10645,1327.19,Cancelled,2026-04-18 04:33:00
ORD107891,2026-05-21,BR,P1020,PG1142,KW11162,507.27,Completed,2026-05-21 15:49:00
ORD107892,2026-03-21,AU,P1020,PG1052,KW10664,1087.19,Completed,2026-03-21 10:51:00
ORD107895,2026-04-20,AU,P1015,PG1353,KW10183,545.77,Completed,2026-04-20 04:24:00
ORD107899,2026-02-05,US,P1002,PG1426,KW10182,2079.04,Completed,2026-02-05 11:44:00
ORD107903,2026-03-29,US,P1023,PG1238,KW11352,784.53,Completed,2026-03-29 00:20:00
ORD107904,2026-05-19,BR,P1013,PG1069,KW11839,1050.03,Completed,2026-05-19 04:17:00
ORD107905,2026-04-02,MX,P1021,PG1494,KW11119,1924.28,Completed,2026-04-02 11:38:00
ORD107906,2026-02-03,JP,P1047,PG1257,KW11241,1028.48,Returned,2026-02-03 22:21:00
ORD107911,2026-02-07,IN,P1033,PG1044,KW10680,190.26,Returned,2026-02-07 05:56:00
ORD107913,2026-02-19,DE,P1034,PG1167,KW10182,724.65,Completed,2026-02-19 05:21:00
ORD107915,2026-02-18,UK,P1013,PG1282,KW10846,3289.18,Returned,2026-02-18 15:21:00
ORD107916,2026-05-27,AU,P1035,PG1029,KW10791,318.1,Cancelled,2026-05-27 12:50:00
ORD107917,2026-03-11,MX,P1018,PG1369,KW11425,425.02,Pending,2026-03-11 18:46:00
ORD107918,2026-05-02,AU,P1001,PG1019,KW10809,1789.76,Completed,2026-05-02 01:37:00
ORD107923,2026-04-12,IN,P1008,PG1120,KW11599,282.97,Completed,2026-04-12 06:22:00
ORD107924,2026-05-07,UK,P1043,PG1489,KW11011,1266.88,Returned,2026-05-07 06:19:00
ORD107925,2026-03-23,DE,P1015,PG1318,KW10660,380.01,Completed,2026-03-23 01:05:00
ORD107928,2026-03-23,DE,P1033,PG1457,KW11543,648.71,Completed,2026-03-23 02:27:00
ORD107934,2026-04-12,MX,P1047,PG1460,KW10085,864.62,Cancelled,2026-04-12 02:08:00
ORD107936,2026-04-30,IN,P1049,PG1251,KW11770,708.86,Cancelled,2026-04-30 18:45:00
ORD107939,2026-04-30,DE,P1041,PG1296,KW11839,2806.92,Completed,2026-04-30 22:08:00
ORD107940,2026-04-30,AU,P1033,PG1384,KW11225,523.5,Completed,2026-04-30 16:05:00
ORD107944,2026-03-24,FR,P1025,PG1458,KW11554,771.15,Pending,2026-03-24 19:18:00
ORD107947,2026-04-17,CA,P1042,PG1198,KW10702,576.02,Completed,2026-04-17 11:51:00
ORD107951,2026-05-04,MX,P1043,PG1110,KW11237,1319.96,Completed,2026-05-04 19:48:00
ORD107952,2026-03-23,UK,P1030,PG1005,KW10145,561.37,Completed,2026-03-23 16:55:00
ORD107955,2026-03-29,JP,P1015,PG1246,KW10725,2320.39,Returned,2026-03-29 01:10:00
ORD107957,2026-03-28,IN,P1043,PG1391,KW11185,328.94,Completed,2026-03-28 15:56:00
ORD107959,2026-03-22,UK,P1030,PG1133,KW11431,1615.55,Cancelled,2026-03-22 06:38:00
ORD107963,2026-05-15,CA,P1032,PG1315,KW10260,673.55,Returned,2026-05-15 22:23:00
ORD107969,2026-03-12,IN,P1006,PG1422,KW10247,565.37,Pending,2026-03-12 18:34:00
ORD107971,2026-05-21,US,P1026,PG1152,KW10394,1157.66,Returned,2026-05-21 09:26:00
ORD107972,2026-02-25,IN,P1049,PG1463,KW10770,1222.24,Completed,2026-02-25 20:35:00
ORD107974,2026-05-06,US,P1024,PG1479,KW10786,1163.99,Cancelled,2026-05-06 21:47:00
ORD107975,2026-05-31,CA,P1033,PG1117,KW10428,1215.16,Completed,2026-05-31 23:51:00
ORD107977,2026-05-11,UK,P1015,PG1479,KW10844,892.28,Cancelled,2026-05-11 14:39:00
ORD107979,2026-04-09,IN,P1040,PG1346,KW11673,2086.3,Returned,2026-04-09 19:53:00
ORD107987,2026-03-08,CA,P1002,PG1224,KW10026,1015.93,Completed,2026-03-08 03:53:00
ORD107988,2026-04-25,UK,P1047,PG1150,KW11286,1017.0,Completed,2026-04-25 17:30:00
ORD107989,2026-03-10,AU,P1020,PG1395,KW11360,450.61,Completed,2026-03-10 22:03:00
ORD107995,2026-05-14,BR,P1024,PG1420,KW11277,1318.79,Completed,2026-05-14 22:23:00
ORD107996,2026-02-12,MX,P1042,PG1298,KW10944,1381.09,Pending,2026-02-12 04:23:00
ORD107999,2026-03-17,JP,P1024,PG1069,KW11186,1215.02,Completed,2026-03-17 07:37:00
ORD108000,2026-02-15,DE,P1003,PG1204,KW11149,1222.89,Completed,2026-02-15 19:32:00
ORD108006,2026-03-10,CA,P1038,PG1498,KW10335,801.17,Pending,2026-03-10 21:43:00
ORD108008,2026-04-10,MX,P1036,PG1264,KW10421,679.6,Completed,2026-04-10 07:24:00
ORD108009,2026-03-05,UK,P1045,PG1192,KW11560,248.76,Cancelled,2026-03-05 02:24:00
ORD108012,2026-05-16,JP,P1006,PG1133,KW11936,566.62,Completed,2026-05-16 08:15:00
ORD108013,2026-05-01,BR,P1003,PG1315,KW10950,924.21,Completed,2026-05-01 14:33:00
ORD108014,2026-04-12,BR,P1021,PG1332,KW11823,1634.47,Pending,2026-04-12 22:25:00
ORD108015,2026-04-20,FR,P1043,PG1335,KW11672,495.35,Cancelled,2026-04-20 12:08:00
ORD108016,2026-04-10,DE,P1041,PG1132,KW10226,1747.95,Completed,2026-04-10 04:58:00
ORD108019,2026-05-15,UK,P1019,PG1483,KW11934,858.75,Cancelled,2026-05-15 01:30:00
ORD108020,2026-04-15,MX,P1029,PG1295,KW11688,1021.1,Pending,2026-04-15 20:29:00
ORD108022,2026-03-06,FR,P1014,PG1404,KW10034,460.23,Returned,2026-03-06 01:21:00
ORD108025,2026-02-02,BR,P1019,PG1018,KW10298,916.89,Completed,2026-02-02 00:29:00
ORD108026,2026-05-29,MX,P1036,PG1427,KW10913,438.7,Completed,2026-05-29 23:18:00
ORD108027,2026-02-13,UK,P1049,PG1120,KW10484,1429.09,Completed,2026-02-13 10:33:00
ORD108029,2026-05-19,DE,P1021,PG1242,KW10458,168.64,Completed,2026-05-19 18:59:00
ORD108030,2026-04-18,BR,P1024,PG1369,KW11270,754.45,Completed,2026-04-18 23:57:00
ORD108036,2026-03-01,CA,P1030,PG1311,KW11398,295.85,Returned,2026-03-01 01:00:00
ORD108040,2026-05-27,IN,P1022,PG1394,KW10035,715.91,Returned,2026-05-27 13:50:00
ORD108044,2026-05-29,IN,P1019,PG1294,KW10096,368.22,Completed,2026-05-29 10:30:00
ORD108046,2026-02-13,BR,P1049,PG1256,KW10648,688.63,Completed,2026-02-13 13:04:00
ORD108048,2026-02-25,DE,P1022,PG1344,KW11710,953.9,Completed,2026-02-25 18:02:00
ORD108051,2026-03-31,UK,P1008,PG1404,KW11190,701.21,Cancelled,2026-03-31 08:07:00
ORD108058,2026-02-14,BR,P1022,PG1210,KW11632,1362.22,Completed,2026-02-14 14:27:00
ORD108059,2026-05-25,FR,P1046,PG1287,KW11807,252.47,Pending,2026-05-25 17:17:00
ORD108063,2026-03-13,US,P1034,PG1210,KW10666,503.08,Pending,2026-03-13 23:13:00
ORD108064,2026-04-12,DE,P1037,PG1311,KW11676,997.14,Completed,2026-04-12 13:40:00
ORD108067,2026-05-16,IN,P1026,PG1355,KW10379,716.24,Pending,2026-05-16 02:47:00
ORD108071,2026-04-23,CA,P1046,PG1112,KW11610,730.19,Returned,2026-04-23 04:18:00
ORD108082,2026-05-16,FR,P1045,PG1435,KW10420,1282.79,Completed,2026-05-16 04:18:00
ORD108090,2026-05-31,UK,P1037,PG1298,KW11350,424.63,Pending,2026-05-31 20:47:00
ORD108092,2026-04-10,MX,P1005,PG1442,KW10929,731.88,Completed,2026-04-10 13:17:00
ORD108093,2026-04-27,CA,P1007,PG1013,KW11933,681.14,Completed,2026-04-27 17:36:00
ORD108094,2026-02-09,US,P1016,PG1324,KW10468,1441.57,Pending,2026-02-09 00:25:00
ORD108095,2026-03-03,MX,P1031,PG1386,KW10187,1198.69,Cancelled,2026-03-03 17:25:00
ORD108097,2026-05-17,IN,P1046,PG1474,KW11846,674.67,Pending,2026-05-17 09:24:00
ORD108098,2026-05-16,FR,P1036,PG1443,KW11189,390.32,Completed,2026-05-16 17:21:00
ORD108103,2026-03-15,BR,P1010,PG1251,KW11047,503.49,Completed,2026-03-15 16:23:00
ORD108105,2026-05-23,JP,P1031,PG1477,KW10028,907.69,Completed,2026-05-23 23:32:00
ORD108110,2026-04-01,AU,P1034,PG1383,KW11511,461.19,Completed,2026-04-01 05:36:00
ORD108111,2026-02-07,BR,P1007,PG1060,KW11848,432.76,Completed,2026-02-07 10:59:00
ORD108113,2026-02-20,AU,P1016,PG1051,KW10208,505.57,Cancelled,2026-02-20 23:53:00
ORD108117,2026-03-18,FR,P1047,PG1172,KW11326,427.43,Completed,2026-03-18 15:27:00
ORD108129,2026-04-01,IN,P1004,PG1135,KW10748,964.12,Completed,2026-04-01 18:49:00
ORD108138,2026-03-31,FR,P1016,PG1159,KW10577,856.78,Completed,2026-03-31 22:07:00
ORD108139,2026-03-12,CA,P1042,PG1068,KW11993,390.31,Completed,2026-03-12 15:13:00
ORD108142,2026-03-27,CA,P1010,PG1224,KW10447,1884.63,Returned,2026-03-27 14:18:00
ORD108144,2026-03-16,UK,P1007,PG1485,KW11119,687.4,Completed,2026-03-16 23:50:00
ORD108145,2026-02-11,JP,P1037,PG1199,KW11629,504.79,Completed,2026-02-11 04:49:00
ORD108146,2026-04-03,AU,P1016,PG1463,KW11547,332.2,Pending,2026-04-03 09:28:00
ORD108151,2026-05-31,UK,P1035,PG1222,KW11036,1726.9,Pending,2026-05-31 13:45:00
ORD108158,2026-05-03,DE,P1029,PG1103,KW11586,1689.64,Completed,2026-05-03 05:49:00
ORD108162,2026-04-30,MX,P1023,PG1216,KW11263,544.22,Completed,2026-04-30 06:41:00
ORD108165,2026-04-01,IN,P1011,PG1034,KW11766,1209.92,Completed,2026-04-01 19:55:00
ORD108167,2026-03-31,AU,P1044,PG1194,KW10761,363.41,Pending,2026-03-31 11:57:00
ORD108170,2026-02-04,US,P1003,PG1156,KW10950,661.08,Completed,2026-02-04 10:28:00
ORD108172,2026-02-10,MX,P1011,PG1281,KW10897,1174.86,Completed,2026-02-10 14:27:00
ORD108177,2026-02-22,AU,P1036,PG1429,KW10841,812.2,Cancelled,2026-02-22 04:30:00
ORD108185,2026-03-22,DE,P1029,PG1199,KW11728,1367.55,Returned,2026-03-22 03:51:00
ORD108190,2026-04-15,JP,P1009,PG1373,KW10345,1180.16,Cancelled,2026-04-15 05:02:00
ORD108196,2026-02-09,FR,P1004,PG1013,KW10390,740.33,Completed,2026-02-09 10:37:00
ORD108197,2026-02-12,CA,P1009,PG1217,KW11475,760.39,Cancelled,2026-02-12 10:18:00
ORD108198,2026-04-11,JP,P1016,PG1461,KW11435,683.11,Returned,2026-04-11 16:51:00
ORD108200,2026-03-05,JP,P1048,PG1327,KW10635,238.9,Cancelled,2026-03-05 19:56:00
ORD108201,2026-03-19,BR,P1043,PG1337,KW11829,668.08,Cancelled,2026-03-19 15:42:00
ORD108203,2026-03-30,CA,P1017,PG1365,KW10509,259.19,Pending,2026-03-30 06:35:00
ORD108204,2026-03-19,FR,P1044,PG1318,KW11989,1639.74,Pending,2026-03-19 13:12:00
ORD108206,2026-02-13,BR,P1024,PG1038,KW11076,1204.47,Completed,2026-02-13 09:17:00
ORD108209,2026-04-27,DE,P1003,PG1399,KW10866,850.75,Returned,2026-04-27 00:33:00
ORD108216,2026-02-26,CA,P1018,PG1114,KW11727,3015.88,Completed,2026-02-26 17:02:00
ORD108221,2026-04-18,AU,P1024,PG1496,KW10483,959.63,Cancelled,2026-04-18 00:01:00
ORD108227,2026-05-12,BR,P1032,PG1478,KW10833,489.6,Returned,2026-05-12 13:06:00
ORD108231,2026-05-28,JP,P1047,PG1448,KW11476,392.64,Cancelled,2026-05-28 02:23:00
ORD108233,2026-02-23,FR,P1011,PG1292,KW11092,1828.39,Completed,2026-02-23 05:17:00
ORD108243,2026-02-24,BR,P1025,PG1172,KW10809,1374.11,Completed,2026-02-24 15:21:00
ORD108244,2026-02-10,US,P1035,PG1408,KW10216,1720.18,Completed,2026-02-10 01:51:00
ORD108245,2026-04-23,JP,P1045,PG1044,KW11765,1412.53,Cancelled,2026-04-23 16:25:00
ORD108254,2026-02-05,CA,P1008,PG1345,KW10545,789.17,Completed,2026-02-05 09:15:00
ORD108255,2026-03-11,CA,P1028,PG1050,KW10107,1353.24,Pending,2026-03-11 11:09:00
ORD108259,2026-02-13,DE,P1027,PG1236,KW11485,653.86,Cancelled,2026-02-13 08:31:00
ORD108260,2026-03-19,AU,P1049,PG1415,KW10900,777.44,Returned,2026-03-19 12:10:00
ORD108261,2026-02-17,IN,P1005,PG1004,KW11825,687.32,Completed,2026-02-17 23:47:00
ORD108268,2026-02-28,IN,P1043,PG1090,KW10708,1080.45,Completed,2026-02-28 19:54:00
ORD108274,2026-04-12,FR,P1028,PG1157,KW11904,704.01,Completed,2026-04-12 00:49:00
ORD108275,2026-02-28,CA,P1046,PG1200,KW11105,969.4,Completed,2026-02-28 22:59:00
ORD108278,2026-02-28,AU,P1034,PG1465,KW11057,443.05,Completed,2026-02-28 02:25:00
ORD108282,2026-02-10,BR,P1009,PG1424,KW11114,1456.86,Returned,2026-02-10 07:30:00
ORD108283,2026-04-01,IN,P1007,PG1085,KW11695,254.98,Pending,2026-04-01 23:04:00
ORD108286,2026-02-13,AU,P1008,PG1159,KW10738,840.19,Completed,2026-02-13 05:26:00
ORD108289,2026-04-23,US,P1028,PG1374,KW11386,1712.56,Completed,2026-04-23 22:06:00
ORD108291,2026-04-17,MX,P1016,PG1444,KW11753,448.09,Completed,2026-04-17 11:33:00
ORD108300,2026-03-04,US,P1023,PG1392,KW11827,722.79,Cancelled,2026-03-04 17:29:00
ORD108303,2026-03-03,IN,P1013,PG1283,KW11329,791.92,Completed,2026-03-03 20:03:00
ORD108304,2026-05-18,US,P1037,PG1378,KW11670,293.14,Cancelled,2026-05-18 09:36:00
ORD108307,2026-03-29,DE,P1031,PG1146,KW11868,853.2,Completed,2026-03-29 06:55:00
ORD108308,2026-03-01,CA,P1049,PG1012,KW11577,1448.89,Cancelled,2026-03-01 21:43:00
ORD108309,2026-05-14,DE,P1001,PG1411,KW10667,1863.93,Returned,2026-05-14 00:21:00
ORD108312,2026-03-13,FR,P1041,PG1302,KW11943,829.52,Completed,2026-03-13 01:50:00
ORD108313,2026-03-04,MX,P1037,PG1316,KW10209,1072.26,Completed,2026-03-04 11:55:00
ORD108315,2026-04-22,AU,P1018,PG1348,KW11739,1308.97,Completed,2026-04-22 03:19:00
ORD108322,2026-04-16,JP,P1039,PG1332,KW11824,642.86,Completed,2026-04-16 09:12:00
ORD108326,2026-03-22,BR,P1042,PG1497,KW11192,702.06,Completed,2026-03-22 10:15:00
ORD108327,2026-04-12,JP,P1045,PG1140,KW11344,895.54,Returned,2026-04-12 21:00:00
ORD108328,2026-02-09,US,P1008,PG1346,KW10317,751.67,Pending,2026-02-09 13:36:00
ORD108330,2026-05-14,BR,P1046,PG1080,KW10676,345.21,Completed,2026-05-14 06:56:00
ORD108331,2026-04-25,UK,P1029,PG1122,KW10251,1260.86,Completed,2026-04-25 07:15:00
ORD108334,2026-05-09,IN,P1017,PG1024,KW10364,1144.33,Completed,2026-05-09 15:09:00
ORD108339,2026-02-03,MX,P1018,PG1178,KW10300,307.09,Cancelled,2026-02-03 12:21:00
ORD108343,2026-02-05,JP,P1007,PG1400,KW11469,574.68,Completed,2026-02-05 04:00:00
ORD108346,2026-04-07,US,P1019,PG1432,KW11593,1085.07,Completed,2026-04-07 10:26:00
ORD108350,2026-02-16,US,P1026,PG1220,KW11619,1906.98,Completed,2026-02-16 15:59:00
ORD108351,2026-04-24,US,P1031,PG1159,KW10542,1603.03,Completed,2026-04-24 11:56:00
ORD108359,2026-05-02,MX,P1050,PG1406,KW10941,355.42,Completed,2026-05-02 12:09:00
ORD108362,2026-05-17,FR,P1038,PG1164,KW10203,498.86,Completed,2026-05-17 12:29:00
ORD108363,2026-04-03,IN,P1006,PG1002,KW11617,1046.97,Pending,2026-04-03 06:05:00
ORD108364,2026-02-02,JP,P1046,PG1092,KW11424,890.43,Completed,2026-02-02 16:53:00
ORD108365,2026-03-04,AU,P1047,PG1319,KW11891,2322.4,Cancelled,2026-03-04 09:21:00
ORD108368,2026-03-11,BR,P1018,PG1439,KW10889,638.38,Returned,2026-03-11 19:32:00
ORD108377,2026-04-20,AU,P1010,PG1231,KW10905,1378.95,Completed,2026-04-20 05:35:00
ORD108379,2026-04-01,FR,P1034,PG1263,KW10221,559.92,Cancelled,2026-04-01 13:00:00
ORD108383,2026-05-26,BR,P1038,PG1318,KW11759,1135.55,Returned,2026-05-26 23:00:00
ORD108384,2026-03-07,MX,P1050,PG1439,KW11506,927.7,Pending,2026-03-07 13:53:00
ORD108392,2026-05-08,CA,P1002,PG1482,KW11687,507.85,Completed,2026-05-08 09:25:00
ORD108394,2026-05-25,DE,P1006,PG1089,KW11122,913.83,Completed,2026-05-25 08:38:00
ORD108395,2026-02-17,DE,P1014,PG1324,KW10291,603.21,Cancelled,2026-02-17 10:25:00
ORD108396,2026-04-01,DE,P1008,PG1182,KW10919,1559.2,Cancelled,2026-04-01 13:36:00
ORD108399,2026-03-24,IN,P1033,PG1094,KW10052,846.35,Completed,2026-03-24 04:33:00
ORD108400,2026-03-07,BR,P1020,PG1141,KW11142,557.52,Completed,2026-03-07 16:03:00
ORD108401,2026-05-30,JP,P1033,PG1463,KW10647,1072.43,Completed,2026-05-30 11:13:00
ORD108406,2026-03-02,UK,P1037,PG1158,KW11278,642.72,Pending,2026-03-02 17:51:00
ORD108417,2026-04-19,IN,P1024,PG1480,KW11868,1292.03,Pending,2026-04-19 04:10:00
ORD108418,2026-04-24,IN,P1004,PG1272,KW10945,337.98,Cancelled,2026-04-24 06:14:00
ORD108423,2026-03-02,DE,P1050,PG1120,KW10888,678.93,Completed,2026-03-02 20:45:00
ORD108426,2026-04-03,FR,P1030,PG1211,KW10561,1211.59,Completed,2026-04-03 20:45:00
ORD108428,2026-05-29,DE,P1040,PG1350,KW11296,954.02,Pending,2026-05-29 16:22:00
ORD108433,2026-03-13,MX,P1041,PG1292,KW11833,2015.33,Cancelled,2026-03-13 23:24:00
ORD108434,2026-02-05,MX,P1018,PG1367,KW10890,944.87,Completed,2026-02-05 21:06:00
ORD108435,2026-02-16,FR,P1046,PG1022,KW11111,1373.27,Cancelled,2026-02-16 18:43:00
ORD108438,2026-05-26,AU,P1035,PG1174,KW11789,386.73,Completed,2026-05-26 15:53:00
ORD108439,2026-02-27,AU,P1036,PG1273,KW10930,1177.89,Cancelled,2026-02-27 07:38:00
ORD108440,2026-05-07,FR,P1028,PG1193,KW10813,523.89,Cancelled,2026-05-07 13:37:00
ORD108447,2026-05-07,DE,P1011,PG1305,KW11791,961.06,Completed,2026-05-07 18:11:00
ORD108448,2026-02-12,JP,P1008,PG1353,KW11790,1757.99,Completed,2026-02-12 17:55:00
ORD108449,2026-05-03,MX,P1031,PG1234,KW10240,486.38,Completed,2026-05-03 16:37:00
ORD108452,2026-03-31,AU,P1024,PG1077,KW11953,465.03,Returned,2026-03-31 19:56:00
ORD108454,2026-05-04,AU,P1032,PG1170,KW11383,456.26,Returned,2026-05-04 12:00:00
ORD108458,2026-02-25,US,P1010,PG1235,KW10421,2727.09,Completed,2026-02-25 10:17:00
ORD108461,2026-05-26,AU,P1033,PG1375,KW10525,952.93,Completed,2026-05-26 18:30:00
ORD108462,2026-03-25,IN,P1028,PG1074,KW11295,1008.86,Completed,2026-03-25 05:55:00
ORD108463,2026-04-21,FR,P1041,PG1226,KW11249,526.6,Completed,2026-04-21 14:17:00
ORD108466,2026-03-14,FR,P1040,PG1165,KW10917,605.85,Completed,2026-03-14 08:55:00
ORD108467,2026-03-19,DE,P1041,PG1474,KW11360,1193.56,Cancelled,2026-03-19 13:40:00
ORD108468,2026-02-22,MX,P1013,PG1351,KW10614,988.84,Completed,2026-02-22 04:50:00
ORD108469,2026-02-07,BR,P1021,PG1033,KW10184,791.2,Completed,2026-02-07 05:59:00
ORD108470,2026-05-23,CA,P1021,PG1471,KW11967,907.66,Returned,2026-05-23 08:43:00
ORD108471,2026-02-03,FR,P1020,PG1329,KW11962,2879.63,Completed,2026-02-03 18:34:00
ORD108472,2026-05-13,FR,P1043,PG1481,KW10295,433.58,Completed,2026-05-13 13:09:00
ORD108474,2026-04-30,US,P1042,PG1047,KW11865,584.31,Pending,2026-04-30 18:16:00
ORD108479,2026-02-25,JP,P1001,PG1312,KW11958,1005.26,Completed,2026-02-25 20:54:00
ORD108481,2026-05-25,CA,P1018,PG1118,KW11135,636.57,Pending,2026-05-25 13:43:00
ORD108482,2026-05-16,CA,P1028,PG1468,KW10014,1433.73,Completed,2026-05-16 02:14:00
ORD108483,2026-04-07,CA,P1038,PG1266,KW10282,881.0,Cancelled,2026-04-07 21:09:00
ORD108487,2026-05-28,UK,P1014,PG1091,KW11691,1235.52,Returned,2026-05-28 14:37:00
ORD108491,2026-03-10,BR,P1047,PG1386,KW11034,1823.38,Cancelled,2026-03-10 07:05:00
ORD108493,2026-05-12,IN,P1037,PG1113,KW11348,436.32,Cancelled,2026-05-12 12:40:00
ORD108494,2026-02-08,IN,P1036,PG1294,KW10211,627.02,Completed,2026-02-08 07:55:00
ORD108495,2026-04-16,AU,P1015,PG1204,KW10200,763.52,Completed,2026-04-16 14:35:00
ORD108497,2026-04-13,JP,P1046,PG1348,KW10562,856.16,Completed,2026-04-13 02:38:00
ORD108498,2026-02-26,MX,P1030,PG1316,KW11035,1195.44,Cancelled,2026-02-26 23:47:00
ORD108500,2026-03-30,DE,P1017,PG1039,KW11582,373.2,Completed,2026-03-30 18:40:00
ORD108501,2026-03-27,US,P1020,PG1404,KW10092,459.66,Completed,2026-03-27 17:19:00
ORD108503,2026-04-25,FR,P1033,PG1024,KW10693,1541.04,Pending,2026-04-25 21:21:00
ORD108504,2026-04-03,US,P1040,PG1125,KW11465,443.1,Completed,2026-04-03 14:12:00
ORD108511,2026-05-22,FR,P1033,PG1443,KW10071,2160.28,Completed,2026-05-22 02:31:00
ORD108514,2026-04-14,MX,P1002,PG1359,KW10912,359.97,Completed,2026-04-14 19:03:00
ORD108515,2026-05-31,AU,P1032,PG1149,KW11084,1545.66,Completed,2026-05-31 23:36:00
ORD108516,2026-03-30,JP,P1037,PG1496,KW10438,585.78,Completed,2026-03-30 22:15:00
ORD108519,2026-03-04,BR,P1038,PG1315,KW10281,949.41,Pending,2026-03-04 01:02:00
ORD108520,2026-05-18,IN,P1019,PG1173,KW10092,816.66,Cancelled,2026-05-18 05:01:00
ORD108527,2026-03-14,AU,P1009,PG1457,KW10387,425.15,Cancelled,2026-03-14 08:34:00
ORD108529,2026-04-21,DE,P1020,PG1374,KW10816,318.3,Cancelled,2026-04-21 18:58:00
ORD108531,2026-03-16,UK,P1047,PG1338,KW10736,732.42,Completed,2026-03-16 20:08:00
ORD108532,2026-05-01,JP,P1016,PG1031,KW10238,1270.03,Completed,2026-05-01 02:15:00
ORD108533,2026-02-19,DE,P1018,PG1395,KW11047,316.87,Completed,2026-02-19 00:12:00
ORD108534,2026-05-20,DE,P1037,PG1264,KW11128,2386.1,Cancelled,2026-05-20 06:41:00
ORD108539,2026-05-11,AU,P1027,PG1472,KW10673,2057.17,Completed,2026-05-11 02:58:00
ORD108540,2026-04-01,UK,P1012,PG1471,KW11029,1333.53,Completed,2026-04-01 17:13:00
ORD108545,2026-02-05,JP,P1006,PG1059,KW10396,359.18,Cancelled,2026-02-05 16:11:00
ORD108546,2026-03-20,AU,P1039,PG1098,KW11310,1216.77,Completed,2026-03-20 13:02:00
ORD108549,2026-02-05,US,P1005,PG1081,KW11454,375.99,Completed,2026-02-05 04:42:00
ORD108552,2026-04-23,DE,P1010,PG1197,KW10374,802.33,Completed,2026-04-23 03:50:00
ORD108555,2026-02-19,JP,P1016,PG1230,KW11577,559.07,Completed,2026-02-19 14:04:00
ORD108558,2026-02-01,FR,P1009,PG1198,KW10839,444.65,Completed,2026-02-01 15:31:00
ORD108561,2026-02-15,CA,P1036,PG1012,KW10547,380.17,Returned,2026-02-15 09:00:00
ORD108574,2026-03-19,AU,P1007,PG1335,KW11662,2706.64,Completed,2026-03-19 10:02:00
ORD108577,2026-02-13,IN,P1002,PG1213,KW10133,1070.38,Returned,2026-02-13 23:17:00
ORD108592,2026-05-27,DE,P1015,PG1059,KW11871,1285.0,Cancelled,2026-05-27 07:04:00
ORD108596,2026-03-11,UK,P1041,PG1003,KW11711,878.81,Completed,2026-03-11 06:14:00
ORD108602,2026-03-03,US,P1029,PG1383,KW10859,1103.66,Cancelled,2026-03-03 03:31:00
ORD108603,2026-04-20,AU,P1008,PG1415,KW10611,400.59,Cancelled,2026-04-20 03:02:00
ORD108606,2026-02-13,IN,P1019,PG1053,KW11566,1464.8,Completed,2026-02-13 04:19:00
ORD108609,2026-02-25,MX,P1036,PG1364,KW10665,571.09,Completed,2026-02-25 18:00:00
ORD108610,2026-04-29,CA,P1011,PG1112,KW10767,1596.91,Completed,2026-04-29 15:43:00
ORD108614,2026-05-03,BR,P1038,PG1306,KW11903,1320.42,Cancelled,2026-05-03 04:21:00
ORD108616,2026-04-29,UK,P1021,PG1494,KW10186,860.62,Completed,2026-04-29 08:31:00
ORD108617,2026-03-07,FR,P1041,PG1109,KW10708,1564.76,Pending,2026-03-07 03:40:00
ORD108618,2026-03-13,FR,P1042,PG1056,KW10487,939.68,Cancelled,2026-03-13 14:25:00
ORD108620,2026-02-05,US,P1040,PG1250,KW10466,120.93,Completed,2026-02-05 07:08:00
ORD108626,2026-03-01,IN,P1005,PG1457,KW10333,1705.45,Cancelled,2026-03-01 13:54:00
ORD108628,2026-05-23,JP,P1042,PG1033,KW10196,1251.42,Completed,2026-05-23 10:59:00
ORD108631,2026-04-13,FR,P1025,PG1118,KW10059,571.48,Returned,2026-04-13 14:54:00
ORD108634,2026-02-24,CA,P1004,PG1305,KW10320,251.53,Returned,2026-02-24 16:20:00
ORD108638,2026-04-17,JP,P1050,PG1356,KW10243,1239.84,Returned,2026-04-17 14:32:00
ORD108645,2026-02-03,FR,P1035,PG1197,KW11164,1406.81,Returned,2026-02-03 09:13:00
ORD108646,2026-04-29,FR,P1004,PG1004,KW11478,309.87,Returned,2026-04-29 01:51:00
ORD108648,2026-04-15,MX,P1015,PG1136,KW11269,1259.72,Completed,2026-04-15 20:13:00
ORD108649,2026-05-04,JP,P1015,PG1349,KW11107,1669.03,Completed,2026-05-04 06:44:00
ORD108651,2026-03-11,US,P1026,PG1244,KW10879,502.01,Completed,2026-03-11 11:47:00
ORD108653,2026-04-20,CA,P1008,PG1124,KW11512,450.62,Cancelled,2026-04-20 03:16:00
ORD108654,2026-04-16,FR,P1038,PG1233,KW11838,548.32,Completed,2026-04-16 16:20:00
ORD108655,2026-03-24,FR,P1013,PG1444,KW10108,430.71,Completed,2026-03-24 02:50:00
ORD108656,2026-05-28,JP,P1045,PG1455,KW11712,454.4,Completed,2026-05-28 06:02:00
ORD108657,2026-05-06,AU,P1023,PG1412,KW10939,161.1,Completed,2026-05-06 04:26:00
ORD108660,2026-04-20,MX,P1036,PG1072,KW11966,1302.15,Completed,2026-04-20 16:10:00
ORD108669,2026-04-03,AU,P1015,PG1402,KW10020,2346.2,Completed,2026-04-03 17:23:00
ORD108677,2026-04-13,AU,P1001,PG1452,KW11256,718.42,Completed,2026-04-13 05:44:00
ORD108679,2026-02-25,BR,P1044,PG1320,KW10296,1291.54,Cancelled,2026-02-25 14:23:00
ORD108680,2026-05-11,US,P1020,PG1074,KW10389,635.49,Returned,2026-05-11 00:09:00
ORD108683,2026-02-07,IN,P1047,PG1020,KW11268,654.37,Completed,2026-02-07 01:31:00
ORD108684,2026-03-20,DE,P1021,PG1055,KW11772,1855.77,Pending,2026-03-20 14:14:00
ORD108685,2026-03-11,AU,P1002,PG1099,KW11803,1126.48,Cancelled,2026-03-11 00:09:00
ORD108686,2026-05-08,DE,P1042,PG1496,KW10818,1608.85,Returned,2026-05-08 17:39:00
ORD108687,2026-05-28,AU,P1041,PG1297,KW10218,2243.81,Completed,2026-05-28 18:36:00
ORD108690,2026-04-13,FR,P1006,PG1122,KW11339,985.78,Returned,2026-04-13 00:30:00
ORD108700,2026-03-04,BR,P1048,PG1035,KW10526,3091.38,Pending,2026-03-04 10:56:00
ORD108701,2026-05-11,BR,P1025,PG1297,KW11827,655.31,Completed,2026-05-11 06:11:00
ORD108702,2026-04-19,AU,P1012,PG1263,KW10024,623.77,Returned,2026-04-19 14:27:00
ORD108703,2026-03-17,FR,P1027,PG1241,KW11643,2093.13,Returned,2026-03-17 17:00:00
ORD108707,2026-03-20,DE,P1047,PG1167,KW10031,338.65,Cancelled,2026-03-20 21:42:00
ORD108712,2026-02-28,FR,P1024,PG1253,KW11876,806.04,Pending,2026-02-28 16:23:00
ORD108713,2026-04-23,FR,P1042,PG1330,KW10792,1098.88,Returned,2026-04-23 16:52:00
ORD108719,2026-04-15,AU,P1045,PG1444,KW11815,675.88,Cancelled,2026-04-15 09:13:00
ORD108724,2026-03-26,DE,P1031,PG1467,KW10854,549.0,Pending,2026-03-26 09:36:00
ORD108725,2026-03-21,FR,P1003,PG1449,KW11179,493.03,Completed,2026-03-21 06:02:00
ORD108726,2026-02-23,DE,P1047,PG1418,KW11142,1695.13,Completed,2026-02-23 09:38:00
ORD108727,2026-04-09,FR,P1030,PG1280,KW11665,1024.82,Pending,2026-04-09 05:03:00
ORD108732,2026-05-14,MX,P1021,PG1287,KW11788,1078.16,Completed,2026-05-14 17:31:00
ORD108733,2026-04-09,BR,P1031,PG1466,KW10732,2576.47,Returned,2026-04-09 06:54:00
ORD108734,2026-02-11,CA,P1022,PG1057,KW10692,712.39,Cancelled,2026-02-11 19:18:00
ORD108737,2026-05-27,DE,P1020,PG1285,KW11499,711.08,Returned,2026-05-27 19:22:00
ORD108738,2026-03-07,JP,P1025,PG1273,KW11677,827.58,Completed,2026-03-07 10:21:00
ORD108744,2026-03-20,US,P1005,PG1184,KW10736,1450.94,Completed,2026-03-20 03:40:00
ORD108745,2026-05-24,CA,P1047,PG1172,KW10122,1910.23,Completed,2026-05-24 01:55:00
ORD108746,2026-02-12,UK,P1044,PG1338,KW11936,1013.42,Cancelled,2026-02-12 16:09:00
ORD108747,2026-04-29,AU,P1001,PG1118,KW11116,660.0,Completed,2026-04-29 07:20:00
ORD108750,2026-04-14,UK,P1011,PG1488,KW10231,547.3,Cancelled,2026-04-14 06:52:00
ORD108752,2026-05-21,CA,P1011,PG1061,KW11447,524.53,Completed,2026-05-21 12:25:00
ORD108756,2026-05-11,DE,P1028,PG1142,KW10777,1445.31,Returned,2026-05-11 00:08:00
ORD108758,2026-04-06,FR,P1040,PG1285,KW10136,567.54,Completed,2026-04-06 17:32:00
ORD108759,2026-05-27,UK,P1018,PG1020,KW10421,710.71,Completed,2026-05-27 14:21:00
ORD108762,2026-02-22,BR,P1044,PG1324,KW11336,533.05,Returned,2026-02-22 18:35:00
ORD108763,2026-03-20,MX,P1019,PG1083,KW11298,782.06,Pending,2026-03-20 04:15:00
ORD108768,2026-02-01,US,P1025,PG1174,KW10492,1294.48,Cancelled,2026-02-01 15:15:00
ORD108769,2026-03-29,FR,P1036,PG1439,KW11869,189.96,Cancelled,2026-03-29 13:53:00
ORD108775,2026-03-24,FR,P1003,PG1391,KW10572,701.63,Returned,2026-03-24 19:27:00
ORD108776,2026-05-04,BR,P1037,PG1160,KW11599,1313.4,Cancelled,2026-05-04 10:59:00
ORD108777,2026-05-26,FR,P1041,PG1078,KW11693,1155.84,Completed,2026-05-26 08:46:00
ORD108778,2026-02-10,JP,P1002,PG1386,KW10072,1415.85,Completed,2026-02-10 14:03:00
ORD108780,2026-02-27,FR,P1026,PG1102,KW11184,428.31,Completed,2026-02-27 06:14:00
ORD108782,2026-05-26,AU,P1006,PG1496,KW11873,1783.2,Completed,2026-05-26 04:06:00
ORD108785,2026-05-28,FR,P1027,PG1315,KW10016,768.4,Pending,2026-05-28 16:36:00
ORD108786,2026-03-09,FR,P1006,PG1373,KW11256,1540.23,Returned,2026-03-09 01:32:00
ORD108790,2026-02-01,FR,P1010,PG1328,KW11180,1444.77,Completed,2026-02-01 19:05:00
ORD108792,2026-04-26,DE,P1006,PG1229,KW11002,740.25,Completed,2026-04-26 12:03:00
ORD108800,2026-05-01,AU,P1041,PG1030,KW10824,905.97,Completed,2026-05-01 13:28:00
ORD108801,2026-04-03,MX,P1008,PG1069,KW11032,380.23,Completed,2026-04-03 19:59:00
ORD108802,2026-05-14,JP,P1018,PG1163,KW11761,3385.78,Returned,2026-05-14 22:14:00
ORD108804,2026-02-26,JP,P1037,PG1406,KW10196,222.51,Completed,2026-02-26 03:02:00
ORD108805,2026-03-28,IN,P1043,PG1470,KW10085,620.93,Returned,2026-03-28 07:54:00
ORD108806,2026-03-28,AU,P1024,PG1241,KW11669,192.0,Pending,2026-03-28 14:07:00
ORD108811,2026-05-15,BR,P1042,PG1285,KW11811,236.83,Completed,2026-05-15 10:12:00
ORD108819,2026-03-15,CA,P1036,PG1234,KW11861,880.84,Returned,2026-03-15 04:42:00
ORD108820,2026-03-20,MX,P1018,PG1044,KW11750,563.2,Completed,2026-03-20 09:25:00
ORD108822,2026-02-05,CA,P1017,PG1374,KW10786,336.1,Completed,2026-02-05 12:01:00
ORD108825,2026-02-27,US,P1018,PG1192,KW10023,1791.85,Pending,2026-02-27 22:06:00
ORD108827,2026-03-18,JP,P1050,PG1053,KW10368,1795.58,Pending,2026-03-18 15:03:00
ORD108828,2026-05-28,FR,P1006,PG1009,KW11733,497.19,Completed,2026-05-28 20:14:00
ORD108829,2026-04-24,BR,P1029,PG1353,KW11749,514.31,Completed,2026-04-24 15:36:00
ORD108830,2026-04-17,CA,P1025,PG1081,KW10182,737.78,Completed,2026-04-17 03:45:00
ORD108831,2026-05-02,AU,P1013,PG1053,KW11019,1935.65,Cancelled,2026-05-02 08:35:00
ORD108841,2026-05-19,BR,P1044,PG1327,KW10797,1924.9,Completed,2026-05-19 00:43:00
ORD108851,2026-03-28,US,P1026,PG1067,KW10449,1181.79,Cancelled,2026-03-28 02:45:00
ORD108855,2026-03-23,IN,P1001,PG1259,KW11099,696.05,Returned,2026-03-23 10:18:00
ORD108858,2026-03-19,BR,P1033,PG1123,KW10894,1057.73,Pending,2026-03-19 01:40:00
ORD108863,2026-04-24,BR,P1034,PG1260,KW11345,1061.46,Returned,2026-04-24 07:23:00
ORD108871,2026-04-10,US,P1040,PG1302,KW11429,2673.11,Completed,2026-04-10 18:39:00
ORD108873,2026-04-20,DE,P1043,PG1419,KW11401,1357.45,Completed,2026-04-20 19:18:00
ORD108874,2026-03-24,JP,P1020,PG1364,KW11569,1500.67,Pending,2026-03-24 05:51:00
ORD108875,2026-05-12,BR,P1022,PG1033,KW11025,1132.46,Completed,2026-05-12 17:36:00
ORD108879,2026-04-04,AU,P1047,PG1275,KW11362,763.19,Cancelled,2026-04-04 00:12:00
ORD108882,2026-05-16,BR,P1032,PG1334,KW11107,1109.23,Returned,2026-05-16 03:05:00
ORD108886,2026-05-02,UK,P1042,PG1324,KW11253,902.96,Pending,2026-05-02 13:56:00
ORD108888,2026-02-05,IN,P1049,PG1143,KW11562,854.75,Completed,2026-02-05 21:00:00
ORD108889,2026-02-21,CA,P1042,PG1387,KW11837,557.82,Cancelled,2026-02-21 07:10:00
ORD108892,2026-05-20,MX,P1021,PG1263,KW10669,204.73,Pending,2026-05-20 18:45:00
ORD108893,2026-02-28,MX,P1031,PG1181,KW11553,436.37,Pending,2026-02-28 23:35:00
ORD108896,2026-04-20,BR,P1009,PG1456,KW10448,682.93,Returned,2026-04-20 14:35:00
ORD108897,2026-03-28,AU,P1027,PG1074,KW10964,1519.77,Pending,2026-03-28 13:27:00
ORD108899,2026-05-27,UK,P1036,PG1315,KW10441,1398.41,Returned,2026-05-27 08:22:00
ORD108901,2026-02-13,CA,P1043,PG1060,KW11054,206.01,Completed,2026-02-13 14:56:00
ORD108903,2026-03-10,FR,P1048,PG1494,KW11990,973.52,Pending,2026-03-10 03:47:00
ORD108904,2026-05-30,FR,P1006,PG1134,KW11452,1727.82,Completed,2026-05-30 22:36:00
ORD108907,2026-04-22,UK,P1035,PG1339,KW11871,1260.17,Cancelled,2026-04-22 15:41:00
ORD108909,2026-03-12,UK,P1011,PG1135,KW11795,636.79,Completed,2026-03-12 15:22:00
ORD108910,2026-02-28,MX,P1013,PG1168,KW10228,882.6,Pending,2026-02-28 17:38:00
ORD108915,2026-05-04,JP,P1036,PG1033,KW11251,1314.4,Returned,2026-05-04 06:58:00
ORD108917,2026-04-06,BR,P1020,PG1010,KW11474,646.92,Returned,2026-04-06 10:57:00
ORD108927,2026-05-08,DE,P1013,PG1146,KW11087,245.33,Completed,2026-05-08 02:39:00
ORD108937,2026-03-03,FR,P1046,PG1269,KW10602,579.3,Pending,2026-03-03 22:23:00
ORD108939,2026-02-22,US,P1004,PG1047,KW11417,1258.15,Completed,2026-02-22 18:47:00
ORD108941,2026-02-24,AU,P1038,PG1386,KW11382,1297.2,Completed,2026-02-24 04:24:00
ORD108942,2026-02-15,JP,P1012,PG1437,KW11805,358.67,Cancelled,2026-02-15 23:21:00
ORD108943,2026-04-28,UK,P1019,PG1309,KW10526,3163.4,Pending,2026-04-28 13:16:00
ORD108944,2026-02-12,UK,P1049,PG1136,KW11050,1043.94,Cancelled,2026-02-12 20:38:00
ORD108947,2026-02-27,DE,P1021,PG1094,KW10167,777.38,Completed,2026-02-27 14:49:00
ORD108952,2026-03-01,US,P1025,PG1288,KW11706,1040.21,Returned,2026-03-01 10:08:00
ORD108953,2026-03-28,IN,P1011,PG1092,KW10738,434.34,Cancelled,2026-03-28 00:35:00
ORD108956,2026-05-23,AU,P1031,PG1239,KW10029,382.3,Completed,2026-05-23 16:17:00
ORD108957,2026-03-13,DE,P1026,PG1072,KW10395,1440.48,Completed,2026-03-13 21:42:00
ORD108960,2026-02-04,CA,P1032,PG1207,KW10965,1185.99,Completed,2026-02-04 22:58:00
ORD108965,2026-03-25,CA,P1015,PG1018,KW10852,303.37,Pending,2026-03-25 07:24:00
ORD108972,2026-02-23,MX,P1040,PG1308,KW10480,325.03,Completed,2026-02-23 15:43:00
ORD108977,2026-04-01,MX,P1044,PG1010,KW10602,1289.41,Completed,2026-04-01 01:15:00
ORD108983,2026-05-09,IN,P1040,PG1188,KW10659,906.0,Returned,2026-05-09 22:50:00
ORD108984,2026-03-19,BR,P1013,PG1143,KW10609,1768.05,Pending,2026-03-19 03:06:00
ORD108985,2026-03-14,MX,P1042,PG1417,KW11500,520.38,Cancelled,2026-03-14 11:04:00
ORD108987,2026-03-21,US,P1043,PG1076,KW11070,598.65,Completed,2026-03-21 13:47:00
ORD108989,2026-04-11,MX,P1031,PG1353,KW11651,1224.41,Completed,2026-04-11 04:33:00
ORD108991,2026-02-07,CA,P1030,PG1433,KW11661,356.88,Pending,2026-02-07 14:45:00
ORD108996,2026-05-16,BR,P1045,PG1409,KW11981,269.75,Pending,2026-05-16 14:37:00
ORD108998,2026-04-10,CA,P1028,PG1219,KW11169,551.45,Cancelled,2026-04-10 20:14:00
ORD108999,2026-05-06,FR,P1019,PG1454,KW11700,331.42,Completed,2026-05-06 05:29:00
ORD109000,2026-02-19,AU,P1048,PG1429,KW10654,845.23,Pending,2026-02-19 22:08:00
ORD109004,2026-04-17,JP,P1026,PG1005,KW10412,749.9,Returned,2026-04-17 23:28:00
ORD109013,2026-03-22,CA,P1003,PG1431,KW10930,1636.12,Completed,2026-03-22 02:36:00
ORD109016,2026-04-16,UK,P1006,PG1027,KW10191,1228.71,Completed,2026-04-16 22:39:00
ORD109017,2026-02-24,DE,P1029,PG1038,KW11709,668.5,Completed,2026-02-24 03:05:00
ORD109018,2026-05-04,MX,P1042,PG1118,KW11559,895.99,Completed,2026-05-04 17:41:00
ORD109023,2026-05-07,UK,P1019,PG1483,KW10830,664.36,Completed,2026-05-07 21:57:00
ORD109024,2026-03-03,JP,P1021,PG1257,KW10482,913.23,Returned,2026-03-03 15:25:00
ORD109027,2026-03-18,CA,P1017,PG1458,KW10254,1026.45,Completed,2026-03-18 07:33:00
ORD109029,2026-05-23,BR,P1045,PG1142,KW10553,422.96,Cancelled,2026-05-23 07:37:00
ORD109030,2026-05-16,MX,P1006,PG1169,KW11073,505.24,Completed,2026-05-16 15:36:00
ORD109044,2026-03-05,MX,P1028,PG1330,KW11035,1026.26,Returned,2026-03-05 21:48:00
ORD109047,2026-02-13,DE,P1006,PG1372,KW10912,391.39,Completed,2026-02-13 17:42:00
ORD109053,2026-05-09,UK,P1028,PG1240,KW10831,1181.59,Cancelled,2026-05-09 09:12:00
ORD109058,2026-03-10,CA,P1032,PG1426,KW10099,623.52,Pending,2026-03-10 07:48:00
ORD109061,2026-05-13,FR,P1028,PG1149,KW11347,419.11,Returned,2026-05-13 21:29:00
ORD109063,2026-04-28,BR,P1017,PG1356,KW11608,690.39,Pending,2026-04-28 06:12:00
ORD109067,2026-04-17,CA,P1020,PG1091,KW11952,990.36,Completed,2026-04-17 09:54:00
ORD109078,2026-02-19,MX,P1023,PG1269,KW11666,1299.85,Cancelled,2026-02-19 04:55:00
ORD109081,2026-05-01,JP,P1016,PG1175,KW10378,1412.6,Completed,2026-05-01 16:08:00
ORD109082,2026-05-31,UK,P1036,PG1376,KW10385,1609.89,Cancelled,2026-05-31 11:10:00
ORD109087,2026-03-22,UK,P1038,PG1374,KW10396,1419.0,Completed,2026-03-22 01:24:00
ORD109095,2026-04-06,MX,P1006,PG1258,KW11240,491.53,Completed,2026-04-06 05:23:00
ORD109105,2026-05-14,US,P1026,PG1230,KW11432,636.75,Returned,2026-05-14 07:17:00
ORD109107,2026-04-22,AU,P1019,PG1175,KW10905,1331.42,Completed,2026-04-22 20:25:00
ORD109108,2026-03-07,FR,P1006,PG1290,KW10784,1099.01,Pending,2026-03-07 09:36:00
ORD109109,2026-04-22,US,P1006,PG1440,KW11582,1435.85,Completed,2026-04-22 04:35:00
ORD109113,2026-04-28,CA,P1009,PG1474,KW11560,895.32,Completed,2026-04-28 13:02:00
ORD109118,2026-03-30,CA,P1039,PG1007,KW11035,1076.85,Cancelled,2026-03-30 09:19:00
ORD109120,2026-05-05,FR,P1002,PG1334,KW11047,1445.48,Pending,2026-05-05 18:37:00
ORD109121,2026-05-08,BR,P1011,PG1074,KW11747,1354.12,Cancelled,2026-05-08 14:39:00
ORD109122,2026-03-04,JP,P1017,PG1462,KW10890,1932.18,Pending,2026-03-04 17:11:00
ORD109127,2026-05-05,DE,P1042,PG1016,KW10684,6409.81,Completed,2026-05-05 13:33:00
ORD109128,2026-02-08,CA,P1042,PG1207,KW11943,411.12,Completed,2026-02-08 02:28:00
ORD109133,2026-05-12,US,P1001,PG1386,KW10595,748.77,Completed,2026-05-12 06:30:00
ORD109134,2026-04-07,JP,P1004,PG1247,KW11049,1300.58,Completed,2026-04-07 14:21:00
ORD109138,2026-04-27,FR,P1016,PG1436,KW10137,429.85,Pending,2026-04-27 18:04:00
ORD109145,2026-03-14,US,P1014,PG1259,KW10447,291.88,Pending,2026-03-14 23:24:00
ORD109146,2026-04-22,FR,P1040,PG1122,KW10956,570.76,Completed,2026-04-22 13:44:00
ORD109148,2026-05-13,FR,P1034,PG1266,KW11380,900.9,Pending,2026-05-13 00:43:00
ORD109152,2026-04-16,IN,P1020,PG1172,KW10318,1609.03,Completed,2026-04-16 16:45:00
ORD109157,2026-04-29,US,P1017,PG1362,KW11428,843.65,Completed,2026-04-29 16:12:00
ORD109162,2026-03-14,JP,P1038,PG1281,KW11731,1293.6,Cancelled,2026-03-14 10:17:00
ORD109167,2026-02-01,US,P1049,PG1333,KW10090,978.19,Completed,2026-02-01 21:12:00
ORD109168,2026-05-21,IN,P1011,PG1323,KW10333,964.54,Completed,2026-05-21 16:44:00
ORD109171,2026-03-16,AU,P1019,PG1187,KW10002,574.92,Completed,2026-03-16 14:36:00
ORD109173,2026-02-08,AU,P1021,PG1234,KW10066,1072.6,Pending,2026-02-08 03:24:00
ORD109175,2026-04-16,BR,P1010,PG1103,KW11332,512.77,Returned,2026-04-16 20:15:00
ORD109181,2026-03-28,IN,P1024,PG1488,KW10715,1173.48,Pending,2026-03-28 11:42:00
ORD109182,2026-02-28,CA,P1034,PG1164,KW10303,166.49,Returned,2026-02-28 13:08:00
ORD109189,2026-02-05,IN,P1039,PG1074,KW10385,557.43,Cancelled,2026-02-05 06:00:00
ORD109191,2026-04-08,CA,P1040,PG1252,KW11184,443.61,Completed,2026-04-08 23:51:00
ORD109192,2026-05-05,US,P1004,PG1287,KW11088,758.59,Cancelled,2026-05-05 07:40:00
ORD109194,2026-04-27,DE,P1023,PG1309,KW10547,480.32,Cancelled,2026-04-27 11:10:00
ORD109197,2026-05-02,MX,P1012,PG1115,KW11857,3145.26,Completed,2026-05-02 00:51:00
ORD109199,2026-04-24,AU,P1013,PG1449,KW11979,1035.96,Completed,2026-04-24 13:18:00
ORD109200,2026-03-17,DE,P1019,PG1281,KW11645,442.96,Returned,2026-03-17 12:23:00
ORD109201,2026-03-27,MX,P1022,PG1057,KW10560,791.37,Pending,2026-03-27 22:06:00
ORD109204,2026-04-19,AU,P1020,PG1386,KW11552,1165.57,Completed,2026-04-19 10:28:00
ORD109205,2026-05-29,AU,P1007,PG1433,KW10073,1106.84,Completed,2026-05-29 10:47:00
ORD109206,2026-03-16,US,P1005,PG1093,KW11780,779.47,Completed,2026-03-16 08:17:00
ORD109208,2026-04-28,FR,P1031,PG1211,KW10108,831.27,Completed,2026-04-28 06:33:00
ORD109209,2026-05-22,AU,P1015,PG1380,KW11646,448.41,Returned,2026-05-22 10:12:00
ORD109212,2026-05-05,IN,P1026,PG1095,KW10863,513.55,Pending,2026-05-05 06:05:00
ORD109215,2026-02-22,AU,P1050,PG1384,KW11586,2240.31,Returned,2026-02-22 23:55:00
ORD109220,2026-05-22,DE,P1002,PG1448,KW11135,2030.4,Completed,2026-05-22 08:28:00
ORD109222,2026-04-26,IN,P1041,PG1137,KW11343,1027.16,Pending,2026-04-26 03:34:00
ORD109223,2026-02-23,MX,P1050,PG1261,KW10981,704.31,Completed,2026-02-23 13:36:00
ORD109225,2026-05-03,DE,P1019,PG1047,KW11065,890.44,Returned,2026-05-03 11:54:00
ORD109240,2026-02-12,DE,P1008,PG1477,KW11444,1377.89,Cancelled,2026-02-12 22:16:00
ORD109245,2026-03-16,AU,P1021,PG1226,KW10902,350.1,Completed,2026-03-16 06:04:00
ORD109246,2026-05-22,IN,P1017,PG1317,KW11707,604.99,Returned,2026-05-22 23:34:00
ORD109247,2026-04-18,UK,P1017,PG1170,KW11655,249.94,Completed,2026-04-18 23:26:00
ORD109248,2026-03-14,MX,P1049,PG1494,KW11386,1423.92,Cancelled,2026-03-14 19:00:00
ORD109252,2026-03-19,MX,P1029,PG1305,KW11705,466.5,Completed,2026-03-19 16:13:00
ORD109254,2026-04-28,JP,P1025,PG1457,KW11625,604.46,Returned,2026-04-28 14:52:00
ORD109257,2026-05-10,BR,P1026,PG1233,KW11293,1229.74,Returned,2026-05-10 23:52:00
ORD109260,2026-05-17,IN,P1021,PG1409,KW11406,745.37,Cancelled,2026-05-17 00:17:00
ORD109264,2026-02-18,MX,P1014,PG1135,KW10804,2329.64,Pending,2026-02-18 17:08:00
ORD109274,2026-03-21,IN,P1018,PG1459,KW10417,1271.81,Pending,2026-03-21 08:48:00
ORD109277,2026-05-08,BR,P1046,PG1402,KW11437,988.4,Pending,2026-05-08 10:58:00
ORD109280,2026-02-08,JP,P1045,PG1205,KW11036,467.33,Completed,2026-02-08 09:29:00
ORD109282,2026-03-29,AU,P1027,PG1224,KW11020,389.97,Pending,2026-03-29 22:09:00
ORD109287,2026-05-13,BR,P1027,PG1056,KW11668,1420.06,Pending,2026-05-13 09:16:00
ORD109290,2026-04-13,UK,P1022,PG1264,KW10176,634.72,Returned,2026-04-13 08:48:00
ORD109292,2026-04-03,DE,P1015,PG1368,KW11111,647.83,Returned,2026-04-03 15:15:00
ORD109297,2026-05-26,AU,P1040,PG1464,KW11026,795.08,Cancelled,2026-05-26 21:59:00
ORD109302,2026-03-30,MX,P1035,PG1145,KW11268,376.71,Pending,2026-03-30 17:27:00
ORD109304,2026-04-09,CA,P1011,PG1153,KW10018,983.22,Completed,2026-04-09 21:12:00
ORD109306,2026-05-12,US,P1036,PG1123,KW11456,1124.8,Cancelled,2026-05-12 11:07:00
ORD109309,2026-03-07,IN,P1011,PG1336,KW10785,686.45,Completed,2026-03-07 09:26:00
ORD109311,2026-05-23,IN,P1021,PG1381,KW10154,734.3,Completed,2026-05-23 05:50:00
ORD109314,2026-03-09,IN,P1024,PG1414,KW11622,831.9,Pending,2026-03-09 01:39:00
ORD109320,2026-05-20,FR,P1029,PG1431,KW10853,735.31,Completed,2026-05-20 09:29:00
ORD109321,2026-05-15,BR,P1032,PG1435,KW10113,1242.39,Pending,2026-05-15 01:54:00
ORD109322,2026-05-27,CA,P1007,PG1097,KW11692,1048.79,Cancelled,2026-05-27 11:12:00
ORD109330,2026-04-23,DE,P1047,PG1471,KW11224,573.35,Completed,2026-04-23 20:58:00
ORD109334,2026-03-22,US,P1047,PG1354,KW10918,718.48,Cancelled,2026-03-22 11:48:00
ORD109337,2026-03-16,MX,P1015,PG1465,KW11364,600.56,Completed,2026-03-16 20:54:00
ORD109339,2026-03-24,AU,P1019,PG1155,KW10800,878.95,Pending,2026-03-24 23:32:00
ORD109341,2026-03-25,JP,P1018,PG1346,KW11466,1382.37,Completed,2026-03-25 08:46:00
ORD109343,2026-03-13,FR,P1041,PG1374,KW10959,474.5,Pending,2026-03-13 22:15:00
ORD109344,2026-02-08,JP,P1038,PG1169,KW10407,461.94,Completed,2026-02-08 09:19:00
ORD109347,2026-04-26,MX,P1010,PG1407,KW10348,3307.5,Completed,2026-04-26 11:09:00
ORD109351,2026-05-31,IN,P1022,PG1240,KW11264,492.47,Cancelled,2026-05-31 20:41:00
ORD109352,2026-04-15,FR,P1029,PG1410,KW10465,313.64,Completed,2026-04-15 01:23:00
ORD109354,2026-05-27,US,P1014,PG1203,KW10340,826.84,Returned,2026-05-27 02:08:00
ORD109359,2026-03-25,JP,P1041,PG1120,KW11726,541.36,Completed,2026-03-25 15:45:00
ORD109362,2026-02-21,AU,P1022,PG1015,KW10122,1359.28,Cancelled,2026-02-21 05:53:00
ORD109363,2026-02-13,BR,P1047,PG1194,KW11647,858.36,Completed,2026-02-13 11:20:00
ORD109364,2026-02-07,FR,P1009,PG1331,KW11066,670.87,Completed,2026-02-07 03:43:00
ORD109369,2026-02-17,MX,P1007,PG1496,KW11410,245.08,Returned,2026-02-17 10:08:00
ORD109370,2026-02-14,IN,P1010,PG1044,KW10513,464.9,Cancelled,2026-02-14 12:23:00
ORD109372,2026-04-09,CA,P1024,PG1359,KW11287,1675.15,Pending,2026-04-09 17:11:00
ORD109374,2026-03-04,BR,P1032,PG1481,KW11538,518.48,Cancelled,2026-03-04 08:27:00
ORD109377,2026-02-13,IN,P1041,PG1216,KW11909,1046.14,Returned,2026-02-13 19:28:00
ORD109382,2026-04-25,US,P1049,PG1005,KW10682,816.82,Returned,2026-04-25 12:51:00
ORD109383,2026-02-21,AU,P1039,PG1092,KW11911,371.87,Pending,2026-02-21 06:54:00
ORD109393,2026-02-19,JP,P1030,PG1479,KW10886,383.12,Completed,2026-02-19 19:43:00
ORD109396,2026-05-12,JP,P1046,PG1028,KW11440,1804.47,Completed,2026-05-12 03:54:00
ORD109400,2026-03-16,AU,P1019,PG1222,KW10402,3034.44,Completed,2026-03-16 20:12:00
ORD109407,2026-03-14,FR,P1047,PG1482,KW11228,653.99,Completed,2026-03-14 12:12:00
ORD109408,2026-05-05,UK,P1016,PG1321,KW11029,2225.97,Returned,2026-05-05 00:32:00
ORD109409,2026-05-02,MX,P1050,PG1257,KW11352,999.86,Completed,2026-05-02 17:15:00
ORD109410,2026-05-30,US,P1028,PG1363,KW11927,550.49,Pending,2026-05-30 17:58:00
ORD109411,2026-03-04,MX,P1039,PG1393,KW10580,545.8,Completed,2026-03-04 05:37:00
ORD109412,2026-05-11,FR,P1019,PG1489,KW11203,972.12,Cancelled,2026-05-11 11:47:00
ORD109413,2026-04-07,DE,P1007,PG1013,KW10014,430.95,Cancelled,2026-04-07 07:24:00
ORD109419,2026-02-27,JP,P1004,PG1421,KW10780,2659.92,Pending,2026-02-27 16:56:00
ORD109426,2026-05-20,US,P1047,PG1316,KW10471,510.13,Pending,2026-05-20 22:14:00
ORD109427,2026-03-02,DE,P1045,PG1161,KW10172,1718.81,Completed,2026-03-02 14:02:00
ORD109430,2026-05-20,UK,P1049,PG1091,KW10568,488.82,Completed,2026-05-20 22:26:00
ORD109434,2026-04-07,UK,P1038,PG1284,KW11918,849.92,Pending,2026-04-07 07:01:00
ORD109438,2026-03-02,UK,P1008,PG1427,KW11004,565.33,Pending,2026-03-02 07:19:00
ORD109439,2026-04-18,JP,P1003,PG1218,KW10746,344.1,Completed,2026-04-18 15:30:00
ORD109442,2026-02-10,BR,P1012,PG1370,KW11065,398.56,Completed,2026-02-10 04:08:00
ORD109444,2026-04-20,IN,P1044,PG1470,KW10560,772.38,Completed,2026-04-20 05:11:00
ORD109449,2026-05-04,BR,P1039,PG1180,KW10176,2304.65,Completed,2026-05-04 18:12:00
ORD109450,2026-04-13,MX,P1040,PG1306,KW11845,254.24,Returned,2026-04-13 10:04:00
ORD109455,2026-02-27,AU,P1034,PG1019,KW10114,877.53,Returned,2026-02-27 23:09:00
ORD109460,2026-05-30,US,P1028,PG1244,KW10344,1057.79,Returned,2026-05-30 02:52:00
ORD109462,2026-03-15,UK,P1045,PG1067,KW10196,2324.96,Returned,2026-03-15 10:17:00
ORD109463,2026-04-27,JP,P1005,PG1175,KW10535,814.26,Pending,2026-04-27 00:34:00
ORD109466,2026-03-05,US,P1036,PG1048,KW11709,646.87,Completed,2026-03-05 15:26:00
ORD109467,2026-02-01,CA,P1017,PG1033,KW10895,773.71,Cancelled,2026-02-01 07:45:00
ORD109474,2026-03-20,UK,P1032,PG1437,KW10780,336.67,Completed,2026-03-20 19:07:00
ORD109477,2026-05-14,AU,P1011,PG1146,KW11281,929.51,Pending,2026-05-14 10:08:00
ORD109479,2026-03-09,CA,P1014,PG1050,KW11508,1092.18,Pending,2026-03-09 08:51:00
ORD109481,2026-04-29,US,P1036,PG1086,KW11863,312.81,Completed,2026-04-29 03:07:00
ORD109482,2026-04-16,FR,P1022,PG1007,KW11974,323.25,Completed,2026-04-16 08:11:00
ORD109484,2026-03-21,FR,P1014,PG1134,KW10822,1031.38,Completed,2026-03-21 11:59:00
ORD109485,2026-03-13,MX,P1040,PG1301,KW10596,1024.48,Pending,2026-03-13 22:40:00
ORD109496,2026-02-28,MX,P1046,PG1097,KW11230,598.94,Completed,2026-02-28 11:39:00
ORD109498,2026-02-10,IN,P1037,PG1173,KW11350,1722.14,Cancelled,2026-02-10 23:30:00
ORD109500,2026-02-04,UK,P1015,PG1295,KW11765,397.44,Returned,2026-02-04 11:08:00
ORD109502,2026-02-24,BR,P1018,PG1177,KW10572,376.15,Cancelled,2026-02-24 19:34:00
ORD109506,2026-05-04,AU,P1024,PG1413,KW10324,1519.85,Returned,2026-05-04 12:54:00
ORD109515,2026-05-14,CA,P1037,PG1359,KW11206,2030.8,Returned,2026-05-14 21:00:00
ORD109516,2026-02-24,MX,P1031,PG1441,KW11455,697.31,Returned,2026-02-24 12:17:00
ORD109520,2026-02-07,UK,P1017,PG1177,KW11348,1607.75,Completed,2026-02-07 08:08:00
ORD109523,2026-03-19,AU,P1029,PG1290,KW10662,657.19,Completed,2026-03-19 03:39:00
ORD109526,2026-02-02,MX,P1043,PG1045,KW10849,1087.64,Completed,2026-02-02 01:10:00
ORD109527,2026-03-21,JP,P1009,PG1299,KW11105,964.01,Completed,2026-03-21 15:16:00
ORD109538,2026-03-31,JP,P1028,PG1293,KW10977,2191.53,Cancelled,2026-03-31 21:19:00
ORD109539,2026-03-21,FR,P1039,PG1465,KW10516,539.49,Completed,2026-03-21 03:59:00
ORD109540,2026-02-17,US,P1040,PG1482,KW10761,828.24,Pending,2026-02-17 21:45:00
ORD109542,2026-04-15,CA,P1023,PG1371,KW10399,1190.7,Completed,2026-04-15 15:12:00
ORD109543,2026-03-03,CA,P1008,PG1364,KW11335,1352.9,Pending,2026-03-03 13:40:00
ORD109552,2026-05-06,FR,P1002,PG1304,KW11144,288.83,Completed,2026-05-06 03:47:00
ORD109553,2026-03-11,JP,P1045,PG1218,KW10034,650.51,Completed,2026-03-11 08:56:00
ORD109554,2026-02-19,CA,P1018,PG1362,KW11531,1204.07,Completed,2026-02-19 13:47:00
ORD109557,2026-04-08,UK,P1048,PG1370,KW10438,1034.75,Completed,2026-04-08 01:13:00
ORD109561,2026-03-08,MX,P1001,PG1242,KW11067,1342.58,Cancelled,2026-03-08 08:32:00
ORD109566,2026-04-06,US,P1017,PG1177,KW11692,1977.11,Completed,2026-04-06 20:29:00
ORD109568,2026-04-12,CA,P1013,PG1315,KW10223,721.38,Pending,2026-04-12 16:36:00
ORD109569,2026-04-28,CA,P1019,PG1348,KW10655,4300.31,Pending,2026-04-28 17:22:00
ORD109570,2026-02-19,DE,P1034,PG1288,KW11410,1862.97,Cancelled,2026-02-19 04:10:00
ORD109576,2026-02-07,US,P1016,PG1315,KW11654,854.08,Completed,2026-02-07 20:02:00
ORD109577,2026-04-05,MX,P1024,PG1126,KW10677,827.45,Returned,2026-04-05 01:52:00
ORD109579,2026-05-23,DE,P1016,PG1101,KW11556,1672.21,Cancelled,2026-05-23 13:04:00
ORD109581,2026-03-03,DE,P1034,PG1189,KW10039,351.66,Completed,2026-03-03 13:42:00
ORD109583,2026-03-13,US,P1045,PG1189,KW11712,1296.39,Pending,2026-03-13 21:39:00
ORD109587,2026-03-17,JP,P1041,PG1380,KW11572,564.16,Completed,2026-03-17 16:28:00
ORD109588,2026-03-21,IN,P1045,PG1409,KW11190,454.24,Completed,2026-03-21 22:43:00
ORD109591,2026-03-09,US,P1037,PG1356,KW10958,719.53,Returned,2026-03-09 08:36:00
ORD109598,2026-04-08,DE,P1029,PG1389,KW10581,484.39,Completed,2026-04-08 11:40:00
ORD109606,2026-02-21,US,P1034,PG1264,KW11602,538.98,Cancelled,2026-02-21 16:41:00
ORD109609,2026-02-10,JP,P1049,PG1118,KW11663,246.17,Cancelled,2026-02-10 09:34:00
ORD109614,2026-03-07,AU,P1044,PG1274,KW10342,811.91,Cancelled,2026-03-07 01:42:00
ORD109615,2026-02-21,US,P1005,PG1206,KW11081,969.81,Completed,2026-02-21 02:32:00
ORD109618,2026-03-15,CA,P1017,PG1451,KW10691,1687.47,Pending,2026-03-15 20:23:00
ORD109621,2026-05-31,AU,P1022,PG1224,KW10263,2295.25,Completed,2026-05-31 07:23:00
ORD109622,2026-02-25,CA,P1031,PG1256,KW10911,1190.75,Completed,2026-02-25 01:11:00
ORD109623,2026-04-07,CA,P1027,PG1125,KW11900,1233.77,Cancelled,2026-04-07 23:52:00
ORD109624,2026-04-27,CA,P1012,PG1342,KW11973,776.98,Completed,2026-04-27 00:05:00
ORD109626,2026-02-02,AU,P1010,PG1165,KW10174,1269.47,Pending,2026-02-02 08:18:00
ORD109630,2026-04-19,UK,P1002,PG1248,KW11631,1766.24,Completed,2026-04-19 08:56:00
ORD109636,2026-03-31,DE,P1014,PG1188,KW10064,860.2,Completed,2026-03-31 03:19:00
ORD109637,2026-02-15,IN,P1011,PG1492,KW10468,886.03,Completed,2026-02-15 18:01:00
ORD109641,2026-02-24,IN,P1030,PG1009,KW10726,246.69,Cancelled,2026-02-24 15:10:00
ORD109642,2026-05-14,BR,P1043,PG1377,KW11947,767.31,Completed,2026-05-14 02:01:00
ORD109646,2026-04-10,DE,P1003,PG1443,KW10610,510.36,Completed,2026-04-10 22:11:00
ORD109655,2026-05-25,CA,P1048,PG1356,KW11820,1501.1,Completed,2026-05-25 22:59:00
ORD109656,2026-04-28,CA,P1012,PG1235,KW11535,728.65,Returned,2026-04-28 21:11:00
ORD109659,2026-04-17,MX,P1032,PG1295,KW11185,124.2,Pending,2026-04-17 03:53:00
ORD109661,2026-05-17,CA,P1037,PG1062,KW10638,847.82,Returned,2026-05-17 13:05:00
ORD109663,2026-04-19,IN,P1024,PG1107,KW11289,1234.94,Returned,2026-04-19 02:28:00
ORD109668,2026-04-06,FR,P1049,PG1396,KW11477,2060.95,Pending,2026-04-06 05:15:00
ORD109672,2026-03-03,MX,P1014,PG1154,KW10102,1141.68,Cancelled,2026-03-03 07:28:00
ORD109676,2026-05-11,US,P1008,PG1472,KW11818,671.75,Returned,2026-05-11 09:19:00
ORD109681,2026-02-28,AU,P1030,PG1207,KW10831,440.36,Pending,2026-02-28 00:23:00
ORD109686,2026-03-25,UK,P1012,PG1070,KW11423,859.1,Pending,2026-03-25 10:38:00
ORD109687,2026-03-22,FR,P1039,PG1209,KW10580,580.49,Completed,2026-03-22 17:21:00
ORD109692,2026-02-27,DE,P1046,PG1131,KW10416,328.81,Pending,2026-02-27 11:30:00
ORD109694,2026-02-15,CA,P1031,PG1048,KW10668,1122.1,Returned,2026-02-15 01:03:00
ORD109695,2026-03-13,FR,P1032,PG1225,KW10942,398.02,Cancelled,2026-03-13 12:20:00
ORD109702,2026-04-16,BR,P1035,PG1472,KW10800,600.08,Completed,2026-04-16 12:26:00
ORD109703,2026-02-02,BR,P1044,PG1366,KW10987,548.81,Completed,2026-02-02 20:12:00
ORD109704,2026-02-10,FR,P1009,PG1359,KW10189,1972.84,Completed,2026-02-10 16:06:00
ORD109705,2026-05-02,JP,P1020,PG1305,KW10632,679.46,Cancelled,2026-05-02 09:48:00
ORD109708,2026-05-25,JP,P1013,PG1477,KW11861,658.73,Cancelled,2026-05-25 15:26:00
ORD109711,2026-02-19,UK,P1016,PG1467,KW11858,863.54,Completed,2026-02-19 07:09:00
ORD109716,2026-05-22,US,P1013,PG1388,KW11596,1175.22,Completed,2026-05-22 08:19:00
ORD109717,2026-05-16,DE,P1046,PG1374,KW11691,537.3,Completed,2026-05-16 08:04:00
ORD109727,2026-02-22,BR,P1043,PG1064,KW10054,1006.02,Completed,2026-02-22 20:46:00
ORD109728,2026-02-02,AU,P1003,PG1147,KW11660,630.78,Completed,2026-02-02 03:21:00
ORD109729,2026-03-30,DE,P1028,PG1272,KW11392,1007.84,Completed,2026-03-30 18:46:00
ORD109734,2026-05-09,JP,P1010,PG1400,KW11267,1241.23,Cancelled,2026-05-09 02:41:00
ORD109737,2026-04-14,MX,P1048,PG1140,KW11316,482.54,Cancelled,2026-04-14 08:34:00
ORD109738,2026-03-18,IN,P1043,PG1313,KW10728,588.44,Pending,2026-03-18 21:45:00
ORD109739,2026-05-07,CA,P1009,PG1009,KW11270,1015.65,Completed,2026-05-07 18:04:00
ORD109741,2026-03-14,CA,P1032,PG1395,KW10010,822.0,Pending,2026-03-14 10:33:00
ORD109744,2026-02-06,BR,P1036,PG1354,KW10316,438.6,Completed,2026-02-06 16:12:00
ORD109746,2026-05-14,BR,P1014,PG1168,KW11785,595.44,Completed,2026-05-14 19:08:00
ORD109749,2026-03-14,US,P1039,PG1356,KW11857,763.92,Completed,2026-03-14 03:10:00
ORD109753,2026-05-06,US,P1037,PG1460,KW10293,1449.38,Completed,2026-05-06 20:38:00
ORD109755,2026-04-02,DE,P1026,PG1194,KW11417,779.77,Completed,2026-04-02 20:33:00
ORD109759,2026-05-22,IN,P1025,PG1304,KW11982,359.66,Completed,2026-05-22 01:24:00
ORD109762,2026-05-22,FR,P1031,PG1120,KW11012,359.53,Completed,2026-05-22 23:56:00
ORD109763,2026-03-29,FR,P1036,PG1199,KW11512,1499.66,Pending,2026-03-29 16:39:00
ORD109764,2026-02-21,MX,P1047,PG1148,KW11169,1398.63,Returned,2026-02-21 09:58:00
ORD109768,2026-03-20,UK,P1009,PG1489,KW11550,1119.24,Completed,2026-03-20 06:34:00
ORD109773,2026-04-04,US,P1007,PG1371,KW10951,540.29,Completed,2026-04-04 11:35:00
ORD109774,2026-02-20,CA,P1043,PG1404,KW10400,522.73,Cancelled,2026-02-20 00:33:00
ORD109776,2026-05-29,IN,P1020,PG1163,KW11458,720.81,Returned,2026-05-29 21:09:00
ORD109779,2026-03-04,US,P1009,PG1312,KW10692,470.9,Returned,2026-03-04 12:16:00
ORD109783,2026-02-28,US,P1017,PG1188,KW10757,485.16,Completed,2026-02-28 10:02:00
ORD109786,2026-05-12,US,P1006,PG1099,KW10449,368.18,Completed,2026-05-12 07:59:00
ORD109791,2026-05-09,AU,P1027,PG1397,KW11391,615.46,Cancelled,2026-05-09 10:18:00
ORD109794,2026-04-11,AU,P1035,PG1070,KW10970,1563.61,Completed,2026-04-11 23:01:00
ORD109803,2026-03-24,BR,P1033,PG1052,KW10498,643.06,Cancelled,2026-03-24 13:15:00
ORD109804,2026-04-23,MX,P1009,PG1361,KW11953,855.23,Completed,2026-04-23 10:22:00
ORD109810,2026-05-17,MX,P1016,PG1476,KW11843,564.92,Completed,2026-05-17 06:46:00
ORD109813,2026-02-20,BR,P1020,PG1036,KW11442,1511.7,Completed,2026-02-20 17:47:00
ORD109815,2026-02-05,IN,P1009,PG1110,KW10849,891.14,Cancelled,2026-02-05 15:20:00
ORD109818,2026-05-28,DE,P1014,PG1440,KW11207,1068.13,Completed,2026-05-28 16:41:00
ORD109819,2026-05-04,FR,P1014,PG1242,KW10166,389.86,Pending,2026-05-04 10:37:00
ORD109822,2026-03-04,MX,P1020,PG1209,KW11920,524.22,Completed,2026-03-04 01:36:00
ORD109823,2026-04-11,AU,P1034,PG1225,KW11230,244.29,Returned,2026-04-11 08:42:00
ORD109828,2026-04-09,AU,P1010,PG1194,KW10542,393.33,Returned,2026-04-09 14:32:00
ORD109833,2026-04-10,IN,P1045,PG1081,KW10008,305.96,Pending,2026-04-10 20:56:00
ORD109834,2026-05-31,IN,P1012,PG1241,KW10277,1073.89,Completed,2026-05-31 08:09:00
ORD109835,2026-04-16,BR,P1049,PG1412,KW11074,796.73,Returned,2026-04-16 20:29:00
ORD109839,2026-02-11,US,P1009,PG1016,KW10071,861.13,Completed,2026-02-11 21:43:00
ORD109841,2026-02-13,UK,P1020,PG1202,KW11092,1065.66,Completed,2026-02-13 06:33:00
ORD109842,2026-03-20,IN,P1026,PG1176,KW11694,1309.81,Completed,2026-03-20 15:16:00
ORD109844,2026-03-07,BR,P1032,PG1222,KW10521,349.97,Completed,2026-03-07 02:16:00
ORD109845,2026-05-09,IN,P1011,PG1470,KW11539,967.07,Cancelled,2026-05-09 15:34:00
ORD109846,2026-05-07,US,P1031,PG1279,KW11725,545.16,Completed,2026-05-07 11:30:00
ORD109847,2026-05-21,BR,P1023,PG1185,KW10447,869.75,Cancelled,2026-05-21 01:17:00
ORD109848,2026-03-23,AU,P1038,PG1038,KW10848,1386.61,Pending,2026-03-23 20:07:00
ORD109849,2026-02-16,JP,P1044,PG1106,KW10929,1116.82,Cancelled,2026-02-16 16:33:00
ORD109851,2026-02-24,DE,P1024,PG1389,KW10969,1269.69,Completed,2026-02-24 23:15:00
ORD109852,2026-05-01,BR,P1021,PG1313,KW10580,606.84,Cancelled,2026-05-01 16:32:00
ORD109855,2026-05-21,US,P1009,PG1314,KW11573,1664.36,Completed,2026-05-21 20:04:00
ORD109856,2026-03-20,FR,P1032,PG1335,KW11159,1144.15,Cancelled,2026-03-20 23:37:00
ORD109857,2026-02-02,DE,P1025,PG1411,KW10432,1172.61,Completed,2026-02-02 22:20:00
ORD109858,2026-02-11,BR,P1040,PG1100,KW10453,154.95,Completed,2026-02-11 11:22:00
ORD109859,2026-05-21,JP,P1013,PG1138,KW10424,829.31,Returned,2026-05-21 05:17:00
ORD109867,2026-03-10,MX,P1002,PG1335,KW11361,427.71,Pending,2026-03-10 02:45:00
ORD109871,2026-03-13,MX,P1008,PG1376,KW10312,2180.8,Completed,2026-03-13 09:27:00
ORD109873,2026-05-17,BR,P1029,PG1291,KW11405,1374.84,Returned,2026-05-17 16:11:00
ORD109874,2026-02-09,JP,P1038,PG1177,KW11699,761.03,Cancelled,2026-02-09 05:28:00
ORD109875,2026-03-07,FR,P1027,PG1095,KW10045,987.06,Completed,2026-03-07 14:31:00
ORD109876,2026-02-06,FR,P1002,PG1338,KW10679,2786.49,Completed,2026-02-06 04:20:00
ORD109880,2026-03-11,JP,P1003,PG1233,KW11648,951.03,Completed,2026-03-11 01:40:00
ORD109884,2026-03-23,AU,P1042,PG1281,KW10585,1508.91,Cancelled,2026-03-23 14:12:00
ORD109886,2026-04-06,CA,P1001,PG1244,KW10550,2069.65,Completed,2026-04-06 17:01:00
ORD109889,2026-04-28,UK,P1035,PG1371,KW10860,492.27,Cancelled,2026-04-28 06:50:00
ORD109893,2026-03-31,DE,P1011,PG1067,KW10882,2113.42,Completed,2026-03-31 15:11:00
ORD109894,2026-02-27,AU,P1033,PG1185,KW10276,886.53,Completed,2026-02-27 02:53:00
ORD109898,2026-05-02,FR,P1008,PG1497,KW10290,2709.7,Completed,2026-05-02 14:19:00
ORD109900,2026-02-10,IN,P1014,PG1171,KW11588,1203.6,Pending,2026-02-10 14:26:00
ORD109904,2026-03-10,CA,P1009,PG1027,KW11276,481.87,Cancelled,2026-03-10 08:27:00
ORD109907,2026-03-11,MX,P1006,PG1112,KW10494,922.77,Returned,2026-03-11 21:10:00
ORD109908,2026-04-02,BR,P1012,PG1053,KW10911,1422.65,Returned,2026-04-02 11:15:00
ORD109909,2026-02-14,IN,P1026,PG1221,KW10600,743.32,Completed,2026-02-14 09:11:00
ORD109912,2026-03-09,US,P1048,PG1076,KW11752,1728.26,Completed,2026-03-09 16:08:00
ORD109916,2026-05-31,DE,P1032,PG1354,KW10994,1033.57,Completed,2026-05-31 07:53:00
ORD109917,2026-03-28,BR,P1002,PG1067,KW10125,886.77,Pending,2026-03-28 11:44:00
ORD109918,2026-05-27,UK,P1029,PG1222,KW10500,2140.69,Cancelled,2026-05-27 21:26:00
ORD109919,2026-05-28,JP,P1048,PG1329,KW10314,711.27,Returned,2026-05-28 14:12:00
ORD109922,2026-04-24,CA,P1032,PG1030,KW11296,1368.1,Completed,2026-04-24 17:42:00
ORD109926,2026-02-07,IN,P1006,PG1314,KW10541,1314.18,Cancelled,2026-02-07 02:43:00
ORD109927,2026-04-11,CA,P1037,PG1162,KW10985,1109.15,Returned,2026-04-11 10:32:00
ORD109930,2026-04-01,FR,P1013,PG1381,KW10155,1621.8,Completed,2026-04-01 14:59:00
ORD109933,2026-04-25,AU,P1049,PG1404,KW11226,949.63,Completed,2026-04-25 07:35:00
ORD109934,2026-04-03,UK,P1048,PG1023,KW10103,1978.51,Returned,2026-04-03 23:55:00
ORD109935,2026-02-28,IN,P1035,PG1290,KW10167,916.49,Completed,2026-02-28 11:09:00
ORD109941,2026-03-09,IN,P1015,PG1301,KW11164,243.21,Pending,2026-03-09 12:19:00
ORD109942,2026-04-07,US,P1014,PG1393,KW10244,823.02,Completed,2026-04-07 09:30:00
ORD109946,2026-05-11,JP,P1013,PG1262,KW11689,2044.42,Pending,2026-05-11 02:26:00
ORD109951,2026-02-21,MX,P1020,PG1418,KW11174,1019.66,Completed,2026-02-21 14:07:00
ORD109952,2026-04-01,AU,P1020,PG1415,KW10569,929.6,Returned,2026-04-01 07:03:00
ORD109953,2026-02-14,FR,P1009,PG1039,KW10108,1255.79,Pending,2026-02-14 02:55:00
ORD109955,2026-05-16,DE,P1049,PG1331,KW10587,311.87,Cancelled,2026-05-16 01:56:00
ORD109956,2026-04-18,AU,P1015,PG1384,KW10707,459.27,Completed,2026-04-18 22:43:00
ORD109961,2026-03-20,IN,P1013,PG1198,KW10423,1038.05,Returned,2026-03-20 08:06:00
ORD109964,2026-05-07,MX,P1045,PG1183,KW11933,620.14,Completed,2026-05-07 20:37:00
ORD109967,2026-02-10,CA,P1022,PG1159,KW10991,863.1,Completed,2026-02-10 01:26:00
ORD109971,2026-05-27,MX,P1038,PG1382,KW10263,1615.74,Completed,2026-05-27 22:44:00
ORD109972,2026-03-15,UK,P1027,PG1041,KW11363,662.18,Completed,2026-03-15 07:24:00
ORD109978,2026-02-19,FR,P1041,PG1386,KW11775,523.44,Returned,2026-02-19 15:08:00
ORD109979,2026-05-19,JP,P1026,PG1461,KW11151,679.96,Cancelled,2026-05-19 08:47:00
ORD109983,2026-02-06,US,P1047,PG1372,KW10710,2216.57,Pending,2026-02-06 10:46:00
ORD109984,2026-04-07,DE,P1030,PG1060,KW10691,2150.3,Completed,2026-04-07 10:55:00
ORD109986,2026-03-27,IN,P1015,PG1090,KW10755,1219.41,Completed,2026-03-27 13:24:00
ORD109993,2026-02-07,IN,P1027,PG1181,KW11589,1040.27,Completed,2026-02-07 15:29:00
ORD109997,2026-02-06,CA,P1008,PG1143,KW10129,383.75,Returned,2026-02-06 12:16:00
ORD109999,2026-04-05,MX,P1001,PG1393,KW10355,957.79,Completed,2026-04-05 23:38:00
ORD100052,2026-04-11,FR,P1046,PG1188,KW10615,1457.13,Completed,2026-04-11 04:00:00
