keyword_performance_id,keyword_id,event_date,country_code,device_type,search_volume,ranking_position,clicks,impressions,ctr,updated_timestamp
KP000244,KW10018,2026-06-01,MX,Desktop,1008,27.0,29,506,5.73,2026-06-01 21:06:00
KP000245,KW11241,2026-06-02,JP,Mobile,6744,25.0,178,3274,5.44,2026-06-02 00:36:00
KP000246,KW10046,2026-06-03,US,Desktop,1728,5.0,73,481,15.18,2026-06-03 16:42:00
KP000247,KW11360,2026-06-04,US,Desktop,3340,6.0,182,1132,16.08,2026-06-04 17:00:00
KP000248,KW10080,2026-06-05,CA,Mobile,5351,45.0,85,1960,4.34,2026-06-05 07:57:00
KP000249,KW11758,2026-06-06,FR,Desktop,4104,39.0,73,1715,4.26,2026-06-06 02:57:00
KP000250,KW11855,2026-06-07,IN,Desktop,8724,25.0,61,1345,4.54,2026-06-07 19:26:00
KP000251,KW10974,2026-06-08,JP,Tablet,3272,38.0,27,572,4.72,2026-06-08 13:57:00
KP000252,KW10461,2026-06-09,BR,Desktop,747,23.0,21,289,7.27,2026-06-09 21:43:00
KP000253,KW10535,2026-06-10,MX,Desktop,7122,38.0,117,2051,5.7,2026-06-10 10:11:00
KP000254,KW10780,2026-06-11,MX,Mobile,3670,14.0,112,1475,7.59,2026-06-11 04:44:00
KP000255,KW10206,2026-06-12,FR,Mobile,2913,26.0,98,1371,7.15,2026-06-12 17:39:00
KP000256,KW11478,2026-06-13,MX,Desktop,3733,24.0,58,813,7.13,2026-06-13 21:24:00
KP000257,KW10080,2026-06-14,AU,Mobile,3508,31.0,88,1866,4.72,2026-06-14 22:51:00
KP000258,KW11437,2026-06-15,JP,Desktop,4004,7.0,209,1405,14.88,2026-06-15 22:18:00
KP000259,KW10230,2026-06-16,UK,Desktop,6137,47.0,60,1175,5.11,2026-06-16 04:42:00
KP000260,KW10473,2026-06-17,DE,Desktop,1508,27.0,15,275,5.45,2026-06-17 22:57:00
KP000261,KW10286,2026-06-18,FR,Mobile,946,33.0,2,58,3.45,2026-06-18 00:21:00
KP000262,KW10593,2026-06-19,JP,Desktop,7739,19.0,31,448,6.92,2026-06-19 03:53:00
KP000263,KW10984,2026-06-20,FR,Mobile,950,25.0,26,513,5.07,2026-06-20 21:39:00
KP000264,KW10226,2026-06-21,DE,Tablet,3519,8.0,54,544,9.93,2026-06-21 14:34:00
KP000265,KW10648,2026-06-22,FR,Desktop,5479,44.0,104,2077,5.01,2026-06-22 04:48:00
KP000266,KW11792,2026-06-23,FR,Mobile,22594,42.0,168,3311,5.07,2026-06-23 05:50:00
KP000267,KW11396,2026-06-24,DE,Mobile,2388,21.0,14,175,8.0,2026-06-24 15:31:00
KP000268,KW11597,2026-06-25,DE,Mobile,8017,9.0,329,3502,9.39,2026-06-25 11:07:00
KP000269,KW11782,2026-06-26,BR,Mobile,2477,44.0,67,1337,5.01,2026-06-26 00:34:00
KP000270,KW10204,2026-06-27,IN,Desktop,3814,30.0,78,1524,5.12,2026-06-27 06:04:00
KP000271,KW11859,2026-06-28,IN,Mobile,3230,42.0,37,1093,3.39,2026-06-28 05:20:00
KP000272,KW11221,2026-06-29,AU,Desktop,20631,20.0,115,1506,7.64,2026-06-29 23:44:00
KP000273,KW11192,2026-06-30,UK,Tablet,1954,10.0,101,897,11.26,2026-06-30 21:39:00
KP000274,KW10638,2026-07-01,AU,Mobile,13898,32.0,433,7222,6.0,2026-07-01 09:02:00
KP000275,KW10053,2026-07-02,US,Desktop,1280,49.0,8,165,4.85,2026-07-02 10:10:00
KP000276,KW11189,2026-07-03,CA,Mobile,6595,16.0,269,3124,8.61,2026-07-03 23:15:00
KP000277,KW11087,2026-07-04,DE,Mobile,11703,23.0,324,5642,5.74,2026-07-04 21:55:00
KP000278,KW11682,2026-07-05,US,Mobile,682,43.0,11,279,3.94,2026-07-05 13:40:00
KP000279,KW11588,2026-07-06,AU,Mobile,18680,43.0,198,5090,3.89,2026-07-06 11:02:00
KP000280,KW10520,2026-07-07,JP,Mobile,1519,2.0,62,209,29.67,2026-07-07 11:08:00
KP000281,KW10123,2026-07-08,BR,Desktop,3529,5.0,232,1300,17.85,2026-07-08 07:55:00
KP000282,KW10647,2026-07-09,IN,Desktop,2124,49.0,28,592,4.73,2026-07-09 07:26:00
KP000283,KW11176,2026-07-10,DE,Mobile,4817,19.0,70,1067,6.56,2026-07-10 20:40:00
KP000284,KW10333,2026-07-11,IN,Mobile,1642,6.0,70,491,14.26,2026-07-11 03:35:00
KP000285,KW10774,2026-07-12,UK,Desktop,2438,12.0,91,830,10.96,2026-07-12 16:02:00
KP000286,KW10678,2026-07-13,DE,Mobile,1625,10.0,10,83,12.05,2026-07-13 00:04:00
KP000287,KW11175,2026-07-14,AU,Desktop,3268,12.0,51,580,8.79,2026-07-14 09:07:00
KP000288,KW11696,2026-07-15,UK,Tablet,344,1.0,33,124,26.61,2026-07-15 22:21:00
KP000289,KW10578,2026-07-16,US,Mobile,1132,42.0,13,246,5.28,2026-07-16 08:53:00
KP000290,KW11601,2026-07-17,JP,Mobile,2943,26.0,91,1602,5.68,2026-07-17 00:50:00
KP000291,KW10514,2026-07-18,CA,Desktop,1246,25.0,32,613,5.22,2026-07-18 00:49:00
KP000292,KW10404,2026-07-19,JP,Desktop,8101,15.0,104,1542,6.74,2026-07-19 07:34:00
KP000293,KW10479,2026-07-20,UK,Desktop,1358,39.0,11,326,3.37,2026-07-20 08:49:00
KP000294,KW10662,2026-07-21,CA,Desktop,1397,7.0,28,201,13.93,2026-07-21 12:54:00
KP000295,KW11263,2026-07-22,MX,Desktop,4333,28.0,111,2350,4.72,2026-07-22 04:49:00
KP000296,KW11496,2026-07-23,DE,Mobile,4599,21.0,146,2062,7.08,2026-07-23 18:27:00
KP000297,KW10506,2026-07-24,US,Desktop,2701,39.0,70,1380,5.07,2026-07-24 11:20:00
KP000298,KW10717,2026-07-25,IN,Desktop,7131,39.0,56,1342,4.17,2026-07-25 03:01:00
KP000299,KW10304,2026-07-26,BR,Mobile,11113,10.0,470,5174,9.08,2026-07-26 05:52:00
KP000300,KW10240,2026-07-27,IN,Mobile,2988,41.0,18,347,5.19,2026-07-27 16:33:00
KP000301,KW11412,2026-07-28,AU,Desktop,3387,26.0,0,0,6.19,2026-07-28 12:31:00
KP000302,KW11641,2026-07-29,US,Mobile,8654,7.0,152,1440,10.56,2026-07-29 12:53:00
KP000303,KW10792,2026-07-30,UK,Desktop,7066,26.0,73,1217,6.0,2026-07-30 15:43:00
KP000304,KW11897,2026-07-31,US,Mobile,1175,9.0,9,90,10.0,2026-07-31 19:02:00
KP000305,KW11067,2026-08-01,JP,Desktop,1713,30.0,51,868,5.88,2026-08-01 13:51:00
KP000306,KW11629,2026-08-02,AU,Desktop,3035,41.0,64,1197,5.35,2026-08-02 05:46:00
KP000307,KW11600,2026-08-03,IN,Mobile,4336,14.0,68,802,8.48,2026-08-03 00:40:00
KP000308,KW10850,2026-08-04,AU,Desktop,5509,33.0,66,1157,5.7,2026-08-04 04:46:00
KP000309,KW11957,2026-08-05,BR,Tablet,766,45.0,6,157,3.82,2026-08-05 16:24:00
KP000310,KW11928,2026-08-06,US,Desktop,5522,26.0,59,1312,4.5,2026-08-06 03:28:00
KP000311,KW11442,2026-08-07,FR,Mobile,5113,21.0,69,1045,6.6,2026-08-07 05:58:00
KP000312,KW11960,2026-08-08,UK,Mobile,1832,39.0,8,187,4.28,2026-08-08 02:55:00
KP000313,KW10349,2026-08-09,BR,Desktop,2103,26.0,31,585,5.3,2026-08-09 06:54:00
KP000314,KW11766,2026-08-10,IN,Mobile,3279,1.0,331,1048,31.58,2026-08-10 04:17:00
KP000315,KW10147,2026-08-11,UK,Mobile,1593,5.0,58,478,12.13,2026-08-11 03:06:00
KP000316,KW11687,2026-08-12,IN,Mobile,7731,21.0,45,826,5.45,2026-08-12 09:43:00
KP000317,KW11053,2026-08-13,DE,Mobile,1852,19.0,17,219,7.76,2026-08-13 11:03:00
KP000318,KW10981,2026-08-14,AU,Mobile,2809,41.0,70,1450,4.83,2026-08-14 19:09:00
KP000319,KW11462,2026-08-15,US,Desktop,9242,40.0,67,1260,5.32,2026-08-15 23:05:00
KP000320,KW10746,2026-08-16,DE,Mobile,730,30.0,20,303,6.6,2026-08-16 19:21:00
KP000321,KW10033,2026-08-17,US,Mobile,5107,46.0,79,1790,4.41,2026-08-17 12:44:00
KP000322,KW10120,2026-08-18,BR,Desktop,2867,5.0,267,1551,17.21,2026-08-18 06:48:00
KP000323,KW10029,2026-08-19,MX,Mobile,2182,11.0,12,127,9.45,2026-08-19 00:41:00
KP000324,KW11826,2026-08-20,US,Desktop,2771,31.0,60,1278,4.69,2026-08-20 19:22:00
KP000325,KW10601,2026-08-21,BR,Mobile,2662,40.0,7,153,4.58,2026-08-21 07:27:00
KP000326,KW10333,2026-08-22,BR,Mobile,2102,8.0,89,993,8.96,2026-08-22 03:06:00
KP000327,KW11487,2026-08-23,FR,Mobile,1915,2.0,188,884,21.27,2026-08-23 10:33:00
KP000328,KW10227,2026-08-24,US,Desktop,3872,44.0,101,1975,5.11,2026-08-24 10:51:00
KP000329,KW10180,2026-08-25,FR,Mobile,2531,35.0,45,1078,4.17,2026-08-25 02:12:00
KP000330,KW10660,2026-08-26,DE,Desktop,476,48.0,12,256,4.69,2026-08-26 20:01:00
KP000331,KW10115,2026-08-27,CA,Mobile,1569,2.0,29,129,22.48,2026-08-27 23:43:00
KP000332,KW11981,2026-08-28,BR,Mobile,1250,7.0,86,626,13.74,2026-08-28 03:13:00
KP000333,KW11058,2026-08-29,JP,Mobile,2971,11.0,172,1582,10.87,2026-08-29 10:08:00
KP000334,KW10246,2026-08-30,MX,Mobile,31475,22.0,725,10489,6.91,2026-08-30 02:23:00
KP000335,KW11945,2026-08-31,DE,Mobile,6731,37.0,35,609,5.75,2026-08-31 21:04:00
KP000336,KW10638,2026-09-01,DE,Desktop,2764,48.0,21,620,3.39,2026-09-01 13:59:00
KP000337,KW11560,2026-09-02,MX,Mobile,1616,45.0,15,419,3.58,2026-09-02 03:47:00
KP000338,KW10346,2026-09-03,MX,Desktop,5517,37.0,13,340,3.82,2026-09-03 09:29:00
KP000339,KW11356,2026-09-04,BR,Desktop,826,32.0,13,270,4.81,2026-09-04 03:24:00
KP000340,KW11898,2026-09-05,US,Desktop,965,26.0,15,282,5.32,2026-09-05 01:54:00
KP000341,KW10412,2026-09-06,US,Desktop,1315,42.0,29,599,4.84,2026-09-06 00:47:00
KP000342,KW10656,2026-09-07,DE,Desktop,3142,45.0,8,183,4.37,2026-09-07 22:12:00
KP000343,KW10346,2026-09-08,CA,Mobile,2031,49.0,32,754,4.24,2026-09-08 10:02:00
KP000344,KW11747,2026-09-09,IN,Desktop,1900,11.0,57,512,11.13,2026-09-09 09:57:00
KP000345,KW11194,2026-09-10,JP,Desktop,8453,22.0,137,2463,5.56,2026-09-10 18:24:00
KP000346,KW11085,2026-09-11,MX,Mobile,3325,2.0,335,1584,21.15,2026-09-11 15:05:00
KP000347,KW10250,2026-09-12,US,Desktop,6423,7.0,222,1874,11.85,2026-09-12 15:35:00
KP000348,KW10791,2026-09-13,JP,Mobile,3571,45.0,14,289,4.84,2026-09-13 01:48:00
KP000349,KW11411,2026-09-14,FR,Mobile,11420,1.0,1476,4219,34.98,2026-09-14 20:59:00
KP000350,KW11811,2026-09-15,FR,Desktop,1108,2.0,102,387,26.36,2026-09-15 08:47:00
KP000351,KW10265,2026-09-16,UK,Mobile,1810,29.0,56,858,6.53,2026-09-16 08:30:00
KP000352,KW11077,2026-09-17,JP,Desktop,6851,15.0,93,1561,5.96,2026-09-17 02:59:00
KP000353,KW10241,2026-09-18,CA,Mobile,1048,21.0,23,302,7.62,2026-09-18 11:39:00
KP000354,KW10314,2026-09-19,FR,Desktop,3939,33.0,64,1292,4.95,2026-09-19 23:18:00
KP000355,KW11172,2026-09-20,FR,Desktop,1510,10.0,26,328,7.93,2026-09-20 18:23:00
KP000356,KW10959,2026-09-21,AU,Desktop,1821,34.0,11,306,3.59,2026-09-21 23:06:00
KP000357,KW10090,2026-09-22,JP,Desktop,5320,24.0,151,2221,6.8,2026-09-22 21:18:00
KP000358,KW11358,2026-09-23,CA,Desktop,1354,40.0,24,445,5.39,2026-09-23 06:22:00
KP000359,KW11732,2026-09-24,US,Mobile,10203,9.0,663,5098,13.01,2026-09-24 21:26:00
KP000360,KW10861,2026-09-25,JP,Desktop,631,21.0,22,284,7.75,2026-09-25 06:01:00
KP000361,KW11253,2026-09-26,FR,Desktop,2455,44.0,10,302,3.31,2026-09-26 05:21:00
KP000362,KW10733,2026-09-27,UK,Desktop,2725,41.0,52,1244,4.18,2026-09-27 09:47:00
KP000363,KW11380,2026-09-28,US,Mobile,4509,36.0,80,1573,5.09,2026-09-28 10:37:00
KP000364,KW10222,2026-09-29,UK,Desktop,1967,21.0,40,547,7.31,2026-09-29 14:36:00
KP000365,KW11690,2026-09-30,BR,Desktop,3302,14.0,74,998,7.41,2026-09-30 15:02:00
KP000609,KW11464,2026-06-01,US,Mobile,7281,44.0,141,3460,4.08,2026-06-01 22:20:00
KP000610,KW11300,2026-06-02,CA,Mobile,2494,38.0,46,796,5.78,2026-06-02 05:28:00
KP000611,KW11313,2026-06-03,IN,Mobile,7694,43.0,186,3462,5.37,2026-06-03 00:13:00
KP000612,KW11106,2026-06-04,BR,Mobile,10980,29.0,146,2166,6.74,2026-06-04 11:58:00
KP000613,KW10007,2026-06-05,UK,Mobile,10462,44.0,162,4689,3.45,2026-06-05 09:22:00
KP000614,KW10647,2026-06-06,MX,Desktop,2858,48.0,35,845,4.14,2026-06-06 15:05:00
KP000615,KW10903,2026-06-07,DE,Mobile,1086,37.0,9,239,3.77,2026-06-07 15:22:00
KP000616,KW11032,2026-06-08,FR,Desktop,8163,26.0,175,3459,5.06,2026-06-08 02:28:00
KP000617,KW10884,2026-06-09,JP,Desktop,867,22.0,2,61,3.28,2026-06-09 21:14:00
KP000618,KW11840,2026-06-10,AU,Mobile,3505,25.0,108,1464,7.38,2026-06-10 05:11:00
KP000619,KW10234,2026-06-11,US,Desktop,5063,13.0,81,1164,6.96,2026-06-11 14:38:00
KP000620,KW10426,2026-06-12,MX,Tablet,2452,35.0,53,1061,5.0,2026-06-12 23:37:00
KP000621,KW11712,2026-06-13,US,Desktop,1126,13.0,10,127,7.87,2026-06-13 12:08:00
KP000622,KW11146,2026-06-14,JP,Desktop,6004,38.0,67,1822,3.68,2026-06-14 03:39:00
KP000623,KW10478,2026-06-15,FR,Desktop,6124,16.0,100,1113,8.98,2026-06-15 14:03:00
KP000624,KW11399,2026-06-16,JP,Desktop,4925,2.0,287,1028,27.92,2026-06-16 08:33:00
KP000625,KW10085,2026-06-17,US,Mobile,1673,12.0,90,828,10.87,2026-06-17 06:01:00
KP000626,KW11470,2026-06-18,IN,Mobile,3217,17.0,23,302,7.62,2026-06-18 08:02:00
KP000627,KW10470,2026-06-19,US,Mobile,3181,3.0,48,205,23.41,2026-06-19 01:32:00
KP000628,KW10901,2026-06-20,BR,Desktop,773,45.0,11,253,4.35,2026-06-20 13:55:00
KP000629,KW10625,2026-06-21,BR,Desktop,5886,33.0,69,1648,4.19,2026-06-21 18:32:00
KP000630,KW11001,2026-06-22,CA,Mobile,1593,35.0,40,810,4.94,2026-06-22 02:49:00
KP000631,KW11112,2026-06-23,UK,Mobile,3232,11.0,145,1513,9.58,2026-06-23 07:21:00
KP000632,KW11536,2026-06-24,CA,Desktop,1410,49.0,21,599,3.51,2026-06-24 13:39:00
KP000633,KW12000,2026-06-25,UK,Mobile,3422,32.0,41,663,6.18,2026-06-25 04:27:00
KP000634,KW11999,2026-06-26,FR,Mobile,11204,4.0,347,2346,14.79,2026-06-26 10:48:00
KP000635,KW11247,2026-06-27,JP,Desktop,1129,23.0,24,372,6.45,2026-06-27 11:15:00
KP000636,KW11613,2026-06-28,BR,Mobile,4450,47.0,28,701,3.99,2026-06-28 01:17:00
KP000637,KW10669,2026-06-29,AU,Mobile,7444,13.0,59,804,7.34,2026-06-29 04:21:00
KP000638,KW11066,2026-06-30,AU,Tablet,420,14.0,2,28,7.14,2026-06-30 18:45:00
KP000639,KW10516,2026-07-01,MX,Desktop,3105,41.0,55,999,5.51,2026-07-01 13:58:00
KP000640,KW11490,2026-07-02,JP,Mobile,14728,1.0,875,2843,30.78,2026-07-02 16:42:00
KP000641,KW11400,2026-07-03,UK,Desktop,1332,45.0,12,237,5.06,2026-07-03 12:33:00
KP000642,KW10603,2026-07-04,BR,Desktop,1274,14.0,41,625,6.56,2026-07-04 01:39:00
KP000643,KW11466,2026-07-05,JP,Mobile,2006,18.0,28,507,5.52,2026-07-05 21:27:00
KP000644,KW11858,2026-07-06,FR,Desktop,699,10.0,27,303,8.91,2026-07-06 09:20:00
KP000645,KW10854,2026-07-07,US,Mobile,7372,24.0,228,3366,6.77,2026-07-07 13:50:00
KP000646,KW11093,2026-07-08,US,Mobile,1052,36.0,26,568,4.58,2026-07-08 08:53:00
KP000647,KW10324,2026-07-09,AU,Mobile,1301,37.0,38,710,5.35,2026-07-09 17:21:00
KP000648,KW11878,2026-07-10,BR,Mobile,1031,15.0,23,255,9.02,2026-07-10 18:59:00
KP000649,KW11326,2026-07-11,JP,Desktop,21190,42.0,68,1401,4.85,2026-07-11 00:33:00
KP000650,KW10786,2026-07-12,CA,Desktop,12691,43.0,218,6010,3.63,2026-07-12 12:09:00
KP000651,KW11945,2026-07-13,FR,Mobile,3099,37.0,69,1224,5.64,2026-07-13 18:05:00
KP000652,KW10618,2026-07-14,FR,Desktop,592,50.0,4,155,2.58,2026-07-14 21:00:00
KP000653,KW11242,2026-07-15,AU,Mobile,5670,38.0,77,1657,4.65,2026-07-15 08:33:00
KP000654,KW10809,2026-07-16,IN,Mobile,1553,27.0,30,616,4.87,2026-07-16 07:46:00
KP000655,KW10477,2026-07-17,US,Mobile,3045,18.0,17,264,6.44,2026-07-17 02:48:00
KP000656,KW10826,2026-07-18,DE,Mobile,5188,19.0,145,2294,6.32,2026-07-18 19:48:00
KP000657,KW11499,2026-07-19,DE,Mobile,7057,4.0,368,2429,15.15,2026-07-19 23:45:00
KP000658,KW11116,2026-07-20,MX,Desktop,4102,47.0,68,1321,5.15,2026-07-20 22:13:00
KP000659,KW11540,2026-07-21,US,Mobile,2851,14.0,30,433,6.93,2026-07-21 02:30:00
KP000660,KW11258,2026-07-22,IN,Mobile,2148,48.0,14,300,4.67,2026-07-22 23:15:00
KP000661,KW10871,2026-07-23,UK,Tablet,2200,16.0,67,858,7.81,2026-07-23 14:57:00
KP000662,KW10251,2026-07-24,BR,Mobile,3094,28.0,19,319,5.96,2026-07-24 19:05:00
KP000663,KW11838,2026-07-25,JP,Desktop,636,34.0,9,192,4.69,2026-07-25 14:07:00
KP000664,KW11256,2026-07-26,FR,Desktop,4632,3.0,418,2134,19.59,2026-07-26 08:51:00
KP000665,KW10052,2026-07-27,DE,Mobile,1338,32.0,33,680,4.85,2026-07-27 15:05:00
KP000666,KW11558,2026-07-28,DE,Mobile,12220,6.0,149,1420,10.49,2026-07-28 17:20:00
KP000667,KW11457,2026-07-29,BR,Desktop,632,20.0,10,196,5.1,2026-07-29 17:25:00
KP000668,KW10387,2026-07-30,CA,Mobile,9776,13.0,66,991,6.66,2026-07-30 13:05:00
KP000669,KW11223,2026-07-31,BR,Mobile,496,19.0,19,227,8.37,2026-07-31 14:52:00
KP000670,KW11960,2026-08-01,MX,Desktop,4186,26.0,113,1887,5.99,2026-08-01 23:12:00
KP000671,KW11412,2026-08-02,UK,Mobile,6905,6.0,323,2449,13.19,2026-08-02 08:29:00
KP000672,KW11997,2026-08-03,FR,Desktop,7768,6.0,475,3391,14.01,2026-08-03 01:18:00
KP000673,KW10636,2026-08-04,UK,Desktop,2296,42.0,30,853,3.52,2026-08-04 21:14:00
KP000674,KW11729,2026-08-05,US,Mobile,1842,1.0,211,604,34.93,2026-08-05 04:04:00
KP000675,KW10060,2026-08-06,AU,Desktop,2555,4.0,108,606,17.82,2026-08-06 00:53:00
KP000676,KW10483,2026-08-07,US,Desktop,7778,3.0,639,3936,16.23,2026-08-07 13:23:00
KP000677,KW11299,2026-08-08,IN,Mobile,1661,4.0,123,726,16.94,2026-08-08 15:17:00
KP000678,KW11146,2026-08-09,DE,Mobile,6602,45.0,57,1217,4.68,2026-08-09 14:57:00
KP000679,KW10283,2026-08-10,MX,Mobile,6083,27.0,77,1292,5.96,2026-08-10 11:24:00
KP000680,KW11558,2026-08-11,FR,Mobile,7814,8.0,149,1727,8.63,2026-08-11 18:30:00
KP000681,KW10866,2026-08-12,IN,Mobile,3440,42.0,74,1520,4.87,2026-08-12 23:42:00
KP000682,KW11191,2026-08-13,JP,Mobile,8259,5.0,260,2181,11.92,2026-08-13 20:09:00
KP000683,KW10415,2026-08-14,US,Desktop,1134,42.0,21,533,3.94,2026-08-14 08:54:00
KP000684,KW10393,2026-08-15,DE,Desktop,11438,9.0,741,5734,12.92,2026-08-15 02:43:00
KP000685,KW11509,2026-08-16,UK,Mobile,3523,42.0,63,1156,5.45,2026-08-16 14:31:00
KP000686,KW11723,2026-08-17,UK,Desktop,3449,50.0,35,986,3.55,2026-08-17 14:51:00
KP000687,KW10430,2026-08-18,AU,Desktop,6710,19.0,71,1238,5.74,2026-08-18 21:13:00
KP000688,KW10788,2026-08-19,AU,Desktop,3473,28.0,93,1908,4.87,2026-08-19 22:03:00
KP000689,KW11195,2026-08-20,CA,Mobile,1867,11.0,101,1015,9.95,2026-08-20 06:12:00
KP000690,KW11779,2026-08-21,AU,Mobile,2405,8.0,33,264,12.5,2026-08-21 09:13:00
KP000691,KW11330,2026-08-22,CA,Desktop,810,31.0,12,259,4.63,2026-08-22 03:19:00
KP000692,KW10752,2026-08-23,UK,Mobile,1706,29.0,30,581,5.16,2026-08-23 23:43:00
KP000693,KW11165,2026-08-24,FR,Desktop,2834,34.0,24,427,5.62,2026-08-24 04:57:00
KP000694,KW10982,2026-08-25,DE,Mobile,2694,20.0,67,846,7.92,2026-08-25 19:15:00
KP000695,KW10973,2026-08-26,JP,Tablet,5693,6.0,67,626,10.7,2026-08-26 02:40:00
KP000696,KW10700,2026-08-27,AU,Desktop,20705,21.0,408,5455,7.48,2026-08-27 03:54:00
KP000697,KW10567,2026-08-28,BR,Mobile,2490,38.0,44,1051,4.19,2026-08-28 21:16:00
KP000698,KW10272,2026-08-29,DE,Desktop,3196,43.0,40,1080,3.7,2026-08-29 16:26:00
KP000699,KW11159,2026-08-30,AU,Desktop,12057,48.0,238,5055,4.71,2026-08-30 16:25:00
KP000700,KW10856,2026-08-31,DE,Mobile,1478,17.0,38,422,9.0,2026-08-31 21:57:00
KP000701,KW10585,2026-09-01,JP,Desktop,2784,15.0,76,977,7.78,2026-09-01 06:27:00
KP000702,KW11535,2026-09-02,IN,Desktop,2607,50.0,55,1138,4.83,2026-09-02 18:50:00
KP000703,KW10712,2026-09-03,UK,Desktop,2003,36.0,21,452,4.65,2026-09-03 12:54:00
KP000704,KW11559,2026-09-04,JP,Desktop,6118,16.0,40,514,7.78,2026-09-04 03:49:00
KP000705,KW10231,2026-09-05,MX,Mobile,6490,6.0,76,647,11.75,2026-09-05 08:31:00
KP000706,KW10477,2026-09-06,IN,Mobile,3134,9.0,146,1217,12.0,2026-09-06 19:57:00
KP000707,KW11420,2026-09-07,IN,Mobile,4575,20.0,104,1893,5.49,2026-09-07 02:43:00
KP000708,KW10468,2026-09-08,US,Mobile,4169,46.0,54,1184,4.56,2026-09-08 20:57:00
KP000709,KW11240,2026-09-09,US,Desktop,3621,11.0,84,786,10.69,2026-09-09 07:33:00
KP000710,KW10196,2026-09-10,UK,Mobile,412,34.0,1,41,2.44,2026-09-10 17:44:00
KP000711,KW11939,2026-09-11,UK,Mobile,2739,20.0,66,861,7.67,2026-09-11 04:34:00
KP000712,KW11503,2026-09-12,FR,Desktop,4051,4.0,274,2129,12.87,2026-09-12 21:47:00
KP000713,KW10881,2026-09-13,JP,Desktop,2234,48.0,16,352,4.55,2026-09-13 04:03:00
KP000714,KW11870,2026-09-14,DE,Mobile,6220,21.0,115,1622,7.09,2026-09-14 12:40:00
KP000715,KW11547,2026-09-15,DE,Mobile,2842,50.0,11,372,2.96,2026-09-15 01:09:00
KP000716,KW11792,2026-09-16,DE,Desktop,4894,37.0,25,587,4.26,2026-09-16 21:39:00
KP000717,KW10777,2026-09-17,US,Mobile,5621,34.0,159,2759,5.76,2026-09-17 14:22:00
KP000718,KW10728,2026-09-18,DE,Mobile,3785,13.0,14,212,6.6,2026-09-18 22:56:00
KP000719,KW10180,2026-09-19,CA,Desktop,2055,29.0,34,507,6.71,2026-09-19 05:58:00
KP000720,KW10720,2026-09-20,IN,Desktop,1949,41.0,13,345,3.77,2026-09-20 07:38:00
KP000721,KW10290,2026-09-21,BR,Mobile,12006,16.0,298,4458,6.68,2026-09-21 05:01:00
KP000722,KW11499,2026-09-22,AU,Mobile,1182,6.0,36,331,10.88,2026-09-22 15:22:00
KP000723,KW10454,2026-09-23,IN,Desktop,3215,35.0,68,1289,5.28,2026-09-23 09:16:00
KP000724,KW10492,2026-09-24,AU,Mobile,368,49.0,7,145,4.83,2026-09-24 21:51:00
KP000725,KW11129,2026-09-25,MX,Desktop,3947,34.0,7,198,3.54,2026-09-25 06:34:00
KP000726,KW11668,2026-09-26,DE,Desktop,9237,42.0,82,1543,5.31,2026-09-26 10:41:00
KP000727,KW10706,2026-09-27,JP,Desktop,2087,29.0,54,911,5.93,2026-09-27 18:07:00
KP000728,KW11345,2026-09-28,UK,Mobile,9787,9.0,604,5090,11.87,2026-09-28 12:02:00
KP000729,KW11553,2026-09-29,FR,Desktop,2943,4.0,71,433,16.4,2026-09-29 20:55:00
KP000730,KW10633,2026-09-30,UK,Mobile,1403,31.0,10,256,3.91,2026-09-30 10:40:00
KP000974,KW10078,2026-06-01,JP,Desktop,2008,26.0,43,708,6.07,2026-06-01 12:59:00
KP000975,KW10491,2026-06-02,FR,Desktop,2062,22.0,46,702,6.55,2026-06-02 22:13:00
KP000976,KW10660,2026-06-03,US,Desktop,2609,42.0,16,407,3.93,2026-06-03 02:29:00
KP000977,KW11241,2026-06-04,JP,Mobile,2841,17.0,104,1496,6.95,2026-06-04 01:41:00
KP000978,KW11517,2026-06-05,UK,Desktop,5642,15.0,73,951,7.68,2026-06-05 04:27:00
KP000979,KW10870,2026-06-06,MX,Mobile,2265,42.0,25,744,3.36,2026-06-06 09:03:00
KP000980,KW10473,2026-06-07,JP,Tablet,1706,29.0,18,341,5.28,2026-06-07 12:33:00
KP000981,KW10803,2026-06-08,US,Desktop,988,21.0,29,367,7.9,2026-06-08 02:20:00
KP000982,KW10420,2026-06-09,DE,Mobile,600,20.0,14,219,6.39,2026-06-09 18:31:00
KP000983,KW11208,2026-06-10,FR,Desktop,9198,24.0,108,1566,6.9,2026-06-10 03:14:00
KP000984,KW10783,2026-06-11,FR,Desktop,3030,41.0,11,207,5.31,2026-06-11 17:18:00
KP000985,KW10363,2026-06-12,FR,Desktop,25751,23.0,117,1754,6.67,2026-06-12 13:06:00
KP000986,KW11901,2026-06-13,IN,Mobile,3774,15.0,18,272,6.62,2026-06-13 23:36:00
KP000987,KW10765,2026-06-14,AU,Desktop,4724,32.0,116,1990,5.83,2026-06-14 15:28:00
KP000988,KW11288,2026-06-15,UK,Tablet,10638,37.0,138,2742,5.03,2026-06-15 16:09:00
KP000989,KW11643,2026-06-16,BR,Desktop,7182,30.0,167,3543,4.71,2026-06-16 16:11:00
KP000990,KW10996,2026-06-17,UK,Mobile,753,2.0,42,186,22.58,2026-06-17 18:53:00
KP000991,KW10084,2026-06-18,FR,Tablet,3727,1.0,105,302,34.77,2026-06-18 15:21:00
KP000992,KW11123,2026-06-19,BR,Desktop,2837,50.0,21,453,4.64,2026-06-19 06:55:00
KP000993,KW11192,2026-06-20,BR,Mobile,770,11.0,32,361,8.86,2026-06-20 23:34:00
KP000994,KW10145,2026-06-21,BR,Mobile,1863,25.0,22,308,7.14,2026-06-21 12:04:00
KP000995,KW10528,2026-06-22,FR,Desktop,1804,43.0,10,236,4.24,2026-06-22 14:55:00
KP000996,KW10869,2026-06-23,DE,Mobile,1890,48.0,10,247,4.05,2026-06-23 18:02:00
KP000997,KW10712,2026-06-24,DE,Mobile,2868,35.0,60,1215,4.94,2026-06-24 02:25:00
KP000998,KW10049,2026-06-25,AU,Mobile,4639,35.0,152,2488,6.11,2026-06-25 02:13:00
KP000999,KW11462,2026-06-26,JP,Desktop,8531,16.0,242,3310,7.31,2026-06-26 23:01:00
KP001000,KW11181,2026-06-27,JP,Desktop,3587,46.0,79,1893,4.17,2026-06-27 08:21:00
KP001001,KW10606,2026-06-28,AU,Desktop,2610,19.0,29,361,8.03,2026-06-28 14:18:00
KP001002,KW11195,2026-06-29,BR,Desktop,2463,33.0,38,920,4.13,2026-06-29 06:07:00
KP001003,KW11575,2026-06-30,DE,Desktop,2906,44.0,67,1576,4.25,2026-06-30 05:35:00
KP001004,KW11174,2026-07-01,FR,Desktop,1644,44.0,16,332,4.82,2026-07-01 14:39:00
KP001005,KW11809,2026-07-02,US,Mobile,1105,47.0,14,381,3.67,2026-07-02 03:25:00
KP001006,KW11054,2026-07-03,JP,Mobile,5418,33.0,62,1574,3.94,2026-07-03 23:35:00
KP001007,KW10510,2026-07-04,AU,Desktop,4851,36.0,16,274,5.84,2026-07-04 21:10:00
KP001008,KW11231,2026-07-05,AU,Desktop,999,20.0,9,182,4.95,2026-07-05 19:47:00
KP001009,KW11569,2026-07-06,MX,Mobile,1243,43.0,3,101,2.97,2026-07-06 20:09:00
KP001010,KW11736,2026-07-07,US,Desktop,6783,36.0,95,1656,5.74,2026-07-07 22:28:00
KP001011,KW11626,2026-07-08,JP,Desktop,6581,9.0,69,600,11.5,2026-07-08 06:31:00
KP001012,KW11867,2026-07-09,JP,Mobile,5485,7.0,147,1011,14.54,2026-07-09 08:49:00
KP001013,KW11069,2026-07-10,US,Tablet,9716,24.0,225,3639,6.18,2026-07-10 09:35:00
KP001014,KW11478,2026-07-11,JP,Mobile,1821,10.0,92,877,10.49,2026-07-11 11:56:00
KP001015,KW10626,2026-07-12,JP,Desktop,6652,4.0,169,1031,16.39,2026-07-12 20:39:00
KP001016,KW11310,2026-07-13,FR,Mobile,11072,44.0,251,6074,4.13,2026-07-13 19:37:00
KP001017,KW11100,2026-07-14,CA,Desktop,1710,2.0,250,880,28.41,2026-07-14 15:54:00
KP001018,KW11108,2026-07-15,JP,Mobile,4534,2.0,131,480,27.29,2026-07-15 07:27:00
KP001019,KW11054,2026-07-16,JP,Desktop,4605,42.0,115,2169,5.3,2026-07-16 18:12:00
KP001020,KW10064,2026-07-17,FR,Mobile,2741,46.0,11,302,3.64,2026-07-17 16:52:00
KP001021,KW11788,2026-07-18,MX,Desktop,931,18.0,3,57,5.26,2026-07-18 01:18:00
KP001022,KW11030,2026-07-19,JP,Desktop,3720,43.0,35,655,5.34,2026-07-19 21:29:00
KP001023,KW11419,2026-07-20,JP,Mobile,3760,39.0,37,736,5.03,2026-07-20 08:10:00
KP001024,KW10389,2026-07-21,US,Mobile,5729,30.0,192,2996,6.41,2026-07-21 17:52:00
KP001025,KW11902,2026-07-22,IN,Mobile,5006,36.0,16,451,3.55,2026-07-22 06:12:00
KP001026,KW11559,2026-07-23,AU,Desktop,960,43.0,24,472,5.08,2026-07-23 16:02:00
KP001027,KW10534,2026-07-24,JP,Mobile,1569,20.0,34,414,8.21,2026-07-24 16:13:00
KP001028,KW10183,2026-07-25,BR,Mobile,11215,35.0,62,1047,5.92,2026-07-25 23:43:00
KP001029,KW10461,2026-07-26,BR,Desktop,6842,13.0,199,2517,7.91,2026-07-26 11:36:00
KP001030,KW10784,2026-07-27,MX,Mobile,3616,13.0,137,1296,10.57,2026-07-27 19:33:00
KP001031,KW11099,2026-07-28,JP,Tablet,998,9.0,43,378,11.38,2026-07-28 20:25:00
KP001032,KW11011,2026-07-29,JP,Mobile,13084,36.0,63,1499,4.2,2026-07-29 08:52:00
KP001033,KW10569,2026-07-30,FR,Desktop,4192,37.0,15,418,3.59,2026-07-30 19:06:00
KP001034,KW11600,2026-07-31,US,Mobile,1359,20.0,18,291,6.19,2026-07-31 12:38:00
KP001035,KW10654,2026-08-01,US,Mobile,2056,28.0,30,480,6.25,2026-08-01 20:52:00
KP001036,KW10393,2026-08-02,AU,Tablet,6290,21.0,222,3446,6.44,2026-08-02 21:38:00
KP001037,KW11260,2026-08-03,DE,Mobile,527,40.0,6,117,5.13,2026-08-03 12:26:00
KP001038,KW11323,2026-08-04,AU,Mobile,2674,21.0,16,236,6.78,2026-08-04 19:56:00
KP001039,KW10812,2026-08-05,AU,Mobile,5846,29.0,94,1916,4.91,2026-08-05 04:40:00
KP001040,KW11460,2026-08-06,BR,Desktop,3005,40.0,61,1120,5.45,2026-08-06 06:08:00
KP001041,KW10146,2026-08-07,CA,Mobile,2182,10.0,68,896,7.59,2026-08-07 17:07:00
KP001042,KW11390,2026-08-08,CA,Desktop,1278,17.0,8,161,4.97,2026-08-08 06:30:00
KP001043,KW11633,2026-08-09,CA,Desktop,1202,40.0,16,431,3.71,2026-08-09 13:22:00
KP001044,KW11352,2026-08-10,BR,Mobile,983,28.0,8,143,5.59,2026-08-10 07:50:00
KP001045,KW10552,2026-08-11,IN,Mobile,4063,41.0,76,1375,5.53,2026-08-11 01:07:00
KP001046,KW10918,2026-08-12,CA,Desktop,2393,47.0,30,805,3.73,2026-08-12 12:10:00
KP001047,KW11324,2026-08-13,US,Mobile,3395,26.0,43,979,4.39,2026-08-13 08:32:00
KP001048,KW10318,2026-08-14,US,Desktop,3954,42.0,17,393,4.33,2026-08-14 08:08:00
KP001049,KW10408,2026-08-15,IN,Desktop,1696,18.0,10,190,5.26,2026-08-15 22:50:00
KP001050,KW11108,2026-08-16,IN,Desktop,1076,4.0,12,90,13.33,2026-08-16 07:18:00
KP001051,KW11598,2026-08-17,UK,Desktop,2044,9.0,29,253,11.46,2026-08-17 00:30:00
KP001052,KW11310,2026-08-18,FR,Mobile,2298,13.0,80,790,10.13,2026-08-18 09:51:00
KP001053,KW11889,2026-08-19,UK,Desktop,567,20.0,6,99,6.06,2026-08-19 11:09:00
KP001054,KW10664,2026-08-20,IN,Desktop,1855,24.0,11,232,4.74,2026-08-20 07:48:00
KP001055,KW10781,2026-08-21,FR,Mobile,5947,49.0,93,2031,4.58,2026-08-21 02:35:00
KP001056,KW10885,2026-08-22,BR,Desktop,2216,46.0,21,493,4.26,2026-08-22 00:34:00
KP001057,KW10985,2026-08-23,CA,Mobile,5346,10.0,268,2734,9.8,2026-08-23 21:48:00
KP001058,KW11977,2026-08-24,UK,Tablet,7699,46.0,57,1370,4.16,2026-08-24 13:56:00
KP001059,KW11323,2026-08-25,MX,Desktop,1533,40.0,28,778,3.6,2026-08-25 07:40:00
KP001060,KW11984,2026-08-26,MX,Desktop,682,41.0,9,213,4.23,2026-08-26 01:54:00
KP001061,KW11042,2026-08-27,MX,Desktop,1552,41.0,18,481,3.74,2026-08-27 16:47:00
KP001062,KW10379,2026-08-28,FR,Desktop,6201,41.0,16,329,4.86,2026-08-28 14:13:00
KP001063,KW10301,2026-08-29,DE,Mobile,1995,30.0,50,955,5.24,2026-08-29 00:06:00
KP001064,KW10147,2026-08-30,BR,Desktop,6896,15.0,291,3762,7.74,2026-08-30 01:54:00
KP001065,KW10971,2026-08-31,US,Mobile,885,18.0,20,356,5.62,2026-08-31 11:37:00
KP001066,KW10358,2026-09-01,CA,Desktop,2088,42.0,8,166,4.82,2026-09-01 05:38:00
KP001067,KW10611,2026-09-02,IN,Desktop,1919,49.0,14,458,3.06,2026-09-02 05:48:00
KP001068,KW10836,2026-09-03,DE,Mobile,7012,42.0,98,1845,5.31,2026-09-03 08:42:00
KP001069,KW10643,2026-09-04,CA,Desktop,930,45.0,3,89,3.37,2026-09-04 12:37:00
KP001070,KW10615,2026-09-05,IN,Tablet,7599,38.0,120,2166,5.54,2026-09-05 17:40:00
KP001071,KW11424,2026-09-06,CA,Mobile,999,37.0,10,277,3.61,2026-09-06 22:23:00
KP001072,KW11414,2026-09-07,MX,Desktop,506,36.0,6,124,4.84,2026-09-07 08:45:00
KP001073,KW10434,2026-09-08,US,Desktop,5459,50.0,132,3001,4.4,2026-09-08 00:00:00
KP001074,KW11862,2026-09-09,AU,Mobile,5515,46.0,53,1426,3.72,2026-09-09 21:26:00
KP001075,KW10156,2026-09-10,UK,Desktop,997,20.0,27,356,7.58,2026-09-10 09:40:00
KP001076,KW10849,2026-09-11,MX,Mobile,1455,26.0,29,675,4.3,2026-09-11 11:48:00
KP001077,KW11413,2026-09-12,BR,Mobile,963,31.0,30,497,6.04,2026-09-12 13:56:00
KP001078,KW10619,2026-09-13,JP,Tablet,1825,21.0,66,936,7.05,2026-09-13 18:15:00
KP001079,KW11292,2026-09-14,UK,Desktop,1227,6.0,21,188,11.17,2026-09-14 13:03:00
KP001080,KW10876,2026-09-15,FR,Mobile,3494,13.0,103,1176,8.76,2026-09-15 04:43:00
KP001081,KW11181,2026-09-16,AU,Mobile,7060,11.0,67,727,9.22,2026-09-16 07:51:00
KP001082,KW11053,2026-09-17,JP,Desktop,2937,45.0,83,1608,5.16,2026-09-17 13:55:00
KP001083,KW10390,2026-09-18,IN,Desktop,772,43.0,2,84,2.38,2026-09-18 10:24:00
KP001084,KW10270,2026-09-19,BR,Mobile,5383,3.0,347,1923,18.04,2026-09-19 07:37:00
KP001085,KW10672,2026-09-20,FR,Mobile,1613,38.0,24,464,5.17,2026-09-20 07:08:00
KP001086,KW10760,2026-09-21,FR,Tablet,2637,28.0,10,243,4.12,2026-09-21 07:39:00
KP001087,KW11790,2026-09-22,IN,Desktop,795,9.0,19,178,10.67,2026-09-22 16:36:00
KP001088,KW10116,2026-09-23,AU,Desktop,1184,26.0,31,567,5.47,2026-09-23 22:28:00
KP001089,KW11813,2026-09-24,BR,Desktop,3739,43.0,12,272,4.41,2026-09-24 11:55:00
KP001090,KW10325,2026-09-25,JP,Desktop,1410,25.0,38,520,7.31,2026-09-25 05:52:00
KP001091,KW10344,2026-09-26,AU,Mobile,6885,3.0,297,1268,23.42,2026-09-26 19:20:00
KP001092,KW11518,2026-09-27,US,Desktop,6625,24.0,237,3138,7.55,2026-09-27 12:09:00
KP001093,KW10290,2026-09-28,FR,Desktop,7457,15.0,267,3258,8.2,2026-09-28 07:37:00
KP001094,KW10916,2026-09-29,AU,Mobile,2326,21.0,32,652,4.91,2026-09-29 00:34:00
KP001095,KW11593,2026-09-30,IN,Mobile,1117,10.0,13,149,8.72,2026-09-30 21:03:00
KP001339,KW11820,2026-06-01,JP,Mobile,3405,25.0,66,993,6.65,2026-06-01 17:16:00
KP001340,KW11218,2026-06-02,AU,Mobile,6822,35.0,68,1237,5.5,2026-06-02 18:12:00
KP001341,KW11839,2026-06-03,FR,Mobile,2298,5.0,109,824,13.23,2026-06-03 15:19:00
KP001342,KW11345,2026-06-04,UK,Mobile,1456,13.0,33,433,7.62,2026-06-04 15:39:00
KP001343,KW11539,2026-06-05,AU,Mobile,4256,50.0,72,2306,3.12,2026-06-05 22:33:00
KP001344,KW11087,2026-06-06,AU,Tablet,19110,48.0,240,5092,4.71,2026-06-06 08:25:00
KP001345,KW10482,2026-06-07,AU,Mobile,1469,16.0,64,676,9.47,2026-06-07 23:51:00
KP001346,KW11215,2026-06-08,AU,Desktop,4834,16.0,156,2584,6.04,2026-06-08 18:46:00
KP001347,KW10632,2026-06-09,FR,Tablet,3779,17.0,143,2055,6.96,2026-06-09 03:48:00
KP001348,KW11332,2026-06-10,IN,Tablet,3919,13.0,79,1157,6.83,2026-06-10 15:12:00
KP001349,KW10948,2026-06-11,DE,Mobile,4010,1.0,373,1066,34.99,2026-06-11 23:23:00
KP001350,KW11267,2026-06-12,BR,Mobile,15869,11.0,116,1353,8.57,2026-06-12 19:45:00
KP001351,KW10181,2026-06-13,BR,Desktop,14097,23.0,86,1565,5.5,2026-06-13 05:32:00
KP001352,KW10595,2026-06-14,AU,Mobile,7182,35.0,42,1038,4.05,2026-06-14 06:16:00
KP001353,KW10437,2026-06-15,UK,Mobile,2734,5.0,110,786,13.99,2026-06-15 03:06:00
KP001354,KW11636,2026-06-16,FR,Mobile,2933,48.0,22,542,4.06,2026-06-16 03:26:00
KP001355,KW10811,2026-06-17,BR,Mobile,2568,21.0,19,357,5.32,2026-06-17 08:04:00
KP001356,KW10950,2026-06-18,CA,Mobile,1498,48.0,29,744,3.9,2026-06-18 18:24:00
KP001357,KW11762,2026-06-19,FR,Desktop,1480,10.0,23,301,7.64,2026-06-19 14:17:00
KP001358,KW11888,2026-06-20,UK,Mobile,3407,9.0,175,1514,11.56,2026-06-20 15:07:00
KP001359,KW10502,2026-06-21,JP,Desktop,4744,3.0,323,1650,19.58,2026-06-21 00:29:00
KP001360,KW10650,2026-06-22,JP,Desktop,1163,2.0,187,628,29.78,2026-06-22 13:59:00
KP001361,KW11080,2026-06-23,UK,Desktop,5229,3.0,392,2646,14.81,2026-06-23 04:10:00
KP001362,KW10454,2026-06-24,US,Mobile,4359,10.0,167,1823,9.16,2026-06-24 10:56:00
KP001363,KW11496,2026-06-25,FR,Desktop,2934,30.0,45,925,4.86,2026-06-25 00:50:00
KP001364,KW10960,2026-06-26,JP,Mobile,1112,20.0,7,90,7.78,2026-06-26 16:38:00
KP001365,KW11445,2026-06-27,BR,Mobile,534,16.0,22,292,7.53,2026-06-27 23:52:00
KP001366,KW10136,2026-06-28,US,Mobile,12867,7.0,540,5573,9.69,2026-06-28 02:08:00
KP001367,KW10406,2026-06-29,JP,Desktop,1128,31.0,25,468,5.34,2026-06-29 07:59:00
KP001368,KW11094,2026-06-30,AU,Desktop,2445,14.0,15,243,6.17,2026-06-30 23:16:00
KP001369,KW11440,2026-07-01,CA,Desktop,2861,3.0,142,760,18.68,2026-07-01 19:37:00
KP001370,KW11518,2026-07-02,AU,Mobile,3469,9.0,45,375,12.0,2026-07-02 03:05:00
KP001371,KW10516,2026-07-03,FR,Mobile,5984,2.0,300,1237,24.25,2026-07-03 19:59:00
KP001372,KW11721,2026-07-04,UK,Mobile,1447,30.0,18,377,4.77,2026-07-04 07:55:00
KP001373,KW11068,2026-07-05,UK,Desktop,15539,21.0,41,791,5.18,2026-07-05 09:00:00
KP001374,KW10044,2026-07-06,MX,Tablet,2351,27.0,66,1049,6.29,2026-07-06 09:00:00
KP001375,KW11215,2026-07-07,MX,Desktop,1119,28.0,17,365,4.66,2026-07-07 08:57:00
KP001376,KW11777,2026-07-08,JP,Mobile,561,34.0,1,32,3.12,2026-07-08 20:56:00
KP001377,KW11101,2026-07-09,CA,Mobile,1375,7.0,71,599,11.85,2026-07-09 03:42:00
KP001378,KW11100,2026-07-10,BR,Mobile,6386,21.0,143,2596,5.51,2026-07-10 22:59:00
KP001379,KW10953,2026-07-11,BR,Mobile,872,16.0,25,335,7.46,2026-07-11 01:19:00
KP001380,KW10310,2026-07-12,DE,Desktop,1968,2.0,77,320,24.06,2026-07-12 09:19:00
KP001381,KW10678,2026-07-13,MX,Mobile,1648,31.0,12,238,5.04,2026-07-13 20:48:00
KP001382,KW10857,2026-07-14,IN,Mobile,1445,47.0,15,379,3.96,2026-07-14 01:20:00
KP001383,KW11773,2026-07-15,US,Desktop,2166,13.0,66,786,8.4,2026-07-15 05:09:00
KP001384,KW11555,2026-07-16,UK,Desktop,5507,21.0,120,1814,6.62,2026-07-16 13:22:00
KP001385,KW10618,2026-07-17,US,Desktop,2929,13.0,65,871,7.46,2026-07-17 07:10:00
KP001386,KW11693,2026-07-18,JP,Desktop,694,42.0,17,319,5.33,2026-07-18 21:08:00
KP001387,KW10933,2026-07-19,CA,Mobile,5456,46.0,56,1084,5.17,2026-07-19 05:29:00
KP001388,KW11410,2026-07-20,FR,Mobile,1218,43.0,22,515,4.27,2026-07-20 23:31:00
KP001389,KW11472,2026-07-21,FR,Mobile,5577,12.0,273,2790,9.78,2026-07-21 18:17:00
KP001390,KW10548,2026-07-22,US,Desktop,2508,8.0,130,1240,10.48,2026-07-22 20:20:00
KP001391,KW11432,2026-07-23,FR,Mobile,758,47.0,9,223,4.04,2026-07-23 12:45:00
KP001392,KW11276,2026-07-24,JP,Mobile,7397,2.0,343,1161,29.54,2026-07-24 03:57:00
KP001393,KW10849,2026-07-25,UK,Mobile,8147,48.0,65,1399,4.65,2026-07-25 20:54:00
KP001394,KW11434,2026-07-26,IN,Desktop,1472,13.0,64,665,9.62,2026-07-26 21:31:00
KP001395,KW10142,2026-07-27,BR,Desktop,3118,39.0,10,219,4.57,2026-07-27 23:11:00
KP001396,KW11270,2026-07-28,CA,Desktop,4440,13.0,17,252,6.75,2026-07-28 22:41:00
KP001397,KW10490,2026-07-29,IN,Mobile,2098,23.0,25,420,5.95,2026-07-29 07:58:00
KP001398,KW11036,2026-07-30,AU,Desktop,1698,46.0,18,396,4.55,2026-07-30 14:25:00
KP001399,KW11809,2026-07-31,BR,Tablet,990,3.0,30,177,16.95,2026-07-31 19:43:00
KP001400,KW11198,2026-08-01,MX,Desktop,16547,19.0,168,1970,8.53,2026-08-01 08:55:00
KP001401,KW10782,2026-08-02,MX,Mobile,437,47.0,11,221,4.98,2026-08-02 17:19:00
KP001402,KW10223,2026-08-03,IN,Mobile,12920,13.0,193,2380,8.11,2026-08-03 17:45:00
KP001403,KW11679,2026-08-04,UK,Desktop,1895,41.0,18,403,4.47,2026-08-04 00:51:00
KP001404,KW10761,2026-08-05,IN,Desktop,1817,26.0,19,425,4.47,2026-08-05 23:12:00
KP001405,KW10620,2026-08-06,JP,Mobile,2583,10.0,46,622,7.4,2026-08-06 16:53:00
KP001406,KW11086,2026-08-07,FR,Desktop,1610,38.0,25,601,4.16,2026-08-07 08:20:00
KP001407,KW10707,2026-08-08,MX,Desktop,1093,36.0,13,250,5.2,2026-08-08 06:34:00
KP001408,KW10076,2026-08-09,MX,Desktop,1625,25.0,21,392,5.36,2026-08-09 00:46:00
KP001409,KW10600,2026-08-10,US,Mobile,9018,39.0,105,2785,3.77,2026-08-10 04:52:00
KP001410,KW10772,2026-08-11,US,Desktop,3546,38.0,17,335,5.07,2026-08-11 03:29:00
KP001411,KW11857,2026-08-12,AU,Desktop,4227,10.0,201,2086,9.64,2026-08-12 11:25:00
KP001412,KW11839,2026-08-13,IN,Desktop,4602,32.0,25,415,6.02,2026-08-13 07:28:00
KP001413,KW11101,2026-08-14,MX,Desktop,509,10.0,8,98,8.16,2026-08-14 05:20:00
KP001414,KW11606,2026-08-15,AU,Mobile,3744,6.0,39,301,12.96,2026-08-15 11:51:00
KP001415,KW11638,2026-08-16,DE,Mobile,2445,13.0,59,837,7.05,2026-08-16 11:03:00
KP001416,KW10209,2026-08-17,JP,Mobile,8227,23.0,89,1471,6.05,2026-08-17 04:42:00
KP001417,KW10485,2026-08-18,MX,Mobile,5967,48.0,72,2245,3.21,2026-08-18 08:43:00
KP001418,KW11354,2026-08-19,BR,Mobile,3656,36.0,62,1576,3.93,2026-08-19 23:51:00
KP001419,KW11051,2026-08-20,UK,Mobile,3205,38.0,67,1413,4.74,2026-08-20 04:05:00
KP001420,KW11034,2026-08-21,FR,Desktop,5256,25.0,90,1236,7.28,2026-08-21 19:46:00
KP001421,KW10993,2026-08-22,AU,Mobile,4704,15.0,55,710,7.75,2026-08-22 07:10:00
KP001422,KW11333,2026-08-23,JP,Mobile,741,6.0,29,236,12.29,2026-08-23 23:03:00
KP001423,KW11892,2026-08-24,FR,Desktop,4124,38.0,59,1273,4.63,2026-08-24 07:26:00
KP001424,KW11171,2026-08-25,DE,Desktop,2774,16.0,48,730,6.58,2026-08-25 20:15:00
KP001425,KW10630,2026-08-26,DE,Mobile,11293,39.0,106,1834,5.78,2026-08-26 15:31:00
KP001426,KW11412,2026-08-27,JP,Desktop,6152,6.0,295,2578,11.44,2026-08-27 21:48:00
KP001427,KW11536,2026-08-28,MX,Desktop,5465,43.0,141,2958,4.77,2026-08-28 07:39:00
KP001428,KW10933,2026-08-29,DE,Mobile,6697,47.0,138,2786,4.95,2026-08-29 19:47:00
KP001429,KW11064,2026-08-30,FR,Desktop,1872,36.0,13,334,3.89,2026-08-30 16:40:00
KP001430,KW10615,2026-08-31,FR,Desktop,6356,13.0,66,665,9.92,2026-08-31 15:11:00
KP001431,KW11328,2026-09-01,BR,Desktop,2077,47.0,35,754,4.64,2026-09-01 14:47:00
KP001432,KW10424,2026-09-02,JP,Mobile,10241,20.0,246,3245,7.58,2026-09-02 20:56:00
KP001433,KW10639,2026-09-03,US,Desktop,774,28.0,20,323,6.19,2026-09-03 09:34:00
KP001434,KW10796,2026-09-04,US,Mobile,2507,16.0,35,621,5.64,2026-09-04 19:35:00
KP001435,KW11742,2026-09-05,IN,Desktop,2205,39.0,41,1129,3.63,2026-09-05 12:29:00
KP001436,KW11471,2026-09-06,FR,Mobile,5977,17.0,85,1373,6.19,2026-09-06 00:28:00
KP001437,KW11230,2026-09-07,MX,Mobile,8488,30.0,162,2505,6.47,2026-09-07 16:07:00
KP001438,KW11471,2026-09-08,UK,Mobile,4318,46.0,46,1312,3.51,2026-09-08 10:54:00
KP001439,KW10900,2026-09-09,MX,Desktop,9402,29.0,247,4495,5.49,2026-09-09 15:39:00
KP001440,KW11890,2026-09-10,JP,Mobile,4218,30.0,20,432,4.63,2026-09-10 12:04:00
KP001441,KW10600,2026-09-11,AU,Desktop,8068,33.0,186,3255,5.71,2026-09-11 08:20:00
KP001442,KW11158,2026-09-12,FR,Mobile,4474,50.0,40,905,4.42,2026-09-12 04:01:00
KP001443,KW11935,2026-09-13,BR,Desktop,2018,40.0,31,571,5.43,2026-09-13 08:06:00
KP001444,KW10512,2026-09-14,MX,Mobile,3571,13.0,129,1359,9.49,2026-09-14 09:03:00
KP001445,KW10693,2026-09-15,FR,Desktop,10264,2.0,1078,4068,26.5,2026-09-15 14:22:00
KP001446,KW10495,2026-09-16,IN,Mobile,4697,42.0,26,757,3.43,2026-09-16 09:18:00
KP001447,KW10575,2026-09-17,US,Mobile,12714,33.0,333,6161,5.4,2026-09-17 01:54:00
KP001448,KW11014,2026-09-18,AU,Desktop,2056,25.0,9,168,5.36,2026-09-18 00:46:00
KP001449,KW11244,2026-09-19,BR,Desktop,3753,35.0,31,780,3.97,2026-09-19 01:23:00
KP001450,KW11944,2026-09-20,BR,Desktop,2193,24.0,18,247,7.29,2026-09-20 16:36:00
KP001451,KW10089,2026-09-21,IN,Mobile,1009,11.0,19,239,7.95,2026-09-21 18:44:00
KP001452,KW10679,2026-09-22,AU,Mobile,1984,1.0,131,477,27.46,2026-09-22 08:29:00
KP001453,KW10554,2026-09-23,IN,Desktop,3998,24.0,115,2166,5.31,2026-09-23 06:13:00
KP001454,KW10481,2026-09-24,FR,Mobile,1370,42.0,17,492,3.46,2026-09-24 22:44:00
KP001455,KW10436,2026-09-25,MX,Mobile,912,19.0,4,72,5.56,2026-09-25 20:09:00
KP001456,KW11578,2026-09-26,MX,Mobile,2399,12.0,101,1190,8.49,2026-09-26 09:32:00
KP001457,KW11758,2026-09-27,AU,Mobile,1438,25.0,10,150,6.67,2026-09-27 05:37:00
KP001458,KW10632,2026-09-28,DE,Desktop,6391,41.0,58,1476,3.93,2026-09-28 19:03:00
KP001459,KW10827,2026-09-29,CA,Mobile,3832,20.0,93,1449,6.42,2026-09-29 20:50:00
KP001460,KW11082,2026-09-30,AU,Mobile,4258,48.0,62,1324,4.68,2026-09-30 14:01:00
KP001704,KW11738,2026-06-01,US,Tablet,1160,33.0,27,604,4.47,2026-06-01 05:33:00
KP001705,KW11483,2026-06-02,JP,Mobile,5458,29.0,164,2491,6.58,2026-06-02 08:20:00
KP001706,KW10197,2026-06-03,BR,Desktop,5549,33.0,58,920,6.3,2026-06-03 08:19:00
KP001707,KW11854,2026-06-04,JP,Mobile,610,44.0,7,171,4.09,2026-06-04 20:34:00
KP001708,KW11847,2026-06-05,DE,Desktop,2837,35.0,31,570,5.44,2026-06-05 17:13:00
KP001709,KW10767,2026-06-06,US,Tablet,7401,50.0,117,2331,5.02,2026-06-06 04:44:00
KP001710,KW11449,2026-06-07,BR,Desktop,2619,8.0,90,985,9.14,2026-06-07 07:00:00
KP001711,KW10986,2026-06-08,MX,Desktop,772,48.0,15,388,3.87,2026-06-08 19:37:00
KP001712,KW11817,2026-06-09,BR,Mobile,2810,17.0,76,1282,5.93,2026-06-09 02:58:00
KP001713,KW11185,2026-06-10,FR,Desktop,1341,17.0,18,318,5.66,2026-06-10 16:54:00
KP001714,KW10383,2026-06-11,CA,Desktop,964,34.0,24,412,5.83,2026-06-11 10:14:00
KP001715,KW11034,2026-06-12,AU,Mobile,2255,23.0,71,1096,6.48,2026-06-12 14:10:00
KP001716,KW11330,2026-06-13,BR,Desktop,10448,44.0,245,4781,5.12,2026-06-13 15:57:00
KP001717,KW10827,2026-06-14,MX,Desktop,3134,44.0,27,804,3.36,2026-06-14 07:38:00
KP001718,KW10328,2026-06-15,DE,Desktop,2057,20.0,14,227,6.17,2026-06-15 09:49:00
KP001719,KW10691,2026-06-16,AU,Desktop,7040,16.0,289,3475,8.32,2026-06-16 18:50:00
KP001720,KW11485,2026-06-17,JP,Desktop,12493,11.0,409,5811,7.04,2026-06-17 21:47:00
KP001721,KW10781,2026-06-18,US,Mobile,5876,16.0,82,870,9.43,2026-06-18 14:26:00
KP001722,KW10046,2026-06-19,MX,Mobile,3226,19.0,57,823,6.93,2026-06-19 06:55:00
KP001723,KW11876,2026-06-20,MX,Desktop,1687,41.0,40,739,5.41,2026-06-20 04:59:00
KP001724,KW11405,2026-06-21,AU,Desktop,9106,26.0,86,1451,5.93,2026-06-21 18:52:00
KP001725,KW11507,2026-06-22,CA,Mobile,1998,37.0,48,922,5.21,2026-06-22 08:09:00
KP001726,KW11035,2026-06-23,AU,Mobile,4084,38.0,76,2097,3.62,2026-06-23 05:18:00
KP001727,KW10150,2026-06-24,CA,Desktop,13018,20.0,290,4559,6.36,2026-06-24 15:05:00
KP001728,KW10946,2026-06-25,BR,Mobile,4837,22.0,32,577,5.55,2026-06-25 15:06:00
KP001729,KW10147,2026-06-26,CA,Desktop,7812,21.0,84,1086,7.73,2026-06-26 11:35:00
KP001730,KW11151,2026-06-27,MX,Desktop,20554,43.0,432,8106,5.33,2026-06-27 03:53:00
KP001731,KW11127,2026-06-28,DE,Tablet,2456,43.0,22,417,5.28,2026-06-28 19:54:00
KP001732,KW11776,2026-06-29,BR,Mobile,5198,21.0,23,386,5.96,2026-06-29 10:15:00
KP001733,KW11202,2026-06-30,DE,Desktop,1879,39.0,20,453,4.42,2026-06-30 01:52:00
KP001734,KW11308,2026-07-01,FR,Mobile,788,26.0,10,185,5.41,2026-07-01 16:30:00
KP001735,KW10281,2026-07-02,DE,Desktop,566,15.0,12,123,9.76,2026-07-02 14:11:00
KP001736,KW10020,2026-07-03,JP,Tablet,608,11.0,7,83,8.43,2026-07-03 06:40:00
KP001737,KW10993,2026-07-04,CA,Desktop,5541,38.0,66,1312,5.03,2026-07-04 06:30:00
KP001738,KW11136,2026-07-05,IN,Mobile,2148,48.0,31,731,4.24,2026-07-05 08:16:00
KP001739,KW10314,2026-07-06,BR,Desktop,577,39.0,3,97,3.09,2026-07-06 23:16:00
KP001740,KW11529,2026-07-07,DE,Desktop,5880,45.0,137,2990,4.58,2026-07-07 15:12:00
KP001741,KW10539,2026-07-08,AU,Mobile,1493,34.0,20,446,4.48,2026-07-08 12:59:00
KP001742,KW11744,2026-07-09,UK,Mobile,2097,22.0,66,1110,5.95,2026-07-09 16:06:00
KP001743,KW11039,2026-07-10,MX,Mobile,6187,1.0,972,3239,30.01,2026-07-10 11:44:00
KP001744,KW10835,2026-07-11,DE,Mobile,7770,27.0,165,2871,5.75,2026-07-11 18:33:00
KP001745,KW11587,2026-07-12,IN,Desktop,6918,38.0,130,3067,4.24,2026-07-12 01:02:00
KP001746,KW10327,2026-07-13,AU,Desktop,3532,18.0,138,1795,7.69,2026-07-13 05:05:00
KP001747,KW10703,2026-07-14,UK,Desktop,3973,38.0,42,1027,4.09,2026-07-14 22:30:00
KP001748,KW11668,2026-07-15,US,Mobile,12374,4.0,667,5229,12.76,2026-07-15 05:40:00
KP001749,KW11819,2026-07-16,IN,Mobile,495,2.0,12,44,27.27,2026-07-16 03:07:00
KP001750,KW11708,2026-07-17,BR,Mobile,1517,17.0,6,114,5.26,2026-07-17 05:04:00
KP001751,KW11578,2026-07-18,DE,Desktop,7019,7.0,133,950,14.0,2026-07-18 09:18:00
KP001752,KW11358,2026-07-19,UK,Mobile,1384,23.0,55,729,7.54,2026-07-19 22:34:00
KP001753,KW10645,2026-07-20,FR,Mobile,1371,43.0,23,448,5.13,2026-07-20 04:33:00
KP001754,KW10800,2026-07-21,AU,Mobile,11356,41.0,224,5666,3.95,2026-07-21 01:27:00
KP001755,KW10693,2026-07-22,CA,Desktop,3533,47.0,32,760,4.21,2026-07-22 22:02:00
KP001756,KW11810,2026-07-23,DE,Mobile,1168,4.0,54,435,12.41,2026-07-23 11:59:00
KP001757,KW11636,2026-07-24,US,Mobile,1591,18.0,43,495,8.69,2026-07-24 00:53:00
KP001758,KW10640,2026-07-25,JP,Mobile,7785,29.0,133,2046,6.5,2026-07-25 22:49:00
KP001759,KW11048,2026-07-26,FR,Mobile,2750,45.0,22,515,4.27,2026-07-26 12:06:00
KP001760,KW10953,2026-07-27,DE,Desktop,3046,1.0,352,1225,28.73,2026-07-27 09:49:00
KP001761,KW11828,2026-07-28,BR,Mobile,15247,34.0,281,5248,5.35,2026-07-28 05:44:00
KP001762,KW11172,2026-07-29,US,Mobile,7902,11.0,96,1053,9.12,2026-07-29 08:43:00
KP001763,KW10631,2026-07-30,MX,Mobile,3646,37.0,100,1783,5.61,2026-07-30 11:08:00
KP001764,KW11421,2026-07-31,DE,Desktop,2841,46.0,14,320,4.38,2026-07-31 12:44:00
KP001765,KW11976,2026-08-01,CA,Desktop,9120,39.0,109,2709,4.02,2026-08-01 04:15:00
KP001766,KW11672,2026-08-02,DE,Desktop,5060,23.0,81,1071,7.56,2026-08-02 22:06:00
KP001767,KW10745,2026-08-03,AU,Mobile,9499,40.0,172,4668,3.68,2026-08-03 13:58:00
KP001768,KW11307,2026-08-04,IN,Desktop,792,11.0,14,159,8.81,2026-08-04 03:42:00
KP001769,KW10243,2026-08-05,JP,Desktop,1448,43.0,25,589,4.24,2026-08-05 14:11:00
KP001770,KW11799,2026-08-06,US,Desktop,984,18.0,18,221,8.14,2026-08-06 17:11:00
KP001771,KW10447,2026-08-07,CA,Desktop,6332,24.0,66,1124,5.87,2026-08-07 15:55:00
KP001772,KW10242,2026-08-08,FR,Mobile,2477,20.0,52,825,6.3,2026-08-08 11:44:00
KP001773,KW11389,2026-08-09,DE,Mobile,3661,7.0,129,1272,10.14,2026-08-09 12:34:00
KP001774,KW10197,2026-08-10,US,Mobile,3121,8.0,93,910,10.22,2026-08-10 00:21:00
KP001775,KW10078,2026-08-11,JP,Desktop,3112,4.0,144,789,18.25,2026-08-11 01:41:00
KP001776,KW11609,2026-08-12,DE,Mobile,4299,18.0,114,1771,6.44,2026-08-12 06:12:00
KP001777,KW10969,2026-08-13,US,Desktop,9942,4.0,91,733,12.41,2026-08-13 08:22:00
KP001778,KW10430,2026-08-14,JP,Desktop,2386,28.0,40,895,4.47,2026-08-14 05:36:00
KP001779,KW11065,2026-08-15,IN,Mobile,7131,38.0,41,1013,4.05,2026-08-15 22:49:00
KP001780,KW11353,2026-08-16,CA,Desktop,1718,41.0,41,845,4.85,2026-08-16 05:55:00
KP001781,KW10277,2026-08-17,BR,Desktop,1214,23.0,33,586,5.63,2026-08-17 05:28:00
KP001782,KW10009,2026-08-18,DE,Mobile,2553,6.0,156,1046,14.91,2026-08-18 17:30:00
KP001783,KW10581,2026-08-19,FR,Desktop,804,3.0,21,121,17.36,2026-08-19 06:11:00
KP001784,KW11899,2026-08-20,AU,Desktop,2162,4.0,180,1153,15.61,2026-08-20 07:23:00
KP001785,KW11458,2026-08-21,DE,Tablet,8684,33.0,196,3390,5.78,2026-08-21 23:54:00
KP001786,KW11278,2026-08-22,AU,Mobile,1025,29.0,14,223,6.28,2026-08-22 04:56:00
KP001787,KW11304,2026-08-23,DE,Desktop,2721,24.0,80,1106,7.23,2026-08-23 21:07:00
KP001788,KW11564,2026-08-24,BR,Desktop,5109,47.0,39,926,4.21,2026-08-24 23:22:00
KP001789,KW10529,2026-08-25,FR,Desktop,2988,35.0,12,207,5.8,2026-08-25 14:14:00
KP001790,KW10698,2026-08-26,BR,Desktop,577,18.0,16,211,7.58,2026-08-26 07:36:00
KP001791,KW10218,2026-08-27,UK,Mobile,2031,12.0,62,660,9.39,2026-08-27 10:28:00
KP001792,KW10519,2026-08-28,CA,Mobile,12650,13.0,178,2674,6.66,2026-08-28 14:48:00
KP001793,KW11812,2026-08-29,CA,Desktop,4848,34.0,159,2612,6.09,2026-08-29 06:36:00
KP001794,KW11836,2026-08-30,CA,Mobile,1910,26.0,49,848,5.78,2026-08-30 19:35:00
KP001795,KW11161,2026-08-31,JP,Desktop,1166,41.0,11,238,4.62,2026-08-31 11:54:00
KP001796,KW11057,2026-09-01,BR,Mobile,8951,8.0,54,578,9.34,2026-09-01 05:27:00
KP001797,KW11185,2026-09-02,UK,Desktop,3184,30.0,77,1702,4.52,2026-09-02 08:41:00
KP001798,KW10528,2026-09-03,JP,Mobile,1742,7.0,64,503,12.72,2026-09-03 09:23:00
KP001799,KW10448,2026-09-04,IN,Mobile,3329,36.0,82,1377,5.95,2026-09-04 08:48:00
KP001800,KW10533,2026-09-05,MX,Desktop,1708,13.0,67,936,7.16,2026-09-05 08:46:00
KP001801,KW11640,2026-09-06,IN,Mobile,5618,41.0,68,1415,4.81,2026-09-06 04:32:00
KP001802,KW11460,2026-09-07,FR,Tablet,2144,39.0,39,828,4.71,2026-09-07 07:06:00
KP001803,KW11868,2026-09-08,UK,Desktop,3457,49.0,50,1280,3.91,2026-09-08 07:37:00
KP001804,KW11222,2026-09-09,MX,Mobile,507,19.0,11,131,8.4,2026-09-09 05:16:00
KP001805,KW10644,2026-09-10,DE,Mobile,1311,9.0,49,471,10.4,2026-09-10 23:53:00
KP001806,KW11543,2026-09-11,CA,Mobile,15933,9.0,150,1609,9.32,2026-09-11 10:27:00
KP001807,KW10005,2026-09-12,FR,Mobile,2258,2.0,257,1202,21.38,2026-09-12 12:20:00
KP001808,KW10972,2026-09-13,FR,Desktop,1875,49.0,27,762,3.54,2026-09-13 19:49:00
KP001809,KW10427,2026-09-14,DE,Desktop,485,46.0,5,146,3.42,2026-09-14 22:04:00
KP001810,KW11869,2026-09-15,JP,Mobile,6480,44.0,45,1207,3.73,2026-09-15 00:37:00
KP001811,KW10597,2026-09-16,AU,Mobile,2534,26.0,61,1182,5.16,2026-09-16 01:35:00
KP001812,KW11601,2026-09-17,JP,Desktop,5969,7.0,52,352,14.77,2026-09-17 12:41:00
KP001813,KW10091,2026-09-18,IN,Mobile,10661,43.0,31,832,3.73,2026-09-18 07:13:00
KP001814,KW11374,2026-09-19,AU,Desktop,1363,31.0,26,625,4.16,2026-09-19 08:49:00
KP001815,KW11566,2026-09-20,JP,Tablet,5671,23.0,76,1483,5.12,2026-09-20 23:47:00
KP001816,KW11947,2026-09-21,FR,Mobile,1001,20.0,18,221,8.14,2026-09-21 15:01:00
KP001817,KW10286,2026-09-22,US,Desktop,7510,39.0,35,718,4.87,2026-09-22 01:29:00
KP001818,KW10182,2026-09-23,BR,Desktop,4960,9.0,78,660,11.82,2026-09-23 16:18:00
KP001819,KW10622,2026-09-24,AU,Mobile,3781,9.0,108,1078,10.02,2026-09-24 22:34:00
KP001820,KW11849,2026-09-25,MX,Mobile,3741,15.0,126,1598,7.88,2026-09-25 16:48:00
KP001821,KW11257,2026-09-26,UK,Mobile,3576,2.0,343,1285,26.69,2026-09-26 21:12:00
KP001822,KW11299,2026-09-27,DE,Mobile,6063,43.0,69,1602,4.31,2026-09-27 13:12:00
KP001823,KW11557,2026-09-28,UK,Mobile,850,44.0,8,219,3.65,2026-09-28 22:27:00
KP001824,KW10875,2026-09-29,AU,Mobile,12939,49.0,32,994,3.22,2026-09-29 13:46:00
KP001825,KW11563,2026-09-30,JP,Desktop,1215,33.0,13,298,4.36,2026-09-30 23:57:00
KP002069,KW11629,2026-06-01,US,Desktop,6939,9.0,166,1310,12.67,2026-06-01 01:00:00
KP002070,KW11600,2026-06-02,CA,Mobile,3752,45.0,26,519,5.01,2026-06-02 14:45:00
KP002071,KW10782,2026-06-03,BR,Desktop,10142,13.0,355,4211,8.43,2026-06-03 13:57:00
KP002072,KW11311,2026-06-04,IN,Mobile,971,35.0,4,95,4.21,2026-06-04 11:37:00
KP002073,KW10586,2026-06-05,MX,Desktop,3012,9.0,62,559,11.09,2026-06-05 17:02:00
KP002074,KW11708,2026-06-06,CA,Tablet,990,25.0,8,131,6.11,2026-06-06 13:44:00
KP002075,KW10099,2026-06-07,UK,Mobile,1860,25.0,27,389,6.94,2026-06-07 13:41:00
KP002076,KW11794,2026-06-08,AU,Mobile,4112,38.0,98,2099,4.67,2026-06-08 13:39:00
KP002077,KW10605,2026-06-09,JP,Tablet,361,18.0,13,189,6.88,2026-06-09 20:19:00
KP002078,KW11794,2026-06-10,MX,Desktop,23253,39.0,97,2548,3.81,2026-06-10 20:41:00
KP002079,KW11905,2026-06-11,AU,Desktop,1418,38.0,10,249,4.02,2026-06-11 23:15:00
KP002080,KW11119,2026-06-12,FR,Desktop,16406,31.0,288,7220,3.99,2026-06-12 05:10:00
KP002081,KW10924,2026-06-13,AU,Mobile,4812,26.0,12,254,4.72,2026-06-13 05:38:00
KP002082,KW10432,2026-06-14,MX,Desktop,5919,23.0,72,1557,4.62,2026-06-14 17:21:00
KP002083,KW11776,2026-06-15,MX,Desktop,3988,27.0,116,1763,6.58,2026-06-15 11:21:00
KP002084,KW11255,2026-06-16,DE,Mobile,750,27.0,23,407,5.65,2026-06-16 09:30:00
KP002085,KW10373,2026-06-17,CA,Mobile,2033,50.0,11,364,3.02,2026-06-17 13:42:00
KP002086,KW10042,2026-06-18,CA,Mobile,1435,22.0,27,520,5.19,2026-06-18 21:32:00
KP002087,KW11909,2026-06-19,MX,Desktop,2104,42.0,13,303,4.29,2026-06-19 18:29:00
KP002088,KW10956,2026-06-20,CA,Mobile,3524,10.0,117,992,11.79,2026-06-20 18:53:00
KP002089,KW11759,2026-06-21,BR,Desktop,1139,25.0,16,239,6.69,2026-06-21 20:23:00
KP002090,KW10434,2026-06-22,AU,Tablet,3259,10.0,38,340,11.18,2026-06-22 17:20:00
KP002091,KW10131,2026-06-23,MX,Desktop,2082,48.0,22,606,3.63,2026-06-23 17:18:00
KP002092,KW10342,2026-06-24,FR,Mobile,1499,35.0,22,568,3.87,2026-06-24 22:45:00
KP002093,KW11651,2026-06-25,DE,Mobile,1852,25.0,4,93,4.3,2026-06-25 20:01:00
KP002094,KW11521,2026-06-26,AU,Mobile,3607,26.0,55,947,5.81,2026-06-26 03:14:00
KP002095,KW11022,2026-06-27,AU,Desktop,2492,45.0,26,488,5.33,2026-06-27 13:34:00
KP002096,KW11103,2026-06-28,FR,Desktop,1337,40.0,26,644,4.04,2026-06-28 10:05:00
KP002097,KW10055,2026-06-29,JP,Desktop,1399,29.0,20,336,5.95,2026-06-29 18:27:00
KP002098,KW10049,2026-06-30,MX,Mobile,1568,44.0,24,712,3.37,2026-06-30 05:46:00
KP002099,KW11810,2026-07-01,CA,Mobile,9876,35.0,145,3260,4.45,2026-07-01 20:00:00
KP002100,KW10363,2026-07-02,MX,Desktop,2478,46.0,46,899,5.12,2026-07-02 17:12:00
KP002101,KW11604,2026-07-03,BR,Desktop,1091,20.0,14,202,6.93,2026-07-03 22:24:00
KP002102,KW11999,2026-07-04,US,Desktop,4425,38.0,12,338,3.55,2026-07-04 08:08:00
KP002103,KW10693,2026-07-05,US,Mobile,1792,32.0,9,150,6.0,2026-07-05 19:27:00
KP002104,KW10695,2026-07-06,IN,Mobile,495,21.0,4,56,7.14,2026-07-06 05:01:00
KP002105,KW11782,2026-07-07,FR,Desktop,3728,46.0,45,1003,4.49,2026-07-07 09:18:00
KP002106,KW10141,2026-07-08,AU,Mobile,6087,32.0,60,1266,4.74,2026-07-08 04:00:00
KP002107,KW11350,2026-07-09,FR,Desktop,4183,28.0,70,1481,4.73,2026-07-09 16:14:00
KP002108,KW11353,2026-07-10,MX,Mobile,1587,44.0,45,852,5.28,2026-07-10 18:03:00
KP002109,KW11122,2026-07-11,MX,Mobile,736,40.0,2,68,2.94,2026-07-11 14:25:00
KP002110,KW10380,2026-07-12,IN,Desktop,998,15.0,20,325,6.15,2026-07-12 18:03:00
KP002111,KW11656,2026-07-13,BR,Mobile,4382,6.0,226,1448,15.61,2026-07-13 23:32:00
KP002112,KW10496,2026-07-14,MX,Desktop,1362,38.0,23,653,3.52,2026-07-14 17:33:00
KP002113,KW11218,2026-07-15,AU,Desktop,18119,41.0,181,5307,3.41,2026-07-15 21:39:00
KP002114,KW11336,2026-07-16,IN,Mobile,1440,26.0,18,310,5.81,2026-07-16 11:49:00
KP002115,KW11508,2026-07-17,AU,Mobile,7349,27.0,27,411,6.57,2026-07-17 04:12:00
KP002116,KW11992,2026-07-18,IN,Mobile,1793,46.0,20,533,3.75,2026-07-18 16:07:00
KP002117,KW10410,2026-07-19,IN,Tablet,3425,18.0,94,1322,7.11,2026-07-19 09:36:00
KP002118,KW11637,2026-07-20,US,Desktop,13503,39.0,355,6755,5.26,2026-07-20 00:37:00
KP002119,KW10361,2026-07-21,CA,Mobile,1210,1.0,32,122,26.23,2026-07-21 02:33:00
KP002120,KW11652,2026-07-22,US,Desktop,4070,13.0,87,863,10.08,2026-07-22 08:06:00
KP002121,KW11713,2026-07-23,DE,Mobile,1560,35.0,12,246,4.88,2026-07-23 20:42:00
KP002122,KW10439,2026-07-24,FR,Desktop,3860,23.0,58,1153,5.03,2026-07-24 18:13:00
KP002123,KW11840,2026-07-25,US,Desktop,239,18.0,5,109,4.59,2026-07-25 14:44:00
KP002124,KW11152,2026-07-26,BR,Mobile,2226,45.0,41,817,5.02,2026-07-26 18:42:00
KP002125,KW10963,2026-07-27,IN,Mobile,2252,24.0,60,803,7.47,2026-07-27 09:36:00
KP002126,KW10898,2026-07-28,UK,Desktop,8144,11.0,153,2011,7.61,2026-07-28 22:25:00
KP002127,KW10107,2026-07-29,AU,Desktop,8766,21.0,207,3907,5.3,2026-07-29 15:57:00
KP002128,KW11016,2026-07-30,DE,Desktop,2507,35.0,68,1147,5.93,2026-07-30 20:54:00
KP002129,KW11841,2026-07-31,IN,Desktop,1415,40.0,25,627,3.99,2026-07-31 16:33:00
KP002130,KW11409,2026-08-01,JP,Desktop,4272,26.0,30,650,4.62,2026-08-01 01:44:00
KP002131,KW11065,2026-08-02,CA,Desktop,2336,42.0,10,297,3.37,2026-08-02 04:36:00
KP002132,KW11755,2026-08-03,IN,Mobile,6581,28.0,93,1918,4.85,2026-08-03 08:13:00
KP002133,KW11247,2026-08-04,AU,Desktop,10249,8.0,599,5095,11.76,2026-08-04 18:09:00
KP002134,KW11388,2026-08-05,MX,Desktop,11662,13.0,364,3545,10.27,2026-08-05 08:36:00
KP002135,KW11481,2026-08-06,MX,Mobile,1098,5.0,26,174,14.94,2026-08-06 00:15:00
KP002136,KW10662,2026-08-07,DE,Mobile,4080,26.0,13,212,6.13,2026-08-07 11:52:00
KP002137,KW10619,2026-08-08,MX,Desktop,1271,30.0,22,521,4.22,2026-08-08 09:47:00
KP002138,KW10782,2026-08-09,BR,Desktop,7849,14.0,61,872,7.0,2026-08-09 09:43:00
KP002139,KW10041,2026-08-10,DE,Desktop,1163,46.0,13,254,5.12,2026-08-10 17:25:00
KP002140,KW11334,2026-08-11,US,Desktop,1538,29.0,19,383,4.96,2026-08-11 22:30:00
KP002141,KW11378,2026-08-12,UK,Tablet,5451,2.0,190,845,22.49,2026-08-12 14:49:00
KP002142,KW11014,2026-08-13,AU,Desktop,875,5.0,20,143,13.99,2026-08-13 21:27:00
KP002143,KW10659,2026-08-14,IN,Mobile,4702,32.0,108,1693,6.38,2026-08-14 12:34:00
KP002144,KW11502,2026-08-15,CA,Desktop,4305,41.0,26,598,4.35,2026-08-15 21:18:00
KP002145,KW10658,2026-08-16,UK,Desktop,7987,2.0,803,3271,24.55,2026-08-16 23:15:00
KP002146,KW11378,2026-08-17,JP,Desktop,2009,36.0,36,713,5.05,2026-08-17 20:05:00
KP002147,KW10693,2026-08-18,DE,Desktop,1915,32.0,11,213,5.16,2026-08-18 00:28:00
KP002148,KW10226,2026-08-19,US,Mobile,3787,46.0,73,1540,4.74,2026-08-19 17:37:00
KP002149,KW10443,2026-08-20,BR,Desktop,13118,21.0,441,5594,7.88,2026-08-20 15:25:00
KP002150,KW10163,2026-08-21,UK,Desktop,8366,8.0,410,3973,10.32,2026-08-21 22:06:00
KP002151,KW10986,2026-08-22,UK,Mobile,1899,11.0,26,287,9.06,2026-08-22 08:23:00
KP002152,KW11524,2026-08-23,MX,Mobile,1760,20.0,62,851,7.29,2026-08-23 02:09:00
KP002153,KW11707,2026-08-24,IN,Mobile,1535,17.0,55,602,9.14,2026-08-24 15:34:00
KP002154,KW10575,2026-08-25,UK,Mobile,1018,19.0,28,415,6.75,2026-08-25 00:37:00
KP002155,KW10188,2026-08-26,BR,Desktop,4825,34.0,39,931,4.19,2026-08-26 09:26:00
KP002156,KW10480,2026-08-27,DE,Desktop,2872,35.0,19,469,4.05,2026-08-27 00:08:00
KP002157,KW11307,2026-08-28,CA,Mobile,1255,46.0,11,281,3.91,2026-08-28 05:24:00
KP002158,KW10788,2026-08-29,JP,Desktop,3750,7.0,191,1570,12.17,2026-08-29 06:33:00
KP002159,KW11494,2026-08-30,CA,Mobile,6919,13.0,137,1758,7.79,2026-08-30 02:18:00
KP002160,KW11141,2026-08-31,IN,Mobile,1701,1.0,115,330,34.85,2026-08-31 11:49:00
KP002161,KW11128,2026-09-01,DE,Desktop,682,45.0,4,86,4.65,2026-09-01 06:02:00
KP002162,KW11819,2026-09-02,JP,Mobile,711,47.0,14,320,4.38,2026-09-02 05:53:00
KP002163,KW11760,2026-09-03,MX,Mobile,919,25.0,14,195,7.18,2026-09-03 22:07:00
KP002164,KW10988,2026-09-04,FR,Mobile,1979,33.0,59,936,6.3,2026-09-04 16:20:00
KP002165,KW11273,2026-09-05,FR,Desktop,6004,10.0,82,740,11.08,2026-09-05 08:39:00
KP002166,KW10076,2026-09-06,MX,Desktop,1205,1.0,129,443,29.12,2026-09-06 10:37:00
KP002167,KW11246,2026-09-07,MX,Mobile,1504,25.0,28,571,4.9,2026-09-07 09:06:00
KP002168,KW10677,2026-09-08,AU,Mobile,22903,44.0,545,12062,4.52,2026-09-08 13:20:00
KP002169,KW11617,2026-09-09,FR,Mobile,2000,1.0,371,1061,34.97,2026-09-09 16:30:00
KP002170,KW10072,2026-09-10,MX,Desktop,2099,26.0,54,1149,4.7,2026-09-10 22:39:00
KP002171,KW11879,2026-09-11,IN,Mobile,2316,39.0,6,118,5.08,2026-09-11 19:56:00
KP002172,KW10100,2026-09-12,AU,Desktop,7750,22.0,250,4011,6.23,2026-09-12 03:28:00
KP002173,KW10375,2026-09-13,MX,Mobile,528,5.0,50,289,17.3,2026-09-13 22:12:00
KP002174,KW11322,2026-09-14,UK,Mobile,2486,48.0,23,611,3.76,2026-09-14 14:52:00
KP002175,KW11131,2026-09-15,CA,Desktop,9966,29.0,142,3230,4.4,2026-09-15 07:07:00
KP002176,KW11022,2026-09-16,AU,Tablet,4314,42.0,77,1952,3.94,2026-09-16 18:42:00
KP002177,KW10820,2026-09-17,CA,Desktop,10600,34.0,56,1104,5.07,2026-09-17 20:02:00
KP002178,KW11638,2026-09-18,JP,Desktop,3349,21.0,38,665,5.71,2026-09-18 06:15:00
KP002179,KW11883,2026-09-19,DE,Desktop,1198,30.0,25,451,5.54,2026-09-19 19:45:00
KP002180,KW11801,2026-09-20,MX,Tablet,4825,22.0,130,1966,6.61,2026-09-20 10:24:00
KP002181,KW11556,2026-09-21,UK,Mobile,2829,20.0,41,825,4.97,2026-09-21 02:28:00
KP002182,KW10791,2026-09-22,US,Tablet,5847,5.0,79,537,14.71,2026-09-22 14:12:00
KP002183,KW11781,2026-09-23,AU,Mobile,16143,41.0,249,5755,4.33,2026-09-23 04:03:00
KP002184,KW11010,2026-09-24,US,Desktop,4427,10.0,43,467,9.21,2026-09-24 03:50:00
KP002185,KW11679,2026-09-25,JP,Desktop,8373,23.0,161,2979,5.4,2026-09-25 18:20:00
KP002186,KW11171,2026-09-26,UK,Mobile,2696,22.0,28,502,5.58,2026-09-26 13:45:00
KP002187,KW11844,2026-09-27,UK,Desktop,2046,20.0,16,264,6.06,2026-09-27 08:43:00
KP002188,KW10668,2026-09-28,US,Mobile,743,9.0,30,325,9.23,2026-09-28 01:00:00
KP002189,KW10048,2026-09-29,AU,Desktop,11477,34.0,262,4618,5.67,2026-09-29 01:34:00
KP002190,KW10083,2026-09-30,BR,Desktop,866,6.0,52,365,14.25,2026-09-30 19:52:00
KP002434,KW11749,2026-06-01,US,Desktop,2706,42.0,48,1241,3.87,2026-06-01 04:58:00
KP002435,KW11548,2026-06-02,DE,Desktop,5725,35.0,117,2067,5.66,2026-06-02 00:22:00
KP002436,KW10475,2026-06-03,US,Tablet,859,5.0,45,422,10.66,2026-06-03 17:27:00
KP002437,KW10521,2026-06-04,FR,Desktop,2782,20.0,59,715,8.25,2026-06-04 15:36:00
KP002438,KW11496,2026-06-05,DE,Mobile,4561,35.0,26,629,4.13,2026-06-05 20:59:00
KP002439,KW10825,2026-06-06,IN,Desktop,3667,36.0,9,204,4.41,2026-06-06 08:54:00
KP002440,KW11260,2026-06-07,JP,Tablet,619,41.0,14,308,4.55,2026-06-07 03:21:00
KP002441,KW10652,2026-06-08,US,Desktop,348,33.0,7,137,5.11,2026-06-08 15:28:00
KP002442,KW11140,2026-06-09,FR,Mobile,3563,48.0,61,1646,3.71,2026-06-09 13:59:00
KP002443,KW10612,2026-06-10,US,Desktop,5239,3.0,232,1410,16.45,2026-06-10 16:24:00
KP002444,KW11622,2026-06-11,BR,Desktop,5907,33.0,109,1864,5.85,2026-06-11 09:39:00
KP002445,KW10183,2026-06-12,DE,Desktop,4125,7.0,204,2120,9.62,2026-06-12 05:30:00
KP002446,KW10939,2026-06-13,AU,Mobile,9833,29.0,224,4324,5.18,2026-06-13 03:36:00
KP002447,KW10033,2026-06-14,DE,Desktop,13307,37.0,220,5107,4.31,2026-06-14 20:43:00
KP002448,KW10873,2026-06-15,US,Desktop,888,28.0,8,165,4.85,2026-06-15 11:15:00
KP002449,KW11897,2026-06-16,JP,Desktop,927,48.0,12,246,4.88,2026-06-16 09:04:00
KP002450,KW11121,2026-06-17,UK,Mobile,5054,43.0,25,479,5.22,2026-06-17 17:03:00
KP002451,KW11176,2026-06-18,FR,Mobile,5932,31.0,23,421,5.46,2026-06-18 18:47:00
KP002452,KW10173,2026-06-19,AU,Mobile,1050,1.0,107,330,32.42,2026-06-19 22:15:00
KP002453,KW11743,2026-06-20,US,Desktop,1985,10.0,23,232,9.91,2026-06-20 14:23:00
KP002454,KW11751,2026-06-21,JP,Desktop,1568,33.0,31,631,4.91,2026-06-21 21:05:00
KP002455,KW10226,2026-06-22,AU,Desktop,208,2.0,24,88,27.27,2026-06-22 21:14:00
KP002456,KW11956,2026-06-23,JP,Desktop,5843,24.0,116,1935,5.99,2026-06-23 11:37:00
KP002457,KW11549,2026-06-24,AU,Mobile,1281,16.0,26,365,7.12,2026-06-24 04:32:00
KP002458,KW11172,2026-06-25,US,Desktop,1199,20.0,44,596,7.38,2026-06-25 23:27:00
KP002459,KW10956,2026-06-26,BR,Tablet,3488,22.0,119,1902,6.26,2026-06-26 20:47:00
KP002460,KW10003,2026-06-27,FR,Desktop,7513,29.0,188,2988,6.29,2026-06-27 13:56:00
KP002461,KW10572,2026-06-28,UK,Desktop,2636,41.0,68,1236,5.5,2026-06-28 06:09:00
KP002462,KW11682,2026-06-29,MX,Desktop,386,33.0,2,52,3.85,2026-06-29 02:56:00
KP002463,KW10401,2026-06-30,JP,Desktop,2192,35.0,40,738,5.42,2026-06-30 23:14:00
KP002464,KW11690,2026-07-01,JP,Mobile,10363,32.0,192,4182,4.59,2026-07-01 14:27:00
KP002465,KW10963,2026-07-02,FR,Desktop,5448,38.0,79,1563,5.05,2026-07-02 02:51:00
KP002466,KW11232,2026-07-03,FR,Desktop,3287,9.0,103,1303,7.9,2026-07-03 15:37:00
KP002467,KW11056,2026-07-04,FR,Mobile,2291,30.0,47,803,5.85,2026-07-04 22:13:00
KP002468,KW10207,2026-07-05,UK,Mobile,1876,23.0,27,538,5.02,2026-07-05 18:43:00
KP002469,KW10131,2026-07-06,CA,Mobile,3291,6.0,172,1704,10.09,2026-07-06 04:25:00
KP002470,KW10838,2026-07-07,IN,Desktop,1060,1.0,127,424,29.95,2026-07-07 05:59:00
KP002471,KW10864,2026-07-08,DE,Desktop,5693,44.0,86,1884,4.56,2026-07-08 21:42:00
KP002472,KW10464,2026-07-09,JP,Desktop,2331,15.0,16,195,8.21,2026-07-09 02:27:00
KP002473,KW10501,2026-07-10,AU,Mobile,4009,32.0,56,870,6.44,2026-07-10 12:13:00
KP002474,KW10466,2026-07-11,US,Mobile,579,42.0,7,191,3.66,2026-07-11 01:21:00
KP002475,KW10182,2026-07-12,MX,Desktop,7813,21.0,244,3267,7.47,2026-07-12 05:15:00
KP002476,KW11189,2026-07-13,CA,Desktop,3766,28.0,10,213,4.69,2026-07-13 12:26:00
KP002477,KW10301,2026-07-14,DE,Mobile,3086,23.0,43,613,7.01,2026-07-14 13:37:00
KP002478,KW11368,2026-07-15,AU,Mobile,6045,36.0,189,3218,5.87,2026-07-15 04:45:00
KP002479,KW10139,2026-07-16,BR,Mobile,1545,40.0,6,128,4.69,2026-07-16 20:27:00
KP002480,KW10837,2026-07-17,DE,Desktop,6983,39.0,80,1518,5.27,2026-07-17 10:19:00
KP002481,KW11583,2026-07-18,UK,Desktop,204,24.0,7,105,6.67,2026-07-18 03:08:00
KP002482,KW11913,2026-07-19,US,Desktop,4857,33.0,34,635,5.35,2026-07-19 23:54:00
KP002483,KW11514,2026-07-20,CA,Desktop,6025,6.0,504,3170,15.9,2026-07-20 10:22:00
KP002484,KW10336,2026-07-21,US,Desktop,6204,23.0,162,3261,4.97,2026-07-21 21:21:00
KP002485,KW10308,2026-07-22,MX,Mobile,5581,4.0,42,304,13.82,2026-07-22 12:55:00
KP002486,KW11034,2026-07-23,UK,Mobile,3830,1.0,249,719,34.63,2026-07-23 18:35:00
KP002487,KW11649,2026-07-24,JP,Desktop,528,50.0,9,265,3.4,2026-07-24 09:08:00
KP002488,KW11902,2026-07-25,DE,Mobile,485,50.0,3,88,3.41,2026-07-25 10:33:00
KP002489,KW10140,2026-07-26,UK,Desktop,3462,41.0,61,1474,4.14,2026-07-26 05:17:00
KP002490,KW10089,2026-07-27,JP,Desktop,1880,23.0,9,198,4.55,2026-07-27 05:48:00
KP002491,KW10481,2026-07-28,FR,Desktop,2983,29.0,24,378,6.35,2026-07-28 19:58:00
KP002492,KW10120,2026-07-29,CA,Mobile,1577,32.0,15,341,4.4,2026-07-29 19:29:00
KP002493,KW11418,2026-07-30,BR,Mobile,639,50.0,6,120,5.0,2026-07-30 09:38:00
KP002494,KW10622,2026-07-31,FR,Mobile,943,27.0,20,367,5.45,2026-07-31 22:17:00
KP002495,KW11354,2026-08-01,IN,Mobile,7240,29.0,93,1380,6.74,2026-08-01 08:17:00
KP002496,KW10404,2026-08-02,DE,Mobile,2413,33.0,51,1238,4.12,2026-08-02 02:32:00
KP002497,KW10455,2026-08-03,JP,Mobile,600,47.0,9,249,3.61,2026-08-03 14:04:00
KP002498,KW10074,2026-08-04,DE,Mobile,3432,26.0,81,1868,4.34,2026-08-04 10:24:00
KP002499,KW11661,2026-08-05,DE,Desktop,4462,48.0,71,1687,4.21,2026-08-05 18:59:00
KP002500,KW11893,2026-08-06,JP,Desktop,4351,2.0,390,1980,19.7,2026-08-06 14:37:00
KP002501,KW10546,2026-08-07,BR,Desktop,1561,4.0,74,403,18.36,2026-08-07 16:47:00
KP002502,KW11021,2026-08-08,BR,Mobile,8777,4.0,513,2862,17.92,2026-08-08 02:18:00
KP002503,KW10319,2026-08-09,JP,Mobile,4711,36.0,50,840,5.95,2026-08-09 17:22:00
KP002504,KW11978,2026-08-10,JP,Desktop,898,43.0,6,176,3.41,2026-08-10 12:35:00
KP002505,KW10833,2026-08-11,JP,Desktop,2418,11.0,43,610,7.05,2026-08-11 18:22:00
KP002506,KW11883,2026-08-12,IN,Mobile,2740,43.0,33,662,4.98,2026-08-12 22:55:00
KP002507,KW11355,2026-08-13,FR,Mobile,3595,12.0,157,1527,10.28,2026-08-13 22:41:00
KP002508,KW10103,2026-08-14,FR,Desktop,1190,8.0,45,419,10.74,2026-08-14 02:10:00
KP002509,KW10119,2026-08-15,FR,Mobile,438,32.0,10,204,4.9,2026-08-15 01:25:00
KP002510,KW10917,2026-08-16,JP,Mobile,2822,33.0,16,309,5.18,2026-08-16 05:18:00
KP002511,KW11566,2026-08-17,US,Mobile,10636,23.0,255,3308,7.71,2026-08-17 12:38:00
KP002512,KW10143,2026-08-18,CA,Desktop,2642,13.0,52,618,8.41,2026-08-18 17:22:00
KP002513,KW11041,2026-08-19,CA,Mobile,3742,47.0,19,395,4.81,2026-08-19 00:34:00
KP002514,KW10123,2026-08-20,AU,Tablet,2339,7.0,86,831,10.35,2026-08-20 18:47:00
KP002515,KW11308,2026-08-21,JP,Mobile,1356,5.0,48,375,12.8,2026-08-21 18:43:00
KP002516,KW11789,2026-08-22,MX,Mobile,6380,2.0,718,2919,24.6,2026-08-22 01:17:00
KP002517,KW11956,2026-08-23,DE,Mobile,3198,33.0,81,1342,6.04,2026-08-23 10:34:00
KP002518,KW10908,2026-08-24,CA,Mobile,3351,19.0,69,1223,5.64,2026-08-24 10:20:00
KP002519,KW11577,2026-08-25,CA,Desktop,3372,9.0,119,1064,11.18,2026-08-25 12:56:00
KP002520,KW11048,2026-08-26,MX,Desktop,1516,28.0,33,630,5.24,2026-08-26 09:05:00
KP002521,KW10233,2026-08-27,BR,Desktop,4715,41.0,101,2469,4.09,2026-08-27 08:13:00
KP002522,KW11332,2026-08-28,MX,Mobile,1935,40.0,43,912,4.71,2026-08-28 08:43:00
KP002523,KW10395,2026-08-29,AU,Mobile,15562,47.0,157,4789,3.28,2026-08-29 16:04:00
KP002524,KW10683,2026-08-30,IN,Desktop,10478,22.0,140,2555,5.48,2026-08-30 17:54:00
KP002525,KW11755,2026-08-31,IN,Desktop,10839,5.0,204,1828,11.16,2026-08-31 22:56:00
KP002526,KW10031,2026-09-01,CA,Desktop,3305,1.0,360,1031,34.92,2026-09-01 06:55:00
KP002527,KW10590,2026-09-02,AU,Mobile,890,1.0,85,243,34.98,2026-09-02 04:35:00
KP002528,KW10431,2026-09-03,MX,Mobile,2611,32.0,55,1024,5.37,2026-09-03 08:02:00
KP002529,KW10306,2026-09-04,UK,Mobile,4292,44.0,50,1003,4.99,2026-09-04 01:00:00
KP002530,KW11988,2026-09-05,US,Desktop,1118,3.0,115,489,23.52,2026-09-05 03:22:00
KP002531,KW11158,2026-09-06,US,Desktop,5474,21.0,72,1364,5.28,2026-09-06 04:51:00
KP002532,KW10690,2026-09-07,AU,Mobile,9212,2.0,635,2793,22.74,2026-09-07 02:12:00
KP002533,KW11146,2026-09-08,IN,Mobile,663,4.0,56,325,17.23,2026-09-08 02:37:00
KP002534,KW11143,2026-09-09,US,Desktop,1689,29.0,16,369,4.34,2026-09-09 20:51:00
KP002535,KW10520,2026-09-10,IN,Desktop,859,10.0,20,204,9.8,2026-09-10 13:12:00
KP002536,KW10106,2026-09-11,UK,Desktop,13337,37.0,148,4029,3.67,2026-09-11 10:28:00
KP002537,KW11546,2026-09-12,DE,Mobile,4311,18.0,44,601,7.32,2026-09-12 19:56:00
KP002538,KW10191,2026-09-13,JP,Desktop,2634,36.0,33,885,3.73,2026-09-13 09:13:00
KP002539,KW10496,2026-09-14,DE,Mobile,1634,10.0,65,736,8.83,2026-09-14 17:22:00
KP002540,KW11776,2026-09-15,BR,Mobile,3822,29.0,34,803,4.23,2026-09-15 17:26:00
KP002541,KW10201,2026-09-16,BR,Desktop,3045,23.0,20,327,6.12,2026-09-16 12:13:00
KP002542,KW10872,2026-09-17,IN,Desktop,2476,23.0,33,698,4.73,2026-09-17 17:05:00
KP002543,KW11957,2026-09-18,IN,Desktop,4394,5.0,198,1347,14.7,2026-09-18 11:05:00
KP002544,KW11312,2026-09-19,IN,Desktop,7961,50.0,84,2536,3.31,2026-09-19 13:33:00
KP002545,KW11785,2026-09-20,UK,Desktop,1827,46.0,28,766,3.66,2026-09-20 12:16:00
KP002546,KW10754,2026-09-21,MX,Desktop,1154,27.0,20,359,5.57,2026-09-21 09:11:00
KP002547,KW11182,2026-09-22,IN,Tablet,3633,24.0,94,1865,5.04,2026-09-22 07:15:00
KP002548,KW11942,2026-09-23,UK,Mobile,73103,35.0,1699,36915,4.6,2026-09-23 22:16:00
KP002549,KW10445,2026-09-24,UK,Mobile,4685,46.0,63,1575,4.0,2026-09-24 04:46:00
KP002550,KW11764,2026-09-25,AU,Mobile,1901,12.0,93,999,9.31,2026-09-25 14:44:00
KP002551,KW11587,2026-09-26,BR,Mobile,6552,48.0,151,3100,4.87,2026-09-26 18:43:00
KP002552,KW10765,2026-09-27,UK,Mobile,6774,18.0,216,2720,7.94,2026-09-27 05:20:00
KP002553,KW11419,2026-09-28,IN,Mobile,1575,48.0,39,804,4.85,2026-09-28 23:24:00
KP002554,KW11362,2026-09-29,AU,Desktop,2440,18.0,14,203,6.9,2026-09-29 08:28:00
KP002555,KW10223,2026-09-30,US,Desktop,3777,30.0,17,414,4.11,2026-09-30 10:25:00
KP002799,KW10245,2026-06-01,FR,Desktop,9269,6.0,151,1316,11.47,2026-06-01 20:17:00
KP002800,KW10600,2026-06-02,MX,Mobile,1825,34.0,39,758,5.15,2026-06-02 08:03:00
KP002801,KW11606,2026-06-03,FR,Mobile,3583,11.0,147,1561,9.42,2026-06-03 02:14:00
KP002802,KW10211,2026-06-04,US,Desktop,8405,49.0,16,442,3.62,2026-06-04 14:36:00
KP002803,KW10650,2026-06-05,JP,Mobile,14941,2.0,1351,5887,22.95,2026-06-05 06:26:00
KP002804,KW11905,2026-06-06,JP,Mobile,4384,9.0,182,1494,12.18,2026-06-06 13:51:00
KP002805,KW10236,2026-06-07,BR,Mobile,1189,33.0,7,181,3.87,2026-06-07 13:17:00
KP002806,KW11778,2026-06-08,DE,Mobile,914,31.0,21,460,4.57,2026-06-08 21:35:00
KP002807,KW11768,2026-06-09,IN,Mobile,6199,14.0,117,1218,9.61,2026-06-09 06:44:00
KP002808,KW11870,2026-06-10,AU,Mobile,2508,4.0,117,856,13.67,2026-06-10 18:35:00
KP002809,KW10124,2026-06-11,UK,Mobile,2901,31.0,43,992,4.33,2026-06-11 06:18:00
KP002810,KW10321,2026-06-12,AU,Desktop,2375,20.0,48,742,6.47,2026-06-12 06:00:00
KP002811,KW10195,2026-06-13,BR,Desktop,4409,4.0,49,243,20.16,2026-06-13 03:19:00
KP002812,KW10686,2026-06-14,DE,Mobile,3965,45.0,57,1645,3.47,2026-06-14 00:32:00
KP002813,KW10167,2026-06-15,DE,Mobile,6640,21.0,253,3225,7.84,2026-06-15 20:16:00
KP002814,KW11138,2026-06-16,MX,Mobile,4086,30.0,98,2103,4.66,2026-06-16 06:47:00
KP002815,KW10185,2026-06-17,JP,Mobile,2955,24.0,18,411,4.38,2026-06-17 09:02:00
KP002816,KW11058,2026-06-18,JP,Desktop,2628,30.0,55,1261,4.36,2026-06-18 09:21:00
KP002817,KW11167,2026-06-19,DE,Desktop,24172,2.0,2035,10372,19.62,2026-06-19 00:48:00
KP002818,KW11466,2026-06-20,IN,Mobile,2831,15.0,109,1193,9.14,2026-06-20 22:54:00
KP002819,KW11657,2026-06-21,CA,Desktop,9098,15.0,232,2616,8.87,2026-06-21 10:00:00
KP002820,KW11667,2026-06-22,JP,Tablet,1622,2.0,132,687,19.21,2026-06-22 01:49:00
KP002821,KW10421,2026-06-23,IN,Desktop,1944,1.0,260,808,32.18,2026-06-23 12:39:00
KP002822,KW10792,2026-06-24,MX,Mobile,1566,1.0,188,695,27.05,2026-06-24 13:30:00
KP002823,KW10837,2026-06-25,CA,Desktop,3069,33.0,90,1536,5.86,2026-06-25 07:34:00
KP002824,KW10431,2026-06-26,US,Desktop,2006,48.0,49,1094,4.48,2026-06-26 04:01:00
KP002825,KW11663,2026-06-27,US,Desktop,3523,3.0,181,895,20.22,2026-06-27 02:15:00
KP002826,KW10401,2026-06-28,UK,Mobile,2357,24.0,23,338,6.8,2026-06-28 19:23:00
KP002827,KW11575,2026-06-29,DE,Desktop,3972,16.0,73,998,7.31,2026-06-29 16:30:00
KP002828,KW10338,2026-06-30,US,Desktop,1379,23.0,40,663,6.03,2026-06-30 20:50:00
KP002829,KW10019,2026-07-01,BR,Mobile,4530,29.0,44,682,6.45,2026-07-01 07:45:00
KP002830,KW11052,2026-07-02,JP,Desktop,6681,12.0,80,947,8.45,2026-07-02 02:19:00
KP002831,KW10509,2026-07-03,UK,Mobile,9956,19.0,96,1697,5.66,2026-07-03 18:20:00
KP002832,KW10714,2026-07-04,UK,Mobile,3603,7.0,162,1226,13.21,2026-07-04 19:48:00
KP002833,KW11537,2026-07-05,US,Mobile,2707,20.0,111,1438,7.72,2026-07-05 11:56:00
KP002834,KW10285,2026-07-06,AU,Mobile,2373,8.0,73,857,8.52,2026-07-06 22:38:00
KP002835,KW11444,2026-07-07,CA,Desktop,1303,10.0,10,137,7.3,2026-07-07 07:32:00
KP002836,KW11854,2026-07-08,IN,Desktop,7923,15.0,358,3744,9.56,2026-07-08 07:30:00
KP002837,KW11380,2026-07-09,MX,Desktop,2179,8.0,118,886,13.32,2026-07-09 03:38:00
KP002838,KW10680,2026-07-10,FR,Mobile,7631,49.0,12,383,3.13,2026-07-10 01:54:00
KP002839,KW11883,2026-07-11,FR,Mobile,1463,26.0,14,305,4.59,2026-07-11 07:27:00
KP002840,KW11005,2026-07-12,MX,Desktop,1805,20.0,13,218,5.96,2026-07-12 04:10:00
KP002841,KW11664,2026-07-13,IN,Mobile,3459,18.0,60,786,7.63,2026-07-13 02:15:00
KP002842,KW10346,2026-07-14,UK,Tablet,1923,20.0,53,775,6.84,2026-07-14 04:59:00
KP002843,KW10257,2026-07-15,FR,Desktop,6119,41.0,118,3223,3.66,2026-07-15 00:27:00
KP002844,KW11057,2026-07-16,IN,Mobile,3299,15.0,65,754,8.62,2026-07-16 08:14:00
KP002845,KW10462,2026-07-17,AU,Desktop,1003,38.0,12,270,4.44,2026-07-17 06:14:00
KP002846,KW11632,2026-07-18,UK,Desktop,2093,33.0,21,454,4.63,2026-07-18 00:12:00
KP002847,KW11706,2026-07-19,BR,Mobile,1797,41.0,18,361,4.99,2026-07-19 11:21:00
KP002848,KW10321,2026-07-20,BR,Desktop,8759,21.0,97,1345,7.21,2026-07-20 05:16:00
KP002849,KW10839,2026-07-21,FR,Mobile,2231,24.0,7,127,5.51,2026-07-21 12:11:00
KP002850,KW10529,2026-07-22,MX,Desktop,826,38.0,8,196,4.08,2026-07-22 05:07:00
KP002851,KW11043,2026-07-23,FR,Desktop,1018,43.0,13,246,5.28,2026-07-23 12:15:00
KP002852,KW10774,2026-07-24,CA,Mobile,556,33.0,1,30,3.33,2026-07-24 15:12:00
KP002853,KW10419,2026-07-25,UK,Desktop,1721,39.0,12,274,4.38,2026-07-25 08:19:00
KP002854,KW11839,2026-07-26,BR,Desktop,8883,3.0,269,1837,14.64,2026-07-26 05:21:00
KP002855,KW10102,2026-07-27,IN,Mobile,871,16.0,14,163,8.59,2026-07-27 06:04:00
KP002856,KW11987,2026-07-28,AU,Desktop,1127,22.0,13,201,6.47,2026-07-28 01:19:00
KP002857,KW11310,2026-07-29,UK,Mobile,513,42.0,8,218,3.67,2026-07-29 06:10:00
KP002858,KW10348,2026-07-30,IN,Mobile,2015,32.0,35,741,4.72,2026-07-30 05:46:00
KP002859,KW11739,2026-07-31,IN,Mobile,1802,13.0,12,131,9.16,2026-07-31 17:15:00
KP002860,KW10675,2026-08-01,FR,Mobile,2778,1.0,291,1062,27.4,2026-08-01 20:36:00
KP002861,KW10084,2026-08-02,DE,Mobile,1817,45.0,36,839,4.29,2026-08-02 18:32:00
KP002862,KW11269,2026-08-03,UK,Desktop,4287,15.0,81,986,8.22,2026-08-03 22:54:00
KP002863,KW11646,2026-08-04,UK,Desktop,3799,38.0,83,1580,5.25,2026-08-04 17:30:00
KP002864,KW10196,2026-08-05,MX,Mobile,5228,21.0,132,1640,8.05,2026-08-05 17:00:00
KP002865,KW11275,2026-08-06,JP,Desktop,3697,43.0,94,1722,5.46,2026-08-06 22:50:00
KP002866,KW11835,2026-08-07,MX,Mobile,2676,45.0,50,1370,3.65,2026-08-07 00:06:00
KP002867,KW10066,2026-08-08,CA,Desktop,2381,13.0,101,996,10.14,2026-08-08 20:20:00
KP002868,KW10112,2026-08-09,CA,Desktop,7688,35.0,105,2119,4.96,2026-08-09 04:40:00
KP002869,KW11630,2026-08-10,US,Mobile,8990,31.0,46,907,5.07,2026-08-10 14:38:00
KP002870,KW11800,2026-08-11,CA,Mobile,1481,15.0,56,651,8.6,2026-08-11 02:31:00
KP002871,KW10465,2026-08-12,MX,Mobile,2540,27.0,12,223,5.38,2026-08-12 14:43:00
KP002872,KW10042,2026-08-13,DE,Desktop,5385,21.0,150,2670,5.62,2026-08-13 05:39:00
KP002873,KW11993,2026-08-14,AU,Desktop,1862,7.0,91,756,12.04,2026-08-14 05:24:00
KP002874,KW10940,2026-08-15,FR,Desktop,2299,50.0,18,589,3.06,2026-08-15 01:24:00
KP002875,KW10255,2026-08-16,AU,Desktop,829,6.0,60,429,13.99,2026-08-16 21:19:00
KP002876,KW11540,2026-08-17,UK,Mobile,13276,41.0,218,4128,5.28,2026-08-17 07:12:00
KP002877,KW10911,2026-08-18,IN,Desktop,4997,2.0,352,1398,25.18,2026-08-18 02:48:00
KP002878,KW11703,2026-08-19,CA,Desktop,9097,15.0,153,2173,7.04,2026-08-19 15:57:00
KP002879,KW11865,2026-08-20,US,Mobile,5199,33.0,40,839,4.77,2026-08-20 23:17:00
KP002880,KW10610,2026-08-21,DE,Desktop,1267,14.0,57,563,10.12,2026-08-21 17:14:00
KP002881,KW10021,2026-08-22,DE,Desktop,5800,10.0,72,954,7.55,2026-08-22 01:33:00
KP002882,KW10237,2026-08-23,US,Desktop,4233,47.0,93,1884,4.94,2026-08-23 00:53:00
KP002883,KW10002,2026-08-24,FR,Desktop,4356,6.0,255,1883,13.54,2026-08-24 01:18:00
KP002884,KW11362,2026-08-25,FR,Mobile,10442,29.0,50,801,6.24,2026-08-25 08:24:00
KP002885,KW10556,2026-08-26,BR,Desktop,14088,26.0,203,3249,6.25,2026-08-26 04:45:00
KP002886,KW10090,2026-08-27,JP,Desktop,3477,25.0,47,666,7.06,2026-08-27 04:08:00
KP002887,KW11824,2026-08-28,DE,Desktop,3442,3.0,88,520,16.92,2026-08-28 05:59:00
KP002888,KW10768,2026-08-29,MX,Mobile,2022,30.0,25,417,6.0,2026-08-29 01:50:00
KP002889,KW11640,2026-08-30,UK,Desktop,9498,41.0,140,3583,3.91,2026-08-30 18:03:00
KP002890,KW11276,2026-08-31,UK,Desktop,3583,6.0,111,751,14.78,2026-08-31 12:03:00
KP002891,KW10636,2026-09-01,JP,Desktop,5343,12.0,27,329,8.21,2026-09-01 08:56:00
KP002892,KW11339,2026-09-02,MX,Desktop,11314,48.0,44,1180,3.73,2026-09-02 16:13:00
KP002893,KW10299,2026-09-03,FR,Desktop,1768,49.0,22,580,3.79,2026-09-03 22:54:00
KP002894,KW10174,2026-09-04,JP,Desktop,1356,25.0,15,293,5.12,2026-09-04 18:26:00
KP002895,KW11743,2026-09-05,US,Desktop,2197,34.0,35,895,3.91,2026-09-05 15:20:00
KP002896,KW10517,2026-09-06,JP,Mobile,1391,37.0,7,163,4.29,2026-09-06 20:04:00
KP002897,KW10678,2026-09-07,JP,Tablet,5648,3.0,337,1812,18.6,2026-09-07 19:19:00
KP002898,KW11141,2026-09-08,IN,Tablet,1880,13.0,30,308,9.74,2026-09-08 16:33:00
KP002899,KW11924,2026-09-09,BR,Desktop,3887,42.0,43,878,4.9,2026-09-09 02:04:00
KP002900,KW10630,2026-09-10,MX,Tablet,4622,28.0,36,727,4.95,2026-09-10 21:52:00
KP002901,KW11447,2026-09-11,US,Mobile,5009,45.0,39,1036,3.76,2026-09-11 13:58:00
KP002902,KW11276,2026-09-12,US,Mobile,7682,47.0,99,2196,4.51,2026-09-12 09:23:00
KP002903,KW11264,2026-09-13,CA,Mobile,4165,18.0,23,300,7.67,2026-09-13 00:29:00
KP002904,KW10764,2026-09-14,FR,Mobile,16411,31.0,250,5892,4.24,2026-09-14 06:21:00
KP002905,KW11039,2026-09-15,FR,Mobile,1543,27.0,18,290,6.21,2026-09-15 23:14:00
KP002906,KW11879,2026-09-16,BR,Desktop,2747,19.0,55,802,6.86,2026-09-16 04:24:00
KP002907,KW10094,2026-09-17,FR,Desktop,5127,2.0,604,2302,26.24,2026-09-17 20:20:00
KP002908,KW11415,2026-09-18,FR,Mobile,14064,38.0,167,3611,4.62,2026-09-18 11:05:00
KP002909,KW10599,2026-09-19,DE,Desktop,3337,37.0,34,627,5.42,2026-09-19 20:58:00
KP002910,KW11294,2026-09-20,FR,Mobile,386,24.0,9,166,5.42,2026-09-20 03:32:00
KP002911,KW11754,2026-09-21,CA,Mobile,2552,13.0,80,834,9.59,2026-09-21 20:22:00
KP002912,KW10828,2026-09-22,MX,Mobile,915,17.0,11,166,6.63,2026-09-22 11:58:00
KP002913,KW11514,2026-09-23,BR,Desktop,4777,39.0,30,587,5.11,2026-09-23 05:14:00
KP002914,KW11714,2026-09-24,US,Desktop,3327,43.0,40,1147,3.49,2026-09-24 05:18:00
KP002915,KW10231,2026-09-25,JP,Desktop,7592,46.0,151,3335,4.53,2026-09-25 23:17:00
KP002916,KW10530,2026-09-26,UK,Desktop,3080,2.0,102,375,27.2,2026-09-26 19:35:00
KP002917,KW10405,2026-09-27,US,Mobile,5273,34.0,16,269,5.95,2026-09-27 17:28:00
KP002918,KW10325,2026-09-28,DE,Desktop,885,46.0,10,247,4.05,2026-09-28 13:14:00
KP002919,KW10063,2026-09-29,BR,Mobile,5631,44.0,28,599,4.67,2026-09-29 06:25:00
KP002920,KW11806,2026-09-30,AU,Mobile,16382,4.0,761,4237,17.96,2026-09-30 15:54:00
KP003164,KW10410,2026-06-01,BR,Mobile,1003,48.0,20,474,4.22,2026-06-01 02:50:00
KP003165,KW10414,2026-06-02,IN,Mobile,6596,2.0,653,2791,23.4,2026-06-02 18:19:00
KP003166,KW10343,2026-06-03,DE,Desktop,5796,35.0,108,2186,4.94,2026-06-03 00:54:00
KP003167,KW10706,2026-06-04,US,Mobile,3701,34.0,46,895,5.14,2026-06-04 02:21:00
KP003168,KW11138,2026-06-05,IN,Mobile,8136,26.0,263,3960,6.64,2026-06-05 00:56:00
KP003169,KW11965,2026-06-06,CA,Mobile,5514,40.0,158,2989,5.29,2026-06-06 22:24:00
KP003170,KW10626,2026-06-07,JP,Desktop,3462,8.0,33,372,8.87,2026-06-07 20:34:00
KP003171,KW10760,2026-06-08,UK,Desktop,2475,14.0,26,408,6.37,2026-06-08 08:45:00
KP003172,KW11417,2026-06-09,US,Mobile,10393,2.0,600,2246,26.71,2026-06-09 20:35:00
KP003173,KW10932,2026-06-10,IN,Mobile,1282,48.0,7,180,3.89,2026-06-10 04:16:00
KP003174,KW10618,2026-06-11,IN,Desktop,2189,14.0,66,970,6.8,2026-06-11 22:40:00
KP003175,KW11032,2026-06-12,BR,Mobile,3576,22.0,100,1312,7.62,2026-06-12 08:58:00
KP003176,KW10652,2026-06-13,FR,Desktop,1095,45.0,4,120,3.33,2026-06-13 11:52:00
KP003177,KW11817,2026-06-14,US,Mobile,1169,1.0,64,183,34.97,2026-06-14 20:21:00
KP003178,KW10023,2026-06-15,MX,Desktop,6059,50.0,111,2318,4.79,2026-06-15 19:50:00
KP003179,KW10216,2026-06-16,FR,Desktop,5532,22.0,83,1565,5.3,2026-06-16 04:04:00
KP003180,KW10050,2026-06-17,UK,Mobile,3440,43.0,18,455,3.96,2026-06-17 23:53:00
KP003181,KW11896,2026-06-18,UK,Mobile,2060,41.0,48,1009,4.76,2026-06-18 12:52:00
KP003182,KW11104,2026-06-19,DE,Mobile,2087,44.0,23,704,3.27,2026-06-19 10:06:00
KP003183,KW10307,2026-06-20,AU,Mobile,4879,41.0,58,1098,5.28,2026-06-20 12:15:00
KP003184,KW11435,2026-06-21,MX,Desktop,6362,16.0,67,1021,6.56,2026-06-21 17:39:00
KP003185,KW10725,2026-06-22,IN,Desktop,4093,40.0,20,510,3.92,2026-06-22 08:12:00
KP003186,KW10952,2026-06-23,IN,Mobile,4072,49.0,40,1210,3.31,2026-06-23 18:09:00
KP003187,KW11102,2026-06-24,BR,Mobile,15588,36.0,303,6843,4.43,2026-06-24 12:55:00
KP003188,KW11983,2026-06-25,AU,Desktop,508,3.0,30,153,19.61,2026-06-25 16:29:00
KP003189,KW10133,2026-06-26,CA,Mobile,10729,35.0,204,5117,3.99,2026-06-26 21:57:00
KP003190,KW10368,2026-06-27,MX,Desktop,10138,29.0,290,4979,5.82,2026-06-27 21:29:00
KP003191,KW11852,2026-06-28,DE,Mobile,6225,9.0,237,2746,8.63,2026-06-28 17:36:00
KP003192,KW11642,2026-06-29,IN,Desktop,14789,8.0,798,7977,10.0,2026-06-29 17:32:00
KP003193,KW10758,2026-06-30,UK,Tablet,1631,38.0,42,740,5.68,2026-06-30 12:21:00
KP003194,KW11217,2026-07-01,US,Desktop,7649,5.0,239,1496,15.98,2026-07-01 21:48:00
KP003195,KW11921,2026-07-02,JP,Mobile,1407,12.0,75,752,9.97,2026-07-02 07:19:00
KP003196,KW11266,2026-07-03,IN,Mobile,4064,20.0,109,1708,6.38,2026-07-03 01:30:00
KP003197,KW11033,2026-07-04,AU,Desktop,3265,9.0,38,478,7.95,2026-07-04 11:23:00
KP003198,KW11087,2026-07-05,AU,Desktop,7954,46.0,78,2437,3.2,2026-07-05 02:02:00
KP003199,KW10196,2026-07-06,US,Mobile,3882,18.0,57,713,7.99,2026-07-06 13:00:00
KP003200,KW10828,2026-07-07,IN,Desktop,589,35.0,5,101,4.95,2026-07-07 18:26:00
KP003201,KW11593,2026-07-08,BR,Desktop,1752,36.0,20,491,4.07,2026-07-08 17:45:00
KP003202,KW10331,2026-07-09,IN,Mobile,2423,45.0,22,535,4.11,2026-07-09 18:07:00
KP003203,KW10312,2026-07-10,CA,Mobile,2108,29.0,45,843,5.34,2026-07-10 03:16:00
KP003204,KW10402,2026-07-11,BR,Desktop,1572,35.0,6,122,4.92,2026-07-11 03:00:00
KP003205,KW10073,2026-07-12,AU,Tablet,1494,4.0,11,94,11.7,2026-07-12 00:32:00
KP003206,KW11502,2026-07-13,US,Desktop,4323,48.0,65,1748,3.72,2026-07-13 21:29:00
KP003207,KW10180,2026-07-14,DE,Mobile,1346,28.0,24,372,6.45,2026-07-14 03:28:00
KP003208,KW11493,2026-07-15,MX,Mobile,1845,43.0,23,623,3.69,2026-07-15 04:38:00
KP003209,KW10834,2026-07-16,AU,Desktop,1422,9.0,35,415,8.43,2026-07-16 18:04:00
KP003210,KW10722,2026-07-17,AU,Desktop,7995,16.0,255,2766,9.22,2026-07-17 00:15:00
KP003211,KW10346,2026-07-18,UK,Desktop,27536,6.0,2153,14901,14.45,2026-07-18 10:07:00
KP003212,KW11726,2026-07-19,AU,Desktop,2322,33.0,29,573,5.06,2026-07-19 20:00:00
KP003213,KW11212,2026-07-20,BR,Desktop,3178,16.0,112,1478,7.58,2026-07-20 04:39:00
KP003214,KW11518,2026-07-21,US,Desktop,4741,36.0,94,1740,5.4,2026-07-21 05:34:00
KP003215,KW10696,2026-07-22,BR,Desktop,4537,47.0,102,2070,4.93,2026-07-22 16:21:00
KP003216,KW11841,2026-07-23,US,Desktop,3605,17.0,136,1769,7.69,2026-07-23 01:45:00
KP003217,KW10992,2026-07-24,CA,Desktop,8117,50.0,135,4093,3.3,2026-07-24 17:12:00
KP003218,KW10244,2026-07-25,JP,Desktop,1037,30.0,26,529,4.91,2026-07-25 20:03:00
KP003219,KW10708,2026-07-26,UK,Desktop,2344,8.0,91,755,12.05,2026-07-26 07:05:00
KP003220,KW11660,2026-07-27,AU,Desktop,1139,2.0,67,275,24.36,2026-07-27 17:01:00
KP003221,KW11113,2026-07-28,MX,Desktop,1459,37.0,42,760,5.53,2026-07-28 18:52:00
KP003222,KW10035,2026-07-29,IN,Desktop,725,7.0,31,217,14.29,2026-07-29 21:20:00
KP003223,KW10159,2026-07-30,FR,Mobile,2454,46.0,26,507,5.13,2026-07-30 10:10:00
KP003224,KW10416,2026-07-31,MX,Mobile,9229,26.0,117,2253,5.19,2026-07-31 20:57:00
KP003225,KW10337,2026-08-01,US,Desktop,3271,25.0,59,1326,4.45,2026-08-01 19:58:00
KP003226,KW10829,2026-08-02,FR,Tablet,1103,43.0,11,217,5.07,2026-08-02 22:17:00
KP003227,KW11636,2026-08-03,IN,Mobile,1059,6.0,72,502,14.34,2026-08-03 03:18:00
KP003228,KW11807,2026-08-04,DE,Desktop,34710,11.0,552,7151,7.72,2026-08-04 03:19:00
KP003229,KW10638,2026-08-05,AU,Mobile,1932,25.0,5,124,4.03,2026-08-05 09:15:00
KP003230,KW11188,2026-08-06,IN,Mobile,2381,3.0,119,565,21.06,2026-08-06 12:18:00
KP003231,KW11291,2026-08-07,MX,Mobile,4323,38.0,18,458,3.93,2026-08-07 20:57:00
KP003232,KW10831,2026-08-08,JP,Desktop,1606,35.0,39,676,5.77,2026-08-08 08:11:00
KP003233,KW10836,2026-08-09,US,Mobile,2944,31.0,28,432,6.48,2026-08-09 16:31:00
KP003234,KW11593,2026-08-10,IN,Mobile,2957,46.0,45,857,5.25,2026-08-10 21:52:00
KP003235,KW10907,2026-08-11,AU,Mobile,1758,22.0,34,456,7.46,2026-08-11 14:45:00
KP003236,KW10734,2026-08-12,CA,Mobile,2121,3.0,54,321,16.82,2026-08-12 18:09:00
KP003237,KW10176,2026-08-13,IN,Mobile,1148,36.0,10,244,4.1,2026-08-13 04:34:00
KP003238,KW10615,2026-08-14,JP,Desktop,11504,16.0,72,900,8.0,2026-08-14 01:30:00
KP003239,KW10961,2026-08-15,FR,Desktop,494,45.0,6,173,3.47,2026-08-15 12:40:00
KP003240,KW11583,2026-08-16,IN,Mobile,4307,18.0,92,1723,5.34,2026-08-16 03:01:00
KP003241,KW10064,2026-08-17,AU,Desktop,5707,1.0,578,1654,34.95,2026-08-17 18:19:00
KP003242,KW11009,2026-08-18,FR,Mobile,7776,26.0,146,2447,5.97,2026-08-18 10:43:00
KP003243,KW11427,2026-08-19,AU,Desktop,5286,13.0,156,2251,6.93,2026-08-19 07:24:00
KP003244,KW10206,2026-08-20,JP,Desktop,7985,18.0,136,1723,7.89,2026-08-20 04:07:00
KP003245,KW11864,2026-08-21,AU,Mobile,2961,13.0,14,214,6.54,2026-08-21 22:16:00
KP003246,KW11799,2026-08-22,US,Desktop,2300,21.0,46,779,5.91,2026-08-22 11:55:00
KP003247,KW11731,2026-08-23,MX,Desktop,11093,22.0,134,2147,6.24,2026-08-23 19:48:00
KP003248,KW11285,2026-08-24,MX,Desktop,1453,5.0,118,670,17.61,2026-08-24 02:54:00
KP003249,KW10934,2026-08-25,AU,Mobile,3119,43.0,17,362,4.7,2026-08-25 20:37:00
KP003250,KW11439,2026-08-26,AU,Mobile,9148,21.0,103,1271,8.1,2026-08-26 12:33:00
KP003251,KW10073,2026-08-27,MX,Desktop,2948,50.0,32,674,4.75,2026-08-27 15:14:00
KP003252,KW10671,2026-08-28,JP,Desktop,1994,24.0,44,593,7.42,2026-08-28 11:46:00
KP003253,KW10006,2026-08-29,FR,Desktop,7023,46.0,59,1582,3.73,2026-08-29 20:17:00
KP003254,KW10493,2026-08-30,CA,Desktop,2430,34.0,40,704,5.68,2026-08-30 04:36:00
KP003255,KW11023,2026-08-31,JP,Desktop,3035,28.0,23,401,5.74,2026-08-31 16:23:00
KP003256,KW11273,2026-09-01,FR,Mobile,4656,34.0,100,1622,6.17,2026-09-01 16:41:00
KP003257,KW10071,2026-09-02,CA,Desktop,1604,38.0,11,237,4.64,2026-09-02 03:39:00
KP003258,KW10907,2026-09-03,DE,Mobile,10140,48.0,61,1340,4.55,2026-09-03 07:45:00
KP003259,KW10056,2026-09-04,US,Desktop,7029,14.0,243,2584,9.4,2026-09-04 04:43:00
KP003260,KW10803,2026-09-05,DE,Mobile,3112,30.0,80,1607,4.98,2026-09-05 10:57:00
KP003261,KW10766,2026-09-06,US,Desktop,4416,20.0,113,1563,7.23,2026-09-06 19:18:00
KP003262,KW10765,2026-09-07,UK,Desktop,11960,11.0,305,2909,10.48,2026-09-07 10:48:00
KP003263,KW10702,2026-09-08,US,Desktop,2344,1.0,342,1184,28.89,2026-09-08 10:00:00
KP003264,KW11687,2026-09-09,AU,Mobile,1636,23.0,5,90,5.56,2026-09-09 23:26:00
KP003265,KW10132,2026-09-10,JP,Desktop,6351,19.0,256,3011,8.5,2026-09-10 19:01:00
KP003266,KW10846,2026-09-11,BR,Desktop,4965,29.0,151,2345,6.44,2026-09-11 07:01:00
KP003267,KW11895,2026-09-12,FR,Desktop,3388,40.0,19,541,3.51,2026-09-12 20:08:00
KP003268,KW10655,2026-09-13,IN,Desktop,737,17.0,16,222,7.21,2026-09-13 06:07:00
KP003269,KW11608,2026-09-14,MX,Desktop,1174,18.0,31,483,6.42,2026-09-14 03:22:00
KP003270,KW11002,2026-09-15,IN,Mobile,1806,23.0,45,861,5.23,2026-09-15 19:23:00
KP003271,KW10127,2026-09-16,AU,Mobile,4713,33.0,21,508,4.13,2026-09-16 19:16:00
KP003272,KW10300,2026-09-17,CA,Desktop,1674,9.0,42,481,8.73,2026-09-17 22:51:00
KP003273,KW10392,2026-09-18,AU,Desktop,694,46.0,2,67,2.99,2026-09-18 15:05:00
KP003274,KW10672,2026-09-19,BR,Mobile,5702,50.0,21,550,3.82,2026-09-19 08:04:00
KP003275,KW11455,2026-09-20,IN,Desktop,5763,47.0,65,1385,4.69,2026-09-20 11:43:00
KP003276,KW10888,2026-09-21,BR,Mobile,1614,22.0,48,833,5.76,2026-09-21 20:04:00
KP003277,KW11721,2026-09-22,FR,Mobile,5880,12.0,45,586,7.68,2026-09-22 14:41:00
KP003278,KW11195,2026-09-23,DE,Desktop,1723,1.0,205,630,32.54,2026-09-23 05:28:00
KP003279,KW10040,2026-09-24,BR,Desktop,2132,24.0,42,872,4.82,2026-09-24 11:44:00
KP003280,KW10846,2026-09-25,UK,Desktop,5702,7.0,165,1544,10.69,2026-09-25 07:00:00
KP003281,KW11452,2026-09-26,US,Mobile,13896,7.0,1004,7435,13.5,2026-09-26 11:35:00
KP003282,KW11760,2026-09-27,CA,Mobile,10488,40.0,107,2083,5.14,2026-09-27 08:08:00
KP003283,KW10844,2026-09-28,MX,Desktop,2373,10.0,77,958,8.04,2026-09-28 21:10:00
KP003284,KW11879,2026-09-29,CA,Desktop,2894,12.0,91,1001,9.09,2026-09-29 14:12:00
KP003285,KW10161,2026-09-30,DE,Mobile,4106,50.0,82,2164,3.79,2026-09-30 00:57:00
KP003529,KW10231,2026-06-01,UK,Desktop,641,40.0,3,73,4.11,2026-06-01 15:21:00
KP003530,KW11942,2026-06-02,AU,Desktop,4187,43.0,77,1788,4.31,2026-06-02 22:28:00
KP003531,KW10937,2026-06-03,DE,Desktop,1916,45.0,26,569,4.57,2026-06-03 05:11:00
KP003532,KW11962,2026-06-04,MX,Mobile,4039,48.0,33,695,4.75,2026-06-04 11:26:00
KP003533,KW10869,2026-06-05,MX,Mobile,4453,37.0,74,1423,5.2,2026-06-05 20:56:00
KP003534,KW10606,2026-06-06,CA,Desktop,1284,49.0,8,226,3.54,2026-06-06 11:28:00
KP003535,KW10427,2026-06-07,JP,Desktop,24502,35.0,88,1493,5.89,2026-06-07 20:51:00
KP003536,KW10132,2026-06-08,FR,Desktop,27649,1.0,4306,12304,35.0,2026-06-08 01:31:00
KP003537,KW10341,2026-06-09,FR,Mobile,3265,34.0,15,412,3.64,2026-06-09 05:21:00
KP003538,KW10597,2026-06-10,US,Mobile,1926,1.0,215,690,31.16,2026-06-10 02:40:00
KP003539,KW10502,2026-06-11,AU,Mobile,2314,18.0,79,958,8.25,2026-06-11 01:09:00
KP003540,KW10488,2026-06-12,IN,Desktop,6546,4.0,293,1785,16.41,2026-06-12 00:58:00
KP003541,KW11198,2026-06-13,BR,Desktop,1383,16.0,30,512,5.86,2026-06-13 00:59:00
KP003542,KW11372,2026-06-14,CA,Mobile,1665,22.0,19,257,7.39,2026-06-14 15:16:00
KP003543,KW10756,2026-06-15,CA,Mobile,698,12.0,19,216,8.8,2026-06-15 20:05:00
KP003544,KW10689,2026-06-16,BR,Desktop,9053,22.0,299,4355,6.87,2026-06-16 12:26:00
KP003545,KW11337,2026-06-17,UK,Mobile,1561,26.0,42,748,5.61,2026-06-17 10:27:00
KP003546,KW10776,2026-06-18,IN,Desktop,1443,34.0,27,505,5.35,2026-06-18 12:07:00
KP003547,KW11300,2026-06-19,US,Desktop,1537,35.0,24,436,5.5,2026-06-19 10:10:00
KP003548,KW10324,2026-06-20,MX,Desktop,3027,33.0,66,1044,6.32,2026-06-20 10:59:00
KP003549,KW11120,2026-06-21,FR,Mobile,886,15.0,35,470,7.45,2026-06-21 11:33:00
KP003550,KW10537,2026-06-22,UK,Tablet,2763,15.0,94,1234,7.62,2026-06-22 21:24:00
KP003551,KW10767,2026-06-23,JP,Mobile,5079,36.0,22,562,3.91,2026-06-23 19:38:00
KP003552,KW10814,2026-06-24,BR,Tablet,11096,29.0,62,1486,4.17,2026-06-24 01:56:00
KP003553,KW10526,2026-06-25,CA,Mobile,1708,35.0,20,424,4.72,2026-06-25 08:53:00
KP003554,KW10373,2026-06-26,FR,Mobile,7673,32.0,51,981,5.2,2026-06-26 02:38:00
KP003555,KW10500,2026-06-27,CA,Desktop,2003,3.0,238,1067,22.31,2026-06-27 13:38:00
KP003556,KW11653,2026-06-28,BR,Desktop,2788,16.0,73,782,9.34,2026-06-28 06:53:00
KP003557,KW10624,2026-06-29,US,Desktop,1949,22.0,55,803,6.85,2026-06-29 09:53:00
KP003558,KW10976,2026-06-30,US,Mobile,1568,32.0,43,848,5.07,2026-06-30 21:41:00
KP003559,KW11933,2026-07-01,AU,Mobile,3947,47.0,68,1886,3.61,2026-07-01 21:48:00
KP003560,KW11742,2026-07-02,AU,Desktop,2042,38.0,31,648,4.78,2026-07-02 11:58:00
KP003561,KW10334,2026-07-03,JP,Mobile,1112,15.0,23,358,6.42,2026-07-03 01:13:00
KP003562,KW10214,2026-07-04,JP,Desktop,2406,24.0,13,227,5.73,2026-07-04 18:25:00
KP003563,KW11033,2026-07-05,CA,Desktop,1451,6.0,75,654,11.47,2026-07-05 04:04:00
KP003564,KW11278,2026-07-06,JP,Mobile,17938,22.0,513,6873,7.46,2026-07-06 16:58:00
KP003565,KW10906,2026-07-07,CA,Desktop,2143,42.0,27,793,3.4,2026-07-07 15:02:00
KP003566,KW10959,2026-07-08,IN,Desktop,9110,40.0,30,523,5.74,2026-07-08 21:24:00
KP003567,KW10370,2026-07-09,US,Mobile,2023,39.0,28,645,4.34,2026-07-09 20:37:00
KP003568,KW11434,2026-07-10,MX,Desktop,1272,25.0,5,92,5.43,2026-07-10 15:22:00
KP003569,KW11629,2026-07-11,FR,Mobile,7073,37.0,152,3263,4.66,2026-07-11 12:55:00
KP003570,KW11924,2026-07-12,IN,Desktop,1537,26.0,33,620,5.32,2026-07-12 09:49:00
KP003571,KW10276,2026-07-13,US,Mobile,3066,19.0,38,602,6.31,2026-07-13 09:54:00
KP003572,KW11872,2026-07-14,JP,Desktop,3214,33.0,49,813,6.03,2026-07-14 09:41:00
KP003573,KW11745,2026-07-15,BR,Mobile,3746,50.0,26,692,3.76,2026-07-15 03:08:00
KP003574,KW11323,2026-07-16,DE,Mobile,4869,36.0,59,1542,3.83,2026-07-16 08:03:00
KP003575,KW11123,2026-07-17,JP,Desktop,5148,4.0,112,631,17.75,2026-07-17 20:56:00
KP003576,KW11370,2026-07-18,UK,Mobile,9460,36.0,56,1230,4.55,2026-07-18 21:42:00
KP003577,KW10640,2026-07-19,UK,Mobile,1227,18.0,31,446,6.95,2026-07-19 22:29:00
KP003578,KW10276,2026-07-20,CA,Mobile,1361,39.0,41,744,5.51,2026-07-20 14:10:00
KP003579,KW11628,2026-07-21,DE,Desktop,1043,44.0,10,238,4.2,2026-07-21 21:45:00
KP003580,KW10390,2026-07-22,MX,Desktop,20577,14.0,797,9850,8.09,2026-07-22 08:48:00
KP003581,KW10019,2026-07-23,IN,Mobile,1213,5.0,34,307,11.07,2026-07-23 21:41:00
KP003582,KW10928,2026-07-24,FR,Desktop,1982,5.0,116,740,15.68,2026-07-24 20:21:00
KP003583,KW11751,2026-07-25,DE,Desktop,12497,20.0,236,4270,5.53,2026-07-25 17:51:00
KP003584,KW10835,2026-07-26,FR,Desktop,675,16.0,12,134,8.96,2026-07-26 20:46:00
KP003585,KW10058,2026-07-27,UK,Desktop,817,1.0,104,328,31.71,2026-07-27 05:37:00
KP003586,KW11490,2026-07-28,MX,Mobile,7973,11.0,202,2651,7.62,2026-07-28 03:01:00
KP003587,KW10050,2026-07-29,AU,Desktop,1157,28.0,7,154,4.55,2026-07-29 04:45:00
KP003588,KW11611,2026-07-30,AU,Mobile,9220,22.0,55,1061,5.18,2026-07-30 23:43:00
KP003589,KW10808,2026-07-31,MX,Mobile,9534,40.0,214,4978,4.3,2026-07-31 12:21:00
KP003590,KW10993,2026-08-01,FR,Desktop,14082,16.0,87,1051,8.28,2026-08-01 12:48:00
KP003591,KW11891,2026-08-02,UK,Desktop,1985,21.0,57,939,6.07,2026-08-02 01:54:00
KP003592,KW11452,2026-08-03,CA,Desktop,2118,13.0,70,829,8.44,2026-08-03 08:56:00
KP003593,KW11804,2026-08-04,MX,Desktop,3953,8.0,72,604,11.92,2026-08-04 06:18:00
KP003594,KW10407,2026-08-05,FR,Mobile,1090,12.0,41,541,7.58,2026-08-05 11:38:00
KP003595,KW10381,2026-08-06,JP,Desktop,714,32.0,3,54,5.56,2026-08-06 21:49:00
KP003596,KW11099,2026-08-07,DE,Mobile,1373,2.0,58,295,19.66,2026-08-07 19:16:00
KP003597,KW10931,2026-08-08,AU,Mobile,5176,45.0,111,2103,5.28,2026-08-08 23:02:00
KP003598,KW10544,2026-08-09,DE,Desktop,543,39.0,3,74,4.05,2026-08-09 09:23:00
KP003599,KW11529,2026-08-10,BR,Desktop,5136,49.0,92,1936,4.75,2026-08-10 08:48:00
KP003600,KW11869,2026-08-11,IN,Desktop,2071,5.0,136,1067,12.75,2026-08-11 07:03:00
KP003601,KW11224,2026-08-12,US,Desktop,465,26.0,10,219,4.57,2026-08-12 09:54:00
KP003602,KW11335,2026-08-13,MX,Desktop,7314,11.0,217,2657,8.17,2026-08-13 16:21:00
KP003603,KW11622,2026-08-14,MX,Desktop,4141,3.0,121,718,16.85,2026-08-14 10:50:00
KP003604,KW10772,2026-08-15,JP,Desktop,1322,45.0,10,255,3.92,2026-08-15 21:41:00
KP003605,KW11250,2026-08-16,JP,Desktop,1761,41.0,14,328,4.27,2026-08-16 03:03:00
KP003606,KW11416,2026-08-17,BR,Desktop,3737,18.0,102,1679,6.08,2026-08-17 14:00:00
KP003607,KW11910,2026-08-18,UK,Desktop,1410,20.0,33,489,6.75,2026-08-18 01:16:00
KP003608,KW10736,2026-08-19,US,Desktop,4470,37.0,88,1981,4.44,2026-08-19 22:36:00
KP003609,KW11357,2026-08-20,JP,Desktop,3520,30.0,45,1105,4.07,2026-08-20 04:17:00
KP003610,KW11255,2026-08-21,MX,Desktop,3570,23.0,48,707,6.79,2026-08-21 17:00:00
KP003611,KW10600,2026-08-22,DE,Mobile,16308,4.0,672,4190,16.04,2026-08-22 14:43:00
KP003612,KW11101,2026-08-23,JP,Mobile,12274,13.0,160,2026,7.9,2026-08-23 20:31:00
KP003613,KW10156,2026-08-24,FR,Desktop,5885,35.0,109,2228,4.89,2026-08-24 13:24:00
KP003614,KW10577,2026-08-25,MX,Desktop,1406,24.0,10,168,5.95,2026-08-25 01:05:00
KP003615,KW10625,2026-08-26,IN,Desktop,3616,10.0,114,1035,11.01,2026-08-26 08:51:00
KP003616,KW10001,2026-08-27,BR,Mobile,4138,8.0,197,1929,10.21,2026-08-27 23:25:00
KP003617,KW10158,2026-08-28,AU,Desktop,2000,27.0,26,581,4.48,2026-08-28 04:06:00
KP003618,KW11382,2026-08-29,BR,Mobile,1578,41.0,21,446,4.71,2026-08-29 03:58:00
KP003619,KW10638,2026-08-30,CA,Desktop,7855,26.0,85,1531,5.55,2026-08-30 05:38:00
KP003620,KW11001,2026-08-31,DE,Mobile,1038,34.0,25,434,5.76,2026-08-31 05:00:00
KP003621,KW11875,2026-09-01,FR,Mobile,4153,39.0,34,963,3.53,2026-09-01 07:18:00
KP003622,KW11828,2026-09-02,MX,Desktop,968,32.0,7,168,4.17,2026-09-02 05:10:00
KP003623,KW11300,2026-09-03,BR,Desktop,3845,48.0,43,1174,3.66,2026-09-03 03:54:00
KP003624,KW11682,2026-09-04,IN,Mobile,6408,49.0,101,2904,3.48,2026-09-04 04:47:00
KP003625,KW10085,2026-09-05,FR,Desktop,992,22.0,24,458,5.24,2026-09-05 14:33:00
KP003626,KW10020,2026-09-06,FR,Mobile,6306,25.0,18,351,5.13,2026-09-06 15:01:00
KP003627,KW10997,2026-09-07,UK,Mobile,4045,8.0,61,697,8.75,2026-09-07 14:58:00
KP003628,KW10961,2026-09-08,IN,Desktop,2935,16.0,73,1012,7.21,2026-09-08 20:42:00
KP003629,KW11754,2026-09-09,FR,Desktop,3725,31.0,71,1281,5.54,2026-09-09 04:53:00
KP003630,KW10471,2026-09-10,DE,Desktop,2748,32.0,32,624,5.13,2026-09-10 02:00:00
KP003631,KW10719,2026-09-11,MX,Mobile,1012,7.0,36,250,14.4,2026-09-11 17:35:00
KP003632,KW10924,2026-09-12,JP,Tablet,1070,3.0,57,303,18.81,2026-09-12 21:03:00
KP003633,KW11520,2026-09-13,FR,Mobile,2131,34.0,36,694,5.19,2026-09-13 16:08:00
KP003634,KW11633,2026-09-14,BR,Desktop,9405,29.0,30,516,5.81,2026-09-14 00:32:00
KP003635,KW10449,2026-09-15,UK,Desktop,8923,36.0,152,3628,4.19,2026-09-15 23:16:00
KP003636,KW10419,2026-09-16,AU,Desktop,2157,21.0,29,520,5.58,2026-09-16 19:12:00
KP003637,KW10072,2026-09-17,JP,Mobile,14638,17.0,256,4626,5.53,2026-09-17 18:19:00
KP003638,KW10411,2026-09-18,IN,Desktop,2513,10.0,45,584,7.71,2026-09-18 01:01:00
KP003639,KW10509,2026-09-19,BR,Desktop,4916,49.0,35,924,3.79,2026-09-19 12:16:00
KP003640,KW11601,2026-09-20,BR,Mobile,2144,20.0,52,820,6.34,2026-09-20 16:04:00
KP003641,KW10469,2026-09-21,CA,Mobile,7249,50.0,100,2742,3.65,2026-09-21 00:07:00
KP003642,KW10347,2026-09-22,BR,Mobile,764,34.0,10,205,4.88,2026-09-22 01:37:00
KP003643,KW10759,2026-09-23,US,Desktop,1334,14.0,55,569,9.67,2026-09-23 00:11:00
KP003644,KW10597,2026-09-24,UK,Desktop,1229,3.0,33,206,16.02,2026-09-24 23:31:00
KP003645,KW11067,2026-09-25,DE,Mobile,12618,46.0,320,6209,5.15,2026-09-25 12:32:00
KP003646,KW11041,2026-09-26,MX,Desktop,2366,8.0,102,1209,8.44,2026-09-26 16:40:00
KP003647,KW11544,2026-09-27,CA,Desktop,3748,23.0,56,756,7.41,2026-09-27 19:47:00
KP003648,KW11621,2026-09-28,IN,Mobile,1263,23.0,30,589,5.09,2026-09-28 09:25:00
KP003649,KW10804,2026-09-29,MX,Mobile,3818,20.0,30,428,7.01,2026-09-29 05:17:00
KP003650,KW10194,2026-09-30,DE,Desktop,37408,50.0,425,8916,4.77,2026-09-30 02:28:00
KP003894,KW10585,2026-06-01,US,Mobile,5940,37.0,34,712,4.78,2026-06-01 00:40:00
KP003895,KW10928,2026-06-02,UK,Mobile,4149,33.0,44,855,5.15,2026-06-02 20:56:00
KP003896,KW11843,2026-06-03,DE,Desktop,953,44.0,14,386,3.63,2026-06-03 14:12:00
KP003897,KW10669,2026-06-04,JP,Desktop,2284,12.0,51,679,7.51,2026-06-04 13:09:00
KP003898,KW11449,2026-06-05,BR,Mobile,736,48.0,7,163,4.29,2026-06-05 16:33:00
KP003899,KW11004,2026-06-06,MX,Desktop,2071,40.0,28,757,3.7,2026-06-06 20:29:00
KP003900,KW10712,2026-06-07,MX,Desktop,1423,29.0,22,453,4.86,2026-06-07 14:25:00
KP003901,KW11525,2026-06-08,MX,Desktop,1185,7.0,7,60,11.67,2026-06-08 12:38:00
KP003902,KW10913,2026-06-09,CA,Tablet,4060,27.0,49,1025,4.78,2026-06-09 22:53:00
KP003903,KW11505,2026-06-10,UK,Desktop,3718,35.0,79,1661,4.76,2026-06-10 15:20:00
KP003904,KW11083,2026-06-11,CA,Mobile,1778,1.0,256,734,34.88,2026-06-11 07:12:00
KP003905,KW10892,2026-06-12,BR,Mobile,3387,19.0,23,301,7.64,2026-06-12 03:51:00
KP003906,KW10589,2026-06-13,UK,Mobile,1243,42.0,14,278,5.04,2026-06-13 14:08:00
KP003907,KW10667,2026-06-14,IN,Desktop,1598,14.0,40,428,9.35,2026-06-14 07:20:00
KP003908,KW11451,2026-06-15,US,Mobile,2303,7.0,86,702,12.25,2026-06-15 08:37:00
KP003909,KW11926,2026-06-16,CA,Mobile,3057,32.0,13,272,4.78,2026-06-16 18:56:00
KP003910,KW11614,2026-06-17,CA,Desktop,1841,49.0,20,655,3.05,2026-06-17 09:21:00
KP003911,KW11992,2026-06-18,BR,Desktop,2338,21.0,18,287,6.27,2026-06-18 09:31:00
KP003912,KW10529,2026-06-19,CA,Desktop,15244,39.0,66,1149,5.74,2026-06-19 21:19:00
KP003913,KW11542,2026-06-20,UK,Desktop,3752,17.0,41,479,8.56,2026-06-20 18:36:00
KP003914,KW11642,2026-06-21,US,Tablet,1342,2.0,43,244,17.62,2026-06-21 03:47:00
KP003915,KW10692,2026-06-22,MX,Desktop,851,1.0,21,62,33.87,2026-06-22 15:45:00
KP003916,KW11106,2026-06-23,UK,Desktop,863,2.0,63,229,27.51,2026-06-23 10:29:00
KP003917,KW10596,2026-06-24,UK,Mobile,2477,7.0,189,1274,14.84,2026-06-24 05:51:00
KP003918,KW11397,2026-06-25,CA,Mobile,1309,29.0,3,83,3.61,2026-06-25 00:28:00
KP003919,KW11993,2026-06-26,CA,Mobile,4532,46.0,20,539,3.71,2026-06-26 22:35:00
KP003920,KW10707,2026-06-27,FR,Desktop,376,3.0,16,83,19.28,2026-06-27 03:42:00
KP003921,KW10423,2026-06-28,JP,Mobile,2054,37.0,31,722,4.29,2026-06-28 17:22:00
KP003922,KW11906,2026-06-29,BR,Desktop,2715,25.0,108,1470,7.35,2026-06-29 04:36:00
KP003923,KW10507,2026-06-30,JP,Desktop,5700,38.0,115,1950,5.9,2026-06-30 09:11:00
KP003924,KW10115,2026-07-01,CA,Desktop,2279,23.0,80,1123,7.12,2026-07-01 22:10:00
KP003925,KW10104,2026-07-02,UK,Desktop,1398,7.0,17,173,9.83,2026-07-02 11:17:00
KP003926,KW10112,2026-07-03,US,Mobile,2135,15.0,88,987,8.92,2026-07-03 20:09:00
KP003927,KW10901,2026-07-04,FR,Mobile,1236,46.0,29,660,4.39,2026-07-04 18:44:00
KP003928,KW11097,2026-07-05,DE,Desktop,2945,4.0,211,1592,13.25,2026-07-05 20:41:00
KP003929,KW10715,2026-07-06,BR,Desktop,4206,26.0,40,671,5.96,2026-07-06 09:38:00
KP003930,KW11809,2026-07-07,FR,Desktop,4578,33.0,49,835,5.87,2026-07-07 20:01:00
KP003931,KW11474,2026-07-08,DE,Desktop,2604,42.0,15,451,3.33,2026-07-08 17:12:00
KP003932,KW11583,2026-07-09,MX,Mobile,1639,33.0,40,723,5.53,2026-07-09 02:49:00
KP003933,KW10762,2026-07-10,DE,Mobile,745,43.0,10,232,4.31,2026-07-10 05:52:00
KP003934,KW10429,2026-07-11,MX,Desktop,10347,1.0,1679,5283,31.78,2026-07-11 05:11:00
KP003935,KW11276,2026-07-12,IN,Mobile,2401,39.0,18,501,3.59,2026-07-12 18:50:00
KP003936,KW11754,2026-07-13,IN,Desktop,7571,3.0,120,823,14.58,2026-07-13 08:14:00
KP003937,KW10882,2026-07-14,MX,Mobile,1363,15.0,40,608,6.58,2026-07-14 09:38:00
KP003938,KW11372,2026-07-15,US,Desktop,1357,50.0,26,745,3.49,2026-07-15 00:08:00
KP003939,KW11119,2026-07-16,IN,Mobile,8624,33.0,205,4555,4.5,2026-07-16 16:27:00
KP003940,KW11882,2026-07-17,US,Mobile,2486,33.0,44,1012,4.35,2026-07-17 05:36:00
KP003941,KW11118,2026-07-18,MX,Desktop,4950,40.0,103,2479,4.15,2026-07-18 21:35:00
KP003942,KW10277,2026-07-19,AU,Desktop,1002,14.0,19,198,9.6,2026-07-19 16:17:00
KP003943,KW11461,2026-07-20,IN,Mobile,3010,22.0,61,977,6.24,2026-07-20 20:09:00
KP003944,KW10030,2026-07-21,US,Mobile,3590,47.0,63,1310,4.81,2026-07-21 21:17:00
KP003945,KW11708,2026-07-22,AU,Desktop,6604,34.0,65,1159,5.61,2026-07-22 11:34:00
KP003946,KW10041,2026-07-23,BR,Mobile,1393,5.0,10,79,12.66,2026-07-23 05:42:00
KP003947,KW11171,2026-07-24,MX,Desktop,4598,35.0,104,2331,4.46,2026-07-24 22:05:00
KP003948,KW11022,2026-07-25,JP,Desktop,1174,42.0,31,560,5.54,2026-07-25 19:45:00
KP003949,KW10601,2026-07-26,AU,Mobile,5382,28.0,98,1518,6.46,2026-07-26 23:36:00
KP003950,KW10162,2026-07-27,UK,Mobile,381,43.0,4,104,3.85,2026-07-27 21:01:00
KP003951,KW10115,2026-07-28,UK,Desktop,3182,3.0,276,1544,17.88,2026-07-28 06:12:00
KP003952,KW10267,2026-07-29,US,Desktop,4005,10.0,152,1468,10.35,2026-07-29 09:54:00
KP003953,KW10229,2026-07-30,DE,Mobile,3060,42.0,32,947,3.38,2026-07-30 15:25:00
KP003954,KW11701,2026-07-31,AU,Mobile,8210,48.0,58,1355,4.28,2026-07-31 16:45:00
KP003955,KW10417,2026-08-01,CA,Tablet,13687,1.0,1106,3635,30.43,2026-08-01 22:41:00
KP003956,KW10864,2026-08-02,DE,Desktop,2726,4.0,160,1141,14.02,2026-08-02 00:48:00
KP003957,KW11717,2026-08-03,IN,Desktop,4896,35.0,93,2167,4.29,2026-08-03 10:02:00
KP003958,KW11176,2026-08-04,MX,Desktop,640,29.0,10,159,6.29,2026-08-04 02:35:00
KP003959,KW11794,2026-08-05,AU,Mobile,1587,3.0,90,557,16.16,2026-08-05 04:27:00
KP003960,KW10604,2026-08-06,IN,Mobile,8141,40.0,140,2888,4.85,2026-08-06 02:44:00
KP003961,KW11049,2026-08-07,UK,Desktop,1385,47.0,15,402,3.73,2026-08-07 19:55:00
KP003962,KW10940,2026-08-08,US,Desktop,1838,43.0,36,890,4.04,2026-08-08 04:06:00
KP003963,KW11719,2026-08-09,FR,Desktop,3351,13.0,41,438,9.36,2026-08-09 04:03:00
KP003964,KW10083,2026-08-10,FR,Desktop,3195,17.0,82,1046,7.84,2026-08-10 19:41:00
KP003965,KW11550,2026-08-11,US,Mobile,2208,48.0,12,265,4.53,2026-08-11 03:03:00
KP003966,KW11726,2026-08-12,UK,Mobile,755,37.0,19,358,5.31,2026-08-12 13:15:00
KP003967,KW11058,2026-08-13,US,Desktop,1956,4.0,24,187,12.83,2026-08-13 06:47:00
KP003968,KW11318,2026-08-14,MX,Desktop,1237,9.0,24,197,12.18,2026-08-14 08:40:00
KP003969,KW10173,2026-08-15,DE,Desktop,4901,14.0,38,557,6.82,2026-08-15 04:55:00
KP003970,KW10805,2026-08-16,JP,Desktop,2343,24.0,15,261,5.75,2026-08-16 21:42:00
KP003971,KW10688,2026-08-17,MX,Desktop,829,30.0,21,357,5.88,2026-08-17 10:49:00
KP003972,KW10052,2026-08-18,BR,Tablet,1893,44.0,31,681,4.55,2026-08-18 20:42:00
KP003973,KW10406,2026-08-19,US,Mobile,47755,23.0,560,10076,5.56,2026-08-19 00:18:00
KP003974,KW10261,2026-08-20,DE,Desktop,1565,27.0,55,807,6.82,2026-08-20 17:12:00
KP003975,KW10007,2026-08-21,FR,Desktop,1830,27.0,25,384,6.51,2026-08-21 17:55:00
KP003976,KW11081,2026-08-22,US,Mobile,6271,32.0,37,801,4.62,2026-08-22 12:12:00
KP003977,KW10576,2026-08-23,AU,Mobile,5521,27.0,114,1936,5.89,2026-08-23 23:17:00
KP003978,KW11174,2026-08-24,CA,Mobile,2431,19.0,30,554,5.42,2026-08-24 14:24:00
KP003979,KW11857,2026-08-25,MX,Desktop,4781,49.0,113,2453,4.61,2026-08-25 02:30:00
KP003980,KW11400,2026-08-26,UK,Desktop,14215,25.0,379,6815,5.56,2026-08-26 18:37:00
KP003981,KW10160,2026-08-27,IN,Desktop,5026,4.0,116,902,12.86,2026-08-27 03:27:00
KP003982,KW11134,2026-08-28,US,Mobile,5283,12.0,53,790,6.71,2026-08-28 22:42:00
KP003983,KW10243,2026-08-29,FR,Tablet,2012,32.0,51,1082,4.71,2026-08-29 11:50:00
KP003984,KW10806,2026-08-30,JP,Mobile,3564,36.0,50,877,5.7,2026-08-30 06:26:00
KP003985,KW10133,2026-08-31,FR,Desktop,5484,17.0,81,1355,5.98,2026-08-31 12:25:00
KP003986,KW11360,2026-09-01,BR,Desktop,7941,14.0,172,2159,7.97,2026-09-01 14:49:00
KP003987,KW11085,2026-09-02,BR,Desktop,3424,33.0,27,573,4.71,2026-09-02 03:15:00
KP003988,KW11596,2026-09-03,FR,Desktop,12361,35.0,220,4787,4.6,2026-09-03 12:36:00
KP003989,KW10363,2026-09-04,UK,Mobile,12865,46.0,198,4287,4.62,2026-09-04 00:21:00
KP003990,KW10995,2026-09-05,UK,Mobile,1353,43.0,16,462,3.46,2026-09-05 08:18:00
KP003991,KW10132,2026-09-06,BR,Tablet,4280,19.0,77,1295,5.95,2026-09-06 17:41:00
KP003992,KW11001,2026-09-07,IN,Desktop,1085,21.0,12,227,5.29,2026-09-07 16:09:00
KP003993,KW10180,2026-09-08,BR,Mobile,1309,26.0,28,437,6.41,2026-09-08 08:46:00
KP003994,KW11997,2026-09-09,US,Desktop,7412,22.0,140,2014,6.95,2026-09-09 10:08:00
KP003995,KW11729,2026-09-10,DE,Desktop,4758,12.0,186,2255,8.25,2026-09-10 19:20:00
KP003996,KW10306,2026-09-11,DE,Mobile,3754,12.0,117,1638,7.14,2026-09-11 03:08:00
KP003997,KW11560,2026-09-12,BR,Mobile,2633,25.0,10,201,4.98,2026-09-12 13:01:00
KP003998,KW11955,2026-09-13,BR,Desktop,1471,1.0,225,675,33.33,2026-09-13 22:17:00
KP003999,KW11311,2026-09-14,CA,Desktop,3133,27.0,52,892,5.83,2026-09-14 01:23:00
KP004000,KW11196,2026-09-15,US,Mobile,5494,43.0,34,670,5.07,2026-09-15 12:40:00
KP004001,KW11591,2026-09-16,DE,Desktop,1545,38.0,14,256,5.47,2026-09-16 12:17:00
KP004002,KW10180,2026-09-17,US,Tablet,7855,45.0,124,2577,4.81,2026-09-17 15:57:00
KP004003,KW10289,2026-09-18,BR,Desktop,1944,41.0,46,993,4.63,2026-09-18 03:29:00
KP004004,KW10914,2026-09-19,IN,Desktop,1373,17.0,36,422,8.53,2026-09-19 07:21:00
KP004005,KW11349,2026-09-20,CA,Mobile,941,31.0,17,324,5.25,2026-09-20 08:49:00
KP004006,KW10198,2026-09-21,DE,Mobile,1078,3.0,73,463,15.77,2026-09-21 17:50:00
KP004007,KW10912,2026-09-22,MX,Desktop,1671,14.0,42,629,6.68,2026-09-22 17:08:00
KP004008,KW11140,2026-09-23,CA,Mobile,790,42.0,15,305,4.92,2026-09-23 12:43:00
KP004009,KW11809,2026-09-24,CA,Desktop,4838,27.0,64,1124,5.69,2026-09-24 02:09:00
KP004010,KW11175,2026-09-25,MX,Mobile,4004,16.0,22,242,9.09,2026-09-25 15:15:00
KP004011,KW10871,2026-09-26,BR,Mobile,1652,31.0,17,377,4.51,2026-09-26 14:50:00
KP004012,KW10305,2026-09-27,JP,Mobile,1447,12.0,33,484,6.82,2026-09-27 20:42:00
KP004013,KW11218,2026-09-28,IN,Desktop,4457,32.0,89,1802,4.94,2026-09-28 04:46:00
KP004014,KW10571,2026-09-29,AU,Mobile,1817,22.0,44,602,7.31,2026-09-29 12:46:00
KP004015,KW10596,2026-09-30,MX,Desktop,1990,36.0,14,348,4.02,2026-09-30 07:27:00
KP004259,KW11688,2026-06-01,DE,Desktop,5664,20.0,97,1566,6.19,2026-06-01 08:02:00
KP004260,KW10173,2026-06-02,CA,Desktop,16827,39.0,430,7471,5.76,2026-06-02 06:30:00
KP004261,KW11906,2026-06-03,MX,Desktop,1633,35.0,35,889,3.94,2026-06-03 17:08:00
KP004262,KW10460,2026-06-04,IN,Desktop,13178,11.0,367,3619,10.14,2026-06-04 21:21:00
KP004263,KW11084,2026-06-05,US,Desktop,2512,48.0,61,1263,4.83,2026-06-05 09:41:00
KP004264,KW11479,2026-06-06,UK,Desktop,1139,22.0,21,278,7.55,2026-06-06 23:07:00
KP004265,KW10265,2026-06-07,DE,Desktop,8445,31.0,37,896,4.13,2026-06-07 20:42:00
KP004266,KW10336,2026-06-08,IN,Desktop,9109,30.0,229,3770,6.07,2026-06-08 07:13:00
KP004267,KW10443,2026-06-09,CA,Desktop,2295,29.0,28,503,5.57,2026-06-09 17:18:00
KP004268,KW11635,2026-06-10,JP,Desktop,1247,50.0,5,166,3.01,2026-06-10 12:56:00
KP004269,KW10060,2026-06-11,UK,Desktop,6619,6.0,388,2475,15.68,2026-06-11 03:30:00
KP004270,KW10079,2026-06-12,CA,Mobile,2272,15.0,29,301,9.63,2026-06-12 02:00:00
KP004271,KW10444,2026-06-13,FR,Desktop,14052,38.0,161,3322,4.85,2026-06-13 10:15:00
KP004272,KW11998,2026-06-14,UK,Desktop,2413,39.0,49,961,5.1,2026-06-14 07:23:00
KP004273,KW11116,2026-06-15,BR,Desktop,725,23.0,11,151,7.28,2026-06-15 08:11:00
KP004274,KW11022,2026-06-16,DE,Desktop,901,43.0,18,373,4.83,2026-06-16 00:12:00
KP004275,KW11877,2026-06-17,DE,Desktop,452,10.0,3,37,8.11,2026-06-17 20:30:00
KP004276,KW10811,2026-06-18,UK,Mobile,340,42.0,4,77,5.19,2026-06-18 20:59:00
KP004277,KW11339,2026-06-19,CA,Desktop,1244,49.0,23,639,3.6,2026-06-19 22:43:00
KP004278,KW11554,2026-06-20,JP,Desktop,7575,50.0,89,2011,4.43,2026-06-20 14:16:00
KP004279,KW11330,2026-06-21,JP,Mobile,1569,22.0,39,641,6.08,2026-06-21 06:11:00
KP004280,KW10812,2026-06-22,UK,Desktop,11921,24.0,113,2327,4.86,2026-06-22 09:38:00
KP004281,KW11395,2026-06-23,US,Desktop,8874,40.0,28,538,5.2,2026-06-23 03:13:00
KP004282,KW11334,2026-06-24,AU,Mobile,2198,3.0,75,367,20.44,2026-06-24 18:51:00
KP004283,KW11772,2026-06-25,JP,Desktop,8518,4.0,728,4497,16.19,2026-06-25 20:02:00
KP004284,KW11566,2026-06-26,IN,Desktop,1390,40.0,31,614,5.05,2026-06-26 23:15:00
KP004285,KW10633,2026-06-27,DE,Mobile,1099,49.0,19,394,4.82,2026-06-27 12:32:00
KP004286,KW11277,2026-06-28,DE,Tablet,3584,50.0,13,429,3.03,2026-06-28 00:58:00
KP004287,KW11388,2026-06-29,US,Desktop,2360,17.0,47,790,5.95,2026-06-29 16:40:00
KP004288,KW11638,2026-06-30,CA,Desktop,3423,16.0,79,904,8.74,2026-06-30 07:26:00
KP004289,KW11085,2026-07-01,AU,Desktop,2937,2.0,392,1351,29.02,2026-07-01 03:46:00
KP004290,KW11254,2026-07-02,CA,Mobile,10021,40.0,116,2174,5.34,2026-07-02 04:38:00
KP004291,KW10682,2026-07-03,JP,Desktop,3057,30.0,15,242,6.2,2026-07-03 12:37:00
KP004292,KW11614,2026-07-04,AU,Desktop,3180,36.0,38,1031,3.69,2026-07-04 20:18:00
KP004293,KW10630,2026-07-05,IN,Desktop,1364,26.0,28,437,6.41,2026-07-05 15:22:00
KP004294,KW10677,2026-07-06,MX,Mobile,7079,38.0,17,431,3.94,2026-07-06 12:10:00
KP004295,KW11996,2026-07-07,IN,Mobile,1285,18.0,24,397,6.05,2026-07-07 17:25:00
KP004296,KW10805,2026-07-08,US,Desktop,3671,35.0,22,416,5.29,2026-07-08 18:50:00
KP004297,KW10449,2026-07-09,FR,Desktop,2387,32.0,72,1203,5.99,2026-07-09 21:06:00
KP004298,KW10451,2026-07-10,BR,Mobile,3658,30.0,80,1688,4.74,2026-07-10 08:14:00
KP004299,KW11469,2026-07-11,MX,Mobile,1737,21.0,19,364,5.22,2026-07-11 21:26:00
KP004300,KW11249,2026-07-12,IN,Desktop,7406,22.0,303,3914,7.74,2026-07-12 13:45:00
KP004301,KW11232,2026-07-13,AU,Desktop,1410,31.0,4,85,4.71,2026-07-13 10:54:00
KP004302,KW10133,2026-07-14,MX,Desktop,781,40.0,6,146,4.11,2026-07-14 05:18:00
KP004303,KW11540,2026-07-15,UK,Desktop,22600,30.0,439,6871,6.39,2026-07-15 13:20:00
KP004304,KW10284,2026-07-16,IN,Mobile,1888,5.0,133,981,13.56,2026-07-16 22:03:00
KP004305,KW10606,2026-07-17,BR,Desktop,2397,8.0,65,536,12.13,2026-07-17 05:58:00
KP004306,KW10027,2026-07-18,CA,Mobile,10573,46.0,147,4020,3.66,2026-07-18 01:35:00
KP004307,KW11423,2026-07-19,BR,Desktop,2426,33.0,17,401,4.24,2026-07-19 21:05:00
KP004308,KW10503,2026-07-20,DE,Mobile,3947,6.0,166,1552,10.7,2026-07-20 11:08:00
KP004309,KW10744,2026-07-21,UK,Desktop,5191,29.0,164,2545,6.44,2026-07-21 06:18:00
KP004310,KW11155,2026-07-22,IN,Mobile,18216,4.0,158,1270,12.44,2026-07-22 19:02:00
KP004311,KW10321,2026-07-23,US,Mobile,5968,18.0,165,2852,5.79,2026-07-23 13:10:00
KP004312,KW11737,2026-07-24,CA,Desktop,2252,27.0,28,438,6.39,2026-07-24 21:22:00
KP004313,KW10336,2026-07-25,FR,Mobile,2304,41.0,47,1045,4.5,2026-07-25 20:25:00
KP004314,KW11688,2026-07-26,UK,Desktop,1706,49.0,17,368,4.62,2026-07-26 18:08:00
KP004315,KW11783,2026-07-27,AU,Desktop,1799,45.0,33,827,3.99,2026-07-27 18:22:00
KP004316,KW11123,2026-07-28,AU,Desktop,8276,34.0,104,2598,4.0,2026-07-28 21:47:00
KP004317,KW11908,2026-07-29,US,Mobile,2184,6.0,47,409,11.49,2026-07-29 16:27:00
KP004318,KW11971,2026-07-30,CA,Mobile,1346,19.0,39,646,6.04,2026-07-30 22:45:00
KP004319,KW10146,2026-07-31,UK,Mobile,1691,35.0,22,486,4.53,2026-07-31 15:15:00
KP004320,KW11816,2026-08-01,UK,Desktop,8534,6.0,97,901,10.77,2026-08-01 15:51:00
KP004321,KW11426,2026-08-02,US,Desktop,3953,6.0,139,1110,12.52,2026-08-02 22:14:00
KP004322,KW10046,2026-08-03,DE,Mobile,1147,34.0,15,281,5.34,2026-08-03 02:37:00
KP004323,KW11909,2026-08-04,BR,Desktop,636,26.0,10,167,5.99,2026-08-04 23:45:00
KP004324,KW10550,2026-08-05,MX,Desktop,2928,47.0,38,933,4.07,2026-08-05 18:06:00
KP004325,KW11038,2026-08-06,FR,Desktop,9590,43.0,259,4840,5.35,2026-08-06 11:52:00
KP004326,KW10436,2026-08-07,AU,Mobile,3473,33.0,29,567,5.11,2026-08-07 10:25:00
KP004327,KW10521,2026-08-08,UK,Tablet,2311,40.0,26,696,3.74,2026-08-08 17:08:00
KP004328,KW10334,2026-08-09,MX,Desktop,3304,25.0,81,1790,4.53,2026-08-09 21:55:00
KP004329,KW11384,2026-08-10,DE,Desktop,28982,12.0,1498,14522,10.32,2026-08-10 03:17:00
KP004330,KW10860,2026-08-11,IN,Desktop,7175,48.0,137,2754,4.97,2026-08-11 02:46:00
KP004331,KW11252,2026-08-12,DE,Desktop,6313,45.0,79,1925,4.1,2026-08-12 22:59:00
KP004332,KW10323,2026-08-13,CA,Desktop,1779,28.0,10,193,5.18,2026-08-13 00:13:00
KP004333,KW10040,2026-08-14,FR,Mobile,7951,27.0,250,4328,5.78,2026-08-14 02:45:00
KP004334,KW10715,2026-08-15,CA,Mobile,1701,2.0,152,783,19.41,2026-08-15 09:07:00
KP004335,KW11787,2026-08-16,MX,Mobile,686,8.0,13,123,10.57,2026-08-16 16:57:00
KP004336,KW11429,2026-08-17,CA,Tablet,6821,40.0,133,3641,3.65,2026-08-17 00:28:00
KP004337,KW11590,2026-08-18,DE,Desktop,213,1.0,6,20,30.0,2026-08-18 06:37:00
KP004338,KW11641,2026-08-19,AU,Desktop,3457,25.0,20,300,6.67,2026-08-19 04:44:00
KP004339,KW10445,2026-08-20,MX,Desktop,11448,13.0,484,4880,9.92,2026-08-20 15:38:00
KP004340,KW11129,2026-08-21,MX,Desktop,2663,50.0,43,961,4.47,2026-08-21 23:08:00
KP004341,KW10203,2026-08-22,AU,Desktop,1355,46.0,4,137,2.92,2026-08-22 02:46:00
KP004342,KW11684,2026-08-23,UK,Desktop,1818,32.0,7,133,5.26,2026-08-23 08:37:00
KP004343,KW11774,2026-08-24,FR,Desktop,3186,4.0,186,1262,14.74,2026-08-24 21:43:00
KP004344,KW10499,2026-08-25,FR,Desktop,6521,32.0,87,1786,4.87,2026-08-25 13:22:00
KP004345,KW10971,2026-08-26,DE,Mobile,2750,23.0,24,387,6.2,2026-08-26 09:48:00
KP004346,KW10044,2026-08-27,FR,Desktop,1856,11.0,60,726,8.26,2026-08-27 03:59:00
KP004347,KW11098,2026-08-28,UK,Desktop,1841,7.0,88,880,10.0,2026-08-28 18:07:00
KP004348,KW11864,2026-08-29,CA,Mobile,348,37.0,2,60,3.33,2026-08-29 17:01:00
KP004349,KW10272,2026-08-30,IN,Mobile,8943,35.0,104,2467,4.22,2026-08-30 03:15:00
KP004350,KW10201,2026-08-31,CA,Desktop,778,25.0,10,176,5.68,2026-08-31 00:53:00
KP004351,KW11610,2026-09-01,AU,Mobile,8284,12.0,227,2926,7.76,2026-09-01 09:36:00
KP004352,KW10255,2026-09-02,UK,Mobile,5163,17.0,147,1611,9.12,2026-09-02 01:34:00
KP004353,KW10899,2026-09-03,DE,Desktop,49606,36.0,240,6203,3.87,2026-09-03 06:37:00
KP004354,KW11740,2026-09-04,JP,Mobile,4336,3.0,316,1783,17.72,2026-09-04 03:41:00
KP004355,KW11571,2026-09-05,FR,Desktop,8476,45.0,167,3710,4.5,2026-09-05 13:31:00
KP004356,KW11347,2026-09-06,JP,Desktop,4133,32.0,117,2266,5.16,2026-09-06 00:28:00
KP004357,KW10023,2026-09-07,AU,Desktop,1759,4.0,15,120,12.5,2026-09-07 18:59:00
KP004358,KW10896,2026-09-08,FR,Desktop,8143,15.0,58,825,7.03,2026-09-08 03:32:00
KP004359,KW10425,2026-09-09,JP,Desktop,2927,10.0,139,1190,11.68,2026-09-09 20:04:00
KP004360,KW10917,2026-09-10,UK,Desktop,985,31.0,22,386,5.7,2026-09-10 21:17:00
KP004361,KW11421,2026-09-11,UK,Desktop,11431,36.0,196,4775,4.1,2026-09-11 17:06:00
KP004362,KW10722,2026-09-12,CA,Mobile,2547,24.0,83,1157,7.17,2026-09-12 04:27:00
KP004363,KW11811,2026-09-13,BR,Mobile,3511,20.0,132,1683,7.84,2026-09-13 22:55:00
KP004364,KW10043,2026-09-14,JP,Mobile,1755,49.0,21,466,4.51,2026-09-14 16:31:00
KP004365,KW10324,2026-09-15,DE,Mobile,4426,10.0,146,1652,8.84,2026-09-15 00:45:00
KP004366,KW10436,2026-09-16,US,Tablet,1415,24.0,11,184,5.98,2026-09-16 14:40:00
KP004367,KW11817,2026-09-17,CA,Mobile,5575,46.0,131,2656,4.93,2026-09-17 04:34:00
KP004368,KW10498,2026-09-18,MX,Mobile,908,1.0,21,77,27.27,2026-09-18 02:35:00
KP004369,KW11960,2026-09-19,BR,Mobile,10521,34.0,267,5702,4.68,2026-09-19 04:59:00
KP004370,KW11045,2026-09-20,FR,Mobile,575,47.0,7,148,4.73,2026-09-20 14:08:00
KP004371,KW10124,2026-09-21,AU,Mobile,1384,16.0,31,422,7.35,2026-09-21 00:34:00
KP004372,KW11242,2026-09-22,AU,Mobile,1909,44.0,11,253,4.35,2026-09-22 05:30:00
KP004373,KW11613,2026-09-23,CA,Mobile,2760,45.0,45,956,4.71,2026-09-23 21:01:00
KP004374,KW11995,2026-09-24,DE,Mobile,2858,15.0,92,1195,7.7,2026-09-24 23:10:00
KP004375,KW11098,2026-09-25,CA,Mobile,5746,36.0,87,2101,4.14,2026-09-25 05:57:00
KP004376,KW10771,2026-09-26,UK,Mobile,3035,36.0,9,173,5.2,2026-09-26 18:15:00
KP004377,KW10224,2026-09-27,FR,Mobile,2892,45.0,21,530,3.96,2026-09-27 01:49:00
KP004378,KW11798,2026-09-28,JP,Mobile,4383,44.0,49,1176,4.17,2026-09-28 04:48:00
KP004379,KW11664,2026-09-29,DE,Desktop,3819,24.0,88,1841,4.78,2026-09-29 04:15:00
KP004380,KW11561,2026-09-30,DE,Desktop,287,36.0,1,31,3.23,2026-09-30 06:12:00
KP004624,KW10751,2026-06-01,IN,Mobile,6167,3.0,690,3045,22.66,2026-06-01 04:41:00
KP004625,KW10957,2026-06-02,FR,Mobile,757,46.0,3,59,5.08,2026-06-02 22:29:00
KP004626,KW11340,2026-06-03,US,Mobile,2077,44.0,47,944,4.98,2026-06-03 21:34:00
KP004627,KW11132,2026-06-04,JP,Desktop,609,13.0,19,304,6.25,2026-06-04 05:02:00
KP004628,KW11784,2026-06-05,FR,Desktop,1670,35.0,22,576,3.82,2026-06-05 07:28:00
KP004629,KW11065,2026-06-06,AU,Tablet,5088,47.0,37,947,3.91,2026-06-06 19:52:00
KP004630,KW11306,2026-06-07,MX,Desktop,9166,50.0,103,2394,4.3,2026-06-07 01:55:00
KP004631,KW10343,2026-06-08,UK,Desktop,3101,21.0,20,333,6.01,2026-06-08 21:22:00
KP004632,KW10613,2026-06-09,FR,Mobile,2791,40.0,56,1278,4.38,2026-06-09 22:40:00
KP004633,KW11738,2026-06-10,UK,Desktop,1040,19.0,14,202,6.93,2026-06-10 15:44:00
KP004634,KW10601,2026-06-11,UK,Desktop,11520,41.0,268,5913,4.53,2026-06-11 16:22:00
KP004635,KW11542,2026-06-12,CA,Desktop,1860,33.0,43,956,4.5,2026-06-12 15:57:00
KP004636,KW10861,2026-06-13,IN,Mobile,2297,15.0,78,856,9.11,2026-06-13 22:07:00
KP004637,KW10247,2026-06-14,JP,Desktop,1410,27.0,23,383,6.01,2026-06-14 13:48:00
KP004638,KW11747,2026-06-15,UK,Mobile,1685,27.0,6,111,5.41,2026-06-15 15:03:00
KP004639,KW10550,2026-06-16,MX,Desktop,3377,22.0,70,1444,4.85,2026-06-16 19:47:00
KP004640,KW10587,2026-06-17,BR,Mobile,1450,4.0,66,367,17.98,2026-06-17 13:20:00
KP004641,KW10325,2026-06-18,FR,Mobile,1215,2.0,97,389,24.94,2026-06-18 20:18:00
KP004642,KW10396,2026-06-19,DE,Desktop,11727,15.0,336,3579,9.39,2026-06-19 06:17:00
KP004643,KW10634,2026-06-20,DE,Desktop,1752,48.0,23,530,4.34,2026-06-20 21:09:00
KP004644,KW11938,2026-06-21,AU,Desktop,3697,5.0,282,1971,14.31,2026-06-21 12:27:00
KP004645,KW10277,2026-06-22,MX,Desktop,8237,41.0,99,2180,4.54,2026-06-22 03:56:00
KP004646,KW10394,2026-06-23,JP,Desktop,11281,13.0,233,3056,7.62,2026-06-23 19:37:00
KP004647,KW10672,2026-06-24,FR,Desktop,17866,34.0,255,5873,4.34,2026-06-24 23:37:00
KP004648,KW10590,2026-06-25,JP,Mobile,2330,4.0,40,280,14.29,2026-06-25 14:53:00
KP004649,KW11694,2026-06-26,UK,Mobile,4107,31.0,78,1447,5.39,2026-06-26 13:25:00
KP004650,KW10777,2026-06-27,US,Desktop,894,8.0,17,149,11.41,2026-06-27 23:08:00
KP004651,KW10711,2026-06-28,FR,Mobile,1709,6.0,11,104,10.58,2026-06-28 23:31:00
KP004652,KW11226,2026-06-29,MX,Mobile,3906,22.0,36,560,6.43,2026-06-29 09:03:00
KP004653,KW11040,2026-06-30,JP,Mobile,1843,31.0,27,598,4.52,2026-06-30 09:51:00
KP004654,KW11665,2026-07-01,AU,Desktop,292,1.0,43,148,29.05,2026-07-01 20:24:00
KP004655,KW10793,2026-07-02,JP,Desktop,841,36.0,14,241,5.81,2026-07-02 00:59:00
KP004656,KW11138,2026-07-03,FR,Mobile,2129,23.0,57,1115,5.11,2026-07-03 19:32:00
KP004657,KW10372,2026-07-04,CA,Desktop,1320,38.0,8,189,4.23,2026-07-04 13:06:00
KP004658,KW11468,2026-07-05,MX,Mobile,2221,11.0,90,1063,8.47,2026-07-05 10:51:00
KP004659,KW10640,2026-07-06,AU,Mobile,5756,29.0,67,1231,5.44,2026-07-06 08:53:00
KP004660,KW11627,2026-07-07,FR,Mobile,4789,7.0,35,382,9.16,2026-07-07 01:24:00
KP004661,KW10080,2026-07-08,JP,Mobile,827,25.0,9,139,6.47,2026-07-08 06:40:00
KP004662,KW10465,2026-07-09,DE,Mobile,4531,38.0,43,965,4.46,2026-07-09 22:10:00
KP004663,KW10397,2026-07-10,US,Desktop,1033,26.0,8,163,4.91,2026-07-10 18:03:00
KP004664,KW11365,2026-07-11,UK,Desktop,4317,5.0,79,474,16.67,2026-07-11 20:16:00
KP004665,KW11363,2026-07-12,CA,Desktop,3955,43.0,34,646,5.26,2026-07-12 22:27:00
KP004666,KW11029,2026-07-13,CA,Mobile,541,39.0,1,42,2.38,2026-07-13 20:32:00
KP004667,KW11722,2026-07-14,US,Mobile,1206,34.0,10,187,5.35,2026-07-14 19:47:00
KP004668,KW10832,2026-07-15,IN,Desktop,32553,50.0,280,8239,3.4,2026-07-15 08:17:00
KP004669,KW10871,2026-07-16,CA,Desktop,9365,31.0,125,2007,6.23,2026-07-16 14:13:00
KP004670,KW11269,2026-07-17,AU,Mobile,1269,13.0,42,444,9.46,2026-07-17 22:30:00
KP004671,KW11806,2026-07-18,MX,Mobile,8232,23.0,231,3655,6.32,2026-07-18 15:56:00
KP004672,KW10973,2026-07-19,CA,Desktop,677,50.0,13,289,4.5,2026-07-19 06:50:00
KP004673,KW11169,2026-07-20,US,Tablet,10270,15.0,80,1015,7.88,2026-07-20 05:47:00
KP004674,KW10257,2026-07-21,AU,Mobile,3054,20.0,25,418,5.98,2026-07-21 03:35:00
KP004675,KW10631,2026-07-22,AU,Mobile,621,5.0,14,88,15.91,2026-07-22 13:35:00
KP004676,KW10508,2026-07-23,UK,Tablet,797,50.0,18,374,4.81,2026-07-23 20:21:00
KP004677,KW10017,2026-07-24,IN,Desktop,11865,41.0,176,4057,4.34,2026-07-24 16:01:00
KP004678,KW11987,2026-07-25,JP,Mobile,3350,49.0,67,1503,4.46,2026-07-25 10:55:00
KP004679,KW10401,2026-07-26,AU,Mobile,3625,17.0,106,1206,8.79,2026-07-26 17:26:00
KP004680,KW11302,2026-07-27,AU,Desktop,13677,49.0,259,6227,4.16,2026-07-27 11:08:00
KP004681,KW11679,2026-07-28,DE,Tablet,3091,39.0,55,1447,3.8,2026-07-28 08:45:00
KP004682,KW11512,2026-07-29,IN,Desktop,5005,47.0,66,1338,4.93,2026-07-29 06:59:00
KP004683,KW10585,2026-07-30,FR,Mobile,2277,21.0,50,812,6.16,2026-07-30 16:57:00
KP004684,KW10695,2026-07-31,BR,Desktop,3212,48.0,18,495,3.64,2026-07-31 21:50:00
KP004685,KW11753,2026-08-01,US,Desktop,665,48.0,1,36,2.78,2026-08-01 21:36:00
KP004686,KW11498,2026-08-02,AU,Desktop,12612,21.0,417,6524,6.39,2026-08-02 23:29:00
KP004687,KW11417,2026-08-03,JP,Desktop,1336,50.0,25,559,4.47,2026-08-03 16:33:00
KP004688,KW10028,2026-08-04,CA,Mobile,1703,12.0,10,138,7.25,2026-08-04 00:13:00
KP004689,KW11749,2026-08-05,CA,Mobile,9829,12.0,106,983,10.78,2026-08-05 09:16:00
KP004690,KW11059,2026-08-06,DE,Mobile,2429,9.0,43,369,11.65,2026-08-06 06:19:00
KP004691,KW10473,2026-08-07,BR,Desktop,1336,30.0,19,368,5.16,2026-08-07 09:34:00
KP004692,KW11177,2026-08-08,FR,Desktop,1885,43.0,24,623,3.85,2026-08-08 10:37:00
KP004693,KW11778,2026-08-09,MX,Mobile,1361,10.0,6,76,7.89,2026-08-09 12:49:00
KP004694,KW11082,2026-08-10,JP,Mobile,8533,24.0,158,2438,6.48,2026-08-10 06:45:00
KP004695,KW10584,2026-08-11,AU,Desktop,1994,45.0,17,449,3.79,2026-08-11 12:03:00
KP004696,KW11577,2026-08-12,AU,Desktop,541,22.0,9,144,6.25,2026-08-12 11:44:00
KP004697,KW11260,2026-08-13,US,Desktop,4466,25.0,114,2389,4.77,2026-08-13 06:29:00
KP004698,KW11925,2026-08-14,IN,Desktop,4639,16.0,110,1235,8.91,2026-08-14 08:55:00
KP004699,KW11635,2026-08-15,JP,Desktop,6607,24.0,146,2326,6.28,2026-08-15 06:02:00
KP004700,KW10960,2026-08-16,CA,Desktop,4389,40.0,71,1548,4.59,2026-08-16 12:35:00
KP004701,KW11490,2026-08-17,BR,Mobile,748,14.0,16,200,8.0,2026-08-17 13:20:00
KP004702,KW10655,2026-08-18,DE,Desktop,10792,47.0,76,1755,4.33,2026-08-18 10:15:00
KP004703,KW10149,2026-08-19,DE,Desktop,3152,10.0,124,1532,8.09,2026-08-19 10:57:00
KP004704,KW11712,2026-08-20,UK,Desktop,1102,34.0,15,396,3.79,2026-08-20 22:00:00
KP004705,KW10782,2026-08-21,DE,Desktop,231,37.0,5,113,4.42,2026-08-21 01:26:00
KP004706,KW11999,2026-08-22,AU,Mobile,1814,44.0,29,582,4.98,2026-08-22 19:27:00
KP004707,KW10412,2026-08-23,UK,Desktop,453,48.0,1,36,2.78,2026-08-23 04:47:00
KP004708,KW10574,2026-08-24,AU,Mobile,12714,41.0,165,4238,3.89,2026-08-24 12:59:00
KP004709,KW10438,2026-08-25,MX,Mobile,8206,10.0,77,691,11.14,2026-08-25 23:28:00
KP004710,KW11653,2026-08-26,IN,Desktop,1162,28.0,23,425,5.41,2026-08-26 10:44:00
KP004711,KW11782,2026-08-27,DE,Desktop,5607,38.0,52,1043,4.99,2026-08-27 08:18:00
KP004712,KW10927,2026-08-28,DE,Mobile,5448,33.0,13,328,3.96,2026-08-28 05:39:00
KP004713,KW10479,2026-08-29,US,Mobile,4210,46.0,55,1562,3.52,2026-08-29 21:57:00
KP004714,KW11949,2026-08-30,FR,Desktop,2710,44.0,13,418,3.11,2026-08-30 19:42:00
KP004715,KW10059,2026-08-31,BR,Desktop,2474,16.0,113,1236,9.14,2026-08-31 04:24:00
KP004716,KW10644,2026-09-01,MX,Mobile,2739,22.0,52,734,7.08,2026-09-01 20:05:00
KP004717,KW10026,2026-09-02,CA,Mobile,594,10.0,20,270,7.41,2026-09-02 09:12:00
KP004718,KW10033,2026-09-03,IN,Mobile,4217,15.0,25,409,6.11,2026-09-03 06:11:00
KP004719,KW11272,2026-09-04,JP,Mobile,6978,12.0,44,630,6.98,2026-09-04 13:03:00
KP004720,KW11256,2026-09-05,IN,Desktop,958,35.0,5,123,4.07,2026-09-05 06:32:00
KP004721,KW10241,2026-09-06,AU,Desktop,668,5.0,46,291,15.81,2026-09-06 11:37:00
KP004722,KW11980,2026-09-07,MX,Desktop,540,48.0,9,230,3.91,2026-09-07 12:16:00
KP004723,KW11105,2026-09-08,FR,Tablet,4684,28.0,36,630,5.71,2026-09-08 14:25:00
KP004724,KW11407,2026-09-09,DE,Desktop,687,15.0,5,90,5.56,2026-09-09 17:29:00
KP004725,KW10413,2026-09-10,JP,Mobile,1406,38.0,4,96,4.17,2026-09-10 05:54:00
KP004726,KW11286,2026-09-11,DE,Mobile,7027,35.0,108,1872,5.77,2026-09-11 19:56:00
KP004727,KW10236,2026-09-12,DE,Mobile,4393,33.0,65,1114,5.83,2026-09-12 13:59:00
KP004728,KW10384,2026-09-13,FR,Desktop,1352,1.0,217,620,35.0,2026-09-13 19:10:00
KP004729,KW11338,2026-09-14,JP,Desktop,1103,2.0,88,454,19.38,2026-09-14 18:28:00
KP004730,KW10811,2026-09-15,AU,Desktop,23073,40.0,101,2132,4.74,2026-09-15 17:55:00
KP004731,KW10130,2026-09-16,MX,Desktop,3188,4.0,105,689,15.24,2026-09-16 07:03:00
KP004732,KW10885,2026-09-17,JP,Desktop,5727,13.0,75,1134,6.61,2026-09-17 17:21:00
KP004733,KW10825,2026-09-18,UK,Mobile,5620,10.0,239,2104,11.36,2026-09-18 14:04:00
KP004734,KW10767,2026-09-19,BR,Mobile,1340,25.0,29,629,4.61,2026-09-19 00:58:00
KP004735,KW10744,2026-09-20,UK,Desktop,597,38.0,13,256,5.08,2026-09-20 10:27:00
KP004736,KW10205,2026-09-21,MX,Desktop,10700,34.0,215,5689,3.78,2026-09-21 08:13:00
KP004737,KW11335,2026-09-22,JP,Mobile,4652,13.0,161,2111,7.63,2026-09-22 16:07:00
KP004738,KW11686,2026-09-23,FR,Desktop,1510,6.0,10,102,9.8,2026-09-23 10:40:00
KP004739,KW11984,2026-09-24,MX,Desktop,5769,47.0,65,1277,5.09,2026-09-24 07:55:00
KP004740,KW11237,2026-09-25,FR,Desktop,7432,39.0,94,1614,5.82,2026-09-25 17:39:00
KP004741,KW11666,2026-09-26,MX,Mobile,2053,14.0,73,807,9.05,2026-09-26 15:53:00
KP004742,KW11635,2026-09-27,DE,Mobile,10248,29.0,106,1822,5.82,2026-09-27 21:54:00
KP004743,KW10195,2026-09-28,DE,Mobile,1167,14.0,40,433,9.24,2026-09-28 06:22:00
KP004744,KW11379,2026-09-29,DE,Mobile,5727,44.0,70,2050,3.41,2026-09-29 05:11:00
KP004745,KW10501,2026-09-30,DE,Desktop,14061,49.0,111,2411,4.6,2026-09-30 18:34:00
KP004989,KW10644,2026-06-01,IN,Mobile,3878,16.0,21,259,8.11,2026-06-01 15:13:00
KP004990,KW10874,2026-06-02,CA,Mobile,2165,2.0,151,550,27.45,2026-06-02 11:19:00
KP004991,KW10978,2026-06-03,JP,Desktop,1560,13.0,46,479,9.6,2026-06-03 11:55:00
KP004992,KW10215,2026-06-04,UK,Mobile,11467,24.0,417,6103,6.83,2026-06-04 12:05:00
KP004993,KW10368,2026-06-05,JP,Mobile,1853,30.0,21,433,4.85,2026-06-05 20:50:00
KP004994,KW11107,2026-06-06,DE,Mobile,2507,6.0,49,305,16.07,2026-06-06 20:24:00
KP004995,KW11246,2026-06-07,US,Mobile,3121,41.0,68,1290,5.27,2026-06-07 11:00:00
KP004996,KW11660,2026-06-08,CA,Mobile,1460,29.0,37,774,4.78,2026-06-08 06:06:00
KP004997,KW10751,2026-06-09,CA,Tablet,4140,38.0,98,1916,5.11,2026-06-09 00:35:00
KP004998,KW10932,2026-06-10,JP,Desktop,923,13.0,22,259,8.49,2026-06-10 06:51:00
KP004999,KW11029,2026-06-11,FR,Mobile,3304,7.0,91,1010,9.01,2026-06-11 04:10:00
KP005000,KW10847,2026-06-12,MX,Desktop,20277,19.0,211,3543,5.96,2026-06-12 20:57:00
KP005001,KW11946,2026-06-13,BR,Desktop,537,46.0,13,289,4.5,2026-06-13 18:47:00
KP005002,KW11719,2026-06-14,IN,Mobile,2077,17.0,32,534,5.99,2026-06-14 00:01:00
KP005003,KW10242,2026-06-15,BR,Mobile,4416,15.0,52,707,7.36,2026-06-15 14:42:00
KP005004,KW10222,2026-06-16,DE,Mobile,2949,31.0,29,707,4.1,2026-06-16 14:53:00
KP005005,KW10416,2026-06-17,CA,Desktop,1014,12.0,42,384,10.94,2026-06-17 22:35:00
KP005006,KW11587,2026-06-18,UK,Desktop,3018,47.0,16,469,3.41,2026-06-18 14:25:00
KP005007,KW10323,2026-06-19,FR,Mobile,3331,35.0,26,715,3.64,2026-06-19 23:31:00
KP005008,KW10052,2026-06-20,BR,Desktop,8784,41.0,157,2846,5.52,2026-06-20 01:15:00
KP005009,KW10344,2026-06-21,US,Mobile,2520,28.0,28,526,5.32,2026-06-21 22:57:00
KP005010,KW10637,2026-06-22,AU,Desktop,5235,6.0,143,941,15.2,2026-06-22 03:11:00
KP005011,KW11081,2026-06-23,AU,Desktop,985,5.0,33,283,11.66,2026-06-23 18:45:00
KP005012,KW10666,2026-06-24,MX,Mobile,11042,11.0,478,5493,8.7,2026-06-24 13:17:00
KP005013,KW10361,2026-06-25,BR,Desktop,3889,15.0,111,1714,6.48,2026-06-25 08:52:00
KP005014,KW11910,2026-06-26,DE,Desktop,436,50.0,4,99,4.04,2026-06-26 05:48:00
KP005015,KW10867,2026-06-27,FR,Mobile,4622,47.0,37,1168,3.17,2026-06-27 23:09:00
KP005016,KW10246,2026-06-28,DE,Desktop,2064,35.0,18,449,4.01,2026-06-28 16:31:00
KP005017,KW10537,2026-06-29,MX,Mobile,9542,29.0,114,2306,4.94,2026-06-29 18:25:00
KP005018,KW10663,2026-06-30,IN,Mobile,3758,9.0,116,1325,8.75,2026-06-30 20:15:00
KP005019,KW10761,2026-07-01,MX,Mobile,5653,42.0,90,1723,5.22,2026-07-01 03:46:00
KP005020,KW11179,2026-07-02,FR,Desktop,3199,42.0,16,323,4.95,2026-07-02 14:57:00
KP005021,KW11972,2026-07-03,AU,Desktop,5663,50.0,75,2206,3.4,2026-07-03 09:52:00
KP005022,KW10020,2026-07-04,IN,Mobile,11902,27.0,259,3701,7.0,2026-07-04 01:18:00
KP005023,KW11111,2026-07-05,UK,Mobile,1888,45.0,48,908,5.29,2026-07-05 01:12:00
KP005024,KW11831,2026-07-06,UK,Desktop,1331,25.0,15,290,5.17,2026-07-06 09:48:00
KP005025,KW11087,2026-07-07,UK,Desktop,1794,45.0,45,916,4.91,2026-07-07 23:06:00
KP005026,KW11655,2026-07-08,JP,Mobile,6149,1.0,1028,2938,34.99,2026-07-08 23:46:00
KP005027,KW11136,2026-07-09,IN,Desktop,3770,18.0,139,1685,8.25,2026-07-09 04:46:00
KP005028,KW10472,2026-07-10,BR,Mobile,1221,4.0,28,199,14.07,2026-07-10 00:05:00
KP005029,KW10190,2026-07-11,FR,Mobile,1776,42.0,31,861,3.6,2026-07-11 12:15:00
KP005030,KW11592,2026-07-12,DE,Mobile,2213,19.0,45,663,6.79,2026-07-12 09:38:00
KP005031,KW10856,2026-07-13,US,Desktop,1880,3.0,177,853,20.75,2026-07-13 01:55:00
KP005032,KW11145,2026-07-14,CA,Desktop,7568,17.0,72,1222,5.89,2026-07-14 18:59:00
KP005033,KW11357,2026-07-15,FR,Desktop,906,20.0,11,149,7.38,2026-07-15 07:24:00
KP005034,KW11260,2026-07-16,IN,Desktop,3044,23.0,95,1252,7.59,2026-07-16 09:29:00
KP005035,KW11283,2026-07-17,BR,Desktop,4999,45.0,78,2153,3.62,2026-07-17 00:01:00
KP005036,KW11770,2026-07-18,JP,Desktop,1807,21.0,36,560,6.43,2026-07-18 17:38:00
KP005037,KW10939,2026-07-19,US,Desktop,2693,17.0,37,513,7.21,2026-07-19 04:40:00
KP005038,KW10786,2026-07-20,JP,Desktop,1196,33.0,24,428,5.61,2026-07-20 16:26:00
KP005039,KW11382,2026-07-21,JP,Desktop,1295,38.0,8,222,3.6,2026-07-21 03:09:00
KP005040,KW11983,2026-07-22,FR,Mobile,2216,43.0,38,737,5.16,2026-07-22 13:27:00
KP005041,KW10881,2026-07-23,JP,Desktop,7118,6.0,452,3905,11.57,2026-07-23 23:04:00
KP005042,KW10145,2026-07-24,MX,Mobile,4671,41.0,89,1950,4.56,2026-07-24 14:04:00
KP005043,KW10632,2026-07-25,MX,Mobile,5027,25.0,64,1309,4.89,2026-07-25 04:29:00
KP005044,KW11285,2026-07-26,US,Mobile,1445,12.0,31,426,7.28,2026-07-26 03:04:00
KP005045,KW11480,2026-07-27,US,Desktop,578,24.0,19,278,6.83,2026-07-27 18:52:00
KP005046,KW11754,2026-07-28,AU,Mobile,1070,49.0,15,400,3.75,2026-07-28 22:58:00
KP005047,KW10402,2026-07-29,CA,Mobile,9210,9.0,189,1990,9.5,2026-07-29 19:17:00
KP005048,KW10572,2026-07-30,JP,Mobile,6799,36.0,201,3496,5.75,2026-07-30 13:31:00
KP005049,KW10679,2026-07-31,IN,Desktop,15496,29.0,310,6338,4.89,2026-07-31 02:24:00
KP005050,KW10059,2026-08-01,JP,Mobile,2193,6.0,50,450,11.11,2026-08-01 11:53:00
KP005051,KW11929,2026-08-02,BR,Desktop,1533,47.0,27,521,5.18,2026-08-02 03:35:00
KP005052,KW10486,2026-08-03,MX,Desktop,2074,49.0,17,457,3.72,2026-08-03 08:07:00
KP005053,KW10602,2026-08-04,UK,Mobile,3785,16.0,39,442,8.82,2026-08-04 20:57:00
KP005054,KW10150,2026-08-05,UK,Mobile,2227,39.0,40,712,5.62,2026-08-05 10:08:00
KP005055,KW11361,2026-08-06,DE,Mobile,1814,48.0,5,157,3.18,2026-08-06 02:50:00
KP005056,KW10608,2026-08-07,BR,Mobile,5707,26.0,74,1119,6.61,2026-08-07 21:28:00
KP005057,KW10321,2026-08-08,MX,Mobile,3028,36.0,60,1526,3.93,2026-08-08 08:56:00
KP005058,KW10932,2026-08-09,AU,Mobile,6740,13.0,115,1498,7.68,2026-08-09 03:46:00
KP005059,KW10804,2026-08-10,US,Desktop,2454,22.0,81,1132,7.16,2026-08-10 19:45:00
KP005060,KW11750,2026-08-11,MX,Mobile,6832,33.0,56,1169,4.79,2026-08-11 20:33:00
KP005061,KW11041,2026-08-12,UK,Desktop,3870,5.0,166,1261,13.16,2026-08-12 02:41:00
KP005062,KW10215,2026-08-13,US,Desktop,676,3.0,55,240,22.92,2026-08-13 20:30:00
KP005063,KW11684,2026-08-14,CA,Tablet,2041,28.0,66,1112,5.94,2026-08-14 22:26:00
KP005064,KW11484,2026-08-15,BR,Mobile,4588,34.0,62,1033,6.0,2026-08-15 22:59:00
KP005065,KW10549,2026-08-16,US,Desktop,1543,7.0,15,127,11.81,2026-08-16 12:42:00
KP005066,KW11297,2026-08-17,MX,Mobile,25430,23.0,301,4498,6.69,2026-08-17 06:46:00
KP005067,KW10247,2026-08-18,FR,Mobile,5942,5.0,176,1117,15.76,2026-08-18 20:59:00
KP005068,KW10382,2026-08-19,FR,Mobile,1415,16.0,26,309,8.41,2026-08-19 00:11:00
KP005069,KW11713,2026-08-20,FR,Mobile,3249,15.0,67,1087,6.16,2026-08-20 11:07:00
KP005070,KW10656,2026-08-21,UK,Mobile,3427,38.0,32,579,5.53,2026-08-21 03:48:00
KP005071,KW11914,2026-08-22,DE,Mobile,2866,36.0,12,325,3.69,2026-08-22 18:50:00
KP005072,KW10590,2026-08-23,MX,Mobile,11380,6.0,668,5378,12.42,2026-08-23 23:46:00
KP005073,KW10248,2026-08-24,DE,Desktop,4777,18.0,30,366,8.2,2026-08-24 22:26:00
KP005074,KW11317,2026-08-25,IN,Desktop,1094,8.0,29,245,11.84,2026-08-25 20:29:00
KP005075,KW11164,2026-08-26,BR,Mobile,4042,46.0,46,1404,3.28,2026-08-26 01:01:00
KP005076,KW10962,2026-08-27,AU,Desktop,234,45.0,4,112,3.57,2026-08-27 15:29:00
KP005077,KW10411,2026-08-28,IN,Mobile,6042,36.0,51,1072,4.76,2026-08-28 21:36:00
KP005078,KW11086,2026-08-29,IN,Desktop,1984,6.0,99,999,9.91,2026-08-29 09:07:00
KP005079,KW10621,2026-08-30,UK,Mobile,4139,41.0,89,1883,4.73,2026-08-30 18:58:00
KP005080,KW11473,2026-08-31,JP,Desktop,17305,13.0,84,877,9.58,2026-08-31 19:04:00
KP005081,KW11634,2026-09-01,JP,Desktop,2350,11.0,44,508,8.66,2026-09-01 03:59:00
KP005082,KW11211,2026-09-02,UK,Tablet,2993,28.0,43,641,6.71,2026-09-02 16:43:00
KP005083,KW10483,2026-09-03,BR,Tablet,3524,13.0,163,1800,9.06,2026-09-03 10:01:00
KP005084,KW10618,2026-09-04,CA,Desktop,4961,16.0,37,633,5.85,2026-09-04 19:46:00
KP005085,KW11837,2026-09-05,AU,Mobile,6134,22.0,163,2943,5.54,2026-09-05 20:52:00
KP005086,KW10203,2026-09-06,DE,Desktop,1646,41.0,11,259,4.25,2026-09-06 01:45:00
KP005087,KW10789,2026-09-07,AU,Mobile,5633,42.0,77,2296,3.35,2026-09-07 19:05:00
KP005088,KW10558,2026-09-08,MX,Desktop,4280,30.0,126,2024,6.23,2026-09-08 12:18:00
KP005089,KW10337,2026-09-09,CA,Desktop,2344,40.0,24,607,3.95,2026-09-09 13:58:00
KP005090,KW11234,2026-09-10,DE,Mobile,725,41.0,2,58,3.45,2026-09-10 05:30:00
KP005091,KW10143,2026-09-11,JP,Desktop,1493,44.0,8,198,4.04,2026-09-11 15:14:00
KP005092,KW10784,2026-09-12,US,Mobile,15381,2.0,271,1277,21.22,2026-09-12 07:55:00
KP005093,KW11673,2026-09-13,IN,Desktop,1983,28.0,57,1004,5.68,2026-09-13 07:48:00
KP005094,KW11583,2026-09-14,US,Desktop,739,8.0,26,300,8.67,2026-09-14 10:02:00
KP005095,KW10035,2026-09-15,MX,Mobile,10091,12.0,110,1008,10.91,2026-09-15 06:53:00
KP005096,KW11936,2026-09-16,JP,Mobile,977,14.0,26,254,10.24,2026-09-16 15:33:00
KP005097,KW10724,2026-09-17,FR,Desktop,18101,16.0,594,9735,6.1,2026-09-17 14:46:00
KP005098,KW10106,2026-09-18,DE,Mobile,932,17.0,3,49,6.12,2026-09-18 07:50:00
KP005099,KW10575,2026-09-19,FR,Desktop,4189,6.0,42,294,14.29,2026-09-19 04:28:00
KP005100,KW10796,2026-09-20,IN,Desktop,862,22.0,9,177,5.08,2026-09-20 03:11:00
KP005101,KW11068,2026-09-21,FR,Desktop,3209,43.0,55,1514,3.63,2026-09-21 02:31:00
KP005102,KW10851,2026-09-22,CA,Mobile,5313,5.0,94,552,17.03,2026-09-22 17:58:00
KP005103,KW10454,2026-09-23,UK,Mobile,4857,21.0,175,2308,7.58,2026-09-23 13:28:00
KP005104,KW11713,2026-09-24,MX,Mobile,1845,30.0,32,594,5.39,2026-09-24 20:20:00
KP005105,KW11205,2026-09-25,JP,Mobile,2795,37.0,43,1175,3.66,2026-09-25 14:05:00
KP005106,KW11997,2026-09-26,CA,Mobile,3666,49.0,61,1344,4.54,2026-09-26 16:04:00
KP005107,KW11844,2026-09-27,FR,Desktop,1280,39.0,22,543,4.05,2026-09-27 10:47:00
KP005108,KW10512,2026-09-28,AU,Desktop,9516,20.0,149,1805,8.25,2026-09-28 05:48:00
KP005109,KW11666,2026-09-29,IN,Mobile,996,19.0,35,460,7.61,2026-09-29 05:28:00
KP005110,KW10368,2026-09-30,BR,Desktop,5885,48.0,60,1698,3.53,2026-09-30 00:55:00
KP005354,KW11237,2026-06-01,CA,Desktop,809,21.0,16,264,6.06,2026-06-01 20:44:00
KP005355,KW10916,2026-06-02,US,Mobile,3239,44.0,52,1284,4.05,2026-06-02 20:35:00
KP005356,KW10259,2026-06-03,IN,Desktop,4587,34.0,36,651,5.53,2026-06-03 12:44:00
KP005357,KW11606,2026-06-04,US,Mobile,2978,8.0,43,333,12.91,2026-06-04 04:28:00
KP005358,KW11840,2026-06-05,FR,Mobile,4143,16.0,158,2203,7.17,2026-06-05 18:01:00
KP005359,KW10891,2026-06-06,UK,Mobile,12972,3.0,795,5497,14.46,2026-06-06 19:40:00
KP005360,KW11654,2026-06-07,FR,Mobile,2943,28.0,71,1434,4.95,2026-06-07 20:32:00
KP005361,KW11262,2026-06-08,UK,Mobile,291,30.0,1,32,3.12,2026-06-08 02:24:00
KP005362,KW11316,2026-06-09,UK,Desktop,1430,19.0,29,337,8.61,2026-06-09 11:27:00
KP005363,KW11602,2026-06-10,AU,Desktop,1210,13.0,11,111,9.91,2026-06-10 02:30:00
KP005364,KW10783,2026-06-11,JP,Mobile,11448,34.0,97,1556,6.23,2026-06-11 15:15:00
KP005365,KW10896,2026-06-12,FR,Desktop,3755,13.0,59,887,6.65,2026-06-12 21:23:00
KP005366,KW10511,2026-06-13,US,Desktop,4385,24.0,72,985,7.31,2026-06-13 14:21:00
KP005367,KW11973,2026-06-14,AU,Desktop,2958,37.0,78,1397,5.58,2026-06-14 17:52:00
KP005368,KW10857,2026-06-15,DE,Mobile,1245,2.0,77,273,28.21,2026-06-15 11:25:00
KP005369,KW10762,2026-06-16,MX,Desktop,2592,45.0,21,511,4.11,2026-06-16 05:06:00
KP005370,KW10144,2026-06-17,AU,Mobile,1149,44.0,26,608,4.28,2026-06-17 14:39:00
KP005371,KW11410,2026-06-18,UK,Mobile,5355,8.0,111,1021,10.87,2026-06-18 14:36:00
KP005372,KW10073,2026-06-19,IN,Desktop,8868,29.0,192,3728,5.15,2026-06-19 01:04:00
KP005373,KW10287,2026-06-20,CA,Desktop,957,3.0,60,301,19.93,2026-06-20 14:20:00
KP005374,KW11760,2026-06-21,BR,Mobile,10879,31.0,44,1078,4.08,2026-06-21 09:44:00
KP005375,KW10684,2026-06-22,CA,Desktop,1007,49.0,17,449,3.79,2026-06-22 18:41:00
KP005376,KW10776,2026-06-23,JP,Mobile,2037,24.0,47,896,5.25,2026-06-23 20:27:00
KP005377,KW10750,2026-06-24,IN,Desktop,5231,3.0,208,1168,17.81,2026-06-24 20:22:00
KP005378,KW11695,2026-06-25,BR,Desktop,1126,17.0,34,607,5.6,2026-06-25 00:00:00
KP005379,KW11097,2026-06-26,UK,Tablet,2225,36.0,7,175,4.0,2026-06-26 12:27:00
KP005380,KW11392,2026-06-27,US,Desktop,6863,35.0,140,3194,4.38,2026-06-27 21:39:00
KP005381,KW10655,2026-06-28,MX,Mobile,4944,9.0,63,636,9.91,2026-06-28 11:34:00
KP005382,KW10929,2026-06-29,BR,Mobile,1604,36.0,51,875,5.83,2026-06-29 03:34:00
KP005383,KW10891,2026-06-30,IN,Mobile,3512,3.0,317,1413,22.43,2026-06-30 17:07:00
KP005384,KW11723,2026-07-01,DE,Desktop,11688,17.0,544,6159,8.83,2026-07-01 15:32:00
KP005385,KW10230,2026-07-02,UK,Desktop,4846,47.0,31,947,3.27,2026-07-02 20:52:00
KP005386,KW11854,2026-07-03,AU,Desktop,4400,43.0,58,1085,5.35,2026-07-03 03:41:00
KP005387,KW10325,2026-07-04,DE,Mobile,2598,13.0,25,271,9.23,2026-07-04 09:01:00
KP005388,KW11678,2026-07-05,AU,Mobile,13136,1.0,1091,3704,29.45,2026-07-05 11:59:00
KP005389,KW10790,2026-07-06,AU,Desktop,5410,46.0,33,1021,3.23,2026-07-06 01:47:00
KP005390,KW10608,2026-07-07,FR,Desktop,1412,7.0,59,605,9.75,2026-07-07 02:52:00
KP005391,KW10884,2026-07-08,UK,Desktop,1835,1.0,36,104,34.62,2026-07-08 14:42:00
KP005392,KW10525,2026-07-09,FR,Mobile,671,14.0,4,80,5.0,2026-07-09 23:40:00
KP005393,KW10650,2026-07-10,MX,Mobile,3406,25.0,24,412,5.83,2026-07-10 01:20:00
KP005394,KW10696,2026-07-11,AU,Desktop,664,44.0,13,307,4.23,2026-07-11 23:50:00
KP005395,KW11246,2026-07-12,FR,Desktop,3035,9.0,135,1589,8.5,2026-07-12 23:54:00
KP005396,KW10882,2026-07-13,BR,Mobile,9159,46.0,126,2810,4.48,2026-07-13 16:18:00
KP005397,KW10294,2026-07-14,UK,Desktop,4197,42.0,57,1157,4.93,2026-07-14 01:56:00
KP005398,KW10576,2026-07-15,FR,Desktop,1905,28.0,14,278,5.04,2026-07-15 06:28:00
KP005399,KW10832,2026-07-16,AU,Desktop,3394,12.0,28,342,8.19,2026-07-16 18:47:00
KP005400,KW10620,2026-07-17,MX,Desktop,524,48.0,7,175,4.0,2026-07-17 06:59:00
KP005401,KW11732,2026-07-18,MX,Desktop,5241,27.0,126,2811,4.48,2026-07-18 22:04:00
KP005402,KW10809,2026-07-19,FR,Desktop,6920,28.0,62,1406,4.41,2026-07-19 11:10:00
KP005403,KW11003,2026-07-20,CA,Desktop,2454,2.0,148,750,19.73,2026-07-20 14:47:00
KP005404,KW10518,2026-07-21,BR,Mobile,5975,19.0,31,371,8.36,2026-07-21 16:24:00
KP005405,KW10352,2026-07-22,CA,Mobile,10037,1.0,295,973,30.32,2026-07-22 12:01:00
KP005406,KW11347,2026-07-23,FR,Mobile,1971,48.0,45,889,5.06,2026-07-23 15:41:00
KP005407,KW10289,2026-07-24,US,Desktop,2499,16.0,34,499,6.81,2026-07-24 21:27:00
KP005408,KW11967,2026-07-25,US,Tablet,2149,38.0,20,495,4.04,2026-07-25 04:10:00
KP005409,KW10431,2026-07-26,JP,Mobile,2190,14.0,70,1029,6.8,2026-07-26 17:48:00
KP005410,KW11742,2026-07-27,UK,Mobile,1887,3.0,26,135,19.26,2026-07-27 14:19:00
KP005411,KW11157,2026-07-28,CA,Desktop,2147,20.0,12,187,6.42,2026-07-28 11:28:00
KP005412,KW11101,2026-07-29,AU,Mobile,4671,43.0,39,905,4.31,2026-07-29 12:21:00
KP005413,KW11455,2026-07-30,UK,Mobile,13245,32.0,222,4742,4.68,2026-07-30 01:33:00
KP005414,KW10347,2026-07-31,US,Mobile,1547,11.0,76,738,10.3,2026-07-31 13:01:00
KP005415,KW11845,2026-08-01,MX,Desktop,5701,11.0,167,1558,10.72,2026-08-01 01:23:00
KP005416,KW10722,2026-08-02,CA,Mobile,1268,18.0,8,164,4.88,2026-08-02 15:12:00
KP005417,KW11109,2026-08-03,US,Desktop,10631,28.0,199,4059,4.9,2026-08-03 20:33:00
KP005418,KW11996,2026-08-04,AU,Desktop,1830,32.0,33,628,5.25,2026-08-04 23:52:00
KP005419,KW10330,2026-08-05,IN,Mobile,13138,29.0,426,7188,5.93,2026-08-05 04:46:00
KP005420,KW10407,2026-08-06,FR,Desktop,2519,6.0,77,629,12.24,2026-08-06 04:55:00
KP005421,KW10444,2026-08-07,BR,Desktop,2286,35.0,30,750,4.0,2026-08-07 15:59:00
KP005422,KW11211,2026-08-08,CA,Desktop,687,26.0,14,274,5.11,2026-08-08 09:29:00
KP005423,KW11035,2026-08-09,DE,Desktop,16733,49.0,40,1006,3.98,2026-08-09 16:30:00
KP005424,KW11643,2026-08-10,JP,Mobile,5153,38.0,14,311,4.5,2026-08-10 12:12:00
KP005425,KW11605,2026-08-11,MX,Mobile,5696,18.0,173,2132,8.11,2026-08-11 22:59:00
KP005426,KW10429,2026-08-12,UK,Desktop,1813,25.0,43,681,6.31,2026-08-12 05:41:00
KP005427,KW11986,2026-08-13,UK,Mobile,4803,22.0,49,832,5.89,2026-08-13 08:32:00
KP005428,KW11942,2026-08-14,DE,Mobile,594,43.0,2,48,4.17,2026-08-14 23:11:00
KP005429,KW10253,2026-08-15,AU,Desktop,4499,49.0,85,2414,3.52,2026-08-15 18:25:00
KP005430,KW10149,2026-08-16,UK,Desktop,1087,35.0,18,420,4.29,2026-08-16 19:01:00
KP005431,KW10135,2026-08-17,AU,Desktop,1582,2.0,174,629,27.66,2026-08-17 04:31:00
KP005432,KW10709,2026-08-18,IN,Mobile,5072,18.0,131,1648,7.95,2026-08-18 09:22:00
KP005433,KW11415,2026-08-19,US,Mobile,7775,29.0,234,4089,5.72,2026-08-19 04:48:00
KP005434,KW10452,2026-08-20,CA,Mobile,2009,33.0,60,947,6.34,2026-08-20 12:16:00
KP005435,KW10386,2026-08-21,FR,Desktop,10422,5.0,592,3740,15.83,2026-08-21 03:13:00
KP005436,KW10940,2026-08-22,JP,Desktop,1055,11.0,28,338,8.28,2026-08-22 09:49:00
KP005437,KW11348,2026-08-23,US,Tablet,4670,33.0,45,985,4.57,2026-08-23 16:11:00
KP005438,KW10077,2026-08-24,DE,Mobile,1178,25.0,13,200,6.5,2026-08-24 05:56:00
KP005439,KW10840,2026-08-25,IN,Desktop,6705,7.0,364,2989,12.18,2026-08-25 22:35:00
KP005440,KW10653,2026-08-26,BR,Desktop,2740,18.0,69,1057,6.53,2026-08-26 08:22:00
KP005441,KW11614,2026-08-27,JP,Desktop,573,46.0,9,283,3.18,2026-08-27 16:00:00
KP005442,KW11386,2026-08-28,DE,Desktop,2068,50.0,44,934,4.71,2026-08-28 17:21:00
KP005443,KW10659,2026-08-29,DE,Mobile,239,40.0,3,82,3.66,2026-08-29 00:53:00
KP005444,KW11500,2026-08-30,CA,Mobile,3828,48.0,83,1868,4.44,2026-08-30 03:54:00
KP005445,KW11686,2026-08-31,UK,Desktop,10866,32.0,62,1195,5.19,2026-08-31 23:21:00
KP005446,KW11056,2026-09-01,UK,Desktop,3998,50.0,17,344,4.94,2026-09-01 14:24:00
KP005447,KW11633,2026-09-02,MX,Mobile,5034,43.0,115,2195,5.24,2026-09-02 05:05:00
KP005448,KW11136,2026-09-03,FR,Mobile,2079,28.0,24,554,4.33,2026-09-03 22:10:00
KP005449,KW11410,2026-09-04,MX,Mobile,1569,42.0,19,466,4.08,2026-09-04 20:18:00
KP005450,KW11705,2026-09-05,AU,Mobile,1422,39.0,11,339,3.24,2026-09-05 22:11:00
KP005451,KW10221,2026-09-06,JP,Desktop,5686,37.0,62,1376,4.51,2026-09-06 06:58:00
KP005452,KW10370,2026-09-07,BR,Desktop,1909,3.0,67,393,17.05,2026-09-07 03:20:00
KP005453,KW11536,2026-09-08,US,Mobile,4700,2.0,395,1634,24.17,2026-09-08 13:30:00
KP005454,KW11722,2026-09-09,DE,Mobile,2899,26.0,13,230,5.65,2026-09-09 17:50:00
KP005455,KW10031,2026-09-10,MX,Desktop,1230,21.0,18,348,5.17,2026-09-10 04:49:00
KP005456,KW10128,2026-09-11,IN,Mobile,937,42.0,5,147,3.4,2026-09-11 04:04:00
KP005457,KW11146,2026-09-12,CA,Desktop,10542,35.0,141,2956,4.77,2026-09-12 22:32:00
KP005458,KW11636,2026-09-13,UK,Mobile,1334,13.0,9,107,8.41,2026-09-13 23:30:00
KP005459,KW11737,2026-09-14,DE,Mobile,1739,32.0,22,512,4.3,2026-09-14 22:38:00
KP005460,KW11231,2026-09-15,IN,Desktop,2458,29.0,51,893,5.71,2026-09-15 06:07:00
KP005461,KW11165,2026-09-16,MX,Desktop,9915,36.0,186,3883,4.79,2026-09-16 08:21:00
KP005462,KW11160,2026-09-17,JP,Mobile,2326,20.0,8,119,6.72,2026-09-17 09:22:00
KP005463,KW11029,2026-09-18,MX,Mobile,54730,43.0,262,7376,3.55,2026-09-18 19:06:00
KP005464,KW11145,2026-09-19,DE,Desktop,1126,23.0,19,290,6.55,2026-09-19 09:52:00
KP005465,KW10259,2026-09-20,JP,Desktop,659,39.0,15,349,4.3,2026-09-20 11:18:00
KP005466,KW10610,2026-09-21,AU,Mobile,4521,50.0,33,832,3.97,2026-09-21 05:50:00
KP005467,KW11000,2026-09-22,FR,Mobile,2917,3.0,176,947,18.59,2026-09-22 14:45:00
KP005468,KW10575,2026-09-23,CA,Desktop,4545,2.0,174,932,18.67,2026-09-23 18:33:00
KP005469,KW11761,2026-09-24,IN,Desktop,1223,4.0,42,233,18.03,2026-09-24 22:38:00
KP005470,KW11608,2026-09-25,AU,Desktop,1503,10.0,33,282,11.7,2026-09-25 19:00:00
KP005471,KW10914,2026-09-26,BR,Desktop,1479,33.0,20,334,5.99,2026-09-26 07:46:00
KP005472,KW10605,2026-09-27,UK,Desktop,1638,13.0,29,452,6.42,2026-09-27 09:39:00
KP005473,KW11319,2026-09-28,BR,Mobile,7866,48.0,124,3620,3.43,2026-09-28 01:25:00
KP005474,KW11083,2026-09-29,AU,Mobile,3147,48.0,50,1590,3.14,2026-09-29 12:48:00
KP005475,KW11864,2026-09-30,DE,Mobile,1548,23.0,47,681,6.9,2026-09-30 22:05:00
KP005719,KW11949,2026-06-01,DE,Desktop,2253,2.0,168,650,25.85,2026-06-01 10:39:00
KP005720,KW10917,2026-06-02,IN,Desktop,1777,10.0,56,598,9.36,2026-06-02 13:31:00
KP005721,KW10167,2026-06-03,JP,Mobile,1342,9.0,62,527,11.76,2026-06-03 13:01:00
KP005722,KW11756,2026-06-04,UK,Tablet,1676,49.0,17,345,4.93,2026-06-04 03:21:00
KP005723,KW10769,2026-06-05,BR,Mobile,8904,47.0,80,2205,3.63,2026-06-05 12:28:00
KP005724,KW10872,2026-06-06,AU,Desktop,4589,30.0,50,1011,4.95,2026-06-06 07:21:00
KP005725,KW10696,2026-06-07,IN,Desktop,1197,38.0,13,264,4.92,2026-06-07 07:01:00
KP005726,KW11142,2026-06-08,BR,Mobile,907,38.0,4,78,5.13,2026-06-08 08:21:00
KP005727,KW10991,2026-06-09,IN,Mobile,6416,33.0,122,2239,5.45,2026-06-09 11:57:00
KP005728,KW11170,2026-06-10,UK,Mobile,3640,40.0,14,291,4.81,2026-06-10 14:37:00
KP005729,KW10448,2026-06-11,BR,Mobile,1428,45.0,9,237,3.8,2026-06-11 05:24:00
KP005730,KW11812,2026-06-12,UK,Mobile,17210,16.0,583,6273,9.29,2026-06-12 08:40:00
KP005731,KW11851,2026-06-13,JP,Desktop,2081,44.0,45,914,4.92,2026-06-13 04:16:00
KP005732,KW10923,2026-06-14,UK,Mobile,1073,25.0,33,515,6.41,2026-06-14 19:07:00
KP005733,KW11985,2026-06-15,FR,Desktop,4196,15.0,202,2169,9.31,2026-06-15 07:53:00
KP005734,KW11371,2026-06-16,BR,Mobile,5759,37.0,181,3158,5.73,2026-06-16 18:10:00
KP005735,KW10036,2026-06-17,MX,Desktop,2392,49.0,35,1015,3.45,2026-06-17 19:49:00
KP005736,KW10562,2026-06-18,IN,Desktop,1366,15.0,53,688,7.7,2026-06-18 20:54:00
KP005737,KW11187,2026-06-19,BR,Mobile,11344,9.0,76,781,9.73,2026-06-19 15:11:00
KP005738,KW11152,2026-06-20,BR,Mobile,1960,27.0,51,847,6.02,2026-06-20 07:52:00
KP005739,KW10310,2026-06-21,CA,Desktop,3205,49.0,76,1558,4.88,2026-06-21 20:31:00
KP005740,KW11411,2026-06-22,MX,Desktop,1807,8.0,40,299,13.38,2026-06-22 12:04:00
KP005741,KW11030,2026-06-23,AU,Desktop,2829,4.0,48,358,13.41,2026-06-23 19:45:00
KP005742,KW10139,2026-06-24,FR,Desktop,10632,29.0,132,3030,4.36,2026-06-24 21:59:00
KP005743,KW11122,2026-06-25,US,Mobile,902,16.0,20,313,6.39,2026-06-25 02:30:00
KP005744,KW10424,2026-06-26,FR,Mobile,1929,42.0,13,295,4.41,2026-06-26 12:23:00
KP005745,KW10812,2026-06-27,CA,Desktop,2147,45.0,31,673,4.61,2026-06-27 01:06:00
KP005746,KW10514,2026-06-28,DE,Mobile,6548,2.0,344,1172,29.35,2026-06-28 03:06:00
KP005747,KW10476,2026-06-29,FR,Desktop,1937,41.0,33,705,4.68,2026-06-29 07:10:00
KP005748,KW11944,2026-06-30,FR,Desktop,5051,47.0,42,812,5.17,2026-06-30 07:36:00
KP005749,KW11229,2026-07-01,FR,Tablet,3182,50.0,37,953,3.88,2026-07-01 20:23:00
KP005750,KW10874,2026-07-02,US,Mobile,11754,22.0,379,5435,6.97,2026-07-02 21:31:00
KP005751,KW10118,2026-07-03,UK,Mobile,7644,40.0,106,2086,5.08,2026-07-03 01:36:00
KP005752,KW10521,2026-07-04,IN,Tablet,3814,50.0,9,277,3.25,2026-07-04 19:12:00
KP005753,KW10925,2026-07-05,JP,Mobile,2052,40.0,43,934,4.6,2026-07-05 05:54:00
KP005754,KW11354,2026-07-06,JP,Mobile,6976,45.0,44,1105,3.98,2026-07-06 14:58:00
KP005755,KW10526,2026-07-07,DE,Mobile,3738,44.0,42,1175,3.57,2026-07-07 13:00:00
KP005756,KW10890,2026-07-08,IN,Desktop,17899,11.0,215,2595,8.29,2026-07-08 07:41:00
KP005757,KW10174,2026-07-09,DE,Desktop,742,9.0,45,350,12.86,2026-07-09 20:13:00
KP005758,KW11767,2026-07-10,FR,Mobile,3250,19.0,66,1265,5.22,2026-07-10 14:55:00
KP005759,KW11680,2026-07-11,BR,Desktop,4669,42.0,121,2515,4.81,2026-07-11 10:14:00
KP005760,KW10623,2026-07-12,BR,Mobile,564,26.0,4,79,5.06,2026-07-12 02:37:00
KP005761,KW11484,2026-07-13,MX,Mobile,1648,23.0,35,612,5.72,2026-07-13 23:06:00
KP005762,KW10060,2026-07-14,UK,Desktop,2188,34.0,27,534,5.06,2026-07-14 09:17:00
KP005763,KW11508,2026-07-15,CA,Mobile,2038,21.0,16,264,6.06,2026-07-15 14:30:00
KP005764,KW11465,2026-07-16,BR,Desktop,2820,22.0,62,1024,6.05,2026-07-16 10:20:00
KP005765,KW10029,2026-07-17,JP,Mobile,6188,43.0,24,457,5.25,2026-07-17 02:25:00
KP005766,KW10440,2026-07-18,US,Desktop,1970,27.0,47,884,5.32,2026-07-18 11:33:00
KP005767,KW10548,2026-07-19,UK,Desktop,4406,11.0,50,569,8.79,2026-07-19 18:55:00
KP005768,KW10147,2026-07-20,US,Mobile,5836,45.0,96,1961,4.9,2026-07-20 02:39:00
KP005769,KW11563,2026-07-21,JP,Mobile,6997,30.0,37,575,6.43,2026-07-21 06:19:00
KP005770,KW10035,2026-07-22,AU,Desktop,1388,5.0,90,613,14.68,2026-07-22 15:03:00
KP005771,KW10214,2026-07-23,UK,Mobile,4046,14.0,144,1672,8.61,2026-07-23 15:39:00
KP005772,KW10278,2026-07-24,DE,Desktop,7234,29.0,204,2981,6.84,2026-07-24 02:53:00
KP005773,KW11762,2026-07-25,UK,Tablet,267,6.0,12,81,14.81,2026-07-25 17:04:00
KP005774,KW10213,2026-07-26,DE,Desktop,2615,27.0,8,149,5.37,2026-07-26 01:08:00
KP005775,KW10077,2026-07-27,US,Desktop,3463,47.0,48,1336,3.59,2026-07-27 06:42:00
KP005776,KW11299,2026-07-28,UK,Desktop,2036,8.0,88,998,8.82,2026-07-28 17:41:00
KP005777,KW10990,2026-07-29,AU,Desktop,16480,43.0,84,1538,5.46,2026-07-29 10:32:00
KP005778,KW11060,2026-07-30,AU,Mobile,6352,8.0,218,2368,9.21,2026-07-30 09:50:00
KP005779,KW10318,2026-07-31,FR,Mobile,13028,35.0,170,4102,4.14,2026-07-31 23:39:00
KP005780,KW10408,2026-08-01,IN,Mobile,3611,47.0,23,715,3.22,2026-08-01 03:24:00
KP005781,KW10031,2026-08-02,FR,Desktop,12567,9.0,66,751,8.79,2026-08-02 04:20:00
KP005782,KW11541,2026-08-03,DE,Mobile,8304,42.0,201,4337,4.63,2026-08-03 10:46:00
KP005783,KW11649,2026-08-04,MX,Mobile,8870,32.0,265,4156,6.38,2026-08-04 20:47:00
KP005784,KW11087,2026-08-05,CA,Desktop,4965,11.0,174,2061,8.44,2026-08-05 16:27:00
KP005785,KW11994,2026-08-06,CA,Desktop,7220,27.0,225,3339,6.74,2026-08-06 03:22:00
KP005786,KW10331,2026-08-07,DE,Desktop,251,20.0,6,75,8.0,2026-08-07 02:59:00
KP005787,KW11133,2026-08-08,UK,Desktop,5215,3.0,129,597,21.61,2026-08-08 17:46:00
KP005788,KW10321,2026-08-09,UK,Desktop,1005,45.0,9,176,5.11,2026-08-09 07:48:00
KP005789,KW10932,2026-08-10,BR,Mobile,13289,20.0,351,4602,7.63,2026-08-10 23:56:00
KP005790,KW11070,2026-08-11,JP,Mobile,3745,13.0,102,1034,9.86,2026-08-11 06:08:00
KP005791,KW11394,2026-08-12,US,Desktop,8254,24.0,53,782,6.78,2026-08-12 17:15:00
KP005792,KW10153,2026-08-13,DE,Desktop,1057,47.0,5,140,3.57,2026-08-13 00:50:00
KP005793,KW10314,2026-08-14,JP,Desktop,6413,11.0,159,2107,7.55,2026-08-14 15:44:00
KP005794,KW11392,2026-08-15,DE,Mobile,520,26.0,2,42,4.76,2026-08-15 22:11:00
KP005795,KW11959,2026-08-16,BR,Desktop,2550,10.0,50,475,10.53,2026-08-16 01:29:00
KP005796,KW11729,2026-08-17,CA,Desktop,2203,37.0,23,593,3.88,2026-08-17 10:15:00
KP005797,KW11197,2026-08-18,CA,Desktop,10900,45.0,177,5223,3.39,2026-08-18 19:39:00
KP005798,KW10728,2026-08-19,MX,Desktop,7845,27.0,201,3012,6.67,2026-08-19 21:30:00
KP005799,KW10137,2026-08-20,JP,Desktop,1756,27.0,45,752,5.98,2026-08-20 09:43:00
KP005800,KW11364,2026-08-21,BR,Desktop,885,41.0,13,343,3.79,2026-08-21 06:03:00
KP005801,KW10117,2026-08-22,IN,Desktop,5005,5.0,48,313,15.34,2026-08-22 20:58:00
KP005802,KW10501,2026-08-23,UK,Desktop,8676,9.0,210,1998,10.51,2026-08-23 19:09:00
KP005803,KW11495,2026-08-24,UK,Desktop,7357,1.0,439,1425,30.81,2026-08-24 20:46:00
KP005804,KW10213,2026-08-25,IN,Tablet,28538,9.0,502,4642,10.81,2026-08-25 00:09:00
KP005805,KW11851,2026-08-26,BR,Desktop,10168,13.0,211,2504,8.43,2026-08-26 04:01:00
KP005806,KW11452,2026-08-27,JP,Mobile,1593,7.0,88,786,11.2,2026-08-27 03:48:00
KP005807,KW10336,2026-08-28,UK,Desktop,4539,26.0,33,581,5.68,2026-08-28 05:48:00
KP005808,KW12000,2026-08-29,AU,Desktop,3394,40.0,36,683,5.27,2026-08-29 20:43:00
KP005809,KW10121,2026-08-30,MX,Mobile,10879,9.0,406,3260,12.45,2026-08-30 16:07:00
KP005810,KW11134,2026-08-31,JP,Desktop,1810,46.0,30,629,4.77,2026-08-31 15:02:00
KP005811,KW11618,2026-09-01,MX,Desktop,486,34.0,9,150,6.0,2026-09-01 03:38:00
KP005812,KW10461,2026-09-02,AU,Desktop,3988,30.0,96,1884,5.1,2026-09-02 11:38:00
KP005813,KW10194,2026-09-03,BR,Tablet,4103,10.0,182,1752,10.39,2026-09-03 19:29:00
KP005814,KW11394,2026-09-04,UK,Mobile,899,27.0,22,410,5.37,2026-09-04 18:36:00
KP005815,KW10957,2026-09-05,FR,Mobile,31555,43.0,683,16684,4.09,2026-09-05 23:45:00
KP005816,KW11791,2026-09-06,DE,Desktop,1870,43.0,33,847,3.9,2026-09-06 22:50:00
KP005817,KW11129,2026-09-07,JP,Mobile,10895,49.0,260,5717,4.55,2026-09-07 07:50:00
KP005818,KW11225,2026-09-08,US,Desktop,1391,1.0,91,260,35.0,2026-09-08 20:32:00
KP005819,KW10380,2026-09-09,CA,Desktop,4263,25.0,84,1823,4.61,2026-09-09 12:22:00
KP005820,KW11870,2026-09-10,JP,Tablet,1696,8.0,44,508,8.66,2026-09-10 10:59:00
KP005821,KW10146,2026-09-11,MX,Mobile,2180,40.0,43,774,5.56,2026-09-11 08:01:00
KP005822,KW11082,2026-09-12,AU,Mobile,548,10.0,12,125,9.6,2026-09-12 00:26:00
KP005823,KW11078,2026-09-13,BR,Mobile,3852,22.0,37,528,7.01,2026-09-13 20:59:00
KP005824,KW11194,2026-09-14,MX,Mobile,15688,34.0,224,4288,5.22,2026-09-14 01:43:00
KP005825,KW10836,2026-09-15,BR,Desktop,3747,31.0,31,521,5.95,2026-09-15 09:57:00
KP005826,KW10409,2026-09-16,DE,Mobile,1886,20.0,30,511,5.87,2026-09-16 20:38:00
KP005827,KW11237,2026-09-17,UK,Mobile,1226,25.0,8,114,7.02,2026-09-17 12:24:00
KP005828,KW11419,2026-09-18,UK,Desktop,3046,8.0,91,857,10.62,2026-09-18 12:53:00
KP005829,KW10854,2026-09-19,BR,Desktop,2585,27.0,32,701,4.56,2026-09-19 10:06:00
KP005830,KW11768,2026-09-20,DE,Desktop,362,24.0,13,198,6.57,2026-09-20 19:39:00
KP005831,KW11332,2026-09-21,FR,Mobile,5607,47.0,18,347,5.19,2026-09-21 04:36:00
KP005832,KW11508,2026-09-22,FR,Desktop,894,33.0,21,396,5.3,2026-09-22 10:01:00
KP005833,KW11811,2026-09-23,UK,Mobile,4124,29.0,30,458,6.55,2026-09-23 09:13:00
KP005834,KW11542,2026-09-24,CA,Mobile,2000,44.0,35,654,5.35,2026-09-24 08:55:00
KP005835,KW11506,2026-09-25,US,Desktop,7885,26.0,117,1735,6.74,2026-09-25 02:05:00
KP005836,KW11073,2026-09-26,MX,Desktop,2575,34.0,53,1206,4.39,2026-09-26 06:29:00
KP005837,KW10231,2026-09-27,CA,Desktop,5605,27.0,48,697,6.89,2026-09-27 18:59:00
KP005838,KW11298,2026-09-28,JP,Tablet,1795,1.0,160,458,34.93,2026-09-28 12:02:00
KP005839,KW11566,2026-09-29,US,Tablet,1837,41.0,8,190,4.21,2026-09-29 15:15:00
KP005840,KW11334,2026-09-30,JP,Desktop,1434,5.0,93,518,17.95,2026-09-30 13:46:00
KP006084,KW11727,2026-06-01,JP,Desktop,769,46.0,12,255,4.71,2026-06-01 18:46:00
KP006085,KW11899,2026-06-02,JP,Desktop,14080,2.0,497,1892,26.27,2026-06-02 20:38:00
KP006086,KW11844,2026-06-03,JP,Mobile,4689,6.0,99,802,12.34,2026-06-03 21:54:00
KP006087,KW11731,2026-06-04,IN,Desktop,2694,39.0,19,464,4.09,2026-06-04 07:51:00
KP006088,KW11887,2026-06-05,DE,Desktop,2186,41.0,31,825,3.76,2026-06-05 05:07:00
KP006089,KW11812,2026-06-06,AU,Tablet,3891,8.0,187,1495,12.51,2026-06-06 20:28:00
KP006090,KW10002,2026-06-07,CA,Desktop,2083,50.0,22,618,3.56,2026-06-07 05:58:00
KP006091,KW11368,2026-06-08,DE,Desktop,642,28.0,2,43,4.65,2026-06-08 05:19:00
KP006092,KW11687,2026-06-09,DE,Mobile,4907,38.0,126,2293,5.49,2026-06-09 04:56:00
KP006093,KW11310,2026-06-10,IN,Desktop,1429,13.0,32,377,8.49,2026-06-10 05:58:00
KP006094,KW11708,2026-06-11,CA,Mobile,901,10.0,6,69,8.7,2026-06-11 17:46:00
KP006095,KW11829,2026-06-12,MX,Desktop,2131,12.0,31,347,8.93,2026-06-12 09:09:00
KP006096,KW11557,2026-06-13,AU,Mobile,6454,25.0,188,2903,6.48,2026-06-13 01:37:00
KP006097,KW10318,2026-06-14,IN,Desktop,3340,27.0,28,397,7.05,2026-06-14 03:47:00
KP006098,KW11963,2026-06-15,AU,Desktop,1995,1.0,113,367,30.79,2026-06-15 17:14:00
KP006099,KW11180,2026-06-16,IN,Desktop,10949,2.0,740,2941,25.16,2026-06-16 06:37:00
KP006100,KW10753,2026-06-17,MX,Desktop,8133,8.0,234,1916,12.21,2026-06-17 23:12:00
KP006101,KW11317,2026-06-18,DE,Tablet,3883,4.0,83,420,19.76,2026-06-18 23:11:00
KP006102,KW11794,2026-06-19,MX,Desktop,5874,20.0,27,509,5.3,2026-06-19 06:34:00
KP006103,KW11157,2026-06-20,IN,Mobile,1175,12.0,29,411,7.06,2026-06-20 15:59:00
KP006104,KW11675,2026-06-21,US,Mobile,5039,7.0,121,978,12.37,2026-06-21 20:23:00
KP006105,KW11274,2026-06-22,US,Mobile,5927,32.0,87,2190,3.97,2026-06-22 23:04:00
KP006106,KW10279,2026-06-23,AU,Desktop,5593,45.0,22,530,4.15,2026-06-23 02:29:00
KP006107,KW10203,2026-06-24,MX,Desktop,3046,3.0,275,1550,17.74,2026-06-24 04:59:00
KP006108,KW10997,2026-06-25,US,Tablet,1869,22.0,14,200,7.0,2026-06-25 06:33:00
KP006109,KW10132,2026-06-26,MX,Mobile,5389,38.0,42,899,4.67,2026-06-26 02:26:00
KP006110,KW11310,2026-06-27,AU,Mobile,5872,40.0,101,2161,4.67,2026-06-27 18:22:00
KP006111,KW10880,2026-06-28,MX,Mobile,21223,14.0,470,5232,8.98,2026-06-28 01:12:00
KP006112,KW10085,2026-06-29,UK,Desktop,4438,7.0,224,1905,11.76,2026-06-29 02:35:00
KP006113,KW10364,2026-06-30,CA,Mobile,8496,37.0,29,507,5.72,2026-06-30 08:26:00
KP006114,KW10647,2026-07-01,AU,Mobile,5037,42.0,68,1999,3.4,2026-07-01 23:10:00
KP006115,KW10552,2026-07-02,AU,Mobile,10272,1.0,340,973,34.94,2026-07-02 09:24:00
KP006116,KW11251,2026-07-03,JP,Desktop,7813,50.0,110,2231,4.93,2026-07-03 15:01:00
KP006117,KW11608,2026-07-04,CA,Mobile,2632,27.0,44,906,4.86,2026-07-04 15:30:00
KP006118,KW11282,2026-07-05,JP,Desktop,1927,38.0,24,427,5.62,2026-07-05 20:26:00
KP006119,KW10007,2026-07-06,JP,Tablet,1277,28.0,14,261,5.36,2026-07-06 13:37:00
KP006120,KW10317,2026-07-07,US,Mobile,425,8.0,22,199,11.06,2026-07-07 16:14:00
KP006121,KW11096,2026-07-08,BR,Mobile,3674,16.0,14,201,6.97,2026-07-08 02:58:00
KP006122,KW11360,2026-07-09,MX,Mobile,990,16.0,5,91,5.49,2026-07-09 16:37:00
KP006123,KW10487,2026-07-10,JP,Mobile,2179,43.0,31,599,5.18,2026-07-10 09:32:00
KP006124,KW11930,2026-07-11,US,Desktop,6488,44.0,119,3243,3.67,2026-07-11 00:36:00
KP006125,KW10243,2026-07-12,US,Desktop,3046,27.0,14,259,5.41,2026-07-12 07:55:00
KP006126,KW11548,2026-07-13,UK,Desktop,10811,5.0,541,3128,17.3,2026-07-13 14:48:00
KP006127,KW11170,2026-07-14,JP,Desktop,6080,38.0,195,3330,5.86,2026-07-14 06:23:00
KP006128,KW11566,2026-07-15,AU,Desktop,3404,27.0,8,171,4.68,2026-07-15 01:44:00
KP006129,KW11950,2026-07-16,IN,Desktop,2674,26.0,34,592,5.74,2026-07-16 18:51:00
KP006130,KW10138,2026-07-17,DE,Desktop,376,17.0,3,47,6.38,2026-07-17 15:48:00
KP006131,KW11965,2026-07-18,DE,Desktop,8025,34.0,172,2882,5.97,2026-07-18 08:46:00
KP006132,KW10965,2026-07-19,UK,Mobile,3096,23.0,38,649,5.86,2026-07-19 00:37:00
KP006133,KW10298,2026-07-20,US,Mobile,1767,17.0,32,550,5.82,2026-07-20 04:12:00
KP006134,KW10230,2026-07-21,UK,Mobile,3098,39.0,51,1098,4.64,2026-07-21 11:18:00
KP006135,KW11333,2026-07-22,BR,Desktop,6874,3.0,585,2690,21.75,2026-07-22 01:15:00
KP006136,KW10587,2026-07-23,FR,Mobile,1299,32.0,27,483,5.59,2026-07-23 01:41:00
KP006137,KW10090,2026-07-24,MX,Desktop,5892,35.0,91,1471,6.19,2026-07-24 15:17:00
KP006138,KW10913,2026-07-25,JP,Desktop,5747,46.0,126,2809,4.49,2026-07-25 12:05:00
KP006139,KW10192,2026-07-26,FR,Desktop,7114,17.0,223,3165,7.05,2026-07-26 08:13:00
KP006140,KW11690,2026-07-27,AU,Mobile,4818,1.0,83,315,26.35,2026-07-27 10:52:00
KP006141,KW11063,2026-07-28,IN,Mobile,1621,40.0,37,821,4.51,2026-07-28 19:22:00
KP006142,KW10828,2026-07-29,US,Mobile,3004,42.0,54,1463,3.69,2026-07-29 16:02:00
KP006143,KW11737,2026-07-30,DE,Mobile,1560,23.0,12,226,5.31,2026-07-30 13:21:00
KP006144,KW10371,2026-07-31,US,Mobile,2657,24.0,47,888,5.29,2026-07-31 23:53:00
KP006145,KW11757,2026-08-01,MX,Mobile,7003,8.0,298,2749,10.84,2026-08-01 01:24:00
KP006146,KW10336,2026-08-02,DE,Desktop,734,10.0,25,223,11.21,2026-08-02 22:56:00
KP006147,KW10052,2026-08-03,BR,Desktop,4038,13.0,63,703,8.96,2026-08-03 04:30:00
KP006148,KW11345,2026-08-04,US,Desktop,1465,13.0,51,737,6.92,2026-08-04 20:14:00
KP006149,KW10224,2026-08-05,IN,Desktop,2414,50.0,63,1319,4.78,2026-08-05 06:09:00
KP006150,KW11686,2026-08-06,US,Tablet,1128,38.0,21,410,5.12,2026-08-06 17:26:00
KP006151,KW10369,2026-08-07,BR,Desktop,5799,31.0,95,1876,5.06,2026-08-07 22:24:00
KP006152,KW10814,2026-08-08,UK,Mobile,5238,12.0,177,1629,10.87,2026-08-08 02:58:00
KP006153,KW11949,2026-08-09,US,Desktop,4695,2.0,382,1354,28.21,2026-08-09 06:38:00
KP006154,KW10638,2026-08-10,DE,Mobile,8755,36.0,206,4060,5.07,2026-08-10 09:01:00
KP006155,KW10059,2026-08-11,MX,Mobile,1986,16.0,79,855,9.24,2026-08-11 02:34:00
KP006156,KW11742,2026-08-12,IN,Desktop,3037,48.0,50,1210,4.13,2026-08-12 07:17:00
KP006157,KW10323,2026-08-13,US,Mobile,3388,33.0,37,646,5.73,2026-08-13 22:42:00
KP006158,KW11121,2026-08-14,DE,Mobile,979,9.0,7,90,7.78,2026-08-14 03:32:00
KP006159,KW11978,2026-08-15,DE,Desktop,1367,20.0,46,669,6.88,2026-08-15 14:58:00
KP006160,KW10400,2026-08-16,JP,Mobile,15009,37.0,62,1463,4.24,2026-08-16 07:50:00
KP006161,KW11425,2026-08-17,FR,Mobile,3518,32.0,28,697,4.02,2026-08-17 04:11:00
KP006162,KW11474,2026-08-18,AU,Mobile,772,39.0,21,421,4.99,2026-08-18 10:27:00
KP006163,KW11506,2026-08-19,AU,Tablet,4480,23.0,116,2073,5.6,2026-08-19 03:57:00
KP006164,KW11329,2026-08-20,MX,Desktop,9162,50.0,103,2287,4.5,2026-08-20 22:33:00
KP006165,KW11302,2026-08-21,MX,Mobile,5823,10.0,300,3076,9.75,2026-08-21 00:30:00
KP006166,KW11417,2026-08-22,CA,Desktop,70591,18.0,448,7122,6.29,2026-08-22 20:21:00
KP006167,KW10849,2026-08-23,DE,Tablet,4097,33.0,25,453,5.52,2026-08-23 06:53:00
KP006168,KW10789,2026-08-24,JP,Mobile,5387,41.0,151,2910,5.19,2026-08-24 13:44:00
KP006169,KW10788,2026-08-25,US,Desktop,3188,43.0,53,1391,3.81,2026-08-25 14:05:00
KP006170,KW11763,2026-08-26,CA,Mobile,15963,12.0,142,1694,8.38,2026-08-26 20:52:00
KP006171,KW11011,2026-08-27,AU,Desktop,5811,17.0,149,1747,8.53,2026-08-27 23:38:00
KP006172,KW11264,2026-08-28,JP,Desktop,9720,34.0,218,5118,4.26,2026-08-28 21:13:00
KP006173,KW10736,2026-08-29,FR,Mobile,4049,20.0,120,1878,6.39,2026-08-29 03:24:00
KP006174,KW10933,2026-08-30,AU,Desktop,3510,47.0,8,175,4.57,2026-08-30 06:00:00
KP006175,KW10357,2026-08-31,JP,Mobile,4172,37.0,50,1076,4.65,2026-08-31 05:56:00
KP006176,KW11481,2026-09-01,DE,Desktop,1688,48.0,23,564,4.08,2026-09-01 23:24:00
KP006177,KW11639,2026-09-02,JP,Mobile,893,33.0,23,421,5.46,2026-09-02 20:05:00
KP006178,KW11565,2026-09-03,FR,Mobile,1206,49.0,24,623,3.85,2026-09-03 11:49:00
KP006179,KW11759,2026-09-04,AU,Desktop,1617,29.0,38,618,6.15,2026-09-04 11:44:00
KP006180,KW11587,2026-09-05,IN,Desktop,4098,19.0,90,1660,5.42,2026-09-05 10:08:00
KP006181,KW11085,2026-09-06,BR,Mobile,3411,37.0,80,1371,5.84,2026-09-06 12:34:00
KP006182,KW10776,2026-09-07,BR,Desktop,870,42.0,3,91,3.3,2026-09-07 15:41:00
KP006183,KW11363,2026-09-08,JP,Desktop,1424,48.0,15,427,3.51,2026-09-08 02:36:00
KP006184,KW10843,2026-09-09,AU,Mobile,2323,44.0,14,406,3.45,2026-09-09 16:44:00
KP006185,KW11743,2026-09-10,DE,Desktop,1854,7.0,97,677,14.33,2026-09-10 19:46:00
KP006186,KW10587,2026-09-11,JP,Mobile,1269,33.0,33,557,5.92,2026-09-11 09:09:00
KP006187,KW10351,2026-09-12,CA,Desktop,9787,26.0,238,4354,5.47,2026-09-12 05:23:00
KP006188,KW10722,2026-09-13,UK,Mobile,1027,50.0,10,255,3.92,2026-09-13 23:03:00
KP006189,KW11691,2026-09-14,FR,Mobile,3156,50.0,39,869,4.49,2026-09-14 21:58:00
KP006190,KW10456,2026-09-15,FR,Desktop,5325,18.0,140,2623,5.34,2026-09-15 06:33:00
KP006191,KW10633,2026-09-16,FR,Desktop,868,20.0,7,127,5.51,2026-09-16 22:13:00
KP006192,KW11062,2026-09-17,CA,Desktop,1770,20.0,45,783,5.75,2026-09-17 02:29:00
KP006193,KW11999,2026-09-18,CA,Mobile,5185,49.0,9,281,3.2,2026-09-18 05:44:00
KP006194,KW11849,2026-09-19,DE,Desktop,13536,41.0,34,787,4.32,2026-09-19 22:51:00
KP006195,KW11189,2026-09-20,DE,Desktop,3332,33.0,26,538,4.83,2026-09-20 10:21:00
KP006196,KW10581,2026-09-21,MX,Desktop,2040,40.0,54,1039,5.2,2026-09-21 17:30:00
KP006197,KW10489,2026-09-22,BR,Desktop,12846,29.0,181,2765,6.55,2026-09-22 00:30:00
KP006198,KW10551,2026-09-23,IN,Desktop,1802,47.0,36,882,4.08,2026-09-23 05:35:00
KP006199,KW11521,2026-09-24,MX,Mobile,5496,19.0,160,2989,5.35,2026-09-24 05:16:00
KP006200,KW10562,2026-09-25,CA,Desktop,1190,1.0,58,204,28.43,2026-09-25 11:59:00
KP006201,KW10428,2026-09-26,BR,Desktop,8607,20.0,365,4635,7.87,2026-09-26 11:24:00
KP006202,KW11787,2026-09-27,CA,Desktop,2637,48.0,29,740,3.92,2026-09-27 14:58:00
KP006203,KW11616,2026-09-28,FR,Tablet,1687,47.0,39,835,4.67,2026-09-28 05:24:00
KP006204,KW11571,2026-09-29,DE,Mobile,4108,45.0,34,991,3.43,2026-09-29 01:50:00
KP006205,KW10386,2026-09-30,JP,Desktop,3497,37.0,74,1547,4.78,2026-09-30 15:24:00
KP006449,KW10459,2026-06-01,JP,Mobile,13027,39.0,157,2900,5.41,2026-06-01 13:47:00
KP006450,KW11597,2026-06-02,MX,Mobile,519,11.0,19,253,7.51,2026-06-02 14:55:00
KP006451,KW10720,2026-06-03,AU,Desktop,1025,10.0,11,130,8.46,2026-06-03 14:53:00
KP006452,KW10409,2026-06-04,CA,Desktop,1566,44.0,24,546,4.4,2026-06-04 12:35:00
KP006453,KW11302,2026-06-05,JP,Desktop,1376,23.0,3,75,4.0,2026-06-05 01:48:00
KP006454,KW11900,2026-06-06,AU,Mobile,814,23.0,10,151,6.62,2026-06-06 15:30:00
KP006455,KW10306,2026-06-07,AU,Mobile,6009,44.0,140,3230,4.33,2026-06-07 19:35:00
KP006456,KW11473,2026-06-08,US,Desktop,17930,14.0,194,2166,8.96,2026-06-08 16:08:00
KP006457,KW11612,2026-06-09,JP,Desktop,3168,15.0,43,707,6.08,2026-06-09 09:11:00
KP006458,KW10672,2026-06-10,AU,Mobile,2167,8.0,49,483,10.14,2026-06-10 20:49:00
KP006459,KW10497,2026-06-11,AU,Desktop,1322,23.0,30,443,6.77,2026-06-11 07:33:00
KP006460,KW11693,2026-06-12,MX,Tablet,3256,14.0,84,968,8.68,2026-06-12 10:56:00
KP006461,KW11390,2026-06-13,JP,Mobile,4876,5.0,242,1705,14.19,2026-06-13 23:17:00
KP006462,KW11064,2026-06-14,BR,Desktop,5020,19.0,79,1307,6.04,2026-06-14 18:26:00
KP006463,KW11334,2026-06-15,IN,Mobile,3447,3.0,40,232,17.24,2026-06-15 10:13:00
KP006464,KW10783,2026-06-16,UK,Tablet,834,47.0,4,136,2.94,2026-06-16 08:16:00
KP006465,KW11270,2026-06-17,CA,Mobile,14980,19.0,539,7069,7.62,2026-06-17 11:17:00
KP006466,KW11988,2026-06-18,MX,Mobile,2818,47.0,34,697,4.88,2026-06-18 04:31:00
KP006467,KW10398,2026-06-19,IN,Mobile,10255,37.0,45,805,5.59,2026-06-19 13:55:00
KP006468,KW10169,2026-06-20,CA,Mobile,1636,6.0,131,875,14.97,2026-06-20 03:46:00
KP006469,KW11726,2026-06-21,MX,Tablet,2129,8.0,90,904,9.96,2026-06-21 10:26:00
KP006470,KW10822,2026-06-22,BR,Desktop,12317,3.0,1181,6516,18.12,2026-06-22 09:06:00
KP006471,KW11919,2026-06-23,AU,Desktop,1452,37.0,19,541,3.51,2026-06-23 16:15:00
KP006472,KW10457,2026-06-24,UK,Mobile,475,29.0,6,139,4.32,2026-06-24 16:05:00
KP006473,KW11114,2026-06-25,US,Mobile,8423,28.0,29,557,5.21,2026-06-25 09:33:00
KP006474,KW11472,2026-06-26,CA,Desktop,9848,1.0,640,1829,34.99,2026-06-26 07:57:00
KP006475,KW11089,2026-06-27,AU,Desktop,1576,35.0,27,670,4.03,2026-06-27 14:05:00
KP006476,KW11593,2026-06-28,DE,Desktop,16234,17.0,420,5208,8.06,2026-06-28 11:29:00
KP006477,KW11739,2026-06-29,UK,Desktop,932,23.0,14,191,7.33,2026-06-29 17:08:00
KP006478,KW10203,2026-06-30,JP,Desktop,7805,16.0,115,1413,8.14,2026-06-30 09:13:00
KP006479,KW11181,2026-07-01,MX,Mobile,174,7.0,9,77,11.69,2026-07-01 23:36:00
KP006480,KW11938,2026-07-02,FR,Mobile,4057,41.0,23,569,4.04,2026-07-02 04:16:00
KP006481,KW10848,2026-07-03,CA,Mobile,1528,46.0,18,566,3.18,2026-07-03 08:52:00
KP006482,KW10481,2026-07-04,CA,Mobile,2366,47.0,28,691,4.05,2026-07-04 07:46:00
KP006483,KW10936,2026-07-05,CA,Desktop,23618,2.0,1907,6419,29.71,2026-07-05 06:49:00
KP006484,KW11389,2026-07-06,JP,Desktop,1112,10.0,9,106,8.49,2026-07-06 21:26:00
KP006485,KW10991,2026-07-07,DE,Desktop,3301,44.0,20,408,4.9,2026-07-07 19:06:00
KP006486,KW11750,2026-07-08,AU,Desktop,4428,33.0,112,2055,5.45,2026-07-08 14:44:00
KP006487,KW10915,2026-07-09,UK,Desktop,769,50.0,7,243,2.88,2026-07-09 10:11:00
KP006488,KW11940,2026-07-10,AU,Mobile,2996,4.0,78,480,16.25,2026-07-10 21:30:00
KP006489,KW10876,2026-07-11,DE,Desktop,1311,27.0,31,720,4.31,2026-07-11 14:10:00
KP006490,KW10350,2026-07-12,DE,Mobile,7200,21.0,300,3768,7.96,2026-07-12 06:57:00
KP006491,KW11296,2026-07-13,FR,Desktop,6444,29.0,59,1183,4.99,2026-07-13 12:04:00
KP006492,KW10988,2026-07-14,US,Desktop,1500,8.0,22,228,9.65,2026-07-14 04:03:00
KP006493,KW11337,2026-07-15,US,Mobile,2104,39.0,14,279,5.02,2026-07-15 18:04:00
KP006494,KW11782,2026-07-16,AU,Desktop,8549,25.0,77,1710,4.5,2026-07-16 09:02:00
KP006495,KW11191,2026-07-17,FR,Mobile,9459,36.0,56,1456,3.85,2026-07-17 06:06:00
KP006496,KW11442,2026-07-18,JP,Desktop,4848,21.0,42,713,5.89,2026-07-18 13:08:00
KP006497,KW10525,2026-07-19,AU,Desktop,11664,3.0,316,1427,22.14,2026-07-19 16:30:00
KP006498,KW10444,2026-07-20,US,Desktop,13206,26.0,430,6784,6.34,2026-07-20 03:41:00
KP006499,KW11324,2026-07-21,FR,Desktop,4283,24.0,135,2304,5.86,2026-07-21 10:28:00
KP006500,KW10522,2026-07-22,AU,Desktop,1535,41.0,25,505,4.95,2026-07-22 08:50:00
KP006501,KW11996,2026-07-23,CA,Desktop,1464,10.0,32,339,9.44,2026-07-23 07:25:00
KP006502,KW10353,2026-07-24,DE,Desktop,3078,20.0,42,810,5.19,2026-07-24 05:55:00
KP006503,KW10253,2026-07-25,AU,Tablet,4999,9.0,181,1450,12.48,2026-07-25 02:16:00
KP006504,KW11949,2026-07-26,CA,Mobile,2958,8.0,176,1548,11.37,2026-07-26 01:02:00
KP006505,KW10109,2026-07-27,MX,Mobile,3349,40.0,15,274,5.47,2026-07-27 01:21:00
KP006506,KW10682,2026-07-28,UK,Desktop,2733,3.0,59,281,21.0,2026-07-28 08:35:00
KP006507,KW11122,2026-07-29,DE,Mobile,468,2.0,41,222,18.47,2026-07-29 10:39:00
KP006508,KW10440,2026-07-30,UK,Mobile,1688,12.0,34,440,7.73,2026-07-30 00:53:00
KP006509,KW10466,2026-07-31,US,Mobile,1616,5.0,37,289,12.8,2026-07-31 14:21:00
KP006510,KW10220,2026-08-01,DE,Mobile,3024,41.0,67,1289,5.2,2026-08-01 03:53:00
KP006511,KW10980,2026-08-02,CA,Mobile,2878,14.0,140,1567,8.93,2026-08-02 01:44:00
KP006512,KW11678,2026-08-03,AU,Desktop,1274,6.0,68,512,13.28,2026-08-03 04:51:00
KP006513,KW11292,2026-08-04,US,Desktop,1123,46.0,6,128,4.69,2026-08-04 07:30:00
KP006514,KW10540,2026-08-05,JP,Mobile,5929,3.0,267,1203,22.19,2026-08-05 00:49:00
KP006515,KW11376,2026-08-06,JP,Mobile,4888,10.0,25,296,8.45,2026-08-06 16:57:00
KP006516,KW10895,2026-08-07,UK,Desktop,633,18.0,9,117,7.69,2026-08-07 15:58:00
KP006517,KW11341,2026-08-08,AU,Mobile,1859,15.0,50,697,7.17,2026-08-08 16:48:00
KP006518,KW11039,2026-08-09,DE,Desktop,2058,7.0,117,1020,11.47,2026-08-09 04:27:00
KP006519,KW10233,2026-08-10,IN,Desktop,3473,37.0,78,1449,5.38,2026-08-10 08:34:00
KP006520,KW11577,2026-08-11,JP,Mobile,970,48.0,5,149,3.36,2026-08-11 23:12:00
KP006521,KW10067,2026-08-12,MX,Desktop,2652,22.0,17,260,6.54,2026-08-12 18:38:00
KP006522,KW10305,2026-08-13,FR,Desktop,3013,29.0,88,1289,6.83,2026-08-13 02:21:00
KP006523,KW11242,2026-08-14,UK,Desktop,1170,36.0,24,508,4.72,2026-08-14 01:30:00
KP006524,KW10825,2026-08-15,FR,Mobile,3329,20.0,86,1477,5.82,2026-08-15 16:43:00
KP006525,KW11099,2026-08-16,US,Tablet,3784,42.0,80,1904,4.2,2026-08-16 19:21:00
KP006526,KW10300,2026-08-17,IN,Desktop,746,23.0,26,361,7.2,2026-08-17 08:33:00
KP006527,KW10352,2026-08-18,JP,Mobile,3452,34.0,68,1715,3.97,2026-08-18 19:09:00
KP006528,KW11544,2026-08-19,JP,Mobile,826,38.0,5,155,3.23,2026-08-19 19:16:00
KP006529,KW10803,2026-08-20,IN,Mobile,633,11.0,5,63,7.94,2026-08-20 08:14:00
KP006530,KW10635,2026-08-21,MX,Mobile,2708,47.0,35,1056,3.31,2026-08-21 04:34:00
KP006531,KW10313,2026-08-22,JP,Mobile,8717,13.0,67,878,7.63,2026-08-22 21:08:00
KP006532,KW11969,2026-08-23,MX,Desktop,4881,16.0,179,2494,7.18,2026-08-23 18:54:00
KP006533,KW10083,2026-08-24,IN,Mobile,1800,8.0,107,920,11.63,2026-08-24 11:02:00
KP006534,KW11889,2026-08-25,JP,Mobile,7808,48.0,120,3033,3.96,2026-08-25 07:05:00
KP006535,KW10831,2026-08-26,MX,Mobile,13833,15.0,68,842,8.08,2026-08-26 14:02:00
KP006536,KW10266,2026-08-27,MX,Desktop,4405,48.0,15,412,3.64,2026-08-27 12:15:00
KP006537,KW10277,2026-08-28,CA,Mobile,2342,36.0,67,1287,5.21,2026-08-28 11:33:00
KP006538,KW11528,2026-08-29,BR,Mobile,1656,36.0,32,630,5.08,2026-08-29 00:35:00
KP006539,KW11491,2026-08-30,AU,Mobile,3064,24.0,35,691,5.07,2026-08-30 18:27:00
KP006540,KW11824,2026-08-31,CA,Desktop,5295,18.0,155,2616,5.93,2026-08-31 20:35:00
KP006541,KW11184,2026-09-01,IN,Desktop,6365,1.0,433,1524,28.41,2026-09-01 11:32:00
KP006542,KW11004,2026-09-02,JP,Mobile,7733,10.0,300,3325,9.02,2026-09-02 11:05:00
KP006543,KW10472,2026-09-03,AU,Mobile,589,35.0,6,175,3.43,2026-09-03 04:42:00
KP006544,KW11246,2026-09-04,AU,Desktop,447,29.0,6,113,5.31,2026-09-04 07:20:00
KP006545,KW10282,2026-09-05,CA,Desktop,13340,3.0,295,1476,19.99,2026-09-05 03:09:00
KP006546,KW11522,2026-09-06,US,Mobile,3670,7.0,66,463,14.25,2026-09-06 17:14:00
KP006547,KW10286,2026-09-07,UK,Mobile,2414,38.0,35,950,3.68,2026-09-07 03:46:00
KP006548,KW10938,2026-09-08,FR,Mobile,3594,16.0,127,1823,6.97,2026-09-08 16:31:00
KP006549,KW11994,2026-09-09,UK,Desktop,1534,8.0,59,522,11.3,2026-09-09 07:09:00
KP006550,KW10389,2026-09-10,UK,Mobile,954,14.0,43,507,8.48,2026-09-10 00:21:00
KP006551,KW11231,2026-09-11,AU,Desktop,8330,25.0,71,966,7.35,2026-09-11 18:22:00
KP006552,KW10004,2026-09-12,CA,Mobile,2159,45.0,54,1115,4.84,2026-09-12 17:26:00
KP006553,KW10136,2026-09-13,US,Desktop,2206,4.0,29,208,13.94,2026-09-13 08:09:00
KP006554,KW10979,2026-09-14,BR,Mobile,1860,24.0,24,489,4.91,2026-09-14 00:51:00
KP006555,KW11127,2026-09-15,AU,Desktop,3018,38.0,81,1473,5.5,2026-09-15 03:07:00
KP006556,KW10604,2026-09-16,AU,Desktop,3042,19.0,65,938,6.93,2026-09-16 07:02:00
KP006557,KW10358,2026-09-17,BR,Desktop,1524,43.0,6,131,4.58,2026-09-17 00:38:00
KP006558,KW11329,2026-09-18,FR,Desktop,1888,39.0,31,797,3.89,2026-09-18 08:51:00
KP006559,KW10394,2026-09-19,US,Mobile,1155,32.0,14,356,3.93,2026-09-19 22:34:00
KP006560,KW11918,2026-09-20,IN,Desktop,4402,24.0,63,1096,5.75,2026-09-20 15:32:00
KP006561,KW10627,2026-09-21,UK,Desktop,2762,33.0,60,1218,4.93,2026-09-21 03:52:00
KP006562,KW10269,2026-09-22,IN,Desktop,7107,47.0,145,3786,3.83,2026-09-22 07:46:00
KP006563,KW11934,2026-09-23,CA,Desktop,4167,42.0,19,427,4.45,2026-09-23 08:56:00
KP006564,KW11599,2026-09-24,CA,Mobile,1331,1.0,36,111,32.43,2026-09-24 08:03:00
KP006565,KW11515,2026-09-25,UK,Desktop,8159,40.0,147,3113,4.72,2026-09-25 12:33:00
KP006566,KW10072,2026-09-26,BR,Desktop,2209,17.0,72,797,9.03,2026-09-26 18:23:00
KP006567,KW11619,2026-09-27,CA,Desktop,9045,11.0,267,2640,10.11,2026-09-27 17:04:00
KP006568,KW10187,2026-09-28,US,Mobile,1179,25.0,32,541,5.91,2026-09-28 19:03:00
KP006569,KW10721,2026-09-29,US,Desktop,1739,31.0,24,440,5.45,2026-09-29 09:06:00
KP006570,KW11317,2026-09-30,CA,Desktop,1567,1.0,121,406,29.8,2026-09-30 12:11:00
KP006814,KW11121,2026-06-01,CA,Mobile,2716,30.0,58,1017,5.7,2026-06-01 03:34:00
KP006815,KW10327,2026-06-02,IN,Mobile,7209,37.0,161,2698,5.97,2026-06-02 00:11:00
KP006816,KW10824,2026-06-03,BR,Mobile,4134,11.0,116,1444,8.03,2026-06-03 19:54:00
KP006817,KW10619,2026-06-04,BR,Mobile,7523,34.0,173,3867,4.47,2026-06-04 05:19:00
KP006818,KW10915,2026-06-05,DE,Mobile,3486,45.0,68,1847,3.68,2026-06-05 07:35:00
KP006819,KW10630,2026-06-06,BR,Mobile,2607,8.0,132,1173,11.25,2026-06-06 05:41:00
KP006820,KW10159,2026-06-07,JP,Mobile,1338,7.0,100,675,14.81,2026-06-07 06:04:00
KP006821,KW10749,2026-06-08,IN,Desktop,456,45.0,2,61,3.28,2026-06-08 14:31:00
KP006822,KW11389,2026-06-09,CA,Desktop,1714,44.0,12,276,4.35,2026-06-09 14:15:00
KP006823,KW10619,2026-06-10,UK,Mobile,939,30.0,10,223,4.48,2026-06-10 15:30:00
KP006824,KW11547,2026-06-11,CA,Tablet,5494,19.0,24,324,7.41,2026-06-11 18:51:00
KP006825,KW10143,2026-06-12,FR,Desktop,271,42.0,3,81,3.7,2026-06-12 16:45:00
KP006826,KW10743,2026-06-13,AU,Mobile,10544,24.0,196,2651,7.39,2026-06-13 21:57:00
KP006827,KW11717,2026-06-14,AU,Desktop,8176,12.0,336,4042,8.31,2026-06-14 15:58:00
KP006828,KW11100,2026-06-15,DE,Desktop,895,37.0,3,53,5.66,2026-06-15 17:36:00
KP006829,KW11760,2026-06-16,US,Desktop,405,36.0,10,204,4.9,2026-06-16 19:03:00
KP006830,KW11331,2026-06-17,FR,Mobile,680,31.0,10,201,4.98,2026-06-17 02:29:00
KP006831,KW11531,2026-06-18,AU,Mobile,1480,41.0,25,526,4.75,2026-06-18 03:19:00
KP006832,KW11627,2026-06-19,JP,Mobile,1868,28.0,41,662,6.19,2026-06-19 00:47:00
KP006833,KW11143,2026-06-20,BR,Desktop,1884,36.0,53,957,5.54,2026-06-20 18:17:00
KP006834,KW10767,2026-06-21,BR,Mobile,671,10.0,11,108,10.19,2026-06-21 01:03:00
KP006835,KW11371,2026-06-22,JP,Mobile,6725,9.0,208,2308,9.01,2026-06-22 15:13:00
KP006836,KW10516,2026-06-23,US,Desktop,5116,27.0,153,2267,6.75,2026-06-23 08:30:00
KP006837,KW10312,2026-06-24,CA,Mobile,1672,20.0,44,640,6.88,2026-06-24 18:04:00
KP006838,KW10020,2026-06-25,JP,Mobile,5619,46.0,108,2796,3.86,2026-06-25 15:15:00
KP006839,KW10916,2026-06-26,FR,Desktop,2337,13.0,40,474,8.44,2026-06-26 12:50:00
KP006840,KW11234,2026-06-27,JP,Desktop,5628,29.0,56,1150,4.87,2026-06-27 09:03:00
KP006841,KW11836,2026-06-28,UK,Mobile,1993,34.0,40,992,4.03,2026-06-28 15:39:00
KP006842,KW11681,2026-06-29,BR,Mobile,4889,38.0,134,2408,5.56,2026-06-29 11:11:00
KP006843,KW10850,2026-06-30,BR,Desktop,2558,5.0,95,804,11.82,2026-06-30 23:42:00
KP006844,KW10609,2026-07-01,MX,Desktop,6671,6.0,429,2649,16.19,2026-07-01 04:24:00
KP006845,KW11569,2026-07-02,DE,Desktop,4323,23.0,24,387,6.2,2026-07-02 20:05:00
KP006846,KW11255,2026-07-03,MX,Mobile,2119,46.0,37,929,3.98,2026-07-03 05:25:00
KP006847,KW11518,2026-07-04,AU,Tablet,1427,34.0,18,398,4.52,2026-07-04 09:59:00
KP006848,KW11233,2026-07-05,BR,Mobile,14950,15.0,604,7093,8.52,2026-07-05 21:54:00
KP006849,KW11911,2026-07-06,UK,Mobile,3624,28.0,44,699,6.29,2026-07-06 23:57:00
KP006850,KW10671,2026-07-07,IN,Tablet,3643,36.0,113,1877,6.02,2026-07-07 06:43:00
KP006851,KW10545,2026-07-08,UK,Mobile,4590,32.0,76,1667,4.56,2026-07-08 19:34:00
KP006852,KW10438,2026-07-09,UK,Mobile,2211,28.0,53,1136,4.67,2026-07-09 23:20:00
KP006853,KW11819,2026-07-10,UK,Mobile,1673,1.0,285,870,32.76,2026-07-10 00:55:00
KP006854,KW10766,2026-07-11,DE,Mobile,2360,38.0,47,818,5.75,2026-07-11 02:48:00
KP006855,KW11170,2026-07-12,IN,Mobile,630,38.0,4,81,4.94,2026-07-12 06:02:00
KP006856,KW11209,2026-07-13,MX,Desktop,3831,24.0,54,839,6.44,2026-07-13 11:13:00
KP006857,KW10233,2026-07-14,FR,Mobile,1154,21.0,20,375,5.33,2026-07-14 13:47:00
KP006858,KW10871,2026-07-15,AU,Mobile,3223,30.0,93,1725,5.39,2026-07-15 00:20:00
KP006859,KW11506,2026-07-16,CA,Mobile,2616,1.0,425,1216,34.95,2026-07-16 07:52:00
KP006860,KW10399,2026-07-17,IN,Desktop,947,50.0,7,157,4.46,2026-07-17 16:34:00
KP006861,KW11855,2026-07-18,BR,Mobile,4423,13.0,144,1583,9.1,2026-07-18 22:27:00
KP006862,KW11015,2026-07-19,UK,Desktop,6995,10.0,229,2966,7.72,2026-07-19 02:47:00
KP006863,KW11309,2026-07-20,CA,Mobile,11713,49.0,286,5912,4.84,2026-07-20 16:45:00
KP006864,KW11527,2026-07-21,JP,Mobile,9761,44.0,26,513,5.07,2026-07-21 08:49:00
KP006865,KW11218,2026-07-22,JP,Desktop,717,35.0,7,185,3.78,2026-07-22 18:20:00
KP006866,KW11297,2026-07-23,JP,Mobile,12689,26.0,68,1439,4.73,2026-07-23 13:53:00
KP006867,KW10595,2026-07-24,DE,Desktop,489,25.0,6,130,4.62,2026-07-24 14:04:00
KP006868,KW11611,2026-07-25,US,Mobile,2472,22.0,76,1078,7.05,2026-07-25 04:46:00
KP006869,KW10919,2026-07-26,FR,Mobile,914,50.0,4,156,2.56,2026-07-26 13:36:00
KP006870,KW10887,2026-07-27,IN,Mobile,8479,13.0,67,978,6.85,2026-07-27 18:28:00
KP006871,KW10614,2026-07-28,UK,Mobile,5983,39.0,99,1906,5.19,2026-07-28 06:52:00
KP006872,KW11893,2026-07-29,DE,Desktop,6774,26.0,42,807,5.2,2026-07-29 13:31:00
KP006873,KW11576,2026-07-30,UK,Mobile,4307,12.0,23,230,10.0,2026-07-30 01:11:00
KP006874,KW10115,2026-07-31,FR,Desktop,6332,41.0,148,3312,4.47,2026-07-31 15:59:00
KP006875,KW10492,2026-08-01,US,Desktop,5012,12.0,89,1296,6.87,2026-08-01 21:29:00
KP006876,KW11992,2026-08-02,IN,Mobile,2498,39.0,40,1072,3.73,2026-08-02 14:11:00
KP006877,KW10522,2026-08-03,UK,Tablet,4756,6.0,157,1087,14.44,2026-08-03 02:21:00
KP006878,KW10231,2026-08-04,BR,Desktop,2152,48.0,11,231,4.76,2026-08-04 06:41:00
KP006879,KW11066,2026-08-05,AU,Desktop,12085,46.0,90,2311,3.89,2026-08-05 19:09:00
KP006880,KW11002,2026-08-06,DE,Desktop,9129,50.0,147,3115,4.72,2026-08-06 16:56:00
KP006881,KW11676,2026-08-07,CA,Tablet,11610,16.0,168,2160,7.78,2026-08-07 01:08:00
KP006882,KW10986,2026-08-08,CA,Desktop,4766,29.0,59,1159,5.09,2026-08-08 06:03:00
KP006883,KW11674,2026-08-09,BR,Mobile,822,16.0,3,65,4.62,2026-08-09 12:01:00
KP006884,KW10553,2026-08-10,MX,Mobile,2768,36.0,68,1378,4.93,2026-08-10 22:08:00
KP006885,KW11971,2026-08-11,CA,Mobile,466,39.0,7,188,3.72,2026-08-11 21:42:00
KP006886,KW10882,2026-08-12,AU,Desktop,13664,13.0,471,6718,7.01,2026-08-12 05:32:00
KP006887,KW11470,2026-08-13,UK,Mobile,4185,11.0,75,716,10.47,2026-08-13 15:11:00
KP006888,KW11794,2026-08-14,JP,Desktop,7083,19.0,160,2830,5.65,2026-08-14 04:12:00
KP006889,KW10762,2026-08-15,US,Desktop,6721,28.0,144,2209,6.52,2026-08-15 16:33:00
KP006890,KW10927,2026-08-16,US,Desktop,4033,42.0,103,2030,5.07,2026-08-16 21:39:00
KP006891,KW10346,2026-08-17,DE,Mobile,4084,47.0,82,2043,4.01,2026-08-17 12:01:00
KP006892,KW11259,2026-08-18,CA,Mobile,2232,15.0,63,741,8.5,2026-08-18 16:01:00
KP006893,KW11758,2026-08-19,MX,Mobile,1499,20.0,37,526,7.03,2026-08-19 07:31:00
KP006894,KW11368,2026-08-20,JP,Mobile,4998,37.0,109,2209,4.93,2026-08-20 07:46:00
KP006895,KW10814,2026-08-21,AU,Desktop,1942,24.0,44,801,5.49,2026-08-21 02:02:00
KP006896,KW11759,2026-08-22,US,Mobile,2440,16.0,47,608,7.73,2026-08-22 10:09:00
KP006897,KW11065,2026-08-23,FR,Tablet,1983,42.0,34,740,4.59,2026-08-23 03:56:00
KP006898,KW10284,2026-08-24,JP,Mobile,3994,20.0,98,1798,5.45,2026-08-24 22:45:00
KP006899,KW10076,2026-08-25,JP,Mobile,5382,1.0,505,1443,35.0,2026-08-25 01:37:00
KP006900,KW11074,2026-08-26,FR,Mobile,2652,47.0,33,730,4.52,2026-08-26 23:02:00
KP006901,KW10442,2026-08-27,UK,Mobile,2004,46.0,13,355,3.66,2026-08-27 12:55:00
KP006902,KW11552,2026-08-28,UK,Mobile,1154,48.0,3,100,3.0,2026-08-28 10:25:00
KP006903,KW10784,2026-08-29,DE,Mobile,3613,29.0,99,1616,6.13,2026-08-29 22:16:00
KP006904,KW10841,2026-08-30,JP,Desktop,769,30.0,17,305,5.57,2026-08-30 16:42:00
KP006905,KW10545,2026-08-31,DE,Mobile,1921,15.0,77,935,8.24,2026-08-31 23:59:00
KP006906,KW10616,2026-09-01,DE,Mobile,6345,21.0,53,818,6.48,2026-09-01 12:42:00
KP006907,KW11183,2026-09-02,MX,Desktop,2846,36.0,10,175,5.71,2026-09-02 18:36:00
KP006908,KW10714,2026-09-03,DE,Mobile,5804,25.0,53,908,5.84,2026-09-03 00:51:00
KP006909,KW10632,2026-09-04,BR,Desktop,4065,3.0,274,1152,23.78,2026-09-04 02:34:00
KP006910,KW10304,2026-09-05,US,Mobile,4796,11.0,151,2006,7.53,2026-09-05 10:53:00
KP006911,KW11818,2026-09-06,JP,Mobile,3189,39.0,41,1007,4.07,2026-09-06 22:01:00
KP006912,KW10969,2026-09-07,UK,Mobile,10029,32.0,56,1011,5.54,2026-09-07 02:53:00
KP006913,KW10820,2026-09-08,CA,Desktop,13316,3.0,378,1796,21.05,2026-09-08 03:37:00
KP006914,KW10300,2026-09-09,US,Desktop,3694,11.0,158,1573,10.04,2026-09-09 05:56:00
KP006915,KW10044,2026-09-10,IN,Desktop,3993,44.0,76,1486,5.11,2026-09-10 04:19:00
KP006916,KW11960,2026-09-11,IN,Mobile,2387,4.0,116,765,15.16,2026-09-11 16:11:00
KP006917,KW11828,2026-09-12,UK,Tablet,6610,50.0,91,2029,4.48,2026-09-12 20:12:00
KP006918,KW11673,2026-09-13,JP,Desktop,1519,24.0,9,179,5.03,2026-09-13 12:09:00
KP006919,KW10036,2026-09-14,MX,Desktop,5485,26.0,112,2504,4.47,2026-09-14 19:54:00
KP006920,KW11250,2026-09-15,US,Mobile,15186,45.0,246,5212,4.72,2026-09-15 15:35:00
KP006921,KW11946,2026-09-16,DE,Mobile,12605,32.0,278,5334,5.21,2026-09-16 18:34:00
KP006922,KW10065,2026-09-17,UK,Desktop,5443,21.0,183,2356,7.77,2026-09-17 21:24:00
KP006923,KW10729,2026-09-18,DE,Desktop,1709,11.0,43,399,10.78,2026-09-18 13:51:00
KP006924,KW10573,2026-09-19,BR,Mobile,1229,38.0,24,610,3.93,2026-09-19 12:45:00
KP006925,KW10610,2026-09-20,IN,Mobile,3998,6.0,74,472,15.68,2026-09-20 23:38:00
KP006926,KW11833,2026-09-21,MX,Desktop,1345,28.0,6,125,4.8,2026-09-21 05:36:00
KP006927,KW11862,2026-09-22,CA,Mobile,982,45.0,10,264,3.79,2026-09-22 05:28:00
KP006928,KW11114,2026-09-23,CA,Desktop,18973,9.0,495,5341,9.27,2026-09-23 15:50:00
KP006929,KW11157,2026-09-24,AU,Mobile,12062,20.0,201,2809,7.16,2026-09-24 23:34:00
KP006930,KW11127,2026-09-25,AU,Desktop,4129,13.0,121,1625,7.45,2026-09-25 01:30:00
KP006931,KW10299,2026-09-26,JP,Mobile,1867,37.0,26,561,4.63,2026-09-26 08:24:00
KP006932,KW11711,2026-09-27,CA,Desktop,911,7.0,46,447,10.29,2026-09-27 07:55:00
KP006933,KW11847,2026-09-28,MX,Mobile,999,46.0,18,384,4.69,2026-09-28 00:14:00
KP006934,KW11277,2026-09-29,FR,Mobile,2073,48.0,34,989,3.44,2026-09-29 01:21:00
KP006935,KW10338,2026-09-30,CA,Mobile,5165,1.0,667,1908,34.96,2026-09-30 15:03:00
KP007179,KW11854,2026-06-01,FR,Mobile,2982,27.0,32,653,4.9,2026-06-01 16:50:00
KP007180,KW11432,2026-06-02,AU,Mobile,1088,5.0,56,358,15.64,2026-06-02 10:50:00
KP007181,KW11338,2026-06-03,AU,Desktop,4778,21.0,201,2489,8.08,2026-06-03 03:42:00
KP007182,KW10045,2026-06-04,BR,Desktop,351,12.0,7,97,7.22,2026-06-04 09:20:00
KP007183,KW11846,2026-06-05,DE,Desktop,524,35.0,14,282,4.96,2026-06-05 02:46:00
KP007184,KW10596,2026-06-06,DE,Desktop,2110,10.0,70,904,7.74,2026-06-06 08:58:00
KP007185,KW10478,2026-06-07,JP,Desktop,11116,26.0,287,4462,6.43,2026-06-07 13:36:00
KP007186,KW11643,2026-06-08,AU,Mobile,2047,47.0,4,109,3.67,2026-06-08 10:21:00
KP007187,KW11383,2026-06-09,IN,Desktop,16871,6.0,338,2618,12.91,2026-06-09 06:51:00
KP007188,KW10032,2026-06-10,UK,Desktop,1770,1.0,122,428,28.5,2026-06-10 13:28:00
KP007189,KW11118,2026-06-11,FR,Mobile,3202,27.0,62,964,6.43,2026-06-11 12:29:00
KP007190,KW11492,2026-06-12,FR,Mobile,2108,36.0,45,1028,4.38,2026-06-12 20:13:00
KP007191,KW10105,2026-06-13,AU,Desktop,10331,28.0,249,3685,6.76,2026-06-13 12:23:00
KP007192,KW11461,2026-06-14,JP,Desktop,2529,16.0,29,501,5.79,2026-06-14 11:30:00
KP007193,KW11235,2026-06-15,JP,Desktop,5842,5.0,127,1135,11.19,2026-06-15 22:18:00
KP007194,KW11338,2026-06-16,UK,Mobile,9592,4.0,190,1051,18.08,2026-06-16 00:52:00
KP007195,KW11672,2026-06-17,DE,Desktop,1290,34.0,16,310,5.16,2026-06-17 03:38:00
KP007196,KW11742,2026-06-18,US,Desktop,3807,50.0,42,1044,4.02,2026-06-18 06:24:00
KP007197,KW10222,2026-06-19,IN,Mobile,3230,28.0,12,305,3.93,2026-06-19 03:27:00
KP007198,KW10599,2026-06-20,JP,Mobile,1986,12.0,67,962,6.96,2026-06-20 17:12:00
KP007199,KW10662,2026-06-21,DE,Tablet,1147,29.0,7,115,6.09,2026-06-21 08:29:00
KP007200,KW11691,2026-06-22,DE,Desktop,452,27.0,10,153,6.54,2026-06-22 11:21:00
KP007201,KW11623,2026-06-23,JP,Mobile,6916,22.0,19,381,4.99,2026-06-23 03:31:00
KP007202,KW11541,2026-06-24,UK,Desktop,11437,5.0,159,910,17.47,2026-06-24 07:31:00
KP007203,KW10153,2026-06-25,DE,Mobile,2142,42.0,12,344,3.49,2026-06-25 20:42:00
KP007204,KW10499,2026-06-26,JP,Desktop,1690,16.0,30,394,7.61,2026-06-26 02:38:00
KP007205,KW10148,2026-06-27,AU,Mobile,464,40.0,8,154,5.19,2026-06-27 13:20:00
KP007206,KW11899,2026-06-28,AU,Desktop,3828,48.0,68,1741,3.91,2026-06-28 04:36:00
KP007207,KW11982,2026-06-29,AU,Desktop,2540,22.0,54,780,6.92,2026-06-29 00:09:00
KP007208,KW11880,2026-06-30,JP,Mobile,4088,26.0,38,735,5.17,2026-06-30 14:41:00
KP007209,KW10059,2026-07-01,US,Mobile,2843,49.0,39,942,4.14,2026-07-01 02:40:00
KP007210,KW10608,2026-07-02,IN,Desktop,1335,35.0,3,85,3.53,2026-07-02 18:35:00
KP007211,KW11888,2026-07-03,CA,Mobile,2259,47.0,43,853,5.04,2026-07-03 08:38:00
KP007212,KW11452,2026-07-04,AU,Desktop,2766,15.0,40,503,7.95,2026-07-04 03:26:00
KP007213,KW10704,2026-07-05,JP,Desktop,2965,41.0,45,866,5.2,2026-07-05 15:50:00
KP007214,KW11712,2026-07-06,DE,Desktop,1642,26.0,57,857,6.65,2026-07-06 10:44:00
KP007215,KW11333,2026-07-07,IN,Mobile,9618,34.0,168,3066,5.48,2026-07-07 20:18:00
KP007216,KW11376,2026-07-08,IN,Desktop,1243,16.0,38,638,5.96,2026-07-08 16:26:00
KP007217,KW11228,2026-07-09,DE,Mobile,16275,24.0,334,7148,4.67,2026-07-09 13:08:00
KP007218,KW10717,2026-07-10,CA,Desktop,3164,26.0,51,983,5.19,2026-07-10 10:20:00
KP007219,KW10781,2026-07-11,CA,Mobile,3686,4.0,105,849,12.37,2026-07-11 16:56:00
KP007220,KW10809,2026-07-12,MX,Mobile,7713,3.0,508,3350,15.16,2026-07-12 14:46:00
KP007221,KW11730,2026-07-13,CA,Mobile,4991,45.0,86,2078,4.14,2026-07-13 22:02:00
KP007222,KW10761,2026-07-14,MX,Mobile,3531,19.0,113,1445,7.82,2026-07-14 05:24:00
KP007223,KW10599,2026-07-15,JP,Mobile,28847,11.0,1520,15113,10.06,2026-07-15 20:50:00
KP007224,KW10678,2026-07-16,BR,Mobile,1595,14.0,22,229,9.61,2026-07-16 14:02:00
KP007225,KW11857,2026-07-17,BR,Mobile,3891,36.0,60,1314,4.57,2026-07-17 18:41:00
KP007226,KW11598,2026-07-18,AU,Mobile,1795,36.0,31,700,4.43,2026-07-18 20:37:00
KP007227,KW10949,2026-07-19,JP,Desktop,499,41.0,2,46,4.35,2026-07-19 01:46:00
KP007228,KW11617,2026-07-20,AU,Desktop,11569,50.0,114,2764,4.12,2026-07-20 00:52:00
KP007229,KW10289,2026-07-21,JP,Tablet,18181,42.0,325,8119,4.0,2026-07-21 20:04:00
KP007230,KW11956,2026-07-22,MX,Desktop,7160,22.0,36,582,6.19,2026-07-22 21:13:00
KP007231,KW10480,2026-07-23,DE,Desktop,5877,8.0,315,2393,13.16,2026-07-23 07:52:00
KP007232,KW10637,2026-07-24,MX,Desktop,2669,2.0,370,1253,29.53,2026-07-24 09:18:00
KP007233,KW11237,2026-07-25,US,Mobile,3354,10.0,109,1436,7.59,2026-07-25 16:49:00
KP007234,KW11142,2026-07-26,BR,Desktop,2903,7.0,164,1539,10.66,2026-07-26 10:23:00
KP007235,KW10294,2026-07-27,JP,Desktop,2191,2.0,179,671,26.68,2026-07-27 07:15:00
KP007236,KW10672,2026-07-28,IN,Desktop,4247,27.0,90,1718,5.24,2026-07-28 22:47:00
KP007237,KW11292,2026-07-29,MX,Desktop,2328,1.0,89,257,34.63,2026-07-29 17:55:00
KP007238,KW10633,2026-07-30,AU,Mobile,6794,37.0,168,3073,5.47,2026-07-30 11:12:00
KP007239,KW11624,2026-07-31,FR,Desktop,1142,42.0,18,355,5.07,2026-07-31 03:30:00
KP007240,KW10718,2026-08-01,AU,Mobile,2188,41.0,43,911,4.72,2026-08-01 18:01:00
KP007241,KW11832,2026-08-02,FR,Desktop,3597,30.0,44,1060,4.15,2026-08-02 17:25:00
KP007242,KW10622,2026-08-03,DE,Desktop,508,22.0,8,118,6.78,2026-08-03 16:43:00
KP007243,KW10647,2026-08-04,JP,Tablet,12600,1.0,1231,3519,34.98,2026-08-04 21:26:00
KP007244,KW10849,2026-08-05,AU,Desktop,3723,46.0,74,1772,4.18,2026-08-05 10:14:00
KP007245,KW11778,2026-08-06,UK,Desktop,2241,49.0,50,985,5.08,2026-08-06 20:58:00
KP007246,KW11833,2026-08-07,JP,Mobile,1101,10.0,12,118,10.17,2026-08-07 16:13:00
KP007247,KW10213,2026-08-08,DE,Mobile,1489,34.0,27,590,4.58,2026-08-08 09:23:00
KP007248,KW11144,2026-08-09,AU,Mobile,3438,15.0,117,1501,7.79,2026-08-09 06:13:00
KP007249,KW10320,2026-08-10,JP,Mobile,8198,28.0,46,810,5.68,2026-08-10 20:24:00
KP007250,KW11581,2026-08-11,IN,Desktop,4809,18.0,210,2562,8.2,2026-08-11 16:01:00
KP007251,KW11714,2026-08-12,IN,Mobile,3867,44.0,27,613,4.4,2026-08-12 11:33:00
KP007252,KW10899,2026-08-13,FR,Desktop,817,1.0,107,403,26.55,2026-08-13 05:39:00
KP007253,KW11040,2026-08-14,JP,Mobile,17260,37.0,125,2298,5.44,2026-08-14 22:36:00
KP007254,KW10208,2026-08-15,MX,Mobile,5049,18.0,45,821,5.48,2026-08-15 08:20:00
KP007255,KW11170,2026-08-16,AU,Mobile,1499,36.0,8,170,4.71,2026-08-16 15:31:00
KP007256,KW11940,2026-08-17,BR,Mobile,721,5.0,29,246,11.79,2026-08-17 20:32:00
KP007257,KW10240,2026-08-18,CA,Desktop,5564,35.0,121,2116,5.72,2026-08-18 08:19:00
KP007258,KW10773,2026-08-19,FR,Desktop,1403,13.0,55,707,7.78,2026-08-19 02:13:00
KP007259,KW10146,2026-08-20,IN,Desktop,4282,44.0,30,684,4.39,2026-08-20 18:13:00
KP007260,KW10146,2026-08-21,US,Desktop,1182,9.0,71,577,12.31,2026-08-21 22:31:00
KP007261,KW11774,2026-08-22,UK,Desktop,1856,3.0,178,978,18.2,2026-08-22 16:46:00
KP007262,KW10071,2026-08-23,MX,Desktop,2037,19.0,12,233,5.15,2026-08-23 13:46:00
KP007263,KW10490,2026-08-24,FR,Mobile,17573,18.0,139,2470,5.63,2026-08-24 13:15:00
KP007264,KW10537,2026-08-25,AU,Desktop,2806,2.0,143,799,17.9,2026-08-25 01:00:00
KP007265,KW11608,2026-08-26,US,Mobile,6670,21.0,44,833,5.28,2026-08-26 21:53:00
KP007266,KW11737,2026-08-27,IN,Desktop,2262,29.0,19,466,4.08,2026-08-27 22:44:00
KP007267,KW10046,2026-08-28,CA,Mobile,2671,47.0,51,1038,4.91,2026-08-28 00:59:00
KP007268,KW10284,2026-08-29,IN,Tablet,8017,26.0,77,1644,4.68,2026-08-29 20:45:00
KP007269,KW10929,2026-08-30,JP,Desktop,3916,15.0,129,1670,7.72,2026-08-30 23:32:00
KP007270,KW10601,2026-08-31,US,Desktop,12623,47.0,226,4831,4.68,2026-08-31 14:09:00
KP007271,KW11016,2026-09-01,IN,Desktop,1845,33.0,14,303,4.62,2026-09-01 19:59:00
KP007272,KW10898,2026-09-02,IN,Mobile,1995,49.0,28,745,3.76,2026-09-02 07:34:00
KP007273,KW11165,2026-09-03,DE,Mobile,10134,38.0,160,3969,4.03,2026-09-03 11:08:00
KP007274,KW10417,2026-09-04,BR,Desktop,1596,18.0,19,254,7.48,2026-09-04 14:13:00
KP007275,KW10461,2026-09-05,AU,Desktop,2030,40.0,25,673,3.71,2026-09-05 19:25:00
KP007276,KW11926,2026-09-06,UK,Mobile,2412,42.0,32,683,4.69,2026-09-06 07:21:00
KP007277,KW11672,2026-09-07,AU,Mobile,9665,3.0,285,1798,15.85,2026-09-07 16:03:00
KP007278,KW10195,2026-09-08,AU,Mobile,11858,26.0,204,4229,4.82,2026-09-08 20:20:00
KP007279,KW10648,2026-09-09,MX,Desktop,2572,42.0,24,689,3.48,2026-09-09 14:50:00
KP007280,KW11561,2026-09-10,US,Mobile,3295,8.0,84,969,8.67,2026-09-10 10:45:00
KP007281,KW10111,2026-09-11,US,Mobile,4092,5.0,260,1762,14.76,2026-09-11 13:06:00
KP007282,KW11755,2026-09-12,MX,Desktop,4577,4.0,119,784,15.18,2026-09-12 23:17:00
KP007283,KW10037,2026-09-13,DE,Desktop,4627,28.0,39,575,6.78,2026-09-13 00:59:00
KP007284,KW11855,2026-09-14,MX,Mobile,3627,17.0,102,1717,5.94,2026-09-14 07:11:00
KP007285,KW10834,2026-09-15,BR,Desktop,502,42.0,6,139,4.32,2026-09-15 22:06:00
KP007286,KW10968,2026-09-16,AU,Mobile,10959,30.0,293,4899,5.98,2026-09-16 06:40:00
KP007287,KW11478,2026-09-17,AU,Desktop,3074,29.0,53,788,6.73,2026-09-17 14:07:00
KP007288,KW10422,2026-09-18,BR,Mobile,1643,44.0,6,143,4.2,2026-09-18 16:19:00
KP007289,KW10802,2026-09-19,BR,Mobile,1351,13.0,36,390,9.23,2026-09-19 12:20:00
KP007290,KW10977,2026-09-20,BR,Desktop,14708,24.0,369,7613,4.85,2026-09-20 13:20:00
KP007291,KW11018,2026-09-21,US,Desktop,849,24.0,35,463,7.56,2026-09-21 14:02:00
KP007292,KW11666,2026-09-22,IN,Desktop,1412,43.0,18,369,4.88,2026-09-22 06:57:00
KP007293,KW10676,2026-09-23,DE,Mobile,4306,41.0,12,255,4.71,2026-09-23 00:43:00
KP007294,KW11964,2026-09-24,CA,Mobile,2540,40.0,42,978,4.29,2026-09-24 19:07:00
KP007295,KW10139,2026-09-25,UK,Tablet,3253,23.0,46,955,4.82,2026-09-25 14:51:00
KP007296,KW11808,2026-09-26,CA,Mobile,2698,42.0,50,1108,4.51,2026-09-26 08:17:00
KP007297,KW10092,2026-09-27,AU,Mobile,10405,31.0,46,832,5.53,2026-09-27 20:50:00
KP007298,KW10394,2026-09-28,BR,Mobile,6641,29.0,123,2998,4.1,2026-09-28 04:19:00
KP007299,KW11412,2026-09-29,MX,Tablet,1935,17.0,63,851,7.4,2026-09-29 13:19:00
KP007300,KW11217,2026-09-30,JP,Desktop,2737,1.0,153,573,26.7,2026-09-30 23:25:00
KP007544,KW11171,2026-06-01,DE,Desktop,4166,14.0,17,230,7.39,2026-06-01 15:51:00
KP007545,KW11651,2026-06-02,DE,Desktop,2665,11.0,27,290,9.31,2026-06-02 23:21:00
KP007546,KW10329,2026-06-03,AU,Desktop,4744,47.0,79,2275,3.47,2026-06-03 02:55:00
KP007547,KW11002,2026-06-04,BR,Mobile,1586,15.0,67,701,9.56,2026-06-04 11:49:00
KP007548,KW10120,2026-06-05,MX,Desktop,2852,24.0,24,364,6.59,2026-06-05 01:12:00
KP007549,KW11241,2026-06-06,BR,Desktop,2595,13.0,50,688,7.27,2026-06-06 07:19:00
KP007550,KW10146,2026-06-07,BR,Mobile,4751,6.0,226,1741,12.98,2026-06-07 22:58:00
KP007551,KW10832,2026-06-08,AU,Mobile,5130,4.0,212,1399,15.15,2026-06-08 09:32:00
KP007552,KW10987,2026-06-09,IN,Tablet,641,40.0,4,98,4.08,2026-06-09 00:58:00
KP007553,KW10844,2026-06-10,UK,Desktop,2947,31.0,36,574,6.27,2026-06-10 11:08:00
KP007554,KW10825,2026-06-11,US,Desktop,1823,28.0,42,824,5.1,2026-06-11 20:55:00
KP007555,KW11831,2026-06-12,BR,Mobile,1062,39.0,7,134,5.22,2026-06-12 15:05:00
KP007556,KW10079,2026-06-13,US,Desktop,6904,16.0,128,1484,8.63,2026-06-13 05:47:00
KP007557,KW10055,2026-06-14,CA,Mobile,2068,9.0,92,835,11.02,2026-06-14 15:47:00
KP007558,KW11257,2026-06-15,CA,Desktop,413,24.0,9,133,6.77,2026-06-15 08:38:00
KP007559,KW10922,2026-06-16,CA,Desktop,1964,26.0,12,226,5.31,2026-06-16 19:09:00
KP007560,KW10460,2026-06-17,AU,Desktop,1211,42.0,7,128,5.47,2026-06-17 15:46:00
KP007561,KW11465,2026-06-18,FR,Mobile,10050,30.0,326,4933,6.61,2026-06-18 20:37:00
KP007562,KW11844,2026-06-19,DE,Desktop,7063,8.0,382,3126,12.22,2026-06-19 10:30:00
KP007563,KW10921,2026-06-20,BR,Desktop,2514,4.0,137,767,17.86,2026-06-20 19:44:00
KP007564,KW11835,2026-06-21,BR,Mobile,11606,3.0,252,1249,20.18,2026-06-21 08:55:00
KP007565,KW11675,2026-06-22,US,Mobile,1929,6.0,26,177,14.69,2026-06-22 05:21:00
KP007566,KW11493,2026-06-23,DE,Mobile,977,31.0,30,465,6.45,2026-06-23 00:54:00
KP007567,KW10160,2026-06-24,MX,Desktop,6110,34.0,132,2367,5.58,2026-06-24 14:20:00
KP007568,KW11712,2026-06-25,IN,Mobile,3452,18.0,68,785,8.66,2026-06-25 12:14:00
KP007569,KW11742,2026-06-26,MX,Desktop,6847,49.0,38,969,3.92,2026-06-26 01:01:00
KP007570,KW10912,2026-06-27,BR,Mobile,10811,29.0,317,5250,6.04,2026-06-27 14:40:00
KP007571,KW10728,2026-06-28,UK,Desktop,1753,7.0,35,318,11.01,2026-06-28 01:03:00
KP007572,KW10305,2026-06-29,BR,Desktop,19162,44.0,105,2934,3.58,2026-06-29 19:10:00
KP007573,KW11678,2026-06-30,JP,Desktop,10495,40.0,152,4210,3.61,2026-06-30 09:03:00
KP007574,KW10036,2026-07-01,DE,Mobile,17088,46.0,229,5649,4.05,2026-07-01 21:06:00
KP007575,KW10430,2026-07-02,IN,Mobile,1238,40.0,7,196,3.57,2026-07-02 12:25:00
KP007576,KW10892,2026-07-03,UK,Desktop,7721,25.0,29,615,4.72,2026-07-03 15:48:00
KP007577,KW10344,2026-07-04,BR,Desktop,2342,15.0,10,124,8.06,2026-07-04 08:01:00
KP007578,KW11085,2026-07-05,FR,Mobile,1466,41.0,7,132,5.3,2026-07-05 13:44:00
KP007579,KW10801,2026-07-06,FR,Desktop,7008,38.0,80,1611,4.97,2026-07-06 21:14:00
KP007580,KW11782,2026-07-07,MX,Mobile,2537,38.0,42,897,4.68,2026-07-07 14:37:00
KP007581,KW11404,2026-07-08,AU,Desktop,772,31.0,15,244,6.15,2026-07-08 01:47:00
KP007582,KW10285,2026-07-09,JP,Mobile,1420,20.0,51,748,6.82,2026-07-09 10:03:00
KP007583,KW11829,2026-07-10,AU,Desktop,12886,31.0,179,3849,4.65,2026-07-10 14:37:00
KP007584,KW11951,2026-07-11,CA,Desktop,2402,8.0,35,354,9.89,2026-07-11 06:31:00
KP007585,KW10571,2026-07-12,JP,Desktop,2252,32.0,43,677,6.35,2026-07-12 02:47:00
KP007586,KW10272,2026-07-13,DE,Mobile,2329,48.0,37,770,4.81,2026-07-13 19:51:00
KP007587,KW10256,2026-07-14,DE,Mobile,5682,8.0,408,2974,13.72,2026-07-14 03:33:00
KP007588,KW11394,2026-07-15,UK,Mobile,4952,23.0,24,321,7.48,2026-07-15 01:48:00
KP007589,KW11420,2026-07-16,FR,Desktop,2946,12.0,48,547,8.78,2026-07-16 17:21:00
KP007590,KW10445,2026-07-17,FR,Desktop,1399,34.0,14,324,4.32,2026-07-17 10:13:00
KP007591,KW11948,2026-07-18,IN,Mobile,5998,42.0,17,397,4.28,2026-07-18 16:32:00
KP007592,KW10693,2026-07-19,BR,Desktop,1494,44.0,17,525,3.24,2026-07-19 16:07:00
KP007593,KW11623,2026-07-20,CA,Mobile,1735,15.0,34,490,6.94,2026-07-20 07:37:00
KP007594,KW11098,2026-07-21,BR,Mobile,6236,25.0,28,507,5.52,2026-07-21 01:09:00
KP007595,KW11478,2026-07-22,BR,Desktop,3500,6.0,170,1626,10.46,2026-07-22 16:59:00
KP007596,KW10797,2026-07-23,AU,Desktop,4113,30.0,87,1620,5.37,2026-07-23 16:52:00
KP007597,KW11710,2026-07-24,AU,Desktop,1698,49.0,8,190,4.21,2026-07-24 05:54:00
KP007598,KW11158,2026-07-25,BR,Desktop,1022,6.0,34,342,9.94,2026-07-25 01:57:00
KP007599,KW11940,2026-07-26,IN,Mobile,1929,39.0,56,979,5.72,2026-07-26 06:28:00
KP007600,KW10834,2026-07-27,FR,Desktop,3681,36.0,57,1241,4.59,2026-07-27 17:21:00
KP007601,KW10093,2026-07-28,BR,Desktop,3261,41.0,51,1231,4.14,2026-07-28 18:53:00
KP007602,KW11326,2026-07-29,FR,Mobile,4780,26.0,110,1960,5.61,2026-07-29 03:58:00
KP007603,KW11082,2026-07-30,CA,Mobile,2349,22.0,42,792,5.3,2026-07-30 19:54:00
KP007604,KW11578,2026-07-31,BR,Desktop,7514,1.0,1163,3325,34.98,2026-07-31 10:27:00
KP007605,KW10131,2026-08-01,DE,Desktop,1507,17.0,36,445,8.09,2026-08-01 22:27:00
KP007606,KW10648,2026-08-02,US,Mobile,1680,18.0,26,376,6.91,2026-08-02 14:54:00
KP007607,KW10867,2026-08-03,FR,Mobile,4965,10.0,163,1350,12.07,2026-08-03 22:16:00
KP007608,KW11109,2026-08-04,US,Mobile,1259,38.0,35,654,5.35,2026-08-04 17:31:00
KP007609,KW10029,2026-08-05,AU,Desktop,2204,34.0,47,965,4.87,2026-08-05 02:57:00
KP007610,KW10485,2026-08-06,AU,Mobile,999,26.0,7,119,5.88,2026-08-06 02:11:00
KP007611,KW11475,2026-08-07,IN,Mobile,1819,8.0,27,229,11.79,2026-08-07 10:09:00
KP007612,KW11366,2026-08-08,JP,Desktop,19576,49.0,93,2069,4.49,2026-08-08 12:42:00
KP007613,KW11618,2026-08-09,US,Desktop,1146,30.0,21,448,4.69,2026-08-09 02:15:00
KP007614,KW10099,2026-08-10,DE,Desktop,4227,5.0,32,236,13.56,2026-08-10 23:20:00
KP007615,KW10608,2026-08-11,BR,Desktop,751,1.0,84,285,29.47,2026-08-11 06:51:00
KP007616,KW11140,2026-08-12,MX,Mobile,1181,27.0,38,578,6.57,2026-08-12 04:55:00
KP007617,KW10235,2026-08-13,CA,Desktop,1058,39.0,14,428,3.27,2026-08-13 15:36:00
KP007618,KW10118,2026-08-14,BR,Desktop,1254,27.0,29,489,5.93,2026-08-14 05:47:00
KP007619,KW11938,2026-08-15,DE,Desktop,837,35.0,24,402,5.97,2026-08-15 15:59:00
KP007620,KW11157,2026-08-16,IN,Desktop,724,27.0,5,100,5.0,2026-08-16 13:21:00
KP007621,KW11490,2026-08-17,MX,Mobile,5191,40.0,14,306,4.58,2026-08-17 22:39:00
KP007622,KW10183,2026-08-18,DE,Mobile,8956,38.0,154,3995,3.85,2026-08-18 10:16:00
KP007623,KW11008,2026-08-19,AU,Desktop,2214,9.0,60,768,7.81,2026-08-19 18:00:00
KP007624,KW10473,2026-08-20,CA,Mobile,1106,46.0,9,246,3.66,2026-08-20 10:53:00
KP007625,KW10033,2026-08-21,AU,Desktop,4383,42.0,94,2000,4.7,2026-08-21 17:03:00
KP007626,KW11481,2026-08-22,AU,Desktop,2293,35.0,18,427,4.22,2026-08-22 00:24:00
KP007627,KW11259,2026-08-23,FR,Desktop,1273,48.0,8,251,3.19,2026-08-23 11:44:00
KP007628,KW10585,2026-08-24,BR,Mobile,959,8.0,7,52,13.46,2026-08-24 18:59:00
KP007629,KW11101,2026-08-25,US,Desktop,3238,9.0,55,474,11.6,2026-08-25 19:15:00
KP007630,KW11816,2026-08-26,US,Desktop,2550,49.0,13,332,3.92,2026-08-26 07:30:00
KP007631,KW11499,2026-08-27,CA,Mobile,1934,21.0,15,234,6.41,2026-08-27 11:31:00
KP007632,KW11117,2026-08-28,BR,Desktop,2443,24.0,70,1178,5.94,2026-08-28 03:14:00
KP007633,KW11761,2026-08-29,UK,Mobile,1264,30.0,23,467,4.93,2026-08-29 10:31:00
KP007634,KW11379,2026-08-30,AU,Mobile,2241,38.0,17,325,5.23,2026-08-30 08:07:00
KP007635,KW10367,2026-08-31,UK,Desktop,1338,2.0,140,653,21.44,2026-08-31 15:05:00
KP007636,KW11836,2026-09-01,US,Mobile,6000,44.0,23,475,4.84,2026-09-01 18:18:00
KP007637,KW10163,2026-09-02,IN,Desktop,958,28.0,17,308,5.52,2026-09-02 14:52:00
KP007638,KW11710,2026-09-03,DE,Mobile,4611,10.0,169,2251,7.51,2026-09-03 07:27:00
KP007639,KW10785,2026-09-04,BR,Mobile,6191,23.0,108,2256,4.79,2026-09-04 08:20:00
KP007640,KW10234,2026-09-05,BR,Desktop,11080,35.0,137,3004,4.56,2026-09-05 22:17:00
KP007641,KW10848,2026-09-06,FR,Desktop,9371,34.0,26,510,5.1,2026-09-06 14:53:00
KP007642,KW11438,2026-09-07,US,Mobile,2199,26.0,8,136,5.88,2026-09-07 20:48:00
KP007643,KW10295,2026-09-08,US,Desktop,9378,30.0,216,3346,6.46,2026-09-08 18:09:00
KP007644,KW11862,2026-09-09,CA,Desktop,4197,14.0,40,401,9.98,2026-09-09 00:58:00
KP007645,KW11458,2026-09-10,MX,Mobile,1739,19.0,39,538,7.25,2026-09-10 04:11:00
KP007646,KW11110,2026-09-11,MX,Mobile,4399,38.0,87,1986,4.38,2026-09-11 12:23:00
KP007647,KW11100,2026-09-12,DE,Desktop,5261,16.0,157,2210,7.1,2026-09-12 22:07:00
KP007648,KW10487,2026-09-13,BR,Mobile,768,20.0,4,59,6.78,2026-09-13 22:49:00
KP007649,KW11154,2026-09-14,IN,Desktop,6038,6.0,276,2051,13.46,2026-09-14 19:29:00
KP007650,KW10504,2026-09-15,FR,Mobile,1687,42.0,26,499,5.21,2026-09-15 05:11:00
KP007651,KW10585,2026-09-16,DE,Desktop,5361,48.0,22,668,3.29,2026-09-16 17:37:00
KP007652,KW10435,2026-09-17,FR,Mobile,19513,43.0,198,5812,3.41,2026-09-17 16:26:00
KP007653,KW11358,2026-09-18,DE,Mobile,4370,32.0,79,1495,5.28,2026-09-18 15:30:00
KP007654,KW11696,2026-09-19,MX,Mobile,5228,11.0,226,2167,10.43,2026-09-19 00:07:00
KP007655,KW10507,2026-09-20,AU,Mobile,1354,37.0,3,94,3.19,2026-09-20 04:36:00
KP007656,KW10046,2026-09-21,US,Mobile,13263,3.0,1161,5817,19.96,2026-09-21 20:03:00
KP007657,KW11543,2026-09-22,US,Desktop,4884,42.0,18,458,3.93,2026-09-22 04:46:00
KP007658,KW11782,2026-09-23,BR,Desktop,3386,43.0,34,779,4.36,2026-09-23 14:44:00
KP007659,KW10236,2026-09-24,JP,Desktop,2921,8.0,23,177,12.99,2026-09-24 03:37:00
KP007660,KW10127,2026-09-25,IN,Desktop,6397,18.0,161,2047,7.87,2026-09-25 07:51:00
KP007661,KW11916,2026-09-26,FR,Desktop,11026,48.0,171,4931,3.47,2026-09-26 07:17:00
KP007662,KW10743,2026-09-27,FR,Desktop,1462,25.0,15,322,4.66,2026-09-27 11:00:00
KP007663,KW11891,2026-09-28,US,Desktop,2983,34.0,43,1058,4.06,2026-09-28 11:18:00
KP007664,KW10313,2026-09-29,BR,Mobile,2611,34.0,45,776,5.8,2026-09-29 01:30:00
KP007665,KW11410,2026-09-30,DE,Desktop,4840,34.0,60,1171,5.12,2026-09-30 10:57:00
KP007909,KW10107,2026-06-01,IN,Mobile,3345,14.0,52,559,9.3,2026-06-01 21:22:00
KP007910,KW10673,2026-06-02,IN,Desktop,906,14.0,8,136,5.88,2026-06-02 22:10:00
KP007911,KW11397,2026-06-03,BR,Mobile,1313,44.0,32,646,4.95,2026-06-03 15:56:00
KP007912,KW11797,2026-06-04,UK,Tablet,6183,6.0,182,1495,12.17,2026-06-04 23:23:00
KP007913,KW10248,2026-06-05,MX,Mobile,369,16.0,9,125,7.2,2026-06-05 23:18:00
KP007914,KW10478,2026-06-06,FR,Desktop,5272,29.0,51,1183,4.31,2026-06-06 06:17:00
KP007915,KW10408,2026-06-07,AU,Mobile,6883,32.0,126,1982,6.36,2026-06-07 06:00:00
KP007916,KW10312,2026-06-08,BR,Desktop,16614,43.0,245,6031,4.06,2026-06-08 21:12:00
KP007917,KW10787,2026-06-09,BR,Desktop,3107,32.0,67,1376,4.87,2026-06-09 19:56:00
KP007918,KW11079,2026-06-10,UK,Desktop,6504,48.0,107,2198,4.87,2026-06-10 15:07:00
KP007919,KW10666,2026-06-11,US,Desktop,4000,12.0,25,332,7.53,2026-06-11 06:40:00
KP007920,KW11331,2026-06-12,JP,Desktop,10805,12.0,215,2064,10.42,2026-06-12 10:54:00
KP007921,KW10940,2026-06-13,JP,Mobile,1653,2.0,113,413,27.36,2026-06-13 22:27:00
KP007922,KW11071,2026-06-14,FR,Mobile,363,16.0,3,51,5.88,2026-06-14 06:24:00
KP007923,KW11476,2026-06-15,AU,Desktop,3566,29.0,90,1575,5.71,2026-06-15 10:46:00
KP007924,KW10026,2026-06-16,DE,Mobile,652,12.0,23,214,10.75,2026-06-16 22:48:00
KP007925,KW11636,2026-06-17,US,Desktop,3223,38.0,81,1728,4.69,2026-06-17 19:05:00
KP007926,KW10347,2026-06-18,BR,Mobile,671,12.0,5,61,8.2,2026-06-18 11:05:00
KP007927,KW10510,2026-06-19,CA,Desktop,3715,45.0,61,1829,3.34,2026-06-19 16:01:00
KP007928,KW11476,2026-06-20,UK,Desktop,2675,23.0,11,238,4.62,2026-06-20 02:38:00
KP007929,KW11487,2026-06-21,MX,Mobile,871,21.0,31,399,7.77,2026-06-21 12:16:00
KP007930,KW11839,2026-06-22,IN,Mobile,5093,21.0,45,782,5.75,2026-06-22 03:37:00
KP007931,KW11637,2026-06-23,IN,Mobile,171,1.0,15,44,34.09,2026-06-23 00:04:00
KP007932,KW10048,2026-06-24,US,Desktop,1296,24.0,17,353,4.82,2026-06-24 08:30:00
KP007933,KW11469,2026-06-25,JP,Mobile,4064,38.0,57,1343,4.24,2026-06-25 01:00:00
KP007934,KW11814,2026-06-26,CA,Mobile,5162,2.0,177,831,21.3,2026-06-26 16:34:00
KP007935,KW11142,2026-06-27,MX,Mobile,5108,36.0,158,2732,5.78,2026-06-27 14:57:00
KP007936,KW11062,2026-06-28,MX,Mobile,3381,39.0,25,599,4.17,2026-06-28 13:50:00
KP007937,KW10642,2026-06-29,DE,Mobile,3984,4.0,225,1632,13.79,2026-06-29 19:39:00
KP007938,KW11190,2026-06-30,FR,Desktop,13578,20.0,82,1034,7.93,2026-06-30 04:35:00
KP007939,KW10680,2026-07-01,JP,Mobile,2709,44.0,36,756,4.76,2026-07-01 20:46:00
KP007940,KW11897,2026-07-02,AU,Mobile,13312,11.0,340,3472,9.79,2026-07-02 19:28:00
KP007941,KW11151,2026-07-03,MX,Desktop,1109,35.0,17,424,4.01,2026-07-03 08:33:00
KP007942,KW11593,2026-07-04,DE,Mobile,1919,5.0,104,839,12.4,2026-07-04 04:09:00
KP007943,KW10397,2026-07-05,AU,Mobile,2493,35.0,63,1231,5.12,2026-07-05 10:59:00
KP007944,KW10908,2026-07-06,DE,Tablet,1002,33.0,5,83,6.02,2026-07-06 18:08:00
KP007945,KW11069,2026-07-07,JP,Mobile,11277,29.0,203,3137,6.47,2026-07-07 08:40:00
KP007946,KW11108,2026-07-08,CA,Desktop,23441,25.0,325,4762,6.82,2026-07-08 10:21:00
KP007947,KW10491,2026-07-09,BR,Desktop,2969,27.0,91,1576,5.77,2026-07-09 04:41:00
KP007948,KW10048,2026-07-10,UK,Mobile,5690,31.0,75,1824,4.11,2026-07-10 21:37:00
KP007949,KW10634,2026-07-11,MX,Desktop,5729,30.0,117,2710,4.32,2026-07-11 01:48:00
KP007950,KW11107,2026-07-12,FR,Desktop,7903,15.0,145,1657,8.75,2026-07-12 23:08:00
KP007951,KW11961,2026-07-13,CA,Desktop,2183,15.0,18,206,8.74,2026-07-13 21:44:00
KP007952,KW11323,2026-07-14,CA,Mobile,1828,33.0,15,308,4.87,2026-07-14 11:04:00
KP007953,KW11283,2026-07-15,IN,Mobile,3134,9.0,130,1528,8.51,2026-07-15 02:13:00
KP007954,KW10319,2026-07-16,UK,Mobile,1861,23.0,39,677,5.76,2026-07-16 22:42:00
KP007955,KW11919,2026-07-17,DE,Desktop,15255,17.0,452,7572,5.97,2026-07-17 07:35:00
KP007956,KW10452,2026-07-18,DE,Mobile,649,42.0,5,164,3.05,2026-07-18 16:03:00
KP007957,KW10183,2026-07-19,US,Desktop,6724,20.0,27,463,5.83,2026-07-19 10:42:00
KP007958,KW11541,2026-07-20,CA,Mobile,1951,2.0,43,184,23.37,2026-07-20 07:41:00
KP007959,KW10223,2026-07-21,FR,Desktop,2600,14.0,77,942,8.17,2026-07-21 16:44:00
KP007960,KW10881,2026-07-22,IN,Desktop,3021,23.0,71,950,7.47,2026-07-22 06:01:00
KP007961,KW10832,2026-07-23,UK,Desktop,2989,10.0,158,1322,11.95,2026-07-23 23:42:00
KP007962,KW11647,2026-07-24,DE,Mobile,5232,18.0,202,2747,7.35,2026-07-24 23:57:00
KP007963,KW11893,2026-07-25,AU,Mobile,5312,1.0,776,2219,34.97,2026-07-25 01:00:00
KP007964,KW10203,2026-07-26,DE,Desktop,1757,39.0,12,327,3.67,2026-07-26 08:55:00
KP007965,KW10475,2026-07-27,BR,Desktop,948,34.0,15,286,5.24,2026-07-27 13:23:00
KP007966,KW10286,2026-07-28,IN,Mobile,5806,48.0,62,1276,4.86,2026-07-28 17:18:00
KP007967,KW10284,2026-07-29,FR,Desktop,6933,13.0,183,2220,8.24,2026-07-29 22:03:00
KP007968,KW10448,2026-07-30,CA,Mobile,1374,35.0,16,344,4.65,2026-07-30 19:34:00
KP007969,KW10757,2026-07-31,UK,Desktop,1099,38.0,26,508,5.12,2026-07-31 13:46:00
KP007970,KW11384,2026-08-01,DE,Desktop,1212,41.0,28,574,4.88,2026-08-01 19:45:00
KP007971,KW10560,2026-08-02,AU,Mobile,9041,41.0,208,4261,4.88,2026-08-02 13:09:00
KP007972,KW11309,2026-08-03,UK,Mobile,6744,4.0,339,2770,12.24,2026-08-03 16:51:00
KP007973,KW11806,2026-08-04,UK,Mobile,10677,37.0,191,4127,4.63,2026-08-04 14:26:00
KP007974,KW11519,2026-08-05,AU,Desktop,2036,40.0,17,338,5.03,2026-08-05 02:58:00
KP007975,KW11642,2026-08-06,CA,Desktop,3459,21.0,10,199,5.03,2026-08-06 16:22:00
KP007976,KW10229,2026-08-07,US,Desktop,7451,31.0,97,1720,5.64,2026-08-07 02:30:00
KP007977,KW11152,2026-08-08,CA,Mobile,1761,8.0,28,209,13.4,2026-08-08 08:56:00
KP007978,KW11136,2026-08-09,UK,Desktop,1304,16.0,40,472,8.47,2026-08-09 21:21:00
KP007979,KW10167,2026-08-10,CA,Mobile,1663,16.0,11,186,5.91,2026-08-10 11:28:00
KP007980,KW10412,2026-08-11,FR,Desktop,2738,47.0,20,417,4.8,2026-08-11 04:46:00
KP007981,KW10854,2026-08-12,MX,Tablet,1163,7.0,34,326,10.43,2026-08-12 10:35:00
KP007982,KW10856,2026-08-13,BR,Desktop,2409,23.0,65,1156,5.62,2026-08-13 12:44:00
KP007983,KW10733,2026-08-14,MX,Mobile,2107,34.0,18,305,5.9,2026-08-14 04:51:00
KP007984,KW10724,2026-08-15,AU,Mobile,2020,31.0,57,918,6.21,2026-08-15 17:18:00
KP007985,KW10148,2026-08-16,JP,Desktop,2844,17.0,60,997,6.02,2026-08-16 17:32:00
KP007986,KW10777,2026-08-17,IN,Desktop,969,33.0,27,438,6.16,2026-08-17 05:23:00
KP007987,KW10729,2026-08-18,FR,Desktop,3419,19.0,105,1375,7.64,2026-08-18 06:16:00
KP007988,KW10792,2026-08-19,JP,Mobile,3151,13.0,137,1298,10.55,2026-08-19 06:31:00
KP007989,KW11816,2026-08-20,UK,Desktop,2463,2.0,161,728,22.12,2026-08-20 13:20:00
KP007990,KW10344,2026-08-21,MX,Desktop,3046,20.0,104,1271,8.18,2026-08-21 02:51:00
KP007991,KW11923,2026-08-22,IN,Mobile,409,11.0,5,47,10.64,2026-08-22 18:00:00
KP007992,KW11493,2026-08-23,CA,Mobile,7742,2.0,692,3707,18.67,2026-08-23 02:51:00
KP007993,KW11438,2026-08-24,JP,Desktop,1775,27.0,29,481,6.03,2026-08-24 07:17:00
KP007994,KW11204,2026-08-25,DE,Desktop,3675,24.0,26,454,5.73,2026-08-25 03:17:00
KP007995,KW11842,2026-08-26,DE,Desktop,5205,24.0,117,2455,4.77,2026-08-26 09:34:00
KP007996,KW10681,2026-08-27,CA,Mobile,7275,23.0,139,2131,6.52,2026-08-27 04:46:00
KP007997,KW10250,2026-08-28,IN,Mobile,2447,40.0,8,248,3.23,2026-08-28 02:18:00
KP007998,KW11634,2026-08-29,DE,Mobile,1639,3.0,144,744,19.35,2026-08-29 07:27:00
KP007999,KW11161,2026-08-30,IN,Mobile,1953,45.0,32,930,3.44,2026-08-30 16:42:00
KP008000,KW11468,2026-08-31,IN,Desktop,725,28.0,17,284,5.99,2026-08-31 21:37:00
KP008001,KW11562,2026-09-01,IN,Mobile,8567,25.0,266,3945,6.74,2026-09-01 03:34:00
KP008002,KW10364,2026-09-02,CA,Desktop,2570,16.0,53,770,6.88,2026-09-02 08:08:00
KP008003,KW10308,2026-09-03,DE,Desktop,2599,22.0,21,415,5.06,2026-09-03 13:08:00
KP008004,KW10945,2026-09-04,FR,Desktop,2663,2.0,180,795,22.64,2026-09-04 02:40:00
KP008005,KW10698,2026-09-05,CA,Desktop,530,47.0,3,81,3.7,2026-09-05 03:57:00
KP008006,KW11643,2026-09-06,MX,Desktop,874,24.0,16,337,4.75,2026-09-06 19:25:00
KP008007,KW11746,2026-09-07,US,Desktop,25191,33.0,611,9720,6.29,2026-09-07 01:13:00
KP008008,KW11046,2026-09-08,US,Mobile,1691,1.0,317,908,34.91,2026-09-08 23:04:00
KP008009,KW11431,2026-09-09,FR,Desktop,4145,20.0,33,527,6.26,2026-09-09 21:57:00
KP008010,KW10480,2026-09-10,FR,Mobile,4884,11.0,127,1251,10.15,2026-09-10 08:23:00
KP008011,KW10571,2026-09-11,BR,Mobile,4255,17.0,22,366,6.01,2026-09-11 12:32:00
KP008012,KW11266,2026-09-12,DE,Mobile,1368,23.0,9,180,5.0,2026-09-12 23:01:00
KP008013,KW11415,2026-09-13,FR,Mobile,994,14.0,7,101,6.93,2026-09-13 06:30:00
KP008014,KW10198,2026-09-14,FR,Desktop,2584,9.0,74,784,9.44,2026-09-14 02:22:00
KP008015,KW11207,2026-09-15,UK,Mobile,585,45.0,4,114,3.51,2026-09-15 04:38:00
KP008016,KW11842,2026-09-16,MX,Mobile,1648,29.0,19,299,6.35,2026-09-16 11:37:00
KP008017,KW10819,2026-09-17,FR,Desktop,2474,22.0,62,1289,4.81,2026-09-17 22:51:00
KP008018,KW10451,2026-09-18,AU,Desktop,2233,16.0,43,631,6.81,2026-09-18 13:34:00
KP008019,KW10555,2026-09-19,IN,Mobile,2013,36.0,18,382,4.71,2026-09-19 03:03:00
KP008020,KW11876,2026-09-20,BR,Desktop,1308,13.0,29,382,7.59,2026-09-20 20:12:00
KP008021,KW11514,2026-09-21,BR,Mobile,3480,21.0,54,941,5.74,2026-09-21 03:06:00
KP008022,KW10329,2026-09-22,UK,Mobile,1965,8.0,93,1052,8.84,2026-09-22 10:09:00
KP008023,KW10302,2026-09-23,US,Desktop,2983,2.0,350,1374,25.47,2026-09-23 02:27:00
KP008024,KW11491,2026-09-24,US,Desktop,3773,28.0,85,1846,4.6,2026-09-24 12:12:00
KP008025,KW10615,2026-09-25,US,Desktop,2261,23.0,90,1175,7.66,2026-09-25 23:57:00
KP008026,KW11242,2026-09-26,BR,Mobile,570,47.0,4,111,3.6,2026-09-26 13:23:00
KP008027,KW11687,2026-09-27,IN,Mobile,286,43.0,5,127,3.94,2026-09-27 21:44:00
KP008028,KW10114,2026-09-28,DE,Desktop,11201,21.0,233,4475,5.21,2026-09-28 17:58:00
KP008029,KW10803,2026-09-29,JP,Mobile,6313,28.0,88,1992,4.42,2026-09-29 18:56:00
KP008030,KW11274,2026-09-30,CA,Desktop,2756,36.0,57,1435,3.97,2026-09-30 06:41:00
KP008274,KW10627,2026-06-01,JP,Desktop,1363,37.0,35,708,4.94,2026-06-01 08:23:00
KP008275,KW11902,2026-06-02,DE,Desktop,5431,50.0,24,490,4.9,2026-06-02 16:01:00
KP008276,KW10138,2026-06-03,FR,Desktop,2843,43.0,39,955,4.08,2026-06-03 06:30:00
KP008277,KW11844,2026-06-04,BR,Mobile,997,9.0,33,268,12.31,2026-06-04 02:56:00
KP008278,KW11441,2026-06-05,DE,Desktop,5763,19.0,17,302,5.63,2026-06-05 22:15:00
KP008279,KW11964,2026-06-06,US,Desktop,1829,30.0,32,741,4.32,2026-06-06 12:17:00
KP008280,KW10027,2026-06-07,IN,Mobile,1548,40.0,29,662,4.38,2026-06-07 21:50:00
KP008281,KW10485,2026-06-08,IN,Mobile,7428,45.0,94,2085,4.51,2026-06-08 13:50:00
KP008282,KW10575,2026-06-09,DE,Mobile,7474,21.0,48,896,5.36,2026-06-09 10:45:00
KP008283,KW11832,2026-06-10,IN,Mobile,666,39.0,11,285,3.86,2026-06-10 14:39:00
KP008284,KW11662,2026-06-11,MX,Desktop,6417,21.0,44,552,7.97,2026-06-11 20:42:00
KP008285,KW10463,2026-06-12,US,Desktop,4059,7.0,157,1325,11.85,2026-06-12 23:30:00
KP008286,KW11758,2026-06-13,DE,Desktop,1685,12.0,43,534,8.05,2026-06-13 08:44:00
KP008287,KW10176,2026-06-14,IN,Mobile,1533,26.0,32,747,4.28,2026-06-14 09:51:00
KP008288,KW11947,2026-06-15,US,Mobile,1909,41.0,24,628,3.82,2026-06-15 18:55:00
KP008289,KW11066,2026-06-16,JP,Desktop,605,45.0,13,325,4.0,2026-06-16 13:17:00
KP008290,KW11984,2026-06-17,JP,Desktop,1956,22.0,24,308,7.79,2026-06-17 00:28:00
KP008291,KW10284,2026-06-18,IN,Desktop,349,47.0,6,190,3.16,2026-06-18 13:07:00
KP008292,KW11440,2026-06-19,DE,Desktop,2015,3.0,143,643,22.24,2026-06-19 16:19:00
KP008293,KW10128,2026-06-20,UK,Desktop,4869,41.0,78,2005,3.89,2026-06-20 18:18:00
KP008294,KW11447,2026-06-21,AU,Mobile,6076,30.0,128,2549,5.02,2026-06-21 01:56:00
KP008295,KW11963,2026-06-22,CA,Desktop,880,44.0,8,203,3.94,2026-06-22 15:59:00
KP008296,KW11919,2026-06-23,JP,Mobile,2454,21.0,50,823,6.08,2026-06-23 00:25:00
KP008297,KW10242,2026-06-24,UK,Desktop,3803,14.0,148,1599,9.26,2026-06-24 07:28:00
KP008298,KW10453,2026-06-25,IN,Desktop,1005,15.0,26,363,7.16,2026-06-25 11:27:00
KP008299,KW11404,2026-06-26,DE,Mobile,9986,25.0,196,3659,5.36,2026-06-26 18:49:00
KP008300,KW11716,2026-06-27,CA,Desktop,2280,30.0,54,822,6.57,2026-06-27 16:29:00
KP008301,KW10011,2026-06-28,BR,Desktop,4267,22.0,148,1958,7.56,2026-06-28 19:14:00
KP008302,KW11352,2026-06-29,DE,Desktop,1375,32.0,48,752,6.38,2026-06-29 00:40:00
KP008303,KW11795,2026-06-30,US,Mobile,3453,29.0,40,662,6.04,2026-06-30 04:41:00
KP008304,KW11031,2026-07-01,MX,Desktop,599,32.0,7,155,4.52,2026-07-01 00:08:00
KP008305,KW11264,2026-07-02,JP,Desktop,6221,43.0,65,1249,5.2,2026-07-02 17:12:00
KP008306,KW10516,2026-07-03,MX,Mobile,3996,5.0,78,699,11.16,2026-07-03 09:25:00
KP008307,KW10323,2026-07-04,UK,Desktop,7400,50.0,85,2762,3.08,2026-07-04 16:15:00
KP008308,KW10938,2026-07-05,BR,Desktop,9690,47.0,97,2676,3.62,2026-07-05 13:27:00
KP008309,KW10295,2026-07-06,MX,Desktop,1513,10.0,27,287,9.41,2026-07-06 12:29:00
KP008310,KW10395,2026-07-07,DE,Desktop,2061,6.0,54,338,15.98,2026-07-07 07:19:00
KP008311,KW11779,2026-07-08,JP,Mobile,825,47.0,4,125,3.2,2026-07-08 18:16:00
KP008312,KW10859,2026-07-09,CA,Desktop,854,43.0,11,244,4.51,2026-07-09 10:47:00
KP008313,KW11662,2026-07-10,UK,Desktop,2556,26.0,60,993,6.04,2026-07-10 04:31:00
KP008314,KW11111,2026-07-11,CA,Desktop,5883,41.0,128,2492,5.14,2026-07-11 19:09:00
KP008315,KW10187,2026-07-12,AU,Mobile,1635,40.0,3,82,3.66,2026-07-12 09:04:00
KP008316,KW11577,2026-07-13,BR,Mobile,7627,10.0,108,943,11.45,2026-07-13 08:43:00
KP008317,KW11644,2026-07-14,BR,Mobile,8051,25.0,163,2738,5.95,2026-07-14 21:16:00
KP008318,KW10888,2026-07-15,JP,Mobile,1677,48.0,33,643,5.13,2026-07-15 22:03:00
KP008319,KW10189,2026-07-16,JP,Desktop,2588,23.0,29,606,4.79,2026-07-16 02:51:00
KP008320,KW11336,2026-07-17,US,Tablet,1399,24.0,10,164,6.1,2026-07-17 16:44:00
KP008321,KW11567,2026-07-18,DE,Mobile,1090,22.0,8,158,5.06,2026-07-18 11:54:00
KP008322,KW11407,2026-07-19,US,Desktop,1156,21.0,3,70,4.29,2026-07-19 00:08:00
KP008323,KW10505,2026-07-20,UK,Mobile,4278,47.0,45,995,4.52,2026-07-20 05:50:00
KP008324,KW10171,2026-07-21,US,Desktop,5368,30.0,134,2847,4.71,2026-07-21 13:06:00
KP008325,KW10156,2026-07-22,AU,Desktop,3466,49.0,12,287,4.18,2026-07-22 06:27:00
KP008326,KW10921,2026-07-23,IN,Mobile,5139,32.0,21,414,5.07,2026-07-23 08:28:00
KP008327,KW10931,2026-07-24,MX,Mobile,1745,30.0,24,578,4.15,2026-07-24 14:37:00
KP008328,KW11276,2026-07-25,MX,Mobile,2618,41.0,40,1054,3.8,2026-07-25 18:40:00
KP008329,KW11260,2026-07-26,CA,Mobile,1953,5.0,138,1014,13.61,2026-07-26 03:22:00
KP008330,KW11086,2026-07-27,AU,Mobile,6472,36.0,155,2945,5.26,2026-07-27 00:38:00
KP008331,KW10585,2026-07-28,JP,Mobile,6532,41.0,58,1095,5.3,2026-07-28 10:59:00
KP008332,KW10247,2026-07-29,AU,Desktop,25891,41.0,460,9960,4.62,2026-07-29 00:11:00
KP008333,KW11285,2026-07-30,AU,Desktop,1116,50.0,12,357,3.36,2026-07-30 17:00:00
KP008334,KW11531,2026-07-31,FR,Desktop,7574,5.0,538,4030,13.35,2026-07-31 07:17:00
KP008335,KW10365,2026-08-01,MX,Desktop,5710,39.0,69,1421,4.86,2026-08-01 06:00:00
KP008336,KW11417,2026-08-02,CA,Tablet,2070,36.0,35,609,5.75,2026-08-02 02:43:00
KP008337,KW11405,2026-08-03,BR,Desktop,2296,28.0,8,200,4.0,2026-08-03 00:35:00
KP008338,KW10760,2026-08-04,BR,Mobile,2824,6.0,99,687,14.41,2026-08-04 14:32:00
KP008339,KW11824,2026-08-05,BR,Desktop,2676,11.0,76,983,7.73,2026-08-05 20:22:00
KP008340,KW10006,2026-08-06,AU,Desktop,6646,25.0,168,2380,7.06,2026-08-06 15:55:00
KP008341,KW10256,2026-08-07,US,Desktop,1333,40.0,9,221,4.07,2026-08-07 07:35:00
KP008342,KW10461,2026-08-08,FR,Mobile,758,40.0,12,283,4.24,2026-08-08 20:14:00
KP008343,KW10863,2026-08-09,AU,Mobile,3729,24.0,85,1697,5.01,2026-08-09 20:34:00
KP008344,KW10016,2026-08-10,IN,Desktop,8814,9.0,67,516,12.98,2026-08-10 07:59:00
KP008345,KW11297,2026-08-11,MX,Mobile,9225,20.0,32,534,5.99,2026-08-11 23:10:00
KP008346,KW11967,2026-08-12,IN,Mobile,5094,3.0,398,1839,21.64,2026-08-12 08:24:00
KP008347,KW11059,2026-08-13,UK,Mobile,6167,10.0,103,1083,9.51,2026-08-13 01:53:00
KP008348,KW10340,2026-08-14,UK,Mobile,2795,21.0,71,947,7.5,2026-08-14 19:50:00
KP008349,KW11875,2026-08-15,CA,Mobile,3189,8.0,81,707,11.46,2026-08-15 11:24:00
KP008350,KW10210,2026-08-16,AU,Mobile,8955,2.0,605,2409,25.11,2026-08-16 17:42:00
KP008351,KW10425,2026-08-17,DE,Mobile,2783,3.0,328,1456,22.53,2026-08-17 01:10:00
KP008352,KW10516,2026-08-18,JP,Mobile,2662,31.0,56,1250,4.48,2026-08-18 02:40:00
KP008353,KW11808,2026-08-19,AU,Mobile,13071,16.0,320,3953,8.1,2026-08-19 22:39:00
KP008354,KW11429,2026-08-20,FR,Mobile,1988,29.0,36,730,4.93,2026-08-20 19:03:00
KP008355,KW10789,2026-08-21,AU,Tablet,3758,33.0,32,563,5.68,2026-08-21 03:23:00
KP008356,KW10558,2026-08-22,AU,Mobile,1078,34.0,24,457,5.25,2026-08-22 17:11:00
KP008357,KW11703,2026-08-23,JP,Desktop,1154,49.0,22,474,4.64,2026-08-23 15:54:00
KP008358,KW11199,2026-08-24,DE,Mobile,2489,32.0,53,1237,4.28,2026-08-24 17:59:00
KP008359,KW10831,2026-08-25,DE,Desktop,3642,31.0,65,1401,4.64,2026-08-25 06:48:00
KP008360,KW11884,2026-08-26,CA,Desktop,1536,41.0,20,461,4.34,2026-08-26 16:11:00
KP008361,KW11464,2026-08-27,BR,Mobile,2274,43.0,27,577,4.68,2026-08-27 10:06:00
KP008362,KW10078,2026-08-28,FR,Desktop,1985,40.0,22,480,4.58,2026-08-28 02:53:00
KP008363,KW10658,2026-08-29,AU,Desktop,874,22.0,18,281,6.41,2026-08-29 13:44:00
KP008364,KW10645,2026-08-30,BR,Mobile,2850,38.0,44,821,5.36,2026-08-30 19:19:00
KP008365,KW11924,2026-08-31,FR,Desktop,7841,24.0,23,397,5.79,2026-08-31 06:15:00
KP008366,KW10253,2026-09-01,FR,Mobile,1220,39.0,28,565,4.96,2026-09-01 02:56:00
KP008367,KW10432,2026-09-02,AU,Desktop,4099,6.0,96,679,14.14,2026-09-02 22:28:00
KP008368,KW11151,2026-09-03,MX,Desktop,2009,39.0,37,1063,3.48,2026-09-03 21:07:00
KP008369,KW11106,2026-09-04,US,Mobile,1031,3.0,30,134,22.39,2026-09-04 08:53:00
KP008370,KW10621,2026-09-05,CA,Mobile,496,29.0,2,40,5.0,2026-09-05 18:30:00
KP008371,KW10306,2026-09-06,JP,Desktop,13522,34.0,346,5940,5.82,2026-09-06 02:08:00
KP008372,KW10430,2026-09-07,BR,Mobile,2347,5.0,194,1116,17.38,2026-09-07 21:50:00
KP008373,KW10552,2026-09-08,UK,Desktop,29437,23.0,733,10124,7.24,2026-09-08 06:20:00
KP008374,KW11654,2026-09-09,MX,Desktop,3013,17.0,78,940,8.3,2026-09-09 12:28:00
KP008375,KW10030,2026-09-10,FR,Desktop,3304,29.0,24,567,4.23,2026-09-10 00:11:00
KP008376,KW10305,2026-09-11,DE,Desktop,850,34.0,3,96,3.12,2026-09-11 00:28:00
KP008377,KW11503,2026-09-12,FR,Mobile,4880,18.0,26,367,7.08,2026-09-12 23:02:00
KP008378,KW10061,2026-09-13,US,Desktop,3301,40.0,62,1150,5.39,2026-09-13 21:30:00
KP008379,KW11845,2026-09-14,FR,Desktop,2058,30.0,7,139,5.04,2026-09-14 20:02:00
KP008380,KW10055,2026-09-15,MX,Desktop,6351,44.0,119,2236,5.32,2026-09-15 09:18:00
KP008381,KW11951,2026-09-16,BR,Mobile,1709,38.0,13,314,4.14,2026-09-16 02:19:00
KP008382,KW10400,2026-09-17,MX,Desktop,3397,9.0,200,1660,12.05,2026-09-17 05:32:00
KP008383,KW10181,2026-09-18,BR,Desktop,1007,18.0,23,390,5.9,2026-09-18 10:17:00
KP008384,KW10195,2026-09-19,MX,Mobile,7644,29.0,104,2049,5.08,2026-09-19 22:38:00
KP008385,KW11056,2026-09-20,FR,Desktop,3860,3.0,153,836,18.3,2026-09-20 05:26:00
KP008386,KW11401,2026-09-21,FR,Mobile,4504,42.0,38,820,4.63,2026-09-21 10:53:00
KP008387,KW11315,2026-09-22,US,Mobile,13890,44.0,204,4935,4.13,2026-09-22 07:47:00
KP008388,KW11924,2026-09-23,AU,Mobile,2468,17.0,81,922,8.79,2026-09-23 21:07:00
KP008389,KW10645,2026-09-24,CA,Desktop,4444,10.0,240,2065,11.62,2026-09-24 23:17:00
KP008390,KW11959,2026-09-25,MX,Desktop,5206,13.0,139,2137,6.5,2026-09-25 19:33:00
KP008391,KW10387,2026-09-26,AU,Desktop,4616,11.0,238,2456,9.69,2026-09-26 20:05:00
KP008392,KW10891,2026-09-27,DE,Desktop,761,46.0,18,355,5.07,2026-09-27 13:39:00
KP008393,KW11042,2026-09-28,IN,Desktop,2183,50.0,44,907,4.85,2026-09-28 16:27:00
KP008394,KW10927,2026-09-29,IN,Mobile,6221,20.0,76,1084,7.01,2026-09-29 03:34:00
KP008395,KW10420,2026-09-30,CA,Mobile,3551,26.0,31,610,5.08,2026-09-30 10:48:00
KP008639,KW10752,2026-06-01,FR,Mobile,1507,24.0,5,103,4.85,2026-06-01 15:09:00
KP008640,KW11930,2026-06-02,UK,Mobile,3942,20.0,103,1473,6.99,2026-06-02 09:58:00
KP008641,KW11645,2026-06-03,JP,Mobile,9675,40.0,52,943,5.51,2026-06-03 00:01:00
KP008642,KW11438,2026-06-04,DE,Mobile,3789,26.0,20,384,5.21,2026-06-04 01:34:00
KP008643,KW10785,2026-06-05,FR,Desktop,1751,29.0,38,716,5.31,2026-06-05 19:47:00
KP008644,KW10856,2026-06-06,AU,Tablet,9890,42.0,57,1693,3.37,2026-06-06 13:06:00
KP008645,KW10650,2026-06-07,UK,Mobile,1113,6.0,54,515,10.49,2026-06-07 14:53:00
KP008646,KW10170,2026-06-08,AU,Mobile,8768,1.0,393,1123,35.0,2026-06-08 13:08:00
KP008647,KW11259,2026-06-09,FR,Desktop,7768,46.0,86,2001,4.3,2026-06-09 06:06:00
KP008648,KW10135,2026-06-10,BR,Desktop,1036,46.0,8,188,4.26,2026-06-10 11:27:00
KP008649,KW10048,2026-06-11,DE,Desktop,4079,48.0,9,268,3.36,2026-06-11 21:05:00
KP008650,KW10600,2026-06-12,DE,Desktop,3350,13.0,58,896,6.47,2026-06-12 20:41:00
KP008651,KW11220,2026-06-13,UK,Desktop,6846,26.0,238,3624,6.57,2026-06-13 22:08:00
KP008652,KW10398,2026-06-14,UK,Desktop,3979,42.0,85,1916,4.44,2026-06-14 11:46:00
KP008653,KW11394,2026-06-15,BR,Desktop,12308,42.0,237,6385,3.71,2026-06-15 04:30:00
KP008654,KW10882,2026-06-16,CA,Mobile,2047,13.0,45,567,7.94,2026-06-16 22:53:00
KP008655,KW10405,2026-06-17,FR,Mobile,4503,17.0,40,719,5.56,2026-06-17 13:45:00
KP008656,KW11664,2026-06-18,AU,Mobile,7001,18.0,57,655,8.7,2026-06-18 15:08:00
KP008657,KW11259,2026-06-19,US,Desktop,4246,22.0,79,1211,6.52,2026-06-19 13:56:00
KP008658,KW11894,2026-06-20,JP,Mobile,9770,13.0,466,5272,8.84,2026-06-20 17:05:00
KP008659,KW10055,2026-06-21,JP,Desktop,5862,45.0,100,2149,4.65,2026-06-21 10:00:00
KP008660,KW10439,2026-06-22,CA,Desktop,481,42.0,1,25,4.0,2026-06-22 20:12:00
KP008661,KW10268,2026-06-23,BR,Tablet,5538,24.0,42,664,6.33,2026-06-23 09:52:00
KP008662,KW11173,2026-06-24,AU,Desktop,682,17.0,6,69,8.7,2026-06-24 21:46:00
KP008663,KW11342,2026-06-25,US,Mobile,8071,40.0,132,3486,3.79,2026-06-25 06:23:00
KP008664,KW11954,2026-06-26,UK,Desktop,10730,31.0,210,3631,5.78,2026-06-26 22:34:00
KP008665,KW10474,2026-06-27,US,Mobile,7878,41.0,17,466,3.65,2026-06-27 09:23:00
KP008666,KW10127,2026-06-28,CA,Mobile,2056,42.0,14,391,3.58,2026-06-28 03:21:00
KP008667,KW10202,2026-06-29,DE,Desktop,2349,26.0,37,837,4.42,2026-06-29 15:51:00
KP008668,KW11930,2026-06-30,CA,Desktop,7008,35.0,159,3256,4.88,2026-06-30 21:58:00
KP008669,KW11685,2026-07-01,JP,Mobile,2383,9.0,45,581,7.75,2026-07-01 22:33:00
KP008670,KW10037,2026-07-02,US,Mobile,1975,4.0,202,1050,19.24,2026-07-02 18:23:00
KP008671,KW11573,2026-07-03,IN,Desktop,14397,31.0,103,1736,5.93,2026-07-03 16:51:00
KP008672,KW10582,2026-07-04,BR,Desktop,2374,17.0,75,1266,5.92,2026-07-04 14:43:00
KP008673,KW11613,2026-07-05,BR,Mobile,31551,13.0,717,7231,9.92,2026-07-05 04:11:00
KP008674,KW11744,2026-07-06,BR,Mobile,1965,49.0,34,746,4.56,2026-07-06 10:56:00
KP008675,KW10129,2026-07-07,IN,Desktop,4213,36.0,25,437,5.72,2026-07-07 19:36:00
KP008676,KW10414,2026-07-08,MX,Mobile,629,14.0,5,53,9.43,2026-07-08 04:45:00
KP008677,KW11883,2026-07-09,US,Mobile,1301,42.0,14,284,4.93,2026-07-09 13:35:00
KP008678,KW11864,2026-07-10,AU,Mobile,5401,2.0,219,1145,19.13,2026-07-10 19:39:00
KP008679,KW11775,2026-07-11,IN,Mobile,331,14.0,10,121,8.26,2026-07-11 07:43:00
KP008680,KW10057,2026-07-12,AU,Desktop,14141,14.0,132,2066,6.39,2026-07-12 17:26:00
KP008681,KW10209,2026-07-13,JP,Desktop,3667,45.0,67,1851,3.62,2026-07-13 00:47:00
KP008682,KW10372,2026-07-14,UK,Mobile,4514,16.0,44,675,6.52,2026-07-14 09:19:00
KP008683,KW10704,2026-07-15,BR,Mobile,1106,9.0,18,156,11.54,2026-07-15 08:35:00
KP008684,KW10638,2026-07-16,US,Mobile,3162,10.0,74,869,8.52,2026-07-16 13:44:00
KP008685,KW10763,2026-07-17,UK,Mobile,2915,14.0,55,543,10.13,2026-07-17 03:09:00
KP008686,KW10964,2026-07-18,UK,Desktop,5186,10.0,136,1304,10.43,2026-07-18 17:13:00
KP008687,KW10437,2026-07-19,CA,Mobile,11317,6.0,211,1370,15.4,2026-07-19 07:40:00
KP008688,KW10268,2026-07-20,MX,Mobile,4207,19.0,97,1491,6.51,2026-07-20 12:28:00
KP008689,KW10156,2026-07-21,CA,Desktop,3267,22.0,95,1383,6.87,2026-07-21 07:34:00
KP008690,KW10505,2026-07-22,MX,Desktop,2996,39.0,61,1630,3.74,2026-07-22 15:04:00
KP008691,KW10866,2026-07-23,US,Desktop,4692,11.0,149,1365,10.92,2026-07-23 05:30:00
KP008692,KW10903,2026-07-24,IN,Mobile,1549,10.0,12,147,8.16,2026-07-24 16:30:00
KP008693,KW11610,2026-07-25,DE,Mobile,1495,14.0,36,410,8.78,2026-07-25 15:23:00
KP008694,KW10943,2026-07-26,JP,Mobile,7472,25.0,152,2082,7.3,2026-07-26 13:28:00
KP008695,KW11969,2026-07-27,DE,Desktop,1497,47.0,22,506,4.35,2026-07-27 10:16:00
KP008696,KW10472,2026-07-28,DE,Desktop,2275,46.0,26,564,4.61,2026-07-28 15:52:00
KP008697,KW11331,2026-07-29,IN,Mobile,1201,38.0,18,435,4.14,2026-07-29 03:56:00
KP008698,KW10055,2026-07-30,JP,Mobile,1888,44.0,24,579,4.15,2026-07-30 18:53:00
KP008699,KW10308,2026-07-31,BR,Desktop,2629,18.0,73,1052,6.94,2026-07-31 17:44:00
KP008700,KW10909,2026-08-01,MX,Mobile,2562,22.0,32,534,5.99,2026-08-01 11:34:00
KP008701,KW10459,2026-08-02,DE,Mobile,1451,28.0,23,486,4.73,2026-08-02 15:26:00
KP008702,KW11874,2026-08-03,JP,Mobile,1846,9.0,11,101,10.89,2026-08-03 20:33:00
KP008703,KW11711,2026-08-04,DE,Mobile,1625,37.0,36,803,4.48,2026-08-04 00:33:00
KP008704,KW11864,2026-08-05,JP,Desktop,1037,17.0,34,489,6.95,2026-08-05 16:57:00
KP008705,KW10193,2026-08-06,BR,Desktop,1870,16.0,51,582,8.76,2026-08-06 13:26:00
KP008706,KW10841,2026-08-07,US,Desktop,7323,41.0,80,1629,4.91,2026-08-07 20:36:00
KP008707,KW11306,2026-08-08,IN,Desktop,6171,14.0,100,1336,7.49,2026-08-08 17:38:00
KP008708,KW11824,2026-08-09,UK,Mobile,2330,35.0,41,940,4.36,2026-08-09 23:05:00
KP008709,KW11870,2026-08-10,JP,Mobile,1212,9.0,54,473,11.42,2026-08-10 06:55:00
KP008710,KW11368,2026-08-11,IN,Desktop,3731,47.0,58,1305,4.44,2026-08-11 20:49:00
KP008711,KW11234,2026-08-12,CA,Desktop,620,22.0,5,99,5.05,2026-08-12 22:55:00
KP008712,KW11653,2026-08-13,MX,Mobile,4030,29.0,41,840,4.88,2026-08-13 18:28:00
KP008713,KW10787,2026-08-14,US,Desktop,1171,27.0,5,83,6.02,2026-08-14 18:40:00
KP008714,KW10250,2026-08-15,CA,Mobile,1400,13.0,19,245,7.76,2026-08-15 01:21:00
KP008715,KW10095,2026-08-16,FR,Mobile,2843,16.0,122,1554,7.85,2026-08-16 04:26:00
KP008716,KW11654,2026-08-17,US,Tablet,950,22.0,3,67,4.48,2026-08-17 08:48:00
KP008717,KW11487,2026-08-18,UK,Desktop,2186,25.0,49,803,6.1,2026-08-18 05:48:00
KP008718,KW11470,2026-08-19,UK,Desktop,1289,16.0,30,356,8.43,2026-08-19 23:13:00
KP008719,KW11177,2026-08-20,IN,Desktop,3089,17.0,39,656,5.95,2026-08-20 14:16:00
KP008720,KW10389,2026-08-21,BR,Mobile,3848,35.0,24,451,5.32,2026-08-21 10:13:00
KP008721,KW10136,2026-08-22,BR,Desktop,1336,2.0,16,70,22.86,2026-08-22 15:36:00
KP008722,KW10581,2026-08-23,IN,Desktop,1862,40.0,23,426,5.4,2026-08-23 06:18:00
KP008723,KW10805,2026-08-24,AU,Mobile,5589,9.0,135,1355,9.96,2026-08-24 12:06:00
KP008724,KW10331,2026-08-25,CA,Mobile,5510,2.0,241,1012,23.81,2026-08-25 15:06:00
KP008725,KW11750,2026-08-26,BR,Desktop,8000,30.0,99,1917,5.16,2026-08-26 12:50:00
KP008726,KW11077,2026-08-27,US,Desktop,5759,28.0,142,2355,6.03,2026-08-27 23:44:00
KP008727,KW11444,2026-08-28,MX,Desktop,510,37.0,10,245,4.08,2026-08-28 08:41:00
KP008728,KW11871,2026-08-29,AU,Mobile,2808,41.0,65,1453,4.47,2026-08-29 03:02:00
KP008729,KW10487,2026-08-30,MX,Desktop,3380,30.0,79,1522,5.19,2026-08-30 20:17:00
KP008730,KW11415,2026-08-31,BR,Mobile,7584,32.0,93,1838,5.06,2026-08-31 20:25:00
KP008731,KW11037,2026-09-01,US,Mobile,10856,16.0,340,3686,9.22,2026-09-01 07:26:00
KP008732,KW11114,2026-09-02,BR,Mobile,3553,32.0,44,1113,3.95,2026-09-02 21:49:00
KP008733,KW11998,2026-09-03,MX,Desktop,1382,9.0,71,674,10.53,2026-09-03 10:38:00
KP008734,KW11253,2026-09-04,AU,Mobile,836,18.0,20,321,6.23,2026-09-04 18:21:00
KP008735,KW10403,2026-09-05,UK,Mobile,1630,3.0,158,762,20.73,2026-09-05 09:58:00
KP008736,KW10420,2026-09-06,FR,Mobile,2752,10.0,39,433,9.01,2026-09-06 13:44:00
KP008737,KW10395,2026-09-07,AU,Mobile,5556,26.0,46,1048,4.39,2026-09-07 01:18:00
KP008738,KW11271,2026-09-08,AU,Desktop,2982,29.0,23,529,4.35,2026-09-08 23:41:00
KP008739,KW11961,2026-09-09,MX,Desktop,770,20.0,29,408,7.11,2026-09-09 13:00:00
KP008740,KW10892,2026-09-10,IN,Desktop,1167,23.0,29,434,6.68,2026-09-10 19:15:00
KP008741,KW10472,2026-09-11,DE,Desktop,5809,23.0,162,2672,6.06,2026-09-11 10:46:00
KP008742,KW11296,2026-09-12,DE,Mobile,3907,28.0,22,338,6.51,2026-09-12 23:00:00
KP008743,KW11200,2026-09-13,DE,Desktop,15275,8.0,557,6401,8.7,2026-09-13 08:46:00
KP008744,KW11414,2026-09-14,UK,Desktop,5753,41.0,116,2548,4.55,2026-09-14 02:47:00
KP008745,KW10956,2026-09-15,CA,Mobile,3588,42.0,44,1073,4.1,2026-09-15 01:37:00
KP008746,KW11027,2026-09-16,BR,Mobile,720,18.0,6,73,8.22,2026-09-16 06:04:00
KP008747,KW10189,2026-09-17,DE,Mobile,5063,16.0,144,2366,6.09,2026-09-17 20:05:00
KP008748,KW11156,2026-09-18,MX,Desktop,1778,6.0,82,586,13.99,2026-09-18 16:19:00
KP008749,KW11333,2026-09-19,FR,Desktop,1077,35.0,10,249,4.02,2026-09-19 21:29:00
KP008750,KW11611,2026-09-20,CA,Mobile,6652,23.0,157,2334,6.73,2026-09-20 13:32:00
KP008751,KW10132,2026-09-21,JP,Desktop,5488,32.0,18,398,4.52,2026-09-21 21:08:00
KP008752,KW11181,2026-09-22,CA,Mobile,1779,38.0,51,883,5.78,2026-09-22 22:38:00
KP008753,KW10362,2026-09-23,MX,Mobile,7124,31.0,138,2690,5.13,2026-09-23 04:25:00
KP008754,KW10373,2026-09-24,BR,Mobile,5286,35.0,124,2876,4.31,2026-09-24 14:24:00
KP008755,KW10626,2026-09-25,UK,Mobile,2402,40.0,12,310,3.87,2026-09-25 22:16:00
KP008756,KW10854,2026-09-26,CA,Mobile,396,21.0,12,167,7.19,2026-09-26 03:58:00
KP008757,KW11369,2026-09-27,DE,Tablet,3479,39.0,30,683,4.39,2026-09-27 08:30:00
KP008758,KW10630,2026-09-28,US,Desktop,4912,46.0,105,2468,4.25,2026-09-28 08:18:00
KP008759,KW10650,2026-09-29,CA,Desktop,382,29.0,3,69,4.35,2026-09-29 13:38:00
KP008760,KW10997,2026-09-30,BR,Mobile,2381,49.0,46,981,4.69,2026-09-30 18:06:00
KP009004,KW11776,2026-06-01,DE,Mobile,1364,38.0,11,285,3.86,2026-06-01 10:54:00
KP009005,KW10304,2026-06-02,AU,Mobile,6044,7.0,145,1420,10.21,2026-06-02 22:43:00
KP009006,KW11032,2026-06-03,US,Mobile,1640,27.0,28,560,5.0,2026-06-03 18:13:00
KP009007,KW10385,2026-06-04,UK,Mobile,1274,15.0,55,665,8.27,2026-06-04 03:57:00
KP009008,KW10070,2026-06-05,UK,Desktop,2835,24.0,97,1325,7.32,2026-06-05 21:12:00
KP009009,KW10899,2026-06-06,US,Desktop,4812,21.0,87,1713,5.08,2026-06-06 22:06:00
KP009010,KW10576,2026-06-07,UK,Desktop,1994,29.0,37,769,4.81,2026-06-07 12:23:00
KP009011,KW10385,2026-06-08,AU,Mobile,7657,42.0,108,2670,4.04,2026-06-08 07:04:00
KP009012,KW10638,2026-06-09,CA,Desktop,4362,14.0,105,1112,9.44,2026-06-09 18:00:00
KP009013,KW10961,2026-06-10,DE,Mobile,3448,14.0,134,1479,9.06,2026-06-10 05:31:00
KP009014,KW10267,2026-06-11,JP,Desktop,2359,30.0,12,226,5.31,2026-06-11 19:56:00
KP009015,KW10167,2026-06-12,MX,Desktop,11693,1.0,1750,5000,35.0,2026-06-12 17:06:00
KP009016,KW11184,2026-06-13,AU,Mobile,1375,42.0,15,362,4.14,2026-06-13 22:14:00
KP009017,KW11147,2026-06-14,DE,Desktop,1613,27.0,22,448,4.91,2026-06-14 21:43:00
KP009018,KW10620,2026-06-15,MX,Desktop,9887,10.0,477,5200,9.17,2026-06-15 19:44:00
KP009019,KW11913,2026-06-16,UK,Desktop,31471,38.0,694,14424,4.81,2026-06-16 20:30:00
KP009020,KW10754,2026-06-17,AU,Mobile,7535,47.0,20,510,3.92,2026-06-17 01:31:00
KP009021,KW11620,2026-06-18,US,Tablet,2480,30.0,64,1119,5.72,2026-06-18 06:41:00
KP009022,KW10133,2026-06-19,AU,Desktop,4677,39.0,19,495,3.84,2026-06-19 01:15:00
KP009023,KW11921,2026-06-20,MX,Desktop,2160,5.0,183,1163,15.74,2026-06-20 16:30:00
KP009024,KW11958,2026-06-21,UK,Mobile,1543,35.0,15,270,5.56,2026-06-21 07:56:00
KP009025,KW10049,2026-06-22,MX,Desktop,4459,15.0,192,2078,9.24,2026-06-22 03:18:00
KP009026,KW11974,2026-06-23,BR,Mobile,949,7.0,7,62,11.29,2026-06-23 19:47:00
KP009027,KW10102,2026-06-24,US,Mobile,2867,3.0,127,566,22.44,2026-06-24 14:42:00
KP009028,KW10039,2026-06-25,UK,Desktop,4917,46.0,49,1456,3.37,2026-06-25 08:33:00
KP009029,KW11174,2026-06-26,AU,Desktop,1612,29.0,32,749,4.27,2026-06-26 18:08:00
KP009030,KW11599,2026-06-27,CA,Desktop,1322,28.0,6,93,6.45,2026-06-27 12:23:00
KP009031,KW10766,2026-06-28,MX,Mobile,1867,50.0,15,499,3.01,2026-06-28 03:03:00
KP009032,KW11114,2026-06-29,DE,Mobile,2740,35.0,26,670,3.88,2026-06-29 01:23:00
KP009033,KW10191,2026-06-30,US,Mobile,4822,19.0,121,1946,6.22,2026-06-30 14:00:00
KP009034,KW11528,2026-07-01,UK,Desktop,4860,40.0,65,1229,5.29,2026-07-01 00:31:00
KP009035,KW10026,2026-07-02,BR,Desktop,966,16.0,15,198,7.58,2026-07-02 08:20:00
KP009036,KW11231,2026-07-03,IN,Desktop,1999,7.0,44,317,13.88,2026-07-03 20:58:00
KP009037,KW11507,2026-07-04,UK,Desktop,4039,50.0,59,1589,3.71,2026-07-04 09:24:00
KP009038,KW10248,2026-07-05,BR,Mobile,14181,30.0,311,6610,4.7,2026-07-05 21:46:00
KP009039,KW10411,2026-07-06,BR,Tablet,8770,17.0,69,1200,5.75,2026-07-06 17:27:00
KP009040,KW10119,2026-07-07,US,Desktop,8754,48.0,175,3912,4.47,2026-07-07 12:25:00
KP009041,KW11654,2026-07-08,DE,Desktop,9976,46.0,75,1466,5.12,2026-07-08 22:41:00
KP009042,KW10700,2026-07-09,DE,Desktop,2413,25.0,6,135,4.44,2026-07-09 20:53:00
KP009043,KW11333,2026-07-10,BR,Desktop,6182,49.0,94,2522,3.73,2026-07-10 18:39:00
KP009044,KW11293,2026-07-11,UK,Mobile,6613,42.0,26,634,4.1,2026-07-11 02:26:00
KP009045,KW11904,2026-07-12,UK,Desktop,3219,47.0,85,1648,5.16,2026-07-12 03:46:00
KP009046,KW10385,2026-07-13,US,Desktop,3825,13.0,59,845,6.98,2026-07-13 11:09:00
KP009047,KW11506,2026-07-14,MX,Desktop,1586,17.0,40,499,8.02,2026-07-14 02:30:00
KP009048,KW11372,2026-07-15,FR,Desktop,34675,2.0,1483,5836,25.41,2026-07-15 21:20:00
KP009049,KW11334,2026-07-16,US,Mobile,12363,6.0,412,3476,11.85,2026-07-16 22:04:00
KP009050,KW11889,2026-07-17,CA,Desktop,1233,26.0,8,178,4.49,2026-07-17 19:02:00
KP009051,KW10821,2026-07-18,JP,Mobile,8067,3.0,320,2095,15.27,2026-07-18 09:07:00
KP009052,KW11809,2026-07-19,AU,Tablet,7796,23.0,61,938,6.5,2026-07-19 20:12:00
KP009053,KW10799,2026-07-20,US,Desktop,1922,10.0,10,123,8.13,2026-07-20 12:06:00
KP009054,KW10357,2026-07-21,JP,Mobile,4045,50.0,71,1491,4.76,2026-07-21 11:28:00
KP009055,KW10736,2026-07-22,FR,Desktop,2081,12.0,43,417,10.31,2026-07-22 03:13:00
KP009056,KW11025,2026-07-23,JP,Tablet,8809,37.0,231,3912,5.9,2026-07-23 13:00:00
KP009057,KW11753,2026-07-24,FR,Desktop,4148,11.0,100,1197,8.35,2026-07-24 02:54:00
KP009058,KW10453,2026-07-25,MX,Mobile,665,27.0,7,114,6.14,2026-07-25 12:47:00
KP009059,KW11992,2026-07-26,UK,Desktop,3541,11.0,97,839,11.56,2026-07-26 09:05:00
KP009060,KW11010,2026-07-27,AU,Mobile,845,9.0,38,343,11.08,2026-07-27 17:08:00
KP009061,KW10962,2026-07-28,AU,Desktop,12159,32.0,236,5143,4.59,2026-07-28 04:13:00
KP009062,KW10553,2026-07-29,CA,Mobile,31819,17.0,353,4550,7.76,2026-07-29 23:46:00
KP009063,KW11854,2026-07-30,JP,Mobile,7537,29.0,215,3377,6.37,2026-07-30 03:30:00
KP009064,KW10939,2026-07-31,BR,Desktop,1487,47.0,37,788,4.7,2026-07-31 09:24:00
KP009065,KW11233,2026-08-01,JP,Mobile,6032,40.0,24,464,5.17,2026-08-01 07:17:00
KP009066,KW10227,2026-08-02,DE,Mobile,1315,41.0,3,80,3.75,2026-08-02 22:16:00
KP009067,KW10501,2026-08-03,UK,Desktop,4162,34.0,37,600,6.17,2026-08-03 16:17:00
KP009068,KW10141,2026-08-04,CA,Desktop,6307,6.0,202,1596,12.66,2026-08-04 15:04:00
KP009069,KW10481,2026-08-05,MX,Mobile,3656,49.0,33,990,3.33,2026-08-05 23:37:00
KP009070,KW11731,2026-08-06,UK,Desktop,3005,45.0,59,1510,3.91,2026-08-06 13:07:00
KP009071,KW11949,2026-08-07,BR,Mobile,362,44.0,6,162,3.7,2026-08-07 01:02:00
KP009072,KW10890,2026-08-08,DE,Mobile,1474,49.0,10,241,4.15,2026-08-08 13:09:00
KP009073,KW11217,2026-08-09,DE,Mobile,7871,49.0,143,4211,3.4,2026-08-09 00:22:00
KP009074,KW11566,2026-08-10,IN,Mobile,2888,46.0,26,507,5.13,2026-08-10 01:45:00
KP009075,KW11221,2026-08-11,AU,Desktop,2180,9.0,35,397,8.82,2026-08-11 02:47:00
KP009076,KW11416,2026-08-12,UK,Mobile,1582,43.0,21,485,4.33,2026-08-12 11:57:00
KP009077,KW10674,2026-08-13,DE,Desktop,13526,45.0,132,2838,4.65,2026-08-13 13:23:00
KP009078,KW10843,2026-08-14,CA,Mobile,6319,24.0,34,631,5.39,2026-08-14 03:27:00
KP009079,KW11659,2026-08-15,CA,Mobile,1642,35.0,5,109,4.59,2026-08-15 22:29:00
KP009080,KW11183,2026-08-16,FR,Mobile,941,18.0,30,375,8.0,2026-08-16 06:52:00
KP009081,KW10326,2026-08-17,US,Mobile,9623,4.0,586,3172,18.47,2026-08-17 17:58:00
KP009082,KW11748,2026-08-18,JP,Mobile,6286,3.0,486,2884,16.85,2026-08-18 03:44:00
KP009083,KW10335,2026-08-19,DE,Mobile,2729,21.0,16,225,7.11,2026-08-19 18:15:00
KP009084,KW10491,2026-08-20,UK,Desktop,7492,34.0,203,3974,5.11,2026-08-20 16:13:00
KP009085,KW10009,2026-08-21,UK,Tablet,6838,4.0,227,1408,16.12,2026-08-21 03:15:00
KP009086,KW11134,2026-08-22,CA,Mobile,697,32.0,8,134,5.97,2026-08-22 23:38:00
KP009087,KW11711,2026-08-23,FR,Desktop,6752,50.0,86,1894,4.54,2026-08-23 19:19:00
KP009088,KW10314,2026-08-24,FR,Desktop,2479,14.0,109,1263,8.63,2026-08-24 01:02:00
KP009089,KW11621,2026-08-25,AU,Tablet,5257,39.0,153,2828,5.41,2026-08-25 14:26:00
KP009090,KW10917,2026-08-26,CA,Desktop,2192,3.0,218,1062,20.53,2026-08-26 10:34:00
KP009091,KW10829,2026-08-27,FR,Desktop,5759,6.0,295,2050,14.39,2026-08-27 10:10:00
KP009092,KW11201,2026-08-28,AU,Desktop,5086,18.0,109,1969,5.54,2026-08-28 07:59:00
KP009093,KW11222,2026-08-29,FR,Mobile,777,35.0,16,281,5.69,2026-08-29 10:07:00
KP009094,KW10999,2026-08-30,BR,Desktop,1928,8.0,60,719,8.34,2026-08-30 22:55:00
KP009095,KW10284,2026-08-31,US,Desktop,8380,17.0,303,3983,7.61,2026-08-31 18:54:00
KP009096,KW10334,2026-09-01,DE,Mobile,4335,49.0,12,310,3.87,2026-09-01 22:31:00
KP009097,KW10760,2026-09-02,IN,Mobile,1631,45.0,13,268,4.85,2026-09-02 12:21:00
KP009098,KW11483,2026-09-03,DE,Mobile,2778,23.0,72,1020,7.06,2026-09-03 16:16:00
KP009099,KW11339,2026-09-04,UK,Desktop,1795,7.0,33,290,11.38,2026-09-04 07:58:00
KP009100,KW11227,2026-09-05,MX,Desktop,4268,20.0,133,2097,6.34,2026-09-05 00:21:00
KP009101,KW10287,2026-09-06,MX,Mobile,1864,18.0,23,276,8.33,2026-09-06 15:45:00
KP009102,KW11218,2026-09-07,JP,Desktop,1521,21.0,51,709,7.19,2026-09-07 13:52:00
KP009103,KW11528,2026-09-08,DE,Desktop,7688,23.0,149,2791,5.34,2026-09-08 00:49:00
KP009104,KW11512,2026-09-09,UK,Mobile,23885,12.0,295,2803,10.52,2026-09-09 02:09:00
KP009105,KW11546,2026-09-10,CA,Desktop,1518,29.0,23,479,4.8,2026-09-10 02:19:00
KP009106,KW10320,2026-09-11,JP,Desktop,10101,43.0,129,2390,5.4,2026-09-11 03:07:00
KP009107,KW11869,2026-09-12,CA,Desktop,1532,16.0,46,604,7.62,2026-09-12 05:15:00
KP009108,KW10521,2026-09-13,BR,Tablet,15360,7.0,646,5566,11.61,2026-09-13 17:38:00
KP009109,KW11303,2026-09-14,BR,Desktop,4272,40.0,68,1755,3.87,2026-09-14 08:00:00
KP009110,KW11293,2026-09-15,US,Mobile,3442,24.0,43,730,5.89,2026-09-15 06:04:00
KP009111,KW10531,2026-09-16,BR,Mobile,10509,11.0,612,5595,10.94,2026-09-16 06:34:00
KP009112,KW11679,2026-09-17,AU,Mobile,10232,11.0,335,3477,9.63,2026-09-17 18:44:00
KP009113,KW11709,2026-09-18,IN,Desktop,6765,47.0,111,2135,5.2,2026-09-18 18:51:00
KP009114,KW10803,2026-09-19,JP,Mobile,1176,31.0,27,586,4.61,2026-09-19 18:02:00
KP009115,KW10420,2026-09-20,MX,Mobile,2735,22.0,59,747,7.9,2026-09-20 04:48:00
KP009116,KW11428,2026-09-21,AU,Mobile,724,32.0,2,40,5.0,2026-09-21 05:17:00
KP009117,KW11451,2026-09-22,AU,Mobile,1657,12.0,53,519,10.21,2026-09-22 14:52:00
KP009118,KW10645,2026-09-23,FR,Desktop,7447,14.0,134,1889,7.09,2026-09-23 11:01:00
KP009119,KW10711,2026-09-24,JP,Desktop,10230,17.0,230,3569,6.44,2026-09-24 21:28:00
KP009120,KW11729,2026-09-25,MX,Mobile,20390,16.0,512,8512,6.02,2026-09-25 01:02:00
KP009121,KW10650,2026-09-26,UK,Desktop,1293,23.0,33,658,5.02,2026-09-26 05:20:00
KP009122,KW10614,2026-09-27,JP,Mobile,3560,10.0,35,481,7.28,2026-09-27 12:20:00
KP009123,KW10093,2026-09-28,US,Mobile,9219,46.0,35,854,4.1,2026-09-28 21:53:00
KP009124,KW11203,2026-09-29,BR,Mobile,633,20.0,15,278,5.4,2026-09-29 15:21:00
KP009125,KW11283,2026-09-30,MX,Mobile,5426,20.0,88,1455,6.05,2026-09-30 17:47:00
KP009369,KW10199,2026-06-01,IN,Desktop,560,50.0,4,128,3.12,2026-06-01 09:48:00
KP009370,KW11489,2026-06-02,AU,Desktop,1921,49.0,36,752,4.79,2026-06-02 10:34:00
KP009371,KW10799,2026-06-03,AU,Mobile,7104,38.0,143,3603,3.97,2026-06-03 11:09:00
KP009372,KW10667,2026-06-04,US,Mobile,4966,3.0,313,1471,21.28,2026-06-04 15:48:00
KP009373,KW10218,2026-06-05,FR,Mobile,7820,2.0,593,2826,20.98,2026-06-05 21:23:00
KP009374,KW10137,2026-06-06,FR,Tablet,13875,32.0,232,4218,5.5,2026-06-06 21:32:00
KP009375,KW11392,2026-06-07,FR,Desktop,1367,15.0,12,215,5.58,2026-06-07 16:47:00
KP009376,KW10129,2026-06-08,CA,Desktop,4209,24.0,62,1129,5.49,2026-06-08 16:28:00
KP009377,KW10606,2026-06-09,AU,Desktop,16359,50.0,126,3416,3.69,2026-06-09 14:25:00
KP009378,KW11446,2026-06-10,JP,Mobile,2889,48.0,24,679,3.53,2026-06-10 13:51:00
KP009379,KW11690,2026-06-11,IN,Mobile,4441,13.0,162,1599,10.13,2026-06-11 22:50:00
KP009380,KW10420,2026-06-12,US,Desktop,8181,45.0,123,2496,4.93,2026-06-12 11:20:00
KP009381,KW10875,2026-06-13,UK,Mobile,531,41.0,4,90,4.44,2026-06-13 15:13:00
KP009382,KW10908,2026-06-14,UK,Mobile,1373,30.0,14,264,5.3,2026-06-14 20:16:00
KP009383,KW10898,2026-06-15,FR,Mobile,809,44.0,9,244,3.69,2026-06-15 09:50:00
KP009384,KW10024,2026-06-16,AU,Mobile,1486,35.0,33,586,5.63,2026-06-16 04:11:00
KP009385,KW10181,2026-06-17,DE,Desktop,7010,45.0,80,1590,5.03,2026-06-17 13:35:00
KP009386,KW10511,2026-06-18,UK,Desktop,563,44.0,3,74,4.05,2026-06-18 21:55:00
KP009387,KW10089,2026-06-19,DE,Mobile,6704,35.0,96,2449,3.92,2026-06-19 02:44:00
KP009388,KW10848,2026-06-20,MX,Mobile,17528,50.0,130,2676,4.86,2026-06-20 07:53:00
KP009389,KW11851,2026-06-21,US,Desktop,6811,37.0,125,3163,3.95,2026-06-21 00:25:00
KP009390,KW11922,2026-06-22,AU,Mobile,1828,23.0,45,901,4.99,2026-06-22 12:47:00
KP009391,KW11939,2026-06-23,MX,Mobile,9712,41.0,152,3596,4.23,2026-06-23 14:26:00
KP009392,KW10150,2026-06-24,AU,Desktop,14241,11.0,698,6065,11.51,2026-06-24 10:27:00
KP009393,KW10879,2026-06-25,JP,Mobile,3226,29.0,81,1651,4.91,2026-06-25 20:31:00
KP009394,KW10808,2026-06-26,DE,Mobile,1464,9.0,22,256,8.59,2026-06-26 10:39:00
KP009395,KW10717,2026-06-27,UK,Mobile,1030,43.0,4,107,3.74,2026-06-27 06:47:00
KP009396,KW11616,2026-06-28,CA,Desktop,16441,29.0,335,5148,6.51,2026-06-28 20:22:00
KP009397,KW11647,2026-06-29,DE,Mobile,1295,5.0,75,585,12.82,2026-06-29 02:40:00
KP009398,KW10315,2026-06-30,AU,Desktop,442,41.0,7,153,4.58,2026-06-30 12:22:00
KP009399,KW11414,2026-07-01,US,Desktop,873,45.0,11,335,3.28,2026-07-01 00:59:00
KP009400,KW11094,2026-07-02,US,Desktop,990,7.0,53,535,9.91,2026-07-02 19:36:00
KP009401,KW10283,2026-07-03,US,Desktop,2095,38.0,49,1147,4.27,2026-07-03 17:49:00
KP009402,KW10299,2026-07-04,IN,Mobile,3088,5.0,171,1080,15.83,2026-07-04 00:22:00
KP009403,KW10349,2026-07-05,BR,Mobile,656,40.0,2,51,3.92,2026-07-05 14:25:00
KP009404,KW11037,2026-07-06,DE,Desktop,2820,45.0,27,532,5.08,2026-07-06 14:45:00
KP009405,KW10242,2026-07-07,IN,Desktop,378,44.0,6,154,3.9,2026-07-07 17:35:00
KP009406,KW11821,2026-07-08,AU,Tablet,798,33.0,3,73,4.11,2026-07-08 21:05:00
KP009407,KW10795,2026-07-09,IN,Desktop,11751,29.0,85,2019,4.21,2026-07-09 00:59:00
KP009408,KW11782,2026-07-10,US,Mobile,561,24.0,9,182,4.95,2026-07-10 15:29:00
KP009409,KW11019,2026-07-11,FR,Desktop,1605,40.0,21,526,3.99,2026-07-11 04:30:00
KP009410,KW11986,2026-07-12,JP,Desktop,2351,18.0,78,910,8.57,2026-07-12 06:56:00
KP009411,KW11613,2026-07-13,FR,Mobile,2607,17.0,27,458,5.9,2026-07-13 05:29:00
KP009412,KW11199,2026-07-14,MX,Mobile,2463,3.0,250,1064,23.5,2026-07-14 21:16:00
KP009413,KW10845,2026-07-15,FR,Mobile,5617,4.0,388,2067,18.77,2026-07-15 00:55:00
KP009414,KW10493,2026-07-16,FR,Mobile,13512,19.0,387,6031,6.42,2026-07-16 16:41:00
KP009415,KW11491,2026-07-17,CA,Mobile,1727,23.0,8,169,4.73,2026-07-17 22:11:00
KP009416,KW11599,2026-07-18,BR,Desktop,4130,41.0,48,901,5.33,2026-07-18 09:21:00
KP009417,KW10117,2026-07-19,US,Desktop,8953,28.0,68,1013,6.71,2026-07-19 05:20:00
KP009418,KW11884,2026-07-20,CA,Mobile,1451,14.0,18,213,8.45,2026-07-20 19:40:00
KP009419,KW11431,2026-07-21,JP,Desktop,6951,16.0,74,846,8.75,2026-07-21 04:36:00
KP009420,KW11137,2026-07-22,MX,Mobile,2014,38.0,37,968,3.82,2026-07-22 17:38:00
KP009421,KW11272,2026-07-23,UK,Mobile,4033,27.0,63,1367,4.61,2026-07-23 04:04:00
KP009422,KW11820,2026-07-24,IN,Mobile,787,22.0,10,160,6.25,2026-07-24 19:13:00
KP009423,KW10251,2026-07-25,US,Mobile,11414,8.0,716,5692,12.58,2026-07-25 19:13:00
KP009424,KW11241,2026-07-26,US,Desktop,1166,26.0,36,522,6.9,2026-07-26 03:22:00
KP009425,KW11207,2026-07-27,US,Mobile,825,3.0,27,136,19.85,2026-07-27 11:06:00
KP009426,KW11607,2026-07-28,US,Desktop,5112,47.0,53,1332,3.98,2026-07-28 17:17:00
KP009427,KW11848,2026-07-29,DE,Mobile,4143,31.0,15,309,4.85,2026-07-29 09:54:00
KP009428,KW11812,2026-07-30,MX,Desktop,9151,15.0,247,2753,8.97,2026-07-30 07:15:00
KP009429,KW11631,2026-07-31,US,Desktop,1037,47.0,1,52,1.92,2026-07-31 22:49:00
KP009430,KW10555,2026-08-01,JP,Tablet,5370,29.0,92,2087,4.41,2026-08-01 10:34:00
KP009431,KW10890,2026-08-02,DE,Mobile,10590,17.0,171,2268,7.54,2026-08-02 18:23:00
KP009432,KW10745,2026-08-03,IN,Desktop,10653,24.0,32,671,4.77,2026-08-03 23:01:00
KP009433,KW11938,2026-08-04,UK,Tablet,4622,14.0,151,1838,8.22,2026-08-04 23:11:00
KP009434,KW11217,2026-08-05,MX,Tablet,7812,4.0,330,1915,17.23,2026-08-05 03:32:00
KP009435,KW11429,2026-08-06,CA,Desktop,323,20.0,10,146,6.85,2026-08-06 19:04:00
KP009436,KW11764,2026-08-07,JP,Desktop,2389,23.0,25,371,6.74,2026-08-07 15:28:00
KP009437,KW10631,2026-08-08,IN,Mobile,5842,26.0,57,955,5.97,2026-08-08 15:13:00
KP009438,KW10786,2026-08-09,AU,Desktop,1099,20.0,27,374,7.22,2026-08-09 09:51:00
KP009439,KW10708,2026-08-10,FR,Desktop,3425,26.0,46,958,4.8,2026-08-10 13:34:00
KP009440,KW11736,2026-08-11,FR,Tablet,4101,1.0,230,659,34.9,2026-08-11 05:23:00
KP009441,KW11189,2026-08-12,FR,Desktop,3496,26.0,118,1905,6.19,2026-08-12 09:43:00
KP009442,KW11828,2026-08-13,FR,Mobile,1518,49.0,6,148,4.05,2026-08-13 09:13:00
KP009443,KW10235,2026-08-14,FR,Desktop,4515,20.0,79,1357,5.82,2026-08-14 05:22:00
KP009444,KW10984,2026-08-15,IN,Desktop,4495,12.0,98,889,11.02,2026-08-15 15:37:00
KP009445,KW11018,2026-08-16,US,Mobile,24881,25.0,871,12105,7.2,2026-08-16 18:28:00
KP009446,KW11843,2026-08-17,AU,Mobile,799,29.0,12,191,6.28,2026-08-17 19:59:00
KP009447,KW11088,2026-08-18,UK,Desktop,7134,29.0,187,3683,5.08,2026-08-18 07:10:00
KP009448,KW10838,2026-08-19,AU,Desktop,6749,50.0,106,2792,3.8,2026-08-19 15:56:00
KP009449,KW10193,2026-08-20,JP,Desktop,4633,18.0,85,1177,7.22,2026-08-20 02:47:00
KP009450,KW10081,2026-08-21,DE,Mobile,3623,44.0,28,525,5.33,2026-08-21 10:06:00
KP009451,KW11484,2026-08-22,US,Mobile,4894,40.0,43,794,5.42,2026-08-22 15:02:00
KP009452,KW10395,2026-08-23,FR,Desktop,2028,24.0,7,126,5.56,2026-08-23 02:29:00
KP009453,KW10047,2026-08-24,UK,Mobile,16123,42.0,199,3579,5.56,2026-08-24 02:04:00
KP009454,KW10021,2026-08-25,CA,Mobile,1268,18.0,4,73,5.48,2026-08-25 11:11:00
KP009455,KW10151,2026-08-26,US,Desktop,1107,50.0,14,438,3.2,2026-08-26 03:37:00
KP009456,KW11170,2026-08-27,JP,Mobile,4906,45.0,117,2388,4.9,2026-08-27 11:28:00
KP009457,KW11301,2026-08-28,JP,Desktop,3001,46.0,29,911,3.18,2026-08-28 10:03:00
KP009458,KW11996,2026-08-29,MX,Desktop,1889,35.0,19,412,4.61,2026-08-29 19:53:00
KP009459,KW10202,2026-08-30,DE,Mobile,8925,18.0,176,2219,7.93,2026-08-30 07:08:00
KP009460,KW11633,2026-08-31,AU,Mobile,1545,44.0,13,258,5.04,2026-08-31 00:07:00
KP009461,KW11359,2026-09-01,IN,Mobile,6560,16.0,156,2102,7.42,2026-09-01 21:28:00
KP009462,KW10539,2026-09-02,AU,Desktop,1423,1.0,232,666,34.83,2026-09-02 12:01:00
KP009463,KW10574,2026-09-03,DE,Mobile,3250,6.0,64,501,12.77,2026-09-03 13:02:00
KP009464,KW10242,2026-09-04,IN,Mobile,1278,50.0,8,172,4.65,2026-09-04 04:34:00
KP009465,KW10468,2026-09-05,BR,Mobile,4101,6.0,174,1395,12.47,2026-09-05 07:10:00
KP009466,KW11393,2026-09-06,DE,Mobile,1554,17.0,38,570,6.67,2026-09-06 12:52:00
KP009467,KW10405,2026-09-07,BR,Desktop,1909,30.0,20,312,6.41,2026-09-07 02:30:00
KP009468,KW10880,2026-09-08,CA,Mobile,1143,20.0,24,394,6.09,2026-09-08 01:50:00
KP009469,KW10464,2026-09-09,AU,Desktop,7343,19.0,190,2605,7.29,2026-09-09 05:10:00
KP009470,KW11204,2026-09-10,DE,Desktop,9920,36.0,237,5293,4.48,2026-09-10 10:42:00
KP009471,KW10865,2026-09-11,FR,Mobile,10752,35.0,257,5773,4.45,2026-09-11 13:07:00
KP009472,KW11179,2026-09-12,BR,Desktop,9530,27.0,59,1237,4.77,2026-09-12 02:43:00
KP009473,KW10019,2026-09-13,IN,Desktop,1787,3.0,50,345,14.49,2026-09-13 03:41:00
KP009474,KW11589,2026-09-14,JP,Mobile,996,29.0,20,394,5.08,2026-09-14 21:51:00
KP009475,KW10990,2026-09-15,MX,Desktop,4391,5.0,168,1031,16.29,2026-09-15 12:14:00
KP009476,KW10044,2026-09-16,BR,Desktop,1639,21.0,44,552,7.97,2026-09-16 17:40:00
KP009477,KW10576,2026-09-17,CA,Mobile,2715,6.0,77,525,14.67,2026-09-17 10:51:00
KP009478,KW11969,2026-09-18,JP,Mobile,1924,15.0,97,1026,9.45,2026-09-18 12:43:00
KP009479,KW10340,2026-09-19,BR,Desktop,1212,12.0,24,273,8.79,2026-09-19 23:33:00
KP009480,KW11672,2026-09-20,UK,Desktop,4519,14.0,143,2024,7.07,2026-09-20 17:10:00
KP009481,KW10542,2026-09-21,DE,Mobile,4468,43.0,9,249,3.61,2026-09-21 16:24:00
KP009482,KW11515,2026-09-22,MX,Mobile,962,3.0,75,459,16.34,2026-09-22 22:48:00
KP009483,KW11980,2026-09-23,DE,Desktop,8037,14.0,54,692,7.8,2026-09-23 17:23:00
KP009484,KW11100,2026-09-24,UK,Desktop,1937,3.0,105,719,14.6,2026-09-24 17:43:00
KP009485,KW11088,2026-09-25,AU,Mobile,1163,10.0,29,261,11.11,2026-09-25 21:05:00
KP009486,KW11102,2026-09-26,AU,Mobile,5866,33.0,118,2755,4.28,2026-09-26 18:10:00
KP009487,KW11748,2026-09-27,JP,Mobile,1243,1.0,215,616,34.9,2026-09-27 22:00:00
KP009488,KW10717,2026-09-28,MX,Mobile,1880,31.0,24,583,4.12,2026-09-28 23:12:00
KP009489,KW11319,2026-09-29,FR,Mobile,5826,20.0,130,1973,6.59,2026-09-29 18:21:00
KP009490,KW11478,2026-09-30,MX,Desktop,7518,39.0,177,3356,5.27,2026-09-30 16:03:00
KP009734,KW11708,2026-06-01,BR,Desktop,11235,27.0,249,5714,4.36,2026-06-01 10:08:00
KP009735,KW11000,2026-06-02,CA,Desktop,547,43.0,1,41,2.44,2026-06-02 02:51:00
KP009736,KW11753,2026-06-03,FR,Desktop,1791,30.0,15,298,5.03,2026-06-03 09:18:00
KP009737,KW11891,2026-06-04,AU,Tablet,2430,31.0,36,706,5.1,2026-06-04 12:02:00
KP009738,KW11613,2026-06-05,UK,Mobile,1357,21.0,32,463,6.91,2026-06-05 17:51:00
KP009739,KW10860,2026-06-06,JP,Desktop,9509,18.0,63,942,6.69,2026-06-06 02:39:00
KP009740,KW10672,2026-06-07,FR,Mobile,1879,41.0,45,880,5.11,2026-06-07 00:16:00
KP009741,KW10632,2026-06-08,US,Mobile,4208,45.0,52,1118,4.65,2026-06-08 02:52:00
KP009742,KW11907,2026-06-09,BR,Mobile,7508,44.0,24,525,4.57,2026-06-09 21:53:00
KP009743,KW11588,2026-06-10,DE,Mobile,5085,22.0,168,2139,7.85,2026-06-10 09:45:00
KP009744,KW10538,2026-06-11,US,Desktop,7149,35.0,63,1375,4.58,2026-06-11 15:52:00
KP009745,KW11016,2026-06-12,MX,Desktop,430,8.0,21,173,12.14,2026-06-12 14:23:00
KP009746,KW10929,2026-06-13,UK,Mobile,19409,44.0,361,10539,3.43,2026-06-13 17:35:00
KP009747,KW10558,2026-06-14,AU,Mobile,2168,27.0,26,412,6.31,2026-06-14 04:32:00
KP009748,KW11036,2026-06-15,CA,Desktop,2754,16.0,72,1236,5.83,2026-06-15 14:01:00
KP009749,KW11583,2026-06-16,UK,Desktop,5315,11.0,204,2738,7.45,2026-06-16 17:35:00
KP009750,KW10471,2026-06-17,UK,Mobile,438,28.0,7,137,5.11,2026-06-17 22:12:00
KP009751,KW10791,2026-06-18,IN,Tablet,12583,2.0,428,1544,27.72,2026-06-18 21:26:00
KP009752,KW11167,2026-06-19,IN,Mobile,3550,20.0,42,686,6.12,2026-06-19 11:45:00
KP009753,KW10179,2026-06-20,IN,Mobile,12572,34.0,299,6711,4.46,2026-06-20 05:51:00
KP009754,KW10242,2026-06-21,JP,Mobile,26359,20.0,1090,14271,7.64,2026-06-21 22:50:00
KP009755,KW10500,2026-06-22,AU,Desktop,3867,27.0,86,1592,5.4,2026-06-22 11:36:00
KP009756,KW11597,2026-06-23,JP,Mobile,4801,7.0,55,578,9.52,2026-06-23 06:29:00
KP009757,KW10618,2026-06-24,DE,Desktop,6645,17.0,149,2302,6.47,2026-06-24 17:40:00
KP009758,KW11977,2026-06-25,CA,Desktop,794,44.0,14,264,5.3,2026-06-25 02:12:00
KP009759,KW10925,2026-06-26,UK,Desktop,2187,47.0,20,498,4.02,2026-06-26 09:12:00
KP009760,KW11715,2026-06-27,DE,Mobile,3213,39.0,60,1134,5.29,2026-06-27 04:47:00
KP009761,KW10444,2026-06-28,CA,Desktop,37861,21.0,826,12880,6.41,2026-06-28 05:26:00
KP009762,KW10458,2026-06-29,IN,Desktop,1135,1.0,65,228,28.51,2026-06-29 22:43:00
KP009763,KW10562,2026-06-30,FR,Mobile,851,42.0,12,264,4.55,2026-06-30 03:56:00
KP009764,KW11551,2026-07-01,IN,Desktop,19792,7.0,496,4664,10.63,2026-07-01 18:53:00
KP009765,KW11086,2026-07-02,US,Desktop,3510,32.0,70,1094,6.4,2026-07-02 21:13:00
KP009766,KW10237,2026-07-03,MX,Desktop,3503,36.0,55,1299,4.23,2026-07-03 06:28:00
KP009767,KW10437,2026-07-04,IN,Mobile,1859,27.0,29,638,4.55,2026-07-04 07:44:00
KP009768,KW10986,2026-07-05,US,Desktop,3522,12.0,147,1803,8.15,2026-07-05 14:54:00
KP009769,KW11834,2026-07-06,FR,Mobile,14033,23.0,183,3088,5.93,2026-07-06 15:02:00
KP009770,KW11101,2026-07-07,US,Mobile,6908,43.0,105,2154,4.87,2026-07-07 11:48:00
KP009771,KW10748,2026-07-08,US,Mobile,902,42.0,16,358,4.47,2026-07-08 14:32:00
KP009772,KW10486,2026-07-09,MX,Mobile,6338,19.0,24,334,7.19,2026-07-09 06:51:00
KP009773,KW10913,2026-07-10,FR,Mobile,6057,46.0,125,2922,4.28,2026-07-10 06:08:00
KP009774,KW11858,2026-07-11,JP,Desktop,1142,27.0,5,78,6.41,2026-07-11 18:29:00
KP009775,KW11232,2026-07-12,US,Desktop,2497,30.0,35,781,4.48,2026-07-12 23:20:00
KP009776,KW10245,2026-07-13,BR,Tablet,14097,5.0,797,6859,11.62,2026-07-13 03:00:00
KP009777,KW10987,2026-07-14,FR,Tablet,3582,31.0,25,624,4.01,2026-07-14 09:54:00
KP009778,KW10643,2026-07-15,BR,Mobile,6730,26.0,83,1710,4.85,2026-07-15 04:57:00
KP009779,KW10993,2026-07-16,JP,Mobile,4455,44.0,30,733,4.09,2026-07-16 04:26:00
KP009780,KW11824,2026-07-17,IN,Desktop,21053,8.0,474,4481,10.58,2026-07-17 02:08:00
KP009781,KW11539,2026-07-18,BR,Mobile,8937,33.0,82,1442,5.69,2026-07-18 13:46:00
KP009782,KW11889,2026-07-19,IN,Desktop,5832,11.0,292,2992,9.76,2026-07-19 08:41:00
KP009783,KW11503,2026-07-20,DE,Desktop,581,30.0,11,251,4.38,2026-07-20 15:47:00
KP009784,KW10842,2026-07-21,AU,Desktop,1890,50.0,43,971,4.43,2026-07-21 01:49:00
KP009785,KW10684,2026-07-22,CA,Desktop,24207,29.0,353,6193,5.7,2026-07-22 12:27:00
KP009786,KW11074,2026-07-23,BR,Mobile,1150,47.0,6,199,3.02,2026-07-23 00:04:00
KP009787,KW11518,2026-07-24,CA,Mobile,1442,10.0,11,153,7.19,2026-07-24 08:07:00
KP009788,KW11440,2026-07-25,US,Desktop,1729,25.0,44,750,5.87,2026-07-25 08:25:00
KP009789,KW10773,2026-07-26,IN,Mobile,583,47.0,8,198,4.04,2026-07-26 00:02:00
KP009790,KW11624,2026-07-27,IN,Desktop,1029,28.0,10,209,4.78,2026-07-27 00:47:00
KP009791,KW10743,2026-07-28,BR,Desktop,3478,28.0,78,1256,6.21,2026-07-28 00:10:00
KP009792,KW11938,2026-07-29,CA,Mobile,7564,25.0,45,744,6.05,2026-07-29 15:03:00
KP009793,KW10367,2026-07-30,AU,Desktop,1825,43.0,43,958,4.49,2026-07-30 06:50:00
KP009794,KW11891,2026-07-31,UK,Mobile,9311,37.0,49,940,5.21,2026-07-31 13:51:00
KP009795,KW11219,2026-08-01,BR,Desktop,6551,28.0,118,2238,5.27,2026-08-01 11:13:00
KP009796,KW11623,2026-08-02,AU,Desktop,13670,39.0,349,6767,5.16,2026-08-02 19:14:00
KP009797,KW11403,2026-08-03,IN,Mobile,2397,20.0,21,391,5.37,2026-08-03 18:40:00
KP009798,KW10413,2026-08-04,IN,Desktop,2925,27.0,13,209,6.22,2026-08-04 02:23:00
KP009799,KW11242,2026-08-05,JP,Desktop,1547,6.0,38,295,12.88,2026-08-05 12:59:00
KP009800,KW11803,2026-08-06,CA,Desktop,2839,13.0,10,153,6.54,2026-08-06 01:54:00
KP009801,KW10505,2026-08-07,UK,Desktop,1005,26.0,22,459,4.79,2026-08-07 10:30:00
KP009802,KW10809,2026-08-08,US,Desktop,1494,12.0,51,493,10.34,2026-08-08 19:52:00
KP009803,KW10453,2026-08-09,UK,Desktop,3411,12.0,74,1009,7.33,2026-08-09 05:05:00
KP009804,KW11791,2026-08-10,IN,Desktop,1940,45.0,8,159,5.03,2026-08-10 05:31:00
KP009805,KW11969,2026-08-11,US,Mobile,54086,40.0,442,12268,3.6,2026-08-11 00:22:00
KP009806,KW10174,2026-08-12,CA,Desktop,1241,45.0,10,213,4.69,2026-08-12 17:45:00
KP009807,KW11449,2026-08-13,AU,Tablet,3893,26.0,77,1621,4.75,2026-08-13 20:54:00
KP009808,KW11015,2026-08-14,MX,Desktop,4415,24.0,141,2066,6.82,2026-08-14 11:49:00
KP009809,KW10442,2026-08-15,US,Mobile,1587,25.0,6,101,5.94,2026-08-15 12:00:00
KP009810,KW11413,2026-08-16,MX,Desktop,1558,16.0,10,136,7.35,2026-08-16 18:49:00
KP009811,KW10974,2026-08-17,UK,Mobile,2040,2.0,122,554,22.02,2026-08-17 20:23:00
KP009812,KW11206,2026-08-18,JP,Mobile,2576,23.0,21,448,4.69,2026-08-18 10:15:00
KP009813,KW11650,2026-08-19,IN,Desktop,1652,7.0,20,227,8.81,2026-08-19 10:48:00
KP009814,KW10188,2026-08-20,BR,Mobile,7273,28.0,106,2518,4.21,2026-08-20 17:01:00
KP009815,KW10238,2026-08-21,AU,Desktop,1710,5.0,15,123,12.2,2026-08-21 09:32:00
KP009816,KW11241,2026-08-22,IN,Mobile,24991,9.0,1186,10039,11.81,2026-08-22 14:30:00
KP009817,KW11793,2026-08-23,US,Mobile,1210,43.0,11,264,4.17,2026-08-23 22:53:00
KP009818,KW11093,2026-08-24,US,Desktop,979,45.0,5,135,3.7,2026-08-24 06:50:00
KP009819,KW10218,2026-08-25,UK,Desktop,7159,32.0,47,1098,4.28,2026-08-25 20:21:00
KP009820,KW10105,2026-08-26,AU,Mobile,2026,33.0,14,226,6.19,2026-08-26 19:53:00
KP009821,KW11328,2026-08-27,JP,Desktop,3102,32.0,62,1399,4.43,2026-08-27 10:05:00
KP009822,KW10051,2026-08-28,JP,Desktop,2227,1.0,303,1036,29.25,2026-08-28 10:11:00
KP009823,KW11802,2026-08-29,CA,Mobile,3924,36.0,11,204,5.39,2026-08-29 09:32:00
KP009824,KW10095,2026-08-30,CA,Mobile,4403,6.0,96,948,10.13,2026-08-30 00:17:00
KP009825,KW11200,2026-08-31,IN,Desktop,1673,35.0,11,314,3.5,2026-08-31 22:59:00
KP009826,KW11889,2026-09-01,BR,Mobile,275,35.0,6,145,4.14,2026-09-01 15:31:00
KP009827,KW11500,2026-09-02,FR,Desktop,3121,16.0,95,1110,8.56,2026-09-02 16:04:00
KP009828,KW10657,2026-09-03,MX,Desktop,5855,17.0,116,1378,8.42,2026-09-03 04:26:00
KP009829,KW11617,2026-09-04,MX,Mobile,814,34.0,26,439,5.92,2026-09-04 04:56:00
KP009830,KW10826,2026-09-05,AU,Mobile,5030,4.0,205,1417,14.47,2026-09-05 14:37:00
KP009831,KW10088,2026-09-06,BR,Desktop,3700,46.0,67,1418,4.72,2026-09-06 15:34:00
KP009832,KW10493,2026-09-07,IN,Desktop,14210,1.0,2394,6841,34.99,2026-09-07 17:50:00
KP009833,KW11740,2026-09-08,AU,Desktop,3592,7.0,143,1466,9.75,2026-09-08 21:30:00
KP009834,KW10460,2026-09-09,JP,Mobile,3421,22.0,47,879,5.35,2026-09-09 04:27:00
KP009835,KW11309,2026-09-10,US,Mobile,2117,31.0,40,852,4.69,2026-09-10 07:34:00
KP009836,KW10877,2026-09-11,CA,Desktop,1311,22.0,47,717,6.56,2026-09-11 17:51:00
KP009837,KW11808,2026-09-12,IN,Desktop,7667,18.0,135,2388,5.65,2026-09-12 07:28:00
KP009838,KW11535,2026-09-13,FR,Mobile,10707,48.0,180,5150,3.5,2026-09-13 06:51:00
KP009839,KW11152,2026-09-14,BR,Mobile,4000,11.0,37,363,10.19,2026-09-14 04:42:00
KP009840,KW10427,2026-09-15,US,Tablet,2503,31.0,43,919,4.68,2026-09-15 09:13:00
KP009841,KW10211,2026-09-16,MX,Mobile,9559,6.0,150,1166,12.86,2026-09-16 03:53:00
KP009842,KW10510,2026-09-17,CA,Desktop,605,18.0,5,61,8.2,2026-09-17 05:20:00
KP009843,KW10606,2026-09-18,US,Mobile,1347,27.0,38,732,5.19,2026-09-18 16:34:00
KP009844,KW10232,2026-09-19,BR,Desktop,1408,24.0,25,481,5.2,2026-09-19 22:43:00
KP009845,KW10228,2026-09-20,US,Desktop,8505,18.0,185,2378,7.78,2026-09-20 23:13:00
KP009846,KW10028,2026-09-21,DE,Desktop,1175,43.0,6,193,3.11,2026-09-21 22:06:00
KP009847,KW11464,2026-09-22,UK,Mobile,4488,40.0,106,2370,4.47,2026-09-22 13:27:00
KP009848,KW10980,2026-09-23,JP,Mobile,3792,32.0,53,1304,4.06,2026-09-23 16:39:00
KP009849,KW10956,2026-09-24,BR,Desktop,3657,5.0,63,399,15.79,2026-09-24 11:03:00
KP009850,KW10724,2026-09-25,CA,Desktop,6030,8.0,242,1757,13.77,2026-09-25 20:29:00
KP009851,KW10761,2026-09-26,IN,Mobile,2424,45.0,28,771,3.63,2026-09-26 08:38:00
KP009852,KW10045,2026-09-27,CA,Desktop,2507,18.0,64,1122,5.7,2026-09-27 23:45:00
KP009853,KW11885,2026-09-28,AU,Mobile,4379,24.0,85,1204,7.06,2026-09-28 01:08:00
KP009854,KW10218,2026-09-29,US,Mobile,5736,7.0,73,705,10.35,2026-09-29 08:58:00
KP009855,KW11803,2026-09-30,IN,Mobile,4981,45.0,75,1535,4.89,2026-09-30 04:47:00
KP010099,KW10270,2026-06-01,CA,Mobile,1623,42.0,31,591,5.25,2026-06-01 10:51:00
KP010100,KW10218,2026-06-02,JP,Desktop,929,17.0,12,177,6.78,2026-06-02 10:28:00
KP010101,KW10491,2026-06-03,UK,Mobile,1083,7.0,66,566,11.66,2026-06-03 15:36:00
KP010102,KW11011,2026-06-04,US,Mobile,1526,14.0,42,625,6.72,2026-06-04 08:26:00
KP010103,KW10046,2026-06-05,UK,Mobile,1595,35.0,33,847,3.9,2026-06-05 07:42:00
KP010104,KW11217,2026-06-06,IN,Mobile,10312,3.0,135,685,19.71,2026-06-06 15:25:00
KP010105,KW10999,2026-06-07,AU,Desktop,7902,14.0,386,4046,9.54,2026-06-07 09:13:00
KP010106,KW11734,2026-06-08,MX,Desktop,2132,19.0,66,1135,5.81,2026-06-08 23:03:00
KP010107,KW11819,2026-06-09,JP,Mobile,2532,29.0,61,1195,5.1,2026-06-09 02:21:00
KP010108,KW10404,2026-06-10,US,Desktop,5476,33.0,145,2875,5.04,2026-06-10 07:37:00
KP010109,KW10559,2026-06-11,AU,Mobile,3208,42.0,40,874,4.58,2026-06-11 20:12:00
KP010110,KW11915,2026-06-12,MX,Mobile,1242,42.0,28,574,4.88,2026-06-12 15:48:00
KP010111,KW10403,2026-06-13,AU,Tablet,12102,4.0,336,2154,15.6,2026-06-13 11:35:00
KP010112,KW11345,2026-06-14,CA,Desktop,770,17.0,17,222,7.66,2026-06-14 09:41:00
KP010113,KW10847,2026-06-15,BR,Desktop,1879,7.0,110,825,13.33,2026-06-15 01:05:00
KP010114,KW11986,2026-06-16,IN,Mobile,10016,34.0,227,4991,4.55,2026-06-16 14:40:00
KP010115,KW10672,2026-06-17,JP,Desktop,2958,14.0,57,639,8.92,2026-06-17 15:31:00
KP010116,KW11633,2026-06-18,BR,Desktop,833,19.0,11,184,5.98,2026-06-18 00:49:00
KP010117,KW11433,2026-06-19,UK,Mobile,1829,14.0,10,153,6.54,2026-06-19 23:55:00
KP010118,KW11907,2026-06-20,CA,Desktop,3054,16.0,152,1662,9.15,2026-06-20 18:11:00
KP010119,KW10460,2026-06-21,FR,Mobile,4346,29.0,63,945,6.67,2026-06-21 08:13:00
KP010120,KW10497,2026-06-22,FR,Desktop,14035,24.0,317,5260,6.03,2026-06-22 12:11:00
KP010121,KW10944,2026-06-23,DE,Mobile,3303,40.0,16,361,4.43,2026-06-23 23:27:00
KP010122,KW11161,2026-06-24,FR,Mobile,722,46.0,3,77,3.9,2026-06-24 06:28:00
KP010123,KW11661,2026-06-25,MX,Desktop,4352,13.0,17,231,7.36,2026-06-25 06:08:00
KP010124,KW11573,2026-06-26,FR,Desktop,1854,20.0,22,275,8.0,2026-06-26 10:14:00
KP010125,KW11459,2026-06-27,DE,Desktop,2782,41.0,14,296,4.73,2026-06-27 04:14:00
KP010126,KW10402,2026-06-28,JP,Desktop,5512,17.0,36,427,8.43,2026-06-28 20:10:00
KP010127,KW11047,2026-06-29,DE,Mobile,961,17.0,20,286,6.99,2026-06-29 10:21:00
KP010128,KW10121,2026-06-30,DE,Desktop,584,29.0,12,195,6.15,2026-06-30 23:01:00
KP010129,KW11327,2026-07-01,AU,Desktop,4109,10.0,39,388,10.05,2026-07-01 23:47:00
KP010130,KW10023,2026-07-02,US,Mobile,1140,19.0,16,255,6.27,2026-07-02 22:14:00
KP010131,KW11308,2026-07-03,IN,Desktop,1659,23.0,19,271,7.01,2026-07-03 20:45:00
KP010132,KW11920,2026-07-04,CA,Desktop,1576,27.0,18,357,5.04,2026-07-04 02:17:00
KP010133,KW11762,2026-07-05,US,Mobile,1618,25.0,45,661,6.81,2026-07-05 03:51:00
KP010134,KW11067,2026-07-06,DE,Mobile,1187,9.0,43,526,8.17,2026-07-06 12:04:00
KP010135,KW11838,2026-07-07,CA,Desktop,3484,13.0,59,574,10.28,2026-07-07 07:14:00
KP010136,KW11846,2026-07-08,DE,Desktop,2004,13.0,76,911,8.34,2026-07-08 07:17:00
KP010137,KW10766,2026-07-09,US,Tablet,1436,11.0,25,248,10.08,2026-07-09 17:30:00
KP010138,KW11048,2026-07-10,MX,Desktop,2556,14.0,50,622,8.04,2026-07-10 15:52:00
KP010139,KW11990,2026-07-11,JP,Desktop,2879,46.0,48,1467,3.27,2026-07-11 05:52:00
KP010140,KW11688,2026-07-12,US,Desktop,11297,37.0,74,2006,3.69,2026-07-12 03:40:00
KP010141,KW10545,2026-07-13,DE,Mobile,4788,23.0,61,794,7.68,2026-07-13 00:05:00
KP010142,KW10611,2026-07-14,AU,Desktop,7447,2.0,1102,3764,29.28,2026-07-14 17:22:00
KP010143,KW10543,2026-07-15,FR,Mobile,3351,34.0,63,1614,3.9,2026-07-15 12:47:00
KP010144,KW10244,2026-07-16,MX,Desktop,4560,50.0,38,882,4.31,2026-07-16 15:48:00
KP010145,KW11586,2026-07-17,US,Desktop,1725,38.0,6,172,3.49,2026-07-17 07:31:00
KP010146,KW10888,2026-07-18,US,Mobile,4285,42.0,12,292,4.11,2026-07-18 17:10:00
KP010147,KW10324,2026-07-19,BR,Desktop,2301,17.0,67,942,7.11,2026-07-19 12:24:00
KP010148,KW10554,2026-07-20,IN,Mobile,1354,1.0,57,179,31.84,2026-07-20 13:35:00
KP010149,KW10013,2026-07-21,JP,Mobile,1572,32.0,8,158,5.06,2026-07-21 05:22:00
KP010150,KW11875,2026-07-22,US,Mobile,4020,31.0,25,443,5.64,2026-07-22 20:31:00
KP010151,KW10527,2026-07-23,FR,Desktop,7374,15.0,119,1830,6.5,2026-07-23 12:32:00
KP010152,KW10409,2026-07-24,JP,Mobile,2949,40.0,42,1018,4.13,2026-07-24 17:07:00
KP010153,KW10778,2026-07-25,UK,Desktop,1744,48.0,13,307,4.23,2026-07-25 17:57:00
KP010154,KW10192,2026-07-26,JP,Tablet,1739,45.0,11,294,3.74,2026-07-26 03:02:00
KP010155,KW11578,2026-07-27,AU,Desktop,2297,37.0,9,168,5.36,2026-07-27 08:12:00
KP010156,KW10495,2026-07-28,CA,Mobile,2988,42.0,24,502,4.78,2026-07-28 12:57:00
KP010157,KW10315,2026-07-29,DE,Desktop,9246,43.0,87,1847,4.71,2026-07-29 21:32:00
KP010158,KW11480,2026-07-30,DE,Mobile,1491,6.0,113,763,14.81,2026-07-30 08:41:00
KP010159,KW11019,2026-07-31,UK,Mobile,19881,24.0,389,6530,5.96,2026-07-31 02:55:00
KP010160,KW10604,2026-08-01,DE,Mobile,2233,45.0,40,764,5.24,2026-08-01 20:57:00
KP010161,KW11436,2026-08-02,BR,Mobile,2548,16.0,72,942,7.64,2026-08-02 21:51:00
KP010162,KW10583,2026-08-03,AU,Desktop,4078,18.0,120,1885,6.37,2026-08-03 16:34:00
KP010163,KW11663,2026-08-04,MX,Mobile,3948,46.0,41,872,4.7,2026-08-04 05:21:00
KP010164,KW11535,2026-08-05,US,Mobile,2196,11.0,113,1089,10.38,2026-08-05 07:19:00
KP010165,KW11762,2026-08-06,FR,Desktop,1686,31.0,32,549,5.83,2026-08-06 17:12:00
KP010166,KW10891,2026-08-07,BR,Desktop,7146,34.0,143,2574,5.56,2026-08-07 14:38:00
KP010167,KW11877,2026-08-08,US,Desktop,1618,13.0,39,529,7.37,2026-08-08 04:49:00
KP010168,KW11820,2026-08-09,IN,Desktop,1314,15.0,26,398,6.53,2026-08-09 18:29:00
KP010169,KW10766,2026-08-10,FR,Desktop,1749,40.0,35,782,4.48,2026-08-10 06:08:00
KP010170,KW10476,2026-08-11,JP,Mobile,1015,34.0,15,387,3.88,2026-08-11 07:49:00
KP010171,KW10648,2026-08-12,BR,Mobile,13493,37.0,307,6931,4.43,2026-08-12 00:57:00
KP010172,KW10348,2026-08-13,BR,Mobile,3086,9.0,149,1551,9.61,2026-08-13 16:33:00
KP010173,KW11277,2026-08-14,DE,Mobile,596,35.0,8,175,4.57,2026-08-14 07:48:00
KP010174,KW10861,2026-08-15,DE,Mobile,9445,33.0,233,4469,5.21,2026-08-15 15:53:00
KP010175,KW11946,2026-08-16,BR,Desktop,2359,8.0,119,975,12.21,2026-08-16 17:15:00
KP010176,KW10426,2026-08-17,AU,Desktop,4084,16.0,90,1265,7.11,2026-08-17 22:04:00
KP010177,KW11524,2026-08-18,IN,Desktop,1055,33.0,21,527,3.98,2026-08-18 03:37:00
KP010178,KW11373,2026-08-19,JP,Mobile,2004,49.0,41,927,4.42,2026-08-19 10:38:00
KP010179,KW10789,2026-08-20,MX,Tablet,1684,41.0,18,389,4.63,2026-08-20 16:00:00
KP010180,KW10265,2026-08-21,US,Mobile,5758,19.0,39,549,7.1,2026-08-21 23:48:00
KP010181,KW10480,2026-08-22,MX,Desktop,12215,11.0,388,3593,10.8,2026-08-22 07:05:00
KP010182,KW11628,2026-08-23,FR,Mobile,1038,32.0,20,344,5.81,2026-08-23 05:18:00
KP010183,KW11858,2026-08-24,UK,Desktop,20009,45.0,104,3210,3.24,2026-08-24 08:10:00
KP010184,KW10126,2026-08-25,MX,Desktop,2180,47.0,14,339,4.13,2026-08-25 04:56:00
KP010185,KW10836,2026-08-26,JP,Mobile,3750,6.0,25,196,12.76,2026-08-26 03:22:00
KP010186,KW11804,2026-08-27,CA,Mobile,2644,5.0,219,1300,16.85,2026-08-27 15:40:00
KP010187,KW11014,2026-08-28,BR,Mobile,16143,41.0,193,4164,4.63,2026-08-28 12:43:00
KP010188,KW10093,2026-08-29,JP,Desktop,3611,22.0,83,1145,7.25,2026-08-29 00:21:00
KP010189,KW11360,2026-08-30,BR,Desktop,5377,29.0,120,2376,5.05,2026-08-30 04:50:00
KP010190,KW10996,2026-08-31,FR,Desktop,2439,23.0,96,1240,7.74,2026-08-31 18:23:00
KP010191,KW11161,2026-09-01,DE,Mobile,2437,32.0,46,791,5.82,2026-09-01 19:26:00
KP010192,KW11689,2026-09-02,MX,Mobile,3015,49.0,21,536,3.92,2026-09-02 13:21:00
KP010193,KW11462,2026-09-03,JP,Mobile,3710,3.0,58,353,16.43,2026-09-03 18:06:00
KP010194,KW10631,2026-09-04,AU,Desktop,5359,32.0,118,2602,4.53,2026-09-04 23:44:00
KP010195,KW11313,2026-09-05,FR,Mobile,5416,30.0,146,2489,5.87,2026-09-05 07:49:00
KP010196,KW10897,2026-09-06,BR,Desktop,705,8.0,34,368,9.24,2026-09-06 05:15:00
KP010197,KW10808,2026-09-07,IN,Mobile,863,28.0,19,313,6.07,2026-09-07 19:58:00
KP010198,KW11828,2026-09-08,CA,Desktop,3735,20.0,45,616,7.31,2026-09-08 07:04:00
KP010199,KW10596,2026-09-09,UK,Mobile,8111,41.0,232,4363,5.32,2026-09-09 20:38:00
KP010200,KW11592,2026-09-10,BR,Desktop,4691,16.0,145,1846,7.85,2026-09-10 09:07:00
KP010201,KW11211,2026-09-11,UK,Mobile,682,2.0,74,342,21.64,2026-09-11 15:19:00
KP010202,KW10120,2026-09-12,BR,Mobile,2209,31.0,59,942,6.26,2026-09-12 05:07:00
KP010203,KW11734,2026-09-13,BR,Mobile,7750,26.0,88,1833,4.8,2026-09-13 12:25:00
KP010204,KW11634,2026-09-14,MX,Desktop,6906,24.0,158,2342,6.75,2026-09-14 23:22:00
KP010205,KW10036,2026-09-15,AU,Mobile,21053,20.0,224,3426,6.54,2026-09-15 20:59:00
KP010206,KW10568,2026-09-16,MX,Desktop,28254,10.0,271,3186,8.51,2026-09-16 16:02:00
KP010207,KW11906,2026-09-17,AU,Desktop,3449,12.0,116,1670,6.95,2026-09-17 16:55:00
KP010208,KW11930,2026-09-18,IN,Tablet,1319,24.0,38,611,6.22,2026-09-18 20:06:00
KP010209,KW11837,2026-09-19,US,Mobile,1527,34.0,9,189,4.76,2026-09-19 02:51:00
KP010210,KW10917,2026-09-20,CA,Mobile,6633,12.0,145,1382,10.49,2026-09-20 09:55:00
KP010211,KW11103,2026-09-21,UK,Desktop,948,16.0,22,326,6.75,2026-09-21 18:16:00
KP010212,KW10713,2026-09-22,UK,Mobile,2779,5.0,73,478,15.27,2026-09-22 16:54:00
KP010213,KW11558,2026-09-23,FR,Mobile,1267,16.0,18,290,6.21,2026-09-23 01:13:00
KP010214,KW10798,2026-09-24,JP,Mobile,4354,25.0,63,1135,5.55,2026-09-24 00:16:00
KP010215,KW10515,2026-09-25,CA,Mobile,2222,25.0,27,548,4.93,2026-09-25 17:22:00
KP010216,KW10228,2026-09-26,UK,Tablet,3425,13.0,67,989,6.77,2026-09-26 02:31:00
KP010217,KW10976,2026-09-27,US,Desktop,4247,10.0,31,306,10.13,2026-09-27 02:07:00
KP010218,KW10543,2026-09-28,MX,Mobile,1494,3.0,136,577,23.57,2026-09-28 00:26:00
KP010219,KW10800,2026-09-29,FR,Desktop,658,6.0,9,61,14.75,2026-09-29 08:48:00
KP010220,KW10186,2026-09-30,MX,Desktop,847,45.0,7,153,4.58,2026-09-30 03:12:00
KP010464,KW10569,2026-06-01,BR,Desktop,13130,14.0,260,3312,7.85,2026-06-01 21:19:00
KP010465,KW11797,2026-06-02,CA,Desktop,9713,25.0,218,3717,5.86,2026-06-02 23:02:00
KP010466,KW11961,2026-06-03,UK,Desktop,5644,31.0,36,761,4.73,2026-06-03 08:39:00
KP010467,KW10725,2026-06-04,DE,Mobile,2353,5.0,93,573,16.23,2026-06-04 21:42:00
KP010468,KW10658,2026-06-05,BR,Mobile,1764,27.0,53,768,6.9,2026-06-05 11:14:00
KP010469,KW11466,2026-06-06,FR,Mobile,16470,46.0,153,3240,4.72,2026-06-06 19:43:00
KP010470,KW10520,2026-06-07,UK,Mobile,1297,23.0,34,449,7.57,2026-06-07 14:32:00
KP010471,KW10161,2026-06-08,IN,Desktop,1627,17.0,13,164,7.93,2026-06-08 13:39:00
KP010472,KW11596,2026-06-09,DE,Mobile,1192,16.0,27,324,8.33,2026-06-09 08:48:00
KP010473,KW11670,2026-06-10,BR,Desktop,1648,9.0,88,786,11.2,2026-06-10 05:37:00
KP010474,KW11555,2026-06-11,AU,Desktop,1835,29.0,37,630,5.87,2026-06-11 17:13:00
KP010475,KW10763,2026-06-12,IN,Mobile,2507,10.0,88,859,10.24,2026-06-12 14:51:00
KP010476,KW11943,2026-06-13,FR,Desktop,10622,19.0,200,3462,5.78,2026-06-13 08:58:00
KP010477,KW11587,2026-06-14,CA,Desktop,1931,32.0,50,910,5.49,2026-06-14 02:11:00
KP010478,KW11616,2026-06-15,CA,Mobile,1251,37.0,10,282,3.55,2026-06-15 04:48:00
KP010479,KW11600,2026-06-16,FR,Mobile,2685,8.0,48,368,13.04,2026-06-16 13:29:00
KP010480,KW11416,2026-06-17,MX,Mobile,926,41.0,17,454,3.74,2026-06-17 13:02:00
KP010481,KW11476,2026-06-18,JP,Desktop,7389,40.0,159,3153,5.04,2026-06-18 00:04:00
KP010482,KW10772,2026-06-19,IN,Mobile,3137,24.0,81,1193,6.79,2026-06-19 09:15:00
KP010483,KW10840,2026-06-20,BR,Desktop,4112,7.0,42,417,10.07,2026-06-20 09:04:00
KP010484,KW10690,2026-06-21,US,Mobile,17700,16.0,541,7852,6.89,2026-06-21 10:32:00
KP010485,KW10072,2026-06-22,BR,Desktop,3333,17.0,45,585,7.69,2026-06-22 19:24:00
KP010486,KW10772,2026-06-23,AU,Desktop,2294,47.0,35,731,4.79,2026-06-23 12:22:00
KP010487,KW11743,2026-06-24,IN,Desktop,705,32.0,6,155,3.87,2026-06-24 02:08:00
KP010488,KW11122,2026-06-25,UK,Mobile,12387,32.0,192,4256,4.51,2026-06-25 19:28:00
KP010489,KW11227,2026-06-26,DE,Mobile,2229,3.0,87,371,23.45,2026-06-26 11:59:00
KP010490,KW11723,2026-06-27,AU,Desktop,8986,23.0,89,1243,7.16,2026-06-27 17:52:00
KP010491,KW10033,2026-06-28,BR,Mobile,1587,30.0,18,298,6.04,2026-06-28 01:02:00
KP010492,KW10245,2026-06-29,BR,Mobile,2281,47.0,8,256,3.12,2026-06-29 10:41:00
KP010493,KW10585,2026-06-30,UK,Desktop,3739,8.0,209,1601,13.05,2026-06-30 13:09:00
KP010494,KW10243,2026-07-01,FR,Desktop,3042,15.0,22,281,7.83,2026-07-01 08:16:00
KP010495,KW11468,2026-07-02,BR,Desktop,9931,28.0,305,4582,6.66,2026-07-02 04:55:00
KP010496,KW10061,2026-07-03,CA,Desktop,1756,44.0,25,527,4.74,2026-07-03 21:20:00
KP010497,KW10390,2026-07-04,US,Mobile,1880,21.0,65,925,7.03,2026-07-04 22:55:00
KP010498,KW10125,2026-07-05,JP,Mobile,1176,13.0,36,466,7.73,2026-07-05 09:01:00
KP010499,KW11176,2026-07-06,BR,Mobile,2677,18.0,64,978,6.54,2026-07-06 20:44:00
KP010500,KW10069,2026-07-07,DE,Mobile,8700,3.0,306,1765,17.34,2026-07-07 18:05:00
KP010501,KW10801,2026-07-08,US,Desktop,2134,3.0,136,855,15.91,2026-07-08 17:57:00
KP010502,KW10841,2026-07-09,FR,Mobile,6818,38.0,68,1181,5.76,2026-07-09 23:38:00
KP010503,KW11135,2026-07-10,AU,Desktop,1492,26.0,11,205,5.37,2026-07-10 05:24:00
KP010504,KW10344,2026-07-11,BR,Desktop,1234,39.0,32,584,5.48,2026-07-11 15:16:00
KP010505,KW10634,2026-07-12,US,Desktop,6105,19.0,140,2007,6.98,2026-07-12 03:39:00
KP010506,KW10065,2026-07-13,JP,Mobile,11526,2.0,1190,5708,20.85,2026-07-13 06:04:00
KP010507,KW10416,2026-07-14,AU,Mobile,2428,27.0,24,526,4.56,2026-07-14 04:42:00
KP010508,KW11330,2026-07-15,IN,Mobile,7316,50.0,18,445,4.04,2026-07-15 09:14:00
KP010509,KW11431,2026-07-16,FR,Desktop,3611,19.0,20,385,5.19,2026-07-16 03:10:00
KP010510,KW11423,2026-07-17,DE,Desktop,611,37.0,7,168,4.17,2026-07-17 21:32:00
KP010511,KW11735,2026-07-18,IN,Desktop,6108,12.0,79,918,8.61,2026-07-18 09:45:00
KP010512,KW11823,2026-07-19,US,Desktop,1302,9.0,44,498,8.84,2026-07-19 05:18:00
KP010513,KW11097,2026-07-20,BR,Desktop,749,17.0,22,371,5.93,2026-07-20 00:47:00
KP010514,KW10374,2026-07-21,BR,Mobile,750,35.0,11,203,5.42,2026-07-21 01:34:00
KP010515,KW10239,2026-07-22,US,Mobile,3612,32.0,73,1840,3.97,2026-07-22 05:51:00
KP010516,KW11921,2026-07-23,AU,Mobile,8023,14.0,86,869,9.9,2026-07-23 06:24:00
KP010517,KW11776,2026-07-24,US,Mobile,1075,20.0,6,90,6.67,2026-07-24 18:50:00
KP010518,KW10460,2026-07-25,AU,Mobile,613,12.0,19,259,7.34,2026-07-25 10:12:00
KP010519,KW11163,2026-07-26,CA,Mobile,1941,23.0,59,759,7.77,2026-07-26 14:21:00
KP010520,KW10354,2026-07-27,AU,Desktop,4997,8.0,101,732,13.8,2026-07-27 16:07:00
KP010521,KW10425,2026-07-28,US,Mobile,7645,44.0,102,2357,4.33,2026-07-28 01:06:00
KP010522,KW11766,2026-07-29,JP,Mobile,1842,41.0,34,840,4.05,2026-07-29 00:50:00
KP010523,KW11434,2026-07-30,DE,Desktop,11459,22.0,42,796,5.28,2026-07-30 14:41:00
KP010524,KW11915,2026-07-31,US,Desktop,3241,22.0,52,856,6.07,2026-07-31 19:08:00
KP010525,KW10760,2026-08-01,JP,Desktop,1994,47.0,40,1072,3.73,2026-08-01 14:38:00
KP010526,KW11878,2026-08-02,FR,Mobile,7337,10.0,281,3125,8.99,2026-08-02 13:50:00
KP010527,KW11075,2026-08-03,MX,Mobile,4483,41.0,48,871,5.51,2026-08-03 01:17:00
KP010528,KW10928,2026-08-04,AU,Desktop,283,16.0,3,59,5.08,2026-08-04 04:37:00
KP010529,KW11180,2026-08-05,IN,Mobile,1055,18.0,20,301,6.64,2026-08-05 20:45:00
KP010530,KW10116,2026-08-06,MX,Mobile,4871,29.0,85,1701,5.0,2026-08-06 02:07:00
KP010531,KW11509,2026-08-07,BR,Desktop,16191,5.0,609,4951,12.3,2026-08-07 04:58:00
KP010532,KW10156,2026-08-08,US,Desktop,7798,24.0,137,2434,5.63,2026-08-08 20:02:00
KP010533,KW11132,2026-08-09,JP,Desktop,12522,46.0,188,4726,3.98,2026-08-09 20:55:00
KP010534,KW11770,2026-08-10,US,Desktop,3439,25.0,19,317,5.99,2026-08-10 21:36:00
KP010535,KW11045,2026-08-11,DE,Mobile,1711,42.0,6,186,3.23,2026-08-11 00:20:00
KP010536,KW10519,2026-08-12,IN,Mobile,2255,15.0,74,919,8.05,2026-08-12 18:23:00
KP010537,KW11280,2026-08-13,JP,Mobile,7502,6.0,173,1228,14.09,2026-08-13 07:13:00
KP010538,KW11056,2026-08-14,CA,Desktop,6848,4.0,134,1077,12.44,2026-08-14 22:01:00
KP010539,KW10427,2026-08-15,BR,Desktop,540,49.0,2,67,2.99,2026-08-15 02:02:00
KP010540,KW11367,2026-08-16,IN,Desktop,5913,7.0,229,1551,14.76,2026-08-16 00:12:00
KP010541,KW11730,2026-08-17,AU,Mobile,651,7.0,27,189,14.29,2026-08-17 21:53:00
KP010542,KW10059,2026-08-18,MX,Mobile,3523,50.0,13,421,3.09,2026-08-18 06:26:00
KP010543,KW10533,2026-08-19,DE,Desktop,5385,48.0,122,2771,4.4,2026-08-19 16:12:00
KP010544,KW10809,2026-08-20,MX,Desktop,2695,30.0,59,1322,4.46,2026-08-20 18:00:00
KP010545,KW10865,2026-08-21,UK,Desktop,3349,12.0,45,666,6.76,2026-08-21 22:16:00
KP010546,KW10728,2026-08-22,MX,Desktop,2973,29.0,40,666,6.01,2026-08-22 14:12:00
KP010547,KW10423,2026-08-23,UK,Mobile,1626,13.0,10,133,7.52,2026-08-23 14:08:00
KP010548,KW10722,2026-08-24,MX,Desktop,9255,6.0,96,928,10.34,2026-08-24 12:44:00
KP010549,KW10314,2026-08-25,AU,Mobile,5157,17.0,118,1618,7.29,2026-08-25 14:34:00
KP010550,KW10245,2026-08-26,DE,Desktop,4620,6.0,99,659,15.02,2026-08-26 06:34:00
KP010551,KW10146,2026-08-27,FR,Mobile,8556,18.0,141,2611,5.4,2026-08-27 10:52:00
KP010552,KW11235,2026-08-28,JP,Desktop,4879,21.0,150,2149,6.98,2026-08-28 07:59:00
KP010553,KW10407,2026-08-29,AU,Mobile,1972,23.0,34,513,6.63,2026-08-29 20:30:00
KP010554,KW11789,2026-08-30,US,Desktop,3098,13.0,125,1268,9.86,2026-08-30 03:39:00
KP010555,KW10602,2026-08-31,BR,Desktop,1182,44.0,21,564,3.72,2026-08-31 14:42:00
KP010556,KW10621,2026-09-01,FR,Desktop,1091,3.0,48,264,18.18,2026-09-01 17:35:00
KP010557,KW11466,2026-09-02,UK,Desktop,4096,42.0,72,2005,3.59,2026-09-02 05:12:00
KP010558,KW10753,2026-09-03,IN,Tablet,18445,41.0,155,2853,5.43,2026-09-03 04:46:00
KP010559,KW11481,2026-09-04,US,Tablet,7358,43.0,34,762,4.46,2026-09-04 11:16:00
KP010560,KW10230,2026-09-05,BR,Desktop,2102,23.0,38,522,7.28,2026-09-05 08:11:00
KP010561,KW10085,2026-09-06,BR,Mobile,3604,21.0,19,257,7.39,2026-09-06 17:09:00
KP010562,KW11591,2026-09-07,MX,Mobile,1326,24.0,33,582,5.67,2026-09-07 03:29:00
KP010563,KW10405,2026-09-08,BR,Mobile,608,23.0,2,40,5.0,2026-09-08 04:26:00
KP010564,KW10513,2026-09-09,CA,Tablet,955,10.0,12,107,11.21,2026-09-09 04:12:00
KP010565,KW11798,2026-09-10,FR,Mobile,240,31.0,3,82,3.66,2026-09-10 00:18:00
KP010566,KW10412,2026-09-11,DE,Tablet,5977,13.0,128,1301,9.84,2026-09-11 13:46:00
KP010567,KW11161,2026-09-12,JP,Mobile,2306,37.0,11,264,4.17,2026-09-12 23:45:00
KP010568,KW11774,2026-09-13,DE,Mobile,324,39.0,2,42,4.76,2026-09-13 08:46:00
KP010569,KW10494,2026-09-14,IN,Mobile,11316,37.0,129,2306,5.59,2026-09-14 11:50:00
KP010570,KW11612,2026-09-15,JP,Desktop,2835,22.0,80,1450,5.52,2026-09-15 00:16:00
KP010571,KW10737,2026-09-16,IN,Mobile,3258,6.0,85,842,10.1,2026-09-16 19:58:00
KP010572,KW10351,2026-09-17,AU,Mobile,4598,35.0,45,952,4.73,2026-09-17 07:37:00
KP010573,KW10553,2026-09-18,BR,Tablet,4495,29.0,54,787,6.86,2026-09-18 18:35:00
KP010574,KW11043,2026-09-19,US,Mobile,15602,42.0,116,3095,3.75,2026-09-19 08:04:00
KP010575,KW10200,2026-09-20,BR,Mobile,2713,41.0,38,744,5.11,2026-09-20 14:07:00
KP010576,KW11879,2026-09-21,US,Mobile,4730,1.0,221,633,34.91,2026-09-21 13:19:00
KP010577,KW10450,2026-09-22,DE,Desktop,1660,27.0,45,814,5.53,2026-09-22 00:02:00
KP010578,KW11975,2026-09-23,CA,Mobile,3949,31.0,32,742,4.31,2026-09-23 00:12:00
KP010579,KW10994,2026-09-24,UK,Desktop,8025,28.0,228,4246,5.37,2026-09-24 23:55:00
KP010580,KW10845,2026-09-25,CA,Desktop,3915,45.0,62,1518,4.08,2026-09-25 11:17:00
KP010581,KW10673,2026-09-26,JP,Desktop,22992,43.0,140,3025,4.63,2026-09-26 07:50:00
KP010582,KW10933,2026-09-27,AU,Mobile,1920,45.0,21,619,3.39,2026-09-27 05:47:00
KP010583,KW10385,2026-09-28,BR,Desktop,6505,29.0,160,2892,5.53,2026-09-28 10:01:00
KP010584,KW11678,2026-09-29,JP,Mobile,3067,10.0,75,646,11.61,2026-09-29 15:17:00
KP010585,KW11646,2026-09-30,UK,Desktop,2513,49.0,33,803,4.11,2026-09-30 11:24:00
KP010829,KW11713,2026-06-01,DE,Desktop,1203,50.0,22,653,3.37,2026-06-01 10:59:00
KP010830,KW11542,2026-06-02,CA,Desktop,28445,22.0,490,7561,6.48,2026-06-02 04:20:00
KP010831,KW11314,2026-06-03,MX,Mobile,1307,50.0,22,627,3.51,2026-06-03 04:07:00
KP010832,KW10303,2026-06-04,IN,Desktop,17398,2.0,820,2990,27.42,2026-06-04 10:51:00
KP010833,KW11670,2026-06-05,DE,Mobile,16612,19.0,555,6923,8.02,2026-06-05 04:49:00
KP010834,KW11393,2026-06-06,UK,Desktop,1443,32.0,15,366,4.1,2026-06-06 21:32:00
KP010835,KW10940,2026-06-07,DE,Desktop,19521,36.0,516,9568,5.39,2026-06-07 20:17:00
KP010836,KW10295,2026-06-08,UK,Mobile,2965,14.0,14,225,6.22,2026-06-08 09:16:00
KP010837,KW11788,2026-06-09,CA,Mobile,1179,48.0,4,104,3.85,2026-06-09 05:20:00
KP010838,KW11488,2026-06-10,FR,Desktop,947,41.0,24,485,4.95,2026-06-10 02:54:00
KP010839,KW11967,2026-06-11,MX,Desktop,1597,8.0,26,202,12.87,2026-06-11 08:42:00
KP010840,KW10399,2026-06-12,AU,Mobile,520,26.0,11,163,6.75,2026-06-12 18:09:00
KP010841,KW11380,2026-06-13,MX,Mobile,5490,5.0,398,2923,13.62,2026-06-13 12:26:00
KP010842,KW11571,2026-06-14,JP,Mobile,15162,25.0,118,1713,6.89,2026-06-14 18:19:00
KP010843,KW11652,2026-06-15,US,Desktop,592,14.0,21,276,7.61,2026-06-15 11:30:00
KP010844,KW11572,2026-06-16,US,Tablet,10791,25.0,128,2230,5.74,2026-06-16 01:13:00
KP010845,KW10617,2026-06-17,DE,Desktop,3482,49.0,48,984,4.88,2026-06-17 10:12:00
KP010846,KW10286,2026-06-18,AU,Desktop,4303,38.0,101,1807,5.59,2026-06-18 03:17:00
KP010847,KW11551,2026-06-19,CA,Mobile,1019,7.0,75,521,14.4,2026-06-19 13:21:00
KP010848,KW11387,2026-06-20,MX,Desktop,4025,2.0,158,878,18.0,2026-06-20 06:52:00
KP010849,KW10457,2026-06-21,IN,Mobile,5756,38.0,45,845,5.33,2026-06-21 23:11:00
KP010850,KW11225,2026-06-22,JP,Desktop,13469,42.0,92,1835,5.01,2026-06-22 23:06:00
KP010851,KW11990,2026-06-23,IN,Mobile,8760,39.0,123,2360,5.21,2026-06-23 00:56:00
KP010852,KW11928,2026-06-24,AU,Mobile,1247,29.0,26,570,4.56,2026-06-24 16:44:00
KP010853,KW10691,2026-06-25,BR,Desktop,5430,28.0,22,517,4.26,2026-06-25 01:45:00
KP010854,KW11639,2026-06-26,FR,Desktop,5392,8.0,225,1774,12.68,2026-06-26 18:17:00
KP010855,KW10245,2026-06-27,AU,Tablet,2740,47.0,47,1345,3.49,2026-06-27 14:32:00
KP010856,KW10377,2026-06-28,DE,Desktop,6530,33.0,118,2050,5.76,2026-06-28 23:16:00
KP010857,KW11167,2026-06-29,JP,Desktop,2634,3.0,149,666,22.37,2026-06-29 20:48:00
KP010858,KW11208,2026-06-30,IN,Desktop,2006,9.0,85,683,12.45,2026-06-30 04:42:00
KP010859,KW11804,2026-07-01,US,Mobile,3778,44.0,23,685,3.36,2026-07-01 08:44:00
KP010860,KW10401,2026-07-02,MX,Desktop,6243,26.0,38,814,4.67,2026-07-02 15:47:00
KP010861,KW10907,2026-07-03,FR,Mobile,14265,31.0,101,2025,4.99,2026-07-03 05:32:00
KP010862,KW10277,2026-07-04,AU,Desktop,6843,18.0,84,1119,7.51,2026-07-04 21:37:00
KP010863,KW10364,2026-07-05,AU,Desktop,1403,20.0,22,285,7.72,2026-07-05 18:58:00
KP010864,KW11881,2026-07-06,AU,Desktop,1678,33.0,8,202,3.96,2026-07-06 23:23:00
KP010865,KW10245,2026-07-07,CA,Desktop,1929,34.0,9,184,4.89,2026-07-07 19:21:00
KP010866,KW10530,2026-07-08,FR,Mobile,5696,33.0,30,539,5.57,2026-07-08 14:20:00
KP010867,KW10153,2026-07-09,AU,Mobile,3944,2.0,574,1939,29.6,2026-07-09 22:20:00
KP010868,KW10722,2026-07-10,FR,Mobile,2269,6.0,153,1113,13.75,2026-07-10 08:50:00
KP010869,KW11973,2026-07-11,CA,Mobile,5878,2.0,419,1770,23.67,2026-07-11 14:09:00
KP010870,KW11738,2026-07-12,CA,Desktop,1309,32.0,28,486,5.76,2026-07-12 14:43:00
KP010871,KW11184,2026-07-13,CA,Mobile,2488,22.0,63,1045,6.03,2026-07-13 04:28:00
KP010872,KW11132,2026-07-14,DE,Mobile,1153,14.0,36,412,8.74,2026-07-14 00:16:00
KP010873,KW10368,2026-07-15,US,Tablet,7055,28.0,154,2258,6.82,2026-07-15 02:15:00
KP010874,KW10340,2026-07-16,UK,Mobile,6627,21.0,88,1622,5.43,2026-07-16 17:08:00
KP010875,KW11913,2026-07-17,UK,Mobile,2921,36.0,42,1039,4.04,2026-07-17 04:51:00
KP010876,KW11605,2026-07-18,CA,Desktop,552,14.0,23,292,7.88,2026-07-18 15:28:00
KP010877,KW10560,2026-07-19,UK,Mobile,9951,9.0,543,4182,12.98,2026-07-19 03:31:00
KP010878,KW11481,2026-07-20,JP,Desktop,11396,17.0,236,2974,7.94,2026-07-20 09:21:00
KP010879,KW11436,2026-07-21,JP,Desktop,2879,45.0,30,906,3.31,2026-07-21 14:42:00
KP010880,KW11181,2026-07-22,MX,Mobile,8994,34.0,80,2076,3.85,2026-07-22 20:06:00
KP010881,KW11852,2026-07-23,UK,Desktop,82967,33.0,1175,27661,4.25,2026-07-23 20:11:00
KP010882,KW10687,2026-07-24,CA,Desktop,4689,27.0,16,352,4.55,2026-07-24 22:25:00
KP010883,KW11388,2026-07-25,MX,Mobile,14882,1.0,1065,3156,33.75,2026-07-25 08:04:00
KP010884,KW10535,2026-07-26,CA,Desktop,6127,44.0,93,2583,3.6,2026-07-26 20:43:00
KP010885,KW11722,2026-07-27,IN,Mobile,1528,36.0,22,520,4.23,2026-07-27 00:55:00
KP010886,KW11733,2026-07-28,US,Mobile,1427,43.0,16,423,3.78,2026-07-28 11:37:00
KP010887,KW10520,2026-07-29,IN,Desktop,993,15.0,34,485,7.01,2026-07-29 10:06:00
KP010888,KW11533,2026-07-30,AU,Desktop,4736,1.0,878,2509,34.99,2026-07-30 11:29:00
KP010889,KW11257,2026-07-31,DE,Desktop,2100,40.0,13,257,5.06,2026-07-31 20:38:00
KP010890,KW11231,2026-08-01,MX,Mobile,1544,1.0,151,438,34.47,2026-08-01 11:51:00
KP010891,KW10708,2026-08-02,BR,Desktop,5435,38.0,102,1828,5.58,2026-08-02 22:52:00
KP010892,KW10237,2026-08-03,US,Desktop,3679,16.0,17,236,7.2,2026-08-03 23:18:00
KP010893,KW11680,2026-08-04,US,Desktop,1869,4.0,62,433,14.32,2026-08-04 11:47:00
KP010894,KW11250,2026-08-05,BR,Mobile,7492,16.0,61,1002,6.09,2026-08-05 03:04:00
KP010895,KW11136,2026-08-06,AU,Desktop,1984,15.0,48,745,6.44,2026-08-06 04:51:00
KP010896,KW10699,2026-08-07,CA,Mobile,3703,37.0,100,1963,5.09,2026-08-07 06:00:00
KP010897,KW11752,2026-08-08,CA,Desktop,10930,24.0,132,2570,5.14,2026-08-08 17:47:00
KP010898,KW10766,2026-08-09,FR,Desktop,1836,18.0,16,207,7.73,2026-08-09 10:19:00
KP010899,KW10201,2026-08-10,BR,Desktop,1489,49.0,25,717,3.49,2026-08-10 13:48:00
KP010900,KW11271,2026-08-11,IN,Mobile,688,41.0,5,123,4.07,2026-08-11 00:16:00
KP010901,KW10825,2026-08-12,CA,Mobile,4953,1.0,166,475,34.95,2026-08-12 02:09:00
KP010902,KW11765,2026-08-13,AU,Desktop,7118,14.0,199,2462,8.08,2026-08-13 23:41:00
KP010903,KW10120,2026-08-14,FR,Mobile,7953,47.0,166,3517,4.72,2026-08-14 23:25:00
KP010904,KW10325,2026-08-15,US,Desktop,7965,37.0,193,3889,4.96,2026-08-15 05:44:00
KP010905,KW10225,2026-08-16,MX,Desktop,12272,6.0,837,5339,15.68,2026-08-16 13:03:00
KP010906,KW11125,2026-08-17,CA,Mobile,2590,16.0,113,1359,8.31,2026-08-17 06:08:00
KP010907,KW11669,2026-08-18,US,Desktop,3048,32.0,55,1038,5.3,2026-08-18 22:57:00
KP010908,KW11697,2026-08-19,US,Mobile,3577,9.0,56,470,11.91,2026-08-19 06:33:00
KP010909,KW10344,2026-08-20,CA,Desktop,920,3.0,50,239,20.92,2026-08-20 09:12:00
KP010910,KW10742,2026-08-21,MX,Mobile,2985,49.0,43,1280,3.36,2026-08-21 18:45:00
KP010911,KW11186,2026-08-22,MX,Mobile,2465,8.0,145,1195,12.13,2026-08-22 10:53:00
KP010912,KW11733,2026-08-23,FR,Desktop,3667,21.0,81,1366,5.93,2026-08-23 22:38:00
KP010913,KW10317,2026-08-24,DE,Mobile,5213,49.0,78,1806,4.32,2026-08-24 16:17:00
KP010914,KW10299,2026-08-25,FR,Desktop,2228,16.0,94,1183,7.95,2026-08-25 04:58:00
KP010915,KW10004,2026-08-26,IN,Mobile,3769,15.0,49,839,5.84,2026-08-26 21:45:00
KP010916,KW11241,2026-08-27,DE,Desktop,5013,33.0,73,1485,4.92,2026-08-27 19:30:00
KP010917,KW11902,2026-08-28,IN,Mobile,11952,8.0,724,5564,13.01,2026-08-28 17:40:00
KP010918,KW10660,2026-08-29,AU,Desktop,5124,25.0,51,869,5.87,2026-08-29 09:23:00
KP010919,KW11432,2026-08-30,JP,Mobile,3036,24.0,8,156,5.13,2026-08-30 22:32:00
KP010920,KW10845,2026-08-31,IN,Desktop,2897,12.0,34,399,8.52,2026-08-31 09:08:00
KP010921,KW11139,2026-09-01,UK,Mobile,957,12.0,22,218,10.09,2026-09-01 15:58:00
KP010922,KW11534,2026-09-02,JP,Desktop,2296,29.0,65,1094,5.94,2026-09-02 08:22:00
KP010923,KW10479,2026-09-03,UK,Mobile,709,47.0,13,372,3.49,2026-09-03 07:04:00
KP010924,KW10658,2026-09-04,DE,Tablet,3490,36.0,37,808,4.58,2026-09-04 09:17:00
KP010925,KW10017,2026-09-05,UK,Mobile,5688,35.0,98,2627,3.73,2026-09-05 07:28:00
KP010926,KW10662,2026-09-06,US,Desktop,1311,14.0,33,456,7.24,2026-09-06 15:13:00
KP010927,KW10349,2026-09-07,IN,Desktop,1490,47.0,17,512,3.32,2026-09-07 05:05:00
KP010928,KW11184,2026-09-08,DE,Desktop,2574,45.0,23,653,3.52,2026-09-08 12:51:00
KP010929,KW11313,2026-09-09,BR,Mobile,2275,30.0,46,823,5.59,2026-09-09 19:02:00
KP010930,KW10587,2026-09-10,MX,Mobile,1691,15.0,59,830,7.11,2026-09-10 14:22:00
KP010931,KW11898,2026-09-11,FR,Mobile,9429,16.0,197,2274,8.66,2026-09-11 17:04:00
KP010932,KW10653,2026-09-12,CA,Mobile,944,48.0,20,446,4.48,2026-09-12 01:08:00
KP010933,KW10736,2026-09-13,AU,Desktop,1230,30.0,8,150,5.33,2026-09-13 13:43:00
KP010934,KW10429,2026-09-14,MX,Desktop,1674,49.0,17,447,3.8,2026-09-14 22:54:00
KP010935,KW11549,2026-09-15,US,Mobile,9817,31.0,117,2422,4.83,2026-09-15 23:45:00
KP010936,KW10447,2026-09-16,US,Desktop,2709,29.0,58,1280,4.53,2026-09-16 13:58:00
KP010937,KW11050,2026-09-17,CA,Mobile,3136,12.0,152,1637,9.29,2026-09-17 06:41:00
KP010938,KW11555,2026-09-18,IN,Desktop,4068,10.0,75,890,8.43,2026-09-18 19:57:00
KP010939,KW11882,2026-09-19,US,Desktop,1863,2.0,103,422,24.41,2026-09-19 15:37:00
KP010940,KW10845,2026-09-20,UK,Mobile,8989,25.0,30,485,6.19,2026-09-20 04:10:00
KP010941,KW10805,2026-09-21,DE,Desktop,13207,28.0,371,5442,6.82,2026-09-21 00:35:00
KP010942,KW10731,2026-09-22,UK,Desktop,3444,8.0,148,1261,11.74,2026-09-22 21:06:00
KP010943,KW11058,2026-09-23,JP,Mobile,4224,28.0,82,1525,5.38,2026-09-23 11:52:00
KP010944,KW10196,2026-09-24,MX,Mobile,3385,28.0,38,763,4.98,2026-09-24 11:51:00
KP010945,KW11346,2026-09-25,UK,Mobile,1404,41.0,24,569,4.22,2026-09-25 22:59:00
KP010946,KW11258,2026-09-26,MX,Mobile,3563,28.0,64,1371,4.67,2026-09-26 20:36:00
KP010947,KW11625,2026-09-27,AU,Mobile,3850,16.0,135,2060,6.55,2026-09-27 08:18:00
KP010948,KW11206,2026-09-28,BR,Desktop,2633,27.0,60,1118,5.37,2026-09-28 22:11:00
KP010949,KW10578,2026-09-29,FR,Mobile,8130,41.0,65,1448,4.49,2026-09-29 20:03:00
KP010950,KW11804,2026-09-30,BR,Mobile,5891,5.0,391,2693,14.52,2026-09-30 00:15:00
KP011194,KW11579,2026-06-01,CA,Desktop,2629,22.0,35,598,5.85,2026-06-01 12:58:00
KP011195,KW10428,2026-06-02,JP,Desktop,937,43.0,4,78,5.13,2026-06-02 03:56:00
KP011196,KW11003,2026-06-03,IN,Mobile,3091,6.0,39,365,10.68,2026-06-03 18:30:00
KP011197,KW11943,2026-06-04,AU,Mobile,4962,39.0,79,2136,3.7,2026-06-04 23:01:00
KP011198,KW11336,2026-06-05,CA,Mobile,924,47.0,10,204,4.9,2026-06-05 00:35:00
KP011199,KW10748,2026-06-06,IN,Mobile,8251,17.0,97,1658,5.85,2026-06-06 02:23:00
KP011200,KW11786,2026-06-07,IN,Desktop,4711,24.0,15,307,4.89,2026-06-07 14:31:00
KP011201,KW10600,2026-06-08,AU,Desktop,5429,31.0,59,1030,5.73,2026-06-08 11:53:00
KP011202,KW11124,2026-06-09,DE,Tablet,5215,31.0,167,2666,6.26,2026-06-09 12:29:00
KP011203,KW10222,2026-06-10,UK,Desktop,2997,31.0,49,801,6.12,2026-06-10 21:39:00
KP011204,KW10151,2026-06-11,MX,Desktop,1665,10.0,45,488,9.22,2026-06-11 18:24:00
KP011205,KW10800,2026-06-12,AU,Desktop,36246,29.0,274,4239,6.46,2026-06-12 20:06:00
KP011206,KW10895,2026-06-13,JP,Desktop,796,40.0,15,426,3.52,2026-06-13 18:45:00
KP011207,KW10703,2026-06-14,US,Desktop,1380,9.0,47,554,8.48,2026-06-14 01:44:00
KP011208,KW11944,2026-06-15,MX,Mobile,10622,49.0,60,1742,3.44,2026-06-15 15:44:00
KP011209,KW11718,2026-06-16,JP,Desktop,3616,35.0,35,840,4.17,2026-06-16 07:33:00
KP011210,KW11008,2026-06-17,IN,Desktop,3290,20.0,92,1185,7.76,2026-06-17 08:49:00
KP011211,KW11732,2026-06-18,AU,Desktop,728,48.0,9,200,4.5,2026-06-18 21:49:00
KP011212,KW10846,2026-06-19,FR,Mobile,5188,45.0,12,329,3.65,2026-06-19 04:30:00
KP011213,KW11471,2026-06-20,IN,Mobile,4675,3.0,66,293,22.53,2026-06-20 04:02:00
KP011214,KW11251,2026-06-21,FR,Mobile,3032,35.0,35,700,5.0,2026-06-21 15:44:00
KP011215,KW10578,2026-06-22,US,Desktop,7147,1.0,594,1781,33.35,2026-06-22 20:41:00
KP011216,KW10410,2026-06-23,MX,Mobile,11408,38.0,323,5946,5.43,2026-06-23 11:26:00
KP011217,KW10804,2026-06-24,CA,Mobile,3004,44.0,30,658,4.56,2026-06-24 15:22:00
KP011218,KW11091,2026-06-25,UK,Tablet,2427,32.0,62,1152,5.38,2026-06-25 12:12:00
KP011219,KW10436,2026-06-26,FR,Desktop,7154,42.0,63,1877,3.36,2026-06-26 13:33:00
KP011220,KW11549,2026-06-27,DE,Mobile,11188,30.0,314,4929,6.37,2026-06-27 16:03:00
KP011221,KW10827,2026-06-28,CA,Desktop,2461,40.0,26,522,4.98,2026-06-28 10:14:00
KP011222,KW11736,2026-06-29,JP,Mobile,736,48.0,19,396,4.8,2026-06-29 11:29:00
KP011223,KW10646,2026-06-30,US,Desktop,3538,45.0,51,1153,4.42,2026-06-30 20:10:00
KP011224,KW10852,2026-07-01,BR,Tablet,2047,48.0,21,444,4.73,2026-07-01 13:05:00
KP011225,KW10011,2026-07-02,JP,Mobile,4690,10.0,120,1527,7.86,2026-07-02 19:47:00
KP011226,KW11814,2026-07-03,US,Desktop,1008,36.0,18,464,3.88,2026-07-03 02:43:00
KP011227,KW11707,2026-07-04,UK,Mobile,4429,31.0,100,1965,5.09,2026-07-04 11:08:00
KP011228,KW10163,2026-07-05,CA,Desktop,915,14.0,13,144,9.03,2026-07-05 20:29:00
KP011229,KW10496,2026-07-06,AU,Desktop,4882,31.0,49,1024,4.79,2026-07-06 02:11:00
KP011230,KW10429,2026-07-07,AU,Desktop,2083,41.0,44,909,4.84,2026-07-07 01:10:00
KP011231,KW10981,2026-07-08,MX,Desktop,2474,22.0,49,793,6.18,2026-07-08 21:58:00
KP011232,KW10840,2026-07-09,CA,Mobile,4655,32.0,32,502,6.37,2026-07-09 17:47:00
KP011233,KW10019,2026-07-10,AU,Desktop,1409,37.0,24,609,3.94,2026-07-10 10:58:00
KP011234,KW11510,2026-07-11,DE,Mobile,4990,22.0,112,2317,4.83,2026-07-11 23:21:00
KP011235,KW10604,2026-07-12,AU,Desktop,2445,34.0,46,835,5.51,2026-07-12 15:25:00
KP011236,KW10413,2026-07-13,CA,Desktop,3151,37.0,39,790,4.94,2026-07-13 19:54:00
KP011237,KW10370,2026-07-14,UK,Mobile,4307,4.0,328,2313,14.18,2026-07-14 10:35:00
KP011238,KW11450,2026-07-15,DE,Tablet,538,38.0,10,295,3.39,2026-07-15 02:58:00
KP011239,KW10789,2026-07-16,AU,Mobile,1933,3.0,113,700,16.14,2026-07-16 01:21:00
KP011240,KW10886,2026-07-17,BR,Desktop,3196,24.0,28,469,5.97,2026-07-17 12:25:00
KP011241,KW11566,2026-07-18,JP,Mobile,4809,17.0,82,1398,5.87,2026-07-18 17:32:00
KP011242,KW10351,2026-07-19,IN,Mobile,750,15.0,7,99,7.07,2026-07-19 10:58:00
KP011243,KW10442,2026-07-20,MX,Mobile,7916,30.0,57,1121,5.08,2026-07-20 15:32:00
KP011244,KW11692,2026-07-21,JP,Desktop,464,46.0,11,238,4.62,2026-07-21 05:09:00
KP011245,KW11266,2026-07-22,IN,Desktop,5623,43.0,58,1755,3.3,2026-07-22 00:47:00
KP011246,KW10221,2026-07-23,UK,Mobile,5303,2.0,581,2087,27.84,2026-07-23 19:11:00
KP011247,KW11490,2026-07-24,CA,Mobile,5973,6.0,298,1934,15.41,2026-07-24 01:28:00
KP011248,KW10705,2026-07-25,CA,Desktop,1430,49.0,31,632,4.91,2026-07-25 05:26:00
KP011249,KW11311,2026-07-26,JP,Mobile,2137,50.0,45,908,4.96,2026-07-26 01:00:00
KP011250,KW10318,2026-07-27,UK,Mobile,3696,19.0,106,1630,6.5,2026-07-27 16:19:00
KP011251,KW10754,2026-07-28,CA,Mobile,1987,11.0,59,778,7.58,2026-07-28 12:54:00
KP011252,KW10089,2026-07-29,MX,Desktop,3286,7.0,38,264,14.39,2026-07-29 18:40:00
KP011253,KW11506,2026-07-30,DE,Mobile,419,1.0,33,97,34.02,2026-07-30 08:37:00
KP011254,KW10220,2026-07-31,CA,Desktop,5958,38.0,32,598,5.35,2026-07-31 00:39:00
KP011255,KW10228,2026-08-01,MX,Desktop,680,42.0,10,254,3.94,2026-08-01 02:48:00
KP011256,KW11242,2026-08-02,AU,Desktop,11476,17.0,74,1079,6.86,2026-08-02 14:37:00
KP011257,KW11944,2026-08-03,CA,Mobile,3798,16.0,55,881,6.24,2026-08-03 01:32:00
KP011258,KW11140,2026-08-04,DE,Desktop,1595,43.0,25,704,3.55,2026-08-04 11:41:00
KP011259,KW10607,2026-08-05,JP,Mobile,7869,28.0,123,1901,6.47,2026-08-05 00:42:00
KP011260,KW10017,2026-08-06,JP,Desktop,2473,29.0,40,909,4.4,2026-08-06 07:18:00
KP011261,KW10509,2026-08-07,JP,Desktop,28781,13.0,101,1544,6.54,2026-08-07 08:14:00
KP011262,KW10626,2026-08-08,US,Mobile,6947,41.0,62,1712,3.62,2026-08-08 21:53:00
KP011263,KW11383,2026-08-09,BR,Mobile,9402,45.0,99,2242,4.42,2026-08-09 23:57:00
KP011264,KW11200,2026-08-10,FR,Desktop,8270,12.0,351,3771,9.31,2026-08-10 08:09:00
KP011265,KW11297,2026-08-11,JP,Mobile,2107,1.0,101,291,34.71,2026-08-11 08:09:00
KP011266,KW10068,2026-08-12,FR,Mobile,2454,31.0,48,840,5.71,2026-08-12 17:48:00
KP011267,KW11331,2026-08-13,IN,Mobile,10109,36.0,285,4992,5.71,2026-08-13 07:54:00
KP011268,KW11989,2026-08-14,JP,Mobile,4154,12.0,105,1262,8.32,2026-08-14 18:13:00
KP011269,KW11485,2026-08-15,DE,Desktop,3279,21.0,79,1127,7.01,2026-08-15 18:31:00
KP011270,KW11500,2026-08-16,MX,Mobile,5432,19.0,166,2395,6.93,2026-08-16 12:31:00
KP011271,KW10688,2026-08-17,UK,Desktop,4908,10.0,120,1181,10.16,2026-08-17 18:17:00
KP011272,KW10692,2026-08-18,DE,Desktop,431,43.0,5,158,3.16,2026-08-18 19:47:00
KP011273,KW11181,2026-08-19,DE,Mobile,3697,18.0,69,1088,6.34,2026-08-19 22:39:00
KP011274,KW10645,2026-08-20,AU,Desktop,5721,33.0,25,403,6.2,2026-08-20 03:31:00
KP011275,KW11130,2026-08-21,MX,Desktop,3683,14.0,114,1460,7.81,2026-08-21 00:37:00
KP011276,KW10361,2026-08-22,UK,Desktop,617,21.0,4,73,5.48,2026-08-22 08:55:00
KP011277,KW10081,2026-08-23,FR,Desktop,1143,50.0,7,215,3.26,2026-08-23 06:03:00
KP011278,KW11306,2026-08-24,BR,Mobile,1747,33.0,47,829,5.67,2026-08-24 07:15:00
KP011279,KW10029,2026-08-25,MX,Desktop,6750,32.0,53,1240,4.27,2026-08-25 11:53:00
KP011280,KW10622,2026-08-26,BR,Desktop,1099,25.0,31,453,6.84,2026-08-26 20:45:00
KP011281,KW11073,2026-08-27,DE,Mobile,6199,42.0,90,1922,4.68,2026-08-27 04:13:00
KP011282,KW10860,2026-08-28,JP,Desktop,2446,17.0,18,264,6.82,2026-08-28 15:31:00
KP011283,KW11929,2026-08-29,IN,Mobile,1523,36.0,14,280,5.0,2026-08-29 14:57:00
KP011284,KW10540,2026-08-30,JP,Desktop,18656,40.0,241,6685,3.61,2026-08-30 14:01:00
KP011285,KW11488,2026-08-31,BR,Mobile,4900,8.0,130,1300,10.0,2026-08-31 20:25:00
KP011286,KW11129,2026-09-01,JP,Mobile,814,23.0,11,212,5.19,2026-09-01 21:09:00
KP011287,KW10067,2026-09-02,FR,Mobile,3285,2.0,152,747,20.35,2026-09-02 15:53:00
KP011288,KW11534,2026-09-03,IN,Desktop,4650,4.0,167,838,19.93,2026-09-03 09:44:00
KP011289,KW10442,2026-09-04,UK,Mobile,3832,2.0,69,269,25.65,2026-09-04 20:53:00
KP011290,KW11137,2026-09-05,US,Mobile,1471,48.0,23,724,3.18,2026-09-05 10:25:00
KP011291,KW11441,2026-09-06,UK,Mobile,5265,12.0,185,2699,6.85,2026-09-06 04:11:00
KP011292,KW11142,2026-09-07,BR,Mobile,1031,29.0,12,185,6.49,2026-09-07 21:19:00
KP011293,KW11624,2026-09-08,MX,Mobile,1465,36.0,14,357,3.92,2026-09-08 21:06:00
KP011294,KW10878,2026-09-09,BR,Mobile,341,3.0,27,174,15.52,2026-09-09 03:24:00
KP011295,KW10258,2026-09-10,MX,Mobile,2432,5.0,105,949,11.06,2026-09-10 17:41:00
KP011296,KW10389,2026-09-11,UK,Mobile,3479,47.0,71,1556,4.56,2026-09-11 21:25:00
KP011297,KW11146,2026-09-12,BR,Desktop,1473,38.0,10,190,5.26,2026-09-12 17:19:00
KP011298,KW10519,2026-09-13,AU,Mobile,2755,10.0,139,1251,11.11,2026-09-13 11:24:00
KP011299,KW10138,2026-09-14,AU,Mobile,766,1.0,18,54,33.33,2026-09-14 09:12:00
KP011300,KW11492,2026-09-15,DE,Mobile,5995,5.0,328,2657,12.34,2026-09-15 21:25:00
KP011301,KW11035,2026-09-16,DE,Desktop,2747,2.0,47,161,29.19,2026-09-16 18:45:00
KP011302,KW11694,2026-09-17,MX,Mobile,5335,23.0,25,382,6.54,2026-09-17 15:10:00
KP011303,KW11991,2026-09-18,UK,Mobile,865,40.0,17,471,3.61,2026-09-18 12:02:00
KP011304,KW11426,2026-09-19,US,Mobile,4255,5.0,241,1378,17.49,2026-09-19 14:39:00
KP011305,KW11804,2026-09-20,BR,Desktop,17403,49.0,171,3540,4.83,2026-09-20 06:59:00
KP011306,KW11266,2026-09-21,IN,Desktop,2494,44.0,21,459,4.58,2026-09-21 16:40:00
KP011307,KW10604,2026-09-22,UK,Desktop,5478,11.0,235,2372,9.91,2026-09-22 13:36:00
KP011308,KW10289,2026-09-23,MX,Desktop,1183,34.0,16,439,3.64,2026-09-23 02:55:00
KP011309,KW11930,2026-09-24,CA,Mobile,3930,49.0,91,1876,4.85,2026-09-24 03:00:00
KP011310,KW10752,2026-09-25,US,Mobile,646,9.0,39,309,12.62,2026-09-25 12:26:00
KP011311,KW10242,2026-09-26,JP,Desktop,2329,25.0,19,365,5.21,2026-09-26 07:27:00
KP011312,KW10463,2026-09-27,AU,Desktop,877,49.0,11,237,4.64,2026-09-27 19:00:00
KP011313,KW11565,2026-09-28,FR,Desktop,2067,46.0,33,706,4.67,2026-09-28 17:14:00
KP011314,KW10494,2026-09-29,FR,Desktop,4926,9.0,95,933,10.18,2026-09-29 10:49:00
KP011315,KW10888,2026-09-30,DE,Mobile,1091,23.0,24,404,5.94,2026-09-30 21:58:00
KP011559,KW10398,2026-06-01,CA,Mobile,2603,41.0,14,372,3.76,2026-06-01 00:30:00
KP011560,KW11373,2026-06-02,FR,Mobile,3141,34.0,73,1344,5.43,2026-06-02 00:21:00
KP011561,KW11818,2026-06-03,MX,Mobile,7106,38.0,27,563,4.8,2026-06-03 04:56:00
KP011562,KW11853,2026-06-04,JP,Mobile,3125,18.0,119,1580,7.53,2026-06-04 01:09:00
KP011563,KW10188,2026-06-05,CA,Mobile,1091,14.0,18,196,9.18,2026-06-05 05:36:00
KP011564,KW10444,2026-06-06,AU,Desktop,2807,17.0,43,600,7.17,2026-06-06 02:44:00
KP011565,KW10884,2026-06-07,BR,Mobile,556,14.0,5,78,6.41,2026-06-07 04:02:00
KP011566,KW11529,2026-06-08,CA,Mobile,3450,36.0,29,526,5.51,2026-06-08 02:09:00
KP011567,KW10026,2026-06-09,CA,Desktop,2267,30.0,35,624,5.61,2026-06-09 03:04:00
KP011568,KW10059,2026-06-10,AU,Desktop,14093,45.0,288,5600,5.14,2026-06-10 18:33:00
KP011569,KW10275,2026-06-11,US,Desktop,2374,17.0,79,1221,6.47,2026-06-11 00:57:00
KP011570,KW11246,2026-06-12,CA,Mobile,5060,11.0,69,626,11.02,2026-06-12 23:02:00
KP011571,KW10428,2026-06-13,DE,Desktop,680,23.0,7,140,5.0,2026-06-13 22:43:00
KP011572,KW10524,2026-06-14,DE,Mobile,1364,33.0,4,101,3.96,2026-06-14 14:54:00
KP011573,KW11713,2026-06-15,BR,Mobile,9807,7.0,404,3836,10.53,2026-06-15 13:30:00
KP011574,KW11244,2026-06-16,FR,Desktop,26724,22.0,281,5720,4.91,2026-06-16 20:10:00
KP011575,KW10844,2026-06-17,MX,Mobile,8449,30.0,34,533,6.38,2026-06-17 17:49:00
KP011576,KW10595,2026-06-18,MX,Mobile,1776,3.0,150,825,18.18,2026-06-18 14:46:00
KP011577,KW10555,2026-06-19,JP,Mobile,4556,45.0,58,1289,4.5,2026-06-19 05:37:00
KP011578,KW11473,2026-06-20,FR,Desktop,6257,36.0,32,747,4.28,2026-06-20 10:55:00
KP011579,KW10641,2026-06-21,DE,Desktop,9954,43.0,22,513,4.29,2026-06-21 22:32:00
KP011580,KW11000,2026-06-22,US,Desktop,11888,44.0,257,6250,4.11,2026-06-22 10:44:00
KP011581,KW11690,2026-06-23,JP,Desktop,7978,50.0,64,2000,3.2,2026-06-23 06:15:00
KP011582,KW10895,2026-06-24,DE,Mobile,486,28.0,12,202,5.94,2026-06-24 10:13:00
KP011583,KW11233,2026-06-25,FR,Desktop,4825,35.0,88,1454,6.05,2026-06-25 13:46:00
KP011584,KW10189,2026-06-26,AU,Mobile,7815,26.0,48,796,6.03,2026-06-26 18:25:00
KP011585,KW10093,2026-06-27,AU,Desktop,1711,8.0,84,684,12.28,2026-06-27 17:21:00
KP011586,KW11647,2026-06-28,CA,Mobile,5197,28.0,172,2636,6.53,2026-06-28 15:13:00
KP011587,KW11411,2026-06-29,BR,Mobile,7021,3.0,432,2012,21.47,2026-06-29 10:44:00
KP011588,KW10706,2026-06-30,DE,Mobile,6770,17.0,165,2614,6.31,2026-06-30 05:22:00
KP011589,KW10150,2026-07-01,DE,Mobile,2796,38.0,28,493,5.68,2026-07-01 02:38:00
KP011590,KW10687,2026-07-02,DE,Tablet,4791,26.0,92,1495,6.15,2026-07-02 04:05:00
KP011591,KW10310,2026-07-03,DE,Mobile,8416,4.0,525,3761,13.96,2026-07-03 07:23:00
KP011592,KW11378,2026-07-04,CA,Mobile,5338,28.0,89,1810,4.92,2026-07-04 04:38:00
KP011593,KW11128,2026-07-05,UK,Mobile,10388,9.0,206,1682,12.25,2026-07-05 23:04:00
KP011594,KW11175,2026-07-06,FR,Mobile,10534,5.0,189,1514,12.48,2026-07-06 05:10:00
KP011595,KW10001,2026-07-07,CA,Mobile,5016,1.0,156,446,34.98,2026-07-07 04:36:00
KP011596,KW10021,2026-07-08,FR,Desktop,2875,49.0,24,646,3.72,2026-07-08 11:45:00
KP011597,KW10632,2026-07-09,DE,Desktop,1039,1.0,66,213,30.99,2026-07-09 02:35:00
KP011598,KW10975,2026-07-10,FR,Mobile,1548,18.0,21,281,7.47,2026-07-10 21:58:00
KP011599,KW11986,2026-07-11,US,Mobile,1913,47.0,26,672,3.87,2026-07-11 04:07:00
KP011600,KW11955,2026-07-12,MX,Desktop,2074,29.0,35,821,4.26,2026-07-12 18:57:00
KP011601,KW11864,2026-07-13,MX,Desktop,2356,38.0,24,563,4.26,2026-07-13 00:58:00
KP011602,KW10342,2026-07-14,UK,Tablet,4169,38.0,31,609,5.09,2026-07-14 21:45:00
KP011603,KW11990,2026-07-15,DE,Desktop,2645,11.0,85,910,9.34,2026-07-15 09:06:00
KP011604,KW11746,2026-07-16,AU,Desktop,1398,10.0,22,284,7.75,2026-07-16 13:52:00
KP011605,KW10276,2026-07-17,AU,Mobile,5402,20.0,25,442,5.66,2026-07-17 20:01:00
KP011606,KW11063,2026-07-18,US,Mobile,24816,38.0,254,6409,3.96,2026-07-18 08:05:00
KP011607,KW10705,2026-07-19,JP,Mobile,1209,31.0,35,553,6.33,2026-07-19 17:03:00
KP011608,KW11036,2026-07-20,CA,Desktop,3071,34.0,46,1079,4.26,2026-07-20 02:26:00
KP011609,KW10785,2026-07-21,CA,Desktop,1640,1.0,129,369,34.96,2026-07-21 16:00:00
KP011610,KW11626,2026-07-22,AU,Mobile,4940,15.0,114,1435,7.94,2026-07-22 21:04:00
KP011611,KW10245,2026-07-23,BR,Mobile,1653,23.0,18,238,7.56,2026-07-23 13:57:00
KP011612,KW10553,2026-07-24,CA,Mobile,3814,7.0,206,1715,12.01,2026-07-24 06:31:00
KP011613,KW10506,2026-07-25,DE,Desktop,7130,32.0,189,3738,5.06,2026-07-25 16:23:00
KP011614,KW10356,2026-07-26,FR,Mobile,3562,16.0,45,764,5.89,2026-07-26 04:25:00
KP011615,KW10338,2026-07-27,CA,Mobile,12146,36.0,276,5278,5.23,2026-07-27 13:54:00
KP011616,KW10817,2026-07-28,CA,Mobile,871,31.0,21,470,4.47,2026-07-28 11:28:00
KP011617,KW11908,2026-07-29,JP,Mobile,1772,15.0,49,606,8.09,2026-07-29 12:49:00
KP011618,KW10788,2026-07-30,AU,Desktop,7391,7.0,139,1018,13.65,2026-07-30 17:54:00
KP011619,KW10443,2026-07-31,DE,Desktop,9143,41.0,203,4736,4.29,2026-07-31 07:39:00
KP011620,KW11389,2026-08-01,CA,Desktop,21233,1.0,2856,8161,35.0,2026-08-01 14:28:00
KP011621,KW11556,2026-08-02,UK,Mobile,1752,37.0,38,674,5.64,2026-08-02 00:28:00
KP011622,KW10084,2026-08-03,US,Mobile,1539,28.0,24,421,5.7,2026-08-03 05:17:00
KP011623,KW10341,2026-08-04,US,Desktop,1869,24.0,37,519,7.13,2026-08-04 19:05:00
KP011624,KW11234,2026-08-05,CA,Desktop,1192,41.0,15,326,4.6,2026-08-05 09:14:00
KP011625,KW11898,2026-08-06,CA,Mobile,795,21.0,16,304,5.26,2026-08-06 16:31:00
KP011626,KW10353,2026-08-07,FR,Desktop,2051,2.0,30,126,23.81,2026-08-07 15:42:00
KP011627,KW10981,2026-08-08,AU,Mobile,3072,36.0,51,1318,3.87,2026-08-08 11:40:00
KP011628,KW11100,2026-08-09,AU,Desktop,9885,45.0,167,3879,4.31,2026-08-09 03:47:00
KP011629,KW11504,2026-08-10,CA,Desktop,26360,5.0,326,1902,17.14,2026-08-10 03:25:00
KP011630,KW10317,2026-08-11,MX,Desktop,1905,15.0,55,743,7.4,2026-08-11 08:55:00
KP011631,KW11999,2026-08-12,UK,Mobile,3640,33.0,89,1878,4.74,2026-08-12 00:42:00
KP011632,KW10863,2026-08-13,AU,Desktop,11213,16.0,263,2913,9.03,2026-08-13 22:57:00
KP011633,KW10646,2026-08-14,CA,Mobile,2081,38.0,21,601,3.49,2026-08-14 02:57:00
KP011634,KW10941,2026-08-15,MX,Mobile,7910,37.0,145,2760,5.25,2026-08-15 20:37:00
KP011635,KW11618,2026-08-16,DE,Desktop,841,15.0,23,256,8.98,2026-08-16 05:44:00
KP011636,KW11456,2026-08-17,JP,Desktop,2004,46.0,35,1053,3.32,2026-08-17 01:19:00
KP011637,KW10450,2026-08-18,DE,Desktop,15100,7.0,474,4785,9.91,2026-08-18 04:46:00
KP011638,KW10052,2026-08-19,AU,Desktop,2310,16.0,89,1024,8.69,2026-08-19 19:04:00
KP011639,KW10092,2026-08-20,AU,Mobile,2151,45.0,27,572,4.72,2026-08-20 08:10:00
KP011640,KW11108,2026-08-21,MX,Desktop,6043,18.0,232,2937,7.9,2026-08-21 02:53:00
KP011641,KW11461,2026-08-22,DE,Desktop,1928,14.0,34,350,9.71,2026-08-22 00:17:00
KP011642,KW11808,2026-08-23,FR,Mobile,1993,9.0,100,835,11.98,2026-08-23 18:00:00
KP011643,KW10180,2026-08-24,UK,Desktop,1829,49.0,4,94,4.26,2026-08-24 11:23:00
KP011644,KW11860,2026-08-25,CA,Desktop,7884,30.0,201,3497,5.75,2026-08-25 05:10:00
KP011645,KW11012,2026-08-26,JP,Desktop,7446,6.0,413,3920,10.54,2026-08-26 08:03:00
KP011646,KW10958,2026-08-27,UK,Mobile,2933,5.0,140,804,17.41,2026-08-27 18:50:00
KP011647,KW10829,2026-08-28,UK,Mobile,3873,46.0,27,707,3.82,2026-08-28 20:10:00
KP011648,KW10637,2026-08-29,CA,Mobile,13285,36.0,81,1465,5.53,2026-08-29 20:29:00
KP011649,KW11745,2026-08-30,FR,Desktop,958,9.0,10,92,10.87,2026-08-30 13:40:00
KP011650,KW11248,2026-08-31,IN,Tablet,3471,33.0,89,1822,4.88,2026-08-31 15:30:00
KP011651,KW10577,2026-09-01,BR,Desktop,2248,29.0,11,211,5.21,2026-09-01 18:52:00
KP011652,KW10031,2026-09-02,UK,Mobile,1079,7.0,22,246,8.94,2026-09-02 05:29:00
KP011653,KW11302,2026-09-03,CA,Desktop,23415,30.0,484,8343,5.8,2026-09-03 15:57:00
KP011654,KW11820,2026-09-04,CA,Desktop,25291,1.0,2733,9560,28.59,2026-09-04 17:11:00
KP011655,KW10592,2026-09-05,MX,Mobile,12772,13.0,116,1720,6.74,2026-09-05 11:36:00
KP011656,KW10200,2026-09-06,MX,Mobile,3628,32.0,66,1096,6.02,2026-09-06 21:40:00
KP011657,KW11735,2026-09-07,JP,Desktop,4162,40.0,35,647,5.41,2026-09-07 01:46:00
KP011658,KW11881,2026-09-08,BR,Mobile,3591,28.0,55,992,5.54,2026-09-08 04:58:00
KP011659,KW11142,2026-09-09,JP,Mobile,15984,31.0,279,4880,5.72,2026-09-09 14:06:00
KP011660,KW10192,2026-09-10,US,Desktop,2982,35.0,71,1540,4.61,2026-09-10 01:44:00
KP011661,KW11504,2026-09-11,MX,Mobile,3088,10.0,71,673,10.55,2026-09-11 19:47:00
KP011662,KW11127,2026-09-12,IN,Desktop,14189,30.0,58,1258,4.61,2026-09-12 13:57:00
KP011663,KW10501,2026-09-13,UK,Mobile,1561,8.0,54,502,10.76,2026-09-13 16:12:00
KP011664,KW11936,2026-09-14,UK,Desktop,3710,17.0,112,1840,6.09,2026-09-14 20:34:00
KP011665,KW10990,2026-09-15,UK,Desktop,2373,3.0,32,157,20.38,2026-09-15 18:04:00
KP011666,KW11487,2026-09-16,FR,Mobile,2915,17.0,119,1316,9.04,2026-09-16 04:39:00
KP011667,KW10278,2026-09-17,IN,Desktop,345,49.0,1,37,2.7,2026-09-17 16:06:00
KP011668,KW11130,2026-09-18,FR,Desktop,3005,5.0,208,1457,14.28,2026-09-18 17:30:00
KP011669,KW10062,2026-09-19,MX,Desktop,3165,20.0,128,1733,7.39,2026-09-19 01:26:00
KP011670,KW11357,2026-09-20,IN,Desktop,3891,44.0,59,1530,3.86,2026-09-20 04:04:00
KP011671,KW10344,2026-09-21,BR,Desktop,520,40.0,7,178,3.93,2026-09-21 08:25:00
KP011672,KW11133,2026-09-22,BR,Desktop,694,42.0,15,276,5.43,2026-09-22 19:11:00
KP011673,KW11950,2026-09-23,FR,Tablet,5130,37.0,115,2596,4.43,2026-09-23 08:03:00
KP011674,KW11454,2026-09-24,FR,Desktop,1432,13.0,50,754,6.63,2026-09-24 06:02:00
KP011675,KW10722,2026-09-25,CA,Desktop,4349,48.0,101,2200,4.59,2026-09-25 06:22:00
KP011676,KW10905,2026-09-26,MX,Tablet,6126,34.0,76,1457,5.22,2026-09-26 00:44:00
KP011677,KW10901,2026-09-27,MX,Desktop,2936,24.0,68,1023,6.65,2026-09-27 10:47:00
KP011678,KW10185,2026-09-28,CA,Desktop,1779,50.0,21,553,3.8,2026-09-28 05:18:00
KP011679,KW11011,2026-09-29,BR,Mobile,1362,35.0,20,346,5.78,2026-09-29 01:22:00
KP011680,KW11036,2026-09-30,US,Mobile,2888,15.0,67,767,8.74,2026-09-30 20:43:00
KP011924,KW11373,2026-06-01,BR,Mobile,2896,10.0,107,900,11.89,2026-06-01 03:42:00
KP011925,KW10356,2026-06-02,CA,Desktop,8162,21.0,29,487,5.95,2026-06-02 07:25:00
KP011926,KW11260,2026-06-03,IN,Mobile,1086,29.0,27,439,6.15,2026-06-03 10:00:00
KP011927,KW11671,2026-06-04,DE,Desktop,1061,6.0,83,536,15.49,2026-06-04 05:26:00
KP011928,KW11426,2026-06-05,BR,Mobile,584,46.0,2,83,2.41,2026-06-05 06:11:00
KP011929,KW11543,2026-06-06,US,Mobile,1793,19.0,39,539,7.24,2026-06-06 19:49:00
KP011930,KW11717,2026-06-07,CA,Desktop,1086,41.0,9,253,3.56,2026-06-07 04:41:00
KP011931,KW11239,2026-06-08,CA,Desktop,1028,21.0,29,551,5.26,2026-06-08 12:13:00
KP011932,KW10982,2026-06-09,IN,Desktop,1988,48.0,39,852,4.58,2026-06-09 07:03:00
KP011933,KW10446,2026-06-10,IN,Desktop,1336,42.0,16,410,3.9,2026-06-10 14:50:00
KP011934,KW10315,2026-06-11,CA,Mobile,2735,23.0,20,356,5.62,2026-06-11 18:32:00
KP011935,KW11716,2026-06-12,JP,Mobile,2868,8.0,140,1071,13.07,2026-06-12 14:18:00
KP011936,KW10050,2026-06-13,BR,Mobile,10119,22.0,259,3718,6.97,2026-06-13 05:02:00
KP011937,KW10251,2026-06-14,DE,Mobile,5360,17.0,172,2429,7.08,2026-06-14 05:12:00
KP011938,KW11830,2026-06-15,IN,Desktop,2749,18.0,67,995,6.73,2026-06-15 20:17:00
KP011939,KW11035,2026-06-16,FR,Mobile,1254,4.0,72,452,15.93,2026-06-16 08:01:00
KP011940,KW10553,2026-06-17,AU,Mobile,19209,14.0,335,3943,8.5,2026-06-17 11:36:00
KP011941,KW11511,2026-06-18,BR,Tablet,3559,20.0,16,238,6.72,2026-06-18 05:35:00
KP011942,KW11794,2026-06-19,US,Mobile,2567,34.0,24,438,5.48,2026-06-19 01:57:00
KP011943,KW10562,2026-06-20,DE,Desktop,13309,38.0,193,3351,5.76,2026-06-20 11:07:00
KP011944,KW10139,2026-06-21,FR,Desktop,3812,20.0,99,1271,7.79,2026-06-21 08:52:00
KP011945,KW10243,2026-06-22,US,Desktop,13024,45.0,257,5429,4.73,2026-06-22 20:57:00
KP011946,KW11370,2026-06-23,FR,Mobile,31127,2.0,3244,13305,24.38,2026-06-23 19:37:00
KP011947,KW10161,2026-06-24,BR,Desktop,5619,49.0,35,1069,3.27,2026-06-24 00:38:00
KP011948,KW11312,2026-06-25,DE,Desktop,4768,4.0,151,1184,12.75,2026-06-25 23:00:00
KP011949,KW10841,2026-06-26,BR,Desktop,3316,30.0,59,901,6.55,2026-06-26 16:13:00
KP011950,KW11209,2026-06-27,AU,Mobile,4760,44.0,44,977,4.5,2026-06-27 03:11:00
KP011951,KW10302,2026-06-28,UK,Mobile,8619,36.0,124,2416,5.13,2026-06-28 05:40:00
KP011952,KW11370,2026-06-29,CA,Desktop,4873,37.0,73,1516,4.82,2026-06-29 19:43:00
KP011953,KW11288,2026-06-30,MX,Desktop,10053,24.0,274,3725,7.36,2026-06-30 06:53:00
KP011954,KW10114,2026-07-01,MX,Desktop,8192,20.0,97,1334,7.27,2026-07-01 19:01:00
KP011955,KW11262,2026-07-02,FR,Mobile,4524,14.0,105,1135,9.25,2026-07-02 17:47:00
KP011956,KW10302,2026-07-03,MX,Mobile,1959,16.0,59,707,8.35,2026-07-03 18:16:00
KP011957,KW10432,2026-07-04,DE,Mobile,1476,12.0,33,496,6.65,2026-07-04 00:20:00
KP011958,KW10113,2026-07-05,FR,Desktop,5174,45.0,81,1670,4.85,2026-07-05 20:01:00
KP011959,KW11786,2026-07-06,AU,Mobile,5596,17.0,187,2409,7.76,2026-07-06 20:21:00
KP011960,KW10726,2026-07-07,AU,Desktop,5393,36.0,107,1922,5.57,2026-07-07 05:11:00
KP011961,KW10772,2026-07-08,FR,Mobile,8496,11.0,178,1995,8.92,2026-07-08 23:30:00
KP011962,KW10641,2026-07-09,BR,Desktop,17945,29.0,60,1133,5.3,2026-07-09 17:01:00
KP011963,KW11069,2026-07-10,DE,Desktop,506,31.0,15,267,5.62,2026-07-10 02:48:00
KP011964,KW10464,2026-07-11,BR,Desktop,196,39.0,0,20,0.0,2026-07-11 03:18:00
KP011965,KW11837,2026-07-12,UK,Tablet,2737,32.0,63,1440,4.38,2026-07-12 02:06:00
KP011966,KW11774,2026-07-13,AU,Mobile,2561,32.0,48,1128,4.26,2026-07-13 20:34:00
KP011967,KW11898,2026-07-14,FR,Desktop,4140,8.0,278,2137,13.01,2026-07-14 17:56:00
KP011968,KW11092,2026-07-15,IN,Desktop,554,47.0,11,304,3.62,2026-07-15 16:16:00
KP011969,KW10858,2026-07-16,FR,Mobile,2325,27.0,53,997,5.32,2026-07-16 00:17:00
KP011970,KW10717,2026-07-17,AU,Desktop,5356,29.0,73,1301,5.61,2026-07-17 18:39:00
KP011971,KW10563,2026-07-18,FR,Desktop,6483,30.0,23,397,5.79,2026-07-18 20:25:00
KP011972,KW10567,2026-07-19,JP,Desktop,2484,22.0,41,732,5.6,2026-07-19 15:24:00
KP011973,KW11125,2026-07-20,IN,Mobile,1418,37.0,21,373,5.63,2026-07-20 21:34:00
KP011974,KW10958,2026-07-21,AU,Mobile,1438,24.0,40,604,6.62,2026-07-21 23:34:00
KP011975,KW11088,2026-07-22,UK,Desktop,12633,35.0,309,5562,5.56,2026-07-22 22:53:00
KP011976,KW10782,2026-07-23,JP,Mobile,1233,23.0,17,307,5.54,2026-07-23 03:46:00
KP011977,KW10949,2026-07-24,US,Mobile,771,1.0,129,371,34.77,2026-07-24 06:56:00
KP011978,KW10985,2026-07-25,BR,Mobile,1119,41.0,2,82,2.44,2026-07-25 11:41:00
KP011979,KW12000,2026-07-26,UK,Mobile,5389,11.0,49,445,11.01,2026-07-26 17:36:00
KP011980,KW10104,2026-07-27,FR,Mobile,12249,19.0,534,6192,8.62,2026-07-27 19:48:00
KP011981,KW10859,2026-07-28,UK,Desktop,3612,1.0,505,1577,32.02,2026-07-28 22:02:00
KP011982,KW10713,2026-07-29,FR,Mobile,1079,39.0,22,499,4.41,2026-07-29 06:31:00
KP011983,KW11390,2026-07-30,CA,Mobile,4723,6.0,241,1514,15.92,2026-07-30 02:48:00
KP011984,KW11649,2026-07-31,US,Mobile,5451,25.0,99,1573,6.29,2026-07-31 22:49:00
KP011985,KW11926,2026-08-01,US,Desktop,1957,4.0,29,147,19.73,2026-08-01 11:57:00
KP011986,KW10852,2026-08-02,AU,Desktop,3834,5.0,44,306,14.38,2026-08-02 10:45:00
KP011987,KW10154,2026-08-03,AU,Mobile,3915,35.0,37,795,4.65,2026-08-03 17:50:00
KP011988,KW11905,2026-08-04,FR,Mobile,2159,40.0,41,1106,3.71,2026-08-04 10:16:00
KP011989,KW10401,2026-08-05,DE,Desktop,607,26.0,14,312,4.49,2026-08-05 18:39:00
KP011990,KW11195,2026-08-06,CA,Desktop,5868,6.0,164,1011,16.22,2026-08-06 04:56:00
KP011991,KW10859,2026-08-07,BR,Tablet,7720,40.0,47,977,4.81,2026-08-07 15:27:00
KP011992,KW10742,2026-08-08,JP,Desktop,4131,40.0,102,1960,5.2,2026-08-08 17:27:00
KP011993,KW11815,2026-08-09,AU,Desktop,5623,10.0,216,1871,11.54,2026-08-09 15:30:00
KP011994,KW11803,2026-08-10,CA,Desktop,7170,21.0,48,719,6.68,2026-08-10 12:43:00
KP011995,KW11209,2026-08-11,FR,Tablet,2903,10.0,17,180,9.44,2026-08-11 21:01:00
KP011996,KW10891,2026-08-12,BR,Mobile,943,5.0,79,452,17.48,2026-08-12 05:11:00
KP011997,KW11475,2026-08-13,AU,Mobile,5460,43.0,25,504,4.96,2026-08-13 16:45:00
KP011998,KW11053,2026-08-14,FR,Tablet,3946,28.0,64,1430,4.48,2026-08-14 10:23:00
KP011999,KW11854,2026-08-15,FR,Mobile,1766,24.0,41,795,5.16,2026-08-15 06:37:00
KP012000,KW10889,2026-08-16,BR,Desktop,1565,24.0,40,646,6.19,2026-08-16 17:02:00
KP012001,KW10671,2026-08-17,FR,Mobile,5271,16.0,112,1201,9.33,2026-08-17 15:33:00
KP012002,KW10981,2026-08-18,US,Tablet,2570,26.0,24,404,5.94,2026-08-18 21:58:00
KP012003,KW10495,2026-08-19,CA,Desktop,2028,6.0,75,580,12.93,2026-08-19 10:58:00
KP012004,KW11114,2026-08-20,IN,Desktop,839,6.0,15,137,10.95,2026-08-20 05:23:00
KP012005,KW10174,2026-08-21,UK,Mobile,543,7.0,40,269,14.87,2026-08-21 01:06:00
KP012006,KW10435,2026-08-22,CA,Mobile,806,5.0,17,131,12.98,2026-08-22 22:52:00
KP012007,KW11926,2026-08-23,BR,Mobile,1545,16.0,14,239,5.86,2026-08-23 14:15:00
KP012008,KW11524,2026-08-24,DE,Mobile,1669,2.0,93,510,18.24,2026-08-24 09:55:00
KP012009,KW10463,2026-08-25,UK,Mobile,730,19.0,6,119,5.04,2026-08-25 03:44:00
KP012010,KW11219,2026-08-26,DE,Desktop,4692,28.0,79,1509,5.24,2026-08-26 22:49:00
KP012011,KW10346,2026-08-27,US,Desktop,2919,21.0,51,926,5.51,2026-08-27 17:19:00
KP012012,KW10182,2026-08-28,DE,Desktop,4670,15.0,24,361,6.65,2026-08-28 09:26:00
KP012013,KW10575,2026-08-29,MX,Desktop,6853,48.0,173,3434,5.04,2026-08-29 21:58:00
KP012014,KW11359,2026-08-30,JP,Mobile,3328,28.0,21,438,4.79,2026-08-30 21:19:00
KP012015,KW10797,2026-08-31,MX,Mobile,26965,48.0,474,12180,3.89,2026-08-31 06:56:00
KP012016,KW10449,2026-09-01,BR,Mobile,2807,47.0,26,673,3.86,2026-09-01 05:10:00
KP012017,KW11688,2026-09-02,IN,Desktop,2032,23.0,34,722,4.71,2026-09-02 07:03:00
KP012018,KW10509,2026-09-03,FR,Desktop,905,44.0,14,422,3.32,2026-09-03 03:33:00
KP012019,KW11080,2026-09-04,CA,Mobile,2478,33.0,57,1042,5.47,2026-09-04 20:55:00
KP012020,KW11428,2026-09-05,US,Mobile,7082,12.0,277,3129,8.85,2026-09-05 17:34:00
KP012021,KW10900,2026-09-06,BR,Desktop,3831,35.0,86,2016,4.27,2026-09-06 03:04:00
KP012022,KW10801,2026-09-07,CA,Mobile,20476,21.0,211,4275,4.94,2026-09-07 19:20:00
KP012023,KW11966,2026-09-08,IN,Desktop,2383,25.0,44,733,6.0,2026-09-08 11:08:00
KP012024,KW11657,2026-09-09,MX,Mobile,5740,13.0,102,1021,9.99,2026-09-09 06:17:00
KP012025,KW11057,2026-09-10,UK,Desktop,5816,47.0,125,3192,3.92,2026-09-10 17:54:00
KP012026,KW11694,2026-09-11,CA,Desktop,946,28.0,26,443,5.87,2026-09-11 11:24:00
KP012027,KW10677,2026-09-12,AU,Desktop,13637,35.0,348,7403,4.7,2026-09-12 13:11:00
KP012028,KW11963,2026-09-13,UK,Mobile,3043,26.0,32,483,6.63,2026-09-13 00:09:00
KP012029,KW11758,2026-09-14,MX,Mobile,4464,33.0,127,2198,5.78,2026-09-14 23:44:00
KP012030,KW11589,2026-09-15,CA,Desktop,5161,32.0,13,293,4.44,2026-09-15 05:12:00
KP012031,KW11232,2026-09-16,AU,Desktop,3280,19.0,78,1000,7.8,2026-09-16 03:29:00
KP012032,KW11496,2026-09-17,DE,Desktop,8148,6.0,644,4414,14.59,2026-09-17 03:19:00
KP012033,KW11203,2026-09-18,IN,Mobile,2950,47.0,47,1457,3.23,2026-09-18 03:06:00
KP012034,KW11718,2026-09-19,DE,Desktop,798,28.0,11,233,4.72,2026-09-19 02:09:00
KP012035,KW11050,2026-09-20,FR,Mobile,1639,36.0,46,775,5.94,2026-09-20 11:02:00
KP012036,KW11290,2026-09-21,DE,Mobile,1646,8.0,71,732,9.7,2026-09-21 06:00:00
KP012037,KW10651,2026-09-22,AU,Desktop,4690,44.0,103,2469,4.17,2026-09-22 03:19:00
KP012038,KW11082,2026-09-23,FR,Mobile,4813,23.0,134,2081,6.44,2026-09-23 04:16:00
KP012039,KW10633,2026-09-24,MX,Desktop,2526,19.0,62,723,8.58,2026-09-24 15:38:00
KP012040,KW10837,2026-09-25,JP,Tablet,867,1.0,128,368,34.78,2026-09-25 05:56:00
KP012041,KW10316,2026-09-26,CA,Desktop,3814,31.0,18,448,4.02,2026-09-26 01:51:00
KP012042,KW10002,2026-09-27,JP,Desktop,7188,34.0,219,3732,5.87,2026-09-27 04:58:00
KP012043,KW11647,2026-09-28,IN,Mobile,1355,48.0,16,427,3.75,2026-09-28 01:47:00
KP012044,KW11274,2026-09-29,DE,Mobile,4544,18.0,140,2034,6.88,2026-09-29 14:22:00
KP012045,KW11568,2026-09-30,FR,Desktop,2758,43.0,37,697,5.31,2026-09-30 06:00:00
KP012289,KW11291,2026-06-01,AU,Desktop,2584,1.0,486,1389,34.99,2026-06-01 15:01:00
KP012290,KW11970,2026-06-02,AU,Desktop,1975,40.0,46,936,4.91,2026-06-02 22:33:00
KP012291,KW10164,2026-06-03,FR,Desktop,68606,39.0,1720,32475,5.3,2026-06-03 00:59:00
KP012292,KW11673,2026-06-04,IN,Mobile,5238,28.0,51,1040,4.9,2026-06-04 23:38:00
KP012293,KW11815,2026-06-05,BR,Mobile,6782,39.0,132,2377,5.55,2026-06-05 11:39:00
KP012294,KW11228,2026-06-06,FR,Desktop,3053,12.0,73,1091,6.69,2026-06-06 20:49:00
KP012295,KW11196,2026-06-07,CA,Mobile,1166,20.0,34,497,6.84,2026-06-07 18:05:00
KP012296,KW11647,2026-06-08,BR,Desktop,1534,27.0,29,538,5.39,2026-06-08 03:18:00
KP012297,KW11921,2026-06-09,FR,Mobile,2678,20.0,39,761,5.12,2026-06-09 03:11:00
KP012298,KW11873,2026-06-10,CA,Mobile,2592,43.0,32,859,3.73,2026-06-10 15:47:00
KP012299,KW11093,2026-06-11,DE,Desktop,1380,8.0,25,190,13.16,2026-06-11 17:12:00
KP012300,KW10209,2026-06-12,MX,Desktop,5992,23.0,112,2020,5.54,2026-06-12 21:29:00
KP012301,KW10687,2026-06-13,BR,Mobile,3957,27.0,116,2155,5.38,2026-06-13 01:13:00
KP012302,KW10542,2026-06-14,BR,Mobile,3741,29.0,120,1811,6.63,2026-06-14 07:02:00
KP012303,KW10436,2026-06-15,DE,Desktop,6433,40.0,146,2685,5.44,2026-06-15 04:09:00
KP012304,KW11911,2026-06-16,UK,Desktop,2948,38.0,24,492,4.88,2026-06-16 23:33:00
KP012305,KW11912,2026-06-17,MX,Desktop,2312,20.0,78,1081,7.22,2026-06-17 02:58:00
KP012306,KW10935,2026-06-18,MX,Mobile,14977,44.0,276,6550,4.21,2026-06-18 03:51:00
KP012307,KW11139,2026-06-19,JP,Mobile,1567,43.0,18,508,3.54,2026-06-19 00:17:00
KP012308,KW11596,2026-06-20,UK,Mobile,1097,2.0,39,201,19.4,2026-06-20 06:39:00
KP012309,KW11845,2026-06-21,DE,Mobile,6370,1.0,827,3111,26.58,2026-06-21 00:15:00
KP012310,KW11271,2026-06-22,MX,Tablet,3196,30.0,44,857,5.13,2026-06-22 03:00:00
KP012311,KW10579,2026-06-23,FR,Mobile,1889,43.0,12,336,3.57,2026-06-23 14:27:00
KP012312,KW10890,2026-06-24,IN,Mobile,3863,37.0,16,462,3.46,2026-06-24 09:52:00
KP012313,KW11216,2026-06-25,JP,Desktop,9245,41.0,223,4789,4.66,2026-06-25 12:10:00
KP012314,KW10027,2026-06-26,MX,Tablet,27486,2.0,1351,4680,28.87,2026-06-26 06:22:00
KP012315,KW11884,2026-06-27,JP,Desktop,7282,11.0,80,748,10.7,2026-06-27 20:25:00
KP012316,KW11053,2026-06-28,CA,Desktop,9683,20.0,95,1140,8.33,2026-06-28 21:25:00
KP012317,KW11682,2026-06-29,DE,Mobile,965,46.0,17,322,5.28,2026-06-29 13:08:00
KP012318,KW11829,2026-06-30,JP,Mobile,4581,32.0,15,329,4.56,2026-06-30 14:42:00
KP012319,KW11583,2026-07-01,MX,Mobile,9731,35.0,129,2176,5.93,2026-07-01 02:34:00
KP012320,KW10500,2026-07-02,CA,Desktop,1969,22.0,60,975,6.15,2026-07-02 07:38:00
KP012321,KW11198,2026-07-03,IN,Mobile,41555,42.0,104,2757,3.77,2026-07-03 07:38:00
KP012322,KW11005,2026-07-04,UK,Mobile,2901,2.0,358,1534,23.34,2026-07-04 01:17:00
KP012323,KW11005,2026-07-05,CA,Tablet,775,26.0,16,362,4.42,2026-07-05 12:13:00
KP012324,KW11057,2026-07-06,DE,Desktop,12304,27.0,316,6492,4.87,2026-07-06 20:17:00
KP012325,KW11435,2026-07-07,US,Mobile,14806,30.0,163,2949,5.53,2026-07-07 07:12:00
KP012326,KW10964,2026-07-08,JP,Desktop,2991,44.0,13,343,3.79,2026-07-08 19:31:00
KP012327,KW11393,2026-07-09,JP,Desktop,3482,10.0,46,607,7.58,2026-07-09 23:10:00
KP012328,KW11938,2026-07-10,DE,Desktop,1510,30.0,5,80,6.25,2026-07-10 03:55:00
KP012329,KW10421,2026-07-11,US,Desktop,36906,23.0,394,6744,5.84,2026-07-11 18:04:00
KP012330,KW10513,2026-07-12,JP,Mobile,4029,19.0,88,1318,6.68,2026-07-12 13:29:00
KP012331,KW11983,2026-07-13,IN,Mobile,837,49.0,10,259,3.86,2026-07-13 18:53:00
KP012332,KW10998,2026-07-14,CA,Mobile,3796,32.0,96,1803,5.32,2026-07-14 01:14:00
KP012333,KW10093,2026-07-15,CA,Desktop,227,44.0,2,72,2.78,2026-07-15 11:06:00
KP012334,KW11270,2026-07-16,BR,Tablet,5611,50.0,119,2609,4.56,2026-07-16 11:41:00
KP012335,KW10326,2026-07-17,AU,Mobile,12742,10.0,385,3803,10.12,2026-07-17 01:28:00
KP012336,KW11519,2026-07-18,AU,Desktop,3053,34.0,62,1293,4.8,2026-07-18 04:58:00
KP012337,KW11992,2026-07-19,IN,Mobile,10885,34.0,42,828,5.07,2026-07-19 12:09:00
KP012338,KW11625,2026-07-20,US,Desktop,894,35.0,6,114,5.26,2026-07-20 05:02:00
KP012339,KW11910,2026-07-21,IN,Mobile,7828,25.0,252,3806,6.62,2026-07-21 10:13:00
KP012340,KW11305,2026-07-22,MX,Desktop,1496,2.0,147,533,27.58,2026-07-22 18:08:00
KP012341,KW10036,2026-07-23,US,Mobile,6319,6.0,101,859,11.76,2026-07-23 23:53:00
KP012342,KW11617,2026-07-24,CA,Mobile,7139,6.0,157,1593,9.86,2026-07-24 15:29:00
KP012343,KW11593,2026-07-25,US,Desktop,11144,14.0,387,4286,9.03,2026-07-25 11:42:00
KP012344,KW11593,2026-07-26,MX,Mobile,2097,3.0,61,328,18.6,2026-07-26 12:06:00
KP012345,KW11910,2026-07-27,UK,Mobile,26091,28.0,619,12057,5.13,2026-07-27 15:50:00
KP012346,KW11603,2026-07-28,MX,Desktop,4554,37.0,71,1368,5.19,2026-07-28 09:00:00
KP012347,KW10171,2026-07-29,BR,Desktop,2894,4.0,72,422,17.06,2026-07-29 01:11:00
KP012348,KW10548,2026-07-30,UK,Mobile,3290,38.0,62,1156,5.36,2026-07-30 18:19:00
KP012349,KW11180,2026-07-31,IN,Desktop,5217,34.0,67,1202,5.57,2026-07-31 08:57:00
KP012350,KW11694,2026-08-01,US,Mobile,1125,2.0,156,598,26.09,2026-08-01 07:10:00
KP012351,KW11582,2026-08-02,AU,Mobile,4519,2.0,301,1614,18.65,2026-08-02 02:26:00
KP012352,KW10931,2026-08-03,BR,Mobile,588,43.0,13,252,5.16,2026-08-03 04:02:00
KP012353,KW11184,2026-08-04,JP,Desktop,1580,2.0,118,495,23.84,2026-08-04 23:02:00
KP012354,KW10469,2026-08-05,DE,Mobile,1025,40.0,7,201,3.48,2026-08-05 01:40:00
KP012355,KW11742,2026-08-06,DE,Mobile,3162,46.0,54,1060,5.09,2026-08-06 12:22:00
KP012356,KW11248,2026-08-07,IN,Desktop,6335,44.0,71,1515,4.69,2026-08-07 16:33:00
KP012357,KW11889,2026-08-08,BR,Mobile,3041,44.0,26,694,3.75,2026-08-08 05:32:00
KP012358,KW11837,2026-08-09,JP,Desktop,1062,17.0,9,105,8.57,2026-08-09 12:33:00
KP012359,KW10858,2026-08-10,CA,Desktop,2317,20.0,24,378,6.35,2026-08-10 22:52:00
KP012360,KW10795,2026-08-11,UK,Desktop,198,48.0,0,20,0.0,2026-08-11 19:58:00
KP012361,KW11447,2026-08-12,AU,Mobile,6134,1.0,743,2515,29.54,2026-08-12 15:30:00
KP012362,KW10190,2026-08-13,MX,Mobile,749,47.0,10,216,4.63,2026-08-13 16:36:00
KP012363,KW10809,2026-08-14,FR,Desktop,8671,47.0,176,4672,3.77,2026-08-14 06:03:00
KP012364,KW11538,2026-08-15,IN,Mobile,8543,35.0,182,2985,6.1,2026-08-15 10:31:00
KP012365,KW10838,2026-08-16,AU,Tablet,1602,50.0,4,114,3.51,2026-08-16 18:50:00
KP012366,KW11581,2026-08-17,MX,Mobile,4763,47.0,57,1371,4.16,2026-08-17 01:09:00
KP012367,KW11971,2026-08-18,CA,Desktop,362,38.0,3,85,3.53,2026-08-18 04:16:00
KP012368,KW11790,2026-08-19,DE,Desktop,1492,27.0,33,477,6.92,2026-08-19 14:52:00
KP012369,KW11459,2026-08-20,IN,Mobile,2449,39.0,6,164,3.66,2026-08-20 18:21:00
KP012370,KW10487,2026-08-21,JP,Mobile,3153,48.0,53,1469,3.61,2026-08-21 15:22:00
KP012371,KW10587,2026-08-22,AU,Mobile,13292,13.0,222,3227,6.88,2026-08-22 16:21:00
KP012372,KW10518,2026-08-23,BR,Mobile,1933,34.0,10,277,3.61,2026-08-23 01:44:00
KP012373,KW10911,2026-08-24,FR,Desktop,2283,33.0,61,1199,5.09,2026-08-24 08:50:00
KP012374,KW11757,2026-08-25,CA,Mobile,3566,45.0,72,1366,5.27,2026-08-25 00:52:00
KP012375,KW10426,2026-08-26,UK,Mobile,7554,37.0,143,3261,4.39,2026-08-26 16:38:00
KP012376,KW10663,2026-08-27,MX,Mobile,1039,45.0,19,391,4.86,2026-08-27 21:47:00
KP012377,KW11405,2026-08-28,US,Mobile,3713,8.0,19,195,9.74,2026-08-28 12:19:00
KP012378,KW10290,2026-08-29,AU,Desktop,1967,13.0,27,349,7.74,2026-08-29 00:30:00
KP012379,KW11889,2026-08-30,CA,Desktop,5463,1.0,690,2123,32.5,2026-08-30 04:46:00
KP012380,KW11127,2026-08-31,MX,Desktop,1812,26.0,45,816,5.51,2026-08-31 00:05:00
KP012381,KW10486,2026-09-01,DE,Mobile,6825,14.0,144,2193,6.57,2026-09-01 14:31:00
KP012382,KW10335,2026-09-02,MX,Desktop,3002,48.0,44,887,4.96,2026-09-02 23:23:00
KP012383,KW11694,2026-09-03,JP,Mobile,4097,27.0,41,651,6.3,2026-09-03 01:47:00
KP012384,KW11518,2026-09-04,DE,Mobile,2316,15.0,63,675,9.33,2026-09-04 15:24:00
KP012385,KW10192,2026-09-05,DE,Mobile,574,47.0,6,150,4.0,2026-09-05 21:17:00
KP012386,KW11150,2026-09-06,US,Mobile,3915,27.0,27,432,6.25,2026-09-06 18:22:00
KP012387,KW10821,2026-09-07,CA,Mobile,1293,11.0,7,76,9.21,2026-09-07 08:55:00
KP012388,KW11568,2026-09-08,MX,Mobile,4121,1.0,422,1249,33.79,2026-09-08 15:12:00
KP012389,KW10107,2026-09-09,AU,Mobile,15126,49.0,231,5082,4.55,2026-09-09 01:38:00
KP012390,KW10543,2026-09-10,BR,Mobile,3682,28.0,60,1068,5.62,2026-09-10 13:28:00
KP012391,KW10822,2026-09-11,MX,Desktop,3246,38.0,49,987,4.96,2026-09-11 19:07:00
KP012392,KW10931,2026-09-12,IN,Mobile,1127,48.0,4,119,3.36,2026-09-12 03:01:00
KP012393,KW10470,2026-09-13,IN,Mobile,7653,43.0,56,1246,4.49,2026-09-13 16:41:00
KP012394,KW10449,2026-09-14,IN,Mobile,1078,13.0,38,438,8.68,2026-09-14 04:35:00
KP012395,KW10783,2026-09-15,MX,Desktop,1433,11.0,58,655,8.85,2026-09-15 01:15:00
KP012396,KW10195,2026-09-16,IN,Mobile,2860,16.0,32,411,7.79,2026-09-16 10:25:00
KP012397,KW11618,2026-09-17,IN,Mobile,3290,43.0,29,806,3.6,2026-09-17 09:38:00
KP012398,KW11958,2026-09-18,US,Mobile,8916,13.0,408,4229,9.65,2026-09-18 21:16:00
KP012399,KW10391,2026-09-19,DE,Desktop,6536,5.0,423,2778,15.23,2026-09-19 11:20:00
KP012400,KW10636,2026-09-20,DE,Desktop,8118,9.0,338,2673,12.64,2026-09-20 06:41:00
KP012401,KW11921,2026-09-21,IN,Desktop,4086,15.0,155,1924,8.06,2026-09-21 14:03:00
KP012402,KW11692,2026-09-22,IN,Mobile,5216,29.0,149,2371,6.28,2026-09-22 11:56:00
KP012403,KW10723,2026-09-23,DE,Desktop,1564,40.0,43,822,5.23,2026-09-23 22:00:00
KP012404,KW11148,2026-09-24,JP,Desktop,6349,44.0,66,1603,4.12,2026-09-24 09:58:00
KP012405,KW11423,2026-09-25,IN,Mobile,4020,29.0,24,423,5.67,2026-09-25 20:12:00
KP012406,KW11189,2026-09-26,CA,Mobile,17223,8.0,651,5451,11.94,2026-09-26 01:55:00
KP012407,KW10917,2026-09-27,AU,Mobile,6934,7.0,94,906,10.38,2026-09-27 22:37:00
KP012408,KW10559,2026-09-28,US,Mobile,1856,26.0,17,254,6.69,2026-09-28 03:55:00
KP012409,KW11747,2026-09-29,FR,Mobile,8222,25.0,158,2870,5.51,2026-09-29 20:26:00
KP012410,KW11794,2026-09-30,JP,Mobile,4366,27.0,139,2111,6.58,2026-09-30 18:34:00
KP012654,KW11712,2026-06-01,FR,Desktop,2107,33.0,27,442,6.11,2026-06-01 14:52:00
KP012655,KW11492,2026-06-02,IN,Mobile,3555,19.0,142,1873,7.58,2026-06-02 07:02:00
KP012656,KW11187,2026-06-03,DE,Desktop,2163,49.0,6,213,2.82,2026-06-03 05:28:00
KP012657,KW10059,2026-06-04,MX,Desktop,2427,36.0,24,640,3.75,2026-06-04 05:23:00
KP012658,KW10505,2026-06-05,BR,Desktop,1268,25.0,26,550,4.73,2026-06-05 09:29:00
KP012659,KW10562,2026-06-06,US,Desktop,755,36.0,16,406,3.94,2026-06-06 16:18:00
KP012660,KW10166,2026-06-07,US,Desktop,3059,37.0,77,1628,4.73,2026-06-07 03:01:00
KP012661,KW11231,2026-06-08,MX,Desktop,4323,28.0,17,344,4.94,2026-06-08 02:45:00
KP012662,KW10217,2026-06-09,UK,Desktop,7645,12.0,78,955,8.17,2026-06-09 03:00:00
KP012663,KW11126,2026-06-10,BR,Tablet,13669,5.0,347,3067,11.31,2026-06-10 15:22:00
KP012664,KW11759,2026-06-11,MX,Desktop,11621,33.0,141,3570,3.95,2026-06-11 21:16:00
KP012665,KW10858,2026-06-12,BR,Desktop,4496,27.0,123,2075,5.93,2026-06-12 02:17:00
KP012666,KW11543,2026-06-13,US,Desktop,886,1.0,120,393,30.53,2026-06-13 03:46:00
KP012667,KW11504,2026-06-14,DE,Mobile,2280,25.0,43,938,4.58,2026-06-14 14:26:00
KP012668,KW11217,2026-06-15,UK,Mobile,479,21.0,3,52,5.77,2026-06-15 08:56:00
KP012669,KW11797,2026-06-16,IN,Desktop,461,39.0,8,199,4.02,2026-06-16 15:40:00
KP012670,KW10209,2026-06-17,FR,Desktop,3746,49.0,52,1047,4.97,2026-06-17 08:58:00
KP012671,KW10494,2026-06-18,BR,Desktop,1174,5.0,20,127,15.75,2026-06-18 13:41:00
KP012672,KW11394,2026-06-19,FR,Mobile,6092,38.0,84,1984,4.23,2026-06-19 12:48:00
KP012673,KW10885,2026-06-20,UK,Mobile,2468,22.0,30,433,6.93,2026-06-20 04:35:00
KP012674,KW10711,2026-06-21,JP,Desktop,2892,17.0,29,453,6.4,2026-06-21 02:11:00
KP012675,KW10299,2026-06-22,AU,Desktop,16364,14.0,517,6649,7.78,2026-06-22 21:30:00
KP012676,KW10186,2026-06-23,BR,Mobile,9999,36.0,196,4290,4.57,2026-06-23 13:52:00
KP012677,KW10555,2026-06-24,US,Mobile,2726,7.0,77,549,14.03,2026-06-24 09:26:00
KP012678,KW11222,2026-06-25,BR,Desktop,2727,50.0,58,1347,4.31,2026-06-25 21:12:00
KP012679,KW10589,2026-06-26,IN,Mobile,1545,42.0,3,88,3.41,2026-06-26 09:00:00
KP012680,KW11429,2026-06-27,BR,Desktop,5443,42.0,57,1084,5.26,2026-06-27 12:35:00
KP012681,KW11297,2026-06-28,BR,Mobile,10306,25.0,171,3611,4.74,2026-06-28 04:13:00
KP012682,KW10878,2026-06-29,JP,Mobile,978,24.0,14,219,6.39,2026-06-29 00:32:00
KP012683,KW10998,2026-06-30,CA,Mobile,3062,44.0,31,883,3.51,2026-06-30 22:53:00
KP012684,KW11477,2026-07-01,AU,Desktop,2296,13.0,53,785,6.75,2026-07-01 08:26:00
KP012685,KW11476,2026-07-02,IN,Desktop,3736,22.0,53,997,5.32,2026-07-02 20:08:00
KP012686,KW11454,2026-07-03,AU,Desktop,1514,31.0,42,657,6.39,2026-07-03 00:50:00
KP012687,KW11813,2026-07-04,JP,Mobile,437,29.0,12,212,5.66,2026-07-04 23:08:00
KP012688,KW11197,2026-07-05,AU,Desktop,5218,28.0,161,2782,5.79,2026-07-05 19:19:00
KP012689,KW11642,2026-07-06,AU,Desktop,6105,18.0,102,1177,8.67,2026-07-06 00:25:00
KP012690,KW10804,2026-07-07,DE,Desktop,992,2.0,129,528,24.43,2026-07-07 18:32:00
KP012691,KW11264,2026-07-08,AU,Mobile,1359,30.0,31,553,5.61,2026-07-08 16:25:00
KP012692,KW10352,2026-07-09,AU,Mobile,1712,9.0,36,376,9.57,2026-07-09 14:50:00
KP012693,KW10486,2026-07-10,FR,Mobile,13920,1.0,1562,4463,35.0,2026-07-10 02:52:00
KP012694,KW10308,2026-07-11,US,Desktop,757,23.0,14,197,7.11,2026-07-11 07:54:00
KP012695,KW10874,2026-07-12,FR,Desktop,6024,20.0,134,2383,5.62,2026-07-12 02:10:00
KP012696,KW11985,2026-07-13,UK,Desktop,2424,44.0,20,549,3.64,2026-07-13 20:43:00
KP012697,KW10905,2026-07-14,DE,Desktop,1989,9.0,65,672,9.67,2026-07-14 07:45:00
KP012698,KW11469,2026-07-15,BR,Mobile,2162,45.0,8,180,4.44,2026-07-15 16:59:00
KP012699,KW10386,2026-07-16,FR,Tablet,2868,35.0,16,270,5.93,2026-07-16 17:35:00
KP012700,KW10057,2026-07-17,US,Desktop,4596,45.0,46,1244,3.7,2026-07-17 00:03:00
KP012701,KW11970,2026-07-18,DE,Mobile,3980,9.0,241,1969,12.24,2026-07-18 17:59:00
KP012702,KW10723,2026-07-19,JP,Desktop,4758,4.0,185,1060,17.45,2026-07-19 00:07:00
KP012703,KW11846,2026-07-20,BR,Desktop,3858,48.0,49,1345,3.64,2026-07-20 23:42:00
KP012704,KW10641,2026-07-21,IN,Desktop,1951,20.0,63,1031,6.11,2026-07-21 06:55:00
KP012705,KW11061,2026-07-22,DE,Mobile,2474,1.0,161,499,32.26,2026-07-22 09:46:00
KP012706,KW11068,2026-07-23,IN,Desktop,24283,34.0,597,10729,5.56,2026-07-23 03:13:00
KP012707,KW11722,2026-07-24,JP,Tablet,2082,6.0,154,1020,15.1,2026-07-24 00:29:00
KP012708,KW11713,2026-07-25,US,Mobile,7284,48.0,134,3369,3.98,2026-07-25 01:52:00
KP012709,KW11209,2026-07-26,DE,Mobile,3049,39.0,55,959,5.74,2026-07-26 07:26:00
KP012710,KW10040,2026-07-27,CA,Mobile,15104,6.0,334,2263,14.76,2026-07-27 00:04:00
KP012711,KW11288,2026-07-28,BR,Desktop,903,18.0,24,342,7.02,2026-07-28 07:56:00
KP012712,KW10576,2026-07-29,CA,Desktop,12259,15.0,355,4826,7.36,2026-07-29 16:39:00
KP012713,KW11676,2026-07-30,JP,Desktop,4336,6.0,349,2357,14.81,2026-07-30 15:40:00
KP012714,KW11128,2026-07-31,AU,Desktop,1311,22.0,6,108,5.56,2026-07-31 07:12:00
KP012715,KW11816,2026-08-01,CA,Mobile,5008,33.0,59,1002,5.89,2026-08-01 16:57:00
KP012716,KW10589,2026-08-02,AU,Desktop,9602,25.0,140,2472,5.66,2026-08-02 12:07:00
KP012717,KW10920,2026-08-03,IN,Desktop,2442,10.0,69,711,9.7,2026-08-03 01:30:00
KP012718,KW11399,2026-08-04,BR,Desktop,1847,6.0,82,783,10.47,2026-08-04 14:35:00
KP012719,KW10295,2026-08-05,MX,Desktop,1524,21.0,40,507,7.89,2026-08-05 06:52:00
KP012720,KW11465,2026-08-06,JP,Mobile,476,46.0,4,143,2.8,2026-08-06 04:39:00
KP012721,KW10743,2026-08-07,US,Mobile,15126,4.0,845,5524,15.3,2026-08-07 03:14:00
KP012722,KW11639,2026-08-08,IN,Desktop,2266,50.0,44,1007,4.37,2026-08-08 01:18:00
KP012723,KW11085,2026-08-09,DE,Mobile,1513,32.0,21,342,6.14,2026-08-09 20:39:00
KP012724,KW11429,2026-08-10,DE,Mobile,3109,47.0,7,181,3.87,2026-08-10 23:07:00
KP012725,KW10555,2026-08-11,BR,Desktop,6287,31.0,58,917,6.32,2026-08-11 14:50:00
KP012726,KW10618,2026-08-12,JP,Desktop,8741,20.0,190,3245,5.86,2026-08-12 02:43:00
KP012727,KW11347,2026-08-13,UK,Desktop,65194,1.0,6310,21827,28.91,2026-08-13 17:53:00
KP012728,KW10461,2026-08-14,JP,Mobile,7076,21.0,187,2891,6.47,2026-08-14 15:06:00
KP012729,KW10879,2026-08-15,JP,Mobile,1197,44.0,16,296,5.41,2026-08-15 13:45:00
KP012730,KW10823,2026-08-16,BR,Tablet,743,50.0,1,40,2.5,2026-08-16 03:27:00
KP012731,KW10423,2026-08-17,JP,Desktop,2163,20.0,9,130,6.92,2026-08-17 07:46:00
KP012732,KW10208,2026-08-18,AU,Mobile,5005,34.0,38,993,3.83,2026-08-18 09:30:00
KP012733,KW11716,2026-08-19,AU,Desktop,7444,29.0,52,1050,4.95,2026-08-19 01:54:00
KP012734,KW11858,2026-08-20,IN,Mobile,4044,9.0,239,1866,12.81,2026-08-20 08:38:00
KP012735,KW10792,2026-08-21,FR,Mobile,2549,44.0,15,430,3.49,2026-08-21 02:08:00
KP012736,KW10067,2026-08-22,BR,Mobile,2622,33.0,66,1378,4.79,2026-08-22 21:22:00
KP012737,KW11149,2026-08-23,BR,Desktop,5959,30.0,84,1696,4.95,2026-08-23 00:23:00
KP012738,KW10479,2026-08-24,UK,Mobile,3195,32.0,46,810,5.68,2026-08-24 20:38:00
KP012739,KW10870,2026-08-25,MX,Desktop,2565,26.0,32,451,7.1,2026-08-25 03:00:00
KP012740,KW10912,2026-08-26,US,Desktop,2283,36.0,42,887,4.74,2026-08-26 21:40:00
KP012741,KW11402,2026-08-27,AU,Desktop,1588,35.0,5,141,3.55,2026-08-27 22:15:00
KP012742,KW11510,2026-08-28,AU,Desktop,2139,30.0,29,582,4.98,2026-08-28 21:51:00
KP012743,KW10012,2026-08-29,AU,Desktop,10956,12.0,311,4025,7.73,2026-08-29 08:10:00
KP012744,KW10237,2026-08-30,BR,Mobile,1180,3.0,31,205,15.12,2026-08-30 00:13:00
KP012745,KW10689,2026-08-31,AU,Mobile,1478,38.0,21,381,5.51,2026-08-31 18:23:00
KP012746,KW10133,2026-09-01,JP,Desktop,1075,2.0,30,154,19.48,2026-09-01 02:15:00
KP012747,KW11758,2026-09-02,IN,Mobile,10547,39.0,248,5442,4.56,2026-09-02 22:57:00
KP012748,KW11811,2026-09-03,MX,Tablet,2662,15.0,67,765,8.76,2026-09-03 14:23:00
KP012749,KW10604,2026-09-04,IN,Desktop,1959,31.0,30,480,6.25,2026-09-04 22:46:00
KP012750,KW10268,2026-09-05,UK,Desktop,4140,48.0,74,2051,3.61,2026-09-05 02:49:00
KP012751,KW10976,2026-09-06,MX,Desktop,3605,22.0,120,1608,7.46,2026-09-06 21:00:00
KP012752,KW11096,2026-09-07,IN,Mobile,1565,27.0,38,623,6.1,2026-09-07 21:39:00
KP012753,KW10613,2026-09-08,UK,Desktop,6035,50.0,116,2521,4.6,2026-09-08 00:36:00
KP012754,KW10822,2026-09-09,DE,Desktop,958,9.0,24,260,9.23,2026-09-09 10:36:00
KP012755,KW11686,2026-09-10,FR,Desktop,5335,3.0,322,1596,20.18,2026-09-10 06:46:00
KP012756,KW10591,2026-09-11,CA,Mobile,2076,4.0,42,276,15.22,2026-09-11 06:18:00
KP012757,KW11553,2026-09-12,DE,Desktop,3557,46.0,41,955,4.29,2026-09-12 06:01:00
KP012758,KW11188,2026-09-13,MX,Mobile,1538,37.0,32,630,5.08,2026-09-13 07:34:00
KP012759,KW11121,2026-09-14,DE,Mobile,2319,26.0,81,1199,6.76,2026-09-14 08:43:00
KP012760,KW11797,2026-09-15,JP,Mobile,2255,3.0,132,668,19.76,2026-09-15 05:23:00
KP012761,KW10255,2026-09-16,US,Desktop,1785,39.0,26,676,3.85,2026-09-16 14:11:00
KP012762,KW10984,2026-09-17,JP,Desktop,3758,46.0,86,1727,4.98,2026-09-17 02:19:00
KP012763,KW10409,2026-09-18,BR,Desktop,2839,2.0,226,988,22.87,2026-09-18 08:23:00
KP012764,KW11107,2026-09-19,AU,Mobile,1254,38.0,18,384,4.69,2026-09-19 14:55:00
KP012765,KW11032,2026-09-20,JP,Mobile,1992,16.0,88,978,9.0,2026-09-20 05:22:00
KP012766,KW11929,2026-09-21,BR,Tablet,8889,45.0,198,4695,4.22,2026-09-21 06:02:00
KP012767,KW11969,2026-09-22,JP,Desktop,839,24.0,24,393,6.11,2026-09-22 15:07:00
KP012768,KW10581,2026-09-23,MX,Desktop,1750,12.0,61,715,8.53,2026-09-23 07:59:00
KP012769,KW11222,2026-09-24,US,Desktop,3133,16.0,139,1703,8.16,2026-09-24 03:41:00
KP012770,KW11921,2026-09-25,AU,Desktop,2545,10.0,61,532,11.47,2026-09-25 06:51:00
KP012771,KW10013,2026-09-26,MX,Desktop,1496,43.0,21,418,5.02,2026-09-26 22:59:00
KP012772,KW10722,2026-09-27,US,Mobile,2698,29.0,21,510,4.12,2026-09-27 21:19:00
KP012773,KW10149,2026-09-28,IN,Desktop,5863,11.0,216,2154,10.03,2026-09-28 21:43:00
KP012774,KW10550,2026-09-29,MX,Mobile,2325,43.0,51,1267,4.03,2026-09-29 22:05:00
KP012775,KW10318,2026-09-30,IN,Desktop,6744,3.0,497,2724,18.25,2026-09-30 08:33:00
KP013019,KW10351,2026-06-01,IN,Desktop,1306,42.0,19,420,4.52,2026-06-01 09:19:00
KP013020,KW11621,2026-06-02,FR,Mobile,3581,20.0,109,1640,6.65,2026-06-02 14:17:00
KP013021,KW10365,2026-06-03,US,Desktop,2566,29.0,89,1369,6.5,2026-06-03 12:14:00
KP013022,KW10415,2026-06-04,AU,Mobile,6081,16.0,29,342,8.48,2026-06-04 03:16:00
KP013023,KW11917,2026-06-05,JP,Desktop,4680,43.0,29,722,4.02,2026-06-05 18:34:00
KP013024,KW10404,2026-06-06,FR,Desktop,3476,32.0,93,1646,5.65,2026-06-06 12:46:00
KP013025,KW11837,2026-06-07,DE,Mobile,6236,20.0,111,2186,5.08,2026-06-07 11:45:00
KP013026,KW10263,2026-06-08,MX,Desktop,2584,27.0,88,1309,6.72,2026-06-08 22:53:00
KP013027,KW11239,2026-06-09,FR,Desktop,629,2.0,83,292,28.42,2026-06-09 22:54:00
KP013028,KW11548,2026-06-10,FR,Desktop,1894,46.0,32,730,4.38,2026-06-10 05:57:00
KP013029,KW10889,2026-06-11,MX,Desktop,5048,27.0,74,1592,4.65,2026-06-11 17:13:00
KP013030,KW11883,2026-06-12,US,Mobile,4384,12.0,89,1030,8.64,2026-06-12 03:59:00
KP013031,KW10563,2026-06-13,DE,Mobile,2371,17.0,69,782,8.82,2026-06-13 03:45:00
KP013032,KW11818,2026-06-14,FR,Tablet,2821,2.0,246,1332,18.47,2026-06-14 04:38:00
KP013033,KW10154,2026-06-15,BR,Desktop,4700,5.0,109,885,12.32,2026-06-15 07:25:00
KP013034,KW11410,2026-06-16,JP,Desktop,6724,2.0,129,671,19.23,2026-06-16 22:42:00
KP013035,KW11426,2026-06-17,IN,Desktop,3326,39.0,35,689,5.08,2026-06-17 05:40:00
KP013036,KW10396,2026-06-18,MX,Mobile,389,33.0,0,23,0.0,2026-06-18 17:08:00
KP013037,KW10592,2026-06-19,FR,Mobile,2109,24.0,29,426,6.81,2026-06-19 06:59:00
KP013038,KW11487,2026-06-20,MX,Desktop,8819,43.0,92,2613,3.52,2026-06-20 13:26:00
KP013039,KW10350,2026-06-21,DE,Tablet,1583,24.0,19,346,5.49,2026-06-21 06:55:00
KP013040,KW10577,2026-06-22,MX,Desktop,3801,19.0,38,568,6.69,2026-06-22 02:51:00
KP013041,KW11081,2026-06-23,MX,Mobile,10511,27.0,37,537,6.89,2026-06-23 13:31:00
KP013042,KW10111,2026-06-24,FR,Desktop,1920,40.0,3,104,2.88,2026-06-24 17:40:00
KP013043,KW10753,2026-06-25,MX,Desktop,3735,9.0,100,1224,8.17,2026-06-25 11:55:00
KP013044,KW10081,2026-06-26,DE,Mobile,9584,50.0,47,1081,4.35,2026-06-26 04:27:00
KP013045,KW11787,2026-06-27,CA,Mobile,4276,6.0,73,457,15.97,2026-06-27 15:29:00
KP013046,KW11403,2026-06-28,IN,Desktop,2256,20.0,59,985,5.99,2026-06-28 15:32:00
KP013047,KW10685,2026-06-29,BR,Mobile,3205,18.0,53,753,7.04,2026-06-29 17:51:00
KP013048,KW11423,2026-06-30,BR,Desktop,19034,21.0,293,3941,7.43,2026-06-30 19:02:00
KP013049,KW11624,2026-07-01,DE,Desktop,1537,6.0,39,261,14.94,2026-07-01 21:42:00
KP013050,KW11394,2026-07-02,MX,Mobile,4197,10.0,96,1056,9.09,2026-07-02 10:33:00
KP013051,KW10237,2026-07-03,IN,Desktop,1425,38.0,27,727,3.71,2026-07-03 21:55:00
KP013052,KW11172,2026-07-04,FR,Mobile,3089,31.0,36,594,6.06,2026-07-04 15:14:00
KP013053,KW11558,2026-07-05,FR,Mobile,2789,48.0,26,698,3.72,2026-07-05 06:31:00
KP013054,KW11059,2026-07-06,JP,Desktop,1349,42.0,13,247,5.26,2026-07-06 19:47:00
KP013055,KW10399,2026-07-07,DE,Mobile,2276,3.0,110,626,17.57,2026-07-07 17:26:00
KP013056,KW11146,2026-07-08,DE,Desktop,3762,25.0,13,198,6.57,2026-07-08 23:47:00
KP013057,KW10182,2026-07-09,US,Desktop,5133,4.0,162,1117,14.5,2026-07-09 06:18:00
KP013058,KW11572,2026-07-10,BR,Mobile,3945,47.0,78,1761,4.43,2026-07-10 06:44:00
KP013059,KW11263,2026-07-11,FR,Tablet,981,36.0,25,517,4.84,2026-07-11 18:11:00
KP013060,KW10236,2026-07-12,CA,Mobile,3327,47.0,20,630,3.17,2026-07-12 16:31:00
KP013061,KW11500,2026-07-13,IN,Desktop,3489,27.0,75,1382,5.43,2026-07-13 16:17:00
KP013062,KW10396,2026-07-14,FR,Mobile,1918,50.0,35,850,4.12,2026-07-14 16:54:00
KP013063,KW10755,2026-07-15,IN,Desktop,2495,49.0,41,814,5.04,2026-07-15 18:42:00
KP013064,KW10460,2026-07-16,CA,Mobile,19785,17.0,445,5890,7.56,2026-07-16 23:09:00
KP013065,KW11655,2026-07-17,CA,Desktop,3815,24.0,43,581,7.4,2026-07-17 19:41:00
KP013066,KW11188,2026-07-18,JP,Desktop,4066,17.0,36,659,5.46,2026-07-18 08:26:00
KP013067,KW10958,2026-07-19,DE,Tablet,4322,43.0,67,1991,3.37,2026-07-19 22:44:00
KP013068,KW11019,2026-07-20,MX,Mobile,12782,40.0,145,3041,4.77,2026-07-20 17:30:00
KP013069,KW10670,2026-07-21,AU,Desktop,348,37.0,1,32,3.12,2026-07-21 18:29:00
KP013070,KW10592,2026-07-22,IN,Mobile,438,6.0,37,234,15.81,2026-07-22 16:30:00
KP013071,KW10182,2026-07-23,UK,Mobile,7267,3.0,804,3471,23.16,2026-07-23 16:33:00
KP013072,KW10391,2026-07-24,US,Desktop,1611,26.0,44,691,6.37,2026-07-24 15:37:00
KP013073,KW10191,2026-07-25,US,Mobile,10364,19.0,194,3322,5.84,2026-07-25 01:56:00
KP013074,KW10816,2026-07-26,BR,Desktop,4253,10.0,157,1298,12.1,2026-07-26 11:17:00
KP013075,KW11486,2026-07-27,CA,Desktop,337,12.0,16,160,10.0,2026-07-27 14:24:00
KP013076,KW10007,2026-07-28,UK,Mobile,3112,18.0,38,569,6.68,2026-07-28 04:13:00
KP013077,KW10361,2026-07-29,JP,Mobile,4816,9.0,171,2088,8.19,2026-07-29 05:58:00
KP013078,KW11670,2026-07-30,FR,Desktop,2684,41.0,68,1446,4.7,2026-07-30 00:49:00
KP013079,KW10178,2026-07-31,UK,Mobile,4104,4.0,280,2225,12.58,2026-07-31 21:11:00
KP013080,KW11920,2026-08-01,BR,Mobile,3974,2.0,304,1411,21.55,2026-08-01 17:53:00
KP013081,KW10803,2026-08-02,IN,Mobile,660,39.0,5,100,5.0,2026-08-02 04:05:00
KP013082,KW11749,2026-08-03,US,Desktop,8328,3.0,646,3322,19.45,2026-08-03 04:32:00
KP013083,KW10698,2026-08-04,DE,Mobile,13798,29.0,136,2569,5.29,2026-08-04 10:45:00
KP013084,KW10325,2026-08-05,CA,Desktop,9020,2.0,989,4360,22.68,2026-08-05 18:51:00
KP013085,KW10830,2026-08-06,CA,Mobile,527,7.0,4,48,8.33,2026-08-06 12:59:00
KP013086,KW10015,2026-08-07,IN,Mobile,1663,32.0,8,131,6.11,2026-08-07 01:54:00
KP013087,KW11170,2026-08-08,FR,Mobile,1894,4.0,167,1024,16.31,2026-08-08 02:15:00
KP013088,KW11592,2026-08-09,AU,Mobile,2632,7.0,152,1170,12.99,2026-08-09 07:31:00
KP013089,KW10332,2026-08-10,JP,Desktop,635,38.0,2,61,3.28,2026-08-10 04:22:00
KP013090,KW10170,2026-08-11,BR,Mobile,1210,33.0,4,65,6.15,2026-08-11 16:07:00
KP013091,KW11241,2026-08-12,UK,Mobile,9171,37.0,191,3512,5.44,2026-08-12 22:14:00
KP013092,KW11800,2026-08-13,AU,Mobile,7696,17.0,207,2921,7.09,2026-08-13 10:32:00
KP013093,KW11112,2026-08-14,CA,Mobile,4199,14.0,116,1317,8.81,2026-08-14 00:47:00
KP013094,KW10770,2026-08-15,IN,Tablet,3675,31.0,15,262,5.73,2026-08-15 03:59:00
KP013095,KW10078,2026-08-16,UK,Mobile,5429,21.0,135,1677,8.05,2026-08-16 10:05:00
KP013096,KW10804,2026-08-17,DE,Desktop,7691,30.0,117,2815,4.16,2026-08-17 12:30:00
KP013097,KW11446,2026-08-18,IN,Mobile,7465,18.0,148,1774,8.34,2026-08-18 23:28:00
KP013098,KW10038,2026-08-19,UK,Mobile,1862,18.0,29,369,7.86,2026-08-19 00:51:00
KP013099,KW10763,2026-08-20,FR,Desktop,5028,43.0,46,898,5.12,2026-08-20 20:22:00
KP013100,KW10984,2026-08-21,MX,Desktop,1718,16.0,15,243,6.17,2026-08-21 22:09:00
KP013101,KW10424,2026-08-22,DE,Mobile,1089,5.0,56,429,13.05,2026-08-22 15:42:00
KP013102,KW11100,2026-08-23,UK,Desktop,953,18.0,42,512,8.2,2026-08-23 07:49:00
KP013103,KW11871,2026-08-24,DE,Tablet,1032,11.0,6,81,7.41,2026-08-24 08:14:00
KP013104,KW11929,2026-08-25,DE,Mobile,1224,6.0,15,153,9.8,2026-08-25 04:27:00
KP013105,KW11860,2026-08-26,JP,Tablet,22516,27.0,113,1750,6.46,2026-08-26 11:14:00
KP013106,KW11335,2026-08-27,MX,Desktop,3126,18.0,15,288,5.21,2026-08-27 18:47:00
KP013107,KW10336,2026-08-28,AU,Desktop,1136,12.0,30,287,10.45,2026-08-28 11:55:00
KP013108,KW10858,2026-08-29,CA,Mobile,6872,1.0,1101,3148,34.97,2026-08-29 01:16:00
KP013109,KW11381,2026-08-30,UK,Mobile,4802,31.0,21,366,5.74,2026-08-30 00:03:00
KP013110,KW11588,2026-08-31,IN,Mobile,2742,21.0,49,786,6.23,2026-08-31 11:23:00
KP013111,KW11981,2026-09-01,US,Mobile,4298,37.0,90,2362,3.81,2026-09-01 05:47:00
KP013112,KW10930,2026-09-02,DE,Desktop,4073,44.0,20,509,3.93,2026-09-02 04:59:00
KP013113,KW11144,2026-09-03,BR,Mobile,8366,26.0,205,3045,6.73,2026-09-03 09:44:00
KP013114,KW11569,2026-09-04,UK,Tablet,3850,48.0,42,840,5.0,2026-09-04 03:36:00
KP013115,KW11794,2026-09-05,FR,Mobile,3581,37.0,20,463,4.32,2026-09-05 13:50:00
KP013116,KW10468,2026-09-06,FR,Mobile,2023,45.0,27,522,5.17,2026-09-06 15:24:00
KP013117,KW11440,2026-09-07,AU,Desktop,1272,6.0,69,606,11.39,2026-09-07 21:55:00
KP013118,KW10958,2026-09-08,AU,Mobile,1791,32.0,8,149,5.37,2026-09-08 17:32:00
KP013119,KW10208,2026-09-09,BR,Mobile,6035,17.0,166,1910,8.69,2026-09-09 18:05:00
KP013120,KW11004,2026-09-10,JP,Tablet,2370,18.0,52,854,6.09,2026-09-10 08:21:00
KP013121,KW11986,2026-09-11,MX,Desktop,4148,2.0,183,968,18.9,2026-09-11 09:34:00
KP013122,KW11124,2026-09-12,IN,Mobile,524,12.0,19,189,10.05,2026-09-12 11:25:00
KP013123,KW11121,2026-09-13,US,Desktop,2274,12.0,34,339,10.03,2026-09-13 07:19:00
KP013124,KW10441,2026-09-14,CA,Desktop,2822,47.0,40,913,4.38,2026-09-14 15:14:00
KP013125,KW10471,2026-09-15,US,Desktop,2109,22.0,18,238,7.56,2026-09-15 01:33:00
KP013126,KW10705,2026-09-16,FR,Mobile,5998,47.0,124,2382,5.21,2026-09-16 12:57:00
KP013127,KW10428,2026-09-17,MX,Mobile,10553,41.0,87,1825,4.77,2026-09-17 19:16:00
KP013128,KW11510,2026-09-18,US,Desktop,6317,30.0,88,1875,4.69,2026-09-18 21:18:00
KP013129,KW10308,2026-09-19,FR,Desktop,902,33.0,8,168,4.76,2026-09-19 14:48:00
KP013130,KW11122,2026-09-20,IN,Mobile,2206,16.0,48,777,6.18,2026-09-20 19:42:00
KP013131,KW10511,2026-09-21,JP,Desktop,156,11.0,3,47,6.38,2026-09-21 09:57:00
KP013132,KW11764,2026-09-22,BR,Desktop,1491,9.0,11,90,12.22,2026-09-22 23:41:00
KP013133,KW11532,2026-09-23,US,Mobile,1715,8.0,99,748,13.24,2026-09-23 05:43:00
KP013134,KW11040,2026-09-24,US,Desktop,2664,12.0,99,904,10.95,2026-09-24 03:57:00
KP013135,KW10879,2026-09-25,FR,Desktop,2011,40.0,19,384,4.95,2026-09-25 00:53:00
KP013136,KW11085,2026-09-26,FR,Desktop,2658,23.0,39,738,5.28,2026-09-26 03:05:00
KP013137,KW10539,2026-09-27,AU,Mobile,6267,1.0,183,524,34.92,2026-09-27 07:14:00
KP013138,KW11322,2026-09-28,IN,Mobile,474,39.0,2,81,2.47,2026-09-28 08:18:00
KP013139,KW10166,2026-09-29,FR,Mobile,3848,28.0,90,1336,6.74,2026-09-29 18:02:00
KP013140,KW10200,2026-09-30,IN,Desktop,442,26.0,5,98,5.1,2026-09-30 10:47:00
KP013384,KW10595,2026-06-01,MX,Desktop,4525,41.0,86,1551,5.54,2026-06-01 18:02:00
KP013385,KW10977,2026-06-02,MX,Desktop,2221,14.0,17,186,9.14,2026-06-02 08:19:00
KP013386,KW10589,2026-06-03,US,Desktop,2222,23.0,28,386,7.25,2026-06-03 22:04:00
KP013387,KW10894,2026-06-04,JP,Mobile,11365,18.0,120,1879,6.39,2026-06-04 23:10:00
KP013388,KW11856,2026-06-05,AU,Desktop,1410,50.0,33,665,4.96,2026-06-05 19:01:00
KP013389,KW10939,2026-06-06,US,Desktop,26365,25.0,93,1598,5.82,2026-06-06 09:01:00
KP013390,KW11348,2026-06-07,FR,Mobile,8413,35.0,212,3564,5.95,2026-06-07 03:03:00
KP013391,KW10563,2026-06-08,FR,Desktop,2188,10.0,17,222,7.66,2026-06-08 23:13:00
KP013392,KW11258,2026-06-09,MX,Desktop,6314,4.0,626,3409,18.36,2026-06-09 23:33:00
KP013393,KW10834,2026-06-10,DE,Desktop,553,18.0,6,99,6.06,2026-06-10 22:28:00
KP013394,KW10733,2026-06-11,FR,Mobile,6595,28.0,61,1426,4.28,2026-06-11 19:09:00
KP013395,KW11417,2026-06-12,JP,Mobile,2544,14.0,109,1360,8.01,2026-06-12 17:05:00
KP013396,KW10676,2026-06-13,UK,Mobile,4002,35.0,30,690,4.35,2026-06-13 07:09:00
KP013397,KW11551,2026-06-14,DE,Desktop,1490,7.0,89,761,11.7,2026-06-14 20:44:00
KP013398,KW11008,2026-06-15,FR,Desktop,7609,10.0,269,3485,7.72,2026-06-15 09:48:00
KP013399,KW11321,2026-06-16,UK,Desktop,3090,8.0,177,1357,13.04,2026-06-16 01:58:00
KP013400,KW11436,2026-06-17,US,Mobile,11311,10.0,535,4888,10.95,2026-06-17 20:17:00
KP013401,KW11488,2026-06-18,BR,Desktop,9552,8.0,385,3859,9.98,2026-06-18 23:19:00
KP013402,KW11542,2026-06-19,DE,Mobile,9684,34.0,240,4774,5.03,2026-06-19 22:55:00
KP013403,KW11477,2026-06-20,IN,Tablet,4248,14.0,112,1658,6.76,2026-06-20 19:04:00
KP013404,KW11621,2026-06-21,BR,Mobile,9798,28.0,170,3120,5.45,2026-06-21 08:33:00
KP013405,KW10057,2026-06-22,FR,Mobile,12967,4.0,949,6671,14.23,2026-06-22 13:27:00
KP013406,KW10690,2026-06-23,US,Mobile,3124,3.0,206,1277,16.13,2026-06-23 12:18:00
KP013407,KW11407,2026-06-24,IN,Mobile,3946,23.0,116,1758,6.6,2026-06-24 13:36:00
KP013408,KW11760,2026-06-25,FR,Desktop,5681,2.0,587,2942,19.95,2026-06-25 00:40:00
KP013409,KW11258,2026-06-26,UK,Desktop,1379,46.0,26,508,5.12,2026-06-26 02:09:00
KP013410,KW11482,2026-06-27,MX,Desktop,1946,5.0,61,387,15.76,2026-06-27 11:34:00
KP013411,KW11477,2026-06-28,UK,Desktop,5895,6.0,186,1207,15.41,2026-06-28 23:28:00
KP013412,KW11724,2026-06-29,IN,Desktop,1246,32.0,31,609,5.09,2026-06-29 03:53:00
KP013413,KW11995,2026-06-30,IN,Mobile,14962,15.0,565,6787,8.32,2026-06-30 00:30:00
KP013414,KW11746,2026-07-01,DE,Mobile,736,36.0,14,353,3.97,2026-07-01 11:46:00
KP013415,KW11168,2026-07-02,UK,Mobile,693,29.0,3,53,5.66,2026-07-02 00:59:00
KP013416,KW11283,2026-07-03,BR,Desktop,2522,15.0,15,208,7.21,2026-07-03 05:29:00
KP013417,KW10855,2026-07-04,FR,Desktop,5612,40.0,14,381,3.67,2026-07-04 04:21:00
KP013418,KW11213,2026-07-05,MX,Desktop,3448,6.0,279,1820,15.33,2026-07-05 10:26:00
KP013419,KW10664,2026-07-06,JP,Desktop,725,18.0,8,94,8.51,2026-07-06 08:58:00
KP013420,KW10615,2026-07-07,MX,Desktop,4015,8.0,118,1348,8.75,2026-07-07 13:05:00
KP013421,KW11724,2026-07-08,MX,Desktop,1318,36.0,10,220,4.55,2026-07-08 17:45:00
KP013422,KW11996,2026-07-09,DE,Desktop,6493,46.0,68,1672,4.07,2026-07-09 18:56:00
KP013423,KW10705,2026-07-10,IN,Desktop,2715,14.0,46,644,7.14,2026-07-10 16:47:00
KP013424,KW11157,2026-07-11,FR,Mobile,16303,48.0,340,7086,4.8,2026-07-11 22:37:00
KP013425,KW11057,2026-07-12,MX,Mobile,1234,14.0,11,115,9.57,2026-07-12 12:07:00
KP013426,KW10664,2026-07-13,US,Desktop,2321,40.0,55,1098,5.01,2026-07-13 12:54:00
KP013427,KW10096,2026-07-14,US,Mobile,5996,22.0,150,2655,5.65,2026-07-14 14:37:00
KP013428,KW11244,2026-07-15,AU,Mobile,7527,23.0,178,2838,6.27,2026-07-15 02:15:00
KP013429,KW10958,2026-07-16,FR,Desktop,6722,5.0,410,3393,12.08,2026-07-16 00:34:00
KP013430,KW11937,2026-07-17,BR,Mobile,1859,6.0,96,726,13.22,2026-07-17 04:31:00
KP013431,KW10058,2026-07-18,MX,Tablet,809,43.0,5,162,3.09,2026-07-18 12:15:00
KP013432,KW10249,2026-07-19,IN,Mobile,317,9.0,12,152,7.89,2026-07-19 00:58:00
KP013433,KW11587,2026-07-20,US,Mobile,4465,2.0,211,1040,20.29,2026-07-20 06:30:00
KP013434,KW10387,2026-07-21,BR,Mobile,4464,3.0,435,1956,22.24,2026-07-21 14:20:00
KP013435,KW11318,2026-07-22,AU,Mobile,1637,37.0,39,810,4.81,2026-07-22 08:07:00
KP013436,KW10777,2026-07-23,UK,Tablet,6561,30.0,228,3590,6.35,2026-07-23 10:39:00
KP013437,KW11005,2026-07-24,MX,Mobile,1373,24.0,24,441,5.44,2026-07-24 01:03:00
KP013438,KW10373,2026-07-25,DE,Desktop,1113,21.0,34,485,7.01,2026-07-25 10:33:00
KP013439,KW11710,2026-07-26,FR,Desktop,5954,48.0,48,1241,3.87,2026-07-26 16:17:00
KP013440,KW10148,2026-07-27,US,Mobile,1913,49.0,22,654,3.36,2026-07-27 12:47:00
KP013441,KW11563,2026-07-28,MX,Desktop,229,1.0,38,125,30.4,2026-07-28 03:46:00
KP013442,KW11357,2026-07-29,FR,Mobile,2695,18.0,102,1380,7.39,2026-07-29 05:43:00
KP013443,KW10399,2026-07-30,JP,Desktop,1478,19.0,16,256,6.25,2026-07-30 18:49:00
KP013444,KW11327,2026-07-31,CA,Desktop,3918,29.0,32,642,4.98,2026-07-31 23:47:00
KP013445,KW11795,2026-08-01,JP,Desktop,2112,7.0,53,499,10.62,2026-08-01 06:23:00
KP013446,KW10781,2026-08-02,BR,Mobile,1212,49.0,8,259,3.09,2026-08-02 14:34:00
KP013447,KW10750,2026-08-03,CA,Mobile,2165,44.0,7,186,3.76,2026-08-03 09:57:00
KP013448,KW10884,2026-08-04,US,Mobile,3124,37.0,66,1541,4.28,2026-08-04 04:32:00
KP013449,KW10889,2026-08-05,US,Mobile,1989,36.0,48,996,4.82,2026-08-05 08:14:00
KP013450,KW11038,2026-08-06,US,Mobile,1410,28.0,4,99,4.04,2026-08-06 03:03:00
KP013451,KW10417,2026-08-07,US,Desktop,1607,50.0,3,96,3.12,2026-08-07 05:38:00
KP013452,KW11286,2026-08-08,US,Desktop,2274,30.0,37,634,5.84,2026-08-08 09:52:00
KP013453,KW10418,2026-08-09,IN,Mobile,5054,26.0,35,609,5.75,2026-08-09 13:51:00
KP013454,KW10458,2026-08-10,UK,Mobile,995,6.0,39,308,12.66,2026-08-10 03:43:00
KP013455,KW11786,2026-08-11,FR,Mobile,2258,40.0,42,778,5.4,2026-08-11 18:45:00
KP013456,KW11306,2026-08-12,IN,Desktop,2509,27.0,32,501,6.39,2026-08-12 17:19:00
KP013457,KW10833,2026-08-13,IN,Desktop,10961,12.0,170,2231,7.62,2026-08-13 19:56:00
KP013458,KW10581,2026-08-14,BR,Desktop,1545,12.0,7,100,7.0,2026-08-14 21:04:00
KP013459,KW11116,2026-08-15,MX,Mobile,966,12.0,7,72,9.72,2026-08-15 23:12:00
KP013460,KW10677,2026-08-16,JP,Mobile,2080,21.0,60,1095,5.48,2026-08-16 18:53:00
KP013461,KW10458,2026-08-17,IN,Mobile,555,3.0,21,126,16.67,2026-08-17 14:03:00
KP013462,KW11779,2026-08-18,US,Mobile,2503,37.0,67,1309,5.12,2026-08-18 00:57:00
KP013463,KW11058,2026-08-19,JP,Mobile,20000,45.0,116,2497,4.65,2026-08-19 21:04:00
KP013464,KW11458,2026-08-20,BR,Desktop,8220,42.0,112,3182,3.52,2026-08-20 07:36:00
KP013465,KW10495,2026-08-21,MX,Mobile,570,47.0,4,85,4.71,2026-08-21 14:12:00
KP013466,KW10772,2026-08-22,DE,Desktop,7339,1.0,740,2115,34.99,2026-08-22 15:50:00
KP013467,KW11600,2026-08-23,AU,Mobile,3096,36.0,49,940,5.21,2026-08-23 09:08:00
KP013468,KW11450,2026-08-24,FR,Desktop,7090,40.0,100,2123,4.71,2026-08-24 10:35:00
KP013469,KW11137,2026-08-25,UK,Mobile,1458,25.0,23,512,4.49,2026-08-25 20:04:00
KP013470,KW10841,2026-08-26,JP,Mobile,983,25.0,16,348,4.6,2026-08-26 02:19:00
KP013471,KW11046,2026-08-27,BR,Desktop,885,36.0,10,249,4.02,2026-08-27 21:18:00
KP013472,KW10553,2026-08-28,US,Mobile,2809,34.0,70,1211,5.78,2026-08-28 16:16:00
KP013473,KW10173,2026-08-29,MX,Desktop,7393,13.0,123,1288,9.55,2026-08-29 18:43:00
KP013474,KW11002,2026-08-30,MX,Desktop,3095,3.0,80,375,21.33,2026-08-30 07:09:00
KP013475,KW11381,2026-08-31,JP,Desktop,820,41.0,8,206,3.88,2026-08-31 12:26:00
KP013476,KW11068,2026-09-01,AU,Mobile,984,40.0,16,359,4.46,2026-09-01 09:48:00
KP013477,KW10494,2026-09-02,MX,Mobile,3740,20.0,44,783,5.62,2026-09-02 00:49:00
KP013478,KW11348,2026-09-03,CA,Desktop,12082,22.0,420,5958,7.05,2026-09-03 09:04:00
KP013479,KW10224,2026-09-04,JP,Mobile,1048,47.0,7,176,3.98,2026-09-04 08:07:00
KP013480,KW10045,2026-09-05,BR,Mobile,2500,27.0,53,870,6.09,2026-09-05 12:37:00
KP013481,KW10567,2026-09-06,UK,Desktop,495,31.0,10,185,5.41,2026-09-06 00:03:00
KP013482,KW10916,2026-09-07,BR,Mobile,15456,17.0,724,7917,9.14,2026-09-07 06:37:00
KP013483,KW10148,2026-09-08,DE,Mobile,4350,22.0,97,1438,6.75,2026-09-08 12:48:00
KP013484,KW11739,2026-09-09,BR,Mobile,5663,13.0,290,2853,10.16,2026-09-09 05:34:00
KP013485,KW10481,2026-09-10,JP,Mobile,2664,5.0,26,169,15.38,2026-09-10 01:13:00
KP013486,KW10272,2026-09-11,AU,Desktop,1784,31.0,38,783,4.85,2026-09-11 12:37:00
KP013487,KW10309,2026-09-12,IN,Mobile,2656,35.0,85,1377,6.17,2026-09-12 14:22:00
KP013488,KW11107,2026-09-13,UK,Mobile,1689,17.0,48,841,5.71,2026-09-13 01:07:00
KP013489,KW11525,2026-09-14,US,Desktop,1458,27.0,19,396,4.8,2026-09-14 10:27:00
KP013490,KW10786,2026-09-15,UK,Mobile,3713,47.0,80,1585,5.05,2026-09-15 23:43:00
KP013491,KW11716,2026-09-16,MX,Tablet,2512,2.0,260,1082,24.03,2026-09-16 02:55:00
KP013492,KW11586,2026-09-17,US,Desktop,1439,12.0,67,623,10.75,2026-09-17 12:02:00
KP013493,KW11758,2026-09-18,MX,Mobile,39443,37.0,476,10858,4.38,2026-09-18 15:13:00
KP013494,KW11651,2026-09-19,BR,Desktop,15858,14.0,310,3877,8.0,2026-09-19 13:19:00
KP013495,KW11711,2026-09-20,JP,Desktop,1635,2.0,55,236,23.31,2026-09-20 02:11:00
KP013496,KW10367,2026-09-21,CA,Mobile,3934,45.0,45,1378,3.27,2026-09-21 02:36:00
KP013497,KW10254,2026-09-22,FR,Mobile,1365,43.0,5,114,4.39,2026-09-22 04:59:00
KP013498,KW11163,2026-09-23,FR,Desktop,4622,26.0,118,1651,7.15,2026-09-23 22:54:00
KP013499,KW10231,2026-09-24,MX,Mobile,2791,30.0,15,287,5.23,2026-09-24 06:13:00
KP013500,KW10746,2026-09-25,UK,Desktop,6816,31.0,41,695,5.9,2026-09-25 07:46:00
KP013501,KW10069,2026-09-26,US,Mobile,3596,41.0,56,1549,3.62,2026-09-26 10:03:00
KP013502,KW11575,2026-09-27,US,Tablet,2450,27.0,36,846,4.26,2026-09-27 02:30:00
KP013503,KW10030,2026-09-28,CA,Mobile,2048,44.0,10,302,3.31,2026-09-28 03:50:00
KP013504,KW11728,2026-09-29,MX,Desktop,1070,1.0,139,399,34.84,2026-09-29 21:05:00
KP013505,KW10191,2026-09-30,MX,Desktop,1833,2.0,231,824,28.03,2026-09-30 15:22:00
KP013749,KW10296,2026-06-01,CA,Mobile,6087,38.0,132,2259,5.84,2026-06-01 01:43:00
KP013750,KW10485,2026-06-02,CA,Mobile,2931,18.0,68,1133,6.0,2026-06-02 00:25:00
KP013751,KW10588,2026-06-03,CA,Desktop,6120,28.0,157,2741,5.73,2026-06-03 04:49:00
KP013752,KW10544,2026-06-04,CA,Mobile,2817,42.0,7,205,3.41,2026-06-04 11:30:00
KP013753,KW10939,2026-06-05,IN,Mobile,2367,29.0,52,798,6.52,2026-06-05 17:20:00
KP013754,KW11748,2026-06-06,DE,Mobile,7553,25.0,76,1071,7.1,2026-06-06 08:54:00
KP013755,KW11294,2026-06-07,DE,Desktop,1361,34.0,9,177,5.08,2026-06-07 23:42:00
KP013756,KW10324,2026-06-08,US,Desktop,2888,23.0,26,469,5.54,2026-06-08 12:17:00
KP013757,KW11525,2026-06-09,US,Mobile,3693,41.0,26,695,3.74,2026-06-09 04:38:00
KP013758,KW11642,2026-06-10,UK,Tablet,3806,29.0,10,192,5.21,2026-06-10 22:44:00
KP013759,KW10327,2026-06-11,AU,Desktop,3126,33.0,25,548,4.56,2026-06-11 16:06:00
KP013760,KW10982,2026-06-12,MX,Mobile,2600,41.0,34,611,5.56,2026-06-12 13:09:00
KP013761,KW11802,2026-06-13,BR,Mobile,2515,42.0,53,1368,3.87,2026-06-13 02:39:00
KP013762,KW10808,2026-06-14,MX,Desktop,11308,48.0,160,3264,4.9,2026-06-14 17:36:00
KP013763,KW11711,2026-06-15,MX,Mobile,13995,48.0,114,3157,3.61,2026-06-15 16:32:00
KP013764,KW10158,2026-06-16,DE,Mobile,5343,49.0,38,765,4.97,2026-06-16 13:04:00
KP013765,KW10457,2026-06-17,DE,Desktop,3278,5.0,96,820,11.71,2026-06-17 09:34:00
KP013766,KW10049,2026-06-18,MX,Desktop,11705,46.0,26,698,3.72,2026-06-18 21:25:00
KP013767,KW11779,2026-06-19,DE,Mobile,7497,12.0,29,379,7.65,2026-06-19 10:31:00
KP013768,KW11024,2026-06-20,JP,Desktop,2306,13.0,73,1119,6.52,2026-06-20 13:01:00
KP013769,KW11253,2026-06-21,BR,Mobile,9548,47.0,173,5165,3.35,2026-06-21 04:09:00
KP013770,KW11157,2026-06-22,BR,Mobile,3983,41.0,62,1169,5.3,2026-06-22 14:08:00
KP013771,KW11513,2026-06-23,IN,Desktop,1125,36.0,7,148,4.73,2026-06-23 04:41:00
KP013772,KW10537,2026-06-24,UK,Mobile,2633,50.0,40,947,4.22,2026-06-24 06:00:00
KP013773,KW10151,2026-06-25,JP,Mobile,5350,24.0,87,1501,5.8,2026-06-25 19:12:00
KP013774,KW10369,2026-06-26,BR,Mobile,4825,31.0,111,2014,5.51,2026-06-26 08:07:00
KP013775,KW11106,2026-06-27,IN,Mobile,1000,50.0,18,429,4.2,2026-06-27 19:31:00
KP013776,KW10005,2026-06-28,JP,Mobile,2477,36.0,7,164,4.27,2026-06-28 01:52:00
KP013777,KW11381,2026-06-29,IN,Desktop,421,31.0,1,30,3.33,2026-06-29 09:06:00
KP013778,KW10300,2026-06-30,MX,Desktop,2518,44.0,38,778,4.88,2026-06-30 11:43:00
KP013779,KW11505,2026-07-01,US,Mobile,4873,49.0,88,2305,3.82,2026-07-01 04:23:00
KP013780,KW11641,2026-07-02,MX,Mobile,3892,41.0,46,884,5.2,2026-07-02 23:23:00
KP013781,KW11147,2026-07-03,UK,Mobile,5367,13.0,78,913,8.54,2026-07-03 17:54:00
KP013782,KW10546,2026-07-04,UK,Mobile,3895,19.0,77,906,8.5,2026-07-04 03:06:00
KP013783,KW11571,2026-07-05,CA,Mobile,2866,23.0,54,980,5.51,2026-07-05 16:00:00
KP013784,KW11669,2026-07-06,US,Mobile,863,32.0,17,293,5.8,2026-07-06 10:30:00
KP013785,KW10619,2026-07-07,IN,Tablet,1496,45.0,14,348,4.02,2026-07-07 16:02:00
KP013786,KW10449,2026-07-08,BR,Mobile,2977,23.0,67,1255,5.34,2026-07-08 21:44:00
KP013787,KW10103,2026-07-09,JP,Mobile,4720,16.0,106,1531,6.92,2026-07-09 19:16:00
KP013788,KW10703,2026-07-10,BR,Desktop,2782,20.0,110,1394,7.89,2026-07-10 09:58:00
KP013789,KW10581,2026-07-11,JP,Desktop,10058,46.0,165,3703,4.46,2026-07-11 12:16:00
KP013790,KW11473,2026-07-12,BR,Mobile,3080,19.0,104,1438,7.23,2026-07-12 17:00:00
KP013791,KW10201,2026-07-13,MX,Mobile,707,20.0,16,232,6.9,2026-07-13 19:36:00
KP013792,KW10958,2026-07-14,UK,Mobile,2398,9.0,151,1239,12.19,2026-07-14 04:30:00
KP013793,KW10881,2026-07-15,UK,Mobile,4285,13.0,41,582,7.04,2026-07-15 11:36:00
KP013794,KW10678,2026-07-16,BR,Mobile,2669,26.0,41,661,6.2,2026-07-16 10:30:00
KP013795,KW11819,2026-07-17,IN,Desktop,2343,8.0,94,758,12.4,2026-07-17 22:48:00
KP013796,KW11650,2026-07-18,UK,Mobile,6382,45.0,99,1969,5.03,2026-07-18 06:17:00
KP013797,KW11755,2026-07-19,UK,Mobile,5181,47.0,38,924,4.11,2026-07-19 03:12:00
KP013798,KW10337,2026-07-20,DE,Mobile,2994,33.0,35,668,5.24,2026-07-20 10:18:00
KP013799,KW11390,2026-07-21,AU,Desktop,3559,9.0,105,916,11.46,2026-07-21 02:36:00
KP013800,KW10053,2026-07-22,FR,Desktop,3987,37.0,28,484,5.79,2026-07-22 21:50:00
KP013801,KW10616,2026-07-23,CA,Desktop,1293,29.0,25,472,5.3,2026-07-23 16:51:00
KP013802,KW11975,2026-07-24,CA,Mobile,8087,23.0,95,1997,4.76,2026-07-24 14:42:00
KP013803,KW10002,2026-07-25,IN,Desktop,530,45.0,2,50,4.0,2026-07-25 11:50:00
KP013804,KW11921,2026-07-26,MX,Desktop,341,48.0,1,42,2.38,2026-07-26 19:32:00
KP013805,KW10312,2026-07-27,UK,Desktop,3776,33.0,117,2042,5.73,2026-07-27 05:56:00
KP013806,KW10580,2026-07-28,US,Mobile,1409,23.0,45,750,6.0,2026-07-28 20:04:00
KP013807,KW10160,2026-07-29,BR,Desktop,1110,29.0,38,576,6.6,2026-07-29 07:49:00
KP013808,KW10620,2026-07-30,AU,Desktop,17200,34.0,270,6701,4.03,2026-07-30 21:22:00
KP013809,KW11733,2026-07-31,IN,Desktop,4843,15.0,115,1257,9.15,2026-07-31 00:00:00
KP013810,KW11885,2026-08-01,BR,Mobile,4809,33.0,61,1538,3.97,2026-08-01 01:01:00
KP013811,KW11768,2026-08-02,CA,Desktop,1114,21.0,39,509,7.66,2026-08-02 17:42:00
KP013812,KW11668,2026-08-03,FR,Mobile,6773,20.0,125,2114,5.91,2026-08-03 16:58:00
KP013813,KW11604,2026-08-04,MX,Mobile,1692,50.0,12,336,3.57,2026-08-04 05:57:00
KP013814,KW11885,2026-08-05,BR,Desktop,1691,7.0,41,292,14.04,2026-08-05 03:39:00
KP013815,KW10588,2026-08-06,IN,Mobile,46179,12.0,1159,11025,10.51,2026-08-06 12:10:00
KP013816,KW11522,2026-08-07,JP,Desktop,288,11.0,5,65,7.69,2026-08-07 02:15:00
KP013817,KW10916,2026-08-08,MX,Mobile,626,8.0,18,161,11.18,2026-08-08 11:56:00
KP013818,KW11524,2026-08-09,US,Desktop,1872,19.0,60,920,6.52,2026-08-09 11:16:00
KP013819,KW11876,2026-08-10,MX,Mobile,996,24.0,35,545,6.42,2026-08-10 03:12:00
KP013820,KW11464,2026-08-11,JP,Desktop,9597,31.0,31,491,6.31,2026-08-11 03:33:00
KP013821,KW11754,2026-08-12,FR,Mobile,2819,3.0,278,1396,19.91,2026-08-12 20:43:00
KP013822,KW10695,2026-08-13,BR,Mobile,291,3.0,5,32,15.62,2026-08-13 22:10:00
KP013823,KW10530,2026-08-14,MX,Desktop,2517,14.0,28,299,9.36,2026-08-14 19:08:00
KP013824,KW10919,2026-08-15,DE,Desktop,366,44.0,3,72,4.17,2026-08-15 21:06:00
KP013825,KW11311,2026-08-16,FR,Desktop,5415,49.0,78,2068,3.77,2026-08-16 01:16:00
KP013826,KW10450,2026-08-17,MX,Desktop,3607,41.0,78,1836,4.25,2026-08-17 02:57:00
KP013827,KW10041,2026-08-18,UK,Mobile,2332,31.0,47,822,5.72,2026-08-18 02:27:00
KP013828,KW10036,2026-08-19,CA,Tablet,4247,37.0,84,1615,5.2,2026-08-19 23:18:00
KP013829,KW11686,2026-08-20,FR,Mobile,2476,18.0,61,1008,6.05,2026-08-20 01:48:00
KP013830,KW11784,2026-08-21,UK,Desktop,775,7.0,18,191,9.42,2026-08-21 17:19:00
KP013831,KW11747,2026-08-22,UK,Mobile,2550,46.0,7,147,4.76,2026-08-22 05:39:00
KP013832,KW11672,2026-08-23,US,Desktop,3971,31.0,95,1620,5.86,2026-08-23 21:25:00
KP013833,KW11658,2026-08-24,DE,Desktop,1638,39.0,27,475,5.68,2026-08-24 20:53:00
KP013834,KW11122,2026-08-25,BR,Mobile,449,11.0,2,38,5.26,2026-08-25 22:14:00
KP013835,KW10023,2026-08-26,JP,Desktop,5732,31.0,116,2026,5.73,2026-08-26 08:13:00
KP013836,KW10449,2026-08-27,MX,Tablet,1535,24.0,11,160,6.88,2026-08-27 23:42:00
KP013837,KW10696,2026-08-28,AU,Mobile,1646,39.0,22,471,4.67,2026-08-28 01:06:00
KP013838,KW10750,2026-08-29,JP,Desktop,854,41.0,16,376,4.26,2026-08-29 04:17:00
KP013839,KW11820,2026-08-30,IN,Desktop,2482,28.0,59,1098,5.37,2026-08-30 11:38:00
KP013840,KW10137,2026-08-31,BR,Desktop,738,35.0,13,322,4.04,2026-08-31 14:37:00
KP013841,KW11983,2026-09-01,CA,Desktop,6975,15.0,251,3184,7.88,2026-09-01 11:27:00
KP013842,KW10820,2026-09-02,AU,Mobile,6668,36.0,50,1064,4.7,2026-09-02 14:46:00
KP013843,KW10010,2026-09-03,FR,Mobile,1777,17.0,33,422,7.82,2026-09-03 01:03:00
KP013844,KW11972,2026-09-04,JP,Mobile,8404,22.0,352,4468,7.88,2026-09-04 11:14:00
KP013845,KW10414,2026-09-05,DE,Mobile,7330,31.0,196,3269,6.0,2026-09-05 14:26:00
KP013846,KW11829,2026-09-06,DE,Desktop,2692,6.0,45,444,10.14,2026-09-06 21:59:00
KP013847,KW11153,2026-09-07,IN,Mobile,2961,16.0,105,1351,7.77,2026-09-07 01:02:00
KP013848,KW10901,2026-09-08,JP,Desktop,3941,32.0,61,1334,4.57,2026-09-08 02:13:00
KP013849,KW10969,2026-09-09,BR,Mobile,9417,38.0,218,4608,4.73,2026-09-09 02:57:00
KP013850,KW10206,2026-09-10,UK,Mobile,1906,50.0,7,225,3.11,2026-09-10 13:07:00
KP013851,KW11410,2026-09-11,IN,Desktop,3079,37.0,45,817,5.51,2026-09-11 00:58:00
KP013852,KW10606,2026-09-12,FR,Desktop,1027,17.0,32,478,6.69,2026-09-12 14:57:00
KP013853,KW10610,2026-09-13,BR,Desktop,918,16.0,10,114,8.77,2026-09-13 10:36:00
KP013854,KW11026,2026-09-14,UK,Desktop,1287,7.0,51,543,9.39,2026-09-14 08:57:00
KP013855,KW11283,2026-09-15,IN,Mobile,6239,26.0,48,1047,4.58,2026-09-15 14:21:00
KP013856,KW11927,2026-09-16,BR,Mobile,765,2.0,8,41,19.51,2026-09-16 16:18:00
KP013857,KW11122,2026-09-17,JP,Mobile,1878,32.0,44,764,5.76,2026-09-17 02:07:00
KP013858,KW10563,2026-09-18,BR,Desktop,3870,34.0,60,1075,5.58,2026-09-18 21:17:00
KP013859,KW11452,2026-09-19,IN,Mobile,3158,44.0,19,367,5.18,2026-09-19 12:47:00
KP013860,KW10816,2026-09-20,CA,Desktop,4162,32.0,73,1455,5.02,2026-09-20 07:48:00
KP013861,KW10183,2026-09-21,CA,Desktop,15577,32.0,131,3135,4.18,2026-09-21 02:12:00
KP013862,KW10219,2026-09-22,JP,Desktop,2429,19.0,34,639,5.32,2026-09-22 23:14:00
KP013863,KW10921,2026-09-23,IN,Desktop,1929,11.0,87,875,9.94,2026-09-23 14:48:00
KP013864,KW10571,2026-09-24,AU,Desktop,3756,34.0,51,974,5.24,2026-09-24 11:41:00
KP013865,KW11856,2026-09-25,CA,Desktop,2705,20.0,46,589,7.81,2026-09-25 01:40:00
KP013866,KW11065,2026-09-26,JP,Mobile,6598,7.0,190,1560,12.18,2026-09-26 22:52:00
KP013867,KW10967,2026-09-27,DE,Mobile,10445,15.0,180,2578,6.98,2026-09-27 00:31:00
KP013868,KW10001,2026-09-28,JP,Tablet,4620,13.0,113,1461,7.73,2026-09-28 23:51:00
KP013869,KW11708,2026-09-29,IN,Desktop,6051,22.0,44,855,5.15,2026-09-29 18:35:00
KP013870,KW11892,2026-09-30,JP,Mobile,561,13.0,17,228,7.46,2026-09-30 21:48:00
KP014114,KW10866,2026-06-01,DE,Desktop,7206,47.0,53,1634,3.24,2026-06-01 11:38:00
KP014115,KW10135,2026-06-02,AU,Mobile,2630,24.0,58,1084,5.35,2026-06-02 12:38:00
KP014116,KW10651,2026-06-03,UK,Desktop,2422,34.0,64,1204,5.32,2026-06-03 05:52:00
KP014117,KW10270,2026-06-04,FR,Mobile,786,30.0,8,141,5.67,2026-06-04 17:58:00
KP014118,KW11147,2026-06-05,CA,Mobile,1562,15.0,11,115,9.57,2026-06-05 14:25:00
KP014119,KW11419,2026-06-06,AU,Mobile,2237,14.0,87,889,9.79,2026-06-06 22:42:00
KP014120,KW10388,2026-06-07,JP,Desktop,16929,37.0,227,5625,4.04,2026-06-07 09:07:00
KP014121,KW11726,2026-06-08,US,Desktop,8261,23.0,105,2051,5.12,2026-06-08 16:01:00
KP014122,KW11710,2026-06-09,UK,Desktop,2576,30.0,77,1396,5.52,2026-06-09 23:25:00
KP014123,KW11866,2026-06-10,DE,Desktop,1983,23.0,45,605,7.44,2026-06-10 09:32:00
KP014124,KW11729,2026-06-11,FR,Mobile,6952,27.0,125,1808,6.91,2026-06-11 06:30:00
KP014125,KW11470,2026-06-12,US,Desktop,1701,25.0,25,359,6.96,2026-06-12 22:35:00
KP014126,KW10666,2026-06-13,MX,Mobile,3115,33.0,72,1568,4.59,2026-06-13 20:35:00
KP014127,KW11511,2026-06-14,UK,Mobile,6737,46.0,100,2936,3.41,2026-06-14 10:23:00
KP014128,KW11955,2026-06-15,FR,Desktop,5879,3.0,310,1978,15.67,2026-06-15 22:42:00
KP014129,KW10919,2026-06-16,US,Desktop,4913,19.0,85,1411,6.02,2026-06-16 23:38:00
KP014130,KW10505,2026-06-17,DE,Mobile,2235,9.0,43,347,12.39,2026-06-17 06:06:00
KP014131,KW10636,2026-06-18,IN,Tablet,7113,22.0,63,1141,5.52,2026-06-18 10:21:00
KP014132,KW10764,2026-06-19,JP,Mobile,6626,49.0,42,885,4.75,2026-06-19 19:39:00
KP014133,KW10451,2026-06-20,US,Mobile,14974,10.0,470,4024,11.68,2026-06-20 19:45:00
KP014134,KW10840,2026-06-21,AU,Mobile,2423,19.0,72,1083,6.65,2026-06-21 05:48:00
KP014135,KW11511,2026-06-22,FR,Mobile,1390,25.0,38,718,5.29,2026-06-22 01:07:00
KP014136,KW11190,2026-06-23,US,Mobile,10828,43.0,127,3081,4.12,2026-06-23 19:38:00
KP014137,KW11868,2026-06-24,IN,Desktop,4067,20.0,24,307,7.82,2026-06-24 18:53:00
KP014138,KW10293,2026-06-25,IN,Desktop,3318,33.0,72,1163,6.19,2026-06-25 04:54:00
KP014139,KW10819,2026-06-26,MX,Desktop,1818,27.0,49,966,5.07,2026-06-26 18:52:00
KP014140,KW11901,2026-06-27,JP,Mobile,1597,28.0,6,103,5.83,2026-06-27 04:24:00
KP014141,KW11735,2026-06-28,FR,Mobile,1837,46.0,6,161,3.73,2026-06-28 10:10:00
KP014142,KW10462,2026-06-29,AU,Desktop,3339,49.0,48,1497,3.21,2026-06-29 13:58:00
KP014143,KW11705,2026-06-30,CA,Mobile,1207,44.0,4,89,4.49,2026-06-30 14:33:00
KP014144,KW10272,2026-07-01,MX,Mobile,6937,3.0,276,1319,20.92,2026-07-01 05:01:00
KP014145,KW11016,2026-07-02,JP,Mobile,2538,33.0,36,875,4.11,2026-07-02 09:40:00
KP014146,KW10423,2026-07-03,DE,Desktop,858,33.0,20,367,5.45,2026-07-03 00:40:00
KP014147,KW10220,2026-07-04,UK,Mobile,3377,2.0,421,1453,28.97,2026-07-04 20:31:00
KP014148,KW11029,2026-07-05,UK,Mobile,1992,49.0,45,979,4.6,2026-07-05 11:03:00
KP014149,KW10763,2026-07-06,FR,Mobile,1071,20.0,25,480,5.21,2026-07-06 08:21:00
KP014150,KW11620,2026-07-07,IN,Desktop,2459,39.0,31,569,5.45,2026-07-07 09:39:00
KP014151,KW10021,2026-07-08,CA,Mobile,1167,42.0,30,569,5.27,2026-07-08 13:59:00
KP014152,KW10833,2026-07-09,UK,Desktop,1235,23.0,31,559,5.55,2026-07-09 02:10:00
KP014153,KW11268,2026-07-10,AU,Mobile,3315,44.0,49,933,5.25,2026-07-10 03:17:00
KP014154,KW10191,2026-07-11,US,Desktop,8687,26.0,106,2095,5.06,2026-07-11 11:53:00
KP014155,KW10524,2026-07-12,BR,Desktop,4691,7.0,206,1647,12.51,2026-07-12 18:41:00
KP014156,KW10385,2026-07-13,MX,Mobile,1519,3.0,21,93,22.58,2026-07-13 22:39:00
KP014157,KW10238,2026-07-14,BR,Mobile,7247,36.0,150,3326,4.51,2026-07-14 03:49:00
KP014158,KW10727,2026-07-15,DE,Mobile,1844,30.0,10,201,4.98,2026-07-15 23:10:00
KP014159,KW10050,2026-07-16,UK,Mobile,1976,48.0,18,525,3.43,2026-07-16 08:33:00
KP014160,KW10919,2026-07-17,BR,Mobile,964,39.0,8,227,3.52,2026-07-17 19:46:00
KP014161,KW10929,2026-07-18,BR,Mobile,747,49.0,3,89,3.37,2026-07-18 16:21:00
KP014162,KW11334,2026-07-19,BR,Desktop,320,38.0,5,137,3.65,2026-07-19 11:24:00
KP014163,KW11227,2026-07-20,JP,Desktop,14580,16.0,137,2229,6.15,2026-07-20 17:00:00
KP014164,KW11564,2026-07-21,US,Desktop,5132,12.0,61,774,7.88,2026-07-21 04:53:00
KP014165,KW11878,2026-07-22,CA,Mobile,1225,39.0,26,594,4.38,2026-07-22 12:18:00
KP014166,KW10358,2026-07-23,MX,Mobile,2031,34.0,14,282,4.96,2026-07-23 06:37:00
KP014167,KW10081,2026-07-24,FR,Desktop,1042,41.0,15,273,5.49,2026-07-24 12:46:00
KP014168,KW11965,2026-07-25,AU,Tablet,1011,23.0,6,138,4.35,2026-07-25 00:51:00
KP014169,KW11752,2026-07-26,MX,Mobile,276,12.0,13,151,8.61,2026-07-26 03:31:00
KP014170,KW10651,2026-07-27,UK,Mobile,2265,43.0,24,535,4.49,2026-07-27 02:58:00
KP014171,KW10700,2026-07-28,IN,Desktop,1233,18.0,57,660,8.64,2026-07-28 08:29:00
KP014172,KW11991,2026-07-29,MX,Mobile,934,50.0,16,359,4.46,2026-07-29 18:44:00
KP014173,KW10874,2026-07-30,JP,Desktop,1834,33.0,19,492,3.86,2026-07-30 10:49:00
KP014174,KW10836,2026-07-31,JP,Mobile,5698,20.0,213,2973,7.16,2026-07-31 15:10:00
KP014175,KW11927,2026-08-01,MX,Mobile,1166,10.0,48,616,7.79,2026-08-01 07:55:00
KP014176,KW10339,2026-08-02,AU,Desktop,10700,35.0,275,5611,4.9,2026-08-02 06:19:00
KP014177,KW11735,2026-08-03,JP,Desktop,5582,20.0,68,895,7.6,2026-08-03 02:36:00
KP014178,KW10710,2026-08-04,UK,Mobile,1948,39.0,30,613,4.89,2026-08-04 17:33:00
KP014179,KW11175,2026-08-05,FR,Desktop,9291,49.0,102,2998,3.4,2026-08-05 06:10:00
KP014180,KW11133,2026-08-06,MX,Mobile,2794,12.0,94,1213,7.75,2026-08-06 21:57:00
KP014181,KW10018,2026-08-07,UK,Mobile,7091,41.0,105,2795,3.76,2026-08-07 12:58:00
KP014182,KW11851,2026-08-08,JP,Desktop,6119,21.0,198,2468,8.02,2026-08-08 12:46:00
KP014183,KW10201,2026-08-09,FR,Mobile,4308,22.0,116,2363,4.91,2026-08-09 04:00:00
KP014184,KW10062,2026-08-10,JP,Desktop,1611,50.0,13,339,3.83,2026-08-10 23:44:00
KP014185,KW11328,2026-08-11,FR,Mobile,3188,26.0,41,672,6.1,2026-08-11 21:02:00
KP014186,KW10363,2026-08-12,US,Desktop,3364,14.0,26,409,6.36,2026-08-12 19:35:00
KP014187,KW11081,2026-08-13,DE,Tablet,3087,23.0,37,749,4.94,2026-08-13 15:57:00
KP014188,KW10308,2026-08-14,DE,Desktop,1980,21.0,31,507,6.11,2026-08-14 11:27:00
KP014189,KW11893,2026-08-15,IN,Mobile,1367,2.0,80,284,28.17,2026-08-15 12:28:00
KP014190,KW11385,2026-08-16,US,Mobile,2335,10.0,35,433,8.08,2026-08-16 15:46:00
KP014191,KW11931,2026-08-17,IN,Desktop,4654,33.0,65,1177,5.52,2026-08-17 08:49:00
KP014192,KW11006,2026-08-18,FR,Tablet,3791,7.0,127,917,13.85,2026-08-18 07:44:00
KP014193,KW10028,2026-08-19,JP,Desktop,11086,26.0,171,2447,6.99,2026-08-19 15:58:00
KP014194,KW10861,2026-08-20,FR,Desktop,1480,48.0,21,463,4.54,2026-08-20 13:56:00
KP014195,KW10111,2026-08-21,BR,Mobile,3430,13.0,55,533,10.32,2026-08-21 13:35:00
KP014196,KW10768,2026-08-22,AU,Desktop,3667,46.0,32,791,4.05,2026-08-22 19:22:00
KP014197,KW11496,2026-08-23,AU,Desktop,7220,47.0,120,3538,3.39,2026-08-23 15:07:00
KP014198,KW10507,2026-08-24,FR,Mobile,7115,44.0,62,1352,4.59,2026-08-24 05:04:00
KP014199,KW11463,2026-08-25,CA,Desktop,13202,32.0,396,7245,5.47,2026-08-25 14:17:00
KP014200,KW11767,2026-08-26,UK,Desktop,4889,42.0,57,1025,5.56,2026-08-26 08:14:00
KP014201,KW11995,2026-08-27,CA,Desktop,3089,48.0,49,1099,4.46,2026-08-27 09:31:00
KP014202,KW10569,2026-08-28,AU,Tablet,4092,46.0,105,1994,5.27,2026-08-28 05:56:00
KP014203,KW11502,2026-08-29,AU,Mobile,2164,29.0,66,1106,5.97,2026-08-29 18:19:00
KP014204,KW10780,2026-08-30,JP,Mobile,2325,23.0,40,641,6.24,2026-08-30 22:24:00
KP014205,KW10772,2026-08-31,JP,Mobile,1842,49.0,34,699,4.86,2026-08-31 03:51:00
KP014206,KW10057,2026-09-01,MX,Mobile,2172,47.0,10,258,3.88,2026-09-01 19:45:00
KP014207,KW10904,2026-09-02,FR,Mobile,7749,9.0,82,686,11.95,2026-09-02 07:24:00
KP014208,KW11963,2026-09-03,DE,Mobile,13081,5.0,1156,7058,16.38,2026-09-03 10:10:00
KP014209,KW11454,2026-09-04,FR,Mobile,5305,31.0,122,1899,6.42,2026-09-04 11:56:00
KP014210,KW11962,2026-09-05,US,Mobile,13388,36.0,177,3513,5.04,2026-09-05 18:01:00
KP014211,KW10145,2026-09-06,CA,Desktop,1825,35.0,15,336,4.46,2026-09-06 08:04:00
KP014212,KW10060,2026-09-07,DE,Desktop,15346,36.0,46,874,5.26,2026-09-07 03:52:00
KP014213,KW11918,2026-09-08,MX,Desktop,4711,9.0,228,2149,10.61,2026-09-08 00:44:00
KP014214,KW10182,2026-09-09,DE,Desktop,904,22.0,8,128,6.25,2026-09-09 15:48:00
KP014215,KW10941,2026-09-10,CA,Mobile,11566,31.0,69,1587,4.35,2026-09-10 15:09:00
KP014216,KW11292,2026-09-11,DE,Mobile,3244,5.0,71,420,16.9,2026-09-11 14:24:00
KP014217,KW10968,2026-09-12,MX,Mobile,7008,37.0,88,1491,5.9,2026-09-12 10:58:00
KP014218,KW11444,2026-09-13,BR,Desktop,8966,47.0,63,1910,3.3,2026-09-13 13:26:00
KP014219,KW10158,2026-09-14,FR,Desktop,3001,9.0,127,1612,7.88,2026-09-14 03:36:00
KP014220,KW11956,2026-09-15,JP,Desktop,2727,29.0,60,1232,4.87,2026-09-15 03:18:00
KP014221,KW10594,2026-09-16,BR,Mobile,708,15.0,21,252,8.33,2026-09-16 20:05:00
KP014222,KW10041,2026-09-17,US,Mobile,1293,49.0,14,312,4.49,2026-09-17 07:24:00
KP014223,KW10533,2026-09-18,CA,Desktop,8134,1.0,731,2211,33.06,2026-09-18 08:59:00
KP014224,KW10306,2026-09-19,IN,Mobile,3635,41.0,63,1549,4.07,2026-09-19 19:43:00
KP014225,KW11035,2026-09-20,MX,Mobile,820,46.0,14,391,3.58,2026-09-20 09:06:00
KP014226,KW10595,2026-09-21,IN,Desktop,6485,32.0,106,2058,5.15,2026-09-21 12:22:00
KP014227,KW10951,2026-09-22,US,Mobile,2806,33.0,62,1349,4.6,2026-09-22 11:39:00
KP014228,KW11156,2026-09-23,IN,Mobile,1898,33.0,18,332,5.42,2026-09-23 14:03:00
KP014229,KW10744,2026-09-24,AU,Tablet,2073,40.0,26,600,4.33,2026-09-24 23:14:00
KP014230,KW11421,2026-09-25,CA,Desktop,3896,7.0,182,1294,14.06,2026-09-25 20:24:00
KP014231,KW10488,2026-09-26,JP,Mobile,5746,44.0,31,779,3.98,2026-09-26 00:05:00
KP014232,KW11250,2026-09-27,AU,Mobile,7012,34.0,78,1903,4.1,2026-09-27 10:37:00
KP014233,KW10384,2026-09-28,US,Tablet,1434,35.0,24,508,4.72,2026-09-28 00:38:00
KP014234,KW11986,2026-09-29,US,Desktop,18306,5.0,407,3379,12.04,2026-09-29 09:12:00
KP014235,KW11933,2026-09-30,IN,Mobile,2212,33.0,10,274,3.65,2026-09-30 19:22:00
KP014479,KW10913,2026-06-01,UK,Desktop,2632,8.0,192,1444,13.3,2026-06-01 00:24:00
KP014480,KW10841,2026-06-02,US,Desktop,4128,32.0,43,1045,4.11,2026-06-02 15:33:00
KP014481,KW10625,2026-06-03,IN,Desktop,3490,23.0,42,660,6.36,2026-06-03 01:04:00
KP014482,KW10259,2026-06-04,CA,Desktop,4232,20.0,163,2175,7.49,2026-06-04 02:00:00
KP014483,KW11565,2026-06-05,UK,Tablet,751,24.0,10,175,5.71,2026-06-05 01:11:00
KP014484,KW10134,2026-06-06,MX,Mobile,2800,45.0,49,1227,3.99,2026-06-06 07:47:00
KP014485,KW10287,2026-06-07,IN,Tablet,2824,24.0,70,1270,5.51,2026-06-07 23:03:00
KP014486,KW10419,2026-06-08,DE,Desktop,1638,40.0,11,277,3.97,2026-06-08 06:23:00
KP014487,KW10470,2026-06-09,FR,Mobile,1498,38.0,6,132,4.55,2026-06-09 01:04:00
KP014488,KW11726,2026-06-10,BR,Desktop,1972,32.0,50,825,6.06,2026-06-10 09:08:00
KP014489,KW11061,2026-06-11,UK,Mobile,3826,19.0,108,1754,6.16,2026-06-11 11:52:00
KP014490,KW11659,2026-06-12,IN,Mobile,13234,35.0,140,2388,5.86,2026-06-12 23:12:00
KP014491,KW10584,2026-06-13,BR,Mobile,2895,45.0,33,694,4.76,2026-06-13 21:19:00
KP014492,KW10111,2026-06-14,MX,Mobile,2714,39.0,43,854,5.04,2026-06-14 21:12:00
KP014493,KW10277,2026-06-15,FR,Mobile,8424,16.0,53,890,5.96,2026-06-15 09:57:00
KP014494,KW10086,2026-06-16,DE,Desktop,957,12.0,28,346,8.09,2026-06-16 21:36:00
KP014495,KW10040,2026-06-17,FR,Tablet,18024,42.0,311,8260,3.77,2026-06-17 03:34:00
KP014496,KW10334,2026-06-18,DE,Desktop,1684,12.0,7,89,7.87,2026-06-18 12:54:00
KP014497,KW10092,2026-06-19,JP,Desktop,1675,38.0,37,731,5.06,2026-06-19 17:40:00
KP014498,KW11367,2026-06-20,MX,Mobile,4822,37.0,119,2058,5.78,2026-06-20 00:58:00
KP014499,KW10355,2026-06-21,UK,Desktop,1769,7.0,45,411,10.95,2026-06-21 20:11:00
KP014500,KW11512,2026-06-22,DE,Mobile,13779,49.0,40,819,4.88,2026-06-22 01:31:00
KP014501,KW11229,2026-06-23,BR,Desktop,5929,24.0,222,3133,7.09,2026-06-23 10:22:00
KP014502,KW10765,2026-06-24,JP,Mobile,7424,43.0,148,3343,4.43,2026-06-24 12:10:00
KP014503,KW10814,2026-06-25,AU,Desktop,2675,21.0,38,585,6.5,2026-06-25 04:38:00
KP014504,KW11334,2026-06-26,AU,Mobile,2167,37.0,11,301,3.65,2026-06-26 06:57:00
KP014505,KW10782,2026-06-27,DE,Desktop,3302,44.0,84,1714,4.9,2026-06-27 06:25:00
KP014506,KW10251,2026-06-28,CA,Mobile,1157,7.0,12,120,10.0,2026-06-28 10:30:00
KP014507,KW11578,2026-06-29,CA,Desktop,5898,14.0,273,2879,9.48,2026-06-29 15:43:00
KP014508,KW11624,2026-06-30,CA,Mobile,9249,15.0,178,1842,9.66,2026-06-30 02:32:00
KP014509,KW11729,2026-07-01,IN,Mobile,1856,25.0,45,685,6.57,2026-07-01 19:30:00
KP014510,KW10584,2026-07-02,BR,Mobile,2211,20.0,45,551,8.17,2026-07-02 14:25:00
KP014511,KW10365,2026-07-03,US,Mobile,1359,37.0,4,111,3.6,2026-07-03 05:06:00
KP014512,KW10701,2026-07-04,UK,Desktop,4266,48.0,42,1102,3.81,2026-07-04 13:20:00
KP014513,KW11344,2026-07-05,FR,Desktop,941,11.0,30,384,7.81,2026-07-05 15:45:00
KP014514,KW10142,2026-07-06,FR,Mobile,4075,8.0,197,2074,9.5,2026-07-06 14:39:00
KP014515,KW11951,2026-07-07,IN,Mobile,16322,21.0,380,5271,7.21,2026-07-07 18:56:00
KP014516,KW11664,2026-07-08,JP,Mobile,2535,38.0,15,351,4.27,2026-07-08 19:47:00
KP014517,KW10381,2026-07-09,MX,Desktop,12262,27.0,206,3065,6.72,2026-07-09 20:18:00
KP014518,KW11618,2026-07-10,UK,Mobile,844,47.0,13,275,4.73,2026-07-10 04:59:00
KP014519,KW10540,2026-07-11,AU,Desktop,1150,31.0,17,278,6.12,2026-07-11 08:19:00
KP014520,KW11825,2026-07-12,IN,Mobile,2732,15.0,77,1023,7.53,2026-07-12 14:44:00
KP014521,KW11658,2026-07-13,MX,Desktop,1935,30.0,15,278,5.4,2026-07-13 20:13:00
KP014522,KW10216,2026-07-14,CA,Mobile,417,46.0,3,92,3.26,2026-07-14 11:52:00
KP014523,KW11338,2026-07-15,CA,Desktop,3315,33.0,10,173,5.78,2026-07-15 15:17:00
KP014524,KW10975,2026-07-16,US,Mobile,5167,30.0,90,1669,5.39,2026-07-16 04:10:00
KP014525,KW11359,2026-07-17,CA,Desktop,2262,23.0,58,1165,4.98,2026-07-17 09:08:00
KP014526,KW11934,2026-07-18,CA,Desktop,1820,34.0,36,769,4.68,2026-07-18 00:24:00
KP014527,KW10220,2026-07-19,IN,Mobile,5923,6.0,143,1397,10.24,2026-07-19 22:35:00
KP014528,KW11372,2026-07-20,FR,Desktop,1607,35.0,28,492,5.69,2026-07-20 14:01:00
KP014529,KW10464,2026-07-21,JP,Desktop,3300,10.0,98,977,10.03,2026-07-21 09:57:00
KP014530,KW11309,2026-07-22,MX,Desktop,2418,35.0,42,1103,3.81,2026-07-22 05:09:00
KP014531,KW10569,2026-07-23,US,Mobile,4418,15.0,115,1859,6.19,2026-07-23 05:55:00
KP014532,KW10202,2026-07-24,US,Mobile,1780,2.0,89,374,23.8,2026-07-24 13:32:00
KP014533,KW11690,2026-07-25,FR,Desktop,9887,12.0,136,1404,9.69,2026-07-25 20:56:00
KP014534,KW11340,2026-07-26,MX,Desktop,14074,41.0,104,1892,5.5,2026-07-26 17:52:00
KP014535,KW10141,2026-07-27,DE,Mobile,4614,19.0,131,2507,5.23,2026-07-27 22:34:00
KP014536,KW10454,2026-07-28,UK,Mobile,6310,23.0,171,2380,7.18,2026-07-28 00:50:00
KP014537,KW11739,2026-07-29,MX,Mobile,6980,39.0,102,1798,5.67,2026-07-29 08:28:00
KP014538,KW10193,2026-07-30,AU,Tablet,720,49.0,9,193,4.66,2026-07-30 04:45:00
KP014539,KW10930,2026-07-31,BR,Mobile,6365,44.0,113,2238,5.05,2026-07-31 03:23:00
KP014540,KW11733,2026-08-01,MX,Mobile,3833,14.0,129,1778,7.26,2026-08-01 05:46:00
KP014541,KW10686,2026-08-02,AU,Desktop,2012,6.0,89,591,15.06,2026-08-02 21:26:00
KP014542,KW10688,2026-08-03,BR,Mobile,702,33.0,9,211,4.27,2026-08-03 16:22:00
KP014543,KW10983,2026-08-04,MX,Desktop,2071,16.0,11,199,5.53,2026-08-04 15:08:00
KP014544,KW11261,2026-08-05,US,Desktop,1870,25.0,65,928,7.0,2026-08-05 12:36:00
KP014545,KW11187,2026-08-06,UK,Mobile,5681,27.0,110,2407,4.57,2026-08-06 16:45:00
KP014546,KW10659,2026-08-07,DE,Mobile,1450,3.0,133,585,22.74,2026-08-07 11:09:00
KP014547,KW10766,2026-08-08,JP,Mobile,3673,41.0,29,625,4.64,2026-08-08 20:13:00
KP014548,KW10269,2026-08-09,BR,Desktop,8524,50.0,68,2200,3.09,2026-08-09 05:15:00
KP014549,KW10460,2026-08-10,DE,Desktop,1713,31.0,13,252,5.16,2026-08-10 13:57:00
KP014550,KW10768,2026-08-11,IN,Mobile,1103,42.0,5,144,3.47,2026-08-11 22:28:00
KP014551,KW11263,2026-08-12,CA,Desktop,1286,45.0,6,132,4.55,2026-08-12 10:30:00
KP014552,KW11387,2026-08-13,FR,Desktop,2771,42.0,5,145,3.45,2026-08-13 00:46:00
KP014553,KW10600,2026-08-14,AU,Mobile,1449,15.0,52,584,8.9,2026-08-14 05:42:00
KP014554,KW10333,2026-08-15,CA,Desktop,1680,38.0,22,426,5.16,2026-08-15 07:38:00
KP014555,KW11440,2026-08-16,IN,Desktop,9462,13.0,192,2360,8.14,2026-08-16 17:28:00
KP014556,KW10114,2026-08-17,MX,Desktop,5503,1.0,511,1539,33.2,2026-08-17 23:14:00
KP014557,KW10534,2026-08-18,MX,Desktop,4311,11.0,71,898,7.91,2026-08-18 20:30:00
KP014558,KW11252,2026-08-19,BR,Desktop,1941,43.0,22,593,3.71,2026-08-19 21:42:00
KP014559,KW10080,2026-08-20,UK,Mobile,288,45.0,3,108,2.78,2026-08-20 07:07:00
KP014560,KW11716,2026-08-21,DE,Desktop,12795,23.0,371,5598,6.63,2026-08-21 05:52:00
KP014561,KW10314,2026-08-22,DE,Mobile,2044,46.0,47,1059,4.44,2026-08-22 10:08:00
KP014562,KW10777,2026-08-23,IN,Desktop,1100,20.0,27,534,5.06,2026-08-23 02:34:00
KP014563,KW11632,2026-08-24,MX,Mobile,5477,37.0,62,1488,4.17,2026-08-24 22:59:00
KP014564,KW11469,2026-08-25,IN,Desktop,3145,35.0,33,888,3.72,2026-08-25 11:41:00
KP014565,KW10443,2026-08-26,AU,Mobile,559,27.0,5,78,6.41,2026-08-26 01:08:00
KP014566,KW11017,2026-08-27,MX,Mobile,2503,28.0,37,816,4.53,2026-08-27 00:08:00
KP014567,KW11257,2026-08-28,FR,Desktop,1838,20.0,40,583,6.86,2026-08-28 20:40:00
KP014568,KW11289,2026-08-29,BR,Mobile,2395,32.0,36,706,5.1,2026-08-29 14:06:00
KP014569,KW10824,2026-08-30,MX,Desktop,4354,21.0,82,1365,6.01,2026-08-30 00:41:00
KP014570,KW10040,2026-08-31,FR,Mobile,1328,24.0,28,534,5.24,2026-08-31 04:47:00
KP014571,KW10859,2026-09-01,US,Desktop,1674,7.0,70,688,10.17,2026-09-01 23:54:00
KP014572,KW11093,2026-09-02,FR,Mobile,8890,22.0,158,2382,6.63,2026-09-02 00:12:00
KP014573,KW10995,2026-09-03,UK,Desktop,2023,17.0,73,866,8.43,2026-09-03 09:11:00
KP014574,KW11728,2026-09-04,JP,Mobile,3588,20.0,96,1381,6.95,2026-09-04 03:10:00
KP014575,KW11086,2026-09-05,CA,Mobile,2934,41.0,40,779,5.13,2026-09-05 06:27:00
KP014576,KW11506,2026-09-06,MX,Desktop,2452,38.0,31,827,3.75,2026-09-06 08:52:00
KP014577,KW10076,2026-09-07,UK,Mobile,2255,25.0,41,665,6.17,2026-09-07 16:16:00
KP014578,KW10253,2026-09-08,MX,Tablet,3191,23.0,11,186,5.91,2026-09-08 00:47:00
KP014579,KW10157,2026-09-09,BR,Mobile,486,48.0,1,35,2.86,2026-09-09 15:44:00
KP014580,KW11454,2026-09-10,US,Desktop,4898,40.0,35,998,3.51,2026-09-10 00:54:00
KP014581,KW10064,2026-09-11,UK,Desktop,937,9.0,25,304,8.22,2026-09-11 01:06:00
KP014582,KW11924,2026-09-12,FR,Desktop,10714,39.0,213,4587,4.64,2026-09-12 15:26:00
KP014583,KW10589,2026-09-13,BR,Mobile,6326,21.0,109,1659,6.57,2026-09-13 03:26:00
KP014584,KW10485,2026-09-14,IN,Mobile,6871,22.0,78,1245,6.27,2026-09-14 02:47:00
KP014585,KW11914,2026-09-15,US,Mobile,876,44.0,10,221,4.52,2026-09-15 13:20:00
KP014586,KW11965,2026-09-16,DE,Desktop,5674,12.0,232,2372,9.78,2026-09-16 21:08:00
KP014587,KW10915,2026-09-17,CA,Mobile,12674,22.0,280,3730,7.51,2026-09-17 20:29:00
KP014588,KW10301,2026-09-18,IN,Desktop,1901,26.0,62,913,6.79,2026-09-18 06:29:00
KP014589,KW11929,2026-09-19,MX,Mobile,10096,12.0,343,3248,10.56,2026-09-19 20:32:00
KP014590,KW11055,2026-09-20,BR,Desktop,12004,16.0,162,2200,7.36,2026-09-20 18:58:00
KP014591,KW10177,2026-09-21,DE,Mobile,1141,16.0,27,314,8.6,2026-09-21 15:10:00
KP014592,KW10460,2026-09-22,UK,Desktop,1488,4.0,123,613,20.07,2026-09-22 17:01:00
KP014593,KW11083,2026-09-23,DE,Mobile,6545,22.0,27,426,6.34,2026-09-23 08:09:00
KP014594,KW11836,2026-09-24,UK,Mobile,6984,13.0,241,2546,9.47,2026-09-24 14:49:00
KP014595,KW10370,2026-09-25,UK,Desktop,6158,17.0,51,711,7.17,2026-09-25 16:05:00
KP014596,KW10566,2026-09-26,IN,Desktop,3042,17.0,49,842,5.82,2026-09-26 08:01:00
KP014597,KW10878,2026-09-27,IN,Desktop,2769,25.0,68,1411,4.82,2026-09-27 18:37:00
KP014598,KW10322,2026-09-28,MX,Mobile,8301,26.0,67,1072,6.25,2026-09-28 07:50:00
KP014599,KW10630,2026-09-29,BR,Desktop,5961,39.0,40,804,4.98,2026-09-29 12:00:00
KP014600,KW11362,2026-09-30,FR,Mobile,2781,32.0,26,635,4.09,2026-09-30 12:00:00
KP014844,KW11887,2026-06-01,DE,Desktop,1915,44.0,56,1051,5.33,2026-06-01 16:59:00
KP014845,KW10316,2026-06-02,CA,Mobile,6055,11.0,100,1352,7.4,2026-06-02 02:52:00
KP014846,KW10042,2026-06-03,FR,Desktop,5156,14.0,100,1259,7.94,2026-06-03 23:58:00
KP014847,KW11323,2026-06-04,BR,Desktop,1494,17.0,31,503,6.16,2026-06-04 02:26:00
KP014848,KW11936,2026-06-05,US,Desktop,690,16.0,12,215,5.58,2026-06-05 18:34:00
KP014849,KW10253,2026-06-06,UK,Desktop,3889,14.0,86,930,9.25,2026-06-06 18:03:00
KP014850,KW10601,2026-06-07,DE,Mobile,869,25.0,7,168,4.17,2026-06-07 05:56:00
KP014851,KW10080,2026-06-08,BR,Desktop,1894,26.0,17,371,4.58,2026-06-08 06:14:00
KP014852,KW11336,2026-06-09,DE,Mobile,4698,19.0,140,1728,8.1,2026-06-09 10:22:00
KP014853,KW11279,2026-06-10,DE,Desktop,9143,47.0,80,2070,3.86,2026-06-10 17:48:00
KP014854,KW10770,2026-06-11,MX,Mobile,1757,13.0,54,765,7.06,2026-06-11 12:21:00
KP014855,KW11279,2026-06-12,CA,Desktop,6240,39.0,154,2810,5.48,2026-06-12 18:24:00
KP014856,KW10966,2026-06-13,UK,Mobile,5158,13.0,179,2574,6.95,2026-06-13 15:48:00
KP014857,KW10330,2026-06-14,MX,Desktop,1372,10.0,29,251,11.55,2026-06-14 09:41:00
KP014858,KW11040,2026-06-15,FR,Desktop,6071,47.0,88,2168,4.06,2026-06-15 05:12:00
KP014859,KW11558,2026-06-16,DE,Desktop,1981,25.0,14,304,4.61,2026-06-16 06:48:00
KP014860,KW10586,2026-06-17,IN,Mobile,4420,1.0,402,1151,34.93,2026-06-17 13:27:00
KP014861,KW10605,2026-06-18,JP,Mobile,11459,37.0,269,4970,5.41,2026-06-18 13:21:00
KP014862,KW10868,2026-06-19,BR,Desktop,3878,10.0,53,444,11.94,2026-06-19 06:32:00
KP014863,KW10959,2026-06-20,AU,Desktop,1105,17.0,31,428,7.24,2026-06-20 14:01:00
KP014864,KW11567,2026-06-21,JP,Mobile,2360,23.0,20,370,5.41,2026-06-21 08:37:00
KP014865,KW10462,2026-06-22,DE,Mobile,2410,36.0,31,702,4.42,2026-06-22 19:46:00
KP014866,KW11868,2026-06-23,JP,Desktop,470,4.0,18,152,11.84,2026-06-23 03:42:00
KP014867,KW10134,2026-06-24,MX,Mobile,632,37.0,5,132,3.79,2026-06-24 05:39:00
KP014868,KW10911,2026-06-25,US,Desktop,3330,24.0,96,1292,7.43,2026-06-25 06:09:00
KP014869,KW11770,2026-06-26,CA,Mobile,2862,47.0,17,517,3.29,2026-06-26 02:12:00
KP014870,KW11672,2026-06-27,FR,Mobile,1458,30.0,6,130,4.62,2026-06-27 16:09:00
KP014871,KW11276,2026-06-28,IN,Desktop,3176,37.0,21,545,3.85,2026-06-28 09:41:00
KP014872,KW10993,2026-06-29,UK,Desktop,345,44.0,3,101,2.97,2026-06-29 22:33:00
KP014873,KW11116,2026-06-30,CA,Desktop,2766,18.0,53,903,5.87,2026-06-30 12:56:00
KP014874,KW10597,2026-07-01,BR,Desktop,3852,10.0,201,1705,11.79,2026-07-01 08:09:00
KP014875,KW10545,2026-07-02,AU,Desktop,1066,48.0,9,309,2.91,2026-07-02 13:47:00
KP014876,KW10146,2026-07-03,US,Desktop,2668,16.0,14,227,6.17,2026-07-03 07:44:00
KP014877,KW11244,2026-07-04,AU,Desktop,2509,6.0,129,901,14.32,2026-07-04 22:07:00
KP014878,KW10311,2026-07-05,IN,Desktop,3877,46.0,46,899,5.12,2026-07-05 18:35:00
KP014879,KW11532,2026-07-06,BR,Mobile,2053,46.0,41,957,4.28,2026-07-06 09:04:00
KP014880,KW11049,2026-07-07,FR,Mobile,12605,14.0,362,5244,6.9,2026-07-07 17:36:00
KP014881,KW11571,2026-07-08,DE,Desktop,2482,25.0,43,741,5.8,2026-07-08 17:01:00
KP014882,KW11126,2026-07-09,IN,Desktop,1743,24.0,42,865,4.86,2026-07-09 16:58:00
KP014883,KW11831,2026-07-10,CA,Desktop,1745,19.0,22,433,5.08,2026-07-10 22:38:00
KP014884,KW10759,2026-07-11,BR,Desktop,2860,13.0,98,926,10.58,2026-07-11 22:08:00
KP014885,KW11933,2026-07-12,US,Desktop,1381,33.0,32,721,4.44,2026-07-12 09:16:00
KP014886,KW10608,2026-07-13,CA,Mobile,2182,38.0,27,619,4.36,2026-07-13 20:12:00
KP014887,KW11412,2026-07-14,CA,Mobile,2640,43.0,43,1233,3.49,2026-07-14 11:18:00
KP014888,KW10934,2026-07-15,JP,Desktop,2373,21.0,77,1271,6.06,2026-07-15 14:32:00
KP014889,KW10658,2026-07-16,FR,Mobile,6412,24.0,58,1111,5.22,2026-07-16 18:08:00
KP014890,KW11709,2026-07-17,AU,Tablet,2322,24.0,61,1168,5.22,2026-07-17 02:15:00
KP014891,KW10988,2026-07-18,JP,Desktop,8655,23.0,318,4283,7.42,2026-07-18 00:57:00
KP014892,KW11616,2026-07-19,US,Mobile,2158,1.0,112,321,34.89,2026-07-19 22:52:00
KP014893,KW11160,2026-07-20,FR,Mobile,3719,43.0,67,1725,3.88,2026-07-20 17:59:00
KP014894,KW11707,2026-07-21,MX,Desktop,4864,6.0,261,2378,10.98,2026-07-21 16:46:00
KP014895,KW10465,2026-07-22,UK,Mobile,1122,2.0,126,433,29.1,2026-07-22 17:02:00
KP014896,KW11878,2026-07-23,DE,Desktop,1767,9.0,85,722,11.77,2026-07-23 17:57:00
KP014897,KW10452,2026-07-24,US,Desktop,3894,45.0,30,708,4.24,2026-07-24 22:44:00
KP014898,KW11167,2026-07-25,CA,Mobile,1811,13.0,50,789,6.34,2026-07-25 18:47:00
KP014899,KW10291,2026-07-26,AU,Desktop,1671,50.0,15,404,3.71,2026-07-26 11:16:00
KP014900,KW11748,2026-07-27,JP,Mobile,2053,24.0,40,658,6.08,2026-07-27 21:40:00
KP014901,KW10991,2026-07-28,UK,Mobile,54085,39.0,457,10862,4.21,2026-07-28 22:34:00
KP014902,KW11277,2026-07-29,DE,Mobile,6275,21.0,47,912,5.15,2026-07-29 13:47:00
KP014903,KW11373,2026-07-30,UK,Desktop,3817,5.0,166,1493,11.12,2026-07-30 07:56:00
KP014904,KW11483,2026-07-31,MX,Desktop,1011,1.0,145,415,34.94,2026-07-31 18:44:00
KP014905,KW10284,2026-08-01,IN,Desktop,2437,25.0,39,871,4.48,2026-08-01 04:44:00
KP014906,KW11522,2026-08-02,US,Desktop,9105,42.0,41,866,4.73,2026-08-02 12:01:00
KP014907,KW11891,2026-08-03,BR,Mobile,2170,44.0,34,1042,3.26,2026-08-03 20:01:00
KP014908,KW11391,2026-08-04,CA,Mobile,12539,22.0,204,3801,5.37,2026-08-04 11:51:00
KP014909,KW10384,2026-08-05,FR,Mobile,4259,1.0,375,1243,30.17,2026-08-05 10:50:00
KP014910,KW11131,2026-08-06,MX,Desktop,1703,24.0,54,793,6.81,2026-08-06 10:32:00
KP014911,KW10096,2026-08-07,BR,Desktop,1127,18.0,22,295,7.46,2026-08-07 12:30:00
KP014912,KW11163,2026-08-08,FR,Desktop,1105,37.0,19,339,5.6,2026-08-08 14:05:00
KP014913,KW11769,2026-08-09,JP,Desktop,320,44.0,6,122,4.92,2026-08-09 15:53:00
KP014914,KW10639,2026-08-10,CA,Mobile,4914,26.0,93,1747,5.32,2026-08-10 19:52:00
KP014915,KW10630,2026-08-11,BR,Desktop,2174,45.0,40,1043,3.84,2026-08-11 09:56:00
KP014916,KW11774,2026-08-12,CA,Desktop,909,20.0,9,153,5.88,2026-08-12 04:53:00
KP014917,KW10834,2026-08-13,DE,Desktop,3506,48.0,12,318,3.77,2026-08-13 10:38:00
KP014918,KW11856,2026-08-14,DE,Desktop,3984,6.0,235,1591,14.77,2026-08-14 09:14:00
KP014919,KW10047,2026-08-15,JP,Desktop,2738,42.0,38,773,4.92,2026-08-15 08:32:00
KP014920,KW10542,2026-08-16,IN,Mobile,3009,50.0,5,181,2.76,2026-08-16 01:52:00
KP014921,KW10570,2026-08-17,BR,Mobile,2047,13.0,58,687,8.44,2026-08-17 21:07:00
KP014922,KW10488,2026-08-18,UK,Mobile,2172,26.0,51,1006,5.07,2026-08-18 19:28:00
KP014923,KW10701,2026-08-19,CA,Mobile,2591,20.0,98,1381,7.1,2026-08-19 06:16:00
KP014924,KW10917,2026-08-20,FR,Desktop,19620,38.0,272,6129,4.44,2026-08-20 22:44:00
KP014925,KW10028,2026-08-21,JP,Mobile,3787,6.0,206,1382,14.91,2026-08-21 17:30:00
KP014926,KW11819,2026-08-22,MX,Mobile,1886,8.0,55,493,11.16,2026-08-22 22:21:00
KP014927,KW10369,2026-08-23,UK,Desktop,7569,47.0,156,3009,5.18,2026-08-23 03:17:00
KP014928,KW11247,2026-08-24,US,Mobile,5362,32.0,158,2719,5.81,2026-08-24 13:21:00
KP014929,KW11831,2026-08-25,US,Mobile,4520,4.0,63,371,16.98,2026-08-25 13:48:00
KP014930,KW10730,2026-08-26,AU,Mobile,1075,19.0,32,417,7.67,2026-08-26 07:35:00
KP014931,KW11066,2026-08-27,BR,Mobile,4494,39.0,22,543,4.05,2026-08-27 23:10:00
KP014932,KW10941,2026-08-28,FR,Mobile,296,22.0,5,77,6.49,2026-08-28 17:52:00
KP014933,KW10219,2026-08-29,FR,Mobile,725,23.0,14,193,7.25,2026-08-29 11:51:00
KP014934,KW10574,2026-08-30,DE,Desktop,4680,12.0,258,2536,10.17,2026-08-30 15:36:00
KP014935,KW11458,2026-08-31,IN,Desktop,8459,33.0,55,1011,5.44,2026-08-31 10:11:00
KP014936,KW10501,2026-09-01,CA,Tablet,1364,26.0,17,271,6.27,2026-09-01 12:55:00
KP014937,KW11159,2026-09-02,US,Mobile,4691,44.0,92,2352,3.91,2026-09-02 05:14:00
KP014938,KW10591,2026-09-03,BR,Desktop,4571,14.0,179,1778,10.07,2026-09-03 01:53:00
KP014939,KW10381,2026-09-04,AU,Mobile,1597,19.0,18,297,6.06,2026-09-04 14:38:00
KP014940,KW10257,2026-09-05,FR,Desktop,3623,14.0,114,1400,8.14,2026-09-05 16:30:00
KP014941,KW10013,2026-09-06,UK,Mobile,6914,17.0,249,2986,8.34,2026-09-06 00:26:00
KP014942,KW10902,2026-09-07,AU,Tablet,2043,43.0,10,251,3.98,2026-09-07 10:02:00
KP014943,KW11111,2026-09-08,UK,Desktop,4689,12.0,178,2297,7.75,2026-09-08 16:33:00
KP014944,KW10792,2026-09-09,UK,Mobile,4289,12.0,89,1234,7.21,2026-09-09 10:52:00
KP014945,KW10435,2026-09-10,MX,Desktop,2298,33.0,51,839,6.08,2026-09-10 00:15:00
KP014946,KW10352,2026-09-11,AU,Tablet,830,10.0,20,258,7.75,2026-09-11 06:26:00
KP014947,KW10491,2026-09-12,US,Desktop,1883,10.0,37,421,8.79,2026-09-12 03:10:00
KP014948,KW10272,2026-09-13,MX,Desktop,5409,39.0,149,2932,5.08,2026-09-13 07:08:00
KP014949,KW10632,2026-09-14,DE,Desktop,2635,1.0,468,1339,34.95,2026-09-14 14:10:00
KP014950,KW11702,2026-09-15,AU,Desktop,2992,14.0,81,878,9.23,2026-09-15 22:19:00
KP014951,KW11861,2026-09-16,BR,Mobile,2149,14.0,79,942,8.39,2026-09-16 11:21:00
KP014952,KW10654,2026-09-17,AU,Desktop,5661,23.0,60,787,7.62,2026-09-17 16:39:00
KP014953,KW11105,2026-09-18,MX,Desktop,21118,17.0,464,5602,8.28,2026-09-18 12:26:00
KP014954,KW10184,2026-09-19,UK,Desktop,2090,20.0,44,641,6.86,2026-09-19 02:45:00
KP014955,KW11947,2026-09-20,AU,Desktop,1782,8.0,71,844,8.41,2026-09-20 20:01:00
KP014956,KW11775,2026-09-21,CA,Desktop,680,6.0,21,154,13.64,2026-09-21 08:42:00
KP014957,KW10771,2026-09-22,AU,Mobile,1595,17.0,34,596,5.7,2026-09-22 17:51:00
KP014958,KW10567,2026-09-23,DE,Desktop,1024,41.0,16,310,5.16,2026-09-23 01:59:00
KP014959,KW11223,2026-09-24,DE,Desktop,3066,41.0,28,829,3.38,2026-09-24 22:23:00
KP014960,KW10903,2026-09-25,MX,Desktop,6006,21.0,49,875,5.6,2026-09-25 08:06:00
KP014961,KW10765,2026-09-26,BR,Mobile,1643,21.0,44,589,7.47,2026-09-26 05:56:00
KP014962,KW11537,2026-09-27,DE,Mobile,12275,29.0,329,5115,6.43,2026-09-27 09:01:00
KP014963,KW11432,2026-09-28,US,Desktop,3919,18.0,64,783,8.17,2026-09-28 03:48:00
KP014964,KW10241,2026-09-29,IN,Mobile,680,44.0,10,264,3.79,2026-09-29 20:21:00
KP014965,KW10104,2026-09-30,BR,Desktop,896,48.0,3,67,4.48,2026-09-30 01:29:00
KP015209,KW10577,2026-06-01,CA,Desktop,5894,7.0,38,308,12.34,2026-06-01 17:22:00
KP015210,KW10744,2026-06-02,BR,Mobile,1476,33.0,24,437,5.49,2026-06-02 17:04:00
KP015211,KW11866,2026-06-03,FR,Mobile,7235,26.0,163,2972,5.48,2026-06-03 23:16:00
KP015212,KW10506,2026-06-04,IN,Mobile,2910,37.0,63,1471,4.28,2026-06-04 02:50:00
KP015213,KW10545,2026-06-05,US,Desktop,4071,38.0,33,740,4.46,2026-06-05 05:51:00
KP015214,KW10254,2026-06-06,BR,Mobile,7866,34.0,123,1992,6.17,2026-06-06 04:39:00
KP015215,KW11900,2026-06-07,CA,Desktop,2162,10.0,49,486,10.08,2026-06-07 05:32:00
KP015216,KW10305,2026-06-08,IN,Mobile,4163,28.0,86,1337,6.43,2026-06-08 22:56:00
KP015217,KW11607,2026-06-09,DE,Desktop,2132,49.0,49,992,4.94,2026-06-09 10:40:00
KP015218,KW11560,2026-06-10,IN,Mobile,3023,18.0,24,302,7.95,2026-06-10 16:02:00
KP015219,KW10575,2026-06-11,JP,Desktop,2534,34.0,54,1127,4.79,2026-06-11 17:02:00
KP015220,KW10362,2026-06-12,MX,Mobile,3660,50.0,68,1595,4.26,2026-06-12 12:05:00
KP015221,KW11329,2026-06-13,CA,Desktop,6652,35.0,76,1994,3.81,2026-06-13 00:39:00
KP015222,KW11165,2026-06-14,BR,Mobile,2299,25.0,48,808,5.94,2026-06-14 08:46:00
KP015223,KW11362,2026-06-15,MX,Mobile,985,4.0,79,502,15.74,2026-06-15 02:15:00
KP015224,KW10976,2026-06-16,MX,Desktop,4494,2.0,66,308,21.43,2026-06-16 06:35:00
KP015225,KW10411,2026-06-17,CA,Desktop,1874,12.0,39,475,8.21,2026-06-17 04:41:00
KP015226,KW11785,2026-06-18,JP,Desktop,1459,11.0,58,786,7.38,2026-06-18 11:48:00
KP015227,KW10194,2026-06-19,DE,Desktop,1343,17.0,21,260,8.08,2026-06-19 01:14:00
KP015228,KW11169,2026-06-20,IN,Desktop,4265,42.0,33,986,3.35,2026-06-20 20:00:00
KP015229,KW10771,2026-06-21,FR,Mobile,6832,26.0,126,2604,4.84,2026-06-21 23:17:00
KP015230,KW10609,2026-06-22,FR,Desktop,5873,43.0,19,434,4.38,2026-06-22 16:33:00
KP015231,KW11639,2026-06-23,CA,Desktop,1105,17.0,6,75,8.0,2026-06-23 20:45:00
KP015232,KW10249,2026-06-24,FR,Mobile,11202,2.0,856,2981,28.72,2026-06-24 12:40:00
KP015233,KW10742,2026-06-25,US,Mobile,2403,8.0,43,434,9.91,2026-06-25 16:46:00
KP015234,KW11634,2026-06-26,AU,Desktop,3185,12.0,85,1139,7.46,2026-06-26 02:28:00
KP015235,KW10500,2026-06-27,JP,Tablet,2286,32.0,11,277,3.97,2026-06-27 03:09:00
KP015236,KW10252,2026-06-28,IN,Tablet,10391,10.0,259,3282,7.89,2026-06-28 16:06:00
KP015237,KW10092,2026-06-29,DE,Desktop,681,24.0,12,172,6.98,2026-06-29 05:09:00
KP015238,KW11328,2026-06-30,US,Desktop,8538,34.0,52,1143,4.55,2026-06-30 04:46:00
KP015239,KW11139,2026-07-01,BR,Desktop,1086,12.0,13,192,6.77,2026-07-01 16:45:00
KP015240,KW11684,2026-07-02,BR,Desktop,4071,17.0,152,1806,8.42,2026-07-02 04:31:00
KP015241,KW10393,2026-07-03,BR,Desktop,950,29.0,16,374,4.28,2026-07-03 18:50:00
KP015242,KW10561,2026-07-04,AU,Desktop,2840,10.0,25,252,9.92,2026-07-04 03:50:00
KP015243,KW11976,2026-07-05,BR,Desktop,1667,35.0,7,144,4.86,2026-07-05 03:33:00
KP015244,KW11267,2026-07-06,FR,Desktop,356,42.0,8,182,4.4,2026-07-06 19:54:00
KP015245,KW10063,2026-07-07,UK,Desktop,3185,8.0,186,1604,11.6,2026-07-07 12:59:00
KP015246,KW10698,2026-07-08,MX,Desktop,1310,10.0,59,551,10.71,2026-07-08 04:23:00
KP015247,KW11459,2026-07-09,FR,Mobile,791,44.0,9,232,3.88,2026-07-09 01:41:00
KP015248,KW10721,2026-07-10,BR,Desktop,3689,11.0,29,258,11.24,2026-07-10 07:52:00
KP015249,KW10274,2026-07-11,IN,Mobile,795,44.0,12,230,5.22,2026-07-11 15:36:00
KP015250,KW11958,2026-07-12,BR,Desktop,9296,6.0,87,872,9.98,2026-07-12 04:01:00
KP015251,KW11042,2026-07-13,JP,Mobile,3677,5.0,173,1471,11.76,2026-07-13 18:50:00
KP015252,KW10894,2026-07-14,US,Desktop,10398,50.0,198,4204,4.71,2026-07-14 18:59:00
KP015253,KW10204,2026-07-15,MX,Desktop,6513,27.0,29,602,4.82,2026-07-15 16:45:00
KP015254,KW11570,2026-07-16,JP,Mobile,779,41.0,10,195,5.13,2026-07-16 21:08:00
KP015255,KW11703,2026-07-17,AU,Mobile,5096,33.0,76,1341,5.67,2026-07-17 00:39:00
KP015256,KW11209,2026-07-18,DE,Mobile,5313,32.0,121,2507,4.83,2026-07-18 00:25:00
KP015257,KW10836,2026-07-19,BR,Desktop,1701,48.0,21,593,3.54,2026-07-19 19:08:00
KP015258,KW10135,2026-07-20,UK,Desktop,2757,28.0,22,441,4.99,2026-07-20 23:10:00
KP015259,KW11278,2026-07-21,DE,Mobile,5528,22.0,23,431,5.34,2026-07-21 16:04:00
KP015260,KW11176,2026-07-22,IN,Desktop,2976,45.0,44,1069,4.12,2026-07-22 02:37:00
KP015261,KW10571,2026-07-23,UK,Mobile,4158,6.0,320,2057,15.56,2026-07-23 22:30:00
KP015262,KW10383,2026-07-24,FR,Desktop,1800,5.0,158,916,17.25,2026-07-24 14:46:00
KP015263,KW11803,2026-07-25,JP,Desktop,5671,41.0,90,2165,4.16,2026-07-25 06:11:00
KP015264,KW10759,2026-07-26,US,Desktop,3090,48.0,51,1176,4.34,2026-07-26 01:16:00
KP015265,KW11316,2026-07-27,UK,Desktop,3098,48.0,11,224,4.91,2026-07-27 09:48:00
KP015266,KW10767,2026-07-28,US,Desktop,11248,29.0,44,669,6.58,2026-07-28 01:40:00
KP015267,KW10685,2026-07-29,FR,Desktop,1142,26.0,17,334,5.09,2026-07-29 03:11:00
KP015268,KW10194,2026-07-30,BR,Mobile,2781,42.0,57,1074,5.31,2026-07-30 16:42:00
KP015269,KW11418,2026-07-31,IN,Mobile,2742,5.0,55,405,13.58,2026-07-31 23:46:00
KP015270,KW11256,2026-08-01,MX,Desktop,20505,48.0,165,3802,4.34,2026-08-01 17:17:00
KP015271,KW11145,2026-08-02,IN,Mobile,3101,21.0,93,1252,7.43,2026-08-02 03:16:00
KP015272,KW10517,2026-08-03,DE,Desktop,8539,28.0,140,3311,4.23,2026-08-03 03:06:00
KP015273,KW10609,2026-08-04,CA,Mobile,5537,26.0,122,2687,4.54,2026-08-04 07:30:00
KP015274,KW11445,2026-08-05,FR,Mobile,9310,2.0,1173,4054,28.93,2026-08-05 00:53:00
KP015275,KW10859,2026-08-06,FR,Desktop,18627,21.0,540,7618,7.09,2026-08-06 12:13:00
KP015276,KW11391,2026-08-07,US,Desktop,7984,42.0,239,4351,5.49,2026-08-07 00:05:00
KP015277,KW10552,2026-08-08,US,Mobile,4754,44.0,15,415,3.61,2026-08-08 07:18:00
KP015278,KW11717,2026-08-09,UK,Mobile,5887,18.0,76,879,8.65,2026-08-09 12:03:00
KP015279,KW11611,2026-08-10,UK,Desktop,2226,39.0,35,985,3.55,2026-08-10 19:01:00
KP015280,KW11050,2026-08-11,MX,Mobile,15389,7.0,189,1580,11.96,2026-08-11 19:49:00
KP015281,KW10980,2026-08-12,US,Desktop,1930,24.0,6,122,4.92,2026-08-12 20:27:00
KP015282,KW11909,2026-08-13,FR,Mobile,4978,9.0,65,764,8.51,2026-08-13 22:03:00
KP015283,KW10053,2026-08-14,US,Desktop,3199,19.0,61,1178,5.18,2026-08-14 03:00:00
KP015284,KW10391,2026-08-15,US,Mobile,13792,7.0,435,2961,14.69,2026-08-15 09:17:00
KP015285,KW11454,2026-08-16,IN,Desktop,809,44.0,8,247,3.24,2026-08-16 06:15:00
KP015286,KW11815,2026-08-17,CA,Desktop,989,8.0,30,240,12.5,2026-08-17 06:52:00
KP015287,KW11868,2026-08-18,CA,Mobile,1170,28.0,11,244,4.51,2026-08-18 06:03:00
KP015288,KW11583,2026-08-19,FR,Desktop,1728,38.0,46,795,5.79,2026-08-19 16:05:00
KP015289,KW11929,2026-08-20,MX,Desktop,3292,35.0,55,1064,5.17,2026-08-20 09:36:00
KP015290,KW10668,2026-08-21,UK,Mobile,3184,45.0,7,160,4.38,2026-08-21 22:25:00
KP015291,KW10899,2026-08-22,AU,Desktop,898,40.0,11,281,3.91,2026-08-22 04:28:00
KP015292,KW11347,2026-08-23,JP,Mobile,3178,45.0,16,325,4.92,2026-08-23 03:48:00
KP015293,KW11409,2026-08-24,CA,Mobile,1634,10.0,74,643,11.51,2026-08-24 05:19:00
KP015294,KW11040,2026-08-25,DE,Mobile,638,11.0,19,192,9.9,2026-08-25 16:07:00
KP015295,KW11380,2026-08-26,US,Tablet,12245,43.0,40,973,4.11,2026-08-26 07:40:00
KP015296,KW10133,2026-08-27,UK,Mobile,3804,42.0,84,1792,4.69,2026-08-27 15:55:00
KP015297,KW10229,2026-08-28,FR,Desktop,5249,22.0,173,2729,6.34,2026-08-28 05:38:00
KP015298,KW11427,2026-08-29,FR,Mobile,2384,13.0,109,1041,10.47,2026-08-29 13:49:00
KP015299,KW10866,2026-08-30,CA,Desktop,7565,43.0,96,2003,4.79,2026-08-30 14:35:00
KP015300,KW10131,2026-08-31,JP,Mobile,5952,10.0,231,2798,8.26,2026-08-31 12:26:00
KP015301,KW10157,2026-09-01,MX,Desktop,2295,27.0,63,1133,5.56,2026-09-01 02:30:00
KP015302,KW11675,2026-09-02,DE,Desktop,2438,29.0,80,1222,6.55,2026-09-02 23:40:00
KP015303,KW11378,2026-09-03,CA,Mobile,3339,26.0,12,269,4.46,2026-09-03 11:59:00
KP015304,KW11385,2026-09-04,DE,Desktop,10561,48.0,91,1751,5.2,2026-09-04 15:39:00
KP015305,KW10954,2026-09-05,JP,Mobile,4435,48.0,30,872,3.44,2026-09-05 09:45:00
KP015306,KW10119,2026-09-06,JP,Desktop,3163,33.0,23,474,4.85,2026-09-06 23:08:00
KP015307,KW11644,2026-09-07,CA,Desktop,1358,12.0,59,620,9.52,2026-09-07 13:08:00
KP015308,KW10463,2026-09-08,FR,Mobile,1890,3.0,94,512,18.36,2026-09-08 16:49:00
KP015309,KW10758,2026-09-09,JP,Mobile,5438,39.0,17,404,4.21,2026-09-09 20:51:00
KP015310,KW10393,2026-09-10,US,Desktop,1592,50.0,8,212,3.77,2026-09-10 19:02:00
KP015311,KW11512,2026-09-11,JP,Desktop,3172,11.0,57,624,9.13,2026-09-11 03:35:00
KP015312,KW10341,2026-09-12,US,Mobile,4625,39.0,112,2338,4.79,2026-09-12 15:29:00
KP015313,KW11774,2026-09-13,US,Mobile,1257,25.0,4,71,5.63,2026-09-13 01:39:00
KP015314,KW10824,2026-09-14,CA,Desktop,1404,11.0,35,353,9.92,2026-09-14 20:40:00
KP015315,KW11369,2026-09-15,JP,Desktop,1452,32.0,33,579,5.7,2026-09-15 22:32:00
KP015316,KW11885,2026-09-16,FR,Mobile,6714,24.0,153,2150,7.12,2026-09-16 12:51:00
KP015317,KW10914,2026-09-17,AU,Desktop,1206,35.0,24,510,4.71,2026-09-17 09:45:00
KP015318,KW10372,2026-09-18,DE,Desktop,5695,22.0,188,2387,7.88,2026-09-18 23:13:00
KP015319,KW11669,2026-09-19,BR,Desktop,564,16.0,18,228,7.89,2026-09-19 08:02:00
KP015320,KW11816,2026-09-20,MX,Desktop,2873,29.0,75,1357,5.53,2026-09-20 12:49:00
KP015321,KW10231,2026-09-21,JP,Mobile,1482,22.0,51,782,6.52,2026-09-21 13:54:00
KP015322,KW11366,2026-09-22,JP,Desktop,2503,23.0,59,1202,4.91,2026-09-22 22:45:00
KP015323,KW11098,2026-09-23,BR,Desktop,1600,47.0,34,845,4.02,2026-09-23 00:41:00
KP015324,KW10785,2026-09-24,IN,Desktop,1444,36.0,43,732,5.87,2026-09-24 16:00:00
KP015325,KW11352,2026-09-25,DE,Mobile,1635,21.0,52,714,7.28,2026-09-25 15:36:00
KP015326,KW11122,2026-09-26,IN,Mobile,1387,20.0,8,106,7.55,2026-09-26 08:22:00
KP015327,KW10523,2026-09-27,UK,Desktop,9500,27.0,108,1879,5.75,2026-09-27 00:44:00
KP015328,KW11630,2026-09-28,FR,Mobile,1436,1.0,106,305,34.75,2026-09-28 14:34:00
KP015329,KW10619,2026-09-29,US,Mobile,8096,27.0,231,4414,5.23,2026-09-29 00:42:00
KP015330,KW10969,2026-09-30,BR,Tablet,755,9.0,29,267,10.86,2026-09-30 11:05:00
KP015574,KW11011,2026-06-01,FR,Mobile,6499,6.0,296,2454,12.06,2026-06-01 19:15:00
KP015575,KW11960,2026-06-02,DE,Mobile,1682,37.0,26,539,4.82,2026-06-02 04:42:00
KP015576,KW10894,2026-06-03,DE,Desktop,7763,3.0,399,1753,22.76,2026-06-03 12:00:00
KP015577,KW11871,2026-06-04,MX,Tablet,4349,33.0,89,2215,4.02,2026-06-04 05:06:00
KP015578,KW11090,2026-06-05,FR,Mobile,18487,27.0,617,10103,6.11,2026-06-05 07:28:00
KP015579,KW11236,2026-06-06,UK,Tablet,2106,45.0,7,225,3.11,2026-06-06 16:42:00
KP015580,KW11010,2026-06-07,AU,Desktop,2534,31.0,59,1300,4.54,2026-06-07 16:17:00
KP015581,KW11427,2026-06-08,FR,Mobile,2389,4.0,168,1273,13.2,2026-06-08 08:00:00
KP015582,KW10368,2026-06-09,BR,Mobile,3391,46.0,38,1182,3.21,2026-06-09 06:01:00
KP015583,KW10274,2026-06-10,IN,Tablet,2476,19.0,78,1013,7.7,2026-06-10 18:35:00
KP015584,KW10770,2026-06-11,IN,Mobile,5366,2.0,339,1812,18.71,2026-06-11 18:34:00
KP015585,KW10989,2026-06-12,BR,Mobile,3405,2.0,214,1051,20.36,2026-06-12 22:25:00
KP015586,KW10470,2026-06-13,MX,Mobile,1097,40.0,14,341,4.11,2026-06-13 09:31:00
KP015587,KW11057,2026-06-14,AU,Desktop,21631,44.0,291,7761,3.75,2026-06-14 23:41:00
KP015588,KW10660,2026-06-15,CA,Desktop,927,16.0,15,210,7.14,2026-06-15 21:20:00
KP015589,KW10124,2026-06-16,IN,Desktop,2404,48.0,6,168,3.57,2026-06-16 08:06:00
KP015590,KW11908,2026-06-17,UK,Desktop,2465,9.0,40,387,10.34,2026-06-17 04:15:00
KP015591,KW11711,2026-06-18,MX,Mobile,1577,22.0,23,343,6.71,2026-06-18 17:02:00
KP015592,KW10993,2026-06-19,AU,Mobile,3122,2.0,95,436,21.79,2026-06-19 04:30:00
KP015593,KW11046,2026-06-20,CA,Mobile,4217,38.0,71,1997,3.56,2026-06-20 01:08:00
KP015594,KW10937,2026-06-21,UK,Mobile,846,33.0,7,140,5.0,2026-06-21 06:45:00
KP015595,KW10001,2026-06-22,IN,Mobile,3742,6.0,61,573,10.65,2026-06-22 16:10:00
KP015596,KW10311,2026-06-23,JP,Mobile,4923,38.0,39,840,4.64,2026-06-23 14:56:00
KP015597,KW11037,2026-06-24,MX,Tablet,1832,26.0,59,941,6.27,2026-06-24 16:39:00
KP015598,KW11060,2026-06-25,US,Mobile,748,22.0,6,87,6.9,2026-06-25 18:44:00
KP015599,KW10771,2026-06-26,IN,Mobile,1907,30.0,36,752,4.79,2026-06-26 18:53:00
KP015600,KW11170,2026-06-27,BR,Desktop,1106,39.0,14,399,3.51,2026-06-27 08:08:00
KP015601,KW10753,2026-06-28,BR,Mobile,4068,22.0,123,2158,5.7,2026-06-28 21:30:00
KP015602,KW10346,2026-06-29,CA,Mobile,1663,29.0,44,684,6.43,2026-06-29 19:31:00
KP015603,KW10957,2026-06-30,MX,Desktop,4485,23.0,66,939,7.03,2026-06-30 14:37:00
KP015604,KW11529,2026-07-01,CA,Desktop,5842,41.0,98,2175,4.51,2026-07-01 15:27:00
KP015605,KW10680,2026-07-02,JP,Mobile,2447,3.0,115,774,14.86,2026-07-02 12:28:00
KP015606,KW10831,2026-07-03,DE,Desktop,979,5.0,53,402,13.18,2026-07-03 13:32:00
KP015607,KW11640,2026-07-04,US,Desktop,4200,29.0,27,428,6.31,2026-07-04 20:06:00
KP015608,KW10569,2026-07-05,MX,Desktop,1120,9.0,12,107,11.21,2026-07-05 10:24:00
KP015609,KW10113,2026-07-06,FR,Mobile,1489,6.0,100,702,14.25,2026-07-06 07:32:00
KP015610,KW11372,2026-07-07,AU,Mobile,274,42.0,3,72,4.17,2026-07-07 00:10:00
KP015611,KW10305,2026-07-08,CA,Mobile,2941,2.0,360,1532,23.5,2026-07-08 03:49:00
KP015612,KW11572,2026-07-09,IN,Desktop,10344,42.0,216,5444,3.97,2026-07-09 10:59:00
KP015613,KW11796,2026-07-10,FR,Mobile,3691,32.0,22,406,5.42,2026-07-10 20:55:00
KP015614,KW11787,2026-07-11,MX,Mobile,2524,28.0,57,1207,4.72,2026-07-11 06:23:00
KP015615,KW10818,2026-07-12,AU,Desktop,1284,19.0,49,574,8.54,2026-07-12 08:50:00
KP015616,KW11155,2026-07-13,JP,Tablet,2578,15.0,35,399,8.77,2026-07-13 16:07:00
KP015617,KW11254,2026-07-14,US,Mobile,3373,14.0,125,1389,9.0,2026-07-14 16:03:00
KP015618,KW11227,2026-07-15,FR,Mobile,45082,16.0,1550,16871,9.19,2026-07-15 14:41:00
KP015619,KW10660,2026-07-16,IN,Desktop,11845,10.0,478,4232,11.29,2026-07-16 04:42:00
KP015620,KW11334,2026-07-17,CA,Desktop,1820,26.0,30,559,5.37,2026-07-17 02:08:00
KP015621,KW10521,2026-07-18,UK,Desktop,1972,23.0,21,390,5.38,2026-07-18 11:06:00
KP015622,KW11822,2026-07-19,UK,Mobile,7760,17.0,223,3084,7.23,2026-07-19 13:31:00
KP015623,KW10216,2026-07-20,CA,Desktop,4903,38.0,89,2123,4.19,2026-07-20 14:07:00
KP015624,KW11340,2026-07-21,IN,Mobile,9037,19.0,48,695,6.91,2026-07-21 13:45:00
KP015625,KW11549,2026-07-22,AU,Mobile,2095,31.0,46,1052,4.37,2026-07-22 07:59:00
KP015626,KW11201,2026-07-23,UK,Desktop,5942,2.0,349,1419,24.59,2026-07-23 15:45:00
KP015627,KW11966,2026-07-24,US,Desktop,5417,23.0,103,1384,7.44,2026-07-24 19:58:00
KP015628,KW11816,2026-07-25,IN,Desktop,14328,12.0,557,7355,7.57,2026-07-25 19:40:00
KP015629,KW10609,2026-07-26,JP,Tablet,2497,25.0,11,254,4.33,2026-07-26 15:49:00
KP015630,KW10024,2026-07-27,FR,Mobile,9006,31.0,101,1995,5.06,2026-07-27 07:16:00
KP015631,KW11982,2026-07-28,MX,Mobile,8459,47.0,89,2259,3.94,2026-07-28 03:11:00
KP015632,KW11276,2026-07-29,MX,Mobile,6568,49.0,84,2580,3.26,2026-07-29 02:46:00
KP015633,KW11026,2026-07-30,JP,Desktop,15197,29.0,180,3412,5.28,2026-07-30 05:55:00
KP015634,KW11668,2026-07-31,US,Desktop,3138,11.0,60,702,8.55,2026-07-31 12:20:00
KP015635,KW11913,2026-08-01,AU,Desktop,3544,37.0,12,250,4.8,2026-08-01 16:37:00
KP015636,KW10321,2026-08-02,DE,Mobile,2643,33.0,8,156,5.13,2026-08-02 11:34:00
KP015637,KW10892,2026-08-03,UK,Desktop,1133,47.0,27,567,4.76,2026-08-03 16:43:00
KP015638,KW11120,2026-08-04,BR,Tablet,4540,36.0,109,2235,4.88,2026-08-04 00:22:00
KP015639,KW10619,2026-08-05,UK,Desktop,4993,41.0,66,1331,4.96,2026-08-05 19:57:00
KP015640,KW10497,2026-08-06,DE,Mobile,6174,42.0,44,980,4.49,2026-08-06 16:58:00
KP015641,KW11300,2026-08-07,IN,Mobile,2051,40.0,29,523,5.54,2026-08-07 00:16:00
KP015642,KW11340,2026-08-08,MX,Desktop,2796,29.0,63,1121,5.62,2026-08-08 19:00:00
KP015643,KW10798,2026-08-09,CA,Desktop,8618,8.0,94,738,12.74,2026-08-09 23:58:00
KP015644,KW10935,2026-08-10,JP,Desktop,1022,36.0,9,195,4.62,2026-08-10 23:44:00
KP015645,KW10904,2026-08-11,CA,Mobile,1772,35.0,50,913,5.48,2026-08-11 21:18:00
KP015646,KW11344,2026-08-12,BR,Mobile,3672,2.0,170,609,27.91,2026-08-12 18:57:00
KP015647,KW11216,2026-08-13,FR,Desktop,3859,32.0,79,1826,4.33,2026-08-13 04:23:00
KP015648,KW10934,2026-08-14,IN,Tablet,555,48.0,6,130,4.62,2026-08-14 03:33:00
KP015649,KW10569,2026-08-15,AU,Mobile,5223,8.0,126,1185,10.63,2026-08-15 03:46:00
KP015650,KW11577,2026-08-16,DE,Mobile,2789,4.0,232,1377,16.85,2026-08-16 23:11:00
KP015651,KW11099,2026-08-17,AU,Desktop,1022,50.0,18,517,3.48,2026-08-17 11:05:00
KP015652,KW10996,2026-08-18,JP,Desktop,6726,5.0,245,1537,15.94,2026-08-18 06:32:00
KP015653,KW11196,2026-08-19,MX,Desktop,2104,16.0,44,669,6.58,2026-08-19 13:27:00
KP015654,KW11449,2026-08-20,UK,Mobile,1588,37.0,6,181,3.31,2026-08-20 19:48:00
KP015655,KW10096,2026-08-21,AU,Mobile,8282,32.0,109,2745,3.97,2026-08-21 13:20:00
KP015656,KW11399,2026-08-22,JP,Mobile,3313,5.0,181,1238,14.62,2026-08-22 18:02:00
KP015657,KW11310,2026-08-23,MX,Desktop,3252,40.0,10,271,3.69,2026-08-23 13:12:00
KP015658,KW10362,2026-08-24,AU,Desktop,1247,36.0,16,313,5.11,2026-08-24 20:33:00
KP015659,KW10700,2026-08-25,MX,Desktop,861,46.0,15,368,4.08,2026-08-25 16:26:00
KP015660,KW10252,2026-08-26,UK,Mobile,1359,30.0,12,203,5.91,2026-08-26 16:31:00
KP015661,KW10736,2026-08-27,BR,Mobile,5989,14.0,90,1042,8.64,2026-08-27 10:55:00
KP015662,KW11103,2026-08-28,BR,Mobile,1811,36.0,44,757,5.81,2026-08-28 23:11:00
KP015663,KW10450,2026-08-29,FR,Mobile,49388,10.0,1402,11399,12.3,2026-08-29 02:25:00
KP015664,KW10102,2026-08-30,FR,Desktop,1734,25.0,47,843,5.58,2026-08-30 07:06:00
KP015665,KW11015,2026-08-31,AU,Desktop,5887,5.0,281,1918,14.65,2026-08-31 12:07:00
KP015666,KW10423,2026-09-01,CA,Mobile,804,50.0,16,334,4.79,2026-09-01 23:04:00
KP015667,KW10964,2026-09-02,DE,Desktop,1610,47.0,9,256,3.52,2026-09-02 16:09:00
KP015668,KW10094,2026-09-03,FR,Tablet,3144,27.0,75,1272,5.9,2026-09-03 08:26:00
KP015669,KW11717,2026-09-04,DE,Desktop,4299,49.0,11,334,3.29,2026-09-04 18:14:00
KP015670,KW10135,2026-09-05,JP,Mobile,1347,41.0,7,140,5.0,2026-09-05 20:48:00
KP015671,KW10060,2026-09-06,BR,Mobile,2882,36.0,47,797,5.9,2026-09-06 09:07:00
KP015672,KW11164,2026-09-07,US,Desktop,5011,4.0,211,1174,17.97,2026-09-07 16:33:00
KP015673,KW11297,2026-09-08,IN,Mobile,1712,34.0,5,95,5.26,2026-09-08 03:31:00
KP015674,KW11179,2026-09-09,DE,Desktop,638,33.0,10,186,5.38,2026-09-09 15:11:00
KP015675,KW11839,2026-09-10,BR,Mobile,3021,35.0,87,1574,5.53,2026-09-10 08:13:00
KP015676,KW10738,2026-09-11,BR,Desktop,1703,2.0,38,161,23.6,2026-09-11 19:12:00
KP015677,KW10370,2026-09-12,BR,Mobile,9060,23.0,322,4215,7.64,2026-09-12 12:12:00
KP015678,KW10298,2026-09-13,IN,Mobile,1591,29.0,7,154,4.55,2026-09-13 02:07:00
KP015679,KW11600,2026-09-14,US,Mobile,933,15.0,10,115,8.7,2026-09-14 23:37:00
KP015680,KW10130,2026-09-15,IN,Mobile,780,2.0,71,348,20.4,2026-09-15 04:00:00
KP015681,KW10811,2026-09-16,US,Mobile,2211,4.0,128,1011,12.66,2026-09-16 17:16:00
KP015682,KW11775,2026-09-17,BR,Desktop,1830,5.0,102,639,15.96,2026-09-17 15:26:00
KP015683,KW11138,2026-09-18,BR,Desktop,8023,41.0,124,3067,4.04,2026-09-18 10:48:00
KP015684,KW10197,2026-09-19,CA,Mobile,4810,15.0,57,755,7.55,2026-09-19 09:56:00
KP015685,KW11756,2026-09-20,CA,Mobile,4237,37.0,27,671,4.02,2026-09-20 14:04:00
KP015686,KW11730,2026-09-21,US,Desktop,13180,23.0,344,4448,7.73,2026-09-21 13:39:00
KP015687,KW11095,2026-09-22,AU,Tablet,2417,27.0,72,1311,5.49,2026-09-22 00:18:00
KP015688,KW10267,2026-09-23,US,Desktop,870,13.0,7,100,7.0,2026-09-23 01:18:00
KP015689,KW11218,2026-09-24,FR,Mobile,6192,7.0,102,812,12.56,2026-09-24 23:17:00
KP015690,KW10528,2026-09-25,BR,Mobile,4664,18.0,215,2562,8.39,2026-09-25 14:15:00
KP015691,KW10799,2026-09-26,CA,Desktop,603,12.0,6,82,7.32,2026-09-26 14:10:00
KP015692,KW10068,2026-09-27,DE,Mobile,10586,5.0,323,1826,17.69,2026-09-27 05:40:00
KP015693,KW10090,2026-09-28,CA,Mobile,3749,16.0,66,1008,6.55,2026-09-28 23:43:00
KP015694,KW11157,2026-09-29,FR,Desktop,1762,27.0,51,883,5.78,2026-09-29 22:00:00
KP015695,KW10388,2026-09-30,CA,Desktop,1165,33.0,3,66,4.55,2026-09-30 16:43:00
KP015939,KW10332,2026-06-01,JP,Mobile,1285,24.0,22,416,5.29,2026-06-01 19:42:00
KP015940,KW10027,2026-06-02,AU,Mobile,3300,15.0,64,933,6.86,2026-06-02 05:40:00
KP015941,KW10583,2026-06-03,JP,Desktop,1451,20.0,18,238,7.56,2026-06-03 21:44:00
KP015942,KW11852,2026-06-04,UK,Mobile,2212,47.0,17,478,3.56,2026-06-04 12:08:00
KP015943,KW11795,2026-06-05,IN,Mobile,3574,1.0,259,741,34.95,2026-06-05 06:20:00
KP015944,KW10034,2026-06-06,BR,Tablet,20975,12.0,298,2764,10.78,2026-06-06 03:33:00
KP015945,KW11754,2026-06-07,CA,Mobile,4476,40.0,95,2421,3.92,2026-06-07 08:27:00
KP015946,KW11790,2026-06-08,IN,Mobile,1592,18.0,20,320,6.25,2026-06-08 04:17:00
KP015947,KW10843,2026-06-09,CA,Desktop,7665,24.0,101,1395,7.24,2026-06-09 17:55:00
KP015948,KW10690,2026-06-10,BR,Desktop,4142,10.0,140,1760,7.95,2026-06-10 08:14:00
KP015949,KW11136,2026-06-11,JP,Desktop,1471,27.0,28,514,5.45,2026-06-11 16:58:00
KP015950,KW11975,2026-06-12,AU,Mobile,26033,27.0,340,7386,4.6,2026-06-12 02:54:00
KP015951,KW10050,2026-06-13,AU,Desktop,2215,16.0,44,530,8.3,2026-06-13 20:06:00
KP015952,KW10417,2026-06-14,AU,Desktop,3659,20.0,107,1787,5.99,2026-06-14 18:36:00
KP015953,KW11667,2026-06-15,JP,Desktop,1788,21.0,36,644,5.59,2026-06-15 05:23:00
KP015954,KW10582,2026-06-16,AU,Desktop,21827,1.0,1436,4103,35.0,2026-06-16 17:52:00
KP015955,KW10426,2026-06-17,BR,Tablet,1889,34.0,8,220,3.64,2026-06-17 12:04:00
KP015956,KW10425,2026-06-18,US,Desktop,2340,18.0,12,204,5.88,2026-06-18 01:00:00
KP015957,KW10276,2026-06-19,IN,Desktop,4402,40.0,116,2170,5.35,2026-06-19 21:03:00
KP015958,KW10986,2026-06-20,DE,Desktop,3142,23.0,20,268,7.46,2026-06-20 12:03:00
KP015959,KW10659,2026-06-21,CA,Mobile,4466,38.0,32,677,4.73,2026-06-21 19:27:00
KP015960,KW11176,2026-06-22,JP,Mobile,9724,21.0,136,2035,6.68,2026-06-22 01:34:00
KP015961,KW10984,2026-06-23,UK,Desktop,2145,2.0,191,689,27.72,2026-06-23 12:37:00
KP015962,KW10080,2026-06-24,AU,Mobile,13978,30.0,361,5403,6.68,2026-06-24 03:53:00
KP015963,KW10014,2026-06-25,US,Mobile,526,27.0,6,106,5.66,2026-06-25 00:17:00
KP015964,KW10667,2026-06-26,BR,Mobile,2635,30.0,84,1345,6.25,2026-06-26 08:55:00
KP015965,KW11087,2026-06-27,AU,Desktop,6213,49.0,29,636,4.56,2026-06-27 11:33:00
KP015966,KW10934,2026-06-28,JP,Desktop,1060,50.0,9,297,3.03,2026-06-28 00:13:00
KP015967,KW11821,2026-06-29,CA,Desktop,25826,23.0,530,8429,6.29,2026-06-29 23:04:00
KP015968,KW10932,2026-06-30,IN,Mobile,527,3.0,23,148,15.54,2026-06-30 22:01:00
KP015969,KW10948,2026-07-01,MX,Desktop,4001,39.0,18,325,5.54,2026-07-01 15:13:00
KP015970,KW11822,2026-07-02,UK,Desktop,4323,16.0,92,1152,7.99,2026-07-02 08:14:00
KP015971,KW11672,2026-07-03,AU,Mobile,5871,42.0,138,2684,5.14,2026-07-03 00:54:00
KP015972,KW11958,2026-07-04,FR,Desktop,6221,7.0,484,3234,14.97,2026-07-04 15:55:00
KP015973,KW11705,2026-07-05,US,Mobile,296,43.0,6,124,4.84,2026-07-05 00:40:00
KP015974,KW11578,2026-07-06,DE,Desktop,20365,33.0,295,7064,4.18,2026-07-06 11:38:00
KP015975,KW10928,2026-07-07,US,Mobile,5847,47.0,81,2167,3.74,2026-07-07 05:54:00
KP015976,KW11264,2026-07-08,UK,Mobile,2528,2.0,261,983,26.55,2026-07-08 23:37:00
KP015977,KW10754,2026-07-09,IN,Mobile,1157,48.0,3,78,3.85,2026-07-09 14:11:00
KP015978,KW11844,2026-07-10,MX,Mobile,4803,3.0,135,576,23.44,2026-07-10 06:57:00
KP015979,KW11835,2026-07-11,DE,Desktop,2403,47.0,34,756,4.5,2026-07-11 19:32:00
KP015980,KW11521,2026-07-12,FR,Desktop,765,27.0,25,387,6.46,2026-07-12 23:30:00
KP015981,KW10974,2026-07-13,MX,Mobile,7304,39.0,60,1247,4.81,2026-07-13 22:50:00
KP015982,KW10412,2026-07-14,CA,Mobile,2866,49.0,7,202,3.47,2026-07-14 21:17:00
KP015983,KW11643,2026-07-15,AU,Mobile,618,13.0,15,182,8.24,2026-07-15 07:43:00
KP015984,KW11787,2026-07-16,AU,Desktop,2360,28.0,33,479,6.89,2026-07-16 21:11:00
KP015985,KW11428,2026-07-17,MX,Desktop,8966,5.0,424,2560,16.56,2026-07-17 09:45:00
KP015986,KW10390,2026-07-18,BR,Mobile,882,34.0,15,320,4.69,2026-07-18 04:30:00
KP015987,KW10694,2026-07-19,CA,Desktop,6672,47.0,98,3108,3.15,2026-07-19 00:44:00
KP015988,KW10106,2026-07-20,DE,Desktop,1648,48.0,21,480,4.38,2026-07-20 04:51:00
KP015989,KW11282,2026-07-21,JP,Desktop,1324,34.0,38,674,5.64,2026-07-21 15:55:00
KP015990,KW11421,2026-07-22,BR,Mobile,620,35.0,9,250,3.6,2026-07-22 22:35:00
KP015991,KW10235,2026-07-23,IN,Desktop,4879,10.0,65,816,7.97,2026-07-23 17:52:00
KP015992,KW11731,2026-07-24,MX,Desktop,2023,46.0,16,350,4.57,2026-07-24 00:28:00
KP015993,KW10765,2026-07-25,FR,Mobile,16622,23.0,104,1586,6.56,2026-07-25 05:03:00
KP015994,KW10425,2026-07-26,AU,Desktop,12589,15.0,344,5451,6.31,2026-07-26 02:28:00
KP015995,KW11223,2026-07-27,US,Mobile,3603,46.0,89,1785,4.99,2026-07-27 01:24:00
KP015996,KW10433,2026-07-28,DE,Desktop,2420,37.0,11,318,3.46,2026-07-28 07:43:00
KP015997,KW10749,2026-07-29,BR,Desktop,4354,32.0,74,1550,4.77,2026-07-29 08:38:00
KP015998,KW11166,2026-07-30,JP,Desktop,3093,32.0,57,1271,4.48,2026-07-30 04:53:00
KP015999,KW11596,2026-07-31,AU,Desktop,1985,35.0,17,277,6.14,2026-07-31 02:13:00
KP016000,KW10407,2026-08-01,US,Mobile,2832,46.0,59,1164,5.07,2026-08-01 21:52:00
KP016001,KW11432,2026-08-02,MX,Mobile,20323,24.0,535,8664,6.17,2026-08-02 04:09:00
KP016002,KW11539,2026-08-03,AU,Mobile,2260,36.0,22,503,4.37,2026-08-03 03:31:00
KP016003,KW11945,2026-08-04,FR,Desktop,1863,33.0,47,813,5.78,2026-08-04 07:35:00
KP016004,KW11199,2026-08-05,UK,Mobile,3285,24.0,72,1131,6.37,2026-08-05 10:13:00
KP016005,KW10826,2026-08-06,MX,Desktop,31736,25.0,740,10414,7.11,2026-08-06 01:20:00
KP016006,KW11060,2026-08-07,UK,Mobile,1505,8.0,12,96,12.5,2026-08-07 09:36:00
KP016007,KW10911,2026-08-08,UK,Mobile,3809,35.0,94,2086,4.51,2026-08-08 17:32:00
KP016008,KW10312,2026-08-09,MX,Mobile,4267,10.0,122,1453,8.4,2026-08-09 15:36:00
KP016009,KW11195,2026-08-10,MX,Desktop,708,4.0,48,241,19.92,2026-08-10 00:37:00
KP016010,KW10608,2026-08-11,CA,Desktop,2254,48.0,7,176,3.98,2026-08-11 07:54:00
KP016011,KW11289,2026-08-12,BR,Desktop,961,23.0,9,171,5.26,2026-08-12 05:53:00
KP016012,KW11005,2026-08-13,FR,Desktop,573,18.0,24,313,7.67,2026-08-13 05:19:00
KP016013,KW11110,2026-08-14,AU,Tablet,548,27.0,11,174,6.32,2026-08-14 14:06:00
KP016014,KW11375,2026-08-15,US,Mobile,3428,41.0,60,1638,3.66,2026-08-15 15:21:00
KP016015,KW10678,2026-08-16,CA,Mobile,2648,9.0,154,1294,11.9,2026-08-16 15:52:00
KP016016,KW10004,2026-08-17,DE,Desktop,6277,16.0,40,669,5.98,2026-08-17 06:55:00
KP016017,KW10210,2026-08-18,UK,Mobile,5823,19.0,144,1992,7.23,2026-08-18 07:01:00
KP016018,KW10364,2026-08-19,CA,Tablet,1605,25.0,46,792,5.81,2026-08-19 17:41:00
KP016019,KW10087,2026-08-20,JP,Mobile,2691,9.0,121,1296,9.34,2026-08-20 03:19:00
KP016020,KW10744,2026-08-21,AU,Desktop,3196,3.0,145,966,15.01,2026-08-21 07:44:00
KP016021,KW11213,2026-08-22,JP,Mobile,1433,46.0,12,295,4.07,2026-08-22 10:00:00
KP016022,KW11787,2026-08-23,UK,Mobile,5524,9.0,230,2848,8.08,2026-08-23 17:04:00
KP016023,KW11742,2026-08-24,AU,Mobile,6827,33.0,19,439,4.33,2026-08-24 20:52:00
KP016024,KW11740,2026-08-25,FR,Desktop,4444,26.0,49,827,5.93,2026-08-25 05:21:00
KP016025,KW11387,2026-08-26,IN,Desktop,780,19.0,18,231,7.79,2026-08-26 15:12:00
KP016026,KW11624,2026-08-27,BR,Mobile,7276,38.0,49,839,5.84,2026-08-27 03:09:00
KP016027,KW11644,2026-08-28,BR,Mobile,5357,20.0,181,2758,6.56,2026-08-28 16:07:00
KP016028,KW10042,2026-08-29,MX,Desktop,497,26.0,14,240,5.83,2026-08-29 00:55:00
KP016029,KW11098,2026-08-30,JP,Mobile,14284,30.0,208,4486,4.64,2026-08-30 21:51:00
KP016030,KW11881,2026-08-31,FR,Desktop,2693,43.0,37,1119,3.31,2026-08-31 20:05:00
KP016031,KW10197,2026-09-01,UK,Desktop,2425,45.0,20,558,3.58,2026-09-01 04:56:00
KP016032,KW10604,2026-09-02,US,Mobile,6995,20.0,214,2886,7.42,2026-09-02 05:14:00
KP016033,KW10244,2026-09-03,FR,Mobile,5624,49.0,126,2830,4.45,2026-09-03 03:41:00
KP016034,KW11353,2026-09-04,AU,Desktop,3628,6.0,122,1134,10.76,2026-09-04 18:50:00
KP016035,KW11747,2026-09-05,CA,Desktop,937,13.0,24,289,8.3,2026-09-05 21:44:00
KP016036,KW11829,2026-09-06,JP,Tablet,456,10.0,11,111,9.91,2026-09-06 22:37:00
KP016037,KW11157,2026-09-07,US,Desktop,2230,5.0,28,167,16.77,2026-09-07 18:24:00
KP016038,KW10377,2026-09-08,FR,Mobile,3530,11.0,34,365,9.32,2026-09-08 08:01:00
KP016039,KW10542,2026-09-09,CA,Desktop,6977,22.0,126,2382,5.29,2026-09-09 14:32:00
KP016040,KW11459,2026-09-10,US,Desktop,5624,33.0,64,1301,4.92,2026-09-10 05:10:00
KP016041,KW11559,2026-09-11,JP,Desktop,495,39.0,6,137,4.38,2026-09-11 16:03:00
KP016042,KW11078,2026-09-12,BR,Desktop,6336,2.0,436,2400,18.17,2026-09-12 16:06:00
KP016043,KW10596,2026-09-13,DE,Mobile,4149,28.0,89,1787,4.98,2026-09-13 17:59:00
KP016044,KW10054,2026-09-14,DE,Mobile,1874,14.0,63,909,6.93,2026-09-14 06:02:00
KP016045,KW10659,2026-09-15,CA,Mobile,8642,6.0,536,4658,11.51,2026-09-15 08:19:00
KP016046,KW11861,2026-09-16,FR,Desktop,7607,49.0,39,1014,3.85,2026-09-16 05:47:00
KP016047,KW11088,2026-09-17,MX,Desktop,1047,2.0,89,381,23.36,2026-09-17 15:14:00
KP016048,KW10952,2026-09-18,MX,Desktop,1474,44.0,15,342,4.39,2026-09-18 23:43:00
KP016049,KW11845,2026-09-19,IN,Desktop,2946,6.0,208,1562,13.32,2026-09-19 21:38:00
KP016050,KW10374,2026-09-20,MX,Mobile,1396,10.0,63,584,10.79,2026-09-20 11:05:00
KP016051,KW10820,2026-09-21,AU,Mobile,2067,26.0,9,213,4.23,2026-09-21 09:57:00
KP016052,KW11217,2026-09-22,BR,Mobile,5035,10.0,69,807,8.55,2026-09-22 19:14:00
KP016053,KW11401,2026-09-23,AU,Desktop,4086,20.0,93,1262,7.37,2026-09-23 05:14:00
KP016054,KW11174,2026-09-24,DE,Desktop,932,32.0,26,441,5.9,2026-09-24 10:24:00
KP016055,KW10376,2026-09-25,FR,Mobile,4874,31.0,156,2615,5.97,2026-09-25 21:18:00
KP016056,KW11818,2026-09-26,FR,Desktop,6387,39.0,42,1193,3.52,2026-09-26 06:25:00
KP016057,KW11257,2026-09-27,FR,Desktop,4648,20.0,18,235,7.66,2026-09-27 12:15:00
KP016058,KW11420,2026-09-28,DE,Desktop,4851,6.0,227,2086,10.88,2026-09-28 08:34:00
KP016059,KW10850,2026-09-29,CA,Desktop,4868,29.0,86,2070,4.15,2026-09-29 18:17:00
KP016060,KW11582,2026-09-30,JP,Mobile,18104,1.0,2952,8794,33.57,2026-09-30 07:45:00
KP016304,KW11710,2026-06-01,JP,Desktop,1533,22.0,27,440,6.14,2026-06-01 03:35:00
KP016305,KW10950,2026-06-02,US,Desktop,2332,2.0,48,216,22.22,2026-06-02 07:31:00
KP016306,KW11493,2026-06-03,DE,Mobile,2199,14.0,75,775,9.68,2026-06-03 14:00:00
KP016307,KW11841,2026-06-04,MX,Tablet,2190,3.0,45,312,14.42,2026-06-04 17:46:00
KP016308,KW10577,2026-06-05,AU,Mobile,6755,16.0,226,2473,9.14,2026-06-05 21:44:00
KP016309,KW10177,2026-06-06,CA,Mobile,1971,47.0,29,819,3.54,2026-06-06 08:18:00
KP016310,KW10432,2026-06-07,JP,Desktop,613,38.0,9,203,4.43,2026-06-07 19:35:00
KP016311,KW11674,2026-06-08,CA,Mobile,18158,40.0,118,2861,4.12,2026-06-08 05:48:00
KP016312,KW10077,2026-06-09,IN,Mobile,7702,16.0,265,2915,9.09,2026-06-09 04:45:00
KP016313,KW11942,2026-06-10,UK,Desktop,2895,39.0,40,1067,3.75,2026-06-10 03:10:00
KP016314,KW11025,2026-06-11,BR,Mobile,4389,48.0,53,1631,3.25,2026-06-11 22:39:00
KP016315,KW11415,2026-06-12,JP,Desktop,8940,12.0,206,1965,10.48,2026-06-12 14:12:00
KP016316,KW10495,2026-06-13,FR,Desktop,9691,9.0,382,3314,11.53,2026-06-13 22:16:00
KP016317,KW11333,2026-06-14,MX,Desktop,1220,2.0,40,185,21.62,2026-06-14 02:11:00
KP016318,KW11694,2026-06-15,FR,Desktop,1184,41.0,32,585,5.47,2026-06-15 18:46:00
KP016319,KW11273,2026-06-16,DE,Mobile,1472,47.0,27,791,3.41,2026-06-16 03:46:00
KP016320,KW11125,2026-06-17,BR,Mobile,1355,25.0,46,718,6.41,2026-06-17 00:38:00
KP016321,KW11292,2026-06-18,AU,Desktop,1609,47.0,9,273,3.3,2026-06-18 10:22:00
KP016322,KW10154,2026-06-19,US,Mobile,3308,1.0,193,676,28.55,2026-06-19 03:27:00
KP016323,KW10742,2026-06-20,UK,Mobile,1523,23.0,27,385,7.01,2026-06-20 04:26:00
KP016324,KW11295,2026-06-21,US,Desktop,6359,28.0,71,1160,6.12,2026-06-21 19:47:00
KP016325,KW10412,2026-06-22,AU,Desktop,5640,6.0,347,2153,16.12,2026-06-22 12:18:00
KP016326,KW11155,2026-06-23,US,Desktop,2513,42.0,6,153,3.92,2026-06-23 23:45:00
KP016327,KW10402,2026-06-24,CA,Desktop,1928,5.0,48,371,12.94,2026-06-24 12:09:00
KP016328,KW10200,2026-06-25,JP,Desktop,6005,37.0,172,3289,5.23,2026-06-25 05:03:00
KP016329,KW11781,2026-06-26,UK,Desktop,1182,30.0,6,144,4.17,2026-06-26 01:38:00
KP016330,KW10817,2026-06-27,IN,Desktop,3691,35.0,57,1341,4.25,2026-06-27 20:11:00
KP016331,KW10252,2026-06-28,IN,Mobile,8912,13.0,207,3042,6.8,2026-06-28 02:09:00
KP016332,KW11454,2026-06-29,DE,Desktop,3440,33.0,52,1327,3.92,2026-06-29 05:04:00
KP016333,KW10607,2026-06-30,UK,Mobile,6201,40.0,59,1490,3.96,2026-06-30 20:40:00
KP016334,KW11734,2026-07-01,DE,Desktop,12799,45.0,202,4599,4.39,2026-07-01 03:18:00
KP016335,KW10923,2026-07-02,FR,Mobile,3494,38.0,30,578,5.19,2026-07-02 06:28:00
KP016336,KW11071,2026-07-03,IN,Desktop,8087,15.0,86,891,9.65,2026-07-03 01:46:00
KP016337,KW11945,2026-07-04,UK,Desktop,2606,1.0,295,843,34.99,2026-07-04 12:58:00
KP016338,KW10218,2026-07-05,DE,Mobile,1407,8.0,56,451,12.42,2026-07-05 03:13:00
KP016339,KW11469,2026-07-06,FR,Mobile,3568,23.0,95,1752,5.42,2026-07-06 19:02:00
KP016340,KW11792,2026-07-07,FR,Desktop,3621,21.0,33,526,6.27,2026-07-07 08:39:00
KP016341,KW10068,2026-07-08,IN,Desktop,10417,47.0,70,2089,3.35,2026-07-08 08:17:00
KP016342,KW10643,2026-07-09,BR,Tablet,2192,22.0,85,1197,7.1,2026-07-09 09:16:00
KP016343,KW10228,2026-07-10,IN,Desktop,566,17.0,5,93,5.38,2026-07-10 14:15:00
KP016344,KW10199,2026-07-11,DE,Mobile,4292,9.0,140,1329,10.53,2026-07-11 21:30:00
KP016345,KW11273,2026-07-12,MX,Desktop,5565,41.0,45,1239,3.63,2026-07-12 15:16:00
KP016346,KW10068,2026-07-13,JP,Desktop,3007,18.0,14,265,5.28,2026-07-13 06:51:00
KP016347,KW11094,2026-07-14,MX,Mobile,22171,31.0,424,10300,4.12,2026-07-14 02:57:00
KP016348,KW11850,2026-07-15,JP,Mobile,3183,45.0,38,761,4.99,2026-07-15 03:17:00
KP016349,KW10186,2026-07-16,US,Desktop,497,17.0,12,191,6.28,2026-07-16 00:14:00
KP016350,KW10057,2026-07-17,IN,Mobile,1030,19.0,10,150,6.67,2026-07-17 05:57:00
KP016351,KW10553,2026-07-18,BR,Mobile,1855,15.0,38,563,6.75,2026-07-18 01:53:00
KP016352,KW10338,2026-07-19,UK,Mobile,1104,35.0,21,392,5.36,2026-07-19 18:35:00
KP016353,KW11733,2026-07-20,UK,Desktop,2111,8.0,112,1137,9.85,2026-07-20 15:15:00
KP016354,KW11179,2026-07-21,BR,Desktop,6586,19.0,101,1860,5.43,2026-07-21 08:01:00
KP016355,KW10300,2026-07-22,DE,Desktop,1777,21.0,50,707,7.07,2026-07-22 13:41:00
KP016356,KW10351,2026-07-23,US,Mobile,2738,8.0,144,1136,12.68,2026-07-23 12:25:00
KP016357,KW10337,2026-07-24,CA,Mobile,2174,30.0,29,471,6.16,2026-07-24 19:57:00
KP016358,KW11855,2026-07-25,JP,Desktop,1838,34.0,5,95,5.26,2026-07-25 10:18:00
KP016359,KW11690,2026-07-26,BR,Desktop,6244,26.0,140,2105,6.65,2026-07-26 05:48:00
KP016360,KW10223,2026-07-27,FR,Mobile,2972,12.0,58,765,7.58,2026-07-27 11:33:00
KP016361,KW10575,2026-07-28,DE,Desktop,4194,10.0,150,1714,8.75,2026-07-28 00:30:00
KP016362,KW10470,2026-07-29,UK,Desktop,1536,5.0,47,306,15.36,2026-07-29 15:48:00
KP016363,KW11645,2026-07-30,BR,Mobile,1196,37.0,23,430,5.35,2026-07-30 02:34:00
KP016364,KW10552,2026-07-31,FR,Mobile,3461,45.0,41,830,4.94,2026-07-31 22:13:00
KP016365,KW10281,2026-08-01,MX,Desktop,5605,10.0,136,1529,8.89,2026-08-01 21:10:00
KP016366,KW11548,2026-08-02,AU,Mobile,2636,43.0,25,498,5.02,2026-08-02 14:36:00
KP016367,KW10973,2026-08-03,DE,Mobile,2341,2.0,199,784,25.38,2026-08-03 17:28:00
KP016368,KW11593,2026-08-04,AU,Mobile,4515,40.0,82,2379,3.45,2026-08-04 16:01:00
KP016369,KW11572,2026-08-05,AU,Mobile,12993,9.0,552,5822,9.48,2026-08-05 06:56:00
KP016370,KW11718,2026-08-06,JP,Mobile,1143,24.0,37,627,5.9,2026-08-06 05:39:00
KP016371,KW10840,2026-08-07,UK,Desktop,1266,33.0,6,158,3.8,2026-08-07 01:47:00
KP016372,KW10326,2026-08-08,CA,Mobile,14434,5.0,304,2245,13.54,2026-08-08 09:42:00
KP016373,KW10356,2026-08-09,AU,Desktop,891,30.0,23,430,5.35,2026-08-09 20:19:00
KP016374,KW11222,2026-08-10,BR,Desktop,743,48.0,9,298,3.02,2026-08-10 07:50:00
KP016375,KW11282,2026-08-11,DE,Mobile,3396,45.0,27,685,3.94,2026-08-11 21:50:00
KP016376,KW10755,2026-08-12,UK,Mobile,3047,46.0,64,1480,4.32,2026-08-12 09:59:00
KP016377,KW11659,2026-08-13,FR,Mobile,7827,24.0,147,2949,4.98,2026-08-13 04:38:00
KP016378,KW11582,2026-08-14,MX,Mobile,714,14.0,7,122,5.74,2026-08-14 21:51:00
KP016379,KW11598,2026-08-15,JP,Mobile,1521,20.0,36,722,4.99,2026-08-15 20:43:00
KP016380,KW11175,2026-08-16,AU,Mobile,15582,46.0,170,3610,4.71,2026-08-16 18:32:00
KP016381,KW11562,2026-08-17,JP,Mobile,7508,44.0,34,717,4.74,2026-08-17 19:12:00
KP016382,KW11541,2026-08-18,CA,Mobile,811,5.0,30,280,10.71,2026-08-18 00:24:00
KP016383,KW10609,2026-08-19,UK,Desktop,1657,34.0,11,262,4.2,2026-08-19 22:22:00
KP016384,KW11293,2026-08-20,IN,Mobile,1861,15.0,86,1022,8.41,2026-08-20 20:09:00
KP016385,KW11158,2026-08-21,JP,Mobile,4587,46.0,28,688,4.07,2026-08-21 10:07:00
KP016386,KW11190,2026-08-22,UK,Tablet,3295,10.0,86,868,9.91,2026-08-22 00:53:00
KP016387,KW10192,2026-08-23,CA,Desktop,3138,31.0,13,212,6.13,2026-08-23 10:35:00
KP016388,KW10114,2026-08-24,BR,Mobile,924,50.0,15,305,4.92,2026-08-24 09:12:00
KP016389,KW11273,2026-08-25,DE,Mobile,20016,28.0,95,2059,4.61,2026-08-25 10:16:00
KP016390,KW11692,2026-08-26,AU,Desktop,1688,33.0,22,353,6.23,2026-08-26 07:49:00
KP016391,KW11107,2026-08-27,JP,Mobile,4211,30.0,55,919,5.98,2026-08-27 22:33:00
KP016392,KW11981,2026-08-28,BR,Desktop,10241,32.0,146,3277,4.46,2026-08-28 03:13:00
KP016393,KW10854,2026-08-29,MX,Desktop,1317,13.0,57,642,8.88,2026-08-29 00:11:00
KP016394,KW11770,2026-08-30,CA,Mobile,4251,22.0,24,426,5.63,2026-08-30 01:57:00
KP016395,KW10486,2026-08-31,US,Mobile,2365,19.0,31,490,6.33,2026-08-31 08:44:00
KP016396,KW11369,2026-09-01,US,Tablet,242,40.0,3,95,3.16,2026-09-01 00:01:00
KP016397,KW10368,2026-09-02,UK,Mobile,3357,39.0,40,1065,3.76,2026-09-02 11:05:00
KP016398,KW11883,2026-09-03,BR,Tablet,2270,40.0,11,214,5.14,2026-09-03 10:09:00
KP016399,KW11946,2026-09-04,UK,Desktop,3674,8.0,77,750,10.27,2026-09-04 19:30:00
KP016400,KW11123,2026-09-05,BR,Tablet,1037,50.0,11,366,3.01,2026-09-05 19:12:00
KP016401,KW11624,2026-09-06,MX,Desktop,3063,41.0,61,1218,5.01,2026-09-06 10:51:00
KP016402,KW10306,2026-09-07,CA,Desktop,3653,50.0,16,425,3.76,2026-09-07 06:17:00
KP016403,KW11929,2026-09-08,DE,Mobile,16278,20.0,219,4211,5.2,2026-09-08 19:15:00
KP016404,KW11963,2026-09-09,JP,Mobile,9003,24.0,229,3349,6.84,2026-09-09 17:57:00
KP016405,KW11380,2026-09-10,JP,Mobile,356,50.0,1,33,3.03,2026-09-10 11:09:00
KP016406,KW11139,2026-09-11,BR,Desktop,2540,34.0,52,1338,3.89,2026-09-11 22:13:00
KP016407,KW11050,2026-09-12,AU,Mobile,5218,47.0,37,899,4.12,2026-09-12 13:14:00
KP016408,KW11393,2026-09-13,JP,Tablet,4187,44.0,85,2285,3.72,2026-09-13 12:01:00
KP016409,KW10889,2026-09-14,MX,Mobile,6372,46.0,30,723,4.15,2026-09-14 15:24:00
KP016410,KW10187,2026-09-15,FR,Desktop,10495,21.0,259,4757,5.44,2026-09-15 07:50:00
KP016411,KW11423,2026-09-16,IN,Desktop,10355,44.0,120,3478,3.45,2026-09-16 17:58:00
KP016412,KW10029,2026-09-17,UK,Mobile,5620,29.0,127,2742,4.63,2026-09-17 17:37:00
KP016413,KW11814,2026-09-18,AU,Mobile,1021,13.0,36,354,10.17,2026-09-18 05:59:00
KP016414,KW11223,2026-09-19,MX,Mobile,1688,44.0,26,535,4.86,2026-09-19 23:30:00
KP016415,KW11391,2026-09-20,JP,Mobile,1786,49.0,12,290,4.14,2026-09-20 01:49:00
KP016416,KW11186,2026-09-21,CA,Desktop,1284,7.0,50,467,10.71,2026-09-21 06:33:00
KP016417,KW10121,2026-09-22,DE,Desktop,1250,32.0,12,299,4.01,2026-09-22 21:41:00
KP016418,KW11651,2026-09-23,FR,Mobile,2372,41.0,61,1164,5.24,2026-09-23 08:16:00
KP016419,KW11653,2026-09-24,US,Mobile,7343,45.0,42,886,4.74,2026-09-24 14:41:00
KP016420,KW10624,2026-09-25,US,Desktop,5948,11.0,80,978,8.18,2026-09-25 10:17:00
KP016421,KW11181,2026-09-26,MX,Mobile,9710,30.0,291,4631,6.28,2026-09-26 18:42:00
KP016422,KW11987,2026-09-27,US,Desktop,1335,38.0,25,702,3.56,2026-09-27 15:20:00
KP016423,KW10055,2026-09-28,UK,Mobile,4562,50.0,20,485,4.12,2026-09-28 02:54:00
KP016424,KW10852,2026-09-29,BR,Mobile,3538,4.0,54,412,13.11,2026-09-29 22:29:00
KP016425,KW10123,2026-09-30,FR,Desktop,616,5.0,16,122,13.11,2026-09-30 22:44:00
KP016669,KW10062,2026-06-01,JP,Desktop,7020,8.0,428,3463,12.36,2026-06-01 05:02:00
KP016670,KW10913,2026-06-02,MX,Desktop,239,50.0,0,20,0.0,2026-06-02 09:23:00
KP016671,KW11509,2026-06-03,AU,Desktop,831,24.0,14,317,4.42,2026-06-03 10:19:00
KP016672,KW11324,2026-06-04,FR,Desktop,3194,19.0,92,1158,7.94,2026-06-04 07:37:00
KP016673,KW10258,2026-06-05,MX,Mobile,1328,48.0,14,429,3.26,2026-06-05 21:17:00
KP016674,KW10150,2026-06-06,FR,Desktop,4283,17.0,120,1395,8.6,2026-06-06 11:53:00
KP016675,KW11407,2026-06-07,MX,Mobile,1676,41.0,30,538,5.58,2026-06-07 13:07:00
KP016676,KW10370,2026-06-08,CA,Desktop,2830,7.0,183,1393,13.14,2026-06-08 16:31:00
KP016677,KW11957,2026-06-09,JP,Desktop,2307,12.0,70,1027,6.82,2026-06-09 17:02:00
KP016678,KW10695,2026-06-10,BR,Desktop,2274,43.0,24,601,3.99,2026-06-10 21:07:00
KP016679,KW11191,2026-06-11,US,Mobile,11568,41.0,161,3177,5.07,2026-06-11 11:18:00
KP016680,KW11277,2026-06-12,BR,Mobile,4448,38.0,104,2248,4.63,2026-06-12 07:51:00
KP016681,KW10477,2026-06-13,FR,Mobile,14997,1.0,517,1877,27.54,2026-06-13 13:49:00
KP016682,KW10062,2026-06-14,FR,Mobile,2721,1.0,358,1119,31.99,2026-06-14 06:58:00
KP016683,KW11598,2026-06-15,UK,Desktop,10603,36.0,261,5483,4.76,2026-06-15 05:37:00
KP016684,KW10141,2026-06-16,MX,Mobile,2914,24.0,86,1210,7.11,2026-06-16 08:41:00
KP016685,KW10906,2026-06-17,US,Desktop,9635,9.0,195,2028,9.62,2026-06-17 12:33:00
KP016686,KW11011,2026-06-18,BR,Desktop,1253,38.0,23,653,3.52,2026-06-18 18:14:00
KP016687,KW11368,2026-06-19,FR,Mobile,1534,47.0,4,96,4.17,2026-06-19 06:25:00
KP016688,KW11488,2026-06-20,US,Mobile,1826,23.0,42,554,7.58,2026-06-20 21:53:00
KP016689,KW10470,2026-06-21,UK,Desktop,1999,12.0,42,481,8.73,2026-06-21 20:25:00
KP016690,KW11808,2026-06-22,AU,Mobile,934,31.0,11,229,4.8,2026-06-22 20:23:00
KP016691,KW11014,2026-06-23,DE,Mobile,5303,44.0,99,1870,5.29,2026-06-23 02:27:00
KP016692,KW10127,2026-06-24,JP,Desktop,3450,7.0,75,830,9.04,2026-06-24 21:53:00
KP016693,KW10785,2026-06-25,AU,Mobile,4954,3.0,236,997,23.67,2026-06-25 13:14:00
KP016694,KW10236,2026-06-26,UK,Desktop,3069,41.0,59,1152,5.12,2026-06-26 17:19:00
KP016695,KW11666,2026-06-27,IN,Mobile,838,47.0,18,458,3.93,2026-06-27 19:46:00
KP016696,KW10838,2026-06-28,US,Desktop,1553,37.0,35,630,5.56,2026-06-28 18:29:00
KP016697,KW10338,2026-06-29,DE,Desktop,5242,38.0,84,2235,3.76,2026-06-29 07:27:00
KP016698,KW11845,2026-06-30,BR,Mobile,15019,8.0,212,1711,12.39,2026-06-30 03:28:00
KP016699,KW11611,2026-07-01,IN,Desktop,2443,30.0,60,1095,5.48,2026-07-01 18:28:00
KP016700,KW11499,2026-07-02,DE,Mobile,969,37.0,9,230,3.91,2026-07-02 15:46:00
KP016701,KW10518,2026-07-03,AU,Desktop,790,7.0,10,111,9.01,2026-07-03 21:17:00
KP016702,KW11761,2026-07-04,FR,Desktop,1592,18.0,53,665,7.97,2026-07-04 02:20:00
KP016703,KW11377,2026-07-05,US,Desktop,834,24.0,19,272,6.99,2026-07-05 19:07:00
KP016704,KW10645,2026-07-06,US,Tablet,880,1.0,29,85,34.12,2026-07-06 13:45:00
KP016705,KW11261,2026-07-07,JP,Tablet,1326,33.0,32,678,4.72,2026-07-07 12:50:00
KP016706,KW10579,2026-07-08,BR,Mobile,518,42.0,2,55,3.64,2026-07-08 03:57:00
KP016707,KW11621,2026-07-09,JP,Desktop,7652,34.0,143,2871,4.98,2026-07-09 11:57:00
KP016708,KW11460,2026-07-10,JP,Desktop,5617,45.0,85,2461,3.45,2026-07-10 08:21:00
KP016709,KW10317,2026-07-11,JP,Mobile,2617,26.0,31,630,4.92,2026-07-11 14:42:00
KP016710,KW10384,2026-07-12,FR,Desktop,5743,12.0,193,2836,6.81,2026-07-12 16:35:00
KP016711,KW10097,2026-07-13,CA,Desktop,5734,28.0,95,1704,5.58,2026-07-13 12:17:00
KP016712,KW10004,2026-07-14,BR,Mobile,908,50.0,15,341,4.4,2026-07-14 17:34:00
KP016713,KW11802,2026-07-15,FR,Desktop,627,41.0,11,295,3.73,2026-07-15 09:41:00
KP016714,KW11240,2026-07-16,CA,Mobile,1296,44.0,24,702,3.42,2026-07-16 23:41:00
KP016715,KW11766,2026-07-17,JP,Desktop,1986,31.0,45,780,5.77,2026-07-17 01:57:00
KP016716,KW11909,2026-07-18,MX,Desktop,3285,15.0,70,1072,6.53,2026-07-18 12:40:00
KP016717,KW11104,2026-07-19,DE,Desktop,4627,36.0,43,1077,3.99,2026-07-19 04:53:00
KP016718,KW10700,2026-07-20,US,Tablet,1650,5.0,70,389,17.99,2026-07-20 13:52:00
KP016719,KW11233,2026-07-21,MX,Desktop,3422,23.0,51,759,6.72,2026-07-21 13:27:00
KP016720,KW11118,2026-07-22,DE,Desktop,8401,19.0,250,3673,6.81,2026-07-22 10:14:00
KP016721,KW11190,2026-07-23,MX,Desktop,5594,23.0,72,1329,5.42,2026-07-23 17:01:00
KP016722,KW10229,2026-07-24,AU,Desktop,2288,43.0,47,1114,4.22,2026-07-24 22:04:00
KP016723,KW11412,2026-07-25,BR,Desktop,11565,1.0,360,1029,34.99,2026-07-25 08:36:00
KP016724,KW11806,2026-07-26,AU,Mobile,4616,38.0,31,561,5.53,2026-07-26 17:35:00
KP016725,KW10976,2026-07-27,BR,Mobile,5852,19.0,234,3007,7.78,2026-07-27 10:12:00
KP016726,KW11343,2026-07-28,CA,Mobile,9299,50.0,29,668,4.34,2026-07-28 20:37:00
KP016727,KW11847,2026-07-29,FR,Mobile,2279,17.0,17,279,6.09,2026-07-29 08:55:00
KP016728,KW10589,2026-07-30,UK,Desktop,6233,37.0,147,3229,4.55,2026-07-30 09:11:00
KP016729,KW10363,2026-07-31,US,Desktop,854,7.0,61,428,14.25,2026-07-31 01:05:00
KP016730,KW11456,2026-08-01,BR,Desktop,593,18.0,12,150,8.0,2026-08-01 22:44:00
KP016731,KW10185,2026-08-02,CA,Desktop,1737,44.0,4,87,4.6,2026-08-02 10:17:00
KP016732,KW11479,2026-08-03,US,Mobile,2736,40.0,51,1317,3.87,2026-08-03 08:59:00
KP016733,KW11260,2026-08-04,AU,Mobile,5903,32.0,66,1462,4.51,2026-08-04 05:02:00
KP016734,KW11333,2026-08-05,CA,Desktop,7083,45.0,143,3406,4.2,2026-08-05 19:48:00
KP016735,KW10166,2026-08-06,MX,Desktop,2052,20.0,37,560,6.61,2026-08-06 09:12:00
KP016736,KW11265,2026-08-07,MX,Mobile,2237,44.0,8,196,4.08,2026-08-07 12:20:00
KP016737,KW10927,2026-08-08,UK,Mobile,2488,41.0,14,376,3.72,2026-08-08 20:14:00
KP016738,KW10510,2026-08-09,IN,Mobile,4111,33.0,13,270,4.81,2026-08-09 22:49:00
KP016739,KW10615,2026-08-10,CA,Mobile,1917,23.0,68,1043,6.52,2026-08-10 09:42:00
KP016740,KW10534,2026-08-11,JP,Desktop,2382,24.0,51,899,5.67,2026-08-11 07:12:00
KP016741,KW10718,2026-08-12,AU,Desktop,2603,23.0,10,157,6.37,2026-08-12 00:47:00
KP016742,KW11431,2026-08-13,BR,Mobile,2120,16.0,65,983,6.61,2026-08-13 22:43:00
KP016743,KW10132,2026-08-14,US,Desktop,7948,14.0,314,3501,8.97,2026-08-14 17:12:00
KP016744,KW10833,2026-08-15,BR,Mobile,2403,24.0,42,561,7.49,2026-08-15 23:31:00
KP016745,KW10620,2026-08-16,FR,Mobile,19251,43.0,130,3105,4.19,2026-08-16 08:23:00
KP016746,KW11422,2026-08-17,AU,Desktop,1905,32.0,36,769,4.68,2026-08-17 09:45:00
KP016747,KW11942,2026-08-18,FR,Desktop,5466,36.0,42,1014,4.14,2026-08-18 18:35:00
KP016748,KW11073,2026-08-19,US,Desktop,1638,40.0,18,316,5.7,2026-08-19 23:15:00
KP016749,KW10376,2026-08-20,IN,Mobile,2417,50.0,21,655,3.21,2026-08-20 13:08:00
KP016750,KW10818,2026-08-21,JP,Tablet,5664,21.0,43,824,5.22,2026-08-21 09:37:00
KP016751,KW10249,2026-08-22,UK,Mobile,1372,38.0,16,373,4.29,2026-08-22 22:45:00
KP016752,KW10661,2026-08-23,IN,Desktop,4175,38.0,70,1304,5.37,2026-08-23 18:09:00
KP016753,KW10813,2026-08-24,IN,Mobile,3451,14.0,11,179,6.15,2026-08-24 04:17:00
KP016754,KW10343,2026-08-25,US,Desktop,4744,37.0,145,2562,5.66,2026-08-25 14:16:00
KP016755,KW10258,2026-08-26,DE,Mobile,3019,13.0,129,1455,8.87,2026-08-26 05:10:00
KP016756,KW10340,2026-08-27,AU,Mobile,2278,43.0,43,1151,3.74,2026-08-27 05:24:00
KP016757,KW10271,2026-08-28,JP,Mobile,1514,8.0,12,109,11.01,2026-08-28 10:37:00
KP016758,KW11830,2026-08-29,UK,Mobile,20604,35.0,298,5444,5.47,2026-08-29 17:03:00
KP016759,KW11250,2026-08-30,US,Mobile,2408,8.0,52,532,9.77,2026-08-30 17:47:00
KP016760,KW11343,2026-08-31,DE,Desktop,4653,13.0,141,1807,7.8,2026-08-31 11:50:00
KP016761,KW10525,2026-09-01,CA,Mobile,11086,24.0,229,3319,6.9,2026-09-01 09:44:00
KP016762,KW10735,2026-09-02,UK,Desktop,4065,46.0,12,346,3.47,2026-09-02 12:59:00
KP016763,KW11059,2026-09-03,IN,Desktop,15291,32.0,428,7172,5.97,2026-09-03 04:12:00
KP016764,KW11816,2026-09-04,AU,Mobile,691,36.0,18,317,5.68,2026-09-04 02:09:00
KP016765,KW10954,2026-09-05,DE,Desktop,2812,25.0,44,896,4.91,2026-09-05 07:52:00
KP016766,KW10443,2026-09-06,BR,Desktop,14913,16.0,187,3255,5.75,2026-09-06 21:45:00
KP016767,KW10088,2026-09-07,BR,Desktop,4396,11.0,134,1564,8.57,2026-09-07 19:31:00
KP016768,KW11008,2026-09-08,AU,Desktop,8984,41.0,130,3655,3.56,2026-09-08 23:53:00
KP016769,KW11105,2026-09-09,UK,Mobile,301,42.0,1,39,2.56,2026-09-09 08:54:00
KP016770,KW11983,2026-09-10,US,Desktop,2457,2.0,50,187,26.74,2026-09-10 03:42:00
KP016771,KW10059,2026-09-11,IN,Mobile,2577,8.0,134,1145,11.7,2026-09-11 04:01:00
KP016772,KW11749,2026-09-12,JP,Desktop,1223,12.0,34,368,9.24,2026-09-12 17:00:00
KP016773,KW11344,2026-09-13,FR,Desktop,13626,50.0,107,3320,3.22,2026-09-13 22:46:00
KP016774,KW11205,2026-09-14,BR,Desktop,3792,15.0,115,1532,7.51,2026-09-14 10:26:00
KP016775,KW11463,2026-09-15,BR,Desktop,4191,4.0,168,1257,13.37,2026-09-15 01:14:00
KP016776,KW10089,2026-09-16,JP,Tablet,217,36.0,2,54,3.7,2026-09-16 00:57:00
KP016777,KW11474,2026-09-17,JP,Desktop,3068,39.0,13,356,3.65,2026-09-17 15:19:00
KP016778,KW11610,2026-09-18,DE,Mobile,992,43.0,12,235,5.11,2026-09-18 07:16:00
KP016779,KW10826,2026-09-19,MX,Mobile,1969,21.0,57,815,6.99,2026-09-19 19:48:00
KP016780,KW10748,2026-09-20,UK,Desktop,7127,7.0,86,577,14.9,2026-09-20 12:07:00
KP016781,KW10826,2026-09-21,UK,Mobile,4929,9.0,252,2505,10.06,2026-09-21 21:50:00
KP016782,KW11545,2026-09-22,IN,Mobile,2157,39.0,37,926,4.0,2026-09-22 19:49:00
KP016783,KW10494,2026-09-23,UK,Tablet,1201,4.0,62,397,15.62,2026-09-23 23:36:00
KP016784,KW11715,2026-09-24,AU,Mobile,9939,33.0,41,741,5.53,2026-09-24 11:20:00
KP016785,KW11891,2026-09-25,BR,Desktop,3922,37.0,37,1041,3.55,2026-09-25 16:31:00
KP016786,KW10731,2026-09-26,DE,Desktop,3695,35.0,93,1725,5.39,2026-09-26 12:01:00
KP016787,KW11102,2026-09-27,FR,Mobile,4155,10.0,223,2250,9.91,2026-09-27 03:50:00
KP016788,KW10201,2026-09-28,CA,Desktop,4953,44.0,10,273,3.66,2026-09-28 04:42:00
KP016789,KW11135,2026-09-29,CA,Desktop,6384,7.0,382,2735,13.97,2026-09-29 08:41:00
KP016790,KW11169,2026-09-30,FR,Desktop,899,25.0,26,426,6.1,2026-09-30 10:27:00
KP017034,KW10686,2026-06-01,IN,Tablet,4123,43.0,22,545,4.04,2026-06-01 16:08:00
KP017035,KW11317,2026-06-02,AU,Mobile,1213,45.0,31,595,5.21,2026-06-02 12:49:00
KP017036,KW11143,2026-06-03,IN,Mobile,1465,23.0,32,639,5.01,2026-06-03 01:17:00
KP017037,KW10019,2026-06-04,DE,Desktop,1334,24.0,20,284,7.04,2026-06-04 07:30:00
KP017038,KW10179,2026-06-05,CA,Desktop,10818,31.0,225,4171,5.39,2026-06-05 17:28:00
KP017039,KW10424,2026-06-06,FR,Desktop,3098,37.0,56,1152,4.86,2026-06-06 13:55:00
KP017040,KW10834,2026-06-07,US,Mobile,12780,45.0,334,6278,5.32,2026-06-07 03:47:00
KP017041,KW10772,2026-06-08,IN,Mobile,1490,1.0,147,422,34.83,2026-06-08 07:09:00
KP017042,KW11950,2026-06-09,DE,Desktop,958,35.0,14,273,5.13,2026-06-09 14:18:00
KP017043,KW11408,2026-06-10,CA,Desktop,1477,36.0,17,475,3.58,2026-06-10 09:22:00
KP017044,KW11241,2026-06-11,JP,Desktop,357,20.0,5,63,7.94,2026-06-11 09:55:00
KP017045,KW10185,2026-06-12,FR,Mobile,672,19.0,12,163,7.36,2026-06-12 00:42:00
KP017046,KW10322,2026-06-13,DE,Desktop,565,28.0,16,285,5.61,2026-06-13 00:15:00
KP017047,KW11187,2026-06-14,DE,Mobile,3691,8.0,177,1432,12.36,2026-06-14 05:28:00
KP017048,KW11745,2026-06-15,BR,Tablet,1845,33.0,18,294,6.12,2026-06-15 13:27:00
KP017049,KW10213,2026-06-16,DE,Desktop,2059,1.0,224,641,34.95,2026-06-16 07:12:00
KP017050,KW11882,2026-06-17,US,Mobile,1918,32.0,16,328,4.88,2026-06-17 23:15:00
KP017051,KW11084,2026-06-18,US,Mobile,4305,25.0,12,242,4.96,2026-06-18 03:38:00
KP017052,KW11325,2026-06-19,BR,Desktop,1974,12.0,16,167,9.58,2026-06-19 03:10:00
KP017053,KW10233,2026-06-20,UK,Mobile,322,31.0,8,146,5.48,2026-06-20 09:00:00
KP017054,KW11092,2026-06-21,BR,Desktop,11524,9.0,115,936,12.29,2026-06-21 13:48:00
KP017055,KW11165,2026-06-22,UK,Desktop,3144,40.0,70,1506,4.65,2026-06-22 23:25:00
KP017056,KW11519,2026-06-23,UK,Desktop,4996,41.0,33,775,4.26,2026-06-23 23:40:00
KP017057,KW10051,2026-06-24,JP,Mobile,7727,23.0,162,2413,6.71,2026-06-24 11:46:00
KP017058,KW10203,2026-06-25,FR,Desktop,11322,39.0,169,4381,3.86,2026-06-25 04:10:00
KP017059,KW10059,2026-06-26,DE,Desktop,7218,45.0,116,2906,3.99,2026-06-26 12:52:00
KP017060,KW11302,2026-06-27,AU,Desktop,10208,37.0,103,2252,4.57,2026-06-27 03:55:00
KP017061,KW11465,2026-06-28,JP,Mobile,19960,27.0,596,8685,6.86,2026-06-28 23:11:00
KP017062,KW11096,2026-06-29,MX,Tablet,2868,18.0,26,342,7.6,2026-06-29 01:32:00
KP017063,KW10281,2026-06-30,UK,Desktop,9668,8.0,412,4402,9.36,2026-06-30 08:03:00
KP017064,KW10074,2026-07-01,US,Desktop,1028,37.0,14,246,5.69,2026-07-01 19:22:00
KP017065,KW10307,2026-07-02,UK,Desktop,3323,17.0,13,192,6.77,2026-07-02 23:26:00
KP017066,KW10481,2026-07-03,AU,Desktop,1868,20.0,21,312,6.73,2026-07-03 08:39:00
KP017067,KW10257,2026-07-04,MX,Desktop,1654,7.0,126,852,14.79,2026-07-04 07:58:00
KP017068,KW10473,2026-07-05,AU,Desktop,18181,47.0,404,9775,4.13,2026-07-05 18:03:00
KP017069,KW11222,2026-07-06,CA,Desktop,1258,47.0,20,522,3.83,2026-07-06 16:48:00
KP017070,KW10524,2026-07-07,CA,Desktop,1472,48.0,15,394,3.81,2026-07-07 22:57:00
KP017071,KW10318,2026-07-08,DE,Mobile,1299,1.0,123,353,34.84,2026-07-08 00:14:00
KP017072,KW11761,2026-07-09,MX,Desktop,6240,30.0,56,1286,4.35,2026-07-09 02:55:00
KP017073,KW11844,2026-07-10,MX,Desktop,1879,29.0,30,462,6.49,2026-07-10 19:34:00
KP017074,KW11178,2026-07-11,FR,Mobile,1318,10.0,66,627,10.53,2026-07-11 22:24:00
KP017075,KW11982,2026-07-12,UK,Desktop,1855,27.0,8,144,5.56,2026-07-12 18:27:00
KP017076,KW11217,2026-07-13,US,Mobile,5158,31.0,33,733,4.5,2026-07-13 18:48:00
KP017077,KW11931,2026-07-14,US,Mobile,2835,3.0,184,1109,16.59,2026-07-14 20:15:00
KP017078,KW10865,2026-07-15,UK,Mobile,5662,16.0,51,844,6.04,2026-07-15 13:31:00
KP017079,KW10379,2026-07-16,MX,Mobile,1044,25.0,33,515,6.41,2026-07-16 09:09:00
KP017080,KW11203,2026-07-17,BR,Mobile,37183,11.0,1963,17902,10.97,2026-07-17 02:35:00
KP017081,KW10419,2026-07-18,UK,Tablet,3435,36.0,49,997,4.91,2026-07-18 21:04:00
KP017082,KW10222,2026-07-19,UK,Desktop,3250,2.0,164,614,26.71,2026-07-19 17:27:00
KP017083,KW10674,2026-07-20,IN,Mobile,6706,21.0,153,2684,5.7,2026-07-20 22:09:00
KP017084,KW10340,2026-07-21,US,Mobile,12857,47.0,208,6243,3.33,2026-07-21 10:46:00
KP017085,KW10265,2026-07-22,CA,Desktop,1290,15.0,12,171,7.02,2026-07-22 14:40:00
KP017086,KW10287,2026-07-23,IN,Mobile,5326,39.0,86,1506,5.71,2026-07-23 00:17:00
KP017087,KW11743,2026-07-24,BR,Desktop,3508,9.0,95,1037,9.16,2026-07-24 19:36:00
KP017088,KW11927,2026-07-25,IN,Mobile,1434,7.0,63,476,13.24,2026-07-25 05:49:00
KP017089,KW11105,2026-07-26,BR,Desktop,2221,39.0,15,310,4.84,2026-07-26 00:46:00
KP017090,KW10988,2026-07-27,US,Mobile,1064,42.0,3,70,4.29,2026-07-27 15:17:00
KP017091,KW11151,2026-07-28,JP,Mobile,26358,34.0,503,9219,5.46,2026-07-28 09:23:00
KP017092,KW10712,2026-07-29,US,Mobile,983,22.0,27,475,5.68,2026-07-29 22:58:00
KP017093,KW10514,2026-07-30,BR,Tablet,5432,27.0,58,853,6.8,2026-07-30 01:56:00
KP017094,KW10173,2026-07-31,IN,Desktop,1436,22.0,23,410,5.61,2026-07-31 04:58:00
KP017095,KW11073,2026-08-01,UK,Desktop,1381,10.0,57,555,10.27,2026-08-01 16:20:00
KP017096,KW11402,2026-08-02,MX,Desktop,1406,45.0,8,239,3.35,2026-08-02 14:51:00
KP017097,KW11556,2026-08-03,FR,Mobile,2130,2.0,206,1143,18.02,2026-08-03 00:11:00
KP017098,KW10516,2026-08-04,FR,Mobile,7736,9.0,218,1989,10.96,2026-08-04 02:54:00
KP017099,KW10822,2026-08-05,MX,Desktop,7307,17.0,226,2785,8.11,2026-08-05 02:11:00
KP017100,KW11017,2026-08-06,JP,Desktop,1013,38.0,28,543,5.16,2026-08-06 09:15:00
KP017101,KW11482,2026-08-07,UK,Mobile,2476,28.0,18,417,4.32,2026-08-07 21:23:00
KP017102,KW10868,2026-08-08,MX,Mobile,11074,36.0,155,3653,4.24,2026-08-08 19:18:00
KP017103,KW10113,2026-08-09,DE,Desktop,633,46.0,10,244,4.1,2026-08-09 15:16:00
KP017104,KW10521,2026-08-10,UK,Mobile,1204,43.0,24,455,5.27,2026-08-10 15:49:00
KP017105,KW10384,2026-08-11,DE,Desktop,13209,11.0,769,6840,11.24,2026-08-11 20:53:00
KP017106,KW10466,2026-08-12,AU,Tablet,17221,44.0,386,7247,5.33,2026-08-12 02:26:00
KP017107,KW10216,2026-08-13,FR,Mobile,2172,17.0,65,813,8.0,2026-08-13 05:20:00
KP017108,KW11566,2026-08-14,DE,Desktop,1838,26.0,26,386,6.74,2026-08-14 08:47:00
KP017109,KW11742,2026-08-15,DE,Mobile,2952,30.0,20,317,6.31,2026-08-15 18:16:00
KP017110,KW10320,2026-08-16,MX,Desktop,10100,18.0,161,2100,7.67,2026-08-16 15:35:00
KP017111,KW10964,2026-08-17,IN,Tablet,256,7.0,18,128,14.06,2026-08-17 10:14:00
KP017112,KW10374,2026-08-18,CA,Desktop,3908,24.0,65,1154,5.63,2026-08-18 01:23:00
KP017113,KW10642,2026-08-19,US,Desktop,2028,16.0,28,311,9.0,2026-08-19 05:24:00
KP017114,KW11931,2026-08-20,MX,Desktop,4046,48.0,42,823,5.1,2026-08-20 01:24:00
KP017115,KW11694,2026-08-21,AU,Mobile,1767,41.0,14,314,4.46,2026-08-21 14:14:00
KP017116,KW11672,2026-08-22,UK,Mobile,898,24.0,10,189,5.29,2026-08-22 09:12:00
KP017117,KW10257,2026-08-23,FR,Desktop,1492,21.0,27,359,7.52,2026-08-23 10:32:00
KP017118,KW10209,2026-08-24,JP,Desktop,10348,37.0,38,781,4.87,2026-08-24 04:32:00
KP017119,KW10572,2026-08-25,CA,Tablet,1170,27.0,18,368,4.89,2026-08-25 06:15:00
KP017120,KW11188,2026-08-26,AU,Desktop,8086,9.0,66,728,9.07,2026-08-26 13:17:00
KP017121,KW10559,2026-08-27,FR,Desktop,6027,25.0,71,1249,5.68,2026-08-27 18:40:00
KP017122,KW10659,2026-08-28,DE,Mobile,3755,22.0,33,675,4.89,2026-08-28 08:51:00
KP017123,KW10369,2026-08-29,JP,Desktop,528,15.0,9,93,9.68,2026-08-29 22:14:00
KP017124,KW11465,2026-08-30,FR,Mobile,4401,25.0,19,392,4.85,2026-08-30 06:43:00
KP017125,KW10743,2026-08-31,FR,Mobile,3973,15.0,114,1740,6.55,2026-08-31 20:14:00
KP017126,KW11381,2026-09-01,AU,Desktop,1569,18.0,17,226,7.52,2026-09-01 17:52:00
KP017127,KW11824,2026-09-02,IN,Desktop,1520,43.0,15,345,4.35,2026-09-02 12:26:00
KP017128,KW11174,2026-09-03,BR,Desktop,5727,39.0,93,2287,4.07,2026-09-03 09:19:00
KP017129,KW10006,2026-09-04,UK,Mobile,1510,44.0,29,564,5.14,2026-09-04 22:34:00
KP017130,KW10919,2026-09-05,BR,Mobile,6192,8.0,247,1981,12.47,2026-09-05 03:54:00
KP017131,KW10247,2026-09-06,BR,Desktop,1923,4.0,166,976,17.01,2026-09-06 08:38:00
KP017132,KW11748,2026-09-07,MX,Desktop,5401,35.0,15,366,4.1,2026-09-07 10:42:00
KP017133,KW11320,2026-09-08,FR,Mobile,15065,11.0,190,1678,11.32,2026-09-08 00:24:00
KP017134,KW10835,2026-09-09,AU,Mobile,10690,11.0,165,2348,7.03,2026-09-09 20:24:00
KP017135,KW11535,2026-09-10,CA,Tablet,2723,8.0,110,1060,10.38,2026-09-10 16:23:00
KP017136,KW11326,2026-09-11,UK,Desktop,2439,6.0,73,712,10.25,2026-09-11 19:01:00
KP017137,KW11477,2026-09-12,JP,Desktop,6958,8.0,53,582,9.11,2026-09-12 04:34:00
KP017138,KW10032,2026-09-13,MX,Mobile,3217,27.0,51,791,6.45,2026-09-13 12:38:00
KP017139,KW10391,2026-09-14,US,Mobile,2719,39.0,19,552,3.44,2026-09-14 23:55:00
KP017140,KW10268,2026-09-15,CA,Mobile,10775,13.0,150,1605,9.35,2026-09-15 22:36:00
KP017141,KW10032,2026-09-16,DE,Desktop,1872,26.0,20,390,5.13,2026-09-16 19:06:00
KP017142,KW11246,2026-09-17,MX,Desktop,4747,19.0,39,544,7.17,2026-09-17 07:46:00
KP017143,KW10374,2026-09-18,IN,Desktop,821,32.0,19,300,6.33,2026-09-18 09:35:00
KP017144,KW10910,2026-09-19,MX,Mobile,2098,18.0,22,360,6.11,2026-09-19 23:08:00
KP017145,KW11559,2026-09-20,FR,Tablet,1304,4.0,23,187,12.3,2026-09-20 03:23:00
KP017146,KW10311,2026-09-21,AU,Desktop,9074,44.0,248,4739,5.23,2026-09-21 18:37:00
KP017147,KW11980,2026-09-22,US,Desktop,9341,14.0,136,1650,8.24,2026-09-22 11:50:00
KP017148,KW10508,2026-09-23,DE,Desktop,5126,5.0,95,636,14.94,2026-09-23 15:22:00
KP017149,KW10969,2026-09-24,BR,Desktop,2359,30.0,31,486,6.38,2026-09-24 02:06:00
KP017150,KW10613,2026-09-25,MX,Desktop,1635,6.0,12,109,11.01,2026-09-25 17:02:00
KP017151,KW10379,2026-09-26,JP,Desktop,3337,33.0,78,1414,5.52,2026-09-26 07:20:00
KP017152,KW10269,2026-09-27,FR,Mobile,1369,10.0,69,741,9.31,2026-09-27 08:35:00
KP017153,KW10633,2026-09-28,IN,Desktop,12698,1.0,1863,6611,28.18,2026-09-28 06:07:00
KP017154,KW11791,2026-09-29,JP,Tablet,1435,23.0,29,611,4.75,2026-09-29 10:23:00
KP017155,KW10545,2026-09-30,UK,Mobile,3634,42.0,49,1120,4.38,2026-09-30 11:35:00
KP017399,KW10890,2026-06-01,FR,Mobile,5537,24.0,32,610,5.25,2026-06-01 22:47:00
KP017400,KW11330,2026-06-02,FR,Desktop,932,28.0,13,274,4.74,2026-06-02 21:33:00
KP017401,KW11625,2026-06-03,FR,Desktop,11684,21.0,150,2376,6.31,2026-06-03 14:43:00
KP017402,KW11275,2026-06-04,US,Desktop,416,6.0,29,222,13.06,2026-06-04 00:08:00
KP017403,KW11805,2026-06-05,AU,Desktop,7899,42.0,177,3188,5.55,2026-06-05 14:44:00
KP017404,KW11716,2026-06-06,JP,Desktop,2758,32.0,90,1510,5.96,2026-06-06 12:03:00
KP017405,KW10354,2026-06-07,MX,Mobile,16764,36.0,292,4897,5.96,2026-06-07 00:22:00
KP017406,KW10229,2026-06-08,FR,Mobile,8278,41.0,65,1440,4.51,2026-06-08 01:25:00
KP017407,KW11067,2026-06-09,MX,Desktop,1411,44.0,11,317,3.47,2026-06-09 06:12:00
KP017408,KW10365,2026-06-10,JP,Mobile,3259,21.0,14,221,6.33,2026-06-10 06:40:00
KP017409,KW10308,2026-06-11,US,Mobile,1479,20.0,28,449,6.24,2026-06-11 03:46:00
KP017410,KW10619,2026-06-12,US,Mobile,1690,16.0,55,646,8.51,2026-06-12 08:59:00
KP017411,KW10460,2026-06-13,US,Mobile,486,25.0,4,86,4.65,2026-06-13 09:48:00
KP017412,KW10072,2026-06-14,DE,Mobile,4897,36.0,52,1016,5.12,2026-06-14 07:06:00
KP017413,KW11122,2026-06-15,IN,Mobile,979,1.0,34,106,32.08,2026-06-15 18:09:00
KP017414,KW11691,2026-06-16,FR,Mobile,1319,19.0,32,576,5.56,2026-06-16 03:35:00
KP017415,KW10887,2026-06-17,MX,Desktop,10196,49.0,102,2763,3.69,2026-06-17 05:29:00
KP017416,KW10260,2026-06-18,US,Desktop,1228,32.0,29,608,4.77,2026-06-18 08:11:00
KP017417,KW11707,2026-06-19,US,Desktop,673,17.0,18,253,7.11,2026-06-19 21:47:00
KP017418,KW11243,2026-06-20,BR,Mobile,3931,7.0,213,1474,14.45,2026-06-20 15:23:00
KP017419,KW10991,2026-06-21,FR,Mobile,7482,18.0,71,1100,6.45,2026-06-21 21:31:00
KP017420,KW10475,2026-06-22,AU,Mobile,11108,14.0,309,4433,6.97,2026-06-22 03:59:00
KP017421,KW11695,2026-06-23,CA,Mobile,2459,10.0,34,457,7.44,2026-06-23 01:47:00
KP017422,KW11576,2026-06-24,CA,Desktop,2473,32.0,63,1286,4.9,2026-06-24 14:58:00
KP017423,KW10722,2026-06-25,US,Mobile,6642,11.0,205,2002,10.24,2026-06-25 08:42:00
KP017424,KW11799,2026-06-26,CA,Desktop,2374,3.0,101,491,20.57,2026-06-26 10:39:00
KP017425,KW11455,2026-06-27,MX,Mobile,1821,25.0,37,691,5.35,2026-06-27 22:40:00
KP017426,KW11449,2026-06-28,MX,Desktop,1896,39.0,20,373,5.36,2026-06-28 10:47:00
KP017427,KW10822,2026-06-29,UK,Mobile,2025,9.0,105,1041,10.09,2026-06-29 23:31:00
KP017428,KW11305,2026-06-30,JP,Desktop,17434,43.0,149,3373,4.42,2026-06-30 22:56:00
KP017429,KW10502,2026-07-01,BR,Mobile,4373,26.0,41,723,5.67,2026-07-01 02:43:00
KP017430,KW11435,2026-07-02,BR,Mobile,9242,6.0,194,1845,10.51,2026-07-02 14:38:00
KP017431,KW11358,2026-07-03,JP,Mobile,9526,15.0,177,2479,7.14,2026-07-03 21:21:00
KP017432,KW11562,2026-07-04,UK,Desktop,2523,32.0,70,1372,5.1,2026-07-04 02:18:00
KP017433,KW11732,2026-07-05,FR,Mobile,968,14.0,41,476,8.61,2026-07-05 16:58:00
KP017434,KW11425,2026-07-06,DE,Desktop,5906,7.0,173,1891,9.15,2026-07-06 01:50:00
KP017435,KW10867,2026-07-07,DE,Desktop,1936,47.0,40,779,5.13,2026-07-07 23:15:00
KP017436,KW10905,2026-07-08,JP,Desktop,8339,22.0,254,3204,7.93,2026-07-08 15:46:00
KP017437,KW11211,2026-07-09,AU,Tablet,17093,14.0,274,3520,7.78,2026-07-09 05:33:00
KP017438,KW11728,2026-07-10,IN,Mobile,14657,32.0,261,5667,4.61,2026-07-10 17:24:00
KP017439,KW10634,2026-07-11,US,Mobile,5122,47.0,99,2049,4.83,2026-07-11 06:16:00
KP017440,KW10946,2026-07-12,MX,Desktop,1523,49.0,23,672,3.42,2026-07-12 11:32:00
KP017441,KW10129,2026-07-13,MX,Mobile,5947,19.0,110,1758,6.26,2026-07-13 19:58:00
KP017442,KW11223,2026-07-14,US,Desktop,3660,34.0,10,218,4.59,2026-07-14 01:57:00
KP017443,KW11690,2026-07-15,US,Desktop,7296,30.0,237,3597,6.59,2026-07-15 03:24:00
KP017444,KW10230,2026-07-16,JP,Desktop,7974,1.0,967,2764,34.99,2026-07-16 17:44:00
KP017445,KW11521,2026-07-17,DE,Tablet,1920,27.0,54,948,5.7,2026-07-17 16:56:00
KP017446,KW11503,2026-07-18,IN,Mobile,2090,19.0,23,395,5.82,2026-07-18 05:35:00
KP017447,KW10598,2026-07-19,FR,Desktop,1002,34.0,25,487,5.13,2026-07-19 07:07:00
KP017448,KW11424,2026-07-20,AU,Desktop,1732,2.0,109,384,28.39,2026-07-20 08:47:00
KP017449,KW11907,2026-07-21,DE,Desktop,2580,36.0,56,1297,4.32,2026-07-21 23:30:00
KP017450,KW10909,2026-07-22,UK,Mobile,2403,38.0,11,230,4.78,2026-07-22 20:54:00
KP017451,KW11860,2026-07-23,BR,Mobile,5826,16.0,292,3149,9.27,2026-07-23 13:12:00
KP017452,KW11138,2026-07-24,CA,Desktop,5288,6.0,86,876,9.82,2026-07-24 17:16:00
KP017453,KW10717,2026-07-25,IN,Desktop,2541,43.0,42,1003,4.19,2026-07-25 09:27:00
KP017454,KW10584,2026-07-26,MX,Mobile,1005,43.0,10,192,5.21,2026-07-26 04:50:00
KP017455,KW10733,2026-07-27,UK,Mobile,3960,24.0,11,232,4.74,2026-07-27 14:51:00
KP017456,KW10109,2026-07-28,IN,Mobile,1081,12.0,19,191,9.95,2026-07-28 13:55:00
KP017457,KW11540,2026-07-29,AU,Mobile,653,27.0,13,227,5.73,2026-07-29 20:38:00
KP017458,KW10901,2026-07-30,UK,Desktop,2791,35.0,11,214,5.14,2026-07-30 01:38:00
KP017459,KW11345,2026-07-31,FR,Mobile,1282,30.0,24,525,4.57,2026-07-31 01:47:00
KP017460,KW11281,2026-08-01,CA,Mobile,4451,7.0,191,1301,14.68,2026-08-01 00:24:00
KP017461,KW10315,2026-08-02,AU,Mobile,6307,3.0,585,2690,21.75,2026-08-02 05:58:00
KP017462,KW11757,2026-08-03,UK,Desktop,2673,37.0,61,1172,5.2,2026-08-03 02:40:00
KP017463,KW10802,2026-08-04,UK,Desktop,2819,20.0,44,552,7.97,2026-08-04 03:55:00
KP017464,KW10584,2026-08-05,CA,Desktop,15276,29.0,192,2982,6.44,2026-08-05 16:22:00
KP017465,KW10493,2026-08-06,AU,Desktop,897,19.0,40,482,8.3,2026-08-06 22:22:00
KP017466,KW11259,2026-08-07,US,Desktop,8917,42.0,156,3578,4.36,2026-08-07 19:04:00
KP017467,KW11092,2026-08-08,JP,Mobile,1344,2.0,147,707,20.79,2026-08-08 02:00:00
KP017468,KW10421,2026-08-09,UK,Desktop,9432,33.0,76,1251,6.08,2026-08-09 21:50:00
KP017469,KW11763,2026-08-10,JP,Mobile,4131,11.0,169,1525,11.08,2026-08-10 14:55:00
KP017470,KW11184,2026-08-11,FR,Desktop,1620,1.0,138,396,34.85,2026-08-11 05:01:00
KP017471,KW10955,2026-08-12,UK,Desktop,4732,3.0,236,1036,22.78,2026-08-12 04:49:00
KP017472,KW10722,2026-08-13,BR,Desktop,4394,47.0,44,994,4.43,2026-08-13 08:51:00
KP017473,KW11279,2026-08-14,FR,Desktop,833,20.0,17,227,7.49,2026-08-14 19:46:00
KP017474,KW11790,2026-08-15,JP,Desktop,6659,22.0,108,1892,5.71,2026-08-15 01:56:00
KP017475,KW11694,2026-08-16,FR,Desktop,5064,20.0,64,908,7.05,2026-08-16 15:02:00
KP017476,KW10503,2026-08-17,UK,Desktop,7719,19.0,121,1559,7.76,2026-08-17 07:22:00
KP017477,KW10893,2026-08-18,JP,Mobile,1268,42.0,5,119,4.2,2026-08-18 22:18:00
KP017478,KW11157,2026-08-19,MX,Desktop,2786,24.0,78,1124,6.94,2026-08-19 22:50:00
KP017479,KW11911,2026-08-20,US,Mobile,6560,7.0,191,1418,13.47,2026-08-20 04:24:00
KP017480,KW11568,2026-08-21,CA,Desktop,1925,40.0,47,1048,4.48,2026-08-21 12:52:00
KP017481,KW10587,2026-08-22,MX,Mobile,4707,13.0,59,666,8.86,2026-08-22 01:41:00
KP017482,KW11938,2026-08-23,BR,Desktop,4855,16.0,52,610,8.52,2026-08-23 15:46:00
KP017483,KW10401,2026-08-24,UK,Desktop,2855,43.0,21,574,3.66,2026-08-24 06:39:00
KP017484,KW10902,2026-08-25,CA,Desktop,2527,50.0,8,221,3.62,2026-08-25 19:34:00
KP017485,KW10147,2026-08-26,IN,Desktop,3977,13.0,143,2080,6.88,2026-08-26 17:29:00
KP017486,KW11227,2026-08-27,BR,Mobile,2173,48.0,58,1192,4.87,2026-08-27 05:40:00
KP017487,KW11484,2026-08-28,AU,Desktop,694,35.0,14,377,3.71,2026-08-28 09:47:00
KP017488,KW11236,2026-08-29,IN,Desktop,2216,11.0,38,415,9.16,2026-08-29 15:07:00
KP017489,KW10959,2026-08-30,CA,Mobile,2630,17.0,90,1024,8.79,2026-08-30 00:37:00
KP017490,KW11022,2026-08-31,US,Tablet,1566,19.0,14,241,5.81,2026-08-31 20:11:00
KP017491,KW11787,2026-09-01,US,Desktop,6861,39.0,155,3140,4.94,2026-09-01 22:45:00
KP017492,KW10052,2026-09-02,CA,Mobile,6844,48.0,39,1007,3.87,2026-09-02 12:01:00
KP017493,KW11701,2026-09-03,IN,Mobile,5758,19.0,66,1135,5.81,2026-09-03 09:21:00
KP017494,KW10863,2026-09-04,US,Desktop,3841,24.0,23,468,4.91,2026-09-04 04:33:00
KP017495,KW11524,2026-09-05,IN,Mobile,730,30.0,5,105,4.76,2026-09-05 08:12:00
KP017496,KW11673,2026-09-06,BR,Mobile,24434,28.0,396,7132,5.55,2026-09-06 03:59:00
KP017497,KW10083,2026-09-07,MX,Desktop,615,50.0,11,276,3.99,2026-09-07 12:24:00
KP017498,KW11436,2026-09-08,IN,Mobile,1998,39.0,4,129,3.1,2026-09-08 08:54:00
KP017499,KW10496,2026-09-09,DE,Mobile,740,19.0,20,375,5.33,2026-09-09 03:38:00
KP017500,KW10359,2026-09-10,AU,Desktop,9946,48.0,205,4463,4.59,2026-09-10 17:33:00
KP017501,KW11827,2026-09-11,IN,Mobile,3511,4.0,366,1852,19.76,2026-09-11 17:59:00
KP017502,KW11443,2026-09-12,DE,Mobile,4118,32.0,85,1582,5.37,2026-09-12 20:55:00
KP017503,KW10016,2026-09-13,JP,Mobile,1907,31.0,35,587,5.96,2026-09-13 23:17:00
KP017504,KW11122,2026-09-14,MX,Desktop,1444,35.0,12,253,4.74,2026-09-14 18:15:00
KP017505,KW10088,2026-09-15,UK,Desktop,3051,22.0,80,1116,7.17,2026-09-15 04:59:00
KP017506,KW10187,2026-09-16,IN,Mobile,748,48.0,10,315,3.17,2026-09-16 11:58:00
KP017507,KW11783,2026-09-17,DE,Mobile,1085,34.0,2,58,3.45,2026-09-17 02:18:00
KP017508,KW10705,2026-09-18,JP,Desktop,3429,2.0,201,1041,19.31,2026-09-18 01:12:00
KP017509,KW11156,2026-09-19,MX,Mobile,1345,28.0,7,153,4.58,2026-09-19 02:56:00
KP017510,KW10519,2026-09-20,AU,Mobile,2236,1.0,50,143,34.97,2026-09-20 07:29:00
KP017511,KW10495,2026-09-21,UK,Mobile,4233,1.0,172,534,32.21,2026-09-21 16:57:00
KP017512,KW11788,2026-09-22,CA,Desktop,5484,6.0,55,447,12.3,2026-09-22 22:13:00
KP017513,KW11611,2026-09-23,CA,Mobile,3951,40.0,84,1790,4.69,2026-09-23 13:51:00
KP017514,KW11430,2026-09-24,AU,Desktop,4070,43.0,31,843,3.68,2026-09-24 06:21:00
KP017515,KW10650,2026-09-25,FR,Mobile,988,46.0,7,209,3.35,2026-09-25 20:27:00
KP017516,KW10682,2026-09-26,FR,Desktop,2143,50.0,32,1060,3.02,2026-09-26 02:59:00
KP017517,KW11806,2026-09-27,DE,Desktop,2839,7.0,24,187,12.83,2026-09-27 10:06:00
KP017518,KW11470,2026-09-28,AU,Desktop,1394,43.0,22,559,3.94,2026-09-28 04:08:00
KP017519,KW10224,2026-09-29,BR,Desktop,16036,34.0,259,4728,5.48,2026-09-29 19:41:00
KP017520,KW10727,2026-09-30,IN,Mobile,4484,45.0,66,1419,4.65,2026-09-30 13:03:00
KP017764,KW11607,2026-06-01,AU,Mobile,1253,22.0,20,337,5.93,2026-06-01 22:24:00
KP017765,KW11627,2026-06-02,IN,Mobile,2429,28.0,41,612,6.7,2026-06-02 20:36:00
KP017766,KW10716,2026-06-03,BR,Desktop,2744,47.0,60,1298,4.62,2026-06-03 07:00:00
KP017767,KW11183,2026-06-04,BR,Mobile,3874,40.0,22,619,3.55,2026-06-04 15:55:00
KP017768,KW11153,2026-06-05,MX,Tablet,2523,6.0,115,967,11.89,2026-06-05 07:08:00
KP017769,KW11985,2026-06-06,UK,Desktop,2624,25.0,35,773,4.53,2026-06-06 03:59:00
KP017770,KW10743,2026-06-07,AU,Desktop,1487,13.0,82,802,10.22,2026-06-07 23:34:00
KP017771,KW10011,2026-06-08,US,Mobile,5469,7.0,188,1848,10.17,2026-06-08 22:31:00
KP017772,KW11171,2026-06-09,UK,Mobile,3303,1.0,120,424,28.3,2026-06-09 03:07:00
KP017773,KW10355,2026-06-10,CA,Mobile,2200,9.0,109,1112,9.8,2026-06-10 10:34:00
KP017774,KW11913,2026-06-11,FR,Desktop,3195,23.0,24,318,7.55,2026-06-11 18:35:00
KP017775,KW10800,2026-06-12,BR,Desktop,3412,28.0,40,641,6.24,2026-06-12 15:49:00
KP017776,KW10161,2026-06-13,FR,Desktop,2502,37.0,45,968,4.65,2026-06-13 04:55:00
KP017777,KW10804,2026-06-14,DE,Mobile,692,12.0,16,235,6.81,2026-06-14 17:24:00
KP017778,KW11688,2026-06-15,AU,Mobile,538,15.0,18,202,8.91,2026-06-15 01:14:00
KP017779,KW11293,2026-06-16,CA,Mobile,2361,32.0,26,425,6.12,2026-06-16 21:47:00
KP017780,KW10118,2026-06-17,CA,Mobile,1254,13.0,7,84,8.33,2026-06-17 18:32:00
KP017781,KW10650,2026-06-18,MX,Desktop,5761,22.0,120,1584,7.58,2026-06-18 21:18:00
KP017782,KW10316,2026-06-19,DE,Desktop,1829,22.0,15,283,5.3,2026-06-19 18:30:00
KP017783,KW11954,2026-06-20,AU,Desktop,2372,11.0,104,1158,8.98,2026-06-20 23:37:00
KP017784,KW11231,2026-06-21,UK,Desktop,4839,20.0,111,1545,7.18,2026-06-21 19:07:00
KP017785,KW11996,2026-06-22,IN,Mobile,10015,5.0,832,5270,15.79,2026-06-22 23:18:00
KP017786,KW10727,2026-06-23,AU,Desktop,326,14.0,7,73,9.59,2026-06-23 15:00:00
KP017787,KW10043,2026-06-24,BR,Mobile,1576,15.0,63,694,9.08,2026-06-24 02:30:00
KP017788,KW10095,2026-06-25,DE,Mobile,7744,40.0,229,4051,5.65,2026-06-25 17:25:00
KP017789,KW10928,2026-06-26,CA,Desktop,13307,24.0,464,6155,7.54,2026-06-26 13:20:00
KP017790,KW11477,2026-06-27,DE,Desktop,3066,6.0,110,852,12.91,2026-06-27 11:16:00
KP017791,KW10461,2026-06-28,CA,Mobile,4463,18.0,144,2097,6.87,2026-06-28 10:11:00
KP017792,KW11068,2026-06-29,CA,Tablet,2951,19.0,53,689,7.69,2026-06-29 23:54:00
KP017793,KW11407,2026-06-30,AU,Desktop,313,6.0,15,103,14.56,2026-06-30 05:52:00
KP017794,KW10505,2026-07-01,IN,Mobile,3015,33.0,89,1619,5.5,2026-07-01 20:16:00
KP017795,KW11512,2026-07-02,FR,Mobile,4442,7.0,79,675,11.7,2026-07-02 16:48:00
KP017796,KW10534,2026-07-03,MX,Mobile,6110,43.0,103,1980,5.2,2026-07-03 22:13:00
KP017797,KW11787,2026-07-04,CA,Desktop,8527,17.0,277,3287,8.43,2026-07-04 17:07:00
KP017798,KW11454,2026-07-05,MX,Mobile,1111,6.0,18,188,9.57,2026-07-05 22:00:00
KP017799,KW11987,2026-07-06,MX,Desktop,8274,3.0,372,2459,15.13,2026-07-06 03:26:00
KP017800,KW10988,2026-07-07,BR,Mobile,1849,36.0,26,587,4.43,2026-07-07 07:38:00
KP017801,KW10267,2026-07-08,IN,Desktop,1670,19.0,40,627,6.38,2026-07-08 07:18:00
KP017802,KW11536,2026-07-09,MX,Desktop,1327,24.0,35,508,6.89,2026-07-09 23:43:00
KP017803,KW10506,2026-07-10,AU,Desktop,6009,23.0,88,1140,7.72,2026-07-10 14:36:00
KP017804,KW10349,2026-07-11,AU,Mobile,3160,10.0,54,476,11.34,2026-07-11 21:28:00
KP017805,KW10563,2026-07-12,US,Mobile,1904,36.0,53,989,5.36,2026-07-12 14:54:00
KP017806,KW10798,2026-07-13,DE,Tablet,584,14.0,15,220,6.82,2026-07-13 04:32:00
KP017807,KW10097,2026-07-14,FR,Desktop,1596,17.0,35,587,5.96,2026-07-14 16:03:00
KP017808,KW10077,2026-07-15,CA,Mobile,947,19.0,34,436,7.8,2026-07-15 05:17:00
KP017809,KW10302,2026-07-16,AU,Mobile,9494,36.0,96,2041,4.7,2026-07-16 21:02:00
KP017810,KW10172,2026-07-17,AU,Tablet,2143,14.0,37,381,9.71,2026-07-17 21:55:00
KP017811,KW10361,2026-07-18,MX,Desktop,1886,16.0,27,310,8.71,2026-07-18 02:26:00
KP017812,KW11817,2026-07-19,UK,Tablet,2621,17.0,57,959,5.94,2026-07-19 00:11:00
KP017813,KW11208,2026-07-20,JP,Mobile,6943,13.0,124,1389,8.93,2026-07-20 01:01:00
KP017814,KW10215,2026-07-21,MX,Mobile,2261,6.0,38,269,14.13,2026-07-21 01:44:00
KP017815,KW10981,2026-07-22,AU,Desktop,2243,44.0,44,1186,3.71,2026-07-22 11:17:00
KP017816,KW10751,2026-07-23,US,Mobile,3234,30.0,38,870,4.37,2026-07-23 19:22:00
KP017817,KW11668,2026-07-24,AU,Mobile,1513,30.0,24,476,5.04,2026-07-24 02:16:00
KP017818,KW10806,2026-07-25,JP,Mobile,804,8.0,24,198,12.12,2026-07-25 10:41:00
KP017819,KW11869,2026-07-26,US,Desktop,5824,4.0,153,955,16.02,2026-07-26 12:18:00
KP017820,KW10543,2026-07-27,JP,Desktop,1048,2.0,82,310,26.45,2026-07-27 14:09:00
KP017821,KW10739,2026-07-28,JP,Desktop,4637,1.0,724,2510,28.84,2026-07-28 05:03:00
KP017822,KW10423,2026-07-29,FR,Mobile,969,32.0,8,152,5.26,2026-07-29 11:29:00
KP017823,KW11832,2026-07-30,BR,Desktop,3351,28.0,95,1442,6.59,2026-07-30 22:54:00
KP017824,KW10371,2026-07-31,MX,Mobile,26406,5.0,763,6489,11.76,2026-07-31 08:31:00
KP017825,KW10993,2026-08-01,CA,Desktop,4981,29.0,168,2605,6.45,2026-08-01 07:41:00
KP017826,KW11228,2026-08-02,BR,Desktop,9441,49.0,45,1231,3.66,2026-08-02 09:05:00
KP017827,KW10191,2026-08-03,MX,Desktop,20866,12.0,229,3101,7.38,2026-08-03 12:53:00
KP017828,KW10630,2026-08-04,FR,Mobile,2151,44.0,37,985,3.76,2026-08-04 19:07:00
KP017829,KW10127,2026-08-05,UK,Mobile,2782,3.0,103,495,20.81,2026-08-05 07:04:00
KP017830,KW10172,2026-08-06,FR,Desktop,6299,35.0,94,2065,4.55,2026-08-06 18:59:00
KP017831,KW11715,2026-08-07,IN,Desktop,1766,35.0,22,390,5.64,2026-08-07 18:49:00
KP017832,KW11636,2026-08-08,IN,Mobile,1988,18.0,62,834,7.43,2026-08-08 07:06:00
KP017833,KW11910,2026-08-09,CA,Mobile,2199,17.0,28,345,8.12,2026-08-09 07:13:00
KP017834,KW10478,2026-08-10,FR,Desktop,1030,29.0,12,280,4.29,2026-08-10 00:56:00
KP017835,KW11527,2026-08-11,JP,Desktop,1201,45.0,14,303,4.62,2026-08-11 20:53:00
KP017836,KW11965,2026-08-12,IN,Mobile,8365,27.0,205,3617,5.67,2026-08-12 22:45:00
KP017837,KW11050,2026-08-13,FR,Desktop,4349,26.0,22,387,5.68,2026-08-13 13:00:00
KP017838,KW11228,2026-08-14,JP,Desktop,7633,2.0,95,447,21.25,2026-08-14 09:13:00
KP017839,KW11830,2026-08-15,DE,Mobile,4760,6.0,55,419,13.13,2026-08-15 05:59:00
KP017840,KW11141,2026-08-16,AU,Mobile,2924,41.0,41,836,4.9,2026-08-16 16:34:00
KP017841,KW10743,2026-08-17,DE,Mobile,7093,13.0,62,672,9.23,2026-08-17 20:42:00
KP017842,KW11736,2026-08-18,US,Mobile,245,2.0,8,30,26.67,2026-08-18 18:49:00
KP017843,KW11512,2026-08-19,JP,Mobile,4486,31.0,41,968,4.24,2026-08-19 04:43:00
KP017844,KW10241,2026-08-20,DE,Mobile,1461,13.0,55,769,7.15,2026-08-20 00:02:00
KP017845,KW10662,2026-08-21,UK,Desktop,559,21.0,9,154,5.84,2026-08-21 13:27:00
KP017846,KW10554,2026-08-22,MX,Mobile,2237,5.0,107,960,11.15,2026-08-22 11:22:00
KP017847,KW10023,2026-08-23,BR,Desktop,1643,10.0,60,750,8.0,2026-08-23 09:56:00
KP017848,KW10718,2026-08-24,DE,Mobile,3681,46.0,14,337,4.15,2026-08-24 05:49:00
KP017849,KW11429,2026-08-25,IN,Desktop,1478,3.0,109,479,22.76,2026-08-25 06:23:00
KP017850,KW10238,2026-08-26,JP,Mobile,1438,33.0,36,730,4.93,2026-08-26 07:47:00
KP017851,KW11135,2026-08-27,CA,Mobile,2452,39.0,29,613,4.73,2026-08-27 12:50:00
KP017852,KW11840,2026-08-28,CA,Tablet,3665,10.0,100,1234,8.1,2026-08-28 00:13:00
KP017853,KW10727,2026-08-29,US,Tablet,995,50.0,21,489,4.29,2026-08-29 06:12:00
KP017854,KW11285,2026-08-30,DE,Desktop,2261,6.0,131,1068,12.27,2026-08-30 17:16:00
KP017855,KW11978,2026-08-31,US,Mobile,4648,47.0,115,2397,4.8,2026-08-31 20:29:00
KP017856,KW11610,2026-09-01,CA,Mobile,2386,17.0,81,1115,7.26,2026-09-01 21:01:00
KP017857,KW10292,2026-09-02,UK,Mobile,5892,30.0,149,2729,5.46,2026-09-02 20:04:00
KP017858,KW10216,2026-09-03,FR,Mobile,754,14.0,9,107,8.41,2026-09-03 01:19:00
KP017859,KW10760,2026-09-04,FR,Tablet,10446,3.0,598,2915,20.51,2026-09-04 03:02:00
KP017860,KW11504,2026-09-05,DE,Desktop,8277,49.0,58,1138,5.1,2026-09-05 07:32:00
KP017861,KW11604,2026-09-06,US,Desktop,6210,8.0,190,1581,12.02,2026-09-06 22:10:00
KP017862,KW11503,2026-09-07,IN,Desktop,675,3.0,41,193,21.24,2026-09-07 04:50:00
KP017863,KW10360,2026-09-08,AU,Desktop,1849,4.0,20,159,12.58,2026-09-08 23:08:00
KP017864,KW10501,2026-09-09,MX,Desktop,994,44.0,21,397,5.29,2026-09-09 14:24:00
KP017865,KW11014,2026-09-10,JP,Mobile,6869,25.0,120,2169,5.53,2026-09-10 11:19:00
KP017866,KW10800,2026-09-11,UK,Mobile,7250,9.0,127,1500,8.47,2026-09-11 22:23:00
KP017867,KW10214,2026-09-12,FR,Mobile,5718,46.0,109,2606,4.18,2026-09-12 17:19:00
KP017868,KW11775,2026-09-13,IN,Desktop,3729,4.0,343,1836,18.68,2026-09-13 18:30:00
KP017869,KW11855,2026-09-14,AU,Desktop,3235,21.0,27,380,7.11,2026-09-14 15:07:00
KP017870,KW11039,2026-09-15,MX,Mobile,7616,50.0,46,1305,3.52,2026-09-15 06:36:00
KP017871,KW10205,2026-09-16,BR,Mobile,12909,12.0,507,5257,9.64,2026-09-16 00:04:00
KP017872,KW10226,2026-09-17,AU,Desktop,6460,32.0,71,1649,4.31,2026-09-17 20:08:00
KP017873,KW10732,2026-09-18,MX,Mobile,6147,13.0,31,363,8.54,2026-09-18 19:23:00
KP017874,KW10814,2026-09-19,US,Desktop,2128,5.0,20,127,15.75,2026-09-19 04:18:00
KP017875,KW11909,2026-09-20,IN,Mobile,3415,42.0,35,915,3.83,2026-09-20 15:30:00
KP017876,KW11486,2026-09-21,JP,Mobile,956,29.0,21,373,5.63,2026-09-21 22:03:00
KP017877,KW10175,2026-09-22,UK,Tablet,3486,2.0,91,324,28.09,2026-09-22 23:24:00
KP017878,KW10520,2026-09-23,FR,Mobile,938,22.0,20,318,6.29,2026-09-23 04:00:00
KP017879,KW10779,2026-09-24,BR,Mobile,4531,1.0,318,910,34.95,2026-09-24 01:30:00
KP017880,KW10464,2026-09-25,FR,Mobile,940,3.0,60,315,19.05,2026-09-25 12:18:00
KP017881,KW11809,2026-09-26,AU,Desktop,1296,15.0,13,210,6.19,2026-09-26 05:26:00
KP017882,KW11989,2026-09-27,US,Desktop,3993,18.0,59,811,7.27,2026-09-27 21:50:00
KP017883,KW10782,2026-09-28,FR,Mobile,3247,45.0,6,178,3.37,2026-09-28 04:00:00
KP017884,KW11422,2026-09-29,AU,Mobile,9120,5.0,811,4697,17.27,2026-09-29 08:38:00
KP017885,KW10957,2026-09-30,MX,Mobile,3456,1.0,372,1064,34.96,2026-09-30 18:21:00
KP018129,KW11902,2026-06-01,CA,Desktop,2257,49.0,19,497,3.82,2026-06-01 16:39:00
KP018130,KW11204,2026-06-02,CA,Desktop,1331,12.0,47,691,6.8,2026-06-02 09:50:00
KP018131,KW10234,2026-06-03,IN,Desktop,1949,32.0,9,167,5.39,2026-06-03 11:36:00
KP018132,KW10693,2026-06-04,US,Desktop,32158,47.0,580,12111,4.79,2026-06-04 20:18:00
KP018133,KW11007,2026-06-05,FR,Mobile,804,41.0,5,107,4.67,2026-06-05 10:53:00
KP018134,KW11000,2026-06-06,JP,Desktop,1799,15.0,13,215,6.05,2026-06-06 07:52:00
KP018135,KW10783,2026-06-07,BR,Desktop,874,5.0,25,172,14.53,2026-06-07 07:46:00
KP018136,KW10828,2026-06-08,MX,Mobile,4012,18.0,76,1270,5.98,2026-06-08 02:59:00
KP018137,KW10915,2026-06-09,BR,Desktop,927,23.0,23,392,5.87,2026-06-09 12:11:00
KP018138,KW10462,2026-06-10,BR,Mobile,8430,11.0,43,460,9.35,2026-06-10 13:42:00
KP018139,KW11799,2026-06-11,JP,Desktop,3970,19.0,112,1375,8.15,2026-06-11 00:50:00
KP018140,KW11634,2026-06-12,AU,Mobile,4706,41.0,23,460,5.0,2026-06-12 20:55:00
KP018141,KW11502,2026-06-13,AU,Mobile,1637,38.0,15,400,3.75,2026-06-13 07:00:00
KP018142,KW11038,2026-06-14,IN,Mobile,3123,49.0,38,1186,3.2,2026-06-14 12:51:00
KP018143,KW11912,2026-06-15,CA,Mobile,1810,38.0,13,227,5.73,2026-06-15 23:54:00
KP018144,KW10203,2026-06-16,US,Desktop,2716,15.0,37,487,7.6,2026-06-16 22:52:00
KP018145,KW10353,2026-06-17,AU,Desktop,2008,6.0,36,224,16.07,2026-06-17 19:13:00
KP018146,KW10940,2026-06-18,CA,Mobile,17808,33.0,295,5059,5.83,2026-06-18 07:01:00
KP018147,KW10301,2026-06-19,IN,Desktop,5114,46.0,113,2667,4.24,2026-06-19 15:27:00
KP018148,KW10670,2026-06-20,BR,Desktop,3822,3.0,193,917,21.05,2026-06-20 08:36:00
KP018149,KW11138,2026-06-21,IN,Mobile,3047,26.0,11,179,6.15,2026-06-21 08:37:00
KP018150,KW10885,2026-06-22,FR,Desktop,3819,27.0,22,508,4.33,2026-06-22 13:29:00
KP018151,KW10153,2026-06-23,IN,Desktop,705,34.0,2,43,4.65,2026-06-23 01:30:00
KP018152,KW10640,2026-06-24,CA,Desktop,2763,14.0,47,461,10.2,2026-06-24 17:31:00
KP018153,KW10600,2026-06-25,IN,Desktop,2477,32.0,27,504,5.36,2026-06-25 11:54:00
KP018154,KW11581,2026-06-26,CA,Desktop,1835,12.0,90,990,9.09,2026-06-26 01:48:00
KP018155,KW10040,2026-06-27,JP,Desktop,6542,38.0,30,786,3.82,2026-06-27 10:36:00
KP018156,KW11915,2026-06-28,IN,Mobile,2301,5.0,27,228,11.84,2026-06-28 16:31:00
KP018157,KW10324,2026-06-29,BR,Desktop,5076,6.0,286,2108,13.57,2026-06-29 15:10:00
KP018158,KW11774,2026-06-30,AU,Desktop,6965,40.0,109,2723,4.0,2026-06-30 07:56:00
KP018159,KW10154,2026-07-01,AU,Mobile,1210,15.0,16,248,6.45,2026-07-01 22:28:00
KP018160,KW10937,2026-07-02,DE,Tablet,9386,8.0,179,1672,10.71,2026-07-02 00:48:00
KP018161,KW10562,2026-07-03,FR,Mobile,12534,25.0,359,4923,7.29,2026-07-03 03:18:00
KP018162,KW10632,2026-07-04,BR,Desktop,1809,5.0,66,398,16.58,2026-07-04 20:45:00
KP018163,KW11561,2026-07-05,MX,Mobile,6033,7.0,251,1713,14.65,2026-07-05 17:11:00
KP018164,KW10576,2026-07-06,CA,Desktop,1045,39.0,17,360,4.72,2026-07-06 22:55:00
KP018165,KW11034,2026-07-07,MX,Desktop,7683,34.0,135,2496,5.41,2026-07-07 04:28:00
KP018166,KW11899,2026-07-08,CA,Desktop,1067,17.0,29,418,6.94,2026-07-08 13:04:00
KP018167,KW11241,2026-07-09,JP,Desktop,587,32.0,13,260,5.0,2026-07-09 18:38:00
KP018168,KW11880,2026-07-10,AU,Desktop,7548,1.0,1019,2912,34.99,2026-07-10 18:43:00
KP018169,KW11237,2026-07-11,US,Desktop,4665,5.0,103,887,11.61,2026-07-11 00:54:00
KP018170,KW10766,2026-07-12,DE,Desktop,2807,23.0,17,246,6.91,2026-07-12 21:31:00
KP018171,KW11613,2026-07-13,IN,Mobile,11763,39.0,64,1490,4.3,2026-07-13 18:44:00
KP018172,KW10742,2026-07-14,US,Mobile,8587,40.0,27,747,3.61,2026-07-14 11:49:00
KP018173,KW11504,2026-07-15,AU,Desktop,3557,50.0,71,1776,4.0,2026-07-15 14:41:00
KP018174,KW11129,2026-07-16,AU,Mobile,7040,2.0,422,1441,29.29,2026-07-16 23:12:00
KP018175,KW11712,2026-07-17,JP,Mobile,2401,23.0,60,943,6.36,2026-07-17 03:51:00
KP018176,KW10833,2026-07-18,CA,Desktop,1777,50.0,16,539,2.97,2026-07-18 13:48:00
KP018177,KW10449,2026-07-19,AU,Mobile,668,43.0,3,81,3.7,2026-07-19 16:20:00
KP018178,KW11906,2026-07-20,US,Mobile,2785,6.0,125,943,13.26,2026-07-20 20:45:00
KP018179,KW10932,2026-07-21,JP,Mobile,1993,45.0,39,855,4.56,2026-07-21 09:41:00
KP018180,KW11679,2026-07-22,IN,Mobile,1858,27.0,40,614,6.51,2026-07-22 19:02:00
KP018181,KW11777,2026-07-23,MX,Desktop,1796,17.0,55,629,8.74,2026-07-23 06:42:00
KP018182,KW10196,2026-07-24,MX,Mobile,7769,40.0,51,945,5.4,2026-07-24 20:54:00
KP018183,KW11460,2026-07-25,AU,Mobile,1542,31.0,8,203,3.94,2026-07-25 00:56:00
KP018184,KW11139,2026-07-26,AU,Mobile,3820,50.0,45,1129,3.99,2026-07-26 14:25:00
KP018185,KW11667,2026-07-27,UK,Desktop,13203,28.0,348,6744,5.16,2026-07-27 00:20:00
KP018186,KW11381,2026-07-28,UK,Desktop,3274,2.0,144,540,26.67,2026-07-28 23:44:00
KP018187,KW10369,2026-07-29,BR,Mobile,3769,2.0,156,542,28.78,2026-07-29 00:04:00
KP018188,KW10597,2026-07-30,CA,Desktop,2263,32.0,25,605,4.13,2026-07-30 13:09:00
KP018189,KW10620,2026-07-31,FR,Mobile,2306,32.0,64,1023,6.26,2026-07-31 20:36:00
KP018190,KW11034,2026-08-01,DE,Desktop,818,4.0,77,418,18.42,2026-08-01 21:39:00
KP018191,KW11337,2026-08-02,US,Mobile,2468,11.0,33,378,8.73,2026-08-02 13:58:00
KP018192,KW10279,2026-08-03,FR,Desktop,3149,26.0,15,260,5.77,2026-08-03 14:16:00
KP018193,KW10278,2026-08-04,BR,Desktop,2359,33.0,57,1201,4.75,2026-08-04 02:48:00
KP018194,KW11632,2026-08-05,DE,Mobile,222,49.0,4,106,3.77,2026-08-05 01:38:00
KP018195,KW11611,2026-08-06,FR,Desktop,33311,32.0,682,15221,4.48,2026-08-06 02:20:00
KP018196,KW11147,2026-08-07,CA,Mobile,12810,37.0,172,3712,4.63,2026-08-07 19:26:00
KP018197,KW10588,2026-08-08,IN,Desktop,2707,47.0,42,998,4.21,2026-08-08 07:07:00
KP018198,KW11791,2026-08-09,IN,Desktop,2586,12.0,114,1099,10.37,2026-08-09 19:45:00
KP018199,KW11213,2026-08-10,AU,Mobile,3846,35.0,103,1781,5.78,2026-08-10 16:54:00
KP018200,KW10181,2026-08-11,BR,Desktop,4017,20.0,14,230,6.09,2026-08-11 20:32:00
KP018201,KW11928,2026-08-12,UK,Mobile,4282,46.0,39,806,4.84,2026-08-12 10:16:00
KP018202,KW11552,2026-08-13,CA,Mobile,5996,27.0,160,2331,6.86,2026-08-13 18:13:00
KP018203,KW11785,2026-08-14,MX,Desktop,875,41.0,16,321,4.98,2026-08-14 19:31:00
KP018204,KW11893,2026-08-15,BR,Mobile,11218,7.0,595,4451,13.37,2026-08-15 19:32:00
KP018205,KW11657,2026-08-16,MX,Desktop,10455,27.0,63,1175,5.36,2026-08-16 22:43:00
KP018206,KW11707,2026-08-17,JP,Mobile,9609,24.0,82,1397,5.87,2026-08-17 23:42:00
KP018207,KW11091,2026-08-18,CA,Mobile,1301,17.0,48,658,7.29,2026-08-18 18:07:00
KP018208,KW10064,2026-08-19,AU,Desktop,2465,43.0,25,712,3.51,2026-08-19 17:42:00
KP018209,KW10667,2026-08-20,US,Mobile,1989,42.0,9,247,3.64,2026-08-20 21:07:00
KP018210,KW10570,2026-08-21,CA,Mobile,6073,43.0,56,1435,3.9,2026-08-21 06:24:00
KP018211,KW10389,2026-08-22,DE,Mobile,2458,28.0,8,130,6.15,2026-08-22 15:14:00
KP018212,KW11424,2026-08-23,UK,Desktop,7515,35.0,61,1195,5.1,2026-08-23 13:11:00
KP018213,KW11890,2026-08-24,US,Desktop,6354,46.0,110,2379,4.62,2026-08-24 03:29:00
KP018214,KW11898,2026-08-25,JP,Desktop,1892,18.0,39,518,7.53,2026-08-25 16:17:00
KP018215,KW10813,2026-08-26,FR,Tablet,2326,37.0,52,1017,5.11,2026-08-26 14:54:00
KP018216,KW11003,2026-08-27,UK,Desktop,1296,19.0,6,117,5.13,2026-08-27 11:22:00
KP018217,KW10806,2026-08-28,JP,Mobile,948,44.0,1,59,1.69,2026-08-28 12:24:00
KP018218,KW11893,2026-08-29,CA,Desktop,992,34.0,17,296,5.74,2026-08-29 02:24:00
KP018219,KW10253,2026-08-30,CA,Mobile,1407,46.0,32,721,4.44,2026-08-30 15:39:00
KP018220,KW11496,2026-08-31,FR,Mobile,603,49.0,13,266,4.89,2026-08-31 12:00:00
KP018221,KW11532,2026-09-01,DE,Desktop,1439,41.0,19,503,3.78,2026-09-01 08:08:00
KP018222,KW10623,2026-09-02,DE,Mobile,28481,50.0,203,4884,4.16,2026-09-02 13:18:00
KP018223,KW11143,2026-09-03,DE,Mobile,4441,19.0,33,491,6.72,2026-09-03 05:36:00
KP018224,KW11291,2026-09-04,CA,Desktop,5796,40.0,172,3138,5.48,2026-09-04 23:03:00
KP018225,KW11934,2026-09-05,US,Desktop,1584,14.0,9,102,8.82,2026-09-05 01:54:00
KP018226,KW10091,2026-09-06,DE,Desktop,6246,25.0,171,3350,5.1,2026-09-06 02:14:00
KP018227,KW11477,2026-09-07,BR,Mobile,4820,43.0,18,470,3.83,2026-09-07 07:33:00
KP018228,KW10999,2026-09-08,MX,Mobile,3037,50.0,39,1001,3.9,2026-09-08 23:46:00
KP018229,KW11332,2026-09-09,BR,Tablet,626,3.0,9,52,17.31,2026-09-09 10:55:00
KP018230,KW10100,2026-09-10,IN,Desktop,4359,24.0,105,1638,6.41,2026-09-10 16:10:00
KP018231,KW10210,2026-09-11,DE,Desktop,3104,41.0,47,989,4.75,2026-09-11 07:02:00
KP018232,KW11921,2026-09-12,JP,Desktop,12352,10.0,539,5464,9.86,2026-09-12 11:39:00
KP018233,KW10336,2026-09-13,DE,Mobile,1419,19.0,37,699,5.29,2026-09-13 18:18:00
KP018234,KW11569,2026-09-14,FR,Desktop,2825,1.0,322,920,35.0,2026-09-14 03:11:00
KP018235,KW10895,2026-09-15,AU,Mobile,14486,11.0,447,5967,7.49,2026-09-15 15:41:00
KP018236,KW11502,2026-09-16,FR,Tablet,8403,10.0,243,3057,7.95,2026-09-16 02:43:00
KP018237,KW10379,2026-09-17,MX,Desktop,2298,50.0,19,484,3.93,2026-09-17 05:19:00
KP018238,KW11775,2026-09-18,JP,Desktop,3399,21.0,66,888,7.43,2026-09-18 05:08:00
KP018239,KW10397,2026-09-19,FR,Mobile,1747,46.0,41,881,4.65,2026-09-19 06:30:00
KP018240,KW11865,2026-09-20,DE,Desktop,2910,14.0,26,270,9.63,2026-09-20 03:15:00
KP018241,KW11179,2026-09-21,IN,Mobile,23665,3.0,503,2533,19.86,2026-09-21 11:50:00
KP018242,KW10301,2026-09-22,BR,Mobile,15186,7.0,677,4921,13.76,2026-09-22 07:20:00
KP018243,KW10587,2026-09-23,UK,Desktop,5883,42.0,83,1867,4.45,2026-09-23 16:25:00
KP018244,KW10286,2026-09-24,JP,Tablet,6919,43.0,98,2847,3.44,2026-09-24 06:18:00
KP018245,KW10710,2026-09-25,UK,Mobile,5677,25.0,27,368,7.34,2026-09-25 14:09:00
KP018246,KW10166,2026-09-26,CA,Mobile,594,16.0,6,79,7.59,2026-09-26 09:48:00
KP018247,KW11352,2026-09-27,DE,Mobile,2047,5.0,32,184,17.39,2026-09-27 23:22:00
KP018248,KW11583,2026-09-28,FR,Mobile,4266,6.0,335,2219,15.1,2026-09-28 00:50:00
KP018249,KW10778,2026-09-29,FR,Desktop,3178,10.0,12,170,7.06,2026-09-29 07:14:00
KP018250,KW11924,2026-09-30,BR,Mobile,3032,35.0,54,951,5.68,2026-09-30 00:50:00
KP018494,KW10827,2026-06-01,BR,Mobile,1515,40.0,11,232,4.74,2026-06-01 14:02:00
KP018495,KW11391,2026-06-02,JP,Mobile,1640,4.0,52,354,14.69,2026-06-02 19:46:00
KP018496,KW10542,2026-06-03,US,Desktop,3105,42.0,55,1251,4.4,2026-06-03 19:54:00
KP018497,KW10493,2026-06-04,JP,Desktop,4857,24.0,138,2155,6.4,2026-06-04 19:14:00
KP018498,KW11108,2026-06-05,JP,Desktop,1285,4.0,52,305,17.05,2026-06-05 11:21:00
KP018499,KW11997,2026-06-06,UK,Desktop,2180,49.0,43,1079,3.99,2026-06-06 03:19:00
KP018500,KW10481,2026-06-07,UK,Mobile,1041,24.0,25,421,5.94,2026-06-07 09:46:00
KP018501,KW11163,2026-06-08,IN,Mobile,3671,35.0,58,1256,4.62,2026-06-08 01:58:00
KP018502,KW11782,2026-06-09,JP,Tablet,10171,14.0,98,1411,6.95,2026-06-09 07:50:00
KP018503,KW10402,2026-06-10,IN,Mobile,1835,26.0,26,402,6.47,2026-06-10 10:55:00
KP018504,KW10840,2026-06-11,MX,Mobile,6683,6.0,349,2691,12.97,2026-06-11 13:20:00
KP018505,KW10023,2026-06-12,US,Mobile,1412,45.0,13,384,3.39,2026-06-12 22:03:00
KP018506,KW10350,2026-06-13,AU,Mobile,9338,49.0,64,1799,3.56,2026-06-13 09:09:00
KP018507,KW10103,2026-06-14,DE,Mobile,13840,22.0,316,4263,7.41,2026-06-14 11:30:00
KP018508,KW10074,2026-06-15,IN,Desktop,6418,22.0,50,900,5.56,2026-06-15 21:09:00
KP018509,KW11684,2026-06-16,UK,Mobile,5335,31.0,89,2164,4.11,2026-06-16 06:57:00
KP018510,KW10168,2026-06-17,UK,Desktop,2091,11.0,40,384,10.42,2026-06-17 01:35:00
KP018511,KW11424,2026-06-18,FR,Mobile,1056,38.0,16,299,5.35,2026-06-18 21:59:00
KP018512,KW10324,2026-06-19,FR,Mobile,3514,1.0,480,1372,34.99,2026-06-19 05:55:00
KP018513,KW11981,2026-06-20,CA,Desktop,5882,13.0,139,1613,8.62,2026-06-20 01:12:00
KP018514,KW11796,2026-06-21,BR,Desktop,10539,23.0,411,5354,7.68,2026-06-21 06:12:00
KP018515,KW11615,2026-06-22,US,Desktop,1861,41.0,24,471,5.1,2026-06-22 19:19:00
KP018516,KW11989,2026-06-23,FR,Desktop,2268,32.0,56,1134,4.94,2026-06-23 20:29:00
KP018517,KW10218,2026-06-24,IN,Mobile,2496,5.0,110,703,15.65,2026-06-24 12:24:00
KP018518,KW10132,2026-06-25,BR,Desktop,2571,39.0,53,1226,4.32,2026-06-25 03:08:00
KP018519,KW10659,2026-06-26,AU,Mobile,2104,15.0,78,829,9.41,2026-06-26 17:52:00
KP018520,KW11356,2026-06-27,IN,Mobile,6565,14.0,143,2022,7.07,2026-06-27 08:56:00
KP018521,KW11731,2026-06-28,AU,Desktop,5589,37.0,87,2347,3.71,2026-06-28 01:29:00
KP018522,KW10882,2026-06-29,US,Desktop,3196,6.0,133,1264,10.52,2026-06-29 06:53:00
KP018523,KW10065,2026-06-30,FR,Desktop,2048,20.0,13,172,7.56,2026-06-30 07:46:00
KP018524,KW10530,2026-07-01,BR,Desktop,1636,7.0,74,593,12.48,2026-07-01 00:54:00
KP018525,KW11463,2026-07-02,US,Mobile,699,3.0,73,348,20.98,2026-07-02 17:05:00
KP018526,KW10182,2026-07-03,BR,Desktop,1869,20.0,12,248,4.84,2026-07-03 14:42:00
KP018527,KW11522,2026-07-04,AU,Mobile,3161,24.0,11,184,5.98,2026-07-04 10:56:00
KP018528,KW10774,2026-07-05,DE,Mobile,6748,6.0,475,3313,14.34,2026-07-05 10:15:00
KP018529,KW11612,2026-07-06,JP,Mobile,2690,45.0,17,341,4.99,2026-07-06 08:45:00
KP018530,KW11755,2026-07-07,UK,Mobile,2914,41.0,57,1305,4.37,2026-07-07 03:07:00
KP018531,KW11332,2026-07-08,DE,Desktop,10177,30.0,184,3312,5.56,2026-07-08 18:00:00
KP018532,KW11455,2026-07-09,UK,Desktop,2775,18.0,20,277,7.22,2026-07-09 17:57:00
KP018533,KW11162,2026-07-10,BR,Desktop,965,27.0,17,281,6.05,2026-07-10 13:49:00
KP018534,KW11989,2026-07-11,US,Desktop,1616,47.0,38,848,4.48,2026-07-11 08:59:00
KP018535,KW11977,2026-07-12,DE,Mobile,1894,48.0,4,139,2.88,2026-07-12 13:11:00
KP018536,KW11128,2026-07-13,BR,Mobile,5048,14.0,32,391,8.18,2026-07-13 20:04:00
KP018537,KW11618,2026-07-14,IN,Desktop,6605,28.0,133,2379,5.59,2026-07-14 02:26:00
KP018538,KW10072,2026-07-15,BR,Desktop,2697,46.0,31,692,4.48,2026-07-15 07:55:00
KP018539,KW10744,2026-07-16,MX,Desktop,1828,28.0,23,487,4.72,2026-07-16 18:05:00
KP018540,KW10208,2026-07-17,JP,Desktop,1912,32.0,14,314,4.46,2026-07-17 07:42:00
KP018541,KW10555,2026-07-18,AU,Desktop,9337,42.0,157,4610,3.41,2026-07-18 10:31:00
KP018542,KW10239,2026-07-19,CA,Desktop,3683,23.0,100,1379,7.25,2026-07-19 02:29:00
KP018543,KW10752,2026-07-20,BR,Desktop,616,21.0,9,127,7.09,2026-07-20 21:55:00
KP018544,KW11113,2026-07-21,MX,Desktop,1867,22.0,44,751,5.86,2026-07-21 05:06:00
KP018545,KW10982,2026-07-22,BR,Mobile,2364,39.0,17,448,3.79,2026-07-22 20:35:00
KP018546,KW10688,2026-07-23,US,Mobile,3653,30.0,12,281,4.27,2026-07-23 03:58:00
KP018547,KW10544,2026-07-24,IN,Mobile,14276,33.0,357,7823,4.56,2026-07-24 08:27:00
KP018548,KW10885,2026-07-25,FR,Mobile,5561,31.0,105,2287,4.59,2026-07-25 14:02:00
KP018549,KW11558,2026-07-26,FR,Desktop,737,35.0,9,217,4.15,2026-07-26 18:37:00
KP018550,KW10783,2026-07-27,US,Desktop,4711,2.0,205,1095,18.72,2026-07-27 16:09:00
KP018551,KW11900,2026-07-28,IN,Desktop,8260,15.0,413,4502,9.17,2026-07-28 02:12:00
KP018552,KW11042,2026-07-29,MX,Mobile,806,16.0,4,69,5.8,2026-07-29 15:25:00
KP018553,KW11304,2026-07-30,DE,Desktop,6606,26.0,96,1627,5.9,2026-07-30 11:58:00
KP018554,KW11113,2026-07-31,CA,Desktop,9228,19.0,129,2439,5.29,2026-07-31 11:06:00
KP018555,KW10699,2026-08-01,CA,Desktop,8484,17.0,73,941,7.76,2026-08-01 20:52:00
KP018556,KW11950,2026-08-02,IN,Mobile,1080,10.0,29,320,9.06,2026-08-02 04:58:00
KP018557,KW10633,2026-08-03,DE,Mobile,1110,47.0,18,457,3.94,2026-08-03 04:53:00
KP018558,KW10852,2026-08-04,IN,Desktop,8439,8.0,359,3276,10.96,2026-08-04 18:34:00
KP018559,KW11571,2026-08-05,DE,Desktop,2741,21.0,89,1199,7.42,2026-08-05 20:20:00
KP018560,KW11417,2026-08-06,DE,Mobile,887,6.0,45,295,15.25,2026-08-06 12:47:00
KP018561,KW11247,2026-08-07,MX,Mobile,968,28.0,11,236,4.66,2026-08-07 16:29:00
KP018562,KW11552,2026-08-08,AU,Mobile,8918,29.0,53,803,6.6,2026-08-08 19:18:00
KP018563,KW11891,2026-08-09,IN,Tablet,4306,11.0,153,1473,10.39,2026-08-09 08:17:00
KP018564,KW10559,2026-08-10,JP,Desktop,2363,32.0,74,1163,6.36,2026-08-10 10:20:00
KP018565,KW11021,2026-08-11,US,Tablet,1069,48.0,15,404,3.71,2026-08-11 18:32:00
KP018566,KW11899,2026-08-12,JP,Desktop,9467,42.0,80,2336,3.42,2026-08-12 23:52:00
KP018567,KW10417,2026-08-13,FR,Mobile,4523,1.0,538,1959,27.46,2026-08-13 19:35:00
KP018568,KW11523,2026-08-14,CA,Mobile,2106,24.0,43,764,5.63,2026-08-14 02:09:00
KP018569,KW10458,2026-08-15,AU,Desktop,3872,28.0,104,1514,6.87,2026-08-15 12:02:00
KP018570,KW10769,2026-08-16,UK,Tablet,1366,7.0,27,233,11.59,2026-08-16 02:25:00
KP018571,KW11733,2026-08-17,UK,Mobile,3253,13.0,160,1597,10.02,2026-08-17 14:17:00
KP018572,KW11597,2026-08-18,AU,Mobile,2789,24.0,28,533,5.25,2026-08-18 02:39:00
KP018573,KW11601,2026-08-19,CA,Mobile,1187,4.0,80,398,20.1,2026-08-19 01:37:00
KP018574,KW11861,2026-08-20,AU,Desktop,33162,27.0,782,11713,6.68,2026-08-20 03:42:00
KP018575,KW11555,2026-08-21,MX,Mobile,1063,27.0,10,234,4.27,2026-08-21 21:04:00
KP018576,KW10704,2026-08-22,AU,Mobile,1954,32.0,50,1016,4.92,2026-08-22 14:48:00
KP018577,KW11865,2026-08-23,US,Desktop,3804,2.0,370,1644,22.51,2026-08-23 22:48:00
KP018578,KW11607,2026-08-24,JP,Desktop,3686,18.0,59,922,6.4,2026-08-24 15:11:00
KP018579,KW11306,2026-08-25,JP,Mobile,513,3.0,12,71,16.9,2026-08-25 00:06:00
KP018580,KW11569,2026-08-26,DE,Mobile,2295,43.0,43,1012,4.25,2026-08-26 14:44:00
KP018581,KW11983,2026-08-27,MX,Mobile,4927,22.0,160,2645,6.05,2026-08-27 09:28:00
KP018582,KW10487,2026-08-28,FR,Desktop,1454,1.0,228,652,34.97,2026-08-28 10:23:00
KP018583,KW10374,2026-08-29,CA,Desktop,3227,48.0,34,745,4.56,2026-08-29 04:03:00
KP018584,KW11305,2026-08-30,US,Desktop,2784,22.0,24,358,6.7,2026-08-30 18:15:00
KP018585,KW11266,2026-08-31,BR,Desktop,1484,6.0,25,184,13.59,2026-08-31 12:40:00
KP018586,KW11282,2026-09-01,FR,Tablet,5365,2.0,302,1281,23.58,2026-09-01 08:08:00
KP018587,KW10871,2026-09-02,BR,Desktop,3695,43.0,48,1309,3.67,2026-09-02 18:11:00
KP018588,KW11379,2026-09-03,CA,Mobile,27264,39.0,568,12392,4.58,2026-09-03 05:53:00
KP018589,KW10492,2026-09-04,AU,Desktop,5514,11.0,84,725,11.59,2026-09-04 02:28:00
KP018590,KW11500,2026-09-05,DE,Desktop,3286,41.0,65,1294,5.02,2026-09-05 16:57:00
KP018591,KW10447,2026-09-06,IN,Desktop,3222,34.0,33,566,5.83,2026-09-06 02:06:00
KP018592,KW11603,2026-09-07,MX,Desktop,1784,20.0,15,241,6.22,2026-09-07 08:37:00
KP018593,KW11351,2026-09-08,US,Desktop,2049,19.0,31,529,5.86,2026-09-08 17:47:00
KP018594,KW10835,2026-09-09,DE,Mobile,3066,47.0,20,423,4.73,2026-09-09 08:41:00
KP018595,KW11048,2026-09-10,IN,Desktop,3335,29.0,112,1684,6.65,2026-09-10 04:55:00
KP018596,KW11418,2026-09-11,BR,Desktop,17380,41.0,210,5764,3.64,2026-09-11 05:15:00
KP018597,KW10436,2026-09-12,CA,Desktop,16883,43.0,133,3305,4.02,2026-09-12 12:07:00
KP018598,KW10835,2026-09-13,BR,Mobile,1079,33.0,32,515,6.21,2026-09-13 02:14:00
KP018599,KW11327,2026-09-14,CA,Desktop,3468,36.0,40,901,4.44,2026-09-14 09:25:00
KP018600,KW10003,2026-09-15,UK,Desktop,4483,20.0,120,1710,7.02,2026-09-15 02:42:00
KP018601,KW10931,2026-09-16,AU,Mobile,2824,38.0,27,503,5.37,2026-09-16 04:43:00
KP018602,KW10129,2026-09-17,IN,Mobile,5346,12.0,36,484,7.44,2026-09-17 01:18:00
KP018603,KW10815,2026-09-18,BR,Desktop,7473,9.0,333,2737,12.17,2026-09-18 06:40:00
KP018604,KW10703,2026-09-19,MX,Mobile,5405,21.0,112,1576,7.11,2026-09-19 16:32:00
KP018605,KW10624,2026-09-20,UK,Desktop,2460,7.0,112,1091,10.27,2026-09-20 03:39:00
KP018606,KW11229,2026-09-21,US,Mobile,2876,5.0,124,933,13.29,2026-09-21 09:17:00
KP018607,KW10410,2026-09-22,FR,Mobile,4749,15.0,127,1415,8.98,2026-09-22 18:21:00
KP018608,KW10678,2026-09-23,FR,Mobile,784,20.0,14,191,7.33,2026-09-23 17:50:00
KP018609,KW10788,2026-09-24,UK,Mobile,2285,45.0,39,873,4.47,2026-09-24 04:49:00
KP018610,KW10325,2026-09-25,CA,Mobile,1808,50.0,40,811,4.93,2026-09-25 17:49:00
KP018611,KW10758,2026-09-26,MX,Mobile,1485,49.0,22,480,4.58,2026-09-26 18:56:00
KP018612,KW10636,2026-09-27,JP,Mobile,2206,29.0,16,366,4.37,2026-09-27 10:42:00
KP018613,KW10568,2026-09-28,US,Mobile,752,46.0,14,302,4.64,2026-09-28 01:21:00
KP018614,KW11547,2026-09-29,CA,Mobile,2378,1.0,150,495,30.3,2026-09-29 07:58:00
KP018615,KW11774,2026-09-30,US,Desktop,11521,40.0,174,4271,4.07,2026-09-30 21:42:00
KP018859,KW11869,2026-06-01,FR,Desktop,1677,26.0,19,303,6.27,2026-06-01 22:17:00
KP018860,KW10643,2026-06-02,FR,Desktop,240,8.0,12,113,10.62,2026-06-02 19:26:00
KP018861,KW10583,2026-06-03,FR,Desktop,7356,41.0,88,1997,4.41,2026-06-03 05:18:00
KP018862,KW11912,2026-06-04,IN,Desktop,5583,5.0,135,875,15.43,2026-06-04 08:01:00
KP018863,KW10736,2026-06-05,FR,Mobile,922,27.0,17,301,5.65,2026-06-05 20:59:00
KP018864,KW10453,2026-06-06,AU,Mobile,3438,11.0,21,288,7.29,2026-06-06 09:19:00
KP018865,KW11378,2026-06-07,US,Mobile,2628,14.0,19,200,9.5,2026-06-07 06:01:00
KP018866,KW10166,2026-06-08,CA,Mobile,1283,35.0,10,189,5.29,2026-06-08 22:40:00
KP018867,KW11003,2026-06-09,IN,Mobile,1535,38.0,36,687,5.24,2026-06-09 01:45:00
KP018868,KW10060,2026-06-10,UK,Desktop,19660,45.0,38,1151,3.3,2026-06-10 21:06:00
KP018869,KW11936,2026-06-11,DE,Mobile,8261,28.0,175,3064,5.71,2026-06-11 09:31:00
KP018870,KW10977,2026-06-12,BR,Mobile,2102,11.0,80,901,8.88,2026-06-12 12:50:00
KP018871,KW10334,2026-06-13,AU,Desktop,5827,4.0,233,1154,20.19,2026-06-13 14:27:00
KP018872,KW11568,2026-06-14,US,Desktop,3931,29.0,82,1879,4.36,2026-06-14 05:15:00
KP018873,KW10557,2026-06-15,MX,Tablet,934,38.0,1,47,2.13,2026-06-15 08:56:00
KP018874,KW11914,2026-06-16,BR,Mobile,4404,45.0,77,1914,4.02,2026-06-16 03:12:00
KP018875,KW11058,2026-06-17,FR,Desktop,3545,42.0,15,456,3.29,2026-06-17 12:48:00
KP018876,KW11500,2026-06-18,FR,Mobile,3763,41.0,95,1699,5.59,2026-06-18 19:15:00
KP018877,KW10534,2026-06-19,CA,Desktop,6891,20.0,55,964,5.71,2026-06-19 06:26:00
KP018878,KW11846,2026-06-20,US,Mobile,1494,37.0,5,155,3.23,2026-06-20 00:32:00
KP018879,KW11449,2026-06-21,BR,Mobile,2423,3.0,45,238,18.91,2026-06-21 23:19:00
KP018880,KW10041,2026-06-22,UK,Mobile,3247,35.0,31,589,5.26,2026-06-22 11:14:00
KP018881,KW10946,2026-06-23,AU,Mobile,4285,10.0,121,1161,10.42,2026-06-23 20:43:00
KP018882,KW11605,2026-06-24,MX,Mobile,5651,50.0,23,736,3.12,2026-06-24 01:06:00
KP018883,KW11463,2026-06-25,DE,Desktop,2066,28.0,42,645,6.51,2026-06-25 01:50:00
KP018884,KW11134,2026-06-26,BR,Mobile,6381,29.0,148,3423,4.32,2026-06-26 10:51:00
KP018885,KW11070,2026-06-27,FR,Tablet,976,45.0,14,362,3.87,2026-06-27 02:05:00
KP018886,KW11520,2026-06-28,AU,Desktop,8342,20.0,89,1302,6.84,2026-06-28 15:54:00
KP018887,KW11920,2026-06-29,MX,Tablet,2005,17.0,12,161,7.45,2026-06-29 06:52:00
KP018888,KW10304,2026-06-30,UK,Desktop,3096,22.0,56,1053,5.32,2026-06-30 10:09:00
KP018889,KW11469,2026-07-01,CA,Mobile,5872,31.0,91,1803,5.05,2026-07-01 10:37:00
KP018890,KW10566,2026-07-02,US,Mobile,689,29.0,11,183,6.01,2026-07-02 11:32:00
KP018891,KW10072,2026-07-03,BR,Desktop,7379,9.0,204,2139,9.54,2026-07-03 16:54:00
KP018892,KW11532,2026-07-04,FR,Desktop,2963,2.0,368,1248,29.49,2026-07-04 12:28:00
KP018893,KW10276,2026-07-05,UK,Mobile,1891,13.0,67,787,8.51,2026-07-05 19:54:00
KP018894,KW11498,2026-07-06,UK,Desktop,1113,45.0,2,62,3.23,2026-07-06 10:46:00
KP018895,KW11705,2026-07-07,JP,Desktop,1764,46.0,37,876,4.22,2026-07-07 01:28:00
KP018896,KW11724,2026-07-08,US,Tablet,13067,6.0,550,4694,11.72,2026-07-08 01:23:00
KP018897,KW10556,2026-07-09,BR,Mobile,5626,6.0,163,1196,13.63,2026-07-09 13:56:00
KP018898,KW11316,2026-07-10,JP,Desktop,3683,1.0,285,917,31.08,2026-07-10 06:04:00
KP018899,KW10674,2026-07-11,FR,Desktop,1609,39.0,8,217,3.69,2026-07-11 15:44:00
KP018900,KW11045,2026-07-12,FR,Desktop,921,15.0,8,121,6.61,2026-07-12 12:22:00
KP018901,KW11584,2026-07-13,US,Desktop,2552,5.0,192,1215,15.8,2026-07-13 07:22:00
KP018902,KW11442,2026-07-14,CA,Desktop,7196,36.0,95,1860,5.11,2026-07-14 13:57:00
KP018903,KW10753,2026-07-15,UK,Mobile,3306,21.0,102,1372,7.43,2026-07-15 19:52:00
KP018904,KW10555,2026-07-16,IN,Desktop,1047,27.0,5,95,5.26,2026-07-16 17:13:00
KP018905,KW10786,2026-07-17,BR,Desktop,1180,46.0,29,580,5.0,2026-07-17 03:40:00
KP018906,KW10826,2026-07-18,JP,Mobile,465,9.0,16,203,7.88,2026-07-18 07:10:00
KP018907,KW11491,2026-07-19,FR,Mobile,533,35.0,2,45,4.44,2026-07-19 19:52:00
KP018908,KW10674,2026-07-20,DE,Desktop,7382,46.0,139,3981,3.49,2026-07-20 06:45:00
KP018909,KW10265,2026-07-21,MX,Mobile,4350,48.0,13,296,4.39,2026-07-21 02:15:00
KP018910,KW10752,2026-07-22,DE,Mobile,3682,12.0,87,1242,7.0,2026-07-22 10:21:00
KP018911,KW11506,2026-07-23,MX,Desktop,1922,3.0,202,1024,19.73,2026-07-23 11:19:00
KP018912,KW10738,2026-07-24,BR,Tablet,1173,22.0,35,461,7.59,2026-07-24 19:03:00
KP018913,KW11951,2026-07-25,JP,Mobile,2862,23.0,96,1475,6.51,2026-07-25 03:05:00
KP018914,KW10258,2026-07-26,IN,Desktop,6004,18.0,54,815,6.63,2026-07-26 10:20:00
KP018915,KW11210,2026-07-27,AU,Desktop,2216,26.0,27,528,5.11,2026-07-27 13:34:00
KP018916,KW10559,2026-07-28,UK,Desktop,4162,46.0,34,904,3.76,2026-07-28 15:56:00
KP018917,KW10716,2026-07-29,UK,Mobile,3945,29.0,17,348,4.89,2026-07-29 15:52:00
KP018918,KW11223,2026-07-30,IN,Desktop,3042,36.0,20,461,4.34,2026-07-30 21:33:00
KP018919,KW11266,2026-07-31,CA,Desktop,2052,14.0,33,454,7.27,2026-07-31 12:31:00
KP018920,KW11646,2026-08-01,CA,Mobile,13748,40.0,120,2808,4.27,2026-08-01 02:01:00
KP018921,KW11432,2026-08-02,UK,Mobile,3357,48.0,60,1764,3.4,2026-08-02 00:36:00
KP018922,KW10390,2026-08-03,BR,Desktop,3409,31.0,26,597,4.36,2026-08-03 15:37:00
KP018923,KW10514,2026-08-04,US,Mobile,1261,11.0,34,365,9.32,2026-08-04 12:46:00
KP018924,KW11392,2026-08-05,BR,Desktop,860,50.0,10,346,2.89,2026-08-05 06:55:00
KP018925,KW11363,2026-08-06,IN,Mobile,2507,50.0,55,1157,4.75,2026-08-06 17:01:00
KP018926,KW10918,2026-08-07,CA,Mobile,1259,23.0,6,104,5.77,2026-08-07 22:31:00
KP018927,KW11948,2026-08-08,AU,Desktop,2116,39.0,29,633,4.58,2026-08-08 04:44:00
KP018928,KW10227,2026-08-09,DE,Mobile,2438,28.0,26,556,4.68,2026-08-09 15:46:00
KP018929,KW10300,2026-08-10,UK,Desktop,4959,32.0,106,2121,5.0,2026-08-10 04:44:00
KP018930,KW10488,2026-08-11,DE,Desktop,3556,13.0,24,326,7.36,2026-08-11 13:24:00
KP018931,KW11130,2026-08-12,CA,Desktop,2714,41.0,53,1323,4.01,2026-08-12 15:17:00
KP018932,KW11013,2026-08-13,BR,Desktop,11590,5.0,477,2722,17.52,2026-08-13 22:25:00
KP018933,KW11089,2026-08-14,MX,Mobile,6558,32.0,119,2438,4.88,2026-08-14 01:59:00
KP018934,KW10605,2026-08-15,AU,Mobile,4868,4.0,390,2077,18.78,2026-08-15 18:45:00
KP018935,KW10680,2026-08-16,AU,Desktop,14272,28.0,59,1147,5.14,2026-08-16 19:08:00
KP018936,KW10521,2026-08-17,UK,Desktop,1354,35.0,12,217,5.53,2026-08-17 14:03:00
KP018937,KW10496,2026-08-18,US,Mobile,1309,32.0,9,217,4.15,2026-08-18 15:45:00
KP018938,KW11345,2026-08-19,DE,Mobile,5799,22.0,38,495,7.68,2026-08-19 09:18:00
KP018939,KW10017,2026-08-20,DE,Desktop,3051,44.0,21,597,3.52,2026-08-20 01:45:00
KP018940,KW10625,2026-08-21,FR,Mobile,2150,7.0,66,696,9.48,2026-08-21 22:12:00
KP018941,KW11703,2026-08-22,US,Desktop,3345,20.0,99,1373,7.21,2026-08-22 22:47:00
KP018942,KW10581,2026-08-23,IN,Desktop,2290,24.0,77,1129,6.82,2026-08-23 20:49:00
KP018943,KW11944,2026-08-24,UK,Desktop,16367,7.0,163,1173,13.9,2026-08-24 02:58:00
KP018944,KW10702,2026-08-25,CA,Tablet,9317,32.0,158,4025,3.93,2026-08-25 11:27:00
KP018945,KW11124,2026-08-26,US,Desktop,11401,8.0,448,4174,10.73,2026-08-26 00:57:00
KP018946,KW10375,2026-08-27,FR,Mobile,984,39.0,10,288,3.47,2026-08-27 09:22:00
KP018947,KW10860,2026-08-28,JP,Desktop,1572,21.0,36,481,7.48,2026-08-28 03:53:00
KP018948,KW11044,2026-08-29,AU,Mobile,4379,8.0,232,1684,13.78,2026-08-29 04:37:00
KP018949,KW11817,2026-08-30,MX,Mobile,615,31.0,8,207,3.86,2026-08-30 03:31:00
KP018950,KW11865,2026-08-31,FR,Mobile,444,28.0,3,56,5.36,2026-08-31 14:13:00
KP018951,KW10382,2026-09-01,CA,Desktop,1205,12.0,28,307,9.12,2026-09-01 13:13:00
KP018952,KW10992,2026-09-02,CA,Mobile,2419,46.0,45,1130,3.98,2026-09-02 06:52:00
KP018953,KW11400,2026-09-03,AU,Desktop,1957,25.0,36,768,4.69,2026-09-03 15:47:00
KP018954,KW10727,2026-09-04,CA,Desktop,949,50.0,12,280,4.29,2026-09-04 18:57:00
KP018955,KW11403,2026-09-05,UK,Tablet,1249,41.0,33,657,5.02,2026-09-05 23:08:00
KP018956,KW11209,2026-09-06,DE,Mobile,13508,43.0,183,4936,3.71,2026-09-06 07:28:00
KP018957,KW11449,2026-09-07,BR,Mobile,8818,2.0,237,888,26.69,2026-09-07 17:44:00
KP018958,KW11614,2026-09-08,MX,Mobile,3817,35.0,72,1707,4.22,2026-09-08 14:55:00
KP018959,KW10438,2026-09-09,IN,Mobile,2661,1.0,362,1228,29.48,2026-09-09 09:19:00
KP018960,KW11543,2026-09-10,DE,Mobile,1275,13.0,34,344,9.88,2026-09-10 17:26:00
KP018961,KW10987,2026-09-11,FR,Desktop,798,39.0,6,144,4.17,2026-09-11 16:57:00
KP018962,KW10176,2026-09-12,UK,Tablet,2322,31.0,33,644,5.12,2026-09-12 14:43:00
KP018963,KW10335,2026-09-13,FR,Desktop,374,26.0,11,191,5.76,2026-09-13 08:55:00
KP018964,KW11530,2026-09-14,MX,Desktop,13717,40.0,348,7156,4.86,2026-09-14 08:03:00
KP018965,KW11208,2026-09-15,BR,Desktop,3627,1.0,311,993,31.32,2026-09-15 01:34:00
KP018966,KW11678,2026-09-16,FR,Mobile,1196,19.0,13,161,8.07,2026-09-16 00:07:00
KP018967,KW11020,2026-09-17,JP,Desktop,3937,34.0,17,451,3.77,2026-09-17 19:57:00
KP018968,KW11184,2026-09-18,DE,Desktop,14314,47.0,223,5683,3.92,2026-09-18 10:43:00
KP018969,KW11285,2026-09-19,MX,Desktop,4501,38.0,22,576,3.82,2026-09-19 21:59:00
KP018970,KW11098,2026-09-20,CA,Tablet,6661,25.0,143,2568,5.57,2026-09-20 06:10:00
KP018971,KW10131,2026-09-21,US,Mobile,4328,47.0,50,1499,3.34,2026-09-21 22:10:00
KP018972,KW10273,2026-09-22,MX,Desktop,2974,30.0,13,210,6.19,2026-09-22 03:48:00
KP018973,KW10204,2026-09-23,UK,Desktop,3907,10.0,136,1328,10.24,2026-09-23 07:51:00
KP018974,KW10723,2026-09-24,BR,Mobile,13330,34.0,211,4077,5.18,2026-09-24 05:29:00
KP018975,KW11288,2026-09-25,IN,Mobile,1191,1.0,21,62,33.87,2026-09-25 07:59:00
KP018976,KW11468,2026-09-26,DE,Mobile,5063,11.0,73,882,8.28,2026-09-26 03:41:00
KP018977,KW10794,2026-09-27,US,Desktop,1031,37.0,20,344,5.81,2026-09-27 14:46:00
KP018978,KW10479,2026-09-28,DE,Desktop,1300,20.0,33,660,5.0,2026-09-28 02:04:00
KP018979,KW11787,2026-09-29,IN,Tablet,2130,41.0,13,346,3.76,2026-09-29 17:34:00
KP018980,KW10252,2026-09-30,MX,Mobile,5844,18.0,78,1225,6.37,2026-09-30 18:59:00
KP019224,KW11942,2026-06-01,UK,Desktop,3418,25.0,65,1047,6.21,2026-06-01 03:04:00
KP019225,KW10374,2026-06-02,DE,Desktop,1938,8.0,116,1014,11.44,2026-06-02 11:21:00
KP019226,KW11034,2026-06-03,US,Desktop,3602,12.0,61,780,7.82,2026-06-03 21:16:00
KP019227,KW10134,2026-06-04,JP,Desktop,4267,10.0,137,1457,9.4,2026-06-04 16:51:00
KP019228,KW11259,2026-06-05,JP,Desktop,4412,42.0,43,1184,3.63,2026-06-05 02:53:00
KP019229,KW10725,2026-06-06,AU,Desktop,1639,48.0,31,625,4.96,2026-06-06 14:56:00
KP019230,KW10947,2026-06-07,BR,Mobile,957,46.0,9,233,3.86,2026-06-07 03:17:00
KP019231,KW10351,2026-06-08,JP,Mobile,3360,10.0,72,749,9.61,2026-06-08 11:22:00
KP019232,KW10275,2026-06-09,BR,Mobile,1000,17.0,10,194,5.15,2026-06-09 05:56:00
KP019233,KW10515,2026-06-10,MX,Mobile,2575,24.0,52,867,6.0,2026-06-10 13:19:00
KP019234,KW11755,2026-06-11,BR,Desktop,3433,27.0,61,856,7.13,2026-06-11 18:28:00
KP019235,KW11115,2026-06-12,FR,Desktop,11635,14.0,464,5547,8.36,2026-06-12 06:33:00
KP019236,KW10349,2026-06-13,UK,Mobile,7713,15.0,65,1094,5.94,2026-06-13 21:30:00
KP019237,KW10795,2026-06-14,FR,Desktop,5968,17.0,169,2942,5.74,2026-06-14 14:30:00
KP019238,KW11991,2026-06-15,IN,Mobile,23535,22.0,491,8764,5.6,2026-06-15 16:07:00
KP019239,KW10467,2026-06-16,FR,Mobile,5806,30.0,172,3175,5.42,2026-06-16 21:50:00
KP019240,KW11518,2026-06-17,CA,Mobile,12723,49.0,150,4844,3.1,2026-06-17 13:19:00
KP019241,KW10772,2026-06-18,MX,Desktop,3974,30.0,108,2020,5.35,2026-06-18 18:31:00
KP019242,KW10562,2026-06-19,DE,Desktop,3221,35.0,27,552,4.89,2026-06-19 20:04:00
KP019243,KW10047,2026-06-20,DE,Desktop,1910,2.0,26,123,21.14,2026-06-20 23:46:00
KP019244,KW10771,2026-06-21,MX,Desktop,6102,14.0,158,2110,7.49,2026-06-21 02:26:00
KP019245,KW10844,2026-06-22,BR,Mobile,10611,30.0,68,1467,4.64,2026-06-22 11:07:00
KP019246,KW10886,2026-06-23,FR,Mobile,2047,35.0,13,249,5.22,2026-06-23 16:31:00
KP019247,KW11200,2026-06-24,JP,Desktop,820,16.0,5,89,5.62,2026-06-24 20:01:00
KP019248,KW11729,2026-06-25,DE,Mobile,2844,11.0,140,1299,10.78,2026-06-25 11:26:00
KP019249,KW11376,2026-06-26,DE,Mobile,21420,32.0,507,9565,5.3,2026-06-26 05:26:00
KP019250,KW11964,2026-06-27,FR,Desktop,5039,7.0,101,794,12.72,2026-06-27 00:15:00
KP019251,KW10270,2026-06-28,AU,Desktop,818,25.0,15,259,5.79,2026-06-28 00:58:00
KP019252,KW11728,2026-06-29,UK,Mobile,5623,1.0,1071,3061,34.99,2026-06-29 21:55:00
KP019253,KW10994,2026-06-30,MX,Desktop,1953,16.0,34,532,6.39,2026-06-30 02:14:00
KP019254,KW11646,2026-07-01,FR,Mobile,11443,40.0,60,1261,4.76,2026-07-01 22:57:00
KP019255,KW11864,2026-07-02,AU,Mobile,719,46.0,13,330,3.94,2026-07-02 14:22:00
KP019256,KW10590,2026-07-03,JP,Mobile,784,1.0,89,320,27.81,2026-07-03 02:34:00
KP019257,KW10468,2026-07-04,JP,Mobile,1444,4.0,82,467,17.56,2026-07-04 12:51:00
KP019258,KW10629,2026-07-05,DE,Desktop,8481,50.0,148,3212,4.61,2026-07-05 20:46:00
KP019259,KW10119,2026-07-06,FR,Mobile,4507,23.0,108,1432,7.54,2026-07-06 11:42:00
KP019260,KW10313,2026-07-07,IN,Mobile,1947,15.0,29,331,8.76,2026-07-07 03:22:00
KP019261,KW11969,2026-07-08,CA,Mobile,4992,48.0,115,2322,4.95,2026-07-08 12:32:00
KP019262,KW11481,2026-07-09,DE,Mobile,2468,7.0,82,664,12.35,2026-07-09 13:55:00
KP019263,KW10694,2026-07-10,DE,Mobile,5020,2.0,204,908,22.47,2026-07-10 08:35:00
KP019264,KW10216,2026-07-11,JP,Desktop,2414,4.0,61,504,12.1,2026-07-11 01:13:00
KP019265,KW11471,2026-07-12,IN,Mobile,3387,11.0,192,1771,10.84,2026-07-12 12:59:00
KP019266,KW10509,2026-07-13,MX,Desktop,1896,42.0,9,264,3.41,2026-07-13 17:00:00
KP019267,KW10285,2026-07-14,UK,Mobile,14345,10.0,548,7343,7.46,2026-07-14 04:52:00
KP019268,KW10842,2026-07-15,MX,Mobile,9481,44.0,159,3243,4.9,2026-07-15 20:38:00
KP019269,KW10178,2026-07-16,CA,Desktop,7073,32.0,128,3284,3.9,2026-07-16 07:43:00
KP019270,KW10180,2026-07-17,UK,Desktop,1352,3.0,70,329,21.28,2026-07-17 03:46:00
KP019271,KW10866,2026-07-18,MX,Tablet,1800,41.0,44,819,5.37,2026-07-18 00:53:00
KP019272,KW10748,2026-07-19,JP,Desktop,1309,22.0,32,461,6.94,2026-07-19 04:42:00
KP019273,KW10350,2026-07-20,DE,Mobile,2134,30.0,25,575,4.35,2026-07-20 08:20:00
KP019274,KW11250,2026-07-21,DE,Mobile,4036,11.0,83,1035,8.02,2026-07-21 10:42:00
KP019275,KW11191,2026-07-22,IN,Mobile,1749,21.0,51,787,6.48,2026-07-22 02:37:00
KP019276,KW10167,2026-07-23,CA,Desktop,1999,47.0,36,738,4.88,2026-07-23 18:57:00
KP019277,KW11352,2026-07-24,US,Mobile,3012,7.0,84,880,9.55,2026-07-24 01:15:00
KP019278,KW10359,2026-07-25,MX,Desktop,7720,25.0,256,3628,7.06,2026-07-25 12:37:00
KP019279,KW11998,2026-07-26,AU,Desktop,8017,40.0,52,1167,4.46,2026-07-26 05:40:00
KP019280,KW10126,2026-07-27,BR,Mobile,6330,2.0,152,780,19.49,2026-07-27 05:00:00
KP019281,KW10795,2026-07-28,UK,Desktop,2481,19.0,57,880,6.48,2026-07-28 14:03:00
KP019282,KW10687,2026-07-29,BR,Desktop,3094,29.0,69,1054,6.55,2026-07-29 13:40:00
KP019283,KW11300,2026-07-30,DE,Mobile,1664,49.0,12,260,4.62,2026-07-30 00:10:00
KP019284,KW10504,2026-07-31,AU,Mobile,2080,38.0,39,803,4.86,2026-07-31 23:09:00
KP019285,KW10585,2026-08-01,MX,Mobile,3091,47.0,42,1041,4.03,2026-08-01 07:42:00
KP019286,KW10041,2026-08-02,DE,Desktop,1373,42.0,14,343,4.08,2026-08-02 12:54:00
KP019287,KW10116,2026-08-03,MX,Mobile,3688,22.0,115,1787,6.44,2026-08-03 05:03:00
KP019288,KW10520,2026-08-04,CA,Desktop,5545,40.0,61,1691,3.61,2026-08-04 22:54:00
KP019289,KW11103,2026-08-05,MX,Mobile,3505,46.0,73,1574,4.64,2026-08-05 19:03:00
KP019290,KW11336,2026-08-06,AU,Mobile,5266,6.0,284,2260,12.57,2026-08-06 16:14:00
KP019291,KW11911,2026-08-07,CA,Desktop,25104,12.0,1128,13552,8.32,2026-08-07 13:35:00
KP019292,KW11804,2026-08-08,JP,Mobile,7569,3.0,395,2415,16.36,2026-08-08 13:48:00
KP019293,KW11134,2026-08-09,IN,Tablet,2626,43.0,49,1058,4.63,2026-08-09 03:21:00
KP019294,KW11598,2026-08-10,US,Mobile,1371,6.0,14,111,12.61,2026-08-10 01:35:00
KP019295,KW11230,2026-08-11,DE,Mobile,2153,42.0,18,515,3.5,2026-08-11 05:24:00
KP019296,KW10900,2026-08-12,MX,Desktop,1848,26.0,26,461,5.64,2026-08-12 22:13:00
KP019297,KW10790,2026-08-13,JP,Mobile,3648,29.0,79,1395,5.66,2026-08-13 11:06:00
KP019298,KW11683,2026-08-14,MX,Mobile,4028,40.0,61,1574,3.88,2026-08-14 05:09:00
KP019299,KW10686,2026-08-15,CA,Desktop,2327,8.0,137,1079,12.7,2026-08-15 16:06:00
KP019300,KW10115,2026-08-16,MX,Desktop,8905,3.0,583,2970,19.63,2026-08-16 03:58:00
KP019301,KW11563,2026-08-17,IN,Desktop,6091,12.0,213,2750,7.75,2026-08-17 00:34:00
KP019302,KW11027,2026-08-18,UK,Mobile,8184,14.0,217,2516,8.62,2026-08-18 07:11:00
KP019303,KW11198,2026-08-19,JP,Mobile,4708,43.0,86,2120,4.06,2026-08-19 03:49:00
KP019304,KW11976,2026-08-20,AU,Mobile,29179,22.0,240,4024,5.96,2026-08-20 13:45:00
KP019305,KW10564,2026-08-21,UK,Mobile,20045,35.0,248,4684,5.29,2026-08-21 01:24:00
KP019306,KW11997,2026-08-22,MX,Mobile,5447,31.0,153,2872,5.33,2026-08-22 02:38:00
KP019307,KW10735,2026-08-23,DE,Desktop,9669,27.0,136,2760,4.93,2026-08-23 23:47:00
KP019308,KW11692,2026-08-24,IN,Desktop,1663,41.0,42,781,5.38,2026-08-24 16:56:00
KP019309,KW10395,2026-08-25,CA,Desktop,2038,7.0,18,175,10.29,2026-08-25 08:03:00
KP019310,KW11501,2026-08-26,UK,Mobile,3486,1.0,317,1205,26.31,2026-08-26 07:07:00
KP019311,KW11566,2026-08-27,JP,Mobile,2488,16.0,83,1242,6.68,2026-08-27 17:03:00
KP019312,KW10253,2026-08-28,IN,Mobile,9906,20.0,353,4736,7.45,2026-08-28 06:01:00
KP019313,KW11880,2026-08-29,BR,Mobile,2403,2.0,116,567,20.46,2026-08-29 14:51:00
KP019314,KW10158,2026-08-30,JP,Desktop,3129,10.0,47,538,8.74,2026-08-30 15:41:00
KP019315,KW10160,2026-08-31,JP,Mobile,1815,44.0,38,818,4.65,2026-08-31 20:47:00
KP019316,KW11887,2026-09-01,JP,Desktop,1438,29.0,19,447,4.25,2026-09-01 14:45:00
KP019317,KW11953,2026-09-02,US,Mobile,9902,49.0,142,3097,4.59,2026-09-02 02:28:00
KP019318,KW11237,2026-09-03,IN,Desktop,157,4.0,4,38,10.53,2026-09-03 05:06:00
KP019319,KW11432,2026-09-04,US,Mobile,1506,45.0,16,467,3.43,2026-09-04 10:47:00
KP019320,KW10460,2026-09-05,AU,Mobile,4235,2.0,207,1144,18.09,2026-09-05 13:30:00
KP019321,KW10854,2026-09-06,JP,Desktop,4192,37.0,110,1929,5.7,2026-09-06 10:10:00
KP019322,KW10231,2026-09-07,CA,Tablet,1451,21.0,20,301,6.64,2026-09-07 15:46:00
KP019323,KW11294,2026-09-08,US,Desktop,1533,10.0,24,251,9.56,2026-09-08 03:55:00
KP019324,KW11847,2026-09-09,FR,Tablet,676,29.0,11,195,5.64,2026-09-09 00:23:00
KP019325,KW11161,2026-09-10,IN,Mobile,651,13.0,25,292,8.56,2026-09-10 09:28:00
KP019326,KW11851,2026-09-11,DE,Desktop,1239,45.0,19,375,5.07,2026-09-11 06:51:00
KP019327,KW10919,2026-09-12,US,Mobile,4360,44.0,42,939,4.47,2026-09-12 10:50:00
KP019328,KW11790,2026-09-13,CA,Desktop,1046,45.0,5,121,4.13,2026-09-13 17:25:00
KP019329,KW11411,2026-09-14,UK,Mobile,4969,16.0,161,2106,7.64,2026-09-14 04:37:00
KP019330,KW10679,2026-09-15,UK,Desktop,25642,45.0,489,9501,5.15,2026-09-15 15:48:00
KP019331,KW10392,2026-09-16,US,Desktop,7049,32.0,139,3467,4.01,2026-09-16 18:34:00
KP019332,KW10032,2026-09-17,DE,Mobile,9241,14.0,53,811,6.54,2026-09-17 02:33:00
KP019333,KW11334,2026-09-18,JP,Desktop,10983,32.0,40,1027,3.89,2026-09-18 12:24:00
KP019334,KW10234,2026-09-19,UK,Mobile,1430,40.0,32,734,4.36,2026-09-19 01:16:00
KP019335,KW11918,2026-09-20,FR,Mobile,5631,20.0,31,614,5.05,2026-09-20 14:41:00
KP019336,KW10944,2026-09-21,FR,Desktop,2758,31.0,50,786,6.36,2026-09-21 13:20:00
KP019337,KW10509,2026-09-22,JP,Desktop,1732,40.0,16,327,4.89,2026-09-22 20:21:00
KP019338,KW11600,2026-09-23,JP,Mobile,1803,43.0,13,302,4.3,2026-09-23 00:52:00
KP019339,KW10351,2026-09-24,FR,Desktop,7569,16.0,261,3936,6.63,2026-09-24 05:52:00
KP019340,KW10857,2026-09-25,BR,Mobile,3179,50.0,26,716,3.63,2026-09-25 20:32:00
KP019341,KW11392,2026-09-26,DE,Desktop,2350,19.0,76,925,8.22,2026-09-26 15:57:00
KP019342,KW11028,2026-09-27,AU,Mobile,2283,23.0,78,1184,6.59,2026-09-27 17:50:00
KP019343,KW10869,2026-09-28,FR,Mobile,6263,47.0,58,1246,4.65,2026-09-28 16:55:00
KP019344,KW10348,2026-09-29,DE,Desktop,2414,19.0,13,239,5.44,2026-09-29 09:58:00
KP019345,KW10120,2026-09-30,CA,Mobile,3125,18.0,63,1053,5.98,2026-09-30 02:45:00
KP019589,KW10041,2026-06-01,FR,Desktop,7603,38.0,77,2164,3.56,2026-06-01 13:01:00
KP019590,KW10294,2026-06-02,UK,Mobile,5844,37.0,78,1945,4.01,2026-06-02 06:06:00
KP019591,KW11511,2026-06-03,IN,Desktop,1183,4.0,78,532,14.66,2026-06-03 11:53:00
KP019592,KW11382,2026-06-04,US,Mobile,2747,45.0,42,1136,3.7,2026-06-04 18:58:00
KP019593,KW10783,2026-06-05,US,Desktop,7405,27.0,125,2200,5.68,2026-06-05 04:51:00
KP019594,KW10579,2026-06-06,CA,Mobile,662,32.0,11,280,3.93,2026-06-06 00:54:00
KP019595,KW10568,2026-06-07,UK,Mobile,1139,13.0,43,500,8.6,2026-06-07 07:25:00
KP019596,KW11980,2026-06-08,MX,Mobile,1716,9.0,92,816,11.27,2026-06-08 17:41:00
KP019597,KW11370,2026-06-09,CA,Mobile,7929,45.0,99,2451,4.04,2026-06-09 20:44:00
KP019598,KW10716,2026-06-10,JP,Tablet,4995,46.0,124,2392,5.18,2026-06-10 21:14:00
KP019599,KW10060,2026-06-11,AU,Mobile,7055,21.0,65,1254,5.18,2026-06-11 21:40:00
KP019600,KW10736,2026-06-12,DE,Mobile,2130,3.0,159,943,16.86,2026-06-12 02:19:00
KP019601,KW11603,2026-06-13,FR,Mobile,4726,34.0,95,1670,5.69,2026-06-13 15:46:00
KP019602,KW10953,2026-06-14,UK,Tablet,12374,31.0,328,6207,5.28,2026-06-14 22:10:00
KP019603,KW11250,2026-06-15,MX,Mobile,2325,12.0,89,891,9.99,2026-06-15 22:39:00
KP019604,KW10838,2026-06-16,BR,Desktop,7664,20.0,27,428,6.31,2026-06-16 13:10:00
KP019605,KW11683,2026-06-17,US,Mobile,2783,45.0,35,806,4.34,2026-06-17 04:24:00
KP019606,KW11646,2026-06-18,FR,Mobile,4327,43.0,30,805,3.73,2026-06-18 07:57:00
KP019607,KW10314,2026-06-19,US,Desktop,10653,26.0,256,5361,4.78,2026-06-19 18:04:00
KP019608,KW10205,2026-06-20,BR,Mobile,863,20.0,11,137,8.03,2026-06-20 20:39:00
KP019609,KW11973,2026-06-21,DE,Desktop,3372,40.0,96,1763,5.45,2026-06-21 12:05:00
KP019610,KW11604,2026-06-22,DE,Desktop,622,38.0,4,81,4.94,2026-06-22 19:34:00
KP019611,KW11583,2026-06-23,UK,Desktop,2228,34.0,11,273,4.03,2026-06-23 03:01:00
KP019612,KW10270,2026-06-24,FR,Mobile,3654,14.0,119,1875,6.35,2026-06-24 09:42:00
KP019613,KW10532,2026-06-25,DE,Mobile,3290,46.0,23,553,4.16,2026-06-25 15:25:00
KP019614,KW11704,2026-06-26,BR,Mobile,2204,10.0,53,534,9.93,2026-06-26 04:06:00
KP019615,KW10503,2026-06-27,US,Mobile,2027,29.0,68,1060,6.42,2026-06-27 13:35:00
KP019616,KW10003,2026-06-28,CA,Mobile,14993,26.0,157,2878,5.46,2026-06-28 22:21:00
KP019617,KW10894,2026-06-29,JP,Desktop,6058,33.0,112,2374,4.72,2026-06-29 03:21:00
KP019618,KW10597,2026-06-30,FR,Desktop,3484,44.0,50,1491,3.35,2026-06-30 06:15:00
KP019619,KW11875,2026-07-01,US,Mobile,5899,42.0,99,2388,4.15,2026-07-01 07:47:00
KP019620,KW10566,2026-07-02,FR,Mobile,4086,45.0,62,1737,3.57,2026-07-02 13:23:00
KP019621,KW11068,2026-07-03,CA,Desktop,7414,6.0,234,2063,11.34,2026-07-03 02:42:00
KP019622,KW11920,2026-07-04,CA,Desktop,1723,11.0,70,714,9.8,2026-07-04 08:29:00
KP019623,KW11349,2026-07-05,BR,Desktop,920,38.0,2,53,3.77,2026-07-05 10:16:00
KP019624,KW10058,2026-07-06,BR,Mobile,2451,12.0,54,656,8.23,2026-07-06 20:06:00
KP019625,KW11322,2026-07-07,MX,Desktop,4651,18.0,67,1049,6.39,2026-07-07 01:22:00
KP019626,KW11269,2026-07-08,UK,Desktop,514,13.0,17,227,7.49,2026-07-08 19:44:00
KP019627,KW10371,2026-07-09,BR,Desktop,11135,4.0,146,751,19.44,2026-07-09 01:33:00
KP019628,KW10609,2026-07-10,CA,Mobile,1797,41.0,51,964,5.29,2026-07-10 07:05:00
KP019629,KW10374,2026-07-11,JP,Desktop,2833,43.0,51,1520,3.36,2026-07-11 12:29:00
KP019630,KW10521,2026-07-12,US,Mobile,785,49.0,8,276,2.9,2026-07-12 05:26:00
KP019631,KW11597,2026-07-13,UK,Tablet,7274,35.0,182,3932,4.63,2026-07-13 15:35:00
KP019632,KW10475,2026-07-14,MX,Desktop,1242,34.0,8,180,4.44,2026-07-14 13:10:00
KP019633,KW10240,2026-07-15,CA,Mobile,4781,4.0,43,302,14.24,2026-07-15 06:54:00
KP019634,KW11986,2026-07-16,US,Desktop,2313,44.0,65,1213,5.36,2026-07-16 20:29:00
KP019635,KW11440,2026-07-17,AU,Mobile,8640,14.0,411,4269,9.63,2026-07-17 12:42:00
KP019636,KW11604,2026-07-18,BR,Desktop,763,45.0,6,145,4.14,2026-07-18 23:18:00
KP019637,KW11482,2026-07-19,US,Mobile,1823,12.0,30,282,10.64,2026-07-19 02:41:00
KP019638,KW11062,2026-07-20,IN,Mobile,3117,31.0,44,950,4.63,2026-07-20 23:21:00
KP019639,KW10362,2026-07-21,AU,Desktop,269,48.0,5,123,4.07,2026-07-21 16:45:00
KP019640,KW11236,2026-07-22,AU,Desktop,1567,43.0,30,560,5.36,2026-07-22 11:59:00
KP019641,KW11484,2026-07-23,DE,Desktop,1863,16.0,55,675,8.15,2026-07-23 20:14:00
KP019642,KW11941,2026-07-24,DE,Mobile,5266,42.0,61,1549,3.94,2026-07-24 02:13:00
KP019643,KW11135,2026-07-25,FR,Desktop,4751,50.0,95,2216,4.29,2026-07-25 23:04:00
KP019644,KW11622,2026-07-26,FR,Desktop,3897,17.0,18,228,7.89,2026-07-26 16:49:00
KP019645,KW10684,2026-07-27,AU,Mobile,4963,43.0,134,2568,5.22,2026-07-27 21:54:00
KP019646,KW11489,2026-07-28,IN,Desktop,35534,40.0,110,2426,4.53,2026-07-28 16:28:00
KP019647,KW10045,2026-07-29,UK,Mobile,3657,14.0,57,642,8.88,2026-07-29 04:10:00
KP019648,KW10357,2026-07-30,JP,Mobile,3108,8.0,206,1628,12.65,2026-07-30 15:17:00
KP019649,KW10898,2026-07-31,AU,Mobile,3065,30.0,43,778,5.53,2026-07-31 18:44:00
KP019650,KW10719,2026-08-01,UK,Desktop,9374,22.0,55,1101,5.0,2026-08-01 23:51:00
KP019651,KW10835,2026-08-02,US,Mobile,1241,23.0,23,308,7.47,2026-08-02 16:07:00
KP019652,KW11919,2026-08-03,FR,Mobile,2698,32.0,60,1427,4.2,2026-08-03 02:37:00
KP019653,KW11849,2026-08-04,IN,Mobile,11433,1.0,315,900,35.0,2026-08-04 07:04:00
KP019654,KW11899,2026-08-05,FR,Mobile,1029,37.0,15,352,4.26,2026-08-05 17:12:00
KP019655,KW11068,2026-08-06,IN,Tablet,9836,17.0,277,3439,8.05,2026-08-06 06:24:00
KP019656,KW11200,2026-08-07,FR,Desktop,6468,45.0,175,3249,5.39,2026-08-07 09:23:00
KP019657,KW10300,2026-08-08,IN,Desktop,6339,40.0,118,2106,5.6,2026-08-08 18:03:00
KP019658,KW10159,2026-08-09,FR,Mobile,9027,12.0,46,683,6.73,2026-08-09 05:12:00
KP019659,KW11422,2026-08-10,JP,Desktop,7286,5.0,361,3054,11.82,2026-08-10 16:06:00
KP019660,KW10755,2026-08-11,AU,Mobile,1534,22.0,8,159,5.03,2026-08-11 09:57:00
KP019661,KW11774,2026-08-12,CA,Desktop,4492,37.0,50,1172,4.27,2026-08-12 06:18:00
KP019662,KW11883,2026-08-13,FR,Desktop,5561,3.0,584,2989,19.54,2026-08-13 08:33:00
KP019663,KW11962,2026-08-14,DE,Mobile,2116,25.0,53,1049,5.05,2026-08-14 17:33:00
KP019664,KW10763,2026-08-15,FR,Desktop,2916,36.0,45,1121,4.01,2026-08-15 16:28:00
KP019665,KW10445,2026-08-16,IN,Mobile,3693,42.0,61,1445,4.22,2026-08-16 00:58:00
KP019666,KW10540,2026-08-17,AU,Mobile,3200,5.0,67,484,13.84,2026-08-17 08:57:00
KP019667,KW10653,2026-08-18,IN,Mobile,2198,11.0,35,451,7.76,2026-08-18 16:20:00
KP019668,KW10783,2026-08-19,JP,Desktop,1307,24.0,40,645,6.2,2026-08-19 07:38:00
KP019669,KW10929,2026-08-20,MX,Desktop,520,24.0,8,132,6.06,2026-08-20 19:34:00
KP019670,KW10923,2026-08-21,CA,Mobile,1214,6.0,17,120,14.17,2026-08-21 09:40:00
KP019671,KW11956,2026-08-22,MX,Desktop,415,34.0,10,217,4.61,2026-08-22 00:27:00
KP019672,KW10522,2026-08-23,UK,Desktop,3026,46.0,57,1369,4.16,2026-08-23 11:05:00
KP019673,KW10731,2026-08-24,DE,Mobile,3125,13.0,31,366,8.47,2026-08-24 06:40:00
KP019674,KW11866,2026-08-25,IN,Tablet,2738,26.0,60,903,6.64,2026-08-25 09:33:00
KP019675,KW10388,2026-08-26,IN,Mobile,13244,7.0,793,6008,13.2,2026-08-26 00:27:00
KP019676,KW10281,2026-08-27,UK,Desktop,6580,47.0,109,3027,3.6,2026-08-27 05:41:00
KP019677,KW10711,2026-08-28,DE,Desktop,3757,34.0,84,1689,4.97,2026-08-28 06:36:00
KP019678,KW11911,2026-08-29,UK,Tablet,3776,39.0,79,1847,4.28,2026-08-29 07:20:00
KP019679,KW10843,2026-08-30,FR,Mobile,6559,1.0,358,1023,35.0,2026-08-30 08:34:00
KP019680,KW11982,2026-08-31,CA,Tablet,1637,21.0,35,660,5.3,2026-08-31 18:52:00
KP019681,KW11311,2026-09-01,US,Desktop,4350,48.0,51,1205,4.23,2026-09-01 17:02:00
KP019682,KW11468,2026-09-02,FR,Desktop,3514,42.0,41,810,5.06,2026-09-02 15:53:00
KP019683,KW10179,2026-09-03,DE,Desktop,4697,13.0,178,2562,6.95,2026-09-03 00:16:00
KP019684,KW11048,2026-09-04,JP,Mobile,22573,10.0,604,5114,11.81,2026-09-04 23:10:00
KP019685,KW11125,2026-09-05,MX,Mobile,5799,36.0,25,625,4.0,2026-09-05 14:23:00
KP019686,KW10555,2026-09-06,CA,Tablet,2875,46.0,71,1558,4.56,2026-09-06 10:58:00
KP019687,KW10409,2026-09-07,BR,Mobile,1581,27.0,34,779,4.36,2026-09-07 06:10:00
KP019688,KW11484,2026-09-08,UK,Desktop,1797,29.0,27,499,5.41,2026-09-08 13:14:00
KP019689,KW11618,2026-09-09,MX,Desktop,4138,24.0,21,432,4.86,2026-09-09 01:26:00
KP019690,KW10721,2026-09-10,IN,Desktop,7546,15.0,26,379,6.86,2026-09-10 22:51:00
KP019691,KW10263,2026-09-11,DE,Mobile,2491,37.0,20,336,5.95,2026-09-11 10:50:00
KP019692,KW10452,2026-09-12,JP,Desktop,5568,11.0,112,1038,10.79,2026-09-12 16:42:00
KP019693,KW11367,2026-09-13,US,Desktop,3190,26.0,45,672,6.7,2026-09-13 20:48:00
KP019694,KW11374,2026-09-14,BR,Desktop,13268,16.0,123,1457,8.44,2026-09-14 21:14:00
KP019695,KW11035,2026-09-15,UK,Desktop,2618,22.0,16,289,5.54,2026-09-15 14:58:00
KP019696,KW11470,2026-09-16,JP,Mobile,3531,39.0,60,1336,4.49,2026-09-16 08:17:00
KP019697,KW11582,2026-09-17,IN,Desktop,2048,42.0,37,1030,3.59,2026-09-17 05:20:00
KP019698,KW11010,2026-09-18,DE,Desktop,5058,25.0,101,1609,6.28,2026-09-18 21:24:00
KP019699,KW10587,2026-09-19,DE,Desktop,6171,32.0,43,895,4.8,2026-09-19 21:23:00
KP019700,KW11575,2026-09-20,BR,Desktop,2680,24.0,50,756,6.61,2026-09-20 13:01:00
KP019701,KW11816,2026-09-21,BR,Desktop,4909,33.0,132,2340,5.64,2026-09-21 04:05:00
KP019702,KW10678,2026-09-22,DE,Mobile,419,20.0,7,114,6.14,2026-09-22 04:28:00
KP019703,KW11241,2026-09-23,AU,Mobile,886,14.0,32,446,7.17,2026-09-23 03:19:00
KP019704,KW11333,2026-09-24,UK,Desktop,2171,2.0,60,214,28.04,2026-09-24 20:42:00
KP019705,KW10982,2026-09-25,IN,Mobile,360,47.0,3,65,4.62,2026-09-25 09:03:00
KP019706,KW10818,2026-09-26,JP,Desktop,7934,31.0,126,2085,6.04,2026-09-26 10:27:00
KP019707,KW10618,2026-09-27,UK,Mobile,1600,5.0,82,538,15.24,2026-09-27 18:14:00
KP019708,KW10659,2026-09-28,DE,Mobile,4574,24.0,37,779,4.75,2026-09-28 05:56:00
KP019709,KW11904,2026-09-29,DE,Desktop,4635,20.0,53,659,8.04,2026-09-29 01:46:00
KP019710,KW10314,2026-09-30,IN,Mobile,4408,50.0,66,1980,3.33,2026-09-30 08:56:00
KP019954,KW11303,2026-06-01,IN,Desktop,3384,40.0,58,1647,3.52,2026-06-01 19:35:00
KP019955,KW11117,2026-06-02,US,Mobile,4058,21.0,35,485,7.22,2026-06-02 15:03:00
KP019956,KW10770,2026-06-03,CA,Desktop,2388,25.0,23,327,7.03,2026-06-03 14:14:00
KP019957,KW11935,2026-06-04,US,Mobile,2529,16.0,32,484,6.61,2026-06-04 23:09:00
KP019958,KW10143,2026-06-05,MX,Mobile,16304,34.0,47,943,4.98,2026-06-05 13:05:00
KP019959,KW11867,2026-06-06,FR,Mobile,488,13.0,7,87,8.05,2026-06-06 02:34:00
KP019960,KW10118,2026-06-07,AU,Desktop,1802,4.0,85,600,14.17,2026-06-07 14:59:00
KP019961,KW10874,2026-06-08,CA,Mobile,1362,42.0,17,479,3.55,2026-06-08 19:13:00
KP019962,KW10462,2026-06-09,AU,Mobile,5968,46.0,88,2575,3.42,2026-06-09 14:15:00
KP019963,KW10640,2026-06-10,CA,Mobile,4240,8.0,253,1888,13.4,2026-06-10 16:14:00
KP019964,KW11192,2026-06-11,CA,Desktop,8070,22.0,162,3304,4.9,2026-06-11 00:14:00
KP019965,KW10002,2026-06-12,BR,Mobile,3329,4.0,158,776,20.36,2026-06-12 09:13:00
KP019966,KW10998,2026-06-13,AU,Desktop,1323,12.0,18,262,6.87,2026-06-13 02:37:00
KP019967,KW10266,2026-06-14,JP,Desktop,2219,45.0,56,1079,5.19,2026-06-14 17:58:00
KP019968,KW11189,2026-06-15,CA,Desktop,2566,21.0,80,1104,7.25,2026-06-15 11:06:00
KP019969,KW10109,2026-06-16,UK,Desktop,2261,31.0,80,1229,6.51,2026-06-16 15:09:00
KP019970,KW10716,2026-06-17,UK,Mobile,4348,50.0,80,2027,3.95,2026-06-17 02:52:00
KP019971,KW11033,2026-06-18,MX,Desktop,5912,11.0,36,419,8.59,2026-06-18 12:04:00
KP019972,KW10052,2026-06-19,CA,Mobile,1790,26.0,23,423,5.44,2026-06-19 13:51:00
KP019973,KW11086,2026-06-20,FR,Mobile,3215,28.0,61,886,6.88,2026-06-20 11:13:00
KP019974,KW10220,2026-06-21,FR,Desktop,566,30.0,1,39,2.56,2026-06-21 09:16:00
KP019975,KW10867,2026-06-22,UK,Desktop,3875,1.0,659,1883,35.0,2026-06-22 16:08:00
KP019976,KW11190,2026-06-23,FR,Desktop,2021,6.0,103,846,12.17,2026-06-23 19:47:00
KP019977,KW11418,2026-06-24,JP,Desktop,4392,30.0,82,1975,4.15,2026-06-24 20:18:00
KP019978,KW11880,2026-06-25,AU,Tablet,4029,15.0,87,1373,6.34,2026-06-25 15:51:00
KP019979,KW10347,2026-06-26,MX,Mobile,2656,31.0,10,225,4.44,2026-06-26 06:02:00
KP019980,KW11235,2026-06-27,UK,Desktop,1183,31.0,32,644,4.97,2026-06-27 15:29:00
KP019981,KW10872,2026-06-28,MX,Desktop,4540,18.0,51,727,7.02,2026-06-28 05:06:00
KP019982,KW10407,2026-06-29,MX,Mobile,6099,29.0,32,646,4.95,2026-06-29 08:05:00
KP019983,KW11139,2026-06-30,FR,Mobile,1263,33.0,15,308,4.87,2026-06-30 12:16:00
KP019984,KW11316,2026-07-01,MX,Desktop,850,41.0,5,96,5.21,2026-07-01 20:59:00
KP019985,KW10260,2026-07-02,US,Desktop,5559,7.0,247,2162,11.42,2026-07-02 02:09:00
KP019986,KW10111,2026-07-03,BR,Desktop,12283,16.0,279,4146,6.73,2026-07-03 13:06:00
KP019987,KW10559,2026-07-04,FR,Desktop,2641,9.0,32,304,10.53,2026-07-04 11:55:00
KP019988,KW11663,2026-07-05,CA,Desktop,6272,12.0,240,2184,10.99,2026-07-05 08:19:00
KP019989,KW10137,2026-07-06,MX,Desktop,9081,5.0,103,616,16.72,2026-07-06 08:17:00
KP019990,KW10974,2026-07-07,IN,Desktop,27125,12.0,474,6656,7.12,2026-07-07 12:32:00
KP019991,KW11059,2026-07-08,FR,Desktop,1028,37.0,18,330,5.45,2026-07-08 14:51:00
KP019992,KW11347,2026-07-09,DE,Mobile,2453,49.0,42,1220,3.44,2026-07-09 15:12:00
KP019993,KW11505,2026-07-10,JP,Desktop,5546,28.0,125,2777,4.5,2026-07-10 12:07:00
KP019994,KW11494,2026-07-11,DE,Mobile,1133,21.0,45,581,7.75,2026-07-11 13:41:00
KP019995,KW10011,2026-07-12,IN,Desktop,1155,46.0,14,409,3.42,2026-07-12 12:47:00
KP019996,KW10945,2026-07-13,JP,Mobile,2832,23.0,88,1309,6.72,2026-07-13 08:35:00
KP019997,KW11396,2026-07-14,BR,Mobile,4126,35.0,98,1675,5.85,2026-07-14 03:06:00
KP019998,KW10867,2026-07-15,CA,Mobile,7706,41.0,101,2926,3.45,2026-07-15 11:21:00
KP019999,KW10138,2026-07-16,DE,Mobile,2566,27.0,43,711,6.05,2026-07-16 12:14:00
KP020000,KW10614,2026-07-17,BR,Mobile,574,47.0,2,69,2.9,2026-07-17 11:30:00
KP020001,KW10447,2026-07-18,JP,Desktop,5044,27.0,48,706,6.8,2026-07-18 09:07:00
KP020002,KW11795,2026-07-19,US,Mobile,850,32.0,9,188,4.79,2026-07-19 05:19:00
KP020003,KW11681,2026-07-20,MX,Desktop,3412,18.0,27,494,5.47,2026-07-20 23:12:00
KP020004,KW10611,2026-07-21,CA,Mobile,6995,27.0,109,1719,6.34,2026-07-21 11:44:00
KP020005,KW10553,2026-07-22,DE,Mobile,7533,19.0,60,758,7.92,2026-07-22 06:42:00
KP020006,KW10963,2026-07-23,FR,Desktop,600,45.0,10,262,3.82,2026-07-23 11:26:00
KP020007,KW10451,2026-07-24,CA,Mobile,2875,32.0,35,594,5.89,2026-07-24 11:48:00
KP020008,KW11631,2026-07-25,MX,Mobile,1111,33.0,5,89,5.62,2026-07-25 21:09:00
KP020009,KW10872,2026-07-26,AU,Desktop,2094,15.0,75,892,8.41,2026-07-26 19:26:00
KP020010,KW10119,2026-07-27,FR,Desktop,534,2.0,41,148,27.7,2026-07-27 10:04:00
KP020011,KW11053,2026-07-28,JP,Desktop,4503,30.0,54,1030,5.24,2026-07-28 20:22:00
KP020012,KW10554,2026-07-29,FR,Desktop,1381,32.0,38,620,6.13,2026-07-29 18:25:00
KP020013,KW10862,2026-07-30,FR,Mobile,612,18.0,8,141,5.67,2026-07-30 07:31:00
KP020014,KW11956,2026-07-31,JP,Mobile,3161,29.0,29,526,5.51,2026-07-31 18:59:00
KP020015,KW11770,2026-08-01,DE,Desktop,4062,26.0,47,913,5.15,2026-08-01 06:09:00
KP020016,KW11407,2026-08-02,US,Desktop,3040,20.0,86,1535,5.6,2026-08-02 01:33:00
KP020017,KW10393,2026-08-03,MX,Desktop,5283,9.0,159,1780,8.93,2026-08-03 20:54:00
KP020018,KW10479,2026-08-04,US,Desktop,3925,34.0,22,479,4.59,2026-08-04 09:32:00
KP020019,KW10855,2026-08-05,UK,Mobile,661,38.0,7,135,5.19,2026-08-05 13:47:00
KP020020,KW10396,2026-08-06,FR,Desktop,9996,37.0,107,2105,5.08,2026-08-06 23:12:00
KP020021,KW11181,2026-08-07,BR,Mobile,930,45.0,6,164,3.66,2026-08-07 04:29:00
KP020022,KW11901,2026-08-08,CA,Desktop,3074,48.0,32,655,4.89,2026-08-08 09:55:00
KP020023,KW11153,2026-08-09,FR,Mobile,2445,17.0,66,1003,6.58,2026-08-09 10:23:00
KP020024,KW11349,2026-08-10,AU,Mobile,10154,4.0,375,2273,16.5,2026-08-10 12:13:00
KP020025,KW10832,2026-08-11,DE,Desktop,1029,17.0,38,474,8.02,2026-08-11 23:36:00
KP020026,KW10387,2026-08-12,US,Tablet,3670,49.0,31,956,3.24,2026-08-12 22:24:00
KP020027,KW11369,2026-08-13,MX,Mobile,3261,14.0,77,786,9.8,2026-08-13 07:40:00
KP020028,KW10690,2026-08-14,UK,Desktop,1973,47.0,18,505,3.56,2026-08-14 17:15:00
KP020029,KW11174,2026-08-15,MX,Desktop,7323,2.0,381,1850,20.59,2026-08-15 16:56:00
KP020030,KW10334,2026-08-16,AU,Desktop,4425,4.0,442,2390,18.49,2026-08-16 17:46:00
KP020031,KW11660,2026-08-17,IN,Desktop,1637,40.0,37,820,4.51,2026-08-17 20:03:00
KP020032,KW11195,2026-08-18,CA,Desktop,4042,21.0,63,1285,4.9,2026-08-18 02:58:00
KP020033,KW10662,2026-08-19,AU,Mobile,4677,3.0,341,2022,16.86,2026-08-19 02:54:00
KP020034,KW11780,2026-08-20,DE,Mobile,12247,6.0,136,1181,11.52,2026-08-20 09:07:00
KP020035,KW11891,2026-08-21,BR,Desktop,6149,6.0,135,934,14.45,2026-08-21 09:41:00
KP020036,KW10056,2026-08-22,UK,Mobile,39629,21.0,289,4293,6.73,2026-08-22 22:46:00
KP020037,KW10129,2026-08-23,CA,Desktop,8541,35.0,276,4627,5.96,2026-08-23 00:23:00
KP020038,KW10467,2026-08-24,JP,Mobile,748,31.0,16,339,4.72,2026-08-24 20:43:00
KP020039,KW11636,2026-08-25,IN,Desktop,4033,11.0,146,1674,8.72,2026-08-25 08:14:00
KP020040,KW11906,2026-08-26,AU,Desktop,9307,18.0,232,3511,6.61,2026-08-26 21:11:00
KP020041,KW10586,2026-08-27,JP,Mobile,3916,26.0,94,1581,5.95,2026-08-27 01:25:00
KP020042,KW10486,2026-08-28,IN,Mobile,1367,25.0,19,330,5.76,2026-08-28 11:51:00
KP020043,KW10658,2026-08-29,UK,Desktop,945,15.0,5,70,7.14,2026-08-29 22:42:00
KP020044,KW11200,2026-08-30,IN,Desktop,5040,15.0,174,2356,7.39,2026-08-30 06:41:00
KP020045,KW10837,2026-08-31,CA,Desktop,788,15.0,11,190,5.79,2026-08-31 06:23:00
KP020046,KW10500,2026-09-01,AU,Desktop,3495,12.0,88,1095,8.04,2026-09-01 20:13:00
KP020047,KW10136,2026-09-02,MX,Mobile,940,3.0,52,229,22.71,2026-09-02 01:56:00
KP020048,KW11379,2026-09-03,AU,Mobile,1372,23.0,22,327,6.73,2026-09-03 06:46:00
KP020049,KW10361,2026-09-04,AU,Mobile,1929,11.0,59,514,11.48,2026-09-04 00:42:00
KP020050,KW10392,2026-09-05,JP,Desktop,866,9.0,47,461,10.2,2026-09-05 05:17:00
KP020051,KW10579,2026-09-06,DE,Mobile,6052,46.0,61,1313,4.65,2026-09-06 20:28:00
KP020052,KW10238,2026-09-07,DE,Tablet,4939,46.0,92,2585,3.56,2026-09-07 06:25:00
KP020053,KW10434,2026-09-08,MX,Tablet,3147,10.0,117,1028,11.38,2026-09-08 11:08:00
KP020054,KW10867,2026-09-09,FR,Desktop,4126,42.0,56,1304,4.29,2026-09-09 00:45:00
KP020055,KW11928,2026-09-10,JP,Desktop,3516,45.0,72,1452,4.96,2026-09-10 16:54:00
KP020056,KW11051,2026-09-11,IN,Desktop,2156,9.0,100,805,12.42,2026-09-11 18:22:00
KP020057,KW10928,2026-09-12,DE,Mobile,1722,4.0,62,349,17.77,2026-09-12 06:13:00
KP020058,KW10397,2026-09-13,AU,Desktop,1411,6.0,9,72,12.5,2026-09-13 13:46:00
KP020059,KW10639,2026-09-14,AU,Desktop,1973,47.0,23,593,3.88,2026-09-14 08:14:00
KP020060,KW10662,2026-09-15,DE,Mobile,6714,12.0,162,1671,9.69,2026-09-15 21:36:00
KP020061,KW10396,2026-09-16,UK,Mobile,13845,4.0,932,6377,14.62,2026-09-16 11:47:00
KP020062,KW10167,2026-09-17,FR,Desktop,4754,50.0,119,2498,4.76,2026-09-17 19:22:00
KP020063,KW10149,2026-09-18,MX,Mobile,4396,37.0,24,420,5.71,2026-09-18 14:14:00
KP020064,KW10384,2026-09-19,MX,Desktop,936,3.0,86,453,18.98,2026-09-19 05:17:00
KP020065,KW11663,2026-09-20,MX,Mobile,4331,1.0,782,2236,34.97,2026-09-20 09:32:00
KP020066,KW11443,2026-09-21,IN,Desktop,2283,39.0,70,1238,5.65,2026-09-21 06:40:00
KP020067,KW11447,2026-09-22,US,Desktop,1544,49.0,16,335,4.78,2026-09-22 00:11:00
KP020068,KW11108,2026-09-23,US,Mobile,849,2.0,75,333,22.52,2026-09-23 08:23:00
KP020069,KW10431,2026-09-24,FR,Mobile,407,12.0,18,190,9.47,2026-09-24 01:12:00
KP020070,KW10530,2026-09-25,JP,Desktop,8906,27.0,65,1496,4.34,2026-09-25 01:29:00
KP020071,KW10097,2026-09-26,IN,Desktop,10126,35.0,208,4506,4.62,2026-09-26 10:10:00
KP020072,KW10170,2026-09-27,FR,Mobile,757,42.0,2,81,2.47,2026-09-27 16:55:00
KP020073,KW11586,2026-09-28,DE,Mobile,1927,20.0,64,851,7.52,2026-09-28 08:47:00
KP020074,KW10670,2026-09-29,MX,Mobile,9812,6.0,728,4493,16.2,2026-09-29 14:53:00
KP020075,KW10333,2026-09-30,DE,Desktop,1460,42.0,33,648,5.09,2026-09-30 14:21:00
KP020319,KW10537,2026-06-01,US,Desktop,4906,38.0,102,2462,4.14,2026-06-01 11:58:00
KP020320,KW11485,2026-06-02,CA,Desktop,18341,43.0,196,5871,3.34,2026-06-02 14:34:00
KP020321,KW10233,2026-06-03,FR,Desktop,1653,49.0,27,687,3.93,2026-06-03 11:06:00
KP020322,KW10561,2026-06-04,MX,Mobile,2997,22.0,46,749,6.14,2026-06-04 09:43:00
KP020323,KW10808,2026-06-05,CA,Desktop,7799,9.0,94,879,10.69,2026-06-05 14:40:00
KP020324,KW10063,2026-06-06,CA,Desktop,1433,41.0,27,762,3.54,2026-06-06 22:04:00
KP020325,KW11859,2026-06-07,MX,Desktop,2433,21.0,52,727,7.15,2026-06-07 07:55:00
KP020326,KW10946,2026-06-08,MX,Mobile,2619,11.0,20,183,10.93,2026-06-08 06:46:00
KP020327,KW11039,2026-06-09,MX,Mobile,2667,45.0,60,1166,5.15,2026-06-09 18:55:00
KP020328,KW11697,2026-06-10,US,Desktop,1717,21.0,7,129,5.43,2026-06-10 00:05:00
KP020329,KW11200,2026-06-11,FR,Mobile,7328,38.0,143,3521,4.06,2026-06-11 02:26:00
KP020330,KW10575,2026-06-12,MX,Desktop,5190,24.0,85,1306,6.51,2026-06-12 10:15:00
KP020331,KW10133,2026-06-13,DE,Mobile,4444,47.0,96,1864,5.15,2026-06-13 03:21:00
KP020332,KW10662,2026-06-14,BR,Mobile,3562,20.0,34,607,5.6,2026-06-14 19:09:00
KP020333,KW10750,2026-06-15,JP,Desktop,2208,41.0,11,239,4.6,2026-06-15 19:03:00
KP020334,KW10516,2026-06-16,MX,Desktop,3790,1.0,291,833,34.93,2026-06-16 20:16:00
KP020335,KW11811,2026-06-17,UK,Mobile,5652,42.0,29,651,4.45,2026-06-17 02:43:00
KP020336,KW11699,2026-06-18,FR,Mobile,2571,38.0,45,852,5.28,2026-06-18 11:47:00
KP020337,KW11062,2026-06-19,IN,Mobile,7506,20.0,69,1010,6.83,2026-06-19 06:44:00
KP020338,KW11343,2026-06-20,AU,Mobile,4193,3.0,224,1314,17.05,2026-06-20 17:58:00
KP020339,KW11817,2026-06-21,DE,Desktop,8286,49.0,194,4397,4.41,2026-06-21 08:08:00
KP020340,KW10361,2026-06-22,DE,Mobile,1303,21.0,45,648,6.94,2026-06-22 01:13:00
KP020341,KW10683,2026-06-23,FR,Mobile,11345,39.0,268,4827,5.55,2026-06-23 23:17:00
KP020342,KW10792,2026-06-24,FR,Desktop,9160,33.0,164,2864,5.73,2026-06-24 06:28:00
KP020343,KW11492,2026-06-25,US,Desktop,10999,16.0,71,774,9.17,2026-06-25 15:29:00
KP020344,KW10621,2026-06-26,US,Desktop,3679,8.0,123,1043,11.79,2026-06-26 09:33:00
KP020345,KW11722,2026-06-27,DE,Mobile,6698,42.0,109,3068,3.55,2026-06-27 23:10:00
KP020346,KW11176,2026-06-28,UK,Desktop,825,35.0,9,256,3.52,2026-06-28 11:38:00
KP020347,KW11003,2026-06-29,FR,Mobile,10409,10.0,504,5696,8.85,2026-06-29 09:57:00
KP020348,KW10843,2026-06-30,UK,Desktop,8274,39.0,82,1727,4.75,2026-06-30 16:02:00
KP020349,KW11961,2026-07-01,BR,Desktop,2382,7.0,64,451,14.19,2026-07-01 18:04:00
KP020350,KW11700,2026-07-02,UK,Mobile,23402,33.0,187,4866,3.84,2026-07-02 21:46:00
KP020351,KW11849,2026-07-03,JP,Desktop,1176,21.0,13,261,4.98,2026-07-03 06:49:00
KP020352,KW10042,2026-07-04,JP,Desktop,1949,18.0,19,271,7.01,2026-07-04 07:15:00
KP020353,KW10008,2026-07-05,DE,Desktop,13228,27.0,262,3984,6.58,2026-07-05 18:40:00
KP020354,KW10165,2026-07-06,CA,Mobile,18009,35.0,480,9467,5.07,2026-07-06 08:06:00
KP020355,KW11718,2026-07-07,BR,Tablet,2638,3.0,277,1438,19.26,2026-07-07 23:43:00
KP020356,KW10718,2026-07-08,AU,Mobile,3847,5.0,39,281,13.88,2026-07-08 17:14:00
KP020357,KW10448,2026-07-09,AU,Mobile,943,17.0,41,505,8.12,2026-07-09 09:32:00
KP020358,KW11002,2026-07-10,FR,Desktop,1807,34.0,19,509,3.73,2026-07-10 16:36:00
KP020359,KW10073,2026-07-11,IN,Desktop,4022,24.0,103,2019,5.1,2026-07-11 09:21:00
KP020360,KW10953,2026-07-12,BR,Mobile,1875,6.0,93,826,11.26,2026-07-12 18:13:00
KP020361,KW11918,2026-07-13,MX,Desktop,9968,5.0,655,4674,14.01,2026-07-13 17:12:00
KP020362,KW10985,2026-07-14,US,Desktop,1194,10.0,51,465,10.97,2026-07-14 09:25:00
KP020363,KW10330,2026-07-15,MX,Mobile,4648,15.0,192,2179,8.81,2026-07-15 22:38:00
KP020364,KW10764,2026-07-16,FR,Desktop,16731,21.0,122,1839,6.63,2026-07-16 12:55:00
KP020365,KW10368,2026-07-17,CA,Desktop,1925,28.0,39,924,4.22,2026-07-17 11:33:00
KP020366,KW10713,2026-07-18,JP,Desktop,12831,37.0,78,2141,3.64,2026-07-18 14:46:00
KP020367,KW11777,2026-07-19,US,Desktop,2028,45.0,20,641,3.12,2026-07-19 16:20:00
KP020368,KW11139,2026-07-20,JP,Tablet,539,41.0,2,70,2.86,2026-07-20 19:59:00
KP020369,KW10459,2026-07-21,UK,Mobile,1430,13.0,23,368,6.25,2026-07-21 16:31:00
KP020370,KW11952,2026-07-22,IN,Desktop,5913,23.0,95,1534,6.19,2026-07-22 07:28:00
KP020371,KW11747,2026-07-23,BR,Desktop,670,26.0,3,48,6.25,2026-07-23 16:07:00
KP020372,KW10791,2026-07-24,MX,Desktop,9372,23.0,229,3446,6.65,2026-07-24 05:01:00
KP020373,KW11674,2026-07-25,FR,Desktop,788,3.0,13,62,20.97,2026-07-25 06:06:00
KP020374,KW10523,2026-07-26,IN,Desktop,4434,47.0,103,2032,5.07,2026-07-26 04:31:00
KP020375,KW11991,2026-07-27,CA,Desktop,2666,2.0,381,1287,29.6,2026-07-27 12:51:00
KP020376,KW10922,2026-07-28,UK,Mobile,1613,4.0,41,215,19.07,2026-07-28 16:18:00
KP020377,KW11251,2026-07-29,CA,Mobile,6143,10.0,96,972,9.88,2026-07-29 17:17:00
KP020378,KW11073,2026-07-30,AU,Desktop,6012,11.0,41,360,11.39,2026-07-30 20:40:00
KP020379,KW10647,2026-07-31,MX,Mobile,11297,13.0,196,2845,6.89,2026-07-31 23:26:00
KP020380,KW10632,2026-08-01,AU,Desktop,2683,8.0,36,418,8.61,2026-08-01 13:25:00
KP020381,KW11660,2026-08-02,MX,Desktop,4520,20.0,167,2404,6.95,2026-08-02 12:28:00
KP020382,KW11913,2026-08-03,MX,Mobile,1500,1.0,44,170,25.88,2026-08-03 15:41:00
KP020383,KW11513,2026-08-04,BR,Desktop,839,47.0,7,162,4.32,2026-08-04 06:44:00
KP020384,KW11028,2026-08-05,UK,Desktop,5199,21.0,198,2581,7.67,2026-08-05 02:03:00
KP020385,KW11485,2026-08-06,US,Mobile,1453,11.0,55,684,8.04,2026-08-06 03:37:00
KP020386,KW11980,2026-08-07,US,Mobile,2339,36.0,56,1150,4.87,2026-08-07 10:34:00
KP020387,KW10268,2026-08-08,AU,Mobile,4673,2.0,111,413,26.88,2026-08-08 05:29:00
KP020388,KW10911,2026-08-09,MX,Desktop,4085,20.0,20,296,6.76,2026-08-09 14:16:00
KP020389,KW11892,2026-08-10,AU,Mobile,950,23.0,4,80,5.0,2026-08-10 08:58:00
KP020390,KW10068,2026-08-11,DE,Desktop,6878,4.0,296,1747,16.94,2026-08-11 05:33:00
KP020391,KW10626,2026-08-12,US,Mobile,1063,41.0,15,380,3.95,2026-08-12 09:48:00
KP020392,KW10948,2026-08-13,UK,Desktop,3272,29.0,22,349,6.3,2026-08-13 09:42:00
KP020393,KW11968,2026-08-14,MX,Mobile,2643,11.0,134,1273,10.53,2026-08-14 01:48:00
KP020394,KW11367,2026-08-15,US,Desktop,1299,22.0,22,468,4.7,2026-08-15 00:26:00
KP020395,KW10336,2026-08-16,AU,Desktop,1837,42.0,18,380,4.74,2026-08-16 23:44:00
KP020396,KW10458,2026-08-17,DE,Desktop,1036,5.0,34,270,12.59,2026-08-17 16:36:00
KP020397,KW10950,2026-08-18,DE,Desktop,1510,40.0,22,450,4.89,2026-08-18 03:48:00
KP020398,KW10495,2026-08-19,FR,Mobile,3733,10.0,196,1718,11.41,2026-08-19 19:24:00
KP020399,KW11390,2026-08-20,CA,Desktop,4706,28.0,89,1623,5.48,2026-08-20 17:07:00
KP020400,KW11757,2026-08-21,US,Desktop,1255,30.0,32,552,5.8,2026-08-21 00:07:00
KP020401,KW11830,2026-08-22,IN,Desktop,4824,36.0,98,2209,4.44,2026-08-22 10:25:00
KP020402,KW11234,2026-08-23,IN,Desktop,989,19.0,37,508,7.28,2026-08-23 23:18:00
KP020403,KW11714,2026-08-24,BR,Mobile,2138,36.0,36,858,4.2,2026-08-24 23:26:00
KP020404,KW11214,2026-08-25,JP,Desktop,10088,30.0,193,3769,5.12,2026-08-25 23:45:00
KP020405,KW11568,2026-08-26,IN,Desktop,11615,14.0,108,1622,6.66,2026-08-26 13:08:00
KP020406,KW10538,2026-08-27,MX,Mobile,3427,17.0,143,1749,8.18,2026-08-27 13:09:00
KP020407,KW10876,2026-08-28,CA,Desktop,2617,14.0,65,1032,6.3,2026-08-28 13:19:00
KP020408,KW10246,2026-08-29,US,Desktop,12226,34.0,65,1151,5.65,2026-08-29 02:14:00
KP020409,KW11404,2026-08-30,FR,Mobile,2326,25.0,75,1050,7.14,2026-08-30 11:59:00
KP020410,KW11482,2026-08-31,US,Desktop,1476,10.0,24,244,9.84,2026-08-31 19:18:00
KP020411,KW11160,2026-09-01,MX,Mobile,3922,25.0,52,898,5.79,2026-09-01 17:22:00
KP020412,KW10772,2026-09-02,MX,Desktop,2022,6.0,60,386,15.54,2026-09-02 16:26:00
KP020413,KW10497,2026-09-03,IN,Desktop,1024,10.0,49,561,8.73,2026-09-03 21:55:00
KP020414,KW11842,2026-09-04,FR,Desktop,2478,11.0,77,836,9.21,2026-09-04 03:37:00
KP020415,KW10267,2026-09-05,CA,Desktop,1070,3.0,63,347,18.16,2026-09-05 12:01:00
KP020416,KW10862,2026-09-06,MX,Mobile,2584,35.0,69,1271,5.43,2026-09-06 18:37:00
KP020417,KW10785,2026-09-07,CA,Desktop,6329,37.0,166,3058,5.43,2026-09-07 12:31:00
KP020418,KW11385,2026-09-08,JP,Mobile,4284,40.0,24,505,4.75,2026-09-08 00:37:00
KP020419,KW10190,2026-09-09,US,Mobile,849,4.0,36,245,14.69,2026-09-09 21:15:00
KP020420,KW10977,2026-09-10,CA,Desktop,23066,34.0,611,11373,5.37,2026-09-10 05:35:00
KP020421,KW10793,2026-09-11,IN,Desktop,8370,7.0,226,2002,11.29,2026-09-11 13:06:00
KP020422,KW11580,2026-09-12,MX,Desktop,2539,21.0,51,922,5.53,2026-09-12 17:41:00
KP020423,KW11638,2026-09-13,IN,Mobile,1608,5.0,95,614,15.47,2026-09-13 22:07:00
KP020424,KW10501,2026-09-14,DE,Tablet,1702,10.0,74,652,11.35,2026-09-14 03:41:00
KP020425,KW10677,2026-09-15,FR,Mobile,1124,46.0,21,614,3.42,2026-09-15 07:59:00
KP020426,KW10502,2026-09-16,US,Desktop,4576,45.0,78,1860,4.19,2026-09-16 11:08:00
KP020427,KW11128,2026-09-17,JP,Desktop,4088,11.0,201,2055,9.78,2026-09-17 19:17:00
KP020428,KW10721,2026-09-18,JP,Desktop,16113,7.0,484,3596,13.46,2026-09-18 01:30:00
KP020429,KW10474,2026-09-19,JP,Desktop,3686,37.0,11,319,3.45,2026-09-19 17:10:00
KP020430,KW10153,2026-09-20,US,Desktop,5753,31.0,101,2118,4.77,2026-09-20 21:54:00
KP020431,KW10156,2026-09-21,US,Mobile,3595,7.0,24,238,10.08,2026-09-21 13:54:00
KP020432,KW10037,2026-09-22,UK,Mobile,4999,3.0,126,795,15.85,2026-09-22 13:28:00
KP020433,KW11253,2026-09-23,DE,Tablet,4639,43.0,51,1283,3.98,2026-09-23 03:38:00
KP020434,KW11087,2026-09-24,US,Mobile,5689,8.0,422,3060,13.79,2026-09-24 12:15:00
KP020435,KW10709,2026-09-25,JP,Desktop,1094,10.0,30,403,7.44,2026-09-25 06:55:00
KP020436,KW10208,2026-09-26,IN,Mobile,1740,32.0,10,190,5.26,2026-09-26 20:33:00
KP020437,KW10383,2026-09-27,FR,Mobile,904,32.0,4,101,3.96,2026-09-27 10:12:00
KP020438,KW10120,2026-09-28,CA,Desktop,1656,19.0,60,706,8.5,2026-09-28 15:06:00
KP020439,KW10046,2026-09-29,BR,Mobile,7839,42.0,18,536,3.36,2026-09-29 10:56:00
KP020440,KW10139,2026-09-30,MX,Desktop,5622,37.0,166,2937,5.65,2026-09-30 09:53:00
KP020684,KW10921,2026-06-01,DE,Desktop,10533,29.0,108,1715,6.3,2026-06-01 23:18:00
KP020685,KW10800,2026-06-02,DE,Tablet,4969,26.0,155,2204,7.03,2026-06-02 11:39:00
KP020686,KW11954,2026-06-03,CA,Desktop,1158,21.0,29,390,7.44,2026-06-03 16:26:00
KP020687,KW10946,2026-06-04,FR,Mobile,2901,17.0,100,1270,7.87,2026-06-04 12:26:00
KP020688,KW11276,2026-06-05,BR,Mobile,2563,49.0,27,862,3.13,2026-06-05 00:43:00
KP020689,KW10772,2026-06-06,MX,Desktop,2655,42.0,12,357,3.36,2026-06-06 08:18:00
KP020690,KW11017,2026-06-07,CA,Mobile,1648,3.0,43,277,15.52,2026-06-07 14:09:00
KP020691,KW11997,2026-06-08,UK,Mobile,6400,37.0,29,630,4.6,2026-06-08 00:30:00
KP020692,KW10685,2026-06-09,FR,Desktop,10376,43.0,64,1371,4.67,2026-06-09 04:07:00
KP020693,KW11843,2026-06-10,CA,Desktop,4339,2.0,660,2242,29.44,2026-06-10 19:22:00
KP020694,KW11650,2026-06-11,IN,Mobile,1981,50.0,29,837,3.46,2026-06-11 16:30:00
KP020695,KW11401,2026-06-12,AU,Mobile,2094,8.0,78,643,12.13,2026-06-12 23:09:00
KP020696,KW10339,2026-06-13,FR,Desktop,2440,11.0,75,968,7.75,2026-06-13 17:00:00
KP020697,KW10442,2026-06-14,MX,Mobile,12156,48.0,125,3088,4.05,2026-06-14 17:14:00
KP020698,KW11573,2026-06-15,CA,Desktop,3606,13.0,34,344,9.88,2026-06-15 20:21:00
KP020699,KW10535,2026-06-16,AU,Mobile,4459,32.0,78,1350,5.78,2026-06-16 12:47:00
KP020700,KW11107,2026-06-17,JP,Desktop,1671,25.0,5,96,5.21,2026-06-17 08:30:00
KP020701,KW11934,2026-06-18,IN,Mobile,579,38.0,1,39,2.56,2026-06-18 12:13:00
KP020702,KW10704,2026-06-19,MX,Mobile,4098,16.0,173,2218,7.8,2026-06-19 06:53:00
KP020703,KW11017,2026-06-20,US,Desktop,1650,50.0,18,450,4.0,2026-06-20 12:45:00
KP020704,KW11323,2026-06-21,IN,Desktop,35093,40.0,509,13818,3.68,2026-06-21 08:53:00
KP020705,KW10138,2026-06-22,IN,Mobile,1033,24.0,3,58,5.17,2026-06-22 14:33:00
KP020706,KW11686,2026-06-23,DE,Mobile,15391,36.0,364,6003,6.06,2026-06-23 00:51:00
KP020707,KW10437,2026-06-24,FR,Desktop,12063,42.0,64,1170,5.47,2026-06-24 02:48:00
KP020708,KW10679,2026-06-25,FR,Desktop,549,44.0,12,266,4.51,2026-06-25 05:38:00
KP020709,KW11218,2026-06-26,IN,Mobile,2294,16.0,81,1135,7.14,2026-06-26 03:22:00
KP020710,KW11530,2026-06-27,CA,Mobile,1769,12.0,16,202,7.92,2026-06-27 00:10:00
KP020711,KW10897,2026-06-28,US,Desktop,1589,34.0,26,414,6.28,2026-06-28 20:02:00
KP020712,KW10267,2026-06-29,IN,Desktop,11395,44.0,147,3937,3.73,2026-06-29 22:37:00
KP020713,KW10832,2026-06-30,US,Mobile,1850,3.0,44,237,18.57,2026-06-30 23:55:00
KP020714,KW11555,2026-07-01,FR,Mobile,1567,9.0,51,569,8.96,2026-07-01 21:52:00
KP020715,KW11527,2026-07-02,US,Mobile,3255,50.0,41,1008,4.07,2026-07-02 09:50:00
KP020716,KW11677,2026-07-03,US,Desktop,2165,15.0,89,1078,8.26,2026-07-03 09:43:00
KP020717,KW11144,2026-07-04,MX,Mobile,4640,33.0,129,2171,5.94,2026-07-04 12:24:00
KP020718,KW10421,2026-07-05,CA,Mobile,1065,13.0,40,444,9.01,2026-07-05 10:54:00
KP020719,KW10242,2026-07-06,IN,Mobile,3933,20.0,120,1454,8.25,2026-07-06 15:00:00
KP020720,KW11370,2026-07-07,BR,Desktop,2477,16.0,62,1028,6.03,2026-07-07 21:51:00
KP020721,KW10056,2026-07-08,DE,Mobile,2665,33.0,72,1450,4.97,2026-07-08 19:17:00
KP020722,KW10918,2026-07-09,FR,Desktop,1782,48.0,14,442,3.17,2026-07-09 05:35:00
KP020723,KW10218,2026-07-10,MX,Desktop,2356,6.0,85,781,10.88,2026-07-10 14:37:00
KP020724,KW11068,2026-07-11,CA,Mobile,590,43.0,13,270,4.81,2026-07-11 05:53:00
KP020725,KW10109,2026-07-12,FR,Mobile,6874,31.0,20,483,4.14,2026-07-12 21:02:00
KP020726,KW10513,2026-07-13,CA,Mobile,4111,5.0,80,525,15.24,2026-07-13 19:18:00
KP020727,KW11344,2026-07-14,FR,Desktop,841,25.0,23,342,6.73,2026-07-14 22:12:00
KP020728,KW10277,2026-07-15,US,Desktop,1360,28.0,10,219,4.57,2026-07-15 18:27:00
KP020729,KW10868,2026-07-16,FR,Mobile,3342,50.0,51,1264,4.03,2026-07-16 00:21:00
KP020730,KW11841,2026-07-17,CA,Desktop,2038,30.0,18,459,3.92,2026-07-17 02:51:00
KP020731,KW10792,2026-07-18,CA,Mobile,9613,35.0,84,2189,3.84,2026-07-18 20:14:00
KP020732,KW11775,2026-07-19,US,Tablet,1754,1.0,152,436,34.86,2026-07-19 07:35:00
KP020733,KW11256,2026-07-20,MX,Desktop,9256,38.0,222,3928,5.65,2026-07-20 10:09:00
KP020734,KW11798,2026-07-21,CA,Mobile,2295,43.0,39,1074,3.63,2026-07-21 16:07:00
KP020735,KW10446,2026-07-22,CA,Mobile,6554,33.0,202,3561,5.67,2026-07-22 07:32:00
KP020736,KW11494,2026-07-23,US,Mobile,2775,15.0,56,847,6.61,2026-07-23 09:50:00
KP020737,KW11660,2026-07-24,BR,Desktop,1173,39.0,2,70,2.86,2026-07-24 01:51:00
KP020738,KW10627,2026-07-25,CA,Mobile,1808,11.0,28,383,7.31,2026-07-25 03:02:00
KP020739,KW10874,2026-07-26,CA,Mobile,3357,33.0,58,1130,5.13,2026-07-26 16:13:00
KP020740,KW10991,2026-07-27,AU,Desktop,2077,41.0,19,520,3.65,2026-07-27 18:24:00
KP020741,KW11105,2026-07-28,CA,Desktop,5150,39.0,30,731,4.1,2026-07-28 12:41:00
KP020742,KW10737,2026-07-29,CA,Mobile,10131,15.0,400,4337,9.22,2026-07-29 21:34:00
KP020743,KW11987,2026-07-30,JP,Mobile,3298,23.0,79,1580,5.0,2026-07-30 15:49:00
KP020744,KW10993,2026-07-31,CA,Mobile,6861,35.0,202,3347,6.04,2026-07-31 04:16:00
KP020745,KW10606,2026-08-01,BR,Mobile,10209,35.0,154,2534,6.08,2026-08-01 01:11:00
KP020746,KW10982,2026-08-02,US,Desktop,9922,27.0,331,5400,6.13,2026-08-02 21:28:00
KP020747,KW11512,2026-08-03,MX,Desktop,444,19.0,14,197,7.11,2026-08-03 15:20:00
KP020748,KW11222,2026-08-04,US,Desktop,666,23.0,19,268,7.09,2026-08-04 20:21:00
KP020749,KW10565,2026-08-05,UK,Desktop,8575,39.0,179,4202,4.26,2026-08-05 12:11:00
KP020750,KW11068,2026-08-06,UK,Mobile,6902,45.0,97,1838,5.28,2026-08-06 20:57:00
KP020751,KW11788,2026-08-07,BR,Mobile,2703,11.0,40,390,10.26,2026-08-07 09:15:00
KP020752,KW11473,2026-08-08,DE,Mobile,895,34.0,18,301,5.98,2026-08-08 15:57:00
KP020753,KW11841,2026-08-09,US,Mobile,11894,3.0,807,4113,19.62,2026-08-09 07:12:00
KP020754,KW11314,2026-08-10,BR,Mobile,4074,29.0,74,1477,5.01,2026-08-10 17:57:00
KP020755,KW11933,2026-08-11,AU,Desktop,452,29.0,3,77,3.9,2026-08-11 23:03:00
KP020756,KW11815,2026-08-12,BR,Desktop,4816,8.0,82,633,12.95,2026-08-12 04:55:00
KP020757,KW10915,2026-08-13,IN,Mobile,6366,20.0,193,2898,6.66,2026-08-13 08:35:00
KP020758,KW11639,2026-08-14,US,Mobile,4788,27.0,144,2538,5.67,2026-08-14 08:35:00
KP020759,KW10334,2026-08-15,MX,Mobile,3721,42.0,101,1923,5.25,2026-08-15 11:30:00
KP020760,KW10344,2026-08-16,MX,Desktop,2706,4.0,51,391,13.04,2026-08-16 17:32:00
KP020761,KW11410,2026-08-17,DE,Desktop,4200,2.0,451,1776,25.39,2026-08-17 17:23:00
KP020762,KW10987,2026-08-18,US,Mobile,1987,34.0,6,119,5.04,2026-08-18 00:51:00
KP020763,KW11144,2026-08-19,AU,Mobile,4312,38.0,111,1914,5.8,2026-08-19 13:31:00
KP020764,KW10527,2026-08-20,FR,Mobile,3684,31.0,95,1564,6.07,2026-08-20 12:36:00
KP020765,KW11723,2026-08-21,IN,Mobile,705,41.0,11,229,4.8,2026-08-21 13:17:00
KP020766,KW10931,2026-08-22,US,Desktop,2938,6.0,176,1211,14.53,2026-08-22 07:14:00
KP020767,KW11937,2026-08-23,CA,Mobile,4727,15.0,155,1907,8.13,2026-08-23 09:17:00
KP020768,KW11460,2026-08-24,BR,Tablet,3281,17.0,74,1270,5.83,2026-08-24 07:04:00
KP020769,KW10869,2026-08-25,MX,Mobile,1427,45.0,24,586,4.1,2026-08-25 16:03:00
KP020770,KW11967,2026-08-26,AU,Mobile,6724,31.0,136,2892,4.7,2026-08-26 14:33:00
KP020771,KW11677,2026-08-27,UK,Desktop,1208,44.0,15,430,3.49,2026-08-27 06:31:00
KP020772,KW11541,2026-08-28,JP,Mobile,1111,21.0,13,276,4.71,2026-08-28 19:36:00
KP020773,KW11097,2026-08-29,US,Desktop,2652,13.0,80,827,9.67,2026-08-29 14:52:00
KP020774,KW11461,2026-08-30,JP,Mobile,2517,36.0,14,396,3.54,2026-08-30 06:36:00
KP020775,KW11226,2026-08-31,BR,Desktop,1948,5.0,19,167,11.38,2026-08-31 23:48:00
KP020776,KW11433,2026-09-01,FR,Mobile,3822,1.0,648,2007,32.29,2026-09-01 05:12:00
KP020777,KW10056,2026-09-02,CA,Mobile,1926,1.0,156,448,34.82,2026-09-02 11:46:00
KP020778,KW10569,2026-09-03,DE,Desktop,7575,29.0,259,4043,6.41,2026-09-03 05:20:00
KP020779,KW10641,2026-09-04,MX,Mobile,5183,50.0,34,813,4.18,2026-09-04 05:44:00
KP020780,KW10358,2026-09-05,US,Desktop,6042,25.0,71,1215,5.84,2026-09-05 10:00:00
KP020781,KW10921,2026-09-06,MX,Desktop,2955,14.0,74,923,8.02,2026-09-06 19:41:00
KP020782,KW11651,2026-09-07,UK,Desktop,3585,14.0,87,1064,8.18,2026-09-07 22:30:00
KP020783,KW11907,2026-09-08,MX,Desktop,1652,5.0,36,242,14.88,2026-09-08 09:08:00
KP020784,KW10545,2026-09-09,MX,Mobile,26462,7.0,405,2988,13.55,2026-09-09 00:27:00
KP020785,KW10497,2026-09-10,IN,Desktop,1474,35.0,26,656,3.96,2026-09-10 16:00:00
KP020786,KW10377,2026-09-11,CA,Desktop,2796,33.0,39,686,5.69,2026-09-11 08:15:00
KP020787,KW10825,2026-09-12,MX,Mobile,2733,13.0,50,725,6.9,2026-09-12 07:52:00
KP020788,KW10896,2026-09-13,FR,Desktop,1362,20.0,29,493,5.88,2026-09-13 07:33:00
KP020789,KW10903,2026-09-14,FR,Desktop,845,33.0,22,347,6.34,2026-09-14 22:36:00
KP020790,KW11955,2026-09-15,CA,Desktop,2789,12.0,145,1397,10.38,2026-09-15 22:19:00
KP020791,KW11042,2026-09-16,JP,Tablet,27277,50.0,159,3161,5.03,2026-09-16 15:34:00
KP020792,KW10931,2026-09-17,JP,Mobile,14181,26.0,430,7445,5.78,2026-09-17 22:44:00
KP020793,KW10406,2026-09-18,MX,Desktop,694,15.0,14,220,6.36,2026-09-18 01:41:00
KP020794,KW11486,2026-09-19,AU,Desktop,761,30.0,8,181,4.42,2026-09-19 20:23:00
KP020795,KW10545,2026-09-20,UK,Mobile,2544,21.0,85,1340,6.34,2026-09-20 18:46:00
KP020796,KW10213,2026-09-21,US,Mobile,3190,23.0,68,1336,5.09,2026-09-21 21:15:00
KP020797,KW11078,2026-09-22,IN,Desktop,1689,46.0,46,917,5.02,2026-09-22 18:52:00
KP020798,KW11378,2026-09-23,CA,Mobile,12744,6.0,915,6441,14.21,2026-09-23 04:11:00
KP020799,KW10204,2026-09-24,IN,Mobile,14196,39.0,39,718,5.43,2026-09-24 11:20:00
KP020800,KW10873,2026-09-25,DE,Mobile,247,32.0,3,61,4.92,2026-09-25 13:43:00
KP020801,KW10570,2026-09-26,US,Mobile,5341,13.0,78,944,8.26,2026-09-26 08:47:00
KP020802,KW11148,2026-09-27,FR,Mobile,35675,14.0,206,3343,6.16,2026-09-27 18:50:00
KP020803,KW10414,2026-09-28,US,Mobile,8410,45.0,134,3358,3.99,2026-09-28 17:39:00
KP020804,KW10152,2026-09-29,DE,Desktop,4006,45.0,7,221,3.17,2026-09-29 09:53:00
KP020805,KW10226,2026-09-30,IN,Desktop,5142,49.0,14,403,3.47,2026-09-30 07:04:00
KP021049,KW10634,2026-06-01,UK,Mobile,2018,23.0,9,120,7.5,2026-06-01 17:32:00
KP021050,KW10525,2026-06-02,CA,Desktop,8432,10.0,333,2748,12.12,2026-06-02 12:26:00
KP021051,KW10688,2026-06-03,CA,Tablet,10588,34.0,146,2453,5.95,2026-06-03 12:45:00
KP021052,KW10423,2026-06-04,JP,Desktop,1280,7.0,44,355,12.39,2026-06-04 14:33:00
KP021053,KW10185,2026-06-05,UK,Mobile,1797,1.0,96,275,34.91,2026-06-05 01:41:00
KP021054,KW10333,2026-06-06,JP,Desktop,18473,41.0,340,7646,4.45,2026-06-06 14:57:00
KP021055,KW11781,2026-06-07,FR,Desktop,2485,36.0,17,375,4.53,2026-06-07 16:58:00
KP021056,KW11699,2026-06-08,BR,Desktop,9629,30.0,82,1562,5.25,2026-06-08 13:57:00
KP021057,KW11595,2026-06-09,IN,Mobile,1447,15.0,14,181,7.73,2026-06-09 10:51:00
KP021058,KW10490,2026-06-10,CA,Desktop,5576,35.0,124,2788,4.45,2026-06-10 05:13:00
KP021059,KW10965,2026-06-11,BR,Mobile,2814,46.0,20,443,4.51,2026-06-11 05:32:00
KP021060,KW10050,2026-06-12,IN,Desktop,7964,13.0,415,4224,9.82,2026-06-12 07:12:00
KP021061,KW11407,2026-06-13,BR,Desktop,1392,25.0,39,725,5.38,2026-06-13 10:29:00
KP021062,KW11062,2026-06-14,IN,Desktop,3600,7.0,213,1557,13.68,2026-06-14 16:06:00
KP021063,KW11428,2026-06-15,BR,Desktop,999,10.0,14,169,8.28,2026-06-15 16:50:00
KP021064,KW10236,2026-06-16,JP,Mobile,1499,32.0,34,579,5.87,2026-06-16 06:38:00
KP021065,KW10300,2026-06-17,UK,Mobile,428,26.0,3,65,4.62,2026-06-17 21:49:00
KP021066,KW10498,2026-06-18,US,Mobile,1658,21.0,69,898,7.68,2026-06-18 15:26:00
KP021067,KW11584,2026-06-19,DE,Mobile,5950,29.0,97,1989,4.88,2026-06-19 00:31:00
KP021068,KW11641,2026-06-20,AU,Mobile,1285,7.0,11,80,13.75,2026-06-20 16:02:00
KP021069,KW10943,2026-06-21,DE,Desktop,1859,5.0,87,553,15.73,2026-06-21 06:57:00
KP021070,KW11223,2026-06-22,CA,Mobile,3616,41.0,69,1704,4.05,2026-06-22 12:49:00
KP021071,KW10232,2026-06-23,MX,Mobile,2346,22.0,48,814,5.9,2026-06-23 09:33:00
KP021072,KW10824,2026-06-24,DE,Desktop,3287,50.0,39,845,4.62,2026-06-24 16:18:00
KP021073,KW11109,2026-06-25,AU,Mobile,1485,2.0,139,670,20.75,2026-06-25 04:51:00
KP021074,KW11666,2026-06-26,MX,Mobile,1189,8.0,59,624,9.46,2026-06-26 17:38:00
KP021075,KW10853,2026-06-27,BR,Mobile,14459,10.0,759,7325,10.36,2026-06-27 13:09:00
KP021076,KW10590,2026-06-28,BR,Mobile,1783,45.0,33,883,3.74,2026-06-28 13:06:00
KP021077,KW10120,2026-06-29,DE,Mobile,1329,8.0,46,535,8.6,2026-06-29 23:21:00
KP021078,KW10546,2026-06-30,AU,Tablet,9167,6.0,92,753,12.22,2026-06-30 02:40:00
KP021079,KW10372,2026-07-01,JP,Mobile,16149,45.0,170,4584,3.71,2026-07-01 03:33:00
KP021080,KW10848,2026-07-02,IN,Desktop,2377,31.0,72,1129,6.38,2026-07-02 03:18:00
KP021081,KW11710,2026-07-03,AU,Desktop,4111,24.0,10,220,4.55,2026-07-03 08:45:00
KP021082,KW11947,2026-07-04,IN,Mobile,1029,25.0,17,244,6.97,2026-07-04 01:18:00
KP021083,KW11022,2026-07-05,IN,Mobile,4659,23.0,41,867,4.73,2026-07-05 09:28:00
KP021084,KW11834,2026-07-06,DE,Desktop,47321,1.0,4350,15945,27.28,2026-07-06 02:40:00
KP021085,KW11555,2026-07-07,MX,Mobile,672,31.0,3,71,4.23,2026-07-07 13:26:00
KP021086,KW11707,2026-07-08,FR,Desktop,4541,6.0,366,2404,15.22,2026-07-08 13:00:00
KP021087,KW11435,2026-07-09,JP,Mobile,5713,24.0,135,1844,7.32,2026-07-09 17:56:00
KP021088,KW11019,2026-07-10,CA,Desktop,1255,25.0,18,381,4.72,2026-07-10 01:16:00
KP021089,KW11705,2026-07-11,CA,Tablet,9744,35.0,199,3671,5.42,2026-07-11 01:17:00
KP021090,KW11765,2026-07-12,AU,Mobile,7507,8.0,59,671,8.79,2026-07-12 06:22:00
KP021091,KW11677,2026-07-13,AU,Mobile,5764,4.0,123,669,18.39,2026-07-13 11:32:00
KP021092,KW10218,2026-07-14,DE,Mobile,1957,4.0,155,824,18.81,2026-07-14 11:36:00
KP021093,KW11601,2026-07-15,FR,Desktop,1452,16.0,15,238,6.3,2026-07-15 08:53:00
KP021094,KW11151,2026-07-16,BR,Mobile,8088,41.0,156,3347,4.66,2026-07-16 14:25:00
KP021095,KW11164,2026-07-17,BR,Mobile,1730,36.0,17,475,3.58,2026-07-17 12:36:00
KP021096,KW10626,2026-07-18,MX,Desktop,3550,34.0,96,1916,5.01,2026-07-18 13:25:00
KP021097,KW10377,2026-07-19,FR,Mobile,1499,33.0,14,363,3.86,2026-07-19 02:35:00
KP021098,KW10816,2026-07-20,BR,Mobile,8546,19.0,245,3528,6.94,2026-07-20 03:29:00
KP021099,KW10605,2026-07-21,FR,Desktop,3423,21.0,42,747,5.62,2026-07-21 01:43:00
KP021100,KW10384,2026-07-22,DE,Desktop,4958,10.0,136,1520,8.95,2026-07-22 03:03:00
KP021101,KW10044,2026-07-23,AU,Mobile,2927,10.0,115,995,11.56,2026-07-23 10:37:00
KP021102,KW10458,2026-07-24,IN,Tablet,4964,32.0,38,943,4.03,2026-07-24 09:23:00
KP021103,KW10200,2026-07-25,US,Mobile,2235,3.0,141,935,15.08,2026-07-25 04:49:00
KP021104,KW11269,2026-07-26,BR,Desktop,2953,36.0,36,976,3.69,2026-07-26 12:23:00
KP021105,KW11505,2026-07-27,MX,Desktop,1347,40.0,24,610,3.93,2026-07-27 18:08:00
KP021106,KW11211,2026-07-28,US,Mobile,3632,1.0,277,794,34.89,2026-07-28 11:28:00
KP021107,KW10511,2026-07-29,MX,Tablet,9563,44.0,102,2465,4.14,2026-07-29 20:30:00
KP021108,KW11331,2026-07-30,MX,Mobile,2743,50.0,42,956,4.39,2026-07-30 21:19:00
KP021109,KW11020,2026-07-31,AU,Desktop,3680,2.0,350,1876,18.66,2026-07-31 22:37:00
KP021110,KW11238,2026-08-01,DE,Desktop,4037,19.0,51,762,6.69,2026-08-01 09:41:00
KP021111,KW10527,2026-08-02,AU,Mobile,2371,12.0,32,343,9.33,2026-08-02 05:39:00
KP021112,KW11298,2026-08-03,JP,Desktop,1648,15.0,40,509,7.86,2026-08-03 11:34:00
KP021113,KW11792,2026-08-04,FR,Mobile,522,27.0,15,231,6.49,2026-08-04 20:14:00
KP021114,KW11236,2026-08-05,AU,Mobile,1281,33.0,8,162,4.94,2026-08-05 15:22:00
KP021115,KW10191,2026-08-06,AU,Desktop,4155,9.0,162,1483,10.92,2026-08-06 23:12:00
KP021116,KW10754,2026-08-07,IN,Desktop,2151,31.0,16,326,4.91,2026-08-07 17:32:00
KP021117,KW11525,2026-08-08,DE,Desktop,10265,34.0,35,798,4.39,2026-08-08 14:39:00
KP021118,KW10391,2026-08-09,AU,Mobile,2353,13.0,14,139,10.07,2026-08-09 16:45:00
KP021119,KW11743,2026-08-10,JP,Mobile,1448,36.0,27,482,5.6,2026-08-10 02:26:00
KP021120,KW11243,2026-08-11,MX,Mobile,1856,13.0,67,808,8.29,2026-08-11 02:21:00
KP021121,KW11697,2026-08-12,UK,Mobile,3237,41.0,20,483,4.14,2026-08-12 17:35:00
KP021122,KW11656,2026-08-13,AU,Mobile,674,49.0,4,127,3.15,2026-08-13 20:55:00
KP021123,KW11411,2026-08-14,IN,Desktop,15090,20.0,417,5739,7.27,2026-08-14 17:27:00
KP021124,KW10489,2026-08-15,JP,Desktop,3343,46.0,69,1492,4.62,2026-08-15 02:50:00
KP021125,KW11600,2026-08-16,UK,Mobile,3946,20.0,48,594,8.08,2026-08-16 02:56:00
KP021126,KW10843,2026-08-17,BR,Mobile,1483,41.0,29,748,3.88,2026-08-17 01:29:00
KP021127,KW11999,2026-08-18,UK,Desktop,8761,11.0,244,2908,8.39,2026-08-18 01:00:00
KP021128,KW10688,2026-08-19,IN,Tablet,8512,4.0,486,3256,14.93,2026-08-19 20:20:00
KP021129,KW11132,2026-08-20,JP,Desktop,8747,19.0,209,3943,5.3,2026-08-20 00:30:00
KP021130,KW11068,2026-08-21,CA,Mobile,1633,50.0,4,129,3.1,2026-08-21 23:47:00
KP021131,KW11614,2026-08-22,MX,Mobile,3062,48.0,78,1543,5.06,2026-08-22 11:32:00
KP021132,KW11418,2026-08-23,DE,Desktop,6248,49.0,111,3416,3.25,2026-08-23 11:26:00
KP021133,KW10912,2026-08-24,IN,Tablet,2910,10.0,56,496,11.29,2026-08-24 11:25:00
KP021134,KW10031,2026-08-25,DE,Desktop,15811,29.0,332,6143,5.4,2026-08-25 08:33:00
KP021135,KW11258,2026-08-26,AU,Mobile,8731,8.0,323,3294,9.81,2026-08-26 15:15:00
KP021136,KW11807,2026-08-27,BR,Desktop,1841,27.0,37,684,5.41,2026-08-27 11:16:00
KP021137,KW11203,2026-08-28,CA,Mobile,2984,13.0,44,438,10.05,2026-08-28 14:23:00
KP021138,KW11877,2026-08-29,US,Desktop,5405,1.0,639,1828,34.96,2026-08-29 11:12:00
KP021139,KW10251,2026-08-30,US,Mobile,3882,10.0,61,825,7.39,2026-08-30 09:29:00
KP021140,KW11188,2026-08-31,UK,Mobile,4004,14.0,113,1734,6.52,2026-08-31 06:20:00
KP021141,KW11268,2026-09-01,AU,Desktop,1156,22.0,12,226,5.31,2026-09-01 23:57:00
KP021142,KW11933,2026-09-02,IN,Mobile,1780,5.0,80,614,13.03,2026-09-02 01:40:00
KP021143,KW10576,2026-09-03,IN,Desktop,523,28.0,15,246,6.1,2026-09-03 08:51:00
KP021144,KW10572,2026-09-04,US,Desktop,8939,9.0,249,2475,10.06,2026-09-04 00:11:00
KP021145,KW10624,2026-09-05,US,Tablet,3303,22.0,23,305,7.54,2026-09-05 06:48:00
KP021146,KW10179,2026-09-06,US,Desktop,3468,39.0,10,211,4.74,2026-09-06 22:03:00
KP021147,KW11584,2026-09-07,FR,Desktop,414,25.0,10,153,6.54,2026-09-07 19:56:00
KP021148,KW11003,2026-09-08,CA,Desktop,3214,43.0,80,1762,4.54,2026-09-08 22:17:00
KP021149,KW10308,2026-09-09,AU,Mobile,2852,34.0,55,1136,4.84,2026-09-09 05:41:00
KP021150,KW11838,2026-09-10,IN,Tablet,434,36.0,8,219,3.65,2026-09-10 22:18:00
KP021151,KW10410,2026-09-11,DE,Mobile,534,48.0,3,84,3.57,2026-09-11 21:53:00
KP021152,KW10319,2026-09-12,IN,Mobile,6844,36.0,91,2312,3.94,2026-09-12 12:22:00
KP021153,KW10333,2026-09-13,JP,Desktop,599,48.0,6,182,3.3,2026-09-13 07:32:00
KP021154,KW10433,2026-09-14,CA,Desktop,728,22.0,12,190,6.32,2026-09-14 16:34:00
KP021155,KW10950,2026-09-15,IN,Mobile,1794,12.0,69,790,8.73,2026-09-15 06:13:00
KP021156,KW10621,2026-09-16,JP,Desktop,2117,4.0,66,520,12.69,2026-09-16 19:37:00
KP021157,KW10528,2026-09-17,FR,Desktop,1457,31.0,24,576,4.17,2026-09-17 16:07:00
KP021158,KW11123,2026-09-18,BR,Desktop,18491,13.0,411,4079,10.08,2026-09-18 23:37:00
KP021159,KW10895,2026-09-19,JP,Desktop,5920,1.0,466,1333,34.96,2026-09-19 11:30:00
KP021160,KW10984,2026-09-20,UK,Desktop,6040,38.0,151,2592,5.83,2026-09-20 18:12:00
KP021161,KW11545,2026-09-21,CA,Mobile,12390,46.0,28,732,3.83,2026-09-21 04:24:00
KP021162,KW11504,2026-09-22,BR,Mobile,7375,29.0,157,3482,4.51,2026-09-22 03:47:00
KP021163,KW10646,2026-09-23,IN,Desktop,3902,24.0,69,1344,5.13,2026-09-23 03:26:00
KP021164,KW11320,2026-09-24,MX,Mobile,3527,47.0,54,1483,3.64,2026-09-24 09:38:00
KP021165,KW11105,2026-09-25,US,Desktop,2406,45.0,28,717,3.91,2026-09-25 02:18:00
KP021166,KW10933,2026-09-26,BR,Mobile,20802,7.0,553,4105,13.47,2026-09-26 21:07:00
KP021167,KW10368,2026-09-27,IN,Mobile,11495,21.0,387,5254,7.37,2026-09-27 03:18:00
KP021168,KW11176,2026-09-28,FR,Desktop,1570,50.0,25,512,4.88,2026-09-28 21:37:00
KP021169,KW10505,2026-09-29,CA,Desktop,3119,14.0,121,1590,7.61,2026-09-29 11:15:00
KP021170,KW11679,2026-09-30,BR,Desktop,1037,2.0,73,351,20.8,2026-09-30 06:31:00
KP021414,KW10449,2026-06-01,CA,Mobile,1593,32.0,11,189,5.82,2026-06-01 01:25:00
KP021415,KW11666,2026-06-02,AU,Desktop,1744,10.0,59,595,9.92,2026-06-02 14:08:00
KP021416,KW11113,2026-06-03,CA,Desktop,7610,28.0,138,2243,6.15,2026-06-03 05:03:00
KP021417,KW10464,2026-06-04,BR,Desktop,3644,31.0,50,1112,4.5,2026-06-04 04:18:00
KP021418,KW11041,2026-06-05,CA,Desktop,2839,43.0,45,1055,4.27,2026-06-05 20:23:00
KP021419,KW11703,2026-06-06,MX,Desktop,2386,46.0,36,733,4.91,2026-06-06 14:19:00
KP021420,KW11784,2026-06-07,CA,Mobile,3236,49.0,45,1020,4.41,2026-06-07 13:03:00
KP021421,KW10953,2026-06-08,UK,Desktop,1216,1.0,19,64,29.69,2026-06-08 22:35:00
KP021422,KW11398,2026-06-09,IN,Desktop,1271,13.0,63,626,10.06,2026-06-09 07:11:00
KP021423,KW10879,2026-06-10,FR,Desktop,1790,6.0,29,197,14.72,2026-06-10 20:19:00
KP021424,KW11101,2026-06-11,MX,Mobile,5988,7.0,309,2990,10.33,2026-06-11 02:03:00
KP021425,KW11558,2026-06-12,DE,Desktop,810,48.0,9,221,4.07,2026-06-12 02:28:00
KP021426,KW11183,2026-06-13,UK,Mobile,1562,23.0,29,489,5.93,2026-06-13 13:30:00
KP021427,KW11214,2026-06-14,AU,Mobile,2527,50.0,6,181,3.31,2026-06-14 08:20:00
KP021428,KW10314,2026-06-15,UK,Mobile,2997,17.0,105,1602,6.55,2026-06-15 22:07:00
KP021429,KW10188,2026-06-16,IN,Desktop,1778,7.0,46,419,10.98,2026-06-16 09:01:00
KP021430,KW10633,2026-06-17,AU,Mobile,8864,17.0,253,3899,6.49,2026-06-17 14:49:00
KP021431,KW10661,2026-06-18,JP,Desktop,1906,33.0,10,223,4.48,2026-06-18 00:53:00
KP021432,KW10335,2026-06-19,BR,Desktop,4444,18.0,56,951,5.89,2026-06-19 16:49:00
KP021433,KW11999,2026-06-20,IN,Desktop,2716,25.0,79,1325,5.96,2026-06-20 05:49:00
KP021434,KW11209,2026-06-21,DE,Mobile,833,36.0,12,307,3.91,2026-06-21 11:04:00
KP021435,KW11107,2026-06-22,US,Desktop,6705,16.0,131,1522,8.61,2026-06-22 02:40:00
KP021436,KW11242,2026-06-23,DE,Mobile,1224,3.0,118,541,21.81,2026-06-23 09:22:00
KP021437,KW10043,2026-06-24,US,Desktop,9113,14.0,358,4114,8.7,2026-06-24 06:05:00
KP021438,KW11266,2026-06-25,IN,Tablet,2416,33.0,52,1073,4.85,2026-06-25 01:13:00
KP021439,KW10809,2026-06-26,FR,Mobile,7973,37.0,30,721,4.16,2026-06-26 23:48:00
KP021440,KW10394,2026-06-27,DE,Mobile,4664,37.0,70,1217,5.75,2026-06-27 02:48:00
KP021441,KW11329,2026-06-28,DE,Mobile,720,12.0,24,279,8.6,2026-06-28 15:33:00
KP021442,KW10581,2026-06-29,MX,Mobile,7925,45.0,47,1382,3.4,2026-06-29 03:18:00
KP021443,KW11271,2026-06-30,IN,Mobile,7295,12.0,84,986,8.52,2026-06-30 13:47:00
KP021444,KW11045,2026-07-01,FR,Desktop,3814,4.0,69,507,13.61,2026-07-01 06:57:00
KP021445,KW10869,2026-07-02,US,Desktop,6323,17.0,42,493,8.52,2026-07-02 21:06:00
KP021446,KW10977,2026-07-03,AU,Mobile,409,30.0,9,196,4.59,2026-07-03 09:08:00
KP021447,KW11194,2026-07-04,DE,Mobile,4108,39.0,58,1014,5.72,2026-07-04 08:39:00
KP021448,KW10152,2026-07-05,BR,Mobile,1790,18.0,13,163,7.98,2026-07-05 03:31:00
KP021449,KW10419,2026-07-06,MX,Desktop,6056,35.0,126,3037,4.15,2026-07-06 21:46:00
KP021450,KW11824,2026-07-07,CA,Desktop,5037,14.0,112,1123,9.97,2026-07-07 20:07:00
KP021451,KW10192,2026-07-08,DE,Mobile,1906,41.0,34,738,4.61,2026-07-08 05:50:00
KP021452,KW11851,2026-07-09,US,Desktop,5215,19.0,155,2727,5.68,2026-07-09 03:54:00
KP021453,KW11810,2026-07-10,US,Mobile,11229,2.0,840,3554,23.64,2026-07-10 11:55:00
KP021454,KW10970,2026-07-11,CA,Desktop,3652,31.0,37,710,5.21,2026-07-11 11:17:00
KP021455,KW10870,2026-07-12,UK,Desktop,2362,18.0,75,1208,6.21,2026-07-12 20:48:00
KP021456,KW11383,2026-07-13,AU,Mobile,4103,16.0,38,594,6.4,2026-07-13 02:42:00
KP021457,KW10499,2026-07-14,CA,Mobile,1184,11.0,42,466,9.01,2026-07-14 02:54:00
KP021458,KW10363,2026-07-15,CA,Desktop,828,24.0,5,68,7.35,2026-07-15 07:53:00
KP021459,KW11385,2026-07-16,JP,Desktop,7426,37.0,43,943,4.56,2026-07-16 07:15:00
KP021460,KW10663,2026-07-17,FR,Mobile,2263,25.0,50,946,5.29,2026-07-17 15:37:00
KP021461,KW10763,2026-07-18,FR,Desktop,11002,7.0,292,2090,13.97,2026-07-18 23:33:00
KP021462,KW10874,2026-07-19,US,Mobile,470,1.0,50,154,32.47,2026-07-19 16:43:00
KP021463,KW11736,2026-07-20,CA,Mobile,1624,31.0,26,545,4.77,2026-07-20 00:55:00
KP021464,KW10133,2026-07-21,CA,Desktop,1891,9.0,42,414,10.14,2026-07-21 02:09:00
KP021465,KW11517,2026-07-22,MX,Desktop,3869,38.0,37,692,5.35,2026-07-22 12:43:00
KP021466,KW11536,2026-07-23,CA,Mobile,1669,34.0,51,829,6.15,2026-07-23 18:02:00
KP021467,KW10890,2026-07-24,FR,Mobile,2516,10.0,66,749,8.81,2026-07-24 22:44:00
KP021468,KW11866,2026-07-25,US,Mobile,3046,38.0,24,548,4.38,2026-07-25 16:20:00
KP021469,KW10306,2026-07-26,US,Mobile,1170,48.0,4,118,3.39,2026-07-26 06:55:00
KP021470,KW10591,2026-07-27,FR,Desktop,1695,1.0,281,831,33.81,2026-07-27 01:19:00
KP021471,KW11647,2026-07-28,JP,Mobile,1362,11.0,28,248,11.29,2026-07-28 07:11:00
KP021472,KW10874,2026-07-29,IN,Mobile,774,13.0,11,123,8.94,2026-07-29 21:55:00
KP021473,KW10400,2026-07-30,AU,Mobile,687,4.0,50,345,14.49,2026-07-30 09:45:00
KP021474,KW11566,2026-07-31,DE,Desktop,817,13.0,13,155,8.39,2026-07-31 23:17:00
KP021475,KW10715,2026-08-01,UK,Tablet,1930,47.0,36,806,4.47,2026-08-01 18:40:00
KP021476,KW11755,2026-08-02,UK,Desktop,6150,40.0,65,1903,3.42,2026-08-02 14:11:00
KP021477,KW10625,2026-08-03,AU,Mobile,1434,34.0,25,412,6.07,2026-08-03 20:25:00
KP021478,KW10754,2026-08-04,JP,Mobile,4075,22.0,32,405,7.9,2026-08-04 10:28:00
KP021479,KW11873,2026-08-05,US,Mobile,1277,14.0,40,480,8.33,2026-08-05 12:36:00
KP021480,KW11561,2026-08-06,JP,Mobile,5588,32.0,24,601,3.99,2026-08-06 13:38:00
KP021481,KW10832,2026-08-07,CA,Mobile,678,30.0,8,143,5.59,2026-08-07 08:10:00
KP021482,KW11555,2026-08-08,CA,Tablet,603,44.0,15,299,5.02,2026-08-08 07:24:00
KP021483,KW10167,2026-08-09,AU,Desktop,2404,21.0,23,395,5.82,2026-08-09 01:18:00
KP021484,KW11361,2026-08-10,FR,Mobile,1894,40.0,30,885,3.39,2026-08-10 15:46:00
KP021485,KW10084,2026-08-11,JP,Desktop,7562,8.0,124,996,12.45,2026-08-11 07:11:00
KP021486,KW11448,2026-08-12,DE,Desktop,932,50.0,14,431,3.25,2026-08-12 02:47:00
KP021487,KW10755,2026-08-13,US,Mobile,7899,9.0,90,837,10.75,2026-08-13 02:20:00
KP021488,KW10547,2026-08-14,MX,Desktop,7067,18.0,183,2161,8.47,2026-08-14 22:24:00
KP021489,KW10400,2026-08-15,JP,Mobile,17808,31.0,245,5408,4.53,2026-08-15 10:51:00
KP021490,KW10381,2026-08-16,UK,Mobile,1833,43.0,29,754,3.85,2026-08-16 19:49:00
KP021491,KW10628,2026-08-17,BR,Mobile,10638,25.0,290,4971,5.83,2026-08-17 22:17:00
KP021492,KW10645,2026-08-18,CA,Mobile,3139,47.0,49,1349,3.63,2026-08-18 18:01:00
KP021493,KW10403,2026-08-19,IN,Mobile,1918,35.0,13,296,4.39,2026-08-19 03:11:00
KP021494,KW10753,2026-08-20,JP,Tablet,2499,47.0,32,973,3.29,2026-08-20 10:37:00
KP021495,KW11321,2026-08-21,FR,Mobile,2322,5.0,130,889,14.62,2026-08-21 02:16:00
KP021496,KW11241,2026-08-22,IN,Mobile,15167,38.0,220,4393,5.01,2026-08-22 08:46:00
KP021497,KW10098,2026-08-23,US,Mobile,5519,1.0,180,537,33.52,2026-08-23 19:24:00
KP021498,KW11855,2026-08-24,JP,Desktop,3154,47.0,22,472,4.66,2026-08-24 17:06:00
KP021499,KW11494,2026-08-25,AU,Mobile,4505,4.0,213,1448,14.71,2026-08-25 16:37:00
KP021500,KW10365,2026-08-26,MX,Mobile,735,38.0,14,305,4.59,2026-08-26 07:16:00
KP021501,KW10206,2026-08-27,JP,Desktop,882,2.0,22,96,22.92,2026-08-27 10:33:00
KP021502,KW11232,2026-08-28,AU,Mobile,2834,28.0,68,1076,6.32,2026-08-28 13:01:00
KP021503,KW10169,2026-08-29,AU,Tablet,4430,40.0,97,2310,4.2,2026-08-29 23:13:00
KP021504,KW11750,2026-08-30,FR,Mobile,1241,14.0,33,481,6.86,2026-08-30 12:20:00
KP021505,KW11597,2026-08-31,IN,Desktop,4527,35.0,71,1397,5.08,2026-08-31 16:37:00
KP021506,KW11331,2026-09-01,BR,Mobile,5562,29.0,49,828,5.92,2026-09-01 14:20:00
KP021507,KW10633,2026-09-02,DE,Mobile,7163,24.0,187,2923,6.4,2026-09-02 13:03:00
KP021508,KW11545,2026-09-03,JP,Desktop,9377,7.0,79,569,13.88,2026-09-03 13:19:00
KP021509,KW10415,2026-09-04,UK,Desktop,1550,8.0,36,295,12.2,2026-09-04 21:00:00
KP021510,KW10711,2026-09-05,BR,Desktop,1751,29.0,41,799,5.13,2026-09-05 18:11:00
KP021511,KW10657,2026-09-06,UK,Mobile,2894,50.0,18,372,4.84,2026-09-06 07:16:00
KP021512,KW10172,2026-09-07,AU,Mobile,2887,3.0,109,543,20.07,2026-09-07 10:00:00
KP021513,KW10689,2026-09-08,FR,Desktop,7232,20.0,83,1352,6.14,2026-09-08 20:44:00
KP021514,KW11263,2026-09-09,CA,Desktop,3060,23.0,111,1551,7.16,2026-09-09 23:32:00
KP021515,KW11599,2026-09-10,JP,Desktop,354,35.0,3,69,4.35,2026-09-10 00:14:00
KP021516,KW11528,2026-09-11,AU,Mobile,746,35.0,17,386,4.4,2026-09-11 18:32:00
KP021517,KW11731,2026-09-12,JP,Desktop,2052,5.0,150,1059,14.16,2026-09-12 17:54:00
KP021518,KW10816,2026-09-13,AU,Mobile,5968,34.0,146,3048,4.79,2026-09-13 11:20:00
KP021519,KW11991,2026-09-14,AU,Desktop,1349,19.0,29,352,8.24,2026-09-14 00:20:00
KP021520,KW11655,2026-09-15,CA,Desktop,5533,23.0,161,2241,7.18,2026-09-15 22:08:00
KP021521,KW11058,2026-09-16,AU,Mobile,4917,36.0,111,2451,4.53,2026-09-16 18:39:00
KP021522,KW11495,2026-09-17,CA,Desktop,3504,1.0,72,208,34.62,2026-09-17 10:48:00
KP021523,KW11138,2026-09-18,FR,Mobile,1422,39.0,26,686,3.79,2026-09-18 17:55:00
KP021524,KW10930,2026-09-19,US,Desktop,3020,24.0,68,1180,5.76,2026-09-19 15:31:00
KP021525,KW10658,2026-09-20,IN,Desktop,2285,3.0,163,956,17.05,2026-09-20 00:25:00
KP021526,KW11004,2026-09-21,DE,Mobile,3116,48.0,40,1052,3.8,2026-09-21 14:00:00
KP021527,KW10332,2026-09-22,AU,Mobile,5140,38.0,20,424,4.72,2026-09-22 12:57:00
KP021528,KW10710,2026-09-23,DE,Mobile,3616,25.0,35,518,6.76,2026-09-23 19:49:00
KP021529,KW11639,2026-09-24,US,Desktop,2034,24.0,48,726,6.61,2026-09-24 19:08:00
KP021530,KW10266,2026-09-25,AU,Desktop,3301,46.0,33,826,4.0,2026-09-25 18:12:00
KP021531,KW11344,2026-09-26,BR,Mobile,3640,11.0,76,680,11.18,2026-09-26 02:07:00
KP021532,KW11125,2026-09-27,BR,Desktop,3360,44.0,24,521,4.61,2026-09-27 05:07:00
KP021533,KW10743,2026-09-28,US,Mobile,4403,1.0,371,1062,34.93,2026-09-28 05:03:00
KP021534,KW11598,2026-09-29,US,Mobile,3606,2.0,175,829,21.11,2026-09-29 04:29:00
KP021535,KW10092,2026-09-30,CA,Desktop,1712,39.0,38,899,4.23,2026-09-30 12:23:00
KP021779,KW10850,2026-06-01,IN,Desktop,2761,16.0,44,550,8.0,2026-06-01 20:04:00
KP021780,KW11681,2026-06-02,MX,Desktop,6473,30.0,186,3416,5.44,2026-06-02 00:47:00
KP021781,KW10963,2026-06-03,BR,Desktop,6942,7.0,271,2487,10.9,2026-06-03 13:45:00
KP021782,KW11624,2026-06-04,BR,Desktop,1674,43.0,17,402,4.23,2026-06-04 03:39:00
KP021783,KW11168,2026-06-05,CA,Mobile,389,22.0,5,85,5.88,2026-06-05 13:36:00
KP021784,KW11889,2026-06-06,IN,Desktop,2111,32.0,51,1010,5.05,2026-06-06 00:10:00
KP021785,KW10573,2026-06-07,IN,Desktop,2551,49.0,26,596,4.36,2026-06-07 19:39:00
KP021786,KW10807,2026-06-08,UK,Mobile,1211,14.0,28,290,9.66,2026-06-08 20:47:00
KP021787,KW10625,2026-06-09,IN,Mobile,3445,30.0,97,1863,5.21,2026-06-09 14:04:00
KP021788,KW11127,2026-06-10,DE,Desktop,1015,50.0,16,452,3.54,2026-06-10 06:59:00
KP021789,KW10495,2026-06-11,US,Mobile,15622,36.0,82,1372,5.98,2026-06-11 22:17:00
KP021790,KW10131,2026-06-12,UK,Desktop,5843,39.0,120,2210,5.43,2026-06-12 19:02:00
KP021791,KW11043,2026-06-13,DE,Desktop,2526,6.0,107,995,10.75,2026-06-13 12:59:00
KP021792,KW10717,2026-06-14,FR,Desktop,25807,44.0,629,12767,4.93,2026-06-14 05:25:00
KP021793,KW11523,2026-06-15,IN,Mobile,8405,34.0,178,4116,4.32,2026-06-15 15:27:00
KP021794,KW11674,2026-06-16,AU,Desktop,13136,21.0,364,4657,7.82,2026-06-16 01:34:00
KP021795,KW10822,2026-06-17,UK,Desktop,888,20.0,21,258,8.14,2026-06-17 08:26:00
KP021796,KW11897,2026-06-18,DE,Desktop,6314,35.0,28,607,4.61,2026-06-18 13:00:00
KP021797,KW10968,2026-06-19,UK,Desktop,1499,50.0,6,151,3.97,2026-06-19 14:43:00
KP021798,KW11520,2026-06-20,US,Tablet,3825,11.0,114,1135,10.04,2026-06-20 00:53:00
KP021799,KW10114,2026-06-21,MX,Desktop,5352,25.0,77,1618,4.76,2026-06-21 01:02:00
KP021800,KW11617,2026-06-22,JP,Desktop,1373,16.0,12,214,5.61,2026-06-22 11:17:00
KP021801,KW11953,2026-06-23,AU,Mobile,5569,49.0,64,1860,3.44,2026-06-23 15:44:00
KP021802,KW11987,2026-06-24,FR,Mobile,2332,23.0,17,281,6.05,2026-06-24 07:22:00
KP021803,KW10325,2026-06-25,US,Desktop,768,25.0,7,112,6.25,2026-06-25 00:32:00
KP021804,KW11986,2026-06-26,JP,Mobile,2336,46.0,19,451,4.21,2026-06-26 06:55:00
KP021805,KW11799,2026-06-27,UK,Mobile,461,48.0,6,214,2.8,2026-06-27 22:07:00
KP021806,KW11753,2026-06-28,DE,Desktop,2377,13.0,59,560,10.54,2026-06-28 17:56:00
KP021807,KW10999,2026-06-29,BR,Desktop,14190,44.0,207,4215,4.91,2026-06-29 20:52:00
KP021808,KW10994,2026-06-30,AU,Mobile,637,46.0,12,252,4.76,2026-06-30 10:02:00
KP021809,KW10152,2026-07-01,CA,Mobile,842,4.0,7,60,11.67,2026-07-01 03:02:00
KP021810,KW10170,2026-07-02,CA,Desktop,2986,9.0,59,760,7.76,2026-07-02 12:23:00
KP021811,KW10143,2026-07-03,MX,Mobile,2745,15.0,14,217,6.45,2026-07-03 04:44:00
KP021812,KW11352,2026-07-04,IN,Desktop,1818,1.0,187,535,34.95,2026-07-04 19:02:00
KP021813,KW11976,2026-07-05,US,Desktop,3284,26.0,58,809,7.17,2026-07-05 05:40:00
KP021814,KW11163,2026-07-06,DE,Mobile,1171,24.0,10,144,6.94,2026-07-06 17:34:00
KP021815,KW10080,2026-07-07,FR,Mobile,10040,42.0,65,1340,4.85,2026-07-07 12:27:00
KP021816,KW10074,2026-07-08,UK,Desktop,4448,30.0,122,2205,5.53,2026-07-08 20:07:00
KP021817,KW11207,2026-07-09,DE,Desktop,2067,49.0,21,674,3.12,2026-07-09 10:21:00
KP021818,KW10956,2026-07-10,CA,Mobile,1161,31.0,18,468,3.85,2026-07-10 11:16:00
KP021819,KW10922,2026-07-11,FR,Mobile,6571,5.0,424,3212,13.2,2026-07-11 22:45:00
KP021820,KW11804,2026-07-12,MX,Desktop,12287,24.0,320,5185,6.17,2026-07-12 19:43:00
KP021821,KW10023,2026-07-13,AU,Desktop,1677,27.0,28,476,5.88,2026-07-13 11:44:00
KP021822,KW10547,2026-07-14,IN,Mobile,2537,23.0,52,821,6.33,2026-07-14 12:03:00
KP021823,KW11306,2026-07-15,CA,Tablet,2163,8.0,42,476,8.82,2026-07-15 04:37:00
KP021824,KW10894,2026-07-16,JP,Mobile,8495,31.0,148,2464,6.01,2026-07-16 17:17:00
KP021825,KW10774,2026-07-17,IN,Mobile,2201,11.0,58,727,7.98,2026-07-17 09:13:00
KP021826,KW11750,2026-07-18,FR,Desktop,14151,25.0,549,7399,7.42,2026-07-18 21:03:00
KP021827,KW10147,2026-07-19,JP,Mobile,2835,6.0,134,904,14.82,2026-07-19 06:15:00
KP021828,KW11853,2026-07-20,CA,Mobile,2589,20.0,77,1104,6.97,2026-07-20 08:06:00
KP021829,KW11474,2026-07-21,FR,Desktop,1259,42.0,20,396,5.05,2026-07-21 12:53:00
KP021830,KW10598,2026-07-22,BR,Desktop,7076,39.0,146,3192,4.57,2026-07-22 12:55:00
KP021831,KW10277,2026-07-23,IN,Tablet,5753,17.0,105,1599,6.57,2026-07-23 21:36:00
KP021832,KW11997,2026-07-24,JP,Mobile,4489,20.0,150,2032,7.38,2026-07-24 09:46:00
KP021833,KW10682,2026-07-25,AU,Mobile,3132,8.0,173,1664,10.4,2026-07-25 15:49:00
KP021834,KW11599,2026-07-26,CA,Desktop,4105,33.0,118,1948,6.06,2026-07-26 10:43:00
KP021835,KW11833,2026-07-27,BR,Mobile,632,9.0,21,259,8.11,2026-07-27 18:48:00
KP021836,KW10554,2026-07-28,DE,Mobile,8691,27.0,188,2821,6.66,2026-07-28 01:49:00
KP021837,KW11303,2026-07-29,BR,Desktop,1664,42.0,34,731,4.65,2026-07-29 08:34:00
KP021838,KW10185,2026-07-30,CA,Mobile,786,47.0,15,360,4.17,2026-07-30 00:31:00
KP021839,KW11897,2026-07-31,AU,Desktop,253,6.0,2,20,10.0,2026-07-31 17:59:00
KP021840,KW11938,2026-08-01,JP,Desktop,1730,40.0,38,826,4.6,2026-08-01 23:16:00
KP021841,KW10685,2026-08-02,US,Desktop,4622,35.0,78,1569,4.97,2026-08-02 10:52:00
KP021842,KW10806,2026-08-03,BR,Mobile,41961,17.0,1392,17340,8.03,2026-08-03 06:26:00
KP021843,KW11600,2026-08-04,MX,Mobile,5631,20.0,47,807,5.82,2026-08-04 11:40:00
KP021844,KW10779,2026-08-05,IN,Mobile,807,35.0,6,111,5.41,2026-08-05 04:42:00
KP021845,KW11067,2026-08-06,US,Tablet,1625,5.0,26,217,11.98,2026-08-06 18:30:00
KP021846,KW10623,2026-08-07,FR,Mobile,13503,45.0,91,1847,4.93,2026-08-07 20:41:00
KP021847,KW11572,2026-08-08,MX,Mobile,832,34.0,17,284,5.99,2026-08-08 08:47:00
KP021848,KW11336,2026-08-09,UK,Mobile,4386,29.0,44,972,4.53,2026-08-09 23:24:00
KP021849,KW11213,2026-08-10,MX,Desktop,11697,33.0,254,5210,4.88,2026-08-10 20:15:00
KP021850,KW10388,2026-08-11,AU,Desktop,1445,24.0,32,552,5.8,2026-08-11 11:43:00
KP021851,KW10158,2026-08-12,IN,Mobile,5626,37.0,82,1956,4.19,2026-08-12 11:25:00
KP021852,KW10697,2026-08-13,UK,Mobile,887,20.0,6,111,5.41,2026-08-13 13:04:00
KP021853,KW11765,2026-08-14,AU,Desktop,7123,13.0,52,681,7.64,2026-08-14 20:25:00
KP021854,KW10465,2026-08-15,US,Mobile,4861,32.0,92,2164,4.25,2026-08-15 19:15:00
KP021855,KW10742,2026-08-16,UK,Desktop,1430,48.0,13,316,4.11,2026-08-16 15:27:00
KP021856,KW11659,2026-08-17,IN,Mobile,4976,43.0,22,657,3.35,2026-08-17 11:59:00
KP021857,KW10006,2026-08-18,JP,Tablet,1746,15.0,49,772,6.35,2026-08-18 02:06:00
KP021858,KW11086,2026-08-19,MX,Mobile,1996,13.0,21,240,8.75,2026-08-19 17:02:00
KP021859,KW11245,2026-08-20,DE,Desktop,3336,9.0,93,914,10.18,2026-08-20 10:24:00
KP021860,KW10804,2026-08-21,DE,Desktop,5807,11.0,22,315,6.98,2026-08-21 11:32:00
KP021861,KW10117,2026-08-22,BR,Mobile,1443,47.0,4,119,3.36,2026-08-22 10:58:00
KP021862,KW11872,2026-08-23,US,Mobile,5728,29.0,69,1233,5.6,2026-08-23 02:12:00
KP021863,KW11456,2026-08-24,MX,Desktop,9706,30.0,214,4589,4.66,2026-08-24 01:43:00
KP021864,KW11164,2026-08-25,FR,Desktop,1822,41.0,13,361,3.6,2026-08-25 13:15:00
KP021865,KW11536,2026-08-26,IN,Desktop,1305,40.0,9,226,3.98,2026-08-26 17:33:00
KP021866,KW11108,2026-08-27,FR,Desktop,910,33.0,20,439,4.56,2026-08-27 18:03:00
KP021867,KW11912,2026-08-28,FR,Mobile,2452,19.0,23,278,8.27,2026-08-28 14:10:00
KP021868,KW11525,2026-08-29,UK,Desktop,5970,31.0,41,970,4.23,2026-08-29 15:17:00
KP021869,KW10028,2026-08-30,US,Desktop,2113,33.0,58,1042,5.57,2026-08-30 16:09:00
KP021870,KW11270,2026-08-31,FR,Desktop,3349,47.0,42,1105,3.8,2026-08-31 16:08:00
KP021871,KW11144,2026-09-01,AU,Mobile,1905,36.0,41,906,4.53,2026-09-01 09:27:00
KP021872,KW11088,2026-09-02,UK,Desktop,11204,26.0,225,4499,5.0,2026-09-02 00:06:00
KP021873,KW11336,2026-09-03,CA,Desktop,1410,19.0,42,549,7.65,2026-09-03 01:47:00
KP021874,KW10068,2026-09-04,DE,Desktop,7860,43.0,140,2904,4.82,2026-09-04 22:32:00
KP021875,KW11376,2026-09-05,UK,Desktop,2609,9.0,54,482,11.2,2026-09-05 21:35:00
KP021876,KW10094,2026-09-06,AU,Mobile,2649,14.0,20,207,9.66,2026-09-06 14:39:00
KP021877,KW10550,2026-09-07,US,Mobile,2364,12.0,94,861,10.92,2026-09-07 22:21:00
KP021878,KW10383,2026-09-08,CA,Mobile,2649,40.0,76,1427,5.33,2026-09-08 21:13:00
KP021879,KW11147,2026-09-09,MX,Mobile,5929,43.0,153,2783,5.5,2026-09-09 19:41:00
KP021880,KW11577,2026-09-10,JP,Desktop,990,32.0,15,317,4.73,2026-09-10 00:35:00
KP021881,KW10565,2026-09-11,MX,Desktop,3022,28.0,10,200,5.0,2026-09-11 06:56:00
KP021882,KW10087,2026-09-12,US,Mobile,7597,22.0,177,2434,7.27,2026-09-12 00:19:00
KP021883,KW10953,2026-09-13,JP,Mobile,1753,40.0,7,163,4.29,2026-09-13 04:02:00
KP021884,KW10082,2026-09-14,US,Desktop,886,40.0,19,413,4.6,2026-09-14 22:37:00
KP021885,KW10630,2026-09-15,BR,Mobile,2526,39.0,67,1184,5.66,2026-09-15 15:56:00
KP021886,KW11236,2026-09-16,IN,Desktop,14433,30.0,229,4490,5.1,2026-09-16 15:21:00
KP021887,KW11490,2026-09-17,JP,Desktop,10696,23.0,331,5750,5.76,2026-09-17 06:35:00
KP021888,KW11539,2026-09-18,BR,Desktop,2574,35.0,15,289,5.19,2026-09-18 10:46:00
KP021889,KW10327,2026-09-19,AU,Mobile,1072,19.0,26,475,5.47,2026-09-19 08:33:00
KP021890,KW10938,2026-09-20,MX,Desktop,2436,20.0,53,844,6.28,2026-09-20 02:17:00
KP021891,KW10007,2026-09-21,CA,Mobile,3147,18.0,38,486,7.82,2026-09-21 06:45:00
KP021892,KW10479,2026-09-22,AU,Desktop,778,44.0,12,339,3.54,2026-09-22 15:04:00
KP021893,KW10146,2026-09-23,UK,Desktop,5052,37.0,77,1870,4.12,2026-09-23 14:21:00
KP021894,KW10785,2026-09-24,CA,Mobile,3969,20.0,43,535,8.04,2026-09-24 23:10:00
KP021895,KW11996,2026-09-25,IN,Mobile,37335,22.0,386,7642,5.05,2026-09-25 08:16:00
KP021896,KW10204,2026-09-26,MX,Desktop,12834,17.0,633,6959,9.1,2026-09-26 20:39:00
KP021897,KW10707,2026-09-27,FR,Desktop,4773,16.0,64,717,8.93,2026-09-27 18:17:00
KP021898,KW11765,2026-09-28,AU,Mobile,1605,41.0,8,211,3.79,2026-09-28 15:20:00
KP021899,KW11958,2026-09-29,FR,Desktop,9868,19.0,168,2417,6.95,2026-09-29 07:01:00
KP021900,KW10273,2026-09-30,US,Mobile,7195,15.0,86,1047,8.21,2026-09-30 17:12:00
KP022144,KW10335,2026-06-01,DE,Mobile,1393,15.0,48,614,7.82,2026-06-01 17:52:00
KP022145,KW11496,2026-06-02,US,Desktop,1471,11.0,35,361,9.7,2026-06-02 05:24:00
KP022146,KW10180,2026-06-03,MX,Desktop,4524,22.0,160,2100,7.62,2026-06-03 01:21:00
KP022147,KW11327,2026-06-04,DE,Mobile,1323,18.0,9,172,5.23,2026-06-04 15:43:00
KP022148,KW11784,2026-06-05,BR,Desktop,3721,9.0,118,1104,10.69,2026-06-05 14:37:00
KP022149,KW11257,2026-06-06,IN,Desktop,3969,47.0,80,1584,5.05,2026-06-06 01:00:00
KP022150,KW10671,2026-06-07,MX,Mobile,1666,29.0,39,732,5.33,2026-06-07 20:24:00
KP022151,KW10473,2026-06-08,CA,Mobile,3955,8.0,94,799,11.76,2026-06-08 18:35:00
KP022152,KW11785,2026-06-09,FR,Desktop,416,33.0,4,67,5.97,2026-06-09 12:48:00
KP022153,KW11162,2026-06-10,JP,Desktop,3237,35.0,27,620,4.35,2026-06-10 15:07:00
KP022154,KW11311,2026-06-11,FR,Desktop,1631,23.0,23,354,6.5,2026-06-11 01:40:00
KP022155,KW10737,2026-06-12,UK,Desktop,2125,37.0,33,727,4.54,2026-06-12 01:02:00
KP022156,KW11427,2026-06-13,DE,Desktop,4754,19.0,38,512,7.42,2026-06-13 17:44:00
KP022157,KW11148,2026-06-14,AU,Mobile,1493,8.0,18,185,9.73,2026-06-14 18:43:00
KP022158,KW11354,2026-06-15,FR,Desktop,1514,9.0,67,659,10.17,2026-06-15 07:08:00
KP022159,KW10059,2026-06-16,CA,Desktop,4043,19.0,17,203,8.37,2026-06-16 02:07:00
KP022160,KW11850,2026-06-17,BR,Desktop,1867,21.0,19,327,5.81,2026-06-17 05:10:00
KP022161,KW10830,2026-06-18,JP,Mobile,1895,39.0,39,824,4.73,2026-06-18 07:00:00
KP022162,KW10720,2026-06-19,JP,Desktop,2589,39.0,36,786,4.58,2026-06-19 14:33:00
KP022163,KW10645,2026-06-20,CA,Desktop,5590,25.0,89,1394,6.38,2026-06-20 15:20:00
KP022164,KW11808,2026-06-21,UK,Desktop,2929,39.0,41,1090,3.76,2026-06-21 17:27:00
KP022165,KW11021,2026-06-22,IN,Desktop,1557,9.0,87,800,10.88,2026-06-22 02:55:00
KP022166,KW11004,2026-06-23,US,Tablet,946,30.0,4,111,3.6,2026-06-23 16:33:00
KP022167,KW11061,2026-06-24,FR,Desktop,11782,27.0,211,4907,4.3,2026-06-24 02:09:00
KP022168,KW10923,2026-06-25,DE,Mobile,1891,11.0,30,374,8.02,2026-06-25 14:24:00
KP022169,KW10532,2026-06-26,JP,Mobile,8272,35.0,20,444,4.5,2026-06-26 09:00:00
KP022170,KW10014,2026-06-27,CA,Desktop,3302,35.0,33,786,4.2,2026-06-27 10:36:00
KP022171,KW11341,2026-06-28,FR,Tablet,2681,32.0,57,1243,4.59,2026-06-28 10:43:00
KP022172,KW10455,2026-06-29,JP,Tablet,1917,21.0,52,1043,4.99,2026-06-29 03:39:00
KP022173,KW10128,2026-06-30,BR,Mobile,2952,22.0,69,947,7.29,2026-06-30 12:06:00
KP022174,KW11412,2026-07-01,US,Desktop,3047,25.0,57,1079,5.28,2026-07-01 05:58:00
KP022175,KW10771,2026-07-02,UK,Mobile,13514,20.0,144,2553,5.64,2026-07-02 14:10:00
KP022176,KW11093,2026-07-03,AU,Desktop,1111,47.0,8,172,4.65,2026-07-03 08:57:00
KP022177,KW11791,2026-07-04,MX,Mobile,1827,16.0,16,257,6.23,2026-07-04 09:58:00
KP022178,KW10587,2026-07-05,US,Mobile,1602,39.0,3,93,3.23,2026-07-05 17:41:00
KP022179,KW11954,2026-07-06,MX,Tablet,4102,5.0,70,404,17.33,2026-07-06 06:38:00
KP022180,KW11594,2026-07-07,DE,Mobile,9605,37.0,43,751,5.73,2026-07-07 20:11:00
KP022181,KW10654,2026-07-08,CA,Desktop,212,38.0,2,57,3.51,2026-07-08 21:29:00
KP022182,KW11441,2026-07-09,UK,Desktop,1506,8.0,55,400,13.75,2026-07-09 07:40:00
KP022183,KW10221,2026-07-10,JP,Desktop,1448,35.0,20,407,4.91,2026-07-10 06:30:00
KP022184,KW11497,2026-07-11,IN,Desktop,6261,12.0,51,508,10.04,2026-07-11 20:06:00
KP022185,KW10257,2026-07-12,BR,Mobile,7375,15.0,211,2931,7.2,2026-07-12 08:10:00
KP022186,KW10295,2026-07-13,US,Desktop,6015,18.0,254,2913,8.72,2026-07-13 12:11:00
KP022187,KW10109,2026-07-14,AU,Desktop,692,44.0,17,346,4.91,2026-07-14 17:35:00
KP022188,KW11670,2026-07-15,FR,Desktop,1897,31.0,20,330,6.06,2026-07-15 09:47:00
KP022189,KW10033,2026-07-16,JP,Mobile,7130,33.0,53,1389,3.82,2026-07-16 13:37:00
KP022190,KW11189,2026-07-17,CA,Mobile,6982,15.0,221,2935,7.53,2026-07-17 08:39:00
KP022191,KW11570,2026-07-18,DE,Desktop,517,19.0,8,168,4.76,2026-07-18 21:36:00
KP022192,KW11521,2026-07-19,UK,Desktop,3675,37.0,48,826,5.81,2026-07-19 20:53:00
KP022193,KW10379,2026-07-20,US,Mobile,10600,22.0,74,1142,6.48,2026-07-20 08:38:00
KP022194,KW10606,2026-07-21,IN,Desktop,2552,29.0,78,1273,6.13,2026-07-21 15:24:00
KP022195,KW10975,2026-07-22,MX,Tablet,32870,40.0,700,12941,5.41,2026-07-22 04:10:00
KP022196,KW10729,2026-07-23,UK,Mobile,4062,37.0,63,1184,5.32,2026-07-23 18:52:00
KP022197,KW11610,2026-07-24,DE,Mobile,2529,25.0,51,736,6.93,2026-07-24 22:48:00
KP022198,KW10349,2026-07-25,BR,Mobile,10422,42.0,150,3846,3.9,2026-07-25 04:20:00
KP022199,KW11146,2026-07-26,MX,Mobile,2203,25.0,28,572,4.9,2026-07-26 00:46:00
KP022200,KW11066,2026-07-27,US,Desktop,4179,38.0,18,461,3.9,2026-07-27 13:03:00
KP022201,KW11880,2026-07-28,UK,Mobile,9236,20.0,274,4594,5.96,2026-07-28 10:47:00
KP022202,KW10310,2026-07-29,US,Mobile,2782,17.0,31,502,6.18,2026-07-29 17:57:00
KP022203,KW11802,2026-07-30,US,Mobile,416,30.0,10,162,6.17,2026-07-30 03:34:00
KP022204,KW11143,2026-07-31,JP,Desktop,5556,34.0,47,1191,3.95,2026-07-31 05:43:00
KP022205,KW11378,2026-08-01,MX,Desktop,821,6.0,7,62,11.29,2026-08-01 09:11:00
KP022206,KW10029,2026-08-02,US,Mobile,2258,45.0,34,1066,3.19,2026-08-02 05:32:00
KP022207,KW11444,2026-08-03,MX,Mobile,718,47.0,13,290,4.48,2026-08-03 14:49:00
KP022208,KW11652,2026-08-04,IN,Desktop,1190,48.0,4,112,3.57,2026-08-04 08:31:00
KP022209,KW10737,2026-08-05,JP,Mobile,2105,48.0,33,946,3.49,2026-08-05 07:13:00
KP022210,KW11853,2026-08-06,BR,Mobile,9287,24.0,248,4827,5.14,2026-08-06 14:27:00
KP022211,KW10263,2026-08-07,FR,Mobile,4638,36.0,57,1534,3.72,2026-08-07 20:26:00
KP022212,KW11897,2026-08-08,FR,Mobile,1221,19.0,37,509,7.27,2026-08-08 16:53:00
KP022213,KW11266,2026-08-09,UK,Mobile,3546,14.0,170,1827,9.3,2026-08-09 20:16:00
KP022214,KW10401,2026-08-10,DE,Desktop,2508,26.0,45,663,6.79,2026-08-10 07:46:00
KP022215,KW10403,2026-08-11,IN,Desktop,2432,44.0,4,144,2.78,2026-08-11 18:17:00
KP022216,KW11123,2026-08-12,UK,Mobile,4657,23.0,113,2304,4.9,2026-08-12 11:32:00
KP022217,KW11618,2026-08-13,JP,Mobile,6260,28.0,78,1797,4.34,2026-08-13 09:32:00
KP022218,KW11616,2026-08-14,IN,Desktop,4502,26.0,158,2456,6.43,2026-08-14 04:13:00
KP022219,KW10024,2026-08-15,DE,Mobile,1292,46.0,6,186,3.23,2026-08-15 00:28:00
KP022220,KW10083,2026-08-16,IN,Mobile,2077,35.0,36,615,5.85,2026-08-16 13:23:00
KP022221,KW11129,2026-08-17,MX,Mobile,11552,36.0,166,2732,6.08,2026-08-17 05:39:00
KP022222,KW11140,2026-08-18,DE,Desktop,8426,46.0,138,2671,5.17,2026-08-18 21:03:00
KP022223,KW10858,2026-08-19,IN,Desktop,3486,31.0,61,1375,4.44,2026-08-19 23:11:00
KP022224,KW11061,2026-08-20,US,Mobile,2661,20.0,85,1153,7.37,2026-08-20 23:40:00
KP022225,KW10630,2026-08-21,CA,Desktop,1681,20.0,11,206,5.34,2026-08-21 12:00:00
KP022226,KW11100,2026-08-22,CA,Desktop,347,12.0,9,134,6.72,2026-08-22 09:12:00
KP022227,KW10728,2026-08-23,BR,Mobile,6778,13.0,373,3517,10.61,2026-08-23 23:17:00
KP022228,KW11350,2026-08-24,MX,Mobile,737,50.0,10,309,3.24,2026-08-24 16:49:00
KP022229,KW11799,2026-08-25,MX,Desktop,3981,40.0,75,1749,4.29,2026-08-25 06:39:00
KP022230,KW11960,2026-08-26,FR,Tablet,1005,31.0,9,208,4.33,2026-08-26 22:25:00
KP022231,KW11929,2026-08-27,JP,Desktop,1605,8.0,59,681,8.66,2026-08-27 18:16:00
KP022232,KW10287,2026-08-28,UK,Desktop,6762,21.0,91,1632,5.58,2026-08-28 05:31:00
KP022233,KW10053,2026-08-29,MX,Mobile,1516,14.0,55,782,7.03,2026-08-29 14:41:00
KP022234,KW11310,2026-08-30,UK,Mobile,4331,7.0,187,1981,9.44,2026-08-30 19:36:00
KP022235,KW10150,2026-08-31,US,Mobile,3073,6.0,137,1284,10.67,2026-08-31 18:46:00
KP022236,KW10774,2026-09-01,IN,Desktop,3979,10.0,154,1863,8.27,2026-09-01 23:00:00
KP022237,KW11184,2026-09-02,MX,Desktop,4645,43.0,116,2295,5.05,2026-09-02 14:07:00
KP022238,KW11228,2026-09-03,IN,Mobile,1496,48.0,12,300,4.0,2026-09-03 02:07:00
KP022239,KW10555,2026-09-04,BR,Desktop,708,3.0,71,344,20.64,2026-09-04 12:31:00
KP022240,KW11505,2026-09-05,JP,Mobile,1471,7.0,59,567,10.41,2026-09-05 07:04:00
KP022241,KW11593,2026-09-06,JP,Mobile,2211,30.0,10,258,3.88,2026-09-06 15:19:00
KP022242,KW11740,2026-09-07,FR,Desktop,847,40.0,9,258,3.49,2026-09-07 06:26:00
KP022243,KW11347,2026-09-08,JP,Mobile,372,5.0,12,108,11.11,2026-09-08 13:37:00
KP022244,KW11718,2026-09-09,UK,Desktop,1755,33.0,7,156,4.49,2026-09-09 19:36:00
KP022245,KW10930,2026-09-10,AU,Tablet,1825,11.0,68,928,7.33,2026-09-10 00:42:00
KP022246,KW10853,2026-09-11,JP,Mobile,1006,10.0,14,116,12.07,2026-09-11 00:57:00
KP022247,KW11809,2026-09-12,FR,Mobile,2845,12.0,76,986,7.71,2026-09-12 06:34:00
KP022248,KW10882,2026-09-13,CA,Mobile,1966,35.0,36,914,3.94,2026-09-13 21:51:00
KP022249,KW10955,2026-09-14,BR,Mobile,14562,50.0,195,5630,3.46,2026-09-14 01:29:00
KP022250,KW10769,2026-09-15,IN,Mobile,1899,15.0,62,821,7.55,2026-09-15 00:52:00
KP022251,KW10237,2026-09-16,JP,Mobile,9496,17.0,214,3846,5.56,2026-09-16 00:40:00
KP022252,KW11576,2026-09-17,DE,Mobile,2626,30.0,42,812,5.17,2026-09-17 15:33:00
KP022253,KW10484,2026-09-18,IN,Desktop,5390,47.0,42,960,4.38,2026-09-18 10:47:00
KP022254,KW11316,2026-09-19,MX,Mobile,5114,47.0,30,848,3.54,2026-09-19 12:02:00
KP022255,KW10256,2026-09-20,DE,Desktop,1108,20.0,5,69,7.25,2026-09-20 17:17:00
KP022256,KW11595,2026-09-21,FR,Desktop,1836,18.0,24,307,7.82,2026-09-21 03:02:00
KP022257,KW11959,2026-09-22,MX,Desktop,281,19.0,1,25,4.0,2026-09-22 20:06:00
KP022258,KW11435,2026-09-23,US,Tablet,1062,27.0,20,319,6.27,2026-09-23 19:19:00
KP022259,KW10466,2026-09-24,JP,Desktop,910,33.0,24,432,5.56,2026-09-24 04:19:00
KP022260,KW10190,2026-09-25,FR,Mobile,3554,21.0,73,1431,5.1,2026-09-25 22:47:00
KP022261,KW10026,2026-09-26,US,Desktop,18296,39.0,314,6656,4.72,2026-09-26 10:42:00
KP022262,KW11999,2026-09-27,US,Mobile,1418,29.0,26,487,5.34,2026-09-27 06:07:00
KP022263,KW11773,2026-09-28,DE,Mobile,3440,8.0,98,782,12.53,2026-09-28 19:06:00
KP022264,KW10143,2026-09-29,UK,Desktop,3590,31.0,35,875,4.0,2026-09-29 04:02:00
KP022265,KW10016,2026-09-30,UK,Tablet,5171,42.0,61,1221,5.0,2026-09-30 21:16:00
KP022509,KW10199,2026-06-01,MX,Tablet,721,42.0,7,167,4.19,2026-06-01 15:41:00
KP022510,KW10391,2026-06-02,JP,Desktop,5175,13.0,132,1367,9.66,2026-06-02 12:42:00
KP022511,KW10043,2026-06-03,DE,Mobile,8725,37.0,29,735,3.95,2026-06-03 23:42:00
KP022512,KW11382,2026-06-04,IN,Desktop,951,6.0,20,200,10.0,2026-06-04 21:34:00
KP022513,KW11476,2026-06-05,US,Desktop,10198,47.0,101,2377,4.25,2026-06-05 23:48:00
KP022514,KW10523,2026-06-06,AU,Mobile,1618,27.0,42,835,5.03,2026-06-06 20:12:00
KP022515,KW10526,2026-06-07,MX,Desktop,1239,14.0,47,661,7.11,2026-06-07 03:19:00
KP022516,KW10519,2026-06-08,BR,Desktop,3494,31.0,74,1576,4.7,2026-06-08 08:54:00
KP022517,KW11628,2026-06-09,CA,Desktop,672,13.0,9,123,7.32,2026-06-09 17:14:00
KP022518,KW11757,2026-06-10,US,Desktop,10267,47.0,162,3353,4.83,2026-06-10 13:34:00
KP022519,KW10439,2026-06-11,FR,Mobile,8839,43.0,127,2645,4.8,2026-06-11 05:27:00
KP022520,KW10414,2026-06-12,JP,Mobile,3599,24.0,108,1665,6.49,2026-06-12 22:47:00
KP022521,KW11015,2026-06-13,IN,Mobile,1062,38.0,8,171,4.68,2026-06-13 22:34:00
KP022522,KW11131,2026-06-14,IN,Mobile,11214,28.0,409,6076,6.73,2026-06-14 11:10:00
KP022523,KW11146,2026-06-15,AU,Desktop,4733,46.0,21,609,3.45,2026-06-15 01:20:00
KP022524,KW11227,2026-06-16,US,Mobile,23330,15.0,692,10548,6.56,2026-06-16 12:31:00
KP022525,KW11064,2026-06-17,JP,Mobile,382,23.0,3,74,4.05,2026-06-17 20:49:00
KP022526,KW10718,2026-06-18,US,Mobile,7556,4.0,336,2547,13.19,2026-06-18 22:39:00
KP022527,KW11764,2026-06-19,DE,Mobile,5951,4.0,582,3220,18.07,2026-06-19 12:59:00
KP022528,KW11347,2026-06-20,IN,Desktop,1234,33.0,30,564,5.32,2026-06-20 10:48:00
KP022529,KW11536,2026-06-21,FR,Desktop,1772,40.0,7,142,4.93,2026-06-21 17:21:00
KP022530,KW11611,2026-06-22,BR,Mobile,5779,13.0,66,921,7.17,2026-06-22 00:39:00
KP022531,KW10683,2026-06-23,IN,Desktop,1747,42.0,19,355,5.35,2026-06-23 07:45:00
KP022532,KW11402,2026-06-24,BR,Desktop,3982,6.0,121,1154,10.49,2026-06-24 02:22:00
KP022533,KW10664,2026-06-25,MX,Desktop,2607,1.0,150,519,28.9,2026-06-25 18:57:00
KP022534,KW10632,2026-06-26,US,Mobile,7599,27.0,80,1195,6.69,2026-06-26 14:19:00
KP022535,KW11817,2026-06-27,UK,Mobile,1848,33.0,36,950,3.79,2026-06-27 13:02:00
KP022536,KW11218,2026-06-28,DE,Mobile,1993,35.0,39,765,5.1,2026-06-28 14:13:00
KP022537,KW11814,2026-06-29,AU,Desktop,4056,45.0,66,1605,4.11,2026-06-29 13:00:00
KP022538,KW10014,2026-06-30,CA,Mobile,1654,22.0,39,777,5.02,2026-06-30 09:59:00
KP022539,KW11148,2026-07-01,MX,Desktop,4682,37.0,11,237,4.64,2026-07-01 01:03:00
KP022540,KW11261,2026-07-02,FR,Mobile,7735,27.0,108,2466,4.38,2026-07-02 01:53:00
KP022541,KW11588,2026-07-03,AU,Mobile,6941,10.0,134,1121,11.95,2026-07-03 22:11:00
KP022542,KW11784,2026-07-04,JP,Desktop,1369,17.0,9,107,8.41,2026-07-04 09:49:00
KP022543,KW11290,2026-07-05,JP,Mobile,10579,2.0,224,1137,19.7,2026-07-05 01:57:00
KP022544,KW10587,2026-07-06,DE,Tablet,1607,3.0,34,192,17.71,2026-07-06 12:44:00
KP022545,KW10418,2026-07-07,UK,Desktop,7789,4.0,396,2637,15.02,2026-07-07 00:27:00
KP022546,KW10816,2026-07-08,MX,Desktop,15091,28.0,292,5308,5.5,2026-07-08 11:12:00
KP022547,KW11602,2026-07-09,MX,Desktop,750,7.0,53,394,13.45,2026-07-09 12:34:00
KP022548,KW11249,2026-07-10,JP,Desktop,3109,1.0,189,542,34.87,2026-07-10 16:00:00
KP022549,KW11228,2026-07-11,FR,Desktop,4870,11.0,190,2206,8.61,2026-07-11 21:22:00
KP022550,KW11479,2026-07-12,BR,Mobile,3014,36.0,9,176,5.11,2026-07-12 07:42:00
KP022551,KW11170,2026-07-13,BR,Desktop,1578,2.0,35,139,25.18,2026-07-13 19:31:00
KP022552,KW11588,2026-07-14,US,Mobile,1554,1.0,273,839,32.54,2026-07-14 19:44:00
KP022553,KW11468,2026-07-15,UK,Mobile,2318,9.0,100,982,10.18,2026-07-15 03:15:00
KP022554,KW10179,2026-07-16,DE,Mobile,14780,9.0,181,1576,11.48,2026-07-16 17:24:00
KP022555,KW10341,2026-07-17,UK,Mobile,1235,32.0,24,587,4.09,2026-07-17 03:04:00
KP022556,KW10706,2026-07-18,JP,Desktop,724,3.0,48,212,22.64,2026-07-18 12:58:00
KP022557,KW10961,2026-07-19,UK,Mobile,4503,27.0,106,1588,6.68,2026-07-19 05:17:00
KP022558,KW11262,2026-07-20,US,Mobile,5049,36.0,126,2094,6.02,2026-07-20 08:30:00
KP022559,KW10523,2026-07-21,IN,Desktop,471,16.0,4,54,7.41,2026-07-21 13:12:00
KP022560,KW11870,2026-07-22,AU,Mobile,14087,1.0,1766,6722,26.27,2026-07-22 02:55:00
KP022561,KW11993,2026-07-23,JP,Mobile,4792,32.0,81,2068,3.92,2026-07-23 22:23:00
KP022562,KW10961,2026-07-24,BR,Desktop,1633,33.0,8,198,4.04,2026-07-24 21:53:00
KP022563,KW11727,2026-07-25,UK,Mobile,9537,35.0,180,4820,3.73,2026-07-25 14:59:00
KP022564,KW11578,2026-07-26,UK,Desktop,669,29.0,19,293,6.48,2026-07-26 11:38:00
KP022565,KW10315,2026-07-27,IN,Mobile,1584,43.0,25,494,5.06,2026-07-27 04:23:00
KP022566,KW10177,2026-07-28,UK,Desktop,701,25.0,17,372,4.57,2026-07-28 18:47:00
KP022567,KW11902,2026-07-29,MX,Desktop,2267,35.0,19,316,6.01,2026-07-29 10:23:00
KP022568,KW10607,2026-07-30,AU,Desktop,2419,49.0,14,298,4.7,2026-07-30 14:02:00
KP022569,KW10652,2026-07-31,IN,Mobile,3042,48.0,29,617,4.7,2026-07-31 02:00:00
KP022570,KW11567,2026-08-01,FR,Mobile,255,24.0,6,109,5.5,2026-08-01 02:11:00
KP022571,KW10074,2026-08-02,IN,Mobile,937,43.0,16,353,4.53,2026-08-02 23:13:00
KP022572,KW10654,2026-08-03,IN,Desktop,2776,10.0,46,388,11.86,2026-08-03 19:29:00
KP022573,KW10527,2026-08-04,BR,Desktop,5238,30.0,133,2193,6.06,2026-08-04 04:42:00
KP022574,KW10598,2026-08-05,CA,Desktop,1762,3.0,112,536,20.9,2026-08-05 13:27:00
KP022575,KW10784,2026-08-06,UK,Mobile,9387,37.0,208,3907,5.32,2026-08-06 23:13:00
KP022576,KW10214,2026-08-07,AU,Desktop,5877,13.0,283,2755,10.27,2026-08-07 09:44:00
KP022577,KW10568,2026-08-08,AU,Mobile,5844,27.0,112,2167,5.17,2026-08-08 22:42:00
KP022578,KW10670,2026-08-09,AU,Mobile,6318,49.0,93,2250,4.13,2026-08-09 14:33:00
KP022579,KW11881,2026-08-10,DE,Desktop,10787,19.0,283,4332,6.53,2026-08-10 00:17:00
KP022580,KW10020,2026-08-11,AU,Mobile,2943,38.0,58,1242,4.67,2026-08-11 20:54:00
KP022581,KW10219,2026-08-12,DE,Desktop,7544,29.0,175,3393,5.16,2026-08-12 19:58:00
KP022582,KW10312,2026-08-13,FR,Desktop,958,27.0,10,170,5.88,2026-08-13 21:27:00
KP022583,KW11119,2026-08-14,MX,Mobile,1604,26.0,16,236,6.78,2026-08-14 05:25:00
KP022584,KW10715,2026-08-15,MX,Desktop,1343,48.0,10,287,3.48,2026-08-15 07:57:00
KP022585,KW11955,2026-08-16,FR,Desktop,8671,40.0,141,3608,3.91,2026-08-16 23:01:00
KP022586,KW11259,2026-08-17,UK,Desktop,5592,22.0,95,1345,7.06,2026-08-17 19:21:00
KP022587,KW10897,2026-08-18,AU,Mobile,346,48.0,5,187,2.67,2026-08-18 03:34:00
KP022588,KW11194,2026-08-19,MX,Desktop,3346,27.0,29,542,5.35,2026-08-19 13:51:00
KP022589,KW10930,2026-08-20,UK,Desktop,8036,46.0,130,2519,5.16,2026-08-20 16:52:00
KP022590,KW10052,2026-08-21,DE,Desktop,2549,6.0,66,671,9.84,2026-08-21 12:43:00
KP022591,KW10633,2026-08-22,UK,Mobile,981,49.0,23,528,4.36,2026-08-22 02:18:00
KP022592,KW11984,2026-08-23,CA,Desktop,6661,14.0,153,1503,10.18,2026-08-23 20:35:00
KP022593,KW10747,2026-08-24,UK,Desktop,3969,12.0,61,569,10.72,2026-08-24 03:24:00
KP022594,KW10078,2026-08-25,BR,Mobile,2718,19.0,69,1013,6.81,2026-08-25 22:51:00
KP022595,KW10744,2026-08-26,US,Desktop,21895,32.0,706,11266,6.27,2026-08-26 03:09:00
KP022596,KW10611,2026-08-27,US,Mobile,268,47.0,1,29,3.45,2026-08-27 23:36:00
KP022597,KW10351,2026-08-28,FR,Mobile,2553,35.0,35,588,5.95,2026-08-28 19:18:00
KP022598,KW11769,2026-08-29,FR,Desktop,6589,3.0,667,3144,21.22,2026-08-29 09:36:00
KP022599,KW10241,2026-08-30,FR,Mobile,10113,20.0,65,785,8.28,2026-08-30 08:05:00
KP022600,KW11526,2026-08-31,UK,Desktop,1256,8.0,15,169,8.88,2026-08-31 08:09:00
KP022601,KW11939,2026-09-01,MX,Desktop,2621,1.0,112,320,35.0,2026-09-01 07:31:00
KP022602,KW11113,2026-09-02,AU,Mobile,6595,29.0,170,2547,6.67,2026-09-02 05:03:00
KP022603,KW11662,2026-09-03,CA,Mobile,20645,37.0,256,5011,5.11,2026-09-03 06:45:00
KP022604,KW10982,2026-09-04,US,Mobile,6475,12.0,148,1788,8.28,2026-09-04 01:44:00
KP022605,KW11636,2026-09-05,DE,Mobile,3828,48.0,45,1221,3.69,2026-09-05 00:36:00
KP022606,KW11885,2026-09-06,IN,Mobile,3639,28.0,26,497,5.23,2026-09-06 06:24:00
KP022607,KW11489,2026-09-07,BR,Mobile,2750,47.0,9,226,3.98,2026-09-07 04:47:00
KP022608,KW10130,2026-09-08,AU,Desktop,1402,12.0,45,512,8.79,2026-09-08 14:56:00
KP022609,KW11473,2026-09-09,UK,Mobile,11834,34.0,330,6249,5.28,2026-09-09 07:14:00
KP022610,KW11827,2026-09-10,IN,Desktop,3487,37.0,15,310,4.84,2026-09-10 15:13:00
KP022611,KW10339,2026-09-11,JP,Desktop,5731,12.0,152,2172,7.0,2026-09-11 18:51:00
KP022612,KW10666,2026-09-12,UK,Mobile,626,37.0,12,237,5.06,2026-09-12 12:58:00
KP022613,KW10526,2026-09-13,IN,Desktop,758,18.0,8,106,7.55,2026-09-13 08:21:00
KP022614,KW10115,2026-09-14,BR,Mobile,7809,22.0,136,1967,6.91,2026-09-14 15:38:00
KP022615,KW11642,2026-09-15,JP,Desktop,5788,12.0,80,771,10.38,2026-09-15 05:54:00
KP022616,KW10589,2026-09-16,JP,Desktop,5074,4.0,108,676,15.98,2026-09-16 18:43:00
KP022617,KW10734,2026-09-17,IN,Mobile,1155,48.0,14,347,4.03,2026-09-17 04:20:00
KP022618,KW10039,2026-09-18,DE,Desktop,1475,5.0,11,77,14.29,2026-09-18 08:57:00
KP022619,KW11700,2026-09-19,AU,Mobile,2503,45.0,61,1157,5.27,2026-09-19 01:42:00
KP022620,KW10162,2026-09-20,IN,Mobile,11936,44.0,134,3698,3.62,2026-09-20 11:32:00
KP022621,KW11807,2026-09-21,MX,Mobile,1081,33.0,22,525,4.19,2026-09-21 08:50:00
KP022622,KW11913,2026-09-22,FR,Mobile,1948,44.0,20,444,4.5,2026-09-22 16:04:00
KP022623,KW11493,2026-09-23,BR,Desktop,11202,41.0,121,3124,3.87,2026-09-23 20:16:00
KP022624,KW10467,2026-09-24,MX,Desktop,2047,23.0,40,530,7.55,2026-09-24 17:03:00
KP022625,KW11901,2026-09-25,AU,Mobile,14403,17.0,538,6031,8.92,2026-09-25 10:14:00
KP022626,KW10640,2026-09-26,FR,Desktop,2210,37.0,54,1195,4.52,2026-09-26 18:40:00
KP022627,KW10186,2026-09-27,DE,Mobile,3574,34.0,34,681,4.99,2026-09-27 07:31:00
KP022628,KW11420,2026-09-28,CA,Desktop,1097,27.0,19,311,6.11,2026-09-28 12:38:00
KP022629,KW11940,2026-09-29,BR,Desktop,2306,41.0,51,1125,4.53,2026-09-29 08:34:00
KP022630,KW10826,2026-09-30,CA,Desktop,415,44.0,0,26,0.0,2026-09-30 12:39:00
KP022874,KW10465,2026-06-01,MX,Desktop,4728,30.0,57,943,6.04,2026-06-01 13:31:00
KP022875,KW10076,2026-06-02,CA,Desktop,810,23.0,22,308,7.14,2026-06-02 13:52:00
KP022876,KW10350,2026-06-03,AU,Desktop,1890,8.0,45,480,9.38,2026-06-03 15:22:00
KP022877,KW10248,2026-06-04,US,Desktop,3700,2.0,447,1672,26.73,2026-06-04 16:40:00
KP022878,KW10412,2026-06-05,JP,Mobile,2009,18.0,62,855,7.25,2026-06-05 16:05:00
KP022879,KW11269,2026-06-06,AU,Mobile,1278,42.0,26,556,4.68,2026-06-06 19:20:00
KP022880,KW11988,2026-06-07,AU,Mobile,17358,6.0,489,3253,15.03,2026-06-07 15:37:00
KP022881,KW11015,2026-06-08,JP,Desktop,3051,24.0,97,1462,6.63,2026-06-08 01:21:00
KP022882,KW10781,2026-06-09,US,Desktop,2475,14.0,25,265,9.43,2026-06-09 01:31:00
KP022883,KW11635,2026-06-10,CA,Desktop,7808,2.0,464,1731,26.81,2026-06-10 15:39:00
KP022884,KW11536,2026-06-11,JP,Mobile,5358,44.0,54,1486,3.63,2026-06-11 07:56:00
KP022885,KW10631,2026-06-12,AU,Desktop,2737,46.0,45,1295,3.47,2026-06-12 01:55:00
KP022886,KW10777,2026-06-13,AU,Tablet,2798,7.0,194,1527,12.7,2026-06-13 19:06:00
KP022887,KW11494,2026-06-14,FR,Mobile,357,38.0,6,168,3.57,2026-06-14 08:50:00
KP022888,KW11744,2026-06-15,US,Mobile,3628,47.0,66,1797,3.67,2026-06-15 04:04:00
KP022889,KW10493,2026-06-16,IN,Desktop,6915,1.0,805,2300,35.0,2026-06-16 05:20:00
KP022890,KW11354,2026-06-17,JP,Mobile,2319,46.0,44,1247,3.53,2026-06-17 00:42:00
KP022891,KW10321,2026-06-18,AU,Desktop,1610,15.0,31,395,7.85,2026-06-18 06:20:00
KP022892,KW11644,2026-06-19,UK,Mobile,5743,8.0,232,1979,11.72,2026-06-19 20:42:00
KP022893,KW10063,2026-06-20,US,Mobile,1104,38.0,9,222,4.05,2026-06-20 06:30:00
KP022894,KW10245,2026-06-21,DE,Desktop,14564,12.0,279,2926,9.54,2026-06-21 00:30:00
KP022895,KW10558,2026-06-22,FR,Mobile,2548,32.0,9,150,6.0,2026-06-22 19:06:00
KP022896,KW10276,2026-06-23,US,Mobile,1957,9.0,32,351,9.12,2026-06-23 13:51:00
KP022897,KW10748,2026-06-24,DE,Desktop,1221,4.0,58,435,13.33,2026-06-24 17:08:00
KP022898,KW11036,2026-06-25,MX,Tablet,2944,21.0,80,1144,6.99,2026-06-25 08:09:00
KP022899,KW11963,2026-06-26,BR,Tablet,3385,8.0,146,1193,12.24,2026-06-26 01:13:00
KP022900,KW10598,2026-06-27,IN,Desktop,3121,47.0,47,1484,3.17,2026-06-27 17:03:00
KP022901,KW10686,2026-06-28,AU,Desktop,1977,29.0,61,946,6.45,2026-06-28 01:25:00
KP022902,KW11592,2026-06-29,AU,Mobile,10372,2.0,581,2490,23.33,2026-06-29 06:47:00
KP022903,KW10164,2026-06-30,CA,Desktop,11780,21.0,261,4609,5.66,2026-06-30 05:42:00
KP022904,KW11539,2026-07-01,AU,Desktop,610,10.0,17,160,10.62,2026-07-01 06:07:00
KP022905,KW10087,2026-07-02,US,Mobile,1241,36.0,9,214,4.21,2026-07-02 05:52:00
KP022906,KW11890,2026-07-03,UK,Desktop,17830,1.0,3368,9625,34.99,2026-07-03 11:10:00
KP022907,KW10914,2026-07-04,BR,Mobile,5668,36.0,158,2937,5.38,2026-07-04 13:40:00
KP022908,KW10983,2026-07-05,DE,Mobile,3023,11.0,55,632,8.7,2026-07-05 15:21:00
KP022909,KW10067,2026-07-06,IN,Desktop,4899,27.0,32,583,5.49,2026-07-06 00:37:00
KP022910,KW10282,2026-07-07,FR,Desktop,12364,37.0,72,1527,4.72,2026-07-07 14:03:00
KP022911,KW11020,2026-07-08,CA,Tablet,2219,39.0,22,519,4.24,2026-07-08 22:59:00
KP022912,KW11545,2026-07-09,DE,Desktop,2612,49.0,18,462,3.9,2026-07-09 07:25:00
KP022913,KW11904,2026-07-10,FR,Mobile,5087,20.0,40,776,5.15,2026-07-10 18:11:00
KP022914,KW11991,2026-07-11,IN,Mobile,4372,7.0,197,2040,9.66,2026-07-11 17:01:00
KP022915,KW11621,2026-07-12,BR,Mobile,3070,42.0,50,1484,3.37,2026-07-12 17:27:00
KP022916,KW11422,2026-07-13,FR,Desktop,8367,39.0,66,1452,4.55,2026-07-13 16:23:00
KP022917,KW10451,2026-07-14,BR,Mobile,3236,33.0,19,396,4.8,2026-07-14 05:08:00
KP022918,KW10834,2026-07-15,FR,Desktop,4007,18.0,90,1368,6.58,2026-07-15 17:48:00
KP022919,KW11093,2026-07-16,UK,Desktop,1220,42.0,13,298,4.36,2026-07-16 18:28:00
KP022920,KW10481,2026-07-17,DE,Mobile,7717,16.0,140,1672,8.37,2026-07-17 08:32:00
KP022921,KW11588,2026-07-18,UK,Tablet,3575,29.0,41,995,4.12,2026-07-18 21:05:00
KP022922,KW10435,2026-07-19,AU,Desktop,2905,18.0,24,297,8.08,2026-07-19 20:33:00
KP022923,KW11163,2026-07-20,UK,Mobile,7524,21.0,176,2569,6.85,2026-07-20 12:13:00
KP022924,KW10321,2026-07-21,BR,Desktop,2228,24.0,58,916,6.33,2026-07-21 08:09:00
KP022925,KW10704,2026-07-22,FR,Mobile,1263,24.0,31,611,5.07,2026-07-22 17:19:00
KP022926,KW10453,2026-07-23,MX,Mobile,8874,30.0,65,1055,6.16,2026-07-23 09:14:00
KP022927,KW10154,2026-07-24,FR,Mobile,9189,22.0,239,3251,7.35,2026-07-24 17:52:00
KP022928,KW10092,2026-07-25,IN,Mobile,487,17.0,21,252,8.33,2026-07-25 21:25:00
KP022929,KW11295,2026-07-26,DE,Mobile,2276,9.0,78,913,8.54,2026-07-26 08:07:00
KP022930,KW11029,2026-07-27,BR,Desktop,7615,15.0,42,698,6.02,2026-07-27 12:03:00
KP022931,KW11538,2026-07-28,FR,Desktop,2080,21.0,51,949,5.37,2026-07-28 09:11:00
KP022932,KW10833,2026-07-29,DE,Desktop,453,35.0,8,167,4.79,2026-07-29 10:13:00
KP022933,KW10303,2026-07-30,UK,Desktop,9152,26.0,80,1685,4.75,2026-07-30 20:50:00
KP022934,KW11267,2026-07-31,US,Mobile,1859,10.0,64,830,7.71,2026-07-31 20:30:00
KP022935,KW10877,2026-08-01,UK,Desktop,4227,29.0,62,1285,4.82,2026-08-01 09:05:00
KP022936,KW10613,2026-08-02,MX,Mobile,1627,49.0,11,259,4.25,2026-08-02 12:40:00
KP022937,KW11028,2026-08-03,UK,Desktop,4569,26.0,99,1421,6.97,2026-08-03 05:27:00
KP022938,KW11704,2026-08-04,CA,Desktop,9825,7.0,411,4261,9.65,2026-08-04 12:41:00
KP022939,KW11739,2026-08-05,IN,Mobile,726,14.0,34,343,9.91,2026-08-05 06:15:00
KP022940,KW11822,2026-08-06,BR,Desktop,1392,41.0,26,701,3.71,2026-08-06 20:31:00
KP022941,KW11107,2026-08-07,US,Mobile,15206,7.0,310,2177,14.24,2026-08-07 15:51:00
KP022942,KW11512,2026-08-08,AU,Mobile,8777,38.0,103,1977,5.21,2026-08-08 09:00:00
KP022943,KW11608,2026-08-09,FR,Desktop,1245,46.0,17,359,4.74,2026-08-09 11:44:00
KP022944,KW11618,2026-08-10,BR,Desktop,6984,38.0,41,1104,3.71,2026-08-10 10:07:00
KP022945,KW10582,2026-08-11,JP,Mobile,3357,32.0,31,503,6.16,2026-08-11 01:33:00
KP022946,KW11730,2026-08-12,UK,Mobile,1836,36.0,25,490,5.1,2026-08-12 01:55:00
KP022947,KW11845,2026-08-13,IN,Mobile,1201,47.0,8,207,3.86,2026-08-13 16:46:00
KP022948,KW11770,2026-08-14,JP,Desktop,8300,44.0,134,3049,4.39,2026-08-14 21:42:00
KP022949,KW11344,2026-08-15,MX,Mobile,8629,26.0,26,596,4.36,2026-08-15 00:58:00
KP022950,KW10582,2026-08-16,UK,Desktop,4818,27.0,49,890,5.51,2026-08-16 02:09:00
KP022951,KW11834,2026-08-17,US,Desktop,2294,9.0,92,1045,8.8,2026-08-17 00:27:00
KP022952,KW11910,2026-08-18,MX,Mobile,3717,18.0,63,1056,5.97,2026-08-18 08:39:00
KP022953,KW11812,2026-08-19,CA,Mobile,2406,34.0,28,524,5.34,2026-08-19 05:09:00
KP022954,KW10839,2026-08-20,FR,Mobile,1720,34.0,40,917,4.36,2026-08-20 07:37:00
KP022955,KW10452,2026-08-21,DE,Desktop,2350,47.0,16,371,4.31,2026-08-21 19:26:00
KP022956,KW11441,2026-08-22,FR,Desktop,5997,38.0,28,738,3.79,2026-08-22 18:56:00
KP022957,KW11216,2026-08-23,BR,Desktop,1811,46.0,31,800,3.88,2026-08-23 14:43:00
KP022958,KW10877,2026-08-24,DE,Mobile,3879,28.0,48,693,6.93,2026-08-24 18:04:00
KP022959,KW11308,2026-08-25,UK,Mobile,17386,2.0,462,2234,20.68,2026-08-25 13:12:00
KP022960,KW11711,2026-08-26,UK,Desktop,4897,39.0,20,420,4.76,2026-08-26 09:41:00
KP022961,KW10010,2026-08-27,FR,Mobile,1334,48.0,19,516,3.68,2026-08-27 00:46:00
KP022962,KW10162,2026-08-28,IN,Mobile,9515,13.0,191,1912,9.99,2026-08-28 13:01:00
KP022963,KW10621,2026-08-29,MX,Mobile,1110,12.0,22,249,8.84,2026-08-29 11:29:00
KP022964,KW10856,2026-08-30,DE,Desktop,2885,49.0,6,219,2.74,2026-08-30 23:42:00
KP022965,KW10215,2026-08-31,AU,Mobile,3981,37.0,25,426,5.87,2026-08-31 21:32:00
KP022966,KW11232,2026-09-01,UK,Desktop,992,20.0,21,432,4.86,2026-09-01 18:10:00
KP022967,KW10425,2026-09-02,US,Mobile,2532,42.0,44,1129,3.9,2026-09-02 06:53:00
KP022968,KW11057,2026-09-03,MX,Desktop,1659,43.0,18,361,4.99,2026-09-03 20:59:00
KP022969,KW10508,2026-09-04,UK,Desktop,2563,2.0,122,455,26.81,2026-09-04 15:26:00
KP022970,KW11031,2026-09-05,MX,Mobile,1369,7.0,13,125,10.4,2026-09-05 22:37:00
KP022971,KW11482,2026-09-06,IN,Desktop,6342,14.0,170,1676,10.14,2026-09-06 03:36:00
KP022972,KW11687,2026-09-07,UK,Mobile,3130,42.0,43,1001,4.3,2026-09-07 13:44:00
KP022973,KW11687,2026-09-08,MX,Desktop,14304,32.0,69,1303,5.3,2026-09-08 11:32:00
KP022974,KW11091,2026-09-09,CA,Desktop,3994,7.0,34,280,12.14,2026-09-09 06:46:00
KP022975,KW11140,2026-09-10,CA,Desktop,3085,4.0,33,164,20.12,2026-09-10 08:45:00
KP022976,KW10308,2026-09-11,AU,Mobile,4366,39.0,44,865,5.09,2026-09-11 04:42:00
KP022977,KW11404,2026-09-12,JP,Mobile,7266,28.0,198,3780,5.24,2026-09-12 00:40:00
KP022978,KW11463,2026-09-13,AU,Mobile,3501,32.0,86,1494,5.76,2026-09-13 03:50:00
KP022979,KW10561,2026-09-14,FR,Mobile,2457,6.0,32,282,11.35,2026-09-14 04:54:00
KP022980,KW10761,2026-09-15,UK,Desktop,1394,44.0,27,751,3.6,2026-09-15 00:07:00
KP022981,KW10496,2026-09-16,UK,Tablet,11409,33.0,122,2358,5.17,2026-09-16 04:22:00
KP022982,KW10328,2026-09-17,CA,Mobile,7059,50.0,116,3127,3.71,2026-09-17 20:04:00
KP022983,KW11652,2026-09-18,JP,Mobile,4993,12.0,61,572,10.66,2026-09-18 17:04:00
KP022984,KW10482,2026-09-19,JP,Mobile,898,33.0,14,247,5.67,2026-09-19 05:57:00
KP022985,KW10762,2026-09-20,MX,Desktop,2814,49.0,48,1514,3.17,2026-09-20 12:40:00
KP022986,KW10932,2026-09-21,UK,Desktop,638,18.0,18,263,6.84,2026-09-21 04:16:00
KP022987,KW11276,2026-09-22,DE,Desktop,1534,11.0,65,615,10.57,2026-09-22 10:29:00
KP022988,KW10349,2026-09-23,BR,Mobile,9252,25.0,275,4519,6.09,2026-09-23 22:54:00
KP022989,KW11247,2026-09-24,BR,Mobile,9904,4.0,120,735,16.33,2026-09-24 13:02:00
KP022990,KW11347,2026-09-25,JP,Mobile,7528,49.0,49,1520,3.22,2026-09-25 11:08:00
KP022991,KW11304,2026-09-26,JP,Mobile,1432,48.0,28,778,3.6,2026-09-26 11:09:00
KP022992,KW11113,2026-09-27,MX,Tablet,11316,36.0,213,4637,4.59,2026-09-27 20:03:00
KP022993,KW11747,2026-09-28,CA,Mobile,2255,30.0,34,780,4.36,2026-09-28 11:14:00
KP022994,KW11052,2026-09-29,AU,Desktop,4888,37.0,73,1486,4.91,2026-09-29 14:05:00
KP022995,KW11469,2026-09-30,AU,Tablet,2021,35.0,23,448,5.13,2026-09-30 21:04:00
KP023239,KW10747,2026-06-01,DE,Desktop,4455,40.0,53,1347,3.93,2026-06-01 21:53:00
KP023240,KW10307,2026-06-02,DE,Mobile,2001,1.0,384,1098,34.97,2026-06-02 12:53:00
KP023241,KW10472,2026-06-03,IN,Mobile,326,31.0,7,176,3.98,2026-06-03 06:55:00
KP023242,KW10556,2026-06-04,MX,Tablet,5995,7.0,49,344,14.24,2026-06-04 05:01:00
KP023243,KW11563,2026-06-05,CA,Desktop,5451,3.0,174,854,20.37,2026-06-05 11:33:00
KP023244,KW11434,2026-06-06,CA,Mobile,1782,50.0,23,476,4.83,2026-06-06 03:58:00
KP023245,KW11451,2026-06-07,UK,Desktop,9083,5.0,114,767,14.86,2026-06-07 00:38:00
KP023246,KW11933,2026-06-08,FR,Desktop,2829,35.0,74,1215,6.09,2026-06-08 01:27:00
KP023247,KW10686,2026-06-09,IN,Desktop,19988,28.0,361,6040,5.98,2026-06-09 00:22:00
KP023248,KW11640,2026-06-10,IN,Desktop,2903,47.0,26,576,4.51,2026-06-10 10:20:00
KP023249,KW11186,2026-06-11,DE,Mobile,251,7.0,8,91,8.79,2026-06-11 16:06:00
KP023250,KW11433,2026-06-12,AU,Desktop,3533,31.0,102,1672,6.1,2026-06-12 18:53:00
KP023251,KW11848,2026-06-13,US,Mobile,9224,10.0,190,2120,8.96,2026-06-13 14:19:00
KP023252,KW10877,2026-06-14,AU,Mobile,1239,35.0,22,570,3.86,2026-06-14 10:43:00
KP023253,KW11774,2026-06-15,UK,Desktop,2114,37.0,33,688,4.8,2026-06-15 14:43:00
KP023254,KW11443,2026-06-16,BR,Mobile,9738,32.0,40,825,4.85,2026-06-16 12:36:00
KP023255,KW10429,2026-06-17,US,Desktop,4776,37.0,98,2490,3.94,2026-06-17 12:57:00
KP023256,KW11658,2026-06-18,US,Desktop,2781,6.0,132,1288,10.25,2026-06-18 13:34:00
KP023257,KW10866,2026-06-19,DE,Mobile,2393,17.0,17,272,6.25,2026-06-19 14:10:00
KP023258,KW10082,2026-06-20,DE,Tablet,1039,8.0,20,164,12.2,2026-06-20 02:00:00
KP023259,KW10653,2026-06-21,FR,Mobile,525,8.0,14,115,12.17,2026-06-21 21:25:00
KP023260,KW10218,2026-06-22,US,Desktop,3376,9.0,115,972,11.83,2026-06-22 01:08:00
KP023261,KW11693,2026-06-23,UK,Mobile,3047,42.0,15,277,5.42,2026-06-23 23:19:00
KP023262,KW11257,2026-06-24,US,Desktop,2091,20.0,10,208,4.81,2026-06-24 07:01:00
KP023263,KW10404,2026-06-25,BR,Desktop,7081,36.0,131,2644,4.95,2026-06-25 20:33:00
KP023264,KW10257,2026-06-26,CA,Desktop,9315,23.0,168,2261,7.43,2026-06-26 04:24:00
KP023265,KW10565,2026-06-27,CA,Mobile,11241,43.0,35,943,3.71,2026-06-27 20:55:00
KP023266,KW11024,2026-06-28,US,Mobile,1220,45.0,5,160,3.12,2026-06-28 09:10:00
KP023267,KW11784,2026-06-29,IN,Desktop,2608,27.0,36,612,5.88,2026-06-29 07:58:00
KP023268,KW11223,2026-06-30,JP,Mobile,5146,31.0,68,1588,4.28,2026-06-30 22:58:00
KP023269,KW10355,2026-07-01,MX,Mobile,4801,10.0,23,255,9.02,2026-07-01 14:59:00
KP023270,KW11767,2026-07-02,IN,Desktop,515,17.0,12,171,7.02,2026-07-02 04:18:00
KP023271,KW11705,2026-07-03,IN,Mobile,1887,24.0,7,127,5.51,2026-07-03 16:12:00
KP023272,KW10843,2026-07-04,JP,Desktop,1944,39.0,16,318,5.03,2026-07-04 19:01:00
KP023273,KW11391,2026-07-05,UK,Desktop,2335,42.0,39,1079,3.61,2026-07-05 09:48:00
KP023274,KW10089,2026-07-06,CA,Desktop,2799,25.0,43,827,5.2,2026-07-06 16:34:00
KP023275,KW11117,2026-07-07,AU,Desktop,1020,45.0,9,254,3.54,2026-07-07 01:11:00
KP023276,KW10140,2026-07-08,FR,Desktop,4768,47.0,55,1126,4.88,2026-07-08 14:14:00
KP023277,KW11282,2026-07-09,UK,Mobile,20637,46.0,481,9178,5.24,2026-07-09 23:35:00
KP023278,KW11497,2026-07-10,FR,Mobile,8207,4.0,485,2384,20.34,2026-07-10 16:44:00
KP023279,KW10824,2026-07-11,JP,Mobile,17266,15.0,438,4660,9.4,2026-07-11 05:06:00
KP023280,KW10003,2026-07-12,DE,Mobile,9551,46.0,166,3796,4.37,2026-07-12 19:20:00
KP023281,KW10901,2026-07-13,MX,Desktop,2477,27.0,40,581,6.88,2026-07-13 23:21:00
KP023282,KW10988,2026-07-14,CA,Desktop,5377,38.0,51,1080,4.72,2026-07-14 07:47:00
KP023283,KW11773,2026-07-15,FR,Desktop,580,29.0,20,306,6.54,2026-07-15 10:55:00
KP023284,KW10433,2026-07-16,CA,Desktop,4749,5.0,328,2474,13.26,2026-07-16 19:54:00
KP023285,KW11992,2026-07-17,BR,Desktop,10972,15.0,218,3210,6.79,2026-07-17 11:09:00
KP023286,KW10651,2026-07-18,MX,Desktop,1978,31.0,46,776,5.93,2026-07-18 19:08:00
KP023287,KW10336,2026-07-19,AU,Desktop,11322,3.0,839,3955,21.21,2026-07-19 17:12:00
KP023288,KW11978,2026-07-20,US,Desktop,6237,50.0,30,692,4.34,2026-07-20 18:16:00
KP023289,KW11906,2026-07-21,CA,Desktop,4020,20.0,43,733,5.87,2026-07-21 07:47:00
KP023290,KW11125,2026-07-22,AU,Desktop,1203,46.0,23,455,5.05,2026-07-22 03:28:00
KP023291,KW10847,2026-07-23,BR,Mobile,1048,37.0,27,477,5.66,2026-07-23 10:19:00
KP023292,KW10447,2026-07-24,CA,Mobile,4363,4.0,143,802,17.83,2026-07-24 07:43:00
KP023293,KW10822,2026-07-25,CA,Mobile,9950,13.0,220,2542,8.65,2026-07-25 01:39:00
KP023294,KW10352,2026-07-26,DE,Mobile,1395,32.0,37,673,5.5,2026-07-26 00:12:00
KP023295,KW10929,2026-07-27,US,Desktop,3179,46.0,27,797,3.39,2026-07-27 08:17:00
KP023296,KW11650,2026-07-28,CA,Mobile,678,9.0,9,98,9.18,2026-07-28 14:02:00
KP023297,KW11543,2026-07-29,US,Mobile,6149,24.0,105,2270,4.63,2026-07-29 18:12:00
KP023298,KW11511,2026-07-30,US,Mobile,2892,22.0,25,500,5.0,2026-07-30 05:15:00
KP023299,KW10308,2026-07-31,CA,Desktop,2244,2.0,230,804,28.61,2026-07-31 23:12:00
KP023300,KW10906,2026-08-01,BR,Mobile,1378,16.0,18,304,5.92,2026-08-01 13:47:00
KP023301,KW11427,2026-08-02,IN,Desktop,2069,10.0,46,608,7.57,2026-08-02 08:22:00
KP023302,KW11820,2026-08-03,MX,Desktop,1734,20.0,55,890,6.18,2026-08-03 11:46:00
KP023303,KW11509,2026-08-04,BR,Desktop,1172,15.0,37,478,7.74,2026-08-04 20:11:00
KP023304,KW11193,2026-08-05,FR,Mobile,904,1.0,108,393,27.48,2026-08-05 08:39:00
KP023305,KW10805,2026-08-06,US,Mobile,3221,41.0,61,1489,4.1,2026-08-06 21:20:00
KP023306,KW10088,2026-08-07,JP,Mobile,1862,19.0,44,628,7.01,2026-08-07 18:00:00
KP023307,KW10613,2026-08-08,MX,Mobile,5242,1.0,370,1058,34.97,2026-08-08 02:43:00
KP023308,KW10497,2026-08-09,JP,Desktop,5485,29.0,73,1355,5.39,2026-08-09 09:08:00
KP023309,KW11881,2026-08-10,BR,Mobile,15579,13.0,300,2868,10.46,2026-08-10 12:45:00
KP023310,KW11024,2026-08-11,US,Tablet,1253,50.0,9,260,3.46,2026-08-11 05:19:00
KP023311,KW10481,2026-08-12,AU,Desktop,5170,11.0,23,297,7.74,2026-08-12 23:11:00
KP023312,KW10238,2026-08-13,IN,Desktop,3111,18.0,35,465,7.53,2026-08-13 16:29:00
KP023313,KW10367,2026-08-14,IN,Desktop,3361,25.0,56,790,7.09,2026-08-14 03:31:00
KP023314,KW10674,2026-08-15,IN,Mobile,829,45.0,6,152,3.95,2026-08-15 06:00:00
KP023315,KW11902,2026-08-16,FR,Desktop,414,38.0,4,83,4.82,2026-08-16 16:24:00
KP023316,KW11270,2026-08-17,US,Mobile,5118,34.0,71,1486,4.78,2026-08-17 22:30:00
KP023317,KW10482,2026-08-18,IN,Desktop,6096,17.0,228,2535,8.99,2026-08-18 14:45:00
KP023318,KW11981,2026-08-19,AU,Desktop,3676,38.0,20,542,3.69,2026-08-19 02:50:00
KP023319,KW10429,2026-08-20,MX,Desktop,8491,35.0,55,1178,4.67,2026-08-20 08:26:00
KP023320,KW10077,2026-08-21,DE,Desktop,11709,42.0,193,3926,4.92,2026-08-21 08:22:00
KP023321,KW10351,2026-08-22,AU,Desktop,366,26.0,11,167,6.59,2026-08-22 02:36:00
KP023322,KW10821,2026-08-23,IN,Desktop,609,38.0,12,318,3.77,2026-08-23 09:04:00
KP023323,KW10239,2026-08-24,US,Desktop,18485,39.0,224,5040,4.44,2026-08-24 07:02:00
KP023324,KW10580,2026-08-25,CA,Mobile,1559,44.0,13,380,3.42,2026-08-25 10:31:00
KP023325,KW11116,2026-08-26,CA,Mobile,4056,33.0,12,273,4.4,2026-08-26 13:09:00
KP023326,KW11476,2026-08-27,JP,Mobile,727,8.0,11,130,8.46,2026-08-27 11:53:00
KP023327,KW11839,2026-08-28,DE,Mobile,2231,40.0,38,907,4.19,2026-08-28 16:13:00
KP023328,KW10271,2026-08-29,DE,Desktop,435,36.0,7,198,3.54,2026-08-29 02:48:00
KP023329,KW10733,2026-08-30,JP,Desktop,957,13.0,20,249,8.03,2026-08-30 01:26:00
KP023330,KW10038,2026-08-31,AU,Desktop,2266,5.0,107,827,12.94,2026-08-31 15:05:00
KP023331,KW11159,2026-09-01,IN,Mobile,3857,31.0,103,1599,6.44,2026-09-01 09:43:00
KP023332,KW10034,2026-09-02,IN,Desktop,2593,30.0,12,246,4.88,2026-09-02 04:05:00
KP023333,KW11668,2026-09-03,FR,Desktop,2195,9.0,79,927,8.52,2026-09-03 07:55:00
KP023334,KW10015,2026-09-04,CA,Desktop,2961,27.0,16,308,5.19,2026-09-04 19:44:00
KP023335,KW11256,2026-09-05,DE,Desktop,5228,3.0,146,793,18.41,2026-09-05 22:55:00
KP023336,KW10550,2026-09-06,BR,Mobile,3729,21.0,134,1900,7.05,2026-09-06 14:09:00
KP023337,KW11275,2026-09-07,MX,Desktop,1976,33.0,9,170,5.29,2026-09-07 12:47:00
KP023338,KW10084,2026-09-08,CA,Mobile,3152,15.0,146,1491,9.79,2026-09-08 03:06:00
KP023339,KW11306,2026-09-09,CA,Desktop,5459,47.0,90,1884,4.78,2026-09-09 19:37:00
KP023340,KW11915,2026-09-10,UK,Desktop,3514,4.0,77,498,15.46,2026-09-10 19:22:00
KP023341,KW11742,2026-09-11,IN,Mobile,2654,17.0,79,1106,7.14,2026-09-11 20:23:00
KP023342,KW10324,2026-09-12,IN,Desktop,2394,15.0,13,145,8.97,2026-09-12 10:58:00
KP023343,KW10068,2026-09-13,BR,Mobile,2120,42.0,50,1057,4.73,2026-09-13 23:56:00
KP023344,KW11466,2026-09-14,CA,Desktop,6957,44.0,144,3513,4.1,2026-09-14 09:49:00
KP023345,KW10838,2026-09-15,JP,Desktop,2610,24.0,48,855,5.61,2026-09-15 11:46:00
KP023346,KW10625,2026-09-16,MX,Mobile,1616,19.0,25,461,5.42,2026-09-16 23:48:00
KP023347,KW10667,2026-09-17,FR,Desktop,5978,47.0,92,2299,4.0,2026-09-17 18:03:00
KP023348,KW11934,2026-09-18,UK,Tablet,4460,10.0,118,1016,11.61,2026-09-18 05:31:00
KP023349,KW10178,2026-09-19,IN,Desktop,25694,13.0,734,9980,7.35,2026-09-19 09:19:00
KP023350,KW11351,2026-09-20,AU,Desktop,6324,26.0,82,1267,6.47,2026-09-20 22:18:00
KP023351,KW10111,2026-09-21,DE,Tablet,3305,40.0,48,1030,4.66,2026-09-21 00:47:00
KP023352,KW11799,2026-09-22,FR,Desktop,4755,3.0,181,1124,16.1,2026-09-22 20:37:00
KP023353,KW10435,2026-09-23,JP,Desktop,7293,40.0,199,3653,5.45,2026-09-23 21:50:00
KP023354,KW11883,2026-09-24,DE,Desktop,2166,13.0,51,584,8.73,2026-09-24 20:36:00
KP023355,KW11927,2026-09-25,CA,Desktop,3611,27.0,43,785,5.48,2026-09-25 11:27:00
KP023356,KW10789,2026-09-26,DE,Desktop,4803,28.0,177,2611,6.78,2026-09-26 16:29:00
KP023357,KW11738,2026-09-27,MX,Desktop,4206,16.0,34,521,6.53,2026-09-27 10:11:00
KP023358,KW10523,2026-09-28,BR,Desktop,1763,25.0,53,903,5.87,2026-09-28 09:30:00
KP023359,KW10149,2026-09-29,IN,Mobile,1417,2.0,105,522,20.11,2026-09-29 00:41:00
KP023360,KW10158,2026-09-30,DE,Mobile,2499,48.0,46,1313,3.5,2026-09-30 03:45:00
KP023604,KW10489,2026-06-01,MX,Desktop,2380,4.0,145,1120,12.95,2026-06-01 18:11:00
KP023605,KW10954,2026-06-02,CA,Mobile,546,9.0,7,78,8.97,2026-06-02 17:15:00
KP023606,KW10861,2026-06-03,JP,Mobile,8989,22.0,218,3086,7.06,2026-06-03 21:09:00
KP023607,KW11281,2026-06-04,DE,Mobile,4371,41.0,22,413,5.33,2026-06-04 07:36:00
KP023608,KW10634,2026-06-05,IN,Desktop,2406,48.0,9,192,4.69,2026-06-05 18:03:00
KP023609,KW10872,2026-06-06,US,Desktop,1141,28.0,2,60,3.33,2026-06-06 00:56:00
KP023610,KW11729,2026-06-07,FR,Desktop,938,47.0,3,114,2.63,2026-06-07 08:11:00
KP023611,KW11055,2026-06-08,JP,Desktop,1419,37.0,13,306,4.25,2026-06-08 23:07:00
KP023612,KW11092,2026-06-09,US,Desktop,2443,19.0,36,600,6.0,2026-06-09 05:06:00
KP023613,KW10961,2026-06-10,IN,Mobile,6711,13.0,225,2273,9.9,2026-06-10 07:01:00
KP023614,KW11594,2026-06-11,MX,Desktop,10241,32.0,98,1845,5.31,2026-06-11 13:11:00
KP023615,KW11760,2026-06-12,AU,Desktop,1650,6.0,66,588,11.22,2026-06-12 12:57:00
KP023616,KW11115,2026-06-13,BR,Mobile,2476,2.0,314,1092,28.75,2026-06-13 01:01:00
KP023617,KW11530,2026-06-14,MX,Mobile,910,39.0,2,67,2.99,2026-06-14 00:12:00
KP023618,KW11691,2026-06-15,FR,Desktop,2186,25.0,37,835,4.43,2026-06-15 00:41:00
KP023619,KW11557,2026-06-16,DE,Tablet,3009,46.0,12,269,4.46,2026-06-16 00:59:00
KP023620,KW10021,2026-06-17,FR,Desktop,659,39.0,11,219,5.02,2026-06-17 07:17:00
KP023621,KW10204,2026-06-18,FR,Desktop,1877,2.0,85,367,23.16,2026-06-18 09:36:00
KP023622,KW10939,2026-06-19,JP,Desktop,7112,25.0,122,1811,6.74,2026-06-19 20:29:00
KP023623,KW10079,2026-06-20,IN,Desktop,4041,26.0,60,1244,4.82,2026-06-20 20:54:00
KP023624,KW11295,2026-06-21,DE,Mobile,1323,47.0,24,481,4.99,2026-06-21 05:00:00
KP023625,KW10967,2026-06-22,FR,Mobile,5593,36.0,70,1399,5.0,2026-06-22 15:46:00
KP023626,KW11898,2026-06-23,DE,Desktop,2661,11.0,47,563,8.35,2026-06-23 12:38:00
KP023627,KW10065,2026-06-24,JP,Desktop,3257,17.0,60,919,6.53,2026-06-24 08:21:00
KP023628,KW10531,2026-06-25,BR,Mobile,11851,34.0,213,5602,3.8,2026-06-25 09:43:00
KP023629,KW10166,2026-06-26,MX,Mobile,4612,36.0,99,1759,5.63,2026-06-26 17:34:00
KP023630,KW11524,2026-06-27,FR,Desktop,1762,34.0,26,475,5.47,2026-06-27 21:12:00
KP023631,KW11319,2026-06-28,JP,Desktop,6884,50.0,91,2564,3.55,2026-06-28 13:07:00
KP023632,KW11943,2026-06-29,AU,Desktop,1021,47.0,2,67,2.99,2026-06-29 11:26:00
KP023633,KW11942,2026-06-30,CA,Desktop,10711,44.0,117,2172,5.39,2026-06-30 13:00:00
KP023634,KW11821,2026-07-01,FR,Mobile,6944,26.0,86,1338,6.43,2026-07-01 19:58:00
KP023635,KW10040,2026-07-02,AU,Desktop,239,47.0,4,99,4.04,2026-07-02 20:49:00
KP023636,KW11678,2026-07-03,FR,Desktop,7117,9.0,154,1709,9.01,2026-07-03 04:18:00
KP023637,KW10411,2026-07-04,IN,Mobile,5413,4.0,202,1140,17.72,2026-07-04 01:31:00
KP023638,KW11861,2026-07-05,AU,Desktop,642,46.0,6,124,4.84,2026-07-05 21:41:00
KP023639,KW11225,2026-07-06,UK,Desktop,1817,6.0,19,176,10.8,2026-07-06 19:57:00
KP023640,KW11933,2026-07-07,CA,Mobile,4251,46.0,11,254,4.33,2026-07-07 21:17:00
KP023641,KW10374,2026-07-08,BR,Desktop,9215,45.0,161,3077,5.23,2026-07-08 15:55:00
KP023642,KW11637,2026-07-09,US,Mobile,7296,30.0,197,3063,6.43,2026-07-09 07:28:00
KP023643,KW11348,2026-07-10,JP,Mobile,10154,26.0,30,622,4.82,2026-07-10 07:13:00
KP023644,KW10598,2026-07-11,DE,Mobile,4127,19.0,69,1104,6.25,2026-07-11 17:36:00
KP023645,KW11603,2026-07-12,CA,Desktop,2788,29.0,83,1437,5.78,2026-07-12 17:12:00
KP023646,KW10663,2026-07-13,US,Desktop,9008,49.0,57,1474,3.87,2026-07-13 00:18:00
KP023647,KW11971,2026-07-14,BR,Desktop,2239,43.0,18,444,4.05,2026-07-14 21:52:00
KP023648,KW11577,2026-07-15,FR,Mobile,5389,8.0,223,2268,9.83,2026-07-15 22:07:00
KP023649,KW10853,2026-07-16,FR,Mobile,2087,14.0,13,198,6.57,2026-07-16 13:03:00
KP023650,KW11482,2026-07-17,UK,Mobile,4825,44.0,29,624,4.65,2026-07-17 15:06:00
KP023651,KW11535,2026-07-18,MX,Mobile,9381,1.0,1344,3842,34.98,2026-07-18 20:20:00
KP023652,KW10140,2026-07-19,FR,Mobile,1733,41.0,40,906,4.42,2026-07-19 05:14:00
KP023653,KW11841,2026-07-20,US,Mobile,1349,48.0,17,412,4.13,2026-07-20 19:26:00
KP023654,KW10799,2026-07-21,DE,Mobile,5091,23.0,27,445,6.07,2026-07-21 09:47:00
KP023655,KW10697,2026-07-22,UK,Desktop,1198,46.0,23,570,4.04,2026-07-22 13:08:00
KP023656,KW11529,2026-07-23,JP,Tablet,3521,10.0,51,531,9.6,2026-07-23 18:33:00
KP023657,KW11548,2026-07-24,CA,Mobile,1835,14.0,27,390,6.92,2026-07-24 02:45:00
KP023658,KW10783,2026-07-25,JP,Desktop,1926,50.0,32,962,3.33,2026-07-25 00:07:00
KP023659,KW10627,2026-07-26,BR,Tablet,1684,35.0,4,123,3.25,2026-07-26 10:33:00
KP023660,KW10806,2026-07-27,AU,Mobile,1875,42.0,44,815,5.4,2026-07-27 21:46:00
KP023661,KW10285,2026-07-28,DE,Desktop,2482,32.0,39,793,4.92,2026-07-28 18:36:00
KP023662,KW11343,2026-07-29,CA,Mobile,576,49.0,9,195,4.62,2026-07-29 01:48:00
KP023663,KW10306,2026-07-30,FR,Mobile,13457,28.0,442,7266,6.08,2026-07-30 07:45:00
KP023664,KW11912,2026-07-31,BR,Tablet,2990,2.0,45,231,19.48,2026-07-31 14:08:00
KP023665,KW10815,2026-08-01,UK,Desktop,1943,46.0,6,133,4.51,2026-08-01 18:52:00
KP023666,KW11880,2026-08-02,BR,Mobile,3683,50.0,15,356,4.21,2026-08-02 12:57:00
KP023667,KW10495,2026-08-03,BR,Mobile,923,7.0,10,91,10.99,2026-08-03 00:41:00
KP023668,KW11066,2026-08-04,IN,Tablet,1283,2.0,130,625,20.8,2026-08-04 01:32:00
KP023669,KW11906,2026-08-05,DE,Desktop,2120,43.0,60,1121,5.35,2026-08-05 00:54:00
KP023670,KW10599,2026-08-06,JP,Mobile,1008,49.0,22,522,4.21,2026-08-06 12:14:00
KP023671,KW10667,2026-08-07,AU,Mobile,5038,2.0,257,1202,21.38,2026-08-07 10:06:00
KP023672,KW10357,2026-08-08,AU,Mobile,631,25.0,8,113,7.08,2026-08-08 21:07:00
KP023673,KW10327,2026-08-09,CA,Desktop,2249,21.0,49,919,5.33,2026-08-09 23:16:00
KP023674,KW10410,2026-08-10,AU,Desktop,2256,13.0,85,1201,7.08,2026-08-10 04:28:00
KP023675,KW11330,2026-08-11,FR,Desktop,1641,17.0,70,836,8.37,2026-08-11 08:51:00
KP023676,KW10754,2026-08-12,IN,Desktop,12248,34.0,66,1519,4.34,2026-08-12 07:16:00
KP023677,KW11747,2026-08-13,DE,Desktop,2263,49.0,22,713,3.09,2026-08-13 19:27:00
KP023678,KW10451,2026-08-14,AU,Mobile,8852,37.0,247,4175,5.92,2026-08-14 08:31:00
KP023679,KW11350,2026-08-15,MX,Desktop,567,21.0,17,252,6.75,2026-08-15 15:07:00
KP023680,KW10088,2026-08-16,BR,Desktop,7576,24.0,158,2153,7.34,2026-08-16 22:38:00
KP023681,KW11843,2026-08-17,UK,Mobile,1840,9.0,76,606,12.54,2026-08-17 16:43:00
KP023682,KW10195,2026-08-18,JP,Desktop,9697,42.0,26,647,4.02,2026-08-18 17:23:00
KP023683,KW11748,2026-08-19,BR,Desktop,6561,48.0,69,1725,4.0,2026-08-19 14:36:00
KP023684,KW10755,2026-08-20,IN,Mobile,2624,39.0,73,1338,5.46,2026-08-20 03:16:00
KP023685,KW10891,2026-08-21,BR,Mobile,3278,46.0,79,1535,5.15,2026-08-21 23:41:00
KP023686,KW10125,2026-08-22,MX,Desktop,1048,1.0,138,396,34.85,2026-08-22 00:33:00
KP023687,KW10445,2026-08-23,CA,Mobile,9018,18.0,167,2542,6.57,2026-08-23 03:56:00
KP023688,KW11951,2026-08-24,BR,Desktop,1761,47.0,29,751,3.86,2026-08-24 19:10:00
KP023689,KW11245,2026-08-25,MX,Mobile,3497,2.0,49,224,21.88,2026-08-25 18:52:00
KP023690,KW11293,2026-08-26,CA,Mobile,9190,3.0,475,2372,20.03,2026-08-26 22:16:00
KP023691,KW11298,2026-08-27,AU,Mobile,768,45.0,9,221,4.07,2026-08-27 15:18:00
KP023692,KW11385,2026-08-28,IN,Desktop,1842,14.0,57,631,9.03,2026-08-28 13:54:00
KP023693,KW10605,2026-08-29,US,Mobile,3004,14.0,133,1501,8.86,2026-08-29 10:21:00
KP023694,KW10812,2026-08-30,DE,Mobile,3126,35.0,44,943,4.67,2026-08-30 05:02:00
KP023695,KW11174,2026-08-31,MX,Desktop,933,42.0,8,213,3.76,2026-08-31 22:38:00
KP023696,KW10178,2026-09-01,CA,Desktop,4457,19.0,58,931,6.23,2026-09-01 09:43:00
KP023697,KW10266,2026-09-02,IN,Tablet,2976,41.0,54,1447,3.73,2026-09-02 05:35:00
KP023698,KW10591,2026-09-03,IN,Mobile,1512,38.0,10,281,3.56,2026-09-03 13:11:00
KP023699,KW11888,2026-09-04,IN,Desktop,115,50.0,0,20,0.0,2026-09-04 04:58:00
KP023700,KW11228,2026-09-05,UK,Desktop,2610,29.0,15,278,5.4,2026-09-05 20:32:00
KP023701,KW11364,2026-09-06,IN,Desktop,4817,30.0,113,2300,4.91,2026-09-06 11:26:00
KP023702,KW11304,2026-09-07,CA,Desktop,4123,12.0,159,1619,9.82,2026-09-07 01:14:00
KP023703,KW11087,2026-09-08,FR,Mobile,844,47.0,5,108,4.63,2026-09-08 04:51:00
KP023704,KW10399,2026-09-09,IN,Tablet,7784,33.0,188,3289,5.72,2026-09-09 14:51:00
KP023705,KW10609,2026-09-10,UK,Desktop,3441,22.0,78,1167,6.68,2026-09-10 02:57:00
KP023706,KW11653,2026-09-11,FR,Desktop,2546,15.0,92,983,9.36,2026-09-11 06:54:00
KP023707,KW10355,2026-09-12,UK,Mobile,3743,39.0,100,2055,4.87,2026-09-12 09:34:00
KP023708,KW10735,2026-09-13,IN,Desktop,5723,4.0,128,892,14.35,2026-09-13 08:43:00
KP023709,KW10260,2026-09-14,UK,Mobile,9125,1.0,569,2151,26.45,2026-09-14 21:22:00
KP023710,KW10368,2026-09-15,UK,Desktop,3011,39.0,49,1123,4.36,2026-09-15 19:22:00
KP023711,KW10680,2026-09-16,CA,Mobile,1807,22.0,6,92,6.52,2026-09-16 21:38:00
KP023712,KW10020,2026-09-17,US,Mobile,2548,19.0,30,469,6.4,2026-09-17 00:45:00
KP023713,KW11564,2026-09-18,JP,Mobile,3054,47.0,19,363,5.23,2026-09-18 05:04:00
KP023714,KW11050,2026-09-19,CA,Desktop,810,34.0,14,373,3.75,2026-09-19 00:31:00
KP023715,KW10243,2026-09-20,JP,Mobile,4060,41.0,25,552,4.53,2026-09-20 21:17:00
KP023716,KW11769,2026-09-21,US,Desktop,4838,18.0,168,2059,8.16,2026-09-21 14:02:00
KP023717,KW10827,2026-09-22,FR,Mobile,10309,8.0,107,1003,10.67,2026-09-22 02:19:00
KP023718,KW10169,2026-09-23,AU,Desktop,815,36.0,9,194,4.64,2026-09-23 17:16:00
KP023719,KW11955,2026-09-24,BR,Desktop,5999,16.0,67,713,9.4,2026-09-24 19:25:00
KP023720,KW10400,2026-09-25,IN,Desktop,2304,22.0,74,1193,6.2,2026-09-25 14:14:00
KP023721,KW10260,2026-09-26,IN,Desktop,2973,47.0,43,868,4.95,2026-09-26 22:16:00
KP023722,KW11383,2026-09-27,AU,Mobile,834,6.0,15,142,10.56,2026-09-27 17:15:00
KP023723,KW11002,2026-09-28,JP,Desktop,932,22.0,18,251,7.17,2026-09-28 09:44:00
KP023724,KW11748,2026-09-29,DE,Desktop,5469,21.0,31,562,5.52,2026-09-29 05:54:00
KP023725,KW11187,2026-09-30,IN,Mobile,8857,1.0,831,3028,27.44,2026-09-30 11:29:00
KP023969,KW10237,2026-06-01,BR,Mobile,1624,40.0,12,330,3.64,2026-06-01 21:36:00
KP023970,KW11250,2026-06-02,IN,Desktop,468,4.0,31,181,17.13,2026-06-02 01:56:00
KP023971,KW11461,2026-06-03,JP,Mobile,5178,28.0,146,2409,6.06,2026-06-03 17:07:00
KP023972,KW11270,2026-06-04,UK,Mobile,7096,40.0,169,2977,5.68,2026-06-04 07:58:00
KP023973,KW10049,2026-06-05,CA,Mobile,2162,23.0,47,856,5.49,2026-06-05 01:57:00
KP023974,KW11427,2026-06-06,MX,Desktop,5660,34.0,134,2697,4.97,2026-06-06 08:16:00
KP023975,KW11403,2026-06-07,FR,Mobile,10703,13.0,303,3001,10.1,2026-06-07 08:13:00
KP023976,KW10554,2026-06-08,FR,Mobile,3752,50.0,54,1384,3.9,2026-06-08 21:10:00
KP023977,KW11408,2026-06-09,DE,Mobile,3815,1.0,504,1549,32.54,2026-06-09 00:45:00
KP023978,KW11461,2026-06-10,IN,Desktop,1714,40.0,45,899,5.01,2026-06-10 15:50:00
KP023979,KW11965,2026-06-11,US,Desktop,3862,10.0,192,1831,10.49,2026-06-11 17:40:00
KP023980,KW10519,2026-06-12,AU,Desktop,2373,39.0,39,907,4.3,2026-06-12 19:05:00
KP023981,KW10199,2026-06-13,MX,Mobile,342,16.0,6,71,8.45,2026-06-13 08:38:00
KP023982,KW11118,2026-06-14,JP,Desktop,2413,6.0,78,777,10.04,2026-06-14 20:05:00
KP023983,KW11980,2026-06-15,CA,Mobile,356,28.0,3,67,4.48,2026-06-15 03:55:00
KP023984,KW10532,2026-06-16,CA,Mobile,1509,4.0,138,810,17.04,2026-06-16 03:57:00
KP023985,KW11296,2026-06-17,AU,Desktop,59733,32.0,1128,20446,5.52,2026-06-17 16:12:00
KP023986,KW11042,2026-06-18,DE,Mobile,3561,35.0,51,1153,4.42,2026-06-18 11:56:00
KP023987,KW10673,2026-06-19,IN,Desktop,27149,9.0,424,5219,8.12,2026-06-19 13:07:00
KP023988,KW11798,2026-06-20,JP,Desktop,8174,10.0,168,1927,8.72,2026-06-20 04:14:00
KP023989,KW11556,2026-06-21,FR,Mobile,12557,17.0,177,3087,5.73,2026-06-21 08:32:00
KP023990,KW10935,2026-06-22,JP,Desktop,4604,31.0,88,1685,5.22,2026-06-22 02:59:00
KP023991,KW10943,2026-06-23,US,Desktop,675,47.0,17,334,5.09,2026-06-23 20:22:00
KP023992,KW11780,2026-06-24,UK,Desktop,10560,40.0,29,559,5.19,2026-06-24 06:00:00
KP023993,KW11759,2026-06-25,UK,Mobile,5895,25.0,22,358,6.15,2026-06-25 09:50:00
KP023994,KW11739,2026-06-26,IN,Tablet,1597,36.0,4,107,3.74,2026-06-26 03:56:00
KP023995,KW10480,2026-06-27,MX,Desktop,7845,43.0,107,2391,4.48,2026-06-27 20:28:00
KP023996,KW10933,2026-06-28,DE,Mobile,18535,41.0,87,1722,5.05,2026-06-28 18:21:00
KP023997,KW10521,2026-06-29,JP,Desktop,949,10.0,22,295,7.46,2026-06-29 23:49:00
KP023998,KW10135,2026-06-30,AU,Desktop,3373,9.0,145,1236,11.73,2026-06-30 03:14:00
KP023999,KW10867,2026-07-01,US,Mobile,14881,27.0,217,4022,5.4,2026-07-01 22:54:00
KP024000,KW10650,2026-07-02,DE,Mobile,1787,40.0,24,455,5.27,2026-07-02 01:58:00
KP024001,KW11948,2026-07-03,JP,Desktop,241,39.0,4,115,3.48,2026-07-03 11:27:00
KP024002,KW10945,2026-07-04,CA,Mobile,1773,39.0,20,423,4.73,2026-07-04 13:48:00
KP024003,KW11986,2026-07-05,MX,Mobile,5573,36.0,138,2424,5.69,2026-07-05 18:47:00
KP024004,KW11224,2026-07-06,JP,Desktop,2523,22.0,17,231,7.36,2026-07-06 23:33:00
KP024005,KW10061,2026-07-07,DE,Desktop,489,16.0,13,149,8.72,2026-07-07 20:38:00
KP024006,KW10083,2026-07-08,DE,Mobile,809,31.0,9,202,4.46,2026-07-08 02:51:00
KP024007,KW10719,2026-07-09,US,Desktop,5770,20.0,183,2562,7.14,2026-07-09 04:38:00
KP024008,KW11523,2026-07-10,UK,Desktop,2579,16.0,65,770,8.44,2026-07-10 04:05:00
KP024009,KW10304,2026-07-11,AU,Mobile,985,40.0,25,495,5.05,2026-07-11 11:27:00
KP024010,KW11060,2026-07-12,US,Tablet,1671,11.0,68,881,7.72,2026-07-12 06:45:00
KP024011,KW11029,2026-07-13,CA,Mobile,6285,17.0,158,2455,6.44,2026-07-13 20:08:00
KP024012,KW11642,2026-07-14,JP,Desktop,647,2.0,56,214,26.17,2026-07-14 15:13:00
KP024013,KW10648,2026-07-15,AU,Desktop,9335,23.0,31,467,6.64,2026-07-15 23:06:00
KP024014,KW11789,2026-07-16,FR,Desktop,1534,38.0,35,791,4.42,2026-07-16 12:57:00
KP024015,KW11908,2026-07-17,US,Desktop,36447,30.0,422,8960,4.71,2026-07-17 00:32:00
KP024016,KW11798,2026-07-18,BR,Desktop,4439,34.0,98,2094,4.68,2026-07-18 08:39:00
KP024017,KW10470,2026-07-19,FR,Mobile,2410,3.0,120,744,16.13,2026-07-19 19:59:00
KP024018,KW10803,2026-07-20,DE,Desktop,3157,36.0,22,532,4.14,2026-07-20 10:35:00
KP024019,KW11746,2026-07-21,AU,Desktop,2927,9.0,78,656,11.89,2026-07-21 21:56:00
KP024020,KW11414,2026-07-22,FR,Mobile,1680,30.0,12,298,4.03,2026-07-22 03:50:00
KP024021,KW10165,2026-07-23,DE,Mobile,2081,44.0,9,229,3.93,2026-07-23 19:38:00
KP024022,KW11952,2026-07-24,MX,Mobile,1542,47.0,27,616,4.38,2026-07-24 17:25:00
KP024023,KW10242,2026-07-25,UK,Tablet,13380,29.0,290,4909,5.91,2026-07-25 07:16:00
KP024024,KW10304,2026-07-26,IN,Desktop,5705,37.0,16,410,3.9,2026-07-26 07:55:00
KP024025,KW11999,2026-07-27,BR,Mobile,4015,6.0,61,477,12.79,2026-07-27 04:55:00
KP024026,KW10688,2026-07-28,AU,Desktop,7486,38.0,125,3278,3.81,2026-07-28 00:31:00
KP024027,KW11465,2026-07-29,MX,Desktop,2162,26.0,19,366,5.19,2026-07-29 16:30:00
KP024028,KW10356,2026-07-30,MX,Desktop,3233,46.0,68,1751,3.88,2026-07-30 19:44:00
KP024029,KW10799,2026-07-31,UK,Mobile,4079,3.0,121,563,21.49,2026-07-31 19:01:00
KP024030,KW10290,2026-08-01,IN,Mobile,977,43.0,4,116,3.45,2026-08-01 01:11:00
KP024031,KW10014,2026-08-02,CA,Desktop,6936,6.0,272,2458,11.07,2026-08-02 10:17:00
KP024032,KW10909,2026-08-03,BR,Tablet,13308,17.0,295,3485,8.46,2026-08-03 02:14:00
KP024033,KW10087,2026-08-04,JP,Desktop,4206,3.0,136,877,15.51,2026-08-04 02:31:00
KP024034,KW11255,2026-08-05,DE,Desktop,1860,19.0,36,446,8.07,2026-08-05 02:14:00
KP024035,KW10217,2026-08-06,MX,Desktop,1802,21.0,13,263,4.94,2026-08-06 14:44:00
KP024036,KW10034,2026-08-07,US,Desktop,1492,11.0,22,211,10.43,2026-08-07 01:28:00
KP024037,KW11974,2026-08-08,UK,Desktop,3220,20.0,40,689,5.81,2026-08-08 21:09:00
KP024038,KW11767,2026-08-09,MX,Desktop,986,7.0,30,305,9.84,2026-08-09 08:31:00
KP024039,KW10214,2026-08-10,IN,Desktop,1460,26.0,9,180,5.0,2026-08-10 10:03:00
KP024040,KW11962,2026-08-11,US,Desktop,3019,37.0,19,395,4.81,2026-08-11 17:44:00
KP024041,KW10998,2026-08-12,CA,Mobile,13791,35.0,278,5472,5.08,2026-08-12 03:13:00
KP024042,KW11351,2026-08-13,UK,Mobile,3357,50.0,18,428,4.21,2026-08-13 23:09:00
KP024043,KW10901,2026-08-14,DE,Desktop,2011,8.0,66,657,10.05,2026-08-14 09:08:00
KP024044,KW10123,2026-08-15,BR,Desktop,10392,47.0,75,1677,4.47,2026-08-15 14:05:00
KP024045,KW10774,2026-08-16,CA,Mobile,3047,5.0,62,476,13.03,2026-08-16 16:50:00
KP024046,KW11223,2026-08-17,IN,Mobile,1579,43.0,17,324,5.25,2026-08-17 23:06:00
KP024047,KW10399,2026-08-18,CA,Desktop,3429,12.0,128,1246,10.27,2026-08-18 15:42:00
KP024048,KW10269,2026-08-19,JP,Mobile,6006,28.0,51,1199,4.25,2026-08-19 02:43:00
KP024049,KW11688,2026-08-20,CA,Desktop,2183,27.0,21,349,6.02,2026-08-20 14:00:00
KP024050,KW10575,2026-08-21,CA,Mobile,341,44.0,4,113,3.54,2026-08-21 00:59:00
KP024051,KW11206,2026-08-22,CA,Desktop,15552,13.0,533,8175,6.52,2026-08-22 07:31:00
KP024052,KW10859,2026-08-23,US,Mobile,3144,15.0,21,295,7.12,2026-08-23 08:50:00
KP024053,KW10855,2026-08-24,UK,Mobile,2754,44.0,62,1362,4.55,2026-08-24 02:29:00
KP024054,KW10867,2026-08-25,US,Desktop,2590,7.0,177,1270,13.94,2026-08-25 17:38:00
KP024055,KW11124,2026-08-26,MX,Mobile,2366,4.0,97,561,17.29,2026-08-26 01:18:00
KP024056,KW11557,2026-08-27,CA,Mobile,6473,2.0,538,2563,20.99,2026-08-27 06:09:00
KP024057,KW10913,2026-08-28,US,Mobile,2225,9.0,76,924,8.23,2026-08-28 17:20:00
KP024058,KW10317,2026-08-29,DE,Mobile,1695,8.0,52,463,11.23,2026-08-29 15:56:00
KP024059,KW10669,2026-08-30,AU,Mobile,1064,2.0,113,490,23.06,2026-08-30 18:24:00
KP024060,KW10550,2026-08-31,DE,Mobile,1791,12.0,13,138,9.42,2026-08-31 13:06:00
KP024061,KW10551,2026-09-01,US,Mobile,4143,36.0,53,1384,3.83,2026-09-01 14:26:00
KP024062,KW11083,2026-09-02,CA,Desktop,9421,29.0,235,4949,4.75,2026-09-02 20:26:00
KP024063,KW10345,2026-09-03,CA,Desktop,517,1.0,74,264,28.03,2026-09-03 06:51:00
KP024064,KW11033,2026-09-04,AU,Mobile,3216,32.0,13,265,4.91,2026-09-04 08:02:00
KP024065,KW10933,2026-09-05,AU,Mobile,15716,38.0,236,4435,5.32,2026-09-05 13:34:00
KP024066,KW10424,2026-09-06,CA,Mobile,8514,47.0,47,1004,4.68,2026-09-06 19:23:00
KP024067,KW11283,2026-09-07,IN,Desktop,8571,9.0,56,516,10.85,2026-09-07 19:47:00
KP024068,KW11722,2026-09-08,AU,Mobile,6749,18.0,73,1200,6.08,2026-09-08 06:56:00
KP024069,KW10585,2026-09-09,CA,Mobile,11075,6.0,537,3614,14.86,2026-09-09 10:49:00
KP024070,KW11090,2026-09-10,BR,Desktop,15854,25.0,115,1573,7.31,2026-09-10 08:18:00
KP024071,KW10587,2026-09-11,US,Desktop,2210,14.0,46,572,8.04,2026-09-11 12:32:00
KP024072,KW11672,2026-09-12,UK,Mobile,14775,8.0,801,6190,12.94,2026-09-12 16:34:00
KP024073,KW10616,2026-09-13,IN,Desktop,4097,1.0,579,1657,34.94,2026-09-13 23:03:00
KP024074,KW11214,2026-09-14,IN,Desktop,3958,18.0,88,1175,7.49,2026-09-14 07:55:00
KP024075,KW10817,2026-09-15,AU,Mobile,1428,4.0,19,152,12.5,2026-09-15 19:36:00
KP024076,KW10055,2026-09-16,AU,Mobile,1567,28.0,22,543,4.05,2026-09-16 14:53:00
KP024077,KW11390,2026-09-17,MX,Desktop,674,26.0,7,107,6.54,2026-09-17 21:44:00
KP024078,KW11555,2026-09-18,UK,Tablet,3983,5.0,112,631,17.75,2026-09-18 13:38:00
KP024079,KW11150,2026-09-19,AU,Desktop,21564,19.0,312,3860,8.08,2026-09-19 07:17:00
KP024080,KW11788,2026-09-20,BR,Mobile,2344,48.0,29,828,3.5,2026-09-20 03:28:00
KP024081,KW10941,2026-09-21,UK,Mobile,1680,18.0,72,865,8.32,2026-09-21 14:14:00
KP024082,KW10494,2026-09-22,AU,Desktop,1700,45.0,46,898,5.12,2026-09-22 13:37:00
KP024083,KW11384,2026-09-23,BR,Mobile,4459,32.0,79,1350,5.85,2026-09-23 06:44:00
KP024084,KW10820,2026-09-24,BR,Desktop,9175,22.0,31,523,5.93,2026-09-24 15:15:00
KP024085,KW10832,2026-09-25,JP,Desktop,3880,46.0,58,1590,3.65,2026-09-25 12:30:00
KP024086,KW10811,2026-09-26,CA,Desktop,2135,16.0,41,683,6.0,2026-09-26 17:02:00
KP024087,KW11566,2026-09-27,IN,Desktop,3615,23.0,125,1877,6.66,2026-09-27 20:44:00
KP024088,KW11940,2026-09-28,AU,Desktop,2655,28.0,56,1006,5.57,2026-09-28 22:55:00
KP024089,KW11116,2026-09-29,BR,Mobile,9516,10.0,326,3171,10.28,2026-09-29 06:18:00
KP024090,KW11004,2026-09-30,IN,Mobile,3427,9.0,120,1502,7.99,2026-09-30 22:13:00
KP024334,KW10493,2026-06-01,AU,Mobile,10036,26.0,252,4484,5.62,2026-06-01 23:37:00
KP024335,KW11170,2026-06-02,MX,Desktop,2727,1.0,352,1123,31.34,2026-06-02 22:18:00
KP024336,KW11852,2026-06-03,FR,Mobile,5433,21.0,133,1761,7.55,2026-06-03 19:29:00
KP024337,KW10500,2026-06-04,US,Desktop,3527,44.0,60,1281,4.68,2026-06-04 14:30:00
KP024338,KW10709,2026-06-05,FR,Mobile,1409,33.0,8,142,5.63,2026-06-05 23:12:00
KP024339,KW11702,2026-06-06,MX,Desktop,6577,11.0,199,2498,7.97,2026-06-06 03:38:00
KP024340,KW11627,2026-06-07,UK,Mobile,11818,45.0,223,4302,5.18,2026-06-07 08:40:00
KP024341,KW11529,2026-06-08,MX,Desktop,6358,11.0,152,1489,10.21,2026-06-08 09:27:00
KP024342,KW11437,2026-06-09,BR,Mobile,16042,16.0,363,5924,6.13,2026-06-09 12:15:00
KP024343,KW10595,2026-06-10,US,Desktop,5293,11.0,197,2781,7.08,2026-06-10 12:14:00
KP024344,KW11816,2026-06-11,UK,Desktop,1240,4.0,73,494,14.78,2026-06-11 13:28:00
KP024345,KW11198,2026-06-12,DE,Mobile,3433,21.0,69,1213,5.69,2026-06-12 12:55:00
KP024346,KW11972,2026-06-13,AU,Desktop,4709,28.0,84,1219,6.89,2026-06-13 04:45:00
KP024347,KW10935,2026-06-14,IN,Mobile,5809,29.0,102,1737,5.87,2026-06-14 22:18:00
KP024348,KW10469,2026-06-15,IN,Mobile,2130,9.0,124,995,12.46,2026-06-15 05:20:00
KP024349,KW11212,2026-06-16,UK,Desktop,2456,28.0,46,1040,4.42,2026-06-16 00:29:00
KP024350,KW11641,2026-06-17,US,Mobile,7406,46.0,22,510,4.31,2026-06-17 10:03:00
KP024351,KW11190,2026-06-18,MX,Desktop,912,45.0,7,149,4.7,2026-06-18 13:41:00
KP024352,KW11998,2026-06-19,CA,Desktop,1163,33.0,18,296,6.08,2026-06-19 15:02:00
KP024353,KW10861,2026-06-20,US,Mobile,2128,41.0,11,221,4.98,2026-06-20 13:56:00
KP024354,KW11996,2026-06-21,UK,Mobile,1357,33.0,14,265,5.28,2026-06-21 19:44:00
KP024355,KW10852,2026-06-22,DE,Mobile,2359,16.0,76,930,8.17,2026-06-22 04:27:00
KP024356,KW10911,2026-06-23,US,Desktop,2155,13.0,20,271,7.38,2026-06-23 09:14:00
KP024357,KW11979,2026-06-24,JP,Mobile,1523,50.0,6,141,4.26,2026-06-24 22:48:00
KP024358,KW11669,2026-06-25,BR,Tablet,7945,2.0,798,3773,21.15,2026-06-25 04:09:00
KP024359,KW10424,2026-06-26,UK,Mobile,2050,42.0,13,375,3.47,2026-06-26 14:28:00
KP024360,KW11172,2026-06-27,DE,Desktop,1046,21.0,5,116,4.31,2026-06-27 05:09:00
KP024361,KW10479,2026-06-28,JP,Desktop,2383,37.0,50,851,5.88,2026-06-28 05:29:00
KP024362,KW10034,2026-06-29,UK,Desktop,1632,32.0,38,675,5.63,2026-06-29 19:09:00
KP024363,KW10680,2026-06-30,US,Mobile,11222,16.0,101,1642,6.15,2026-06-30 04:04:00
KP024364,KW10470,2026-07-01,CA,Mobile,23971,17.0,611,6780,9.01,2026-07-01 06:21:00
KP024365,KW11162,2026-07-02,CA,Mobile,14335,9.0,475,4821,9.85,2026-07-02 12:37:00
KP024366,KW11344,2026-07-03,BR,Mobile,6501,5.0,114,706,16.15,2026-07-03 04:44:00
KP024367,KW11410,2026-07-04,JP,Tablet,2610,40.0,37,753,4.91,2026-07-04 19:52:00
KP024368,KW11705,2026-07-05,UK,Desktop,1714,29.0,32,476,6.72,2026-07-05 03:13:00
KP024369,KW11130,2026-07-06,AU,Desktop,8358,27.0,141,2695,5.23,2026-07-06 00:14:00
KP024370,KW11136,2026-07-07,JP,Mobile,2653,25.0,38,556,6.83,2026-07-07 14:36:00
KP024371,KW11769,2026-07-08,US,Tablet,24768,38.0,774,13267,5.83,2026-07-08 18:41:00
KP024372,KW11955,2026-07-09,US,Mobile,2065,26.0,32,523,6.12,2026-07-09 14:54:00
KP024373,KW10536,2026-07-10,JP,Mobile,7188,8.0,413,3075,13.43,2026-07-10 02:33:00
KP024374,KW11151,2026-07-11,US,Mobile,1293,43.0,8,150,5.33,2026-07-11 03:22:00
KP024375,KW11491,2026-07-12,US,Mobile,2833,48.0,12,270,4.44,2026-07-12 10:27:00
KP024376,KW10729,2026-07-13,AU,Mobile,7540,25.0,180,2917,6.17,2026-07-13 08:27:00
KP024377,KW10186,2026-07-14,JP,Mobile,1820,37.0,8,193,4.15,2026-07-14 04:28:00
KP024378,KW11815,2026-07-15,UK,Desktop,10086,19.0,204,2383,8.56,2026-07-15 10:15:00
KP024379,KW11893,2026-07-16,US,Desktop,1568,35.0,11,293,3.75,2026-07-16 13:05:00
KP024380,KW11049,2026-07-17,DE,Desktop,1397,25.0,5,98,5.1,2026-07-17 11:29:00
KP024381,KW11337,2026-07-18,FR,Mobile,7326,25.0,191,2792,6.84,2026-07-18 07:23:00
KP024382,KW10053,2026-07-19,FR,Mobile,2059,32.0,47,897,5.24,2026-07-19 01:48:00
KP024383,KW11463,2026-07-20,JP,Desktop,2255,28.0,46,971,4.74,2026-07-20 04:09:00
KP024384,KW11122,2026-07-21,JP,Desktop,2448,2.0,139,601,23.13,2026-07-21 14:37:00
KP024385,KW11027,2026-07-22,FR,Desktop,2907,33.0,28,616,4.55,2026-07-22 23:36:00
KP024386,KW10106,2026-07-23,MX,Desktop,7406,28.0,113,1633,6.92,2026-07-23 17:32:00
KP024387,KW10178,2026-07-24,IN,Mobile,478,24.0,4,71,5.63,2026-07-24 17:47:00
KP024388,KW10313,2026-07-25,AU,Mobile,275,19.0,8,141,5.67,2026-07-25 12:12:00
KP024389,KW11294,2026-07-26,AU,Tablet,2270,36.0,39,775,5.03,2026-07-26 15:10:00
KP024390,KW11737,2026-07-27,MX,Mobile,23125,8.0,188,2132,8.82,2026-07-27 20:32:00
KP024391,KW10527,2026-07-28,FR,Desktop,2628,31.0,9,185,4.86,2026-07-28 04:28:00
KP024392,KW10677,2026-07-29,BR,Mobile,3002,18.0,84,1112,7.55,2026-07-29 17:06:00
KP024393,KW10944,2026-07-30,FR,Desktop,17887,10.0,889,8050,11.04,2026-07-30 22:40:00
KP024394,KW10285,2026-07-31,IN,Tablet,78329,8.0,379,3981,9.52,2026-07-31 03:49:00
KP024395,KW10334,2026-08-01,CA,Desktop,3436,18.0,74,1174,6.3,2026-08-01 22:35:00
KP024396,KW10907,2026-08-02,IN,Mobile,1649,6.0,66,599,11.02,2026-08-02 04:16:00
KP024397,KW10220,2026-08-03,UK,Mobile,2521,33.0,15,399,3.76,2026-08-03 05:33:00
KP024398,KW10665,2026-08-04,BR,Desktop,1273,12.0,66,655,10.08,2026-08-04 06:15:00
KP024399,KW11621,2026-08-05,JP,Desktop,4582,18.0,202,2478,8.15,2026-08-05 03:34:00
KP024400,KW11485,2026-08-06,CA,Mobile,4055,18.0,16,262,6.11,2026-08-06 03:20:00
KP024401,KW10961,2026-08-07,US,Desktop,13715,24.0,175,2599,6.73,2026-08-07 21:12:00
KP024402,KW10105,2026-08-08,IN,Mobile,1717,7.0,101,883,11.44,2026-08-08 12:19:00
KP024403,KW10013,2026-08-09,US,Mobile,13819,15.0,120,1567,7.66,2026-08-09 18:34:00
KP024404,KW10738,2026-08-10,AU,Mobile,1512,32.0,26,557,4.67,2026-08-10 05:55:00
KP024405,KW11792,2026-08-11,AU,Desktop,2454,28.0,46,677,6.79,2026-08-11 17:24:00
KP024406,KW11699,2026-08-12,CA,Desktop,1149,7.0,27,278,9.71,2026-08-12 11:35:00
KP024407,KW10605,2026-08-13,JP,Desktop,1794,45.0,11,283,3.89,2026-08-13 15:36:00
KP024408,KW11874,2026-08-14,AU,Desktop,7116,20.0,149,2604,5.72,2026-08-14 16:28:00
KP024409,KW10031,2026-08-15,DE,Desktop,3300,4.0,73,399,18.3,2026-08-15 18:11:00
KP024410,KW10535,2026-08-16,DE,Desktop,3108,29.0,37,880,4.2,2026-08-16 11:13:00
KP024411,KW10870,2026-08-17,DE,Desktop,2459,5.0,194,1339,14.49,2026-08-17 13:53:00
KP024412,KW10558,2026-08-18,CA,Mobile,7268,7.0,408,3796,10.75,2026-08-18 09:31:00
KP024413,KW11389,2026-08-19,DE,Desktop,2023,41.0,6,117,5.13,2026-08-19 10:27:00
KP024414,KW10707,2026-08-20,MX,Mobile,3926,49.0,40,893,4.48,2026-08-20 08:54:00
KP024415,KW11635,2026-08-21,US,Mobile,936,3.0,34,181,18.78,2026-08-21 06:24:00
KP024416,KW10071,2026-08-22,JP,Desktop,2392,23.0,38,729,5.21,2026-08-22 19:52:00
KP024417,KW10474,2026-08-23,JP,Desktop,16257,5.0,441,3847,11.46,2026-08-23 02:26:00
KP024418,KW10163,2026-08-24,JP,Desktop,2352,23.0,21,353,5.95,2026-08-24 04:49:00
KP024419,KW10806,2026-08-25,FR,Mobile,5685,36.0,72,1572,4.58,2026-08-25 12:58:00
KP024420,KW11995,2026-08-26,CA,Desktop,2042,7.0,72,574,12.54,2026-08-26 03:17:00
KP024421,KW11075,2026-08-27,US,Desktop,956,9.0,28,227,12.33,2026-08-27 04:14:00
KP024422,KW10109,2026-08-28,BR,Desktop,2556,14.0,81,1192,6.8,2026-08-28 05:17:00
KP024423,KW10443,2026-08-29,UK,Mobile,38889,18.0,1042,14994,6.95,2026-08-29 14:53:00
KP024424,KW10558,2026-08-30,AU,Mobile,10789,2.0,1209,4309,28.06,2026-08-30 20:03:00
KP024425,KW10468,2026-08-31,IN,Desktop,782,47.0,5,126,3.97,2026-08-31 13:02:00
KP024426,KW11417,2026-09-01,US,Desktop,4022,14.0,139,1749,7.95,2026-09-01 17:51:00
KP024427,KW11208,2026-09-02,BR,Desktop,6283,42.0,33,650,5.08,2026-09-02 17:44:00
KP024428,KW10273,2026-09-03,FR,Desktop,10896,18.0,220,3211,6.85,2026-09-03 03:25:00
KP024429,KW11576,2026-09-04,JP,Desktop,3128,42.0,73,1618,4.51,2026-09-04 20:55:00
KP024430,KW10748,2026-09-05,UK,Mobile,6009,45.0,22,687,3.2,2026-09-05 19:13:00
KP024431,KW11992,2026-09-06,UK,Mobile,2217,17.0,88,1166,7.55,2026-09-06 02:40:00
KP024432,KW10252,2026-09-07,US,Desktop,2038,32.0,36,878,4.1,2026-09-07 01:12:00
KP024433,KW10995,2026-09-08,JP,Mobile,3387,44.0,49,1181,4.15,2026-09-08 04:09:00
KP024434,KW11546,2026-09-09,MX,Mobile,3487,50.0,9,296,3.04,2026-09-09 11:06:00
KP024435,KW10485,2026-09-10,UK,Mobile,1555,21.0,30,605,4.96,2026-09-10 21:13:00
KP024436,KW10769,2026-09-11,DE,Mobile,3193,13.0,100,1248,8.01,2026-09-11 00:19:00
KP024437,KW10936,2026-09-12,IN,Mobile,4035,25.0,23,472,4.87,2026-09-12 20:47:00
KP024438,KW10897,2026-09-13,DE,Mobile,1961,11.0,44,405,10.86,2026-09-13 16:50:00
KP024439,KW11558,2026-09-14,US,Mobile,1287,44.0,23,497,4.63,2026-09-14 00:01:00
KP024440,KW10501,2026-09-15,FR,Mobile,20890,43.0,478,8998,5.31,2026-09-15 05:19:00
KP024441,KW10645,2026-09-16,FR,Desktop,355,45.0,3,76,3.95,2026-09-16 04:34:00
KP024442,KW11503,2026-09-17,BR,Mobile,8921,8.0,470,3884,12.1,2026-09-17 22:38:00
KP024443,KW11364,2026-09-18,AU,Mobile,1388,40.0,17,324,5.25,2026-09-18 00:21:00
KP024444,KW11852,2026-09-19,JP,Desktop,6561,50.0,97,1961,4.95,2026-09-19 18:46:00
KP024445,KW10330,2026-09-20,US,Mobile,6881,21.0,79,1093,7.23,2026-09-20 06:30:00
KP024446,KW10895,2026-09-21,FR,Desktop,1581,35.0,23,435,5.29,2026-09-21 06:04:00
KP024447,KW11211,2026-09-22,BR,Desktop,2190,5.0,14,115,12.17,2026-09-22 10:54:00
KP024448,KW10030,2026-09-23,MX,Desktop,4895,12.0,102,1164,8.76,2026-09-23 00:36:00
KP024449,KW10596,2026-09-24,BR,Desktop,1178,25.0,10,152,6.58,2026-09-24 23:55:00
KP024450,KW10154,2026-09-25,FR,Desktop,14044,49.0,308,6107,5.04,2026-09-25 00:11:00
KP024451,KW10549,2026-09-26,MX,Mobile,2590,50.0,57,1333,4.28,2026-09-26 10:01:00
KP024452,KW11231,2026-09-27,MX,Desktop,12392,35.0,47,846,5.56,2026-09-27 08:21:00
KP024453,KW10771,2026-09-28,JP,Desktop,2824,31.0,59,1074,5.49,2026-09-28 02:37:00
KP024454,KW10393,2026-09-29,AU,Mobile,15826,27.0,174,2639,6.59,2026-09-29 20:21:00
KP024455,KW11696,2026-09-30,DE,Tablet,694,19.0,2,35,5.71,2026-09-30 00:14:00
KP024699,KW10813,2026-06-01,FR,Desktop,2194,47.0,44,981,4.49,2026-06-01 19:38:00
KP024700,KW10771,2026-06-02,JP,Mobile,2455,20.0,28,444,6.31,2026-06-02 08:23:00
KP024701,KW11889,2026-06-03,BR,Mobile,4072,37.0,85,1712,4.96,2026-06-03 19:54:00
KP024702,KW10966,2026-06-04,IN,Mobile,1182,12.0,27,360,7.5,2026-06-04 10:33:00
KP024703,KW11089,2026-06-05,DE,Mobile,8166,17.0,263,3885,6.77,2026-06-05 03:45:00
KP024704,KW11237,2026-06-06,AU,Desktop,2343,14.0,45,670,6.72,2026-06-06 20:50:00
KP024705,KW10881,2026-06-07,IN,Desktop,2647,14.0,70,815,8.59,2026-06-07 12:07:00
KP024706,KW10220,2026-06-08,US,Desktop,3032,50.0,63,1530,4.12,2026-06-08 20:04:00
KP024707,KW10247,2026-06-09,DE,Desktop,2954,5.0,239,1468,16.28,2026-06-09 20:29:00
KP024708,KW11201,2026-06-10,UK,Mobile,3155,1.0,427,1518,28.13,2026-06-10 17:04:00
KP024709,KW10475,2026-06-11,DE,Mobile,7805,20.0,113,1437,7.86,2026-06-11 13:26:00
KP024710,KW11567,2026-06-12,US,Mobile,5726,3.0,344,1869,18.41,2026-06-12 23:41:00
KP024711,KW10437,2026-06-13,DE,Mobile,4447,8.0,193,1431,13.49,2026-06-13 18:41:00
KP024712,KW10498,2026-06-14,AU,Tablet,2605,31.0,67,1073,6.24,2026-06-14 23:26:00
KP024713,KW10680,2026-06-15,FR,Desktop,14967,3.0,826,4024,20.53,2026-06-15 13:43:00
KP024714,KW10750,2026-06-16,AU,Mobile,1429,49.0,29,593,4.89,2026-06-16 23:27:00
KP024715,KW11043,2026-06-17,BR,Desktop,15813,3.0,1266,6300,20.1,2026-06-17 15:57:00
KP024716,KW11711,2026-06-18,MX,Mobile,11844,23.0,305,5286,5.77,2026-06-18 13:52:00
KP024717,KW11634,2026-06-19,JP,Desktop,2611,47.0,23,596,3.86,2026-06-19 09:51:00
KP024718,KW11708,2026-06-20,FR,Desktop,1329,21.0,34,474,7.17,2026-06-20 10:32:00
KP024719,KW11229,2026-06-21,US,Desktop,1057,12.0,34,406,8.37,2026-06-21 08:10:00
KP024720,KW10243,2026-06-22,FR,Mobile,1433,22.0,17,270,6.3,2026-06-22 04:10:00
KP024721,KW11342,2026-06-23,DE,Mobile,2783,40.0,21,546,3.85,2026-06-23 01:26:00
KP024722,KW10726,2026-06-24,CA,Desktop,1373,28.0,37,623,5.94,2026-06-24 18:33:00
KP024723,KW11355,2026-06-25,IN,Desktop,1060,38.0,19,455,4.18,2026-06-25 22:05:00
KP024724,KW11482,2026-06-26,FR,Mobile,1177,50.0,14,322,4.35,2026-06-26 20:04:00
KP024725,KW11467,2026-06-27,DE,Desktop,3940,40.0,17,484,3.51,2026-06-27 07:25:00
KP024726,KW10435,2026-06-28,FR,Desktop,2809,42.0,61,1391,4.39,2026-06-28 03:23:00
KP024727,KW10550,2026-06-29,UK,Desktop,2934,32.0,60,1296,4.63,2026-06-29 03:33:00
KP024728,KW11041,2026-06-30,UK,Desktop,1099,20.0,18,355,5.07,2026-06-30 05:55:00
KP024729,KW11361,2026-07-01,UK,Mobile,1963,6.0,62,412,15.05,2026-07-01 04:41:00
KP024730,KW10656,2026-07-02,US,Mobile,8007,29.0,73,1248,5.85,2026-07-02 14:26:00
KP024731,KW11563,2026-07-03,FR,Mobile,4532,30.0,83,1513,5.49,2026-07-03 10:02:00
KP024732,KW11186,2026-07-04,AU,Desktop,3966,30.0,23,540,4.26,2026-07-04 15:11:00
KP024733,KW11616,2026-07-05,UK,Mobile,2013,21.0,32,556,5.76,2026-07-05 20:48:00
KP024734,KW11200,2026-07-06,US,Mobile,1605,10.0,39,501,7.78,2026-07-06 03:20:00
KP024735,KW11483,2026-07-07,UK,Desktop,1324,36.0,18,459,3.92,2026-07-07 02:40:00
KP024736,KW11029,2026-07-08,UK,Desktop,409,18.0,17,211,8.06,2026-07-08 20:34:00
KP024737,KW11097,2026-07-09,CA,Mobile,3519,8.0,117,848,13.8,2026-07-09 12:30:00
KP024738,KW10770,2026-07-10,DE,Mobile,1430,7.0,43,421,10.21,2026-07-10 12:17:00
KP024739,KW11787,2026-07-11,MX,Desktop,4410,33.0,51,1145,4.45,2026-07-11 21:18:00
KP024740,KW11607,2026-07-12,AU,Mobile,11208,12.0,425,4545,9.35,2026-07-12 08:26:00
KP024741,KW11425,2026-07-13,BR,Desktop,10652,36.0,178,3035,5.86,2026-07-13 10:53:00
KP024742,KW11477,2026-07-14,IN,Desktop,746,27.0,6,139,4.32,2026-07-14 13:46:00
KP024743,KW11945,2026-07-15,US,Desktop,3778,9.0,22,212,10.38,2026-07-15 08:03:00
KP024744,KW11182,2026-07-16,UK,Mobile,3318,30.0,49,1009,4.86,2026-07-16 15:41:00
KP024745,KW10326,2026-07-17,CA,Mobile,1095,30.0,18,307,5.86,2026-07-17 10:57:00
KP024746,KW10869,2026-07-18,BR,Mobile,7904,49.0,162,3737,4.34,2026-07-18 06:49:00
KP024747,KW10010,2026-07-19,FR,Mobile,4628,44.0,65,1785,3.64,2026-07-19 20:38:00
KP024748,KW10044,2026-07-20,US,Desktop,663,15.0,7,102,6.86,2026-07-20 09:44:00
KP024749,KW10829,2026-07-21,UK,Mobile,3815,41.0,31,668,4.64,2026-07-21 14:53:00
KP024750,KW10065,2026-07-22,JP,Mobile,5264,11.0,99,1124,8.81,2026-07-22 08:07:00
KP024751,KW10603,2026-07-23,DE,Mobile,8120,8.0,228,2033,11.21,2026-07-23 04:38:00
KP024752,KW11097,2026-07-24,MX,Mobile,1258,2.0,117,592,19.76,2026-07-24 23:34:00
KP024753,KW10473,2026-07-25,CA,Desktop,571,46.0,6,121,4.96,2026-07-25 17:56:00
KP024754,KW10962,2026-07-26,AU,Mobile,1450,14.0,36,458,7.86,2026-07-26 00:45:00
KP024755,KW10224,2026-07-27,AU,Mobile,1526,44.0,11,259,4.25,2026-07-27 18:47:00
KP024756,KW10112,2026-07-28,DE,Mobile,1661,7.0,36,243,14.81,2026-07-28 01:15:00
KP024757,KW10240,2026-07-29,CA,Desktop,2793,14.0,56,902,6.21,2026-07-29 14:52:00
KP024758,KW11432,2026-07-30,US,Mobile,1937,45.0,20,400,5.0,2026-07-30 11:43:00
KP024759,KW11363,2026-07-31,UK,Mobile,2320,8.0,52,567,9.17,2026-07-31 20:41:00
KP024760,KW11522,2026-08-01,AU,Mobile,2227,5.0,118,1022,11.55,2026-08-01 00:05:00
KP024761,KW10393,2026-08-02,US,Mobile,24630,25.0,637,12743,5.0,2026-08-02 20:48:00
KP024762,KW11813,2026-08-03,JP,Mobile,2846,16.0,95,1037,9.16,2026-08-03 18:45:00
KP024763,KW10632,2026-08-04,FR,Desktop,2437,10.0,76,914,8.32,2026-08-04 12:13:00
KP024764,KW11491,2026-08-05,AU,Mobile,5739,5.0,445,3084,14.43,2026-08-05 12:05:00
KP024765,KW10884,2026-08-06,DE,Desktop,1587,29.0,13,195,6.67,2026-08-06 00:01:00
KP024766,KW10136,2026-08-07,US,Desktop,4065,16.0,135,2110,6.4,2026-08-07 06:48:00
KP024767,KW10082,2026-08-08,MX,Mobile,371,16.0,15,188,7.98,2026-08-08 09:33:00
KP024768,KW11325,2026-08-09,AU,Mobile,10730,21.0,88,1763,4.99,2026-08-09 04:06:00
KP024769,KW10571,2026-08-10,JP,Desktop,877,37.0,20,341,5.87,2026-08-10 10:34:00
KP024770,KW11724,2026-08-11,UK,Desktop,3037,26.0,90,1564,5.75,2026-08-11 01:05:00
KP024771,KW10961,2026-08-12,US,Mobile,5884,40.0,14,333,4.2,2026-08-12 03:08:00
KP024772,KW10225,2026-08-13,CA,Mobile,794,1.0,18,52,34.62,2026-08-13 08:49:00
KP024773,KW11842,2026-08-14,JP,Desktop,2162,25.0,20,415,4.82,2026-08-14 01:46:00
KP024774,KW11208,2026-08-15,FR,Desktop,1407,32.0,12,306,3.92,2026-08-15 06:19:00
KP024775,KW11830,2026-08-16,US,Mobile,6460,26.0,101,1538,6.57,2026-08-16 10:17:00
KP024776,KW11331,2026-08-17,CA,Mobile,3046,17.0,65,1145,5.68,2026-08-17 01:37:00
KP024777,KW11905,2026-08-18,UK,Mobile,2852,39.0,46,1195,3.85,2026-08-18 04:34:00
KP024778,KW10375,2026-08-19,BR,Desktop,1567,50.0,9,287,3.14,2026-08-19 04:13:00
KP024779,KW11610,2026-08-20,FR,Desktop,3245,26.0,36,838,4.3,2026-08-20 08:16:00
KP024780,KW10033,2026-08-21,CA,Desktop,1478,32.0,16,418,3.83,2026-08-21 23:37:00
KP024781,KW10359,2026-08-22,MX,Mobile,6191,45.0,68,1432,4.75,2026-08-22 00:24:00
KP024782,KW10969,2026-08-23,DE,Desktop,1091,5.0,67,480,13.96,2026-08-23 23:15:00
KP024783,KW10813,2026-08-24,JP,Desktop,7489,36.0,143,3081,4.64,2026-08-24 16:13:00
KP024784,KW11044,2026-08-25,MX,Mobile,2884,42.0,40,1127,3.55,2026-08-25 10:41:00
KP024785,KW11062,2026-08-26,FR,Desktop,995,18.0,14,220,6.36,2026-08-26 03:37:00
KP024786,KW11205,2026-08-27,AU,Mobile,6104,40.0,81,2293,3.53,2026-08-27 04:41:00
KP024787,KW11679,2026-08-28,DE,Mobile,4987,47.0,26,595,4.37,2026-08-28 12:36:00
KP024788,KW10166,2026-08-29,US,Desktop,4911,32.0,124,2615,4.74,2026-08-29 01:24:00
KP024789,KW11688,2026-08-30,US,Desktop,1820,40.0,39,916,4.26,2026-08-30 03:08:00
KP024790,KW10283,2026-08-31,US,Mobile,2686,31.0,37,589,6.28,2026-08-31 23:34:00
KP024791,KW10811,2026-09-01,BR,Mobile,1726,43.0,5,104,4.81,2026-09-01 17:39:00
KP024792,KW10677,2026-09-02,FR,Mobile,4651,19.0,154,2221,6.93,2026-09-02 16:24:00
KP024793,KW10170,2026-09-03,IN,Mobile,6173,28.0,122,2320,5.26,2026-09-03 07:58:00
KP024794,KW11368,2026-09-04,FR,Mobile,565,28.0,6,101,5.94,2026-09-04 11:54:00
KP024795,KW10597,2026-09-05,MX,Tablet,8100,25.0,123,2067,5.95,2026-09-05 19:07:00
KP024796,KW11455,2026-09-06,JP,Desktop,3587,43.0,17,401,4.24,2026-09-06 07:24:00
KP024797,KW11389,2026-09-07,UK,Desktop,1508,21.0,33,484,6.82,2026-09-07 11:51:00
KP024798,KW11401,2026-09-08,CA,Desktop,1150,26.0,18,325,5.54,2026-09-08 07:24:00
KP024799,KW10786,2026-09-09,UK,Mobile,6852,44.0,29,722,4.02,2026-09-09 00:37:00
KP024800,KW11544,2026-09-10,CA,Desktop,780,1.0,65,202,32.18,2026-09-10 14:50:00
KP024801,KW10270,2026-09-11,UK,Desktop,11229,25.0,203,3680,5.52,2026-09-11 13:34:00
KP024802,KW10481,2026-09-12,FR,Mobile,4769,12.0,229,2170,10.55,2026-09-12 08:17:00
KP024803,KW10945,2026-09-13,JP,Mobile,6509,36.0,110,2348,4.68,2026-09-13 14:22:00
KP024804,KW11802,2026-09-14,JP,Desktop,9337,26.0,134,2295,5.84,2026-09-14 13:10:00
KP024805,KW10106,2026-09-15,AU,Mobile,3684,45.0,32,680,4.71,2026-09-15 22:35:00
KP024806,KW10457,2026-09-16,IN,Mobile,2155,14.0,75,1041,7.2,2026-09-16 04:04:00
KP024807,KW10171,2026-09-17,UK,Desktop,4524,32.0,44,693,6.35,2026-09-17 13:42:00
KP024808,KW10661,2026-09-18,FR,Mobile,7406,27.0,40,775,5.16,2026-09-18 06:11:00
KP024809,KW10591,2026-09-19,AU,Mobile,7236,49.0,135,2654,5.09,2026-09-19 16:21:00
KP024810,KW11139,2026-09-20,MX,Desktop,6651,17.0,89,1269,7.01,2026-09-20 02:04:00
KP024811,KW10180,2026-09-21,UK,Mobile,8473,20.0,85,1274,6.67,2026-09-21 10:42:00
KP024812,KW11410,2026-09-22,JP,Mobile,7441,10.0,102,847,12.04,2026-09-22 08:05:00
KP024813,KW11435,2026-09-23,IN,Desktop,4183,27.0,71,1283,5.53,2026-09-23 07:02:00
KP024814,KW10436,2026-09-24,UK,Mobile,2212,18.0,45,537,8.38,2026-09-24 07:34:00
KP024815,KW10045,2026-09-25,IN,Desktop,20087,20.0,781,9996,7.81,2026-09-25 14:34:00
KP024816,KW10982,2026-09-26,CA,Tablet,3177,17.0,39,598,6.52,2026-09-26 13:33:00
KP024817,KW11622,2026-09-27,UK,Mobile,7792,20.0,198,2989,6.62,2026-09-27 12:17:00
KP024818,KW10259,2026-09-28,UK,Desktop,1589,3.0,35,196,17.86,2026-09-28 20:06:00
KP024819,KW11140,2026-09-29,UK,Desktop,2829,38.0,37,664,5.57,2026-09-29 17:35:00
KP024820,KW11719,2026-09-30,JP,Mobile,8701,10.0,164,1622,10.11,2026-09-30 23:10:00
KP025064,KW11218,2026-06-01,AU,Desktop,3121,8.0,62,585,10.6,2026-06-01 07:47:00
KP025065,KW11967,2026-06-02,FR,Desktop,875,30.0,7,142,4.93,2026-06-02 09:53:00
KP025066,KW11089,2026-06-03,DE,Mobile,13771,5.0,136,942,14.44,2026-06-03 01:05:00
KP025067,KW10837,2026-06-04,AU,Desktop,2958,21.0,46,644,7.14,2026-06-04 16:08:00
KP025068,KW10601,2026-06-05,DE,Desktop,799,5.0,21,191,10.99,2026-06-05 21:28:00
KP025069,KW11893,2026-06-06,FR,Desktop,3404,28.0,48,789,6.08,2026-06-06 08:27:00
KP025070,KW10804,2026-06-07,IN,Desktop,1215,24.0,22,460,4.78,2026-06-07 18:01:00
KP025071,KW11449,2026-06-08,US,Desktop,6327,42.0,47,988,4.76,2026-06-08 20:33:00
KP025072,KW11290,2026-06-09,JP,Mobile,10967,38.0,41,714,5.74,2026-06-09 05:19:00
KP025073,KW10874,2026-06-10,DE,Desktop,2513,1.0,224,713,31.42,2026-06-10 11:42:00
KP025074,KW10320,2026-06-11,CA,Mobile,1421,6.0,61,606,10.07,2026-06-11 14:11:00
KP025075,KW10151,2026-06-12,DE,Mobile,3478,49.0,65,1684,3.86,2026-06-12 23:50:00
KP025076,KW11579,2026-06-13,DE,Desktop,2580,45.0,22,629,3.5,2026-06-13 18:43:00
KP025077,KW10261,2026-06-14,CA,Desktop,4461,43.0,120,2390,5.02,2026-06-14 07:30:00
KP025078,KW10632,2026-06-15,AU,Desktop,16138,43.0,241,4948,4.87,2026-06-15 00:10:00
KP025079,KW11149,2026-06-16,IN,Desktop,4863,47.0,64,1409,4.54,2026-06-16 21:08:00
KP025080,KW11946,2026-06-17,AU,Mobile,2110,22.0,22,393,5.6,2026-06-17 16:05:00
KP025081,KW11664,2026-06-18,MX,Tablet,4253,13.0,107,1130,9.47,2026-06-18 22:23:00
KP025082,KW11576,2026-06-19,JP,Mobile,2908,13.0,20,257,7.78,2026-06-19 23:47:00
KP025083,KW10521,2026-06-20,UK,Desktop,10240,31.0,62,1106,5.61,2026-06-20 17:45:00
KP025084,KW11614,2026-06-21,DE,Desktop,4077,4.0,175,1335,13.11,2026-06-21 22:03:00
KP025085,KW10461,2026-06-22,BR,Desktop,13914,10.0,624,5394,11.57,2026-06-22 15:30:00
KP025086,KW11160,2026-06-23,JP,Mobile,3439,1.0,394,1155,34.11,2026-06-23 09:29:00
KP025087,KW11079,2026-06-24,DE,Desktop,4290,50.0,61,1964,3.11,2026-06-24 23:58:00
KP025088,KW11064,2026-06-25,BR,Mobile,617,8.0,39,322,12.11,2026-06-25 15:53:00
KP025089,KW12000,2026-06-26,DE,Desktop,753,12.0,14,200,7.0,2026-06-26 08:42:00
KP025090,KW11784,2026-06-27,MX,Mobile,3181,16.0,63,800,7.88,2026-06-27 02:31:00
KP025091,KW11292,2026-06-28,IN,Desktop,2306,17.0,85,1093,7.78,2026-06-28 12:50:00
KP025092,KW11861,2026-06-29,JP,Desktop,3594,15.0,54,721,7.49,2026-06-29 12:06:00
KP025093,KW10613,2026-06-30,MX,Desktop,3261,11.0,71,788,9.01,2026-06-30 18:40:00
KP025094,KW10697,2026-07-01,US,Desktop,1319,5.0,96,658,14.59,2026-07-01 19:47:00
KP025095,KW11082,2026-07-02,DE,Mobile,11061,5.0,733,5108,14.35,2026-07-02 07:26:00
KP025096,KW11519,2026-07-03,CA,Desktop,3825,37.0,92,1635,5.63,2026-07-03 00:22:00
KP025097,KW10254,2026-07-04,MX,Mobile,3529,27.0,28,539,5.19,2026-07-04 11:42:00
KP025098,KW11972,2026-07-05,IN,Desktop,2189,38.0,32,576,5.56,2026-07-05 07:59:00
KP025099,KW11137,2026-07-06,DE,Desktop,2840,47.0,55,1311,4.2,2026-07-06 09:25:00
KP025100,KW10991,2026-07-07,CA,Mobile,1075,20.0,12,209,5.74,2026-07-07 08:14:00
KP025101,KW10085,2026-07-08,CA,Desktop,18373,24.0,330,5351,6.17,2026-07-08 06:06:00
KP025102,KW10806,2026-07-09,CA,Mobile,3448,33.0,53,1382,3.84,2026-07-09 01:19:00
KP025103,KW10003,2026-07-10,FR,Mobile,1729,33.0,39,665,5.86,2026-07-10 17:29:00
KP025104,KW10497,2026-07-11,MX,Mobile,1099,31.0,10,220,4.55,2026-07-11 06:46:00
KP025105,KW10170,2026-07-12,MX,Desktop,6862,26.0,94,2117,4.44,2026-07-12 05:10:00
KP025106,KW11411,2026-07-13,BR,Mobile,2566,1.0,473,1354,34.93,2026-07-13 03:38:00
KP025107,KW10719,2026-07-14,BR,Mobile,1205,30.0,18,394,4.57,2026-07-14 17:20:00
KP025108,KW10829,2026-07-15,JP,Mobile,1786,25.0,6,108,5.56,2026-07-15 21:31:00
KP025109,KW10626,2026-07-16,BR,Mobile,4116,40.0,112,2031,5.51,2026-07-16 15:05:00
KP025110,KW11635,2026-07-17,AU,Mobile,2911,2.0,57,204,27.94,2026-07-17 23:47:00
KP025111,KW11864,2026-07-18,US,Mobile,1368,29.0,27,526,5.13,2026-07-18 18:57:00
KP025112,KW11602,2026-07-19,IN,Mobile,2184,5.0,71,570,12.46,2026-07-19 02:07:00
KP025113,KW10503,2026-07-20,IN,Tablet,4327,2.0,569,1959,29.05,2026-07-20 15:08:00
KP025114,KW11665,2026-07-21,IN,Desktop,4933,49.0,81,2587,3.13,2026-07-21 00:25:00
KP025115,KW10129,2026-07-22,CA,Desktop,1419,21.0,15,244,6.15,2026-07-22 09:42:00
KP025116,KW11734,2026-07-23,BR,Mobile,3604,26.0,65,1036,6.27,2026-07-23 07:37:00
KP025117,KW11328,2026-07-24,FR,Desktop,1498,48.0,19,431,4.41,2026-07-24 13:33:00
KP025118,KW11651,2026-07-25,BR,Desktop,7984,48.0,40,855,4.68,2026-07-25 16:36:00
KP025119,KW11512,2026-07-26,DE,Mobile,1805,12.0,49,454,10.79,2026-07-26 23:34:00
KP025120,KW11844,2026-07-27,UK,Mobile,6364,46.0,133,3101,4.29,2026-07-27 12:39:00
KP025121,KW11693,2026-07-28,CA,Desktop,6170,23.0,101,1828,5.53,2026-07-28 03:53:00
KP025122,KW11715,2026-07-29,UK,Desktop,7143,13.0,247,2448,10.09,2026-07-29 17:11:00
KP025123,KW10198,2026-07-30,BR,Mobile,1216,15.0,6,107,5.61,2026-07-30 12:12:00
KP025124,KW10293,2026-07-31,JP,Desktop,6767,38.0,188,3319,5.66,2026-07-31 18:47:00
KP025125,KW10880,2026-08-01,AU,Mobile,1597,36.0,51,857,5.95,2026-08-01 19:57:00
KP025126,KW10149,2026-08-02,BR,Mobile,345,33.0,5,145,3.45,2026-08-02 16:38:00
KP025127,KW10339,2026-08-03,CA,Mobile,7529,38.0,41,747,5.49,2026-08-03 04:20:00
KP025128,KW10852,2026-08-04,MX,Tablet,1665,49.0,15,450,3.33,2026-08-04 13:23:00
KP025129,KW11986,2026-08-05,AU,Desktop,5607,38.0,60,1145,5.24,2026-08-05 08:06:00
KP025130,KW11300,2026-08-06,IN,Mobile,978,33.0,9,169,5.33,2026-08-06 00:30:00
KP025131,KW11910,2026-08-07,BR,Mobile,2957,6.0,74,562,13.17,2026-08-07 06:31:00
KP025132,KW10715,2026-08-08,FR,Desktop,3784,23.0,116,1494,7.76,2026-08-08 22:09:00
KP025133,KW11178,2026-08-09,BR,Desktop,2059,28.0,49,797,6.15,2026-08-09 17:38:00
KP025134,KW10601,2026-08-10,MX,Tablet,3732,22.0,111,1621,6.85,2026-08-10 15:18:00
KP025135,KW10939,2026-08-11,JP,Desktop,7016,27.0,69,1454,4.75,2026-08-11 02:56:00
KP025136,KW11359,2026-08-12,JP,Desktop,1287,44.0,4,100,4.0,2026-08-12 20:47:00
KP025137,KW10701,2026-08-13,BR,Mobile,4591,50.0,12,362,3.31,2026-08-13 16:09:00
KP025138,KW11859,2026-08-14,FR,Mobile,5974,37.0,113,2667,4.24,2026-08-14 14:09:00
KP025139,KW10180,2026-08-15,JP,Desktop,4424,23.0,171,2291,7.46,2026-08-15 05:16:00
KP025140,KW11774,2026-08-16,JP,Mobile,2394,33.0,57,1270,4.49,2026-08-16 07:24:00
KP025141,KW10835,2026-08-17,FR,Desktop,7529,31.0,228,3728,6.12,2026-08-17 02:45:00
KP025142,KW11688,2026-08-18,FR,Mobile,5271,42.0,53,1200,4.42,2026-08-18 08:30:00
KP025143,KW11283,2026-08-19,CA,Desktop,1133,16.0,22,275,8.0,2026-08-19 13:17:00
KP025144,KW10157,2026-08-20,CA,Mobile,3944,41.0,27,699,3.86,2026-08-20 08:29:00
KP025145,KW10999,2026-08-21,BR,Mobile,1525,43.0,27,597,4.52,2026-08-21 15:36:00
KP025146,KW11250,2026-08-22,AU,Mobile,9791,3.0,764,3933,19.43,2026-08-22 02:58:00
KP025147,KW11587,2026-08-23,UK,Desktop,1024,29.0,25,424,5.9,2026-08-23 07:39:00
KP025148,KW11899,2026-08-24,US,Mobile,11992,10.0,152,1257,12.09,2026-08-24 19:01:00
KP025149,KW10743,2026-08-25,MX,Desktop,346,37.0,6,158,3.8,2026-08-25 18:58:00
KP025150,KW11646,2026-08-26,JP,Mobile,7929,36.0,91,1509,6.03,2026-08-26 09:58:00
KP025151,KW11185,2026-08-27,US,Desktop,1819,29.0,22,346,6.36,2026-08-27 15:08:00
KP025152,KW10547,2026-08-28,CA,Desktop,1099,46.0,2,66,3.03,2026-08-28 10:22:00
KP025153,KW10110,2026-08-29,FR,Mobile,9394,2.0,966,5128,18.84,2026-08-29 10:14:00
KP025154,KW10916,2026-08-30,FR,Mobile,30936,1.0,5419,15484,35.0,2026-08-30 20:56:00
KP025155,KW10938,2026-08-31,AU,Mobile,1753,8.0,57,672,8.48,2026-08-31 01:24:00
KP025156,KW10919,2026-09-01,BR,Mobile,2571,49.0,47,1035,4.54,2026-09-01 07:49:00
KP025157,KW10893,2026-09-02,CA,Tablet,2032,34.0,60,1080,5.56,2026-09-02 05:03:00
KP025158,KW10504,2026-09-03,UK,Desktop,7611,46.0,37,731,5.06,2026-09-03 10:31:00
KP025159,KW11013,2026-09-04,MX,Mobile,1464,9.0,48,455,10.55,2026-09-04 20:30:00
KP025160,KW11929,2026-09-05,DE,Desktop,3037,35.0,66,1284,5.14,2026-09-05 04:04:00
KP025161,KW11347,2026-09-06,AU,Desktop,4843,2.0,90,485,18.56,2026-09-06 14:20:00
KP025162,KW10270,2026-09-07,BR,Tablet,4148,33.0,71,1548,4.59,2026-09-07 02:12:00
KP025163,KW10451,2026-09-08,CA,Desktop,2401,46.0,14,319,4.39,2026-09-08 10:13:00
KP025164,KW10863,2026-09-09,JP,Desktop,1573,24.0,36,641,5.62,2026-09-09 22:28:00
KP025165,KW11935,2026-09-10,AU,Mobile,4111,14.0,139,1787,7.78,2026-09-10 09:31:00
KP025166,KW10135,2026-09-11,JP,Mobile,1424,4.0,100,704,14.2,2026-09-11 16:06:00
KP025167,KW11429,2026-09-12,IN,Mobile,967,31.0,10,228,4.39,2026-09-12 22:18:00
KP025168,KW11287,2026-09-13,US,Desktop,17380,41.0,242,4963,4.88,2026-09-13 05:15:00
KP025169,KW10427,2026-09-14,DE,Desktop,2287,43.0,51,1074,4.75,2026-09-14 03:00:00
KP025170,KW11973,2026-09-15,FR,Desktop,1149,23.0,22,338,6.51,2026-09-15 21:50:00
KP025171,KW11433,2026-09-16,CA,Mobile,733,26.0,4,97,4.12,2026-09-16 20:52:00
KP025172,KW11849,2026-09-17,US,Desktop,4501,45.0,67,1490,4.5,2026-09-17 17:44:00
KP025173,KW11475,2026-09-18,CA,Desktop,10415,18.0,243,3885,6.25,2026-09-18 13:11:00
KP025174,KW11717,2026-09-19,US,Desktop,1646,14.0,39,392,9.95,2026-09-19 16:12:00
KP025175,KW11226,2026-09-20,IN,Desktop,3885,35.0,86,1741,4.94,2026-09-20 11:58:00
KP025176,KW11741,2026-09-21,US,Desktop,7224,5.0,177,1135,15.59,2026-09-21 02:09:00
KP025177,KW10523,2026-09-22,AU,Mobile,1644,18.0,29,424,6.84,2026-09-22 03:35:00
KP025178,KW10544,2026-09-23,DE,Desktop,1563,5.0,91,518,17.57,2026-09-23 09:53:00
KP025179,KW11545,2026-09-24,MX,Desktop,2435,7.0,150,1253,11.97,2026-09-24 07:43:00
KP025180,KW11917,2026-09-25,BR,Desktop,7889,9.0,227,2080,10.91,2026-09-25 18:36:00
KP025181,KW10668,2026-09-26,IN,Desktop,2650,4.0,188,1070,17.57,2026-09-26 17:59:00
KP025182,KW11948,2026-09-27,US,Desktop,3058,43.0,27,600,4.5,2026-09-27 02:08:00
KP025183,KW10771,2026-09-28,UK,Desktop,3734,40.0,103,1974,5.22,2026-09-28 16:44:00
KP025184,KW10087,2026-09-29,US,Mobile,5535,5.0,51,403,12.66,2026-09-29 16:23:00
KP025185,KW11027,2026-09-30,DE,Mobile,1179,8.0,39,322,12.11,2026-09-30 16:16:00
KP025429,KW10854,2026-06-01,FR,Desktop,4052,17.0,131,2152,6.09,2026-06-01 15:32:00
KP025430,KW10101,2026-06-02,MX,Mobile,4973,40.0,67,1440,4.65,2026-06-02 11:45:00
KP025431,KW11226,2026-06-03,FR,Mobile,2884,46.0,69,1467,4.7,2026-06-03 18:16:00
KP025432,KW11024,2026-06-04,CA,Mobile,3478,31.0,100,1527,6.55,2026-06-04 11:49:00
KP025433,KW11496,2026-06-05,JP,Mobile,3708,11.0,177,1924,9.2,2026-06-05 04:33:00
KP025434,KW10343,2026-06-06,JP,Mobile,4777,14.0,75,770,9.74,2026-06-06 13:18:00
KP025435,KW11735,2026-06-07,JP,Mobile,1495,44.0,34,766,4.44,2026-06-07 10:08:00
KP025436,KW10546,2026-06-08,MX,Mobile,6113,27.0,79,1132,6.98,2026-06-08 04:36:00
KP025437,KW11691,2026-06-09,AU,Mobile,1027,30.0,24,480,5.0,2026-06-09 09:16:00
KP025438,KW10930,2026-06-10,MX,Desktop,3305,46.0,7,169,4.14,2026-06-10 00:53:00
KP025439,KW10848,2026-06-11,BR,Desktop,2174,40.0,51,1008,5.06,2026-06-11 17:14:00
KP025440,KW10555,2026-06-12,US,Desktop,7827,46.0,167,3397,4.92,2026-06-12 13:42:00
KP025441,KW10892,2026-06-13,FR,Desktop,1900,38.0,41,814,5.04,2026-06-13 13:35:00
KP025442,KW10013,2026-06-14,UK,Tablet,1600,39.0,15,424,3.54,2026-06-14 12:55:00
KP025443,KW10494,2026-06-15,IN,Mobile,13024,24.0,289,3992,7.24,2026-06-15 20:32:00
KP025444,KW11169,2026-06-16,DE,Desktop,1490,17.0,54,709,7.62,2026-06-16 18:10:00
KP025445,KW11756,2026-06-17,DE,Mobile,7716,28.0,98,1907,5.14,2026-06-17 09:30:00
KP025446,KW11340,2026-06-18,FR,Tablet,7126,29.0,160,2617,6.11,2026-06-18 03:21:00
KP025447,KW11618,2026-06-19,US,Mobile,4542,43.0,33,724,4.56,2026-06-19 15:54:00
KP025448,KW10711,2026-06-20,MX,Mobile,12595,39.0,188,3514,5.35,2026-06-20 14:50:00
KP025449,KW11747,2026-06-21,IN,Desktop,1701,19.0,25,409,6.11,2026-06-21 02:39:00
KP025450,KW11848,2026-06-22,DE,Desktop,2701,4.0,192,1037,18.51,2026-06-22 22:47:00
KP025451,KW11874,2026-06-23,FR,Desktop,11592,2.0,391,1450,26.97,2026-06-23 16:31:00
KP025452,KW10526,2026-06-24,US,Mobile,904,16.0,6,88,6.82,2026-06-24 19:12:00
KP025453,KW10802,2026-06-25,BR,Mobile,1636,46.0,19,482,3.94,2026-06-25 03:24:00
KP025454,KW10195,2026-06-26,CA,Desktop,4109,28.0,12,247,4.86,2026-06-26 03:34:00
KP025455,KW10464,2026-06-27,AU,Mobile,3677,14.0,68,752,9.04,2026-06-27 17:22:00
KP025456,KW10434,2026-06-28,US,Mobile,2815,35.0,57,1175,4.85,2026-06-28 07:27:00
KP025457,KW11545,2026-06-29,UK,Mobile,3310,25.0,61,884,6.9,2026-06-29 16:23:00
KP025458,KW11695,2026-06-30,CA,Desktop,1898,2.0,75,294,25.51,2026-06-30 01:22:00
KP025459,KW10306,2026-07-01,JP,Desktop,223,38.0,3,70,4.29,2026-07-01 06:33:00
KP025460,KW10162,2026-07-02,UK,Mobile,1871,11.0,71,687,10.33,2026-07-02 00:57:00
KP025461,KW10487,2026-07-03,FR,Desktop,7293,5.0,77,652,11.81,2026-07-03 06:11:00
KP025462,KW10448,2026-07-04,FR,Mobile,3102,29.0,77,1397,5.51,2026-07-04 23:12:00
KP025463,KW11615,2026-07-05,MX,Mobile,3099,42.0,66,1518,4.35,2026-07-05 08:22:00
KP025464,KW10987,2026-07-06,JP,Mobile,6667,24.0,222,3094,7.18,2026-07-06 14:33:00
KP025465,KW10427,2026-07-07,CA,Mobile,3474,36.0,46,1059,4.34,2026-07-07 15:21:00
KP025466,KW10818,2026-07-08,JP,Desktop,3764,8.0,30,304,9.87,2026-07-08 21:54:00
KP025467,KW11926,2026-07-09,CA,Mobile,30256,20.0,315,4311,7.31,2026-07-09 10:48:00
KP025468,KW11903,2026-07-10,JP,Desktop,2475,13.0,31,305,10.16,2026-07-10 15:46:00
KP025469,KW11348,2026-07-11,BR,Desktop,1368,38.0,3,89,3.37,2026-07-11 20:51:00
KP025470,KW10575,2026-07-12,JP,Mobile,2352,47.0,39,769,5.07,2026-07-12 03:58:00
KP025471,KW10012,2026-07-13,JP,Desktop,3555,43.0,37,880,4.2,2026-07-13 07:00:00
KP025472,KW10732,2026-07-14,CA,Mobile,3493,12.0,71,1052,6.75,2026-07-14 07:11:00
KP025473,KW10115,2026-07-15,AU,Desktop,2438,47.0,17,437,3.89,2026-07-15 07:19:00
KP025474,KW11095,2026-07-16,JP,Desktop,1297,40.0,29,697,4.16,2026-07-16 09:26:00
KP025475,KW11743,2026-07-17,US,Mobile,1431,19.0,36,636,5.66,2026-07-17 00:04:00
KP025476,KW11987,2026-07-18,UK,Mobile,5351,33.0,41,778,5.27,2026-07-18 00:40:00
KP025477,KW11894,2026-07-19,IN,Tablet,11052,4.0,843,4256,19.81,2026-07-19 14:58:00
KP025478,KW10898,2026-07-20,FR,Mobile,1416,22.0,13,220,5.91,2026-07-20 19:42:00
KP025479,KW11684,2026-07-21,US,Mobile,1286,29.0,46,691,6.66,2026-07-21 08:35:00
KP025480,KW10207,2026-07-22,JP,Mobile,2994,6.0,64,467,13.7,2026-07-22 08:24:00
KP025481,KW10531,2026-07-23,MX,Mobile,2090,4.0,53,307,17.26,2026-07-23 03:43:00
KP025482,KW11960,2026-07-24,JP,Desktop,4861,32.0,44,982,4.48,2026-07-24 17:25:00
KP025483,KW10274,2026-07-25,US,Mobile,837,8.0,21,216,9.72,2026-07-25 01:53:00
KP025484,KW10859,2026-07-26,JP,Desktop,4471,50.0,57,1256,4.54,2026-07-26 01:12:00
KP025485,KW11251,2026-07-27,FR,Desktop,1537,25.0,39,562,6.94,2026-07-27 05:36:00
KP025486,KW11176,2026-07-28,DE,Desktop,3977,24.0,52,991,5.25,2026-07-28 03:12:00
KP025487,KW10151,2026-07-29,UK,Desktop,2233,36.0,10,217,4.61,2026-07-29 21:13:00
KP025488,KW10391,2026-07-30,JP,Mobile,710,17.0,8,130,6.15,2026-07-30 07:21:00
KP025489,KW11335,2026-07-31,UK,Mobile,3114,36.0,26,572,4.55,2026-07-31 18:45:00
KP025490,KW10577,2026-08-01,DE,Desktop,503,8.0,18,170,10.59,2026-08-01 06:41:00
KP025491,KW10729,2026-08-02,US,Mobile,3752,47.0,10,218,4.59,2026-08-02 13:23:00
KP025492,KW11537,2026-08-03,IN,Mobile,2125,26.0,12,280,4.29,2026-08-03 00:49:00
KP025493,KW11533,2026-08-04,BR,Desktop,9756,18.0,386,5323,7.25,2026-08-04 15:48:00
KP025494,KW10244,2026-08-05,BR,Mobile,4367,5.0,257,2203,11.67,2026-08-05 04:28:00
KP025495,KW11869,2026-08-06,FR,Mobile,4474,38.0,13,231,5.63,2026-08-06 04:37:00
KP025496,KW10148,2026-08-07,AU,Desktop,1138,49.0,3,91,3.3,2026-08-07 22:34:00
KP025497,KW10242,2026-08-08,IN,Mobile,1307,18.0,32,465,6.88,2026-08-08 00:04:00
KP025498,KW11084,2026-08-09,MX,Tablet,905,22.0,22,412,5.34,2026-08-09 01:58:00
KP025499,KW11940,2026-08-10,BR,Mobile,1296,3.0,27,180,15.0,2026-08-10 09:39:00
KP025500,KW11426,2026-08-11,DE,Desktop,1004,9.0,29,301,9.63,2026-08-11 11:24:00
KP025501,KW10495,2026-08-12,FR,Mobile,2137,49.0,18,593,3.04,2026-08-12 18:49:00
KP025502,KW10806,2026-08-13,JP,Desktop,4568,6.0,122,1047,11.65,2026-08-13 20:06:00
KP025503,KW10273,2026-08-14,CA,Mobile,407,30.0,8,143,5.59,2026-08-14 05:14:00
KP025504,KW10713,2026-08-15,MX,Mobile,12743,1.0,1653,5334,30.99,2026-08-15 18:54:00
KP025505,KW10017,2026-08-16,FR,Desktop,922,31.0,6,103,5.83,2026-08-16 21:50:00
KP025506,KW11825,2026-08-17,UK,Desktop,3483,36.0,54,994,5.43,2026-08-17 03:39:00
KP025507,KW11785,2026-08-18,DE,Desktop,615,16.0,8,132,6.06,2026-08-18 13:59:00
KP025508,KW11031,2026-08-19,BR,Mobile,1038,43.0,21,486,4.32,2026-08-19 05:00:00
KP025509,KW11210,2026-08-20,AU,Mobile,2596,3.0,206,982,20.98,2026-08-20 13:42:00
KP025510,KW11655,2026-08-21,FR,Desktop,3297,18.0,46,674,6.82,2026-08-21 19:04:00
KP025511,KW10769,2026-08-22,JP,Mobile,2553,49.0,49,1289,3.8,2026-08-22 06:08:00
KP025512,KW11983,2026-08-23,IN,Desktop,1608,50.0,42,860,4.88,2026-08-23 06:29:00
KP025513,KW11368,2026-08-24,BR,Mobile,2765,24.0,113,1499,7.54,2026-08-24 11:35:00
KP025514,KW11894,2026-08-25,CA,Tablet,1994,23.0,46,690,6.67,2026-08-25 18:37:00
KP025515,KW11237,2026-08-26,BR,Mobile,1449,24.0,35,560,6.25,2026-08-26 02:11:00
KP025516,KW11912,2026-08-27,JP,Desktop,4773,18.0,80,1408,5.68,2026-08-27 17:35:00
KP025517,KW11966,2026-08-28,AU,Mobile,3901,28.0,96,1594,6.02,2026-08-28 06:15:00
KP025518,KW10804,2026-08-29,JP,Desktop,2656,15.0,22,277,7.94,2026-08-29 08:26:00
KP025519,KW10778,2026-08-30,IN,Mobile,3089,8.0,201,1689,11.9,2026-08-30 16:25:00
KP025520,KW11170,2026-08-31,IN,Mobile,1708,38.0,49,879,5.57,2026-08-31 17:14:00
KP025521,KW11190,2026-09-01,BR,Mobile,296,32.0,3,66,4.55,2026-09-01 21:17:00
KP025522,KW11670,2026-09-02,IN,Mobile,5566,3.0,312,2136,14.61,2026-09-02 08:06:00
KP025523,KW11155,2026-09-03,IN,Mobile,7907,38.0,136,2930,4.64,2026-09-03 10:15:00
KP025524,KW10076,2026-09-04,AU,Mobile,2374,17.0,24,405,5.93,2026-09-04 00:43:00
KP025525,KW11411,2026-09-05,AU,Mobile,1626,16.0,41,445,9.21,2026-09-05 08:54:00
KP025526,KW10397,2026-09-06,CA,Desktop,2059,50.0,27,812,3.33,2026-09-06 21:45:00
KP025527,KW11099,2026-09-07,FR,Desktop,6386,16.0,55,834,6.59,2026-09-07 04:00:00
KP025528,KW11967,2026-09-08,AU,Mobile,6676,44.0,50,1503,3.33,2026-09-08 09:22:00
KP025529,KW11666,2026-09-09,US,Desktop,877,43.0,13,295,4.41,2026-09-09 04:54:00
KP025530,KW11778,2026-09-10,DE,Desktop,5121,19.0,87,1022,8.51,2026-09-10 13:55:00
KP025531,KW10572,2026-09-11,JP,Mobile,2488,38.0,31,852,3.64,2026-09-11 20:36:00
KP025532,KW11719,2026-09-12,BR,Desktop,1301,48.0,4,110,3.64,2026-09-12 09:00:00
KP025533,KW11755,2026-09-13,BR,Desktop,3922,14.0,68,752,9.04,2026-09-13 15:05:00
KP025534,KW11628,2026-09-14,US,Desktop,1490,21.0,49,631,7.77,2026-09-14 18:51:00
KP025535,KW10608,2026-09-15,FR,Tablet,2623,10.0,93,1145,8.12,2026-09-15 14:52:00
KP025536,KW11309,2026-09-16,IN,Mobile,426,25.0,9,170,5.29,2026-09-16 05:59:00
KP025537,KW10545,2026-09-17,BR,Mobile,8257,39.0,20,472,4.24,2026-09-17 02:48:00
KP025538,KW10640,2026-09-18,MX,Mobile,8238,29.0,200,3132,6.39,2026-09-18 19:40:00
KP025539,KW11122,2026-09-19,MX,Mobile,2590,22.0,34,581,5.85,2026-09-19 11:25:00
KP025540,KW10828,2026-09-20,UK,Desktop,1999,27.0,44,863,5.1,2026-09-20 07:47:00
KP025541,KW11504,2026-09-21,JP,Desktop,604,26.0,12,201,5.97,2026-09-21 04:34:00
KP025542,KW10336,2026-09-22,CA,Mobile,17377,36.0,389,6390,6.09,2026-09-22 16:20:00
KP025543,KW10345,2026-09-23,BR,Mobile,7920,13.0,234,2946,7.94,2026-09-23 11:42:00
KP025544,KW10674,2026-09-24,FR,Mobile,3557,39.0,28,802,3.49,2026-09-24 20:20:00
KP025545,KW11563,2026-09-25,BR,Mobile,6192,20.0,86,1472,5.84,2026-09-25 07:02:00
KP025546,KW10423,2026-09-26,UK,Desktop,6071,7.0,381,2556,14.91,2026-09-26 02:42:00
KP025547,KW11091,2026-09-27,US,Mobile,1917,2.0,72,278,25.9,2026-09-27 15:40:00
KP025548,KW10837,2026-09-28,IN,Desktop,5115,45.0,27,576,4.69,2026-09-28 14:54:00
KP025549,KW11865,2026-09-29,UK,Desktop,5373,34.0,138,2480,5.56,2026-09-29 13:19:00
KP025550,KW11955,2026-09-30,DE,Desktop,7358,6.0,78,580,13.45,2026-09-30 23:04:00
KP025794,KW10290,2026-06-01,AU,Mobile,13499,8.0,183,1321,13.85,2026-06-01 13:40:00
KP025795,KW11446,2026-06-02,AU,Desktop,1892,15.0,41,521,7.87,2026-06-02 07:26:00
KP025796,KW10272,2026-06-03,FR,Desktop,1629,30.0,15,306,4.9,2026-06-03 12:02:00
KP025797,KW10084,2026-06-04,CA,Desktop,3374,20.0,119,1422,8.37,2026-06-04 15:32:00
KP025798,KW11056,2026-06-05,JP,Desktop,2906,35.0,27,599,4.51,2026-06-05 10:15:00
KP025799,KW11747,2026-06-06,FR,Mobile,8469,35.0,158,3468,4.56,2026-06-06 14:34:00
KP025800,KW10367,2026-06-07,FR,Desktop,6556,26.0,78,1475,5.29,2026-06-07 22:32:00
KP025801,KW11068,2026-06-08,MX,Tablet,1667,20.0,62,761,8.15,2026-06-08 15:31:00
KP025802,KW11783,2026-06-09,DE,Desktop,1589,25.0,13,248,5.24,2026-06-09 07:31:00
KP025803,KW11526,2026-06-10,UK,Desktop,1852,43.0,33,920,3.59,2026-06-10 10:48:00
KP025804,KW10975,2026-06-11,BR,Mobile,6536,48.0,14,330,4.24,2026-06-11 10:34:00
KP025805,KW11450,2026-06-12,MX,Mobile,9882,46.0,60,1395,4.3,2026-06-12 08:25:00
KP025806,KW10319,2026-06-13,UK,Desktop,2315,44.0,37,707,5.23,2026-06-13 02:10:00
KP025807,KW10484,2026-06-14,FR,Mobile,5345,8.0,283,2388,11.85,2026-06-14 00:10:00
KP025808,KW10296,2026-06-15,UK,Mobile,12407,24.0,87,1543,5.64,2026-06-15 19:22:00
KP025809,KW10498,2026-06-16,AU,Desktop,20489,34.0,424,8933,4.75,2026-06-16 09:53:00
KP025810,KW10826,2026-06-17,BR,Desktop,2296,5.0,29,224,12.95,2026-06-17 12:53:00
KP025811,KW11466,2026-06-18,MX,Mobile,5949,26.0,183,2769,6.61,2026-06-18 17:58:00
KP025812,KW11820,2026-06-19,FR,Desktop,3026,18.0,33,602,5.48,2026-06-19 09:39:00
KP025813,KW10570,2026-06-20,AU,Mobile,6782,9.0,137,1628,8.42,2026-06-20 07:37:00
KP025814,KW10599,2026-06-21,UK,Mobile,420,37.0,6,158,3.8,2026-06-21 09:50:00
KP025815,KW10956,2026-06-22,IN,Desktop,925,10.0,5,46,10.87,2026-06-22 08:54:00
KP025816,KW10014,2026-06-23,AU,Mobile,5164,28.0,155,2789,5.56,2026-06-23 23:59:00
KP025817,KW10291,2026-06-24,AU,Desktop,2305,49.0,6,141,4.26,2026-06-24 07:37:00
KP025818,KW10172,2026-06-25,JP,Mobile,3000,15.0,36,570,6.32,2026-06-25 21:28:00
KP025819,KW10382,2026-06-26,BR,Mobile,4253,22.0,26,435,5.98,2026-06-26 11:23:00
KP025820,KW11105,2026-06-27,AU,Desktop,11540,5.0,470,4247,11.07,2026-06-27 01:54:00
KP025821,KW10151,2026-06-28,US,Desktop,10026,34.0,132,2320,5.69,2026-06-28 14:07:00
KP025822,KW10987,2026-06-29,CA,Tablet,1432,44.0,10,260,3.85,2026-06-29 12:31:00
KP025823,KW11873,2026-06-30,AU,Mobile,7367,41.0,187,3829,4.88,2026-06-30 03:28:00
KP025824,KW10419,2026-07-01,AU,Desktop,11723,33.0,273,4299,6.35,2026-07-01 03:19:00
KP025825,KW11740,2026-07-02,JP,Mobile,2215,32.0,23,400,5.75,2026-07-02 00:21:00
KP025826,KW10104,2026-07-03,JP,Desktop,1415,18.0,10,133,7.52,2026-07-03 19:06:00
KP025827,KW11357,2026-07-04,IN,Desktop,13392,31.0,130,2638,4.93,2026-07-04 18:11:00
KP025828,KW10492,2026-07-05,IN,Desktop,2683,49.0,42,1363,3.08,2026-07-05 17:14:00
KP025829,KW11396,2026-07-06,BR,Desktop,5206,35.0,17,292,5.82,2026-07-06 00:34:00
KP025830,KW10760,2026-07-07,AU,Mobile,3312,28.0,66,1481,4.46,2026-07-07 03:53:00
KP025831,KW10674,2026-07-08,MX,Mobile,8327,42.0,150,4201,3.57,2026-07-08 01:33:00
KP025832,KW11532,2026-07-09,FR,Desktop,3247,19.0,127,1602,7.93,2026-07-09 18:39:00
KP025833,KW11548,2026-07-10,IN,Desktop,929,49.0,8,175,4.57,2026-07-10 13:23:00
KP025834,KW10110,2026-07-11,BR,Desktop,5515,18.0,163,2331,6.99,2026-07-11 14:43:00
KP025835,KW11064,2026-07-12,IN,Mobile,1075,47.0,20,441,4.54,2026-07-12 03:08:00
KP025836,KW11680,2026-07-13,IN,Desktop,2843,7.0,85,799,10.64,2026-07-13 05:20:00
KP025837,KW10456,2026-07-14,DE,Desktop,2598,7.0,123,1171,10.5,2026-07-14 00:35:00
KP025838,KW11836,2026-07-15,UK,Mobile,1163,9.0,9,116,7.76,2026-07-15 12:31:00
KP025839,KW11596,2026-07-16,IN,Desktop,8859,33.0,159,3247,4.9,2026-07-16 13:58:00
KP025840,KW11662,2026-07-17,MX,Mobile,7817,36.0,172,4197,4.1,2026-07-17 13:06:00
KP025841,KW10328,2026-07-18,FR,Mobile,2591,30.0,25,411,6.08,2026-07-18 11:47:00
KP025842,KW10802,2026-07-19,MX,Mobile,5898,12.0,246,3171,7.76,2026-07-19 23:40:00
KP025843,KW11462,2026-07-20,FR,Desktop,780,43.0,9,282,3.19,2026-07-20 02:52:00
KP025844,KW11372,2026-07-21,MX,Mobile,2182,27.0,54,937,5.76,2026-07-21 10:04:00
KP025845,KW10691,2026-07-22,MX,Mobile,3540,15.0,75,1013,7.4,2026-07-22 04:42:00
KP025846,KW10451,2026-07-23,FR,Desktop,2692,20.0,53,719,7.37,2026-07-23 05:44:00
KP025847,KW11502,2026-07-24,UK,Mobile,1104,30.0,4,113,3.54,2026-07-24 08:42:00
KP025848,KW11553,2026-07-25,MX,Mobile,3612,37.0,53,948,5.59,2026-07-25 17:05:00
KP025849,KW11086,2026-07-26,BR,Desktop,6493,28.0,100,1924,5.2,2026-07-26 02:39:00
KP025850,KW11824,2026-07-27,JP,Mobile,3149,7.0,101,910,11.1,2026-07-27 11:57:00
KP025851,KW11433,2026-07-28,US,Desktop,2544,8.0,164,1361,12.05,2026-07-28 21:43:00
KP025852,KW11528,2026-07-29,FR,Mobile,2302,23.0,13,223,5.83,2026-07-29 03:58:00
KP025853,KW11063,2026-07-30,US,Desktop,7166,34.0,180,3298,5.46,2026-07-30 12:50:00
KP025854,KW10783,2026-07-31,US,Mobile,1335,18.0,57,732,7.79,2026-07-31 06:43:00
KP025855,KW10195,2026-08-01,US,Mobile,441,7.0,12,125,9.6,2026-08-01 21:27:00
KP025856,KW11003,2026-08-02,FR,Desktop,9166,38.0,152,3734,4.07,2026-08-02 00:39:00
KP025857,KW10948,2026-08-03,US,Mobile,10482,43.0,65,1449,4.49,2026-08-03 10:22:00
KP025858,KW11025,2026-08-04,FR,Mobile,8012,48.0,44,1152,3.82,2026-08-04 16:35:00
KP025859,KW11740,2026-08-05,AU,Mobile,1785,22.0,44,806,5.46,2026-08-05 17:32:00
KP025860,KW11394,2026-08-06,DE,Mobile,7164,27.0,116,2621,4.43,2026-08-06 04:02:00
KP025861,KW10501,2026-08-07,IN,Desktop,10820,2.0,1466,5879,24.94,2026-08-07 13:47:00
KP025862,KW10996,2026-08-08,UK,Desktop,2956,42.0,7,151,4.64,2026-08-08 07:10:00
KP025863,KW11349,2026-08-09,DE,Desktop,3904,31.0,48,1076,4.46,2026-08-09 23:16:00
KP025864,KW10057,2026-08-10,FR,Desktop,7663,34.0,69,1607,4.29,2026-08-10 02:25:00
KP025865,KW10490,2026-08-11,JP,Desktop,3757,5.0,75,566,13.25,2026-08-11 19:55:00
KP025866,KW11459,2026-08-12,BR,Desktop,9091,14.0,171,1770,9.66,2026-08-12 13:48:00
KP025867,KW11291,2026-08-13,UK,Desktop,3618,14.0,32,317,10.09,2026-08-13 19:15:00
KP025868,KW10942,2026-08-14,US,Desktop,3379,40.0,92,1852,4.97,2026-08-14 03:16:00
KP025869,KW11082,2026-08-15,MX,Desktop,1115,48.0,18,384,4.69,2026-08-15 04:47:00
KP025870,KW10225,2026-08-16,UK,Desktop,1892,27.0,20,393,5.09,2026-08-16 00:54:00
KP025871,KW11878,2026-08-17,FR,Desktop,4431,46.0,21,635,3.31,2026-08-17 18:53:00
KP025872,KW10302,2026-08-18,CA,Mobile,7314,38.0,140,2800,5.0,2026-08-18 21:33:00
KP025873,KW11449,2026-08-19,BR,Tablet,2493,20.0,47,920,5.11,2026-08-19 16:22:00
KP025874,KW11996,2026-08-20,IN,Mobile,6171,30.0,151,3374,4.48,2026-08-20 10:58:00
KP025875,KW11100,2026-08-21,BR,Mobile,2003,28.0,15,364,4.12,2026-08-21 14:53:00
KP025876,KW10409,2026-08-22,IN,Mobile,1687,46.0,5,150,3.33,2026-08-22 15:48:00
KP025877,KW11749,2026-08-23,IN,Desktop,6548,28.0,86,1459,5.89,2026-08-23 21:35:00
KP025878,KW11904,2026-08-24,AU,Desktop,1774,2.0,59,224,26.34,2026-08-24 04:03:00
KP025879,KW10603,2026-08-25,DE,Desktop,8293,41.0,85,1798,4.73,2026-08-25 19:40:00
KP025880,KW11590,2026-08-26,FR,Desktop,2737,11.0,120,1320,9.09,2026-08-26 13:01:00
KP025881,KW10177,2026-08-27,BR,Desktop,5799,3.0,259,1479,17.51,2026-08-27 14:55:00
KP025882,KW11617,2026-08-28,DE,Desktop,1726,13.0,89,906,9.82,2026-08-28 23:49:00
KP025883,KW11293,2026-08-29,FR,Mobile,3398,17.0,44,605,7.27,2026-08-29 10:37:00
KP025884,KW10893,2026-08-30,DE,Desktop,1839,9.0,27,277,9.75,2026-08-30 22:11:00
KP025885,KW11638,2026-08-31,JP,Tablet,13145,22.0,470,6373,7.37,2026-08-31 15:44:00
KP025886,KW10862,2026-09-01,US,Mobile,2207,11.0,70,918,7.63,2026-09-01 14:14:00
KP025887,KW10115,2026-09-02,MX,Desktop,7075,10.0,305,2870,10.63,2026-09-02 11:29:00
KP025888,KW10173,2026-09-03,JP,Desktop,1430,32.0,19,311,6.11,2026-09-03 02:47:00
KP025889,KW10767,2026-09-04,BR,Tablet,4947,14.0,146,1558,9.37,2026-09-04 17:08:00
KP025890,KW10363,2026-09-05,UK,Mobile,2681,6.0,176,1366,12.88,2026-09-05 03:09:00
KP025891,KW11722,2026-09-06,UK,Desktop,4632,2.0,61,344,17.73,2026-09-06 03:13:00
KP025892,KW10651,2026-09-07,FR,Desktop,5143,47.0,103,2825,3.65,2026-09-07 00:52:00
KP025893,KW10531,2026-09-08,UK,Tablet,43091,41.0,316,7841,4.03,2026-09-08 22:58:00
KP025894,KW11753,2026-09-09,DE,Desktop,2812,1.0,424,1214,34.93,2026-09-09 10:22:00
KP025895,KW10765,2026-09-10,IN,Mobile,2872,25.0,9,160,5.62,2026-09-10 00:54:00
KP025896,KW11793,2026-09-11,US,Mobile,5196,7.0,261,1989,13.12,2026-09-11 23:48:00
KP025897,KW10748,2026-09-12,DE,Mobile,871,22.0,13,281,4.63,2026-09-12 07:24:00
KP025898,KW10889,2026-09-13,US,Desktop,3443,13.0,120,1149,10.44,2026-09-13 08:16:00
KP025899,KW10635,2026-09-14,FR,Mobile,544,38.0,11,278,3.96,2026-09-14 04:38:00
KP025900,KW11982,2026-09-15,BR,Desktop,3908,47.0,72,2145,3.36,2026-09-15 03:11:00
KP025901,KW11095,2026-09-16,MX,Mobile,2061,43.0,16,443,3.61,2026-09-16 23:53:00
KP025902,KW10855,2026-09-17,BR,Mobile,4144,47.0,52,1538,3.38,2026-09-17 11:34:00
KP025903,KW10861,2026-09-18,IN,Desktop,1842,12.0,44,637,6.91,2026-09-18 07:03:00
KP025904,KW10505,2026-09-19,MX,Mobile,1561,12.0,13,177,7.34,2026-09-19 00:42:00
KP025905,KW10952,2026-09-20,MX,Desktop,5183,35.0,32,567,5.64,2026-09-20 21:04:00
KP025906,KW11129,2026-09-21,MX,Mobile,3931,6.0,188,1178,15.96,2026-09-21 11:39:00
KP025907,KW10495,2026-09-22,UK,Mobile,2339,42.0,36,676,5.33,2026-09-22 00:04:00
KP025908,KW11965,2026-09-23,UK,Mobile,870,16.0,23,311,7.4,2026-09-23 05:53:00
KP025909,KW10970,2026-09-24,US,Desktop,33168,40.0,464,9426,4.92,2026-09-24 08:36:00
KP025910,KW11328,2026-09-25,BR,Desktop,8657,8.0,492,4266,11.53,2026-09-25 14:01:00
KP025911,KW10811,2026-09-26,JP,Desktop,3075,4.0,113,793,14.25,2026-09-26 16:43:00
KP025912,KW11656,2026-09-27,BR,Mobile,902,47.0,14,314,4.46,2026-09-27 16:53:00
KP025913,KW11889,2026-09-28,MX,Desktop,1120,26.0,20,336,5.95,2026-09-28 20:45:00
KP025914,KW10864,2026-09-29,MX,Tablet,7793,11.0,358,3237,11.06,2026-09-29 01:45:00
KP025915,KW11437,2026-09-30,AU,Desktop,2821,45.0,42,1034,4.06,2026-09-30 20:01:00
KP026159,KW10814,2026-06-01,UK,Mobile,1170,1.0,39,119,32.77,2026-06-01 05:49:00
KP026160,KW10160,2026-06-02,US,Mobile,11268,34.0,273,4790,5.7,2026-06-02 06:42:00
KP026161,KW10075,2026-06-03,FR,Mobile,614,18.0,14,185,7.57,2026-06-03 18:16:00
KP026162,KW10422,2026-06-04,CA,Desktop,3326,40.0,11,300,3.67,2026-06-04 20:55:00
KP026163,KW11316,2026-06-05,DE,Desktop,3928,16.0,82,954,8.6,2026-06-05 02:52:00
KP026164,KW10189,2026-06-06,CA,Desktop,1610,34.0,17,457,3.72,2026-06-06 00:48:00
KP026165,KW10713,2026-06-07,MX,Desktop,5370,37.0,76,1754,4.33,2026-06-07 16:53:00
KP026166,KW11307,2026-06-08,FR,Mobile,2856,11.0,63,582,10.82,2026-06-08 21:35:00
KP026167,KW11781,2026-06-09,MX,Desktop,5402,29.0,37,818,4.52,2026-06-09 15:06:00
KP026168,KW11117,2026-06-10,FR,Mobile,5554,16.0,68,893,7.61,2026-06-10 08:31:00
KP026169,KW10504,2026-06-11,BR,Desktop,1395,33.0,6,144,4.17,2026-06-11 19:36:00
KP026170,KW10390,2026-06-12,UK,Mobile,2194,16.0,35,384,9.11,2026-06-12 18:19:00
KP026171,KW10702,2026-06-13,BR,Desktop,1935,16.0,87,983,8.85,2026-06-13 12:36:00
KP026172,KW10479,2026-06-14,UK,Desktop,3948,6.0,117,1032,11.34,2026-06-14 23:14:00
KP026173,KW11709,2026-06-15,JP,Desktop,2035,24.0,49,707,6.93,2026-06-15 20:56:00
KP026174,KW11772,2026-06-16,IN,Mobile,2455,30.0,38,673,5.65,2026-06-16 04:03:00
KP026175,KW10231,2026-06-17,DE,Mobile,3281,44.0,59,1186,4.97,2026-06-17 09:10:00
KP026176,KW10853,2026-06-18,DE,Mobile,720,20.0,21,297,7.07,2026-06-18 21:02:00
KP026177,KW11869,2026-06-19,AU,Desktop,4463,48.0,77,2138,3.6,2026-06-19 06:47:00
KP026178,KW10821,2026-06-20,US,Mobile,1417,38.0,31,572,5.42,2026-06-20 13:31:00
KP026179,KW10596,2026-06-21,UK,Mobile,1657,10.0,42,491,8.55,2026-06-21 06:26:00
KP026180,KW11298,2026-06-22,DE,Desktop,7028,49.0,60,1186,5.06,2026-06-22 03:24:00
KP026181,KW10088,2026-06-23,US,Desktop,245,38.0,1,32,3.12,2026-06-23 04:21:00
KP026182,KW11656,2026-06-24,IN,Mobile,1372,47.0,15,378,3.97,2026-06-24 09:16:00
KP026183,KW10227,2026-06-25,MX,Mobile,3531,10.0,122,1313,9.29,2026-06-25 18:43:00
KP026184,KW10325,2026-06-26,MX,Mobile,1582,28.0,36,782,4.6,2026-06-26 20:18:00
KP026185,KW10805,2026-06-27,AU,Desktop,28017,32.0,370,9229,4.01,2026-06-27 14:49:00
KP026186,KW11044,2026-06-28,JP,Desktop,44420,5.0,3368,19878,16.94,2026-06-28 02:20:00
KP026187,KW10238,2026-06-29,FR,Desktop,5823,12.0,121,1141,10.6,2026-06-29 11:02:00
KP026188,KW10896,2026-06-30,BR,Mobile,6096,28.0,121,2021,5.99,2026-06-30 09:31:00
KP026189,KW11244,2026-07-01,IN,Mobile,9608,23.0,80,1226,6.53,2026-07-01 03:59:00
KP026190,KW11322,2026-07-02,AU,Mobile,2923,23.0,56,1188,4.71,2026-07-02 12:38:00
KP026191,KW11661,2026-07-03,IN,Mobile,6926,27.0,116,1680,6.9,2026-07-03 17:48:00
KP026192,KW10337,2026-07-04,DE,Tablet,2434,26.0,30,694,4.32,2026-07-04 19:25:00
KP026193,KW10803,2026-07-05,DE,Desktop,4420,34.0,21,429,4.9,2026-07-05 21:06:00
KP026194,KW10969,2026-07-06,BR,Desktop,305,34.0,4,85,4.71,2026-07-06 16:03:00
KP026195,KW11304,2026-07-07,FR,Mobile,3889,19.0,52,990,5.25,2026-07-07 16:23:00
KP026196,KW10831,2026-07-08,AU,Mobile,7211,3.0,481,3305,14.55,2026-07-08 08:53:00
KP026197,KW11172,2026-07-09,AU,Mobile,3759,19.0,70,945,7.41,2026-07-09 16:49:00
KP026198,KW10285,2026-07-10,AU,Desktop,836,20.0,20,349,5.73,2026-07-10 02:44:00
KP026199,KW10277,2026-07-11,JP,Desktop,2311,28.0,27,478,5.65,2026-07-11 06:09:00
KP026200,KW11632,2026-07-12,UK,Mobile,590,27.0,3,55,5.45,2026-07-12 14:58:00
KP026201,KW10237,2026-07-13,UK,Desktop,13133,40.0,321,6412,5.01,2026-07-13 00:22:00
KP026202,KW11669,2026-07-14,CA,Tablet,11996,11.0,314,3446,9.11,2026-07-14 18:10:00
KP026203,KW11210,2026-07-15,FR,Desktop,4543,31.0,57,962,5.93,2026-07-15 18:29:00
KP026204,KW11603,2026-07-16,MX,Tablet,2000,40.0,18,356,5.06,2026-07-16 21:21:00
KP026205,KW10686,2026-07-17,MX,Tablet,3516,44.0,13,319,4.08,2026-07-17 07:34:00
KP026206,KW10091,2026-07-18,MX,Desktop,1575,13.0,35,429,8.16,2026-07-18 02:03:00
KP026207,KW11631,2026-07-19,MX,Desktop,2147,20.0,65,1020,6.37,2026-07-19 03:34:00
KP026208,KW10702,2026-07-20,DE,Mobile,5906,16.0,69,818,8.44,2026-07-20 04:16:00
KP026209,KW10486,2026-07-21,CA,Mobile,3336,42.0,24,606,3.96,2026-07-21 20:59:00
KP026210,KW10912,2026-07-22,FR,Mobile,2425,49.0,41,1099,3.73,2026-07-22 01:41:00
KP026211,KW10247,2026-07-23,US,Mobile,2926,4.0,235,1337,17.58,2026-07-23 14:13:00
KP026212,KW11762,2026-07-24,FR,Desktop,918,21.0,20,299,6.69,2026-07-24 16:01:00
KP026213,KW10808,2026-07-25,IN,Desktop,4912,42.0,23,590,3.9,2026-07-25 22:00:00
KP026214,KW10326,2026-07-26,US,Desktop,8790,38.0,152,2834,5.36,2026-07-26 09:40:00
KP026215,KW10340,2026-07-27,IN,Desktop,5167,31.0,163,2476,6.58,2026-07-27 04:24:00
KP026216,KW11590,2026-07-28,AU,Desktop,4845,42.0,83,1865,4.45,2026-07-28 02:06:00
KP026217,KW11531,2026-07-29,IN,Mobile,1531,38.0,28,510,5.49,2026-07-29 00:49:00
KP026218,KW11352,2026-07-30,JP,Tablet,6717,49.0,55,1737,3.17,2026-07-30 00:59:00
KP026219,KW11852,2026-07-31,JP,Desktop,2740,29.0,87,1462,5.95,2026-07-31 11:42:00
KP026220,KW10301,2026-08-01,MX,Desktop,2945,10.0,112,1000,11.2,2026-08-01 10:45:00
KP026221,KW11790,2026-08-02,IN,Desktop,2298,25.0,72,1127,6.39,2026-08-02 05:38:00
KP026222,KW11012,2026-08-03,CA,Desktop,21273,32.0,422,7173,5.88,2026-08-03 12:31:00
KP026223,KW10112,2026-08-04,IN,Mobile,3755,43.0,51,1299,3.93,2026-08-04 22:03:00
KP026224,KW11914,2026-08-05,FR,Mobile,2822,36.0,16,435,3.68,2026-08-05 00:18:00
KP026225,KW10969,2026-08-06,AU,Desktop,2890,37.0,55,1044,5.27,2026-08-06 13:47:00
KP026226,KW10621,2026-08-07,FR,Desktop,394,32.0,3,66,4.55,2026-08-07 10:57:00
KP026227,KW10632,2026-08-08,MX,Desktop,648,43.0,14,298,4.7,2026-08-08 15:48:00
KP026228,KW10274,2026-08-09,UK,Mobile,1603,26.0,10,234,4.27,2026-08-09 13:19:00
KP026229,KW10252,2026-08-10,JP,Desktop,12539,13.0,443,4471,9.91,2026-08-10 23:18:00
KP026230,KW10702,2026-08-11,FR,Mobile,33407,17.0,896,12762,7.02,2026-08-11 03:10:00
KP026231,KW10927,2026-08-12,MX,Tablet,1426,12.0,28,311,9.0,2026-08-12 02:15:00
KP026232,KW11338,2026-08-13,JP,Tablet,1482,25.0,18,386,4.66,2026-08-13 08:01:00
KP026233,KW10447,2026-08-14,CA,Mobile,601,31.0,10,220,4.55,2026-08-14 12:13:00
KP026234,KW10054,2026-08-15,US,Desktop,4005,29.0,92,1642,5.6,2026-08-15 21:01:00
KP026235,KW11408,2026-08-16,FR,Desktop,16634,3.0,559,3031,18.44,2026-08-16 00:56:00
KP026236,KW11544,2026-08-17,US,Mobile,3286,20.0,61,1068,5.71,2026-08-17 03:54:00
KP026237,KW10218,2026-08-18,FR,Mobile,1984,4.0,108,572,18.88,2026-08-18 05:56:00
KP026238,KW10527,2026-08-19,DE,Desktop,1594,8.0,61,577,10.57,2026-08-19 20:36:00
KP026239,KW11609,2026-08-20,AU,Desktop,1161,27.0,34,566,6.01,2026-08-20 02:31:00
KP026240,KW11229,2026-08-21,BR,Mobile,7319,25.0,133,2438,5.46,2026-08-21 13:54:00
KP026241,KW10730,2026-08-22,MX,Mobile,6157,38.0,178,3292,5.41,2026-08-22 08:44:00
KP026242,KW10232,2026-08-23,DE,Mobile,1283,50.0,22,651,3.38,2026-08-23 22:38:00
KP026243,KW10490,2026-08-24,AU,Mobile,1213,10.0,38,370,10.27,2026-08-24 23:33:00
KP026244,KW11757,2026-08-25,BR,Desktop,1093,45.0,12,318,3.77,2026-08-25 06:15:00
KP026245,KW10581,2026-08-26,JP,Tablet,3332,21.0,63,931,6.77,2026-08-26 02:00:00
KP026246,KW11072,2026-08-27,US,Mobile,2108,42.0,21,379,5.54,2026-08-27 10:02:00
KP026247,KW10313,2026-08-28,IN,Desktop,1349,22.0,16,338,4.73,2026-08-28 13:12:00
KP026248,KW10661,2026-08-29,BR,Mobile,8197,16.0,203,3033,6.69,2026-08-29 09:21:00
KP026249,KW10467,2026-08-30,IN,Desktop,2102,14.0,29,393,7.38,2026-08-30 18:58:00
KP026250,KW10290,2026-08-31,IN,Mobile,2537,39.0,39,976,4.0,2026-08-31 05:56:00
KP026251,KW10773,2026-09-01,UK,Desktop,830,19.0,14,248,5.65,2026-09-01 17:01:00
KP026252,KW11096,2026-09-02,DE,Tablet,1336,12.0,76,732,10.38,2026-09-02 10:35:00
KP026253,KW10929,2026-09-03,MX,Desktop,1493,16.0,45,659,6.83,2026-09-03 21:20:00
KP026254,KW11037,2026-09-04,JP,Desktop,1802,39.0,20,511,3.91,2026-09-04 17:48:00
KP026255,KW10928,2026-09-05,IN,Desktop,4224,11.0,239,2267,10.54,2026-09-05 04:09:00
KP026256,KW11824,2026-09-06,US,Desktop,599,9.0,10,115,8.7,2026-09-06 16:32:00
KP026257,KW11526,2026-09-07,US,Desktop,1725,24.0,41,646,6.35,2026-09-07 03:04:00
KP026258,KW10387,2026-09-08,UK,Mobile,2708,28.0,25,425,5.88,2026-09-08 09:55:00
KP026259,KW11310,2026-09-09,IN,Desktop,9537,26.0,131,1956,6.7,2026-09-09 23:16:00
KP026260,KW10749,2026-09-10,US,Desktop,4707,27.0,109,1764,6.18,2026-09-10 15:03:00
KP026261,KW10219,2026-09-11,UK,Mobile,2163,21.0,14,277,5.05,2026-09-11 06:11:00
KP026262,KW10788,2026-09-12,IN,Mobile,1651,1.0,203,773,26.26,2026-09-12 06:53:00
KP026263,KW11851,2026-09-13,FR,Desktop,4601,23.0,150,2073,7.24,2026-09-13 00:39:00
KP026264,KW11751,2026-09-14,BR,Desktop,5510,27.0,93,1890,4.92,2026-09-14 14:54:00
KP026265,KW11280,2026-09-15,MX,Desktop,1971,32.0,45,745,6.04,2026-09-15 22:15:00
KP026266,KW11961,2026-09-16,MX,Desktop,7671,46.0,62,1689,3.67,2026-09-16 21:08:00
KP026267,KW10100,2026-09-17,IN,Desktop,8027,2.0,943,3784,24.92,2026-09-17 13:08:00
KP026268,KW11313,2026-09-18,FR,Desktop,10209,39.0,284,5071,5.6,2026-09-18 05:20:00
KP026269,KW11517,2026-09-19,CA,Desktop,4199,6.0,79,642,12.31,2026-09-19 17:34:00
KP026270,KW11561,2026-09-20,IN,Desktop,532,35.0,7,160,4.38,2026-09-20 00:26:00
KP026271,KW10985,2026-09-21,DE,Desktop,1417,22.0,40,569,7.03,2026-09-21 03:45:00
KP026272,KW10090,2026-09-22,US,Mobile,5442,14.0,149,1551,9.61,2026-09-22 12:22:00
KP026273,KW10936,2026-09-23,AU,Mobile,3055,26.0,50,1033,4.84,2026-09-23 04:04:00
KP026274,KW11727,2026-09-24,JP,Desktop,6599,13.0,313,3401,9.2,2026-09-24 23:37:00
KP026275,KW11283,2026-09-25,DE,Mobile,893,12.0,35,356,9.83,2026-09-25 09:47:00
KP026276,KW11150,2026-09-26,FR,Mobile,1905,31.0,8,170,4.71,2026-09-26 07:19:00
KP026277,KW11951,2026-09-27,CA,Tablet,4372,27.0,83,1216,6.83,2026-09-27 15:43:00
KP026278,KW10609,2026-09-28,AU,Mobile,1756,5.0,100,906,11.04,2026-09-28 09:20:00
KP026279,KW11772,2026-09-29,FR,Mobile,540,41.0,5,117,4.27,2026-09-29 14:52:00
KP026280,KW11088,2026-09-30,DE,Mobile,2551,22.0,55,801,6.87,2026-09-30 12:40:00
KP026524,KW10550,2026-06-01,CA,Mobile,4875,50.0,31,920,3.37,2026-06-01 12:52:00
KP026525,KW10766,2026-06-02,IN,Mobile,3753,47.0,21,526,3.99,2026-06-02 16:59:00
KP026526,KW10392,2026-06-03,MX,Mobile,14490,8.0,911,6574,13.86,2026-06-03 16:56:00
KP026527,KW10603,2026-06-04,AU,Mobile,1614,27.0,15,217,6.91,2026-06-04 05:49:00
KP026528,KW10468,2026-06-05,US,Mobile,1361,4.0,32,164,19.51,2026-06-05 07:34:00
KP026529,KW10877,2026-06-06,US,Mobile,880,17.0,24,277,8.66,2026-06-06 22:37:00
KP026530,KW11797,2026-06-07,US,Mobile,3851,35.0,22,436,5.05,2026-06-07 19:02:00
KP026531,KW11819,2026-06-08,JP,Desktop,2145,24.0,22,430,5.12,2026-06-08 09:36:00
KP026532,KW10411,2026-06-09,MX,Mobile,2399,47.0,31,870,3.56,2026-06-09 06:23:00
KP026533,KW10284,2026-06-10,AU,Mobile,2373,3.0,85,462,18.4,2026-06-10 11:33:00
KP026534,KW10280,2026-06-11,AU,Desktop,11341,49.0,225,5393,4.17,2026-06-11 18:40:00
KP026535,KW11881,2026-06-12,IN,Mobile,2475,41.0,29,636,4.56,2026-06-12 12:09:00
KP026536,KW11387,2026-06-13,CA,Desktop,3357,39.0,8,228,3.51,2026-06-13 15:08:00
KP026537,KW11213,2026-06-14,CA,Mobile,7863,28.0,161,3020,5.33,2026-06-14 11:35:00
KP026538,KW10407,2026-06-15,AU,Desktop,1125,49.0,2,58,3.45,2026-06-15 00:42:00
KP026539,KW10239,2026-06-16,US,Mobile,7821,41.0,46,1057,4.35,2026-06-16 17:36:00
KP026540,KW11170,2026-06-17,MX,Desktop,2794,11.0,91,1010,9.01,2026-06-17 12:58:00
KP026541,KW10921,2026-06-18,MX,Mobile,3690,20.0,107,1726,6.2,2026-06-18 02:32:00
KP026542,KW11665,2026-06-19,IN,Desktop,3240,2.0,162,738,21.95,2026-06-19 18:32:00
KP026543,KW10994,2026-06-20,FR,Mobile,1319,37.0,8,210,3.81,2026-06-20 22:59:00
KP026544,KW11100,2026-06-21,FR,Desktop,2884,30.0,8,166,4.82,2026-06-21 11:41:00
KP026545,KW11064,2026-06-22,FR,Desktop,8904,33.0,164,4010,4.09,2026-06-22 05:24:00
KP026546,KW10363,2026-06-23,FR,Mobile,1973,47.0,45,886,5.08,2026-06-23 15:04:00
KP026547,KW10683,2026-06-24,JP,Mobile,5524,14.0,175,1986,8.81,2026-06-24 18:57:00
KP026548,KW10236,2026-06-25,FR,Mobile,5548,47.0,17,370,4.59,2026-06-25 21:46:00
KP026549,KW10055,2026-06-26,FR,Mobile,3884,2.0,178,716,24.86,2026-06-26 03:08:00
KP026550,KW11109,2026-06-27,DE,Mobile,727,2.0,47,160,29.38,2026-06-27 15:42:00
KP026551,KW11782,2026-06-28,FR,Mobile,6173,20.0,55,835,6.59,2026-06-28 16:50:00
KP026552,KW11677,2026-06-29,UK,Mobile,36239,33.0,378,7900,4.78,2026-06-29 21:59:00
KP026553,KW11316,2026-06-30,MX,Mobile,15173,5.0,255,1587,16.07,2026-06-30 20:42:00
KP026554,KW10979,2026-07-01,IN,Mobile,2279,12.0,84,832,10.1,2026-07-01 04:59:00
KP026555,KW11358,2026-07-02,DE,Mobile,1382,28.0,25,555,4.5,2026-07-02 01:38:00
KP026556,KW11012,2026-07-03,US,Desktop,251,43.0,3,84,3.57,2026-07-03 20:54:00
KP026557,KW10160,2026-07-04,JP,Mobile,11462,22.0,136,1732,7.85,2026-07-04 04:39:00
KP026558,KW10639,2026-07-05,MX,Mobile,1279,39.0,30,701,4.28,2026-07-05 22:28:00
KP026559,KW11914,2026-07-06,BR,Mobile,5907,8.0,63,729,8.64,2026-07-06 13:04:00
KP026560,KW10752,2026-07-07,UK,Mobile,5058,11.0,117,1336,8.76,2026-07-07 22:39:00
KP026561,KW10781,2026-07-08,DE,Desktop,1520,14.0,21,301,6.98,2026-07-08 19:40:00
KP026562,KW11068,2026-07-09,JP,Desktop,5559,28.0,145,2826,5.13,2026-07-09 03:35:00
KP026563,KW10093,2026-07-10,AU,Desktop,3061,10.0,93,966,9.63,2026-07-10 22:38:00
KP026564,KW10222,2026-07-11,UK,Desktop,7067,46.0,41,931,4.4,2026-07-11 16:40:00
KP026565,KW11936,2026-07-12,CA,Mobile,2873,47.0,9,234,3.85,2026-07-12 22:04:00
KP026566,KW11797,2026-07-13,US,Mobile,4483,20.0,72,1068,6.74,2026-07-13 05:11:00
KP026567,KW10917,2026-07-14,AU,Mobile,3723,16.0,156,1953,7.99,2026-07-14 13:13:00
KP026568,KW11922,2026-07-15,JP,Desktop,2900,3.0,73,473,15.43,2026-07-15 09:26:00
KP026569,KW11162,2026-07-16,BR,Tablet,2470,31.0,60,1038,5.78,2026-07-16 17:14:00
KP026570,KW11967,2026-07-17,US,Mobile,1590,42.0,44,813,5.41,2026-07-17 18:14:00
KP026571,KW11495,2026-07-18,US,Tablet,1954,19.0,29,552,5.25,2026-07-18 23:25:00
KP026572,KW11766,2026-07-19,UK,Mobile,2073,22.0,42,870,4.83,2026-07-19 23:28:00
KP026573,KW11476,2026-07-20,JP,Desktop,2341,27.0,25,410,6.1,2026-07-20 05:00:00
KP026574,KW10903,2026-07-21,US,Mobile,13333,48.0,189,4672,4.05,2026-07-21 04:18:00
KP026575,KW11775,2026-07-22,BR,Mobile,2191,21.0,35,603,5.8,2026-07-22 09:16:00
KP026576,KW11059,2026-07-23,CA,Desktop,3501,7.0,131,924,14.18,2026-07-23 20:57:00
KP026577,KW11122,2026-07-24,CA,Mobile,1747,31.0,23,475,4.84,2026-07-24 15:10:00
KP026578,KW10434,2026-07-25,CA,Desktop,889,2.0,63,284,22.18,2026-07-25 15:42:00
KP026579,KW11908,2026-07-26,UK,Desktop,273,9.0,16,129,12.4,2026-07-26 04:08:00
KP026580,KW11835,2026-07-27,CA,Desktop,5982,5.0,343,2049,16.74,2026-07-27 10:18:00
KP026581,KW11837,2026-07-28,DE,Desktop,880,45.0,9,179,5.03,2026-07-28 05:23:00
KP026582,KW10878,2026-07-29,UK,Tablet,2943,13.0,102,1325,7.7,2026-07-29 21:56:00
KP026583,KW10147,2026-07-30,JP,Mobile,11642,24.0,251,4129,6.08,2026-07-30 13:09:00
KP026584,KW10071,2026-07-31,IN,Desktop,5558,31.0,80,1404,5.7,2026-07-31 17:23:00
KP026585,KW10449,2026-08-01,JP,Desktop,3641,41.0,56,1650,3.39,2026-08-01 13:31:00
KP026586,KW11596,2026-08-02,JP,Desktop,3985,20.0,89,1289,6.9,2026-08-02 09:43:00
KP026587,KW11629,2026-08-03,MX,Mobile,18821,4.0,1506,8620,17.47,2026-08-03 04:07:00
KP026588,KW11859,2026-08-04,UK,Desktop,4215,39.0,42,798,5.26,2026-08-04 13:09:00
KP026589,KW10930,2026-08-05,US,Mobile,2966,22.0,29,392,7.4,2026-08-05 05:49:00
KP026590,KW11865,2026-08-06,US,Desktop,3014,33.0,82,1356,6.05,2026-08-06 05:08:00
KP026591,KW10193,2026-08-07,IN,Desktop,11124,33.0,143,2539,5.63,2026-08-07 06:54:00
KP026592,KW11270,2026-08-08,BR,Mobile,6363,11.0,261,2529,10.32,2026-08-08 08:24:00
KP026593,KW10168,2026-08-09,MX,Desktop,5384,25.0,124,2727,4.55,2026-08-09 02:13:00
KP026594,KW11320,2026-08-10,US,Desktop,5266,27.0,47,994,4.73,2026-08-10 14:59:00
KP026595,KW10435,2026-08-11,AU,Desktop,4930,44.0,59,1603,3.68,2026-08-11 18:51:00
KP026596,KW10798,2026-08-12,UK,Mobile,3358,23.0,26,475,5.47,2026-08-12 15:23:00
KP026597,KW11787,2026-08-13,CA,Mobile,8689,18.0,99,1128,8.78,2026-08-13 11:50:00
KP026598,KW10980,2026-08-14,AU,Desktop,3361,7.0,103,953,10.81,2026-08-14 10:07:00
KP026599,KW10917,2026-08-15,JP,Desktop,2083,47.0,11,337,3.26,2026-08-15 21:32:00
KP026600,KW11349,2026-08-16,MX,Desktop,2210,48.0,18,421,4.28,2026-08-16 21:40:00
KP026601,KW11924,2026-08-17,JP,Mobile,4147,2.0,149,817,18.24,2026-08-17 18:34:00
KP026602,KW10670,2026-08-18,IN,Desktop,2895,38.0,65,1446,4.5,2026-08-18 06:06:00
KP026603,KW11054,2026-08-19,US,Desktop,1325,25.0,9,143,6.29,2026-08-19 17:01:00
KP026604,KW11057,2026-08-20,FR,Desktop,504,14.0,12,137,8.76,2026-08-20 09:56:00
KP026605,KW11537,2026-08-21,IN,Tablet,17437,28.0,109,2304,4.73,2026-08-21 05:24:00
KP026606,KW11555,2026-08-22,CA,Desktop,924,37.0,12,258,4.65,2026-08-22 07:57:00
KP026607,KW10149,2026-08-23,IN,Mobile,3287,22.0,79,1316,6.0,2026-08-23 11:05:00
KP026608,KW10561,2026-08-24,MX,Desktop,14561,25.0,393,7031,5.59,2026-08-24 23:13:00
KP026609,KW10203,2026-08-25,BR,Desktop,1147,22.0,29,487,5.95,2026-08-25 14:02:00
KP026610,KW10895,2026-08-26,DE,Desktop,6770,2.0,503,2091,24.06,2026-08-26 06:15:00
KP026611,KW11612,2026-08-27,IN,Mobile,2564,37.0,58,1225,4.73,2026-08-27 19:44:00
KP026612,KW11111,2026-08-28,BR,Desktop,5995,38.0,61,1231,4.96,2026-08-28 22:27:00
KP026613,KW10003,2026-08-29,MX,Desktop,3188,18.0,49,816,6.0,2026-08-29 02:59:00
KP026614,KW10045,2026-08-30,CA,Desktop,4035,43.0,28,609,4.6,2026-08-30 19:19:00
KP026615,KW10554,2026-08-31,JP,Mobile,1355,20.0,25,370,6.76,2026-08-31 11:15:00
KP026616,KW10372,2026-09-01,BR,Desktop,5854,22.0,152,2352,6.46,2026-09-01 04:40:00
KP026617,KW10149,2026-09-02,BR,Desktop,6160,10.0,56,524,10.69,2026-09-02 06:07:00
KP026618,KW10530,2026-09-03,AU,Desktop,2312,20.0,14,221,6.33,2026-09-03 03:18:00
KP026619,KW11018,2026-09-04,IN,Desktop,6776,34.0,77,1932,3.99,2026-09-04 13:41:00
KP026620,KW11625,2026-09-05,DE,Tablet,1491,36.0,14,380,3.68,2026-09-05 05:10:00
KP026621,KW11627,2026-09-06,MX,Desktop,1820,10.0,46,607,7.58,2026-09-06 02:58:00
KP026622,KW11067,2026-09-07,IN,Desktop,1966,26.0,41,578,7.09,2026-09-07 02:02:00
KP026623,KW11762,2026-09-08,DE,Desktop,4593,20.0,155,2056,7.54,2026-09-08 18:06:00
KP026624,KW11728,2026-09-09,US,Mobile,1153,27.0,20,469,4.26,2026-09-09 21:22:00
KP026625,KW11007,2026-09-10,DE,Mobile,17112,10.0,357,4828,7.39,2026-09-10 01:10:00
KP026626,KW11106,2026-09-11,JP,Mobile,8489,47.0,157,3661,4.29,2026-09-11 16:11:00
KP026627,KW11810,2026-09-12,CA,Mobile,3187,6.0,126,889,14.17,2026-09-12 20:37:00
KP026628,KW10528,2026-09-13,UK,Mobile,4900,46.0,31,630,4.92,2026-09-13 22:10:00
KP026629,KW11838,2026-09-14,DE,Desktop,6195,5.0,212,1424,14.89,2026-09-14 00:56:00
KP026630,KW11792,2026-09-15,CA,Mobile,2376,18.0,31,398,7.79,2026-09-15 00:32:00
KP026631,KW10671,2026-09-16,BR,Desktop,2557,22.0,20,313,6.39,2026-09-16 03:35:00
KP026632,KW10578,2026-09-17,AU,Mobile,415,15.0,10,133,7.52,2026-09-17 17:33:00
KP026633,KW10739,2026-09-18,FR,Desktop,2251,6.0,124,941,13.18,2026-09-18 13:11:00
KP026634,KW11639,2026-09-19,JP,Desktop,4318,17.0,87,1059,8.22,2026-09-19 09:03:00
KP026635,KW11895,2026-09-20,MX,Mobile,4437,41.0,70,1630,4.29,2026-09-20 10:34:00
KP026636,KW10398,2026-09-21,BR,Mobile,5814,50.0,22,544,4.04,2026-09-21 03:05:00
KP026637,KW11212,2026-09-22,DE,Mobile,1472,34.0,34,685,4.96,2026-09-22 08:27:00
KP026638,KW10081,2026-09-23,JP,Desktop,3251,48.0,6,212,2.83,2026-09-23 22:10:00
KP026639,KW10913,2026-09-24,MX,Mobile,1158,45.0,18,426,4.23,2026-09-24 17:32:00
KP026640,KW10514,2026-09-25,US,Desktop,7201,43.0,27,569,4.75,2026-09-25 18:29:00
KP026641,KW11832,2026-09-26,IN,Mobile,2241,35.0,32,731,4.38,2026-09-26 07:13:00
KP026642,KW10738,2026-09-27,UK,Mobile,956,21.0,18,327,5.5,2026-09-27 21:59:00
KP026643,KW10791,2026-09-28,IN,Desktop,4970,44.0,43,1163,3.7,2026-09-28 22:54:00
KP026644,KW11358,2026-09-29,DE,Mobile,9400,37.0,243,4398,5.53,2026-09-29 18:26:00
KP026645,KW10207,2026-09-30,BR,Desktop,767,40.0,16,368,4.35,2026-09-30 13:34:00
KP026889,KW11966,2026-06-01,BR,Mobile,2477,28.0,38,657,5.78,2026-06-01 22:16:00
KP026890,KW10008,2026-06-02,IN,Desktop,1667,2.0,23,122,18.85,2026-06-02 00:42:00
KP026891,KW10297,2026-06-03,UK,Mobile,9044,31.0,148,3476,4.26,2026-06-03 17:20:00
KP026892,KW11422,2026-06-04,US,Desktop,9644,10.0,267,3007,8.88,2026-06-04 14:13:00
KP026893,KW10779,2026-06-05,CA,Mobile,1623,31.0,40,871,4.59,2026-06-05 03:02:00
KP026894,KW10426,2026-06-06,CA,Mobile,2426,45.0,29,655,4.43,2026-06-06 14:18:00
KP026895,KW11012,2026-06-07,AU,Desktop,2697,44.0,12,382,3.14,2026-06-07 16:38:00
KP026896,KW11303,2026-06-08,CA,Mobile,2896,36.0,68,1428,4.76,2026-06-08 08:33:00
KP026897,KW10505,2026-06-09,UK,Mobile,1327,9.0,30,354,8.47,2026-06-09 00:29:00
KP026898,KW11710,2026-06-10,IN,Mobile,2149,46.0,25,713,3.51,2026-06-10 23:49:00
KP026899,KW11040,2026-06-11,US,Desktop,1230,19.0,15,219,6.85,2026-06-11 15:33:00
KP026900,KW10563,2026-06-12,BR,Desktop,1651,44.0,9,178,5.06,2026-06-12 14:12:00
KP026901,KW10660,2026-06-13,UK,Mobile,9126,50.0,179,3793,4.72,2026-06-13 10:01:00
KP026902,KW10584,2026-06-14,IN,Mobile,863,27.0,9,191,4.71,2026-06-14 16:54:00
KP026903,KW11833,2026-06-15,AU,Desktop,3474,47.0,33,752,4.39,2026-06-15 17:54:00
KP026904,KW10517,2026-06-16,IN,Desktop,4542,30.0,21,502,4.18,2026-06-16 07:26:00
KP026905,KW10288,2026-06-17,DE,Desktop,7480,15.0,302,3403,8.87,2026-06-17 14:47:00
KP026906,KW10601,2026-06-18,CA,Desktop,5760,17.0,265,3088,8.58,2026-06-18 03:04:00
KP026907,KW11936,2026-06-19,DE,Desktop,1481,50.0,24,666,3.6,2026-06-19 11:38:00
KP026908,KW10659,2026-06-20,BR,Mobile,2627,8.0,26,201,12.94,2026-06-20 06:48:00
KP026909,KW11001,2026-06-21,MX,Desktop,14555,8.0,515,3992,12.9,2026-06-21 21:03:00
KP026910,KW11186,2026-06-22,JP,Mobile,6687,30.0,36,598,6.02,2026-06-22 18:46:00
KP026911,KW10892,2026-06-23,FR,Desktop,3798,33.0,80,1368,5.85,2026-06-23 14:17:00
KP026912,KW10946,2026-06-24,MX,Desktop,5077,20.0,118,2150,5.49,2026-06-24 11:10:00
KP026913,KW10923,2026-06-25,IN,Desktop,4083,16.0,83,1450,5.72,2026-06-25 06:35:00
KP026914,KW11883,2026-06-26,MX,Mobile,2958,10.0,47,606,7.76,2026-06-26 11:51:00
KP026915,KW11482,2026-06-27,DE,Mobile,3841,12.0,120,1394,8.61,2026-06-27 19:40:00
KP026916,KW10370,2026-06-28,MX,Desktop,6980,40.0,135,2677,5.04,2026-06-28 09:23:00
KP026917,KW10758,2026-06-29,CA,Desktop,2023,31.0,28,706,3.97,2026-06-29 02:46:00
KP026918,KW11273,2026-06-30,DE,Desktop,8602,14.0,190,2799,6.79,2026-06-30 21:05:00
KP026919,KW11311,2026-07-01,MX,Desktop,9126,45.0,159,4078,3.9,2026-07-01 11:48:00
KP026920,KW10754,2026-07-02,AU,Desktop,1758,18.0,8,144,5.56,2026-07-02 06:18:00
KP026921,KW10969,2026-07-03,FR,Desktop,1097,35.0,19,392,4.85,2026-07-03 16:10:00
KP026922,KW11065,2026-07-04,DE,Desktop,1292,30.0,33,632,5.22,2026-07-04 19:18:00
KP026923,KW10260,2026-07-05,IN,Desktop,7718,29.0,246,3787,6.5,2026-07-05 02:02:00
KP026924,KW10604,2026-07-06,AU,Mobile,4191,15.0,66,752,8.78,2026-07-06 18:39:00
KP026925,KW10149,2026-07-07,CA,Mobile,1231,48.0,7,192,3.65,2026-07-07 01:21:00
KP026926,KW10404,2026-07-08,IN,Desktop,1484,13.0,57,638,8.93,2026-07-08 06:49:00
KP026927,KW11373,2026-07-09,IN,Mobile,674,34.0,6,132,4.55,2026-07-09 23:26:00
KP026928,KW10457,2026-07-10,BR,Tablet,6435,37.0,15,418,3.59,2026-07-10 20:48:00
KP026929,KW10231,2026-07-11,BR,Mobile,8218,40.0,165,2943,5.61,2026-07-11 20:50:00
KP026930,KW11259,2026-07-12,UK,Desktop,3133,49.0,33,699,4.72,2026-07-12 13:16:00
KP026931,KW11594,2026-07-13,AU,Mobile,17584,5.0,684,4379,15.62,2026-07-13 18:35:00
KP026932,KW10327,2026-07-14,FR,Mobile,2051,9.0,52,610,8.52,2026-07-14 12:43:00
KP026933,KW11647,2026-07-15,MX,Desktop,2931,18.0,93,1133,8.21,2026-07-15 23:03:00
KP026934,KW11899,2026-07-16,AU,Mobile,1253,21.0,51,633,8.06,2026-07-16 13:22:00
KP026935,KW10031,2026-07-17,MX,Mobile,830,30.0,7,135,5.19,2026-07-17 00:19:00
KP026936,KW11585,2026-07-18,IN,Desktop,2581,13.0,61,701,8.7,2026-07-18 15:38:00
KP026937,KW10759,2026-07-19,JP,Desktop,2503,26.0,41,702,5.84,2026-07-19 07:09:00
KP026938,KW11745,2026-07-20,CA,Desktop,2238,18.0,106,1204,8.8,2026-07-20 23:28:00
KP026939,KW11420,2026-07-21,MX,Tablet,2251,36.0,39,678,5.75,2026-07-21 18:23:00
KP026940,KW10157,2026-07-22,US,Desktop,4606,43.0,43,821,5.24,2026-07-22 01:54:00
KP026941,KW10975,2026-07-23,DE,Desktop,13775,25.0,223,3608,6.18,2026-07-23 11:38:00
KP026942,KW10808,2026-07-24,JP,Desktop,1133,43.0,15,303,4.95,2026-07-24 18:11:00
KP026943,KW11040,2026-07-25,JP,Mobile,2003,8.0,86,809,10.63,2026-07-25 09:01:00
KP026944,KW10657,2026-07-26,MX,Mobile,2680,21.0,82,1020,8.04,2026-07-26 13:58:00
KP026945,KW11604,2026-07-27,CA,Desktop,4864,41.0,119,2506,4.75,2026-07-27 19:55:00
KP026946,KW11500,2026-07-28,US,Mobile,2085,33.0,46,995,4.62,2026-07-28 23:42:00
KP026947,KW11480,2026-07-29,MX,Mobile,1255,28.0,39,649,6.01,2026-07-29 11:51:00
KP026948,KW11445,2026-07-30,DE,Desktop,449,26.0,11,167,6.59,2026-07-30 13:52:00
KP026949,KW11280,2026-07-31,JP,Tablet,1104,48.0,3,101,2.97,2026-07-31 12:56:00
KP026950,KW10184,2026-08-01,CA,Mobile,1328,5.0,55,394,13.96,2026-08-01 16:35:00
KP026951,KW11061,2026-08-02,IN,Mobile,964,43.0,4,94,4.26,2026-08-02 12:24:00
KP026952,KW11110,2026-08-03,US,Desktop,9097,2.0,265,1118,23.7,2026-08-03 17:23:00
KP026953,KW11386,2026-08-04,JP,Desktop,6215,11.0,277,2555,10.84,2026-08-04 20:51:00
KP026954,KW11124,2026-08-05,AU,Mobile,1376,8.0,38,432,8.8,2026-08-05 07:11:00
KP026955,KW10067,2026-08-06,FR,Desktop,1375,20.0,36,677,5.32,2026-08-06 23:57:00
KP026956,KW10493,2026-08-07,MX,Mobile,1022,45.0,4,127,3.15,2026-08-07 16:08:00
KP026957,KW11558,2026-08-08,MX,Desktop,2343,2.0,69,321,21.5,2026-08-08 14:07:00
KP026958,KW10489,2026-08-09,MX,Mobile,7110,42.0,85,1692,5.02,2026-08-09 20:48:00
KP026959,KW11058,2026-08-10,MX,Desktop,38601,19.0,983,17257,5.7,2026-08-10 23:06:00
KP026960,KW10619,2026-08-11,UK,Desktop,8828,10.0,65,677,9.6,2026-08-11 13:07:00
KP026961,KW11715,2026-08-12,CA,Tablet,942,33.0,9,164,5.49,2026-08-12 06:32:00
KP026962,KW11235,2026-08-13,CA,Desktop,6456,34.0,69,1404,4.91,2026-08-13 20:42:00
KP026963,KW11428,2026-08-14,AU,Desktop,2059,16.0,15,165,9.09,2026-08-14 12:47:00
KP026964,KW10313,2026-08-15,AU,Tablet,3105,14.0,108,1325,8.15,2026-08-15 14:00:00
KP026965,KW10802,2026-08-16,CA,Mobile,1139,41.0,15,430,3.49,2026-08-16 05:47:00
KP026966,KW11470,2026-08-17,CA,Mobile,7576,3.0,469,3015,15.56,2026-08-17 19:05:00
KP026967,KW10100,2026-08-18,FR,Desktop,1725,24.0,7,121,5.79,2026-08-18 17:56:00
KP026968,KW10431,2026-08-19,IN,Desktop,8541,20.0,269,4462,6.03,2026-08-19 14:13:00
KP026969,KW10575,2026-08-20,UK,Mobile,1163,11.0,5,72,6.94,2026-08-20 23:13:00
KP026970,KW11812,2026-08-21,MX,Desktop,2867,42.0,35,927,3.78,2026-08-21 02:23:00
KP026971,KW11007,2026-08-22,BR,Desktop,2582,22.0,18,234,7.69,2026-08-22 23:29:00
KP026972,KW11275,2026-08-23,FR,Desktop,4362,19.0,15,284,5.28,2026-08-23 21:08:00
KP026973,KW10084,2026-08-24,AU,Mobile,4523,48.0,42,1212,3.47,2026-08-24 03:54:00
KP026974,KW11389,2026-08-25,JP,Mobile,6263,33.0,87,1450,6.0,2026-08-25 12:42:00
KP026975,KW10514,2026-08-26,US,Mobile,3881,15.0,160,2123,7.54,2026-08-26 21:29:00
KP026976,KW11937,2026-08-27,FR,Desktop,1015,42.0,11,298,3.69,2026-08-27 18:49:00
KP026977,KW11057,2026-08-28,IN,Mobile,21190,7.0,1550,11178,13.87,2026-08-28 18:36:00
KP026978,KW11981,2026-08-29,DE,Desktop,11844,20.0,63,1071,5.88,2026-08-29 01:45:00
KP026979,KW11746,2026-08-30,FR,Mobile,2267,50.0,29,587,4.94,2026-08-30 19:16:00
KP026980,KW10916,2026-08-31,FR,Desktop,2930,31.0,49,754,6.5,2026-08-31 21:07:00
KP026981,KW11371,2026-09-01,JP,Mobile,4768,13.0,199,2332,8.53,2026-09-01 18:38:00
KP026982,KW10304,2026-09-02,US,Mobile,487,16.0,10,126,7.94,2026-09-02 11:31:00
KP026983,KW11693,2026-09-03,BR,Mobile,4960,42.0,80,2181,3.67,2026-09-03 11:00:00
KP026984,KW11684,2026-09-04,IN,Desktop,1753,34.0,20,334,5.99,2026-09-04 04:10:00
KP026985,KW10699,2026-09-05,AU,Desktop,793,46.0,13,333,3.9,2026-09-05 23:46:00
KP026986,KW11847,2026-09-06,FR,Mobile,2663,3.0,287,1238,23.18,2026-09-06 23:54:00
KP026987,KW11941,2026-09-07,US,Mobile,7748,41.0,158,4080,3.87,2026-09-07 19:41:00
KP026988,KW11786,2026-09-08,UK,Mobile,1769,33.0,21,432,4.86,2026-09-08 12:59:00
KP026989,KW10932,2026-09-09,IN,Mobile,4017,9.0,90,1125,8.0,2026-09-09 19:10:00
KP026990,KW10933,2026-09-10,BR,Desktop,908,38.0,26,458,5.68,2026-09-10 06:03:00
KP026991,KW10155,2026-09-11,MX,Mobile,981,17.0,8,151,5.3,2026-09-11 16:20:00
KP026992,KW10097,2026-09-12,DE,Mobile,9810,13.0,89,1372,6.49,2026-09-12 16:49:00
KP026993,KW11910,2026-09-13,AU,Mobile,2502,33.0,59,946,6.24,2026-09-13 18:35:00
KP026994,KW10405,2026-09-14,CA,Desktop,11593,29.0,293,5615,5.22,2026-09-14 03:29:00
KP026995,KW10602,2026-09-15,AU,Desktop,3247,16.0,18,326,5.52,2026-09-15 18:54:00
KP026996,KW11391,2026-09-16,FR,Mobile,11368,36.0,162,2938,5.51,2026-09-16 08:17:00
KP026997,KW10130,2026-09-17,FR,Desktop,618,42.0,4,92,4.35,2026-09-17 03:00:00
KP026998,KW10522,2026-09-18,FR,Tablet,1444,24.0,22,296,7.43,2026-09-18 01:37:00
KP026999,KW11507,2026-09-19,IN,Desktop,1897,13.0,76,730,10.41,2026-09-19 10:20:00
KP027000,KW11642,2026-09-20,FR,Mobile,8458,17.0,164,2818,5.82,2026-09-20 06:21:00
KP027001,KW10914,2026-09-21,JP,Mobile,1409,48.0,27,626,4.31,2026-09-21 15:05:00
KP027002,KW10978,2026-09-22,BR,Mobile,3964,14.0,50,614,8.14,2026-09-22 19:43:00
KP027003,KW10006,2026-09-23,DE,Mobile,2427,4.0,93,578,16.09,2026-09-23 15:29:00
KP027004,KW10368,2026-09-24,FR,Mobile,757,6.0,42,389,10.8,2026-09-24 22:50:00
KP027005,KW10578,2026-09-25,MX,Mobile,2683,44.0,42,928,4.53,2026-09-25 21:21:00
KP027006,KW10299,2026-09-26,UK,Desktop,2832,15.0,88,1372,6.41,2026-09-26 01:12:00
KP027007,KW11446,2026-09-27,DE,Tablet,2770,49.0,32,1009,3.17,2026-09-27 19:34:00
KP027008,KW11423,2026-09-28,US,Mobile,3629,3.0,382,1655,23.08,2026-09-28 21:19:00
KP027009,KW11680,2026-09-29,JP,Mobile,1730,12.0,42,413,10.17,2026-09-29 03:31:00
KP027010,KW10334,2026-09-30,IN,Mobile,2648,30.0,36,665,5.41,2026-09-30 15:38:00
KP027254,KW10314,2026-06-01,UK,Mobile,3342,15.0,36,516,6.98,2026-06-01 08:12:00
KP027255,KW10185,2026-06-02,FR,Desktop,11038,28.0,78,1449,5.38,2026-06-02 23:24:00
KP027256,KW11052,2026-06-03,FR,Desktop,1437,47.0,7,170,4.12,2026-06-03 08:55:00
KP027257,KW11761,2026-06-04,BR,Mobile,4383,37.0,105,2303,4.56,2026-06-04 22:39:00
KP027258,KW11015,2026-06-05,IN,Mobile,4296,13.0,237,2303,10.29,2026-06-05 21:23:00
KP027259,KW10967,2026-06-06,BR,Desktop,771,7.0,32,264,12.12,2026-06-06 09:52:00
KP027260,KW11417,2026-06-07,JP,Desktop,2823,3.0,316,1420,22.25,2026-06-07 07:00:00
KP027261,KW11030,2026-06-08,CA,Mobile,896,4.0,28,202,13.86,2026-06-08 02:41:00
KP027262,KW11863,2026-06-09,DE,Mobile,6907,25.0,158,2727,5.79,2026-06-09 04:45:00
KP027263,KW11931,2026-06-10,FR,Mobile,1865,38.0,16,421,3.8,2026-06-10 04:02:00
KP027264,KW11988,2026-06-11,AU,Mobile,7191,27.0,95,1354,7.02,2026-06-11 17:00:00
KP027265,KW11317,2026-06-12,FR,Mobile,10270,21.0,201,2774,7.25,2026-06-12 00:04:00
KP027266,KW10235,2026-06-13,US,Desktop,3507,31.0,29,732,3.96,2026-06-13 15:59:00
KP027267,KW11337,2026-06-14,IN,Tablet,7163,40.0,71,1935,3.67,2026-06-14 13:46:00
KP027268,KW10975,2026-06-15,DE,Mobile,10390,1.0,414,1184,34.97,2026-06-15 23:43:00
KP027269,KW10523,2026-06-16,FR,Mobile,3221,7.0,62,532,11.65,2026-06-16 07:47:00
KP027270,KW11127,2026-06-17,DE,Mobile,2926,48.0,40,1120,3.57,2026-06-17 23:39:00
KP027271,KW11635,2026-06-18,DE,Mobile,1032,27.0,30,563,5.33,2026-06-18 21:45:00
KP027272,KW10871,2026-06-19,JP,Mobile,19274,10.0,374,3159,11.84,2026-06-19 02:07:00
KP027273,KW10453,2026-06-20,BR,Mobile,173,26.0,5,94,5.32,2026-06-20 06:02:00
KP027274,KW10548,2026-06-21,JP,Desktop,1036,32.0,7,131,5.34,2026-06-21 02:59:00
KP027275,KW11215,2026-06-22,CA,Mobile,941,42.0,6,140,4.29,2026-06-22 00:44:00
KP027276,KW10309,2026-06-23,MX,Mobile,3265,47.0,6,191,3.14,2026-06-23 01:38:00
KP027277,KW10773,2026-06-24,BR,Mobile,582,38.0,8,206,3.88,2026-06-24 21:07:00
KP027278,KW11207,2026-06-25,US,Mobile,5382,31.0,100,2351,4.25,2026-06-25 00:49:00
KP027279,KW10277,2026-06-26,UK,Desktop,1675,28.0,54,808,6.68,2026-06-26 14:12:00
KP027280,KW11365,2026-06-27,CA,Tablet,2745,45.0,33,899,3.67,2026-06-27 19:08:00
KP027281,KW10264,2026-06-28,FR,Desktop,17823,44.0,87,2659,3.27,2026-06-28 01:44:00
KP027282,KW10099,2026-06-29,DE,Mobile,1301,32.0,36,703,5.12,2026-06-29 12:45:00
KP027283,KW10939,2026-06-30,US,Desktop,3464,14.0,54,783,6.9,2026-06-30 04:01:00
KP027284,KW10136,2026-07-01,CA,Mobile,9642,31.0,163,4007,4.07,2026-07-01 13:17:00
KP027285,KW11259,2026-07-02,UK,Mobile,9758,13.0,235,2609,9.01,2026-07-02 02:48:00
KP027286,KW11803,2026-07-03,AU,Desktop,4360,21.0,133,1746,7.62,2026-07-03 17:10:00
KP027287,KW10117,2026-07-04,IN,Mobile,1152,27.0,27,477,5.66,2026-07-04 01:46:00
KP027288,KW11769,2026-07-05,CA,Desktop,354,18.0,3,38,7.89,2026-07-05 01:27:00
KP027289,KW10080,2026-07-06,FR,Desktop,3894,13.0,68,684,9.94,2026-07-06 00:08:00
KP027290,KW11362,2026-07-07,US,Tablet,939,18.0,20,297,6.73,2026-07-07 06:33:00
KP027291,KW11515,2026-07-08,UK,Mobile,1947,25.0,20,283,7.07,2026-07-08 06:16:00
KP027292,KW10500,2026-07-09,BR,Desktop,4174,46.0,71,1670,4.25,2026-07-09 18:50:00
KP027293,KW10370,2026-07-10,AU,Tablet,1592,19.0,35,449,7.8,2026-07-10 13:08:00
KP027294,KW11897,2026-07-11,FR,Desktop,2058,2.0,70,367,19.07,2026-07-11 11:08:00
KP027295,KW11037,2026-07-12,DE,Mobile,4288,3.0,89,496,17.94,2026-07-12 07:34:00
KP027296,KW11260,2026-07-13,FR,Desktop,5575,17.0,187,2360,7.92,2026-07-13 07:41:00
KP027297,KW11971,2026-07-14,UK,Desktop,2012,48.0,21,496,4.23,2026-07-14 06:12:00
KP027298,KW11235,2026-07-15,AU,Mobile,2668,26.0,82,1335,6.14,2026-07-15 01:00:00
KP027299,KW11313,2026-07-16,AU,Mobile,1078,13.0,35,355,9.86,2026-07-16 15:57:00
KP027300,KW10340,2026-07-17,JP,Mobile,1329,45.0,16,474,3.38,2026-07-17 09:01:00
KP027301,KW11420,2026-07-18,FR,Mobile,5553,34.0,24,463,5.18,2026-07-18 19:01:00
KP027302,KW10716,2026-07-19,BR,Mobile,5232,40.0,29,579,5.01,2026-07-19 15:07:00
KP027303,KW10246,2026-07-20,US,Tablet,3722,3.0,203,990,20.51,2026-07-20 17:54:00
KP027304,KW10658,2026-07-21,AU,Mobile,2037,42.0,49,889,5.51,2026-07-21 04:03:00
KP027305,KW11552,2026-07-22,AU,Desktop,5074,11.0,68,976,6.97,2026-07-22 03:19:00
KP027306,KW10168,2026-07-23,MX,Mobile,12175,7.0,355,2620,13.55,2026-07-23 21:48:00
KP027307,KW10009,2026-07-24,AU,Mobile,1830,23.0,13,283,4.59,2026-07-24 03:43:00
KP027308,KW10001,2026-07-25,JP,Mobile,1994,28.0,15,228,6.58,2026-07-25 18:55:00
KP027309,KW10438,2026-07-26,UK,Mobile,10156,26.0,51,956,5.33,2026-07-26 13:35:00
KP027310,KW11411,2026-07-27,US,Tablet,4957,16.0,80,1091,7.33,2026-07-27 09:34:00
KP027311,KW11342,2026-07-28,UK,Desktop,2181,39.0,48,1129,4.25,2026-07-28 11:15:00
KP027312,KW11723,2026-07-29,AU,Desktop,1489,14.0,45,468,9.62,2026-07-29 10:13:00
KP027313,KW11690,2026-07-30,DE,Mobile,267,36.0,1,32,3.12,2026-07-30 10:57:00
KP027314,KW10369,2026-07-31,CA,Mobile,3762,7.0,215,1959,10.97,2026-07-31 14:10:00
KP027315,KW10352,2026-08-01,UK,Desktop,4334,4.0,170,1116,15.23,2026-08-01 10:58:00
KP027316,KW10985,2026-08-02,JP,Mobile,1582,46.0,17,381,4.46,2026-08-02 20:20:00
KP027317,KW10009,2026-08-03,IN,Desktop,2344,46.0,34,930,3.66,2026-08-03 04:57:00
KP027318,KW11222,2026-08-04,AU,Mobile,683,21.0,12,205,5.85,2026-08-04 04:21:00
KP027319,KW11605,2026-08-05,UK,Desktop,4533,4.0,70,565,12.39,2026-08-05 05:58:00
KP027320,KW10656,2026-08-06,BR,Desktop,1201,9.0,30,236,12.71,2026-08-06 00:27:00
KP027321,KW11881,2026-08-07,AU,Mobile,2020,35.0,28,714,3.92,2026-08-07 07:03:00
KP027322,KW10113,2026-08-08,US,Desktop,2364,21.0,66,854,7.73,2026-08-08 02:39:00
KP027323,KW10918,2026-08-09,MX,Desktop,2624,20.0,84,1078,7.79,2026-08-09 06:07:00
KP027324,KW11558,2026-08-10,BR,Desktop,1212,6.0,99,654,15.14,2026-08-10 13:55:00
KP027325,KW10620,2026-08-11,DE,Desktop,2379,22.0,36,669,5.38,2026-08-11 16:09:00
KP027326,KW10888,2026-08-12,MX,Mobile,22394,33.0,299,4942,6.05,2026-08-12 15:34:00
KP027327,KW11484,2026-08-13,UK,Desktop,5011,13.0,73,1019,7.16,2026-08-13 11:00:00
KP027328,KW11475,2026-08-14,UK,Desktop,1517,19.0,14,245,5.71,2026-08-14 20:31:00
KP027329,KW10981,2026-08-15,CA,Desktop,2155,21.0,18,260,6.92,2026-08-15 03:35:00
KP027330,KW10626,2026-08-16,US,Desktop,11762,36.0,341,6120,5.57,2026-08-16 02:07:00
KP027331,KW11641,2026-08-17,UK,Desktop,7892,15.0,113,1574,7.18,2026-08-17 06:47:00
KP027332,KW11526,2026-08-18,BR,Mobile,8069,8.0,209,1901,10.99,2026-08-18 01:46:00
KP027333,KW11666,2026-08-19,DE,Mobile,5449,47.0,42,965,4.35,2026-08-19 14:04:00
KP027334,KW11175,2026-08-20,DE,Mobile,4450,15.0,67,718,9.33,2026-08-20 11:39:00
KP027335,KW11549,2026-08-21,MX,Desktop,4416,14.0,63,871,7.23,2026-08-21 15:15:00
KP027336,KW11756,2026-08-22,DE,Desktop,1943,35.0,24,547,4.39,2026-08-22 08:23:00
KP027337,KW10934,2026-08-23,IN,Mobile,3125,23.0,9,177,5.08,2026-08-23 18:52:00
KP027338,KW11896,2026-08-24,AU,Mobile,8278,19.0,347,4546,7.63,2026-08-24 12:50:00
KP027339,KW11053,2026-08-25,FR,Desktop,2490,10.0,91,1229,7.4,2026-08-25 02:55:00
KP027340,KW11335,2026-08-26,BR,Desktop,2754,40.0,13,263,4.94,2026-08-26 04:47:00
KP027341,KW11387,2026-08-27,MX,Desktop,4408,2.0,565,2311,24.45,2026-08-27 00:43:00
KP027342,KW10339,2026-08-28,CA,Mobile,3500,31.0,46,815,5.64,2026-08-28 12:10:00
KP027343,KW10262,2026-08-29,IN,Mobile,1702,44.0,23,627,3.67,2026-08-29 22:52:00
KP027344,KW10368,2026-08-30,DE,Desktop,538,37.0,2,61,3.28,2026-08-30 10:05:00
KP027345,KW11803,2026-08-31,IN,Mobile,1748,30.0,21,317,6.62,2026-08-31 09:37:00
KP027346,KW10039,2026-09-01,JP,Tablet,867,41.0,6,142,4.23,2026-09-01 11:34:00
KP027347,KW11509,2026-09-02,CA,Desktop,2567,1.0,149,426,34.98,2026-09-02 04:52:00
KP027348,KW11256,2026-09-03,CA,Desktop,1426,42.0,4,102,3.92,2026-09-03 15:02:00
KP027349,KW11122,2026-09-04,DE,Mobile,6208,39.0,18,425,4.24,2026-09-04 18:01:00
KP027350,KW10015,2026-09-05,CA,Tablet,209,19.0,6,105,5.71,2026-09-05 06:34:00
KP027351,KW10914,2026-09-06,IN,Tablet,1873,42.0,30,743,4.04,2026-09-06 14:33:00
KP027352,KW11043,2026-09-07,BR,Desktop,1980,41.0,39,1050,3.71,2026-09-07 11:38:00
KP027353,KW11077,2026-09-08,CA,Desktop,2921,40.0,60,1184,5.07,2026-09-08 16:46:00
KP027354,KW10317,2026-09-09,DE,Mobile,2656,42.0,24,630,3.81,2026-09-09 09:04:00
KP027355,KW11755,2026-09-10,AU,Mobile,7460,20.0,148,2164,6.84,2026-09-10 23:50:00
KP027356,KW11785,2026-09-11,MX,Mobile,9658,45.0,30,930,3.23,2026-09-11 17:54:00
KP027357,KW11340,2026-09-12,JP,Desktop,2007,12.0,77,993,7.75,2026-09-12 18:11:00
KP027358,KW10755,2026-09-13,DE,Mobile,5448,41.0,79,1664,4.75,2026-09-13 20:29:00
KP027359,KW10156,2026-09-14,BR,Mobile,19316,6.0,1217,9968,12.21,2026-09-14 04:16:00
KP027360,KW10403,2026-09-15,AU,Mobile,2379,7.0,128,1187,10.78,2026-09-15 01:03:00
KP027361,KW10936,2026-09-16,UK,Mobile,6013,40.0,97,2765,3.51,2026-09-16 18:27:00
KP027362,KW10667,2026-09-17,UK,Desktop,4274,50.0,50,1006,4.97,2026-09-17 11:21:00
KP027363,KW10234,2026-09-18,UK,Desktop,3555,20.0,16,311,5.14,2026-09-18 03:33:00
KP027364,KW10532,2026-09-19,MX,Desktop,1615,37.0,26,533,4.88,2026-09-19 17:05:00
KP027365,KW11357,2026-09-20,FR,Mobile,2343,36.0,45,925,4.86,2026-09-20 16:23:00
KP027366,KW10117,2026-09-21,UK,Mobile,3050,48.0,6,177,3.39,2026-09-21 18:54:00
KP027367,KW10935,2026-09-22,US,Mobile,593,30.0,11,271,4.06,2026-09-22 12:17:00
KP027368,KW11771,2026-09-23,DE,Desktop,5265,38.0,89,2325,3.83,2026-09-23 00:01:00
KP027369,KW11618,2026-09-24,BR,Mobile,3482,39.0,59,1182,4.99,2026-09-24 10:45:00
KP027370,KW11562,2026-09-25,JP,Mobile,434,24.0,11,194,5.67,2026-09-25 03:27:00
KP027371,KW11530,2026-09-26,IN,Mobile,5464,48.0,130,2525,5.15,2026-09-26 15:02:00
KP027372,KW10773,2026-09-27,FR,Mobile,2056,28.0,19,400,4.75,2026-09-27 08:25:00
KP027373,KW11061,2026-09-28,UK,Mobile,1819,2.0,68,378,17.99,2026-09-28 15:38:00
KP027374,KW11595,2026-09-29,DE,Mobile,2120,41.0,19,507,3.75,2026-09-29 03:20:00
KP027375,KW11929,2026-09-30,CA,Desktop,1346,33.0,37,684,5.41,2026-09-30 19:41:00
KP027619,KW11678,2026-06-01,JP,Mobile,8706,8.0,368,3656,10.07,2026-06-01 23:00:00
KP027620,KW10941,2026-06-02,UK,Mobile,2719,19.0,51,833,6.12,2026-06-02 21:08:00
KP027621,KW11560,2026-06-03,AU,Desktop,6924,38.0,82,1839,4.46,2026-06-03 02:33:00
KP027622,KW10204,2026-06-04,CA,Mobile,2156,19.0,20,325,6.15,2026-06-04 08:06:00
KP027623,KW10857,2026-06-05,FR,Desktop,3470,37.0,76,1419,5.36,2026-06-05 12:33:00
KP027624,KW10949,2026-06-06,FR,Desktop,935,17.0,28,390,7.18,2026-06-06 14:02:00
KP027625,KW11993,2026-06-07,BR,Mobile,1288,16.0,54,589,9.17,2026-06-07 23:44:00
KP027626,KW10666,2026-06-08,DE,Mobile,1286,17.0,37,609,6.08,2026-06-08 06:30:00
KP027627,KW10481,2026-06-09,MX,Desktop,1603,28.0,24,549,4.37,2026-06-09 04:56:00
KP027628,KW11105,2026-06-10,DE,Mobile,2972,47.0,39,964,4.05,2026-06-10 09:42:00
KP027629,KW11348,2026-06-11,BR,Desktop,2443,4.0,56,321,17.45,2026-06-11 08:25:00
KP027630,KW11881,2026-06-12,MX,Mobile,2377,10.0,61,600,10.17,2026-06-12 09:32:00
KP027631,KW11726,2026-06-13,FR,Desktop,507,41.0,14,268,5.22,2026-06-13 02:10:00
KP027632,KW11691,2026-06-14,BR,Desktop,378,36.0,7,128,5.47,2026-06-14 04:46:00
KP027633,KW11070,2026-06-15,AU,Mobile,9562,16.0,49,620,7.9,2026-06-15 10:03:00
KP027634,KW11894,2026-06-16,US,Desktop,8841,6.0,92,716,12.85,2026-06-16 21:40:00
KP027635,KW11755,2026-06-17,CA,Mobile,515,49.0,6,139,4.32,2026-06-17 12:43:00
KP027636,KW11743,2026-06-18,AU,Desktop,3764,46.0,12,241,4.98,2026-06-18 21:16:00
KP027637,KW10594,2026-06-19,AU,Mobile,5553,2.0,616,2198,28.03,2026-06-19 17:48:00
KP027638,KW11875,2026-06-20,UK,Mobile,8226,43.0,167,4151,4.02,2026-06-20 17:51:00
KP027639,KW11329,2026-06-21,US,Desktop,2069,44.0,33,641,5.15,2026-06-21 17:20:00
KP027640,KW10586,2026-06-22,US,Mobile,3263,6.0,254,1632,15.56,2026-06-22 06:18:00
KP027641,KW10341,2026-06-23,MX,Desktop,1934,13.0,16,159,10.06,2026-06-23 22:30:00
KP027642,KW10725,2026-06-24,DE,Mobile,1781,2.0,187,736,25.41,2026-06-24 08:22:00
KP027643,KW10139,2026-06-25,DE,Mobile,2899,42.0,27,804,3.36,2026-06-25 05:47:00
KP027644,KW11983,2026-06-26,IN,Desktop,813,16.0,6,99,6.06,2026-06-26 17:13:00
KP027645,KW11340,2026-06-27,AU,Mobile,11870,4.0,467,2875,16.24,2026-06-27 00:31:00
KP027646,KW11188,2026-06-28,US,Mobile,5679,4.0,276,2249,12.27,2026-06-28 01:54:00
KP027647,KW10021,2026-06-29,AU,Desktop,7424,32.0,165,3815,4.33,2026-06-29 03:30:00
KP027648,KW10992,2026-06-30,BR,Desktop,13973,45.0,307,7029,4.37,2026-06-30 22:44:00
KP027649,KW11164,2026-07-01,FR,Desktop,1599,23.0,7,147,4.76,2026-07-01 20:56:00
KP027650,KW11183,2026-07-02,US,Desktop,2421,48.0,37,1061,3.49,2026-07-02 04:14:00
KP027651,KW10367,2026-07-03,UK,Mobile,3891,42.0,74,1528,4.84,2026-07-03 05:33:00
KP027652,KW11677,2026-07-04,CA,Desktop,954,12.0,41,471,8.7,2026-07-04 16:23:00
KP027653,KW10547,2026-07-05,FR,Desktop,9878,37.0,221,4719,4.68,2026-07-05 01:39:00
KP027654,KW10016,2026-07-06,BR,Desktop,3267,23.0,49,774,6.33,2026-07-06 01:17:00
KP027655,KW11204,2026-07-07,AU,Desktop,5633,50.0,61,1450,4.21,2026-07-07 22:57:00
KP027656,KW11585,2026-07-08,MX,Mobile,541,34.0,7,145,4.83,2026-07-08 21:08:00
KP027657,KW11502,2026-07-09,MX,Mobile,2626,4.0,58,293,19.8,2026-07-09 11:40:00
KP027658,KW11081,2026-07-10,MX,Mobile,791,42.0,6,145,4.14,2026-07-10 18:14:00
KP027659,KW11038,2026-07-11,MX,Mobile,2007,23.0,7,150,4.67,2026-07-11 12:40:00
KP027660,KW11847,2026-07-12,FR,Desktop,5252,4.0,334,2647,12.62,2026-07-12 22:52:00
KP027661,KW10440,2026-07-13,DE,Desktop,2099,39.0,39,1054,3.7,2026-07-13 06:52:00
KP027662,KW11403,2026-07-14,UK,Mobile,696,50.0,1,53,1.89,2026-07-14 13:23:00
KP027663,KW11309,2026-07-15,DE,Mobile,8871,34.0,255,4687,5.44,2026-07-15 08:44:00
KP027664,KW11249,2026-07-16,FR,Desktop,2823,10.0,80,949,8.43,2026-07-16 11:01:00
KP027665,KW10249,2026-07-17,JP,Mobile,4028,48.0,58,1626,3.57,2026-07-17 12:37:00
KP027666,KW10202,2026-07-18,FR,Desktop,14108,38.0,123,2569,4.79,2026-07-18 05:16:00
KP027667,KW10481,2026-07-19,FR,Desktop,3976,9.0,256,1992,12.85,2026-07-19 05:20:00
KP027668,KW10061,2026-07-20,AU,Desktop,5961,39.0,100,1899,5.27,2026-07-20 17:26:00
KP027669,KW11646,2026-07-21,IN,Mobile,911,29.0,5,115,4.35,2026-07-21 10:14:00
KP027670,KW11877,2026-07-22,DE,Desktop,2022,10.0,35,443,7.9,2026-07-22 06:11:00
KP027671,KW10697,2026-07-23,MX,Mobile,2047,48.0,19,418,4.55,2026-07-23 01:31:00
KP027672,KW10671,2026-07-24,JP,Mobile,8538,32.0,177,3595,4.92,2026-07-24 15:22:00
KP027673,KW10502,2026-07-25,BR,Mobile,1881,14.0,20,294,6.8,2026-07-25 08:14:00
KP027674,KW11459,2026-07-26,MX,Desktop,4422,50.0,22,439,5.01,2026-07-26 11:04:00
KP027675,KW11675,2026-07-27,UK,Desktop,9689,1.0,1199,3426,35.0,2026-07-27 04:43:00
KP027676,KW10279,2026-07-28,BR,Tablet,3821,26.0,78,1104,7.07,2026-07-28 10:22:00
KP027677,KW10910,2026-07-29,AU,Mobile,6416,29.0,96,1520,6.32,2026-07-29 15:08:00
KP027678,KW11963,2026-07-30,IN,Tablet,2210,19.0,28,363,7.71,2026-07-30 19:11:00
KP027679,KW10410,2026-07-31,MX,Desktop,1618,31.0,21,383,5.48,2026-07-31 17:24:00
KP027680,KW10026,2026-08-01,FR,Desktop,2344,30.0,54,995,5.43,2026-08-01 01:07:00
KP027681,KW11529,2026-08-02,CA,Mobile,8851,46.0,23,561,4.1,2026-08-02 15:25:00
KP027682,KW10727,2026-08-03,IN,Mobile,584,13.0,17,225,7.56,2026-08-03 07:49:00
KP027683,KW11762,2026-08-04,US,Mobile,2324,15.0,93,1054,8.82,2026-08-04 09:01:00
KP027684,KW11265,2026-08-05,DE,Mobile,6904,39.0,182,3162,5.76,2026-08-05 23:08:00
KP027685,KW11206,2026-08-06,JP,Tablet,2209,42.0,43,1124,3.83,2026-08-06 13:04:00
KP027686,KW11215,2026-08-07,US,Desktop,1310,33.0,14,266,5.26,2026-08-07 05:41:00
KP027687,KW11339,2026-08-08,UK,Desktop,574,30.0,4,79,5.06,2026-08-08 01:47:00
KP027688,KW11211,2026-08-09,UK,Mobile,879,43.0,15,403,3.72,2026-08-09 21:42:00
KP027689,KW11973,2026-08-10,MX,Mobile,469,22.0,12,205,5.85,2026-08-10 18:19:00
KP027690,KW10753,2026-08-11,FR,Desktop,1484,4.0,102,676,15.09,2026-08-11 20:31:00
KP027691,KW10920,2026-08-12,UK,Mobile,2021,11.0,23,230,10.0,2026-08-12 16:18:00
KP027692,KW10812,2026-08-13,FR,Desktop,13387,10.0,502,6172,8.13,2026-08-13 19:59:00
KP027693,KW10392,2026-08-14,MX,Mobile,7463,25.0,255,3489,7.31,2026-08-14 21:16:00
KP027694,KW10780,2026-08-15,MX,Desktop,2743,31.0,68,1091,6.23,2026-08-15 02:52:00
KP027695,KW11961,2026-08-16,AU,Desktop,1839,22.0,14,291,4.81,2026-08-16 21:53:00
KP027696,KW10801,2026-08-17,BR,Mobile,2045,4.0,67,340,19.71,2026-08-17 06:43:00
KP027697,KW11325,2026-08-18,US,Mobile,2238,42.0,41,759,5.4,2026-08-18 04:05:00
KP027698,KW10121,2026-08-19,AU,Mobile,884,48.0,5,134,3.73,2026-08-19 18:28:00
KP027699,KW11921,2026-08-20,FR,Desktop,2320,43.0,37,971,3.81,2026-08-20 21:08:00
KP027700,KW11156,2026-08-21,IN,Desktop,1881,28.0,22,345,6.38,2026-08-21 01:12:00
KP027701,KW11308,2026-08-22,AU,Tablet,1059,3.0,36,249,14.46,2026-08-22 19:28:00
KP027702,KW11856,2026-08-23,BR,Desktop,3127,29.0,80,1371,5.84,2026-08-23 04:48:00
KP027703,KW11150,2026-08-24,FR,Mobile,1444,28.0,9,139,6.47,2026-08-24 18:17:00
KP027704,KW11857,2026-08-25,DE,Mobile,7133,19.0,215,2639,8.15,2026-08-25 18:03:00
KP027705,KW11608,2026-08-26,JP,Desktop,2479,36.0,27,663,4.07,2026-08-26 14:58:00
KP027706,KW11758,2026-08-27,DE,Mobile,3089,27.0,12,233,5.15,2026-08-27 19:32:00
KP027707,KW11766,2026-08-28,CA,Desktop,1295,19.0,13,188,6.91,2026-08-28 00:01:00
KP027708,KW10025,2026-08-29,AU,Desktop,4026,6.0,160,1425,11.23,2026-08-29 04:00:00
KP027709,KW10873,2026-08-30,JP,Desktop,4854,26.0,45,867,5.19,2026-08-30 10:39:00
KP027710,KW10718,2026-08-31,UK,Mobile,994,37.0,13,339,3.83,2026-08-31 17:22:00
KP027711,KW10200,2026-09-01,US,Desktop,3500,17.0,54,600,9.0,2026-09-01 10:59:00
KP027712,KW10124,2026-09-02,BR,Mobile,259,1.0,5,20,25.0,2026-09-02 08:15:00
KP027713,KW10538,2026-09-03,CA,Mobile,6171,47.0,87,2107,4.13,2026-09-03 20:16:00
KP027714,KW11469,2026-09-04,IN,Mobile,3468,30.0,58,1302,4.45,2026-09-04 20:01:00
KP027715,KW11199,2026-09-05,UK,Mobile,4580,38.0,80,1484,5.39,2026-09-05 18:26:00
KP027716,KW11947,2026-09-06,FR,Desktop,405,30.0,4,60,6.67,2026-09-06 09:20:00
KP027717,KW11225,2026-09-07,BR,Desktop,5697,34.0,136,2210,6.15,2026-09-07 17:21:00
KP027718,KW10724,2026-09-08,FR,Desktop,11491,16.0,259,3961,6.54,2026-09-08 11:06:00
KP027719,KW11592,2026-09-09,JP,Desktop,3053,15.0,49,608,8.06,2026-09-09 22:20:00
KP027720,KW10902,2026-09-10,UK,Tablet,1633,4.0,61,367,16.62,2026-09-10 22:32:00
KP027721,KW10899,2026-09-11,MX,Desktop,1888,6.0,23,217,10.6,2026-09-11 18:20:00
KP027722,KW11966,2026-09-12,DE,Tablet,4589,22.0,24,359,6.69,2026-09-12 03:55:00
KP027723,KW10485,2026-09-13,JP,Desktop,1069,1.0,90,344,26.16,2026-09-13 08:13:00
KP027724,KW10382,2026-09-14,FR,Desktop,1437,50.0,9,218,4.13,2026-09-14 00:17:00
KP027725,KW10953,2026-09-15,AU,Desktop,2626,6.0,169,1275,13.25,2026-09-15 07:30:00
KP027726,KW10669,2026-09-16,AU,Mobile,1903,16.0,95,1025,9.27,2026-09-16 09:00:00
KP027727,KW10999,2026-09-17,CA,Desktop,2801,46.0,42,806,5.21,2026-09-17 02:28:00
KP027728,KW11885,2026-09-18,UK,Mobile,7881,7.0,198,1427,13.88,2026-09-18 18:00:00
KP027729,KW11192,2026-09-19,DE,Desktop,1887,7.0,91,958,9.5,2026-09-19 14:42:00
KP027730,KW10429,2026-09-20,MX,Desktop,33562,23.0,1270,16332,7.78,2026-09-20 18:43:00
KP027731,KW10975,2026-09-21,AU,Desktop,972,14.0,51,518,9.85,2026-09-21 11:04:00
KP027732,KW11161,2026-09-22,FR,Desktop,17961,31.0,95,1768,5.37,2026-09-22 03:44:00
KP027733,KW11913,2026-09-23,JP,Mobile,3155,19.0,39,501,7.78,2026-09-23 00:38:00
KP027734,KW11957,2026-09-24,UK,Desktop,4784,18.0,178,2248,7.92,2026-09-24 16:07:00
KP027735,KW10829,2026-09-25,IN,Tablet,2608,27.0,51,734,6.95,2026-09-25 09:39:00
KP027736,KW11320,2026-09-26,IN,Mobile,519,7.0,3,31,9.68,2026-09-26 07:40:00
KP027737,KW10271,2026-09-27,CA,Mobile,4409,27.0,93,1888,4.93,2026-09-27 17:42:00
KP027738,KW10902,2026-09-28,IN,Mobile,2168,10.0,98,955,10.26,2026-09-28 13:13:00
KP027739,KW11123,2026-09-29,BR,Desktop,3311,1.0,163,468,34.83,2026-09-29 15:53:00
KP027740,KW11978,2026-09-30,AU,Desktop,9297,37.0,163,3650,4.47,2026-09-30 22:20:00
KP027984,KW11936,2026-06-01,UK,Mobile,6599,1.0,383,1096,34.95,2026-06-01 20:57:00
KP027985,KW11118,2026-06-02,BR,Desktop,6199,5.0,207,1153,17.95,2026-06-02 18:46:00
KP027986,KW10195,2026-06-03,MX,Desktop,2106,22.0,28,475,5.89,2026-06-03 16:33:00
KP027987,KW11893,2026-06-04,CA,Mobile,5700,27.0,40,840,4.76,2026-06-04 17:17:00
KP027988,KW10381,2026-06-05,JP,Desktop,2137,14.0,104,1154,9.01,2026-06-05 20:35:00
KP027989,KW10742,2026-06-06,JP,Desktop,2986,6.0,23,240,9.58,2026-06-06 23:31:00
KP027990,KW10590,2026-06-07,CA,Desktop,2997,41.0,47,922,5.1,2026-06-07 12:50:00
KP027991,KW10983,2026-06-08,BR,Mobile,8678,9.0,108,1216,8.88,2026-06-08 12:54:00
KP027992,KW11519,2026-06-09,BR,Mobile,2476,14.0,77,939,8.2,2026-06-09 22:47:00
KP027993,KW10283,2026-06-10,AU,Desktop,6763,25.0,105,1904,5.51,2026-06-10 04:24:00
KP027994,KW11801,2026-06-11,DE,Mobile,4766,10.0,94,1102,8.53,2026-06-11 18:45:00
KP027995,KW10357,2026-06-12,CA,Mobile,3001,44.0,57,1494,3.82,2026-06-12 04:43:00
KP027996,KW10028,2026-06-13,JP,Mobile,3339,26.0,11,171,6.43,2026-06-13 07:16:00
KP027997,KW11745,2026-06-14,US,Desktop,5450,20.0,213,2608,8.17,2026-06-14 17:44:00
KP027998,KW10305,2026-06-15,BR,Mobile,4091,25.0,134,2124,6.31,2026-06-15 14:59:00
KP027999,KW11425,2026-06-16,CA,Desktop,1787,5.0,39,340,11.47,2026-06-16 11:00:00
KP028000,KW11876,2026-06-17,UK,Desktop,6441,32.0,120,2638,4.55,2026-06-17 01:02:00
KP028001,KW10565,2026-06-18,IN,Mobile,3142,39.0,25,464,5.39,2026-06-18 12:18:00
KP028002,KW10800,2026-06-19,BR,Desktop,3637,4.0,204,1319,15.47,2026-06-19 20:53:00
KP028003,KW11009,2026-06-20,UK,Desktop,6887,1.0,541,1559,34.7,2026-06-20 10:48:00
KP028004,KW11268,2026-06-21,MX,Mobile,7731,34.0,97,1555,6.24,2026-06-21 22:31:00
KP028005,KW11014,2026-06-22,MX,Mobile,22140,7.0,863,8435,10.23,2026-06-22 04:07:00
KP028006,KW10182,2026-06-23,UK,Desktop,4538,14.0,139,2065,6.73,2026-06-23 20:00:00
KP028007,KW11080,2026-06-24,DE,Desktop,2285,33.0,13,261,4.98,2026-06-24 22:59:00
KP028008,KW10152,2026-06-25,CA,Mobile,1070,24.0,18,272,6.62,2026-06-25 01:31:00
KP028009,KW10487,2026-06-26,US,Mobile,1255,49.0,17,352,4.83,2026-06-26 05:36:00
KP028010,KW11631,2026-06-27,US,Mobile,1004,47.0,5,152,3.29,2026-06-27 22:14:00
KP028011,KW10893,2026-06-28,JP,Desktop,5871,35.0,117,2138,5.47,2026-06-28 02:41:00
KP028012,KW11145,2026-06-29,MX,Desktop,2280,39.0,30,781,3.84,2026-06-29 22:02:00
KP028013,KW11730,2026-06-30,BR,Desktop,1644,17.0,42,562,7.47,2026-06-30 11:41:00
KP028014,KW11195,2026-07-01,FR,Mobile,3347,1.0,351,1004,34.96,2026-07-01 16:36:00
KP028015,KW11479,2026-07-02,DE,Desktop,4204,27.0,107,2036,5.26,2026-07-02 00:31:00
KP028016,KW10102,2026-07-03,MX,Desktop,2063,8.0,41,329,12.46,2026-07-03 02:27:00
KP028017,KW11308,2026-07-04,UK,Mobile,12503,42.0,312,6115,5.1,2026-07-04 21:19:00
KP028018,KW11319,2026-07-05,AU,Desktop,959,18.0,13,184,7.07,2026-07-05 19:23:00
KP028019,KW11666,2026-07-06,IN,Desktop,809,18.0,10,157,6.37,2026-07-06 12:05:00
KP028020,KW10779,2026-07-07,BR,Desktop,541,3.0,64,286,22.38,2026-07-07 17:01:00
KP028021,KW10153,2026-07-08,JP,Mobile,4695,49.0,21,592,3.55,2026-07-08 07:47:00
KP028022,KW10867,2026-07-09,JP,Mobile,16675,5.0,853,6760,12.62,2026-07-09 03:51:00
KP028023,KW11734,2026-07-10,FR,Desktop,1250,12.0,40,592,6.76,2026-07-10 02:08:00
KP028024,KW10556,2026-07-11,MX,Tablet,7734,40.0,64,1124,5.69,2026-07-11 03:02:00
KP028025,KW11791,2026-07-12,IN,Desktop,2495,25.0,49,721,6.8,2026-07-12 09:14:00
KP028026,KW10921,2026-07-13,IN,Desktop,4752,16.0,147,1871,7.86,2026-07-13 01:46:00
KP028027,KW10158,2026-07-14,CA,Desktop,2321,46.0,15,341,4.4,2026-07-14 08:49:00
KP028028,KW10818,2026-07-15,BR,Mobile,3509,17.0,46,605,7.6,2026-07-15 08:42:00
KP028029,KW11834,2026-07-16,UK,Desktop,1619,22.0,42,693,6.06,2026-07-16 08:51:00
KP028030,KW10968,2026-07-17,BR,Mobile,3403,28.0,61,1243,4.91,2026-07-17 14:43:00
KP028031,KW10637,2026-07-18,BR,Mobile,930,32.0,4,110,3.64,2026-07-18 14:57:00
KP028032,KW11334,2026-07-19,DE,Desktop,4794,29.0,17,407,4.18,2026-07-19 19:13:00
KP028033,KW11802,2026-07-20,UK,Desktop,705,9.0,22,231,9.52,2026-07-20 19:34:00
KP028034,KW11244,2026-07-21,DE,Mobile,4116,31.0,81,1325,6.11,2026-07-21 13:06:00
KP028035,KW10422,2026-07-22,MX,Desktop,3430,16.0,47,796,5.9,2026-07-22 19:32:00
KP028036,KW11350,2026-07-23,DE,Desktop,1695,15.0,55,623,8.83,2026-07-23 01:59:00
KP028037,KW10142,2026-07-24,AU,Desktop,3632,21.0,11,210,5.24,2026-07-24 04:50:00
KP028038,KW11180,2026-07-25,FR,Mobile,922,46.0,13,399,3.26,2026-07-25 17:42:00
KP028039,KW10944,2026-07-26,BR,Desktop,3694,5.0,123,690,17.83,2026-07-26 02:55:00
KP028040,KW10140,2026-07-27,MX,Desktop,4790,34.0,70,1328,5.27,2026-07-27 19:28:00
KP028041,KW10945,2026-07-28,BR,Desktop,2779,46.0,72,1525,4.72,2026-07-28 11:38:00
KP028042,KW11666,2026-07-29,BR,Desktop,9746,50.0,148,4731,3.13,2026-07-29 20:46:00
KP028043,KW11665,2026-07-30,AU,Desktop,849,15.0,20,259,7.72,2026-07-30 09:59:00
KP028044,KW10440,2026-07-31,DE,Tablet,7990,34.0,43,1069,4.02,2026-07-31 09:46:00
KP028045,KW10693,2026-08-01,AU,Mobile,1481,48.0,24,530,4.53,2026-08-01 07:18:00
KP028046,KW11493,2026-08-02,JP,Desktop,9065,40.0,164,3296,4.98,2026-08-02 10:26:00
KP028047,KW10498,2026-08-03,MX,Mobile,12570,27.0,39,656,5.95,2026-08-03 05:32:00
KP028048,KW11553,2026-08-04,JP,Mobile,351,2.0,9,44,20.45,2026-08-04 06:48:00
KP028049,KW10579,2026-08-05,UK,Mobile,675,4.0,8,46,17.39,2026-08-05 18:59:00
KP028050,KW11881,2026-08-06,UK,Mobile,5735,26.0,153,3033,5.04,2026-08-06 18:37:00
KP028051,KW10152,2026-08-07,MX,Mobile,715,38.0,17,376,4.52,2026-08-07 21:00:00
KP028052,KW10481,2026-08-08,IN,Mobile,6146,25.0,136,2042,6.66,2026-08-08 20:23:00
KP028053,KW10696,2026-08-09,UK,Mobile,23943,43.0,109,3202,3.4,2026-08-09 12:34:00
KP028054,KW10555,2026-08-10,FR,Desktop,1882,32.0,43,708,6.07,2026-08-10 16:39:00
KP028055,KW11294,2026-08-11,FR,Desktop,2565,3.0,204,1305,15.63,2026-08-11 02:15:00
KP028056,KW10483,2026-08-12,IN,Mobile,2668,45.0,41,783,5.24,2026-08-12 01:58:00
KP028057,KW10025,2026-08-13,UK,Mobile,16575,36.0,179,4676,3.83,2026-08-13 11:20:00
KP028058,KW10680,2026-08-14,FR,Mobile,2503,17.0,60,844,7.11,2026-08-14 08:17:00
KP028059,KW11203,2026-08-15,BR,Desktop,2196,3.0,61,284,21.48,2026-08-15 13:40:00
KP028060,KW10693,2026-08-16,UK,Mobile,13013,28.0,294,4498,6.54,2026-08-16 03:34:00
KP028061,KW11130,2026-08-17,FR,Mobile,3999,19.0,152,1785,8.52,2026-08-17 05:56:00
KP028062,KW10246,2026-08-18,DE,Mobile,4731,35.0,92,2433,3.78,2026-08-18 00:26:00
KP028063,KW10113,2026-08-19,FR,Desktop,2386,32.0,29,568,5.11,2026-08-19 03:18:00
KP028064,KW10477,2026-08-20,JP,Desktop,2958,46.0,59,1276,4.62,2026-08-20 12:41:00
KP028065,KW10790,2026-08-21,CA,Desktop,1198,17.0,12,165,7.27,2026-08-21 15:39:00
KP028066,KW10729,2026-08-22,CA,Tablet,3825,42.0,44,1270,3.46,2026-08-22 04:08:00
KP028067,KW10563,2026-08-23,FR,Desktop,18018,28.0,224,4700,4.77,2026-08-23 15:58:00
KP028068,KW10306,2026-08-24,US,Desktop,229,11.0,13,115,11.3,2026-08-24 20:41:00
KP028069,KW11679,2026-08-25,JP,Desktop,1178,27.0,34,537,6.33,2026-08-25 17:47:00
KP028070,KW10390,2026-08-26,DE,Tablet,1327,29.0,11,182,6.04,2026-08-26 08:26:00
KP028071,KW11388,2026-08-27,AU,Desktop,1253,50.0,30,634,4.73,2026-08-27 07:15:00
KP028072,KW11747,2026-08-28,BR,Desktop,2475,49.0,59,1228,4.8,2026-08-28 14:30:00
KP028073,KW10949,2026-08-29,FR,Mobile,2380,15.0,92,1014,9.07,2026-08-29 13:27:00
KP028074,KW10669,2026-08-30,BR,Desktop,2505,42.0,50,997,5.02,2026-08-30 18:07:00
KP028075,KW11050,2026-08-31,JP,Desktop,868,20.0,33,407,8.11,2026-08-31 16:52:00
KP028076,KW10987,2026-09-01,DE,Mobile,3605,39.0,77,1518,5.07,2026-09-01 20:49:00
KP028077,KW10892,2026-09-02,US,Mobile,8319,42.0,140,3860,3.63,2026-09-02 21:13:00
KP028078,KW10493,2026-09-03,MX,Desktop,7042,7.0,389,2692,14.45,2026-09-03 16:47:00
KP028079,KW10135,2026-09-04,UK,Desktop,518,1.0,72,277,25.99,2026-09-04 05:02:00
KP028080,KW10571,2026-09-05,CA,Mobile,2674,18.0,78,1270,6.14,2026-09-05 04:50:00
KP028081,KW11673,2026-09-06,BR,Mobile,236,29.0,4,79,5.06,2026-09-06 01:34:00
KP028082,KW11614,2026-09-07,FR,Mobile,3271,12.0,42,564,7.45,2026-09-07 23:21:00
KP028083,KW10975,2026-09-08,US,Desktop,5539,30.0,105,2556,4.11,2026-09-08 17:38:00
KP028084,KW10283,2026-09-09,UK,Mobile,2633,50.0,28,616,4.55,2026-09-09 14:08:00
KP028085,KW11699,2026-09-10,JP,Mobile,382,27.0,5,116,4.31,2026-09-10 15:00:00
KP028086,KW10287,2026-09-11,US,Mobile,6329,43.0,71,1909,3.72,2026-09-11 14:43:00
KP028087,KW10445,2026-09-12,BR,Mobile,10531,8.0,74,856,8.64,2026-09-12 11:35:00
KP028088,KW11682,2026-09-13,MX,Mobile,1795,6.0,67,440,15.23,2026-09-13 05:11:00
KP028089,KW10263,2026-09-14,AU,Desktop,2119,23.0,74,992,7.46,2026-09-14 22:57:00
KP028090,KW10674,2026-09-15,AU,Mobile,4996,30.0,99,2016,4.91,2026-09-15 05:41:00
KP028091,KW10578,2026-09-16,BR,Mobile,386,36.0,5,131,3.82,2026-09-16 20:58:00
KP028092,KW11164,2026-09-17,US,Tablet,2051,22.0,43,684,6.29,2026-09-17 14:50:00
KP028093,KW10858,2026-09-18,UK,Desktop,12225,11.0,365,4430,8.24,2026-09-18 18:26:00
KP028094,KW10958,2026-09-19,MX,Mobile,8504,40.0,43,1208,3.56,2026-09-19 18:40:00
KP028095,KW11232,2026-09-20,MX,Desktop,1945,27.0,12,222,5.41,2026-09-20 18:18:00
KP028096,KW11948,2026-09-21,BR,Desktop,2668,41.0,60,1087,5.52,2026-09-21 16:53:00
KP028097,KW10354,2026-09-22,UK,Desktop,871,18.0,36,436,8.26,2026-09-22 05:54:00
KP028098,KW11191,2026-09-23,DE,Mobile,1021,28.0,4,61,6.56,2026-09-23 05:19:00
KP028099,KW10824,2026-09-24,IN,Desktop,4860,49.0,69,1461,4.72,2026-09-24 21:46:00
KP028100,KW11924,2026-09-25,FR,Mobile,10131,18.0,331,3893,8.5,2026-09-25 22:25:00
KP028101,KW11404,2026-09-26,JP,Mobile,1329,3.0,99,458,21.62,2026-09-26 15:41:00
KP028102,KW11003,2026-09-27,UK,Desktop,1065,8.0,23,251,9.16,2026-09-27 22:33:00
KP028103,KW10717,2026-09-28,FR,Desktop,717,32.0,12,219,5.48,2026-09-28 23:59:00
KP028104,KW10414,2026-09-29,AU,Desktop,3270,11.0,194,1772,10.95,2026-09-29 13:24:00
KP028105,KW11118,2026-09-30,AU,Desktop,1836,6.0,30,310,9.68,2026-09-30 10:50:00
KP028349,KW11376,2026-06-01,IN,Desktop,1183,46.0,2,71,2.82,2026-06-01 07:22:00
KP028350,KW11988,2026-06-02,CA,Desktop,29987,22.0,406,6245,6.5,2026-06-02 11:39:00
KP028351,KW10764,2026-06-03,DE,Mobile,6709,1.0,734,2573,28.53,2026-06-03 19:13:00
KP028352,KW11069,2026-06-04,FR,Desktop,1482,18.0,12,170,7.06,2026-06-04 18:55:00
KP028353,KW10888,2026-06-05,IN,Desktop,7115,32.0,139,2297,6.05,2026-06-05 01:17:00
KP028354,KW10957,2026-06-06,UK,Desktop,699,40.0,10,225,4.44,2026-06-06 11:54:00
KP028355,KW10432,2026-06-07,MX,Desktop,5672,36.0,115,2070,5.56,2026-06-07 12:50:00
KP028356,KW11616,2026-06-08,UK,Mobile,3728,7.0,212,1679,12.63,2026-06-08 22:21:00
KP028357,KW10427,2026-06-09,UK,Desktop,3175,19.0,123,1477,8.33,2026-06-09 18:00:00
KP028358,KW10299,2026-06-10,MX,Desktop,2123,18.0,26,346,7.51,2026-06-10 14:01:00
KP028359,KW10616,2026-06-11,FR,Desktop,1944,45.0,42,797,5.27,2026-06-11 07:34:00
KP028360,KW11636,2026-06-12,JP,Desktop,12140,43.0,111,2082,5.33,2026-06-12 01:53:00
KP028361,KW11907,2026-06-13,US,Mobile,2408,11.0,21,294,7.14,2026-06-13 17:56:00
KP028362,KW10851,2026-06-14,JP,Mobile,1285,17.0,23,271,8.49,2026-06-14 04:03:00
KP028363,KW11316,2026-06-15,BR,Desktop,2646,36.0,38,829,4.58,2026-06-15 00:50:00
KP028364,KW10593,2026-06-16,MX,Mobile,10725,46.0,36,726,4.96,2026-06-16 11:11:00
KP028365,KW10914,2026-06-17,DE,Tablet,14819,15.0,271,3828,7.08,2026-06-17 14:41:00
KP028366,KW10327,2026-06-18,AU,Desktop,1584,34.0,14,322,4.35,2026-06-18 13:31:00
KP028367,KW11577,2026-06-19,US,Tablet,1413,3.0,28,159,17.61,2026-06-19 02:13:00
KP028368,KW10448,2026-06-20,US,Mobile,2512,45.0,42,925,4.54,2026-06-20 23:26:00
KP028369,KW10100,2026-06-21,AU,Mobile,1595,42.0,9,178,5.06,2026-06-21 07:26:00
KP028370,KW11588,2026-06-22,US,Desktop,4146,11.0,102,1217,8.38,2026-06-22 22:28:00
KP028371,KW10578,2026-06-23,AU,Mobile,9515,3.0,640,3793,16.87,2026-06-23 03:51:00
KP028372,KW11522,2026-06-24,JP,Mobile,10053,17.0,195,3363,5.8,2026-06-24 19:41:00
KP028373,KW11676,2026-06-25,FR,Mobile,12305,11.0,395,5135,7.69,2026-06-25 18:24:00
KP028374,KW11308,2026-06-26,IN,Desktop,3388,32.0,87,1509,5.77,2026-06-26 14:56:00
KP028375,KW11666,2026-06-27,BR,Desktop,3376,29.0,58,1062,5.46,2026-06-27 20:23:00
KP028376,KW10030,2026-06-28,IN,Tablet,932,35.0,10,170,5.88,2026-06-28 17:01:00
KP028377,KW10586,2026-06-29,UK,Mobile,833,17.0,21,376,5.59,2026-06-29 15:28:00
KP028378,KW10862,2026-06-30,FR,Mobile,3353,3.0,317,1722,18.41,2026-06-30 02:19:00
KP028379,KW11641,2026-07-01,BR,Mobile,912,13.0,13,162,8.02,2026-07-01 05:09:00
KP028380,KW10459,2026-07-02,DE,Desktop,6801,13.0,108,1513,7.14,2026-07-02 17:47:00
KP028381,KW10472,2026-07-03,JP,Mobile,998,39.0,24,448,5.36,2026-07-03 00:41:00
KP028382,KW10818,2026-07-04,CA,Tablet,4386,5.0,72,607,11.86,2026-07-04 22:19:00
KP028383,KW10345,2026-07-05,DE,Desktop,1877,32.0,34,703,4.84,2026-07-05 10:34:00
KP028384,KW11632,2026-07-06,DE,Desktop,4252,27.0,135,2038,6.62,2026-07-06 18:52:00
KP028385,KW10624,2026-07-07,AU,Desktop,2515,42.0,21,492,4.27,2026-07-07 15:27:00
KP028386,KW10533,2026-07-08,MX,Desktop,3759,17.0,100,1197,8.35,2026-07-08 06:36:00
KP028387,KW10505,2026-07-09,FR,Mobile,2729,40.0,34,851,4.0,2026-07-09 18:13:00
KP028388,KW10555,2026-07-10,AU,Desktop,3516,37.0,71,1237,5.74,2026-07-10 22:59:00
KP028389,KW11492,2026-07-11,MX,Mobile,4062,47.0,34,855,3.98,2026-07-11 04:22:00
KP028390,KW11834,2026-07-12,CA,Desktop,3432,17.0,129,1602,8.05,2026-07-12 18:54:00
KP028391,KW11283,2026-07-13,MX,Mobile,1396,19.0,56,685,8.18,2026-07-13 10:40:00
KP028392,KW10098,2026-07-14,US,Desktop,2817,17.0,16,205,7.8,2026-07-14 04:37:00
KP028393,KW10134,2026-07-15,FR,Mobile,911,35.0,8,172,4.65,2026-07-15 04:05:00
KP028394,KW11732,2026-07-16,CA,Mobile,4618,39.0,130,2237,5.81,2026-07-16 04:47:00
KP028395,KW11958,2026-07-17,FR,Desktop,754,4.0,17,106,16.04,2026-07-17 16:51:00
KP028396,KW11135,2026-07-18,CA,Desktop,2836,20.0,52,1015,5.12,2026-07-18 09:28:00
KP028397,KW10858,2026-07-19,FR,Mobile,5565,10.0,184,2225,8.27,2026-07-19 15:21:00
KP028398,KW10630,2026-07-20,IN,Desktop,1643,17.0,64,836,7.66,2026-07-20 14:32:00
KP028399,KW11932,2026-07-21,DE,Mobile,10699,48.0,96,1877,5.11,2026-07-21 23:20:00
KP028400,KW11033,2026-07-22,US,Desktop,2770,8.0,159,1168,13.61,2026-07-22 13:05:00
KP028401,KW11638,2026-07-23,IN,Mobile,3594,33.0,100,1870,5.35,2026-07-23 08:46:00
KP028402,KW11711,2026-07-24,DE,Mobile,2591,6.0,50,474,10.55,2026-07-24 19:36:00
KP028403,KW11748,2026-07-25,DE,Desktop,17162,30.0,432,7781,5.55,2026-07-25 16:58:00
KP028404,KW11177,2026-07-26,US,Desktop,505,29.0,8,181,4.42,2026-07-26 11:21:00
KP028405,KW11149,2026-07-27,MX,Mobile,4851,41.0,51,943,5.41,2026-07-27 09:08:00
KP028406,KW10325,2026-07-28,US,Mobile,11087,5.0,797,4884,16.32,2026-07-28 21:17:00
KP028407,KW10614,2026-07-29,MX,Desktop,3582,43.0,76,1775,4.28,2026-07-29 02:18:00
KP028408,KW11598,2026-07-30,US,Mobile,1243,20.0,33,563,5.86,2026-07-30 01:26:00
KP028409,KW10515,2026-07-31,BR,Desktop,1709,48.0,20,576,3.47,2026-07-31 04:43:00
KP028410,KW10806,2026-08-01,JP,Mobile,601,6.0,39,320,12.19,2026-08-01 00:58:00
KP028411,KW11250,2026-08-02,US,Desktop,9530,9.0,157,1834,8.56,2026-08-02 16:13:00
KP028412,KW11518,2026-08-03,UK,Desktop,1216,37.0,25,478,5.23,2026-08-03 11:05:00
KP028413,KW10911,2026-08-04,MX,Desktop,624,5.0,39,289,13.49,2026-08-04 22:20:00
KP028414,KW11093,2026-08-05,JP,Desktop,1454,17.0,23,390,5.9,2026-08-05 08:43:00
KP028415,KW10979,2026-08-06,BR,Desktop,2676,16.0,69,869,7.94,2026-08-06 03:15:00
KP028416,KW11015,2026-08-07,BR,Mobile,1321,32.0,14,225,6.22,2026-08-07 08:08:00
KP028417,KW10679,2026-08-08,US,Mobile,7637,23.0,40,581,6.88,2026-08-08 08:14:00
KP028418,KW10798,2026-08-09,JP,Desktop,975,36.0,2,51,3.92,2026-08-09 23:43:00
KP028419,KW11433,2026-08-10,DE,Mobile,3547,10.0,59,500,11.8,2026-08-10 01:27:00
KP028420,KW11915,2026-08-11,BR,Desktop,8612,9.0,245,2155,11.37,2026-08-11 04:58:00
KP028421,KW10065,2026-08-12,UK,Mobile,3673,19.0,47,625,7.52,2026-08-12 03:26:00
KP028422,KW11272,2026-08-13,MX,Desktop,349,5.0,22,127,17.32,2026-08-13 16:16:00
KP028423,KW11466,2026-08-14,IN,Mobile,3144,21.0,32,396,8.08,2026-08-14 07:30:00
KP028424,KW10545,2026-08-15,IN,Mobile,3753,44.0,15,305,4.92,2026-08-15 04:22:00
KP028425,KW11272,2026-08-16,MX,Mobile,8561,50.0,128,2536,5.05,2026-08-16 05:06:00
KP028426,KW11647,2026-08-17,BR,Desktop,3397,48.0,45,936,4.81,2026-08-17 08:32:00
KP028427,KW11321,2026-08-18,AU,Mobile,5081,41.0,81,2235,3.62,2026-08-18 00:45:00
KP028428,KW10998,2026-08-19,BR,Mobile,3107,12.0,88,1233,7.14,2026-08-19 23:57:00
KP028429,KW10731,2026-08-20,MX,Desktop,1045,45.0,12,313,3.83,2026-08-20 03:56:00
KP028430,KW10764,2026-08-21,MX,Mobile,4601,45.0,18,424,4.25,2026-08-21 04:53:00
KP028431,KW10519,2026-08-22,AU,Mobile,4412,36.0,83,2161,3.84,2026-08-22 14:22:00
KP028432,KW11684,2026-08-23,BR,Mobile,7485,14.0,112,1522,7.36,2026-08-23 00:07:00
KP028433,KW11700,2026-08-24,UK,Desktop,1089,2.0,50,214,23.36,2026-08-24 19:06:00
KP028434,KW10180,2026-08-25,FR,Mobile,2320,26.0,42,638,6.58,2026-08-25 13:12:00
KP028435,KW11085,2026-08-26,IN,Desktop,268,2.0,19,89,21.35,2026-08-26 05:18:00
KP028436,KW10576,2026-08-27,BR,Mobile,3671,7.0,173,1185,14.6,2026-08-27 00:09:00
KP028437,KW11459,2026-08-28,UK,Tablet,15776,29.0,240,4293,5.59,2026-08-28 21:47:00
KP028438,KW11616,2026-08-29,IN,Mobile,1106,14.0,46,594,7.74,2026-08-29 16:11:00
KP028439,KW11159,2026-08-30,BR,Mobile,10535,44.0,191,4433,4.31,2026-08-30 15:00:00
KP028440,KW10561,2026-08-31,CA,Desktop,2406,11.0,85,873,9.74,2026-08-31 08:53:00
KP028441,KW11451,2026-09-01,FR,Mobile,3268,45.0,64,1644,3.89,2026-09-01 00:03:00
KP028442,KW11520,2026-09-02,CA,Mobile,4061,18.0,49,630,7.78,2026-09-02 23:52:00
KP028443,KW10432,2026-09-03,US,Mobile,13218,43.0,152,3776,4.03,2026-09-03 18:07:00
KP028444,KW10435,2026-09-04,JP,Desktop,6979,32.0,191,3060,6.24,2026-09-04 17:34:00
KP028445,KW10300,2026-09-05,CA,Mobile,3339,13.0,97,1379,7.03,2026-09-05 19:19:00
KP028446,KW11153,2026-09-06,DE,Mobile,1219,20.0,47,613,7.67,2026-09-06 17:29:00
KP028447,KW11278,2026-09-07,US,Mobile,20256,31.0,313,5404,5.79,2026-09-07 09:50:00
KP028448,KW10943,2026-09-08,JP,Mobile,795,21.0,7,93,7.53,2026-09-08 03:48:00
KP028449,KW11706,2026-09-09,MX,Desktop,9990,19.0,150,1900,7.89,2026-09-09 03:12:00
KP028450,KW10945,2026-09-10,FR,Mobile,2215,31.0,14,345,4.06,2026-09-10 18:10:00
KP028451,KW10341,2026-09-11,CA,Mobile,2426,20.0,69,1051,6.57,2026-09-11 16:49:00
KP028452,KW10732,2026-09-12,UK,Desktop,1037,30.0,3,85,3.53,2026-09-12 11:34:00
KP028453,KW10764,2026-09-13,BR,Mobile,5878,5.0,189,1341,14.09,2026-09-13 08:26:00
KP028454,KW10794,2026-09-14,FR,Desktop,805,17.0,4,47,8.51,2026-09-14 20:52:00
KP028455,KW10311,2026-09-15,BR,Mobile,7345,43.0,27,771,3.5,2026-09-15 04:00:00
KP028456,KW10463,2026-09-16,UK,Mobile,4286,10.0,214,1863,11.49,2026-09-16 03:43:00
KP028457,KW10410,2026-09-17,UK,Desktop,61070,15.0,2020,33171,6.09,2026-09-17 00:01:00
KP028458,KW11521,2026-09-18,CA,Desktop,6248,10.0,74,648,11.42,2026-09-18 02:42:00
KP028459,KW11081,2026-09-19,JP,Desktop,2794,22.0,39,630,6.19,2026-09-19 20:07:00
KP028460,KW10563,2026-09-20,BR,Mobile,1287,16.0,52,641,8.11,2026-09-20 05:39:00
KP028461,KW10041,2026-09-21,IN,Desktop,1907,3.0,100,474,21.1,2026-09-21 15:00:00
KP028462,KW10630,2026-09-22,CA,Desktop,1514,4.0,74,503,14.71,2026-09-22 01:25:00
KP028463,KW11367,2026-09-23,JP,Mobile,5556,44.0,60,1404,4.27,2026-09-23 15:21:00
KP028464,KW10678,2026-09-24,JP,Mobile,6151,44.0,88,1952,4.51,2026-09-24 01:47:00
KP028465,KW10846,2026-09-25,IN,Desktop,7766,20.0,262,4058,6.46,2026-09-25 08:12:00
KP028466,KW10209,2026-09-26,BR,Desktop,3602,49.0,16,367,4.36,2026-09-26 09:44:00
KP028467,KW10390,2026-09-27,CA,Mobile,1381,47.0,4,118,3.39,2026-09-27 22:43:00
KP028468,KW10167,2026-09-28,AU,Desktop,8104,35.0,168,3176,5.29,2026-09-28 08:32:00
KP028469,KW11143,2026-09-29,FR,Desktop,1084,33.0,19,428,4.44,2026-09-29 12:25:00
KP028470,KW10642,2026-09-30,BR,Mobile,5472,19.0,229,2700,8.48,2026-09-30 19:37:00
KP028714,KW11113,2026-06-01,CA,Mobile,538,13.0,17,170,10.0,2026-06-01 08:48:00
KP028715,KW11432,2026-06-02,AU,Mobile,4103,1.0,421,1321,31.87,2026-06-02 12:58:00
KP028716,KW11418,2026-06-03,DE,Mobile,1429,20.0,54,704,7.67,2026-06-03 09:06:00
KP028717,KW10205,2026-06-04,IN,Desktop,3509,11.0,47,550,8.55,2026-06-04 14:11:00
KP028718,KW10537,2026-06-05,JP,Mobile,1558,9.0,42,488,8.61,2026-06-05 05:41:00
KP028719,KW11009,2026-06-06,JP,Mobile,1765,18.0,75,923,8.13,2026-06-06 22:46:00
KP028720,KW11290,2026-06-07,IN,Mobile,432,30.0,3,78,3.85,2026-06-07 21:14:00
KP028721,KW11820,2026-06-08,FR,Mobile,1800,4.0,65,498,13.05,2026-06-08 12:50:00
KP028722,KW11769,2026-06-09,FR,Desktop,1661,49.0,26,632,4.11,2026-06-09 02:48:00
KP028723,KW10626,2026-06-10,FR,Mobile,5780,38.0,89,1758,5.06,2026-06-10 00:42:00
KP028724,KW10469,2026-06-11,MX,Mobile,1065,30.0,19,348,5.46,2026-06-11 13:35:00
KP028725,KW10429,2026-06-12,CA,Mobile,1623,38.0,30,528,5.68,2026-06-12 13:48:00
KP028726,KW11963,2026-06-13,AU,Desktop,3399,25.0,14,242,5.79,2026-06-13 23:10:00
KP028727,KW10860,2026-06-14,BR,Desktop,528,35.0,12,226,5.31,2026-06-14 20:37:00
KP028728,KW10011,2026-06-15,CA,Mobile,4053,47.0,62,1269,4.89,2026-06-15 23:41:00
KP028729,KW11369,2026-06-16,MX,Tablet,6880,15.0,225,2580,8.72,2026-06-16 20:05:00
KP028730,KW10874,2026-06-17,US,Mobile,1689,17.0,47,773,6.08,2026-06-17 12:54:00
KP028731,KW10798,2026-06-18,MX,Desktop,762,47.0,17,338,5.03,2026-06-18 22:26:00
KP028732,KW10426,2026-06-19,US,Mobile,16836,46.0,58,1750,3.31,2026-06-19 06:07:00
KP028733,KW10819,2026-06-20,CA,Mobile,12772,16.0,82,1322,6.2,2026-06-20 12:27:00
KP028734,KW11246,2026-06-21,BR,Mobile,3770,39.0,32,669,4.78,2026-06-21 06:03:00
KP028735,KW10730,2026-06-22,JP,Desktop,6388,41.0,54,1064,5.08,2026-06-22 01:30:00
KP028736,KW11422,2026-06-23,CA,Mobile,4027,43.0,26,676,3.85,2026-06-23 01:42:00
KP028737,KW11776,2026-06-24,CA,Mobile,3755,26.0,104,1561,6.66,2026-06-24 03:27:00
KP028738,KW10794,2026-06-25,BR,Mobile,1974,12.0,55,643,8.55,2026-06-25 11:17:00
KP028739,KW10555,2026-06-26,MX,Desktop,3886,36.0,30,599,5.01,2026-06-26 01:07:00
KP028740,KW11267,2026-06-27,US,Mobile,3303,43.0,33,700,4.71,2026-06-27 17:59:00
KP028741,KW11927,2026-06-28,CA,Desktop,6458,20.0,212,3354,6.32,2026-06-28 18:33:00
KP028742,KW10716,2026-06-29,US,Mobile,20234,2.0,1039,4158,24.99,2026-06-29 22:02:00
KP028743,KW10699,2026-06-30,UK,Mobile,1828,12.0,67,717,9.34,2026-06-30 07:43:00
KP028744,KW10265,2026-07-01,JP,Mobile,1388,50.0,9,233,3.86,2026-07-01 20:28:00
KP028745,KW11188,2026-07-02,CA,Desktop,1621,49.0,26,518,5.02,2026-07-02 03:55:00
KP028746,KW10194,2026-07-03,US,Mobile,14001,45.0,249,7052,3.53,2026-07-03 18:23:00
KP028747,KW11470,2026-07-04,IN,Mobile,3954,19.0,61,934,6.53,2026-07-04 07:43:00
KP028748,KW11446,2026-07-05,CA,Desktop,13112,5.0,667,3719,17.93,2026-07-05 11:58:00
KP028749,KW11304,2026-07-06,MX,Mobile,1523,15.0,10,117,8.55,2026-07-06 16:59:00
KP028750,KW10026,2026-07-07,JP,Mobile,6925,13.0,79,900,8.78,2026-07-07 18:34:00
KP028751,KW10921,2026-07-08,DE,Desktop,3624,39.0,50,992,5.04,2026-07-08 06:20:00
KP028752,KW10380,2026-07-09,BR,Mobile,2028,47.0,39,984,3.96,2026-07-09 15:52:00
KP028753,KW10370,2026-07-10,DE,Desktop,4473,35.0,33,798,4.14,2026-07-10 10:30:00
KP028754,KW11570,2026-07-11,AU,Desktop,1439,34.0,24,478,5.02,2026-07-11 19:52:00
KP028755,KW10181,2026-07-12,MX,Desktop,194,20.0,5,89,5.62,2026-07-12 19:52:00
KP028756,KW11542,2026-07-13,DE,Mobile,14329,22.0,114,2112,5.4,2026-07-13 01:23:00
KP028757,KW11036,2026-07-14,UK,Mobile,4457,6.0,76,752,10.11,2026-07-14 21:42:00
KP028758,KW10081,2026-07-15,BR,Desktop,1106,43.0,3,99,3.03,2026-07-15 16:16:00
KP028759,KW11682,2026-07-16,AU,Mobile,2219,19.0,32,551,5.81,2026-07-16 18:25:00
KP028760,KW11046,2026-07-17,CA,Mobile,881,41.0,2,57,3.51,2026-07-17 11:26:00
KP028761,KW11408,2026-07-18,BR,Desktop,4499,21.0,120,1868,6.42,2026-07-18 14:11:00
KP028762,KW10082,2026-07-19,US,Mobile,6821,17.0,103,1403,7.34,2026-07-19 11:11:00
KP028763,KW10826,2026-07-20,JP,Mobile,4952,47.0,96,2581,3.72,2026-07-20 06:28:00
KP028764,KW11630,2026-07-21,MX,Desktop,9913,22.0,185,2559,7.23,2026-07-21 21:31:00
KP028765,KW11264,2026-07-22,UK,Desktop,14411,25.0,258,3992,6.46,2026-07-22 03:17:00
KP028766,KW11255,2026-07-23,BR,Mobile,1170,31.0,10,156,6.41,2026-07-23 02:52:00
KP028767,KW11634,2026-07-24,AU,Tablet,1663,22.0,67,854,7.85,2026-07-24 17:29:00
KP028768,KW11044,2026-07-25,UK,Desktop,9171,2.0,526,2085,25.23,2026-07-25 18:15:00
KP028769,KW11465,2026-07-26,IN,Tablet,2017,22.0,29,553,5.24,2026-07-26 09:51:00
KP028770,KW10724,2026-07-27,AU,Mobile,4173,24.0,141,2271,6.21,2026-07-27 07:36:00
KP028771,KW10389,2026-07-28,JP,Mobile,1060,25.0,13,178,7.3,2026-07-28 00:20:00
KP028772,KW10817,2026-07-29,CA,Desktop,714,22.0,21,280,7.5,2026-07-29 14:34:00
KP028773,KW11624,2026-07-30,MX,Desktop,7522,1.0,1108,3598,30.79,2026-07-30 21:20:00
KP028774,KW11367,2026-07-31,UK,Desktop,3200,40.0,39,724,5.39,2026-07-31 20:01:00
KP028775,KW11185,2026-08-01,US,Mobile,8730,23.0,345,4454,7.75,2026-08-01 00:25:00
KP028776,KW11473,2026-08-02,US,Mobile,2624,36.0,19,434,4.38,2026-08-02 11:51:00
KP028777,KW11365,2026-08-03,JP,Desktop,5890,42.0,119,3143,3.79,2026-08-03 02:27:00
KP028778,KW11731,2026-08-04,IN,Mobile,3130,41.0,31,811,3.82,2026-08-04 19:57:00
KP028779,KW11025,2026-08-05,BR,Desktop,2674,23.0,14,258,5.43,2026-08-05 20:00:00
KP028780,KW10107,2026-08-06,MX,Mobile,2615,34.0,53,928,5.71,2026-08-06 07:20:00
KP028781,KW11599,2026-08-07,AU,Mobile,5126,26.0,26,512,5.08,2026-08-07 12:50:00
KP028782,KW10061,2026-08-08,DE,Mobile,2670,12.0,20,262,7.63,2026-08-08 02:58:00
KP028783,KW10844,2026-08-09,MX,Mobile,7250,50.0,48,1346,3.57,2026-08-09 18:03:00
KP028784,KW10933,2026-08-10,JP,Tablet,1680,39.0,35,626,5.59,2026-08-10 01:25:00
KP028785,KW10280,2026-08-11,FR,Mobile,11813,8.0,81,723,11.2,2026-08-11 19:32:00
KP028786,KW10608,2026-08-12,BR,Desktop,1545,21.0,54,787,6.86,2026-08-12 01:20:00
KP028787,KW10195,2026-08-13,BR,Tablet,5295,32.0,41,961,4.27,2026-08-13 15:52:00
KP028788,KW11527,2026-08-14,BR,Mobile,1113,14.0,18,233,7.73,2026-08-14 13:55:00
KP028789,KW10204,2026-08-15,US,Desktop,585,40.0,9,235,3.83,2026-08-15 15:31:00
KP028790,KW10917,2026-08-16,BR,Mobile,5791,16.0,36,498,7.23,2026-08-16 18:29:00
KP028791,KW11138,2026-08-17,UK,Desktop,720,16.0,30,325,9.23,2026-08-17 04:02:00
KP028792,KW10250,2026-08-18,DE,Mobile,10399,33.0,153,3608,4.24,2026-08-18 21:58:00
KP028793,KW10153,2026-08-19,BR,Desktop,2513,35.0,41,1024,4.0,2026-08-19 01:29:00
KP028794,KW11614,2026-08-20,DE,Mobile,3223,36.0,83,1623,5.11,2026-08-20 11:11:00
KP028795,KW11666,2026-08-21,JP,Mobile,17027,35.0,361,7237,4.99,2026-08-21 03:11:00
KP028796,KW11456,2026-08-22,AU,Tablet,1409,1.0,119,379,31.4,2026-08-22 12:12:00
KP028797,KW10215,2026-08-23,JP,Desktop,1062,22.0,33,488,6.76,2026-08-23 10:43:00
KP028798,KW11769,2026-08-24,US,Mobile,2197,16.0,31,359,8.64,2026-08-24 14:24:00
KP028799,KW11190,2026-08-25,IN,Desktop,12211,6.0,281,1742,16.13,2026-08-25 06:20:00
KP028800,KW11378,2026-08-26,IN,Desktop,7468,26.0,55,1223,4.5,2026-08-26 14:45:00
KP028801,KW11558,2026-08-27,JP,Mobile,8576,46.0,133,3876,3.43,2026-08-27 03:54:00
KP028802,KW10666,2026-08-28,DE,Mobile,13184,3.0,797,3504,22.75,2026-08-28 19:17:00
KP028803,KW11646,2026-08-29,BR,Desktop,9741,17.0,299,4939,6.05,2026-08-29 10:10:00
KP028804,KW11266,2026-08-30,MX,Mobile,6709,34.0,102,2568,3.97,2026-08-30 18:19:00
KP028805,KW10619,2026-08-31,IN,Tablet,4357,41.0,20,378,5.29,2026-08-31 00:05:00
KP028806,KW10161,2026-09-01,US,Mobile,2611,32.0,65,1031,6.3,2026-09-01 14:12:00
KP028807,KW11930,2026-09-02,JP,Mobile,2376,31.0,73,1223,5.97,2026-09-02 15:00:00
KP028808,KW10718,2026-09-03,CA,Desktop,766,2.0,93,406,22.91,2026-09-03 06:03:00
KP028809,KW11729,2026-09-04,BR,Desktop,1338,38.0,26,519,5.01,2026-09-04 23:33:00
KP028810,KW11642,2026-09-05,UK,Desktop,2539,11.0,68,627,10.85,2026-09-05 13:47:00
KP028811,KW10010,2026-09-06,AU,Desktop,2472,38.0,54,1158,4.66,2026-09-06 10:58:00
KP028812,KW11535,2026-09-07,UK,Desktop,1636,10.0,95,809,11.74,2026-09-07 14:33:00
KP028813,KW10814,2026-09-08,DE,Desktop,2274,30.0,19,354,5.37,2026-09-08 23:33:00
KP028814,KW11269,2026-09-09,AU,Desktop,3055,47.0,10,251,3.98,2026-09-09 10:45:00
KP028815,KW11320,2026-09-10,JP,Mobile,3123,4.0,92,499,18.44,2026-09-10 19:20:00
KP028816,KW10994,2026-09-11,US,Desktop,6023,23.0,21,303,6.93,2026-09-11 12:39:00
KP028817,KW10314,2026-09-12,JP,Desktop,15699,9.0,544,6894,7.89,2026-09-12 02:25:00
KP028818,KW11610,2026-09-13,FR,Tablet,3787,34.0,122,2004,6.09,2026-09-13 11:12:00
KP028819,KW11697,2026-09-14,UK,Desktop,382,12.0,10,102,9.8,2026-09-14 01:16:00
KP028820,KW10075,2026-09-15,US,Mobile,7905,32.0,64,1311,4.88,2026-09-15 23:20:00
KP028821,KW11771,2026-09-16,JP,Desktop,3391,49.0,11,379,2.9,2026-09-16 14:06:00
KP028822,KW10840,2026-09-17,UK,Mobile,950,40.0,8,159,5.03,2026-09-17 05:57:00
KP028823,KW10442,2026-09-18,US,Mobile,6975,29.0,100,2268,4.41,2026-09-18 05:45:00
KP028824,KW10616,2026-09-19,BR,Mobile,1354,22.0,25,423,5.91,2026-09-19 08:19:00
KP028825,KW11436,2026-09-20,JP,Desktop,2204,2.0,51,282,18.09,2026-09-20 06:40:00
KP028826,KW10100,2026-09-21,US,Mobile,695,43.0,4,103,3.88,2026-09-21 03:01:00
KP028827,KW11108,2026-09-22,UK,Mobile,2167,29.0,15,237,6.33,2026-09-22 03:09:00
KP028828,KW11005,2026-09-23,IN,Mobile,3630,12.0,66,708,9.32,2026-09-23 17:01:00
KP028829,KW11259,2026-09-24,FR,Mobile,1752,15.0,23,279,8.24,2026-09-24 17:34:00
KP028830,KW10394,2026-09-25,FR,Tablet,2539,42.0,50,1043,4.79,2026-09-25 05:38:00
KP028831,KW11324,2026-09-26,AU,Mobile,4468,45.0,82,1966,4.17,2026-09-26 19:33:00
KP028832,KW10919,2026-09-27,UK,Desktop,813,14.0,25,279,8.96,2026-09-27 13:30:00
KP028833,KW10493,2026-09-28,JP,Desktop,4734,35.0,13,324,4.01,2026-09-28 10:24:00
KP028834,KW11877,2026-09-29,UK,Desktop,570,44.0,10,187,5.35,2026-09-29 21:57:00
KP028835,KW11487,2026-09-30,AU,Mobile,1211,50.0,20,551,3.63,2026-09-30 14:28:00
KP029079,KW11598,2026-06-01,US,Desktop,1816,8.0,75,602,12.46,2026-06-01 12:38:00
KP029080,KW11774,2026-06-02,US,Tablet,2539,14.0,107,1228,8.71,2026-06-02 14:57:00
KP029081,KW10780,2026-06-03,MX,Desktop,4909,31.0,124,2141,5.79,2026-06-03 12:18:00
KP029082,KW11299,2026-06-04,DE,Desktop,2086,12.0,22,230,9.57,2026-06-04 08:42:00
KP029083,KW11819,2026-06-05,US,Desktop,2299,37.0,37,700,5.29,2026-06-05 08:17:00
KP029084,KW11169,2026-06-06,FR,Desktop,5440,26.0,33,543,6.08,2026-06-06 21:04:00
KP029085,KW10775,2026-06-07,MX,Mobile,2770,42.0,42,1080,3.89,2026-06-07 05:56:00
KP029086,KW11482,2026-06-08,IN,Desktop,2225,46.0,33,646,5.11,2026-06-08 08:39:00
KP029087,KW10143,2026-06-09,DE,Desktop,1274,43.0,11,339,3.24,2026-06-09 23:19:00
KP029088,KW10242,2026-06-10,FR,Desktop,1448,11.0,68,722,9.42,2026-06-10 05:51:00
KP029089,KW10751,2026-06-11,US,Desktop,889,27.0,18,314,5.73,2026-06-11 02:39:00
KP029090,KW11356,2026-06-12,IN,Mobile,561,36.0,3,78,3.85,2026-06-12 01:12:00
KP029091,KW11750,2026-06-13,FR,Mobile,2088,48.0,45,1011,4.45,2026-06-13 18:29:00
KP029092,KW11812,2026-06-14,DE,Desktop,3337,35.0,17,473,3.59,2026-06-14 00:52:00
KP029093,KW11745,2026-06-15,AU,Mobile,1641,12.0,53,695,7.63,2026-06-15 01:45:00
KP029094,KW10845,2026-06-16,FR,Desktop,5502,6.0,201,1730,11.62,2026-06-16 14:19:00
KP029095,KW11239,2026-06-17,US,Desktop,873,48.0,12,303,3.96,2026-06-17 15:09:00
KP029096,KW10921,2026-06-18,AU,Mobile,12804,31.0,299,4543,6.58,2026-06-18 20:44:00
KP029097,KW10921,2026-06-19,US,Desktop,2529,46.0,30,758,3.96,2026-06-19 10:37:00
KP029098,KW10201,2026-06-20,US,Mobile,1350,25.0,18,354,5.08,2026-06-20 15:48:00
KP029099,KW11125,2026-06-21,IN,Desktop,1343,32.0,19,321,5.92,2026-06-21 00:49:00
KP029100,KW11246,2026-06-22,UK,Desktop,3648,3.0,202,1382,14.62,2026-06-22 19:33:00
KP029101,KW10377,2026-06-23,US,Mobile,1103,27.0,34,489,6.95,2026-06-23 16:19:00
KP029102,KW10002,2026-06-24,MX,Mobile,4896,39.0,42,1044,4.02,2026-06-24 10:05:00
KP029103,KW10839,2026-06-25,DE,Desktop,5651,38.0,67,1793,3.74,2026-06-25 09:15:00
KP029104,KW11483,2026-06-26,CA,Desktop,1003,39.0,14,270,5.19,2026-06-26 18:22:00
KP029105,KW10541,2026-06-27,DE,Mobile,825,44.0,7,155,4.52,2026-06-27 10:24:00
KP029106,KW10116,2026-06-28,MX,Desktop,2278,18.0,29,349,8.31,2026-06-28 13:41:00
KP029107,KW10024,2026-06-29,FR,Mobile,3753,3.0,102,693,14.72,2026-06-29 09:51:00
KP029108,KW10781,2026-06-30,IN,Desktop,3457,9.0,154,1451,10.61,2026-06-30 04:55:00
KP029109,KW10040,2026-07-01,DE,Mobile,2115,5.0,16,155,10.32,2026-07-01 22:56:00
KP029110,KW10106,2026-07-02,BR,Desktop,702,27.0,13,290,4.48,2026-07-02 00:41:00
KP029111,KW10243,2026-07-03,UK,Desktop,3209,21.0,49,667,7.35,2026-07-03 21:59:00
KP029112,KW10390,2026-07-04,MX,Desktop,3163,19.0,40,633,6.32,2026-07-04 07:12:00
KP029113,KW11159,2026-07-05,MX,Mobile,3375,36.0,70,1247,5.61,2026-07-05 04:38:00
KP029114,KW10792,2026-07-06,FR,Mobile,3012,49.0,58,1413,4.1,2026-07-06 08:13:00
KP029115,KW11464,2026-07-07,IN,Desktop,1302,45.0,7,185,3.78,2026-07-07 12:55:00
KP029116,KW11425,2026-07-08,UK,Desktop,2303,46.0,15,376,3.99,2026-07-08 01:11:00
KP029117,KW11740,2026-07-09,CA,Mobile,7203,11.0,349,3957,8.82,2026-07-09 18:58:00
KP029118,KW11648,2026-07-10,US,Desktop,1278,17.0,5,67,7.46,2026-07-10 18:42:00
KP029119,KW11604,2026-07-11,US,Desktop,7044,28.0,150,2588,5.8,2026-07-11 23:15:00
KP029120,KW11257,2026-07-12,DE,Desktop,2717,25.0,47,755,6.23,2026-07-12 03:03:00
KP029121,KW10890,2026-07-13,US,Mobile,1552,8.0,50,572,8.74,2026-07-13 17:08:00
KP029122,KW10603,2026-07-14,US,Mobile,8404,42.0,111,2037,5.45,2026-07-14 00:44:00
KP029123,KW11689,2026-07-15,FR,Tablet,2516,6.0,23,150,15.33,2026-07-15 21:20:00
KP029124,KW10117,2026-07-16,JP,Desktop,2035,11.0,101,1029,9.82,2026-07-16 16:00:00
KP029125,KW11605,2026-07-17,JP,Desktop,822,3.0,31,166,18.67,2026-07-17 18:24:00
KP029126,KW11127,2026-07-18,JP,Mobile,1670,48.0,23,471,4.88,2026-07-18 08:12:00
KP029127,KW10887,2026-07-19,JP,Mobile,1271,11.0,28,303,9.24,2026-07-19 05:31:00
KP029128,KW10322,2026-07-20,AU,Desktop,788,12.0,18,188,9.57,2026-07-20 03:43:00
KP029129,KW10523,2026-07-21,BR,Desktop,4375,49.0,67,2012,3.33,2026-07-21 11:31:00
KP029130,KW10604,2026-07-22,BR,Desktop,4296,30.0,143,2153,6.64,2026-07-22 20:27:00
KP029131,KW10614,2026-07-23,US,Desktop,3670,42.0,56,1095,5.11,2026-07-23 00:33:00
KP029132,KW11402,2026-07-24,BR,Mobile,5036,42.0,45,1206,3.73,2026-07-24 05:32:00
KP029133,KW11107,2026-07-25,DE,Desktop,2197,45.0,8,187,4.28,2026-07-25 11:36:00
KP029134,KW11868,2026-07-26,AU,Desktop,1382,9.0,53,584,9.08,2026-07-26 12:08:00
KP029135,KW11685,2026-07-27,IN,Desktop,1618,6.0,91,595,15.29,2026-07-27 01:50:00
KP029136,KW10159,2026-07-28,DE,Desktop,3685,35.0,56,940,5.96,2026-07-28 12:25:00
KP029137,KW10889,2026-07-29,AU,Mobile,8947,4.0,409,2743,14.91,2026-07-29 05:43:00
KP029138,KW10133,2026-07-30,US,Desktop,1029,13.0,36,418,8.61,2026-07-30 09:15:00
KP029139,KW11420,2026-07-31,UK,Mobile,1596,33.0,28,711,3.94,2026-07-31 19:25:00
KP029140,KW11657,2026-08-01,DE,Mobile,6000,10.0,46,507,9.07,2026-08-01 10:35:00
KP029141,KW10022,2026-08-02,IN,Desktop,12301,31.0,42,1045,4.02,2026-08-02 12:41:00
KP029142,KW11810,2026-08-03,CA,Desktop,1309,43.0,29,574,5.05,2026-08-03 20:56:00
KP029143,KW11792,2026-08-04,MX,Mobile,1629,22.0,47,864,5.44,2026-08-04 22:37:00
KP029144,KW10938,2026-08-05,MX,Mobile,704,50.0,13,294,4.42,2026-08-05 11:00:00
KP029145,KW11100,2026-08-06,JP,Desktop,7163,22.0,188,2468,7.62,2026-08-06 00:04:00
KP029146,KW10236,2026-08-07,DE,Desktop,3992,43.0,28,596,4.7,2026-08-07 02:26:00
KP029147,KW11727,2026-08-08,US,Desktop,3926,25.0,71,1405,5.05,2026-08-08 19:49:00
KP029148,KW11140,2026-08-09,DE,Desktop,3417,24.0,60,1063,5.64,2026-08-09 17:28:00
KP029149,KW10900,2026-08-10,DE,Mobile,4541,34.0,58,1157,5.01,2026-08-10 04:51:00
KP029150,KW10739,2026-08-11,DE,Mobile,8626,9.0,515,3956,13.02,2026-08-11 20:07:00
KP029151,KW11240,2026-08-12,MX,Mobile,2299,39.0,9,189,4.76,2026-08-12 15:28:00
KP029152,KW10545,2026-08-13,BR,Mobile,10325,34.0,111,2467,4.5,2026-08-13 08:25:00
KP029153,KW11976,2026-08-14,BR,Desktop,911,12.0,12,165,7.27,2026-08-14 13:30:00
KP029154,KW10001,2026-08-15,DE,Desktop,10705,14.0,296,4699,6.3,2026-08-15 15:07:00
KP029155,KW10895,2026-08-16,US,Desktop,2564,14.0,25,333,7.51,2026-08-16 21:21:00
KP029156,KW11316,2026-08-17,DE,Desktop,4181,48.0,55,1611,3.41,2026-08-17 09:41:00
KP029157,KW11175,2026-08-18,BR,Mobile,5664,12.0,164,2149,7.63,2026-08-18 05:00:00
KP029158,KW11626,2026-08-19,BR,Mobile,9827,47.0,157,3075,5.11,2026-08-19 19:23:00
KP029159,KW11176,2026-08-20,CA,Mobile,6521,3.0,651,3226,20.18,2026-08-20 06:23:00
KP029160,KW10008,2026-08-21,US,Mobile,3926,45.0,69,1621,4.26,2026-08-21 14:24:00
KP029161,KW10680,2026-08-22,AU,Mobile,2721,3.0,116,564,20.57,2026-08-22 03:30:00
KP029162,KW11026,2026-08-23,DE,Desktop,5870,8.0,74,781,9.48,2026-08-23 12:53:00
KP029163,KW11471,2026-08-24,JP,Mobile,532,9.0,11,113,9.73,2026-08-24 23:17:00
KP029164,KW10786,2026-08-25,BR,Mobile,812,39.0,2,43,4.65,2026-08-25 06:05:00
KP029165,KW10550,2026-08-26,MX,Mobile,1564,38.0,10,215,4.65,2026-08-26 20:37:00
KP029166,KW10488,2026-08-27,AU,Desktop,10148,33.0,61,1178,5.18,2026-08-27 00:40:00
KP029167,KW10121,2026-08-28,JP,Desktop,255,12.0,5,65,7.69,2026-08-28 03:43:00
KP029168,KW10961,2026-08-29,AU,Desktop,3259,38.0,70,1582,4.42,2026-08-29 00:27:00
KP029169,KW10693,2026-08-30,CA,Mobile,2699,42.0,41,1223,3.35,2026-08-30 23:14:00
KP029170,KW10561,2026-08-31,AU,Desktop,4142,12.0,165,1678,9.83,2026-08-31 14:21:00
KP029171,KW11219,2026-09-01,JP,Desktop,1110,5.0,47,419,11.22,2026-09-01 06:00:00
KP029172,KW10051,2026-09-02,JP,Mobile,1381,5.0,82,455,18.02,2026-09-02 16:38:00
KP029173,KW10171,2026-09-03,AU,Desktop,1793,23.0,9,177,5.08,2026-09-03 13:36:00
KP029174,KW11674,2026-09-04,BR,Mobile,2272,47.0,9,265,3.4,2026-09-04 14:16:00
KP029175,KW11208,2026-09-05,UK,Mobile,771,9.0,5,62,8.06,2026-09-05 15:00:00
KP029176,KW10468,2026-09-06,CA,Desktop,3341,28.0,64,1076,5.95,2026-09-06 05:56:00
KP029177,KW10149,2026-09-07,UK,Desktop,3416,37.0,62,1266,4.9,2026-09-07 04:56:00
KP029178,KW11317,2026-09-08,BR,Mobile,1319,20.0,52,624,8.33,2026-09-08 09:40:00
KP029179,KW11120,2026-09-09,DE,Mobile,14588,5.0,1330,7889,16.86,2026-09-09 14:50:00
KP029180,KW11329,2026-09-10,FR,Mobile,422,33.0,5,115,4.35,2026-09-10 08:19:00
KP029181,KW11550,2026-09-11,DE,Desktop,1039,9.0,45,566,7.95,2026-09-11 08:27:00
KP029182,KW11763,2026-09-12,DE,Desktop,3478,18.0,50,733,6.82,2026-09-12 08:43:00
KP029183,KW10191,2026-09-13,JP,Mobile,3661,30.0,49,953,5.14,2026-09-13 12:10:00
KP029184,KW10811,2026-09-14,US,Desktop,1113,18.0,17,232,7.33,2026-09-14 20:08:00
KP029185,KW11397,2026-09-15,MX,Desktop,6338,19.0,32,534,5.99,2026-09-15 21:40:00
KP029186,KW11985,2026-09-16,BR,Desktop,335,38.0,5,149,3.36,2026-09-16 08:20:00
KP029187,KW10307,2026-09-17,UK,Mobile,750,25.0,19,296,6.42,2026-09-17 16:52:00
KP029188,KW11580,2026-09-18,AU,Mobile,5944,10.0,118,1174,10.05,2026-09-18 00:08:00
KP029189,KW10540,2026-09-19,BR,Mobile,1006,22.0,14,247,5.67,2026-09-19 02:10:00
KP029190,KW11784,2026-09-20,CA,Mobile,10750,8.0,241,2429,9.92,2026-09-20 16:54:00
KP029191,KW11436,2026-09-21,AU,Desktop,3683,2.0,180,755,23.84,2026-09-21 23:56:00
KP029192,KW11346,2026-09-22,CA,Desktop,3232,23.0,48,1041,4.61,2026-09-22 20:13:00
KP029193,KW10071,2026-09-23,IN,Mobile,22324,28.0,710,10332,6.87,2026-09-23 21:31:00
KP029194,KW10572,2026-09-24,AU,Desktop,2836,8.0,89,653,13.63,2026-09-24 04:35:00
KP029195,KW11073,2026-09-25,JP,Mobile,1678,47.0,5,119,4.2,2026-09-25 05:24:00
KP029196,KW10545,2026-09-26,UK,Mobile,7014,32.0,212,3391,6.25,2026-09-26 22:37:00
KP029197,KW11835,2026-09-27,JP,Mobile,1823,24.0,6,96,6.25,2026-09-27 03:05:00
KP029198,KW11791,2026-09-28,JP,Desktop,763,25.0,14,199,7.04,2026-09-28 14:20:00
KP029199,KW10861,2026-09-29,DE,Desktop,1286,43.0,18,347,5.19,2026-09-29 20:40:00
KP029200,KW10089,2026-09-30,IN,Desktop,6369,44.0,149,3142,4.74,2026-09-30 07:30:00
KP029444,KW11746,2026-06-01,US,Desktop,3887,39.0,37,909,4.07,2026-06-01 08:33:00
KP029445,KW10955,2026-06-02,DE,Tablet,3472,9.0,190,1712,11.1,2026-06-02 11:37:00
KP029446,KW10920,2026-06-03,UK,Mobile,2393,18.0,51,902,5.65,2026-06-03 19:42:00
KP029447,KW11553,2026-06-04,AU,Desktop,1352,35.0,16,291,5.5,2026-06-04 04:25:00
KP029448,KW10813,2026-06-05,AU,Mobile,6420,46.0,85,2122,4.01,2026-06-05 18:58:00
KP029449,KW10512,2026-06-06,BR,Mobile,3768,44.0,8,189,4.23,2026-06-06 09:55:00
KP029450,KW11391,2026-06-07,CA,Mobile,1184,18.0,45,542,8.3,2026-06-07 19:00:00
KP029451,KW10347,2026-06-08,AU,Desktop,1470,45.0,19,540,3.52,2026-06-08 19:51:00
KP029452,KW10353,2026-06-09,AU,Desktop,6375,42.0,64,1325,4.83,2026-06-09 05:56:00
KP029453,KW11343,2026-06-10,UK,Desktop,2936,8.0,113,965,11.71,2026-06-10 20:31:00
KP029454,KW10228,2026-06-11,DE,Desktop,8551,32.0,101,2217,4.56,2026-06-11 11:25:00
KP029455,KW10455,2026-06-12,US,Mobile,2106,3.0,59,335,17.61,2026-06-12 05:40:00
KP029456,KW11964,2026-06-13,DE,Tablet,2851,29.0,59,1211,4.87,2026-06-13 20:37:00
KP029457,KW10360,2026-06-14,MX,Desktop,2527,45.0,23,506,4.55,2026-06-14 23:14:00
KP029458,KW10033,2026-06-15,US,Mobile,2719,3.0,314,1326,23.68,2026-06-15 17:25:00
KP029459,KW10205,2026-06-16,CA,Mobile,1003,8.0,64,501,12.77,2026-06-16 16:04:00
KP029460,KW11036,2026-06-17,JP,Desktop,503,13.0,24,248,9.68,2026-06-17 09:10:00
KP029461,KW10050,2026-06-18,DE,Desktop,4693,46.0,121,2408,5.02,2026-06-18 14:25:00
KP029462,KW10724,2026-06-19,DE,Desktop,1118,50.0,16,493,3.25,2026-06-19 13:05:00
KP029463,KW10903,2026-06-20,US,Desktop,9104,5.0,273,2136,12.78,2026-06-20 04:46:00
KP029464,KW11035,2026-06-21,CA,Mobile,1483,42.0,26,693,3.75,2026-06-21 08:56:00
KP029465,KW11399,2026-06-22,MX,Tablet,1365,46.0,36,737,4.88,2026-06-22 07:58:00
KP029466,KW10670,2026-06-23,DE,Mobile,19906,37.0,52,1040,5.0,2026-06-23 08:01:00
KP029467,KW11113,2026-06-24,IN,Mobile,7516,11.0,74,651,11.37,2026-06-24 02:56:00
KP029468,KW11041,2026-06-25,MX,Mobile,1807,9.0,98,779,12.58,2026-06-25 07:06:00
KP029469,KW11389,2026-06-26,IN,Tablet,1224,43.0,5,125,4.0,2026-06-26 12:20:00
KP029470,KW11681,2026-06-27,US,Mobile,3634,35.0,15,391,3.84,2026-06-27 02:27:00
KP029471,KW11121,2026-06-28,US,Desktop,6579,20.0,71,1004,7.07,2026-06-28 10:01:00
KP029472,KW10620,2026-06-29,CA,Mobile,3619,3.0,204,1309,15.58,2026-06-29 09:04:00
KP029473,KW11387,2026-06-30,AU,Mobile,2582,43.0,17,529,3.21,2026-06-30 23:48:00
KP029474,KW10646,2026-07-01,AU,Desktop,3999,4.0,255,1706,14.95,2026-07-01 18:19:00
KP029475,KW10292,2026-07-02,BR,Mobile,4690,28.0,37,794,4.66,2026-07-02 05:08:00
KP029476,KW11238,2026-07-03,CA,Desktop,16040,24.0,551,7736,7.12,2026-07-03 04:34:00
KP029477,KW10212,2026-07-04,JP,Mobile,4661,7.0,260,1833,14.18,2026-07-04 07:59:00
KP029478,KW11617,2026-07-05,FR,Mobile,386,42.0,6,192,3.12,2026-07-05 17:34:00
KP029479,KW10652,2026-07-06,DE,Mobile,7892,18.0,268,3965,6.76,2026-07-06 08:27:00
KP029480,KW11010,2026-07-07,FR,Desktop,7762,50.0,74,1640,4.51,2026-07-07 15:35:00
KP029481,KW10518,2026-07-08,US,Mobile,2117,43.0,13,364,3.57,2026-07-08 03:32:00
KP029482,KW10968,2026-07-09,BR,Tablet,4416,45.0,68,1315,5.17,2026-07-09 04:12:00
KP029483,KW10092,2026-07-10,CA,Desktop,7198,3.0,385,1932,19.93,2026-07-10 08:24:00
KP029484,KW11233,2026-07-11,MX,Desktop,4115,48.0,67,1296,5.17,2026-07-11 18:11:00
KP029485,KW10790,2026-07-12,FR,Desktop,22663,15.0,720,11886,6.06,2026-07-12 12:37:00
KP029486,KW10482,2026-07-13,CA,Desktop,1989,48.0,40,911,4.39,2026-07-13 13:36:00
KP029487,KW10558,2026-07-14,AU,Mobile,2774,37.0,48,1066,4.5,2026-07-14 19:49:00
KP029488,KW10448,2026-07-15,IN,Mobile,3249,39.0,24,485,4.95,2026-07-15 15:39:00
KP029489,KW10184,2026-07-16,UK,Desktop,689,48.0,4,116,3.45,2026-07-16 14:05:00
KP029490,KW11884,2026-07-17,UK,Mobile,1494,42.0,27,599,4.51,2026-07-17 11:34:00
KP029491,KW11309,2026-07-18,AU,Mobile,8049,14.0,167,2047,8.16,2026-07-18 15:40:00
KP029492,KW10040,2026-07-19,US,Mobile,10321,12.0,292,4060,7.19,2026-07-19 04:35:00
KP029493,KW10924,2026-07-20,CA,Mobile,1659,34.0,24,590,4.07,2026-07-20 12:23:00
KP029494,KW11895,2026-07-21,BR,Desktop,2351,44.0,42,1186,3.54,2026-07-21 19:34:00
KP029495,KW11799,2026-07-22,BR,Desktop,739,4.0,42,244,17.21,2026-07-22 16:58:00
KP029496,KW10046,2026-07-23,MX,Mobile,9078,6.0,298,2613,11.4,2026-07-23 02:28:00
KP029497,KW10114,2026-07-24,FR,Mobile,4293,32.0,68,1171,5.81,2026-07-24 00:22:00
KP029498,KW11813,2026-07-25,CA,Mobile,3008,18.0,25,297,8.42,2026-07-25 12:25:00
KP029499,KW11998,2026-07-26,MX,Desktop,2359,11.0,82,905,9.06,2026-07-26 19:32:00
KP029500,KW10532,2026-07-27,DE,Tablet,3018,32.0,85,1536,5.53,2026-07-27 11:46:00
KP029501,KW11708,2026-07-28,CA,Desktop,2923,14.0,58,739,7.85,2026-07-28 13:27:00
KP029502,KW10578,2026-07-29,FR,Mobile,4112,49.0,80,2114,3.78,2026-07-29 19:37:00
KP029503,KW10550,2026-07-30,BR,Desktop,3302,18.0,16,224,7.14,2026-07-30 16:00:00
KP029504,KW11219,2026-07-31,AU,Mobile,21185,11.0,1089,11357,9.59,2026-07-31 19:47:00
KP029505,KW10283,2026-08-01,BR,Mobile,1677,7.0,59,414,14.25,2026-08-01 09:02:00
KP029506,KW11055,2026-08-02,FR,Mobile,2687,1.0,61,214,28.5,2026-08-02 19:49:00
KP029507,KW11186,2026-08-03,US,Mobile,12816,16.0,471,6857,6.87,2026-08-03 17:20:00
KP029508,KW10877,2026-08-04,US,Desktop,58446,18.0,590,9673,6.1,2026-08-04 10:50:00
KP029509,KW11287,2026-08-05,IN,Desktop,3924,39.0,78,2116,3.69,2026-08-05 16:46:00
KP029510,KW10491,2026-08-06,BR,Mobile,654,7.0,26,253,10.28,2026-08-06 10:26:00
KP029511,KW11832,2026-08-07,IN,Mobile,5948,47.0,89,2266,3.93,2026-08-07 06:04:00
KP029512,KW10515,2026-08-08,UK,Desktop,20212,15.0,257,4347,5.91,2026-08-08 01:57:00
KP029513,KW10346,2026-08-09,MX,Desktop,29647,22.0,700,11699,5.98,2026-08-09 04:50:00
KP029514,KW10487,2026-08-10,UK,Desktop,5482,11.0,155,1474,10.52,2026-08-10 06:33:00
KP029515,KW11648,2026-08-11,UK,Mobile,1451,20.0,9,162,5.56,2026-08-11 20:01:00
KP029516,KW11257,2026-08-12,FR,Mobile,1940,37.0,14,361,3.88,2026-08-12 12:09:00
KP029517,KW11027,2026-08-13,BR,Mobile,3197,13.0,44,529,8.32,2026-08-13 05:48:00
KP029518,KW10700,2026-08-14,UK,Desktop,2926,10.0,117,1457,8.03,2026-08-14 07:55:00
KP029519,KW11358,2026-08-15,UK,Desktop,1902,12.0,70,834,8.39,2026-08-15 03:43:00
KP029520,KW10467,2026-08-16,IN,Desktop,7819,22.0,171,2294,7.45,2026-08-16 19:43:00
KP029521,KW11495,2026-08-17,CA,Mobile,18053,16.0,210,3245,6.47,2026-08-17 19:24:00
KP029522,KW11222,2026-08-18,AU,Desktop,2691,34.0,48,1001,4.8,2026-08-18 06:26:00
KP029523,KW11998,2026-08-19,UK,Mobile,8457,10.0,148,1960,7.55,2026-08-19 00:24:00
KP029524,KW10700,2026-08-20,BR,Tablet,3811,2.0,94,490,19.18,2026-08-20 07:33:00
KP029525,KW10204,2026-08-21,IN,Desktop,2157,15.0,23,266,8.65,2026-08-21 01:36:00
KP029526,KW11781,2026-08-22,JP,Mobile,3525,28.0,56,817,6.85,2026-08-22 11:34:00
KP029527,KW11763,2026-08-23,JP,Desktop,1782,15.0,19,279,6.81,2026-08-23 06:41:00
KP029528,KW11190,2026-08-24,CA,Mobile,13707,45.0,200,3842,5.21,2026-08-24 00:20:00
KP029529,KW10233,2026-08-25,US,Desktop,3865,7.0,99,758,13.06,2026-08-25 13:27:00
KP029530,KW11816,2026-08-26,DE,Desktop,2836,18.0,63,889,7.09,2026-08-26 09:13:00
KP029531,KW10982,2026-08-27,IN,Desktop,2163,49.0,29,839,3.46,2026-08-27 18:40:00
KP029532,KW10590,2026-08-28,MX,Mobile,2462,9.0,40,354,11.3,2026-08-28 23:40:00
KP029533,KW10549,2026-08-29,CA,Desktop,3062,35.0,27,689,3.92,2026-08-29 21:05:00
KP029534,KW10407,2026-08-30,US,Desktop,1404,42.0,7,162,4.32,2026-08-30 21:39:00
KP029535,KW11984,2026-08-31,IN,Mobile,1822,12.0,64,885,7.23,2026-08-31 01:12:00
KP029536,KW10452,2026-09-01,IN,Desktop,1768,23.0,50,674,7.42,2026-09-01 23:04:00
KP029537,KW11878,2026-09-02,CA,Desktop,1627,8.0,61,462,13.2,2026-09-02 01:28:00
KP029538,KW11501,2026-09-03,CA,Mobile,3803,27.0,86,1234,6.97,2026-09-03 04:12:00
KP029539,KW11641,2026-09-04,CA,Desktop,3197,45.0,36,1040,3.46,2026-09-04 21:04:00
KP029540,KW10288,2026-09-05,US,Mobile,4766,14.0,24,291,8.25,2026-09-05 05:40:00
KP029541,KW11154,2026-09-06,UK,Desktop,2082,41.0,31,855,3.63,2026-09-06 17:52:00
KP029542,KW11159,2026-09-07,BR,Tablet,20610,4.0,992,6648,14.92,2026-09-07 10:29:00
KP029543,KW11497,2026-09-08,MX,Mobile,781,50.0,6,146,4.11,2026-09-08 05:53:00
KP029544,KW10476,2026-09-09,FR,Desktop,2364,13.0,68,849,8.01,2026-09-09 22:01:00
KP029545,KW10730,2026-09-10,BR,Desktop,4224,19.0,107,1594,6.71,2026-09-10 10:19:00
KP029546,KW11606,2026-09-11,US,Mobile,566,37.0,12,298,4.03,2026-09-11 18:32:00
KP029547,KW10716,2026-09-12,JP,Desktop,4947,32.0,23,473,4.86,2026-09-12 13:33:00
KP029548,KW10472,2026-09-13,UK,Desktop,1400,34.0,5,101,4.95,2026-09-13 10:13:00
KP029549,KW10633,2026-09-14,UK,Desktop,4072,25.0,44,670,6.57,2026-09-14 01:21:00
KP029550,KW10846,2026-09-15,DE,Desktop,2233,25.0,70,1109,6.31,2026-09-15 09:04:00
KP029551,KW10829,2026-09-16,UK,Desktop,5484,6.0,256,1952,13.11,2026-09-16 00:37:00
KP029552,KW11358,2026-09-17,AU,Desktop,1821,14.0,28,390,7.18,2026-09-17 12:21:00
KP029553,KW10286,2026-09-18,FR,Mobile,6929,13.0,182,1890,9.63,2026-09-18 20:03:00
KP029554,KW10564,2026-09-19,CA,Desktop,3862,4.0,243,1799,13.51,2026-09-19 18:36:00
KP029555,KW10786,2026-09-20,UK,Desktop,5598,25.0,68,1332,5.11,2026-09-20 20:40:00
KP029556,KW10357,2026-09-21,MX,Mobile,13996,36.0,140,3358,4.17,2026-09-21 05:49:00
KP029557,KW10311,2026-09-22,US,Mobile,4706,25.0,62,1233,5.03,2026-09-22 10:22:00
KP029558,KW11275,2026-09-23,JP,Mobile,1584,14.0,63,685,9.2,2026-09-23 18:14:00
KP029559,KW10122,2026-09-24,CA,Mobile,6888,42.0,133,3182,4.18,2026-09-24 20:54:00
KP029560,KW11691,2026-09-25,DE,Desktop,1972,7.0,16,137,11.68,2026-09-25 15:28:00
KP029561,KW10026,2026-09-26,JP,Desktop,1618,33.0,21,486,4.32,2026-09-26 23:45:00
KP029562,KW11920,2026-09-27,US,Mobile,4936,33.0,100,2180,4.59,2026-09-27 05:44:00
KP029563,KW11060,2026-09-28,CA,Desktop,3096,37.0,11,270,4.07,2026-09-28 12:52:00
KP029564,KW11793,2026-09-29,JP,Desktop,13895,37.0,152,3143,4.84,2026-09-29 15:36:00
KP029565,KW11618,2026-09-30,MX,Mobile,12750,21.0,372,5982,6.22,2026-09-30 01:07:00
KP029809,KW10440,2026-06-01,MX,Mobile,559,15.0,8,110,7.27,2026-06-01 17:45:00
KP029810,KW11373,2026-06-02,UK,Mobile,6463,46.0,47,931,5.05,2026-06-02 05:37:00
KP029811,KW11710,2026-06-03,BR,Mobile,2815,15.0,107,1195,8.95,2026-06-03 22:23:00
KP029812,KW10427,2026-06-04,MX,Desktop,6536,29.0,227,3466,6.55,2026-06-04 17:41:00
KP029813,KW10928,2026-06-05,UK,Mobile,1196,49.0,9,293,3.07,2026-06-05 01:29:00
KP029814,KW11479,2026-06-06,MX,Tablet,3796,3.0,235,1142,20.58,2026-06-06 06:57:00
KP029815,KW10508,2026-06-07,BR,Mobile,1655,22.0,40,630,6.35,2026-06-07 17:12:00
KP029816,KW11475,2026-06-08,UK,Mobile,3071,46.0,78,1475,5.29,2026-06-08 14:51:00
KP029817,KW11718,2026-06-09,FR,Mobile,2216,36.0,37,769,4.81,2026-06-09 06:24:00
KP029818,KW10622,2026-06-10,UK,Desktop,4690,3.0,393,1708,23.01,2026-06-10 12:03:00
KP029819,KW11855,2026-06-11,DE,Mobile,996,5.0,71,435,16.32,2026-06-11 20:31:00
KP029820,KW11742,2026-06-12,IN,Mobile,5418,18.0,161,2942,5.47,2026-06-12 16:32:00
KP029821,KW10282,2026-06-13,AU,Tablet,3229,7.0,62,451,13.75,2026-06-13 13:28:00
KP029822,KW10876,2026-06-14,US,Desktop,882,40.0,16,283,5.65,2026-06-14 09:47:00
KP029823,KW10651,2026-06-15,FR,Desktop,2757,6.0,21,183,11.48,2026-06-15 16:35:00
KP029824,KW10343,2026-06-16,JP,Mobile,1067,38.0,3,66,4.55,2026-06-16 15:55:00
KP029825,KW11754,2026-06-17,DE,Desktop,3484,43.0,67,1349,4.97,2026-06-17 19:26:00
KP029826,KW11192,2026-06-18,MX,Desktop,6242,4.0,266,1981,13.43,2026-06-18 20:18:00
KP029827,KW10008,2026-06-19,JP,Mobile,2424,43.0,6,175,3.43,2026-06-19 17:40:00
KP029828,KW10348,2026-06-20,UK,Desktop,3027,32.0,14,257,5.45,2026-06-20 06:19:00
KP029829,KW10177,2026-06-21,AU,Mobile,2092,5.0,86,594,14.48,2026-06-21 09:56:00
KP029830,KW11264,2026-06-22,FR,Desktop,3081,38.0,37,964,3.84,2026-06-22 23:03:00
KP029831,KW11992,2026-06-23,AU,Desktop,2110,12.0,59,843,7.0,2026-06-23 11:58:00
KP029832,KW11966,2026-06-24,DE,Desktop,5524,41.0,14,360,3.89,2026-06-24 10:59:00
KP029833,KW11117,2026-06-25,DE,Mobile,1355,15.0,16,235,6.81,2026-06-25 19:06:00
KP029834,KW11575,2026-06-26,DE,Desktop,488,23.0,4,95,4.21,2026-06-26 11:12:00
KP029835,KW10120,2026-06-27,BR,Desktop,6150,24.0,196,2639,7.43,2026-06-27 07:31:00
KP029836,KW10200,2026-06-28,DE,Desktop,211,28.0,1,22,4.55,2026-06-28 20:46:00
KP029837,KW11509,2026-06-29,BR,Desktop,2318,48.0,10,248,4.03,2026-06-29 21:25:00
KP029838,KW10939,2026-06-30,BR,Desktop,8461,48.0,179,4274,4.19,2026-06-30 00:06:00
KP029839,KW11464,2026-07-01,IN,Desktop,7351,31.0,161,3641,4.42,2026-07-01 06:32:00
KP029840,KW10986,2026-07-02,US,Desktop,1633,24.0,20,351,5.7,2026-07-02 20:41:00
KP029841,KW10891,2026-07-03,IN,Mobile,189118,15.0,4920,64757,7.6,2026-07-03 14:49:00
KP029842,KW11309,2026-07-04,AU,Desktop,1657,6.0,33,340,9.71,2026-07-04 05:48:00
KP029843,KW11723,2026-07-05,IN,Tablet,6923,15.0,192,2333,8.23,2026-07-05 11:43:00
KP029844,KW11468,2026-07-06,FR,Desktop,3477,47.0,30,801,3.75,2026-07-06 16:21:00
KP029845,KW10713,2026-07-07,US,Tablet,12292,35.0,321,5343,6.01,2026-07-07 04:10:00
KP029846,KW11944,2026-07-08,UK,Desktop,825,17.0,12,152,7.89,2026-07-08 21:05:00
KP029847,KW11149,2026-07-09,BR,Mobile,1782,25.0,5,91,5.49,2026-07-09 08:00:00
KP029848,KW10477,2026-07-10,US,Desktop,8213,30.0,46,980,4.69,2026-07-10 22:16:00
KP029849,KW10930,2026-07-11,CA,Mobile,6951,50.0,51,1190,4.29,2026-07-11 21:43:00
KP029850,KW10230,2026-07-12,MX,Mobile,3310,31.0,46,1116,4.12,2026-07-12 11:25:00
KP029851,KW10370,2026-07-13,US,Mobile,1797,7.0,75,535,14.02,2026-07-13 22:26:00
KP029852,KW10698,2026-07-14,BR,Mobile,9329,47.0,80,2077,3.85,2026-07-14 08:37:00
KP029853,KW10575,2026-07-15,AU,Desktop,3218,40.0,48,1137,4.22,2026-07-15 22:13:00
KP029854,KW11984,2026-07-16,DE,Mobile,287,18.0,8,137,5.84,2026-07-16 02:33:00
KP029855,KW11373,2026-07-17,FR,Desktop,3394,49.0,13,290,4.48,2026-07-17 02:53:00
KP029856,KW10627,2026-07-18,CA,Desktop,10303,3.0,1046,4633,22.58,2026-07-18 20:53:00
KP029857,KW10595,2026-07-19,DE,Tablet,2681,16.0,75,899,8.34,2026-07-19 07:22:00
KP029858,KW11020,2026-07-20,DE,Desktop,8448,48.0,105,2742,3.83,2026-07-20 02:03:00
KP029859,KW11836,2026-07-21,FR,Mobile,968,46.0,27,531,5.08,2026-07-21 21:25:00
KP029860,KW11598,2026-07-22,JP,Desktop,2230,47.0,56,1224,4.58,2026-07-22 19:09:00
KP029861,KW10478,2026-07-23,MX,Desktop,4606,37.0,96,2208,4.35,2026-07-23 18:14:00
KP029862,KW10734,2026-07-24,IN,Mobile,634,20.0,6,101,5.94,2026-07-24 06:25:00
KP029863,KW11551,2026-07-25,JP,Desktop,1824,5.0,98,727,13.48,2026-07-25 23:46:00
KP029864,KW11752,2026-07-26,AU,Mobile,2044,35.0,45,788,5.71,2026-07-26 17:05:00
KP029865,KW10392,2026-07-27,MX,Desktop,1802,14.0,32,316,10.13,2026-07-27 14:01:00
KP029866,KW10402,2026-07-28,US,Desktop,5410,6.0,94,613,15.33,2026-07-28 14:25:00
KP029867,KW10539,2026-07-29,MX,Desktop,8661,13.0,352,3348,10.51,2026-07-29 23:25:00
KP029868,KW10289,2026-07-30,IN,Desktop,2043,23.0,28,420,6.67,2026-07-30 11:36:00
KP029869,KW11606,2026-07-31,AU,Mobile,7075,46.0,158,3296,4.79,2026-07-31 21:34:00
KP029870,KW10389,2026-08-01,BR,Tablet,973,22.0,31,416,7.45,2026-08-01 23:36:00
KP029871,KW10062,2026-08-02,AU,Mobile,11754,35.0,242,5697,4.25,2026-08-02 18:22:00
KP029872,KW10582,2026-08-03,DE,Mobile,5964,38.0,78,1403,5.56,2026-08-03 21:33:00
KP029873,KW11702,2026-08-04,IN,Desktop,1245,47.0,19,391,4.86,2026-08-04 10:56:00
KP029874,KW11521,2026-08-05,BR,Mobile,914,1.0,78,225,34.67,2026-08-05 09:18:00
KP029875,KW11054,2026-08-06,CA,Desktop,6735,14.0,263,2773,9.48,2026-08-06 22:18:00
KP029876,KW11838,2026-08-07,BR,Mobile,1201,43.0,29,541,5.36,2026-08-07 04:46:00
KP029877,KW10119,2026-08-08,BR,Mobile,5398,48.0,79,1781,4.44,2026-08-08 12:30:00
KP029878,KW10588,2026-08-09,US,Desktop,2713,40.0,78,1383,5.64,2026-08-09 23:45:00
KP029879,KW10649,2026-08-10,DE,Mobile,8758,14.0,107,1185,9.03,2026-08-10 11:28:00
KP029880,KW11022,2026-08-11,DE,Desktop,810,19.0,33,427,7.73,2026-08-11 14:05:00
KP029881,KW10917,2026-08-12,MX,Desktop,803,45.0,13,368,3.53,2026-08-12 02:48:00
KP029882,KW10545,2026-08-13,UK,Desktop,4462,25.0,114,2440,4.67,2026-08-13 05:30:00
KP029883,KW11745,2026-08-14,IN,Desktop,5341,48.0,24,718,3.34,2026-08-14 19:01:00
KP029884,KW10048,2026-08-15,DE,Desktop,6285,23.0,59,1227,4.81,2026-08-15 09:04:00
KP029885,KW11802,2026-08-16,FR,Desktop,2350,36.0,62,1070,5.79,2026-08-16 17:49:00
KP029886,KW10746,2026-08-17,MX,Desktop,1798,46.0,22,657,3.35,2026-08-17 18:54:00
KP029887,KW11102,2026-08-18,CA,Desktop,2228,37.0,32,610,5.25,2026-08-18 13:48:00
KP029888,KW11725,2026-08-19,JP,Mobile,12741,9.0,180,1798,10.01,2026-08-19 22:43:00
KP029889,KW10728,2026-08-20,BR,Mobile,2865,40.0,23,642,3.58,2026-08-20 01:27:00
KP029890,KW10199,2026-08-21,US,Desktop,1312,12.0,73,674,10.83,2026-08-21 23:15:00
KP029891,KW11923,2026-08-22,MX,Mobile,1724,47.0,31,924,3.35,2026-08-22 10:44:00
KP029892,KW10232,2026-08-23,FR,Desktop,5283,5.0,421,2869,14.67,2026-08-23 17:37:00
KP029893,KW10569,2026-08-24,IN,Mobile,1043,4.0,36,192,18.75,2026-08-24 13:34:00
KP029894,KW11788,2026-08-25,JP,Desktop,15576,14.0,294,4182,7.03,2026-08-25 15:26:00
KP029895,KW10271,2026-08-26,DE,Desktop,721,32.0,16,276,5.8,2026-08-26 05:31:00
KP029896,KW10342,2026-08-27,FR,Mobile,2814,8.0,39,369,10.57,2026-08-27 23:55:00
KP029897,KW10136,2026-08-28,BR,Desktop,1321,16.0,50,632,7.91,2026-08-28 17:41:00
KP029898,KW11738,2026-08-29,BR,Desktop,1952,48.0,39,1034,3.77,2026-08-29 18:58:00
KP029899,KW10257,2026-08-30,UK,Mobile,942,6.0,44,402,10.95,2026-08-30 12:07:00
KP029900,KW11763,2026-08-31,DE,Mobile,7771,45.0,92,1797,5.12,2026-08-31 22:38:00
KP029901,KW11365,2026-09-01,MX,Desktop,3540,7.0,198,1502,13.18,2026-09-01 01:34:00
KP029902,KW10759,2026-09-02,UK,Desktop,5786,1.0,699,2193,31.87,2026-09-02 00:57:00
KP029903,KW10468,2026-09-03,DE,Desktop,12691,11.0,436,4658,9.36,2026-09-03 03:29:00
KP029904,KW10281,2026-09-04,IN,Mobile,5359,47.0,18,377,4.77,2026-09-04 23:41:00
KP029905,KW11583,2026-09-05,IN,Mobile,1276,12.0,7,78,8.97,2026-09-05 15:39:00
KP029906,KW11464,2026-09-06,MX,Desktop,4526,7.0,145,1004,14.44,2026-09-06 01:08:00
KP029907,KW10365,2026-09-07,AU,Mobile,12296,37.0,135,3073,4.39,2026-09-07 16:05:00
KP029908,KW11167,2026-09-08,AU,Mobile,749,28.0,7,115,6.09,2026-09-08 07:34:00
KP029909,KW10686,2026-09-09,JP,Mobile,1269,41.0,23,503,4.57,2026-09-09 07:25:00
KP029910,KW10769,2026-09-10,MX,Mobile,6935,39.0,125,3062,4.08,2026-09-10 10:01:00
KP029911,KW11767,2026-09-11,FR,Mobile,828,29.0,13,237,5.49,2026-09-11 06:23:00
KP029912,KW11882,2026-09-12,BR,Mobile,11704,22.0,349,5103,6.84,2026-09-12 16:53:00
KP029913,KW11524,2026-09-13,CA,Desktop,374,38.0,9,173,5.2,2026-09-13 05:29:00
KP029914,KW10864,2026-09-14,DE,Desktop,2244,39.0,29,675,4.3,2026-09-14 22:23:00
KP029915,KW10677,2026-09-15,DE,Desktop,2468,24.0,51,720,7.08,2026-09-15 03:59:00
KP029916,KW10941,2026-09-16,DE,Desktop,799,28.0,19,310,6.13,2026-09-16 03:24:00
KP029917,KW10515,2026-09-17,BR,Desktop,2540,11.0,42,368,11.41,2026-09-17 12:43:00
KP029918,KW11605,2026-09-18,JP,Mobile,3797,34.0,75,1214,6.18,2026-09-18 04:18:00
KP029919,KW11132,2026-09-19,DE,Desktop,1570,27.0,6,91,6.59,2026-09-19 03:53:00
KP029920,KW11762,2026-09-20,US,Mobile,4723,43.0,12,237,5.06,2026-09-20 14:33:00
KP029921,KW11372,2026-09-21,JP,Desktop,6423,23.0,23,354,6.5,2026-09-21 22:58:00
KP029922,KW10890,2026-09-22,CA,Desktop,5917,17.0,64,785,8.15,2026-09-22 03:25:00
KP029923,KW10167,2026-09-23,DE,Desktop,8750,45.0,57,1337,4.26,2026-09-23 07:40:00
KP029924,KW11166,2026-09-24,DE,Desktop,9301,30.0,101,2392,4.22,2026-09-24 08:47:00
KP029925,KW11760,2026-09-25,IN,Mobile,1489,37.0,35,805,4.35,2026-09-25 18:07:00
KP029926,KW11255,2026-09-26,IN,Desktop,5793,14.0,76,1036,7.34,2026-09-26 01:00:00
KP029927,KW10389,2026-09-27,MX,Desktop,1397,43.0,27,622,4.34,2026-09-27 23:56:00
KP029928,KW11381,2026-09-28,JP,Desktop,6577,5.0,398,2740,14.53,2026-09-28 04:53:00
KP029929,KW10280,2026-09-29,DE,Desktop,4520,2.0,358,1381,25.92,2026-09-29 22:28:00
KP029930,KW11152,2026-09-30,FR,Tablet,2677,47.0,12,263,4.56,2026-09-30 23:15:00
