keyword_performance_id,keyword_id,event_date,country_code,device_type,search_volume,ranking_position,clicks,impressions,ctr,updated_timestamp
KP000001,KW11306,2025-10-01,CA,Desktop,191,7.0,9,79,11.39,2025-10-01 02:26:00
KP000002,KW10745,2025-10-02,CA,Desktop,1998,30.0,8,135,5.93,2025-10-02 04:43:00
KP000003,KW10577,2025-10-03,CA,Desktop,4148,5.0,153,958,15.97,2025-10-03 14:01:00
KP000004,KW10374,2025-10-04,UK,Mobile,6424,16.0,147,1871,7.86,2025-10-04 17:44:00
KP000005,KW11925,2025-10-05,IN,Mobile,930,19.0,33,418,7.89,2025-10-05 14:41:00
KP000006,KW10501,2025-10-06,IN,Mobile,1542,49.0,10,335,2.99,2025-10-06 04:23:00
KP000007,KW11890,2025-10-07,US,Desktop,2307,7.0,15,142,10.56,2025-10-07 16:52:00
KP000008,KW11799,2025-10-08,FR,Mobile,1890,45.0,18,439,4.1,2025-10-08 08:13:00
KP000009,KW10725,2025-10-09,CA,Desktop,1545,33.0,19,433,4.39,2025-10-09 02:29:00
KP000010,KW10623,2025-10-10,AU,Mobile,2508,44.0,15,404,3.71,2025-10-10 04:54:00
KP000011,KW11527,2025-10-11,CA,Mobile,7647,49.0,110,2620,4.2,2025-10-11 15:34:00
KP000012,KW11409,2025-10-12,IN,Mobile,2765,27.0,39,639,6.1,2025-10-12 12:09:00
KP000013,KW11560,2025-10-13,FR,Mobile,1442,44.0,30,732,4.1,2025-10-13 11:28:00
KP000014,KW11751,2025-10-14,MX,Mobile,790,50.0,9,286,3.15,2025-10-14 14:30:00
KP000015,KW10168,2025-10-15,BR,Desktop,2085,29.0,76,1116,6.81,2025-10-15 14:22:00
KP000016,KW11041,2025-10-16,AU,Desktop,9095,42.0,203,4920,4.13,2025-10-16 17:59:00
KP000017,KW11787,2025-10-17,UK,Mobile,5256,24.0,99,1687,5.87,2025-10-17 07:11:00
KP000018,KW10263,2025-10-18,BR,Mobile,2101,48.0,28,676,4.14,2025-10-18 02:29:00
KP000019,KW10603,2025-10-19,DE,Desktop,3329,27.0,83,1715,4.84,2025-10-19 04:31:00
KP000020,KW11067,2025-10-20,CA,Mobile,2480,35.0,11,287,3.83,2025-10-20 04:49:00
KP000021,KW10718,2025-10-21,BR,Desktop,1515,43.0,16,408,3.92,2025-10-21 23:16:00
KP000022,KW10506,2025-10-22,AU,Mobile,7201,19.0,109,1276,8.54,2025-10-22 19:28:00
KP000023,KW11846,2025-10-23,US,Mobile,1808,7.0,33,273,12.09,2025-10-23 05:32:00
KP000024,KW10302,2025-10-24,BR,Desktop,13948,39.0,61,1725,3.54,2025-10-24 04:49:00
KP000025,KW11067,2025-10-25,BR,Mobile,4010,36.0,80,1457,5.49,2025-10-25 15:28:00
KP000026,KW11240,2025-10-26,MX,Desktop,1760,19.0,20,240,8.33,2025-10-26 16:39:00
KP000027,KW11931,2025-10-27,DE,Mobile,2657,35.0,17,392,4.34,2025-10-27 02:53:00
KP000028,KW11472,2025-10-28,BR,Desktop,798,27.0,5,104,4.81,2025-10-28 15:03:00
KP000029,KW10223,2025-10-29,CA,Mobile,6399,7.0,68,592,11.49,2025-10-29 19:10:00
KP000030,KW11997,2025-10-30,CA,Desktop,5113,9.0,203,1841,11.03,2025-10-30 07:06:00
KP000031,KW11470,2025-10-31,CA,Mobile,1070,35.0,20,421,4.75,2025-10-31 20:28:00
KP000032,KW10761,2025-11-01,AU,Mobile,4928,16.0,143,1934,7.39,2025-11-01 15:53:00
KP000033,KW11110,2025-11-02,BR,Mobile,8214,19.0,146,2714,5.38,2025-11-02 19:45:00
KP000034,KW10385,2025-11-03,DE,Tablet,2068,18.0,36,417,8.63,2025-11-03 23:05:00
KP000035,KW11124,2025-11-04,FR,Desktop,14818,16.0,89,1105,8.05,2025-11-04 12:42:00
KP000036,KW11483,2025-11-05,AU,Desktop,11199,40.0,95,2541,3.74,2025-11-05 14:11:00
KP000037,KW11437,2025-11-06,CA,Mobile,7954,11.0,164,1561,10.51,2025-11-06 04:26:00
KP000038,KW11248,2025-11-07,JP,Desktop,7297,7.0,151,1274,11.85,2025-11-07 00:47:00
KP000039,KW11543,2025-11-08,IN,Desktop,2476,23.0,35,491,7.13,2025-11-08 17:10:00
KP000040,KW11025,2025-11-09,FR,Desktop,3446,25.0,106,1721,6.16,2025-11-09 03:04:00
KP000041,KW11066,2025-11-10,UK,Mobile,144,24.0,3,70,4.29,2025-11-10 15:17:00
KP000042,KW11023,2025-11-11,US,Desktop,8484,36.0,237,4146,5.72,2025-11-11 11:12:00
KP000043,KW10623,2025-11-12,CA,Mobile,2373,38.0,53,930,5.7,2025-11-12 01:38:00
KP000044,KW11021,2025-11-13,JP,Desktop,1467,46.0,10,295,3.39,2025-11-13 22:18:00
KP000045,KW10414,2025-11-14,AU,Desktop,7036,47.0,93,2396,3.88,2025-11-14 11:10:00
KP000046,KW11485,2025-11-15,AU,Desktop,1753,39.0,22,472,4.66,2025-11-15 11:21:00
KP000047,KW11103,2025-11-16,CA,Desktop,2314,12.0,45,430,10.47,2025-11-16 18:40:00
KP000048,KW10537,2025-11-17,BR,Desktop,3629,44.0,59,1760,3.35,2025-11-17 22:12:00
KP000049,KW10481,2025-11-18,BR,Desktop,1505,31.0,16,272,5.88,2025-11-18 07:47:00
KP000050,KW11948,2025-11-19,UK,Mobile,6400,21.0,35,587,5.96,2025-11-19 13:57:00
KP000051,KW11069,2025-11-20,MX,Desktop,1668,5.0,124,864,14.35,2025-11-20 20:27:00
KP000052,KW11171,2025-11-21,JP,Desktop,1036,23.0,28,475,5.89,2025-11-21 22:27:00
KP000053,KW11870,2025-11-22,DE,Desktop,3157,17.0,25,381,6.56,2025-11-22 16:16:00
KP000054,KW10295,2025-11-23,DE,Desktop,6181,34.0,108,2509,4.3,2025-11-23 04:50:00
KP000055,KW11803,2025-11-24,BR,Mobile,8169,1.0,1043,3649,28.58,2025-11-24 17:42:00
KP000056,KW11819,2025-11-25,DE,Mobile,2060,34.0,28,585,4.79,2025-11-25 02:30:00
KP000057,KW10464,2025-11-26,US,Tablet,6810,28.0,100,1488,6.72,2025-11-26 23:42:00
KP000058,KW11056,2025-11-27,IN,Mobile,2589,37.0,17,377,4.51,2025-11-27 13:11:00
KP000059,KW10595,2025-11-28,MX,Desktop,10702,20.0,235,4499,5.22,2025-11-28 00:17:00
KP000060,KW11395,2025-11-29,IN,Mobile,2288,36.0,55,995,5.53,2025-11-29 20:51:00
KP000061,KW11862,2025-11-30,FR,Mobile,4522,13.0,118,1458,8.09,2025-11-30 00:58:00
KP000062,KW11023,2025-12-01,AU,Mobile,339,9.0,4,40,10.0,2025-12-01 00:26:00
KP000063,KW10259,2025-12-02,IN,Mobile,2167,20.0,63,839,7.51,2025-12-02 22:26:00
KP000064,KW10199,2025-12-03,AU,Mobile,440,50.0,10,236,4.24,2025-12-03 17:32:00
KP000065,KW11508,2025-12-04,JP,Mobile,378,40.0,6,156,3.85,2025-12-04 00:46:00
KP000066,KW11964,2025-12-05,US,Desktop,4326,27.0,86,1339,6.42,2025-12-05 09:21:00
KP000067,KW11055,2025-12-06,BR,Desktop,2791,43.0,9,185,4.86,2025-12-06 20:47:00
KP000068,KW10538,2025-12-07,DE,Mobile,2822,17.0,57,1023,5.57,2025-12-07 16:46:00
KP000069,KW11207,2025-12-08,CA,Desktop,2677,42.0,50,1157,4.32,2025-12-08 22:47:00
KP000070,KW10486,2025-12-09,CA,Mobile,3226,45.0,72,1431,5.03,2025-12-09 19:56:00
KP000071,KW11030,2025-12-10,FR,Desktop,9166,39.0,163,2942,5.54,2025-12-10 01:22:00
KP000072,KW11995,2025-12-11,FR,Mobile,2021,11.0,99,961,10.3,2025-12-11 10:34:00
KP000073,KW10914,2025-12-12,UK,Mobile,2387,13.0,96,1013,9.48,2025-12-12 16:33:00
KP000074,KW10950,2025-12-13,IN,Desktop,2538,49.0,41,951,4.31,2025-12-13 12:25:00
KP000075,KW10104,2025-12-14,CA,Desktop,2028,13.0,38,539,7.05,2025-12-14 19:32:00
KP000076,KW10734,2025-12-15,JP,Mobile,4445,37.0,103,2228,4.62,2025-12-15 18:51:00
KP000077,KW11442,2025-12-16,AU,Desktop,4351,29.0,112,1840,6.09,2025-12-16 10:36:00
KP000078,KW11378,2025-12-17,IN,Desktop,1172,15.0,12,156,7.69,2025-12-17 06:04:00
KP000079,KW10852,2025-12-18,IN,Mobile,5372,49.0,114,2433,4.69,2025-12-18 11:11:00
KP000080,KW10306,2025-12-19,BR,Desktop,1843,19.0,60,720,8.33,2025-12-19 11:07:00
KP000081,KW11622,2025-12-20,AU,Mobile,3493,36.0,36,963,3.74,2025-12-20 10:57:00
KP000082,KW10374,2025-12-21,AU,Mobile,4384,42.0,40,1077,3.71,2025-12-21 17:52:00
KP000083,KW11080,2025-12-22,AU,Tablet,3551,45.0,74,1606,4.61,2025-12-22 02:23:00
KP000084,KW10621,2025-12-23,FR,Desktop,5489,22.0,122,2106,5.79,2025-12-23 18:05:00
KP000085,KW11783,2025-12-24,FR,Desktop,4243,14.0,95,1468,6.47,2025-12-24 23:30:00
KP000086,KW10921,2025-12-25,FR,Desktop,1640,42.0,19,406,4.68,2025-12-25 07:05:00
KP000087,KW11325,2025-12-26,DE,Mobile,1688,2.0,197,737,26.73,2025-12-26 04:21:00
KP000088,KW10800,2025-12-27,CA,Mobile,6365,17.0,163,2261,7.21,2025-12-27 08:11:00
KP000089,KW11390,2025-12-28,MX,Desktop,2129,15.0,19,203,9.36,2025-12-28 02:49:00
KP000090,KW11215,2025-12-29,BR,Mobile,597,1.0,65,187,34.76,2025-12-29 06:59:00
KP000091,KW10059,2025-12-30,BR,Mobile,2895,20.0,108,1342,8.05,2025-12-30 01:52:00
KP000092,KW10556,2025-12-31,JP,Desktop,2719,24.0,45,943,4.77,2025-12-31 05:58:00
KP000093,KW10054,2026-01-01,MX,Mobile,1772,6.0,36,248,14.52,2026-01-01 08:03:00
KP000094,KW11552,2026-01-02,BR,Mobile,1976,45.0,42,888,4.73,2026-01-02 02:49:00
KP000095,KW11018,2026-01-03,FR,Mobile,13574,8.0,925,7011,13.19,2026-01-03 16:40:00
KP000096,KW11349,2026-01-04,MX,Mobile,5366,20.0,58,997,5.82,2026-01-04 13:06:00
KP000097,KW11267,2026-01-05,BR,Desktop,7500,38.0,113,2975,3.8,2026-01-05 20:54:00
KP000098,KW11886,2026-01-06,US,Mobile,3567,8.0,146,1546,9.44,2026-01-06 03:29:00
KP000099,KW11928,2026-01-07,US,Desktop,22189,9.0,726,6239,11.64,2026-01-07 07:54:00
KP000100,KW10283,2026-01-08,IN,Mobile,14273,38.0,259,4859,5.33,2026-01-08 00:04:00
KP000101,KW10689,2026-01-09,MX,Desktop,5022,0.0,148,2616,5.66,2026-01-09 12:07:00
KP000102,KW10384,2026-01-10,MX,Mobile,2287,15.0,59,972,6.07,2026-01-10 02:40:00
KP000103,KW10500,2026-01-11,UK,Desktop,3591,18.0,78,1111,7.02,2026-01-11 13:24:00
KP000104,KW10666,2026-01-12,FR,Mobile,2242,25.0,47,866,5.43,2026-01-12 21:18:00
KP000105,KW11073,2026-01-13,CA,Desktop,4874,46.0,88,2581,3.41,2026-01-13 11:47:00
KP000106,KW11283,2026-01-14,JP,Desktop,2798,43.0,7,160,4.38,2026-01-14 03:18:00
KP000107,KW10321,2026-01-15,DE,Mobile,3722,27.0,85,1232,6.9,2026-01-15 12:24:00
KP000108,KW11171,2026-01-16,FR,Mobile,8635,11.0,203,1813,11.2,2026-01-16 18:13:00
KP000109,KW11779,2026-01-17,UK,Mobile,2221,26.0,10,202,4.95,2026-01-17 13:04:00
KP000110,KW10706,2026-01-18,MX,Desktop,15038,26.0,74,1089,6.8,2026-01-18 04:57:00
KP000111,KW11200,2026-01-19,CA,Desktop,19862,28.0,97,2243,4.32,2026-01-19 23:42:00
KP000112,KW11613,2026-01-20,FR,Tablet,1562,20.0,33,502,6.57,2026-01-20 11:43:00
KP000113,KW10644,2026-01-21,DE,Mobile,2412,8.0,131,1121,11.69,2026-01-21 12:15:00
KP000114,KW11886,2026-01-22,MX,Mobile,4910,2.0,169,591,28.6,2026-01-22 16:32:00
KP000115,KW10489,2026-01-23,AU,Tablet,8532,10.0,310,2559,12.11,2026-01-23 17:51:00
KP000116,KW10065,2026-01-24,JP,Desktop,4114,17.0,58,718,8.08,2026-01-24 09:31:00
KP000117,KW10937,2026-01-25,CA,Mobile,7590,16.0,246,3454,7.12,2026-01-25 12:45:00
KP000118,KW11820,2026-01-26,AU,Mobile,5612,36.0,128,2213,5.78,2026-01-26 09:13:00
KP000119,KW11477,2026-01-27,AU,Desktop,8074,9.0,235,2048,11.47,2026-01-27 16:28:00
KP000120,KW11424,2026-01-28,IN,Mobile,6525,31.0,224,3513,6.38,2026-01-28 03:04:00
KP000121,KW11204,2026-01-29,AU,Mobile,2107,50.0,17,567,3.0,2026-01-29 13:33:00
KP000122,KW10357,2026-01-30,BR,Desktop,3356,45.0,56,1260,4.44,2026-01-30 02:48:00
KP000123,KW11834,2026-01-31,BR,Desktop,19390,15.0,409,4320,9.47,2026-01-31 06:28:00
KP000366,KW10311,2025-10-01,CA,Mobile,719,48.0,12,393,3.05,2025-10-01 07:23:00
KP000367,KW11911,2025-10-02,AU,Desktop,5999,42.0,145,2955,4.91,2025-10-02 02:43:00
KP000368,KW10883,2025-10-03,US,Desktop,3507,3.0,337,1483,22.72,2025-10-03 06:29:00
KP000369,KW11728,2025-10-04,FR,Desktop,10723,18.0,444,5133,8.65,2025-10-04 15:23:00
KP000370,KW11407,2025-10-05,BR,Mobile,11930,1.0,1295,3702,34.98,2025-10-05 04:48:00
KP000371,KW11891,2025-10-06,FR,Tablet,1497,18.0,53,783,6.77,2025-10-06 15:35:00
KP000372,KW10263,2025-10-07,MX,Mobile,7261,29.0,32,559,5.72,2025-10-07 10:31:00
KP000373,KW10243,2025-10-08,MX,Desktop,518,44.0,8,193,4.15,2025-10-08 18:03:00
KP000374,KW10246,2025-10-09,JP,Mobile,13668,18.0,388,5135,7.56,2025-10-09 04:04:00
KP000375,KW11971,2025-10-10,JP,Tablet,7781,28.0,77,1158,6.65,2025-10-10 12:12:00
KP000376,KW11657,2025-10-11,IN,Desktop,1758,18.0,39,517,7.54,2025-10-11 15:52:00
KP000377,KW10524,2025-10-12,UK,Mobile,352,3.0,11,57,19.3,2025-10-12 17:21:00
KP000378,KW10471,2025-10-13,IN,Desktop,2816,40.0,42,940,4.47,2025-10-13 23:34:00
KP000379,KW10732,2025-10-14,AU,Mobile,10196,49.0,53,1601,3.31,2025-10-14 11:28:00
KP000380,KW10411,2025-10-15,AU,Mobile,5550,42.0,96,2611,3.68,2025-10-15 07:17:00
KP000381,KW11834,2025-10-16,JP,Mobile,11462,13.0,321,4031,7.96,2025-10-16 07:19:00
KP000382,KW11871,2025-10-17,UK,Mobile,5988,17.0,34,612,5.56,2025-10-17 08:00:00
KP000383,KW10379,2025-10-18,JP,Desktop,2919,30.0,60,1427,4.2,2025-10-18 06:41:00
KP000384,KW11069,2025-10-19,JP,Mobile,802,12.0,11,103,10.68,2025-10-19 03:39:00
KP000385,KW11556,2025-10-20,AU,Mobile,1912,48.0,11,302,3.64,2025-10-20 03:39:00
KP000386,KW11598,2025-10-21,CA,Desktop,1081,7.0,29,264,10.98,2025-10-21 09:18:00
KP000387,KW10881,2025-10-22,FR,Desktop,6120,27.0,174,2449,7.1,2025-10-22 22:48:00
KP000388,KW11753,2025-10-23,AU,Tablet,873,22.0,24,458,5.24,2025-10-23 10:04:00
KP000389,KW10683,2025-10-24,MX,Desktop,1697,11.0,58,748,7.75,2025-10-24 19:58:00
KP000390,KW10862,2025-10-25,FR,Desktop,3550,9.0,97,851,11.4,2025-10-25 16:49:00
KP000391,KW11317,2025-10-26,MX,Mobile,2729,19.0,64,1097,5.83,2025-10-26 23:06:00
KP000392,KW11875,2025-10-27,IN,Mobile,6275,18.0,265,3273,8.1,2025-10-27 11:36:00
KP000393,KW10830,2025-10-28,JP,Mobile,3505,20.0,83,1142,7.27,2025-10-28 17:12:00
KP000394,KW10829,2025-10-29,IN,Mobile,17504,17.0,305,4377,6.97,2025-10-29 02:06:00
KP000395,KW11813,2025-10-30,AU,Desktop,2045,19.0,31,541,5.73,2025-10-30 05:04:00
KP000396,KW10672,2025-10-31,MX,Mobile,7550,30.0,61,1382,4.41,2025-10-31 18:00:00
KP000397,KW11703,2025-11-01,JP,Desktop,854,11.0,42,407,10.32,2025-11-01 01:59:00
KP000398,KW11103,2025-11-02,BR,Desktop,771,49.0,2,52,3.85,2025-11-02 00:16:00
KP000399,KW11739,2025-11-03,IN,Mobile,2754,23.0,65,1224,5.31,2025-11-03 22:24:00
KP000400,KW11495,2025-11-04,IN,Mobile,23111,32.0,149,2487,5.99,2025-11-04 13:38:00
KP000401,KW10302,2025-11-05,IN,Desktop,4187,29.0,22,379,99.99,2025-11-05 20:26:00
KP000402,KW11615,2025-11-06,DE,Desktop,2434,34.0,73,1293,5.65,2025-11-06 03:53:00
KP000403,KW11036,2025-11-07,US,Desktop,583,36.0,6,113,5.31,2025-11-07 21:30:00
KP000404,KW10920,2025-11-08,BR,Desktop,6782,7.0,377,3097,12.17,2025-11-08 09:25:00
KP000405,KW10477,2025-11-09,AU,Desktop,5717,19.0,45,554,8.12,2025-11-09 13:51:00
KP000406,KW11659,2025-11-10,FR,Mobile,7652,22.0,98,1630,6.01,2025-11-10 23:05:00
KP000407,KW10680,2025-11-11,JP,Desktop,1267,31.0,8,161,4.97,2025-11-11 09:58:00
KP000408,KW11303,2025-11-12,MX,Mobile,2569,5.0,149,949,15.7,2025-11-12 20:17:00
KP000409,KW10122,2025-11-13,FR,Desktop,2649,4.0,62,481,12.89,2025-11-13 04:33:00
KP000410,KW10364,2025-11-14,MX,Desktop,510,37.0,6,154,3.9,2025-11-14 18:42:00
KP000411,KW11900,2025-11-15,MX,Mobile,1799,13.0,61,846,7.21,2025-11-15 17:59:00
KP000412,KW10829,2025-11-16,IN,Desktop,2172,5.0,142,1017,13.96,2025-11-16 14:54:00
KP000413,KW10348,2025-11-17,MX,Desktop,15323,26.0,248,3532,7.02,2025-11-17 19:58:00
KP000414,KW10120,2025-11-18,MX,Desktop,2299,6.0,51,480,10.62,2025-11-18 19:47:00
KP000415,KW11111,2025-11-19,UK,Mobile,22455,46.0,278,7092,3.92,2025-11-19 12:48:00
KP000416,KW11593,2025-11-20,MX,Desktop,3055,13.0,50,787,6.35,2025-11-20 04:09:00
KP000417,KW11358,2025-11-21,BR,Desktop,806,32.0,8,148,5.41,2025-11-21 09:18:00
KP000418,KW10687,2025-11-22,MX,Desktop,2228,33.0,32,580,5.52,2025-11-22 22:48:00
KP000419,KW10010,2025-11-23,CA,Desktop,1872,14.0,86,905,9.5,2025-11-23 01:42:00
KP000420,KW11319,2025-11-24,FR,Desktop,2716,35.0,73,1378,5.3,2025-11-24 07:37:00
KP000421,KW11906,2025-11-25,FR,Mobile,5411,49.0,107,2947,3.63,2025-11-25 06:25:00
KP000422,KW11839,2025-11-26,MX,Mobile,4156,45.0,102,1966,5.19,2025-11-26 02:37:00
KP000423,KW10790,2025-11-27,DE,Desktop,6782,18.0,154,2252,6.84,2025-11-27 10:57:00
KP000424,KW10163,2025-11-28,MX,Desktop,3126,50.0,37,1030,3.59,2025-11-28 13:00:00
KP000425,KW10679,2025-11-29,AU,Desktop,13364,6.0,717,4835,14.83,2025-11-29 04:30:00
KP000426,KW11650,2025-11-30,CA,Desktop,1555,9.0,34,326,10.43,2025-11-30 11:10:00
KP000427,KW11266,2025-12-01,MX,Desktop,642,34.0,8,133,6.02,2025-12-01 03:47:00
KP000428,KW10494,2025-12-02,DE,Desktop,2870,19.0,80,1456,5.49,2025-12-02 00:47:00
KP000429,KW11828,2025-12-03,DE,Mobile,5938,22.0,49,715,6.85,2025-12-03 07:41:00
KP000430,KW10212,2025-12-04,DE,Desktop,5119,9.0,105,875,12.0,2025-12-04 20:58:00
KP000431,KW11582,2025-12-05,FR,Mobile,3521,43.0,35,769,4.55,2025-12-05 07:49:00
KP000432,KW11115,2025-12-06,CA,Tablet,4825,15.0,198,2057,9.63,2025-12-06 05:45:00
KP000433,KW10465,2025-12-07,AU,Desktop,2737,22.0,9,154,5.84,2025-12-07 08:51:00
KP000434,KW11826,2025-12-08,US,Desktop,2863,18.0,55,831,6.62,2025-12-08 16:01:00
KP000435,KW11648,2025-12-09,US,Mobile,645,22.0,6,79,7.59,2025-12-09 08:12:00
KP000436,KW10702,2025-12-10,AU,Desktop,6894,50.0,78,2379,3.28,2025-12-10 18:18:00
KP000437,KW11099,2025-12-11,JP,Mobile,617,36.0,9,230,3.91,2025-12-11 23:48:00
KP000438,KW10519,2025-12-12,AU,Desktop,964,26.0,4,75,5.33,2025-12-12 23:10:00
KP000439,KW11537,2025-12-13,MX,Mobile,1331,45.0,21,646,3.25,2025-12-13 12:22:00
KP000440,KW11668,2025-12-14,MX,Mobile,2147,9.0,61,719,8.48,2025-12-14 08:45:00
KP000441,KW11822,2025-12-15,BR,Desktop,3098,30.0,52,887,5.86,2025-12-15 09:44:00
KP000442,KW10779,2025-12-16,AU,Desktop,1621,50.0,9,276,3.26,2025-12-16 06:31:00
KP000443,KW11354,2025-12-17,FR,Mobile,1930,40.0,28,706,3.97,2025-12-17 02:54:00
KP000444,KW10328,2025-12-18,US,Mobile,4032,17.0,83,1119,7.42,2025-12-18 16:43:00
KP000445,KW11132,2025-12-19,DE,Desktop,200,7.0,6,52,11.54,2025-12-19 15:19:00
KP000446,KW11828,2025-12-20,FR,Mobile,6874,50.0,91,2100,4.33,2025-12-20 07:33:00
KP000447,KW10693,2025-12-21,DE,Desktop,3347,17.0,91,1043,8.72,2025-12-21 06:59:00
KP000448,KW10196,2025-12-22,UK,Desktop,4269,49.0,15,340,4.41,2025-12-22 10:02:00
KP000449,KW10607,2025-12-23,UK,Mobile,1161,37.0,7,158,4.43,2025-12-23 18:29:00
KP000450,KW10972,2025-12-24,US,Desktop,532,32.0,12,289,4.15,2025-12-24 13:26:00
KP000451,KW11851,2025-12-25,DE,Tablet,3193,37.0,11,300,3.67,2025-12-25 04:59:00
KP000452,KW10042,2025-12-26,BR,Tablet,4152,40.0,40,823,4.86,2025-12-26 08:38:00
KP000453,KW11475,2025-12-27,UK,Mobile,2278,25.0,12,196,6.12,2025-12-27 22:23:00
KP000454,KW11516,2025-12-28,BR,Mobile,2713,14.0,29,407,7.13,2025-12-28 05:27:00
KP000455,KW10221,2025-12-29,DE,Mobile,1084,29.0,27,437,6.18,2025-12-29 01:06:00
KP000456,KW10549,2025-12-30,AU,Tablet,1671,43.0,25,514,4.86,2025-12-30 23:43:00
KP000457,KW10020,2025-12-31,BR,Desktop,6444,6.0,134,1171,11.44,2025-12-31 19:46:00
KP000458,KW11279,2026-01-01,BR,Tablet,1304,4.0,94,715,13.15,2026-01-01 19:05:00
KP000459,KW11806,2026-01-02,JP,Desktop,5215,25.0,65,918,7.08,2026-01-02 00:25:00
KP000460,KW10015,2026-01-03,MX,Mobile,212,19.0,4,60,6.67,2026-01-03 06:51:00
KP000461,KW11250,2026-01-04,FR,Mobile,1291,50.0,29,698,4.15,2026-01-04 20:32:00
KP000462,KW10787,2026-01-05,IN,Desktop,3319,35.0,89,1647,5.4,2026-01-05 19:13:00
KP000463,KW11350,2026-01-06,AU,Mobile,3927,16.0,68,730,9.32,2026-01-06 00:52:00
KP000464,KW10318,2026-01-07,CA,Mobile,2512,30.0,13,240,5.42,2026-01-07 03:13:00
KP000465,KW10083,2026-01-08,FR,Desktop,2408,35.0,61,996,6.12,2026-01-08 07:22:00
KP000466,KW10431,2026-01-09,US,Desktop,919,25.0,14,320,4.38,2026-01-09 23:15:00
KP000467,KW10944,2026-01-10,AU,Mobile,4405,38.0,19,475,4.0,2026-01-10 07:39:00
KP000468,KW11951,2026-01-11,US,Tablet,3164,45.0,53,1451,3.65,2026-01-11 03:43:00
KP000469,KW10079,2026-01-12,DE,Desktop,2512,23.0,74,1381,5.36,2026-01-12 19:33:00
KP000470,KW11414,2026-01-13,UK,Mobile,2979,18.0,80,1267,6.31,2026-01-13 07:00:00
KP000471,KW10431,2026-01-14,JP,Desktop,16263,23.0,555,8014,6.93,2026-01-14 08:18:00
KP000472,KW11086,2026-01-15,IN,Desktop,1407,6.0,50,458,10.92,2026-01-15 00:23:00
KP000473,KW10970,2026-01-16,IN,Mobile,12902,49.0,41,970,4.23,2026-01-16 23:25:00
KP000474,KW10696,2026-01-17,UK,Mobile,6667,27.0,87,1890,4.6,2026-01-17 23:20:00
KP000475,KW11474,2026-01-18,US,Mobile,2917,7.0,131,908,14.43,2026-01-18 13:06:00
KP000476,KW11546,2026-01-19,FR,Mobile,6443,50.0,60,1461,4.11,2026-01-19 11:10:00
KP000477,KW11016,2026-01-20,US,Mobile,3420,10.0,99,1064,9.3,2026-01-20 02:35:00
KP000478,KW10643,2026-01-21,FR,Desktop,673,7.0,38,324,11.73,2026-01-21 20:04:00
KP000479,KW10430,2026-01-22,DE,Desktop,1633,27.0,19,288,6.6,2026-01-22 05:34:00
KP000480,KW10019,2026-01-23,MX,Mobile,3640,25.0,65,1379,4.71,2026-01-23 17:17:00
KP000481,KW11199,2026-01-24,DE,Mobile,1335,39.0,17,308,5.52,2026-01-24 21:26:00
KP000482,KW10713,2026-01-25,BR,Desktop,2939,21.0,116,1452,7.99,2026-01-25 12:10:00
KP000483,KW10072,2026-01-26,AU,Tablet,3212,5.0,195,1390,14.03,2026-01-26 13:31:00
KP000484,KW10408,2026-01-27,UK,Mobile,1548,14.0,64,777,8.24,2026-01-27 07:34:00
KP000485,KW10032,2026-01-28,FR,Desktop,1122,41.0,9,180,5.0,2026-01-28 17:42:00
KP000486,KW10529,2026-01-29,JP,Desktop,3051,37.0,19,322,5.9,2026-01-29 22:01:00
KP000487,KW11711,2026-01-30,DE,Desktop,2605,4.0,73,475,15.37,2026-01-30 14:38:00
KP000488,KW11264,2026-01-31,JP,Mobile,6596,25.0,68,980,6.94,2026-01-31 22:35:00
KP000731,KW10068,2025-10-01,BR,Desktop,597,4.0,49,288,17.01,2025-10-01 04:41:00
KP000732,KW11629,2025-10-02,DE,Desktop,4520,33.0,54,934,5.78,2025-10-02 00:09:00
KP000733,KW11928,2025-10-03,US,Mobile,1445,10.0,45,432,10.42,2025-10-03 23:19:00
KP000734,KW10347,2025-10-04,JP,Mobile,546,31.0,1,34,2.94,2025-10-04 02:48:00
KP000735,KW10738,2025-10-05,CA,Mobile,2350,49.0,48,1058,4.54,2025-10-05 00:21:00
KP000736,KW11628,2025-10-06,UK,Mobile,18387,31.0,274,6303,4.35,2025-10-06 14:01:00
KP000737,KW10804,2025-10-07,UK,Desktop,8455,39.0,188,4079,4.61,2025-10-07 00:43:00
KP000738,KW11029,2025-10-08,IN,Mobile,1396,11.0,53,609,8.7,2025-10-08 09:29:00
KP000739,KW10399,2025-10-09,CA,Desktop,1145,13.0,17,265,6.42,2025-10-09 21:31:00
KP000740,KW10377,2025-10-10,US,Mobile,2695,9.0,31,270,11.48,2025-10-10 02:30:00
KP000741,KW10392,2025-10-11,UK,Desktop,1604,1.0,103,296,34.8,2025-10-11 19:47:00
KP000742,KW11146,2025-10-12,CA,Mobile,3061,17.0,82,1203,6.82,2025-10-12 18:39:00
KP000743,KW11971,2025-10-13,US,Mobile,9137,35.0,79,1514,5.22,2025-10-13 15:57:00
KP000744,KW10520,2025-10-14,CA,Mobile,5127,41.0,126,2585,4.87,2025-10-14 18:31:00
KP000745,KW11014,2025-10-15,BR,Mobile,899,43.0,15,459,3.27,2025-10-15 13:11:00
KP000746,KW11539,2025-10-16,CA,Mobile,8525,48.0,185,4175,4.43,2025-10-16 09:02:00
KP000747,KW10958,2025-10-17,MX,Desktop,8905,46.0,110,2414,4.56,2025-10-17 12:20:00
KP000748,KW10457,2025-10-18,DE,Mobile,1608,1.0,140,402,34.83,2025-10-18 18:03:00
KP000749,KW10281,2025-10-19,US,Desktop,1826,21.0,63,824,7.65,2025-10-19 15:35:00
KP000750,KW10295,2025-10-20,US,Desktop,10213,43.0,116,2493,4.65,2025-10-20 13:41:00
KP000751,KW11313,2025-10-21,US,Desktop,3092,14.0,51,525,9.71,2025-10-21 18:27:00
KP000752,KW11712,2025-10-22,AU,Mobile,15070,18.0,304,4050,7.51,2025-10-22 15:48:00
KP000753,KW11700,2025-10-23,US,Mobile,5141,34.0,95,2384,3.98,2025-10-23 15:03:00
KP000754,KW10311,2025-10-24,AU,Desktop,24148,45.0,70,2040,3.43,2025-10-24 18:43:00
KP000755,KW11425,2025-10-25,JP,Mobile,3002,27.0,60,1148,5.23,2025-10-25 08:35:00
KP000756,KW11222,2025-10-26,DE,Tablet,11658,36.0,36,716,5.03,2025-10-26 03:43:00
KP000757,KW11894,2025-10-27,DE,Mobile,4488,49.0,76,1878,4.05,2025-10-27 16:13:00
KP000758,KW10002,2025-10-28,UK,Desktop,4209,35.0,20,415,4.82,2025-10-28 09:21:00
KP000759,KW10372,2025-10-29,AU,Mobile,1641,18.0,8,135,5.93,2025-10-29 05:49:00
KP000760,KW11440,2025-10-30,US,Desktop,2356,8.0,124,1109,11.18,2025-10-30 02:32:00
KP000761,KW10088,2025-10-31,AU,Mobile,4337,22.0,150,2209,6.79,2025-10-31 23:20:00
KP000762,KW10164,2025-11-01,MX,Mobile,4781,7.0,212,2070,10.24,2025-11-01 20:08:00
KP000763,KW10729,2025-11-02,FR,Mobile,2448,4.0,46,237,19.41,2025-11-02 07:11:00
KP000764,KW10372,2025-11-03,FR,Desktop,788,5.0,11,87,12.64,2025-11-03 19:26:00
KP000765,KW10021,2025-11-04,BR,Desktop,1544,10.0,59,642,9.19,2025-11-04 07:43:00
KP000766,KW11935,2025-11-05,MX,Mobile,8196,46.0,69,1882,3.67,2025-11-05 15:01:00
KP000767,KW11809,2025-11-06,CA,Mobile,942,27.0,8,194,4.12,2025-11-06 21:20:00
KP000768,KW10206,2025-11-07,MX,Mobile,17663,35.0,79,1941,4.07,2025-11-07 13:03:00
KP000769,KW10360,2025-11-08,CA,Mobile,6524,10.0,176,1613,10.91,2025-11-08 00:21:00
KP000770,KW10929,2025-11-09,JP,Mobile,1353,45.0,9,187,4.81,2025-11-09 06:26:00
KP000771,KW10176,2025-11-10,BR,Desktop,7578,34.0,203,4137,4.91,2025-11-10 08:25:00
KP000772,KW11452,2025-11-11,MX,Desktop,3378,1.0,521,1491,34.94,2025-11-11 05:49:00
KP000773,KW11420,2025-11-12,IN,Desktop,19600,8.0,610,5459,11.17,2025-11-12 21:44:00
KP000774,KW11087,2025-11-13,MX,Mobile,1349,13.0,9,143,6.29,2025-11-13 20:33:00
KP000775,KW11066,2025-11-14,UK,Desktop,2844,35.0,54,1134,4.76,2025-11-14 05:53:00
KP000776,KW11070,2025-11-15,US,Desktop,2227,4.0,94,649,14.48,2025-11-15 03:59:00
KP000777,KW11436,2025-11-16,IN,Desktop,4143,7.0,195,1408,13.85,2025-11-16 06:43:00
KP000778,KW10719,2025-11-17,AU,Mobile,8848,28.0,256,4332,5.91,2025-11-17 19:59:00
KP000779,KW10637,2025-11-18,IN,Desktop,7560,30.0,133,2322,5.73,2025-11-18 17:21:00
KP000780,KW10990,2025-11-19,MX,Desktop,1201,26.0,36,593,6.07,2025-11-19 12:42:00
KP000781,KW10921,2025-11-20,IN,Desktop,5391,5.0,205,1416,14.48,2025-11-20 04:27:00
KP000782,KW11764,2025-11-21,MX,Mobile,2946,10.0,63,639,9.86,2025-11-21 10:08:00
KP000783,KW10321,2025-11-22,MX,Mobile,1697,10.0,21,203,10.34,2025-11-22 01:44:00
KP000784,KW10926,2025-11-23,US,Desktop,3301,8.0,141,1182,11.93,2025-11-23 02:51:00
KP000785,KW11934,2025-11-24,AU,Desktop,2394,44.0,54,1047,5.16,2025-11-24 08:20:00
KP000786,KW10210,2025-11-25,DE,Mobile,1444,21.0,31,501,6.19,2025-11-25 07:08:00
KP000787,KW10385,2025-11-26,IN,Mobile,2531,9.0,107,1276,8.39,2025-11-26 07:40:00
KP000788,KW11799,2025-11-27,BR,Mobile,6044,34.0,106,2494,4.25,2025-11-27 19:07:00
KP000789,KW10754,2025-11-28,BR,Desktop,12954,27.0,347,5140,6.75,2025-11-28 01:16:00
KP000790,KW10758,2025-11-29,UK,Mobile,4144,2.0,178,813,21.89,2025-11-29 06:34:00
KP000791,KW10244,2025-11-30,IN,Desktop,1141,7.0,26,287,9.06,2025-11-30 17:57:00
KP000792,KW11870,2025-12-01,AU,Desktop,1739,50.0,18,518,3.47,2025-12-01 11:21:00
KP000793,KW11254,2025-12-02,UK,Desktop,893,44.0,12,324,3.7,2025-12-02 05:14:00
KP000794,KW11008,2025-12-03,IN,Mobile,2541,5.0,83,671,12.37,2025-12-03 08:05:00
KP000795,KW11151,2025-12-04,US,Mobile,5740,46.0,68,1736,3.92,2025-12-04 11:05:00
KP000796,KW11656,2025-12-05,UK,Mobile,609,10.0,13,137,9.49,2025-12-05 21:09:00
KP000797,KW11343,2025-12-06,CA,Tablet,8930,47.0,42,1283,3.27,2025-12-06 21:36:00
KP000798,KW11614,2025-12-07,BR,Tablet,6984,35.0,178,3209,5.55,2025-12-07 07:26:00
KP000799,KW11996,2025-12-08,CA,Desktop,3204,5.0,23,210,10.95,2025-12-08 18:06:00
KP000800,KW10393,2025-12-09,IN,Desktop,5914,46.0,107,2077,5.15,2025-12-09 21:38:00
KP000801,KW11399,2025-12-10,JP,Desktop,2087,14.0,99,976,10.14,2025-12-10 04:11:00
KP000802,KW10327,2025-12-11,US,Desktop,1580,13.0,26,327,7.95,2025-12-11 08:23:00
KP000803,KW10308,2025-12-12,CA,Tablet,1984,11.0,46,620,7.42,2025-12-12 00:54:00
KP000804,KW11656,2025-12-13,BR,Mobile,3162,29.0,18,314,5.73,2025-12-13 10:17:00
KP000805,KW10009,2025-12-14,IN,Mobile,2632,37.0,58,1436,4.04,2025-12-14 12:38:00
KP000806,KW10873,2025-12-15,JP,Mobile,2581,41.0,18,343,5.25,2025-12-15 09:17:00
KP000807,KW11532,2025-12-16,CA,Mobile,12255,10.0,380,3329,11.41,2025-12-16 11:44:00
KP000808,KW11746,2025-12-17,FR,Desktop,5859,32.0,108,2055,5.26,2025-12-17 20:40:00
KP000809,KW10793,2025-12-18,FR,Mobile,1143,39.0,22,396,5.56,2025-12-18 07:14:00
KP000810,KW10724,2025-12-19,DE,Mobile,585,21.0,7,89,7.87,2025-12-19 22:31:00
KP000811,KW11233,2025-12-20,DE,Tablet,2604,43.0,27,788,3.43,2025-12-20 08:05:00
KP000812,KW12000,2025-12-21,US,Desktop,1447,3.0,53,310,17.1,2025-12-21 13:55:00
KP000813,KW11706,2025-12-22,FR,Desktop,2510,46.0,7,148,4.73,2025-12-22 03:56:00
KP000814,KW11752,2025-12-23,FR,Mobile,6488,9.0,80,705,11.35,2025-12-23 03:27:00
KP000815,KW10531,2025-12-24,AU,Desktop,2452,42.0,9,189,4.76,2025-12-24 06:15:00
KP000816,KW10155,2025-12-25,DE,Mobile,21271,8.0,681,5723,11.9,2025-12-25 05:25:00
KP000817,KW10025,2025-12-26,IN,Desktop,2009,40.0,36,1060,3.4,2025-12-26 09:22:00
KP000818,KW11552,2025-12-27,DE,Desktop,6471,13.0,158,2439,6.48,2025-12-27 09:58:00
KP000819,KW10547,2025-12-28,MX,Mobile,4607,42.0,67,1634,4.1,2025-12-28 07:14:00
KP000820,KW10990,2025-12-29,AU,Desktop,2012,8.0,82,780,10.51,2025-12-29 17:22:00
KP000821,KW11775,2025-12-30,US,Mobile,10514,24.0,267,5404,4.94,2025-12-30 06:13:00
KP000822,KW10714,2025-12-31,IN,Desktop,6072,22.0,182,2885,6.31,2025-12-31 11:34:00
KP000823,KW11076,2026-01-01,US,Desktop,1468,45.0,26,516,5.04,2026-01-01 17:33:00
KP000824,KW10477,2026-01-02,US,Desktop,971,29.0,10,169,5.92,2026-01-02 03:26:00
KP000825,KW11389,2026-01-03,UK,Mobile,19735,18.0,333,4510,7.38,2026-01-03 06:33:00
KP000826,KW10367,2026-01-04,CA,Mobile,4457,32.0,63,1370,4.6,2026-01-04 06:07:00
KP000827,KW10495,2026-01-05,US,Desktop,2065,7.0,88,595,14.79,2026-01-05 22:13:00
KP000828,KW11231,2026-01-06,CA,Mobile,19019,37.0,126,2263,5.57,2026-01-06 19:49:00
KP000829,KW11001,2026-01-07,DE,Desktop,10703,20.0,37,567,6.53,2026-01-07 17:46:00
KP000830,KW11629,2026-01-08,US,Mobile,3748,10.0,178,1787,9.96,2026-01-08 16:31:00
KP000831,KW10791,2026-01-09,UK,Mobile,4643,20.0,41,531,7.72,2026-01-09 13:03:00
KP000832,KW10781,2026-01-10,US,Mobile,27617,2.0,1794,6129,29.27,2026-01-10 07:15:00
KP000833,KW11973,2026-01-11,MX,Desktop,1215,28.0,27,557,4.85,2026-01-11 13:43:00
KP000834,KW11953,2026-01-12,MX,Desktop,13016,8.0,757,6239,12.13,2026-01-12 17:42:00
KP000835,KW11335,2026-01-13,JP,Desktop,3482,18.0,131,1535,8.53,2026-01-13 14:45:00
KP000836,KW10172,2026-01-14,CA,Mobile,1868,44.0,39,746,5.23,2026-01-14 13:06:00
KP000837,KW10726,2026-01-15,MX,Desktop,13070,32.0,291,6842,4.25,2026-01-15 05:11:00
KP000838,KW11615,2026-01-16,CA,Tablet,7514,14.0,158,2345,6.74,2026-01-16 10:05:00
KP000839,KW10631,2026-01-17,CA,Mobile,1252,19.0,33,474,6.96,2026-01-17 04:16:00
KP000840,KW10900,2026-01-18,UK,Desktop,1151,40.0,10,297,3.37,2026-01-18 18:26:00
KP000841,KW10530,2026-01-19,DE,Mobile,4648,47.0,75,2151,3.49,2026-01-19 09:17:00
KP000842,KW11120,2026-01-20,AU,Desktop,3845,6.0,210,1754,11.97,2026-01-20 16:30:00
KP000843,KW10408,2026-01-21,BR,Mobile,2503,12.0,79,746,10.59,2026-01-21 03:06:00
KP000844,KW11374,2026-01-22,JP,Tablet,1728,31.0,52,927,5.61,2026-01-22 06:19:00
KP000845,KW11706,2026-01-23,US,Mobile,869,15.0,18,212,8.49,2026-01-23 15:48:00
KP000846,KW10720,2026-01-24,AU,Desktop,15837,45.0,198,4606,4.3,2026-01-24 23:34:00
KP000847,KW10833,2026-01-25,US,Mobile,977,50.0,25,514,4.86,2026-01-25 02:55:00
KP000848,KW10202,2026-01-26,BR,Desktop,7084,20.0,128,2390,5.36,2026-01-26 05:12:00
KP000849,KW11805,2026-01-27,BR,Tablet,6696,8.0,238,1713,13.89,2026-01-27 05:18:00
KP000850,KW11429,2026-01-28,CA,Mobile,10520,14.0,208,2478,8.39,2026-01-28 07:28:00
KP000851,KW10831,2026-01-29,UK,Mobile,1290,10.0,13,181,7.18,2026-01-29 12:28:00
KP000852,KW11081,2026-01-30,AU,Desktop,1337,8.0,67,611,10.97,2026-01-30 23:00:00
KP000853,KW11181,2026-01-31,JP,Mobile,895,50.0,19,468,4.06,2026-01-31 06:00:00
KP001096,KW11093,2025-10-01,UK,Desktop,8728,28.0,92,1852,4.97,2025-10-01 13:34:00
KP001097,KW11607,2025-10-02,DE,Desktop,7407,4.0,474,3673,12.9,2025-10-02 01:13:00
KP001098,KW10356,2025-10-03,BR,Desktop,542,19.0,6,82,7.32,2025-10-03 17:46:00
KP001099,KW11917,2025-10-04,IN,Desktop,4848,8.0,234,2191,10.68,2025-10-04 23:23:00
KP001100,KW11850,2025-10-05,US,Desktop,501,41.0,2,55,3.64,2025-10-05 19:17:00
KP001101,KW11271,2025-10-06,CA,Mobile,807,41.0,17,422,4.03,2025-10-06 15:43:00
KP001102,KW10891,2025-10-07,UK,Desktop,817,19.0,12,197,6.09,2025-10-07 03:18:00
KP001103,KW10962,2025-10-08,MX,Desktop,1361,20.0,47,717,6.56,2025-10-08 10:39:00
KP001104,KW10347,2025-10-09,JP,Mobile,2014,42.0,21,426,4.93,2025-10-09 19:14:00
KP001105,KW11486,2025-10-10,MX,Desktop,1947,9.0,44,560,7.86,2025-10-10 22:08:00
KP001106,KW11598,2025-10-11,US,Desktop,3992,20.0,115,1523,7.55,2025-10-11 08:54:00
KP001107,KW10347,2025-10-12,BR,Mobile,1820,21.0,9,122,7.38,2025-10-12 00:55:00
KP001108,KW10784,2025-10-13,CA,Mobile,531,17.0,23,271,8.49,2025-10-13 11:45:00
KP001109,KW11981,2025-10-14,DE,Desktop,1515,35.0,29,719,4.03,2025-10-14 12:21:00
KP001110,KW11145,2025-10-15,BR,Mobile,6333,9.0,169,1775,9.52,2025-10-15 16:06:00
KP001111,KW10643,2025-10-16,US,Mobile,8559,42.0,85,2086,4.07,2025-10-16 00:03:00
KP001112,KW11589,2025-10-17,FR,Desktop,3706,19.0,141,1836,7.68,2025-10-17 05:46:00
KP001113,KW10228,2025-10-18,AU,Mobile,1971,28.0,43,812,5.3,2025-10-18 15:20:00
KP001114,KW11678,2025-10-19,CA,Desktop,1113,25.0,30,522,5.75,2025-10-19 07:10:00
KP001115,KW11435,2025-10-20,IN,Tablet,7435,17.0,127,1991,6.38,2025-10-20 12:32:00
KP001116,KW11357,2025-10-21,MX,Mobile,3829,17.0,11,197,5.58,2025-10-21 15:03:00
KP001117,KW11422,2025-10-22,IN,Mobile,2069,19.0,44,579,7.6,2025-10-22 13:55:00
KP001118,KW10616,2025-10-23,AU,Desktop,8117,8.0,589,4265,13.81,2025-10-23 14:20:00
KP001119,KW11658,2025-10-24,IN,Mobile,2684,34.0,18,378,4.76,2025-10-24 03:45:00
KP001120,KW10537,2025-10-25,UK,Mobile,7036,2.0,186,988,18.83,2025-10-25 10:55:00
KP001121,KW11165,2025-10-26,FR,Desktop,1715,6.0,63,402,15.67,2025-10-26 13:01:00
KP001122,KW10925,2025-10-27,CA,Desktop,26886,18.0,1166,13810,8.44,2025-10-27 15:51:00
KP001123,KW10076,2025-10-28,US,Mobile,1731,30.0,23,378,6.08,2025-10-28 10:44:00
KP001124,KW10876,2025-10-29,AU,Desktop,1157,39.0,4,88,4.55,2025-10-29 05:04:00
KP001125,KW11383,2025-10-30,DE,Desktop,2613,20.0,40,721,5.55,2025-10-30 16:32:00
KP001126,KW10555,2025-10-31,JP,Mobile,2024,4.0,54,338,15.98,2025-10-31 19:44:00
KP001127,KW10055,2025-11-01,CA,Desktop,3726,43.0,8,234,3.42,2025-11-01 22:55:00
KP001128,KW11953,2025-11-02,UK,Mobile,13376,47.0,71,1579,4.5,2025-11-02 16:36:00
KP001129,KW11431,2025-11-03,FR,Mobile,5360,41.0,72,1653,4.36,2025-11-03 22:07:00
KP001130,KW10606,2025-11-04,US,Desktop,1932,7.0,44,327,13.46,2025-11-04 21:39:00
KP001131,KW11272,2025-11-05,MX,Desktop,1887,13.0,13,208,6.25,2025-11-05 05:56:00
KP001132,KW11183,2025-11-06,JP,Desktop,1624,39.0,15,298,5.03,2025-11-06 21:07:00
KP001133,KW11567,2025-11-07,UK,Mobile,919,35.0,11,252,4.37,2025-11-07 12:17:00
KP001134,KW11377,2025-11-08,AU,Mobile,5927,43.0,112,2372,4.72,2025-11-08 08:49:00
KP001135,KW11844,2025-11-09,DE,Desktop,9698,46.0,142,4073,3.49,2025-11-09 12:10:00
KP001136,KW11489,2025-11-10,IN,Mobile,6002,18.0,178,2506,7.1,2025-11-10 04:01:00
KP001137,KW10726,2025-11-11,DE,Mobile,4196,28.0,96,1993,4.82,2025-11-11 18:52:00
KP001138,KW10509,2025-11-12,UK,Tablet,1994,8.0,51,488,10.45,2025-11-12 02:50:00
KP001139,KW11625,2025-11-13,CA,Mobile,1568,1.0,88,258,34.11,2025-11-13 16:33:00
KP001140,KW10674,2025-11-14,MX,Mobile,1456,49.0,20,429,4.66,2025-11-14 14:34:00
KP001141,KW11735,2025-11-15,CA,Desktop,1225,7.0,8,80,10.0,2025-11-15 23:44:00
KP001142,KW11993,2025-11-16,BR,Desktop,8892,13.0,289,2822,10.24,2025-11-16 15:06:00
KP001143,KW10963,2025-11-17,CA,Mobile,1592,12.0,60,670,8.96,2025-11-17 19:36:00
KP001144,KW10476,2025-11-18,CA,Mobile,637,16.0,6,86,6.98,2025-11-18 08:13:00
KP001145,KW11623,2025-11-19,AU,Mobile,9954,30.0,241,3629,6.64,2025-11-19 23:54:00
KP001146,KW11929,2025-11-20,IN,Mobile,12135,11.0,552,6443,8.57,2025-11-20 22:19:00
KP001147,KW10606,2025-11-21,DE,Mobile,2703,7.0,158,1123,14.07,2025-11-21 15:17:00
KP001148,KW10362,2025-11-22,AU,Desktop,1110,49.0,9,211,4.27,2025-11-22 05:57:00
KP001149,KW11307,2025-11-23,UK,Desktop,3170,16.0,83,1018,8.15,2025-11-23 10:01:00
KP001150,KW11050,2025-11-24,UK,Mobile,6281,48.0,120,2583,4.65,2025-11-24 20:58:00
KP001151,KW10275,2025-11-25,UK,Mobile,10403,44.0,28,572,4.9,2025-11-25 14:23:00
KP001152,KW10875,2025-11-26,JP,Mobile,1141,13.0,12,166,7.23,2025-11-26 05:23:00
KP001153,KW10379,2025-11-27,MX,Tablet,1759,22.0,18,315,5.71,2025-11-27 04:00:00
KP001154,KW10159,2025-11-28,UK,Desktop,1848,46.0,16,474,3.38,2025-11-28 23:47:00
KP001155,KW11482,2025-11-29,DE,Mobile,2004,30.0,43,801,5.37,2025-11-29 12:55:00
KP001156,KW10662,2025-11-30,US,Tablet,15564,36.0,134,3053,4.39,2025-11-30 22:46:00
KP001157,KW11072,2025-12-01,DE,Mobile,238,24.0,2,47,4.26,2025-12-01 18:03:00
KP001158,KW11025,2025-12-02,FR,Tablet,1935,29.0,6,109,5.5,2025-12-02 05:22:00
KP001159,KW11222,2025-12-03,US,Desktop,2350,18.0,41,767,5.35,2025-12-03 07:27:00
KP001160,KW10404,2025-12-04,JP,Desktop,2343,14.0,60,707,8.49,2025-12-04 23:52:00
KP001161,KW11177,2025-12-05,DE,Mobile,3414,34.0,81,1483,5.46,2025-12-05 00:54:00
KP001162,KW11208,2025-12-06,JP,Desktop,3800,38.0,58,1293,4.49,2025-12-06 03:01:00
KP001163,KW10593,2025-12-07,JP,Mobile,1340,19.0,7,105,6.67,2025-12-07 04:33:00
KP001164,KW10558,2025-12-08,US,Mobile,2663,32.0,40,680,5.88,2025-12-08 04:45:00
KP001165,KW11445,2025-12-09,US,Mobile,1280,46.0,22,558,3.94,2025-12-09 20:12:00
KP001166,KW11272,2025-12-10,DE,Desktop,2324,34.0,49,1190,4.12,2025-12-10 10:20:00
KP001167,KW10471,2025-12-11,AU,Tablet,15181,32.0,286,5641,5.07,2025-12-11 21:45:00
KP001168,KW11783,2025-12-12,MX,Mobile,5820,43.0,146,2855,5.11,2025-12-12 06:19:00
KP001169,KW10529,2025-12-13,DE,Desktop,6010,15.0,69,1034,6.67,2025-12-13 08:39:00
KP001170,KW11108,2025-12-14,JP,Mobile,6648,25.0,67,1353,4.95,2025-12-14 02:26:00
KP001171,KW10541,2025-12-15,DE,Desktop,3447,3.0,146,681,21.44,2025-12-15 05:37:00
KP001172,KW10251,2025-12-16,UK,Desktop,7743,23.0,120,1728,6.94,2025-12-16 22:59:00
KP001173,KW11005,2025-12-17,DE,Mobile,1440,28.0,29,692,4.19,2025-12-17 08:13:00
KP001174,KW10153,2025-12-18,US,Mobile,286,26.0,4,83,4.82,2025-12-18 05:35:00
KP001175,KW10130,2025-12-19,MX,Mobile,27545,6.0,228,1960,11.63,2025-12-19 07:53:00
KP001176,KW11090,2025-12-20,UK,Mobile,3151,43.0,18,334,5.39,2025-12-20 23:19:00
KP001177,KW10323,2025-12-21,FR,Mobile,2851,46.0,35,1114,3.14,2025-12-21 16:14:00
KP001178,KW11148,2025-12-22,MX,Desktop,3546,22.0,28,462,6.06,2025-12-22 03:21:00
KP001179,KW11981,2025-12-23,UK,Desktop,2759,31.0,31,768,4.04,2025-12-23 19:02:00
KP001180,KW10881,2025-12-24,US,Desktop,5616,44.0,87,1608,5.41,2025-12-24 15:59:00
KP001181,KW11715,2025-12-25,IN,Mobile,2152,34.0,30,703,4.27,2025-12-25 05:01:00
KP001182,KW10538,2025-12-26,BR,Mobile,2887,34.0,37,821,4.51,2025-12-26 15:39:00
KP001183,KW11577,2025-12-27,MX,Desktop,2378,42.0,41,993,4.13,2025-12-27 03:05:00
KP001184,KW10110,2025-12-28,CA,Mobile,1593,50.0,36,857,4.2,2025-12-28 20:04:00
KP001185,KW10271,2025-12-29,JP,Mobile,608,31.0,2,50,4.0,2025-12-29 05:10:00
KP001186,KW11478,2025-12-30,MX,Mobile,4737,7.0,167,1159,14.41,2025-12-30 05:13:00
KP001187,KW10542,2025-12-31,IN,Mobile,3340,33.0,56,1301,4.3,2025-12-31 04:19:00
KP001188,KW11942,2026-01-01,AU,Mobile,10700,22.0,35,537,6.52,2026-01-01 17:43:00
KP001189,KW10720,2026-01-02,MX,Mobile,3265,27.0,17,294,5.78,2026-01-02 14:21:00
KP001190,KW11793,2026-01-03,CA,Desktop,8070,39.0,139,2550,5.45,2026-01-03 17:27:00
KP001191,KW10614,2026-01-04,UK,Mobile,661,11.0,15,183,8.2,2026-01-04 03:37:00
KP001192,KW10871,2026-01-05,US,Mobile,1647,33.0,40,680,5.88,2026-01-05 10:05:00
KP001193,KW10829,2026-01-06,CA,Mobile,1797,34.0,26,507,5.13,2026-01-06 18:56:00
KP001194,KW11152,2026-01-07,US,Mobile,644,44.0,8,189,4.23,2026-01-07 09:36:00
KP001195,KW11761,2026-01-08,US,Desktop,1649,20.0,6,88,6.82,2026-01-08 10:59:00
KP001196,KW11926,2026-01-09,FR,Mobile,6297,20.0,255,3452,7.39,2026-01-09 12:59:00
KP001197,KW10703,2026-01-10,MX,Mobile,3055,24.0,56,812,6.9,2026-01-10 08:41:00
KP001198,KW10416,2026-01-11,CA,Desktop,5210,36.0,96,2056,4.67,2026-01-11 06:14:00
KP001199,KW11487,2026-01-12,CA,Desktop,3148,31.0,75,1435,5.23,2026-01-12 00:08:00
KP001200,KW11163,2026-01-13,UK,Desktop,3358,31.0,73,1128,6.47,2026-01-13 14:10:00
KP001201,KW10587,2026-01-14,BR,Desktop,18812,48.0,128,3474,3.68,2026-01-14 09:01:00
KP001202,KW10882,2026-01-15,FR,Tablet,2817,38.0,17,357,4.76,2026-01-15 21:01:00
KP001203,KW11452,2026-01-16,MX,Desktop,643,44.0,9,286,3.15,2026-01-16 10:16:00
KP001204,KW11954,2026-01-17,FR,Desktop,948,39.0,21,499,4.21,2026-01-17 12:48:00
KP001205,KW10112,2026-01-18,FR,Desktop,1091,38.0,22,551,3.99,2026-01-18 13:22:00
KP001206,KW10649,2026-01-19,BR,Mobile,1071,25.0,38,577,6.59,2026-01-19 22:42:00
KP001207,KW11795,2026-01-20,CA,Desktop,1626,37.0,3,85,3.53,2026-01-20 15:36:00
KP001208,KW11471,2026-01-21,BR,Mobile,7929,6.0,343,2331,14.71,2026-01-21 14:27:00
KP001209,KW11590,2026-01-22,MX,Mobile,1454,5.0,47,289,16.26,2026-01-22 20:14:00
KP001210,KW10764,2026-01-23,FR,Desktop,5869,26.0,89,1716,5.19,2026-01-23 02:15:00
KP001211,KW10653,2026-01-24,JP,Mobile,3179,49.0,45,1060,4.25,2026-01-24 16:07:00
KP001212,KW10218,2026-01-25,UK,Desktop,1251,2.0,109,494,22.06,2026-01-25 14:59:00
KP001213,KW10518,2026-01-26,BR,Mobile,3297,27.0,43,989,4.35,2026-01-26 19:28:00
KP001214,KW10274,2026-01-27,BR,Mobile,959,19.0,25,464,5.39,2026-01-27 01:21:00
KP001215,KW11439,2026-01-28,US,Desktop,4577,38.0,9,238,3.78,2026-01-28 11:30:00
KP001216,KW10767,2026-01-29,JP,Desktop,7646,25.0,123,1737,7.08,2026-01-29 12:20:00
KP001217,KW11105,2026-01-30,UK,Desktop,11059,42.0,50,1038,4.82,2026-01-30 02:50:00
KP001218,KW11685,2026-01-31,IN,Tablet,748,37.0,3,62,4.84,2026-01-31 15:32:00
KP001461,KW10945,2025-10-01,JP,Desktop,4359,4.0,290,2145,13.52,2025-10-01 19:52:00
KP001462,KW11015,2025-10-02,AU,Desktop,8336,33.0,242,3914,6.18,2025-10-02 06:10:00
KP001463,KW11294,2025-10-03,JP,Mobile,14124,14.0,306,3321,9.21,2025-10-03 13:31:00
KP001464,KW11591,2025-10-04,US,Desktop,3024,17.0,11,191,5.76,2025-10-04 07:25:00
KP001465,KW10667,2025-10-05,BR,Desktop,1529,35.0,15,376,3.99,2025-10-05 15:48:00
KP001466,KW10967,2025-10-06,IN,Desktop,3174,9.0,153,1216,12.58,2025-10-06 08:05:00
KP001467,KW11870,2025-10-07,JP,Mobile,17382,16.0,142,1564,9.08,2025-10-07 05:39:00
KP001468,KW11074,2025-10-08,JP,Desktop,2172,13.0,105,1013,10.37,2025-10-08 21:56:00
KP001469,KW11249,2025-10-09,DE,Desktop,1897,11.0,20,205,9.76,2025-10-09 06:42:00
KP001470,KW11811,2025-10-10,DE,Desktop,6145,23.0,45,940,4.79,2025-10-10 10:37:00
KP001471,KW11137,2025-10-11,AU,Mobile,2832,16.0,76,1072,7.09,2025-10-11 06:28:00
KP001472,KW11859,2025-10-12,CA,Mobile,1077,37.0,9,224,4.02,2025-10-12 13:06:00
KP001473,KW10949,2025-10-13,FR,Mobile,3912,48.0,36,860,4.19,2025-10-13 06:00:00
KP001474,KW10793,2025-10-14,BR,Mobile,8953,12.0,371,3518,10.55,2025-10-14 01:09:00
KP001475,KW10757,2025-10-15,US,Desktop,1238,6.0,42,350,12.0,2025-10-15 02:45:00
KP001476,KW11445,2025-10-16,AU,Mobile,1062,23.0,4,64,6.25,2025-10-16 18:57:00
KP001477,KW10148,2025-10-17,CA,Desktop,4892,47.0,92,2006,4.59,2025-10-17 23:42:00
KP001478,KW10619,2025-10-18,US,Mobile,5077,27.0,139,2180,6.38,2025-10-18 12:46:00
KP001479,KW11657,2025-10-19,MX,Mobile,5448,33.0,65,1698,3.83,2025-10-19 20:28:00
KP001480,KW11920,2025-10-20,MX,Desktop,1683,7.0,61,412,14.81,2025-10-20 21:41:00
KP001481,KW10984,2025-10-21,FR,Desktop,1772,12.0,72,891,8.08,2025-10-21 18:24:00
KP001482,KW10256,2025-10-22,JP,Mobile,1632,39.0,25,507,4.93,2025-10-22 15:11:00
KP001483,KW10015,2025-10-23,FR,Mobile,719,39.0,2,75,2.67,2025-10-23 05:12:00
KP001484,KW10879,2025-10-24,UK,Mobile,4958,29.0,138,2177,6.34,2025-10-24 04:16:00
KP001485,KW11826,2025-10-25,CA,Desktop,2003,38.0,35,659,5.31,2025-10-25 00:23:00
KP001486,KW11763,2025-10-26,FR,Tablet,3243,19.0,41,791,5.18,2025-10-26 21:25:00
KP001487,KW11187,2025-10-27,MX,Mobile,8084,22.0,284,3756,7.56,2025-10-27 11:24:00
KP001488,KW11179,2025-10-28,IN,Mobile,2129,32.0,12,311,3.86,2025-10-28 22:16:00
KP001489,KW11818,2025-10-29,MX,Desktop,8384,39.0,92,2214,4.16,2025-10-29 16:05:00
KP001490,KW10793,2025-10-30,US,Desktop,4837,23.0,150,1938,7.74,2025-10-30 06:53:00
KP001491,KW11566,2025-10-31,UK,Mobile,1010,31.0,3,99,3.03,2025-10-31 04:30:00
KP001492,KW10636,2025-11-01,CA,Desktop,2319,31.0,18,419,4.3,2025-11-01 05:24:00
KP001493,KW10085,2025-11-02,FR,Desktop,3565,19.0,82,1163,7.05,2025-11-02 21:42:00
KP001494,KW10493,2025-11-03,FR,Desktop,2747,39.0,33,843,3.91,2025-11-03 12:40:00
KP001495,KW11297,2025-11-04,MX,Desktop,1246,45.0,15,354,4.24,2025-11-04 20:05:00
KP001496,KW11212,2025-11-05,UK,Desktop,1094,27.0,12,204,5.88,2025-11-05 01:28:00
KP001497,KW10252,2025-11-06,DE,Mobile,5080,24.0,68,1003,6.78,2025-11-06 07:53:00
KP001498,KW10355,2025-11-07,CA,Desktop,1382,25.0,10,213,4.69,2025-11-07 03:22:00
KP001499,KW11056,2025-11-08,IN,Desktop,3939,50.0,38,925,4.11,2025-11-08 12:03:00
KP001500,KW10465,2025-11-09,IN,Desktop,23725,33.0,581,10475,5.55,2025-11-09 00:38:00
KP001501,KW10722,2025-11-10,UK,Desktop,4288,13.0,90,872,10.32,2025-11-10 13:48:00
KP001502,KW10224,2025-11-11,US,Desktop,453,6.0,18,143,12.59,2025-11-11 19:34:00
KP001503,KW10864,2025-11-12,IN,Desktop,4798,40.0,63,1375,4.58,2025-11-12 09:55:00
KP001504,KW11091,2025-11-13,AU,Mobile,726,36.0,6,158,3.8,2025-11-13 14:03:00
KP001505,KW10934,2025-11-14,AU,Desktop,16149,15.0,404,4377,9.23,2025-11-14 02:22:00
KP001506,KW10273,2025-11-15,AU,Mobile,1977,32.0,18,463,3.89,2025-11-15 00:10:00
KP001507,KW10431,2025-11-16,IN,Desktop,2064,36.0,49,914,5.36,2025-11-16 04:33:00
KP001508,KW11471,2025-11-17,BR,Mobile,6020,6.0,338,3061,11.04,2025-11-17 18:40:00
KP001509,KW11989,2025-11-18,IN,Desktop,720,33.0,16,383,4.18,2025-11-18 04:23:00
KP001510,KW11791,2025-11-19,JP,Desktop,900,5.0,5,48,10.42,2025-11-19 03:07:00
KP001511,KW11479,2025-11-20,FR,Mobile,7826,3.0,510,2387,21.37,2025-11-20 14:10:00
KP001512,KW10234,2025-11-21,BR,Tablet,7098,26.0,106,1527,6.94,2025-11-21 17:26:00
KP001513,KW10222,2025-11-22,CA,Tablet,437,35.0,2,60,3.33,2025-11-22 16:59:00
KP001514,KW11490,2025-11-23,BR,Mobile,245,18.0,2,45,4.44,2025-11-23 04:06:00
KP001515,KW10381,2025-11-24,DE,Mobile,598,26.0,2,36,5.56,2025-11-24 04:13:00
KP001516,KW10728,2025-11-25,JP,Desktop,3426,35.0,46,968,4.75,2025-11-25 22:54:00
KP001517,KW10666,2025-11-26,DE,Desktop,1153,34.0,11,294,3.74,2025-11-26 04:24:00
KP001518,KW11075,2025-11-27,MX,Mobile,5602,12.0,166,1801,9.22,2025-11-27 06:06:00
KP001519,KW11357,2025-11-28,FR,Desktop,3208,28.0,60,1080,5.56,2025-11-28 11:02:00
KP001520,KW10935,2025-11-29,US,Mobile,891,46.0,5,143,3.5,2025-11-29 23:01:00
KP001521,KW10888,2025-11-30,FR,Desktop,1965,30.0,35,773,4.53,2025-11-30 23:54:00
KP001522,KW11041,2025-12-01,US,Mobile,5860,1.0,174,588,29.59,2025-12-01 02:10:00
KP001523,KW11790,2025-12-02,FR,Mobile,3338,1.0,254,847,29.99,2025-12-02 13:38:00
KP001524,KW11664,2025-12-03,FR,Desktop,2881,21.0,8,157,5.1,2025-12-03 07:41:00
KP001525,KW10806,2025-12-04,UK,Desktop,3736,40.0,33,808,4.08,2025-12-04 16:15:00
KP001526,KW11751,2025-12-05,BR,Desktop,8561,47.0,79,1736,4.55,2025-12-05 15:00:00
KP001527,KW10060,2025-12-06,FR,Desktop,10249,5.0,256,1550,16.52,2025-12-06 20:37:00
KP001528,KW11682,2025-12-07,MX,Mobile,4171,36.0,98,2227,4.4,2025-12-07 08:07:00
KP001529,KW10849,2025-12-08,MX,Desktop,5351,29.0,115,2634,4.37,2025-12-08 19:44:00
KP001530,KW10924,2025-12-09,FR,Desktop,2019,25.0,51,842,6.06,2025-12-09 02:35:00
KP001531,KW10951,2025-12-10,MX,Desktop,4850,6.0,225,1854,12.14,2025-12-10 03:32:00
KP001532,KW11496,2025-12-11,JP,Mobile,457,36.0,12,237,5.06,2025-12-11 20:56:00
KP001533,KW10299,2025-12-12,JP,Desktop,4246,8.0,97,820,11.83,2025-12-12 07:45:00
KP001534,KW11249,2025-12-13,MX,Mobile,2923,31.0,28,707,3.96,2025-12-13 02:02:00
KP001535,KW11377,2025-12-14,DE,Desktop,1441,12.0,66,640,10.31,2025-12-14 08:51:00
KP001536,KW11540,2025-12-15,IN,Desktop,1488,7.0,45,378,11.9,2025-12-15 02:20:00
KP001537,KW10890,2025-12-16,US,Mobile,1536,40.0,6,144,4.17,2025-12-16 08:05:00
KP001538,KW11057,2025-12-17,UK,Mobile,7480,38.0,171,3233,5.29,2025-12-17 01:12:00
KP001539,KW11134,2025-12-18,CA,Desktop,1650,18.0,22,265,8.3,2025-12-18 05:48:00
KP001540,KW10434,2025-12-19,MX,Mobile,1550,9.0,78,792,9.85,2025-12-19 02:28:00
KP001541,KW10292,2025-12-20,DE,Mobile,3070,12.0,138,1405,9.82,2025-12-20 05:45:00
KP001542,KW11360,2025-12-21,IN,Desktop,7518,13.0,200,2130,9.39,2025-12-21 08:15:00
KP001543,KW10918,2025-12-22,CA,Desktop,480,33.0,6,167,3.59,2025-12-22 13:51:00
KP001544,KW10514,2025-12-23,FR,Mobile,3266,22.0,59,1052,5.61,2025-12-23 21:00:00
KP001545,KW10859,2025-12-24,AU,Mobile,11580,50.0,233,6261,3.72,2025-12-24 11:10:00
KP001546,KW11917,2025-12-25,AU,Desktop,5435,23.0,35,485,7.22,2025-12-25 13:25:00
KP001547,KW11307,2025-12-26,UK,Desktop,3489,41.0,18,460,3.91,2025-12-26 19:44:00
KP001548,KW10809,2025-12-27,IN,Desktop,1742,18.0,8,142,5.63,2025-12-27 08:17:00
KP001549,KW10599,2025-12-28,CA,Mobile,6270,24.0,42,844,4.98,2025-12-28 01:01:00
KP001550,KW10847,2025-12-29,IN,Mobile,3425,17.0,16,234,6.84,2025-12-29 17:52:00
KP001551,KW10011,2025-12-30,DE,Desktop,23869,13.0,459,5667,8.1,2025-12-30 12:10:00
KP001552,KW10910,2025-12-31,JP,Mobile,4253,7.0,189,2088,9.05,2025-12-31 00:44:00
KP001553,KW11760,2026-01-01,AU,Mobile,13362,8.0,78,877,8.89,2026-01-01 21:54:00
KP001554,KW10030,2026-01-02,BR,Mobile,5105,29.0,172,2623,6.56,2026-01-02 12:08:00
KP001555,KW10868,2026-01-03,JP,Desktop,3453,4.0,61,358,17.04,2026-01-03 05:24:00
KP001556,KW11248,2026-01-04,IN,Tablet,1392,38.0,31,547,5.67,2026-01-04 07:35:00
KP001557,KW10530,2026-01-05,UK,Mobile,3161,31.0,41,892,4.6,2026-01-05 18:32:00
KP001558,KW10095,2026-01-06,AU,Mobile,1381,14.0,13,157,8.28,2026-01-06 19:47:00
KP001559,KW11466,2026-01-07,AU,Desktop,1282,7.0,25,189,13.23,2026-01-07 12:36:00
KP001560,KW11226,2026-01-08,DE,Desktop,552,15.0,5,78,6.41,2026-01-08 15:58:00
KP001561,KW10921,2026-01-09,JP,Mobile,10388,11.0,427,5018,8.51,2026-01-09 21:28:00
KP001562,KW10181,2026-01-10,JP,Mobile,2088,48.0,8,248,3.23,2026-01-10 17:03:00
KP001563,KW10799,2026-01-11,BR,Mobile,672,35.0,8,230,3.48,2026-01-11 14:37:00
KP001564,KW10545,2026-01-12,BR,Mobile,20557,15.0,480,5355,8.96,2026-01-12 20:32:00
KP001565,KW10496,2026-01-13,IN,Mobile,3372,44.0,28,700,4.0,2026-01-13 23:34:00
KP001566,KW11520,2026-01-14,IN,Mobile,6493,42.0,85,1864,4.56,2026-01-14 14:57:00
KP001567,KW10979,2026-01-15,FR,Mobile,305,22.0,8,159,5.03,2026-01-15 22:13:00
KP001568,KW11117,2026-01-16,IN,Desktop,13651,40.0,381,6991,5.45,2026-01-16 00:33:00
KP001569,KW11641,2026-01-17,CA,Desktop,5953,17.0,178,2721,6.54,2026-01-17 09:27:00
KP001570,KW10298,2026-01-18,JP,Mobile,3683,34.0,10,194,5.15,2026-01-18 10:50:00
KP001571,KW11716,2026-01-19,MX,Mobile,5903,18.0,99,1630,6.07,2026-01-19 00:46:00
KP001572,KW10818,2026-01-20,UK,Mobile,1864,36.0,14,375,3.73,2026-01-20 03:36:00
KP001573,KW11617,2026-01-21,US,Mobile,1126,44.0,6,127,4.72,2026-01-21 23:19:00
KP001574,KW10871,2026-01-22,JP,Mobile,2916,9.0,119,1301,9.15,2026-01-22 22:56:00
KP001575,KW10715,2026-01-23,JP,Mobile,458,11.0,4,36,11.11,2026-01-23 16:57:00
KP001576,KW11547,2026-01-24,DE,Desktop,5816,41.0,41,1073,3.82,2026-01-24 15:46:00
KP001577,KW11855,2026-01-25,MX,Mobile,2728,43.0,49,1362,3.6,2026-01-25 04:51:00
KP001578,KW11019,2026-01-26,FR,Mobile,1614,33.0,41,790,5.19,2026-01-26 14:20:00
KP001579,KW11246,2026-01-27,BR,Mobile,3057,41.0,35,919,3.81,2026-01-27 07:54:00
KP001580,KW10481,2026-01-28,AU,Desktop,8818,15.0,94,1050,8.95,2026-01-28 07:43:00
KP001581,KW11627,2026-01-29,FR,Mobile,1387,13.0,22,236,9.32,2026-01-29 19:47:00
KP001582,KW11066,2026-01-30,AU,Mobile,5400,26.0,167,2863,5.83,2026-01-30 20:30:00
KP001583,KW10154,2026-01-31,MX,Desktop,2995,8.0,28,212,13.21,2026-01-31 08:07:00
KP001826,KW11405,2025-10-01,UK,Desktop,827,30.0,9,164,5.49,2025-10-01 15:34:00
KP001827,KW10681,2025-10-02,DE,Desktop,4862,30.0,16,281,5.69,2025-10-02 11:17:00
KP001828,KW11769,2025-10-03,IN,Desktop,5131,11.0,196,1954,10.03,2025-10-03 18:07:00
KP001829,KW11052,2025-10-04,MX,Desktop,3623,9.0,233,1863,12.51,2025-10-04 19:45:00
KP001830,KW11627,2025-10-05,AU,Tablet,10943,34.0,68,1366,4.98,2025-10-05 02:13:00
KP001831,KW11468,2025-10-06,UK,Desktop,928,33.0,14,306,4.58,2025-10-06 17:16:00
KP001832,KW10789,2025-10-07,AU,Mobile,3999,22.0,70,1035,6.76,2025-10-07 07:20:00
KP001833,KW10408,2025-10-08,MX,Desktop,2979,20.0,27,510,5.29,2025-10-08 11:00:00
KP001834,KW10869,2025-10-09,IN,Mobile,3255,34.0,44,1042,4.22,2025-10-09 22:05:00
KP001835,KW11790,2025-10-10,BR,Desktop,3572,12.0,103,1158,8.89,2025-10-10 07:38:00
KP001836,KW11435,2025-10-11,AU,Mobile,1978,4.0,42,290,14.48,2025-10-11 02:12:00
KP001837,KW11944,2025-10-12,DE,Tablet,5236,25.0,67,1247,5.37,2025-10-12 10:40:00
KP001838,KW10475,2025-10-13,US,Desktop,3091,37.0,63,1314,4.79,2025-10-13 17:39:00
KP001839,KW11451,2025-10-14,JP,Desktop,3182,16.0,101,1261,8.01,2025-10-14 02:46:00
KP001840,KW10938,2025-10-15,UK,Mobile,1863,23.0,43,750,5.73,2025-10-15 13:36:00
KP001841,KW11726,2025-10-16,IN,Mobile,2973,20.0,132,1610,8.2,2025-10-16 09:27:00
KP001842,KW10739,2025-10-17,US,Mobile,6645,49.0,46,1229,3.74,2025-10-17 11:16:00
KP001843,KW10152,2025-10-18,BR,Desktop,1466,3.0,84,540,15.56,2025-10-18 00:58:00
KP001844,KW11547,2025-10-19,BR,Desktop,1456,8.0,30,236,12.71,2025-10-19 20:11:00
KP001845,KW11601,2025-10-20,DE,Desktop,1840,4.0,101,798,12.66,2025-10-20 04:21:00
KP001846,KW11701,2025-10-21,AU,Desktop,2208,17.0,32,376,8.51,2025-10-21 16:12:00
KP001847,KW11549,2025-10-22,FR,Desktop,6668,49.0,81,1911,4.24,2025-10-22 20:00:00
KP001848,KW11520,2025-10-23,JP,Desktop,3960,31.0,81,1244,6.51,2025-10-23 19:17:00
KP001849,KW11645,2025-10-24,JP,Mobile,1634,28.0,33,586,5.63,2025-10-24 08:58:00
KP001850,KW10057,2025-10-25,US,Desktop,259,28.0,2,48,4.17,2025-10-25 09:42:00
KP001851,KW10329,2025-10-26,JP,Mobile,8584,45.0,106,2461,4.31,2025-10-26 04:20:00
KP001852,KW11684,2025-10-27,MX,Desktop,557,1.0,30,107,28.04,2025-10-27 11:56:00
KP001853,KW11354,2025-10-28,BR,Mobile,18244,29.0,82,1373,5.97,2025-10-28 00:54:00
KP001854,KW11790,2025-10-29,IN,Mobile,1373,35.0,16,339,4.72,2025-10-29 10:58:00
KP001855,KW11821,2025-10-30,US,Mobile,3848,9.0,123,1509,8.15,2025-10-30 19:42:00
KP001856,KW11131,2025-10-31,MX,Mobile,6194,22.0,64,1093,5.86,2025-10-31 01:04:00
KP001857,KW11259,2025-11-01,CA,Mobile,2213,3.0,36,211,17.06,2025-11-01 17:57:00
KP001858,KW11549,2025-11-02,BR,Mobile,3596,17.0,27,440,6.14,2025-11-02 06:04:00
KP001859,KW11284,2025-11-03,DE,Desktop,5727,3.0,154,656,23.48,2025-11-03 12:19:00
KP001860,KW11823,2025-11-04,CA,Desktop,8725,43.0,127,3744,3.39,2025-11-04 03:06:00
KP001861,KW11921,2025-11-05,AU,Mobile,13321,24.0,327,5247,6.23,2025-11-05 04:51:00
KP001862,KW11545,2025-11-06,MX,Mobile,7298,1.0,655,1873,34.97,2025-11-06 17:46:00
KP001863,KW11918,2025-11-07,US,Mobile,4178,36.0,19,414,4.59,2025-11-07 09:58:00
KP001864,KW11490,2025-11-08,UK,Desktop,4235,48.0,53,1490,3.56,2025-11-08 02:26:00
KP001865,KW10204,2025-11-09,DE,Mobile,3036,48.0,36,807,4.46,2025-11-09 08:04:00
KP001866,KW10776,2025-11-10,MX,Desktop,3357,43.0,24,646,3.72,2025-11-10 04:42:00
KP001867,KW10363,2025-11-11,AU,Desktop,575,41.0,10,185,5.41,2025-11-11 17:40:00
KP001868,KW10966,2025-11-12,MX,Mobile,2434,35.0,9,213,4.23,2025-11-12 06:19:00
KP001869,KW11725,2025-11-13,CA,Desktop,6451,9.0,82,865,9.48,2025-11-13 08:17:00
KP001870,KW11513,2025-11-14,DE,Tablet,1157,14.0,9,119,7.56,2025-11-14 00:11:00
KP001871,KW11919,2025-11-15,US,Desktop,7664,33.0,56,1170,4.79,2025-11-15 17:05:00
KP001872,KW10064,2025-11-16,BR,Desktop,1503,25.0,48,668,7.19,2025-11-16 13:27:00
KP001873,KW11376,2025-11-17,JP,Desktop,4412,14.0,28,336,8.33,2025-11-17 14:43:00
KP001874,KW11194,2025-11-18,UK,Desktop,5837,30.0,71,1124,6.32,2025-11-18 15:44:00
KP001875,KW11263,2025-11-19,MX,Desktop,2836,3.0,99,653,15.16,2025-11-19 11:05:00
KP001876,KW11849,2025-11-20,MX,Mobile,3800,43.0,67,1984,3.38,2025-11-20 15:41:00
KP001877,KW10019,2025-11-21,IN,Mobile,2139,33.0,24,522,4.6,2025-11-21 05:03:00
KP001878,KW11013,2025-11-22,UK,Desktop,3503,48.0,25,581,4.3,2025-11-22 11:50:00
KP001879,KW10106,2025-11-23,UK,Desktop,2357,23.0,11,154,7.14,2025-11-23 07:25:00
KP001880,KW11829,2025-11-24,CA,Mobile,5789,37.0,102,1993,5.12,2025-11-24 07:15:00
KP001881,KW10975,2025-11-25,MX,Mobile,2546,23.0,72,1210,5.95,2025-11-25 10:25:00
KP001882,KW11945,2025-11-26,DE,Mobile,1585,28.0,25,472,5.3,2025-11-26 09:17:00
KP001883,KW11837,2025-11-27,BR,Mobile,14371,8.0,110,967,11.38,2025-11-27 09:50:00
KP001884,KW10033,2025-11-28,US,Tablet,4621,37.0,28,594,4.71,2025-11-28 08:01:00
KP001885,KW10495,2025-11-29,CA,Mobile,3665,11.0,120,1578,7.6,2025-11-29 21:16:00
KP001886,KW10535,2025-11-30,JP,Desktop,2110,15.0,46,726,6.34,2025-11-30 03:31:00
KP001887,KW11994,2025-12-01,DE,Mobile,2414,41.0,9,240,3.75,2025-12-01 17:50:00
KP001888,KW11447,2025-12-02,BR,Mobile,1230,21.0,33,533,6.19,2025-12-02 22:08:00
KP001889,KW11877,2025-12-03,US,Mobile,2487,33.0,39,1031,3.78,2025-12-03 00:35:00
KP001890,KW10314,2025-12-04,IN,Desktop,7861,38.0,106,1847,5.74,2025-12-04 22:44:00
KP001891,KW11085,2025-12-05,UK,Desktop,1379,27.0,10,187,5.35,2025-12-05 19:35:00
KP001892,KW10168,2025-12-06,JP,Desktop,1707,38.0,20,502,3.98,2025-12-06 11:36:00
KP001893,KW10337,2025-12-07,JP,Desktop,1142,6.0,9,78,11.54,2025-12-07 20:47:00
KP001894,KW10685,2025-12-08,FR,Mobile,11062,33.0,84,1512,5.56,2025-12-08 21:52:00
KP001895,KW11955,2025-12-09,US,Mobile,13991,15.0,121,1343,9.01,2025-12-09 20:49:00
KP001896,KW10376,2025-12-10,FR,Mobile,707,5.0,6,40,15.0,2025-12-10 04:59:00
KP001897,KW11915,2025-12-11,US,Mobile,6732,43.0,33,696,4.74,2025-12-11 00:08:00
KP001898,KW11119,2025-12-12,AU,Desktop,14690,28.0,188,2825,6.65,2025-12-12 08:06:00
KP001899,KW10742,2025-12-13,US,Desktop,4928,45.0,70,1471,4.76,2025-12-13 13:55:00
KP001900,KW11875,2025-12-14,MX,Desktop,2982,40.0,38,769,4.94,2025-12-14 18:22:00
KP001901,KW11515,2025-12-15,UK,Mobile,7377,30.0,112,1756,6.38,2025-12-15 10:11:00
KP001902,KW11266,2025-12-16,FR,Desktop,7734,49.0,90,2710,3.32,2025-12-16 09:24:00
KP001903,KW10112,2025-12-17,JP,Mobile,4061,16.0,102,1378,7.4,2025-12-17 19:36:00
KP001904,KW11900,2025-12-18,JP,Mobile,8171,9.0,263,2102,12.51,2025-12-18 04:10:00
KP001905,KW11331,2025-12-19,US,Mobile,1158,49.0,2,70,2.86,2025-12-19 18:10:00
KP001906,KW10604,2025-12-20,CA,Mobile,4464,18.0,141,1787,7.89,2025-12-20 19:26:00
KP001907,KW10197,2025-12-21,US,Desktop,8420,3.0,82,458,17.9,2025-12-21 00:49:00
KP001908,KW11370,2025-12-22,UK,Desktop,14745,15.0,602,7990,7.53,2025-12-22 09:54:00
KP001909,KW11717,2025-12-23,FR,Desktop,574,14.0,3,51,5.88,2025-12-23 15:28:00
KP001910,KW11738,2025-12-24,US,Desktop,8652,19.0,232,3583,6.48,2025-12-24 16:30:00
KP001911,KW11317,2025-12-25,CA,Desktop,1489,36.0,30,652,4.6,2025-12-25 08:20:00
KP001912,KW11896,2025-12-26,US,Mobile,1693,10.0,18,231,7.79,2025-12-26 02:42:00
KP001913,KW11014,2025-12-27,DE,Mobile,5705,48.0,12,286,4.2,2025-12-27 06:51:00
KP001914,KW11798,2025-12-28,US,Desktop,1587,46.0,12,246,4.88,2025-12-28 06:53:00
KP001915,KW11798,2025-12-29,FR,Mobile,874,8.0,9,83,10.84,2025-12-29 23:58:00
KP001916,KW11762,2025-12-30,IN,Mobile,7108,41.0,168,3874,4.34,2025-12-30 05:27:00
KP001917,KW10097,2025-12-31,JP,Desktop,2013,30.0,59,1095,5.39,2025-12-31 09:24:00
KP001918,KW10019,2026-01-01,JP,Desktop,4886,37.0,23,458,5.02,2026-01-01 02:43:00
KP001919,KW11642,2026-01-02,AU,Desktop,961,17.0,42,505,8.32,2026-01-02 21:32:00
KP001920,KW10088,2026-01-03,JP,Mobile,591,35.0,11,295,3.73,2026-01-03 04:07:00
KP001921,KW11189,2026-01-04,AU,Desktop,1923,43.0,27,604,4.47,2026-01-04 20:01:00
KP001922,KW10062,2026-01-05,MX,Mobile,1088,27.0,17,342,4.97,2026-01-05 08:19:00
KP001923,KW11949,2026-01-06,DE,Mobile,672,43.0,12,224,5.36,2026-01-06 18:14:00
KP001924,KW10775,2026-01-07,DE,Desktop,7563,43.0,153,2967,5.16,2026-01-07 02:04:00
KP001925,KW10613,2026-01-08,CA,Mobile,1721,12.0,10,103,9.71,2026-01-08 22:42:00
KP001926,KW10906,2026-01-09,MX,Mobile,13112,9.0,164,1705,9.62,2026-01-09 02:53:00
KP001927,KW11993,2026-01-10,FR,Mobile,10950,31.0,241,5163,4.67,2026-01-10 21:55:00
KP001928,KW11929,2026-01-11,FR,Desktop,3099,7.0,163,1511,10.79,2026-01-11 00:16:00
KP001929,KW10582,2026-01-12,UK,Mobile,3171,48.0,25,682,3.67,2026-01-12 14:51:00
KP001930,KW11765,2026-01-13,AU,Desktop,18496,6.0,195,1325,14.72,2026-01-13 13:36:00
KP001931,KW11197,2026-01-14,FR,Desktop,7929,1.0,634,2411,26.3,2026-01-14 02:44:00
KP001932,KW10454,2026-01-15,DE,Mobile,3415,32.0,47,921,5.1,2026-01-15 18:21:00
KP001933,KW11697,2026-01-16,DE,Desktop,8938,1.0,1328,4132,32.14,2026-01-16 18:50:00
KP001934,KW10551,2026-01-17,JP,Desktop,1849,7.0,109,809,13.47,2026-01-17 00:10:00
KP001935,KW10653,2026-01-18,IN,Desktop,3135,37.0,39,925,4.22,2026-01-18 14:40:00
KP001936,KW11304,2026-01-19,MX,Desktop,7804,4.0,772,3956,19.51,2026-01-19 18:32:00
KP001937,KW10757,2026-01-20,AU,Desktop,3342,25.0,39,569,6.85,2026-01-20 07:07:00
KP001938,KW10378,2026-01-21,AU,Desktop,6680,50.0,62,2027,3.06,2026-01-21 00:08:00
KP001939,KW11987,2026-01-22,IN,Desktop,1475,32.0,10,218,4.59,2026-01-22 10:38:00
KP001940,KW10589,2026-01-23,IN,Mobile,5381,1.0,393,1384,28.4,2026-01-23 08:34:00
KP001941,KW11888,2026-01-24,AU,Mobile,5955,7.0,182,1306,13.94,2026-01-24 02:04:00
KP001942,KW10055,2026-01-25,JP,Mobile,3164,21.0,82,1305,6.28,2026-01-25 06:45:00
KP001943,KW10302,2026-01-26,MX,Mobile,5029,24.0,117,1861,6.29,2026-01-26 00:57:00
KP001944,KW11139,2026-01-27,AU,Tablet,2072,9.0,36,358,10.06,2026-01-27 06:54:00
KP001945,KW10475,2026-01-28,AU,Mobile,2076,48.0,23,522,4.41,2026-01-28 00:18:00
KP001946,KW11708,2026-01-29,JP,Desktop,4836,32.0,96,2409,3.99,2026-01-29 03:02:00
KP001947,KW10321,2026-01-30,BR,Desktop,7807,21.0,316,4240,7.45,2026-01-30 13:04:00
KP001948,KW11529,2026-01-31,BR,Mobile,2787,23.0,14,245,5.71,2026-01-31 00:20:00
KP002191,KW10844,2025-10-01,AU,Desktop,5661,1.0,358,1024,34.96,2025-10-01 22:01:00
KP002192,KW10615,2025-10-02,BR,Mobile,2687,42.0,22,634,3.47,2025-10-02 18:30:00
KP002193,KW11127,2025-10-03,JP,Desktop,17826,19.0,119,1390,8.56,2025-10-03 20:24:00
KP002194,KW11815,2025-10-04,FR,Mobile,3529,48.0,16,484,3.31,2025-10-04 10:11:00
KP002195,KW11567,2025-10-05,MX,Mobile,7640,32.0,71,1677,4.23,2025-10-05 00:41:00
KP002196,KW11927,2025-10-06,FR,Mobile,6764,3.0,663,3297,20.11,2025-10-06 15:06:00
KP002197,KW11156,2025-10-07,FR,Desktop,20593,16.0,157,2138,7.34,2025-10-07 16:05:00
KP002198,KW10672,2025-10-08,MX,Desktop,676,48.0,13,260,5.0,2025-10-08 05:12:00
KP002199,KW10107,2025-10-09,AU,Desktop,1102,14.0,24,367,6.54,2025-10-09 09:37:00
KP002200,KW10133,2025-10-10,JP,Mobile,11960,13.0,277,3524,7.86,2025-10-10 11:18:00
KP002201,KW10646,2025-10-11,CA,Desktop,1841,11.0,66,767,8.6,2025-10-11 22:37:00
KP002202,KW10289,2025-10-12,FR,Mobile,801,45.0,8,259,3.09,2025-10-12 03:50:00
KP002203,KW11616,2025-10-13,FR,Desktop,4273,35.0,19,491,3.87,2025-10-13 22:53:00
KP002204,KW11155,2025-10-14,UK,Mobile,2377,7.0,85,717,11.85,2025-10-14 21:14:00
KP002205,KW10195,2025-10-15,UK,Desktop,2581,24.0,20,390,5.13,2025-10-15 02:34:00
KP002206,KW10120,2025-10-16,AU,Mobile,7116,12.0,248,2565,9.67,2025-10-16 01:29:00
KP002207,KW11795,2025-10-17,UK,Desktop,2567,35.0,22,585,3.76,2025-10-17 02:08:00
KP002208,KW11760,2025-10-18,AU,Mobile,2679,29.0,65,1170,5.56,2025-10-18 12:22:00
KP002209,KW11733,2025-10-19,DE,Desktop,779,39.0,2,77,2.6,2025-10-19 21:47:00
KP002210,KW11777,2025-10-20,MX,Mobile,3594,5.0,315,1889,16.68,2025-10-20 18:27:00
KP002211,KW10738,2025-10-21,BR,Mobile,1014,6.0,41,273,15.02,2025-10-21 21:45:00
KP002212,KW11538,2025-10-22,JP,Mobile,6900,44.0,92,2489,3.7,2025-10-22 22:41:00
KP002213,KW10590,2025-10-23,US,Desktop,3634,20.0,35,523,6.69,2025-10-23 13:09:00
KP002214,KW10584,2025-10-24,JP,Mobile,5802,11.0,35,328,10.67,2025-10-24 22:36:00
KP002215,KW10186,2025-10-25,US,Mobile,5074,39.0,17,442,3.85,2025-10-25 19:52:00
KP002216,KW11072,2025-10-26,AU,Desktop,2164,7.0,107,907,11.8,2025-10-26 10:20:00
KP002217,KW10807,2025-10-27,US,Desktop,2005,13.0,72,1059,6.8,2025-10-27 07:42:00
KP002218,KW10810,2025-10-28,AU,Tablet,5590,26.0,52,875,5.94,2025-10-28 13:26:00
KP002219,KW10423,2025-10-29,IN,Desktop,913,38.0,17,416,4.09,2025-10-29 19:52:00
KP002220,KW10799,2025-10-30,MX,Tablet,7491,30.0,109,2127,5.12,2025-10-30 14:28:00
KP002221,KW11782,2025-10-31,JP,Mobile,910,4.0,28,170,16.47,2025-10-31 14:54:00
KP002222,KW10729,2025-11-01,BR,Desktop,547,23.0,8,130,6.15,2025-11-01 08:28:00
KP002223,KW10768,2025-11-02,IN,Mobile,5621,15.0,78,1022,7.63,2025-11-02 19:35:00
KP002224,KW11626,2025-11-03,IN,Desktop,2014,10.0,93,958,9.71,2025-11-03 22:30:00
KP002225,KW11380,2025-11-04,FR,Mobile,8118,20.0,73,1394,5.24,2025-11-04 19:57:00
KP002226,KW11654,2025-11-05,JP,Tablet,818,1.0,78,261,29.89,2025-11-05 01:54:00
KP002227,KW10684,2025-11-06,FR,Desktop,4044,9.0,61,752,8.11,2025-11-06 04:16:00
KP002228,KW11121,2025-11-07,BR,Mobile,7264,40.0,129,3571,3.61,2025-11-07 16:15:00
KP002229,KW11605,2025-11-08,FR,Mobile,3429,14.0,92,1082,8.5,2025-11-08 23:35:00
KP002230,KW11687,2025-11-09,AU,Desktop,557,5.0,7,61,11.48,2025-11-09 18:31:00
KP002231,KW10281,2025-11-10,UK,Mobile,3010,44.0,45,939,4.79,2025-11-10 20:52:00
KP002232,KW10629,2025-11-11,AU,Desktop,2137,44.0,36,948,3.8,2025-11-11 04:42:00
KP002233,KW10773,2025-11-12,DE,Desktop,1066,33.0,11,204,5.39,2025-11-12 06:51:00
KP002234,KW10865,2025-11-13,AU,Tablet,4983,40.0,15,281,5.34,2025-11-13 10:30:00
KP002235,KW11160,2025-11-14,JP,Mobile,1393,17.0,9,134,6.72,2025-11-14 13:06:00
KP002236,KW10240,2025-11-15,DE,Mobile,2661,10.0,27,294,9.18,2025-11-15 20:02:00
KP002237,KW10173,2025-11-16,UK,Tablet,1342,38.0,16,308,5.19,2025-11-16 18:36:00
KP002238,KW11331,2025-11-17,IN,Mobile,2517,4.0,108,636,16.98,2025-11-17 20:36:00
KP002239,KW10422,2025-11-18,CA,Desktop,4034,26.0,22,461,4.77,2025-11-18 03:35:00
KP002240,KW10916,2025-11-19,BR,Mobile,1020,25.0,28,503,5.57,2025-11-19 13:17:00
KP002241,KW10761,2025-11-20,DE,Desktop,3181,25.0,96,1493,6.43,2025-11-20 00:23:00
KP002242,KW10434,2025-11-21,UK,Mobile,7742,4.0,472,3255,14.5,2025-11-21 02:40:00
KP002243,KW11674,2025-11-22,JP,Desktop,693,42.0,11,227,4.85,2025-11-22 11:39:00
KP002244,KW10750,2025-11-23,DE,Desktop,2362,31.0,43,854,5.04,2025-11-23 02:35:00
KP002245,KW11831,2025-11-24,US,Mobile,3422,48.0,80,1741,4.6,2025-11-24 04:03:00
KP002246,KW10240,2025-11-25,UK,Mobile,3658,4.0,210,1671,12.57,2025-11-25 15:27:00
KP002247,KW11375,2025-11-26,FR,Desktop,7280,48.0,67,1882,3.56,2025-11-26 03:56:00
KP002248,KW11246,2025-11-27,AU,Desktop,2041,15.0,42,555,7.57,2025-11-27 14:21:00
KP002249,KW10664,2025-11-28,DE,Mobile,6676,1.0,808,2309,34.99,2025-11-28 06:13:00
KP002250,KW10288,2025-11-29,DE,Desktop,787,1.0,88,254,34.65,2025-11-29 16:58:00
KP002251,KW11816,2025-11-30,UK,Desktop,7190,24.0,97,1723,5.63,2025-11-30 22:15:00
KP002252,KW11072,2025-12-01,CA,Mobile,8051,37.0,86,1622,5.3,2025-12-01 11:58:00
KP002253,KW11787,2025-12-02,JP,Mobile,1571,8.0,49,554,8.84,2025-12-02 19:09:00
KP002254,KW10391,2025-12-03,JP,Desktop,3484,19.0,92,1126,8.17,2025-12-03 14:58:00
KP002255,KW11256,2025-12-04,CA,Tablet,3137,26.0,27,597,4.52,2025-12-04 15:53:00
KP002256,KW11798,2025-12-05,DE,Mobile,5737,39.0,101,1761,5.74,2025-12-05 05:40:00
KP002257,KW11084,2025-12-06,JP,Desktop,2992,10.0,119,1581,7.53,2025-12-06 07:40:00
KP002258,KW10595,2025-12-07,FR,Mobile,2331,42.0,16,363,4.41,2025-12-07 00:32:00
KP002259,KW11281,2025-12-08,BR,Mobile,1769,5.0,26,201,12.94,2025-12-08 01:53:00
KP002260,KW10906,2025-12-09,DE,Mobile,3779,9.0,163,1713,9.52,2025-12-09 20:01:00
KP002261,KW10492,2025-12-10,US,Mobile,2779,3.0,277,1421,19.49,2025-12-10 11:23:00
KP002262,KW10346,2025-12-11,IN,Desktop,5867,43.0,119,3197,3.72,2025-12-11 08:45:00
KP002263,KW10406,2025-12-12,JP,Desktop,1049,11.0,10,126,7.94,2025-12-12 22:42:00
KP002264,KW10707,2025-12-13,DE,Mobile,28219,28.0,964,14807,6.51,2025-12-13 08:53:00
KP002265,KW10457,2025-12-14,DE,Desktop,2379,24.0,17,239,7.11,2025-12-14 06:03:00
KP002266,KW10322,2025-12-15,CA,Desktop,2818,23.0,79,1450,5.45,2025-12-15 16:51:00
KP002267,KW10443,2025-12-16,UK,Desktop,1741,8.0,79,832,9.5,2025-12-16 21:05:00
KP002268,KW11488,2025-12-17,US,Mobile,8634,8.0,295,2133,13.83,2025-12-17 23:57:00
KP002269,KW11761,2025-12-18,MX,Mobile,1706,20.0,49,670,7.31,2025-12-18 23:08:00
KP002270,KW11402,2025-12-19,MX,Mobile,5164,48.0,69,1561,4.42,2025-12-19 16:27:00
KP002271,KW11608,2025-12-20,JP,Mobile,4437,33.0,25,652,3.83,2025-12-20 09:54:00
KP002272,KW10550,2025-12-21,UK,Mobile,10667,40.0,144,3020,4.77,2025-12-21 13:45:00
KP002273,KW10693,2025-12-22,FR,Desktop,4279,44.0,90,2299,3.91,2025-12-22 03:15:00
KP002274,KW11350,2025-12-23,US,Desktop,3515,29.0,107,1745,6.13,2025-12-23 16:57:00
KP002275,KW10823,2025-12-24,AU,Mobile,462,3.0,34,180,18.89,2025-12-24 06:09:00
KP002276,KW10603,2025-12-25,IN,Mobile,2189,17.0,67,990,6.77,2025-12-25 19:51:00
KP002277,KW10506,2025-12-26,AU,Mobile,3427,11.0,25,238,10.5,2025-12-26 19:07:00
KP002278,KW11675,2025-12-27,BR,Desktop,2450,34.0,42,847,4.96,2025-12-27 21:35:00
KP002279,KW11890,2025-12-28,JP,Mobile,610,28.0,5,127,3.94,2025-12-28 13:01:00
KP002280,KW11118,2025-12-29,UK,Desktop,1230,30.0,14,303,4.62,2025-12-29 14:28:00
KP002281,KW11412,2025-12-30,CA,Tablet,11008,8.0,101,1203,8.4,2025-12-30 02:05:00
KP002282,KW11282,2025-12-31,CA,Desktop,992,29.0,24,424,5.66,2025-12-31 11:44:00
KP002283,KW11827,2026-01-01,IN,Mobile,3806,9.0,86,734,11.72,2026-01-01 17:49:00
KP002284,KW11467,2026-01-02,DE,Mobile,3855,15.0,73,1169,6.24,2026-01-02 10:47:00
KP002285,KW10301,2026-01-03,UK,Desktop,2180,38.0,51,1073,4.75,2026-01-03 14:49:00
KP002286,KW11521,2026-01-04,UK,Mobile,1872,33.0,5,108,4.63,2026-01-04 01:56:00
KP002287,KW11841,2026-01-05,MX,Desktop,12919,15.0,436,4824,9.04,2026-01-05 10:00:00
KP002288,KW11398,2026-01-06,US,Desktop,9526,48.0,150,3914,3.83,2026-01-06 17:17:00
KP002289,KW11815,2026-01-07,FR,Desktop,6437,44.0,83,1744,4.76,2026-01-07 09:56:00
KP002290,KW11204,2026-01-08,JP,Desktop,9229,32.0,31,591,5.25,2026-01-08 17:21:00
KP002291,KW10459,2026-01-09,IN,Desktop,1369,31.0,21,509,4.13,2026-01-09 03:46:00
KP002292,KW10771,2026-01-10,AU,Mobile,4452,28.0,90,1609,5.59,2026-01-10 22:52:00
KP002293,KW11743,2026-01-11,MX,Mobile,1027,28.0,18,421,4.28,2026-01-11 01:11:00
KP002294,KW11348,2026-01-12,US,Mobile,2712,9.0,29,332,8.73,2026-01-12 11:53:00
KP002295,KW11287,2026-01-13,UK,Desktop,2950,50.0,57,1519,3.75,2026-01-13 12:15:00
KP002296,KW10200,2026-01-14,UK,Mobile,674,21.0,2,38,5.26,2026-01-14 11:18:00
KP002297,KW11179,2026-01-15,FR,Desktop,17223,21.0,308,4032,7.64,2026-01-15 03:06:00
KP002298,KW10434,2026-01-16,US,Mobile,6727,20.0,38,583,6.52,2026-01-16 02:54:00
KP002299,KW11912,2026-01-17,BR,Mobile,1021,30.0,16,384,4.17,2026-01-17 19:01:00
KP002300,KW11759,2026-01-18,BR,Mobile,30126,26.0,470,6920,6.79,2026-01-18 19:57:00
KP002301,KW10494,2026-01-19,DE,Mobile,3672,41.0,76,1642,4.63,2026-01-19 03:18:00
KP002302,KW10612,2026-01-20,FR,Mobile,30812,19.0,826,11838,6.98,2026-01-20 11:04:00
KP002303,KW11897,2026-01-21,IN,Desktop,1864,19.0,64,929,6.89,2026-01-21 12:35:00
KP002304,KW11835,2026-01-22,AU,Mobile,1432,27.0,3,78,3.85,2026-01-22 11:27:00
KP002305,KW10162,2026-01-23,IN,Mobile,1628,36.0,21,499,4.21,2026-01-23 02:36:00
KP002306,KW10651,2026-01-24,AU,Desktop,1750,39.0,38,839,4.53,2026-01-24 07:25:00
KP002307,KW10715,2026-01-25,FR,Desktop,1946,15.0,71,986,7.2,2026-01-25 22:08:00
KP002308,KW11202,2026-01-26,DE,Desktop,2097,14.0,13,132,9.85,2026-01-26 23:03:00
KP002309,KW11514,2026-01-27,BR,Desktop,1354,39.0,14,350,4.0,2026-01-27 01:58:00
KP002310,KW10027,2026-01-28,JP,Desktop,6322,18.0,113,1525,7.41,2026-01-28 16:36:00
KP002311,KW10366,2026-01-29,JP,Mobile,1465,39.0,5,147,3.4,2026-01-29 09:17:00
KP002312,KW11487,2026-01-30,FR,Mobile,2500,35.0,75,1236,6.07,2026-01-30 00:43:00
KP002313,KW10072,2026-01-31,FR,Desktop,762,15.0,21,305,6.89,2026-01-31 18:32:00
KP002556,KW11008,2025-10-01,US,Mobile,4880,50.0,94,2075,4.53,2025-10-01 04:08:00
KP002557,KW10489,2025-10-02,FR,Mobile,7715,42.0,179,3763,4.76,2025-10-02 10:13:00
KP002558,KW10118,2025-10-03,MX,Desktop,1402,40.0,5,118,4.24,2025-10-03 21:43:00
KP002559,KW10043,2025-10-04,US,Desktop,611,22.0,16,332,4.82,2025-10-04 07:11:00
KP002560,KW11110,2025-10-05,IN,Desktop,5565,4.0,380,1922,19.77,2025-10-05 00:19:00
KP002561,KW10794,2025-10-06,IN,Desktop,2961,40.0,31,738,4.2,2025-10-06 05:28:00
KP002562,KW11859,2025-10-07,AU,Desktop,1396,10.0,56,517,10.83,2025-10-07 03:49:00
KP002563,KW10123,2025-10-08,CA,Desktop,253,7.0,5,54,9.26,2025-10-08 07:17:00
KP002564,KW10213,2025-10-09,DE,Mobile,2057,50.0,9,245,3.67,2025-10-09 11:57:00
KP002565,KW11717,2025-10-10,BR,Mobile,3570,20.0,60,975,6.15,2025-10-10 11:12:00
KP002566,KW10392,2025-10-11,AU,Desktop,978,37.0,15,288,5.21,2025-10-11 09:13:00
KP002567,KW11145,2025-10-12,BR,Desktop,4390,4.0,313,2140,14.63,2025-10-12 15:10:00
KP002568,KW11623,2025-10-13,DE,Desktop,977,42.0,15,332,4.52,2025-10-13 05:42:00
KP002569,KW10646,2025-10-14,DE,Mobile,11979,50.0,136,4070,3.34,2025-10-14 14:02:00
KP002570,KW11197,2025-10-15,IN,Mobile,6745,24.0,110,2209,4.98,2025-10-15 21:28:00
KP002571,KW11826,2025-10-16,US,Mobile,7638,12.0,289,2781,10.39,2025-10-16 11:27:00
KP002572,KW11137,2025-10-17,BR,Mobile,2194,24.0,62,1066,5.82,2025-10-17 19:20:00
KP002573,KW10706,2025-10-18,JP,Desktop,2909,9.0,195,1572,12.4,2025-10-18 13:36:00
KP002574,KW10324,2025-10-19,CA,Desktop,4502,47.0,24,765,3.14,2025-10-19 06:57:00
KP002575,KW10565,2025-10-20,JP,Desktop,4802,1.0,452,1300,34.77,2025-10-20 02:52:00
KP002576,KW11162,2025-10-21,US,Desktop,2292,2.0,148,529,27.98,2025-10-21 15:24:00
KP002577,KW10259,2025-10-22,AU,Desktop,7084,12.0,47,595,7.9,2025-10-22 01:37:00
KP002578,KW11603,2025-10-23,IN,Desktop,854,47.0,8,170,4.71,2025-10-23 18:18:00
KP002579,KW10118,2025-10-24,IN,Mobile,1788,33.0,9,157,5.73,2025-10-24 12:36:00
KP002580,KW10172,2025-10-25,DE,Desktop,4200,23.0,21,325,6.46,2025-10-25 05:47:00
KP002581,KW11169,2025-10-26,FR,Mobile,3946,40.0,46,1254,3.67,2025-10-26 08:27:00
KP002582,KW11042,2025-10-27,UK,Desktop,2764,18.0,21,403,5.21,2025-10-27 12:26:00
KP002583,KW11067,2025-10-28,DE,Desktop,454,13.0,2,37,5.41,2025-10-28 02:00:00
KP002584,KW10717,2025-10-29,AU,Desktop,3582,21.0,48,960,5.0,2025-10-29 11:09:00
KP002585,KW11197,2025-10-30,CA,Mobile,2345,15.0,98,998,9.82,2025-10-30 22:20:00
KP002586,KW10864,2025-10-31,DE,Desktop,5486,33.0,44,1057,4.16,2025-10-31 12:08:00
KP002587,KW11814,2025-11-01,US,Mobile,947,41.0,21,510,4.12,2025-11-01 22:09:00
KP002588,KW11024,2025-11-02,MX,Desktop,5148,13.0,207,2808,7.37,2025-11-02 23:26:00
KP002589,KW11485,2025-11-03,DE,Mobile,2723,21.0,30,603,4.98,2025-11-03 09:04:00
KP002590,KW11238,2025-11-04,JP,Desktop,17275,38.0,54,1364,3.96,2025-11-04 21:44:00
KP002591,KW10815,2025-11-05,UK,Mobile,7487,6.0,322,3003,10.72,2025-11-05 21:28:00
KP002592,KW10674,2025-11-06,AU,Mobile,4661,24.0,35,545,6.42,2025-11-06 23:16:00
KP002593,KW10507,2025-11-07,AU,Tablet,8560,49.0,84,2119,3.96,2025-11-07 05:02:00
KP002594,KW10270,2025-11-08,FR,Mobile,306,38.0,4,97,4.12,2025-11-08 19:31:00
KP002595,KW10037,2025-11-09,IN,Desktop,2322,8.0,49,463,10.58,2025-11-09 04:27:00
KP002596,KW11262,2025-11-10,US,Desktop,2044,7.0,10,102,9.8,2025-11-10 16:47:00
KP002597,KW10522,2025-11-11,IN,Mobile,3386,4.0,205,1084,18.91,2025-11-11 06:54:00
KP002598,KW11260,2025-11-12,MX,Mobile,4287,22.0,119,1712,6.95,2025-11-12 14:28:00
KP002599,KW10042,2025-11-13,BR,Mobile,528,44.0,6,184,3.26,2025-11-13 14:41:00
KP002600,KW10571,2025-11-14,MX,Desktop,7771,44.0,43,969,4.44,2025-11-14 17:01:00
KP002601,KW11719,2025-11-15,US,Desktop,1131,9.0,30,281,10.68,2025-11-15 15:33:00
KP002602,KW11381,2025-11-16,UK,Mobile,7355,45.0,77,1712,4.5,2025-11-16 04:55:00
KP002603,KW11742,2025-11-17,BR,Mobile,21676,46.0,513,11231,4.57,2025-11-17 10:58:00
KP002604,KW11061,2025-11-18,FR,Mobile,1441,35.0,43,701,6.13,2025-11-18 04:53:00
KP002605,KW11327,2025-11-19,IN,Mobile,1841,9.0,100,808,12.38,2025-11-19 03:35:00
KP002606,KW11478,2025-11-20,FR,Mobile,3259,6.0,106,878,12.07,2025-11-20 20:04:00
KP002607,KW10851,2025-11-21,US,Mobile,331,9.0,2,22,9.09,2025-11-21 05:59:00
KP002608,KW11543,2025-11-22,IN,Mobile,1368,21.0,30,578,5.19,2025-11-22 00:09:00
KP002609,KW11614,2025-11-23,UK,Mobile,3556,37.0,10,193,5.18,2025-11-23 11:04:00
KP002610,KW10449,2025-11-24,US,Desktop,13168,24.0,418,6530,6.4,2025-11-24 15:35:00
KP002611,KW10838,2025-11-25,MX,Desktop,1834,25.0,26,470,5.53,2025-11-25 06:28:00
KP002612,KW11793,2025-11-26,BR,Mobile,4938,46.0,85,1686,5.04,2025-11-26 18:18:00
KP002613,KW11888,2025-11-27,JP,Mobile,3809,40.0,43,847,5.08,2025-11-27 21:29:00
KP002614,KW10570,2025-11-28,US,Mobile,1296,39.0,13,322,4.04,2025-11-28 09:12:00
KP002615,KW10407,2025-11-29,BR,Desktop,897,2.0,104,447,23.27,2025-11-29 20:50:00
KP002616,KW10514,2025-11-30,MX,Desktop,2372,44.0,17,424,4.01,2025-11-30 19:50:00
KP002617,KW11324,2025-12-01,JP,Desktop,2150,24.0,67,899,7.45,2025-12-01 12:45:00
KP002618,KW11128,2025-12-02,FR,Mobile,8027,39.0,107,2261,4.73,2025-12-02 08:45:00
KP002619,KW11708,2025-12-03,JP,Desktop,1692,38.0,8,243,3.29,2025-12-03 19:52:00
KP002620,KW11091,2025-12-04,DE,Mobile,2023,21.0,52,807,6.44,2025-12-04 21:21:00
KP002621,KW11561,2025-12-05,FR,Desktop,5035,3.0,274,1293,21.19,2025-12-05 03:51:00
KP002622,KW10343,2025-12-06,AU,Mobile,833,43.0,1,58,1.72,2025-12-06 12:34:00
KP002623,KW10686,2025-12-07,FR,Mobile,11681,23.0,143,1850,7.73,2025-12-07 04:14:00
KP002624,KW11808,2025-12-08,AU,Desktop,2682,26.0,12,219,5.48,2025-12-08 02:30:00
KP002625,KW11130,2025-12-09,US,Mobile,2057,29.0,37,631,5.86,2025-12-09 20:09:00
KP002626,KW11616,2025-12-10,CA,Desktop,2937,21.0,70,963,7.27,2025-12-10 02:20:00
KP002627,KW11761,2025-12-11,UK,Desktop,1161,13.0,8,89,8.99,2025-12-11 22:52:00
KP002628,KW10806,2025-12-12,IN,Tablet,1917,23.0,17,280,6.07,2025-12-12 04:21:00
KP002629,KW11840,2025-12-13,FR,Mobile,6786,20.0,153,2655,5.76,2025-12-13 08:43:00
KP002630,KW10346,2025-12-14,UK,Desktop,1842,42.0,7,157,4.46,2025-12-14 10:09:00
KP002631,KW10296,2025-12-15,DE,Mobile,2314,37.0,63,1093,5.76,2025-12-15 02:02:00
KP002632,KW10266,2025-12-16,UK,Mobile,2118,12.0,51,493,10.34,2025-12-16 09:14:00
KP002633,KW10655,2025-12-17,CA,Mobile,3455,38.0,97,1800,5.39,2025-12-17 10:06:00
KP002634,KW10453,2025-12-18,BR,Desktop,2968,2.0,294,1143,25.72,2025-12-18 16:56:00
KP002635,KW11718,2025-12-19,MX,Desktop,3766,45.0,9,221,4.07,2025-12-19 08:45:00
KP002636,KW10273,2025-12-20,UK,Mobile,3068,46.0,23,653,3.52,2025-12-20 17:52:00
KP002637,KW11875,2025-12-21,US,Mobile,4833,50.0,80,2142,3.73,2025-12-21 02:05:00
KP002638,KW10517,2025-12-22,FR,Mobile,2472,49.0,5,164,3.05,2025-12-22 13:32:00
KP002639,KW10394,2025-12-23,DE,Tablet,8929,33.0,64,1321,4.84,2025-12-23 17:04:00
KP002640,KW11338,2025-12-24,MX,Mobile,1695,33.0,27,429,6.29,2025-12-24 02:45:00
KP002641,KW11093,2025-12-25,US,Desktop,3017,42.0,43,1053,4.08,2025-12-25 07:00:00
KP002642,KW11137,2025-12-26,AU,Tablet,968,7.0,29,236,12.29,2025-12-26 21:48:00
KP002643,KW11689,2025-12-27,DE,Mobile,3097,42.0,7,157,4.46,2025-12-27 12:29:00
KP002644,KW10476,2025-12-28,BR,Mobile,1384,31.0,24,497,4.83,2025-12-28 18:46:00
KP002645,KW11802,2025-12-29,FR,Desktop,1426,35.0,7,166,4.22,2025-12-29 02:08:00
KP002646,KW10265,2025-12-30,FR,Desktop,3208,41.0,29,588,4.93,2025-12-30 18:57:00
KP002647,KW11982,2025-12-31,CA,Desktop,1237,16.0,23,258,8.91,2025-12-31 10:36:00
KP002648,KW10991,2026-01-01,UK,Mobile,31105,43.0,314,6439,4.88,2026-01-01 19:30:00
KP002649,KW11035,2026-01-02,UK,Mobile,2915,46.0,51,1014,5.03,2026-01-02 00:12:00
KP002650,KW11055,2026-01-03,IN,Mobile,4835,19.0,42,583,7.2,2026-01-03 16:55:00
KP002651,KW10089,2026-01-04,MX,Desktop,1495,37.0,26,648,4.01,2026-01-04 07:26:00
KP002652,KW11649,2026-01-05,DE,Mobile,1846,46.0,21,528,3.98,2026-01-05 21:09:00
KP002653,KW10903,2026-01-06,DE,Desktop,1286,18.0,26,332,7.83,2026-01-06 17:14:00
KP002654,KW10643,2026-01-07,JP,Desktop,854,35.0,3,72,4.17,2026-01-07 09:07:00
KP002655,KW11318,2026-01-08,CA,Desktop,883,36.0,10,267,3.75,2026-01-08 15:04:00
KP002656,KW11434,2026-01-09,CA,Desktop,1035,48.0,26,567,4.59,2026-01-09 23:08:00
KP002657,KW10375,2026-01-10,JP,Desktop,36215,28.0,956,14490,6.6,2026-01-10 17:21:00
KP002658,KW11230,2026-01-11,DE,Desktop,62152,1.0,7236,21502,33.65,2026-01-11 02:04:00
KP002659,KW11256,2026-01-12,US,Desktop,1638,26.0,23,331,6.95,2026-01-12 07:04:00
KP002660,KW10394,2026-01-13,UK,Desktop,1359,27.0,35,550,6.36,2026-01-13 14:14:00
KP002661,KW11560,2026-01-14,DE,Mobile,562,46.0,9,294,3.06,2026-01-14 08:07:00
KP002662,KW11721,2026-01-15,US,Desktop,8437,36.0,64,1325,4.83,2026-01-15 13:43:00
KP002663,KW11977,2026-01-16,BR,Desktop,3544,10.0,90,1138,7.91,2026-01-16 16:24:00
KP002664,KW10435,2026-01-17,JP,Desktop,2691,45.0,37,698,5.3,2026-01-17 18:25:00
KP002665,KW11592,2026-01-18,CA,Mobile,10395,38.0,271,4935,5.49,2026-01-18 20:37:00
KP002666,KW10042,2026-01-19,US,Mobile,15795,30.0,395,6408,6.16,2026-01-19 01:48:00
KP002667,KW10580,2026-01-20,MX,Mobile,4385,16.0,40,658,6.08,2026-01-20 10:42:00
KP002668,KW10914,2026-01-21,AU,Desktop,1147,10.0,34,332,10.24,2026-01-21 20:01:00
KP002669,KW10721,2026-01-22,UK,Mobile,347,18.0,15,181,8.29,2026-01-22 08:39:00
KP002670,KW11184,2026-01-23,MX,Mobile,3290,19.0,129,1512,8.53,2026-01-23 01:42:00
KP002671,KW10633,2026-01-24,DE,Mobile,9485,28.0,115,1663,6.92,2026-01-24 13:41:00
KP002672,KW10264,2026-01-25,DE,Desktop,3327,9.0,171,1783,9.59,2026-01-25 22:42:00
KP002673,KW10472,2026-01-26,IN,Mobile,2901,34.0,78,1326,5.88,2026-01-26 09:34:00
KP002674,KW11412,2026-01-27,US,Desktop,1321,18.0,47,648,7.25,2026-01-27 17:13:00
KP002675,KW11650,2026-01-28,FR,Mobile,10819,22.0,133,1759,7.56,2026-01-28 09:53:00
KP002676,KW11405,2026-01-29,US,Tablet,1975,8.0,125,1030,12.14,2026-01-29 22:16:00
KP002677,KW10482,2026-01-30,BR,Desktop,3228,16.0,74,1151,6.43,2026-01-30 08:07:00
KP002678,KW10152,2026-01-31,CA,Desktop,8929,19.0,172,2113,8.14,2026-01-31 07:14:00
KP002921,KW10708,2025-10-01,UK,Mobile,1936,38.0,16,345,4.64,2025-10-01 03:10:00
KP002922,KW11841,2025-10-02,BR,Desktop,6919,17.0,220,2973,7.4,2025-10-02 02:27:00
KP002923,KW11162,2025-10-03,CA,Desktop,3067,2.0,244,906,26.93,2025-10-03 18:02:00
KP002924,KW10254,2025-10-04,DE,Desktop,1431,33.0,29,613,4.73,2025-10-04 08:30:00
KP002925,KW10270,2025-10-05,MX,Mobile,15231,13.0,570,6271,9.09,2025-10-05 16:14:00
KP002926,KW11355,2025-10-06,UK,Mobile,1172,46.0,21,417,5.04,2025-10-06 05:39:00
KP002927,KW11475,2025-10-07,US,Desktop,1853,5.0,61,385,15.84,2025-10-07 19:54:00
KP002928,KW10158,2025-10-08,AU,Mobile,16546,47.0,59,1149,5.13,2025-10-08 07:29:00
KP002929,KW11210,2025-10-09,DE,Mobile,3987,4.0,388,2055,18.88,2025-10-09 17:13:00
KP002930,KW11514,2025-10-10,IN,Desktop,824,42.0,14,295,4.75,2025-10-10 01:14:00
KP002931,KW10539,2025-10-11,MX,Mobile,6407,20.0,91,1406,6.47,2025-10-11 23:50:00
KP002932,KW11730,2025-10-12,DE,Mobile,805,9.0,18,215,8.37,2025-10-12 18:56:00
KP002933,KW10288,2025-10-13,MX,Desktop,743,49.0,12,265,4.53,2025-10-13 03:03:00
KP002934,KW11872,2025-10-14,US,Mobile,1092,34.0,20,411,4.87,2025-10-14 04:45:00
KP002935,KW11885,2025-10-15,AU,Mobile,3870,4.0,42,330,12.73,2025-10-15 13:33:00
KP002936,KW11182,2025-10-16,MX,Desktop,4445,10.0,126,1526,8.26,2025-10-16 09:54:00
KP002937,KW11899,2025-10-17,US,Mobile,1841,49.0,4,147,2.72,2025-10-17 11:47:00
KP002938,KW10728,2025-10-18,CA,Mobile,3034,30.0,9,235,3.83,2025-10-18 14:25:00
KP002939,KW10043,2025-10-19,AU,Tablet,1488,24.0,5,103,4.85,2025-10-19 05:20:00
KP002940,KW11623,2025-10-20,US,Mobile,16360,16.0,662,8918,7.42,2025-10-20 05:36:00
KP002941,KW10119,2025-10-21,MX,Desktop,669,47.0,13,288,4.51,2025-10-21 17:58:00
KP002942,KW10336,2025-10-22,FR,Desktop,5852,28.0,131,2290,5.72,2025-10-22 06:28:00
KP002943,KW11794,2025-10-23,UK,Desktop,3256,22.0,27,557,4.85,2025-10-23 04:01:00
KP002944,KW11313,2025-10-24,DE,Mobile,2946,34.0,62,1012,6.13,2025-10-24 06:59:00
KP002945,KW11142,2025-10-25,CA,Mobile,8258,26.0,53,902,5.88,2025-10-25 20:30:00
KP002946,KW10901,2025-10-26,UK,Mobile,2253,25.0,25,528,4.73,2025-10-26 22:27:00
KP002947,KW10107,2025-10-27,MX,Desktop,1292,36.0,22,518,4.25,2025-10-27 10:26:00
KP002948,KW11611,2025-10-28,IN,Desktop,1338,14.0,29,443,6.55,2025-10-28 08:45:00
KP002949,KW11822,2025-10-29,BR,Desktop,3213,3.0,307,1592,19.28,2025-10-29 08:59:00
KP002950,KW10338,2025-10-30,FR,Mobile,19876,2.0,690,2920,23.63,2025-10-30 14:12:00
KP002951,KW11735,2025-10-31,UK,Desktop,3592,33.0,85,1784,4.76,2025-10-31 21:46:00
KP002952,KW10185,2025-11-01,MX,Desktop,1788,11.0,92,810,11.36,2025-11-01 02:58:00
KP002953,KW11407,2025-11-02,FR,Mobile,1583,3.0,33,225,14.67,2025-11-02 06:59:00
KP002954,KW10924,2025-11-03,IN,Mobile,2498,4.0,98,653,15.01,2025-11-03 09:40:00
KP002955,KW10922,2025-11-04,US,Desktop,1511,18.0,31,393,7.89,2025-11-04 21:25:00
KP002956,KW11282,2025-11-05,MX,Desktop,1116,25.0,17,293,5.8,2025-11-05 02:29:00
KP002957,KW11224,2025-11-06,CA,Mobile,1883,18.0,39,705,5.53,2025-11-06 07:18:00
KP002958,KW11646,2025-11-07,DE,Tablet,1691,7.0,111,813,13.65,2025-11-07 16:18:00
KP002959,KW10407,2025-11-08,US,Desktop,12042,37.0,94,1593,5.9,2025-11-08 18:10:00
KP002960,KW10740,2025-11-09,AU,Desktop,2657,50.0,7,228,3.07,2025-11-09 06:17:00
KP002961,KW11734,2025-11-10,JP,Mobile,741,47.0,10,279,3.58,2025-11-10 18:34:00
KP002962,KW10459,2025-11-11,AU,Desktop,1291,35.0,5,148,3.38,2025-11-11 18:59:00
KP002963,KW10679,2025-11-12,AU,Desktop,948,13.0,23,261,8.81,2025-11-12 06:39:00
KP002964,KW11628,2025-11-13,AU,Mobile,5173,30.0,17,341,4.99,2025-11-13 19:25:00
KP002965,KW10509,2025-11-14,US,Desktop,5552,48.0,42,894,4.7,2025-11-14 13:01:00
KP002966,KW11105,2025-11-15,UK,Mobile,1963,39.0,20,551,3.63,2025-11-15 13:10:00
KP002967,KW11628,2025-11-16,AU,Desktop,1381,36.0,9,164,5.49,2025-11-16 14:57:00
KP002968,KW11724,2025-11-17,FR,Mobile,2169,13.0,82,804,10.2,2025-11-17 23:05:00
KP002969,KW10759,2025-11-18,DE,Tablet,3262,12.0,87,1073,8.11,2025-11-18 22:53:00
KP002970,KW10195,2025-11-19,CA,Mobile,14117,6.0,290,2835,10.23,2025-11-19 21:17:00
KP002971,KW10316,2025-11-20,MX,Desktop,9496,44.0,232,4903,4.73,2025-11-20 07:46:00
KP002972,KW11503,2025-11-21,JP,Mobile,1215,30.0,18,284,6.34,2025-11-21 22:38:00
KP002973,KW10631,2025-11-22,UK,Desktop,4507,5.0,193,1208,15.98,2025-11-22 16:43:00
KP002974,KW10453,2025-11-23,BR,Mobile,2470,26.0,64,985,6.5,2025-11-23 19:13:00
KP002975,KW10942,2025-11-24,CA,Desktop,1572,44.0,20,578,3.46,2025-11-24 16:30:00
KP002976,KW10690,2025-11-25,MX,Mobile,8574,7.0,261,2296,11.37,2025-11-25 01:37:00
KP002977,KW11347,2025-11-26,DE,Mobile,1958,46.0,39,846,4.61,2025-11-26 04:40:00
KP002978,KW11791,2025-11-27,JP,Mobile,2461,42.0,51,1198,4.26,2025-11-27 03:23:00
KP002979,KW11816,2025-11-28,FR,Mobile,2571,4.0,146,926,15.77,2025-11-28 15:13:00
KP002980,KW11077,2025-11-29,CA,Mobile,3121,8.0,20,195,10.26,2025-11-29 11:57:00
KP002981,KW10714,2025-11-30,FR,Mobile,1365,47.0,28,617,4.54,2025-11-30 04:14:00
KP002982,KW11863,2025-12-01,AU,Mobile,1236,32.0,14,331,4.23,2025-12-01 04:09:00
KP002983,KW11403,2025-12-02,IN,Desktop,778,8.0,34,310,10.97,2025-12-02 02:27:00
KP002984,KW10037,2025-12-03,CA,Mobile,1516,23.0,29,394,7.36,2025-12-03 23:49:00
KP002985,KW11594,2025-12-04,IN,Tablet,3534,9.0,48,470,10.21,2025-12-04 13:00:00
KP002986,KW11572,2025-12-05,AU,Desktop,1064,42.0,14,370,3.78,2025-12-05 04:30:00
KP002987,KW11939,2025-12-06,JP,Mobile,2623,2.0,202,909,22.22,2025-12-06 07:07:00
KP002988,KW10394,2025-12-07,BR,Mobile,1091,46.0,9,281,3.2,2025-12-07 15:47:00
KP002989,KW10991,2025-12-08,AU,Desktop,1106,43.0,22,488,4.51,2025-12-08 03:54:00
KP002990,KW10537,2025-12-09,BR,Mobile,1090,31.0,17,298,5.7,2025-12-09 21:47:00
KP002991,KW11280,2025-12-10,FR,Desktop,3257,50.0,27,686,3.94,2025-12-10 08:22:00
KP002992,KW11764,2025-12-11,DE,Desktop,14681,49.0,288,6357,4.53,2025-12-11 15:05:00
KP002993,KW11953,2025-12-12,FR,Mobile,8723,45.0,41,1239,3.31,2025-12-12 12:39:00
KP002994,KW10819,2025-12-13,AU,Desktop,11671,13.0,379,5017,7.55,2025-12-13 17:15:00
KP002995,KW10441,2025-12-14,UK,Mobile,4406,9.0,94,747,12.58,2025-12-14 12:46:00
KP002996,KW10782,2025-12-15,AU,Mobile,375,4.0,8,46,17.39,2025-12-15 13:57:00
KP002997,KW11687,2025-12-16,FR,Mobile,6229,43.0,129,2580,5.0,2025-12-16 07:46:00
KP002998,KW10707,2025-12-17,BR,Mobile,6358,31.0,73,1272,5.74,2025-12-17 13:05:00
KP002999,KW11606,2025-12-18,US,Desktop,1488,14.0,82,809,10.14,2025-12-18 14:55:00
KP003000,KW10331,2025-12-19,JP,Mobile,3652,6.0,73,650,11.23,2025-12-19 04:44:00
KP003001,KW10240,2025-12-20,UK,Desktop,5243,14.0,86,1334,6.45,2025-12-20 03:02:00
KP003002,KW11136,2025-12-21,AU,Mobile,1260,29.0,46,673,6.84,2025-12-21 19:25:00
KP003003,KW11539,2025-12-22,BR,Mobile,730,14.0,31,353,8.78,2025-12-22 00:19:00
KP003004,KW10155,2025-12-23,IN,Desktop,1841,44.0,33,875,3.77,2025-12-23 09:03:00
KP003005,KW11380,2025-12-24,JP,Mobile,2590,15.0,41,486,8.44,2025-12-24 04:10:00
KP003006,KW11127,2025-12-25,JP,Mobile,5292,3.0,259,1386,18.69,2025-12-25 16:53:00
KP003007,KW11839,2025-12-26,FR,Mobile,2560,41.0,57,1366,4.17,2025-12-26 08:01:00
KP003008,KW11149,2025-12-27,JP,Desktop,5609,35.0,58,1224,4.74,2025-12-27 08:34:00
KP003009,KW10993,2025-12-28,CA,Desktop,1089,36.0,18,427,4.22,2025-12-28 17:16:00
KP003010,KW11571,2025-12-29,BR,Desktop,3165,18.0,57,868,6.57,2025-12-29 16:39:00
KP003011,KW11051,2025-12-30,MX,Mobile,10663,46.0,99,2360,4.19,2025-12-30 02:02:00
KP003012,KW10743,2025-12-31,AU,Desktop,989,46.0,15,308,4.87,2025-12-31 21:28:00
KP003013,KW11152,2026-01-01,DE,Mobile,4054,26.0,56,821,6.82,2026-01-01 21:12:00
KP003014,KW11389,2026-01-02,CA,Mobile,3546,8.0,17,202,8.42,2026-01-02 20:23:00
KP003015,KW11531,2026-01-03,UK,Mobile,4049,43.0,72,1361,5.29,2026-01-03 04:12:00
KP003016,KW10051,2026-01-04,BR,Desktop,3176,34.0,55,899,6.12,2026-01-04 23:58:00
KP003017,KW10183,2026-01-05,UK,Mobile,5230,39.0,89,2082,4.27,2026-01-05 22:25:00
KP003018,KW10708,2026-01-06,IN,Tablet,1605,27.0,27,441,6.12,2026-01-06 09:51:00
KP003019,KW10200,2026-01-07,AU,Desktop,548,30.0,5,117,4.27,2026-01-07 17:56:00
KP003020,KW11032,2026-01-08,IN,Desktop,876,30.0,24,388,6.19,2026-01-08 19:22:00
KP003021,KW10732,2026-01-09,AU,Desktop,1618,14.0,71,760,9.34,2026-01-09 07:05:00
KP003022,KW11428,2026-01-10,AU,Mobile,9429,18.0,68,882,7.71,2026-01-10 05:15:00
KP003023,KW10172,2026-01-11,BR,Desktop,2246,38.0,52,1184,4.39,2026-01-11 06:38:00
KP003024,KW10481,2026-01-12,UK,Mobile,2029,43.0,27,597,4.52,2026-01-12 15:36:00
KP003025,KW10941,2026-01-13,MX,Desktop,7284,34.0,127,2332,5.45,2026-01-13 20:12:00
KP003026,KW11918,2026-01-14,MX,Mobile,1762,24.0,10,233,4.29,2026-01-14 05:36:00
KP003027,KW11461,2026-01-15,FR,Mobile,7701,24.0,125,2407,5.19,2026-01-15 08:33:00
KP003028,KW10200,2026-01-16,IN,Desktop,7820,36.0,72,1440,5.0,2026-01-16 00:39:00
KP003029,KW10656,2026-01-17,DE,Desktop,1773,48.0,23,534,4.31,2026-01-17 22:19:00
KP003030,KW11402,2026-01-18,FR,Mobile,8842,23.0,276,3665,7.53,2026-01-18 16:22:00
KP003031,KW11288,2026-01-19,FR,Desktop,847,14.0,10,120,8.33,2026-01-19 16:10:00
KP003032,KW11013,2026-01-20,DE,Mobile,7106,36.0,62,1581,3.92,2026-01-20 14:53:00
KP003033,KW11941,2026-01-21,FR,Desktop,4038,5.0,79,665,11.88,2026-01-21 15:55:00
KP003034,KW10600,2026-01-22,BR,Desktop,2851,40.0,27,564,4.79,2026-01-22 07:08:00
KP003035,KW10847,2026-01-23,AU,Mobile,235,30.0,4,109,3.67,2026-01-23 04:04:00
KP003036,KW11968,2026-01-24,BR,Mobile,5266,35.0,59,1545,3.82,2026-01-24 21:33:00
KP003037,KW11382,2026-01-25,UK,Mobile,4313,24.0,171,2370,7.22,2026-01-25 14:44:00
KP003038,KW11565,2026-01-26,CA,Desktop,5021,9.0,203,2452,8.28,2026-01-26 16:17:00
KP003039,KW11324,2026-01-27,AU,Desktop,3358,48.0,11,268,4.1,2026-01-27 16:22:00
KP003040,KW11454,2026-01-28,DE,Mobile,5737,24.0,28,559,5.01,2026-01-28 03:18:00
KP003041,KW11333,2026-01-29,CA,Mobile,12340,49.0,225,5240,4.29,2026-01-29 21:51:00
KP003042,KW11934,2026-01-30,MX,Desktop,1384,3.0,102,464,21.98,2026-01-30 03:58:00
KP003043,KW11986,2026-01-31,DE,Mobile,2241,17.0,24,416,5.77,2026-01-31 05:08:00
KP003286,KW11242,2025-10-01,US,Desktop,2932,43.0,17,514,3.31,2025-10-01 03:18:00
KP003287,KW10406,2025-10-02,BR,Mobile,2791,37.0,40,787,5.08,2025-10-02 14:39:00
KP003288,KW11587,2025-10-03,IN,Desktop,3485,48.0,74,1461,5.07,2025-10-03 12:31:00
KP003289,KW10394,2025-10-04,FR,Mobile,1084,33.0,28,454,6.17,2025-10-04 01:38:00
KP003290,KW11485,2025-10-05,FR,Mobile,1934,44.0,54,1007,5.36,2025-10-05 07:31:00
KP003291,KW10874,2025-10-06,BR,Mobile,1701,26.0,49,854,5.74,2025-10-06 11:09:00
KP003292,KW11171,2025-10-07,DE,Mobile,4934,39.0,89,2067,4.31,2025-10-07 13:36:00
KP003293,KW11971,2025-10-08,AU,Desktop,7544,48.0,121,3424,3.53,2025-10-08 21:31:00
KP003294,KW10135,2025-10-09,IN,Mobile,12365,26.0,57,1061,5.37,2025-10-09 11:45:00
KP003295,KW11715,2025-10-10,IN,Desktop,1739,50.0,34,767,4.43,2025-10-10 16:27:00
KP003296,KW11545,2025-10-11,CA,Mobile,435,4.0,4,22,18.18,2025-10-11 23:51:00
KP003297,KW10947,2025-10-12,US,Desktop,6099,18.0,201,2552,7.88,2025-10-12 09:50:00
KP003298,KW10759,2025-10-13,US,Desktop,700,34.0,13,270,4.81,2025-10-13 22:05:00
KP003299,KW11087,2025-10-14,IN,Desktop,4005,42.0,77,1400,5.5,2025-10-14 07:15:00
KP003300,KW11845,2025-10-15,UK,Mobile,4201,30.0,50,780,6.41,2025-10-15 18:56:00
KP003301,KW11756,2025-10-16,BR,Desktop,4310,32.0,20,355,5.63,2025-10-16 06:13:00
KP003302,KW11206,2025-10-17,BR,Mobile,560,43.0,5,95,5.26,2025-10-17 20:03:00
KP003303,KW10595,2025-10-18,MX,Mobile,6941,3.0,588,3507,16.77,2025-10-18 16:02:00
KP003304,KW11339,2025-10-19,AU,Desktop,5039,38.0,33,652,5.06,2025-10-19 23:20:00
KP003305,KW10386,2025-10-20,FR,Mobile,3163,8.0,22,191,11.52,2025-10-20 04:06:00
KP003306,KW11511,2025-10-21,CA,Desktop,4219,19.0,58,983,5.9,2025-10-21 20:18:00
KP003307,KW11263,2025-10-22,UK,Desktop,648,14.0,8,112,7.14,2025-10-22 01:49:00
KP003308,KW10923,2025-10-23,UK,Mobile,1075,8.0,47,452,10.4,2025-10-23 21:48:00
KP003309,KW11187,2025-10-24,MX,Tablet,4557,26.0,106,2334,4.54,2025-10-24 09:31:00
KP003310,KW10415,2025-10-25,DE,Desktop,482,6.0,28,227,12.33,2025-10-25 11:53:00
KP003311,KW10713,2025-10-26,CA,Desktop,1673,20.0,12,218,5.5,2025-10-26 20:16:00
KP003312,KW11842,2025-10-27,IN,Mobile,2409,47.0,64,1262,5.07,2025-10-27 02:08:00
KP003313,KW10142,2025-10-28,MX,Desktop,1585,42.0,28,679,4.12,2025-10-28 00:03:00
KP003314,KW10442,2025-10-29,UK,Mobile,1100,47.0,18,366,4.92,2025-10-29 10:10:00
KP003315,KW10434,2025-10-30,FR,Mobile,1824,10.0,80,974,8.21,2025-10-30 04:33:00
KP003316,KW11851,2025-10-31,BR,Desktop,5834,10.0,35,441,7.94,2025-10-31 16:45:00
KP003317,KW10022,2025-11-01,US,Desktop,5641,45.0,120,2960,4.05,2025-11-01 23:01:00
KP003318,KW10838,2025-11-02,MX,Desktop,9519,36.0,229,4465,5.13,2025-11-02 16:46:00
KP003319,KW11876,2025-11-03,UK,Tablet,1765,14.0,78,825,9.45,2025-11-03 16:59:00
KP003320,KW11216,2025-11-04,IN,Mobile,10390,33.0,267,4713,5.67,2025-11-04 06:44:00
KP003321,KW11733,2025-11-05,BR,Mobile,13731,8.0,96,738,13.01,2025-11-05 04:25:00
KP003322,KW10934,2025-11-06,DE,Mobile,1317,50.0,24,554,4.33,2025-11-06 17:29:00
KP003323,KW11384,2025-11-07,US,Mobile,2923,17.0,33,439,7.52,2025-11-07 21:20:00
KP003324,KW11672,2025-11-08,JP,Mobile,2952,48.0,34,1082,3.14,2025-11-08 06:34:00
KP003325,KW11321,2025-11-09,CA,Desktop,1868,30.0,15,288,5.21,2025-11-09 21:32:00
KP003326,KW10467,2025-11-10,JP,Mobile,6010,7.0,424,3180,13.33,2025-11-10 18:17:00
KP003327,KW11257,2025-11-11,AU,Mobile,720,19.0,5,59,8.47,2025-11-11 11:17:00
KP003328,KW11477,2025-11-12,DE,Desktop,8146,4.0,93,505,18.42,2025-11-12 10:40:00
KP003329,KW11180,2025-11-13,UK,Mobile,9914,49.0,178,4849,3.67,2025-11-13 19:29:00
KP003330,KW10825,2025-11-14,JP,Mobile,1249,20.0,37,683,5.42,2025-11-14 04:15:00
KP003331,KW10679,2025-11-15,DE,Desktop,21627,29.0,614,11865,5.17,2025-11-15 08:21:00
KP003332,KW10078,2025-11-16,AU,Mobile,1171,16.0,7,128,5.47,2025-11-16 12:06:00
KP003333,KW10745,2025-11-17,AU,Mobile,6077,19.0,192,2310,8.31,2025-11-17 16:30:00
KP003334,KW10095,2025-11-18,IN,Mobile,387,49.0,2,58,3.45,2025-11-18 05:40:00
KP003335,KW10743,2025-11-19,JP,Tablet,3953,9.0,128,1624,7.88,2025-11-19 08:41:00
KP003336,KW11932,2025-11-20,CA,Desktop,2941,48.0,26,840,3.1,2025-11-20 20:21:00
KP003337,KW10739,2025-11-21,AU,Mobile,5180,42.0,137,2618,5.23,2025-11-21 11:11:00
KP003338,KW11809,2025-11-22,FR,Desktop,3276,21.0,10,196,5.1,2025-11-22 01:58:00
KP003339,KW11707,2025-11-23,IN,Mobile,5346,31.0,182,2824,6.44,2025-11-23 17:31:00
KP003340,KW11295,2025-11-24,BR,Desktop,1591,15.0,60,870,6.9,2025-11-24 10:25:00
KP003341,KW11964,2025-11-25,DE,Mobile,1900,17.0,46,615,7.48,2025-11-25 21:25:00
KP003342,KW10163,2025-11-26,DE,Desktop,4931,8.0,184,2104,8.75,2025-11-26 00:51:00
KP003343,KW10881,2025-11-27,JP,Desktop,3606,4.0,158,1192,13.26,2025-11-27 09:17:00
KP003344,KW10183,2025-11-28,JP,Mobile,1299,37.0,9,179,5.03,2025-11-28 16:23:00
KP003345,KW11716,2025-11-29,AU,Tablet,4243,11.0,66,602,10.96,2025-11-29 02:51:00
KP003346,KW11004,2025-11-30,JP,Mobile,6304,18.0,200,3175,6.3,2025-11-30 03:04:00
KP003347,KW11180,2025-12-01,IN,Mobile,1003,42.0,16,428,3.74,2025-12-01 16:23:00
KP003348,KW11377,2025-12-02,US,Mobile,2854,12.0,116,1474,7.87,2025-12-02 03:09:00
KP003349,KW10034,2025-12-03,UK,Desktop,4060,35.0,25,495,5.05,2025-12-03 02:53:00
KP003350,KW10759,2025-12-04,UK,Mobile,6478,14.0,76,954,7.97,2025-12-04 07:17:00
KP003351,KW10371,2025-12-05,JP,Desktop,739,37.0,15,328,4.57,2025-12-05 15:20:00
KP003352,KW10466,2025-12-06,BR,Mobile,4041,49.0,54,1319,4.09,2025-12-06 10:54:00
KP003353,KW10866,2025-12-07,AU,Mobile,3477,28.0,99,1572,6.3,2025-12-07 17:56:00
KP003354,KW10435,2025-12-08,AU,Desktop,9242,1.0,770,2200,35.0,2025-12-08 21:16:00
KP003355,KW11841,2025-12-09,MX,Desktop,4226,5.0,174,1352,12.87,2025-12-09 04:40:00
KP003356,KW10112,2025-12-10,JP,Tablet,7637,44.0,154,3256,4.73,2025-12-10 09:09:00
KP003357,KW10834,2025-12-11,AU,Mobile,14956,37.0,193,3533,5.46,2025-12-11 13:13:00
KP003358,KW11929,2025-12-12,MX,Mobile,3832,10.0,79,875,9.03,2025-12-12 17:16:00
KP003359,KW10845,2025-12-13,US,Desktop,1501,30.0,37,728,5.08,2025-12-13 04:45:00
KP003360,KW10837,2025-12-14,MX,Desktop,3869,30.0,14,252,5.56,2025-12-14 14:27:00
KP003361,KW10806,2025-12-15,AU,Mobile,6911,16.0,135,1597,8.45,2025-12-15 22:40:00
KP003362,KW10474,2025-12-16,US,Desktop,5251,18.0,89,1455,6.12,2025-12-16 00:59:00
KP003363,KW11057,2025-12-17,BR,Desktop,1481,13.0,58,612,9.48,2025-12-17 03:27:00
KP003364,KW10883,2025-12-18,BR,Desktop,855,30.0,17,426,3.99,2025-12-18 07:49:00
KP003365,KW11950,2025-12-19,JP,Desktop,2253,27.0,20,463,4.32,2025-12-19 14:25:00
KP003366,KW10585,2025-12-20,JP,Tablet,2720,37.0,21,563,3.73,2025-12-20 05:29:00
KP003367,KW10350,2025-12-21,IN,Desktop,5494,23.0,156,2151,7.25,2025-12-21 04:22:00
KP003368,KW11706,2025-12-22,JP,Desktop,3376,18.0,96,1496,6.42,2025-12-22 16:17:00
KP003369,KW11361,2025-12-23,US,Desktop,1285,29.0,37,541,6.84,2025-12-23 03:35:00
KP003370,KW11522,2025-12-24,US,Mobile,3074,47.0,72,1431,5.03,2025-12-24 01:36:00
KP003371,KW11075,2025-12-25,BR,Desktop,910,31.0,13,236,5.51,2025-12-25 03:17:00
KP003372,KW10507,2025-12-26,FR,Desktop,4142,24.0,75,1563,4.8,2025-12-26 14:58:00
KP003373,KW10403,2025-12-27,BR,Mobile,12895,42.0,311,6725,4.62,2025-12-27 17:26:00
KP003374,KW10813,2025-12-28,CA,Mobile,637,20.0,9,131,6.87,2025-12-28 11:20:00
KP003375,KW10807,2025-12-29,CA,Desktop,3114,42.0,62,1384,4.48,2025-12-29 01:48:00
KP003376,KW11332,2025-12-30,DE,Desktop,2434,14.0,17,286,5.94,2025-12-30 18:32:00
KP003377,KW11519,2025-12-31,US,Mobile,1772,16.0,44,601,7.32,2025-12-31 05:54:00
KP003378,KW10918,2026-01-01,DE,Desktop,3482,49.0,63,1839,3.43,2026-01-01 18:07:00
KP003379,KW10756,2026-01-02,IN,Desktop,4996,22.0,78,1254,6.22,2026-01-02 09:17:00
KP003380,KW11475,2026-01-03,BR,Mobile,1371,21.0,32,576,5.56,2026-01-03 21:46:00
KP003381,KW11178,2026-01-04,FR,Desktop,11814,13.0,474,4838,9.8,2026-01-04 00:13:00
KP003382,KW11188,2026-01-05,JP,Desktop,2946,1.0,280,800,35.0,2026-01-05 09:22:00
KP003383,KW10245,2026-01-06,FR,Desktop,5336,4.0,503,2581,19.49,2026-01-06 22:56:00
KP003384,KW10507,2026-01-07,UK,Desktop,3520,23.0,41,854,4.8,2026-01-07 12:42:00
KP003385,KW10422,2026-01-08,FR,Mobile,5512,21.0,112,1492,7.51,2026-01-08 10:16:00
KP003386,KW10782,2026-01-09,AU,Mobile,1272,47.0,9,276,3.26,2026-01-09 07:36:00
KP003387,KW11124,2026-01-10,FR,Desktop,2113,13.0,106,1122,9.45,2026-01-10 01:05:00
KP003388,KW10569,2026-01-11,JP,Mobile,2525,21.0,64,873,7.33,2026-01-11 08:26:00
KP003389,KW10638,2026-01-12,US,Mobile,5556,35.0,97,2405,4.03,2026-01-12 03:49:00
KP003390,KW10854,2026-01-13,FR,Desktop,6272,19.0,177,3054,5.8,2026-01-13 19:49:00
KP003391,KW11726,2026-01-14,JP,Mobile,15319,30.0,165,3289,5.02,2026-01-14 20:20:00
KP003392,KW10593,2026-01-15,US,Desktop,5261,5.0,149,1356,10.99,2026-01-15 22:40:00
KP003393,KW10028,2026-01-16,MX,Mobile,1226,35.0,23,385,5.97,2026-01-16 02:33:00
KP003394,KW10309,2026-01-17,DE,Desktop,1491,44.0,32,621,5.15,2026-01-17 17:04:00
KP003395,KW10507,2026-01-18,UK,Mobile,9253,25.0,258,4914,5.25,2026-01-18 10:11:00
KP003396,KW11782,2026-01-19,BR,Mobile,4099,46.0,75,1474,5.09,2026-01-19 00:02:00
KP003397,KW11726,2026-01-20,BR,Desktop,6025,35.0,88,1459,6.03,2026-01-20 07:38:00
KP003398,KW11474,2026-01-21,MX,Desktop,984,46.0,17,387,4.39,2026-01-21 07:52:00
KP003399,KW11349,2026-01-22,CA,Desktop,280,17.0,4,51,7.84,2026-01-22 18:10:00
KP003400,KW10874,2026-01-23,CA,Mobile,2284,32.0,40,628,6.37,2026-01-23 04:16:00
KP003401,KW11214,2026-01-24,MX,Desktop,1381,33.0,6,179,3.35,2026-01-24 04:20:00
KP003402,KW10125,2026-01-25,CA,Mobile,1059,39.0,3,65,4.62,2026-01-25 23:53:00
KP003403,KW11862,2026-01-26,US,Mobile,2491,35.0,56,1012,5.53,2026-01-26 09:57:00
KP003404,KW10839,2026-01-27,IN,Mobile,646,9.0,25,219,11.42,2026-01-27 22:02:00
KP003405,KW11809,2026-01-28,JP,Desktop,868,5.0,66,448,14.73,2026-01-28 06:33:00
KP003406,KW10245,2026-01-29,AU,Desktop,282,46.0,7,137,5.11,2026-01-29 19:48:00
KP003407,KW11537,2026-01-30,JP,Mobile,850,8.0,23,181,12.71,2026-01-30 21:10:00
KP003408,KW10198,2026-01-31,CA,Desktop,10415,50.0,144,4034,3.57,2026-01-31 11:40:00
KP003651,KW11843,2025-10-01,FR,Mobile,1182,30.0,13,224,5.8,2025-10-01 06:35:00
KP003652,KW10152,2025-10-02,AU,Desktop,2341,47.0,27,538,5.02,2025-10-02 05:15:00
KP003653,KW10687,2025-10-03,MX,Desktop,4668,21.0,46,572,8.04,2025-10-03 21:29:00
KP003654,KW10623,2025-10-04,BR,Desktop,5528,37.0,105,2826,3.72,2025-10-04 21:21:00
KP003655,KW10785,2025-10-05,IN,Desktop,1488,10.0,77,674,11.42,2025-10-05 21:00:00
KP003656,KW11687,2025-10-06,MX,Mobile,1406,17.0,36,605,5.95,2025-10-06 02:27:00
KP003657,KW11486,2025-10-07,UK,Mobile,7717,44.0,51,975,5.23,2025-10-07 15:46:00
KP003658,KW10995,2025-10-08,FR,Mobile,2664,46.0,54,1461,3.7,2025-10-08 07:07:00
KP003659,KW11225,2025-10-09,CA,Mobile,618,12.0,10,126,7.94,2025-10-09 05:32:00
KP003660,KW10775,2025-10-10,UK,Mobile,691,3.0,61,340,17.94,2025-10-10 13:20:00
KP003661,KW11912,2025-10-11,BR,Desktop,2696,17.0,122,1444,8.45,2025-10-11 20:13:00
KP003662,KW10510,2025-10-12,JP,Desktop,3689,45.0,76,1718,4.42,2025-10-12 22:14:00
KP003663,KW10759,2025-10-13,JP,Desktop,5093,15.0,155,2181,7.11,2025-10-13 06:33:00
KP003664,KW11199,2025-10-14,BR,Mobile,4226,34.0,71,1239,5.73,2025-10-14 11:36:00
KP003665,KW11336,2025-10-15,IN,Mobile,7535,44.0,81,1923,4.21,2025-10-15 21:16:00
KP003666,KW11292,2025-10-16,FR,Mobile,1469,35.0,37,744,4.97,2025-10-16 03:30:00
KP003667,KW10542,2025-10-17,UK,Mobile,4563,26.0,62,1051,5.9,2025-10-17 22:07:00
KP003668,KW11839,2025-10-18,CA,Mobile,12017,38.0,164,4593,3.57,2025-10-18 05:42:00
KP003669,KW10133,2025-10-19,US,Mobile,906,50.0,12,347,3.46,2025-10-19 22:07:00
KP003670,KW11184,2025-10-20,DE,Desktop,18417,38.0,236,5799,4.07,2025-10-20 08:31:00
KP003671,KW10338,2025-10-21,DE,Desktop,2174,8.0,91,671,13.56,2025-10-21 08:02:00
KP003672,KW11695,2025-10-22,UK,Tablet,1574,47.0,27,775,3.48,2025-10-22 08:55:00
KP003673,KW11887,2025-10-23,US,Desktop,7084,14.0,288,3440,8.37,2025-10-23 19:17:00
KP003674,KW11009,2025-10-24,FR,Desktop,5363,37.0,100,2016,4.96,2025-10-24 04:07:00
KP003675,KW10248,2025-10-25,MX,Mobile,2841,7.0,145,1388,10.45,2025-10-25 22:56:00
KP003676,KW11994,2025-10-26,CA,Desktop,1126,1.0,36,128,28.12,2025-10-26 00:18:00
KP003677,KW11595,2025-10-27,UK,Desktop,3835,16.0,147,1847,7.96,2025-10-27 15:09:00
KP003678,KW11288,2025-10-28,CA,Mobile,2920,39.0,48,941,5.1,2025-10-28 06:31:00
KP003679,KW10623,2025-10-29,MX,Desktop,2689,2.0,156,769,20.29,2025-10-29 20:01:00
KP003680,KW10345,2025-10-30,DE,Mobile,7269,11.0,210,1876,11.19,2025-10-30 12:10:00
KP003681,KW11347,2025-10-31,BR,Mobile,1641,19.0,34,497,6.84,2025-10-31 23:48:00
KP003682,KW10589,2025-11-01,US,Mobile,1762,9.0,24,284,8.45,2025-11-01 06:13:00
KP003683,KW10747,2025-11-02,MX,Desktop,1599,15.0,73,772,9.46,2025-11-02 19:21:00
KP003684,KW10713,2025-11-03,US,Mobile,3543,28.0,59,970,6.08,2025-11-03 02:51:00
KP003685,KW10251,2025-11-04,JP,Desktop,2122,25.0,41,656,6.25,2025-11-04 14:52:00
KP003686,KW10429,2025-11-05,IN,Mobile,8426,26.0,143,2926,4.89,2025-11-05 03:43:00
KP003687,KW11190,2025-11-06,JP,Mobile,9905,27.0,145,3120,4.65,2025-11-06 03:02:00
KP003688,KW10664,2025-11-07,DE,Desktop,553,8.0,17,141,12.06,2025-11-07 00:02:00
KP003689,KW10511,2025-11-08,US,Mobile,5965,50.0,13,309,4.21,2025-11-08 15:48:00
KP003690,KW11119,2025-11-09,DE,Desktop,4065,39.0,50,994,5.03,2025-11-09 21:57:00
KP003691,KW10428,2025-11-10,JP,Desktop,4282,22.0,149,2255,6.61,2025-11-10 20:34:00
KP003692,KW11087,2025-11-11,AU,Mobile,3859,21.0,116,1665,6.97,2025-11-11 06:59:00
KP003693,KW11384,2025-11-12,IN,Mobile,2386,13.0,30,304,9.87,2025-11-12 06:39:00
KP003694,KW11155,2025-11-13,IN,Desktop,1378,2.0,101,406,24.88,2025-11-13 01:55:00
KP003695,KW10638,2025-11-14,AU,Desktop,6987,50.0,72,1515,4.75,2025-11-14 10:41:00
KP003696,KW11082,2025-11-15,CA,Mobile,1344,48.0,9,245,3.67,2025-11-15 04:06:00
KP003697,KW10860,2025-11-16,JP,Desktop,3102,30.0,21,338,6.21,2025-11-16 05:15:00
KP003698,KW10339,2025-11-17,CA,Desktop,1689,6.0,120,907,13.23,2025-11-17 01:12:00
KP003699,KW10317,2025-11-18,MX,Desktop,10801,34.0,62,1030,6.02,2025-11-18 00:23:00
KP003700,KW11012,2025-11-19,MX,Mobile,3067,49.0,34,824,4.13,2025-11-19 08:20:00
KP003701,KW11401,2025-11-20,AU,Tablet,4924,47.0,59,1779,3.32,2025-11-20 21:12:00
KP003702,KW11694,2025-11-21,CA,Mobile,2335,39.0,49,1183,4.14,2025-11-21 05:55:00
KP003703,KW11809,2025-11-22,MX,Desktop,1633,5.0,69,480,14.37,2025-11-22 03:42:00
KP003704,KW10116,2025-11-23,JP,Mobile,511,39.0,9,269,3.35,2025-11-23 16:26:00
KP003705,KW10277,2025-11-24,DE,Mobile,2111,21.0,65,1040,6.25,2025-11-24 00:31:00
KP003706,KW10547,2025-11-25,DE,Desktop,2928,27.0,15,328,4.57,2025-11-25 20:24:00
KP003707,KW11209,2025-11-26,DE,Mobile,1359,29.0,6,147,4.08,2025-11-26 19:22:00
KP003708,KW11152,2025-11-27,US,Desktop,9132,5.0,111,757,14.66,2025-11-27 16:31:00
KP003709,KW10181,2025-11-28,US,Mobile,897,42.0,14,348,4.02,2025-11-28 07:17:00
KP003710,KW10185,2025-11-29,FR,Mobile,5173,18.0,111,1670,6.65,2025-11-29 11:41:00
KP003711,KW11435,2025-11-30,DE,Mobile,2281,1.0,268,767,34.94,2025-11-30 15:23:00
KP003712,KW11750,2025-12-01,CA,Mobile,8706,6.0,440,3121,14.1,2025-12-01 20:57:00
KP003713,KW10199,2025-12-02,CA,Mobile,4288,36.0,21,478,4.39,2025-12-02 17:40:00
KP003714,KW10633,2025-12-03,JP,Desktop,2423,28.0,52,896,5.8,2025-12-03 14:07:00
KP003715,KW10355,2025-12-04,AU,Desktop,4325,22.0,58,981,5.91,2025-12-04 07:45:00
KP003716,KW10863,2025-12-05,UK,Desktop,21713,34.0,538,8983,5.99,2025-12-05 10:37:00
KP003717,KW11295,2025-12-06,JP,Desktop,1438,47.0,30,708,4.24,2025-12-06 05:11:00
KP003718,KW11857,2025-12-07,BR,Desktop,4443,22.0,52,768,6.77,2025-12-07 16:00:00
KP003719,KW10989,2025-12-08,CA,Mobile,8631,6.0,109,1001,10.89,2025-12-08 10:01:00
KP003720,KW10138,2025-12-09,US,Mobile,3981,14.0,78,867,9.0,2025-12-09 18:25:00
KP003721,KW10439,2025-12-10,DE,Mobile,2919,34.0,23,446,5.16,2025-12-10 14:47:00
KP003722,KW10737,2025-12-11,FR,Desktop,18381,32.0,104,1740,5.98,2025-12-11 01:13:00
KP003723,KW11305,2025-12-12,MX,Desktop,10917,22.0,155,2569,6.03,2025-12-12 23:24:00
KP003724,KW10034,2025-12-13,DE,Mobile,7803,44.0,65,1353,4.8,2025-12-13 18:50:00
KP003725,KW11272,2025-12-14,FR,Desktop,8168,20.0,191,3452,5.53,2025-12-14 23:43:00
KP003726,KW11559,2025-12-15,JP,Desktop,6792,37.0,164,3339,4.91,2025-12-15 02:24:00
KP003727,KW10354,2025-12-16,FR,Desktop,4066,6.0,220,2073,10.61,2025-12-16 23:42:00
KP003728,KW10746,2025-12-17,US,Mobile,8711,33.0,175,3901,4.49,2025-12-17 19:36:00
KP003729,KW11387,2025-12-18,MX,Tablet,1938,20.0,6,107,5.61,2025-12-18 18:24:00
KP003730,KW11951,2025-12-19,BR,Mobile,4220,31.0,82,1634,5.02,2025-12-19 11:29:00
KP003731,KW11989,2025-12-20,MX,Mobile,797,17.0,13,180,7.22,2025-12-20 03:00:00
KP003732,KW10689,2025-12-21,US,Mobile,1589,14.0,63,783,8.05,2025-12-21 06:31:00
KP003733,KW10229,2025-12-22,MX,Mobile,15434,19.0,279,3286,8.49,2025-12-22 13:15:00
KP003734,KW10606,2025-12-23,UK,Mobile,1233,18.0,20,285,7.02,2025-12-23 18:13:00
KP003735,KW11641,2025-12-24,UK,Mobile,974,6.0,65,498,13.05,2025-12-24 12:00:00
KP003736,KW11792,2025-12-25,JP,Desktop,9195,25.0,98,2132,4.6,2025-12-25 23:21:00
KP003737,KW11683,2025-12-26,BR,Desktop,1851,7.0,31,282,10.99,2025-12-26 18:06:00
KP003738,KW11274,2025-12-27,AU,Desktop,9618,46.0,135,4010,3.37,2025-12-27 08:16:00
KP003739,KW10202,2025-12-28,BR,Mobile,4601,5.0,46,291,15.81,2025-12-28 16:33:00
KP003740,KW11998,2025-12-29,AU,Desktop,5849,16.0,56,948,5.91,2025-12-29 14:48:00
KP003741,KW10250,2025-12-30,BR,Mobile,10878,8.0,85,640,13.28,2025-12-30 15:22:00
KP003742,KW10308,2025-12-31,US,Mobile,5809,15.0,86,1329,6.47,2025-12-31 14:31:00
KP003743,KW10820,2026-01-01,BR,Mobile,7771,25.0,84,1602,5.24,2026-01-01 04:48:00
KP003744,KW10654,2026-01-02,BR,Mobile,2344,23.0,63,1053,5.98,2026-01-02 17:31:00
KP003745,KW10517,2026-01-03,IN,Tablet,5985,48.0,54,1658,3.26,2026-01-03 04:22:00
KP003746,KW10793,2026-01-04,CA,Mobile,219,33.0,6,118,5.08,2026-01-04 19:21:00
KP003747,KW11693,2026-01-05,DE,Desktop,1829,48.0,32,714,4.48,2026-01-05 08:00:00
KP003748,KW10502,2026-01-06,DE,Tablet,2736,47.0,22,536,4.1,2026-01-06 17:15:00
KP003749,KW11066,2026-01-07,US,Desktop,1038,20.0,13,238,5.46,2026-01-07 11:37:00
KP003750,KW10912,2026-01-08,UK,Mobile,1883,31.0,35,842,4.16,2026-01-08 19:00:00
KP003751,KW11742,2026-01-09,BR,Mobile,1186,35.0,2,70,2.86,2026-01-09 15:23:00
KP003752,KW11781,2026-01-10,MX,Desktop,4136,16.0,97,1411,6.87,2026-01-10 11:41:00
KP003753,KW10829,2026-01-11,US,Mobile,2363,29.0,37,855,4.33,2026-01-11 10:04:00
KP003754,KW11763,2026-01-12,BR,Desktop,625,42.0,10,268,3.73,2026-01-12 15:22:00
KP003755,KW10529,2026-01-13,AU,Desktop,3843,44.0,14,408,3.43,2026-01-13 05:33:00
KP003756,KW10247,2026-01-14,IN,Mobile,2803,27.0,49,1053,4.65,2026-01-14 16:25:00
KP003757,KW10608,2026-01-15,CA,Mobile,3077,45.0,59,1334,4.42,2026-01-15 06:22:00
KP003758,KW11148,2026-01-16,IN,Mobile,2563,23.0,47,654,7.19,2026-01-16 20:08:00
KP003759,KW10245,2026-01-17,FR,Desktop,573,10.0,7,91,7.69,2026-01-17 14:15:00
KP003760,KW11038,2026-01-18,JP,Desktop,1753,36.0,42,918,4.58,2026-01-18 09:07:00
KP003761,KW10332,2026-01-19,UK,Mobile,5666,47.0,52,1232,4.22,2026-01-19 18:46:00
KP003762,KW10576,2026-01-20,BR,Desktop,3659,29.0,106,1721,6.16,2026-01-20 09:39:00
KP003763,KW11863,2026-01-21,UK,Mobile,4027,41.0,93,2001,4.65,2026-01-21 20:41:00
KP003764,KW10194,2026-01-22,CA,Desktop,3255,11.0,53,527,10.06,2026-01-22 10:30:00
KP003765,KW10276,2026-01-23,IN,Mobile,9302,3.0,198,895,22.12,2026-01-23 08:37:00
KP003766,KW10629,2026-01-24,AU,Desktop,696,20.0,19,378,5.03,2026-01-24 01:06:00
KP003767,KW10286,2026-01-25,AU,Desktop,871,32.0,16,337,4.75,2026-01-25 11:05:00
KP003768,KW11485,2026-01-26,IN,Desktop,3032,38.0,18,342,5.26,2026-01-26 13:19:00
KP003769,KW10323,2026-01-27,US,Mobile,1638,50.0,11,333,3.3,2026-01-27 20:25:00
KP003770,KW10017,2026-01-28,MX,Desktop,5249,13.0,32,349,9.17,2026-01-28 01:20:00
KP003771,KW11382,2026-01-29,MX,Desktop,1494,23.0,35,568,6.16,2026-01-29 19:02:00
KP003772,KW10140,2026-01-30,JP,Desktop,1458,48.0,5,157,3.18,2026-01-30 23:10:00
KP003773,KW11907,2026-01-31,UK,Desktop,740,26.0,13,197,6.6,2026-01-31 08:11:00
KP004016,KW11219,2025-10-01,BR,Mobile,1024,1.0,87,249,34.94,2025-10-01 01:27:00
KP004017,KW11939,2025-10-02,IN,Mobile,1828,6.0,42,365,11.51,2025-10-02 10:05:00
KP004018,KW10814,2025-10-03,MX,Mobile,3312,40.0,39,965,4.04,2025-10-03 12:58:00
KP004019,KW10484,2025-10-04,DE,Tablet,18243,13.0,474,6362,7.45,2025-10-04 07:56:00
KP004020,KW11539,2025-10-05,JP,Mobile,1163,26.0,11,252,4.37,2025-10-05 15:51:00
KP004021,KW10144,2025-10-06,UK,Desktop,3231,29.0,76,1585,4.79,2025-10-06 03:02:00
KP004022,KW10694,2025-10-07,BR,Desktop,1725,21.0,25,510,4.9,2025-10-07 20:20:00
KP004023,KW11549,2025-10-08,AU,Desktop,2155,9.0,142,1095,12.97,2025-10-08 08:52:00
KP004024,KW11815,2025-10-09,FR,Mobile,14845,15.0,213,3388,6.29,2025-10-09 02:32:00
KP004025,KW11627,2025-10-10,US,Mobile,1514,23.0,16,316,5.06,2025-10-10 17:41:00
KP004026,KW11914,2025-10-11,MX,Desktop,2858,2.0,92,339,27.14,2025-10-11 14:30:00
KP004027,KW11203,2025-10-12,MX,Desktop,3720,33.0,37,589,6.28,2025-10-12 05:41:00
KP004028,KW10473,2025-10-13,FR,Mobile,11960,15.0,303,4326,7.0,2025-10-13 01:45:00
KP004029,KW10757,2025-10-14,MX,Desktop,327,40.0,8,174,4.6,2025-10-14 11:42:00
KP004030,KW11616,2025-10-15,MX,Desktop,2427,12.0,46,601,7.65,2025-10-15 20:34:00
KP004031,KW10159,2025-10-16,IN,Desktop,32848,42.0,563,16574,3.4,2025-10-16 05:40:00
KP004032,KW11966,2025-10-17,IN,Desktop,6005,2.0,407,1557,26.14,2025-10-17 03:40:00
KP004033,KW11961,2025-10-18,MX,Desktop,1168,47.0,7,213,3.29,2025-10-18 20:28:00
KP004034,KW11460,2025-10-19,BR,Mobile,9643,42.0,184,4289,4.29,2025-10-19 03:21:00
KP004035,KW11052,2025-10-20,MX,Mobile,3129,39.0,14,359,3.9,2025-10-20 07:12:00
KP004036,KW10705,2025-10-21,IN,Mobile,1460,37.0,3,88,3.41,2025-10-21 08:37:00
KP004037,KW10055,2025-10-22,AU,Desktop,6186,31.0,145,2849,5.09,2025-10-22 00:23:00
KP004038,KW11437,2025-10-23,FR,Desktop,1055,25.0,6,93,6.45,2025-10-23 05:23:00
KP004039,KW11414,2025-10-24,FR,Mobile,1840,43.0,24,629,3.82,2025-10-24 16:49:00
KP004040,KW10138,2025-10-25,MX,Desktop,55679,11.0,1602,18707,8.56,2025-10-25 17:52:00
KP004041,KW10668,2025-10-26,JP,Mobile,5871,8.0,145,1689,8.58,2025-10-26 20:27:00
KP004042,KW10008,2025-10-27,FR,Tablet,4127,46.0,60,1246,4.82,2025-10-27 10:42:00
KP004043,KW11688,2025-10-28,UK,Desktop,883,6.0,52,433,12.01,2025-10-28 15:26:00
KP004044,KW10381,2025-10-29,FR,Mobile,1240,33.0,10,186,5.38,2025-10-29 09:18:00
KP004045,KW10855,2025-10-30,CA,Desktop,4020,44.0,38,811,4.69,2025-10-30 22:04:00
KP004046,KW11661,2025-10-31,US,Mobile,1691,22.0,20,342,5.85,2025-10-31 18:24:00
KP004047,KW10359,2025-11-01,UK,Desktop,5385,35.0,64,1190,5.38,2025-11-01 21:31:00
KP004048,KW11890,2025-11-02,FR,Mobile,7286,7.0,142,1480,9.59,2025-11-02 17:55:00
KP004049,KW10222,2025-11-03,US,Desktop,6078,26.0,116,1675,6.93,2025-11-03 03:56:00
KP004050,KW11852,2025-11-04,UK,Mobile,1268,43.0,3,103,2.91,2025-11-04 19:53:00
KP004051,KW10687,2025-11-05,JP,Mobile,959,4.0,7,58,12.07,2025-11-05 02:13:00
KP004052,KW10764,2025-11-06,BR,Mobile,538,44.0,7,201,3.48,2025-11-06 23:44:00
KP004053,KW11798,2025-11-07,BR,Mobile,1583,10.0,48,569,8.44,2025-11-07 19:11:00
KP004054,KW10281,2025-11-08,AU,Mobile,1839,18.0,36,429,8.39,2025-11-08 03:35:00
KP004055,KW11432,2025-11-09,BR,Mobile,777,12.0,17,236,7.2,2025-11-09 14:46:00
KP004056,KW10949,2025-11-10,FR,Mobile,1919,21.0,42,530,7.92,2025-11-10 20:33:00
KP004057,KW10917,2025-11-11,US,Desktop,4578,36.0,132,2226,5.93,2025-11-11 09:43:00
KP004058,KW11595,2025-11-12,DE,Mobile,2931,29.0,24,404,5.94,2025-11-12 09:29:00
KP004059,KW11591,2025-11-13,AU,Desktop,12861,8.0,588,5335,11.02,2025-11-13 16:31:00
KP004060,KW11646,2025-11-14,US,Mobile,3477,3.0,166,946,17.55,2025-11-14 07:35:00
KP004061,KW11837,2025-11-15,BR,Desktop,6335,21.0,193,3071,6.28,2025-11-15 08:05:00
KP004062,KW10598,2025-11-16,UK,Mobile,8621,2.0,513,1860,27.58,2025-11-16 14:31:00
KP004063,KW11572,2025-11-17,AU,Desktop,20111,28.0,259,4065,6.37,2025-11-17 10:21:00
KP004064,KW10649,2025-11-18,UK,Mobile,6973,33.0,72,1366,5.27,2025-11-18 09:18:00
KP004065,KW11697,2025-11-19,DE,Desktop,2653,40.0,66,1368,4.82,2025-11-19 03:52:00
KP004066,KW11506,2025-11-20,FR,Desktop,9371,21.0,176,2236,7.87,2025-11-20 15:44:00
KP004067,KW11630,2025-11-21,DE,Tablet,2010,21.0,45,671,6.71,2025-11-21 10:28:00
KP004068,KW11318,2025-11-22,CA,Mobile,1565,2.0,235,799,29.41,2025-11-22 08:46:00
KP004069,KW11287,2025-11-23,MX,Desktop,5008,18.0,82,949,8.64,2025-11-23 05:46:00
KP004070,KW10686,2025-11-24,US,Desktop,5251,48.0,91,1997,4.56,2025-11-24 00:48:00
KP004071,KW11665,2025-11-25,JP,Desktop,11836,16.0,86,1427,6.03,2025-11-25 02:57:00
KP004072,KW11258,2025-11-26,DE,Desktop,3940,36.0,16,288,5.56,2025-11-26 23:26:00
KP004073,KW10888,2025-11-27,IN,Desktop,807,27.0,13,291,4.47,2025-11-27 19:45:00
KP004074,KW11732,2025-11-28,MX,Mobile,1860,7.0,78,594,13.13,2025-11-28 14:17:00
KP004075,KW11037,2025-11-29,CA,Desktop,4839,6.0,327,2214,14.77,2025-11-29 16:11:00
KP004076,KW11573,2025-11-30,JP,Desktop,2875,32.0,45,708,6.36,2025-11-30 17:03:00
KP004077,KW11714,2025-12-01,US,Mobile,4927,38.0,94,2092,4.49,2025-12-01 04:30:00
KP004078,KW11710,2025-12-02,BR,Mobile,10470,38.0,126,3103,4.06,2025-12-02 08:37:00
KP004079,KW10349,2025-12-03,JP,Desktop,4328,19.0,71,1261,5.63,2025-12-03 16:10:00
KP004080,KW11219,2025-12-04,US,Mobile,2734,19.0,12,175,6.86,2025-12-04 19:28:00
KP004081,KW11433,2025-12-05,IN,Desktop,1988,16.0,60,853,7.03,2025-12-05 09:47:00
KP004082,KW10368,2025-12-06,AU,Mobile,4031,42.0,66,1569,4.21,2025-12-06 10:01:00
KP004083,KW10801,2025-12-07,AU,Desktop,1635,20.0,28,443,6.32,2025-12-07 12:31:00
KP004084,KW11642,2025-12-08,MX,Desktop,2731,5.0,37,344,10.76,2025-12-08 18:02:00
KP004085,KW11979,2025-12-09,DE,Desktop,2352,40.0,31,665,4.66,2025-12-09 08:30:00
KP004086,KW10763,2025-12-10,AU,Mobile,9720,43.0,92,2049,4.49,2025-12-10 03:29:00
KP004087,KW11830,2025-12-11,AU,Mobile,28480,12.0,822,7529,10.92,2025-12-11 02:49:00
KP004088,KW11424,2025-12-12,MX,Mobile,3790,24.0,18,265,6.79,2025-12-12 03:34:00
KP004089,KW11423,2025-12-13,IN,Desktop,3835,7.0,39,286,13.64,2025-12-13 08:57:00
KP004090,KW11804,2025-12-14,DE,Mobile,1390,25.0,17,233,7.3,2025-12-14 05:08:00
KP004091,KW11843,2025-12-15,MX,Desktop,725,2.0,26,109,23.85,2025-12-15 15:35:00
KP004092,KW11542,2025-12-16,UK,Mobile,3051,10.0,111,1033,10.75,2025-12-16 11:53:00
KP004093,KW11511,2025-12-17,UK,Desktop,858,48.0,5,155,3.23,2025-12-17 19:17:00
KP004094,KW10048,2025-12-18,CA,Mobile,882,47.0,4,85,4.71,2025-12-18 16:46:00
KP004095,KW10251,2025-12-19,CA,Desktop,419,14.0,13,194,6.7,2025-12-19 06:35:00
KP004096,KW11442,2025-12-20,MX,Mobile,3999,13.0,96,1086,8.84,2025-12-20 03:27:00
KP004097,KW11689,2025-12-21,DE,Mobile,1831,34.0,12,306,3.92,2025-12-21 20:38:00
KP004098,KW11087,2025-12-22,IN,Mobile,1757,3.0,178,929,19.16,2025-12-22 22:23:00
KP004099,KW11930,2025-12-23,CA,Mobile,3341,40.0,88,1740,5.06,2025-12-23 12:12:00
KP004100,KW11915,2025-12-24,MX,Mobile,2175,26.0,53,1163,4.56,2025-12-24 10:49:00
KP004101,KW10423,2025-12-25,CA,Mobile,715,11.0,12,164,7.32,2025-12-25 05:48:00
KP004102,KW10014,2025-12-26,IN,Desktop,4301,48.0,47,1112,4.23,2025-12-26 20:50:00
KP004103,KW11829,2025-12-27,IN,Mobile,2806,3.0,30,155,19.35,2025-12-27 00:53:00
KP004104,KW11847,2025-12-28,US,Desktop,1153,3.0,24,109,22.02,2025-12-28 22:31:00
KP004105,KW11749,2025-12-29,CA,Desktop,1762,12.0,50,739,6.77,2025-12-29 16:55:00
KP004106,KW11753,2025-12-30,MX,Mobile,2719,45.0,61,1203,5.07,2025-12-30 07:08:00
KP004107,KW10730,2025-12-31,JP,Mobile,5699,42.0,106,2072,5.12,2025-12-31 06:03:00
KP004108,KW10315,2026-01-01,IN,Desktop,3263,39.0,17,424,4.01,2026-01-01 20:51:00
KP004109,KW11252,2026-01-02,JP,Desktop,3318,26.0,17,353,4.82,2026-01-02 06:16:00
KP004110,KW10501,2026-01-03,IN,Desktop,8227,11.0,186,2512,7.4,2026-01-03 09:13:00
KP004111,KW10714,2026-01-04,CA,Mobile,414,36.0,6,153,3.92,2026-01-04 10:24:00
KP004112,KW11427,2026-01-05,UK,Mobile,1489,37.0,34,748,4.55,2026-01-05 03:55:00
KP004113,KW11839,2026-01-06,US,Desktop,3875,46.0,56,1486,3.77,2026-01-06 21:09:00
KP004114,KW11489,2026-01-07,JP,Desktop,601,15.0,17,266,6.39,2026-01-07 09:00:00
KP004115,KW11943,2026-01-08,IN,Mobile,3283,10.0,215,1786,12.04,2026-01-08 09:25:00
KP004116,KW11325,2026-01-09,BR,Desktop,1645,49.0,4,136,2.94,2026-01-09 12:08:00
KP004117,KW10137,2026-01-10,DE,Desktop,8692,2.0,723,3602,20.07,2026-01-10 18:13:00
KP004118,KW10018,2026-01-11,AU,Mobile,6947,42.0,157,3701,4.24,2026-01-11 06:40:00
KP004119,KW10947,2026-01-12,UK,Desktop,3952,39.0,36,1030,3.5,2026-01-12 04:22:00
KP004120,KW11604,2026-01-13,AU,Desktop,4288,7.0,106,965,10.98,2026-01-13 21:33:00
KP004121,KW10401,2026-01-14,US,Mobile,1314,28.0,5,91,5.49,2026-01-14 09:25:00
KP004122,KW10494,2026-01-15,IN,Desktop,1996,17.0,23,340,6.76,2026-01-15 03:56:00
KP004123,KW11460,2026-01-16,FR,Desktop,2362,39.0,41,771,5.32,2026-01-16 22:30:00
KP004124,KW11603,2026-01-17,CA,Desktop,2686,34.0,28,541,5.18,2026-01-17 14:09:00
KP004125,KW10704,2026-01-18,BR,Mobile,1583,34.0,30,756,3.97,2026-01-18 16:04:00
KP004126,KW10203,2026-01-19,CA,Tablet,522,9.0,26,230,11.3,2026-01-19 10:52:00
KP004127,KW11396,2026-01-20,IN,Desktop,710,17.0,13,160,8.12,2026-01-20 13:25:00
KP004128,KW10539,2026-01-21,DE,Desktop,3801,12.0,164,1625,10.09,2026-01-21 04:15:00
KP004129,KW11650,2026-01-22,FR,Tablet,3426,8.0,170,1543,11.02,2026-01-22 08:27:00
KP004130,KW11934,2026-01-23,JP,Mobile,3215,17.0,40,466,8.58,2026-01-23 07:42:00
KP004131,KW11089,2026-01-24,CA,Mobile,1333,3.0,58,287,20.21,2026-01-24 03:21:00
KP004132,KW11314,2026-01-25,MX,Desktop,1289,2.0,96,344,27.91,2026-01-25 03:58:00
KP004133,KW10757,2026-01-26,FR,Desktop,3785,31.0,92,1587,5.8,2026-01-26 14:54:00
KP004134,KW11804,2026-01-27,FR,Desktop,2076,5.0,76,604,12.58,2026-01-27 15:06:00
KP004135,KW10366,2026-01-28,BR,Mobile,11347,42.0,129,2859,4.51,2026-01-28 01:45:00
KP004136,KW10742,2026-01-29,BR,Mobile,3472,29.0,74,1292,5.73,2026-01-29 23:12:00
KP004137,KW10615,2026-01-30,UK,Desktop,1001,46.0,2,51,3.92,2026-01-30 17:35:00
KP004138,KW11812,2026-01-31,UK,Mobile,6354,11.0,77,919,8.38,2026-01-31 09:48:00
KP004381,KW11306,2025-10-01,FR,Desktop,2808,7.0,96,896,10.71,2025-10-01 04:26:00
KP004382,KW10813,2025-10-02,CA,Mobile,17095,7.0,86,912,9.43,2025-10-02 08:02:00
KP004383,KW10022,2025-10-03,CA,Desktop,970,30.0,13,204,6.37,2025-10-03 07:12:00
KP004384,KW10962,2025-10-04,MX,Tablet,1342,4.0,12,89,13.48,2025-10-04 22:16:00
KP004385,KW10991,2025-10-05,CA,Desktop,3528,31.0,50,1016,4.92,2025-10-05 21:16:00
KP004386,KW10509,2025-10-06,CA,Mobile,2045,45.0,27,837,3.23,2025-10-06 15:31:00
KP004387,KW10357,2025-10-07,MX,Mobile,3363,16.0,84,1429,5.88,2025-10-07 13:03:00
KP004388,KW10340,2025-10-08,IN,Mobile,1431,41.0,20,432,4.63,2025-10-08 20:21:00
KP004389,KW10464,2025-10-09,MX,Mobile,6254,47.0,33,736,4.48,2025-10-09 15:07:00
KP004390,KW11974,2025-10-10,AU,Desktop,932,49.0,7,219,3.2,2025-10-10 00:23:00
KP004391,KW10678,2025-10-11,FR,Desktop,3024,20.0,25,357,7.0,2025-10-11 17:03:00
KP004392,KW10762,2025-10-12,BR,Desktop,3539,28.0,23,462,4.98,2025-10-12 19:09:00
KP004393,KW10869,2025-10-13,FR,Mobile,1125,37.0,30,532,5.64,2025-10-13 09:14:00
KP004394,KW10730,2025-10-14,IN,Mobile,211,36.0,1,34,2.94,2025-10-14 21:58:00
KP004395,KW11058,2025-10-15,AU,Mobile,2609,47.0,12,284,4.23,2025-10-15 15:39:00
KP004396,KW10371,2025-10-16,BR,Desktop,2802,34.0,50,958,5.22,2025-10-16 04:28:00
KP004397,KW11761,2025-10-17,CA,Desktop,1382,39.0,9,244,3.69,2025-10-17 17:29:00
KP004398,KW10076,2025-10-18,US,Desktop,11852,5.0,761,4685,16.24,2025-10-18 11:21:00
KP004399,KW11810,2025-10-19,AU,Desktop,2666,27.0,56,1035,5.41,2025-10-19 05:56:00
KP004400,KW11484,2025-10-20,MX,Mobile,6690,44.0,29,583,4.97,2025-10-20 05:11:00
KP004401,KW10749,2025-10-21,IN,Mobile,2339,12.0,66,834,7.91,2025-10-21 06:25:00
KP004402,KW11205,2025-10-22,US,Desktop,870,15.0,3,44,6.82,2025-10-22 23:55:00
KP004403,KW10803,2025-10-23,CA,Mobile,4699,18.0,122,1792,6.81,2025-10-23 23:49:00
KP004404,KW11900,2025-10-24,UK,Desktop,3667,21.0,117,1714,6.83,2025-10-24 21:03:00
KP004405,KW11369,2025-10-25,UK,Mobile,2035,6.0,32,262,12.21,2025-10-25 13:57:00
KP004406,KW11373,2025-10-26,JP,Mobile,4239,16.0,82,1251,6.55,2025-10-26 18:21:00
KP004407,KW10762,2025-10-27,IN,Desktop,1942,48.0,12,276,4.35,2025-10-27 22:25:00
KP004408,KW11020,2025-10-28,DE,Mobile,2616,22.0,21,446,4.71,2025-10-28 22:41:00
KP004409,KW11711,2025-10-29,BR,Desktop,2596,19.0,14,254,5.51,2025-10-29 02:31:00
KP004410,KW11226,2025-10-30,CA,Tablet,5139,48.0,108,2443,4.42,2025-10-30 14:17:00
KP004411,KW11859,2025-10-31,IN,Desktop,4015,37.0,87,2026,4.29,2025-10-31 09:25:00
KP004412,KW10903,2025-11-01,BR,Desktop,3388,28.0,24,399,6.02,2025-11-01 10:05:00
KP004413,KW11997,2025-11-02,AU,Mobile,215,2.0,8,30,26.67,2025-11-02 09:41:00
KP004414,KW10166,2025-11-03,JP,Desktop,8376,4.0,187,1022,18.3,2025-11-03 12:26:00
KP004415,KW10449,2025-11-04,JP,Desktop,4805,25.0,51,845,6.04,2025-11-04 09:44:00
KP004416,KW10398,2025-11-05,FR,Mobile,4821,32.0,50,1203,4.16,2025-11-05 18:36:00
KP004417,KW10663,2025-11-06,FR,Desktop,2304,9.0,110,881,12.49,2025-11-06 11:47:00
KP004418,KW10719,2025-11-07,CA,Desktop,646,46.0,11,263,4.18,2025-11-07 05:42:00
KP004419,KW11094,2025-11-08,AU,Mobile,1210,43.0,25,485,5.15,2025-11-08 23:07:00
KP004420,KW11338,2025-11-09,IN,Mobile,6620,24.0,158,2378,6.64,2025-11-09 16:21:00
KP004421,KW10015,2025-11-10,BR,Mobile,5286,8.0,233,2200,10.59,2025-11-10 14:37:00
KP004422,KW10092,2025-11-11,JP,Mobile,4877,17.0,154,1748,8.81,2025-11-11 13:38:00
KP004423,KW10268,2025-11-12,AU,Mobile,1513,29.0,26,459,5.66,2025-11-12 17:38:00
KP004424,KW11326,2025-11-13,CA,Tablet,2123,48.0,24,684,3.51,2025-11-13 18:56:00
KP004425,KW10648,2025-11-14,MX,Mobile,1658,8.0,94,822,11.44,2025-11-14 03:22:00
KP004426,KW11055,2025-11-15,CA,Desktop,2643,22.0,80,1074,7.45,2025-11-15 11:27:00
KP004427,KW11859,2025-11-16,MX,Mobile,26710,14.0,766,12031,6.37,2025-11-16 23:01:00
KP004428,KW11812,2025-11-17,MX,Mobile,495,32.0,11,265,4.15,2025-11-17 15:09:00
KP004429,KW10977,2025-11-18,DE,Mobile,8914,20.0,55,1009,5.45,2025-11-18 08:55:00
KP004430,KW10734,2025-11-19,MX,Desktop,4956,50.0,73,2034,3.59,2025-11-19 12:18:00
KP004431,KW11758,2025-11-20,JP,Desktop,1779,39.0,17,313,5.43,2025-11-20 04:02:00
KP004432,KW11496,2025-11-21,IN,Mobile,1472,49.0,19,428,4.44,2025-11-21 16:12:00
KP004433,KW11241,2025-11-22,US,Desktop,10583,50.0,140,4078,3.43,2025-11-22 19:18:00
KP004434,KW10338,2025-11-23,US,Desktop,2969,19.0,41,630,6.51,2025-11-23 20:00:00
KP004435,KW10406,2025-11-24,DE,Mobile,2988,29.0,63,1475,4.27,2025-11-24 05:22:00
KP004436,KW11301,2025-11-25,MX,Tablet,1023,29.0,15,291,5.15,2025-11-25 01:09:00
KP004437,KW10670,2025-11-26,AU,Desktop,972,45.0,23,462,4.98,2025-11-26 17:39:00
KP004438,KW10092,2025-11-27,DE,Mobile,1165,38.0,23,489,4.7,2025-11-27 00:51:00
KP004439,KW10227,2025-11-28,BR,Tablet,3256,47.0,45,873,5.15,2025-11-28 08:09:00
KP004440,KW11318,2025-11-29,JP,Mobile,510,1.0,23,89,25.84,2025-11-29 19:16:00
KP004441,KW10228,2025-11-30,CA,Mobile,4920,30.0,155,2542,6.1,2025-11-30 07:12:00
KP004442,KW11667,2025-12-01,IN,Desktop,2146,23.0,31,498,6.22,2025-12-01 05:45:00
KP004443,KW11389,2025-12-02,MX,Mobile,6838,44.0,17,447,3.8,2025-12-02 01:20:00
KP004444,KW10404,2025-12-03,UK,Mobile,4671,41.0,11,234,4.7,2025-12-03 19:10:00
KP004445,KW11182,2025-12-04,DE,Mobile,7614,1.0,1100,3144,34.99,2025-12-04 11:02:00
KP004446,KW10858,2025-12-05,AU,Tablet,5080,24.0,130,2688,4.84,2025-12-05 02:56:00
KP004447,KW11782,2025-12-06,MX,Mobile,16249,13.0,453,4746,9.54,2025-12-06 01:46:00
KP004448,KW11334,2025-12-07,US,Desktop,1907,33.0,46,758,6.07,2025-12-07 17:41:00
KP004449,KW10106,2025-12-08,AU,Desktop,818,17.0,27,401,6.73,2025-12-08 02:09:00
KP004450,KW10371,2025-12-09,CA,Mobile,2234,33.0,20,481,4.16,2025-12-09 02:22:00
KP004451,KW10081,2025-12-10,DE,Mobile,550,21.0,7,110,6.36,2025-12-10 23:14:00
KP004452,KW10415,2025-12-11,AU,Desktop,1797,20.0,71,984,7.22,2025-12-11 02:37:00
KP004453,KW10229,2025-12-12,AU,Desktop,4912,13.0,87,1144,7.6,2025-12-12 22:04:00
KP004454,KW11982,2025-12-13,JP,Desktop,7433,13.0,61,957,6.37,2025-12-13 07:36:00
KP004455,KW11975,2025-12-14,UK,Mobile,5679,45.0,41,818,5.01,2025-12-14 10:20:00
KP004456,KW11764,2025-12-15,FR,Mobile,881,49.0,15,370,4.05,2025-12-15 06:42:00
KP004457,KW11915,2025-12-16,AU,Desktop,1187,10.0,38,324,11.73,2025-12-16 08:52:00
KP004458,KW10050,2025-12-17,CA,Mobile,3586,11.0,91,869,10.47,2025-12-17 13:33:00
KP004459,KW10809,2025-12-18,AU,Mobile,8847,38.0,83,2040,4.07,2025-12-18 14:38:00
KP004460,KW11331,2025-12-19,IN,Desktop,2782,49.0,4,140,2.86,2025-12-19 04:30:00
KP004461,KW11517,2025-12-20,CA,Desktop,3498,3.0,263,1156,22.75,2025-12-20 05:32:00
KP004462,KW11518,2025-12-21,JP,Mobile,6089,46.0,135,3091,4.37,2025-12-21 10:23:00
KP004463,KW10974,2025-12-22,BR,Desktop,4483,34.0,101,1626,6.21,2025-12-22 04:46:00
KP004464,KW11929,2025-12-23,AU,Mobile,2173,16.0,42,477,8.81,2025-12-23 02:36:00
KP004465,KW11419,2025-12-24,FR,Desktop,1902,46.0,18,485,3.71,2025-12-24 04:02:00
KP004466,KW11883,2025-12-25,DE,Tablet,2567,5.0,48,404,11.88,2025-12-25 02:15:00
KP004467,KW10739,2025-12-26,JP,Mobile,744,25.0,14,306,4.58,2025-12-26 21:06:00
KP004468,KW10421,2025-12-27,AU,Desktop,2614,1.0,136,390,34.87,2025-12-27 00:27:00
KP004469,KW11452,2025-12-28,MX,Desktop,5635,4.0,321,2223,14.44,2025-12-28 04:42:00
KP004470,KW11401,2025-12-29,FR,Desktop,5427,19.0,21,292,7.19,2025-12-29 14:52:00
KP004471,KW11306,2025-12-30,UK,Mobile,4005,18.0,118,1869,6.31,2025-12-30 20:45:00
KP004472,KW10582,2025-12-31,IN,Mobile,5361,21.0,50,988,5.06,2025-12-31 22:50:00
KP004473,KW11995,2026-01-01,FR,Mobile,8031,6.0,114,709,16.08,2026-01-01 03:13:00
KP004474,KW11134,2026-01-02,FR,Mobile,11601,35.0,263,4799,5.48,2026-01-02 00:52:00
KP004475,KW10636,2026-01-03,IN,Desktop,9394,5.0,515,3061,16.82,2026-01-03 05:19:00
KP004476,KW11571,2026-01-04,UK,Mobile,424,2.0,23,123,18.7,2026-01-04 19:40:00
KP004477,KW11483,2026-01-05,BR,Mobile,10540,38.0,185,4441,4.17,2026-01-05 09:13:00
KP004478,KW11336,2026-01-06,UK,Mobile,3536,23.0,101,1504,6.72,2026-01-06 14:29:00
KP004479,KW11686,2026-01-07,FR,Desktop,4083,39.0,30,851,3.53,2026-01-07 13:56:00
KP004480,KW11363,2026-01-08,IN,Mobile,1498,38.0,14,400,3.5,2026-01-08 03:34:00
KP004481,KW10205,2026-01-09,DE,Mobile,5424,11.0,189,2102,8.99,2026-01-09 13:01:00
KP004482,KW10172,2026-01-10,FR,Mobile,10632,8.0,311,3666,8.48,2026-01-10 06:24:00
KP004483,KW11262,2026-01-11,BR,Mobile,1025,43.0,16,451,3.55,2026-01-11 04:03:00
KP004484,KW10913,2026-01-12,UK,Mobile,2535,17.0,75,1218,6.16,2026-01-12 20:35:00
KP004485,KW10287,2026-01-13,MX,Mobile,479,33.0,5,114,4.39,2026-01-13 05:42:00
KP004486,KW11706,2026-01-14,BR,Desktop,26707,5.0,592,3358,17.63,2026-01-14 15:17:00
KP004487,KW10537,2026-01-15,DE,Mobile,2241,37.0,4,124,3.23,2026-01-15 08:42:00
KP004488,KW10118,2026-01-16,DE,Desktop,795,22.0,18,276,6.52,2026-01-16 03:08:00
KP004489,KW11109,2026-01-17,JP,Desktop,21099,19.0,456,7775,5.86,2026-01-17 11:59:00
KP004490,KW10746,2026-01-18,MX,Desktop,3357,38.0,67,1722,3.89,2026-01-18 01:24:00
KP004491,KW10271,2026-01-19,US,Desktop,10100,36.0,25,591,4.23,2026-01-19 20:51:00
KP004492,KW10182,2026-01-20,UK,Mobile,3340,45.0,45,897,5.02,2026-01-20 09:25:00
KP004493,KW11654,2026-01-21,DE,Mobile,2064,9.0,53,413,12.83,2026-01-21 01:41:00
KP004494,KW11788,2026-01-22,CA,Desktop,7262,32.0,234,3803,6.15,2026-01-22 15:52:00
KP004495,KW10080,2026-01-23,AU,Mobile,15848,25.0,59,857,6.88,2026-01-23 06:58:00
KP004496,KW10463,2026-01-24,MX,Mobile,869,49.0,6,210,2.86,2026-01-24 12:58:00
KP004497,KW10551,2026-01-25,IN,Mobile,3361,40.0,48,1092,4.4,2026-01-25 15:12:00
KP004498,KW11308,2026-01-26,DE,Mobile,4381,15.0,75,781,9.6,2026-01-26 22:07:00
KP004499,KW11934,2026-01-27,UK,Mobile,14777,42.0,48,922,5.21,2026-01-27 22:39:00
KP004500,KW10792,2026-01-28,FR,Mobile,1280,18.0,17,257,6.61,2026-01-28 12:29:00
KP004501,KW11100,2026-01-29,UK,Desktop,3157,29.0,37,689,5.37,2026-01-29 02:52:00
KP004502,KW11771,2026-01-30,DE,Desktop,2022,3.0,227,1014,22.39,2026-01-30 19:02:00
KP004503,KW10602,2026-01-31,AU,Desktop,1770,11.0,62,540,11.48,2026-01-31 22:43:00
KP004746,KW11826,2025-10-01,US,Mobile,2756,8.0,74,577,12.82,2025-10-01 20:01:00
KP004747,KW11411,2025-10-02,CA,Desktop,885,15.0,5,81,6.17,2025-10-02 16:45:00
KP004748,KW10318,2025-10-03,DE,Mobile,1111,43.0,18,557,3.23,2025-10-03 17:10:00
KP004749,KW11774,2025-10-04,FR,Mobile,2604,48.0,32,753,4.25,2025-10-04 02:53:00
KP004750,KW10151,2025-10-05,UK,Mobile,1893,45.0,35,864,4.05,2025-10-05 15:35:00
KP004751,KW11572,2025-10-06,CA,Desktop,3585,29.0,24,476,5.04,2025-10-06 22:00:00
KP004752,KW10292,2025-10-07,IN,Desktop,10609,7.0,457,3516,13.0,2025-10-07 16:52:00
KP004753,KW11400,2025-10-08,FR,Desktop,14700,15.0,351,4563,7.69,2025-10-08 06:17:00
KP004754,KW11231,2025-10-09,US,Desktop,9674,23.0,95,1250,7.6,2025-10-09 03:50:00
KP004755,KW10356,2025-10-10,IN,Desktop,4949,1.0,198,693,28.57,2025-10-10 20:32:00
KP004756,KW10417,2025-10-11,CA,Desktop,6400,31.0,63,1212,5.2,2025-10-11 10:43:00
KP004757,KW10563,2025-10-12,US,Mobile,1764,8.0,92,872,10.55,2025-10-12 03:46:00
KP004758,KW10987,2025-10-13,UK,Desktop,1084,14.0,18,235,7.66,2025-10-13 09:30:00
KP004759,KW10770,2025-10-14,JP,Desktop,1052,44.0,12,241,4.98,2025-10-14 21:44:00
KP004760,KW11696,2025-10-15,JP,Mobile,2740,38.0,41,1075,3.81,2025-10-15 08:47:00
KP004761,KW10843,2025-10-16,UK,Desktop,1399,34.0,15,255,5.88,2025-10-16 07:46:00
KP004762,KW11345,2025-10-17,CA,Desktop,4156,25.0,10,211,4.74,2025-10-17 11:46:00
KP004763,KW11958,2025-10-18,IN,Mobile,6330,43.0,151,3008,5.02,2025-10-18 13:40:00
KP004764,KW11071,2025-10-19,FR,Mobile,2793,35.0,28,655,4.27,2025-10-19 22:27:00
KP004765,KW10058,2025-10-20,CA,Desktop,20529,24.0,460,8193,5.61,2025-10-20 10:10:00
KP004766,KW10502,2025-10-21,US,Desktop,747,36.0,16,322,4.97,2025-10-21 04:30:00
KP004767,KW11860,2025-10-22,JP,Mobile,1601,28.0,22,503,4.37,2025-10-22 04:02:00
KP004768,KW10413,2025-10-23,IN,Desktop,7058,6.0,132,940,14.04,2025-10-23 09:32:00
KP004769,KW11651,2025-10-24,CA,Desktop,2931,47.0,41,1000,4.1,2025-10-24 14:54:00
KP004770,KW11689,2025-10-25,AU,Mobile,4303,38.0,88,1646,5.35,2025-10-25 20:12:00
KP004771,KW10198,2025-10-26,MX,Desktop,1565,3.0,39,165,23.64,2025-10-26 02:17:00
KP004772,KW11296,2025-10-27,CA,Desktop,898,41.0,13,253,5.14,2025-10-27 16:42:00
KP004773,KW10446,2025-10-28,AU,Mobile,1105,40.0,18,492,3.66,2025-10-28 02:25:00
KP004774,KW10434,2025-10-29,US,Tablet,2664,33.0,43,1082,3.97,2025-10-29 00:20:00
KP004775,KW10352,2025-10-30,IN,Mobile,4049,19.0,73,1248,5.85,2025-10-30 06:55:00
KP004776,KW10828,2025-10-31,JP,Desktop,6524,2.0,110,526,20.91,2025-10-31 07:39:00
KP004777,KW11413,2025-11-01,JP,Desktop,2873,3.0,38,232,16.38,2025-11-01 19:40:00
KP004778,KW10693,2025-11-02,UK,Desktop,4334,40.0,21,388,5.41,2025-11-02 09:49:00
KP004779,KW10556,2025-11-03,MX,Mobile,3111,41.0,21,409,5.13,2025-11-03 07:10:00
KP004780,KW11299,2025-11-04,DE,Mobile,3881,4.0,146,739,19.76,2025-11-04 17:14:00
KP004781,KW11102,2025-11-05,CA,Desktop,7408,27.0,256,3673,6.97,2025-11-05 13:57:00
KP004782,KW10257,2025-11-06,FR,Mobile,3308,5.0,226,1477,15.3,2025-11-06 13:23:00
KP004783,KW11285,2025-11-07,FR,Desktop,2774,44.0,53,1054,5.03,2025-11-07 08:13:00
KP004784,KW11932,2025-11-08,IN,Desktop,4055,39.0,20,505,3.96,2025-11-08 06:08:00
KP004785,KW11723,2025-11-09,BR,Mobile,3994,33.0,85,1339,6.35,2025-11-09 18:05:00
KP004786,KW10608,2025-11-10,JP,Mobile,2914,41.0,67,1430,4.69,2025-11-10 11:31:00
KP004787,KW10829,2025-11-11,DE,Desktop,4987,39.0,70,1695,4.13,2025-11-11 07:01:00
KP004788,KW11519,2025-11-12,DE,Desktop,1469,25.0,40,606,6.6,2025-11-12 02:58:00
KP004789,KW11126,2025-11-13,CA,Desktop,3088,25.0,108,1686,6.41,2025-11-13 08:02:00
KP004790,KW11979,2025-11-14,US,Desktop,4612,22.0,60,1000,6.0,2025-11-14 02:32:00
KP004791,KW11570,2025-11-15,DE,Mobile,8298,17.0,72,1091,6.6,2025-11-15 11:50:00
KP004792,KW11704,2025-11-16,MX,Mobile,3682,31.0,66,1027,6.43,2025-11-16 16:53:00
KP004793,KW10947,2025-11-17,DE,Mobile,1325,39.0,11,302,3.64,2025-11-17 02:12:00
KP004794,KW10432,2025-11-18,IN,Desktop,11178,22.0,325,4907,6.62,2025-11-18 22:19:00
KP004795,KW10031,2025-11-19,JP,Mobile,5531,5.0,233,1400,16.64,2025-11-19 23:01:00
KP004796,KW11620,2025-11-20,FR,Desktop,4955,14.0,104,1290,8.06,2025-11-20 09:00:00
KP004797,KW11808,2025-11-21,CA,Desktop,6173,34.0,95,2163,4.39,2025-11-21 23:52:00
KP004798,KW10954,2025-11-22,BR,Desktop,584,49.0,10,214,4.67,2025-11-22 10:25:00
KP004799,KW10375,2025-11-23,MX,Mobile,401,23.0,3,53,5.66,2025-11-23 23:53:00
KP004800,KW10035,2025-11-24,BR,Mobile,1272,6.0,48,377,12.73,2025-11-24 07:50:00
KP004801,KW11790,2025-11-25,JP,Desktop,1606,38.0,11,317,3.47,2025-11-25 15:09:00
KP004802,KW10377,2025-11-26,IN,Desktop,4555,18.0,93,1418,6.56,2025-11-26 23:58:00
KP004803,KW10452,2025-11-27,JP,Tablet,2977,44.0,14,331,4.23,2025-11-27 15:14:00
KP004804,KW10039,2025-11-28,UK,Desktop,6681,26.0,77,1707,4.51,2025-11-28 05:41:00
KP004805,KW11010,2025-11-29,BR,Desktop,362,40.0,2,64,3.12,2025-11-29 05:10:00
KP004806,KW11373,2025-11-30,CA,Desktop,4251,24.0,24,424,5.66,2025-11-30 17:12:00
KP004807,KW10597,2025-12-01,FR,Desktop,638,42.0,11,302,3.64,2025-12-01 11:52:00
KP004808,KW10262,2025-12-02,US,Mobile,5997,48.0,39,1084,3.6,2025-12-02 07:31:00
KP004809,KW10460,2025-12-03,US,Desktop,2842,2.0,123,538,22.86,2025-12-03 03:42:00
KP004810,KW10828,2025-12-04,AU,Desktop,822,20.0,6,118,5.08,2025-12-04 10:13:00
KP004811,KW11460,2025-12-05,CA,Desktop,1261,39.0,4,102,3.92,2025-12-05 07:50:00
KP004812,KW11717,2025-12-06,US,Desktop,2465,15.0,17,273,6.23,2025-12-06 01:45:00
KP004813,KW11671,2025-12-07,MX,Desktop,1047,16.0,19,299,6.35,2025-12-07 04:29:00
KP004814,KW11658,2025-12-08,JP,Mobile,5711,8.0,137,1594,8.59,2025-12-08 15:50:00
KP004815,KW11479,2025-12-09,UK,Tablet,2513,14.0,47,702,6.7,2025-12-09 15:52:00
KP004816,KW11279,2025-12-10,CA,Mobile,1681,35.0,29,542,5.35,2025-12-10 18:29:00
KP004817,KW10669,2025-12-11,DE,Mobile,2957,10.0,74,934,7.92,2025-12-11 16:39:00
KP004818,KW10399,2025-12-12,DE,Desktop,3881,5.0,168,1057,15.89,2025-12-12 15:50:00
KP004819,KW11047,2025-12-13,IN,Mobile,1194,15.0,18,250,7.2,2025-12-13 14:26:00
KP004820,KW11241,2025-12-14,DE,Desktop,4226,39.0,12,217,5.53,2025-12-14 01:53:00
KP004821,KW11902,2025-12-15,JP,Tablet,9729,11.0,117,1050,11.14,2025-12-15 07:29:00
KP004822,KW11738,2025-12-16,BR,Mobile,1748,2.0,206,839,24.55,2025-12-16 01:00:00
KP004823,KW11831,2025-12-17,IN,Mobile,1321,33.0,22,372,5.91,2025-12-17 04:13:00
KP004824,KW10210,2025-12-18,MX,Tablet,1796,46.0,49,985,4.97,2025-12-18 19:19:00
KP004825,KW10057,2025-12-19,AU,Desktop,535,24.0,8,168,4.76,2025-12-19 09:16:00
KP004826,KW10997,2025-12-20,DE,Mobile,5461,19.0,63,855,7.37,2025-12-20 11:11:00
KP004827,KW10913,2025-12-21,IN,Mobile,1904,18.0,18,348,5.17,2025-12-21 01:12:00
KP004828,KW10508,2025-12-22,AU,Mobile,684,45.0,6,133,4.51,2025-12-22 00:23:00
KP004829,KW10378,2025-12-23,IN,Desktop,1608,25.0,20,362,5.52,2025-12-23 09:34:00
KP004830,KW11154,2025-12-24,AU,Mobile,12079,46.0,47,1010,4.65,2025-12-24 20:34:00
KP004831,KW11492,2025-12-25,US,Mobile,371,14.0,4,49,8.16,2025-12-25 05:01:00
KP004832,KW10369,2025-12-26,FR,Mobile,1078,49.0,5,128,3.91,2025-12-26 08:06:00
KP004833,KW10437,2025-12-27,UK,Mobile,14379,37.0,211,4921,4.29,2025-12-27 06:38:00
KP004834,KW10234,2025-12-28,US,Desktop,483,47.0,3,117,2.56,2025-12-28 13:31:00
KP004835,KW10610,2025-12-29,UK,Mobile,2184,19.0,64,920,6.96,2025-12-29 04:40:00
KP004836,KW10225,2025-12-30,DE,Tablet,7775,46.0,141,3904,3.61,2025-12-30 23:57:00
KP004837,KW11301,2025-12-31,IN,Mobile,16514,33.0,214,4857,4.41,2025-12-31 08:56:00
KP004838,KW11605,2026-01-01,DE,Mobile,2687,39.0,72,1366,5.27,2026-01-01 00:40:00
KP004839,KW10480,2026-01-02,US,Mobile,9037,44.0,113,3280,3.45,2026-01-02 15:53:00
KP004840,KW11720,2026-01-03,AU,Desktop,2799,39.0,26,728,3.57,2026-01-03 16:24:00
KP004841,KW10330,2026-01-04,JP,Desktop,10092,48.0,89,1759,5.06,2026-01-04 20:01:00
KP004842,KW11272,2026-01-05,MX,Mobile,984,48.0,25,484,5.17,2026-01-05 06:21:00
KP004843,KW10670,2026-01-06,UK,Desktop,1507,8.0,40,306,13.07,2026-01-06 15:45:00
KP004844,KW10782,2026-01-07,MX,Desktop,11818,49.0,127,2770,4.58,2026-01-07 11:47:00
KP004845,KW10029,2026-01-08,CA,Desktop,3543,48.0,73,1620,4.51,2026-01-08 02:03:00
KP004846,KW11809,2026-01-09,AU,Mobile,3260,7.0,104,918,11.33,2026-01-09 01:27:00
KP004847,KW10885,2026-01-10,JP,Mobile,774,48.0,2,46,4.35,2026-01-10 00:31:00
KP004848,KW10187,2026-01-11,IN,Mobile,12298,41.0,80,1772,4.51,2026-01-11 05:50:00
KP004849,KW10986,2026-01-12,JP,Mobile,1228,12.0,32,318,10.06,2026-01-12 04:23:00
KP004850,KW10574,2026-01-13,US,Desktop,4645,45.0,30,830,3.61,2026-01-13 04:36:00
KP004851,KW11174,2026-01-14,US,Desktop,4034,9.0,106,976,10.86,2026-01-14 01:30:00
KP004852,KW11541,2026-01-15,AU,Desktop,312,48.0,1,34,2.94,2026-01-15 23:56:00
KP004853,KW11775,2026-01-16,DE,Mobile,1723,17.0,45,690,6.52,2026-01-16 12:42:00
KP004854,KW10047,2026-01-17,US,Mobile,2527,28.0,50,876,5.71,2026-01-17 03:34:00
KP004855,KW11251,2026-01-18,IN,Desktop,2786,6.0,95,720,13.19,2026-01-18 03:01:00
KP004856,KW11363,2026-01-19,AU,Desktop,5145,14.0,38,581,6.54,2026-01-19 03:14:00
KP004857,KW10403,2026-01-20,UK,Desktop,1358,17.0,28,353,7.93,2026-01-20 15:51:00
KP004858,KW11461,2026-01-21,US,Desktop,2060,28.0,8,150,5.33,2026-01-21 17:09:00
KP004859,KW10763,2026-01-22,US,Mobile,2879,23.0,78,1220,6.39,2026-01-22 15:28:00
KP004860,KW11179,2026-01-23,FR,Desktop,1348,26.0,32,543,5.89,2026-01-23 09:01:00
KP004861,KW11270,2026-01-24,FR,Desktop,686,7.0,24,183,13.11,2026-01-24 12:39:00
KP004862,KW10141,2026-01-25,IN,Tablet,5076,22.0,64,1048,6.11,2026-01-25 15:41:00
KP004863,KW11906,2026-01-26,AU,Mobile,1892,43.0,7,146,4.79,2026-01-26 08:55:00
KP004864,KW10225,2026-01-27,MX,Mobile,3299,31.0,54,1038,5.2,2026-01-27 19:28:00
KP004865,KW10424,2026-01-28,JP,Desktop,2779,41.0,14,309,4.53,2026-01-28 00:37:00
KP004866,KW10964,2026-01-29,AU,Mobile,1251,1.0,195,558,34.95,2026-01-29 11:36:00
KP004867,KW10370,2026-01-30,US,Desktop,7105,29.0,68,1075,6.33,2026-01-30 07:28:00
KP004868,KW10569,2026-01-31,FR,Desktop,7627,27.0,180,3611,4.98,2026-01-31 00:15:00
KP005111,KW10067,2025-10-01,BR,Mobile,2653,6.0,151,1258,12.0,2025-10-01 20:27:00
KP005112,KW11953,2025-10-02,BR,Desktop,2018,34.0,36,738,4.88,2025-10-02 01:09:00
KP005113,KW10843,2025-10-03,FR,Tablet,4160,21.0,59,1032,5.72,2025-10-03 02:29:00
KP005114,KW10771,2025-10-04,AU,Mobile,13942,38.0,89,1976,4.5,2025-10-04 15:56:00
KP005115,KW10756,2025-10-05,IN,Mobile,357,49.0,1,39,2.56,2025-10-05 19:21:00
KP005116,KW11760,2025-10-06,FR,Tablet,1580,2.0,99,422,23.46,2025-10-06 03:28:00
KP005117,KW11407,2025-10-07,DE,Desktop,4152,39.0,62,1264,4.91,2025-10-07 14:49:00
KP005118,KW10577,2025-10-08,US,Mobile,2984,35.0,19,322,5.9,2025-10-08 22:35:00
KP005119,KW10776,2025-10-09,US,Desktop,1305,48.0,10,323,3.1,2025-10-09 00:25:00
KP005120,KW10737,2025-10-10,JP,Desktop,3241,43.0,22,548,4.01,2025-10-10 09:16:00
KP005121,KW11786,2025-10-11,MX,Mobile,914,1.0,63,182,34.62,2025-10-11 06:49:00
KP005122,KW11551,2025-10-12,CA,Mobile,2563,50.0,58,1319,4.4,2025-10-12 07:57:00
KP005123,KW11154,2025-10-13,AU,Desktop,3818,41.0,20,418,4.78,2025-10-13 05:45:00
KP005124,KW11481,2025-10-14,JP,Mobile,3454,22.0,96,1261,7.61,2025-10-14 00:21:00
KP005125,KW10686,2025-10-15,AU,Mobile,1592,10.0,27,255,10.59,2025-10-15 07:36:00
KP005126,KW11237,2025-10-16,BR,Mobile,18501,4.0,210,1278,16.43,2025-10-16 00:08:00
KP005127,KW11915,2025-10-17,MX,Mobile,1368,42.0,4,110,3.64,2025-10-17 16:41:00
KP005128,KW11410,2025-10-18,CA,Tablet,493,36.0,7,149,4.7,2025-10-18 20:20:00
KP005129,KW10715,2025-10-19,DE,Mobile,2752,32.0,69,1284,5.37,2025-10-19 21:28:00
KP005130,KW11938,2025-10-20,FR,Desktop,9199,8.0,386,3133,12.32,2025-10-20 12:11:00
KP005131,KW10914,2025-10-21,MX,Mobile,1490,46.0,23,672,3.42,2025-10-21 20:06:00
KP005132,KW11738,2025-10-22,US,Desktop,3908,18.0,44,688,6.4,2025-10-22 10:41:00
KP005133,KW10842,2025-10-23,JP,Mobile,1127,40.0,6,180,3.33,2025-10-23 16:41:00
KP005134,KW10865,2025-10-24,FR,Desktop,17546,20.0,105,1259,8.34,2025-10-24 10:37:00
KP005135,KW11535,2025-10-25,AU,Desktop,12422,40.0,178,4885,3.64,2025-10-25 07:41:00
KP005136,KW11524,2025-10-26,DE,Desktop,888,22.0,16,246,6.5,2025-10-26 07:27:00
KP005137,KW10916,2025-10-27,UK,Mobile,6779,4.0,114,590,19.32,2025-10-27 17:37:00
KP005138,KW10907,2025-10-28,FR,Desktop,1008,22.0,33,532,6.2,2025-10-28 13:57:00
KP005139,KW10499,2025-10-29,DE,Mobile,5559,16.0,88,1491,5.9,2025-10-29 13:03:00
KP005140,KW11391,2025-10-30,AU,Desktop,2382,6.0,18,178,10.11,2025-10-30 17:15:00
KP005141,KW11806,2025-10-31,FR,Desktop,9412,17.0,229,2509,9.13,2025-10-31 23:17:00
KP005142,KW11435,2025-11-01,AU,Desktop,10026,8.0,61,516,11.82,2025-11-01 21:06:00
KP005143,KW10263,2025-11-02,JP,Desktop,2678,5.0,50,459,10.89,2025-11-02 12:00:00
KP005144,KW11226,2025-11-03,FR,Mobile,39734,35.0,402,9800,4.1,2025-11-03 22:34:00
KP005145,KW10688,2025-11-04,CA,Mobile,9484,12.0,187,1797,10.41,2025-11-04 03:49:00
KP005146,KW10540,2025-11-05,UK,Mobile,4366,20.0,44,763,5.77,2025-11-05 19:12:00
KP005147,KW10649,2025-11-06,DE,Desktop,4379,17.0,189,2184,8.65,2025-11-06 20:42:00
KP005148,KW10812,2025-11-07,BR,Desktop,6916,44.0,86,2427,3.54,2025-11-07 19:05:00
KP005149,KW10599,2025-11-08,UK,Desktop,5306,23.0,164,2407,6.81,2025-11-08 04:31:00
KP005150,KW10360,2025-11-09,US,Tablet,2192,27.0,23,347,6.63,2025-11-09 08:33:00
KP005151,KW11420,2025-11-10,CA,Desktop,1420,26.0,21,341,6.16,2025-11-10 19:12:00
KP005152,KW11592,2025-11-11,JP,Mobile,2393,42.0,59,1250,4.72,2025-11-11 14:07:00
KP005153,KW11173,2025-11-12,BR,Mobile,9352,22.0,154,3137,4.91,2025-11-12 09:58:00
KP005154,KW10956,2025-11-13,DE,Desktop,1683,15.0,17,273,6.23,2025-11-13 15:13:00
KP005155,KW10318,2025-11-14,BR,Desktop,27881,24.0,730,13737,5.31,2025-11-14 02:13:00
KP005156,KW10860,2025-11-15,JP,Desktop,1445,29.0,35,640,5.47,2025-11-15 05:54:00
KP005157,KW10445,2025-11-16,UK,Mobile,2149,30.0,46,1137,4.05,2025-11-16 00:22:00
KP005158,KW11021,2025-11-17,UK,Mobile,2529,15.0,73,1074,6.8,2025-11-17 22:32:00
KP005159,KW10991,2025-11-18,FR,Desktop,1141,46.0,20,552,3.62,2025-11-18 14:43:00
KP005160,KW10862,2025-11-19,US,Mobile,1769,28.0,20,304,6.58,2025-11-19 01:25:00
KP005161,KW10638,2025-11-20,US,Desktop,659,32.0,9,197,4.57,2025-11-20 19:15:00
KP005162,KW10677,2025-11-21,BR,Mobile,1692,33.0,17,325,5.23,2025-11-21 15:15:00
KP005163,KW10905,2025-11-22,JP,Desktop,4652,29.0,19,338,5.62,2025-11-22 08:45:00
KP005164,KW10510,2025-11-23,JP,Desktop,1840,38.0,18,345,5.22,2025-11-23 17:30:00
KP005165,KW10310,2025-11-24,AU,Mobile,1954,33.0,52,854,6.09,2025-11-24 20:51:00
KP005166,KW10402,2025-11-25,BR,Desktop,20627,4.0,1447,7597,19.05,2025-11-25 12:20:00
KP005167,KW10099,2025-11-26,IN,Desktop,654,28.0,2,57,3.51,2025-11-26 21:41:00
KP005168,KW10045,2025-11-27,UK,Mobile,5382,38.0,99,2790,3.55,2025-11-27 15:35:00
KP005169,KW11906,2025-11-28,US,Mobile,4157,30.0,113,2162,5.23,2025-11-28 08:33:00
KP005170,KW11396,2025-11-29,AU,Mobile,2548,40.0,13,343,3.79,2025-11-29 21:50:00
KP005171,KW10045,2025-11-30,CA,Desktop,1900,44.0,40,762,5.25,2025-11-30 17:19:00
KP005172,KW11680,2025-12-01,JP,Mobile,4709,47.0,85,2562,3.32,2025-12-01 11:43:00
KP005173,KW11375,2025-12-02,UK,Desktop,3827,24.0,95,1747,5.44,2025-12-02 08:49:00
KP005174,KW11804,2025-12-03,JP,Desktop,1097,22.0,19,345,5.51,2025-12-03 00:18:00
KP005175,KW11216,2025-12-04,FR,Mobile,9579,35.0,30,725,4.14,2025-12-04 18:25:00
KP005176,KW10049,2025-12-05,FR,Desktop,1364,26.0,7,130,5.38,2025-12-05 13:46:00
KP005177,KW11499,2025-12-06,IN,Mobile,20092,39.0,90,2031,4.43,2025-12-06 16:56:00
KP005178,KW11259,2025-12-07,CA,Desktop,2181,23.0,60,888,6.76,2025-12-07 22:18:00
KP005179,KW10209,2025-12-08,IN,Desktop,7676,25.0,158,2259,6.99,2025-12-08 03:55:00
KP005180,KW11260,2025-12-09,BR,Mobile,1004,44.0,19,386,4.92,2025-12-09 00:32:00
KP005181,KW10149,2025-12-10,UK,Desktop,4648,32.0,70,1302,5.38,2025-12-10 05:28:00
KP005182,KW10411,2025-12-11,UK,Desktop,4337,35.0,107,2244,4.77,2025-12-11 05:11:00
KP005183,KW11297,2025-12-12,US,Desktop,382,23.0,9,126,7.14,2025-12-12 17:44:00
KP005184,KW10954,2025-12-13,UK,Mobile,2830,29.0,39,737,5.29,2025-12-13 19:39:00
KP005185,KW11767,2025-12-14,JP,Mobile,21885,43.0,89,2202,4.04,2025-12-14 04:28:00
KP005186,KW11566,2025-12-15,DE,Desktop,1943,1.0,221,633,34.91,2025-12-15 12:15:00
KP005187,KW10159,2025-12-16,AU,Desktop,2701,45.0,36,708,5.08,2025-12-16 00:30:00
KP005188,KW10418,2025-12-17,MX,Desktop,7172,22.0,140,2033,6.89,2025-12-17 19:10:00
KP005189,KW10311,2025-12-18,IN,Mobile,2283,47.0,45,874,5.15,2025-12-18 22:06:00
KP005190,KW10082,2025-12-19,BR,Desktop,1002,47.0,15,328,4.57,2025-12-19 00:10:00
KP005191,KW11448,2025-12-20,AU,Desktop,3296,44.0,20,421,4.75,2025-12-20 01:00:00
KP005192,KW10163,2025-12-21,BR,Mobile,14838,2.0,782,3544,22.07,2025-12-21 19:37:00
KP005193,KW10099,2025-12-22,UK,Desktop,1848,36.0,43,769,5.59,2025-12-22 15:49:00
KP005194,KW10951,2025-12-23,FR,Desktop,771,4.0,48,294,16.33,2025-12-23 13:52:00
KP005195,KW11851,2025-12-24,UK,Mobile,1467,3.0,76,404,18.81,2025-12-24 00:42:00
KP005196,KW10856,2025-12-25,AU,Mobile,1716,11.0,80,746,10.72,2025-12-25 06:30:00
KP005197,KW10457,2025-12-26,IN,Desktop,10439,12.0,288,3476,8.29,2025-12-26 16:27:00
KP005198,KW10128,2025-12-27,CA,Desktop,1012,25.0,27,478,5.65,2025-12-27 01:18:00
KP005199,KW10123,2025-12-28,AU,Desktop,6984,50.0,47,975,4.82,2025-12-28 11:11:00
KP005200,KW11199,2025-12-29,IN,Desktop,1690,12.0,17,213,7.98,2025-12-29 02:39:00
KP005201,KW11290,2025-12-30,AU,Desktop,7552,45.0,95,2311,4.11,2025-12-30 22:13:00
KP005202,KW10127,2025-12-31,AU,Desktop,4001,21.0,38,765,4.97,2025-12-31 06:13:00
KP005203,KW10756,2026-01-01,IN,Desktop,5566,39.0,65,1311,4.96,2026-01-01 15:11:00
KP005204,KW11226,2026-01-02,FR,Desktop,2511,7.0,96,656,14.63,2026-01-02 04:36:00
KP005205,KW10078,2026-01-03,MX,Desktop,506,9.0,9,97,9.28,2026-01-03 07:46:00
KP005206,KW10211,2026-01-04,FR,Mobile,9343,25.0,115,1903,6.04,2026-01-04 08:12:00
KP005207,KW10145,2026-01-05,US,Mobile,994,17.0,29,351,8.26,2026-01-05 20:03:00
KP005208,KW10437,2026-01-06,DE,Mobile,10635,45.0,128,2726,4.7,2026-01-06 08:34:00
KP005209,KW10478,2026-01-07,IN,Desktop,3500,11.0,114,1168,9.76,2026-01-07 00:33:00
KP005210,KW11008,2026-01-08,CA,Mobile,1345,11.0,35,439,7.97,2026-01-08 05:25:00
KP005211,KW11612,2026-01-09,CA,Desktop,8257,27.0,111,2158,5.14,2026-01-09 16:35:00
KP005212,KW11862,2026-01-10,AU,Mobile,1975,3.0,171,939,18.21,2026-01-10 01:23:00
KP005213,KW10249,2026-01-11,US,Mobile,12794,10.0,76,882,8.62,2026-01-11 20:20:00
KP005214,KW11679,2026-01-12,AU,Tablet,1266,45.0,11,265,4.15,2026-01-12 12:32:00
KP005215,KW10315,2026-01-13,CA,Desktop,1869,48.0,47,945,4.97,2026-01-13 22:17:00
KP005216,KW11749,2026-01-14,JP,Mobile,3240,22.0,105,1678,6.26,2026-01-14 20:44:00
KP005217,KW10325,2026-01-15,FR,Mobile,6238,31.0,17,353,4.82,2026-01-15 20:07:00
KP005218,KW10111,2026-01-16,MX,Mobile,1722,38.0,6,125,4.8,2026-01-16 04:24:00
KP005219,KW10490,2026-01-17,FR,Mobile,1599,10.0,26,333,7.81,2026-01-17 05:06:00
KP005220,KW10923,2026-01-18,DE,Desktop,5714,22.0,65,1099,5.91,2026-01-18 15:14:00
KP005221,KW10096,2026-01-19,IN,Mobile,4069,45.0,33,812,4.06,2026-01-19 22:04:00
KP005222,KW10840,2026-01-20,AU,Mobile,2706,47.0,29,691,4.2,2026-01-20 14:42:00
KP005223,KW11135,2026-01-21,UK,Mobile,4967,25.0,158,2385,6.62,2026-01-21 22:02:00
KP005224,KW11906,2026-01-22,JP,Mobile,1075,18.0,3,56,5.36,2026-01-22 11:58:00
KP005225,KW11929,2026-01-23,MX,Desktop,3105,10.0,129,1183,10.9,2026-01-23 19:54:00
KP005226,KW10492,2026-01-24,CA,Desktop,2826,41.0,81,1531,5.29,2026-01-24 01:55:00
KP005227,KW11615,2026-01-25,BR,Mobile,13409,2.0,1525,5748,26.53,2026-01-25 14:15:00
KP005228,KW11062,2026-01-26,CA,Mobile,6647,10.0,340,3408,9.98,2026-01-26 00:57:00
KP005229,KW10229,2026-01-27,BR,Desktop,326,10.0,4,46,8.7,2026-01-27 13:38:00
KP005230,KW10377,2026-01-28,AU,Tablet,1380,9.0,17,148,11.49,2026-01-28 07:47:00
KP005231,KW11154,2026-01-29,IN,Desktop,7286,25.0,177,3418,5.18,2026-01-29 01:06:00
KP005232,KW11841,2026-01-30,AU,Mobile,6435,46.0,58,1293,4.49,2026-01-30 19:44:00
KP005233,KW10759,2026-01-31,UK,Desktop,6259,6.0,257,1937,13.27,2026-01-31 20:57:00
KP005476,KW10247,2025-10-01,IN,Desktop,8855,39.0,74,1728,4.28,2025-10-01 03:20:00
KP005477,KW10042,2025-10-02,AU,Desktop,1109,31.0,9,146,6.16,2025-10-02 14:38:00
KP005478,KW11353,2025-10-03,FR,Desktop,6643,35.0,26,549,4.74,2025-10-03 09:31:00
KP005479,KW11788,2025-10-04,BR,Desktop,2460,26.0,53,754,7.03,2025-10-04 19:18:00
KP005480,KW10063,2025-10-05,DE,Desktop,1371,41.0,7,228,3.07,2025-10-05 01:42:00
KP005481,KW10959,2025-10-06,CA,Mobile,1103,24.0,32,568,5.63,2025-10-06 00:05:00
KP005482,KW10817,2025-10-07,JP,Desktop,4334,32.0,74,1686,4.39,2025-10-07 03:03:00
KP005483,KW10929,2025-10-08,MX,Desktop,3774,25.0,54,907,5.95,2025-10-08 14:35:00
KP005484,KW11058,2025-10-09,AU,Mobile,2708,49.0,38,1151,3.3,2025-10-09 19:22:00
KP005485,KW11837,2025-10-10,IN,Mobile,5233,14.0,195,2389,8.16,2025-10-10 18:52:00
KP005486,KW11327,2025-10-11,DE,Desktop,2062,36.0,18,422,4.27,2025-10-11 19:49:00
KP005487,KW11331,2025-10-12,FR,Desktop,3592,47.0,30,745,4.03,2025-10-12 12:15:00
KP005488,KW10936,2025-10-13,UK,Mobile,6266,27.0,164,3112,5.27,2025-10-13 16:22:00
KP005489,KW10204,2025-10-14,AU,Mobile,2487,1.0,441,1347,32.74,2025-10-14 18:58:00
KP005490,KW10795,2025-10-15,IN,Desktop,2093,15.0,83,1043,7.96,2025-10-15 04:10:00
KP005491,KW11832,2025-10-16,CA,Mobile,1269,43.0,30,640,4.69,2025-10-16 08:33:00
KP005492,KW10525,2025-10-17,CA,Desktop,1119,33.0,24,393,6.11,2025-10-17 17:17:00
KP005493,KW11904,2025-10-18,UK,Desktop,3197,24.0,66,1176,5.61,2025-10-18 04:16:00
KP005494,KW10067,2025-10-19,CA,Tablet,503,12.0,14,151,9.27,2025-10-19 06:44:00
KP005495,KW10618,2025-10-20,MX,Desktop,515,13.0,10,119,8.4,2025-10-20 14:00:00
KP005496,KW10204,2025-10-21,JP,Mobile,2630,15.0,30,306,9.8,2025-10-21 23:49:00
KP005497,KW11653,2025-10-22,FR,Mobile,3464,32.0,52,1260,4.13,2025-10-22 09:55:00
KP005498,KW10834,2025-10-23,IN,Mobile,587,14.0,6,98,6.12,2025-10-23 13:19:00
KP005499,KW10292,2025-10-24,JP,Mobile,1113,9.0,55,543,10.13,2025-10-24 23:00:00
KP005500,KW10648,2025-10-25,UK,Desktop,796,13.0,21,249,8.43,2025-10-25 07:51:00
KP005501,KW11764,2025-10-26,IN,Mobile,1280,48.0,19,489,3.89,2025-10-26 00:33:00
KP005502,KW11510,2025-10-27,DE,Mobile,4301,33.0,95,1532,6.2,2025-10-27 06:28:00
KP005503,KW11898,2025-10-28,IN,Desktop,1922,11.0,14,180,7.78,2025-10-28 12:27:00
KP005504,KW11661,2025-10-29,AU,Mobile,1352,37.0,18,485,3.71,2025-10-29 10:49:00
KP005505,KW11242,2025-10-30,BR,Mobile,5011,7.0,182,1514,12.02,2025-10-30 10:17:00
KP005506,KW10851,2025-10-31,DE,Mobile,570,10.0,14,133,10.53,2025-10-31 19:40:00
KP005507,KW10833,2025-11-01,CA,Desktop,4488,10.0,200,2387,8.38,2025-11-01 11:58:00
KP005508,KW11369,2025-11-02,DE,Desktop,15974,46.0,380,7602,5.0,2025-11-02 02:41:00
KP005509,KW10017,2025-11-03,IN,Mobile,3242,11.0,71,816,8.7,2025-11-03 20:08:00
KP005510,KW11491,2025-11-04,CA,Mobile,4337,13.0,232,2214,10.48,2025-11-04 17:49:00
KP005511,KW10523,2025-11-05,CA,Desktop,4329,22.0,51,960,5.31,2025-11-05 10:43:00
KP005512,KW10498,2025-11-06,FR,Mobile,3239,38.0,71,1403,5.06,2025-11-06 14:05:00
KP005513,KW10294,2025-11-07,BR,Desktop,2547,24.0,58,859,6.75,2025-11-07 00:52:00
KP005514,KW11094,2025-11-08,BR,Desktop,1298,3.0,97,616,15.75,2025-11-08 04:48:00
KP005515,KW10233,2025-11-09,IN,Mobile,6356,37.0,92,2002,4.6,2025-11-09 16:50:00
KP005516,KW11118,2025-11-10,FR,Desktop,1016,40.0,16,380,4.21,2025-11-10 01:53:00
KP005517,KW11870,2025-11-11,MX,Mobile,1543,41.0,27,565,4.78,2025-11-11 12:23:00
KP005518,KW12000,2025-11-12,AU,Mobile,8581,38.0,34,591,5.75,2025-11-12 09:08:00
KP005519,KW10060,2025-11-13,UK,Mobile,1270,38.0,29,548,5.29,2025-11-13 21:20:00
KP005520,KW11408,2025-11-14,BR,Tablet,1546,24.0,48,643,7.47,2025-11-14 05:38:00
KP005521,KW10966,2025-11-15,IN,Desktop,487,12.0,19,259,7.34,2025-11-15 12:59:00
KP005522,KW11839,2025-11-16,MX,Mobile,2973,21.0,14,259,5.41,2025-11-16 12:34:00
KP005523,KW11998,2025-11-17,MX,Mobile,204,3.0,8,43,18.6,2025-11-17 07:14:00
KP005524,KW11056,2025-11-18,FR,Mobile,2105,35.0,38,1034,3.68,2025-11-18 00:01:00
KP005525,KW11814,2025-11-19,DE,Desktop,3721,16.0,100,1116,8.96,2025-11-19 06:48:00
KP005526,KW11891,2025-11-20,CA,Desktop,3464,44.0,88,1787,4.92,2025-11-20 08:28:00
KP005527,KW11329,2025-11-21,BR,Desktop,8633,48.0,120,2990,4.01,2025-11-21 20:23:00
KP005528,KW11378,2025-11-22,US,Desktop,5875,7.0,159,1203,13.22,2025-11-22 18:51:00
KP005529,KW11066,2025-11-23,IN,Mobile,11229,21.0,298,3786,7.87,2025-11-23 20:39:00
KP005530,KW10106,2025-11-24,BR,Mobile,2187,20.0,16,194,8.25,2025-11-24 13:22:00
KP005531,KW11494,2025-11-25,BR,Mobile,1145,22.0,24,341,7.04,2025-11-25 00:45:00
KP005532,KW11397,2025-11-26,IN,Tablet,5294,8.0,149,1214,12.27,2025-11-26 08:42:00
KP005533,KW10508,2025-11-27,BR,Desktop,1883,28.0,10,153,6.54,2025-11-27 23:13:00
KP005534,KW11111,2025-11-28,IN,Mobile,1416,9.0,59,566,10.42,2025-11-28 10:42:00
KP005535,KW10181,2025-11-29,AU,Mobile,5355,4.0,215,1061,20.26,2025-11-29 02:15:00
KP005536,KW10870,2025-11-30,FR,Mobile,939,9.0,44,391,11.25,2025-11-30 23:33:00
KP005537,KW11914,2025-12-01,BR,Mobile,519,10.0,27,278,9.71,2025-12-01 05:44:00
KP005538,KW11284,2025-12-02,MX,Mobile,9672,36.0,81,1606,5.04,2025-12-02 23:06:00
KP005539,KW11279,2025-12-03,FR,Mobile,4117,5.0,214,1206,17.74,2025-12-03 20:52:00
KP005540,KW10955,2025-12-04,JP,Mobile,1382,14.0,20,292,6.85,2025-12-04 12:51:00
KP005541,KW10469,2025-12-05,UK,Mobile,1675,45.0,8,217,3.69,2025-12-05 03:42:00
KP005542,KW10969,2025-12-06,UK,Desktop,684,36.0,4,123,3.25,2025-12-06 23:05:00
KP005543,KW10924,2025-12-07,JP,Mobile,5797,2.0,640,2291,27.94,2025-12-07 22:23:00
KP005544,KW10038,2025-12-08,AU,Desktop,1809,36.0,32,602,5.32,2025-12-08 12:11:00
KP005545,KW11179,2025-12-09,FR,Mobile,2940,16.0,48,789,6.08,2025-12-09 23:01:00
KP005546,KW11704,2025-12-10,AU,Desktop,2375,37.0,29,596,4.87,2025-12-10 07:10:00
KP005547,KW10705,2025-12-11,JP,Desktop,7408,40.0,99,1942,5.1,2025-12-11 03:04:00
KP005548,KW11857,2025-12-12,AU,Mobile,3475,24.0,82,1247,6.58,2025-12-12 12:34:00
KP005549,KW11363,2025-12-13,US,Mobile,2596,8.0,21,226,9.29,2025-12-13 08:49:00
KP005550,KW11052,2025-12-14,FR,Mobile,736,37.0,19,353,5.38,2025-12-14 00:57:00
KP005551,KW11319,2025-12-15,MX,Desktop,1647,36.0,35,611,5.73,2025-12-15 21:51:00
KP005552,KW11088,2025-12-16,UK,Mobile,6076,41.0,132,2505,5.27,2025-12-16 22:09:00
KP005553,KW11071,2025-12-17,MX,Mobile,6032,2.0,312,1229,25.39,2025-12-17 06:24:00
KP005554,KW10784,2025-12-18,MX,Mobile,5567,18.0,29,364,7.97,2025-12-18 20:02:00
KP005555,KW10613,2025-12-19,DE,Mobile,3037,12.0,16,179,8.94,2025-12-19 22:25:00
KP005556,KW11737,2025-12-20,AU,Desktop,4671,48.0,55,1406,3.91,2025-12-20 09:36:00
KP005557,KW11404,2025-12-21,MX,Mobile,4691,33.0,101,2022,5.0,2025-12-21 10:06:00
KP005558,KW10543,2025-12-22,CA,Desktop,8494,27.0,286,4146,6.9,2025-12-22 17:24:00
KP005559,KW10637,2025-12-23,CA,Mobile,2042,25.0,44,810,5.43,2025-12-23 20:14:00
KP005560,KW11327,2025-12-24,UK,Mobile,2119,46.0,18,374,4.81,2025-12-24 03:04:00
KP005561,KW10408,2025-12-25,US,Mobile,2965,33.0,56,1206,4.64,2025-12-25 02:26:00
KP005562,KW11410,2025-12-26,FR,Desktop,2639,44.0,47,1201,3.91,2025-12-26 09:35:00
KP005563,KW11388,2025-12-27,CA,Desktop,2282,44.0,36,686,5.25,2025-12-27 23:08:00
KP005564,KW10305,2025-12-28,MX,Desktop,946,48.0,15,299,5.02,2025-12-28 01:49:00
KP005565,KW10921,2025-12-29,MX,Desktop,1076,14.0,43,475,9.05,2025-12-29 10:11:00
KP005566,KW11174,2025-12-30,UK,Mobile,2323,41.0,38,795,4.78,2025-12-30 15:37:00
KP005567,KW10534,2025-12-31,US,Mobile,1038,43.0,9,251,3.59,2025-12-31 09:31:00
KP005568,KW11138,2026-01-01,BR,Desktop,3629,41.0,11,241,4.56,2026-01-01 10:06:00
KP005569,KW10848,2026-01-02,DE,Desktop,3934,19.0,54,931,5.8,2026-01-02 20:09:00
KP005570,KW10320,2026-01-03,US,Desktop,5003,48.0,25,645,3.88,2026-01-03 17:08:00
KP005571,KW10204,2026-01-04,DE,Tablet,2850,49.0,13,270,4.81,2026-01-04 03:37:00
KP005572,KW11624,2026-01-05,FR,Desktop,2195,38.0,45,950,4.74,2026-01-05 09:55:00
KP005573,KW10114,2026-01-06,MX,Desktop,3923,43.0,77,1502,5.13,2026-01-06 00:55:00
KP005574,KW10639,2026-01-07,FR,Mobile,1415,28.0,41,686,5.98,2026-01-07 12:35:00
KP005575,KW10956,2026-01-08,IN,Mobile,9823,9.0,594,5334,11.14,2026-01-08 12:27:00
KP005576,KW10839,2026-01-09,IN,Desktop,3908,31.0,117,2049,5.71,2026-01-09 03:19:00
KP005577,KW11338,2026-01-10,FR,Desktop,2138,14.0,52,840,6.19,2026-01-10 16:11:00
KP005578,KW11599,2026-01-11,BR,Mobile,2778,4.0,38,235,16.17,2026-01-11 15:13:00
KP005579,KW11695,2026-01-12,UK,Desktop,699,4.0,7,39,17.95,2026-01-12 22:46:00
KP005580,KW11784,2026-01-13,JP,Mobile,772,44.0,8,180,4.44,2026-01-13 06:46:00
KP005581,KW10673,2026-01-14,FR,Desktop,1004,34.0,18,346,5.2,2026-01-14 15:27:00
KP005582,KW11466,2026-01-15,IN,Mobile,6886,1.0,221,632,34.97,2026-01-15 01:21:00
KP005583,KW11220,2026-01-16,IN,Desktop,723,14.0,8,142,5.63,2026-01-16 02:06:00
KP005584,KW11497,2026-01-17,FR,Desktop,2273,47.0,32,782,4.09,2026-01-17 12:13:00
KP005585,KW10694,2026-01-18,FR,Mobile,147,2.0,13,71,18.31,2026-01-18 22:45:00
KP005586,KW11832,2026-01-19,BR,Desktop,2185,31.0,8,183,4.37,2026-01-19 16:46:00
KP005587,KW11294,2026-01-20,MX,Mobile,1387,47.0,18,439,4.1,2026-01-20 18:45:00
KP005588,KW10840,2026-01-21,BR,Mobile,1509,19.0,11,136,8.09,2026-01-21 18:49:00
KP005589,KW10797,2026-01-22,BR,Mobile,1032,5.0,54,446,12.11,2026-01-22 22:24:00
KP005590,KW10405,2026-01-23,MX,Desktop,1924,19.0,70,917,7.63,2026-01-23 19:25:00
KP005591,KW10510,2026-01-24,JP,Mobile,1694,2.0,131,511,25.64,2026-01-24 22:56:00
KP005592,KW10999,2026-01-25,US,Mobile,1038,8.0,67,531,12.62,2026-01-25 11:41:00
KP005593,KW10200,2026-01-26,AU,Mobile,1321,14.0,28,285,9.82,2026-01-26 08:34:00
KP005594,KW10985,2026-01-27,IN,Mobile,5216,13.0,55,727,7.57,2026-01-27 17:52:00
KP005595,KW11254,2026-01-28,UK,Desktop,5475,13.0,85,995,8.54,2026-01-28 10:58:00
KP005596,KW11245,2026-01-29,UK,Desktop,2675,43.0,53,1261,4.2,2026-01-29 04:43:00
KP005597,KW10102,2026-01-30,CA,Mobile,5491,1.0,572,1846,30.99,2026-01-30 14:40:00
KP005598,KW10287,2026-01-31,JP,Mobile,7811,4.0,646,3706,17.43,2026-01-31 14:47:00
KP005841,KW11714,2025-10-01,UK,Mobile,2003,5.0,57,341,16.72,2025-10-01 03:36:00
KP005842,KW10616,2025-10-02,FR,Desktop,1146,30.0,5,91,5.49,2025-10-02 17:28:00
KP005843,KW10723,2025-10-03,BR,Mobile,5887,48.0,41,1220,3.36,2025-10-03 09:26:00
KP005844,KW11303,2025-10-04,JP,Desktop,4940,5.0,200,1305,15.33,2025-10-04 12:08:00
KP005845,KW10828,2025-10-05,DE,Mobile,597,29.0,3,78,3.85,2025-10-05 14:41:00
KP005846,KW10698,2025-10-06,DE,Mobile,1640,46.0,45,871,5.17,2025-10-06 01:05:00
KP005847,KW11465,2025-10-07,DE,Desktop,5484,28.0,54,967,5.58,2025-10-07 16:33:00
KP005848,KW10485,2025-10-08,MX,Mobile,1423,27.0,30,641,4.68,2025-10-08 06:20:00
KP005849,KW10383,2025-10-09,DE,Mobile,610,26.0,2,41,4.88,2025-10-09 12:55:00
KP005850,KW10537,2025-10-10,DE,Desktop,5255,23.0,120,2458,4.88,2025-10-10 13:30:00
KP005851,KW11325,2025-10-11,JP,Desktop,3587,25.0,100,1893,5.28,2025-10-11 23:29:00
KP005852,KW11344,2025-10-12,IN,Desktop,6896,26.0,50,1086,4.6,2025-10-12 19:16:00
KP005853,KW11309,2025-10-13,IN,Mobile,8862,9.0,362,4521,8.01,2025-10-13 07:31:00
KP005854,KW10633,2025-10-14,IN,Desktop,1977,6.0,105,695,15.11,2025-10-14 08:57:00
KP005855,KW10101,2025-10-15,MX,Mobile,2231,35.0,22,556,3.96,2025-10-15 02:17:00
KP005856,KW11186,2025-10-16,DE,Mobile,1448,8.0,35,335,10.45,2025-10-16 03:40:00
KP005857,KW11096,2025-10-17,AU,Mobile,7992,31.0,182,2783,6.54,2025-10-17 22:22:00
KP005858,KW11022,2025-10-18,DE,Desktop,1691,41.0,5,141,3.55,2025-10-18 21:13:00
KP005859,KW11641,2025-10-19,CA,Mobile,5101,9.0,227,1967,11.54,2025-10-19 12:09:00
KP005860,KW11962,2025-10-20,AU,Tablet,2177,4.0,60,485,12.37,2025-10-20 07:04:00
KP005861,KW11214,2025-10-21,CA,Desktop,114,25.0,3,48,6.25,2025-10-21 21:35:00
KP005862,KW10988,2025-10-22,UK,Mobile,2030,5.0,66,392,16.84,2025-10-22 15:04:00
KP005863,KW11677,2025-10-23,MX,Mobile,493,24.0,3,52,5.77,2025-10-23 06:57:00
KP005864,KW11107,2025-10-24,JP,Mobile,23494,41.0,313,7297,4.29,2025-10-24 23:08:00
KP005865,KW11796,2025-10-25,IN,Mobile,12560,10.0,701,6874,10.2,2025-10-25 13:11:00
KP005866,KW10445,2025-10-26,IN,Desktop,510,21.0,5,82,6.1,2025-10-26 08:32:00
KP005867,KW11109,2025-10-27,FR,Desktop,17211,49.0,234,5864,3.99,2025-10-27 13:18:00
KP005868,KW10504,2025-10-28,US,Desktop,2304,46.0,9,254,3.54,2025-10-28 02:20:00
KP005869,KW11452,2025-10-29,FR,Desktop,441,27.0,9,148,6.08,2025-10-29 14:59:00
KP005870,KW11264,2025-10-30,FR,Mobile,4210,8.0,98,909,10.78,2025-10-30 00:18:00
KP005871,KW11928,2025-10-31,JP,Desktop,873,37.0,11,246,4.47,2025-10-31 07:36:00
KP005872,KW10862,2025-11-01,AU,Desktop,10630,15.0,98,1623,6.04,2025-11-01 12:11:00
KP005873,KW10910,2025-11-02,MX,Mobile,1669,17.0,42,713,5.89,2025-11-02 17:55:00
KP005874,KW10784,2025-11-03,DE,Desktop,1187,17.0,25,406,6.16,2025-11-03 11:04:00
KP005875,KW11597,2025-11-04,US,Mobile,2784,27.0,61,1086,5.62,2025-11-04 09:54:00
KP005876,KW10380,2025-11-05,BR,Mobile,5854,16.0,145,1904,7.62,2025-11-05 00:40:00
KP005877,KW11196,2025-11-06,JP,Desktop,4664,28.0,68,1065,6.38,2025-11-06 21:53:00
KP005878,KW11513,2025-11-07,AU,Mobile,11217,26.0,328,4868,6.74,2025-11-07 17:44:00
KP005879,KW10273,2025-11-08,FR,Desktop,2053,16.0,44,608,7.24,2025-11-08 16:42:00
KP005880,KW11415,2025-11-09,AU,Desktop,4594,22.0,134,1984,6.75,2025-11-09 13:10:00
KP005881,KW11757,2025-11-10,MX,Desktop,5845,30.0,143,2288,6.25,2025-11-10 18:34:00
KP005882,KW11423,2025-11-11,IN,Mobile,10374,8.0,384,4499,8.54,2025-11-11 04:07:00
KP005883,KW10853,2025-11-12,BR,Mobile,3128,40.0,11,320,3.44,2025-11-12 13:24:00
KP005884,KW11166,2025-11-13,US,Mobile,1852,8.0,44,375,11.73,2025-11-13 11:10:00
KP005885,KW10434,2025-11-14,AU,Mobile,6105,2.0,353,1578,22.37,2025-11-14 09:55:00
KP005886,KW10510,2025-11-15,FR,Mobile,645,47.0,7,189,3.7,2025-11-15 13:32:00
KP005887,KW10463,2025-11-16,MX,Desktop,4539,30.0,40,660,6.06,2025-11-16 13:43:00
KP005888,KW10258,2025-11-17,US,Mobile,1747,31.0,37,801,4.62,2025-11-17 22:32:00
KP005889,KW10792,2025-11-18,IN,Mobile,33927,13.0,594,8412,7.06,2025-11-18 07:26:00
KP005890,KW11843,2025-11-19,US,Desktop,965,50.0,12,274,4.38,2025-11-19 23:16:00
KP005891,KW11845,2025-11-20,UK,Mobile,1519,7.0,106,831,12.76,2025-11-20 02:00:00
KP005892,KW11090,2025-11-21,IN,Mobile,8985,49.0,36,782,4.6,2025-11-21 12:16:00
KP005893,KW10916,2025-11-22,JP,Desktop,3147,20.0,74,1131,6.54,2025-11-22 19:45:00
KP005894,KW10714,2025-11-23,DE,Mobile,1985,49.0,41,949,4.32,2025-11-23 20:34:00
KP005895,KW10485,2025-11-24,UK,Desktop,1932,5.0,64,483,13.25,2025-11-24 04:34:00
KP005896,KW10368,2025-11-25,CA,Mobile,5848,39.0,13,313,4.15,2025-11-25 10:07:00
KP005897,KW10079,2025-11-26,MX,Mobile,1193,29.0,13,324,4.01,2025-11-26 04:00:00
KP005898,KW10210,2025-11-27,MX,Desktop,19182,30.0,439,7770,5.65,2025-11-27 07:41:00
KP005899,KW11762,2025-11-28,JP,Desktop,3491,19.0,77,1185,6.5,2025-11-28 17:02:00
KP005900,KW10577,2025-11-29,JP,Desktop,5664,25.0,136,2552,5.33,2025-11-29 19:50:00
KP005901,KW11073,2025-11-30,DE,Desktop,5861,23.0,103,1531,6.73,2025-11-30 09:53:00
KP005902,KW10257,2025-12-01,UK,Desktop,2614,38.0,20,481,4.16,2025-12-01 14:03:00
KP005903,KW11388,2025-12-02,UK,Desktop,2987,50.0,54,1175,4.6,2025-12-02 02:32:00
KP005904,KW11815,2025-12-03,JP,Mobile,3160,38.0,25,630,3.97,2025-12-03 02:25:00
KP005905,KW10438,2025-12-04,MX,Desktop,1928,28.0,17,386,4.4,2025-12-04 03:39:00
KP005906,KW11902,2025-12-05,MX,Mobile,3151,50.0,42,967,4.34,2025-12-05 22:07:00
KP005907,KW10417,2025-12-06,US,Mobile,722,50.0,11,264,4.17,2025-12-06 17:15:00
KP005908,KW11802,2025-12-07,IN,Desktop,3259,35.0,55,1349,4.08,2025-12-07 20:21:00
KP005909,KW10714,2025-12-08,DE,Desktop,1084,18.0,4,58,6.9,2025-12-08 10:59:00
KP005910,KW11304,2025-12-09,UK,Desktop,852,8.0,46,448,10.27,2025-12-09 01:38:00
KP005911,KW11974,2025-12-10,DE,Desktop,2414,46.0,8,210,3.81,2025-12-10 16:22:00
KP005912,KW11722,2025-12-11,AU,Desktop,1261,26.0,26,526,4.94,2025-12-11 19:07:00
KP005913,KW10328,2025-12-12,CA,Tablet,4784,14.0,122,1901,6.42,2025-12-12 16:31:00
KP005914,KW11906,2025-12-13,BR,Mobile,1243,36.0,12,324,3.7,2025-12-13 16:21:00
KP005915,KW10110,2025-12-14,UK,Desktop,12681,28.0,203,3777,5.37,2025-12-14 16:46:00
KP005916,KW11982,2025-12-15,JP,Desktop,1690,49.0,21,542,3.87,2025-12-15 01:17:00
KP005917,KW10945,2025-12-16,AU,Desktop,705,37.0,11,218,5.05,2025-12-16 02:09:00
KP005918,KW11123,2025-12-17,AU,Desktop,1739,6.0,51,390,13.08,2025-12-17 04:48:00
KP005919,KW10969,2025-12-18,DE,Mobile,1838,15.0,78,809,9.64,2025-12-18 02:24:00
KP005920,KW10572,2025-12-19,UK,Desktop,6704,46.0,47,1283,3.66,2025-12-19 09:36:00
KP005921,KW10887,2025-12-20,UK,Mobile,2551,39.0,41,1151,3.56,2025-12-20 22:15:00
KP005922,KW11236,2025-12-21,IN,Mobile,7833,41.0,52,1265,4.11,2025-12-21 19:01:00
KP005923,KW11281,2025-12-22,JP,Mobile,1952,38.0,22,393,5.6,2025-12-22 23:37:00
KP005924,KW11044,2025-12-23,MX,Desktop,7893,43.0,99,2520,3.93,2025-12-23 07:34:00
KP005925,KW11734,2025-12-24,US,Desktop,2313,15.0,60,776,7.73,2025-12-24 22:59:00
KP005926,KW10439,2025-12-25,CA,Desktop,3489,17.0,25,304,8.22,2025-12-25 04:49:00
KP005927,KW11945,2025-12-26,DE,Desktop,7000,31.0,37,686,5.39,2025-12-26 05:44:00
KP005928,KW10080,2025-12-27,UK,Desktop,2322,10.0,38,401,9.48,2025-12-27 11:02:00
KP005929,KW10227,2025-12-28,CA,Desktop,1767,33.0,6,117,5.13,2025-12-28 09:27:00
KP005930,KW11350,2025-12-29,JP,Mobile,7361,45.0,152,3762,4.04,2025-12-29 05:30:00
KP005931,KW10872,2025-12-30,JP,Desktop,6871,36.0,85,2151,3.95,2025-12-30 02:15:00
KP005932,KW10524,2025-12-31,AU,Mobile,6841,14.0,205,2945,6.96,2025-12-31 06:44:00
KP005933,KW11334,2026-01-01,IN,Mobile,4447,28.0,91,1911,4.76,2026-01-01 17:48:00
KP005934,KW11683,2026-01-02,IN,Mobile,1163,3.0,90,564,15.96,2026-01-02 10:11:00
KP005935,KW10317,2026-01-03,BR,Mobile,1520,47.0,21,438,4.79,2026-01-03 17:35:00
KP005936,KW11936,2026-01-04,MX,Mobile,4457,49.0,55,1414,3.89,2026-01-04 05:59:00
KP005937,KW10250,2026-01-05,BR,Desktop,3559,20.0,23,345,6.67,2026-01-05 04:59:00
KP005938,KW11130,2026-01-06,CA,Desktop,5225,12.0,32,378,8.47,2026-01-06 20:50:00
KP005939,KW10925,2026-01-07,JP,Desktop,1814,10.0,74,940,7.87,2026-01-07 13:17:00
KP005940,KW10210,2026-01-08,FR,Mobile,3194,20.0,60,826,7.26,2026-01-08 23:44:00
KP005941,KW10881,2026-01-09,FR,Desktop,1839,38.0,33,945,3.49,2026-01-09 23:13:00
KP005942,KW10830,2026-01-10,US,Desktop,1743,5.0,35,282,12.41,2026-01-10 03:09:00
KP005943,KW10490,2026-01-11,MX,Desktop,3822,36.0,18,453,3.97,2026-01-11 09:17:00
KP005944,KW11859,2026-01-12,JP,Desktop,3847,43.0,47,1344,3.5,2026-01-12 01:14:00
KP005945,KW11468,2026-01-13,DE,Mobile,4153,26.0,113,1938,5.83,2026-01-13 19:48:00
KP005946,KW10297,2026-01-14,IN,Desktop,3282,2.0,205,879,23.32,2026-01-14 08:25:00
KP005947,KW11863,2026-01-15,BR,Mobile,1563,30.0,41,622,6.59,2026-01-15 17:04:00
KP005948,KW11224,2026-01-16,IN,Mobile,2076,24.0,55,966,5.69,2026-01-16 00:00:00
KP005949,KW11229,2026-01-17,JP,Desktop,1980,6.0,88,609,14.45,2026-01-17 21:52:00
KP005950,KW10618,2026-01-18,CA,Mobile,4747,20.0,191,2324,8.22,2026-01-18 18:03:00
KP005951,KW10581,2026-01-19,UK,Tablet,9292,18.0,173,2088,8.29,2026-01-19 03:26:00
KP005952,KW11899,2026-01-20,UK,Desktop,19339,33.0,359,6090,5.89,2026-01-20 02:55:00
KP005953,KW10407,2026-01-21,MX,Mobile,3435,36.0,89,1670,5.33,2026-01-21 17:56:00
KP005954,KW10076,2026-01-22,US,Desktop,668,48.0,10,220,4.55,2026-01-22 15:37:00
KP005955,KW10884,2026-01-23,MX,Desktop,4780,46.0,30,807,3.72,2026-01-23 02:10:00
KP005956,KW11837,2026-01-24,MX,Desktop,1088,39.0,3,80,3.75,2026-01-24 09:42:00
KP005957,KW10073,2026-01-25,JP,Mobile,3022,7.0,191,1584,12.06,2026-01-25 01:11:00
KP005958,KW10929,2026-01-26,UK,Mobile,2701,7.0,88,630,13.97,2026-01-26 21:03:00
KP005959,KW11194,2026-01-27,IN,Desktop,7340,8.0,163,1659,9.83,2026-01-27 23:18:00
KP005960,KW10591,2026-01-28,CA,Mobile,2657,3.0,52,235,22.13,2026-01-28 03:25:00
KP005961,KW10809,2026-01-29,US,Desktop,5609,33.0,36,724,4.97,2026-01-29 22:11:00
KP005962,KW11391,2026-01-30,UK,Desktop,2661,30.0,72,1186,6.07,2026-01-30 03:34:00
KP005963,KW11875,2026-01-31,BR,Mobile,1298,14.0,34,379,8.97,2026-01-31 00:40:00
KP006206,KW10405,2025-10-01,UK,Desktop,1809,44.0,19,590,3.22,2025-10-01 14:24:00
KP006207,KW10239,2025-10-02,AU,Desktop,5291,1.0,423,1213,34.87,2025-10-02 16:29:00
KP006208,KW11848,2025-10-03,MX,Mobile,1398,34.0,9,193,4.66,2025-10-03 05:29:00
KP006209,KW10881,2025-10-04,MX,Desktop,5924,40.0,57,1310,4.35,2025-10-04 11:02:00
KP006210,KW11537,2025-10-05,BR,Mobile,3490,23.0,87,1495,5.82,2025-10-05 02:42:00
KP006211,KW11264,2025-10-06,IN,Mobile,1102,26.0,28,573,4.89,2025-10-06 19:48:00
KP006212,KW10543,2025-10-07,IN,Mobile,7315,13.0,197,2963,6.65,2025-10-07 07:45:00
KP006213,KW10806,2025-10-08,US,Mobile,7230,32.0,168,2912,5.77,2025-10-08 11:37:00
KP006214,KW11443,2025-10-09,MX,Mobile,1771,29.0,17,406,4.19,2025-10-09 09:32:00
KP006215,KW10636,2025-10-10,UK,Desktop,2819,9.0,95,781,12.16,2025-10-10 01:14:00
KP006216,KW10321,2025-10-11,FR,Desktop,6322,35.0,53,1268,4.18,2025-10-11 01:48:00
KP006217,KW11098,2025-10-12,UK,Mobile,1100,6.0,10,101,9.9,2025-10-12 12:30:00
KP006218,KW11645,2025-10-13,UK,Desktop,2078,2.0,280,1125,24.89,2025-10-13 05:10:00
KP006219,KW11873,2025-10-14,IN,Tablet,3658,7.0,107,1175,9.11,2025-10-14 06:23:00
KP006220,KW11682,2025-10-15,JP,Tablet,1291,38.0,5,96,5.21,2025-10-15 06:57:00
KP006221,KW10741,2025-10-16,AU,Desktop,1430,39.0,6,143,4.2,2025-10-16 04:22:00
KP006222,KW11356,2025-10-17,UK,Desktop,9207,22.0,268,4371,6.13,2025-10-17 06:18:00
KP006223,KW10469,2025-10-18,FR,Desktop,1941,31.0,32,578,5.54,2025-10-18 08:30:00
KP006224,KW10566,2025-10-19,FR,Desktop,1058,36.0,13,281,4.63,2025-10-19 19:01:00
KP006225,KW11457,2025-10-20,UK,Mobile,2720,35.0,63,1354,4.65,2025-10-20 12:38:00
KP006226,KW10392,2025-10-21,DE,Mobile,3972,48.0,12,263,4.56,2025-10-21 18:43:00
KP006227,KW10352,2025-10-22,JP,Mobile,2273,10.0,142,1175,12.09,2025-10-22 01:13:00
KP006228,KW11717,2025-10-23,AU,Desktop,4357,14.0,56,803,6.97,2025-10-23 08:25:00
KP006229,KW10713,2025-10-24,BR,Mobile,2444,39.0,21,592,3.55,2025-10-24 20:42:00
KP006230,KW11508,2025-10-25,MX,Mobile,3145,32.0,44,1110,3.96,2025-10-25 18:20:00
KP006231,KW10041,2025-10-26,IN,Mobile,1758,20.0,66,844,7.82,2025-10-26 04:39:00
KP006232,KW11939,2025-10-27,DE,Desktop,811,11.0,23,276,8.33,2025-10-27 20:30:00
KP006233,KW11163,2025-10-28,BR,Desktop,240,22.0,6,103,5.83,2025-10-28 05:50:00
KP006234,KW10567,2025-10-29,DE,Mobile,1041,32.0,28,543,5.16,2025-10-29 17:41:00
KP006235,KW11621,2025-10-30,IN,Desktop,1899,7.0,24,192,12.5,2025-10-30 01:53:00
KP006236,KW10270,2025-10-31,UK,Mobile,1607,16.0,55,618,8.9,2025-10-31 10:44:00
KP006237,KW11499,2025-11-01,FR,Tablet,857,41.0,11,288,3.82,2025-11-01 20:06:00
KP006238,KW10431,2025-11-02,CA,Desktop,6897,39.0,32,778,4.11,2025-11-02 13:38:00
KP006239,KW11664,2025-11-03,MX,Mobile,819,19.0,26,332,7.83,2025-11-03 10:52:00
KP006240,KW10075,2025-11-04,UK,Desktop,1014,15.0,5,79,6.33,2025-11-04 02:28:00
KP006241,KW10428,2025-11-05,CA,Mobile,1475,24.0,10,166,6.02,2025-11-05 14:26:00
KP006242,KW11714,2025-11-06,FR,Desktop,1962,23.0,43,592,7.26,2025-11-06 21:59:00
KP006243,KW10834,2025-11-07,CA,Desktop,1013,23.0,15,232,6.47,2025-11-07 10:39:00
KP006244,KW10491,2025-11-08,CA,Desktop,2365,6.0,165,1199,13.76,2025-11-08 00:36:00
KP006245,KW10259,2025-11-09,US,Mobile,448,6.0,17,144,11.81,2025-11-09 07:03:00
KP006246,KW11459,2025-11-10,IN,Mobile,2595,42.0,11,296,3.72,2025-11-10 03:43:00
KP006247,KW10765,2025-11-11,AU,Mobile,3218,32.0,56,960,5.83,2025-11-11 11:08:00
KP006248,KW10878,2025-11-12,US,Mobile,16510,40.0,307,5725,5.36,2025-11-12 16:29:00
KP006249,KW11210,2025-11-13,UK,Desktop,6370,39.0,184,3391,5.43,2025-11-13 07:30:00
KP006250,KW11354,2025-11-14,JP,Mobile,687,3.0,70,330,21.21,2025-11-14 07:15:00
KP006251,KW10438,2025-11-15,JP,Desktop,4981,19.0,51,830,6.14,2025-11-15 12:38:00
KP006252,KW11952,2025-11-16,UK,Desktop,6309,10.0,57,689,8.27,2025-11-16 09:58:00
KP006253,KW10401,2025-11-17,AU,Tablet,4873,15.0,171,1782,9.6,2025-11-17 22:45:00
KP006254,KW11022,2025-11-18,UK,Desktop,3661,13.0,145,1643,8.83,2025-11-18 20:18:00
KP006255,KW10622,2025-11-19,IN,Mobile,6236,36.0,74,1839,4.02,2025-11-19 20:58:00
KP006256,KW11814,2025-11-20,US,Desktop,2256,49.0,56,1204,4.65,2025-11-20 12:29:00
KP006257,KW10879,2025-11-21,DE,Desktop,9704,40.0,100,2224,4.5,2025-11-21 09:30:00
KP006258,KW11256,2025-11-22,UK,Mobile,6597,33.0,32,632,5.06,2025-11-22 16:26:00
KP006259,KW10187,2025-11-23,BR,Desktop,20916,41.0,398,10720,3.71,2025-11-23 18:58:00
KP006260,KW11476,2025-11-24,UK,Mobile,368,6.0,8,63,12.7,2025-11-24 11:23:00
KP006261,KW10582,2025-11-25,CA,Mobile,2421,45.0,44,1240,3.55,2025-11-25 22:06:00
KP006262,KW10267,2025-11-26,UK,Mobile,3508,18.0,36,422,8.53,2025-11-26 02:29:00
KP006263,KW11456,2025-11-27,DE,Mobile,6564,8.0,372,3341,11.13,2025-11-27 00:21:00
KP006264,KW10903,2025-11-28,UK,Mobile,3663,1.0,481,1377,34.93,2025-11-28 10:45:00
KP006265,KW11507,2025-11-29,JP,Desktop,2152,14.0,17,210,8.1,2025-11-29 22:59:00
KP006266,KW10938,2025-11-30,IN,Mobile,5187,27.0,147,2535,5.8,2025-11-30 20:33:00
KP006267,KW11675,2025-12-01,MX,Mobile,2537,19.0,57,928,6.14,2025-12-01 13:52:00
KP006268,KW10779,2025-12-02,IN,Mobile,1703,27.0,16,257,6.23,2025-12-02 10:43:00
KP006269,KW11548,2025-12-03,UK,Desktop,6245,47.0,39,1262,3.09,2025-12-03 23:55:00
KP006270,KW11504,2025-12-04,UK,Desktop,1823,25.0,21,381,5.51,2025-12-04 03:42:00
KP006271,KW11586,2025-12-05,BR,Mobile,9067,41.0,47,1156,4.07,2025-12-05 14:06:00
KP006272,KW10513,2025-12-06,US,Desktop,2704,38.0,80,1431,5.59,2025-12-06 00:46:00
KP006273,KW11483,2025-12-07,US,Desktop,1537,34.0,36,601,5.99,2025-12-07 04:08:00
KP006274,KW10356,2025-12-08,BR,Mobile,929,48.0,16,368,4.35,2025-12-08 19:11:00
KP006275,KW11879,2025-12-09,IN,Mobile,1435,22.0,38,701,5.42,2025-12-09 08:03:00
KP006276,KW10923,2025-12-10,MX,Mobile,346,18.0,7,117,5.98,2025-12-10 01:31:00
KP006277,KW10328,2025-12-11,DE,Mobile,1474,10.0,51,622,8.2,2025-12-11 14:03:00
KP006278,KW10357,2025-12-12,MX,Mobile,3657,18.0,87,1198,7.26,2025-12-12 10:11:00
KP006279,KW10584,2025-12-13,CA,Mobile,13044,5.0,126,709,17.77,2025-12-13 03:22:00
KP006280,KW10725,2025-12-14,DE,Desktop,1836,33.0,27,596,4.53,2025-12-14 11:20:00
KP006281,KW11245,2025-12-15,IN,Mobile,2288,16.0,42,505,8.32,2025-12-15 20:46:00
KP006282,KW10585,2025-12-16,BR,Mobile,10880,2.0,177,620,28.55,2025-12-16 09:57:00
KP006283,KW11576,2025-12-17,IN,Desktop,5108,27.0,63,904,6.97,2025-12-17 09:44:00
KP006284,KW10302,2025-12-18,AU,Mobile,2059,18.0,55,901,6.1,2025-12-18 00:28:00
KP006285,KW11105,2025-12-19,DE,Desktop,2548,38.0,11,287,3.83,2025-12-19 23:59:00
KP006286,KW10640,2025-12-20,US,Desktop,3813,33.0,24,589,4.07,2025-12-20 09:25:00
KP006287,KW10404,2025-12-21,FR,Desktop,3828,30.0,24,548,4.38,2025-12-21 09:22:00
KP006288,KW11442,2025-12-22,FR,Desktop,1849,10.0,44,442,9.95,2025-12-22 15:51:00
KP006289,KW11206,2025-12-23,DE,Mobile,1689,24.0,58,919,6.31,2025-12-23 23:56:00
KP006290,KW10383,2025-12-24,CA,Mobile,1962,35.0,39,735,5.31,2025-12-24 06:52:00
KP006291,KW11282,2025-12-25,JP,Desktop,16966,4.0,355,2704,13.13,2025-12-25 11:23:00
KP006292,KW11864,2025-12-26,IN,Mobile,6543,9.0,190,2183,8.7,2025-12-26 13:24:00
KP006293,KW11648,2025-12-27,DE,Mobile,5043,27.0,150,2204,6.81,2025-12-27 22:33:00
KP006294,KW10840,2025-12-28,MX,Mobile,3483,18.0,106,1490,7.11,2025-12-28 17:59:00
KP006295,KW10751,2025-12-29,JP,Desktop,1363,35.0,15,323,4.64,2025-12-29 18:51:00
KP006296,KW10118,2025-12-30,US,Mobile,673,39.0,6,160,3.75,2025-12-30 17:55:00
KP006297,KW10902,2025-12-31,MX,Desktop,2612,49.0,35,820,4.27,2025-12-31 19:16:00
KP006298,KW11375,2026-01-01,UK,Desktop,660,16.0,22,250,8.8,2026-01-01 01:43:00
KP006299,KW11247,2026-01-02,UK,Desktop,2426,49.0,52,1034,5.03,2026-01-02 13:26:00
KP006300,KW11583,2026-01-03,FR,Desktop,27042,47.0,81,1821,4.45,2026-01-03 18:53:00
KP006301,KW10468,2026-01-04,BR,Mobile,6915,18.0,54,611,8.84,2026-01-04 22:39:00
KP006302,KW10011,2026-01-05,CA,Mobile,9326,14.0,149,1971,7.56,2026-01-05 13:26:00
KP006303,KW10287,2026-01-06,FR,Mobile,2773,23.0,67,1272,5.27,2026-01-06 05:47:00
KP006304,KW11041,2026-01-07,JP,Mobile,3183,20.0,16,261,6.13,2026-01-07 14:12:00
KP006305,KW10923,2026-01-08,AU,Mobile,5549,24.0,140,2597,5.39,2026-01-08 04:04:00
KP006306,KW10898,2026-01-09,JP,Desktop,3491,4.0,143,853,16.76,2026-01-09 07:17:00
KP006307,KW10354,2026-01-10,IN,Mobile,1292,45.0,18,419,4.3,2026-01-10 15:13:00
KP006308,KW10485,2026-01-11,CA,Mobile,6816,40.0,134,3714,3.61,2026-01-11 19:47:00
KP006309,KW10346,2026-01-12,AU,Desktop,1607,2.0,55,229,24.02,2026-01-12 07:48:00
KP006310,KW11069,2026-01-13,AU,Mobile,603,46.0,8,237,3.38,2026-01-13 12:41:00
KP006311,KW10491,2026-01-14,FR,Mobile,4694,4.0,275,1655,16.62,2026-01-14 14:54:00
KP006312,KW11037,2026-01-15,US,Desktop,7774,23.0,172,2351,7.32,2026-01-15 20:54:00
KP006313,KW10441,2026-01-16,CA,Mobile,4056,26.0,109,1719,6.34,2026-01-16 18:20:00
KP006314,KW11683,2026-01-17,MX,Mobile,6065,28.0,143,2604,5.49,2026-01-17 06:02:00
KP006315,KW11824,2026-01-18,AU,Tablet,4047,30.0,42,1033,4.07,2026-01-18 03:23:00
KP006316,KW11856,2026-01-19,FR,Desktop,1657,36.0,4,92,4.35,2026-01-19 13:17:00
KP006317,KW11299,2026-01-20,IN,Desktop,4404,41.0,37,1076,3.44,2026-01-20 00:59:00
KP006318,KW10579,2026-01-21,CA,Desktop,1388,24.0,30,573,5.24,2026-01-21 06:29:00
KP006319,KW10224,2026-01-22,IN,Desktop,2313,35.0,49,829,5.91,2026-01-22 16:34:00
KP006320,KW11750,2026-01-23,US,Tablet,12879,38.0,40,941,4.25,2026-01-23 21:28:00
KP006321,KW11032,2026-01-24,IN,Desktop,1155,50.0,8,214,3.74,2026-01-24 04:28:00
KP006322,KW11287,2026-01-25,IN,Mobile,3151,7.0,151,1571,9.61,2026-01-25 16:15:00
KP006323,KW10763,2026-01-26,DE,Mobile,3047,29.0,82,1632,5.02,2026-01-26 04:36:00
KP006324,KW10017,2026-01-27,CA,Mobile,6431,18.0,123,1465,8.4,2026-01-27 19:51:00
KP006325,KW10490,2026-01-28,DE,Desktop,3784,14.0,90,1049,8.58,2026-01-28 07:51:00
KP006326,KW11494,2026-01-29,US,Mobile,12565,3.0,281,1647,17.06,2026-01-29 18:09:00
KP006327,KW10475,2026-01-30,IN,Desktop,4244,8.0,97,743,13.06,2026-01-30 18:36:00
KP006328,KW10126,2026-01-31,BR,Desktop,1557,19.0,7,99,7.07,2026-01-31 07:21:00
KP006571,KW11804,2025-10-01,IN,Mobile,2179,32.0,46,845,5.44,2025-10-01 13:09:00
KP006572,KW10003,2025-10-02,MX,Mobile,2770,30.0,20,403,4.96,2025-10-02 15:45:00
KP006573,KW10935,2025-10-03,IN,Desktop,5501,44.0,138,3003,4.6,2025-10-03 18:32:00
KP006574,KW11899,2025-10-04,FR,Desktop,18260,45.0,198,5846,3.39,2025-10-04 14:50:00
KP006575,KW10013,2025-10-05,IN,Mobile,1014,45.0,12,282,4.26,2025-10-05 10:11:00
KP006576,KW11913,2025-10-06,BR,Tablet,13357,6.0,555,4378,12.68,2025-10-06 03:45:00
KP006577,KW11989,2025-10-07,JP,Desktop,2392,19.0,63,817,7.71,2025-10-07 10:38:00
KP006578,KW11061,2025-10-08,DE,Desktop,7116,32.0,135,2495,5.41,2025-10-08 02:40:00
KP006579,KW10644,2025-10-09,MX,Mobile,4790,7.0,130,1258,10.33,2025-10-09 23:33:00
KP006580,KW11606,2025-10-10,IN,Mobile,1045,36.0,13,242,5.37,2025-10-10 08:10:00
KP006581,KW10275,2025-10-11,AU,Desktop,1188,23.0,31,634,4.89,2025-10-11 23:26:00
KP006582,KW10494,2025-10-12,AU,Mobile,1879,45.0,6,140,4.29,2025-10-12 02:21:00
KP006583,KW11267,2025-10-13,MX,Mobile,12766,18.0,245,3521,6.96,2025-10-13 20:26:00
KP006584,KW11830,2025-10-14,DE,Mobile,2255,37.0,40,741,5.4,2025-10-14 19:28:00
KP006585,KW11926,2025-10-15,IN,Desktop,3739,12.0,80,733,10.91,2025-10-15 08:46:00
KP006586,KW11562,2025-10-16,AU,Mobile,4582,43.0,61,1143,5.34,2025-10-16 05:18:00
KP006587,KW11497,2025-10-17,FR,Mobile,7191,14.0,191,2572,7.43,2025-10-17 07:22:00
KP006588,KW11004,2025-10-18,BR,Desktop,1078,38.0,7,171,4.09,2025-10-18 07:01:00
KP006589,KW11319,2025-10-19,JP,Desktop,11274,15.0,566,6119,9.25,2025-10-19 23:55:00
KP006590,KW10724,2025-10-20,JP,Mobile,1524,42.0,7,176,3.98,2025-10-20 00:23:00
KP006591,KW11614,2025-10-21,US,Desktop,1053,11.0,25,250,10.0,2025-10-21 03:11:00
KP006592,KW10345,2025-10-22,FR,Desktop,1437,39.0,19,348,5.46,2025-10-22 15:38:00
KP006593,KW10745,2025-10-23,CA,Mobile,4537,10.0,45,488,9.22,2025-10-23 21:40:00
KP006594,KW10004,2025-10-24,DE,Desktop,2037,22.0,20,317,6.31,2025-10-24 18:34:00
KP006595,KW10348,2025-10-25,IN,Desktop,2405,32.0,44,958,4.59,2025-10-25 16:35:00
KP006596,KW10607,2025-10-26,US,Desktop,14867,26.0,277,4374,6.33,2025-10-26 02:18:00
KP006597,KW11462,2025-10-27,JP,Desktop,1385,48.0,18,436,4.13,2025-10-27 07:25:00
KP006598,KW10455,2025-10-28,DE,Desktop,2136,12.0,19,198,9.6,2025-10-28 17:20:00
KP006599,KW11366,2025-10-29,US,Desktop,3481,13.0,108,1274,8.48,2025-10-29 12:38:00
KP006600,KW11320,2025-10-30,JP,Desktop,4106,29.0,21,364,5.77,2025-10-30 11:34:00
KP006601,KW10320,2025-10-31,MX,Desktop,2134,48.0,13,394,3.3,2025-10-31 22:46:00
KP006602,KW10031,2025-11-01,US,Desktop,3233,34.0,60,1110,5.41,2025-11-01 22:21:00
KP006603,KW11744,2025-11-02,IN,Tablet,1611,45.0,41,785,5.22,2025-11-02 13:40:00
KP006604,KW10973,2025-11-03,FR,Desktop,3995,6.0,68,433,15.7,2025-11-03 06:14:00
KP006605,KW10808,2025-11-04,FR,Mobile,1663,5.0,13,98,13.27,2025-11-04 22:43:00
KP006606,KW10774,2025-11-05,US,Mobile,6664,6.0,561,3486,16.09,2025-11-05 02:22:00
KP006607,KW10550,2025-11-06,US,Mobile,2886,14.0,150,1527,9.82,2025-11-06 10:32:00
KP006608,KW10876,2025-11-07,UK,Desktop,12525,34.0,158,2830,5.58,2025-11-07 10:18:00
KP006609,KW11723,2025-11-08,MX,Mobile,4230,11.0,188,2161,8.7,2025-11-08 01:40:00
KP006610,KW11870,2025-11-09,JP,Mobile,1800,28.0,17,275,6.18,2025-11-09 19:23:00
KP006611,KW11061,2025-11-10,IN,Desktop,7765,29.0,112,2578,4.34,2025-11-10 03:19:00
KP006612,KW11493,2025-11-11,UK,Desktop,2870,3.0,158,812,19.46,2025-11-11 01:25:00
KP006613,KW10935,2025-11-12,AU,Tablet,1175,6.0,31,290,10.69,2025-11-12 04:31:00
KP006614,KW10979,2025-11-13,DE,Desktop,3463,3.0,194,985,19.7,2025-11-13 18:01:00
KP006615,KW10286,2025-11-14,UK,Mobile,3809,15.0,60,704,8.52,2025-11-14 22:52:00
KP006616,KW11207,2025-11-15,FR,Desktop,519,46.0,9,184,4.89,2025-11-15 02:58:00
KP006617,KW10681,2025-11-16,CA,Mobile,2540,16.0,35,476,7.35,2025-11-16 14:56:00
KP006618,KW11334,2025-11-17,DE,Desktop,245,40.0,4,116,3.45,2025-11-17 10:21:00
KP006619,KW10331,2025-11-18,IN,Mobile,769,10.0,30,411,7.3,2025-11-18 05:35:00
KP006620,KW10023,2025-11-19,UK,Mobile,1782,3.0,105,449,23.39,2025-11-19 06:02:00
KP006621,KW10993,2025-11-20,US,Mobile,3076,25.0,56,781,7.17,2025-11-20 15:47:00
KP006622,KW10115,2025-11-21,MX,Desktop,14344,28.0,357,7241,4.93,2025-11-21 23:56:00
KP006623,KW11292,2025-11-22,FR,Desktop,12218,5.0,536,3832,13.99,2025-11-22 08:02:00
KP006624,KW11966,2025-11-23,IN,Mobile,2145,40.0,15,385,3.9,2025-11-23 20:37:00
KP006625,KW11644,2025-11-24,BR,Mobile,1402,22.0,44,753,5.84,2025-11-24 06:32:00
KP006626,KW10500,2025-11-25,IN,Mobile,20284,23.0,543,10371,5.24,2025-11-25 14:37:00
KP006627,KW10376,2025-11-26,DE,Desktop,5920,11.0,81,803,10.09,2025-11-26 21:06:00
KP006628,KW10576,2025-11-27,CA,Mobile,30189,20.0,732,9872,7.41,2025-11-27 01:42:00
KP006629,KW10328,2025-11-28,CA,Desktop,4728,12.0,32,423,7.57,2025-11-28 20:44:00
KP006630,KW10554,2025-11-29,MX,Mobile,1617,20.0,35,442,7.92,2025-11-29 08:26:00
KP006631,KW11228,2025-11-30,CA,Tablet,3436,27.0,56,1305,4.29,2025-11-30 20:16:00
KP006632,KW10107,2025-12-01,AU,Desktop,3026,14.0,154,1663,9.26,2025-12-01 20:42:00
KP006633,KW11374,2025-12-02,BR,Mobile,911,13.0,5,56,8.93,2025-12-02 21:29:00
KP006634,KW10374,2025-12-03,UK,Mobile,1693,42.0,5,135,3.7,2025-12-03 04:36:00
KP006635,KW10085,2025-12-04,MX,Mobile,854,12.0,31,376,8.24,2025-12-04 19:30:00
KP006636,KW11732,2025-12-05,DE,Mobile,4224,15.0,113,1696,6.66,2025-12-05 02:37:00
KP006637,KW10248,2025-12-06,MX,Mobile,2261,47.0,42,1211,3.47,2025-12-06 19:20:00
KP006638,KW11331,2025-12-07,UK,Desktop,3328,10.0,30,371,8.09,2025-12-07 23:04:00
KP006639,KW10687,2025-12-08,MX,Mobile,4794,31.0,23,598,3.85,2025-12-08 15:51:00
KP006640,KW10455,2025-12-09,DE,Desktop,8367,43.0,53,1108,4.78,2025-12-09 02:08:00
KP006641,KW11009,2025-12-10,UK,Mobile,3307,41.0,11,281,3.91,2025-12-10 15:49:00
KP006642,KW11326,2025-12-11,IN,Desktop,934,44.0,8,257,3.11,2025-12-11 04:02:00
KP006643,KW11358,2025-12-12,US,Desktop,8258,8.0,137,1069,12.82,2025-12-12 08:02:00
KP006644,KW11598,2025-12-13,US,Mobile,3598,44.0,41,1026,4.0,2025-12-13 21:58:00
KP006645,KW11704,2025-12-14,US,Desktop,1513,33.0,15,359,4.18,2025-12-14 15:54:00
KP006646,KW10732,2025-12-15,UK,Mobile,1757,50.0,22,641,3.43,2025-12-15 08:09:00
KP006647,KW10325,2025-12-16,JP,Mobile,1898,5.0,83,509,16.31,2025-12-16 21:56:00
KP006648,KW11557,2025-12-17,US,Desktop,4487,20.0,147,1919,7.66,2025-12-17 16:10:00
KP006649,KW10017,2025-12-18,MX,Desktop,3336,4.0,195,1433,13.61,2025-12-18 01:09:00
KP006650,KW10353,2025-12-19,UK,Desktop,1281,50.0,7,152,4.61,2025-12-19 08:57:00
KP006651,KW11285,2025-12-20,IN,Mobile,15195,32.0,151,2622,5.76,2025-12-20 23:28:00
KP006652,KW10254,2025-12-21,IN,Mobile,1729,11.0,45,455,9.89,2025-12-21 09:51:00
KP006653,KW11878,2025-12-22,US,Mobile,7981,5.0,341,2100,16.24,2025-12-22 07:21:00
KP006654,KW11197,2025-12-23,UK,Desktop,6973,2.0,586,2140,27.38,2025-12-23 05:43:00
KP006655,KW10034,2025-12-24,CA,Tablet,3015,12.0,48,473,10.15,2025-12-24 09:46:00
KP006656,KW10435,2025-12-25,DE,Mobile,2755,35.0,14,318,4.4,2025-12-25 20:18:00
KP006657,KW10666,2025-12-26,US,Desktop,4867,1.0,900,2573,34.98,2025-12-26 16:21:00
KP006658,KW10133,2025-12-27,IN,Desktop,7415,10.0,310,3430,9.04,2025-12-27 09:57:00
KP006659,KW11636,2025-12-28,US,Desktop,17249,48.0,72,1597,4.51,2025-12-28 03:52:00
KP006660,KW10029,2025-12-29,UK,Desktop,3952,37.0,71,1605,4.42,2025-12-29 23:22:00
KP006661,KW11014,2025-12-30,AU,Mobile,4894,33.0,54,904,5.97,2025-12-30 23:01:00
KP006662,KW11228,2025-12-31,FR,Desktop,1933,21.0,10,182,5.49,2025-12-31 17:46:00
KP006663,KW11997,2026-01-01,UK,Desktop,7395,30.0,39,781,4.99,2026-01-01 01:22:00
KP006664,KW10438,2026-01-02,JP,Desktop,6405,30.0,46,760,6.05,2026-01-02 11:21:00
KP006665,KW10286,2026-01-03,IN,Desktop,707,30.0,19,320,5.94,2026-01-03 03:30:00
KP006666,KW11577,2026-01-04,IN,Tablet,4738,26.0,90,1475,6.1,2026-01-04 18:23:00
KP006667,KW11993,2026-01-05,MX,Desktop,1406,13.0,73,760,9.61,2026-01-05 07:12:00
KP006668,KW10185,2026-01-06,DE,Mobile,2069,33.0,32,523,6.12,2026-01-06 05:26:00
KP006669,KW10256,2026-01-07,MX,Desktop,6124,1.0,819,2474,33.1,2026-01-07 02:48:00
KP006670,KW11269,2026-01-08,AU,Desktop,10139,48.0,63,1745,3.61,2026-01-08 19:30:00
KP006671,KW11261,2026-01-09,AU,Desktop,6569,39.0,68,1191,5.71,2026-01-09 05:33:00
KP006672,KW11182,2026-01-10,UK,Desktop,562,5.0,11,100,11.0,2026-01-10 17:26:00
KP006673,KW10325,2026-01-11,IN,Desktop,626,31.0,6,131,4.58,2026-01-11 09:36:00
KP006674,KW10313,2026-01-12,CA,Desktop,1635,26.0,16,326,4.91,2026-01-12 03:04:00
KP006675,KW11554,2026-01-13,JP,Desktop,2236,21.0,16,230,6.96,2026-01-13 21:44:00
KP006676,KW10046,2026-01-14,MX,Desktop,1476,34.0,25,487,5.13,2026-01-14 10:03:00
KP006677,KW10997,2026-01-15,CA,Desktop,5463,15.0,119,1522,7.82,2026-01-15 03:41:00
KP006678,KW10865,2026-01-16,MX,Mobile,1944,25.0,64,951,6.73,2026-01-16 03:13:00
KP006679,KW10175,2026-01-17,JP,Mobile,1637,8.0,61,481,12.68,2026-01-17 08:05:00
KP006680,KW11380,2026-01-18,CA,Mobile,3744,3.0,296,1656,17.87,2026-01-18 00:05:00
KP006681,KW11462,2026-01-19,AU,Desktop,1810,42.0,14,278,5.04,2026-01-19 23:53:00
KP006682,KW11795,2026-01-20,BR,Mobile,3204,1.0,118,339,34.81,2026-01-20 20:14:00
KP006683,KW11235,2026-01-21,BR,Desktop,12890,47.0,140,4069,3.44,2026-01-21 10:05:00
KP006684,KW11274,2026-01-22,JP,Mobile,1869,20.0,28,564,4.96,2026-01-22 12:00:00
KP006685,KW10643,2026-01-23,US,Desktop,732,11.0,28,255,10.98,2026-01-23 02:38:00
KP006686,KW10375,2026-01-24,MX,Mobile,3001,3.0,279,1406,19.84,2026-01-24 16:07:00
KP006687,KW10878,2026-01-25,BR,Mobile,2917,36.0,38,646,5.88,2026-01-25 21:56:00
KP006688,KW11842,2026-01-26,AU,Desktop,3784,13.0,173,1920,9.01,2026-01-26 21:58:00
KP006689,KW10328,2026-01-27,JP,Mobile,10969,43.0,86,2116,4.06,2026-01-27 06:38:00
KP006690,KW10299,2026-01-28,CA,Desktop,25476,42.0,545,10302,5.29,2026-01-28 02:53:00
KP006691,KW10744,2026-01-29,IN,Desktop,2767,50.0,42,921,4.56,2026-01-29 16:37:00
KP006692,KW11218,2026-01-30,JP,Desktop,1419,11.0,45,472,9.53,2026-01-30 23:13:00
KP006693,KW11293,2026-01-31,FR,Tablet,5547,42.0,22,453,4.86,2026-01-31 23:45:00
KP006936,KW11704,2025-10-01,DE,Mobile,3152,9.0,131,1458,8.98,2025-10-01 11:22:00
KP006937,KW10025,2025-10-02,US,Mobile,5799,9.0,130,1266,10.27,2025-10-02 20:37:00
KP006938,KW11397,2025-10-03,DE,Tablet,3376,14.0,25,267,9.36,2025-10-03 16:49:00
KP006939,KW10894,2025-10-04,US,Desktop,1115,41.0,25,607,4.12,2025-10-04 04:13:00
KP006940,KW11056,2025-10-05,UK,Mobile,1154,11.0,21,238,8.82,2025-10-05 18:10:00
KP006941,KW10296,2025-10-06,US,Mobile,1642,8.0,35,337,10.39,2025-10-06 07:27:00
KP006942,KW10879,2025-10-07,UK,Mobile,5178,22.0,88,1834,4.8,2025-10-07 20:45:00
KP006943,KW11337,2025-10-08,US,Mobile,10914,32.0,270,5137,5.26,2025-10-08 20:25:00
KP006944,KW11875,2025-10-09,CA,Desktop,3335,16.0,40,594,6.73,2025-10-09 21:57:00
KP006945,KW10113,2025-10-10,US,Mobile,572,18.0,4,73,5.48,2025-10-10 21:13:00
KP006946,KW10380,2025-10-11,UK,Mobile,1153,18.0,38,461,8.24,2025-10-11 16:39:00
KP006947,KW11290,2025-10-12,DE,Mobile,6433,36.0,104,2006,5.18,2025-10-12 06:08:00
KP006948,KW11825,2025-10-13,DE,Desktop,9842,1.0,920,3170,29.02,2025-10-13 04:37:00
KP006949,KW10331,2025-10-14,FR,Desktop,4364,34.0,70,1825,3.84,2025-10-14 08:32:00
KP006950,KW10622,2025-10-15,BR,Mobile,1101,34.0,16,367,4.36,2025-10-15 19:15:00
KP006951,KW10549,2025-10-16,CA,Desktop,1716,20.0,75,928,8.08,2025-10-16 22:49:00
KP006952,KW11852,2025-10-17,FR,Desktop,6037,15.0,103,1223,8.42,2025-10-17 07:58:00
KP006953,KW11993,2025-10-18,JP,Mobile,2700,25.0,50,941,5.31,2025-10-18 10:38:00
KP006954,KW10038,2025-10-19,US,Mobile,2661,29.0,58,896,6.47,2025-10-19 00:18:00
KP006955,KW11149,2025-10-20,IN,Mobile,1700,38.0,9,212,4.25,2025-10-20 21:45:00
KP006956,KW10609,2025-10-21,IN,Mobile,3130,2.0,258,1369,18.85,2025-10-21 18:25:00
KP006957,KW10257,2025-10-22,DE,Desktop,9452,37.0,271,4846,5.59,2025-10-22 02:35:00
KP006958,KW11364,2025-10-23,US,Desktop,6530,21.0,38,536,7.09,2025-10-23 07:11:00
KP006959,KW10105,2025-10-24,DE,Desktop,2081,15.0,9,125,7.2,2025-10-24 12:22:00
KP006960,KW10666,2025-10-25,MX,Mobile,3725,5.0,32,288,11.11,2025-10-25 05:40:00
KP006961,KW10012,2025-10-26,IN,Mobile,4274,10.0,84,702,11.97,2025-10-26 10:36:00
KP006962,KW11790,2025-10-27,US,Desktop,349,47.0,3,101,2.97,2025-10-27 06:55:00
KP006963,KW11046,2025-10-28,CA,Mobile,4520,29.0,18,351,5.13,2025-10-28 14:32:00
KP006964,KW11652,2025-10-29,US,Mobile,4640,4.0,169,1059,15.96,2025-10-29 07:03:00
KP006965,KW11560,2025-10-30,MX,Mobile,2314,8.0,99,998,9.92,2025-10-30 12:20:00
KP006966,KW11749,2025-10-31,BR,Mobile,840,10.0,5,61,8.2,2025-10-31 22:08:00
KP006967,KW11229,2025-11-01,UK,Mobile,12726,25.0,429,5947,7.21,2025-11-01 14:54:00
KP006968,KW11240,2025-11-02,AU,Mobile,1063,45.0,19,459,4.14,2025-11-02 22:30:00
KP006969,KW11023,2025-11-03,US,Desktop,3382,3.0,52,270,19.26,2025-11-03 15:48:00
KP006970,KW11309,2025-11-04,DE,Desktop,1032,20.0,7,125,5.6,2025-11-04 06:45:00
KP006971,KW10009,2025-11-05,IN,Mobile,2174,16.0,24,396,6.06,2025-11-05 03:54:00
KP006972,KW10708,2025-11-06,CA,Desktop,813,11.0,9,106,8.49,2025-11-06 09:16:00
KP006973,KW10745,2025-11-07,FR,Mobile,3216,3.0,255,1403,18.18,2025-11-07 20:34:00
KP006974,KW11171,2025-11-08,UK,Desktop,4202,35.0,52,901,5.77,2025-11-08 07:04:00
KP006975,KW10339,2025-11-09,AU,Mobile,3468,26.0,76,1375,5.53,2025-11-09 04:50:00
KP006976,KW10224,2025-11-10,MX,Tablet,640,2.0,45,207,21.74,2025-11-10 06:03:00
KP006977,KW10871,2025-11-11,BR,Tablet,602,26.0,13,261,4.98,2025-11-11 22:17:00
KP006978,KW11015,2025-11-12,MX,Desktop,1372,29.0,8,199,4.02,2025-11-12 22:41:00
KP006979,KW11351,2025-11-13,FR,Desktop,3593,10.0,84,905,9.28,2025-11-13 22:42:00
KP006980,KW11496,2025-11-14,AU,Desktop,2179,7.0,31,283,10.95,2025-11-14 06:55:00
KP006981,KW10534,2025-11-15,AU,Mobile,1650,31.0,7,169,4.14,2025-11-15 00:01:00
KP006982,KW11090,2025-11-16,DE,Desktop,3015,42.0,51,1188,4.29,2025-11-16 23:12:00
KP006983,KW10461,2025-11-17,FR,Mobile,2781,9.0,53,577,9.19,2025-11-17 05:48:00
KP006984,KW10642,2025-11-18,FR,Mobile,1321,43.0,5,115,4.35,2025-11-18 00:52:00
KP006985,KW10039,2025-11-19,IN,Desktop,14071,14.0,390,3942,9.89,2025-11-19 22:13:00
KP006986,KW11387,2025-11-20,MX,Mobile,1827,42.0,10,232,4.31,2025-11-20 01:47:00
KP006987,KW11940,2025-11-21,JP,Mobile,1194,30.0,31,472,6.57,2025-11-21 19:58:00
KP006988,KW10129,2025-11-22,JP,Mobile,915,4.0,42,263,15.97,2025-11-22 06:04:00
KP006989,KW11987,2025-11-23,IN,Mobile,2208,49.0,32,673,4.75,2025-11-23 17:14:00
KP006990,KW11619,2025-11-24,MX,Desktop,7214,1.0,861,2923,29.46,2025-11-24 14:01:00
KP006991,KW11732,2025-11-25,AU,Desktop,7375,13.0,115,1417,8.12,2025-11-25 15:59:00
KP006992,KW11565,2025-11-26,MX,Mobile,1999,50.0,36,1034,3.48,2025-11-26 17:55:00
KP006993,KW10970,2025-11-27,US,Mobile,3751,7.0,23,189,12.17,2025-11-27 08:48:00
KP006994,KW10409,2025-11-28,MX,Mobile,2654,42.0,14,343,4.08,2025-11-28 22:36:00
KP006995,KW10261,2025-11-29,US,Desktop,14658,39.0,33,770,4.29,2025-11-29 02:36:00
KP006996,KW10846,2025-11-30,MX,Desktop,10599,22.0,194,2879,6.74,2025-11-30 20:41:00
KP006997,KW11063,2025-12-01,CA,Mobile,5797,17.0,255,3137,8.13,2025-12-01 01:48:00
KP006998,KW11534,2025-12-02,DE,Desktop,7673,5.0,438,3568,12.28,2025-12-02 01:05:00
KP006999,KW11247,2025-12-03,UK,Desktop,5153,6.0,163,1074,15.18,2025-12-03 12:41:00
KP007000,KW11772,2025-12-04,AU,Mobile,19678,4.0,1354,10037,13.49,2025-12-04 17:50:00
KP007001,KW10962,2025-12-05,US,Mobile,1069,7.0,8,61,13.11,2025-12-05 18:33:00
KP007002,KW11980,2025-12-06,JP,Desktop,5730,41.0,70,1496,4.68,2025-12-06 08:05:00
KP007003,KW11722,2025-12-07,JP,Desktop,783,49.0,17,372,4.57,2025-12-07 14:05:00
KP007004,KW10303,2025-12-08,US,Mobile,2368,48.0,13,420,3.1,2025-12-08 11:25:00
KP007005,KW11884,2025-12-09,IN,Mobile,2333,47.0,10,231,4.33,2025-12-09 12:46:00
KP007006,KW10691,2025-12-10,IN,Desktop,3332,4.0,186,1281,14.52,2025-12-10 20:34:00
KP007007,KW11783,2025-12-11,MX,Mobile,1674,5.0,40,239,16.74,2025-12-11 02:57:00
KP007008,KW10966,2025-12-12,FR,Mobile,2366,36.0,56,1148,4.88,2025-12-12 07:00:00
KP007009,KW11912,2025-12-13,DE,Desktop,9821,48.0,233,5201,4.48,2025-12-13 13:57:00
KP007010,KW11562,2025-12-14,BR,Mobile,2557,48.0,8,228,3.51,2025-12-14 17:08:00
KP007011,KW11620,2025-12-15,US,Mobile,7523,4.0,226,1704,13.26,2025-12-15 12:37:00
KP007012,KW10384,2025-12-16,MX,Desktop,11321,37.0,264,4883,5.41,2025-12-16 17:27:00
KP007013,KW10558,2025-12-17,US,Mobile,8467,13.0,138,1300,10.62,2025-12-17 20:56:00
KP007014,KW11606,2025-12-18,IN,Desktop,5924,46.0,39,1189,3.28,2025-12-18 09:00:00
KP007015,KW11625,2025-12-19,IN,Tablet,1424,50.0,25,646,3.87,2025-12-19 21:59:00
KP007016,KW10838,2025-12-20,IN,Desktop,1367,46.0,3,88,3.41,2025-12-20 08:25:00
KP007017,KW10526,2025-12-21,DE,Desktop,1212,45.0,22,543,4.05,2025-12-21 04:22:00
KP007018,KW10972,2025-12-22,US,Mobile,2777,20.0,22,413,5.33,2025-12-22 22:35:00
KP007019,KW11295,2025-12-23,MX,Desktop,5849,20.0,17,311,5.47,2025-12-23 12:21:00
KP007020,KW11249,2025-12-24,JP,Desktop,4408,4.0,337,1776,18.98,2025-12-24 08:47:00
KP007021,KW10820,2025-12-25,BR,Desktop,8010,7.0,188,1694,11.1,2025-12-25 14:26:00
KP007022,KW10585,2025-12-26,MX,Desktop,4825,10.0,151,1503,10.05,2025-12-26 17:35:00
KP007023,KW11498,2025-12-27,AU,Desktop,13950,24.0,192,3379,5.68,2025-12-27 19:13:00
KP007024,KW10382,2025-12-28,UK,Mobile,2608,42.0,39,796,4.9,2025-12-28 13:08:00
KP007025,KW10654,2025-12-29,MX,Mobile,833,28.0,23,392,5.87,2025-12-29 07:40:00
KP007026,KW10766,2025-12-30,IN,Mobile,12649,31.0,365,6260,5.83,2025-12-30 17:06:00
KP007027,KW11327,2025-12-31,BR,Desktop,3868,13.0,56,613,9.14,2025-12-31 04:36:00
KP007028,KW10729,2026-01-01,AU,Mobile,1370,36.0,26,528,4.92,2026-01-01 08:46:00
KP007029,KW10092,2026-01-02,US,Mobile,6593,34.0,48,1205,3.98,2026-01-02 23:17:00
KP007030,KW10391,2026-01-03,IN,Mobile,17772,40.0,207,4695,4.41,2026-01-03 10:01:00
KP007031,KW11706,2026-01-04,AU,Mobile,6153,43.0,50,1439,3.47,2026-01-04 14:48:00
KP007032,KW11790,2026-01-05,MX,Mobile,10596,40.0,130,3229,4.03,2026-01-05 01:25:00
KP007033,KW11006,2026-01-06,FR,Mobile,424,30.0,3,61,4.92,2026-01-06 17:35:00
KP007034,KW11763,2026-01-07,DE,Desktop,10054,17.0,67,1117,6.0,2026-01-07 04:31:00
KP007035,KW10863,2026-01-08,DE,Mobile,4327,32.0,59,1030,5.73,2026-01-08 17:49:00
KP007036,KW11499,2026-01-09,MX,Mobile,645,19.0,5,72,6.94,2026-01-09 14:20:00
KP007037,KW11640,2026-01-10,MX,Desktop,11602,28.0,331,5433,6.09,2026-01-10 09:16:00
KP007038,KW11382,2026-01-11,MX,Mobile,982,4.0,29,234,12.39,2026-01-11 02:53:00
KP007039,KW11199,2026-01-12,US,Desktop,845,41.0,4,104,3.85,2026-01-12 21:00:00
KP007040,KW11412,2026-01-13,UK,Desktop,105594,19.0,2969,36810,8.07,2026-01-13 12:40:00
KP007041,KW10382,2026-01-14,IN,Desktop,1736,45.0,31,660,4.7,2026-01-14 03:02:00
KP007042,KW11481,2026-01-15,AU,Mobile,4975,33.0,44,1159,3.8,2026-01-15 16:11:00
KP007043,KW10602,2026-01-16,CA,Desktop,1303,45.0,20,564,3.55,2026-01-16 14:14:00
KP007044,KW10231,2026-01-17,US,Mobile,720,2.0,17,67,25.37,2026-01-17 16:19:00
KP007045,KW11877,2026-01-18,IN,Mobile,3780,33.0,110,2047,5.37,2026-01-18 01:32:00
KP007046,KW11647,2026-01-19,US,Desktop,1622,10.0,17,223,7.62,2026-01-19 16:08:00
KP007047,KW11330,2026-01-20,DE,Mobile,2786,23.0,33,500,6.6,2026-01-20 07:55:00
KP007048,KW11621,2026-01-21,AU,Mobile,950,6.0,54,402,13.43,2026-01-21 11:37:00
KP007049,KW10762,2026-01-22,BR,Desktop,2914,40.0,17,453,3.75,2026-01-22 15:37:00
KP007050,KW11919,2026-01-23,CA,Desktop,3622,1.0,248,709,34.98,2026-01-23 08:59:00
KP007051,KW10686,2026-01-24,FR,Desktop,3491,7.0,174,1173,14.83,2026-01-24 21:47:00
KP007052,KW10548,2026-01-25,DE,Tablet,2376,20.0,40,544,7.35,2026-01-25 20:38:00
KP007053,KW11969,2026-01-26,JP,Desktop,6443,15.0,103,1103,9.34,2026-01-26 06:08:00
KP007054,KW11289,2026-01-27,BR,Desktop,9878,29.0,305,5244,5.82,2026-01-27 20:51:00
KP007055,KW10438,2026-01-28,MX,Mobile,6855,18.0,236,2920,8.08,2026-01-28 02:40:00
KP007056,KW10798,2026-01-29,MX,Desktop,917,37.0,5,112,4.46,2026-01-29 09:13:00
KP007057,KW10117,2026-01-30,AU,Mobile,1978,14.0,26,337,7.72,2026-01-30 07:25:00
KP007058,KW11336,2026-01-31,BR,Mobile,4024,42.0,89,1701,5.23,2026-01-31 14:57:00
KP007301,KW10165,2025-10-01,IN,Mobile,4620,35.0,50,853,5.86,2025-10-01 07:16:00
KP007302,KW11059,2025-10-02,IN,Desktop,5430,14.0,39,589,6.62,2025-10-02 21:38:00
KP007303,KW11916,2025-10-03,MX,Mobile,2313,26.0,58,892,6.5,2025-10-03 01:43:00
KP007304,KW10569,2025-10-04,BR,Desktop,2121,14.0,110,1148,9.58,2025-10-04 21:04:00
KP007305,KW10856,2025-10-05,AU,Desktop,1318,44.0,28,697,4.02,2025-10-05 18:29:00
KP007306,KW11259,2025-10-06,UK,Mobile,9326,13.0,332,4454,7.45,2025-10-06 16:07:00
KP007307,KW11811,2025-10-07,IN,Tablet,2854,33.0,56,1198,4.67,2025-10-07 14:58:00
KP007308,KW11301,2025-10-08,AU,Desktop,2106,16.0,44,693,6.35,2025-10-08 00:04:00
KP007309,KW11895,2025-10-09,IN,Mobile,5579,37.0,104,2271,4.58,2025-10-09 10:27:00
KP007310,KW11795,2025-10-10,UK,Mobile,1433,35.0,3,83,3.61,2025-10-10 17:35:00
KP007311,KW10192,2025-10-11,FR,Mobile,4346,25.0,109,2287,4.77,2025-10-11 20:26:00
KP007312,KW11713,2025-10-12,IN,Mobile,4395,48.0,82,2333,3.51,2025-10-12 19:18:00
KP007313,KW10633,2025-10-13,JP,Mobile,1677,36.0,13,290,4.48,2025-10-13 13:25:00
KP007314,KW10510,2025-10-14,BR,Desktop,3628,40.0,32,633,5.06,2025-10-14 12:29:00
KP007315,KW10213,2025-10-15,IN,Desktop,7237,35.0,197,3657,5.39,2025-10-15 20:48:00
KP007316,KW11981,2025-10-16,UK,Mobile,1262,5.0,78,589,13.24,2025-10-16 23:37:00
KP007317,KW11419,2025-10-17,MX,Mobile,1459,6.0,44,359,12.26,2025-10-17 10:18:00
KP007318,KW11512,2025-10-18,US,Desktop,1113,14.0,33,428,7.71,2025-10-18 19:06:00
KP007319,KW11640,2025-10-19,MX,Desktop,2608,1.0,142,473,30.02,2025-10-19 21:49:00
KP007320,KW11965,2025-10-20,IN,Desktop,675,4.0,11,95,11.58,2025-10-20 10:31:00
KP007321,KW10063,2025-10-21,CA,Desktop,2336,32.0,13,235,5.53,2025-10-21 13:46:00
KP007322,KW10406,2025-10-22,DE,Desktop,2058,46.0,11,329,3.34,2025-10-22 05:59:00
KP007323,KW11470,2025-10-23,UK,Desktop,3617,12.0,33,304,10.86,2025-10-23 13:46:00
KP007324,KW10267,2025-10-24,AU,Mobile,1877,8.0,91,695,13.09,2025-10-24 23:34:00
KP007325,KW10001,2025-10-25,AU,Mobile,1539,2.0,154,723,21.3,2025-10-25 16:40:00
KP007326,KW11861,2025-10-26,BR,Desktop,1571,10.0,69,696,9.91,2025-10-26 16:50:00
KP007327,KW10695,2025-10-27,AU,Desktop,1192,25.0,4,92,4.35,2025-10-27 20:22:00
KP007328,KW10010,2025-10-28,MX,Mobile,3795,23.0,30,530,5.66,2025-10-28 11:14:00
KP007329,KW10051,2025-10-29,BR,Mobile,680,44.0,5,108,4.63,2025-10-29 09:21:00
KP007330,KW11939,2025-10-30,US,Desktop,7205,30.0,97,1917,5.06,2025-10-30 20:37:00
KP007331,KW11872,2025-10-31,CA,Desktop,800,47.0,20,396,5.05,2025-10-31 17:06:00
KP007332,KW11604,2025-11-01,AU,Mobile,2148,11.0,71,894,7.94,2025-11-01 21:09:00
KP007333,KW10053,2025-11-02,IN,Mobile,1198,48.0,14,293,4.78,2025-11-02 12:44:00
KP007334,KW11818,2025-11-03,MX,Desktop,2868,42.0,44,915,4.81,2025-11-03 18:05:00
KP007335,KW11118,2025-11-04,IN,Mobile,1361,7.0,7,83,8.43,2025-11-04 16:06:00
KP007336,KW11601,2025-11-05,CA,Mobile,4311,26.0,15,263,5.7,2025-11-05 18:24:00
KP007337,KW10206,2025-11-06,JP,Desktop,438,31.0,13,215,6.05,2025-11-06 13:57:00
KP007338,KW11946,2025-11-07,CA,Mobile,970,49.0,3,75,4.0,2025-11-07 10:00:00
KP007339,KW10341,2025-11-08,UK,Desktop,4907,9.0,108,1002,10.78,2025-11-08 11:05:00
KP007340,KW10955,2025-11-09,BR,Desktop,1958,21.0,20,408,4.9,2025-11-09 00:46:00
KP007341,KW10291,2025-11-10,FR,Desktop,1733,44.0,38,952,3.99,2025-11-10 06:38:00
KP007342,KW11129,2025-11-11,MX,Desktop,25498,46.0,387,9764,3.96,2025-11-11 04:48:00
KP007343,KW10515,2025-11-12,US,Mobile,2698,20.0,20,251,7.97,2025-11-12 01:31:00
KP007344,KW10320,2025-11-13,FR,Mobile,2012,50.0,24,797,3.01,2025-11-13 10:06:00
KP007345,KW11467,2025-11-14,DE,Mobile,1684,23.0,18,379,4.75,2025-11-14 09:06:00
KP007346,KW10809,2025-11-15,FR,Desktop,2775,30.0,62,1325,4.68,2025-11-15 06:16:00
KP007347,KW10417,2025-11-16,FR,Desktop,5632,47.0,103,2898,3.55,2025-11-16 14:19:00
KP007348,KW11201,2025-11-17,IN,Mobile,748,20.0,21,371,5.66,2025-11-17 16:55:00
KP007349,KW11782,2025-11-18,BR,Mobile,4158,42.0,79,1976,4.0,2025-11-18 04:18:00
KP007350,KW11438,2025-11-19,FR,Desktop,6694,44.0,53,1023,5.18,2025-11-19 03:19:00
KP007351,KW10880,2025-11-20,MX,Mobile,16054,17.0,189,2764,6.84,2025-11-20 19:06:00
KP007352,KW11308,2025-11-21,AU,Desktop,8079,26.0,188,4227,4.45,2025-11-21 12:36:00
KP007353,KW10497,2025-11-22,JP,Mobile,4142,24.0,23,430,5.35,2025-11-22 18:04:00
KP007354,KW10365,2025-11-23,IN,Mobile,4042,50.0,12,302,3.97,2025-11-23 18:38:00
KP007355,KW11113,2025-11-24,UK,Mobile,3377,21.0,142,1837,7.73,2025-11-24 15:23:00
KP007356,KW11519,2025-11-25,BR,Desktop,4031,8.0,32,314,10.19,2025-11-25 02:09:00
KP007357,KW11938,2025-11-26,BR,Mobile,1531,43.0,12,294,4.08,2025-11-26 15:44:00
KP007358,KW11254,2025-11-27,US,Mobile,611,3.0,58,258,22.48,2025-11-27 07:32:00
KP007359,KW11577,2025-11-28,CA,Desktop,6926,17.0,203,3079,6.59,2025-11-28 19:44:00
KP007360,KW10341,2025-11-29,IN,Mobile,7675,5.0,425,2658,15.99,2025-11-29 22:05:00
KP007361,KW10558,2025-11-30,IN,Desktop,547,26.0,10,166,6.02,2025-11-30 19:13:00
KP007362,KW10248,2025-12-01,FR,Mobile,4919,4.0,347,1971,17.61,2025-12-01 15:11:00
KP007363,KW11631,2025-12-02,IN,Desktop,3801,39.0,25,611,4.09,2025-12-02 19:05:00
KP007364,KW11597,2025-12-03,US,Mobile,1012,27.0,21,452,4.65,2025-12-03 09:34:00
KP007365,KW11966,2025-12-04,IN,Mobile,4021,5.0,146,1104,13.22,2025-12-04 03:10:00
KP007366,KW11899,2025-12-05,UK,Desktop,6312,24.0,172,2582,6.66,2025-12-05 01:37:00
KP007367,KW11259,2025-12-06,IN,Mobile,3246,4.0,260,1413,18.4,2025-12-06 01:45:00
KP007368,KW11342,2025-12-07,JP,Desktop,1071,7.0,72,499,14.43,2025-12-07 10:00:00
KP007369,KW10541,2025-12-08,FR,Mobile,709,5.0,36,228,15.79,2025-12-08 16:00:00
KP007370,KW10390,2025-12-09,JP,Desktop,5784,41.0,153,2947,5.19,2025-12-09 23:10:00
KP007371,KW10066,2025-12-10,UK,Desktop,10257,11.0,280,2590,10.81,2025-12-10 13:16:00
KP007372,KW10555,2025-12-11,UK,Mobile,3060,34.0,91,1671,5.45,2025-12-11 10:45:00
KP007373,KW10937,2025-12-12,AU,Mobile,17991,14.0,78,1032,7.56,2025-12-12 11:54:00
KP007374,KW11918,2025-12-13,JP,Desktop,9795,19.0,204,3594,5.68,2025-12-13 21:35:00
KP007375,KW11535,2025-12-14,JP,Mobile,1786,23.0,27,490,5.51,2025-12-14 15:11:00
KP007376,KW11407,2025-12-15,DE,Desktop,2990,7.0,32,343,9.33,2025-12-15 22:17:00
KP007377,KW10455,2025-12-16,JP,Desktop,2901,33.0,14,308,4.55,2025-12-16 18:19:00
KP007378,KW11077,2025-12-17,JP,Desktop,11708,17.0,178,2186,8.14,2025-12-17 00:16:00
KP007379,KW11540,2025-12-18,IN,Mobile,4565,37.0,33,804,4.1,2025-12-18 01:21:00
KP007380,KW10173,2025-12-19,DE,Mobile,8875,38.0,142,3115,4.56,2025-12-19 20:18:00
KP007381,KW10030,2025-12-20,AU,Desktop,431,11.0,16,160,10.0,2025-12-20 18:34:00
KP007382,KW10345,2025-12-21,MX,Tablet,10479,19.0,312,3782,8.25,2025-12-21 02:20:00
KP007383,KW11740,2025-12-22,DE,Desktop,3613,50.0,44,1028,4.28,2025-12-22 02:56:00
KP007384,KW10977,2025-12-23,JP,Mobile,627,34.0,19,325,5.85,2025-12-23 05:52:00
KP007385,KW11996,2025-12-24,IN,Mobile,8425,23.0,216,2939,7.35,2025-12-24 13:51:00
KP007386,KW11121,2025-12-25,IN,Mobile,1059,31.0,31,545,5.69,2025-12-25 23:04:00
KP007387,KW10483,2025-12-26,AU,Mobile,5224,2.0,284,1164,24.4,2025-12-26 10:20:00
KP007388,KW11831,2025-12-27,IN,Desktop,963,45.0,3,99,3.03,2025-12-27 11:01:00
KP007389,KW10240,2025-12-28,MX,Mobile,15035,29.0,408,6217,6.56,2025-12-28 06:16:00
KP007390,KW10939,2025-12-29,UK,Desktop,3112,1.0,529,1512,34.99,2025-12-29 19:57:00
KP007391,KW10590,2025-12-30,MX,Mobile,3298,42.0,11,218,5.05,2025-12-30 14:20:00
KP007392,KW11866,2025-12-31,AU,Mobile,877,25.0,15,216,6.94,2025-12-31 13:51:00
KP007393,KW10742,2026-01-01,UK,Mobile,3189,47.0,36,978,3.68,2026-01-01 19:24:00
KP007394,KW10041,2026-01-02,IN,Mobile,22005,9.0,662,7559,8.76,2026-01-02 21:51:00
KP007395,KW11805,2026-01-03,IN,Mobile,2810,24.0,30,517,5.8,2026-01-03 09:43:00
KP007396,KW11928,2026-01-04,FR,Mobile,1043,39.0,18,464,3.88,2026-01-04 06:02:00
KP007397,KW11687,2026-01-05,AU,Mobile,1019,40.0,4,81,4.94,2026-01-05 21:29:00
KP007398,KW11614,2026-01-06,FR,Mobile,1102,1.0,38,125,30.4,2026-01-06 21:08:00
KP007399,KW10106,2026-01-07,US,Desktop,1115,12.0,54,549,9.84,2026-01-07 20:16:00
KP007400,KW11842,2026-01-08,IN,Desktop,1527,37.0,6,145,4.14,2026-01-08 00:34:00
KP007401,KW11765,2026-01-09,JP,Desktop,1748,47.0,26,830,3.13,2026-01-09 11:12:00
KP007402,KW11221,2026-01-10,US,Desktop,1284,47.0,13,274,4.74,2026-01-10 21:19:00
KP007403,KW11861,2026-01-11,DE,Mobile,8065,12.0,274,3615,7.58,2026-01-11 15:17:00
KP007404,KW10295,2026-01-12,US,Mobile,1281,28.0,4,98,4.08,2026-01-12 18:29:00
KP007405,KW10553,2026-01-13,BR,Mobile,1909,40.0,23,620,3.71,2026-01-13 18:47:00
KP007406,KW10583,2026-01-14,US,Desktop,2322,29.0,47,1107,4.25,2026-01-14 18:04:00
KP007407,KW10027,2026-01-15,CA,Mobile,2227,10.0,104,1125,9.24,2026-01-15 09:04:00
KP007408,KW11092,2026-01-16,CA,Desktop,675,9.0,27,332,8.13,2026-01-16 03:18:00
KP007409,KW11987,2026-01-17,AU,Tablet,653,18.0,8,105,7.62,2026-01-17 21:14:00
KP007410,KW11922,2026-01-18,MX,Mobile,5901,9.0,143,1753,8.16,2026-01-18 20:45:00
KP007411,KW10307,2026-01-19,MX,Mobile,2455,20.0,73,1073,6.8,2026-01-19 02:47:00
KP007412,KW10814,2026-01-20,BR,Desktop,11065,1.0,1060,3031,34.97,2026-01-20 02:26:00
KP007413,KW10148,2026-01-21,IN,Desktop,411,17.0,16,224,7.14,2026-01-21 00:56:00
KP007414,KW10247,2026-01-22,FR,Desktop,17376,49.0,163,3258,5.0,2026-01-22 18:47:00
KP007415,KW10857,2026-01-23,MX,Desktop,24695,1.0,1479,4227,34.99,2026-01-23 07:58:00
KP007416,KW10341,2026-01-24,FR,Mobile,650,11.0,29,291,9.97,2026-01-24 01:05:00
KP007417,KW11016,2026-01-25,MX,Mobile,3871,28.0,77,1154,6.67,2026-01-25 21:31:00
KP007418,KW11075,2026-01-26,JP,Mobile,7615,35.0,119,2786,4.27,2026-01-26 19:43:00
KP007419,KW10608,2026-01-27,IN,Mobile,1651,24.0,8,158,5.06,2026-01-27 23:57:00
KP007420,KW10181,2026-01-28,AU,Desktop,972,48.0,9,265,3.4,2026-01-28 01:46:00
KP007421,KW10290,2026-01-29,US,Mobile,2262,7.0,134,1121,11.95,2026-01-29 23:10:00
KP007422,KW10087,2026-01-30,CA,Desktop,2551,36.0,7,189,3.7,2026-01-30 06:29:00
KP007423,KW10634,2026-01-31,MX,Tablet,8602,14.0,210,2914,7.21,2026-01-31 10:28:00
KP007666,KW11468,2025-10-01,AU,Desktop,1340,13.0,54,620,8.71,2025-10-01 09:58:00
KP007667,KW10718,2025-10-02,DE,Desktop,1204,50.0,7,199,3.52,2025-10-02 23:08:00
KP007668,KW10363,2025-10-03,CA,Desktop,5150,50.0,103,2269,4.54,2025-10-03 18:36:00
KP007669,KW10151,2025-10-04,US,Desktop,3789,14.0,111,1414,7.85,2025-10-04 17:16:00
KP007670,KW10744,2025-10-05,AU,Desktop,2802,48.0,41,875,4.69,2025-10-05 03:13:00
KP007671,KW11347,2025-10-06,DE,Desktop,13998,15.0,593,6312,9.39,2025-10-06 14:01:00
KP007672,KW10312,2025-10-07,IN,Desktop,3733,15.0,110,1638,6.72,2025-10-07 06:03:00
KP007673,KW10368,2025-10-08,DE,Mobile,14449,49.0,96,2032,4.72,2025-10-08 06:27:00
KP007674,KW10055,2025-10-09,MX,Mobile,1475,46.0,7,166,4.22,2025-10-09 15:27:00
KP007675,KW10858,2025-10-10,FR,Desktop,2723,21.0,18,240,7.5,2025-10-10 09:10:00
KP007676,KW11333,2025-10-11,IN,Mobile,2816,25.0,78,1324,5.89,2025-10-11 20:48:00
KP007677,KW10504,2025-10-12,UK,Desktop,1284,7.0,91,629,14.47,2025-10-12 08:22:00
KP007678,KW10784,2025-10-13,UK,Mobile,6041,1.0,333,1195,27.87,2025-10-13 11:57:00
KP007679,KW11783,2025-10-14,IN,Mobile,2320,3.0,182,1001,18.18,2025-10-14 21:36:00
KP007680,KW11891,2025-10-15,DE,Desktop,1885,46.0,36,715,5.03,2025-10-15 22:17:00
KP007681,KW11483,2025-10-16,US,Desktop,3029,27.0,58,1024,5.66,2025-10-16 21:34:00
KP007682,KW11861,2025-10-17,BR,Tablet,2649,46.0,49,962,5.09,2025-10-17 04:32:00
KP007683,KW10031,2025-10-18,BR,Mobile,10033,6.0,507,3626,13.98,2025-10-18 20:02:00
KP007684,KW10112,2025-10-19,IN,Desktop,20104,33.0,361,6562,5.5,2025-10-19 14:51:00
KP007685,KW10921,2025-10-20,MX,Desktop,5488,37.0,56,1223,4.58,2025-10-20 08:04:00
KP007686,KW10523,2025-10-21,JP,Desktop,8980,1.0,1559,4456,34.99,2025-10-21 19:40:00
KP007687,KW10746,2025-10-22,DE,Desktop,1792,44.0,41,786,5.22,2025-10-22 20:32:00
KP007688,KW11074,2025-10-23,BR,Mobile,3456,24.0,19,417,4.56,2025-10-23 13:02:00
KP007689,KW10532,2025-10-24,AU,Tablet,6904,34.0,139,2561,5.43,2025-10-24 18:56:00
KP007690,KW11851,2025-10-25,MX,Mobile,3010,21.0,55,1078,5.1,2025-10-25 13:58:00
KP007691,KW10035,2025-10-26,FR,Desktop,2021,18.0,60,902,6.65,2025-10-26 12:03:00
KP007692,KW10331,2025-10-27,DE,Mobile,979,38.0,10,271,3.69,2025-10-27 07:55:00
KP007693,KW11877,2025-10-28,JP,Desktop,3353,36.0,55,1046,5.26,2025-10-28 01:59:00
KP007694,KW10361,2025-10-29,UK,Mobile,1204,20.0,17,303,5.61,2025-10-29 17:25:00
KP007695,KW11810,2025-10-30,DE,Mobile,2369,31.0,45,811,5.55,2025-10-30 16:25:00
KP007696,KW11916,2025-10-31,CA,Mobile,1987,40.0,29,792,3.66,2025-10-31 03:03:00
KP007697,KW10003,2025-11-01,IN,Mobile,1535,2.0,92,322,28.57,2025-11-01 02:19:00
KP007698,KW10312,2025-11-02,JP,Mobile,3972,31.0,12,238,5.04,2025-11-02 07:53:00
KP007699,KW10805,2025-11-03,US,Desktop,773,4.0,27,189,14.29,2025-11-03 04:18:00
KP007700,KW11236,2025-11-04,FR,Mobile,683,5.0,40,373,10.72,2025-11-04 01:50:00
KP007701,KW11797,2025-11-05,BR,Mobile,753,34.0,14,241,5.81,2025-11-05 11:41:00
KP007702,KW10756,2025-11-06,DE,Desktop,11705,26.0,419,6343,6.61,2025-11-06 04:41:00
KP007703,KW11571,2025-11-07,IN,Mobile,1739,18.0,62,899,6.9,2025-11-07 09:35:00
KP007704,KW11796,2025-11-08,DE,Desktop,2541,1.0,97,279,34.77,2025-11-08 09:42:00
KP007705,KW11210,2025-11-09,IN,Desktop,4993,22.0,60,1216,4.93,2025-11-09 19:23:00
KP007706,KW11773,2025-11-10,FR,Desktop,745,17.0,15,265,5.66,2025-11-10 02:00:00
KP007707,KW10983,2025-11-11,IN,Desktop,3159,5.0,233,1625,14.34,2025-11-11 09:16:00
KP007708,KW11885,2025-11-12,FR,Mobile,3772,9.0,118,916,12.88,2025-11-12 10:51:00
KP007709,KW11048,2025-11-13,FR,Desktop,1213,43.0,3,110,2.73,2025-11-13 16:58:00
KP007710,KW11145,2025-11-14,IN,Mobile,8700,47.0,96,1870,5.13,2025-11-14 01:22:00
KP007711,KW10384,2025-11-15,US,Mobile,1969,33.0,56,969,5.78,2025-11-15 22:26:00
KP007712,KW10621,2025-11-16,UK,Mobile,11880,46.0,233,5631,4.14,2025-11-16 20:29:00
KP007713,KW11556,2025-11-17,US,Desktop,3121,48.0,75,1591,4.71,2025-11-17 16:14:00
KP007714,KW11089,2025-11-18,FR,Desktop,2629,28.0,21,341,6.16,2025-11-18 02:02:00
KP007715,KW11098,2025-11-19,FR,Desktop,4026,32.0,104,1845,5.64,2025-11-19 05:52:00
KP007716,KW10052,2025-11-20,UK,Mobile,4184,35.0,124,2245,5.52,2025-11-20 22:02:00
KP007717,KW10410,2025-11-21,DE,Desktop,1578,16.0,4,78,5.13,2025-11-21 10:33:00
KP007718,KW10898,2025-11-22,AU,Desktop,1574,48.0,29,747,3.88,2025-11-22 13:49:00
KP007719,KW11545,2025-11-23,US,Desktop,6237,26.0,67,953,7.03,2025-11-23 04:33:00
KP007720,KW11369,2025-11-24,MX,Mobile,1777,49.0,15,312,4.81,2025-11-24 23:07:00
KP007721,KW10458,2025-11-25,UK,Mobile,5555,14.0,90,927,9.71,2025-11-25 06:53:00
KP007722,KW11327,2025-11-26,FR,Tablet,1628,36.0,30,823,3.65,2025-11-26 13:52:00
KP007723,KW10948,2025-11-27,IN,Desktop,3565,30.0,8,180,4.44,2025-11-27 13:23:00
KP007724,KW11918,2025-11-28,CA,Desktop,4150,20.0,105,2028,5.18,2025-11-28 10:50:00
KP007725,KW11660,2025-11-29,AU,Desktop,4645,29.0,112,1682,6.66,2025-11-29 06:55:00
KP007726,KW10742,2025-11-30,DE,Mobile,8721,48.0,75,1445,5.19,2025-11-30 20:00:00
KP007727,KW11193,2025-12-01,IN,Mobile,3075,28.0,106,1682,6.3,2025-12-01 09:18:00
KP007728,KW10396,2025-12-02,MX,Mobile,3506,26.0,41,762,5.38,2025-12-02 11:57:00
KP007729,KW11462,2025-12-03,AU,Mobile,2126,32.0,40,837,4.78,2025-12-03 19:35:00
KP007730,KW11461,2025-12-04,IN,Desktop,6104,12.0,218,2633,8.28,2025-12-04 22:17:00
KP007731,KW10400,2025-12-05,IN,Tablet,1153,23.0,27,511,5.28,2025-12-05 00:48:00
KP007732,KW11600,2025-12-06,MX,Tablet,1752,45.0,41,923,4.44,2025-12-06 21:59:00
KP007733,KW11633,2025-12-07,CA,Mobile,5851,23.0,68,1208,5.63,2025-12-07 01:35:00
KP007734,KW11779,2025-12-08,BR,Mobile,5732,31.0,54,1321,4.09,2025-12-08 12:39:00
KP007735,KW11130,2025-12-09,JP,Mobile,15277,15.0,782,8150,9.6,2025-12-09 11:45:00
KP007736,KW10166,2025-12-10,JP,Desktop,394,34.0,2,47,4.26,2025-12-10 10:26:00
KP007737,KW11107,2025-12-11,BR,Desktop,11153,20.0,479,5719,8.38,2025-12-11 22:21:00
KP007738,KW11597,2025-12-12,UK,Desktop,2300,5.0,127,1091,11.64,2025-12-12 02:59:00
KP007739,KW10897,2025-12-13,UK,Desktop,4179,24.0,60,825,7.27,2025-12-13 23:41:00
KP007740,KW11720,2025-12-14,IN,Mobile,8391,13.0,217,3088,7.03,2025-12-14 23:52:00
KP007741,KW11956,2025-12-15,UK,Desktop,685,12.0,27,256,10.55,2025-12-15 16:25:00
KP007742,KW10629,2025-12-16,DE,Desktop,2165,17.0,75,956,7.85,2025-12-16 17:37:00
KP007743,KW11233,2025-12-17,AU,Mobile,1406,17.0,67,750,8.93,2025-12-17 17:44:00
KP007744,KW11101,2025-12-18,JP,Desktop,829,38.0,18,356,5.06,2025-12-18 22:19:00
KP007745,KW10440,2025-12-19,JP,Desktop,3906,25.0,98,1640,5.98,2025-12-19 19:22:00
KP007746,KW11685,2025-12-20,DE,Desktop,3127,19.0,74,1319,5.61,2025-12-20 20:19:00
KP007747,KW10833,2025-12-21,AU,Desktop,18991,6.0,271,1700,15.94,2025-12-21 15:21:00
KP007748,KW11366,2025-12-22,AU,Mobile,4714,33.0,72,1632,4.41,2025-12-22 07:24:00
KP007749,KW10082,2025-12-23,US,Desktop,1633,35.0,41,787,5.21,2025-12-23 05:28:00
KP007750,KW10373,2025-12-24,US,Tablet,1062,27.0,7,148,4.73,2025-12-24 09:36:00
KP007751,KW11317,2025-12-25,IN,Tablet,8627,21.0,94,1720,5.47,2025-12-25 17:44:00
KP007752,KW11811,2025-12-26,IN,Desktop,2544,22.0,54,746,7.24,2025-12-26 01:48:00
KP007753,KW11407,2025-12-27,BR,Mobile,2651,2.0,179,706,25.35,2025-12-27 00:14:00
KP007754,KW10203,2025-12-28,CA,Desktop,4359,45.0,26,565,4.6,2025-12-28 17:30:00
KP007755,KW11384,2025-12-29,BR,Mobile,7536,42.0,38,1103,3.45,2025-12-29 12:26:00
KP007756,KW11227,2025-12-30,AU,Mobile,3652,35.0,15,327,4.59,2025-12-30 16:34:00
KP007757,KW11829,2025-12-31,BR,Desktop,777,10.0,33,310,10.65,2025-12-31 11:45:00
KP007758,KW10610,2026-01-01,IN,Desktop,18724,43.0,201,4820,4.17,2026-01-01 03:03:00
KP007759,KW10588,2026-01-02,FR,Mobile,1954,20.0,37,586,6.31,2026-01-02 01:50:00
KP007760,KW10396,2026-01-03,FR,Desktop,5186,30.0,116,1832,6.33,2026-01-03 20:31:00
KP007761,KW10610,2026-01-04,MX,Desktop,5901,7.0,94,871,10.79,2026-01-04 06:35:00
KP007762,KW11725,2026-01-05,DE,Mobile,2016,25.0,19,289,6.57,2026-01-05 19:28:00
KP007763,KW10744,2026-01-06,AU,Mobile,2871,46.0,34,736,4.62,2026-01-06 02:23:00
KP007764,KW11547,2026-01-07,US,Desktop,1468,15.0,32,341,9.38,2026-01-07 14:21:00
KP007765,KW10788,2026-01-08,IN,Desktop,1841,48.0,8,182,4.4,2026-01-08 15:11:00
KP007766,KW10710,2026-01-09,CA,Desktop,5032,25.0,62,1362,4.55,2026-01-09 18:54:00
KP007767,KW10120,2026-01-10,IN,Desktop,11316,46.0,56,1497,3.74,2026-01-10 04:47:00
KP007768,KW10279,2026-01-11,UK,Mobile,2194,36.0,34,783,4.34,2026-01-11 18:52:00
KP007769,KW11430,2026-01-12,MX,Mobile,2635,19.0,82,978,8.38,2026-01-12 08:30:00
KP007770,KW10919,2026-01-13,JP,Desktop,415,41.0,2,51,3.92,2026-01-13 15:22:00
KP007771,KW11415,2026-01-14,JP,Mobile,4356,46.0,31,611,5.07,2026-01-14 16:59:00
KP007772,KW10467,2026-01-15,FR,Desktop,459,26.0,10,174,5.75,2026-01-15 22:16:00
KP007773,KW11146,2026-01-16,JP,Mobile,1422,2.0,99,422,23.46,2026-01-16 11:43:00
KP007774,KW10885,2026-01-17,DE,Mobile,774,7.0,35,269,13.01,2026-01-17 20:44:00
KP007775,KW10392,2026-01-18,US,Mobile,744,2.0,10,51,19.61,2026-01-18 05:11:00
KP007776,KW10530,2026-01-19,AU,Mobile,2443,47.0,51,1057,4.82,2026-01-19 21:58:00
KP007777,KW11205,2026-01-20,UK,Tablet,1088,37.0,21,411,5.11,2026-01-20 11:58:00
KP007778,KW11559,2026-01-21,FR,Tablet,863,12.0,25,235,10.64,2026-01-21 18:01:00
KP007779,KW11278,2026-01-22,DE,Desktop,4540,27.0,158,2333,6.77,2026-01-22 20:28:00
KP007780,KW10186,2026-01-23,IN,Tablet,3358,22.0,45,721,6.24,2026-01-23 09:51:00
KP007781,KW10937,2026-01-24,JP,Desktop,7012,26.0,25,583,4.29,2026-01-24 11:04:00
KP007782,KW11741,2026-01-25,BR,Desktop,4120,21.0,18,230,7.83,2026-01-25 01:15:00
KP007783,KW11525,2026-01-26,FR,Mobile,3504,12.0,153,1615,9.47,2026-01-26 02:17:00
KP007784,KW10964,2026-01-27,US,Tablet,7765,30.0,168,4135,4.06,2026-01-27 02:48:00
KP007785,KW11359,2026-01-28,BR,Desktop,4852,28.0,49,724,6.77,2026-01-28 10:49:00
KP007786,KW10414,2026-01-29,CA,Desktop,6225,28.0,121,2319,5.22,2026-01-29 12:32:00
KP007787,KW10595,2026-01-30,CA,Mobile,1040,13.0,35,328,10.67,2026-01-30 23:39:00
KP007788,KW10636,2026-01-31,IN,Desktop,564,16.0,16,269,5.95,2026-01-31 16:16:00
KP008031,KW10556,2025-10-01,AU,Desktop,4309,28.0,99,2036,4.86,2025-10-01 10:21:00
KP008032,KW11052,2025-10-02,JP,Mobile,6895,42.0,32,898,3.56,2025-10-02 09:44:00
KP008033,KW11333,2025-10-03,DE,Desktop,2304,32.0,51,1151,4.43,2025-10-03 12:45:00
KP008034,KW10576,2025-10-04,UK,Mobile,17305,2.0,1380,5527,24.97,2025-10-04 06:05:00
KP008035,KW10986,2025-10-05,AU,Desktop,10237,15.0,108,1794,6.02,2025-10-05 19:46:00
KP008036,KW10661,2025-10-06,JP,Desktop,3767,29.0,23,429,5.36,2025-10-06 17:25:00
KP008037,KW10393,2025-10-07,IN,Mobile,7826,49.0,61,1368,4.46,2025-10-07 03:59:00
KP008038,KW11788,2025-10-08,IN,Desktop,5653,33.0,164,2939,5.58,2025-10-08 21:24:00
KP008039,KW11616,2025-10-09,US,Mobile,903,20.0,27,380,7.11,2025-10-09 10:59:00
KP008040,KW10343,2025-10-10,BR,Desktop,2885,39.0,35,623,5.62,2025-10-10 07:20:00
KP008041,KW10123,2025-10-11,FR,Mobile,3312,48.0,26,510,5.1,2025-10-11 15:23:00
KP008042,KW11891,2025-10-12,JP,Desktop,581,13.0,13,180,7.22,2025-10-12 08:58:00
KP008043,KW10616,2025-10-13,DE,Mobile,1912,14.0,20,249,8.03,2025-10-13 04:36:00
KP008044,KW10402,2025-10-14,DE,Mobile,6747,23.0,118,2422,4.87,2025-10-14 16:41:00
KP008045,KW10192,2025-10-15,DE,Desktop,2864,44.0,80,1502,5.33,2025-10-15 09:24:00
KP008046,KW10765,2025-10-16,JP,Mobile,19290,23.0,461,7309,6.31,2025-10-16 00:25:00
KP008047,KW11800,2025-10-17,CA,Desktop,4922,36.0,42,1094,3.84,2025-10-17 22:21:00
KP008048,KW10585,2025-10-18,AU,Mobile,11018,24.0,146,2008,7.27,2025-10-18 10:22:00
KP008049,KW11729,2025-10-19,US,Desktop,8668,47.0,165,3995,4.13,2025-10-19 19:36:00
KP008050,KW10326,2025-10-20,JP,Desktop,2434,10.0,24,208,11.54,2025-10-20 03:48:00
KP008051,KW11191,2025-10-21,BR,Mobile,8054,15.0,272,2862,9.5,2025-10-21 10:36:00
KP008052,KW11519,2025-10-22,IN,Desktop,5406,47.0,54,1307,4.13,2025-10-22 02:45:00
KP008053,KW10120,2025-10-23,CA,Mobile,8738,28.0,257,4789,5.37,2025-10-23 01:30:00
KP008054,KW10586,2025-10-24,AU,Mobile,6814,46.0,40,924,4.33,2025-10-24 11:45:00
KP008055,KW10425,2025-10-25,AU,Mobile,6455,41.0,21,437,4.81,2025-10-25 21:13:00
KP008056,KW11540,2025-10-26,DE,Tablet,3064,17.0,66,1065,6.2,2025-10-26 18:53:00
KP008057,KW11350,2025-10-27,UK,Mobile,7272,2.0,222,1114,19.93,2025-10-27 20:51:00
KP008058,KW10786,2025-10-28,UK,Mobile,1211,18.0,20,246,8.13,2025-10-28 00:19:00
KP008059,KW11152,2025-10-29,BR,Desktop,1898,2.0,160,584,27.4,2025-10-29 11:06:00
KP008060,KW10225,2025-10-30,FR,Mobile,893,20.0,11,226,4.87,2025-10-30 13:26:00
KP008061,KW11492,2025-10-31,US,Mobile,1987,42.0,20,434,4.61,2025-10-31 06:27:00
KP008062,KW11431,2025-11-01,AU,Mobile,4492,49.0,35,1073,3.26,2025-11-01 19:29:00
KP008063,KW10936,2025-11-02,AU,Mobile,3668,20.0,128,1695,7.55,2025-11-02 17:07:00
KP008064,KW10028,2025-11-03,UK,Desktop,7328,28.0,101,2074,4.87,2025-11-03 21:54:00
KP008065,KW11398,2025-11-04,UK,Desktop,1012,31.0,20,510,3.92,2025-11-04 03:37:00
KP008066,KW10631,2025-11-05,FR,Mobile,3535,26.0,48,1015,4.73,2025-11-05 03:18:00
KP008067,KW11099,2025-11-06,US,Mobile,7296,41.0,106,2987,3.55,2025-11-06 09:52:00
KP008068,KW10692,2025-11-07,US,Desktop,9122,45.0,83,1955,4.25,2025-11-07 22:10:00
KP008069,KW10320,2025-11-08,JP,Desktop,12074,37.0,223,5956,3.74,2025-11-08 20:50:00
KP008070,KW11590,2025-11-09,MX,Mobile,9327,13.0,324,3927,8.25,2025-11-09 08:36:00
KP008071,KW10048,2025-11-10,US,Mobile,716,22.0,9,157,5.73,2025-11-10 12:18:00
KP008072,KW11224,2025-11-11,BR,Desktop,465,15.0,11,170,6.47,2025-11-11 07:09:00
KP008073,KW10119,2025-11-12,AU,Mobile,887,41.0,3,105,2.86,2025-11-12 02:09:00
KP008074,KW10870,2025-11-13,JP,Desktop,1509,28.0,28,565,4.96,2025-11-13 01:18:00
KP008075,KW10219,2025-11-14,BR,Desktop,21681,23.0,403,6271,6.43,2025-11-14 23:30:00
KP008076,KW10366,2025-11-15,FR,Mobile,9003,48.0,120,2638,4.55,2025-11-15 05:07:00
KP008077,KW10570,2025-11-16,MX,Mobile,3366,24.0,78,1596,4.89,2025-11-16 10:15:00
KP008078,KW11366,2025-11-17,AU,Mobile,3294,18.0,141,1596,8.83,2025-11-17 23:03:00
KP008079,KW10680,2025-11-18,BR,Mobile,1295,15.0,17,187,9.09,2025-11-18 20:09:00
KP008080,KW11385,2025-11-19,CA,Desktop,3842,37.0,78,1574,4.96,2025-11-19 08:13:00
KP008081,KW11585,2025-11-20,FR,Desktop,11265,23.0,214,4326,4.95,2025-11-20 11:03:00
KP008082,KW10156,2025-11-21,JP,Mobile,1222,6.0,39,255,15.29,2025-11-21 11:58:00
KP008083,KW11863,2025-11-22,MX,Desktop,1406,40.0,15,280,5.36,2025-11-22 22:51:00
KP008084,KW11597,2025-11-23,US,Mobile,1250,30.0,19,296,6.42,2025-11-23 22:31:00
KP008085,KW11802,2025-11-24,CA,Mobile,2620,31.0,64,1019,6.28,2025-11-24 18:39:00
KP008086,KW11949,2025-11-25,IN,Mobile,8829,44.0,179,3564,5.02,2025-11-25 10:22:00
KP008087,KW10807,2025-11-26,US,Mobile,2874,50.0,37,829,4.46,2025-11-26 14:12:00
KP008088,KW11456,2025-11-27,BR,Mobile,8669,15.0,202,2876,7.02,2025-11-27 01:28:00
KP008089,KW10407,2025-11-28,UK,Desktop,2836,19.0,46,832,5.53,2025-11-28 08:35:00
KP008090,KW11981,2025-11-29,DE,Desktop,1488,12.0,52,658,7.9,2025-11-29 16:27:00
KP008091,KW10942,2025-11-30,UK,Desktop,1511,39.0,18,370,4.86,2025-11-30 13:38:00
KP008092,KW11201,2025-12-01,DE,Desktop,2198,40.0,31,669,4.63,2025-12-01 07:25:00
KP008093,KW10243,2025-12-02,JP,Desktop,5502,29.0,52,1021,5.09,2025-12-02 04:01:00
KP008094,KW11528,2025-12-03,US,Desktop,9631,26.0,35,562,6.23,2025-12-03 06:30:00
KP008095,KW10676,2025-12-04,FR,Tablet,1699,46.0,29,876,3.31,2025-12-04 08:50:00
KP008096,KW11141,2025-12-05,BR,Mobile,3317,45.0,43,951,4.52,2025-12-05 11:14:00
KP008097,KW10811,2025-12-06,DE,Mobile,8655,11.0,428,4318,9.91,2025-12-06 15:33:00
KP008098,KW11534,2025-12-07,FR,Mobile,885,47.0,14,390,3.59,2025-12-07 10:03:00
KP008099,KW11473,2025-12-08,MX,Mobile,2030,1.0,318,1095,29.04,2025-12-08 15:45:00
KP008100,KW10100,2025-12-09,US,Mobile,1886,3.0,77,383,20.1,2025-12-09 09:52:00
KP008101,KW10573,2025-12-10,DE,Tablet,961,14.0,45,491,9.16,2025-12-10 09:43:00
KP008102,KW11039,2025-12-11,UK,Tablet,4398,29.0,17,298,5.7,2025-12-11 00:10:00
KP008103,KW11185,2025-12-12,AU,Mobile,2950,35.0,39,658,5.93,2025-12-12 15:45:00
KP008104,KW10616,2025-12-13,UK,Tablet,2381,31.0,16,333,4.8,2025-12-13 05:51:00
KP008105,KW10954,2025-12-14,IN,Desktop,3271,36.0,47,1246,3.77,2025-12-14 20:48:00
KP008106,KW11636,2025-12-15,UK,Desktop,5182,7.0,242,2221,10.9,2025-12-15 12:13:00
KP008107,KW11386,2025-12-16,AU,Mobile,1916,47.0,26,524,4.96,2025-12-16 13:53:00
KP008108,KW10401,2025-12-17,US,Mobile,3518,1.0,308,880,35.0,2025-12-17 18:13:00
KP008109,KW11872,2025-12-18,JP,Mobile,937,7.0,48,365,13.15,2025-12-18 07:05:00
KP008110,KW10819,2025-12-19,IN,Desktop,18683,2.0,1174,4667,25.16,2025-12-19 04:32:00
KP008111,KW11189,2025-12-20,CA,Mobile,823,48.0,18,366,4.92,2025-12-20 12:23:00
KP008112,KW11167,2025-12-21,DE,Desktop,2005,47.0,9,214,4.21,2025-12-21 09:48:00
KP008113,KW11610,2025-12-22,IN,Mobile,478,18.0,8,132,6.06,2025-12-22 06:22:00
KP008114,KW10407,2025-12-23,FR,Mobile,6267,22.0,169,2774,6.09,2025-12-23 19:03:00
KP008115,KW11195,2025-12-24,FR,Desktop,10951,26.0,316,5922,5.34,2025-12-24 20:14:00
KP008116,KW11393,2025-12-25,US,Tablet,562,12.0,4,52,7.69,2025-12-25 18:56:00
KP008117,KW10671,2025-12-26,JP,Mobile,1393,35.0,39,719,5.42,2025-12-26 09:27:00
KP008118,KW11229,2025-12-27,DE,Mobile,9813,40.0,204,5310,3.84,2025-12-27 18:25:00
KP008119,KW11356,2025-12-28,BR,Mobile,3156,35.0,81,1535,5.28,2025-12-28 15:33:00
KP008120,KW11380,2025-12-29,UK,Desktop,1769,17.0,48,853,5.63,2025-12-29 06:17:00
KP008121,KW11812,2025-12-30,DE,Desktop,2810,46.0,36,847,4.25,2025-12-30 22:27:00
KP008122,KW10008,2025-12-31,US,Desktop,8695,47.0,101,2094,4.82,2025-12-31 07:23:00
KP008123,KW11666,2026-01-01,CA,Mobile,3428,25.0,70,1071,6.54,2026-01-01 15:04:00
KP008124,KW10534,2026-01-02,BR,Desktop,11409,7.0,175,1181,14.82,2026-01-02 10:22:00
KP008125,KW11311,2026-01-03,US,Mobile,2486,36.0,51,962,5.3,2026-01-03 11:55:00
KP008126,KW11993,2026-01-04,MX,Mobile,4104,6.0,234,2183,10.72,2026-01-04 19:53:00
KP008127,KW10496,2026-01-05,DE,Desktop,2073,18.0,18,217,8.29,2026-01-05 20:33:00
KP008128,KW10123,2026-01-06,MX,Desktop,9688,49.0,188,4350,4.32,2026-01-06 01:25:00
KP008129,KW11893,2026-01-07,JP,Desktop,1652,4.0,109,551,19.78,2026-01-07 00:46:00
KP008130,KW10176,2026-01-08,CA,Tablet,2304,31.0,59,1202,4.91,2026-01-08 05:05:00
KP008131,KW11371,2026-01-09,US,Mobile,2398,36.0,19,384,4.95,2026-01-09 20:28:00
KP008132,KW10720,2026-01-10,US,Mobile,1179,35.0,15,388,3.87,2026-01-10 20:53:00
KP008133,KW10693,2026-01-11,US,Tablet,2153,15.0,78,828,9.42,2026-01-11 07:17:00
KP008134,KW11907,2026-01-12,CA,Desktop,4909,35.0,14,280,5.0,2026-01-12 09:41:00
KP008135,KW10428,2026-01-13,US,Desktop,604,27.0,14,239,5.86,2026-01-13 22:16:00
KP008136,KW10600,2026-01-14,US,Mobile,734,3.0,57,335,17.01,2026-01-14 03:05:00
KP008137,KW10383,2026-01-15,MX,Desktop,4290,41.0,69,1544,4.47,2026-01-15 10:27:00
KP008138,KW10256,2026-01-16,IN,Tablet,3020,34.0,9,202,4.46,2026-01-16 03:01:00
KP008139,KW11555,2026-01-17,IN,Mobile,3586,37.0,47,894,5.26,2026-01-17 01:03:00
KP008140,KW10550,2026-01-18,CA,Mobile,4093,9.0,99,1134,8.73,2026-01-18 01:14:00
KP008141,KW10060,2026-01-19,MX,Desktop,4153,41.0,78,1798,4.34,2026-01-19 19:29:00
KP008142,KW11928,2026-01-20,AU,Mobile,772,10.0,14,116,12.07,2026-01-20 05:11:00
KP008143,KW11569,2026-01-21,AU,Desktop,3385,2.0,296,1379,21.46,2026-01-21 11:38:00
KP008144,KW11277,2026-01-22,IN,Desktop,2701,11.0,58,604,9.6,2026-01-22 13:48:00
KP008145,KW10933,2026-01-23,MX,Desktop,1830,22.0,67,855,7.84,2026-01-23 09:06:00
KP008146,KW11888,2026-01-24,JP,Tablet,3515,7.0,160,1187,13.48,2026-01-24 11:17:00
KP008147,KW10621,2026-01-25,AU,Tablet,6701,16.0,234,2942,7.95,2026-01-25 03:51:00
KP008148,KW10214,2026-01-26,UK,Desktop,4141,26.0,105,2024,5.19,2026-01-26 00:57:00
KP008149,KW10422,2026-01-27,MX,Desktop,5117,32.0,41,1045,3.92,2026-01-27 10:30:00
KP008150,KW10675,2026-01-28,JP,Desktop,771,1.0,59,169,34.91,2026-01-28 07:08:00
KP008151,KW10147,2026-01-29,DE,Desktop,420,25.0,14,211,6.64,2026-01-29 01:24:00
KP008152,KW10332,2026-01-30,IN,Mobile,6020,25.0,49,1050,4.67,2026-01-30 04:54:00
KP008153,KW10483,2026-01-31,UK,Mobile,990,45.0,5,147,3.4,2026-01-31 10:35:00
KP008396,KW10505,2025-10-01,BR,Desktop,6798,41.0,160,3315,4.83,2025-10-01 15:50:00
KP008397,KW10274,2025-10-02,DE,Tablet,9254,19.0,148,2281,6.49,2025-10-02 21:36:00
KP008398,KW10838,2025-10-03,DE,Desktop,378,30.0,4,73,5.48,2025-10-03 05:01:00
KP008399,KW10270,2025-10-04,US,Desktop,2369,23.0,14,207,6.76,2025-10-04 09:45:00
KP008400,KW10943,2025-10-05,IN,Desktop,4682,17.0,59,721,8.18,2025-10-05 12:08:00
KP008401,KW11650,2025-10-06,FR,Mobile,3174,27.0,79,1674,4.72,2025-10-06 16:52:00
KP008402,KW10217,2025-10-07,UK,Desktop,2281,49.0,11,280,3.93,2025-10-07 06:51:00
KP008403,KW10906,2025-10-08,US,Desktop,2991,6.0,180,1161,15.5,2025-10-08 01:54:00
KP008404,KW10684,2025-10-09,MX,Desktop,1374,25.0,19,279,6.81,2025-10-09 18:01:00
KP008405,KW10925,2025-10-10,BR,Mobile,1242,49.0,15,467,3.21,2025-10-10 12:47:00
KP008406,KW11926,2025-10-11,JP,Desktop,3712,4.0,266,1663,16.0,2025-10-11 04:07:00
KP008407,KW10451,2025-10-12,AU,Tablet,799,8.0,6,58,10.34,2025-10-12 11:25:00
KP008408,KW10383,2025-10-13,UK,Desktop,2758,40.0,17,324,5.25,2025-10-13 09:18:00
KP008409,KW10327,2025-10-14,MX,Desktop,4223,45.0,53,1634,3.24,2025-10-14 12:47:00
KP008410,KW11685,2025-10-15,US,Desktop,2506,39.0,39,1008,3.87,2025-10-15 06:43:00
KP008411,KW11046,2025-10-16,CA,Desktop,36352,27.0,816,14719,5.54,2025-10-16 19:09:00
KP008412,KW11117,2025-10-17,DE,Mobile,2330,2.0,349,1248,27.96,2025-10-17 13:12:00
KP008413,KW11228,2025-10-18,FR,Desktop,1831,43.0,32,658,4.86,2025-10-18 01:40:00
KP008414,KW10640,2025-10-19,IN,Tablet,1187,26.0,22,377,5.84,2025-10-19 02:46:00
KP008415,KW10653,2025-10-20,IN,Mobile,1120,21.0,19,332,5.72,2025-10-20 20:52:00
KP008416,KW10844,2025-10-21,BR,Mobile,470,3.0,27,160,16.88,2025-10-21 12:16:00
KP008417,KW11578,2025-10-22,FR,Mobile,5066,25.0,51,846,6.03,2025-10-22 06:14:00
KP008418,KW10171,2025-10-23,UK,Mobile,3434,1.0,153,581,26.33,2025-10-23 11:37:00
KP008419,KW10438,2025-10-24,IN,Desktop,737,17.0,11,145,7.59,2025-10-24 07:18:00
KP008420,KW11686,2025-10-25,UK,Desktop,3715,32.0,33,615,5.37,2025-10-25 13:12:00
KP008421,KW11774,2025-10-26,IN,Desktop,2665,41.0,18,383,4.7,2025-10-26 15:12:00
KP008422,KW11435,2025-10-27,MX,Mobile,7382,13.0,174,2500,6.96,2025-10-27 19:33:00
KP008423,KW11946,2025-10-28,BR,Mobile,4963,1.0,460,1317,34.93,2025-10-28 15:58:00
KP008424,KW11435,2025-10-29,DE,Mobile,3025,16.0,110,1342,8.2,2025-10-29 02:37:00
KP008425,KW10355,2025-10-30,FR,Tablet,2637,22.0,75,1229,6.1,2025-10-30 07:23:00
KP008426,KW10209,2025-10-31,CA,Desktop,5094,24.0,103,1660,6.2,2025-10-31 23:47:00
KP008427,KW11309,2025-11-01,IN,Mobile,3052,50.0,14,353,3.97,2025-11-01 04:07:00
KP008428,KW10315,2025-11-02,CA,Desktop,566,38.0,8,174,4.6,2025-11-02 21:06:00
KP008429,KW10699,2025-11-03,CA,Mobile,1699,25.0,20,304,6.58,2025-11-03 19:12:00
KP008430,KW10346,2025-11-04,AU,Mobile,1216,20.0,44,533,8.26,2025-11-04 12:58:00
KP008431,KW10268,2025-11-05,AU,Desktop,4205,33.0,40,922,4.34,2025-11-05 21:51:00
KP008432,KW10868,2025-11-06,UK,Mobile,428,23.0,7,150,4.67,2025-11-06 06:51:00
KP008433,KW11203,2025-11-07,JP,Tablet,15751,20.0,305,4246,7.18,2025-11-07 18:53:00
KP008434,KW10027,2025-11-08,FR,Desktop,1186,16.0,25,406,6.16,2025-11-08 04:53:00
KP008435,KW10858,2025-11-09,CA,Mobile,4784,42.0,11,321,3.43,2025-11-09 22:33:00
KP008436,KW11351,2025-11-10,MX,Desktop,3834,41.0,56,1008,5.56,2025-11-10 12:59:00
KP008437,KW10890,2025-11-11,UK,Desktop,7088,21.0,126,2362,5.33,2025-11-11 10:43:00
KP008438,KW11918,2025-11-12,BR,Mobile,3670,40.0,89,1859,4.79,2025-11-12 19:56:00
KP008439,KW11719,2025-11-13,FR,Mobile,5801,23.0,52,798,6.52,2025-11-13 15:05:00
KP008440,KW10197,2025-11-14,UK,Mobile,4263,29.0,82,1637,5.01,2025-11-14 11:30:00
KP008441,KW10952,2025-11-15,JP,Mobile,3192,41.0,65,1258,5.17,2025-11-15 13:47:00
KP008442,KW11005,2025-11-16,US,Mobile,532,31.0,12,195,6.15,2025-11-16 16:37:00
KP008443,KW10886,2025-11-17,MX,Desktop,3871,25.0,97,1891,5.13,2025-11-17 19:22:00
KP008444,KW11957,2025-11-18,JP,Desktop,7679,42.0,185,3633,5.09,2025-11-18 13:04:00
KP008445,KW11045,2025-11-19,CA,Desktop,1051,21.0,12,154,7.79,2025-11-19 14:43:00
KP008446,KW10731,2025-11-20,US,Mobile,4574,3.0,460,2012,22.86,2025-11-20 03:40:00
KP008447,KW10992,2025-11-21,UK,Desktop,8766,40.0,47,1307,3.6,2025-11-21 18:57:00
KP008448,KW11875,2025-11-22,BR,Mobile,6097,44.0,143,2695,5.31,2025-11-22 22:10:00
KP008449,KW11235,2025-11-23,AU,Mobile,4547,21.0,100,1586,6.31,2025-11-23 22:37:00
KP008450,KW10508,2025-11-24,UK,Desktop,3874,23.0,97,1651,5.88,2025-11-24 11:45:00
KP008451,KW11355,2025-11-25,DE,Mobile,16358,17.0,270,4452,6.06,2025-11-25 05:27:00
KP008452,KW11933,2025-11-26,BR,Mobile,9590,32.0,240,3925,6.11,2025-11-26 10:32:00
KP008453,KW10119,2025-11-27,FR,Mobile,1934,15.0,14,196,7.14,2025-11-27 03:58:00
KP008454,KW10486,2025-11-28,DE,Desktop,2060,36.0,26,712,3.65,2025-11-28 04:50:00
KP008455,KW11820,2025-11-29,MX,Mobile,3882,2.0,188,858,21.91,2025-11-29 15:06:00
KP008456,KW10692,2025-11-30,IN,Desktop,2096,10.0,58,788,7.36,2025-11-30 07:15:00
KP008457,KW11732,2025-12-01,IN,Tablet,14381,42.0,115,2502,4.6,2025-12-01 21:38:00
KP008458,KW10340,2025-12-02,IN,Mobile,1503,5.0,50,356,14.04,2025-12-02 17:36:00
KP008459,KW11508,2025-12-03,US,Mobile,1480,10.0,17,163,10.43,2025-12-03 05:42:00
KP008460,KW11993,2025-12-04,BR,Mobile,2791,6.0,226,1507,15.0,2025-12-04 11:40:00
KP008461,KW11026,2025-12-05,AU,Desktop,4094,46.0,10,273,3.66,2025-12-05 11:56:00
KP008462,KW11285,2025-12-06,AU,Desktop,2373,8.0,17,136,12.5,2025-12-06 11:12:00
KP008463,KW10761,2025-12-07,MX,Desktop,2964,21.0,70,1106,6.33,2025-12-07 06:40:00
KP008464,KW11752,2025-12-08,MX,Mobile,6822,16.0,276,3117,8.85,2025-12-08 12:03:00
KP008465,KW10605,2025-12-09,BR,Desktop,2352,41.0,9,172,5.23,2025-12-09 13:59:00
KP008466,KW11055,2025-12-10,UK,Mobile,2487,4.0,72,457,15.75,2025-12-10 08:34:00
KP008467,KW11777,2025-12-11,US,Mobile,859,36.0,24,403,5.96,2025-12-11 15:55:00
KP008468,KW10438,2025-12-12,BR,Desktop,13154,14.0,417,5384,7.75,2025-12-12 17:21:00
KP008469,KW10013,2025-12-13,BR,Mobile,13018,7.0,863,7038,12.26,2025-12-13 06:05:00
KP008470,KW11268,2025-12-14,DE,Desktop,12058,43.0,163,3995,4.08,2025-12-14 15:42:00
KP008471,KW10841,2025-12-15,MX,Mobile,3936,37.0,68,1205,5.64,2025-12-15 03:44:00
KP008472,KW10884,2025-12-16,IN,Mobile,12472,6.0,210,1610,13.04,2025-12-16 14:15:00
KP008473,KW11201,2025-12-17,US,Mobile,816,17.0,6,83,7.23,2025-12-17 12:35:00
KP008474,KW11378,2025-12-18,IN,Desktop,4221,1.0,623,2303,27.05,2025-12-18 12:51:00
KP008475,KW10542,2025-12-19,IN,Desktop,1401,40.0,41,749,5.47,2025-12-19 04:19:00
KP008476,KW10657,2025-12-20,UK,Desktop,6115,8.0,34,330,10.3,2025-12-20 11:18:00
KP008477,KW11324,2025-12-21,IN,Desktop,6764,21.0,110,1835,5.99,2025-12-21 19:00:00
KP008478,KW10510,2025-12-22,AU,Mobile,2141,18.0,15,182,8.24,2025-12-22 14:26:00
KP008479,KW10745,2025-12-23,IN,Desktop,1152,40.0,25,612,4.08,2025-12-23 10:02:00
KP008480,KW10805,2025-12-24,JP,Desktop,3012,43.0,76,1514,5.02,2025-12-24 11:31:00
KP008481,KW11498,2025-12-25,AU,Mobile,1525,31.0,24,446,5.38,2025-12-25 14:09:00
KP008482,KW11781,2025-12-26,IN,Desktop,9921,1.0,473,1353,34.96,2025-12-26 03:18:00
KP008483,KW10225,2025-12-27,DE,Mobile,519,21.0,18,235,7.66,2025-12-27 06:12:00
KP008484,KW10879,2025-12-28,FR,Mobile,1415,44.0,11,263,4.18,2025-12-28 13:27:00
KP008485,KW10967,2025-12-29,MX,Desktop,8908,18.0,130,1956,6.65,2025-12-29 05:08:00
KP008486,KW10643,2025-12-30,BR,Desktop,2783,4.0,251,1256,19.98,2025-12-30 13:49:00
KP008487,KW11073,2025-12-31,UK,Mobile,724,33.0,4,95,4.21,2025-12-31 00:05:00
KP008488,KW11288,2026-01-01,AU,Desktop,7082,40.0,98,2395,4.09,2026-01-01 01:27:00
KP008489,KW11518,2026-01-02,DE,Desktop,2857,27.0,74,1065,6.95,2026-01-02 08:00:00
KP008490,KW11250,2026-01-03,MX,Desktop,4782,6.0,67,627,10.69,2026-01-03 03:11:00
KP008491,KW11177,2026-01-04,US,Desktop,5515,23.0,48,768,6.25,2026-01-04 03:33:00
KP008492,KW11271,2026-01-05,DE,Desktop,594,39.0,2,70,2.86,2026-01-05 09:41:00
KP008493,KW10867,2026-01-06,DE,Mobile,938,10.0,6,79,7.59,2026-01-06 01:50:00
KP008494,KW11869,2026-01-07,CA,Mobile,4449,31.0,104,1953,5.33,2026-01-07 15:15:00
KP008495,KW10576,2026-01-08,UK,Desktop,644,3.0,44,266,16.54,2026-01-08 01:39:00
KP008496,KW10413,2026-01-09,UK,Tablet,8704,36.0,166,2914,5.7,2026-01-09 21:44:00
KP008497,KW10701,2026-01-10,CA,Desktop,1523,45.0,18,384,4.69,2026-01-10 10:00:00
KP008498,KW11807,2026-01-11,DE,Tablet,5118,38.0,62,1400,4.43,2026-01-11 21:36:00
KP008499,KW11067,2026-01-12,US,Desktop,24015,23.0,306,5617,5.45,2026-01-12 21:15:00
KP008500,KW11288,2026-01-13,IN,Mobile,2954,24.0,55,791,6.95,2026-01-13 17:24:00
KP008501,KW10883,2026-01-14,MX,Desktop,2067,34.0,64,1078,5.94,2026-01-14 20:11:00
KP008502,KW10153,2026-01-15,AU,Desktop,2603,3.0,119,699,17.02,2026-01-15 04:44:00
KP008503,KW10926,2026-01-16,US,Mobile,1555,49.0,41,841,4.88,2026-01-16 20:58:00
KP008504,KW10741,2026-01-17,US,Desktop,14583,39.0,286,7935,3.6,2026-01-17 08:57:00
KP008505,KW10354,2026-01-18,DE,Desktop,3317,26.0,57,1222,4.66,2026-01-18 09:40:00
KP008506,KW10818,2026-01-19,JP,Desktop,6297,7.0,61,576,10.59,2026-01-19 01:56:00
KP008507,KW11855,2026-01-20,DE,Desktop,6132,28.0,120,1899,6.32,2026-01-20 02:52:00
KP008508,KW11832,2026-01-21,JP,Desktop,2743,19.0,77,1295,5.95,2026-01-21 01:41:00
KP008509,KW10147,2026-01-22,JP,Desktop,2353,7.0,133,953,13.96,2026-01-22 18:55:00
KP008510,KW10422,2026-01-23,US,Desktop,5547,24.0,76,1240,6.13,2026-01-23 15:32:00
KP008511,KW11673,2026-01-24,MX,Desktop,2467,8.0,87,682,12.76,2026-01-24 00:04:00
KP008512,KW10865,2026-01-25,DE,Desktop,4464,37.0,37,771,4.8,2026-01-25 16:33:00
KP008513,KW10546,2026-01-26,CA,Desktop,1183,3.0,21,122,17.21,2026-01-26 01:26:00
KP008514,KW10298,2026-01-27,DE,Desktop,16531,15.0,417,4407,9.46,2026-01-27 23:27:00
KP008515,KW10921,2026-01-28,CA,Desktop,4211,27.0,79,1702,4.64,2026-01-28 12:56:00
KP008516,KW11013,2026-01-29,IN,Mobile,3399,45.0,34,741,4.59,2026-01-29 20:59:00
KP008517,KW10152,2026-01-30,MX,Desktop,4226,2.0,175,642,27.26,2026-01-30 11:43:00
KP008518,KW10922,2026-01-31,CA,Desktop,803,47.0,5,166,3.01,2026-01-31 10:59:00
KP008761,KW11309,2025-10-01,IN,Desktop,1594,15.0,22,240,9.17,2025-10-01 00:04:00
KP008762,KW10591,2025-10-02,FR,Desktop,12230,30.0,352,6655,5.29,2025-10-02 06:02:00
KP008763,KW11664,2025-10-03,FR,Desktop,558,43.0,6,132,4.55,2025-10-03 17:54:00
KP008764,KW11755,2025-10-04,MX,Desktop,4363,22.0,88,1320,6.67,2025-10-04 05:48:00
KP008765,KW11675,2025-10-05,IN,Mobile,2625,16.0,86,1188,7.24,2025-10-05 14:13:00
KP008766,KW10571,2025-10-06,CA,Tablet,1195,45.0,21,531,3.95,2025-10-06 13:35:00
KP008767,KW11678,2025-10-07,CA,Desktop,3968,29.0,85,1804,4.71,2025-10-07 19:22:00
KP008768,KW10632,2025-10-08,DE,Mobile,1171,14.0,32,432,7.41,2025-10-08 04:36:00
KP008769,KW11097,2025-10-09,FR,Desktop,1281,17.0,35,476,7.35,2025-10-09 13:23:00
KP008770,KW10698,2025-10-10,IN,Desktop,3079,6.0,103,1018,10.12,2025-10-10 22:59:00
KP008771,KW10701,2025-10-11,MX,Desktop,19455,8.0,633,5185,12.21,2025-10-11 21:42:00
KP008772,KW11375,2025-10-12,BR,Desktop,1386,40.0,15,412,3.64,2025-10-12 15:09:00
KP008773,KW10679,2025-10-13,US,Desktop,1854,11.0,72,771,9.34,2025-10-13 11:16:00
KP008774,KW10042,2025-10-14,FR,Tablet,1387,7.0,13,135,9.63,2025-10-14 11:03:00
KP008775,KW11916,2025-10-15,DE,Mobile,6679,17.0,132,2191,6.02,2025-10-15 20:37:00
KP008776,KW11946,2025-10-16,JP,Desktop,6248,3.0,265,1278,20.74,2025-10-16 17:28:00
KP008777,KW11678,2025-10-17,BR,Mobile,4278,31.0,100,1735,5.76,2025-10-17 01:35:00
KP008778,KW10407,2025-10-18,CA,Mobile,5983,35.0,149,2679,5.56,2025-10-18 18:21:00
KP008779,KW10947,2025-10-19,FR,Desktop,2146,23.0,11,243,4.53,2025-10-19 23:26:00
KP008780,KW11915,2025-10-20,IN,Desktop,3611,28.0,79,1640,4.82,2025-10-20 22:54:00
KP008781,KW11153,2025-10-21,FR,Desktop,3626,9.0,213,1656,12.86,2025-10-21 03:13:00
KP008782,KW10039,2025-10-22,JP,Desktop,7880,25.0,85,1846,4.6,2025-10-22 21:32:00
KP008783,KW10414,2025-10-23,FR,Desktop,609,5.0,17,135,12.59,2025-10-23 10:00:00
KP008784,KW10726,2025-10-24,IN,Mobile,3966,34.0,40,905,4.42,2025-10-24 00:31:00
KP008785,KW11847,2025-10-25,IN,Desktop,435,1.0,27,79,34.18,2025-10-25 20:40:00
KP008786,KW10651,2025-10-26,US,Desktop,1121,49.0,4,122,3.28,2025-10-26 23:09:00
KP008787,KW10852,2025-10-27,JP,Mobile,14347,23.0,270,4490,6.01,2025-10-27 00:54:00
KP008788,KW10209,2025-10-28,AU,Mobile,604,8.0,8,98,8.16,2025-10-28 17:27:00
KP008789,KW10994,2025-10-29,BR,Mobile,10970,20.0,135,2605,5.18,2025-10-29 19:20:00
KP008790,KW10545,2025-10-30,DE,Mobile,1796,25.0,62,878,7.06,2025-10-30 20:39:00
KP008791,KW11984,2025-10-31,BR,Desktop,3175,8.0,109,810,13.46,2025-10-31 08:43:00
KP008792,KW11113,2025-11-01,US,Mobile,4559,27.0,51,721,7.07,2025-11-01 09:23:00
KP008793,KW10076,2025-11-02,UK,Mobile,1648,44.0,33,845,3.91,2025-11-02 18:42:00
KP008794,KW11560,2025-11-03,BR,Mobile,1376,30.0,25,497,5.03,2025-11-03 08:15:00
KP008795,KW11075,2025-11-04,MX,Desktop,1296,6.0,97,630,15.4,2025-11-04 08:56:00
KP008796,KW10425,2025-11-05,IN,Mobile,1495,22.0,15,245,6.12,2025-11-05 15:47:00
KP008797,KW10493,2025-11-06,DE,Mobile,3326,11.0,35,488,7.17,2025-11-06 17:41:00
KP008798,KW11918,2025-11-07,FR,Mobile,3540,22.0,59,1044,5.65,2025-11-07 17:27:00
KP008799,KW11764,2025-11-08,CA,Desktop,1465,34.0,8,156,5.13,2025-11-08 11:30:00
KP008800,KW10453,2025-11-09,JP,Mobile,7955,41.0,53,1036,5.12,2025-11-09 16:42:00
KP008801,KW10540,2025-11-10,IN,Mobile,2421,50.0,34,1083,3.14,2025-11-10 09:26:00
KP008802,KW10768,2025-11-11,AU,Desktop,9324,5.0,474,3111,15.24,2025-11-11 05:43:00
KP008803,KW11692,2025-11-12,IN,Mobile,12677,42.0,148,2836,5.22,2025-11-12 12:15:00
KP008804,KW10133,2025-11-13,IN,Desktop,1297,26.0,19,391,4.86,2025-11-13 08:26:00
KP008805,KW10817,2025-11-14,DE,Desktop,1917,24.0,34,687,4.95,2025-11-14 09:59:00
KP008806,KW10284,2025-11-15,US,Mobile,2772,6.0,55,467,11.78,2025-11-15 14:46:00
KP008807,KW10744,2025-11-16,US,Mobile,1245,4.0,101,674,14.99,2025-11-16 04:56:00
KP008808,KW11194,2025-11-17,BR,Desktop,9647,9.0,456,4021,11.34,2025-11-17 21:20:00
KP008809,KW11591,2025-11-18,DE,Mobile,1161,11.0,9,118,7.63,2025-11-18 23:53:00
KP008810,KW11775,2025-11-19,IN,Desktop,1809,2.0,97,486,19.96,2025-11-19 23:01:00
KP008811,KW11862,2025-11-20,JP,Desktop,4552,6.0,378,2416,15.65,2025-11-20 06:48:00
KP008812,KW10160,2025-11-21,MX,Desktop,612,47.0,15,332,4.52,2025-11-21 04:16:00
KP008813,KW11245,2025-11-22,MX,Desktop,2262,37.0,43,1028,4.18,2025-11-22 15:06:00
KP008814,KW11442,2025-11-23,AU,Desktop,8122,17.0,92,1442,6.38,2025-11-23 09:39:00
KP008815,KW11431,2025-11-24,AU,Mobile,1369,26.0,16,235,6.81,2025-11-24 12:02:00
KP008816,KW11394,2025-11-25,MX,Desktop,1071,4.0,85,445,19.1,2025-11-25 06:54:00
KP008817,KW10997,2025-11-26,JP,Mobile,17208,29.0,108,1963,5.5,2025-11-26 14:07:00
KP008818,KW11881,2025-11-27,MX,Tablet,3917,48.0,11,299,3.68,2025-11-27 18:19:00
KP008819,KW11650,2025-11-28,BR,Desktop,2064,46.0,47,930,5.05,2025-11-28 05:13:00
KP008820,KW10225,2025-11-29,AU,Desktop,5195,41.0,86,2184,3.94,2025-11-29 08:27:00
KP008821,KW11857,2025-11-30,MX,Mobile,6253,30.0,66,1119,5.9,2025-11-30 17:30:00
KP008822,KW11294,2025-12-01,JP,Desktop,10116,46.0,258,5514,4.68,2025-12-01 17:21:00
KP008823,KW11033,2025-12-02,US,Desktop,1963,21.0,74,1075,6.88,2025-12-02 18:54:00
KP008824,KW10934,2025-12-03,BR,Desktop,4524,48.0,9,298,3.02,2025-12-03 16:47:00
KP008825,KW10472,2025-12-04,AU,Desktop,2552,3.0,95,603,15.75,2025-12-04 08:52:00
KP008826,KW11039,2025-12-05,AU,Mobile,4498,6.0,73,611,11.95,2025-12-05 10:23:00
KP008827,KW10869,2025-12-06,US,Mobile,9512,20.0,103,1482,6.95,2025-12-06 18:03:00
KP008828,KW11456,2025-12-07,BR,Mobile,1262,37.0,5,100,5.0,2025-12-07 22:34:00
KP008829,KW10669,2025-12-08,IN,Desktop,1185,24.0,27,491,5.5,2025-12-08 14:21:00
KP008830,KW10548,2025-12-09,JP,Mobile,3655,48.0,20,562,3.56,2025-12-09 02:00:00
KP008831,KW11834,2025-12-10,FR,Desktop,2133,36.0,19,459,4.14,2025-12-10 12:47:00
KP008832,KW11951,2025-12-11,AU,Desktop,1585,9.0,43,379,11.35,2025-12-11 01:11:00
KP008833,KW11186,2025-12-12,UK,Desktop,8211,22.0,208,3259,6.38,2025-12-12 03:37:00
KP008834,KW10246,2025-12-13,UK,Desktop,1074,24.0,18,326,5.52,2025-12-13 16:32:00
KP008835,KW10119,2025-12-14,FR,Desktop,4928,31.0,74,1412,5.24,2025-12-14 02:58:00
KP008836,KW11497,2025-12-15,JP,Desktop,2505,41.0,67,1311,5.11,2025-12-15 16:08:00
KP008837,KW10093,2025-12-16,DE,Desktop,3709,8.0,37,327,11.31,2025-12-16 08:20:00
KP008838,KW11491,2025-12-17,CA,Mobile,4071,2.0,340,1811,18.77,2025-12-17 22:01:00
KP008839,KW11566,2025-12-18,AU,Desktop,470,23.0,11,172,6.4,2025-12-18 21:40:00
KP008840,KW10374,2025-12-19,UK,Mobile,4690,10.0,184,1612,11.41,2025-12-19 08:21:00
KP008841,KW11384,2025-12-20,MX,Mobile,12754,11.0,571,5085,11.23,2025-12-20 22:49:00
KP008842,KW11325,2025-12-21,BR,Desktop,4416,11.0,197,2012,9.79,2025-12-21 01:48:00
KP008843,KW10676,2025-12-22,UK,Desktop,3116,19.0,133,1709,7.78,2025-12-22 20:18:00
KP008844,KW10959,2025-12-23,BR,Mobile,10794,11.0,227,3208,7.08,2025-12-23 01:33:00
KP008845,KW10717,2025-12-24,MX,Mobile,10022,43.0,44,1089,4.04,2025-12-24 14:15:00
KP008846,KW10593,2025-12-25,UK,Desktop,1432,37.0,40,723,5.53,2025-12-25 17:09:00
KP008847,KW11164,2025-12-26,FR,Mobile,9934,37.0,42,1132,3.71,2025-12-26 09:46:00
KP008848,KW10891,2025-12-27,IN,Mobile,1797,40.0,34,870,3.91,2025-12-27 07:02:00
KP008849,KW10003,2025-12-28,US,Desktop,2727,12.0,122,1207,10.11,2025-12-28 12:41:00
KP008850,KW10828,2025-12-29,IN,Desktop,3213,31.0,69,1265,5.45,2025-12-29 08:46:00
KP008851,KW10474,2025-12-30,BR,Mobile,4021,29.0,13,275,4.73,2025-12-30 10:13:00
KP008852,KW10261,2025-12-31,IN,Mobile,5390,30.0,150,2370,6.33,2025-12-31 23:41:00
KP008853,KW10673,2026-01-01,US,Desktop,1120,44.0,2,76,2.63,2026-01-01 14:31:00
KP008854,KW10150,2026-01-02,FR,Mobile,2043,36.0,16,364,4.4,2026-01-02 18:15:00
KP008855,KW11359,2026-01-03,UK,Mobile,2308,27.0,66,1202,5.49,2026-01-03 12:08:00
KP008856,KW10506,2026-01-04,JP,Tablet,3384,21.0,12,214,5.61,2026-01-04 11:28:00
KP008857,KW11696,2026-01-05,CA,Mobile,1858,21.0,24,305,7.87,2026-01-05 21:17:00
KP008858,KW11564,2026-01-06,DE,Desktop,2519,23.0,64,1102,5.81,2026-01-06 17:41:00
KP008859,KW11882,2026-01-07,FR,Mobile,12524,29.0,186,3502,5.31,2026-01-07 09:13:00
KP008860,KW10532,2026-01-08,IN,Desktop,4140,45.0,47,1078,4.36,2026-01-08 12:30:00
KP008861,KW10564,2026-01-09,IN,Mobile,796,26.0,7,107,6.54,2026-01-09 10:41:00
KP008862,KW10078,2026-01-10,US,Tablet,5980,18.0,64,861,7.43,2026-01-10 08:04:00
KP008863,KW11228,2026-01-11,AU,Desktop,2139,35.0,55,1103,4.99,2026-01-11 05:11:00
KP008864,KW10081,2026-01-12,IN,Desktop,3045,1.0,492,1655,29.73,2026-01-12 16:03:00
KP008865,KW11650,2026-01-13,MX,Mobile,9523,23.0,108,1603,6.74,2026-01-13 23:17:00
KP008866,KW11926,2026-01-14,IN,Tablet,1488,44.0,34,753,4.52,2026-01-14 15:40:00
KP008867,KW10013,2026-01-15,BR,Mobile,886,30.0,16,377,4.24,2026-01-15 00:28:00
KP008868,KW11979,2026-01-16,CA,Desktop,1493,36.0,36,697,5.16,2026-01-16 00:57:00
KP008869,KW11325,2026-01-17,MX,Mobile,3180,40.0,49,1102,4.45,2026-01-17 10:49:00
KP008870,KW11533,2026-01-18,IN,Tablet,3085,38.0,11,265,4.15,2026-01-18 18:15:00
KP008871,KW10245,2026-01-19,AU,Mobile,8505,23.0,158,2315,6.83,2026-01-19 01:24:00
KP008872,KW10102,2026-01-20,JP,Mobile,5608,24.0,114,2100,5.43,2026-01-20 08:27:00
KP008873,KW11855,2026-01-21,BR,Desktop,6366,35.0,27,562,4.8,2026-01-21 19:14:00
KP008874,KW11356,2026-01-22,MX,Mobile,7002,29.0,43,846,5.08,2026-01-22 07:47:00
KP008875,KW10391,2026-01-23,BR,Tablet,5093,40.0,55,1567,3.51,2026-01-23 16:54:00
KP008876,KW10109,2026-01-24,CA,Mobile,1235,26.0,43,646,6.66,2026-01-24 07:57:00
KP008877,KW10445,2026-01-25,CA,Desktop,8422,41.0,28,689,4.06,2026-01-25 06:24:00
KP008878,KW11318,2026-01-26,AU,Mobile,2845,20.0,74,1205,6.14,2026-01-26 02:38:00
KP008879,KW11351,2026-01-27,JP,Desktop,14761,42.0,48,907,5.29,2026-01-27 03:20:00
KP008880,KW11061,2026-01-28,UK,Desktop,1303,37.0,12,255,4.71,2026-01-28 21:35:00
KP008881,KW11283,2026-01-29,US,Desktop,2241,28.0,26,528,4.92,2026-01-29 15:46:00
KP008882,KW10570,2026-01-30,FR,Desktop,1543,19.0,23,309,7.44,2026-01-30 19:10:00
KP008883,KW11576,2026-01-31,DE,Mobile,4657,1.0,506,1447,34.97,2026-01-31 23:12:00
KP009126,KW10991,2025-10-01,JP,Desktop,1766,37.0,11,197,5.58,2025-10-01 14:34:00
KP009127,KW10704,2025-10-02,DE,Desktop,4547,40.0,38,780,4.87,2025-10-02 21:24:00
KP009128,KW11956,2025-10-03,AU,Desktop,1879,44.0,31,679,4.57,2025-10-03 00:03:00
KP009129,KW11333,2025-10-04,US,Desktop,2005,17.0,32,433,7.39,2025-10-04 13:57:00
KP009130,KW11603,2025-10-05,CA,Mobile,2713,25.0,47,1053,4.46,2025-10-05 15:15:00
KP009131,KW10542,2025-10-06,CA,Desktop,3209,48.0,71,1489,4.77,2025-10-06 06:59:00
KP009132,KW10858,2025-10-07,JP,Desktop,1213,5.0,82,457,17.94,2025-10-07 20:16:00
KP009133,KW10938,2025-10-08,DE,Mobile,1140,29.0,17,415,4.1,2025-10-08 06:11:00
KP009134,KW11815,2025-10-09,US,Desktop,1876,25.0,5,94,5.32,2025-10-09 20:06:00
KP009135,KW10520,2025-10-10,US,Desktop,4555,29.0,54,1134,4.76,2025-10-10 13:04:00
KP009136,KW10457,2025-10-11,UK,Desktop,1534,32.0,30,565,5.31,2025-10-11 16:52:00
KP009137,KW10038,2025-10-12,JP,Desktop,4415,27.0,109,1708,6.38,2025-10-12 17:59:00
KP009138,KW10704,2025-10-13,FR,Mobile,8434,45.0,57,1460,3.9,2025-10-13 00:23:00
KP009139,KW11608,2025-10-14,JP,Mobile,4972,31.0,59,1333,4.43,2025-10-14 00:42:00
KP009140,KW11033,2025-10-15,AU,Desktop,10291,50.0,100,2969,3.37,2025-10-15 18:40:00
KP009141,KW10559,2025-10-16,JP,Desktop,2585,28.0,18,403,4.47,2025-10-16 15:41:00
KP009142,KW11651,2025-10-17,JP,Mobile,5740,50.0,50,1232,4.06,2025-10-17 05:48:00
KP009143,KW11444,2025-10-18,FR,Mobile,4333,41.0,29,608,4.77,2025-10-18 02:25:00
KP009144,KW11037,2025-10-19,US,Mobile,935,40.0,12,229,5.24,2025-10-19 07:22:00
KP009145,KW11872,2025-10-20,FR,Desktop,4090,15.0,145,2060,7.04,2025-10-20 08:27:00
KP009146,KW11624,2025-10-21,DE,Mobile,1660,20.0,40,665,6.02,2025-10-21 01:06:00
KP009147,KW11487,2025-10-22,JP,Mobile,5482,13.0,225,2353,9.56,2025-10-22 00:11:00
KP009148,KW11815,2025-10-23,JP,Desktop,4533,3.0,195,874,22.31,2025-10-23 06:47:00
KP009149,KW10634,2025-10-24,FR,Mobile,2203,47.0,34,816,4.17,2025-10-24 01:24:00
KP009150,KW10147,2025-10-25,CA,Mobile,1763,23.0,54,780,6.92,2025-10-25 18:21:00
KP009151,KW10712,2025-10-26,US,Desktop,259,31.0,1,20,5.0,2025-10-26 01:05:00
KP009152,KW10867,2025-10-27,AU,Desktop,7918,38.0,38,659,5.77,2025-10-27 09:39:00
KP009153,KW10838,2025-10-28,UK,Desktop,697,9.0,25,226,11.06,2025-10-28 23:07:00
KP009154,KW11125,2025-10-29,UK,Desktop,1124,41.0,14,267,5.24,2025-10-29 00:41:00
KP009155,KW11256,2025-10-30,DE,Mobile,6033,22.0,172,2482,6.93,2025-10-30 00:25:00
KP009156,KW11698,2025-10-31,AU,Mobile,2448,22.0,22,303,7.26,2025-10-31 19:23:00
KP009157,KW11629,2025-11-01,DE,Mobile,3238,25.0,71,1208,5.88,2025-11-01 08:24:00
KP009158,KW11616,2025-11-02,AU,Desktop,1809,37.0,8,148,5.41,2025-11-02 10:56:00
KP009159,KW10082,2025-11-03,DE,Mobile,1261,7.0,73,601,12.15,2025-11-03 08:19:00
KP009160,KW10882,2025-11-04,AU,Desktop,12678,1.0,910,2601,34.99,2025-11-04 05:58:00
KP009161,KW11076,2025-11-05,DE,Desktop,6261,30.0,37,594,6.23,2025-11-05 23:10:00
KP009162,KW10156,2025-11-06,JP,Desktop,3237,4.0,42,304,13.82,2025-11-06 05:26:00
KP009163,KW10122,2025-11-07,BR,Desktop,14001,48.0,264,7025,3.76,2025-11-07 01:11:00
KP009164,KW10351,2025-11-08,FR,Desktop,4090,7.0,163,1806,9.03,2025-11-08 20:19:00
KP009165,KW10966,2025-11-09,DE,Desktop,1875,19.0,14,263,5.32,2025-11-09 20:36:00
KP009166,KW11085,2025-11-10,CA,Desktop,778,5.0,23,184,12.5,2025-11-10 16:00:00
KP009167,KW11266,2025-11-11,UK,Mobile,6007,49.0,118,3156,3.74,2025-11-11 08:37:00
KP009168,KW10526,2025-11-12,FR,Mobile,4901,15.0,136,1975,6.89,2025-11-12 08:49:00
KP009169,KW11216,2025-11-13,DE,Desktop,2351,13.0,84,1005,8.36,2025-11-13 05:45:00
KP009170,KW11512,2025-11-14,UK,Desktop,2046,28.0,9,174,5.17,2025-11-14 07:10:00
KP009171,KW11114,2025-11-15,US,Desktop,7660,38.0,141,2483,5.68,2025-11-15 04:04:00
KP009172,KW10475,2025-11-16,UK,Desktop,1761,46.0,29,639,4.54,2025-11-16 09:56:00
KP009173,KW10905,2025-11-17,CA,Desktop,13006,11.0,475,5163,9.2,2025-11-17 03:18:00
KP009174,KW10984,2025-11-18,CA,Mobile,5801,15.0,133,1557,8.54,2025-11-18 05:39:00
KP009175,KW11851,2025-11-19,DE,Desktop,5353,32.0,74,1446,5.12,2025-11-19 04:01:00
KP009176,KW11020,2025-11-20,MX,Desktop,3807,10.0,179,1477,12.12,2025-11-20 14:58:00
KP009177,KW11399,2025-11-21,BR,Desktop,1075,23.0,39,558,6.99,2025-11-21 18:29:00
KP009178,KW10985,2025-11-22,JP,Tablet,3286,29.0,75,1348,5.56,2025-11-22 22:44:00
KP009179,KW11435,2025-11-23,IN,Desktop,14837,19.0,387,6851,5.65,2025-11-23 08:04:00
KP009180,KW10893,2025-11-24,BR,Desktop,6571,13.0,188,2363,7.96,2025-11-24 01:53:00
KP009181,KW11399,2025-11-25,BR,Mobile,2630,5.0,175,1355,12.92,2025-11-25 15:52:00
KP009182,KW10071,2025-11-26,IN,Mobile,2360,4.0,124,871,14.24,2025-11-26 07:17:00
KP009183,KW10005,2025-11-27,CA,Mobile,797,42.0,1,47,2.13,2025-11-27 10:13:00
KP009184,KW11754,2025-11-28,FR,Desktop,8243,29.0,145,2946,4.92,2025-11-28 07:09:00
KP009185,KW10183,2025-11-29,CA,Mobile,2196,33.0,27,523,5.16,2025-11-29 15:09:00
KP009186,KW10542,2025-11-30,MX,Desktop,4264,18.0,79,1118,7.07,2025-11-30 12:28:00
KP009187,KW11033,2025-12-01,AU,Desktop,4090,18.0,33,565,5.84,2025-12-01 23:00:00
KP009188,KW11763,2025-12-02,BR,Desktop,2629,13.0,21,313,6.71,2025-12-02 09:04:00
KP009189,KW11587,2025-12-03,AU,Desktop,12204,9.0,219,1884,11.62,2025-12-03 11:10:00
KP009190,KW10716,2025-12-04,UK,Desktop,1955,38.0,14,256,5.47,2025-12-04 10:29:00
KP009191,KW11231,2025-12-05,DE,Desktop,3948,45.0,33,951,3.47,2025-12-05 13:58:00
KP009192,KW10423,2025-12-06,UK,Desktop,10620,6.0,609,5353,11.38,2025-12-06 20:33:00
KP009193,KW11674,2025-12-07,MX,Desktop,7726,11.0,247,2980,8.29,2025-12-07 02:45:00
KP009194,KW10726,2025-12-08,UK,Desktop,4030,4.0,207,1111,18.63,2025-12-08 22:38:00
KP009195,KW10144,2025-12-09,BR,Desktop,1726,21.0,46,911,5.05,2025-12-09 03:18:00
KP009196,KW11172,2025-12-10,JP,Desktop,736,36.0,10,207,4.83,2025-12-10 12:34:00
KP009197,KW10968,2025-12-11,FR,Mobile,3657,7.0,169,1627,10.39,2025-12-11 14:48:00
KP009198,KW10808,2025-12-12,UK,Desktop,2920,36.0,9,214,4.21,2025-12-12 23:53:00
KP009199,KW10469,2025-12-13,IN,Desktop,2324,30.0,31,658,4.71,2025-12-13 02:57:00
KP009200,KW10121,2025-12-14,US,Mobile,2589,50.0,18,432,4.17,2025-12-14 16:58:00
KP009201,KW11191,2025-12-15,JP,Tablet,3764,47.0,44,1162,3.79,2025-12-15 22:22:00
KP009202,KW11681,2025-12-16,BR,Desktop,940,13.0,42,484,8.68,2025-12-16 08:21:00
KP009203,KW11744,2025-12-17,JP,Desktop,2130,2.0,28,109,25.69,2025-12-17 00:25:00
KP009204,KW10321,2025-12-18,FR,Mobile,1761,35.0,25,487,5.13,2025-12-18 06:51:00
KP009205,KW10527,2025-12-19,DE,Mobile,7975,23.0,32,522,6.13,2025-12-19 12:26:00
KP009206,KW10862,2025-12-20,US,Mobile,3399,12.0,164,1601,10.24,2025-12-20 22:08:00
KP009207,KW10837,2025-12-21,FR,Desktop,3774,19.0,19,304,6.25,2025-12-21 09:40:00
KP009208,KW10002,2025-12-22,IN,Mobile,1069,29.0,15,285,5.26,2025-12-22 07:33:00
KP009209,KW10604,2025-12-23,CA,Mobile,3703,7.0,233,1926,12.1,2025-12-23 18:46:00
KP009210,KW11611,2025-12-24,AU,Desktop,6264,45.0,109,2039,5.35,2025-12-24 23:03:00
KP009211,KW10048,2025-12-25,FR,Mobile,6217,24.0,166,3235,5.13,2025-12-25 15:04:00
KP009212,KW10214,2025-12-26,UK,Mobile,4067,30.0,37,743,4.98,2025-12-26 00:40:00
KP009213,KW11805,2025-12-27,MX,Mobile,3024,39.0,13,305,4.26,2025-12-27 07:44:00
KP009214,KW10175,2025-12-28,CA,Desktop,9002,20.0,78,1366,5.71,2025-12-28 04:19:00
KP009215,KW11543,2025-12-29,IN,Desktop,1016,43.0,2,56,3.57,2025-12-29 13:00:00
KP009216,KW11548,2025-12-30,MX,Desktop,3346,11.0,168,1752,9.59,2025-12-30 20:00:00
KP009217,KW11450,2025-12-31,AU,Desktop,2771,23.0,74,1515,4.88,2025-12-31 22:15:00
KP009218,KW10330,2026-01-01,US,Desktop,5036,43.0,79,2092,3.78,2026-01-01 16:49:00
KP009219,KW11381,2026-01-02,JP,Mobile,1541,31.0,17,409,4.16,2026-01-02 19:02:00
KP009220,KW11804,2026-01-03,MX,Mobile,1979,42.0,9,245,3.67,2026-01-03 13:54:00
KP009221,KW10559,2026-01-04,AU,Mobile,5853,19.0,71,1263,5.62,2026-01-04 21:11:00
KP009222,KW10302,2026-01-05,US,Mobile,3536,14.0,72,1137,6.33,2026-01-05 12:34:00
KP009223,KW10438,2026-01-06,US,Mobile,1063,26.0,18,379,4.75,2026-01-06 20:14:00
KP009224,KW11464,2026-01-07,JP,Mobile,1373,1.0,46,134,34.33,2026-01-07 07:47:00
KP009225,KW10675,2026-01-08,IN,Tablet,10990,38.0,262,4735,5.53,2026-01-08 01:03:00
KP009226,KW10676,2026-01-09,US,Mobile,9060,22.0,133,2468,5.39,2026-01-09 17:38:00
KP009227,KW11427,2026-01-10,BR,Desktop,13488,9.0,459,5325,8.62,2026-01-10 05:48:00
KP009228,KW10332,2026-01-11,US,Desktop,2186,10.0,68,729,9.33,2026-01-11 21:07:00
KP009229,KW11733,2026-01-12,US,Mobile,4502,20.0,60,890,6.74,2026-01-12 19:10:00
KP009230,KW11830,2026-01-13,BR,Mobile,292,12.0,7,69,10.14,2026-01-13 00:49:00
KP009231,KW11049,2026-01-14,UK,Tablet,9640,36.0,134,2395,5.59,2026-01-14 00:09:00
KP009232,KW10676,2026-01-15,FR,Desktop,2416,4.0,53,362,14.64,2026-01-15 03:30:00
KP009233,KW11118,2026-01-16,UK,Mobile,2726,48.0,37,951,3.89,2026-01-16 07:39:00
KP009234,KW10901,2026-01-17,UK,Desktop,1913,14.0,31,384,8.07,2026-01-17 05:03:00
KP009235,KW11862,2026-01-18,AU,Mobile,1763,1.0,197,564,34.93,2026-01-18 14:50:00
KP009236,KW10151,2026-01-19,DE,Desktop,14573,5.0,666,5903,11.28,2026-01-19 17:01:00
KP009237,KW10891,2026-01-20,JP,Mobile,2555,5.0,60,438,13.7,2026-01-20 21:20:00
KP009238,KW10955,2026-01-21,MX,Tablet,989,33.0,6,156,3.85,2026-01-21 08:36:00
KP009239,KW10747,2026-01-22,JP,Mobile,5404,6.0,138,1070,12.9,2026-01-22 04:35:00
KP009240,KW10225,2026-01-23,CA,Desktop,3310,41.0,13,265,4.91,2026-01-23 16:31:00
KP009241,KW10885,2026-01-24,US,Desktop,889,20.0,10,155,6.45,2026-01-24 19:36:00
KP009242,KW10097,2026-01-25,US,Mobile,4847,43.0,61,1471,4.15,2026-01-25 02:05:00
KP009243,KW10380,2026-01-26,JP,Mobile,1633,6.0,43,426,10.09,2026-01-26 11:15:00
KP009244,KW10550,2026-01-27,BR,Mobile,21977,14.0,682,7865,8.67,2026-01-27 17:00:00
KP009245,KW11844,2026-01-28,US,Desktop,4693,6.0,173,1437,12.04,2026-01-28 08:25:00
KP009246,KW10397,2026-01-29,AU,Desktop,5250,9.0,315,2722,11.57,2026-01-29 20:43:00
KP009247,KW10486,2026-01-30,MX,Mobile,7013,45.0,87,1668,5.22,2026-01-30 14:38:00
KP009248,KW10070,2026-01-31,FR,Desktop,1862,22.0,18,261,6.9,2026-01-31 03:54:00
KP009491,KW10517,2025-10-01,BR,Mobile,796,42.0,5,118,4.24,2025-10-01 16:54:00
KP009492,KW11551,2025-10-02,IN,Desktop,5980,28.0,173,2957,5.85,2025-10-02 09:20:00
KP009493,KW11017,2025-10-03,DE,Desktop,2124,33.0,38,726,5.23,2025-10-03 01:00:00
KP009494,KW11290,2025-10-04,AU,Mobile,781,35.0,17,295,5.76,2025-10-04 17:14:00
KP009495,KW10505,2025-10-05,US,Tablet,9869,34.0,86,1802,4.77,2025-10-05 11:19:00
KP009496,KW10601,2025-10-06,UK,Desktop,26573,17.0,1029,12098,8.51,2025-10-06 14:28:00
KP009497,KW11482,2025-10-07,CA,Mobile,1561,41.0,13,373,3.49,2025-10-07 00:17:00
KP009498,KW11399,2025-10-08,FR,Mobile,1229,29.0,10,189,5.29,2025-10-08 22:55:00
KP009499,KW11091,2025-10-09,CA,Mobile,2922,16.0,70,810,8.64,2025-10-09 00:31:00
KP009500,KW11075,2025-10-10,BR,Desktop,2520,36.0,19,413,4.6,2025-10-10 10:47:00
KP009501,KW11299,2025-10-11,BR,Mobile,1060,3.0,57,303,18.81,2025-10-11 06:00:00
KP009502,KW11101,2025-10-12,IN,Desktop,24416,28.0,188,3921,4.79,2025-10-12 19:35:00
KP009503,KW10105,2025-10-13,CA,Tablet,5494,11.0,302,2883,10.48,2025-10-13 15:11:00
KP009504,KW10852,2025-10-14,UK,Mobile,3804,9.0,24,301,7.97,2025-10-14 06:18:00
KP009505,KW11780,2025-10-15,US,Mobile,5526,45.0,45,1047,4.3,2025-10-15 22:38:00
KP009506,KW10833,2025-10-16,MX,Desktop,3561,38.0,76,1438,5.29,2025-10-16 12:05:00
KP009507,KW11481,2025-10-17,JP,Desktop,7181,32.0,33,807,4.09,2025-10-17 02:33:00
KP009508,KW10556,2025-10-18,US,Mobile,5655,16.0,104,1443,7.21,2025-10-18 12:22:00
KP009509,KW10297,2025-10-19,BR,Mobile,1356,33.0,32,549,5.83,2025-10-19 16:50:00
KP009510,KW11538,2025-10-20,UK,Mobile,5263,29.0,23,463,4.97,2025-10-20 06:47:00
KP009511,KW11207,2025-10-21,DE,Desktop,7029,44.0,72,1859,3.87,2025-10-21 08:41:00
KP009512,KW11425,2025-10-22,AU,Desktop,4963,49.0,28,590,4.75,2025-10-22 23:48:00
KP009513,KW11452,2025-10-23,UK,Mobile,551,22.0,13,220,5.91,2025-10-23 12:21:00
KP009514,KW11166,2025-10-24,CA,Desktop,16265,43.0,175,3733,4.69,2025-10-24 08:33:00
KP009515,KW10322,2025-10-25,UK,Desktop,939,30.0,14,288,4.86,2025-10-25 18:28:00
KP009516,KW11316,2025-10-26,BR,Desktop,7139,9.0,87,745,11.68,2025-10-26 07:41:00
KP009517,KW10082,2025-10-27,UK,Mobile,1559,41.0,12,313,3.83,2025-10-27 06:20:00
KP009518,KW11989,2025-10-28,CA,Desktop,1138,30.0,9,167,5.39,2025-10-28 10:18:00
KP009519,KW11639,2025-10-29,FR,Desktop,1024,26.0,3,60,5.0,2025-10-29 04:31:00
KP009520,KW11672,2025-10-30,AU,Desktop,5002,13.0,230,2482,9.27,2025-10-30 01:14:00
KP009521,KW10865,2025-10-31,AU,Mobile,981,38.0,16,413,3.87,2025-10-31 00:10:00
KP009522,KW11384,2025-11-01,JP,Desktop,2964,21.0,73,1029,7.09,2025-11-01 16:23:00
KP009523,KW10016,2025-11-02,DE,Desktop,46594,29.0,952,22053,4.32,2025-11-02 19:58:00
KP009524,KW10714,2025-11-03,CA,Desktop,768,34.0,10,209,4.78,2025-11-03 19:36:00
KP009525,KW11068,2025-11-04,FR,Mobile,5963,9.0,270,2540,10.63,2025-11-04 17:12:00
KP009526,KW10657,2025-11-05,AU,Desktop,3090,41.0,51,1492,3.42,2025-11-05 16:03:00
KP009527,KW10703,2025-11-06,FR,Mobile,1290,30.0,22,505,4.36,2025-11-06 14:42:00
KP009528,KW10574,2025-11-07,UK,Mobile,11898,38.0,208,4118,5.05,2025-11-07 21:49:00
KP009529,KW10514,2025-11-08,DE,Desktop,3140,18.0,37,646,5.73,2025-11-08 12:15:00
KP009530,KW10769,2025-11-09,MX,Mobile,7026,16.0,104,1610,6.46,2025-11-09 08:08:00
KP009531,KW10672,2025-11-10,DE,Desktop,4198,41.0,44,1003,4.39,2025-11-10 10:52:00
KP009532,KW11872,2025-11-11,CA,Mobile,3049,10.0,152,1289,11.79,2025-11-11 13:53:00
KP009533,KW11778,2025-11-12,BR,Mobile,4185,6.0,226,1541,14.67,2025-11-12 17:01:00
KP009534,KW10856,2025-11-13,CA,Mobile,3227,26.0,84,1520,5.53,2025-11-13 08:46:00
KP009535,KW11680,2025-11-14,CA,Mobile,2360,35.0,43,782,5.5,2025-11-14 15:11:00
KP009536,KW11722,2025-11-15,UK,Desktop,1829,44.0,22,511,4.31,2025-11-15 12:24:00
KP009537,KW11617,2025-11-16,UK,Mobile,1526,5.0,85,477,17.82,2025-11-16 04:32:00
KP009538,KW10147,2025-11-17,AU,Desktop,2669,36.0,8,230,3.48,2025-11-17 00:26:00
KP009539,KW11694,2025-11-18,CA,Desktop,6486,16.0,27,396,6.82,2025-11-18 06:57:00
KP009540,KW10830,2025-11-19,CA,Desktop,1369,17.0,18,328,5.49,2025-11-19 00:17:00
KP009541,KW11689,2025-11-20,IN,Desktop,443,27.0,11,201,5.47,2025-11-20 06:14:00
KP009542,KW11436,2025-11-21,UK,Desktop,12405,45.0,227,6483,3.5,2025-11-21 16:57:00
KP009543,KW11248,2025-11-22,CA,Mobile,12533,33.0,228,4157,5.48,2025-11-22 23:39:00
KP009544,KW11708,2025-11-23,JP,Mobile,832,13.0,27,390,6.92,2025-11-23 05:37:00
KP009545,KW10937,2025-11-24,BR,Desktop,1667,35.0,3,93,3.23,2025-11-24 01:16:00
KP009546,KW11639,2025-11-25,UK,Mobile,1776,14.0,62,800,7.75,2025-11-25 04:22:00
KP009547,KW10758,2025-11-26,CA,Mobile,1449,27.0,7,158,4.43,2025-11-26 03:59:00
KP009548,KW10101,2025-11-27,AU,Tablet,2817,47.0,62,1399,4.43,2025-11-27 19:16:00
KP009549,KW11219,2025-11-28,AU,Desktop,7162,34.0,24,393,6.11,2025-11-28 10:07:00
KP009550,KW11187,2025-11-29,BR,Mobile,3023,30.0,75,1347,5.57,2025-11-29 15:51:00
KP009551,KW10687,2025-11-30,IN,Mobile,3638,7.0,50,508,9.84,2025-11-30 16:28:00
KP009552,KW11549,2025-12-01,UK,Desktop,828,48.0,10,229,4.37,2025-12-01 20:15:00
KP009553,KW11276,2025-12-02,BR,Mobile,4143,31.0,45,842,5.34,2025-12-02 08:56:00
KP009554,KW11528,2025-12-03,MX,Desktop,2316,6.0,137,1103,12.42,2025-12-03 18:45:00
KP009555,KW11701,2025-12-04,BR,Mobile,1240,13.0,15,213,7.04,2025-12-04 06:56:00
KP009556,KW10760,2025-12-05,CA,Desktop,2222,48.0,13,385,3.38,2025-12-05 23:17:00
KP009557,KW10721,2025-12-06,DE,Desktop,4841,23.0,156,2387,6.54,2025-12-06 02:21:00
KP009558,KW10581,2025-12-07,DE,Desktop,12303,1.0,334,1125,29.69,2025-12-07 17:29:00
KP009559,KW10546,2025-12-08,UK,Desktop,6744,44.0,46,1042,4.41,2025-12-08 04:41:00
KP009560,KW11926,2025-12-09,UK,Mobile,5302,34.0,21,402,5.22,2025-12-09 04:46:00
KP009561,KW10023,2025-12-10,JP,Mobile,1748,50.0,35,815,4.29,2025-12-10 06:16:00
KP009562,KW10308,2025-12-11,US,Desktop,5113,40.0,25,586,4.27,2025-12-11 00:25:00
KP009563,KW10953,2025-12-12,AU,Desktop,22319,34.0,622,11772,5.28,2025-12-12 23:29:00
KP009564,KW11743,2025-12-13,MX,Desktop,3706,34.0,63,1317,4.78,2025-12-13 01:56:00
KP009565,KW11082,2025-12-14,FR,Desktop,12992,26.0,118,2377,4.96,2025-12-14 16:15:00
KP009566,KW11842,2025-12-15,US,Desktop,5479,37.0,124,2445,5.07,2025-12-15 21:46:00
KP009567,KW11341,2025-12-16,UK,Desktop,3306,40.0,73,1605,4.55,2025-12-16 00:26:00
KP009568,KW10572,2025-12-17,MX,Desktop,1083,25.0,24,538,4.46,2025-12-17 10:56:00
KP009569,KW10157,2025-12-18,DE,Desktop,1825,32.0,26,460,5.65,2025-12-18 17:09:00
KP009570,KW10496,2025-12-19,JP,Desktop,21339,7.0,388,2942,13.19,2025-12-19 02:17:00
KP009571,KW10959,2025-12-20,JP,Desktop,32079,50.0,116,2613,4.44,2025-12-20 14:28:00
KP009572,KW11325,2025-12-21,FR,Desktop,1609,40.0,25,747,3.35,2025-12-21 21:51:00
KP009573,KW10927,2025-12-22,AU,Desktop,8721,13.0,154,1867,8.25,2025-12-22 08:27:00
KP009574,KW10974,2025-12-23,DE,Desktop,5878,2.0,768,2712,28.32,2025-12-23 06:18:00
KP009575,KW10870,2025-12-24,FR,Desktop,5556,38.0,64,1175,5.45,2025-12-24 04:41:00
KP009576,KW11754,2025-12-25,IN,Desktop,8532,30.0,99,2064,4.8,2025-12-25 03:10:00
KP009577,KW11210,2025-12-26,FR,Mobile,5604,29.0,102,2475,4.12,2025-12-26 15:25:00
KP009578,KW11365,2025-12-27,UK,Mobile,1880,48.0,17,333,5.11,2025-12-27 01:02:00
KP009579,KW11612,2025-12-28,US,Mobile,2384,26.0,32,640,5.0,2025-12-28 02:15:00
KP009580,KW11744,2025-12-29,FR,Mobile,3627,16.0,150,1862,8.06,2025-12-29 23:19:00
KP009581,KW11202,2025-12-30,AU,Desktop,2194,4.0,57,424,13.44,2025-12-30 20:49:00
KP009582,KW11177,2025-12-31,BR,Desktop,2066,2.0,237,951,24.92,2025-12-31 22:07:00
KP009583,KW11872,2026-01-01,UK,Desktop,3914,34.0,49,970,5.05,2026-01-01 02:11:00
KP009584,KW11848,2026-01-02,DE,Mobile,4057,49.0,15,383,3.92,2026-01-02 23:32:00
KP009585,KW10391,2026-01-03,BR,Mobile,6462,40.0,63,1633,3.86,2026-01-03 11:00:00
KP009586,KW10267,2026-01-04,IN,Desktop,1386,15.0,18,199,9.05,2026-01-04 19:22:00
KP009587,KW11720,2026-01-05,US,Desktop,6103,3.0,429,2497,17.18,2026-01-05 06:52:00
KP009588,KW11046,2026-01-06,DE,Desktop,1487,33.0,6,121,4.96,2026-01-06 02:29:00
KP009589,KW10486,2026-01-07,CA,Mobile,3958,16.0,154,2173,7.09,2026-01-07 22:24:00
KP009590,KW10536,2026-01-08,US,Mobile,2166,6.0,151,961,15.71,2026-01-08 07:32:00
KP009591,KW11125,2026-01-09,FR,Mobile,741,23.0,10,230,4.35,2026-01-09 01:05:00
KP009592,KW10329,2026-01-10,DE,Mobile,3003,18.0,51,754,6.76,2026-01-10 23:32:00
KP009593,KW11771,2026-01-11,JP,Desktop,1608,6.0,21,202,10.4,2026-01-11 18:37:00
KP009594,KW11325,2026-01-12,JP,Desktop,1375,12.0,11,161,6.83,2026-01-12 15:16:00
KP009595,KW10533,2026-01-13,AU,Mobile,3484,44.0,54,1221,4.42,2026-01-13 12:22:00
KP009596,KW11035,2026-01-14,UK,Desktop,1969,32.0,42,933,4.5,2026-01-14 08:05:00
KP009597,KW11261,2026-01-15,UK,Mobile,1511,32.0,34,539,6.31,2026-01-15 16:45:00
KP009598,KW10442,2026-01-16,CA,Desktop,9607,12.0,345,3873,8.91,2026-01-16 02:16:00
KP009599,KW11325,2026-01-17,IN,Desktop,13855,30.0,80,1381,5.79,2026-01-17 18:22:00
KP009600,KW11399,2026-01-18,UK,Desktop,2640,32.0,14,236,5.93,2026-01-18 21:08:00
KP009601,KW11953,2026-01-19,FR,Mobile,921,17.0,32,382,8.38,2026-01-19 00:24:00
KP009602,KW11730,2026-01-20,BR,Mobile,197,32.0,3,54,5.56,2026-01-20 23:08:00
KP009603,KW10837,2026-01-21,FR,Tablet,7399,25.0,27,382,7.07,2026-01-21 18:35:00
KP009604,KW11370,2026-01-22,CA,Mobile,2556,18.0,8,156,5.13,2026-01-22 01:25:00
KP009605,KW11073,2026-01-23,US,Mobile,5910,37.0,156,2672,5.84,2026-01-23 00:09:00
KP009606,KW10589,2026-01-24,AU,Desktop,9623,20.0,279,3440,8.11,2026-01-24 06:54:00
KP009607,KW11462,2026-01-25,DE,Mobile,5719,22.0,84,1194,7.04,2026-01-25 22:32:00
KP009608,KW11811,2026-01-26,AU,Mobile,2043,24.0,27,542,4.98,2026-01-26 00:23:00
KP009609,KW10237,2026-01-27,BR,Desktop,1210,46.0,24,629,3.82,2026-01-27 14:04:00
KP009610,KW11202,2026-01-28,US,Desktop,1197,26.0,6,86,6.98,2026-01-28 20:08:00
KP009611,KW11007,2026-01-29,DE,Desktop,5665,29.0,143,2598,5.5,2026-01-29 13:37:00
KP009612,KW10439,2026-01-30,US,Desktop,3463,31.0,22,410,5.37,2026-01-30 06:48:00
KP009613,KW10863,2026-01-31,CA,Desktop,4087,8.0,167,1318,12.67,2026-01-31 13:05:00
KP009856,KW10038,2025-10-01,US,Desktop,6143,22.0,99,1994,4.96,2025-10-01 04:16:00
KP009857,KW11850,2025-10-02,AU,Desktop,1533,11.0,50,618,8.09,2025-10-02 23:56:00
KP009858,KW10430,2025-10-03,DE,Desktop,2055,8.0,48,394,12.18,2025-10-03 22:44:00
KP009859,KW10629,2025-10-04,MX,Mobile,1067,13.0,24,343,7.0,2025-10-04 21:00:00
KP009860,KW10804,2025-10-05,JP,Desktop,3088,49.0,43,947,4.54,2025-10-05 22:29:00
KP009861,KW11524,2025-10-06,MX,Desktop,17447,36.0,215,5316,4.04,2025-10-06 23:43:00
KP009862,KW11473,2025-10-07,DE,Desktop,1122,16.0,37,507,7.3,2025-10-07 16:57:00
KP009863,KW11189,2025-10-08,UK,Mobile,2876,31.0,98,1559,6.29,2025-10-08 20:46:00
KP009864,KW11165,2025-10-09,BR,Desktop,8052,41.0,213,4108,5.19,2025-10-09 07:46:00
KP009865,KW10493,2025-10-10,IN,Mobile,1722,39.0,9,232,3.88,2025-10-10 01:05:00
KP009866,KW10194,2025-10-11,DE,Tablet,5735,14.0,149,2174,6.85,2025-10-11 09:49:00
KP009867,KW11127,2025-10-12,AU,Desktop,1769,2.0,111,489,22.7,2025-10-12 01:56:00
KP009868,KW11877,2025-10-13,IN,Desktop,2117,2.0,52,260,20.0,2025-10-13 17:04:00
KP009869,KW11242,2025-10-14,AU,Tablet,3027,13.0,108,1113,9.7,2025-10-14 21:35:00
KP009870,KW11924,2025-10-15,JP,Desktop,1191,6.0,14,130,10.77,2025-10-15 00:05:00
KP009871,KW10782,2025-10-16,MX,Desktop,3251,1.0,602,1720,35.0,2025-10-16 19:01:00
KP009872,KW11230,2025-10-17,DE,Mobile,2396,14.0,101,1104,9.15,2025-10-17 06:45:00
KP009873,KW11276,2025-10-18,BR,Desktop,18179,24.0,85,1802,4.72,2025-10-18 11:46:00
KP009874,KW10011,2025-10-19,IN,Desktop,4274,28.0,144,2176,6.62,2025-10-19 18:30:00
KP009875,KW10187,2025-10-20,MX,Tablet,3284,40.0,55,1515,3.63,2025-10-20 10:29:00
KP009876,KW11766,2025-10-21,BR,Desktop,1432,29.0,33,590,5.59,2025-10-21 08:50:00
KP009877,KW10115,2025-10-22,MX,Desktop,5300,10.0,150,1529,9.81,2025-10-22 11:59:00
KP009878,KW10263,2025-10-23,UK,Mobile,8670,45.0,218,4110,5.3,2025-10-23 17:02:00
KP009879,KW11588,2025-10-24,JP,Mobile,4240,25.0,27,537,5.03,2025-10-24 12:09:00
KP009880,KW11954,2025-10-25,IN,Desktop,762,11.0,38,357,10.64,2025-10-25 22:37:00
KP009881,KW10628,2025-10-26,FR,Mobile,2588,36.0,12,249,4.82,2025-10-26 08:10:00
KP009882,KW10847,2025-10-27,US,Desktop,838,24.0,8,157,5.1,2025-10-27 08:01:00
KP009883,KW11505,2025-10-28,BR,Desktop,2476,15.0,38,408,9.31,2025-10-28 06:41:00
KP009884,KW11946,2025-10-29,CA,Desktop,10712,48.0,25,780,3.21,2025-10-29 23:39:00
KP009885,KW11714,2025-10-30,US,Mobile,4826,16.0,36,587,6.13,2025-10-30 17:47:00
KP009886,KW10270,2025-10-31,DE,Desktop,344,9.0,3,41,7.32,2025-10-31 07:11:00
KP009887,KW11549,2025-11-01,JP,Desktop,3649,37.0,30,781,3.84,2025-11-01 08:52:00
KP009888,KW10538,2025-11-02,BR,Mobile,2056,18.0,48,683,7.03,2025-11-02 05:46:00
KP009889,KW11018,2025-11-03,JP,Desktop,4271,44.0,60,1574,3.81,2025-11-03 06:21:00
KP009890,KW11428,2025-11-04,MX,Desktop,2253,10.0,20,254,7.87,2025-11-04 17:44:00
KP009891,KW10705,2025-11-05,MX,Desktop,2336,31.0,47,845,5.56,2025-11-05 11:33:00
KP009892,KW11154,2025-11-06,FR,Tablet,2840,39.0,26,645,4.03,2025-11-06 06:12:00
KP009893,KW11096,2025-11-07,AU,Mobile,1705,29.0,48,781,6.15,2025-11-07 08:30:00
KP009894,KW10530,2025-11-08,FR,Mobile,5087,49.0,77,2354,3.27,2025-11-08 12:06:00
KP009895,KW10616,2025-11-09,JP,Mobile,9088,13.0,412,3929,10.49,2025-11-09 03:58:00
KP009896,KW11953,2025-11-10,UK,Mobile,3111,18.0,92,1668,5.52,2025-11-10 18:14:00
KP009897,KW10131,2025-11-11,JP,Desktop,1953,37.0,33,913,3.61,2025-11-11 12:18:00
KP009898,KW11112,2025-11-12,BR,Desktop,1333,19.0,34,394,8.63,2025-11-12 11:30:00
KP009899,KW10073,2025-11-13,CA,Desktop,6910,25.0,139,2130,6.53,2025-11-13 17:33:00
KP009900,KW11990,2025-11-14,JP,Mobile,3529,49.0,52,1127,4.61,2025-11-14 16:34:00
KP009901,KW11844,2025-11-15,BR,Tablet,3705,37.0,62,1174,5.28,2025-11-15 06:31:00
KP009902,KW11601,2025-11-16,AU,Mobile,9156,14.0,168,2517,6.67,2025-11-16 11:57:00
KP009903,KW10819,2025-11-17,AU,Desktop,2323,23.0,39,599,6.51,2025-11-17 14:34:00
KP009904,KW10718,2025-11-18,CA,Desktop,9758,15.0,129,1859,6.94,2025-11-18 23:59:00
KP009905,KW10209,2025-11-19,MX,Desktop,5254,13.0,30,313,9.58,2025-11-19 03:05:00
KP009906,KW10365,2025-11-20,AU,Tablet,2278,37.0,39,683,5.71,2025-11-20 22:36:00
KP009907,KW11943,2025-11-21,AU,Mobile,12502,1.0,1453,4401,33.02,2025-11-21 06:34:00
KP009908,KW11384,2025-11-22,MX,Mobile,5954,38.0,99,2625,3.77,2025-11-22 06:41:00
KP009909,KW11368,2025-11-23,IN,Mobile,3682,34.0,77,1619,4.76,2025-11-23 07:20:00
KP009910,KW11527,2025-11-24,IN,Desktop,1785,29.0,44,698,6.3,2025-11-24 16:37:00
KP009911,KW11469,2025-11-25,AU,Mobile,8461,39.0,74,2057,3.6,2025-11-25 14:18:00
KP009912,KW10248,2025-11-26,AU,Mobile,9245,44.0,88,2384,3.69,2025-11-26 20:11:00
KP009913,KW10690,2025-11-27,JP,Mobile,2464,33.0,49,1273,3.85,2025-11-27 10:46:00
KP009914,KW11923,2025-11-28,CA,Mobile,7890,50.0,146,4094,3.57,2025-11-28 03:15:00
KP009915,KW10056,2025-11-29,CA,Desktop,1946,26.0,42,806,5.21,2025-11-29 16:25:00
KP009916,KW10913,2025-11-30,US,Desktop,2071,46.0,43,918,4.68,2025-11-30 20:29:00
KP009917,KW11449,2025-12-01,IN,Desktop,14971,9.0,127,1242,10.23,2025-12-01 12:31:00
KP009918,KW11717,2025-12-02,CA,Mobile,4734,44.0,60,1594,3.76,2025-12-02 07:44:00
KP009919,KW10122,2025-12-03,US,Mobile,1552,19.0,42,614,6.84,2025-12-03 09:04:00
KP009920,KW11428,2025-12-04,UK,Desktop,1954,16.0,19,251,7.57,2025-12-04 16:15:00
KP009921,KW11831,2025-12-05,FR,Tablet,961,11.0,44,489,9.0,2025-12-05 08:23:00
KP009922,KW11185,2025-12-06,IN,Desktop,4394,17.0,169,2230,7.58,2025-12-06 10:48:00
KP009923,KW10629,2025-12-07,IN,Tablet,1724,47.0,39,936,4.17,2025-12-07 05:30:00
KP009924,KW11776,2025-12-08,IN,Desktop,4507,4.0,341,2017,16.91,2025-12-08 17:54:00
KP009925,KW10769,2025-12-09,BR,Mobile,2911,26.0,39,605,6.45,2025-12-09 23:14:00
KP009926,KW10968,2025-12-10,BR,Desktop,18014,32.0,240,5511,4.35,2025-12-10 19:27:00
KP009927,KW10843,2025-12-11,IN,Desktop,3472,26.0,47,824,5.7,2025-12-11 12:49:00
KP009928,KW11014,2025-12-12,FR,Desktop,7350,7.0,238,2205,10.79,2025-12-12 10:53:00
KP009929,KW10156,2025-12-13,US,Desktop,12949,45.0,100,2485,4.02,2025-12-13 07:20:00
KP009930,KW11909,2025-12-14,JP,Desktop,7278,25.0,156,2480,6.29,2025-12-14 10:12:00
KP009931,KW11089,2025-12-15,US,Mobile,2191,34.0,31,687,4.51,2025-12-15 22:41:00
KP009932,KW11113,2025-12-16,JP,Mobile,563,5.0,24,164,14.63,2025-12-16 21:58:00
KP009933,KW11933,2025-12-17,BR,Mobile,3801,39.0,49,1153,4.25,2025-12-17 08:59:00
KP009934,KW10797,2025-12-18,US,Mobile,4349,13.0,74,1094,6.76,2025-12-18 15:57:00
KP009935,KW11749,2025-12-19,MX,Desktop,13850,43.0,156,3388,4.6,2025-12-19 13:36:00
KP009936,KW11251,2025-12-20,BR,Mobile,4329,12.0,90,813,11.07,2025-12-20 01:16:00
KP009937,KW11774,2025-12-21,UK,Mobile,2381,19.0,60,772,7.77,2025-12-21 17:33:00
KP009938,KW10095,2025-12-22,AU,Desktop,7504,10.0,135,1396,9.67,2025-12-22 20:56:00
KP009939,KW10137,2025-12-23,UK,Desktop,7908,44.0,178,3813,4.67,2025-12-23 15:12:00
KP009940,KW11782,2025-12-24,CA,Mobile,8020,42.0,96,1984,4.84,2025-12-24 21:38:00
KP009941,KW10150,2025-12-25,DE,Tablet,4775,33.0,72,1805,3.99,2025-12-25 07:55:00
KP009942,KW10557,2025-12-26,MX,Desktop,2610,35.0,29,526,5.51,2025-12-26 10:45:00
KP009943,KW11980,2025-12-27,MX,Mobile,1607,1.0,245,854,28.69,2025-12-27 10:27:00
KP009944,KW10211,2025-12-28,JP,Desktop,3838,28.0,59,1049,5.62,2025-12-28 09:18:00
KP009945,KW10106,2025-12-29,FR,Desktop,2569,3.0,197,1105,17.83,2025-12-29 12:42:00
KP009946,KW11414,2025-12-30,US,Mobile,2222,37.0,18,373,4.83,2025-12-30 06:41:00
KP009947,KW10223,2025-12-31,BR,Mobile,1945,1.0,86,247,34.82,2025-12-31 05:30:00
KP009948,KW11554,2026-01-01,BR,Mobile,2221,8.0,13,160,8.12,2026-01-01 21:29:00
KP009949,KW10074,2026-01-02,AU,Desktop,1495,46.0,27,788,3.43,2026-01-02 03:34:00
KP009950,KW11550,2026-01-03,IN,Desktop,2138,21.0,20,406,4.93,2026-01-03 21:57:00
KP009951,KW11495,2026-01-04,UK,Desktop,9714,49.0,63,1488,4.23,2026-01-04 23:51:00
KP009952,KW11890,2026-01-05,FR,Mobile,7282,46.0,104,2744,3.79,2026-01-05 11:14:00
KP009953,KW11325,2026-01-06,MX,Mobile,17297,23.0,422,8102,5.21,2026-01-06 09:44:00
KP009954,KW11092,2026-01-07,AU,Mobile,1387,35.0,37,613,6.04,2026-01-07 07:07:00
KP009955,KW11153,2026-01-08,BR,Desktop,2214,28.0,19,359,5.29,2026-01-08 18:28:00
KP009956,KW11738,2026-01-09,CA,Mobile,3371,10.0,154,1492,10.32,2026-01-09 05:15:00
KP009957,KW10614,2026-01-10,FR,Mobile,4005,48.0,39,1124,3.47,2026-01-10 17:36:00
KP009958,KW10135,2026-01-11,CA,Mobile,2660,27.0,89,1448,6.15,2026-01-11 22:47:00
KP009959,KW10266,2026-01-12,AU,Desktop,366,2.0,19,77,24.68,2026-01-12 06:23:00
KP009960,KW11377,2026-01-13,IN,Desktop,6994,34.0,102,2255,4.52,2026-01-13 22:02:00
KP009961,KW11618,2026-01-14,UK,Mobile,2495,50.0,36,1048,3.44,2026-01-14 05:40:00
KP009962,KW11093,2026-01-15,CA,Mobile,4025,38.0,52,1455,3.57,2026-01-15 07:56:00
KP009963,KW10743,2026-01-16,IN,Mobile,11337,3.0,317,1551,20.44,2026-01-16 14:37:00
KP009964,KW10891,2026-01-17,US,Mobile,5750,5.0,248,1844,13.45,2026-01-17 04:13:00
KP009965,KW11738,2026-01-18,FR,Desktop,4188,2.0,68,328,20.73,2026-01-18 11:58:00
KP009966,KW10663,2026-01-19,FR,Desktop,641,44.0,7,181,3.87,2026-01-19 06:36:00
KP009967,KW10894,2026-01-20,BR,Desktop,8965,42.0,214,3922,5.46,2026-01-20 00:13:00
KP009968,KW10007,2026-01-21,BR,Desktop,9138,14.0,207,2433,8.51,2026-01-21 23:25:00
KP009969,KW10016,2026-01-22,BR,Desktop,3953,49.0,87,1957,4.45,2026-01-22 06:40:00
KP009970,KW10398,2026-01-23,JP,Desktop,4448,13.0,115,1619,7.1,2026-01-23 17:09:00
KP009971,KW10378,2026-01-24,AU,Desktop,664,45.0,4,122,3.28,2026-01-24 07:06:00
KP009972,KW10789,2026-01-25,AU,Desktop,10837,33.0,232,4269,5.43,2026-01-25 19:33:00
KP009973,KW11045,2026-01-26,CA,Tablet,12736,33.0,211,5366,3.93,2026-01-26 11:09:00
KP009974,KW11478,2026-01-27,BR,Mobile,5142,41.0,38,765,4.97,2026-01-27 20:40:00
KP009975,KW11432,2026-01-28,IN,Desktop,1000,38.0,14,246,5.69,2026-01-28 22:30:00
KP009976,KW11240,2026-01-29,CA,Desktop,3835,11.0,213,2041,10.44,2026-01-29 21:23:00
KP009977,KW11280,2026-01-30,US,Mobile,34805,25.0,425,8362,5.08,2026-01-30 19:27:00
KP009978,KW10567,2026-01-31,MX,Mobile,1738,4.0,127,636,19.97,2026-01-31 15:59:00
KP010221,KW11254,2025-10-01,JP,Mobile,2888,25.0,58,1063,5.46,2025-10-01 11:28:00
KP010222,KW10010,2025-10-02,FR,Mobile,1177,25.0,34,601,5.66,2025-10-02 09:53:00
KP010223,KW10989,2025-10-03,JP,Mobile,6416,9.0,137,1551,8.83,2025-10-03 02:14:00
KP010224,KW10552,2025-10-04,UK,Desktop,1105,27.0,28,564,4.96,2025-10-04 01:08:00
KP010225,KW11261,2025-10-05,CA,Mobile,1821,25.0,15,296,5.07,2025-10-05 13:42:00
KP010226,KW11074,2025-10-06,BR,Desktop,3417,23.0,92,1833,5.02,2025-10-06 00:14:00
KP010227,KW10490,2025-10-07,CA,Desktop,20864,32.0,229,4563,5.02,2025-10-07 13:09:00
KP010228,KW10010,2025-10-08,CA,Mobile,3851,47.0,14,418,3.35,2025-10-08 12:14:00
KP010229,KW11278,2025-10-09,BR,Mobile,570,48.0,3,86,3.49,2025-10-09 14:02:00
KP010230,KW11340,2025-10-10,CA,Desktop,3011,28.0,14,324,4.32,2025-10-10 17:58:00
KP010231,KW10823,2025-10-11,UK,Mobile,3273,9.0,79,763,10.35,2025-10-11 03:17:00
KP010232,KW10759,2025-10-12,US,Desktop,2277,2.0,146,786,18.58,2025-10-12 06:39:00
KP010233,KW11363,2025-10-13,DE,Desktop,7145,2.0,882,2965,29.75,2025-10-13 21:28:00
KP010234,KW10893,2025-10-14,CA,Mobile,21312,14.0,532,8609,6.18,2025-10-14 21:18:00
KP010235,KW11165,2025-10-15,MX,Desktop,1310,25.0,28,396,7.07,2025-10-15 02:34:00
KP010236,KW11437,2025-10-16,DE,Mobile,5215,2.0,174,617,28.2,2025-10-16 14:32:00
KP010237,KW11911,2025-10-17,CA,Mobile,2150,20.0,20,358,5.59,2025-10-17 06:28:00
KP010238,KW11575,2025-10-18,UK,Desktop,8337,37.0,58,1532,3.79,2025-10-18 00:42:00
KP010239,KW10789,2025-10-19,UK,Mobile,3323,48.0,27,738,3.66,2025-10-19 00:03:00
KP010240,KW10239,2025-10-20,UK,Desktop,4378,31.0,23,473,4.86,2025-10-20 01:28:00
KP010241,KW11734,2025-10-21,MX,Mobile,14472,5.0,359,2152,16.68,2025-10-21 02:15:00
KP010242,KW11226,2025-10-22,DE,Desktop,2231,34.0,28,641,4.37,2025-10-22 02:24:00
KP010243,KW10755,2025-10-23,DE,Desktop,7717,41.0,67,1593,4.21,2025-10-23 04:13:00
KP010244,KW10310,2025-10-24,JP,Desktop,4722,34.0,99,1592,6.22,2025-10-24 16:30:00
KP010245,KW10240,2025-10-25,IN,Mobile,10138,7.0,167,1639,10.19,2025-10-25 03:19:00
KP010246,KW11055,2025-10-26,CA,Mobile,6151,36.0,109,2895,3.77,2025-10-26 01:02:00
KP010247,KW10318,2025-10-27,JP,Mobile,1198,15.0,4,78,5.13,2025-10-27 04:32:00
KP010248,KW10266,2025-10-28,AU,Desktop,4835,10.0,177,1812,9.77,2025-10-28 23:33:00
KP010249,KW11797,2025-10-29,AU,Desktop,1282,45.0,15,326,4.6,2025-10-29 14:03:00
KP010250,KW11046,2025-10-30,MX,Mobile,3542,31.0,31,671,4.62,2025-10-30 11:57:00
KP010251,KW10739,2025-10-31,IN,Desktop,3068,47.0,7,198,3.54,2025-10-31 08:10:00
KP010252,KW11639,2025-11-01,AU,Mobile,2354,17.0,41,589,6.96,2025-11-01 14:34:00
KP010253,KW11677,2025-11-02,MX,Desktop,304,28.0,4,85,4.71,2025-11-02 00:41:00
KP010254,KW10799,2025-11-03,IN,Desktop,866,44.0,4,130,3.08,2025-11-03 17:53:00
KP010255,KW11501,2025-11-04,US,Desktop,4049,45.0,65,1270,5.12,2025-11-04 23:18:00
KP010256,KW11417,2025-11-05,FR,Tablet,1107,44.0,27,600,4.5,2025-11-05 14:28:00
KP010257,KW10462,2025-11-06,UK,Mobile,2943,48.0,22,485,4.54,2025-11-06 03:37:00
KP010258,KW11545,2025-11-07,UK,Mobile,2274,15.0,72,983,7.32,2025-11-07 17:32:00
KP010259,KW10654,2025-11-08,AU,Desktop,1723,9.0,44,365,12.05,2025-11-08 07:35:00
KP010260,KW11745,2025-11-09,BR,Mobile,2385,12.0,46,577,7.97,2025-11-09 18:35:00
KP010261,KW11199,2025-11-10,BR,Mobile,5121,43.0,44,1304,3.37,2025-11-10 10:49:00
KP010262,KW10033,2025-11-11,IN,Desktop,5494,48.0,91,1836,4.96,2025-11-11 07:35:00
KP010263,KW11302,2025-11-12,IN,Desktop,2764,37.0,35,970,3.61,2025-11-12 07:22:00
KP010264,KW10308,2025-11-13,CA,Mobile,1133,37.0,18,409,4.4,2025-11-13 10:16:00
KP010265,KW10872,2025-11-14,JP,Desktop,2880,14.0,25,370,6.76,2025-11-14 00:57:00
KP010266,KW10369,2025-11-15,JP,Mobile,736,11.0,6,70,8.57,2025-11-15 20:36:00
KP010267,KW11868,2025-11-16,IN,Mobile,1741,32.0,22,506,4.35,2025-11-16 04:54:00
KP010268,KW10535,2025-11-17,MX,Desktop,1944,30.0,7,161,4.35,2025-11-17 21:09:00
KP010269,KW11291,2025-11-18,DE,Desktop,7202,2.0,620,3174,19.53,2025-11-18 16:05:00
KP010270,KW11581,2025-11-19,MX,Mobile,4436,45.0,87,2248,3.87,2025-11-19 22:50:00
KP010271,KW10956,2025-11-20,DE,Desktop,3356,46.0,36,756,4.76,2025-11-20 18:09:00
KP010272,KW11462,2025-11-21,BR,Tablet,1823,36.0,29,520,5.58,2025-11-21 07:18:00
KP010273,KW10049,2025-11-22,IN,Desktop,12856,26.0,308,4558,6.76,2025-11-22 11:33:00
KP010274,KW10493,2025-11-23,CA,Mobile,1809,47.0,42,866,4.85,2025-11-23 16:31:00
KP010275,KW10143,2025-11-24,CA,Mobile,2802,44.0,61,1321,4.62,2025-11-24 12:59:00
KP010276,KW11446,2025-11-25,IN,Mobile,9609,22.0,138,2831,4.87,2025-11-25 13:50:00
KP010277,KW10252,2025-11-26,MX,Tablet,810,37.0,15,418,3.59,2025-11-26 13:12:00
KP010278,KW10516,2025-11-27,JP,Mobile,1629,1.0,110,334,32.93,2025-11-27 17:11:00
KP010279,KW11521,2025-11-28,DE,Tablet,455,23.0,6,90,6.67,2025-11-28 15:44:00
KP010280,KW11413,2025-11-29,IN,Tablet,12887,45.0,252,5311,4.74,2025-11-29 07:13:00
KP010281,KW11551,2025-11-30,UK,Desktop,429,18.0,3,46,6.52,2025-11-30 05:52:00
KP010282,KW10049,2025-12-01,DE,Mobile,923,19.0,7,148,4.73,2025-12-01 18:28:00
KP010283,KW11945,2025-12-02,US,Desktop,3086,8.0,73,667,10.94,2025-12-02 13:25:00
KP010284,KW10895,2025-12-03,AU,Desktop,4912,25.0,32,657,4.87,2025-12-03 08:47:00
KP010285,KW11194,2025-12-04,IN,Desktop,4734,7.0,180,1348,13.35,2025-12-04 03:32:00
KP010286,KW11277,2025-12-05,AU,Mobile,2893,35.0,35,903,3.88,2025-12-05 10:00:00
KP010287,KW11580,2025-12-06,MX,Tablet,580,4.0,6,36,16.67,2025-12-06 14:27:00
KP010288,KW10228,2025-12-07,MX,Desktop,7985,45.0,65,1281,5.07,2025-12-07 04:48:00
KP010289,KW11381,2025-12-08,DE,Desktop,12646,23.0,296,5736,5.16,2025-12-08 12:51:00
KP010290,KW11340,2025-12-09,AU,Desktop,439,21.0,6,86,6.98,2025-12-09 01:43:00
KP010291,KW10964,2025-12-10,AU,Desktop,1590,20.0,36,440,8.18,2025-12-10 18:52:00
KP010292,KW10690,2025-12-11,BR,Tablet,5613,41.0,130,2429,5.35,2025-12-11 21:05:00
KP010293,KW11310,2025-12-12,IN,Desktop,2747,42.0,46,860,5.35,2025-12-12 18:19:00
KP010294,KW10913,2025-12-13,DE,Mobile,2034,12.0,68,774,8.79,2025-12-13 17:57:00
KP010295,KW11159,2025-12-14,BR,Mobile,8129,21.0,135,2363,5.71,2025-12-14 07:09:00
KP010296,KW11779,2025-12-15,BR,Mobile,1630,22.0,11,164,6.71,2025-12-15 20:37:00
KP010297,KW11179,2025-12-16,CA,Desktop,9663,44.0,116,2151,5.39,2025-12-16 18:50:00
KP010298,KW10940,2025-12-17,UK,Mobile,1537,16.0,22,315,6.98,2025-12-17 06:33:00
KP010299,KW10879,2025-12-18,MX,Desktop,515,19.0,17,247,6.88,2025-12-18 15:04:00
KP010300,KW11153,2025-12-19,US,Desktop,2295,17.0,20,254,7.87,2025-12-19 04:38:00
KP010301,KW11826,2025-12-20,MX,Desktop,1225,11.0,44,421,10.45,2025-12-20 11:11:00
KP010302,KW11221,2025-12-21,IN,Mobile,2775,25.0,29,491,5.91,2025-12-21 05:24:00
KP010303,KW10129,2025-12-22,IN,Mobile,8707,40.0,55,1563,3.52,2025-12-22 08:09:00
KP010304,KW10205,2025-12-23,JP,Tablet,2501,36.0,65,1186,5.48,2025-12-23 03:31:00
KP010305,KW10766,2025-12-24,UK,Desktop,7870,35.0,156,3283,4.75,2025-12-24 19:21:00
KP010306,KW11186,2025-12-25,JP,Mobile,2088,45.0,10,265,3.77,2025-12-25 00:00:00
KP010307,KW10020,2025-12-26,BR,Mobile,3719,9.0,25,211,11.85,2025-12-26 06:17:00
KP010308,KW11686,2025-12-27,JP,Desktop,776,17.0,30,370,8.11,2025-12-27 14:20:00
KP010309,KW11139,2025-12-28,FR,Mobile,2309,11.0,28,322,8.7,2025-12-28 21:33:00
KP010310,KW11767,2025-12-29,JP,Mobile,2029,29.0,10,242,4.13,2025-12-29 19:17:00
KP010311,KW10369,2025-12-30,IN,Mobile,3396,9.0,102,786,12.98,2025-12-30 22:53:00
KP010312,KW11951,2025-12-31,UK,Mobile,23376,15.0,235,2450,9.59,2025-12-31 12:40:00
KP010313,KW11556,2026-01-01,MX,Desktop,715,47.0,2,75,2.67,2026-01-01 22:10:00
KP010314,KW10051,2026-01-02,DE,Mobile,1606,50.0,16,446,3.59,2026-01-02 11:21:00
KP010315,KW11834,2026-01-03,FR,Desktop,635,12.0,19,259,7.34,2026-01-03 00:33:00
KP010316,KW10511,2026-01-04,FR,Mobile,1436,19.0,30,485,6.19,2026-01-04 02:28:00
KP010317,KW10188,2026-01-05,FR,Mobile,3200,23.0,24,404,5.94,2026-01-05 21:52:00
KP010318,KW11430,2026-01-06,DE,Desktop,2679,38.0,36,914,3.94,2026-01-06 20:27:00
KP010319,KW11892,2026-01-07,CA,Mobile,2439,33.0,40,803,4.98,2026-01-07 04:11:00
KP010320,KW10841,2026-01-08,MX,Desktop,6446,12.0,149,1733,8.6,2026-01-08 04:12:00
KP010321,KW11917,2026-01-09,BR,Mobile,1127,38.0,19,374,5.08,2026-01-09 21:29:00
KP010322,KW11043,2026-01-10,FR,Mobile,2649,28.0,95,1365,6.96,2026-01-10 07:47:00
KP010323,KW11860,2026-01-11,US,Desktop,2566,26.0,37,567,6.53,2026-01-11 04:31:00
KP010324,KW10637,2026-01-12,DE,Mobile,605,23.0,5,121,4.13,2026-01-12 19:14:00
KP010325,KW11674,2026-01-13,US,Desktop,6594,16.0,203,2809,7.23,2026-01-13 14:40:00
KP010326,KW11547,2026-01-14,UK,Desktop,7919,49.0,50,1049,4.77,2026-01-14 15:17:00
KP010327,KW11669,2026-01-15,DE,Mobile,1548,39.0,25,697,3.59,2026-01-15 23:06:00
KP010328,KW10359,2026-01-16,UK,Mobile,1696,2.0,61,274,22.26,2026-01-16 14:48:00
KP010329,KW11397,2026-01-17,DE,Mobile,7584,28.0,115,1805,6.37,2026-01-17 15:36:00
KP010330,KW11451,2026-01-18,FR,Desktop,46664,45.0,163,3227,5.05,2026-01-18 21:02:00
KP010331,KW10294,2026-01-19,UK,Desktop,7643,31.0,145,3057,4.74,2026-01-19 13:21:00
KP010332,KW10229,2026-01-20,JP,Mobile,8830,15.0,278,3018,9.21,2026-01-20 07:46:00
KP010333,KW11118,2026-01-21,AU,Mobile,450,37.0,9,165,5.45,2026-01-21 20:31:00
KP010334,KW10885,2026-01-22,IN,Desktop,3822,46.0,19,559,3.4,2026-01-22 03:22:00
KP010335,KW10839,2026-01-23,DE,Desktop,1387,18.0,13,176,7.39,2026-01-23 21:34:00
KP010336,KW10392,2026-01-24,MX,Mobile,7921,49.0,122,3458,3.53,2026-01-24 05:59:00
KP010337,KW10010,2026-01-25,JP,Mobile,2626,25.0,51,727,7.02,2026-01-25 00:19:00
KP010338,KW11729,2026-01-26,US,Mobile,3332,35.0,77,1603,4.8,2026-01-26 21:11:00
KP010339,KW10081,2026-01-27,US,Desktop,4489,39.0,88,1786,4.93,2026-01-27 07:17:00
KP010340,KW11533,2026-01-28,UK,Desktop,1816,30.0,26,579,4.49,2026-01-28 12:00:00
KP010341,KW10274,2026-01-29,CA,Desktop,1769,11.0,10,137,7.3,2026-01-29 09:19:00
KP010342,KW10641,2026-01-30,AU,Desktop,2277,21.0,45,721,6.24,2026-01-30 17:16:00
KP010343,KW10160,2026-01-31,JP,Desktop,755,29.0,13,264,4.92,2026-01-31 19:21:00
KP010586,KW10596,2025-10-01,UK,Desktop,630,20.0,16,273,5.86,2025-10-01 19:45:00
KP010587,KW10659,2025-10-02,FR,Mobile,3863,3.0,281,1575,17.84,2025-10-02 21:28:00
KP010588,KW11754,2025-10-03,FR,Desktop,1213,22.0,28,507,5.52,2025-10-03 23:57:00
KP010589,KW10704,2025-10-04,UK,Mobile,697,15.0,21,271,7.75,2025-10-04 18:43:00
KP010590,KW11453,2025-10-05,UK,Desktop,1935,29.0,16,273,5.86,2025-10-05 17:24:00
KP010591,KW10861,2025-10-06,JP,Tablet,2743,15.0,50,586,8.53,2025-10-06 16:02:00
KP010592,KW10952,2025-10-07,FR,Mobile,1286,19.0,30,555,5.41,2025-10-07 00:05:00
KP010593,KW10614,2025-10-08,UK,Mobile,8383,17.0,152,1980,7.68,2025-10-08 21:47:00
KP010594,KW10722,2025-10-09,DE,Desktop,6177,32.0,128,2229,5.74,2025-10-09 21:49:00
KP010595,KW10614,2025-10-10,FR,Mobile,10782,5.0,682,5809,11.74,2025-10-10 23:07:00
KP010596,KW10117,2025-10-11,MX,Mobile,1335,1.0,92,265,34.72,2025-10-11 00:25:00
KP010597,KW10612,2025-10-12,BR,Mobile,14856,24.0,198,3801,5.21,2025-10-12 20:28:00
KP010598,KW11921,2025-10-13,US,Mobile,868,43.0,9,214,4.21,2025-10-13 04:45:00
KP010599,KW10851,2025-10-14,CA,Desktop,2396,42.0,32,825,3.88,2025-10-14 04:57:00
KP010600,KW11448,2025-10-15,AU,Mobile,19677,17.0,746,9367,7.96,2025-10-15 22:16:00
KP010601,KW11523,2025-10-16,BR,Desktop,3217,23.0,81,1179,6.87,2025-10-16 07:27:00
KP010602,KW11230,2025-10-17,JP,Desktop,3298,19.0,90,1463,6.15,2025-10-17 04:47:00
KP010603,KW11038,2025-10-18,AU,Mobile,4373,13.0,183,1731,10.57,2025-10-18 23:54:00
KP010604,KW10138,2025-10-19,CA,Mobile,2406,20.0,12,151,7.95,2025-10-19 11:22:00
KP010605,KW11543,2025-10-20,FR,Desktop,15564,45.0,112,2856,3.92,2025-10-20 07:48:00
KP010606,KW11775,2025-10-21,BR,Desktop,1066,20.0,25,489,5.11,2025-10-21 13:07:00
KP010607,KW10773,2025-10-22,JP,Mobile,1939,5.0,94,873,10.77,2025-10-22 21:54:00
KP010608,KW10841,2025-10-23,AU,Mobile,12703,5.0,616,5643,10.92,2025-10-23 07:57:00
KP010609,KW10316,2025-10-24,CA,Mobile,4301,43.0,63,1655,3.81,2025-10-24 21:34:00
KP010610,KW11363,2025-10-25,JP,Mobile,2016,22.0,49,629,7.79,2025-10-25 20:05:00
KP010611,KW10100,2025-10-26,BR,Mobile,4996,50.0,66,1588,4.16,2025-10-26 20:48:00
KP010612,KW11549,2025-10-27,IN,Mobile,10613,46.0,180,4865,3.7,2025-10-27 18:43:00
KP010613,KW10443,2025-10-28,AU,Mobile,7059,15.0,99,1673,5.92,2025-10-28 16:17:00
KP010614,KW11563,2025-10-29,IN,Mobile,1991,49.0,14,426,3.29,2025-10-29 23:12:00
KP010615,KW10064,2025-10-30,CA,Mobile,7049,34.0,120,2095,5.73,2025-10-30 05:23:00
KP010616,KW10106,2025-10-31,US,Mobile,2331,38.0,27,742,3.64,2025-10-31 02:52:00
KP010617,KW10894,2025-11-01,MX,Desktop,11596,45.0,189,3642,5.19,2025-11-01 04:05:00
KP010618,KW10136,2025-11-02,UK,Mobile,7198,19.0,103,1759,5.86,2025-11-02 12:11:00
KP010619,KW11530,2025-11-03,JP,Desktop,1968,31.0,39,981,3.98,2025-11-03 06:42:00
KP010620,KW10781,2025-11-04,US,Mobile,1632,38.0,13,260,5.0,2025-11-04 16:20:00
KP010621,KW11674,2025-11-05,DE,Mobile,1906,19.0,22,264,8.33,2025-11-05 00:51:00
KP010622,KW11974,2025-11-06,JP,Desktop,6027,13.0,149,1713,8.7,2025-11-06 23:28:00
KP010623,KW11414,2025-11-07,DE,Mobile,5600,30.0,64,1065,6.01,2025-11-07 03:59:00
KP010624,KW10851,2025-11-08,CA,Mobile,13868,42.0,76,1865,4.08,2025-11-08 15:26:00
KP010625,KW10103,2025-11-09,JP,Desktop,1102,42.0,13,376,3.46,2025-11-09 01:22:00
KP010626,KW10644,2025-11-10,FR,Mobile,5373,35.0,48,1022,4.7,2025-11-10 16:18:00
KP010627,KW11018,2025-11-11,UK,Mobile,2540,25.0,17,311,5.47,2025-11-11 08:34:00
KP010628,KW10426,2025-11-12,UK,Mobile,1890,16.0,47,814,5.77,2025-11-12 12:41:00
KP010629,KW10622,2025-11-13,DE,Desktop,2847,34.0,13,308,4.22,2025-11-13 02:19:00
KP010630,KW11949,2025-11-14,MX,Mobile,1396,30.0,32,571,5.6,2025-11-14 09:48:00
KP010631,KW11182,2025-11-15,DE,Mobile,1668,1.0,114,326,34.97,2025-11-15 21:57:00
KP010632,KW10400,2025-11-16,MX,Mobile,12193,46.0,333,6581,5.06,2025-11-16 12:01:00
KP010633,KW10765,2025-11-17,IN,Mobile,23336,10.0,603,7938,7.6,2025-11-17 22:04:00
KP010634,KW10240,2025-11-18,AU,Desktop,2999,41.0,44,870,5.06,2025-11-18 14:15:00
KP010635,KW11565,2025-11-19,MX,Desktop,3906,3.0,295,2034,14.5,2025-11-19 17:02:00
KP010636,KW11991,2025-11-20,JP,Desktop,2268,23.0,48,983,4.88,2025-11-20 02:45:00
KP010637,KW11507,2025-11-21,CA,Desktop,1552,42.0,13,291,4.47,2025-11-21 17:18:00
KP010638,KW10155,2025-11-22,FR,Mobile,9061,33.0,113,2466,4.58,2025-11-22 05:41:00
KP010639,KW10564,2025-11-23,IN,Mobile,2145,9.0,105,1146,9.16,2025-11-23 20:24:00
KP010640,KW10916,2025-11-24,BR,Desktop,24292,36.0,524,11342,4.62,2025-11-24 08:43:00
KP010641,KW10690,2025-11-25,BR,Mobile,1700,26.0,11,191,5.76,2025-11-25 04:21:00
KP010642,KW10161,2025-11-26,FR,Mobile,7608,44.0,76,2242,3.39,2025-11-26 02:21:00
KP010643,KW10448,2025-11-27,JP,Mobile,10989,46.0,202,5287,3.82,2025-11-27 02:30:00
KP010644,KW11073,2025-11-28,US,Mobile,3027,28.0,37,612,6.05,2025-11-28 11:49:00
KP010645,KW10310,2025-11-29,MX,Mobile,2170,18.0,80,934,8.57,2025-11-29 16:45:00
KP010646,KW10386,2025-11-30,MX,Desktop,745,43.0,17,319,5.33,2025-11-30 09:04:00
KP010647,KW11075,2025-12-01,FR,Desktop,2039,47.0,16,419,3.82,2025-12-01 20:38:00
KP010648,KW11880,2025-12-02,MX,Desktop,4096,44.0,30,822,3.65,2025-12-02 06:23:00
KP010649,KW10234,2025-12-03,UK,Mobile,1570,39.0,20,421,4.75,2025-12-03 23:54:00
KP010650,KW11614,2025-12-04,DE,Desktop,1787,32.0,47,844,5.57,2025-12-04 22:03:00
KP010651,KW11986,2025-12-05,FR,Tablet,6697,16.0,79,1291,6.12,2025-12-05 16:23:00
KP010652,KW10634,2025-12-06,US,Mobile,2578,48.0,14,327,4.28,2025-12-06 06:51:00
KP010653,KW10278,2025-12-07,IN,Desktop,1491,39.0,42,777,5.41,2025-12-07 08:38:00
KP010654,KW11991,2025-12-08,IN,Mobile,4049,10.0,89,822,10.83,2025-12-08 04:22:00
KP010655,KW11259,2025-12-09,CA,Desktop,2189,36.0,32,631,5.07,2025-12-09 08:50:00
KP010656,KW11444,2025-12-10,MX,Desktop,3378,1.0,344,1268,27.13,2025-12-10 05:04:00
KP010657,KW10406,2025-12-11,IN,Desktop,8898,21.0,81,1180,6.86,2025-12-11 07:38:00
KP010658,KW10313,2025-12-12,AU,Desktop,2162,3.0,219,1125,19.47,2025-12-12 06:45:00
KP010659,KW11967,2025-12-13,FR,Tablet,4034,24.0,88,1216,7.24,2025-12-13 17:50:00
KP010660,KW11468,2025-12-14,UK,Mobile,666,28.0,13,200,6.5,2025-12-14 13:01:00
KP010661,KW11089,2025-12-15,MX,Desktop,675,48.0,4,99,4.04,2025-12-15 16:36:00
KP010662,KW11702,2025-12-16,CA,Mobile,8103,19.0,160,2602,6.15,2025-12-16 20:20:00
KP010663,KW11926,2025-12-17,JP,Mobile,7130,24.0,121,2081,5.81,2025-12-17 06:18:00
KP010664,KW11857,2025-12-18,FR,Mobile,2413,17.0,56,766,7.31,2025-12-18 14:16:00
KP010665,KW11224,2025-12-19,CA,Mobile,5498,5.0,346,2242,15.43,2025-12-19 07:48:00
KP010666,KW11018,2025-12-20,US,Desktop,2523,38.0,70,1354,5.17,2025-12-20 01:34:00
KP010667,KW11850,2025-12-21,IN,Desktop,3402,45.0,18,504,3.57,2025-12-21 21:42:00
KP010668,KW10048,2025-12-22,CA,Mobile,1696,10.0,13,171,7.6,2025-12-22 13:20:00
KP010669,KW10097,2025-12-23,AU,Mobile,11248,37.0,243,5516,4.41,2025-12-23 16:32:00
KP010670,KW10566,2025-12-24,CA,Desktop,6061,29.0,165,2650,6.23,2025-12-24 06:53:00
KP010671,KW10073,2025-12-25,MX,Mobile,1246,41.0,4,114,3.51,2025-12-25 00:19:00
KP010672,KW11707,2025-12-26,BR,Desktop,4248,50.0,75,1673,4.48,2025-12-26 23:30:00
KP010673,KW11591,2025-12-27,US,Mobile,3066,6.0,206,1335,15.43,2025-12-27 04:54:00
KP010674,KW11079,2025-12-28,BR,Desktop,1878,17.0,80,965,8.29,2025-12-28 20:12:00
KP010675,KW10896,2025-12-29,BR,Desktop,5629,20.0,71,1338,5.31,2025-12-29 04:54:00
KP010676,KW11327,2025-12-30,UK,Desktop,1216,38.0,2,76,2.63,2025-12-30 20:51:00
KP010677,KW11743,2025-12-31,DE,Mobile,1290,23.0,19,382,4.97,2025-12-31 14:05:00
KP010678,KW11966,2026-01-01,JP,Desktop,7319,10.0,396,3633,10.9,2026-01-01 02:46:00
KP010679,KW10741,2026-01-02,CA,Mobile,4269,22.0,26,395,6.58,2026-01-02 03:48:00
KP010680,KW11326,2026-01-03,BR,Mobile,8599,11.0,307,4280,7.17,2026-01-03 06:34:00
KP010681,KW11096,2026-01-04,MX,Mobile,1881,49.0,3,122,2.46,2026-01-04 10:16:00
KP010682,KW10395,2026-01-05,IN,Desktop,3271,1.0,187,645,28.99,2026-01-05 23:40:00
KP010683,KW11532,2026-01-06,MX,Desktop,631,31.0,15,293,5.12,2026-01-06 22:12:00
KP010684,KW11234,2026-01-07,JP,Desktop,1056,9.0,48,573,8.38,2026-01-07 22:44:00
KP010685,KW10281,2026-01-08,CA,Mobile,12267,49.0,296,6558,4.51,2026-01-08 14:47:00
KP010686,KW11816,2026-01-09,AU,Mobile,3074,43.0,56,1669,3.36,2026-01-09 09:10:00
KP010687,KW11719,2026-01-10,BR,Desktop,2483,35.0,11,281,3.91,2026-01-10 11:08:00
KP010688,KW11607,2026-01-11,IN,Mobile,4684,22.0,130,2073,6.27,2026-01-11 22:16:00
KP010689,KW11749,2026-01-12,IN,Desktop,3325,25.0,133,1808,7.36,2026-01-12 05:07:00
KP010690,KW10419,2026-01-13,CA,Mobile,2694,6.0,86,586,14.68,2026-01-13 07:13:00
KP010691,KW10379,2026-01-14,UK,Desktop,1306,32.0,24,433,5.54,2026-01-14 20:48:00
KP010692,KW10552,2026-01-15,FR,Desktop,4018,16.0,123,1778,6.92,2026-01-15 15:24:00
KP010693,KW10993,2026-01-16,AU,Desktop,6374,13.0,68,830,8.19,2026-01-16 02:19:00
KP010694,KW10888,2026-01-17,FR,Tablet,863,17.0,17,272,6.25,2026-01-17 21:41:00
KP010695,KW10250,2026-01-18,JP,Mobile,3218,44.0,66,1273,5.18,2026-01-18 01:15:00
KP010696,KW11244,2026-01-19,AU,Desktop,1832,42.0,31,796,3.89,2026-01-19 16:51:00
KP010697,KW10376,2026-01-20,JP,Desktop,765,26.0,6,120,5.0,2026-01-20 09:27:00
KP010698,KW10275,2026-01-21,IN,Mobile,7938,38.0,213,4253,5.01,2026-01-21 03:39:00
KP010699,KW10848,2026-01-22,MX,Desktop,12724,25.0,294,6194,4.75,2026-01-22 16:31:00
KP010700,KW11961,2026-01-23,FR,Mobile,5044,39.0,62,1377,4.5,2026-01-23 12:23:00
KP010701,KW11564,2026-01-24,MX,Desktop,1541,24.0,18,351,5.13,2026-01-24 19:06:00
KP010702,KW11711,2026-01-25,IN,Desktop,4696,48.0,73,1885,3.87,2026-01-25 11:07:00
KP010703,KW11488,2026-01-26,JP,Mobile,5380,16.0,185,2125,8.71,2026-01-26 02:21:00
KP010704,KW11609,2026-01-27,CA,Desktop,437,20.0,7,146,4.79,2026-01-27 03:07:00
KP010705,KW10968,2026-01-28,US,Desktop,2427,49.0,5,182,2.75,2026-01-28 18:38:00
KP010706,KW11027,2026-01-29,JP,Desktop,3153,17.0,28,411,6.81,2026-01-29 10:50:00
KP010707,KW10080,2026-01-30,IN,Mobile,3564,17.0,81,1206,6.72,2026-01-30 11:31:00
KP010708,KW11151,2026-01-31,MX,Desktop,7246,36.0,103,1775,5.8,2026-01-31 22:06:00
KP010951,KW11311,2025-10-01,DE,Mobile,3890,9.0,65,679,9.57,2025-10-01 04:49:00
KP010952,KW10781,2025-10-02,UK,Tablet,12748,2.0,1300,5308,24.49,2025-10-02 22:05:00
KP010953,KW10937,2025-10-03,UK,Mobile,737,49.0,2,67,2.99,2025-10-03 19:40:00
KP010954,KW10171,2025-10-04,US,Mobile,1921,47.0,30,635,4.72,2025-10-04 00:46:00
KP010955,KW11610,2025-10-05,DE,Desktop,2788,19.0,41,741,5.53,2025-10-05 19:01:00
KP010956,KW11540,2025-10-06,IN,Mobile,2866,6.0,145,940,15.43,2025-10-06 07:50:00
KP010957,KW11106,2025-10-07,UK,Mobile,1656,3.0,78,475,16.42,2025-10-07 12:02:00
KP010958,KW10121,2025-10-08,MX,Desktop,4517,28.0,62,1088,5.7,2025-10-08 09:18:00
KP010959,KW10851,2025-10-09,BR,Mobile,3436,3.0,123,569,21.62,2025-10-09 22:37:00
KP010960,KW10881,2025-10-10,AU,Desktop,1433,15.0,36,564,6.38,2025-10-10 02:12:00
KP010961,KW10558,2025-10-11,DE,Desktop,3702,47.0,20,453,4.42,2025-10-11 15:58:00
KP010962,KW10750,2025-10-12,JP,Mobile,3989,11.0,149,1429,10.43,2025-10-12 15:55:00
KP010963,KW11104,2025-10-13,US,Desktop,12054,10.0,495,4516,10.96,2025-10-13 01:47:00
KP010964,KW10777,2025-10-14,CA,Desktop,3013,7.0,131,972,13.48,2025-10-14 14:29:00
KP010965,KW11701,2025-10-15,US,Mobile,4982,19.0,30,385,7.79,2025-10-15 20:45:00
KP010966,KW11389,2025-10-16,DE,Tablet,14346,49.0,236,5594,4.22,2025-10-16 13:33:00
KP010967,KW11739,2025-10-17,UK,Desktop,4003,10.0,18,207,8.7,2025-10-17 14:07:00
KP010968,KW10007,2025-10-18,US,Mobile,2965,24.0,84,1288,6.52,2025-10-18 08:09:00
KP010969,KW11138,2025-10-19,UK,Tablet,2112,44.0,46,867,5.31,2025-10-19 14:29:00
KP010970,KW10633,2025-10-20,AU,Desktop,2336,31.0,32,635,5.04,2025-10-20 02:23:00
KP010971,KW10060,2025-10-21,MX,Desktop,3452,38.0,28,593,4.72,2025-10-21 13:01:00
KP010972,KW10149,2025-10-22,AU,Mobile,1881,7.0,22,153,14.38,2025-10-22 01:38:00
KP010973,KW10682,2025-10-23,BR,Mobile,3854,13.0,51,758,6.73,2025-10-23 04:35:00
KP010974,KW11256,2025-10-24,FR,Mobile,6061,34.0,42,843,4.98,2025-10-24 17:20:00
KP010975,KW11920,2025-10-25,JP,Mobile,4045,30.0,108,1878,5.75,2025-10-25 10:45:00
KP010976,KW10642,2025-10-26,AU,Desktop,335,25.0,7,112,6.25,2025-10-26 15:44:00
KP010977,KW10590,2025-10-27,MX,Tablet,5304,19.0,34,508,6.69,2025-10-27 06:22:00
KP010978,KW10507,2025-10-28,CA,Tablet,2929,32.0,6,156,3.85,2025-10-28 16:57:00
KP010979,KW10864,2025-10-29,US,Desktop,3499,29.0,36,644,5.59,2025-10-29 21:57:00
KP010980,KW11737,2025-10-30,MX,Mobile,6957,18.0,94,1730,5.43,2025-10-30 23:27:00
KP010981,KW10184,2025-10-31,DE,Desktop,939,9.0,50,498,10.04,2025-10-31 14:48:00
KP010982,KW11533,2025-11-01,IN,Mobile,3527,22.0,49,987,4.96,2025-11-01 06:03:00
KP010983,KW10145,2025-11-02,MX,Mobile,3916,11.0,67,841,7.97,2025-11-02 02:19:00
KP010984,KW10816,2025-11-03,JP,Desktop,2232,18.0,90,1161,7.75,2025-11-03 07:48:00
KP010985,KW10367,2025-11-04,UK,Desktop,1153,9.0,39,324,12.04,2025-11-04 04:29:00
KP010986,KW10808,2025-11-05,FR,Desktop,4964,15.0,121,1239,9.77,2025-11-05 11:40:00
KP010987,KW11819,2025-11-06,BR,Desktop,12866,8.0,260,1952,13.32,2025-11-06 11:33:00
KP010988,KW10316,2025-11-07,BR,Mobile,6233,2.0,331,1553,21.31,2025-11-07 06:53:00
KP010989,KW11743,2025-11-08,US,Mobile,4361,2.0,116,456,25.44,2025-11-08 08:35:00
KP010990,KW10993,2025-11-09,UK,Mobile,1047,50.0,14,313,4.47,2025-11-09 04:03:00
KP010991,KW11489,2025-11-10,AU,Mobile,1498,44.0,22,678,3.24,2025-11-10 03:00:00
KP010992,KW11465,2025-11-11,MX,Desktop,965,33.0,3,59,5.08,2025-11-11 13:58:00
KP010993,KW10512,2025-11-12,MX,Desktop,4718,41.0,73,1410,5.18,2025-11-12 06:55:00
KP010994,KW10187,2025-11-13,IN,Desktop,5514,17.0,162,2372,6.83,2025-11-13 01:26:00
KP010995,KW10959,2025-11-14,DE,Desktop,1820,27.0,46,824,5.58,2025-11-14 09:48:00
KP010996,KW11703,2025-11-15,UK,Tablet,1542,31.0,36,619,5.82,2025-11-15 19:45:00
KP010997,KW10788,2025-11-16,IN,Desktop,10597,16.0,203,2593,7.83,2025-11-16 21:26:00
KP010998,KW10967,2025-11-17,BR,Mobile,8128,15.0,189,2928,6.45,2025-11-17 20:12:00
KP010999,KW10381,2025-11-18,US,Tablet,2250,18.0,68,1164,5.84,2025-11-18 16:27:00
KP011000,KW10347,2025-11-19,CA,Mobile,6853,48.0,76,2289,3.32,2025-11-19 12:16:00
KP011001,KW10761,2025-11-20,JP,Mobile,1556,47.0,9,245,3.67,2025-11-20 13:04:00
KP011002,KW10626,2025-11-21,FR,Desktop,8066,42.0,87,2574,3.38,2025-11-21 03:41:00
KP011003,KW11130,2025-11-22,DE,Mobile,2162,42.0,45,883,5.1,2025-11-22 16:57:00
KP011004,KW11998,2025-11-23,DE,Desktop,742,28.0,6,118,5.08,2025-11-23 00:13:00
KP011005,KW10807,2025-11-24,JP,Desktop,2683,25.0,57,1188,4.8,2025-11-24 10:37:00
KP011006,KW11423,2025-11-25,US,Mobile,2153,37.0,9,252,3.57,2025-11-25 16:18:00
KP011007,KW10891,2025-11-26,US,Desktop,2181,33.0,41,1001,4.1,2025-11-26 02:51:00
KP011008,KW10111,2025-11-27,AU,Desktop,1095,23.0,37,483,7.66,2025-11-27 13:31:00
KP011009,KW10029,2025-11-28,DE,Desktop,3567,22.0,93,1393,6.68,2025-11-28 19:53:00
KP011010,KW10355,2025-11-29,IN,Desktop,2820,20.0,32,449,7.13,2025-11-29 02:07:00
KP011011,KW11383,2025-11-30,BR,Desktop,5112,41.0,80,1588,5.04,2025-11-30 21:08:00
KP011012,KW10395,2025-12-01,DE,Desktop,3297,40.0,37,1043,3.55,2025-12-01 09:32:00
KP011013,KW11900,2025-12-02,US,Desktop,1339,41.0,10,260,3.85,2025-12-02 21:07:00
KP011014,KW10810,2025-12-03,FR,Desktop,5042,32.0,69,1202,5.74,2025-12-03 09:58:00
KP011015,KW11386,2025-12-04,CA,Mobile,2189,37.0,16,276,5.8,2025-12-04 23:42:00
KP011016,KW10094,2025-12-05,AU,Desktop,932,14.0,31,479,6.47,2025-12-05 08:32:00
KP011017,KW10996,2025-12-06,BR,Mobile,12179,14.0,141,1953,7.22,2025-12-06 08:56:00
KP011018,KW10221,2025-12-07,DE,Mobile,3478,10.0,178,1632,10.91,2025-12-07 00:42:00
KP011019,KW10508,2025-12-08,IN,Mobile,2112,6.0,104,764,13.61,2025-12-08 10:00:00
KP011020,KW10911,2025-12-09,IN,Desktop,9318,26.0,61,1170,5.21,2025-12-09 00:29:00
KP011021,KW11896,2025-12-10,US,Tablet,1425,26.0,14,222,6.31,2025-12-10 19:52:00
KP011022,KW11085,2025-12-11,AU,Desktop,10610,4.0,354,2079,17.03,2025-12-11 10:55:00
KP011023,KW10894,2025-12-12,CA,Desktop,2794,18.0,74,1098,6.74,2025-12-12 19:08:00
KP011024,KW10763,2025-12-13,UK,Desktop,8535,41.0,129,2755,4.68,2025-12-13 20:30:00
KP011025,KW11704,2025-12-14,FR,Desktop,554,5.0,33,299,11.04,2025-12-14 12:27:00
KP011026,KW11810,2025-12-15,IN,Mobile,2768,4.0,57,354,16.1,2025-12-15 18:54:00
KP011027,KW11996,2025-12-16,JP,Desktop,2202,38.0,28,507,5.52,2025-12-16 08:07:00
KP011028,KW11767,2025-12-17,AU,Mobile,3989,21.0,55,1081,5.09,2025-12-17 18:21:00
KP011029,KW10060,2025-12-18,JP,Desktop,1874,2.0,191,652,29.29,2025-12-18 00:44:00
KP011030,KW10130,2025-12-19,DE,Desktop,5243,46.0,26,744,3.49,2025-12-19 07:02:00
KP011031,KW10989,2025-12-20,US,Mobile,4809,11.0,51,535,9.53,2025-12-20 05:29:00
KP011032,KW11454,2025-12-21,DE,Desktop,2271,35.0,18,344,5.23,2025-12-21 11:02:00
KP011033,KW10756,2025-12-22,JP,Mobile,8424,1.0,1010,2886,35.0,2025-12-22 08:03:00
KP011034,KW10813,2025-12-23,UK,Desktop,696,46.0,7,218,3.21,2025-12-23 13:02:00
KP011035,KW10967,2025-12-24,DE,Desktop,3607,17.0,43,588,7.31,2025-12-24 01:19:00
KP011036,KW11668,2025-12-25,IN,Desktop,4160,13.0,113,1539,7.34,2025-12-25 23:46:00
KP011037,KW10292,2025-12-26,DE,Mobile,5860,23.0,164,2710,6.05,2025-12-26 23:02:00
KP011038,KW11363,2025-12-27,MX,Mobile,5150,29.0,122,1849,6.6,2025-12-27 14:25:00
KP011039,KW10113,2025-12-28,JP,Desktop,1340,30.0,45,707,6.36,2025-12-28 11:37:00
KP011040,KW11787,2025-12-29,FR,Desktop,5825,32.0,12,307,3.91,2025-12-29 05:46:00
KP011041,KW10955,2025-12-30,CA,Mobile,1828,13.0,88,912,9.65,2025-12-30 21:24:00
KP011042,KW11971,2025-12-31,DE,Desktop,2161,22.0,48,953,5.04,2025-12-31 07:22:00
KP011043,KW11270,2026-01-01,US,Desktop,6662,44.0,112,2149,5.21,2026-01-01 08:06:00
KP011044,KW11450,2026-01-02,US,Mobile,3642,14.0,132,1681,7.85,2026-01-02 01:58:00
KP011045,KW11390,2026-01-03,AU,Desktop,1236,22.0,22,443,4.97,2026-01-03 14:40:00
KP011046,KW11437,2026-01-04,DE,Tablet,6939,18.0,195,2430,8.02,2026-01-04 16:22:00
KP011047,KW10283,2026-01-05,CA,Desktop,1489,18.0,47,743,6.33,2026-01-05 06:48:00
KP011048,KW11048,2026-01-06,FR,Desktop,1198,49.0,8,199,4.02,2026-01-06 12:59:00
KP011049,KW11057,2026-01-07,MX,Mobile,2165,38.0,35,620,5.65,2026-01-07 16:51:00
KP011050,KW10168,2026-01-08,UK,Desktop,4094,32.0,36,588,6.12,2026-01-08 23:38:00
KP011051,KW10775,2026-01-09,DE,Desktop,1563,47.0,8,261,3.07,2026-01-09 23:29:00
KP011052,KW10616,2026-01-10,UK,Desktop,5452,48.0,79,2238,3.53,2026-01-10 10:58:00
KP011053,KW11382,2026-01-11,MX,Mobile,2331,2.0,151,639,23.63,2026-01-11 03:22:00
KP011054,KW11156,2026-01-12,MX,Mobile,2529,29.0,11,228,4.82,2026-01-12 22:11:00
KP011055,KW11563,2026-01-13,JP,Desktop,6082,25.0,84,1179,7.12,2026-01-13 01:18:00
KP011056,KW10538,2026-01-14,JP,Mobile,2980,26.0,11,227,4.85,2026-01-14 06:46:00
KP011057,KW11314,2026-01-15,IN,Desktop,2058,32.0,56,900,6.22,2026-01-15 13:50:00
KP011058,KW11403,2026-01-16,US,Desktop,1899,46.0,43,875,4.91,2026-01-16 10:23:00
KP011059,KW10314,2026-01-17,CA,Mobile,18895,43.0,317,9055,3.5,2026-01-17 07:04:00
KP011060,KW11872,2026-01-18,CA,Desktop,1000,17.0,15,214,7.01,2026-01-18 20:25:00
KP011061,KW10372,2026-01-19,BR,Mobile,2550,26.0,61,854,7.14,2026-01-19 10:41:00
KP011062,KW11398,2026-01-20,DE,Mobile,6559,30.0,138,3235,4.27,2026-01-20 08:53:00
KP011063,KW11233,2026-01-21,FR,Mobile,697,8.0,11,93,11.83,2026-01-21 06:14:00
KP011064,KW11562,2026-01-22,AU,Desktop,4014,40.0,22,450,4.89,2026-01-22 03:54:00
KP011065,KW10602,2026-01-23,AU,Desktop,1332,3.0,22,102,21.57,2026-01-23 22:31:00
KP011066,KW11420,2026-01-24,DE,Desktop,2581,2.0,264,1179,22.39,2026-01-24 13:28:00
KP011067,KW11152,2026-01-25,US,Desktop,1138,47.0,13,291,4.47,2026-01-25 23:06:00
KP011068,KW11038,2026-01-26,MX,Desktop,5867,37.0,80,1817,4.4,2026-01-26 11:36:00
KP011069,KW11970,2026-01-27,AU,Mobile,1580,5.0,33,275,12.0,2026-01-27 04:26:00
KP011070,KW11144,2026-01-28,JP,Desktop,8726,20.0,139,1773,7.84,2026-01-28 08:09:00
KP011071,KW10444,2026-01-29,MX,Mobile,46056,27.0,439,9621,4.56,2026-01-29 15:16:00
KP011072,KW11583,2026-01-30,MX,Desktop,1076,3.0,110,527,20.87,2026-01-30 20:00:00
KP011073,KW10673,2026-01-31,UK,Mobile,3919,37.0,57,986,5.78,2026-01-31 19:00:00
KP011316,KW11509,2025-10-01,FR,Mobile,1497,26.0,4,100,4.0,2025-10-01 00:55:00
KP011317,KW11066,2025-10-02,DE,Desktop,1877,23.0,12,255,4.71,2025-10-02 21:45:00
KP011318,KW11241,2025-10-03,AU,Desktop,10033,28.0,145,2074,6.99,2025-10-03 12:22:00
KP011319,KW10010,2025-10-04,MX,Tablet,1010,13.0,52,505,10.3,2025-10-04 07:53:00
KP011320,KW10849,2025-10-05,US,Mobile,3038,2.0,225,771,29.18,2025-10-05 21:46:00
KP011321,KW11411,2025-10-06,DE,Mobile,1185,19.0,11,131,8.4,2025-10-06 13:29:00
KP011322,KW10668,2025-10-07,IN,Mobile,2380,2.0,370,1277,28.97,2025-10-07 22:28:00
KP011323,KW11523,2025-10-08,DE,Desktop,6448,5.0,125,843,14.83,2025-10-08 18:20:00
KP011324,KW10326,2025-10-09,MX,Mobile,2394,19.0,10,120,8.33,2025-10-09 16:48:00
KP011325,KW10379,2025-10-10,MX,Desktop,997,18.0,12,212,5.66,2025-10-10 12:40:00
KP011326,KW11286,2025-10-11,FR,Mobile,9209,12.0,273,2626,10.4,2025-10-11 16:37:00
KP011327,KW10405,2025-10-12,UK,Mobile,3169,48.0,62,1309,4.74,2025-10-12 20:56:00
KP011328,KW11288,2025-10-13,DE,Desktop,1717,28.0,44,643,6.84,2025-10-13 17:20:00
KP011329,KW11417,2025-10-14,DE,Desktop,2603,11.0,59,649,9.09,2025-10-14 18:12:00
KP011330,KW11424,2025-10-15,JP,Desktop,10004,34.0,108,1737,6.22,2025-10-15 00:34:00
KP011331,KW10960,2025-10-16,JP,Desktop,1124,18.0,22,381,5.77,2025-10-16 15:34:00
KP011332,KW11419,2025-10-17,IN,Desktop,18926,11.0,366,5114,7.16,2025-10-17 13:37:00
KP011333,KW10518,2025-10-18,DE,Desktop,5096,23.0,136,1920,7.08,2025-10-18 02:35:00
KP011334,KW11539,2025-10-19,MX,Mobile,1686,21.0,41,619,6.62,2025-10-19 08:34:00
KP011335,KW11870,2025-10-20,FR,Desktop,2083,40.0,6,177,3.39,2025-10-20 03:55:00
KP011336,KW10501,2025-10-21,UK,Mobile,8609,47.0,193,4060,4.75,2025-10-21 09:13:00
KP011337,KW11582,2025-10-22,UK,Desktop,658,21.0,11,167,6.59,2025-10-22 20:52:00
KP011338,KW11999,2025-10-23,UK,Desktop,906,10.0,35,429,8.16,2025-10-23 08:16:00
KP011339,KW11963,2025-10-24,AU,Desktop,13790,27.0,207,3961,5.23,2025-10-24 05:14:00
KP011340,KW10566,2025-10-25,IN,Desktop,3652,26.0,134,1876,7.14,2025-10-25 00:04:00
KP011341,KW11804,2025-10-26,BR,Mobile,2981,18.0,54,903,5.98,2025-10-26 20:54:00
KP011342,KW10648,2025-10-27,BR,Mobile,1960,48.0,11,352,3.12,2025-10-27 23:40:00
KP011343,KW10966,2025-10-28,FR,Desktop,1412,5.0,107,654,16.36,2025-10-28 07:51:00
KP011344,KW11350,2025-10-29,FR,Mobile,12733,30.0,265,4384,6.04,2025-10-29 22:26:00
KP011345,KW11749,2025-10-30,JP,Desktop,4463,25.0,151,2315,6.52,2025-10-30 05:05:00
KP011346,KW11678,2025-10-31,FR,Desktop,2911,27.0,69,1529,4.51,2025-10-31 16:03:00
KP011347,KW10527,2025-11-01,DE,Mobile,1379,18.0,22,327,6.73,2025-11-01 01:06:00
KP011348,KW10239,2025-11-02,FR,Tablet,412,21.0,6,134,4.48,2025-11-02 06:13:00
KP011349,KW11552,2025-11-03,JP,Desktop,6736,28.0,59,875,6.74,2025-11-03 18:15:00
KP011350,KW11409,2025-11-04,JP,Desktop,2296,39.0,53,1139,4.65,2025-11-04 12:37:00
KP011351,KW11884,2025-11-05,BR,Desktop,15590,22.0,418,7026,5.95,2025-11-05 14:39:00
KP011352,KW10633,2025-11-06,IN,Desktop,11720,14.0,452,4967,9.1,2025-11-06 12:21:00
KP011353,KW11246,2025-11-07,CA,Mobile,2651,20.0,16,261,6.13,2025-11-07 03:28:00
KP011354,KW10457,2025-11-08,FR,Desktop,10678,41.0,185,3565,5.19,2025-11-08 18:09:00
KP011355,KW10471,2025-11-09,MX,Desktop,501,32.0,5,110,4.55,2025-11-09 07:41:00
KP011356,KW10503,2025-11-10,US,Desktop,15312,48.0,204,3932,5.19,2025-11-10 03:17:00
KP011357,KW10164,2025-11-11,JP,Desktop,5293,19.0,24,297,8.08,2025-11-11 09:16:00
KP011358,KW10932,2025-11-12,AU,Mobile,771,20.0,19,280,6.79,2025-11-12 09:42:00
KP011359,KW10329,2025-11-13,FR,Desktop,1539,10.0,18,225,8.0,2025-11-13 16:01:00
KP011360,KW11019,2025-11-14,CA,Desktop,665,43.0,2,61,3.28,2025-11-14 11:21:00
KP011361,KW10093,2025-11-15,MX,Mobile,3279,17.0,60,871,6.89,2025-11-15 21:07:00
KP011362,KW11172,2025-11-16,MX,Mobile,3703,40.0,82,1690,4.85,2025-11-16 13:46:00
KP011363,KW10904,2025-11-17,UK,Mobile,341,20.0,10,137,7.3,2025-11-17 10:31:00
KP011364,KW11582,2025-11-18,UK,Desktop,956,44.0,2,62,3.23,2025-11-18 15:14:00
KP011365,KW10274,2025-11-19,JP,Mobile,2452,28.0,39,922,4.23,2025-11-19 20:29:00
KP011366,KW10579,2025-11-20,UK,Desktop,2223,32.0,25,613,4.08,2025-11-20 05:34:00
KP011367,KW11307,2025-11-21,US,Desktop,897,35.0,6,105,5.71,2025-11-21 13:15:00
KP011368,KW11360,2025-11-22,JP,Mobile,7275,8.0,239,2085,11.46,2025-11-22 09:32:00
KP011369,KW11923,2025-11-23,BR,Desktop,1061,14.0,35,369,9.49,2025-11-23 15:15:00
KP011370,KW11774,2025-11-24,AU,Desktop,8071,10.0,357,3276,10.9,2025-11-24 14:40:00
KP011371,KW10297,2025-11-25,IN,Mobile,804,15.0,18,300,6.0,2025-11-25 05:51:00
KP011372,KW10485,2025-11-26,US,Mobile,2440,18.0,100,1285,7.78,2025-11-26 22:32:00
KP011373,KW10338,2025-11-27,UK,Desktop,8743,47.0,40,839,4.77,2025-11-27 20:53:00
KP011374,KW10804,2025-11-28,BR,Desktop,1426,10.0,27,237,11.39,2025-11-28 01:17:00
KP011375,KW11897,2025-11-29,DE,Mobile,1908,24.0,66,904,7.3,2025-11-29 16:00:00
KP011376,KW11598,2025-11-30,MX,Mobile,7017,42.0,53,968,5.48,2025-11-30 20:57:00
KP011377,KW10353,2025-12-01,AU,Desktop,14039,13.0,432,5724,7.55,2025-12-01 20:48:00
KP011378,KW10875,2025-12-02,UK,Mobile,5222,1.0,635,1817,34.95,2025-12-02 07:20:00
KP011379,KW11421,2025-12-03,US,Desktop,3442,30.0,96,1439,6.67,2025-12-03 02:38:00
KP011380,KW10432,2025-12-04,BR,Mobile,4259,30.0,59,980,6.02,2025-12-04 18:57:00
KP011381,KW11645,2025-12-05,JP,Mobile,1513,33.0,8,213,3.76,2025-12-05 19:04:00
KP011382,KW10299,2025-12-06,CA,Mobile,5216,25.0,197,2774,7.1,2025-12-06 09:40:00
KP011383,KW11044,2025-12-07,BR,Desktop,2686,46.0,30,571,5.25,2025-12-07 12:49:00
KP011384,KW11855,2025-12-08,CA,Desktop,2879,38.0,45,806,5.58,2025-12-08 12:04:00
KP011385,KW11960,2025-12-09,FR,Tablet,2333,37.0,70,1221,5.73,2025-12-09 14:28:00
KP011386,KW10631,2025-12-10,MX,Desktop,1854,21.0,58,959,6.05,2025-12-10 21:16:00
KP011387,KW10912,2025-12-11,FR,Mobile,11320,6.0,303,3033,9.99,2025-12-11 05:08:00
KP011388,KW10048,2025-12-12,US,Desktop,5923,35.0,110,2771,3.97,2025-12-12 10:52:00
KP011389,KW11374,2025-12-13,DE,Desktop,911,7.0,20,136,14.71,2025-12-13 01:04:00
KP011390,KW10925,2025-12-14,JP,Desktop,4132,20.0,79,1337,5.91,2025-12-14 16:33:00
KP011391,KW11566,2025-12-15,AU,Desktop,2928,15.0,18,292,6.16,2025-12-15 02:37:00
KP011392,KW11565,2025-12-16,CA,Desktop,2189,48.0,44,1140,3.86,2025-12-16 18:10:00
KP011393,KW11272,2025-12-17,FR,Mobile,1572,47.0,20,431,4.64,2025-12-17 04:49:00
KP011394,KW10014,2025-12-18,UK,Mobile,6809,50.0,110,3373,3.26,2025-12-18 20:53:00
KP011395,KW10097,2025-12-19,CA,Desktop,4490,10.0,97,952,10.19,2025-12-19 20:43:00
KP011396,KW11135,2025-12-20,FR,Desktop,1280,24.0,10,191,5.24,2025-12-20 02:52:00
KP011397,KW10567,2025-12-21,JP,Desktop,352,24.0,3,80,3.75,2025-12-21 22:38:00
KP011398,KW10653,2025-12-22,CA,Tablet,1500,44.0,13,382,3.4,2025-12-22 19:11:00
KP011399,KW10308,2025-12-23,BR,Desktop,3169,8.0,145,1526,9.5,2025-12-23 05:12:00
KP011400,KW11674,2025-12-24,CA,Mobile,3378,29.0,87,1285,6.77,2025-12-24 23:25:00
KP011401,KW11080,2025-12-25,MX,Mobile,1360,26.0,15,239,6.28,2025-12-25 04:26:00
KP011402,KW11282,2025-12-26,AU,Mobile,3674,19.0,59,769,7.67,2025-12-26 10:29:00
KP011403,KW11956,2025-12-27,FR,Desktop,2027,28.0,40,611,6.55,2025-12-27 02:17:00
KP011404,KW11336,2025-12-28,JP,Desktop,7513,34.0,158,3876,4.08,2025-12-28 02:10:00
KP011405,KW10701,2025-12-29,FR,Mobile,3386,7.0,222,1824,12.17,2025-12-29 14:27:00
KP011406,KW11925,2025-12-30,AU,Mobile,2847,42.0,13,372,3.49,2025-12-30 13:06:00
KP011407,KW10731,2025-12-31,MX,Desktop,3415,5.0,101,583,17.32,2025-12-31 20:38:00
KP011408,KW11297,2026-01-01,MX,Mobile,1247,14.0,18,268,6.72,2026-01-01 20:38:00
KP011409,KW10445,2026-01-02,CA,Desktop,1929,29.0,12,235,5.11,2026-01-02 11:05:00
KP011410,KW11308,2026-01-03,DE,Desktop,2088,36.0,34,764,4.45,2026-01-03 04:54:00
KP011411,KW11917,2026-01-04,JP,Desktop,1367,40.0,6,157,3.82,2026-01-04 19:23:00
KP011412,KW10262,2026-01-05,IN,Mobile,2852,38.0,13,329,3.95,2026-01-05 16:54:00
KP011413,KW11587,2026-01-06,DE,Mobile,9151,29.0,52,877,5.93,2026-01-06 12:03:00
KP011414,KW10753,2026-01-07,IN,Desktop,910,38.0,6,178,3.37,2026-01-07 05:47:00
KP011415,KW10614,2026-01-08,US,Desktop,6292,3.0,440,2490,17.67,2026-01-08 14:06:00
KP011416,KW10715,2026-01-09,UK,Mobile,14802,42.0,220,5813,3.78,2026-01-09 02:16:00
KP011417,KW11841,2026-01-10,IN,Desktop,5278,1.0,790,2791,28.31,2026-01-10 21:24:00
KP011418,KW10828,2026-01-11,UK,Desktop,2779,31.0,50,1168,4.28,2026-01-11 11:17:00
KP011419,KW10360,2026-01-12,BR,Desktop,1085,37.0,22,523,4.21,2026-01-12 03:19:00
KP011420,KW10798,2026-01-13,DE,Desktop,3588,24.0,81,1477,5.48,2026-01-13 12:19:00
KP011421,KW10039,2026-01-14,UK,Desktop,2819,12.0,96,878,10.93,2026-01-14 18:20:00
KP011422,KW10820,2026-01-15,IN,Desktop,2428,14.0,95,1057,8.99,2026-01-15 14:51:00
KP011423,KW10340,2026-01-16,MX,Desktop,4077,26.0,92,1528,6.02,2026-01-16 18:23:00
KP011424,KW11255,2026-01-17,MX,Mobile,3918,38.0,50,887,5.64,2026-01-17 21:08:00
KP011425,KW10209,2026-01-18,MX,Desktop,4122,29.0,113,1873,6.03,2026-01-18 08:22:00
KP011426,KW11633,2026-01-19,FR,Desktop,2677,17.0,40,568,7.04,2026-01-19 16:38:00
KP011427,KW10425,2026-01-20,JP,Mobile,1448,24.0,29,588,4.93,2026-01-20 07:14:00
KP011428,KW11595,2026-01-21,DE,Mobile,7896,6.0,229,1536,14.91,2026-01-21 11:10:00
KP011429,KW11867,2026-01-22,CA,Desktop,2396,13.0,63,888,7.09,2026-01-22 05:41:00
KP011430,KW10835,2026-01-23,JP,Mobile,994,39.0,10,197,5.08,2026-01-23 21:34:00
KP011431,KW10896,2026-01-24,MX,Desktop,1538,5.0,95,536,17.72,2026-01-24 23:01:00
KP011432,KW10523,2026-01-25,BR,Desktop,7958,45.0,167,4058,4.12,2026-01-25 12:36:00
KP011433,KW10637,2026-01-26,JP,Desktop,2496,33.0,41,762,5.38,2026-01-26 01:44:00
KP011434,KW11275,2026-01-27,BR,Mobile,1998,37.0,49,924,5.3,2026-01-27 00:36:00
KP011435,KW10406,2026-01-28,US,Desktop,2056,44.0,21,434,4.84,2026-01-28 18:23:00
KP011436,KW10573,2026-01-29,AU,Desktop,493,18.0,5,91,5.49,2026-01-29 10:20:00
KP011437,KW10456,2026-01-30,DE,Desktop,3162,43.0,52,1110,4.68,2026-01-30 13:11:00
KP011438,KW10363,2026-01-31,UK,Mobile,9189,26.0,120,1952,6.15,2026-01-31 23:01:00
KP011681,KW11283,2025-10-01,IN,Mobile,6469,40.0,50,1189,4.21,2025-10-01 09:28:00
KP011682,KW11857,2025-10-02,MX,Desktop,1007,11.0,7,90,7.78,2025-10-02 19:05:00
KP011683,KW10153,2025-10-03,FR,Desktop,647,8.0,28,317,8.83,2025-10-03 14:05:00
KP011684,KW10804,2025-10-04,AU,Mobile,2298,42.0,44,1038,4.24,2025-10-04 05:06:00
KP011685,KW11190,2025-10-05,DE,Mobile,7764,30.0,167,3226,5.18,2025-10-05 04:41:00
KP011686,KW11264,2025-10-06,CA,Mobile,151,11.0,5,68,7.35,2025-10-06 00:07:00
KP011687,KW10973,2025-10-07,DE,Desktop,8277,16.0,128,1534,8.34,2025-10-07 08:25:00
KP011688,KW10428,2025-10-08,MX,Mobile,1437,32.0,18,296,6.08,2025-10-08 02:47:00
KP011689,KW11147,2025-10-09,CA,Mobile,3401,7.0,44,477,9.22,2025-10-09 17:03:00
KP011690,KW10645,2025-10-10,AU,Mobile,8427,2.0,673,2523,26.67,2025-10-10 10:34:00
KP011691,KW10667,2025-10-11,IN,Desktop,2999,28.0,12,282,4.26,2025-10-11 18:56:00
KP011692,KW11772,2025-10-12,AU,Mobile,493,40.0,3,100,3.0,2025-10-12 08:16:00
KP011693,KW10378,2025-10-13,UK,Mobile,2181,48.0,55,1120,4.91,2025-10-13 13:02:00
KP011694,KW11342,2025-10-14,IN,Mobile,3860,18.0,137,1542,8.88,2025-10-14 19:45:00
KP011695,KW10516,2025-10-15,UK,Mobile,3257,4.0,220,1223,17.99,2025-10-15 14:41:00
KP011696,KW11117,2025-10-16,DE,Mobile,2189,29.0,42,993,4.23,2025-10-16 04:09:00
KP011697,KW10362,2025-10-17,UK,Mobile,1718,35.0,9,183,4.92,2025-10-17 06:07:00
KP011698,KW11276,2025-10-18,DE,Mobile,5460,21.0,57,1041,5.48,2025-10-18 00:44:00
KP011699,KW10741,2025-10-19,DE,Mobile,1199,30.0,4,78,5.13,2025-10-19 04:59:00
KP011700,KW11947,2025-10-20,CA,Mobile,3512,22.0,51,968,5.27,2025-10-20 09:01:00
KP011701,KW11262,2025-10-21,US,Desktop,3139,23.0,92,1202,7.65,2025-10-21 23:06:00
KP011702,KW11672,2025-10-22,JP,Mobile,1974,41.0,20,508,3.94,2025-10-22 03:52:00
KP011703,KW10627,2025-10-23,IN,Desktop,532,43.0,12,291,4.12,2025-10-23 23:06:00
KP011704,KW10123,2025-10-24,AU,Mobile,2499,37.0,35,626,5.59,2025-10-24 22:08:00
KP011705,KW10345,2025-10-25,US,Desktop,2300,41.0,38,905,4.2,2025-10-25 15:19:00
KP011706,KW10604,2025-10-26,FR,Desktop,16781,7.0,275,2426,11.34,2025-10-26 20:58:00
KP011707,KW11683,2025-10-27,MX,Desktop,1393,30.0,27,513,5.26,2025-10-27 01:13:00
KP011708,KW11733,2025-10-28,AU,Mobile,1521,13.0,16,222,7.21,2025-10-28 12:17:00
KP011709,KW10613,2025-10-29,JP,Mobile,1059,32.0,11,262,4.2,2025-10-29 02:00:00
KP011710,KW10829,2025-10-30,IN,Desktop,1621,3.0,21,145,14.48,2025-10-30 06:15:00
KP011711,KW10331,2025-10-31,IN,Desktop,3966,14.0,19,249,7.63,2025-10-31 12:57:00
KP011712,KW11329,2025-11-01,UK,Desktop,4548,19.0,133,1945,6.84,2025-11-01 08:13:00
KP011713,KW10781,2025-11-02,BR,Mobile,2543,47.0,25,816,3.06,2025-11-02 12:03:00
KP011714,KW10668,2025-11-03,BR,Desktop,3165,43.0,18,458,3.93,2025-11-03 06:02:00
KP011715,KW11142,2025-11-04,MX,Desktop,12594,1.0,2158,6168,34.99,2025-11-04 07:39:00
KP011716,KW11566,2025-11-05,DE,Desktop,1285,47.0,7,203,3.45,2025-11-05 03:18:00
KP011717,KW11454,2025-11-06,JP,Desktop,4790,6.0,261,2197,11.88,2025-11-06 18:20:00
KP011718,KW11176,2025-11-07,JP,Mobile,9466,1.0,1524,4355,34.99,2025-11-07 05:15:00
KP011719,KW11458,2025-11-08,US,Mobile,7066,18.0,71,1003,7.08,2025-11-08 11:04:00
KP011720,KW10936,2025-11-09,BR,Tablet,5566,44.0,59,1129,5.23,2025-11-09 21:47:00
KP011721,KW10792,2025-11-10,FR,Mobile,1992,34.0,52,875,5.94,2025-11-10 14:48:00
KP011722,KW11760,2025-11-11,UK,Desktop,43017,2.0,3471,12209,28.43,2025-11-11 03:44:00
KP011723,KW10013,2025-11-12,FR,Desktop,2902,14.0,112,1146,9.77,2025-11-12 15:59:00
KP011724,KW10765,2025-11-13,IN,Desktop,3587,45.0,17,538,3.16,2025-11-13 15:24:00
KP011725,KW11790,2025-11-14,JP,Mobile,1279,49.0,34,692,4.91,2025-11-14 21:21:00
KP011726,KW10582,2025-11-15,JP,Desktop,5611,40.0,60,1587,3.78,2025-11-15 22:13:00
KP011727,KW10022,2025-11-16,UK,Mobile,3914,3.0,373,1782,20.93,2025-11-16 14:35:00
KP011728,KW11995,2025-11-17,UK,Desktop,1998,35.0,39,690,5.65,2025-11-17 08:52:00
KP011729,KW11127,2025-11-18,DE,Desktop,1644,50.0,17,488,3.48,2025-11-18 00:57:00
KP011730,KW11559,2025-11-19,MX,Tablet,1874,18.0,39,555,7.03,2025-11-19 00:29:00
KP011731,KW11358,2025-11-20,DE,Mobile,3115,11.0,76,848,8.96,2025-11-20 19:48:00
KP011732,KW10564,2025-11-21,JP,Tablet,1631,29.0,21,392,5.36,2025-11-21 10:20:00
KP011733,KW10875,2025-11-22,BR,Desktop,7636,41.0,88,1704,5.16,2025-11-22 03:24:00
KP011734,KW10233,2025-11-23,BR,Mobile,1062,34.0,28,471,5.94,2025-11-23 06:48:00
KP011735,KW10299,2025-11-24,US,Mobile,1299,16.0,14,171,8.19,2025-11-24 22:54:00
KP011736,KW11002,2025-11-25,FR,Desktop,11327,40.0,227,4961,4.58,2025-11-25 12:27:00
KP011737,KW11155,2025-11-26,MX,Mobile,1695,15.0,54,718,7.52,2025-11-26 22:01:00
KP011738,KW11984,2025-11-27,DE,Desktop,5144,11.0,153,1386,11.04,2025-11-27 19:15:00
KP011739,KW11729,2025-11-28,DE,Mobile,636,11.0,16,224,7.14,2025-11-28 00:33:00
KP011740,KW11910,2025-11-29,UK,Mobile,9465,46.0,25,600,4.17,2025-11-29 15:29:00
KP011741,KW11212,2025-11-30,AU,Desktop,16058,12.0,186,2026,9.18,2025-11-30 14:50:00
KP011742,KW11252,2025-12-01,BR,Mobile,4324,17.0,41,516,7.95,2025-12-01 03:04:00
KP011743,KW10553,2025-12-02,AU,Desktop,2395,12.0,69,836,8.25,2025-12-02 14:20:00
KP011744,KW10690,2025-12-03,JP,Mobile,5346,37.0,72,1491,4.83,2025-12-03 16:52:00
KP011745,KW11388,2025-12-04,JP,Desktop,1112,4.0,17,134,12.69,2025-12-04 09:14:00
KP011746,KW11686,2025-12-05,FR,Desktop,4814,18.0,79,1300,6.08,2025-12-05 18:42:00
KP011747,KW10061,2025-12-06,JP,Mobile,3090,16.0,87,1186,7.34,2025-12-06 15:49:00
KP011748,KW10973,2025-12-07,DE,Mobile,9038,17.0,341,4848,7.03,2025-12-07 19:13:00
KP011749,KW10012,2025-12-08,IN,Mobile,27159,25.0,769,11009,6.99,2025-12-08 21:03:00
KP011750,KW11844,2025-12-09,JP,Mobile,975,22.0,26,477,5.45,2025-12-09 07:04:00
KP011751,KW11716,2025-12-10,CA,Desktop,591,43.0,10,315,3.17,2025-12-10 00:48:00
KP011752,KW10187,2025-12-11,JP,Mobile,10732,4.0,733,4345,16.87,2025-12-11 11:07:00
KP011753,KW11679,2025-12-12,IN,Mobile,5470,45.0,71,2133,3.33,2025-12-12 15:39:00
KP011754,KW11033,2025-12-13,JP,Mobile,3199,35.0,47,1255,3.75,2025-12-13 19:37:00
KP011755,KW11720,2025-12-14,FR,Mobile,2850,45.0,7,164,4.27,2025-12-14 15:05:00
KP011756,KW10617,2025-12-15,BR,Mobile,5414,10.0,79,729,10.84,2025-12-15 04:11:00
KP011757,KW11355,2025-12-16,DE,Mobile,25172,19.0,97,1685,5.76,2025-12-16 13:22:00
KP011758,KW11554,2025-12-17,UK,Mobile,2112,40.0,14,249,5.62,2025-12-17 16:58:00
KP011759,KW11231,2025-12-18,BR,Desktop,10021,36.0,191,3469,5.51,2025-12-18 17:40:00
KP011760,KW11931,2025-12-19,JP,Mobile,2510,8.0,106,899,11.79,2025-12-19 11:56:00
KP011761,KW11856,2025-12-20,CA,Mobile,4276,8.0,105,1264,8.31,2025-12-20 20:14:00
KP011762,KW11621,2025-12-21,UK,Desktop,3102,7.0,109,1182,9.22,2025-12-21 02:06:00
KP011763,KW11175,2025-12-22,DE,Mobile,1022,5.0,11,83,13.25,2025-12-22 20:47:00
KP011764,KW11368,2025-12-23,BR,Mobile,2943,8.0,188,1391,13.52,2025-12-23 23:07:00
KP011765,KW11915,2025-12-24,US,Desktop,3078,31.0,44,732,6.01,2025-12-24 13:32:00
KP011766,KW11745,2025-12-25,DE,Mobile,4448,19.0,49,592,8.28,2025-12-25 15:09:00
KP011767,KW11709,2025-12-26,BR,Desktop,1379,11.0,56,746,7.51,2025-12-26 08:52:00
KP011768,KW11555,2025-12-27,DE,Desktop,1513,13.0,66,725,9.1,2025-12-27 14:34:00
KP011769,KW11615,2025-12-28,UK,Tablet,2529,36.0,44,1105,3.98,2025-12-28 12:27:00
KP011770,KW11982,2025-12-29,UK,Desktop,3448,27.0,34,514,6.61,2025-12-29 06:50:00
KP011771,KW10809,2025-12-30,UK,Mobile,1774,5.0,72,414,17.39,2025-12-30 19:38:00
KP011772,KW10781,2025-12-31,MX,Desktop,2076,11.0,22,202,10.89,2025-12-31 17:26:00
KP011773,KW10389,2026-01-01,US,Mobile,2542,16.0,53,871,6.08,2026-01-01 20:23:00
KP011774,KW11494,2026-01-02,FR,Desktop,1164,9.0,12,113,10.62,2026-01-02 15:00:00
KP011775,KW10922,2026-01-03,DE,Mobile,368,9.0,12,149,8.05,2026-01-03 12:11:00
KP011776,KW10705,2026-01-04,MX,Desktop,2244,43.0,14,395,3.54,2026-01-04 22:29:00
KP011777,KW11238,2026-01-05,DE,Mobile,277,44.0,4,150,2.67,2026-01-05 16:35:00
KP011778,KW11803,2026-01-06,DE,Mobile,2535,4.0,186,1047,17.77,2026-01-06 16:35:00
KP011779,KW10768,2026-01-07,IN,Desktop,12527,27.0,331,4917,6.73,2026-01-07 14:36:00
KP011780,KW11969,2026-01-08,CA,Desktop,1233,1.0,89,312,28.53,2026-01-08 14:05:00
KP011781,KW11140,2026-01-09,UK,Desktop,10337,33.0,217,5623,3.86,2026-01-09 14:09:00
KP011782,KW11653,2026-01-10,AU,Desktop,2288,31.0,41,1037,3.95,2026-01-10 13:53:00
KP011783,KW11208,2026-01-11,AU,Desktop,6628,2.0,939,3498,26.84,2026-01-11 02:17:00
KP011784,KW10139,2026-01-12,BR,Mobile,1495,22.0,19,307,6.19,2026-01-12 20:54:00
KP011785,KW11457,2026-01-13,CA,Desktop,16739,4.0,941,5569,16.9,2026-01-13 06:38:00
KP011786,KW11092,2026-01-14,IN,Desktop,2148,1.0,97,340,28.53,2026-01-14 04:15:00
KP011787,KW11474,2026-01-15,MX,Tablet,9886,5.0,253,1418,17.84,2026-01-15 14:10:00
KP011788,KW10389,2026-01-16,DE,Mobile,6372,40.0,46,1104,4.17,2026-01-16 20:16:00
KP011789,KW10967,2026-01-17,JP,Desktop,2017,34.0,17,277,6.14,2026-01-17 00:14:00
KP011790,KW11167,2026-01-18,JP,Mobile,2324,28.0,58,1216,4.77,2026-01-18 21:16:00
KP011791,KW11835,2026-01-19,AU,Mobile,1748,15.0,37,410,9.02,2026-01-19 11:15:00
KP011792,KW11888,2026-01-20,CA,Mobile,14726,5.0,154,1403,10.98,2026-01-20 18:48:00
KP011793,KW10986,2026-01-21,BR,Mobile,647,11.0,20,197,10.15,2026-01-21 14:56:00
KP011794,KW11020,2026-01-22,CA,Mobile,1401,9.0,45,510,8.82,2026-01-22 10:39:00
KP011795,KW11513,2026-01-23,JP,Mobile,6316,45.0,170,3165,5.37,2026-01-23 20:05:00
KP011796,KW10655,2026-01-24,CA,Mobile,756,47.0,6,166,3.61,2026-01-24 01:24:00
KP011797,KW10192,2026-01-25,UK,Desktop,4239,14.0,32,405,7.9,2026-01-25 17:57:00
KP011798,KW11136,2026-01-26,BR,Desktop,1507,33.0,17,366,4.64,2026-01-26 15:13:00
KP011799,KW11766,2026-01-27,UK,Mobile,7329,10.0,264,2427,10.88,2026-01-27 17:53:00
KP011800,KW11132,2026-01-28,UK,Mobile,1998,23.0,27,358,7.54,2026-01-28 07:39:00
KP011801,KW11825,2026-01-29,FR,Mobile,2280,16.0,57,929,6.14,2026-01-29 10:37:00
KP011802,KW10532,2026-01-30,MX,Tablet,2376,44.0,7,225,3.11,2026-01-30 05:00:00
KP011803,KW11925,2026-01-31,AU,Mobile,1223,7.0,19,164,11.59,2026-01-31 19:36:00
KP012046,KW11541,2025-10-01,FR,Mobile,10245,40.0,134,2789,4.8,2025-10-01 04:58:00
KP012047,KW11436,2025-10-02,CA,Desktop,3754,5.0,162,1437,11.27,2025-10-02 20:19:00
KP012048,KW11051,2025-10-03,US,Desktop,3159,23.0,49,1041,4.71,2025-10-03 16:40:00
KP012049,KW10602,2025-10-04,US,Desktop,9272,40.0,129,3392,3.8,2025-10-04 08:43:00
KP012050,KW10889,2025-10-05,AU,Mobile,1409,35.0,15,383,3.92,2025-10-05 03:10:00
KP012051,KW10671,2025-10-06,IN,Mobile,1316,42.0,11,218,5.05,2025-10-06 10:58:00
KP012052,KW10211,2025-10-07,US,Desktop,1084,14.0,5,56,8.93,2025-10-07 06:51:00
KP012053,KW10188,2025-10-08,MX,Mobile,5476,22.0,75,946,7.93,2025-10-08 23:18:00
KP012054,KW10577,2025-10-09,JP,Desktop,1185,22.0,32,574,5.57,2025-10-09 19:12:00
KP012055,KW11457,2025-10-10,US,Mobile,1929,44.0,38,971,3.91,2025-10-10 02:34:00
KP012056,KW10948,2025-10-11,CA,Desktop,6441,22.0,208,3016,6.9,2025-10-11 12:48:00
KP012057,KW10267,2025-10-12,JP,Mobile,1155,30.0,11,285,3.86,2025-10-12 12:28:00
KP012058,KW11602,2025-10-13,IN,Mobile,1168,25.0,14,274,5.11,2025-10-13 01:35:00
KP012059,KW11768,2025-10-14,MX,Desktop,1815,47.0,22,618,3.56,2025-10-14 13:24:00
KP012060,KW11694,2025-10-15,FR,Desktop,3984,36.0,92,1750,5.26,2025-10-15 05:13:00
KP012061,KW10519,2025-10-16,FR,Mobile,1913,17.0,63,706,8.92,2025-10-16 13:36:00
KP012062,KW10204,2025-10-17,FR,Mobile,3687,10.0,112,955,11.73,2025-10-17 10:29:00
KP012063,KW11128,2025-10-18,UK,Desktop,1235,44.0,2,63,3.17,2025-10-18 16:17:00
KP012064,KW10056,2025-10-19,UK,Mobile,2778,27.0,39,741,5.26,2025-10-19 10:08:00
KP012065,KW11457,2025-10-20,US,Desktop,1526,32.0,37,741,4.99,2025-10-20 19:28:00
KP012066,KW10117,2025-10-21,AU,Desktop,1656,9.0,25,213,11.74,2025-10-21 10:09:00
KP012067,KW11106,2025-10-22,BR,Mobile,717,31.0,1,36,2.78,2025-10-22 23:21:00
KP012068,KW11186,2025-10-23,FR,Desktop,1299,32.0,26,453,5.74,2025-10-23 11:49:00
KP012069,KW10457,2025-10-24,FR,Desktop,3294,39.0,38,998,3.81,2025-10-24 15:55:00
KP012070,KW11784,2025-10-25,MX,Tablet,4308,25.0,101,1782,5.67,2025-10-25 14:25:00
KP012071,KW11460,2025-10-26,DE,Desktop,2238,29.0,65,994,6.54,2025-10-26 01:18:00
KP012072,KW11032,2025-10-27,MX,Mobile,2814,8.0,48,481,9.98,2025-10-27 15:05:00
KP012073,KW10662,2025-10-28,IN,Mobile,744,31.0,14,227,6.17,2025-10-28 22:11:00
KP012074,KW11024,2025-10-29,IN,Mobile,19230,9.0,610,7041,8.66,2025-10-29 22:19:00
KP012075,KW11691,2025-10-30,BR,Mobile,2489,49.0,24,487,4.93,2025-10-30 04:45:00
KP012076,KW10023,2025-10-31,AU,Desktop,9979,27.0,146,2093,6.98,2025-10-31 16:47:00
KP012077,KW11521,2025-11-01,BR,Desktop,5696,11.0,169,1779,9.5,2025-11-01 10:10:00
KP012078,KW10596,2025-11-02,AU,Desktop,5028,36.0,72,1452,4.96,2025-11-02 22:46:00
KP012079,KW11444,2025-11-03,BR,Mobile,3873,8.0,95,882,10.77,2025-11-03 12:46:00
KP012080,KW11482,2025-11-04,FR,Desktop,10935,37.0,249,5307,4.69,2025-11-04 20:44:00
KP012081,KW10141,2025-11-05,AU,Desktop,2198,36.0,57,1201,4.75,2025-11-05 14:35:00
KP012082,KW10478,2025-11-06,FR,Desktop,7129,36.0,82,1571,5.22,2025-11-06 21:32:00
KP012083,KW10289,2025-11-07,CA,Mobile,2757,33.0,75,1458,5.14,2025-11-07 01:42:00
KP012084,KW10403,2025-11-08,FR,Mobile,9900,15.0,63,995,6.33,2025-11-08 12:31:00
KP012085,KW11504,2025-11-09,AU,Mobile,16920,10.0,355,3748,9.47,2025-11-09 19:08:00
KP012086,KW10791,2025-11-10,IN,Mobile,1841,26.0,57,989,5.76,2025-11-10 17:09:00
KP012087,KW11772,2025-11-11,FR,Mobile,1140,46.0,3,114,2.63,2025-11-11 05:28:00
KP012088,KW10035,2025-11-12,BR,Desktop,1742,50.0,25,831,3.01,2025-11-12 20:05:00
KP012089,KW10412,2025-11-13,AU,Desktop,7292,34.0,45,765,5.88,2025-11-13 00:42:00
KP012090,KW10344,2025-11-14,MX,Mobile,7492,37.0,168,3435,4.89,2025-11-14 19:03:00
KP012091,KW11423,2025-11-15,IN,Mobile,2113,17.0,59,1007,5.86,2025-11-15 03:14:00
KP012092,KW10393,2025-11-16,JP,Desktop,2290,17.0,39,465,8.39,2025-11-16 09:21:00
KP012093,KW11657,2025-11-17,UK,Desktop,648,40.0,11,232,4.74,2025-11-17 16:32:00
KP012094,KW11620,2025-11-18,FR,Mobile,3552,7.0,226,1561,14.48,2025-11-18 02:27:00
KP012095,KW11697,2025-11-19,BR,Mobile,3461,36.0,49,1105,4.43,2025-11-19 11:50:00
KP012096,KW11018,2025-11-20,UK,Desktop,2256,14.0,107,1213,8.82,2025-11-20 13:28:00
KP012097,KW11810,2025-11-21,US,Desktop,2619,13.0,12,169,7.1,2025-11-21 07:01:00
KP012098,KW11808,2025-11-22,UK,Desktop,8365,46.0,183,3495,5.24,2025-11-22 10:20:00
KP012099,KW11262,2025-11-23,BR,Mobile,2569,41.0,19,346,5.49,2025-11-23 15:05:00
KP012100,KW11861,2025-11-24,JP,Mobile,3085,49.0,30,735,4.08,2025-11-24 17:56:00
KP012101,KW11858,2025-11-25,CA,Desktop,4263,15.0,184,1916,9.6,2025-11-25 06:32:00
KP012102,KW10141,2025-11-26,BR,Mobile,767,44.0,2,82,2.44,2025-11-26 14:14:00
KP012103,KW10506,2025-11-27,UK,Mobile,1709,17.0,54,854,6.32,2025-11-27 11:37:00
KP012104,KW11062,2025-11-28,MX,Mobile,8479,30.0,217,4395,4.94,2025-11-28 20:13:00
KP012105,KW10059,2025-11-29,MX,Mobile,1019,19.0,31,503,6.16,2025-11-29 23:11:00
KP012106,KW10076,2025-11-30,CA,Mobile,7995,13.0,199,2147,9.27,2025-11-30 11:04:00
KP012107,KW10285,2025-12-01,MX,Mobile,4923,6.0,300,2434,12.33,2025-12-01 18:05:00
KP012108,KW10318,2025-12-02,IN,Mobile,2997,47.0,18,465,3.87,2025-12-02 05:07:00
KP012109,KW10122,2025-12-03,CA,Tablet,5293,37.0,13,301,4.32,2025-12-03 17:46:00
KP012110,KW10558,2025-12-04,MX,Mobile,3859,30.0,70,1337,5.24,2025-12-04 02:40:00
KP012111,KW10677,2025-12-05,US,Mobile,7045,10.0,383,3464,11.06,2025-12-05 13:17:00
KP012112,KW10131,2025-12-06,MX,Mobile,9743,29.0,142,3439,4.13,2025-12-06 22:57:00
KP012113,KW11384,2025-12-07,FR,Tablet,5529,26.0,123,2271,5.42,2025-12-07 04:05:00
KP012114,KW10335,2025-12-08,JP,Mobile,897,5.0,34,193,17.62,2025-12-08 07:29:00
KP012115,KW11490,2025-12-09,JP,Mobile,1140,25.0,10,171,5.85,2025-12-09 06:18:00
KP012116,KW10738,2025-12-10,JP,Desktop,3802,27.0,111,1759,6.31,2025-12-10 13:54:00
KP012117,KW11287,2025-12-11,AU,Mobile,751,45.0,11,231,4.76,2025-12-11 18:24:00
KP012118,KW11281,2025-12-12,DE,Desktop,6135,4.0,101,641,15.76,2025-12-12 10:55:00
KP012119,KW10830,2025-12-13,IN,Tablet,6068,30.0,106,1867,5.68,2025-12-13 04:44:00
KP012120,KW10100,2025-12-14,JP,Mobile,7337,24.0,156,2529,6.17,2025-12-14 20:57:00
KP012121,KW11323,2025-12-15,BR,Mobile,1093,15.0,38,534,7.12,2025-12-15 07:08:00
KP012122,KW11066,2025-12-16,AU,Desktop,1010,20.0,27,347,7.78,2025-12-16 21:47:00
KP012123,KW11242,2025-12-17,CA,Mobile,8349,3.0,423,2194,19.28,2025-12-17 17:45:00
KP012124,KW10905,2025-12-18,US,Mobile,8921,41.0,61,1326,4.6,2025-12-18 11:50:00
KP012125,KW10097,2025-12-19,DE,Mobile,387,38.0,3,83,3.61,2025-12-19 11:49:00
KP012126,KW11126,2025-12-20,JP,Mobile,424,21.0,2,50,4.0,2025-12-20 17:41:00
KP012127,KW10049,2025-12-21,US,Desktop,1739,28.0,14,216,6.48,2025-12-21 02:16:00
KP012128,KW11525,2025-12-22,DE,Desktop,2578,10.0,21,264,7.95,2025-12-22 04:59:00
KP012129,KW10445,2025-12-23,CA,Mobile,4947,24.0,196,2616,7.49,2025-12-23 09:26:00
KP012130,KW10213,2025-12-24,BR,Desktop,5319,23.0,97,1416,6.85,2025-12-24 14:42:00
KP012131,KW11383,2025-12-25,AU,Desktop,5164,38.0,74,1563,4.73,2025-12-25 09:28:00
KP012132,KW11530,2025-12-26,AU,Mobile,6480,21.0,227,2923,7.77,2025-12-26 00:47:00
KP012133,KW10327,2025-12-27,CA,Desktop,1578,34.0,25,482,5.19,2025-12-27 09:59:00
KP012134,KW10808,2025-12-28,DE,Mobile,734,22.0,17,246,6.91,2025-12-28 19:46:00
KP012135,KW10921,2025-12-29,FR,Mobile,3871,15.0,103,1185,8.69,2025-12-29 18:28:00
KP012136,KW11717,2025-12-30,AU,Mobile,4370,47.0,59,1229,4.8,2025-12-30 11:26:00
KP012137,KW10026,2025-12-31,IN,Mobile,3949,3.0,362,1991,18.18,2025-12-31 02:32:00
KP012138,KW11602,2026-01-01,DE,Desktop,2892,36.0,26,632,4.11,2026-01-01 10:55:00
KP012139,KW11577,2026-01-02,JP,Mobile,1313,14.0,15,221,6.79,2026-01-02 16:30:00
KP012140,KW11773,2026-01-03,AU,Desktop,1760,22.0,34,576,5.9,2026-01-03 10:05:00
KP012141,KW10199,2026-01-04,UK,Mobile,4075,38.0,44,1184,3.72,2026-01-04 11:32:00
KP012142,KW11455,2026-01-05,MX,Desktop,32948,29.0,686,11918,5.76,2026-01-05 12:32:00
KP012143,KW10513,2026-01-06,BR,Desktop,4169,36.0,15,427,3.51,2026-01-06 18:45:00
KP012144,KW10729,2026-01-07,MX,Mobile,488,30.0,11,249,4.42,2026-01-07 18:15:00
KP012145,KW10392,2026-01-08,FR,Desktop,1376,18.0,30,386,7.77,2026-01-08 11:55:00
KP012146,KW10694,2026-01-09,US,Mobile,1014,21.0,40,515,7.77,2026-01-09 06:47:00
KP012147,KW11164,2026-01-10,DE,Mobile,581,32.0,1,30,3.33,2026-01-10 01:43:00
KP012148,KW11301,2026-01-11,US,Desktop,736,20.0,12,145,8.28,2026-01-11 09:34:00
KP012149,KW11247,2026-01-12,FR,Desktop,6037,22.0,99,1341,7.38,2026-01-12 16:46:00
KP012150,KW11224,2026-01-13,MX,Mobile,2151,31.0,59,1182,4.99,2026-01-13 15:35:00
KP012151,KW10667,2026-01-14,DE,Mobile,513,48.0,6,164,3.66,2026-01-14 06:05:00
KP012152,KW11122,2026-01-15,MX,Mobile,8665,40.0,23,558,4.12,2026-01-15 02:20:00
KP012153,KW11076,2026-01-16,BR,Mobile,3728,36.0,36,947,3.8,2026-01-16 17:01:00
KP012154,KW11059,2026-01-17,MX,Desktop,6197,7.0,127,1131,11.23,2026-01-17 03:50:00
KP012155,KW11145,2026-01-18,MX,Desktop,7386,31.0,30,491,6.11,2026-01-18 00:22:00
KP012156,KW11811,2026-01-19,JP,Desktop,3433,38.0,99,1873,5.29,2026-01-19 09:09:00
KP012157,KW10949,2026-01-20,DE,Desktop,1128,48.0,7,143,4.9,2026-01-20 13:30:00
KP012158,KW10325,2026-01-21,BR,Mobile,16615,7.0,470,3863,12.17,2026-01-21 15:34:00
KP012159,KW10255,2026-01-22,IN,Desktop,3066,8.0,193,1483,13.01,2026-01-22 21:31:00
KP012160,KW10413,2026-01-23,FR,Desktop,1070,47.0,11,300,3.67,2026-01-23 02:35:00
KP012161,KW10110,2026-01-24,US,Desktop,6036,33.0,31,546,5.68,2026-01-24 03:54:00
KP012162,KW11769,2026-01-25,CA,Desktop,2427,27.0,58,898,6.46,2026-01-25 00:12:00
KP012163,KW10072,2026-01-26,FR,Tablet,1014,8.0,23,202,11.39,2026-01-26 20:40:00
KP012164,KW10739,2026-01-27,DE,Desktop,39752,48.0,684,17680,3.87,2026-01-27 12:19:00
KP012165,KW10481,2026-01-28,JP,Mobile,4346,32.0,49,800,6.12,2026-01-28 09:48:00
KP012166,KW11083,2026-01-29,MX,Desktop,3097,11.0,59,746,7.91,2026-01-29 13:11:00
KP012167,KW10714,2026-01-30,MX,Mobile,11937,33.0,31,745,4.16,2026-01-30 07:37:00
KP012168,KW10423,2026-01-31,MX,Desktop,1725,36.0,24,626,3.83,2026-01-31 18:40:00
KP012411,KW11560,2025-10-01,FR,Desktop,2060,17.0,56,904,6.19,2025-10-01 15:34:00
KP012412,KW10907,2025-10-02,IN,Desktop,8236,28.0,246,4016,6.13,2025-10-02 00:44:00
KP012413,KW10154,2025-10-03,UK,Mobile,1622,7.0,48,391,12.28,2025-10-03 16:43:00
KP012414,KW10458,2025-10-04,UK,Desktop,884,39.0,18,354,5.08,2025-10-04 23:22:00
KP012415,KW10171,2025-10-05,JP,Mobile,5947,27.0,76,1662,4.57,2025-10-05 11:43:00
KP012416,KW10513,2025-10-06,MX,Mobile,2161,2.0,331,1180,28.05,2025-10-06 10:50:00
KP012417,KW11448,2025-10-07,DE,Mobile,647,1.0,65,186,34.95,2025-10-07 07:30:00
KP012418,KW10772,2025-10-08,AU,Desktop,7184,34.0,92,1811,5.08,2025-10-08 13:19:00
KP012419,KW11682,2025-10-09,US,Desktop,6277,34.0,20,332,6.02,2025-10-09 06:59:00
KP012420,KW11889,2025-10-10,AU,Mobile,3782,29.0,107,1651,6.48,2025-10-10 21:11:00
KP012421,KW10019,2025-10-11,AU,Desktop,2083,20.0,16,195,8.21,2025-10-11 15:19:00
KP012422,KW10662,2025-10-12,MX,Mobile,1894,33.0,27,560,4.82,2025-10-12 20:05:00
KP012423,KW11263,2025-10-13,MX,Desktop,4298,20.0,65,847,7.67,2025-10-13 00:44:00
KP012424,KW11207,2025-10-14,BR,Mobile,2423,22.0,39,545,7.16,2025-10-14 03:55:00
KP012425,KW11861,2025-10-15,AU,Desktop,2342,11.0,61,662,9.21,2025-10-15 19:03:00
KP012426,KW10393,2025-10-16,FR,Desktop,6001,35.0,158,3193,4.95,2025-10-16 03:45:00
KP012427,KW10794,2025-10-17,IN,Desktop,14050,36.0,227,3778,6.01,2025-10-17 11:40:00
KP012428,KW11675,2025-10-18,IN,Mobile,281,11.0,12,115,10.43,2025-10-18 11:28:00
KP012429,KW10084,2025-10-19,MX,Mobile,10425,1.0,1631,4661,34.99,2025-10-19 06:27:00
KP012430,KW11430,2025-10-20,US,Mobile,1133,34.0,20,417,4.8,2025-10-20 20:39:00
KP012431,KW10926,2025-10-21,DE,Desktop,1340,2.0,143,511,27.98,2025-10-21 17:13:00
KP012432,KW11385,2025-10-22,AU,Desktop,2411,36.0,10,220,4.55,2025-10-22 04:05:00
KP012433,KW11056,2025-10-23,MX,Mobile,5414,26.0,36,529,6.81,2025-10-23 20:21:00
KP012434,KW10283,2025-10-24,MX,Mobile,853,12.0,13,186,6.99,2025-10-24 11:29:00
KP012435,KW11393,2025-10-25,US,Mobile,5831,50.0,15,335,4.48,2025-10-25 20:53:00
KP012436,KW11810,2025-10-26,UK,Desktop,4114,46.0,39,1084,3.6,2025-10-26 05:06:00
KP012437,KW10547,2025-10-27,CA,Mobile,1722,47.0,5,121,4.13,2025-10-27 00:25:00
KP012438,KW10750,2025-10-28,IN,Desktop,3387,30.0,53,1292,4.1,2025-10-28 04:51:00
KP012439,KW11359,2025-10-29,BR,Desktop,4121,5.0,263,1922,13.68,2025-10-29 04:10:00
KP012440,KW10262,2025-10-30,CA,Mobile,3306,45.0,46,1130,4.07,2025-10-30 06:10:00
KP012441,KW11147,2025-10-31,MX,Mobile,2550,9.0,83,749,11.08,2025-10-31 03:20:00
KP012442,KW10929,2025-11-01,BR,Mobile,5942,49.0,84,2320,3.62,2025-11-01 20:28:00
KP012443,KW10537,2025-11-02,MX,Mobile,1749,26.0,56,802,6.98,2025-11-02 11:11:00
KP012444,KW11764,2025-11-03,BR,Desktop,6119,13.0,120,1295,9.27,2025-11-03 05:14:00
KP012445,KW10926,2025-11-04,JP,Mobile,2201,10.0,94,1113,8.45,2025-11-04 20:04:00
KP012446,KW11044,2025-11-05,AU,Desktop,2622,30.0,88,1345,6.54,2025-11-05 22:26:00
KP012447,KW11237,2025-11-06,BR,Desktop,5217,8.0,59,689,8.56,2025-11-06 11:13:00
KP012448,KW10408,2025-11-07,AU,Mobile,7963,12.0,214,2320,9.22,2025-11-07 18:03:00
KP012449,KW11600,2025-11-08,DE,Desktop,2590,1.0,115,329,34.95,2025-11-08 02:07:00
KP012450,KW11368,2025-11-09,IN,Mobile,2923,34.0,30,726,4.13,2025-11-09 07:17:00
KP012451,KW10182,2025-11-10,IN,Mobile,459,44.0,9,172,5.23,2025-11-10 04:04:00
KP012452,KW10324,2025-11-11,BR,Mobile,196,21.0,5,88,5.68,2025-11-11 07:54:00
KP012453,KW11168,2025-11-12,MX,Mobile,6485,33.0,108,2562,4.22,2025-11-12 20:14:00
KP012454,KW11074,2025-11-13,UK,Mobile,1672,26.0,13,251,5.18,2025-11-13 14:10:00
KP012455,KW10352,2025-11-14,US,Mobile,10424,18.0,171,2241,7.63,2025-11-14 17:45:00
KP012456,KW10408,2025-11-15,UK,Desktop,5940,21.0,51,864,5.9,2025-11-15 10:32:00
KP012457,KW10225,2025-11-16,AU,Desktop,2304,14.0,39,543,7.18,2025-11-16 03:55:00
KP012458,KW11626,2025-11-17,AU,Mobile,2635,32.0,86,1399,6.15,2025-11-17 21:36:00
KP012459,KW11898,2025-11-18,JP,Mobile,3476,11.0,79,998,7.92,2025-11-18 12:54:00
KP012460,KW10921,2025-11-19,BR,Mobile,1091,33.0,16,284,5.63,2025-11-19 22:01:00
KP012461,KW10128,2025-11-20,AU,Desktop,7318,13.0,67,964,6.95,2025-11-20 06:57:00
KP012462,KW11350,2025-11-21,CA,Mobile,1499,33.0,15,405,3.7,2025-11-21 06:06:00
KP012463,KW10841,2025-11-22,IN,Desktop,2069,26.0,19,335,5.67,2025-11-22 10:59:00
KP012464,KW10141,2025-11-23,AU,Desktop,6339,38.0,43,1073,4.01,2025-11-23 11:50:00
KP012465,KW11430,2025-11-24,JP,Desktop,2487,45.0,45,1000,4.5,2025-11-24 02:42:00
KP012466,KW11415,2025-11-25,AU,Mobile,1370,40.0,23,585,3.93,2025-11-25 23:01:00
KP012467,KW10960,2025-11-26,AU,Mobile,747,21.0,3,53,5.66,2025-11-26 03:17:00
KP012468,KW10894,2025-11-27,DE,Mobile,4967,46.0,81,1921,4.22,2025-11-27 22:40:00
KP012469,KW10088,2025-11-28,CA,Mobile,3153,36.0,29,594,4.88,2025-11-28 01:45:00
KP012470,KW11174,2025-11-29,CA,Mobile,3942,2.0,99,398,24.87,2025-11-29 18:13:00
KP012471,KW10940,2025-11-30,US,Mobile,1073,28.0,9,209,4.31,2025-11-30 00:40:00
KP012472,KW10773,2025-12-01,BR,Mobile,5952,37.0,16,346,4.62,2025-12-01 11:07:00
KP012473,KW11648,2025-12-02,UK,Desktop,1035,7.0,21,228,9.21,2025-12-02 21:54:00
KP012474,KW11481,2025-12-03,JP,Mobile,3298,22.0,122,1620,7.53,2025-12-03 20:22:00
KP012475,KW11883,2025-12-04,IN,Desktop,6917,46.0,57,1221,4.67,2025-12-04 17:23:00
KP012476,KW10633,2025-12-05,CA,Mobile,1031,9.0,30,331,9.06,2025-12-05 20:21:00
KP012477,KW10575,2025-12-06,BR,Mobile,1287,10.0,68,636,10.69,2025-12-06 10:13:00
KP012478,KW10309,2025-12-07,US,Desktop,9278,27.0,56,902,6.21,2025-12-07 23:53:00
KP012479,KW11883,2025-12-08,MX,Tablet,2523,42.0,67,1339,5.0,2025-12-08 11:21:00
KP012480,KW10653,2025-12-09,FR,Mobile,2871,11.0,43,480,8.96,2025-12-09 03:44:00
KP012481,KW11974,2025-12-10,MX,Desktop,899,33.0,7,152,4.61,2025-12-10 17:19:00
KP012482,KW10324,2025-12-11,FR,Desktop,3904,42.0,63,1522,4.14,2025-12-11 12:00:00
KP012483,KW10309,2025-12-12,UK,Desktop,6457,29.0,109,2471,4.41,2025-12-12 21:24:00
KP012484,KW10613,2025-12-13,IN,Desktop,1429,16.0,18,226,7.96,2025-12-13 22:36:00
KP012485,KW10757,2025-12-14,UK,Mobile,3833,3.0,264,1119,23.59,2025-12-14 13:00:00
KP012486,KW10420,2025-12-15,AU,Desktop,2235,16.0,70,1224,5.72,2025-12-15 08:50:00
KP012487,KW11474,2025-12-16,DE,Mobile,1762,34.0,30,545,5.5,2025-12-16 14:04:00
KP012488,KW10728,2025-12-17,AU,Desktop,21504,38.0,382,9433,4.05,2025-12-17 08:48:00
KP012489,KW10156,2025-12-18,US,Mobile,3867,6.0,111,919,12.08,2025-12-18 10:44:00
KP012490,KW11620,2025-12-19,BR,Desktop,5818,33.0,152,2692,5.65,2025-12-19 17:18:00
KP012491,KW11816,2025-12-20,AU,Mobile,2736,49.0,51,1025,4.98,2025-12-20 10:32:00
KP012492,KW10921,2025-12-21,IN,Mobile,5173,21.0,127,2402,5.29,2025-12-21 18:26:00
KP012493,KW11389,2025-12-22,CA,Mobile,3744,1.0,401,1469,27.3,2025-12-22 15:13:00
KP012494,KW10222,2025-12-23,AU,Mobile,4266,11.0,92,1206,7.63,2025-12-23 23:20:00
KP012495,KW10936,2025-12-24,MX,Mobile,8825,25.0,99,1976,5.01,2025-12-24 17:18:00
KP012496,KW11930,2025-12-25,JP,Mobile,899,4.0,15,113,13.27,2025-12-25 19:01:00
KP012497,KW10548,2025-12-26,AU,Desktop,3868,5.0,138,995,13.87,2025-12-26 02:39:00
KP012498,KW10243,2025-12-27,BR,Tablet,6212,44.0,34,1003,3.39,2025-12-27 13:31:00
KP012499,KW10645,2025-12-28,IN,Mobile,6974,8.0,96,824,11.65,2025-12-28 01:29:00
KP012500,KW10021,2025-12-29,IN,Mobile,5789,41.0,45,1333,3.38,2025-12-29 18:20:00
KP012501,KW11320,2025-12-30,IN,Mobile,3345,43.0,32,839,3.81,2025-12-30 19:46:00
KP012502,KW11819,2025-12-31,IN,Mobile,2026,2.0,85,388,21.91,2025-12-31 14:05:00
KP012503,KW11451,2026-01-01,JP,Mobile,14647,42.0,209,4416,4.73,2026-01-01 00:50:00
KP012504,KW11897,2026-01-02,DE,Mobile,8646,42.0,85,2296,3.7,2026-01-02 20:02:00
KP012505,KW11876,2026-01-03,BR,Desktop,3479,8.0,212,1788,11.86,2026-01-03 03:44:00
KP012506,KW10043,2026-01-04,DE,Desktop,7855,1.0,1164,3503,33.23,2026-01-04 06:43:00
KP012507,KW10884,2026-01-05,DE,Mobile,4687,8.0,64,704,9.09,2026-01-05 21:40:00
KP012508,KW10118,2026-01-06,JP,Mobile,723,47.0,1,38,2.63,2026-01-06 23:06:00
KP012509,KW10419,2026-01-07,FR,Desktop,6875,5.0,266,2249,11.83,2026-01-07 13:32:00
KP012510,KW10598,2026-01-08,FR,Tablet,2548,36.0,17,454,3.74,2026-01-08 02:06:00
KP012511,KW10598,2026-01-09,US,Desktop,5482,38.0,45,1136,3.96,2026-01-09 06:44:00
KP012512,KW11245,2026-01-10,JP,Desktop,3367,8.0,214,1624,13.18,2026-01-10 05:28:00
KP012513,KW11529,2026-01-11,FR,Mobile,7651,32.0,58,989,5.86,2026-01-11 13:44:00
KP012514,KW11906,2026-01-12,CA,Mobile,6030,16.0,178,2117,8.41,2026-01-12 19:27:00
KP012515,KW10497,2026-01-13,US,Desktop,5396,14.0,228,2322,9.82,2026-01-13 19:05:00
KP012516,KW10699,2026-01-14,CA,Mobile,3937,37.0,45,824,5.46,2026-01-14 01:48:00
KP012517,KW10038,2026-01-15,JP,Mobile,2673,31.0,70,1441,4.86,2026-01-15 05:32:00
KP012518,KW10645,2026-01-16,DE,Mobile,1582,9.0,102,816,12.5,2026-01-16 01:09:00
KP012519,KW10894,2026-01-17,DE,Mobile,1057,15.0,29,337,8.61,2026-01-17 12:02:00
KP012520,KW10586,2026-01-18,FR,Mobile,1827,8.0,67,655,10.23,2026-01-18 18:35:00
KP012521,KW10116,2026-01-19,MX,Mobile,8341,39.0,88,1914,4.6,2026-01-19 01:21:00
KP012522,KW11129,2026-01-20,DE,Desktop,1201,4.0,95,575,16.52,2026-01-20 19:42:00
KP012523,KW11812,2026-01-21,CA,Desktop,6938,18.0,108,1251,8.63,2026-01-21 08:27:00
KP012524,KW10926,2026-01-22,IN,Desktop,1129,24.0,21,332,6.33,2026-01-22 13:07:00
KP012525,KW10016,2026-01-23,JP,Desktop,5787,4.0,558,2887,19.33,2026-01-23 17:46:00
KP012526,KW11377,2026-01-24,IN,Desktop,3851,3.0,304,1790,16.98,2026-01-24 08:25:00
KP012527,KW11955,2026-01-25,AU,Desktop,13617,15.0,623,6627,9.4,2026-01-25 03:21:00
KP012528,KW10882,2026-01-26,FR,Desktop,3172,28.0,32,484,6.61,2026-01-26 01:19:00
KP012529,KW10047,2026-01-27,US,Desktop,2400,20.0,22,368,5.98,2026-01-27 03:58:00
KP012530,KW11910,2026-01-28,BR,Mobile,1891,26.0,32,679,4.71,2026-01-28 12:40:00
KP012531,KW11864,2026-01-29,US,Desktop,2353,26.0,21,416,5.05,2026-01-29 16:55:00
KP012532,KW10171,2026-01-30,DE,Mobile,3644,36.0,31,786,3.94,2026-01-30 20:05:00
KP012533,KW10862,2026-01-31,DE,Tablet,895,10.0,9,115,7.83,2026-01-31 03:54:00
KP012776,KW10682,2025-10-01,CA,Mobile,1284,19.0,5,87,5.75,2025-10-01 15:17:00
KP012777,KW11618,2025-10-02,US,Desktop,1035,47.0,18,367,4.9,2025-10-02 08:46:00
KP012778,KW10197,2025-10-03,UK,Desktop,13678,21.0,377,4704,8.01,2025-10-03 04:43:00
KP012779,KW11329,2025-10-04,BR,Mobile,1515,20.0,5,113,4.42,2025-10-04 06:04:00
KP012780,KW10416,2025-10-05,DE,Mobile,37671,44.0,996,20686,4.81,2025-10-05 14:23:00
KP012781,KW11301,2025-10-06,UK,Mobile,1411,31.0,9,139,6.47,2025-10-06 23:55:00
KP012782,KW11460,2025-10-07,FR,Mobile,1034,20.0,10,134,7.46,2025-10-07 16:49:00
KP012783,KW10227,2025-10-08,IN,Mobile,3492,17.0,69,933,7.4,2025-10-08 08:30:00
KP012784,KW10904,2025-10-09,US,Mobile,1842,16.0,29,421,6.89,2025-10-09 23:32:00
KP012785,KW11485,2025-10-10,BR,Desktop,3608,24.0,72,1321,5.45,2025-10-10 10:22:00
KP012786,KW11540,2025-10-11,FR,Desktop,3440,48.0,30,714,4.2,2025-10-11 20:18:00
KP012787,KW10824,2025-10-12,UK,Mobile,11998,34.0,318,6077,5.23,2025-10-12 21:20:00
KP012788,KW11062,2025-10-13,JP,Desktop,967,14.0,32,496,6.45,2025-10-13 16:13:00
KP012789,KW11371,2025-10-14,MX,Mobile,4004,14.0,43,691,6.22,2025-10-14 04:36:00
KP012790,KW11006,2025-10-15,CA,Mobile,4717,28.0,73,1252,5.83,2025-10-15 06:05:00
KP012791,KW11153,2025-10-16,IN,Desktop,9925,49.0,136,3683,3.69,2025-10-16 02:10:00
KP012792,KW10353,2025-10-17,FR,Mobile,12597,9.0,495,4133,11.98,2025-10-17 07:26:00
KP012793,KW10961,2025-10-18,BR,Mobile,686,25.0,8,112,7.14,2025-10-18 09:27:00
KP012794,KW11789,2025-10-19,CA,Mobile,3691,43.0,11,281,3.91,2025-10-19 11:06:00
KP012795,KW11038,2025-10-20,IN,Mobile,2331,22.0,82,1033,7.94,2025-10-20 22:27:00
KP012796,KW10301,2025-10-21,AU,Desktop,2952,43.0,61,1114,5.48,2025-10-21 16:02:00
KP012797,KW11521,2025-10-22,MX,Desktop,2183,6.0,87,639,13.62,2025-10-22 15:29:00
KP012798,KW11145,2025-10-23,DE,Desktop,8186,26.0,271,4189,6.47,2025-10-23 23:08:00
KP012799,KW11655,2025-10-24,BR,Tablet,7625,2.0,599,2326,25.75,2025-10-24 11:34:00
KP012800,KW11598,2025-10-25,UK,Mobile,1611,8.0,72,691,10.42,2025-10-25 08:08:00
KP012801,KW10993,2025-10-26,FR,Desktop,1969,42.0,13,332,3.92,2025-10-26 11:53:00
KP012802,KW10324,2025-10-27,CA,Mobile,1241,6.0,13,99,13.13,2025-10-27 00:51:00
KP012803,KW10603,2025-10-28,AU,Desktop,11331,43.0,205,4261,4.81,2025-10-28 10:15:00
KP012804,KW10984,2025-10-29,JP,Desktop,2326,5.0,166,982,16.9,2025-10-29 11:00:00
KP012805,KW10636,2025-10-30,FR,Desktop,31776,41.0,217,4221,5.14,2025-10-30 06:24:00
KP012806,KW11230,2025-10-31,BR,Mobile,7563,44.0,153,2960,5.17,2025-10-31 06:57:00
KP012807,KW11405,2025-11-01,MX,Desktop,1749,42.0,5,134,3.73,2025-11-01 13:19:00
KP012808,KW11367,2025-11-02,UK,Desktop,2037,12.0,40,426,9.39,2025-11-02 18:48:00
KP012809,KW10079,2025-11-03,JP,Desktop,2149,43.0,7,210,3.33,2025-11-03 15:34:00
KP012810,KW10839,2025-11-04,MX,Mobile,987,45.0,14,333,4.2,2025-11-04 13:17:00
KP012811,KW10299,2025-11-05,IN,Mobile,4838,14.0,179,2401,7.46,2025-11-05 09:05:00
KP012812,KW10932,2025-11-06,CA,Mobile,37421,31.0,512,8457,6.05,2025-11-06 09:02:00
KP012813,KW10696,2025-11-07,CA,Desktop,757,45.0,16,372,4.3,2025-11-07 06:27:00
KP012814,KW11784,2025-11-08,MX,Desktop,1075,23.0,30,410,7.32,2025-11-08 21:04:00
KP012815,KW11494,2025-11-09,FR,Mobile,3728,41.0,83,2012,4.13,2025-11-09 11:17:00
KP012816,KW10604,2025-11-10,UK,Mobile,6982,40.0,149,3323,4.48,2025-11-10 14:21:00
KP012817,KW10952,2025-11-11,AU,Desktop,1899,45.0,4,115,3.48,2025-11-11 02:51:00
KP012818,KW10642,2025-11-12,IN,Mobile,866,35.0,4,90,4.44,2025-11-12 07:29:00
KP012819,KW11121,2025-11-13,BR,Desktop,6946,20.0,40,789,5.07,2025-11-13 11:53:00
KP012820,KW10888,2025-11-14,DE,Desktop,1233,48.0,23,620,3.71,2025-11-14 11:04:00
KP012821,KW10932,2025-11-15,UK,Desktop,6861,10.0,75,650,11.54,2025-11-15 00:44:00
KP012822,KW10963,2025-11-16,DE,Desktop,3564,4.0,188,1021,18.41,2025-11-16 07:21:00
KP012823,KW11982,2025-11-17,US,Mobile,2726,31.0,25,437,5.72,2025-11-17 04:49:00
KP012824,KW10203,2025-11-18,AU,Mobile,1631,38.0,26,585,4.44,2025-11-18 21:00:00
KP012825,KW10323,2025-11-19,UK,Desktop,5711,45.0,99,2873,3.45,2025-11-19 11:44:00
KP012826,KW10028,2025-11-20,CA,Desktop,1915,49.0,27,585,4.62,2025-11-20 10:58:00
KP012827,KW10457,2025-11-21,MX,Mobile,2037,17.0,22,286,7.69,2025-11-21 12:53:00
KP012828,KW10708,2025-11-22,DE,Desktop,1200,24.0,16,330,4.85,2025-11-22 00:59:00
KP012829,KW11193,2025-11-23,MX,Mobile,1918,9.0,77,601,12.81,2025-11-23 10:17:00
KP012830,KW11407,2025-11-24,DE,Mobile,3440,49.0,69,1705,4.05,2025-11-24 21:56:00
KP012831,KW11149,2025-11-25,AU,Desktop,1840,17.0,39,532,7.33,2025-11-25 10:44:00
KP012832,KW10071,2025-11-26,US,Mobile,5735,34.0,103,2701,3.81,2025-11-26 02:40:00
KP012833,KW10105,2025-11-27,JP,Mobile,2708,37.0,61,1161,5.25,2025-11-27 16:47:00
KP012834,KW10686,2025-11-28,BR,Desktop,25714,36.0,524,11783,4.45,2025-11-28 07:57:00
KP012835,KW10501,2025-11-29,US,Desktop,3811,8.0,127,1249,10.17,2025-11-29 06:50:00
KP012836,KW11967,2025-11-30,UK,Mobile,5492,16.0,59,973,6.06,2025-11-30 14:19:00
KP012837,KW11047,2025-12-01,AU,Mobile,2549,5.0,134,1214,11.04,2025-12-01 15:48:00
KP012838,KW11438,2025-12-02,US,Desktop,290,9.0,3,37,8.11,2025-12-02 01:20:00
KP012839,KW10813,2025-12-03,UK,Desktop,6180,7.0,181,1831,9.89,2025-12-03 12:52:00
KP012840,KW11652,2025-12-04,MX,Mobile,3569,19.0,108,1303,8.29,2025-12-04 12:07:00
KP012841,KW11578,2025-12-05,UK,Desktop,13786,21.0,163,2246,7.26,2025-12-05 10:21:00
KP012842,KW10920,2025-12-06,BR,Desktop,2634,29.0,56,1157,4.84,2025-12-06 18:40:00
KP012843,KW11323,2025-12-07,FR,Desktop,6502,8.0,147,1254,11.72,2025-12-07 02:03:00
KP012844,KW11568,2025-12-08,MX,Mobile,9622,28.0,265,4304,6.16,2025-12-08 11:17:00
KP012845,KW10011,2025-12-09,FR,Mobile,3173,12.0,129,1697,7.6,2025-12-09 23:24:00
KP012846,KW11133,2025-12-10,JP,Mobile,22165,2.0,2138,11842,18.05,2025-12-10 02:56:00
KP012847,KW10999,2025-12-11,US,Mobile,3913,23.0,64,851,7.52,2025-12-11 19:44:00
KP012848,KW11886,2025-12-12,AU,Desktop,1216,30.0,34,599,5.68,2025-12-12 08:57:00
KP012849,KW10304,2025-12-13,BR,Mobile,8312,38.0,187,3406,5.49,2025-12-13 18:00:00
KP012850,KW10791,2025-12-14,BR,Mobile,3877,48.0,84,1924,4.37,2025-12-14 12:51:00
KP012851,KW10637,2025-12-15,UK,Tablet,6250,21.0,92,1141,8.06,2025-12-15 09:30:00
KP012852,KW10454,2025-12-16,FR,Desktop,2545,38.0,49,1366,3.59,2025-12-16 16:00:00
KP012853,KW10022,2025-12-17,CA,Desktop,3903,46.0,38,773,4.92,2025-12-17 03:07:00
KP012854,KW11381,2025-12-18,IN,Desktop,1146,19.0,41,571,7.18,2025-12-18 01:03:00
KP012855,KW11308,2025-12-19,IN,Desktop,860,31.0,11,178,6.18,2025-12-19 22:23:00
KP012856,KW10136,2025-12-20,FR,Mobile,1165,26.0,21,307,6.84,2025-12-20 05:25:00
KP012857,KW10325,2025-12-21,BR,Desktop,3056,4.0,134,691,19.39,2025-12-21 13:33:00
KP012858,KW11108,2025-12-22,UK,Mobile,8163,26.0,75,1425,5.26,2025-12-22 18:05:00
KP012859,KW10440,2025-12-23,IN,Tablet,1756,7.0,20,169,11.83,2025-12-23 05:26:00
KP012860,KW11446,2025-12-24,DE,Mobile,16464,34.0,385,8463,4.55,2025-12-24 12:25:00
KP012861,KW10340,2025-12-25,JP,Mobile,1623,29.0,8,147,5.44,2025-12-25 08:26:00
KP012862,KW10676,2025-12-26,BR,Mobile,2921,29.0,87,1511,5.76,2025-12-26 03:16:00
KP012863,KW10753,2025-12-27,IN,Desktop,715,10.0,39,344,11.34,2025-12-27 05:56:00
KP012864,KW11518,2025-12-28,AU,Tablet,6156,12.0,169,1520,11.12,2025-12-28 18:49:00
KP012865,KW11054,2025-12-29,FR,Mobile,8713,1.0,360,1031,34.92,2025-12-29 06:17:00
KP012866,KW11720,2025-12-30,US,Desktop,2144,13.0,104,983,10.58,2025-12-30 17:59:00
KP012867,KW11388,2025-12-31,MX,Mobile,4461,32.0,132,2288,5.77,2025-12-31 05:25:00
KP012868,KW10171,2026-01-01,IN,Tablet,9091,43.0,18,475,3.79,2026-01-01 14:45:00
KP012869,KW10313,2026-01-02,MX,Desktop,4342,38.0,36,855,4.21,2026-01-02 16:06:00
KP012870,KW11931,2026-01-03,BR,Desktop,15796,29.0,337,8185,4.12,2026-01-03 08:31:00
KP012871,KW10465,2026-01-04,FR,Desktop,7918,26.0,102,1761,5.79,2026-01-04 07:46:00
KP012872,KW10535,2026-01-05,US,Mobile,3499,42.0,45,976,4.61,2026-01-05 10:43:00
KP012873,KW10790,2026-01-06,BR,Desktop,8440,39.0,192,4358,4.41,2026-01-06 06:02:00
KP012874,KW11859,2026-01-07,DE,Mobile,1481,28.0,4,76,5.26,2026-01-07 01:18:00
KP012875,KW10619,2026-01-08,IN,Desktop,2711,23.0,26,375,6.93,2026-01-08 14:03:00
KP012876,KW10786,2026-01-09,FR,Desktop,775,15.0,34,392,8.67,2026-01-09 15:54:00
KP012877,KW11853,2026-01-10,IN,Mobile,3560,6.0,174,1288,13.51,2026-01-10 05:03:00
KP012878,KW10120,2026-01-11,AU,Mobile,2782,45.0,24,525,4.57,2026-01-11 15:43:00
KP012879,KW11376,2026-01-12,UK,Desktop,1366,29.0,17,262,6.49,2026-01-12 16:50:00
KP012880,KW10468,2026-01-13,BR,Mobile,6551,3.0,756,3423,22.09,2026-01-13 13:11:00
KP012881,KW10648,2026-01-14,UK,Desktop,870,50.0,8,228,3.51,2026-01-14 22:38:00
KP012882,KW10599,2026-01-15,AU,Desktop,13340,45.0,231,5477,4.22,2026-01-15 00:50:00
KP012883,KW10887,2026-01-16,IN,Desktop,7643,12.0,240,2363,10.16,2026-01-16 12:13:00
KP012884,KW10249,2026-01-17,MX,Desktop,5181,27.0,125,2398,5.21,2026-01-17 11:53:00
KP012885,KW11232,2026-01-18,DE,Desktop,3598,16.0,107,1674,6.39,2026-01-18 08:02:00
KP012886,KW10513,2026-01-19,BR,Mobile,1208,26.0,36,657,5.48,2026-01-19 10:07:00
KP012887,KW11020,2026-01-20,FR,Desktop,935,28.0,5,104,4.81,2026-01-20 01:31:00
KP012888,KW11146,2026-01-21,DE,Mobile,1250,8.0,9,86,10.47,2026-01-21 20:25:00
KP012889,KW10910,2026-01-22,MX,Tablet,2898,47.0,9,250,3.6,2026-01-22 22:15:00
KP012890,KW11862,2026-01-23,CA,Desktop,2582,9.0,111,1194,9.3,2026-01-23 00:00:00
KP012891,KW10463,2026-01-24,IN,Mobile,810,4.0,49,273,17.95,2026-01-24 13:52:00
KP012892,KW10789,2026-01-25,MX,Desktop,4491,26.0,131,2169,6.04,2026-01-25 06:59:00
KP012893,KW10713,2026-01-26,JP,Desktop,2761,40.0,56,1180,4.75,2026-01-26 08:05:00
KP012894,KW11352,2026-01-27,AU,Desktop,1206,48.0,16,384,4.17,2026-01-27 18:04:00
KP012895,KW11859,2026-01-28,JP,Mobile,3394,43.0,56,1162,4.82,2026-01-28 08:09:00
KP012896,KW10916,2026-01-29,DE,Mobile,6102,33.0,42,836,5.02,2026-01-29 18:47:00
KP012897,KW10766,2026-01-30,UK,Desktop,1161,9.0,47,500,9.4,2026-01-30 07:16:00
KP012898,KW10292,2026-01-31,AU,Mobile,7061,11.0,162,1737,9.33,2026-01-31 21:28:00
KP013141,KW11404,2025-10-01,CA,Mobile,1672,42.0,35,750,4.67,2025-10-01 14:48:00
KP013142,KW11047,2025-10-02,FR,Mobile,1552,1.0,34,120,28.33,2025-10-02 02:12:00
KP013143,KW11992,2025-10-03,US,Tablet,4888,42.0,98,2579,3.8,2025-10-03 20:20:00
KP013144,KW10613,2025-10-04,IN,Mobile,7002,24.0,131,2695,4.86,2025-10-04 02:35:00
KP013145,KW11359,2025-10-05,CA,Mobile,2944,50.0,66,1492,4.42,2025-10-05 14:12:00
KP013146,KW11610,2025-10-06,UK,Desktop,3509,28.0,87,1326,6.56,2025-10-06 20:10:00
KP013147,KW11683,2025-10-07,BR,Desktop,2181,39.0,16,424,3.77,2025-10-07 19:04:00
KP013148,KW10237,2025-10-08,JP,Desktop,5575,42.0,14,329,4.26,2025-10-08 13:01:00
KP013149,KW11179,2025-10-09,MX,Mobile,13228,40.0,149,4199,3.55,2025-10-09 14:23:00
KP013150,KW10482,2025-10-10,BR,Desktop,1147,12.0,23,348,6.61,2025-10-10 21:18:00
KP013151,KW11397,2025-10-11,UK,Mobile,3569,30.0,15,239,6.28,2025-10-11 18:26:00
KP013152,KW11306,2025-10-12,IN,Mobile,4298,20.0,57,964,5.91,2025-10-12 15:13:00
KP013153,KW11869,2025-10-13,AU,Desktop,882,14.0,22,261,8.43,2025-10-13 22:06:00
KP013154,KW10784,2025-10-14,AU,Mobile,2092,22.0,8,115,6.96,2025-10-14 08:45:00
KP013155,KW10688,2025-10-15,JP,Mobile,2122,5.0,33,226,14.6,2025-10-15 14:13:00
KP013156,KW11015,2025-10-16,US,Mobile,2517,18.0,116,1356,8.55,2025-10-16 04:14:00
KP013157,KW11559,2025-10-17,CA,Desktop,5000,17.0,54,639,8.45,2025-10-17 11:23:00
KP013158,KW10971,2025-10-18,UK,Tablet,2928,39.0,47,1005,4.68,2025-10-18 03:00:00
KP013159,KW11485,2025-10-19,DE,Mobile,14597,6.0,413,4080,10.12,2025-10-19 04:20:00
KP013160,KW10953,2025-10-20,FR,Mobile,4061,2.0,215,966,22.26,2025-10-20 05:06:00
KP013161,KW11177,2025-10-21,CA,Desktop,612,15.0,14,182,7.69,2025-10-21 06:34:00
KP013162,KW10452,2025-10-22,UK,Tablet,2669,41.0,40,1090,3.67,2025-10-22 01:48:00
KP013163,KW11818,2025-10-23,IN,Mobile,10563,31.0,87,1344,6.47,2025-10-23 18:50:00
KP013164,KW10545,2025-10-24,DE,Mobile,827,10.0,15,149,10.07,2025-10-24 04:10:00
KP013165,KW11225,2025-10-25,MX,Mobile,717,45.0,12,320,3.75,2025-10-25 11:59:00
KP013166,KW10653,2025-10-26,CA,Mobile,1487,7.0,10,89,11.24,2025-10-26 21:58:00
KP013167,KW10435,2025-10-27,US,Mobile,32014,21.0,290,3952,7.34,2025-10-27 15:25:00
KP013168,KW11031,2025-10-28,US,Mobile,1341,40.0,15,342,4.39,2025-10-28 05:36:00
KP013169,KW11515,2025-10-29,IN,Desktop,1604,26.0,38,622,6.11,2025-10-29 15:55:00
KP013170,KW11265,2025-10-30,CA,Mobile,6351,20.0,248,3011,8.24,2025-10-30 18:23:00
KP013171,KW11112,2025-10-31,FR,Desktop,3181,10.0,140,1460,9.59,2025-10-31 20:21:00
KP013172,KW11722,2025-11-01,IN,Desktop,2341,35.0,33,547,6.03,2025-11-01 11:30:00
KP013173,KW11552,2025-11-02,DE,Desktop,4341,21.0,86,1086,7.92,2025-11-02 04:56:00
KP013174,KW11763,2025-11-03,US,Desktop,8393,29.0,36,584,6.16,2025-11-03 12:36:00
KP013175,KW10022,2025-11-04,FR,Desktop,5485,45.0,106,2905,3.65,2025-11-04 15:49:00
KP013176,KW10147,2025-11-05,MX,Desktop,6234,14.0,57,717,7.95,2025-11-05 03:02:00
KP013177,KW10731,2025-11-06,JP,Mobile,2051,43.0,27,525,5.14,2025-11-06 21:19:00
KP013178,KW10628,2025-11-07,JP,Desktop,2765,13.0,144,1412,10.2,2025-11-07 07:39:00
KP013179,KW11583,2025-11-08,BR,Desktop,1725,5.0,57,513,11.11,2025-11-08 08:33:00
KP013180,KW10825,2025-11-09,BR,Desktop,796,21.0,11,164,6.71,2025-11-09 03:33:00
KP013181,KW11198,2025-11-10,DE,Mobile,3401,11.0,118,1634,7.22,2025-11-10 02:36:00
KP013182,KW10807,2025-11-11,UK,Mobile,5449,7.0,120,1257,9.55,2025-11-11 07:23:00
KP013183,KW11447,2025-11-12,JP,Desktop,2022,10.0,30,405,7.41,2025-11-12 23:59:00
KP013184,KW10955,2025-11-13,FR,Mobile,7462,42.0,70,1490,4.7,2025-11-13 20:38:00
KP013185,KW10857,2025-11-14,JP,Desktop,2675,44.0,20,397,5.04,2025-11-14 20:51:00
KP013186,KW11658,2025-11-15,CA,Mobile,14687,1.0,2050,5858,34.99,2025-11-15 22:12:00
KP013187,KW11139,2025-11-16,BR,Desktop,2171,18.0,53,850,6.24,2025-11-16 07:09:00
KP013188,KW10628,2025-11-17,MX,Desktop,684,28.0,6,104,5.77,2025-11-17 04:47:00
KP013189,KW10327,2025-11-18,DE,Tablet,6266,28.0,67,1250,5.36,2025-11-18 16:22:00
KP013190,KW11515,2025-11-19,JP,Mobile,2334,25.0,46,674,6.82,2025-11-19 11:44:00
KP013191,KW10166,2025-11-20,BR,Mobile,10101,2.0,625,2762,22.63,2025-11-20 07:45:00
KP013192,KW10590,2025-11-21,US,Desktop,782,19.0,10,133,7.52,2025-11-21 15:33:00
KP013193,KW10098,2025-11-22,MX,Tablet,12535,11.0,499,5397,9.25,2025-11-22 20:34:00
KP013194,KW10812,2025-11-23,UK,Mobile,7659,21.0,186,3514,5.29,2025-11-23 06:24:00
KP013195,KW10660,2025-11-24,US,Desktop,11716,2.0,990,4686,21.13,2025-11-24 17:45:00
KP013196,KW10183,2025-11-25,IN,Desktop,6271,20.0,175,3089,5.67,2025-11-25 00:08:00
KP013197,KW10940,2025-11-26,UK,Desktop,1902,15.0,28,363,7.71,2025-11-26 14:43:00
KP013198,KW10270,2025-11-27,IN,Mobile,6802,18.0,201,2591,7.76,2025-11-27 21:18:00
KP013199,KW10919,2025-11-28,CA,Mobile,5468,18.0,195,2624,7.43,2025-11-28 04:32:00
KP013200,KW10655,2025-11-29,FR,Desktop,19707,12.0,164,1639,10.01,2025-11-29 19:50:00
KP013201,KW11202,2025-11-30,US,Desktop,17879,6.0,699,6295,11.1,2025-11-30 16:13:00
KP013202,KW11869,2025-12-01,FR,Desktop,937,7.0,32,297,10.77,2025-12-01 02:41:00
KP013203,KW11359,2025-12-02,MX,Mobile,5206,43.0,84,1985,4.23,2025-12-02 00:23:00
KP013204,KW11065,2025-12-03,FR,Mobile,5211,13.0,249,2668,9.33,2025-12-03 01:51:00
KP013205,KW11945,2025-12-04,MX,Mobile,2695,36.0,40,668,5.99,2025-12-04 00:49:00
KP013206,KW11117,2025-12-05,CA,Desktop,6151,41.0,114,2405,4.74,2025-12-05 13:28:00
KP013207,KW11562,2025-12-06,DE,Desktop,11194,42.0,152,3122,4.87,2025-12-06 17:55:00
KP013208,KW10555,2025-12-07,IN,Tablet,4833,11.0,37,512,7.23,2025-12-07 04:56:00
KP013209,KW11161,2025-12-08,IN,Mobile,4185,41.0,86,1844,4.66,2025-12-08 09:28:00
KP013210,KW11039,2025-12-09,MX,Desktop,234,44.0,2,54,3.7,2025-12-09 23:20:00
KP013211,KW11134,2025-12-10,DE,Mobile,13239,44.0,60,1150,5.22,2025-12-10 02:49:00
KP013212,KW11449,2025-12-11,FR,Desktop,1275,17.0,23,293,7.85,2025-12-11 16:34:00
KP013213,KW11264,2025-12-12,UK,Desktop,3136,7.0,91,695,13.09,2025-12-12 14:04:00
KP013214,KW11572,2025-12-13,JP,Desktop,4340,25.0,138,1969,7.01,2025-12-13 11:33:00
KP013215,KW11987,2025-12-14,IN,Mobile,968,50.0,6,146,4.11,2025-12-14 19:53:00
KP013216,KW11703,2025-12-15,JP,Mobile,2625,10.0,20,221,9.05,2025-12-15 19:28:00
KP013217,KW10230,2025-12-16,US,Desktop,14362,30.0,76,1487,5.11,2025-12-16 20:09:00
KP013218,KW10722,2025-12-17,FR,Mobile,3040,49.0,43,1013,4.24,2025-12-17 15:57:00
KP013219,KW10772,2025-12-18,MX,Mobile,883,2.0,108,375,28.8,2025-12-18 06:34:00
KP013220,KW11438,2025-12-19,UK,Mobile,4116,6.0,77,673,11.44,2025-12-19 21:02:00
KP013221,KW11923,2025-12-20,AU,Desktop,406,37.0,3,92,3.26,2025-12-20 04:45:00
KP013222,KW11723,2025-12-21,IN,Mobile,1805,13.0,65,948,6.86,2025-12-21 19:43:00
KP013223,KW10199,2025-12-22,IN,Mobile,1271,2.0,67,321,20.87,2025-12-22 13:58:00
KP013224,KW10048,2025-12-23,IN,Desktop,3491,35.0,57,1082,5.27,2025-12-23 11:59:00
KP013225,KW11555,2025-12-24,CA,Desktop,1466,48.0,19,605,3.14,2025-12-24 10:29:00
KP013226,KW11880,2025-12-25,UK,Mobile,898,29.0,2,47,4.26,2025-12-25 14:19:00
KP013227,KW11358,2025-12-26,CA,Mobile,1705,15.0,33,475,6.95,2025-12-26 12:57:00
KP013228,KW11978,2025-12-27,JP,Desktop,5946,30.0,77,1299,5.93,2025-12-27 13:31:00
KP013229,KW11962,2025-12-28,MX,Mobile,3201,33.0,71,1516,4.68,2025-12-28 04:06:00
KP013230,KW11467,2025-12-29,AU,Mobile,12558,10.0,189,2453,7.7,2025-12-29 20:06:00
KP013231,KW10053,2025-12-30,IN,Mobile,1617,42.0,12,245,4.9,2025-12-30 00:17:00
KP013232,KW11355,2025-12-31,MX,Desktop,442,5.0,16,102,15.69,2025-12-31 18:45:00
KP013233,KW11817,2026-01-01,UK,Mobile,4905,45.0,80,1532,5.22,2026-01-01 17:46:00
KP013234,KW10156,2026-01-02,CA,Mobile,9370,43.0,143,2663,5.37,2026-01-02 14:53:00
KP013235,KW11191,2026-01-03,US,Mobile,5617,8.0,71,660,10.76,2026-01-03 04:03:00
KP013236,KW11209,2026-01-04,AU,Desktop,712,8.0,11,91,12.09,2026-01-04 11:10:00
KP013237,KW11188,2026-01-05,BR,Desktop,2365,9.0,37,337,10.98,2026-01-05 02:17:00
KP013238,KW11002,2026-01-06,DE,Mobile,1094,36.0,17,332,5.12,2026-01-06 05:09:00
KP013239,KW11490,2026-01-07,MX,Mobile,2182,24.0,29,565,5.13,2026-01-07 10:03:00
KP013240,KW10435,2026-01-08,FR,Desktop,4400,12.0,105,1050,10.0,2026-01-08 20:33:00
KP013241,KW11054,2026-01-09,FR,Desktop,18393,46.0,143,4288,3.33,2026-01-09 19:19:00
KP013242,KW10999,2026-01-10,FR,Desktop,3217,46.0,15,332,4.52,2026-01-10 08:53:00
KP013243,KW10068,2026-01-11,AU,Mobile,22546,9.0,672,7936,8.47,2026-01-11 00:42:00
KP013244,KW10462,2026-01-12,US,Mobile,2184,15.0,91,1158,7.86,2026-01-12 03:30:00
KP013245,KW10117,2026-01-13,DE,Desktop,9290,7.0,751,5042,14.89,2026-01-13 12:02:00
KP013246,KW11881,2026-01-14,IN,Mobile,2533,7.0,77,640,12.03,2026-01-14 20:05:00
KP013247,KW11821,2026-01-15,AU,Mobile,898,35.0,12,313,3.83,2026-01-15 07:18:00
KP013248,KW10458,2026-01-16,AU,Mobile,6103,3.0,264,1768,14.93,2026-01-16 15:56:00
KP013249,KW11027,2026-01-17,DE,Mobile,639,6.0,32,315,10.16,2026-01-17 09:39:00
KP013250,KW11668,2026-01-18,DE,Mobile,3516,1.0,561,1603,35.0,2026-01-18 01:50:00
KP013251,KW11702,2026-01-19,JP,Desktop,2001,15.0,54,797,6.78,2026-01-19 01:34:00
KP013252,KW11345,2026-01-20,IN,Desktop,2363,20.0,31,412,7.52,2026-01-20 03:27:00
KP013253,KW10035,2026-01-21,AU,Desktop,1729,16.0,20,253,7.91,2026-01-21 14:13:00
KP013254,KW10399,2026-01-22,FR,Desktop,2210,45.0,11,283,3.89,2026-01-22 09:03:00
KP013255,KW10259,2026-01-23,MX,Mobile,3931,50.0,70,1805,3.88,2026-01-23 05:46:00
KP013256,KW11576,2026-01-24,MX,Desktop,351,40.0,6,145,4.14,2026-01-24 05:09:00
KP013257,KW10265,2026-01-25,DE,Mobile,1873,33.0,27,594,4.55,2026-01-25 07:11:00
KP013258,KW11307,2026-01-26,UK,Desktop,12993,42.0,71,2093,3.39,2026-01-26 17:40:00
KP013259,KW10570,2026-01-27,IN,Desktop,1558,25.0,15,223,6.73,2026-01-27 23:11:00
KP013260,KW11830,2026-01-28,CA,Desktop,800,45.0,7,156,4.49,2026-01-28 13:52:00
KP013261,KW11172,2026-01-29,FR,Desktop,1496,3.0,103,550,18.73,2026-01-29 11:34:00
KP013262,KW10162,2026-01-30,JP,Desktop,2540,22.0,16,274,5.84,2026-01-30 06:37:00
KP013263,KW10828,2026-01-31,IN,Mobile,4490,42.0,117,2219,5.27,2026-01-31 21:57:00
KP013506,KW10979,2025-10-01,US,Mobile,5490,39.0,73,2024,3.61,2025-10-01 22:09:00
KP013507,KW11119,2025-10-02,AU,Desktop,6167,18.0,101,1795,5.63,2025-10-02 15:57:00
KP013508,KW11552,2025-10-03,MX,Mobile,1926,40.0,27,590,4.58,2025-10-03 19:44:00
KP013509,KW11651,2025-10-04,BR,Desktop,3542,21.0,86,1152,7.47,2025-10-04 13:57:00
KP013510,KW11515,2025-10-05,US,Desktop,1881,11.0,61,705,8.65,2025-10-05 23:48:00
KP013511,KW11922,2025-10-06,AU,Mobile,5655,41.0,68,1713,3.97,2025-10-06 04:02:00
KP013512,KW10355,2025-10-07,AU,Tablet,1714,7.0,71,612,11.6,2025-10-07 16:27:00
KP013513,KW10270,2025-10-08,DE,Desktop,17252,5.0,1158,6591,17.57,2025-10-08 16:09:00
KP013514,KW11766,2025-10-09,DE,Mobile,1340,12.0,6,86,6.98,2025-10-09 07:40:00
KP013515,KW10062,2025-10-10,FR,Mobile,4713,39.0,87,2323,3.75,2025-10-10 14:00:00
KP013516,KW11856,2025-10-11,AU,Desktop,2158,10.0,37,304,12.17,2025-10-11 21:58:00
KP013517,KW10113,2025-10-12,BR,Desktop,1173,25.0,28,419,6.68,2025-10-12 13:16:00
KP013518,KW10918,2025-10-13,AU,Mobile,5208,45.0,21,453,4.64,2025-10-13 14:44:00
KP013519,KW10803,2025-10-14,UK,Mobile,246,30.0,4,74,5.41,2025-10-14 04:02:00
KP013520,KW11954,2025-10-15,DE,Desktop,2838,23.0,91,1198,7.6,2025-10-15 10:18:00
KP013521,KW10796,2025-10-16,DE,Desktop,5818,9.0,202,2308,8.75,2025-10-16 00:04:00
KP013522,KW10790,2025-10-17,UK,Mobile,8930,2.0,490,1995,24.56,2025-10-17 05:34:00
KP013523,KW10059,2025-10-18,JP,Desktop,6269,16.0,177,2299,7.7,2025-10-18 01:25:00
KP013524,KW10075,2025-10-19,IN,Desktop,8385,21.0,284,3985,7.13,2025-10-19 18:55:00
KP013525,KW11032,2025-10-20,BR,Desktop,2077,15.0,69,905,7.62,2025-10-20 22:36:00
KP013526,KW10133,2025-10-21,UK,Mobile,315,22.0,2,36,5.56,2025-10-21 07:52:00
KP013527,KW10070,2025-10-22,BR,Desktop,14517,7.0,209,2199,9.5,2025-10-22 00:06:00
KP013528,KW11198,2025-10-23,MX,Desktop,2722,29.0,29,647,4.48,2025-10-23 21:24:00
KP013529,KW10698,2025-10-24,UK,Mobile,4398,21.0,127,1569,8.09,2025-10-24 16:21:00
KP013530,KW11157,2025-10-25,CA,Desktop,2161,11.0,47,521,9.02,2025-10-25 12:42:00
KP013531,KW11204,2025-10-26,UK,Desktop,2788,7.0,120,1005,11.94,2025-10-26 23:45:00
KP013532,KW10641,2025-10-27,FR,Tablet,1038,48.0,19,536,3.54,2025-10-27 14:57:00
KP013533,KW10489,2025-10-28,US,Mobile,384,49.0,2,62,3.23,2025-10-28 21:50:00
KP013534,KW11749,2025-10-29,DE,Mobile,2978,23.0,67,910,7.36,2025-10-29 13:21:00
KP013535,KW10529,2025-10-30,DE,Desktop,1146,18.0,23,366,6.28,2025-10-30 16:21:00
KP013536,KW11357,2025-10-31,FR,Mobile,3910,44.0,85,1726,4.92,2025-10-31 07:19:00
KP013537,KW11982,2025-11-01,CA,Mobile,4729,44.0,82,1695,4.84,2025-11-01 06:10:00
KP013538,KW11713,2025-11-02,JP,Mobile,14163,21.0,183,2404,7.61,2025-11-02 04:39:00
KP013539,KW11417,2025-11-03,CA,Desktop,1994,1.0,149,427,34.89,2025-11-03 17:31:00
KP013540,KW10623,2025-11-04,MX,Desktop,4273,31.0,75,1630,4.6,2025-11-04 10:01:00
KP013541,KW11238,2025-11-05,DE,Desktop,4232,6.0,216,2073,10.42,2025-11-05 03:07:00
KP013542,KW10385,2025-11-06,DE,Mobile,2366,12.0,56,565,9.91,2025-11-06 07:26:00
KP013543,KW11477,2025-11-07,US,Desktop,400,2.0,30,165,18.18,2025-11-07 00:32:00
KP013544,KW11016,2025-11-08,US,Desktop,4213,21.0,77,1446,5.33,2025-11-08 09:52:00
KP013545,KW11152,2025-11-09,UK,Mobile,4588,37.0,11,299,3.68,2025-11-09 07:31:00
KP013546,KW10869,2025-11-10,MX,Mobile,4418,26.0,60,1298,4.62,2025-11-10 08:12:00
KP013547,KW10591,2025-11-11,UK,Desktop,1812,33.0,15,305,4.92,2025-11-11 08:21:00
KP013548,KW11643,2025-11-12,AU,Desktop,6318,46.0,122,3040,4.01,2025-11-12 15:57:00
KP013549,KW10289,2025-11-13,FR,Mobile,8515,20.0,47,586,8.02,2025-11-13 13:06:00
KP013550,KW11986,2025-11-14,US,Desktop,10656,31.0,51,833,6.12,2025-11-14 17:39:00
KP013551,KW11716,2025-11-15,FR,Desktop,310,32.0,9,160,5.62,2025-11-15 22:18:00
KP013552,KW10514,2025-11-16,AU,Desktop,2179,18.0,62,1074,5.77,2025-11-16 11:50:00
KP013553,KW10575,2025-11-17,IN,Mobile,2059,30.0,23,460,5.0,2025-11-17 18:24:00
KP013554,KW11216,2025-11-18,US,Mobile,5236,34.0,154,2847,5.41,2025-11-18 22:08:00
KP013555,KW11126,2025-11-19,US,Desktop,543,47.0,7,209,3.35,2025-11-19 02:07:00
KP013556,KW11214,2025-11-20,DE,Mobile,2865,17.0,42,505,8.32,2025-11-20 16:33:00
KP013557,KW11231,2025-11-21,BR,Mobile,6595,45.0,112,2630,4.26,2025-11-21 19:03:00
KP013558,KW10169,2025-11-22,FR,Mobile,6304,21.0,132,2676,4.93,2025-11-22 10:42:00
KP013559,KW11891,2025-11-23,AU,Desktop,3019,36.0,15,346,4.34,2025-11-23 04:36:00
KP013560,KW11315,2025-11-24,DE,Desktop,1879,6.0,158,980,16.12,2025-11-24 20:36:00
KP013561,KW11619,2025-11-25,US,Desktop,1456,23.0,8,165,4.85,2025-11-25 10:12:00
KP013562,KW10231,2025-11-26,JP,Mobile,5425,11.0,122,1143,10.67,2025-11-26 19:36:00
KP013563,KW10030,2025-11-27,JP,Mobile,2320,14.0,33,539,6.12,2025-11-27 06:16:00
KP013564,KW11984,2025-11-28,DE,Desktop,569,4.0,36,256,14.06,2025-11-28 13:18:00
KP013565,KW10100,2025-11-29,UK,Tablet,8749,13.0,190,2676,7.1,2025-11-29 07:52:00
KP013566,KW10912,2025-11-30,BR,Desktop,1445,18.0,32,396,8.08,2025-11-30 16:57:00
KP013567,KW10685,2025-12-01,IN,Desktop,523,25.0,11,227,4.85,2025-12-01 21:07:00
KP013568,KW10240,2025-12-02,BR,Desktop,629,2.0,38,176,21.59,2025-12-02 00:12:00
KP013569,KW11346,2025-12-03,UK,Mobile,1779,34.0,40,672,5.95,2025-12-03 15:15:00
KP013570,KW11609,2025-12-04,AU,Mobile,915,49.0,5,164,3.05,2025-12-04 02:30:00
KP013571,KW10018,2025-12-05,US,Desktop,921,17.0,36,499,7.21,2025-12-05 00:28:00
KP013572,KW11929,2025-12-06,DE,Desktop,3472,20.0,44,675,6.52,2025-12-06 06:10:00
KP013573,KW10012,2025-12-07,US,Desktop,9856,16.0,220,3790,5.8,2025-12-07 22:38:00
KP013574,KW11181,2025-12-08,UK,Desktop,4390,9.0,199,2092,9.51,2025-12-08 03:53:00
KP013575,KW10852,2025-12-09,US,Mobile,2152,31.0,28,485,5.77,2025-12-09 06:36:00
KP013576,KW11536,2025-12-10,IN,Mobile,1022,47.0,16,379,4.22,2025-12-10 15:55:00
KP013577,KW11241,2025-12-11,MX,Mobile,5998,12.0,114,1637,6.96,2025-12-11 13:09:00
KP013578,KW11700,2025-12-12,AU,Desktop,1379,19.0,8,103,7.77,2025-12-12 06:31:00
KP013579,KW10153,2025-12-13,JP,Mobile,1916,50.0,36,746,4.83,2025-12-13 21:57:00
KP013580,KW11243,2025-12-14,UK,Desktop,3195,2.0,146,645,22.64,2025-12-14 00:04:00
KP013581,KW10739,2025-12-15,IN,Mobile,1254,15.0,14,162,8.64,2025-12-15 18:35:00
KP013582,KW10644,2025-12-16,BR,Mobile,1469,7.0,82,602,13.62,2025-12-16 04:57:00
KP013583,KW11006,2025-12-17,UK,Desktop,3421,44.0,59,1420,4.15,2025-12-17 17:09:00
KP013584,KW11315,2025-12-18,MX,Desktop,3411,32.0,20,348,5.75,2025-12-18 20:56:00
KP013585,KW10991,2025-12-19,UK,Desktop,22612,17.0,207,2329,8.89,2025-12-19 11:42:00
KP013586,KW10591,2025-12-20,IN,Desktop,8407,22.0,155,2139,7.25,2025-12-20 13:52:00
KP013587,KW10290,2025-12-21,AU,Tablet,691,34.0,2,70,2.86,2025-12-21 00:18:00
KP013588,KW11949,2025-12-22,FR,Desktop,5405,7.0,130,1015,12.81,2025-12-22 02:54:00
KP013589,KW10483,2025-12-23,DE,Desktop,4073,34.0,60,1140,5.26,2025-12-23 18:21:00
KP013590,KW11277,2025-12-24,AU,Mobile,976,12.0,43,463,9.29,2025-12-24 15:14:00
KP013591,KW10605,2025-12-25,UK,Desktop,2373,42.0,49,901,5.44,2025-12-25 21:38:00
KP013592,KW10147,2025-12-26,MX,Desktop,2520,44.0,11,216,5.09,2025-12-26 20:09:00
KP013593,KW10116,2025-12-27,JP,Desktop,4646,29.0,88,1675,5.25,2025-12-27 14:30:00
KP013594,KW11992,2025-12-28,AU,Desktop,3698,14.0,58,850,6.82,2025-12-28 09:47:00
KP013595,KW10300,2025-12-29,DE,Desktop,3697,2.0,190,649,29.28,2025-12-29 03:50:00
KP013596,KW10434,2025-12-30,UK,Desktop,620,22.0,20,301,6.64,2025-12-30 20:29:00
KP013597,KW11207,2025-12-31,BR,Mobile,1169,4.0,71,375,18.93,2025-12-31 17:46:00
KP013598,KW11040,2026-01-01,MX,Desktop,13782,28.0,348,5719,6.08,2026-01-01 19:20:00
KP013599,KW10759,2026-01-02,DE,Desktop,3610,38.0,114,1952,5.84,2026-01-02 04:23:00
KP013600,KW10326,2026-01-03,CA,Mobile,2035,22.0,47,694,6.77,2026-01-03 10:27:00
KP013601,KW11487,2026-01-04,JP,Mobile,2949,40.0,66,1533,4.31,2026-01-04 00:22:00
KP013602,KW11998,2026-01-05,IN,Mobile,4185,31.0,122,2160,5.65,2026-01-05 04:30:00
KP013603,KW11511,2026-01-06,BR,Mobile,8475,38.0,216,4133,5.23,2026-01-06 04:25:00
KP013604,KW11128,2026-01-07,MX,Desktop,6891,16.0,46,597,7.71,2026-01-07 11:24:00
KP013605,KW10981,2026-01-08,BR,Desktop,5396,3.0,146,860,16.98,2026-01-08 08:48:00
KP013606,KW10451,2026-01-09,JP,Desktop,1104,27.0,7,127,5.51,2026-01-09 19:31:00
KP013607,KW11812,2026-01-10,US,Mobile,622,24.0,4,62,6.45,2026-01-10 22:51:00
KP013608,KW10879,2026-01-11,CA,Mobile,4292,11.0,106,1330,7.97,2026-01-11 12:34:00
KP013609,KW10109,2026-01-12,BR,Desktop,3401,31.0,36,858,4.2,2026-01-12 18:27:00
KP013610,KW11220,2026-01-13,DE,Desktop,3012,17.0,37,496,7.46,2026-01-13 09:05:00
KP013611,KW11259,2026-01-14,CA,Desktop,728,45.0,9,179,5.03,2026-01-14 04:54:00
KP013612,KW10448,2026-01-15,AU,Mobile,11191,33.0,40,982,4.07,2026-01-15 21:12:00
KP013613,KW10882,2026-01-16,BR,Mobile,4639,21.0,163,2111,7.72,2026-01-16 05:02:00
KP013614,KW10589,2026-01-17,UK,Desktop,3001,9.0,148,1213,12.2,2026-01-17 18:39:00
KP013615,KW11518,2026-01-18,DE,Desktop,7375,44.0,79,1896,4.17,2026-01-18 17:36:00
KP013616,KW11818,2026-01-19,FR,Mobile,5786,34.0,168,3063,5.48,2026-01-19 07:51:00
KP013617,KW10014,2026-01-20,US,Desktop,2336,18.0,25,310,8.06,2026-01-20 17:47:00
KP013618,KW10058,2026-01-21,JP,Mobile,641,2.0,43,148,29.05,2026-01-21 21:29:00
KP013619,KW10477,2026-01-22,BR,Desktop,1796,4.0,87,459,18.95,2026-01-22 13:32:00
KP013620,KW10035,2026-01-23,AU,Desktop,5027,22.0,91,1185,7.68,2026-01-23 17:34:00
KP013621,KW11043,2026-01-24,UK,Mobile,5815,26.0,30,573,5.24,2026-01-24 07:47:00
KP013622,KW11434,2026-01-25,US,Desktop,940,44.0,14,416,3.37,2026-01-25 18:16:00
KP013623,KW10854,2026-01-26,AU,Desktop,3555,41.0,89,1601,5.56,2026-01-26 18:00:00
KP013624,KW11016,2026-01-27,MX,Tablet,3746,20.0,51,700,7.29,2026-01-27 21:27:00
KP013625,KW10069,2026-01-28,US,Desktop,1743,30.0,37,637,5.81,2026-01-28 18:20:00
KP013626,KW10816,2026-01-29,MX,Tablet,860,34.0,8,225,3.56,2026-01-29 16:47:00
KP013627,KW10618,2026-01-30,IN,Desktop,8636,42.0,85,2155,3.94,2026-01-30 07:24:00
KP013628,KW10109,2026-01-31,DE,Desktop,5822,24.0,166,2705,6.14,2026-01-31 21:43:00
KP013871,KW11892,2025-10-01,BR,Desktop,20980,27.0,85,1730,4.91,2025-10-01 17:10:00
KP013872,KW11372,2025-10-02,BR,Desktop,587,23.0,5,95,5.26,2025-10-02 18:59:00
KP013873,KW10010,2025-10-03,FR,Mobile,3598,22.0,100,1570,6.37,2025-10-03 23:39:00
KP013874,KW11998,2025-10-04,MX,Mobile,3536,45.0,69,1857,3.72,2025-10-04 01:59:00
KP013875,KW11763,2025-10-05,BR,Mobile,32156,6.0,1715,12249,14.0,2025-10-05 15:54:00
KP013876,KW11644,2025-10-06,MX,Mobile,824,45.0,21,409,5.13,2025-10-06 03:59:00
KP013877,KW10629,2025-10-07,IN,Desktop,1549,12.0,68,629,10.81,2025-10-07 09:07:00
KP013878,KW11339,2025-10-08,DE,Desktop,1690,21.0,7,102,6.86,2025-10-08 14:13:00
KP013879,KW10132,2025-10-09,FR,Mobile,632,9.0,10,95,10.53,2025-10-09 08:15:00
KP013880,KW11426,2025-10-10,BR,Mobile,9734,16.0,70,747,9.37,2025-10-10 23:41:00
KP013881,KW10505,2025-10-11,IN,Mobile,3767,28.0,86,1496,5.75,2025-10-11 19:18:00
KP013882,KW10230,2025-10-12,US,Mobile,4979,30.0,115,1835,6.27,2025-10-12 02:58:00
KP013883,KW10229,2025-10-13,US,Mobile,2690,49.0,39,881,4.43,2025-10-13 20:50:00
KP013884,KW10854,2025-10-14,BR,Desktop,4794,48.0,16,309,5.18,2025-10-14 09:30:00
KP013885,KW10740,2025-10-15,IN,Desktop,2249,34.0,22,473,4.65,2025-10-15 23:57:00
KP013886,KW11095,2025-10-16,IN,Desktop,3516,14.0,34,501,6.79,2025-10-16 20:59:00
KP013887,KW10282,2025-10-17,BR,Desktop,526,23.0,4,94,4.26,2025-10-17 10:41:00
KP013888,KW10435,2025-10-18,BR,Desktop,1640,37.0,33,732,4.51,2025-10-18 06:54:00
KP013889,KW10052,2025-10-19,MX,Mobile,3361,49.0,28,663,4.22,2025-10-19 21:48:00
KP013890,KW11125,2025-10-20,BR,Desktop,17246,24.0,401,6400,6.27,2025-10-20 23:07:00
KP013891,KW10779,2025-10-21,AU,Desktop,915,14.0,22,277,7.94,2025-10-21 09:12:00
KP013892,KW11689,2025-10-22,UK,Tablet,5671,25.0,225,3105,7.25,2025-10-22 20:36:00
KP013893,KW11853,2025-10-23,AU,Desktop,775,25.0,5,82,6.1,2025-10-23 09:57:00
KP013894,KW10201,2025-10-24,AU,Desktop,823,14.0,25,320,7.81,2025-10-24 11:04:00
KP013895,KW11320,2025-10-25,IN,Desktop,4297,47.0,77,2328,3.31,2025-10-25 02:35:00
KP013896,KW10062,2025-10-26,UK,Desktop,4730,25.0,172,2496,6.89,2025-10-26 00:32:00
KP013897,KW10541,2025-10-27,AU,Mobile,5770,11.0,312,2983,10.46,2025-10-27 21:20:00
KP013898,KW10348,2025-10-28,UK,Desktop,11457,48.0,115,3235,3.55,2025-10-28 08:21:00
KP013899,KW10959,2025-10-29,IN,Desktop,3352,19.0,79,1415,5.58,2025-10-29 17:31:00
KP013900,KW10614,2025-10-30,FR,Desktop,752,16.0,32,402,7.96,2025-10-30 06:24:00
KP013901,KW10874,2025-10-31,AU,Mobile,6407,30.0,102,2445,4.17,2025-10-31 17:39:00
KP013902,KW10853,2025-11-01,JP,Mobile,1377,23.0,17,331,5.14,2025-11-01 03:16:00
KP013903,KW11511,2025-11-02,CA,Desktop,4568,1.0,775,2215,34.99,2025-11-02 12:49:00
KP013904,KW10709,2025-11-03,DE,Desktop,10585,19.0,270,4438,6.08,2025-11-03 00:35:00
KP013905,KW11811,2025-11-04,AU,Mobile,9903,19.0,124,2330,5.32,2025-11-04 09:17:00
KP013906,KW10190,2025-11-05,DE,Desktop,3712,11.0,85,1060,8.02,2025-11-05 17:21:00
KP013907,KW11060,2025-11-06,UK,Tablet,7146,5.0,339,2390,14.18,2025-11-06 07:46:00
KP013908,KW11790,2025-11-07,MX,Mobile,4001,39.0,117,2121,5.52,2025-11-07 12:11:00
KP013909,KW10533,2025-11-08,BR,Mobile,1640,6.0,90,824,10.92,2025-11-08 05:18:00
KP013910,KW10199,2025-11-09,DE,Mobile,3129,20.0,113,1573,7.18,2025-11-09 13:31:00
KP013911,KW10791,2025-11-10,BR,Desktop,9875,10.0,147,1422,10.34,2025-11-10 12:20:00
KP013912,KW11319,2025-11-11,FR,Mobile,1437,16.0,13,170,7.65,2025-11-11 15:09:00
KP013913,KW11451,2025-11-12,BR,Desktop,3424,31.0,82,1698,4.83,2025-11-12 15:10:00
KP013914,KW10098,2025-11-13,MX,Desktop,1312,43.0,9,175,5.14,2025-11-13 18:01:00
KP013915,KW11924,2025-11-14,IN,Mobile,880,10.0,5,63,7.94,2025-11-14 11:04:00
KP013916,KW11289,2025-11-15,FR,Desktop,5095,34.0,57,1236,4.61,2025-11-15 05:28:00
KP013917,KW10240,2025-11-16,MX,Mobile,3451,44.0,85,1722,4.94,2025-11-16 01:37:00
KP013918,KW11940,2025-11-17,CA,Desktop,1852,11.0,32,299,10.7,2025-11-17 10:24:00
KP013919,KW10055,2025-11-18,AU,Mobile,9994,24.0,322,4940,6.52,2025-11-18 14:54:00
KP013920,KW10088,2025-11-19,UK,Mobile,5118,39.0,111,1925,5.77,2025-11-19 14:20:00
KP013921,KW11981,2025-11-20,IN,Desktop,673,37.0,10,266,3.76,2025-11-20 11:11:00
KP013922,KW10513,2025-11-21,FR,Desktop,824,28.0,3,55,5.45,2025-11-21 09:10:00
KP013923,KW11488,2025-11-22,IN,Mobile,4844,21.0,23,454,5.07,2025-11-22 06:59:00
KP013924,KW10469,2025-11-23,CA,Tablet,5149,5.0,40,349,11.46,2025-11-23 19:16:00
KP013925,KW10805,2025-11-24,CA,Desktop,5238,11.0,217,2506,8.66,2025-11-24 11:56:00
KP013926,KW11819,2025-11-25,JP,Desktop,563,23.0,11,173,6.36,2025-11-25 11:19:00
KP013927,KW10500,2025-11-26,MX,Desktop,6184,8.0,281,2219,12.66,2025-11-26 00:49:00
KP013928,KW11418,2025-11-27,UK,Desktop,6747,24.0,76,1172,6.48,2025-11-27 20:01:00
KP013929,KW10187,2025-11-28,US,Desktop,1367,6.0,27,203,13.3,2025-11-28 19:54:00
KP013930,KW11573,2025-11-29,US,Desktop,11352,43.0,99,2261,4.38,2025-11-29 20:08:00
KP013931,KW11970,2025-11-30,DE,Mobile,1292,34.0,25,481,5.2,2025-11-30 14:31:00
KP013932,KW11621,2025-12-01,IN,Desktop,2681,44.0,21,418,5.02,2025-12-01 10:54:00
KP013933,KW10526,2025-12-02,BR,Desktop,546,8.0,21,231,9.09,2025-12-02 04:57:00
KP013934,KW11287,2025-12-03,MX,Desktop,4534,14.0,215,2297,9.36,2025-12-03 00:47:00
KP013935,KW10210,2025-12-04,IN,Mobile,1280,33.0,19,446,4.26,2025-12-04 04:47:00
KP013936,KW10670,2025-12-05,MX,Desktop,664,15.0,25,325,7.69,2025-12-05 12:37:00
KP013937,KW10830,2025-12-06,JP,Mobile,7897,1.0,603,1874,32.18,2025-12-06 09:29:00
KP013938,KW10367,2025-12-07,FR,Mobile,353,45.0,6,191,3.14,2025-12-07 13:32:00
KP013939,KW11023,2025-12-08,BR,Mobile,4841,21.0,68,916,7.42,2025-12-08 08:27:00
KP013940,KW11476,2025-12-09,BR,Desktop,9798,29.0,214,3175,6.74,2025-12-09 15:16:00
KP013941,KW10458,2025-12-10,UK,Desktop,4269,10.0,117,1515,7.72,2025-12-10 14:02:00
KP013942,KW11875,2025-12-11,BR,Mobile,1123,40.0,20,452,4.42,2025-12-11 10:15:00
KP013943,KW10204,2025-12-12,AU,Mobile,6330,40.0,146,3451,4.23,2025-12-12 08:19:00
KP013944,KW11026,2025-12-13,UK,Desktop,1618,6.0,70,449,15.59,2025-12-13 02:45:00
KP013945,KW11282,2025-12-14,IN,Desktop,4852,11.0,156,1656,9.42,2025-12-14 03:20:00
KP013946,KW11548,2025-12-15,AU,Desktop,3887,26.0,16,314,5.1,2025-12-15 01:59:00
KP013947,KW10353,2025-12-16,FR,Desktop,2350,43.0,18,473,3.81,2025-12-16 13:59:00
KP013948,KW11144,2025-12-17,IN,Desktop,3104,37.0,42,945,4.44,2025-12-17 04:23:00
KP013949,KW10990,2025-12-18,CA,Desktop,26203,35.0,219,3887,5.63,2025-12-18 15:13:00
KP013950,KW11503,2025-12-19,CA,Tablet,25065,39.0,154,3419,4.5,2025-12-19 16:05:00
KP013951,KW11314,2025-12-20,MX,Tablet,3819,17.0,134,2036,6.58,2025-12-20 10:03:00
KP013952,KW11113,2025-12-21,BR,Desktop,9203,50.0,111,2752,4.03,2025-12-21 04:27:00
KP013953,KW11136,2025-12-22,MX,Mobile,3085,34.0,70,1299,5.39,2025-12-22 03:47:00
KP013954,KW10702,2025-12-23,AU,Desktop,9798,37.0,30,570,5.26,2025-12-23 12:59:00
KP013955,KW11380,2025-12-24,FR,Mobile,791,50.0,4,101,3.96,2025-12-24 00:31:00
KP013956,KW11447,2025-12-25,UK,Desktop,4272,37.0,36,740,4.86,2025-12-25 11:15:00
KP013957,KW11397,2025-12-26,IN,Desktop,4050,19.0,90,1500,6.0,2025-12-26 00:34:00
KP013958,KW11924,2025-12-27,IN,Desktop,1051,1.0,125,360,34.72,2025-12-27 22:22:00
KP013959,KW10978,2025-12-28,CA,Mobile,2167,28.0,10,166,6.02,2025-12-28 02:51:00
KP013960,KW11247,2025-12-29,IN,Mobile,591,14.0,6,68,8.82,2025-12-29 20:25:00
KP013961,KW10649,2025-12-30,DE,Desktop,4683,27.0,116,2045,5.67,2025-12-30 00:34:00
KP013962,KW11111,2025-12-31,US,Desktop,13226,5.0,209,1270,16.46,2025-12-31 15:02:00
KP013963,KW11761,2026-01-01,BR,Mobile,773,33.0,19,422,4.5,2026-01-01 16:38:00
KP013964,KW11565,2026-01-02,BR,Mobile,3526,16.0,53,942,5.63,2026-01-02 09:55:00
KP013965,KW11936,2026-01-03,US,Desktop,452,42.0,5,172,2.91,2026-01-03 04:19:00
KP013966,KW10344,2026-01-04,AU,Mobile,6081,28.0,27,567,4.76,2026-01-04 09:56:00
KP013967,KW10510,2026-01-05,IN,Mobile,6936,21.0,146,2327,6.27,2026-01-05 01:44:00
KP013968,KW10911,2026-01-06,US,Desktop,24521,35.0,266,5718,4.65,2026-01-06 23:13:00
KP013969,KW10502,2026-01-07,BR,Mobile,1240,23.0,23,393,5.85,2026-01-07 03:48:00
KP013970,KW11146,2026-01-08,DE,Desktop,14411,7.0,125,988,12.65,2026-01-08 13:06:00
KP013971,KW10261,2026-01-09,BR,Desktop,1206,37.0,31,659,4.7,2026-01-09 09:51:00
KP013972,KW11891,2026-01-10,DE,Tablet,2798,34.0,61,1450,4.21,2026-01-10 21:26:00
KP013973,KW11391,2026-01-11,US,Mobile,10394,43.0,41,990,4.14,2026-01-11 17:39:00
KP013974,KW10757,2026-01-12,JP,Mobile,2035,26.0,32,530,6.04,2026-01-12 00:38:00
KP013975,KW11668,2026-01-13,IN,Desktop,9828,50.0,17,549,3.1,2026-01-13 00:37:00
KP013976,KW10863,2026-01-14,US,Mobile,4801,9.0,61,739,8.25,2026-01-14 13:12:00
KP013977,KW11033,2026-01-15,MX,Desktop,1722,29.0,28,521,5.37,2026-01-15 16:39:00
KP013978,KW10883,2026-01-16,UK,Desktop,587,21.0,5,71,7.04,2026-01-16 00:06:00
KP013979,KW11286,2026-01-17,JP,Desktop,3626,14.0,105,1165,9.01,2026-01-17 02:29:00
KP013980,KW11329,2026-01-18,BR,Mobile,1374,11.0,40,454,8.81,2026-01-18 03:17:00
KP013981,KW11221,2026-01-19,FR,Tablet,2685,17.0,81,1001,8.09,2026-01-19 05:55:00
KP013982,KW10710,2026-01-20,FR,Tablet,1005,36.0,13,365,3.56,2026-01-20 20:00:00
KP013983,KW10855,2026-01-21,BR,Desktop,6765,23.0,277,3635,7.62,2026-01-21 21:32:00
KP013984,KW11430,2026-01-22,FR,Desktop,1355,15.0,35,512,6.84,2026-01-22 09:15:00
KP013985,KW10135,2026-01-23,US,Desktop,1322,3.0,142,691,20.55,2026-01-23 13:51:00
KP013986,KW10866,2026-01-24,US,Desktop,19557,35.0,52,1150,4.52,2026-01-24 02:17:00
KP013987,KW11063,2026-01-25,CA,Desktop,1303,20.0,35,433,8.08,2026-01-25 09:05:00
KP013988,KW10058,2026-01-26,MX,Mobile,1470,5.0,90,615,14.63,2026-01-26 23:43:00
KP013989,KW11436,2026-01-27,CA,Desktop,3204,5.0,98,802,12.22,2026-01-27 02:49:00
KP013990,KW11996,2026-01-28,BR,Mobile,586,37.0,5,157,3.18,2026-01-28 21:39:00
KP013991,KW11576,2026-01-29,BR,Mobile,4841,29.0,125,2344,5.33,2026-01-29 23:48:00
KP013992,KW11646,2026-01-30,UK,Tablet,2646,34.0,39,1043,3.74,2026-01-30 19:35:00
KP013993,KW10956,2026-01-31,AU,Desktop,9770,14.0,439,4850,9.05,2026-01-31 10:24:00
KP014236,KW10588,2025-10-01,FR,Desktop,702,21.0,9,151,5.96,2025-10-01 20:42:00
KP014237,KW10996,2025-10-02,MX,Tablet,4872,46.0,107,2538,4.22,2025-10-02 12:06:00
KP014238,KW10574,2025-10-03,BR,Desktop,782,13.0,10,154,6.49,2025-10-03 03:29:00
KP014239,KW10109,2025-10-04,CA,Desktop,36298,33.0,575,10995,5.23,2025-10-04 05:12:00
KP014240,KW11610,2025-10-05,DE,Mobile,25028,44.0,89,1765,5.04,2025-10-05 18:09:00
KP014241,KW10409,2025-10-06,IN,Mobile,1851,36.0,12,344,3.49,2025-10-06 13:44:00
KP014242,KW11812,2025-10-07,MX,Desktop,2258,39.0,54,1186,4.55,2025-10-07 08:38:00
KP014243,KW11884,2025-10-08,IN,Mobile,1140,32.0,24,413,5.81,2025-10-08 11:00:00
KP014244,KW11301,2025-10-09,DE,Mobile,1350,28.0,19,447,4.25,2025-10-09 14:22:00
KP014245,KW11387,2025-10-10,US,Desktop,2264,20.0,38,663,5.73,2025-10-10 09:12:00
KP014246,KW11077,2025-10-11,CA,Desktop,21222,13.0,183,1799,10.17,2025-10-11 23:02:00
KP014247,KW10468,2025-10-12,FR,Desktop,1421,29.0,38,621,6.12,2025-10-12 06:52:00
KP014248,KW10075,2025-10-13,US,Desktop,1672,10.0,11,127,8.66,2025-10-13 07:44:00
KP014249,KW10221,2025-10-14,JP,Mobile,2254,19.0,41,675,6.07,2025-10-14 14:11:00
KP014250,KW10584,2025-10-15,MX,Mobile,2250,5.0,165,1235,13.36,2025-10-15 12:17:00
KP014251,KW10177,2025-10-16,FR,Mobile,12607,28.0,202,3736,5.41,2025-10-16 19:23:00
KP014252,KW10168,2025-10-17,IN,Mobile,956,41.0,8,180,4.44,2025-10-17 15:59:00
KP014253,KW11047,2025-10-18,DE,Desktop,1936,14.0,27,283,9.54,2025-10-18 11:11:00
KP014254,KW11877,2025-10-19,MX,Desktop,565,12.0,20,239,8.37,2025-10-19 06:34:00
KP014255,KW11165,2025-10-20,MX,Mobile,5951,20.0,171,2444,7.0,2025-10-20 20:22:00
KP014256,KW11389,2025-10-21,UK,Desktop,3730,18.0,118,1799,6.56,2025-10-21 01:48:00
KP014257,KW11138,2025-10-22,MX,Mobile,3942,43.0,62,1713,3.62,2025-10-22 20:45:00
KP014258,KW11154,2025-10-23,MX,Desktop,5137,26.0,55,880,6.25,2025-10-23 22:03:00
KP014259,KW11528,2025-10-24,IN,Mobile,3515,28.0,73,1654,4.41,2025-10-24 14:49:00
KP014260,KW10554,2025-10-25,US,Mobile,18972,46.0,382,7190,5.31,2025-10-25 22:14:00
KP014261,KW11066,2025-10-26,AU,Desktop,9486,22.0,261,3891,6.71,2025-10-26 12:31:00
KP014262,KW10490,2025-10-27,JP,Desktop,2337,49.0,51,1280,3.98,2025-10-27 04:36:00
KP014263,KW11071,2025-10-28,BR,Mobile,651,25.0,18,351,5.13,2025-10-28 08:32:00
KP014264,KW11455,2025-10-29,AU,Desktop,7029,42.0,99,1781,5.56,2025-10-29 08:57:00
KP014265,KW11717,2025-10-30,FR,Desktop,7751,2.0,406,1800,22.56,2025-10-30 16:14:00
KP014266,KW10983,2025-10-31,IN,Desktop,2218,22.0,36,617,5.83,2025-10-31 12:22:00
KP014267,KW10443,2025-11-01,JP,Desktop,1549,20.0,53,637,8.32,2025-11-01 21:10:00
KP014268,KW10784,2025-11-02,MX,Desktop,4776,14.0,192,1920,10.0,2025-11-02 18:58:00
KP014269,KW10284,2025-11-03,JP,Mobile,2042,40.0,10,260,3.85,2025-11-03 15:00:00
KP014270,KW10036,2025-11-04,CA,Desktop,1655,47.0,13,258,5.04,2025-11-04 16:22:00
KP014271,KW11881,2025-11-05,BR,Mobile,1068,20.0,7,121,5.79,2025-11-05 05:57:00
KP014272,KW11924,2025-11-06,DE,Desktop,15645,37.0,113,2670,4.23,2025-11-06 14:57:00
KP014273,KW10233,2025-11-07,FR,Mobile,5671,33.0,123,2692,4.57,2025-11-07 00:45:00
KP014274,KW10347,2025-11-08,JP,Desktop,850,10.0,29,258,11.24,2025-11-08 04:21:00
KP014275,KW11287,2025-11-09,DE,Desktop,6682,32.0,84,1706,4.92,2025-11-09 07:44:00
KP014276,KW11199,2025-11-10,CA,Mobile,24574,22.0,293,5532,5.3,2025-11-10 05:00:00
KP014277,KW10981,2025-11-11,DE,Desktop,5897,19.0,160,2041,7.84,2025-11-11 00:15:00
KP014278,KW10935,2025-11-12,BR,Mobile,2183,23.0,35,630,5.56,2025-11-12 19:16:00
KP014279,KW11398,2025-11-13,UK,Tablet,3044,11.0,65,583,11.15,2025-11-13 00:31:00
KP014280,KW10217,2025-11-14,US,Mobile,3298,14.0,17,197,8.63,2025-11-14 10:37:00
KP014281,KW11642,2025-11-15,DE,Desktop,2452,42.0,40,919,4.35,2025-11-15 00:24:00
KP014282,KW10142,2025-11-16,CA,Mobile,12238,5.0,525,4714,11.14,2025-11-16 09:31:00
KP014283,KW10472,2025-11-17,UK,Mobile,3308,49.0,33,850,3.88,2025-11-17 18:26:00
KP014284,KW10688,2025-11-18,US,Desktop,2901,50.0,36,1011,3.56,2025-11-18 16:30:00
KP014285,KW10938,2025-11-19,US,Mobile,6930,1.0,636,1819,34.96,2025-11-19 02:31:00
KP014286,KW11936,2025-11-20,JP,Desktop,7203,12.0,157,1464,10.72,2025-11-20 03:00:00
KP014287,KW10328,2025-11-21,FR,Desktop,4744,50.0,117,2579,4.54,2025-11-21 04:14:00
KP014288,KW10675,2025-11-22,CA,Mobile,8321,26.0,236,4344,5.43,2025-11-22 03:02:00
KP014289,KW10376,2025-11-23,IN,Desktop,4057,27.0,18,303,5.94,2025-11-23 11:14:00
KP014290,KW10352,2025-11-24,FR,Tablet,6753,12.0,56,527,10.63,2025-11-24 15:07:00
KP014291,KW11116,2025-11-25,AU,Desktop,3559,41.0,56,1004,5.58,2025-11-25 03:32:00
KP014292,KW10781,2025-11-26,AU,Desktop,3503,36.0,51,1060,4.81,2025-11-26 20:38:00
KP014293,KW10742,2025-11-27,AU,Desktop,1419,14.0,50,643,7.78,2025-11-27 20:29:00
KP014294,KW10258,2025-11-28,US,Mobile,756,27.0,20,287,6.97,2025-11-28 22:23:00
KP014295,KW10371,2025-11-29,FR,Desktop,4300,9.0,94,1204,7.81,2025-11-29 04:56:00
KP014296,KW11224,2025-11-30,DE,Mobile,10900,23.0,92,1369,6.72,2025-11-30 01:09:00
KP014297,KW11938,2025-12-01,FR,Desktop,983,30.0,7,123,5.69,2025-12-01 01:48:00
KP014298,KW11132,2025-12-02,MX,Mobile,4196,36.0,29,657,4.41,2025-12-02 21:43:00
KP014299,KW10521,2025-12-03,US,Desktop,10026,19.0,228,2731,8.35,2025-12-03 12:58:00
KP014300,KW10283,2025-12-04,AU,Desktop,6608,46.0,40,825,4.85,2025-12-04 16:18:00
KP014301,KW10106,2025-12-05,CA,Mobile,9837,26.0,198,3515,5.63,2025-12-05 14:53:00
KP014302,KW11214,2025-12-06,DE,Mobile,6330,17.0,32,370,8.65,2025-12-06 23:46:00
KP014303,KW10209,2025-12-07,JP,Mobile,1000,35.0,27,466,5.79,2025-12-07 04:51:00
KP014304,KW10205,2025-12-08,IN,Desktop,3106,5.0,101,732,13.8,2025-12-08 07:02:00
KP014305,KW11750,2025-12-09,IN,Desktop,7206,39.0,116,2501,4.64,2025-12-09 21:16:00
KP014306,KW11310,2025-12-10,MX,Desktop,3180,34.0,41,943,4.35,2025-12-10 18:16:00
KP014307,KW10241,2025-12-11,CA,Mobile,3474,49.0,24,708,3.39,2025-12-11 06:13:00
KP014308,KW10145,2025-12-12,CA,Mobile,2549,2.0,190,732,25.96,2025-12-12 21:28:00
KP014309,KW11824,2025-12-13,UK,Desktop,1878,27.0,19,278,6.83,2025-12-13 21:43:00
KP014310,KW11519,2025-12-14,AU,Mobile,2030,18.0,9,149,6.04,2025-12-14 08:02:00
KP014311,KW10200,2025-12-15,UK,Mobile,12768,23.0,336,6631,5.07,2025-12-15 00:35:00
KP014312,KW11113,2025-12-16,CA,Desktop,5640,48.0,113,2221,5.09,2025-12-16 00:12:00
KP014313,KW10744,2025-12-17,MX,Mobile,2200,49.0,9,261,3.45,2025-12-17 08:18:00
KP014314,KW11943,2025-12-18,FR,Mobile,3267,31.0,97,1486,6.53,2025-12-18 01:59:00
KP014315,KW10516,2025-12-19,FR,Desktop,2040,11.0,12,122,9.84,2025-12-19 05:29:00
KP014316,KW11409,2025-12-20,AU,Desktop,8517,28.0,105,1954,5.37,2025-12-20 13:04:00
KP014317,KW10890,2025-12-21,CA,Desktop,4393,17.0,89,1577,5.64,2025-12-21 11:00:00
KP014318,KW11430,2025-12-22,US,Desktop,3974,7.0,52,506,10.28,2025-12-22 03:21:00
KP014319,KW11256,2025-12-23,AU,Desktop,4960,41.0,104,2067,5.03,2025-12-23 01:15:00
KP014320,KW11718,2025-12-24,DE,Desktop,1015,28.0,20,334,5.99,2025-12-24 11:30:00
KP014321,KW10798,2025-12-25,CA,Tablet,2930,32.0,24,599,4.01,2025-12-25 19:38:00
KP014322,KW10587,2025-12-26,FR,Mobile,920,38.0,21,452,4.65,2025-12-26 21:58:00
KP014323,KW10349,2025-12-27,FR,Mobile,2148,36.0,39,763,5.11,2025-12-27 18:52:00
KP014324,KW11409,2025-12-28,MX,Mobile,866,16.0,26,343,7.58,2025-12-28 13:40:00
KP014325,KW10379,2025-12-29,MX,Desktop,677,19.0,9,174,5.17,2025-12-29 23:30:00
KP014326,KW11524,2025-12-30,CA,Mobile,3126,5.0,204,1478,13.8,2025-12-30 10:01:00
KP014327,KW10502,2025-12-31,JP,Mobile,3487,37.0,74,1807,4.1,2025-12-31 18:18:00
KP014328,KW11431,2026-01-01,CA,Desktop,3747,16.0,106,1856,5.71,2026-01-01 12:40:00
KP014329,KW10662,2026-01-02,FR,Mobile,20776,48.0,330,10552,3.13,2026-01-02 09:58:00
KP014330,KW10416,2026-01-03,FR,Desktop,4818,44.0,81,1514,5.35,2026-01-03 00:02:00
KP014331,KW10456,2026-01-04,JP,Desktop,1496,28.0,25,400,6.25,2026-01-04 04:56:00
KP014332,KW11550,2026-01-05,UK,Mobile,5500,4.0,207,1328,15.59,2026-01-05 04:16:00
KP014333,KW11167,2026-01-06,DE,Desktop,1429,32.0,13,327,3.98,2026-01-06 11:37:00
KP014334,KW10072,2026-01-07,AU,Mobile,261,33.0,1,36,2.78,2026-01-07 21:48:00
KP014335,KW11534,2026-01-08,DE,Desktop,1661,25.0,11,161,6.83,2026-01-08 11:38:00
KP014336,KW11364,2026-01-09,UK,Desktop,5228,29.0,98,1683,5.82,2026-01-09 21:58:00
KP014337,KW10213,2026-01-10,AU,Desktop,1564,4.0,105,786,13.36,2026-01-10 05:54:00
KP014338,KW11292,2026-01-11,AU,Tablet,1084,3.0,16,82,19.51,2026-01-11 17:57:00
KP014339,KW10630,2026-01-12,BR,Mobile,5569,30.0,32,663,4.83,2026-01-12 15:51:00
KP014340,KW10785,2026-01-13,JP,Desktop,1359,44.0,11,335,3.28,2026-01-13 18:49:00
KP014341,KW11122,2026-01-14,MX,Desktop,6707,23.0,232,3380,6.86,2026-01-14 22:58:00
KP014342,KW10744,2026-01-15,IN,Mobile,9715,36.0,195,4427,4.4,2026-01-15 12:33:00
KP014343,KW10633,2026-01-16,JP,Desktop,3384,49.0,55,1255,4.38,2026-01-16 23:12:00
KP014344,KW11245,2026-01-17,UK,Mobile,2888,50.0,7,177,3.95,2026-01-17 22:45:00
KP014345,KW10755,2026-01-18,BR,Mobile,2032,45.0,58,1114,5.21,2026-01-18 04:19:00
KP014346,KW10995,2026-01-19,UK,Mobile,18010,4.0,1170,8507,13.75,2026-01-19 02:24:00
KP014347,KW10436,2026-01-20,US,Desktop,1553,28.0,25,408,6.13,2026-01-20 12:35:00
KP014348,KW10124,2026-01-21,FR,Desktop,3005,16.0,139,1563,8.89,2026-01-21 09:05:00
KP014349,KW11937,2026-01-22,AU,Desktop,18273,16.0,530,8754,6.05,2026-01-22 02:09:00
KP014350,KW10062,2026-01-23,FR,Tablet,2043,43.0,41,779,5.26,2026-01-23 12:29:00
KP014351,KW11984,2026-01-24,DE,Mobile,11047,30.0,143,2570,5.56,2026-01-24 09:24:00
KP014352,KW11141,2026-01-25,US,Desktop,2072,30.0,29,462,6.28,2026-01-25 16:25:00
KP014353,KW11234,2026-01-26,DE,Mobile,1836,9.0,43,351,12.25,2026-01-26 11:24:00
KP014354,KW11449,2026-01-27,FR,Desktop,3671,14.0,24,318,7.55,2026-01-27 18:17:00
KP014355,KW11533,2026-01-28,MX,Mobile,6203,7.0,109,737,14.79,2026-01-28 21:03:00
KP014356,KW11499,2026-01-29,DE,Mobile,4532,17.0,16,297,5.39,2026-01-29 10:14:00
KP014357,KW11864,2026-01-30,US,Desktop,12206,42.0,248,6697,3.7,2026-01-30 16:21:00
KP014358,KW11258,2026-01-31,JP,Desktop,1958,43.0,7,181,3.87,2026-01-31 17:51:00
KP014601,KW10959,2025-10-01,MX,Mobile,1240,41.0,10,198,5.05,2025-10-01 20:57:00
KP014602,KW11851,2025-10-02,UK,Mobile,4651,19.0,84,1347,6.24,2025-10-02 11:20:00
KP014603,KW11378,2025-10-03,BR,Desktop,5023,42.0,70,1504,4.65,2025-10-03 19:11:00
KP014604,KW11797,2025-10-04,US,Desktop,7982,13.0,300,4127,7.27,2025-10-04 17:03:00
KP014605,KW10697,2025-10-05,FR,Desktop,9705,47.0,200,5023,3.98,2025-10-05 21:34:00
KP014606,KW10942,2025-10-06,MX,Desktop,4462,37.0,26,635,4.09,2025-10-06 05:00:00
KP014607,KW11590,2025-10-07,MX,Mobile,2998,1.0,123,354,34.75,2025-10-07 10:48:00
KP014608,KW11786,2025-10-08,US,Mobile,504,22.0,4,61,6.56,2025-10-08 11:39:00
KP014609,KW10187,2025-10-09,MX,Desktop,6324,49.0,88,2789,3.16,2025-10-09 04:21:00
KP014610,KW10034,2025-10-10,AU,Mobile,2779,14.0,133,1414,9.41,2025-10-10 07:57:00
KP014611,KW10753,2025-10-11,JP,Mobile,5167,9.0,203,1954,10.39,2025-10-11 02:46:00
KP014612,KW11533,2025-10-12,MX,Mobile,12954,14.0,484,6737,7.18,2025-10-12 22:02:00
KP014613,KW11006,2025-10-13,UK,Mobile,4193,24.0,72,1171,6.15,2025-10-13 02:01:00
KP014614,KW10996,2025-10-14,JP,Mobile,3053,23.0,42,858,4.9,2025-10-14 18:53:00
KP014615,KW11224,2025-10-15,AU,Mobile,3389,21.0,102,1821,5.6,2025-10-15 00:28:00
KP014616,KW11510,2025-10-16,FR,Mobile,8506,26.0,99,2110,4.69,2025-10-16 21:39:00
KP014617,KW10310,2025-10-17,BR,Mobile,11812,27.0,306,4883,6.27,2025-10-17 06:41:00
KP014618,KW10884,2025-10-18,IN,Desktop,5101,16.0,74,902,8.2,2025-10-18 10:38:00
KP014619,KW10916,2025-10-19,MX,Desktop,356,6.0,2,23,8.7,2025-10-19 14:15:00
KP014620,KW10830,2025-10-20,UK,Desktop,3058,33.0,89,1433,6.21,2025-10-20 00:38:00
KP014621,KW10238,2025-10-21,MX,Mobile,2859,7.0,146,1058,13.8,2025-10-21 18:38:00
KP014622,KW10159,2025-10-22,MX,Desktop,1973,39.0,25,533,4.69,2025-10-22 17:54:00
KP014623,KW11213,2025-10-23,US,Mobile,16362,28.0,346,6909,5.01,2025-10-23 10:41:00
KP014624,KW11730,2025-10-24,FR,Mobile,1986,29.0,50,980,5.1,2025-10-24 05:49:00
KP014625,KW11975,2025-10-25,FR,Mobile,19038,17.0,612,10295,5.94,2025-10-25 22:02:00
KP014626,KW11548,2025-10-26,UK,Mobile,1014,34.0,16,354,4.52,2025-10-26 20:36:00
KP014627,KW11965,2025-10-27,AU,Desktop,4328,16.0,46,515,8.93,2025-10-27 18:47:00
KP014628,KW10887,2025-10-28,DE,Mobile,1097,33.0,3,76,3.95,2025-10-28 03:58:00
KP014629,KW11095,2025-10-29,US,Desktop,4088,40.0,46,1025,4.49,2025-10-29 15:07:00
KP014630,KW10342,2025-10-30,BR,Desktop,2687,30.0,55,873,6.3,2025-10-30 09:28:00
KP014631,KW11303,2025-10-31,BR,Desktop,9516,7.0,733,4897,14.97,2025-10-31 11:03:00
KP014632,KW10108,2025-11-01,AU,Desktop,2781,35.0,77,1378,5.59,2025-11-01 21:05:00
KP014633,KW11728,2025-11-02,MX,Desktop,14118,34.0,261,4850,5.38,2025-11-02 13:53:00
KP014634,KW10103,2025-11-03,DE,Mobile,2024,11.0,75,648,11.57,2025-11-03 22:33:00
KP014635,KW10499,2025-11-04,MX,Desktop,371,40.0,6,142,4.23,2025-11-04 07:38:00
KP014636,KW10182,2025-11-05,BR,Desktop,2648,28.0,69,1383,4.99,2025-11-05 19:13:00
KP014637,KW11505,2025-11-06,IN,Desktop,5903,2.0,609,2788,21.84,2025-11-06 05:40:00
KP014638,KW10173,2025-11-07,CA,Desktop,2219,17.0,8,112,7.14,2025-11-07 09:06:00
KP014639,KW10009,2025-11-08,AU,Mobile,11960,31.0,323,6121,5.28,2025-11-08 21:28:00
KP014640,KW11763,2025-11-09,IN,Desktop,400,35.0,7,178,3.93,2025-11-09 16:01:00
KP014641,KW11716,2025-11-10,MX,Mobile,2391,18.0,74,1125,6.58,2025-11-10 11:32:00
KP014642,KW10370,2025-11-11,MX,Desktop,612,41.0,6,127,4.72,2025-11-11 14:05:00
KP014643,KW11502,2025-11-12,US,Desktop,5200,49.0,45,1265,3.56,2025-11-12 03:18:00
KP014644,KW11809,2025-11-13,BR,Desktop,1244,18.0,37,599,6.18,2025-11-13 09:20:00
KP014645,KW11791,2025-11-14,UK,Mobile,494,1.0,28,109,25.69,2025-11-14 16:00:00
KP014646,KW11101,2025-11-15,AU,Mobile,3332,24.0,68,1393,4.88,2025-11-15 22:05:00
KP014647,KW10417,2025-11-16,JP,Desktop,1307,11.0,30,396,7.58,2025-11-16 14:30:00
KP014648,KW11967,2025-11-17,DE,Desktop,6177,44.0,11,334,3.29,2025-11-17 15:04:00
KP014649,KW10068,2025-11-18,FR,Mobile,1221,18.0,42,518,8.11,2025-11-18 20:22:00
KP014650,KW10127,2025-11-19,IN,Desktop,3877,34.0,23,580,3.97,2025-11-19 17:34:00
KP014651,KW10419,2025-11-20,DE,Desktop,2270,14.0,78,857,9.1,2025-11-20 23:01:00
KP014652,KW10850,2025-11-21,US,Desktop,2355,7.0,114,936,12.18,2025-11-21 18:28:00
KP014653,KW11920,2025-11-22,CA,Mobile,5421,29.0,62,1107,5.6,2025-11-22 01:01:00
KP014654,KW10484,2025-11-23,US,Mobile,4072,20.0,26,342,7.6,2025-11-23 03:07:00
KP014655,KW10763,2025-11-24,CA,Tablet,13155,25.0,37,785,4.71,2025-11-24 07:00:00
KP014656,KW10468,2025-11-25,UK,Mobile,1514,9.0,67,802,8.35,2025-11-25 13:34:00
KP014657,KW10922,2025-11-26,IN,Desktop,5892,19.0,219,3218,6.81,2025-11-26 20:19:00
KP014658,KW11538,2025-11-27,AU,Tablet,508,47.0,3,67,4.48,2025-11-27 21:11:00
KP014659,KW10122,2025-11-28,BR,Mobile,4456,16.0,85,1447,5.87,2025-11-28 07:28:00
KP014660,KW10983,2025-11-29,DE,Mobile,8693,25.0,47,712,6.6,2025-11-29 04:40:00
KP014661,KW10602,2025-11-30,UK,Desktop,7042,15.0,58,694,8.36,2025-11-30 03:22:00
KP014662,KW11465,2025-12-01,DE,Tablet,926,3.0,47,227,20.7,2025-12-01 15:44:00
KP014663,KW10301,2025-12-02,IN,Desktop,10616,27.0,198,3863,5.13,2025-12-02 19:14:00
KP014664,KW10790,2025-12-03,FR,Desktop,4388,50.0,89,1826,4.87,2025-12-03 07:15:00
KP014665,KW11304,2025-12-04,US,Mobile,10560,6.0,898,5744,15.63,2025-12-04 10:33:00
KP014666,KW10957,2025-12-05,UK,Desktop,2214,39.0,40,1101,3.63,2025-12-05 02:10:00
KP014667,KW10005,2025-12-06,CA,Desktop,2520,23.0,33,715,4.62,2025-12-06 07:31:00
KP014668,KW11939,2025-12-07,UK,Mobile,2924,32.0,78,1327,5.88,2025-12-07 00:28:00
KP014669,KW10692,2025-12-08,DE,Mobile,14528,38.0,151,2766,5.46,2025-12-08 18:46:00
KP014670,KW11967,2025-12-09,BR,Desktop,6005,16.0,119,1594,7.47,2025-12-09 22:06:00
KP014671,KW10695,2025-12-10,US,Desktop,5227,29.0,69,1132,6.1,2025-12-10 04:39:00
KP014672,KW11937,2025-12-11,FR,Desktop,900,48.0,11,221,4.98,2025-12-11 19:24:00
KP014673,KW11014,2025-12-12,AU,Mobile,6435,26.0,174,3496,4.98,2025-12-12 00:37:00
KP014674,KW11730,2025-12-13,IN,Desktop,2678,16.0,30,524,5.73,2025-12-13 16:19:00
KP014675,KW11479,2025-12-14,MX,Desktop,2919,31.0,64,1101,5.81,2025-12-14 23:19:00
KP014676,KW10268,2025-12-15,FR,Tablet,482,49.0,8,227,3.52,2025-12-15 03:52:00
KP014677,KW11008,2025-12-16,DE,Mobile,1209,17.0,30,377,7.96,2025-12-16 14:34:00
KP014678,KW11914,2025-12-17,BR,Desktop,1071,50.0,24,512,4.69,2025-12-17 06:22:00
KP014679,KW11177,2025-12-18,CA,Desktop,519,32.0,5,80,6.25,2025-12-18 03:57:00
KP014680,KW10489,2025-12-19,BR,Desktop,2326,19.0,96,1141,8.41,2025-12-19 07:53:00
KP014681,KW11934,2025-12-20,DE,Mobile,1524,29.0,31,552,5.62,2025-12-20 13:20:00
KP014682,KW10724,2025-12-21,BR,Desktop,8269,4.0,295,1796,16.43,2025-12-21 22:56:00
KP014683,KW10163,2025-12-22,UK,Desktop,2091,25.0,52,718,7.24,2025-12-22 02:06:00
KP014684,KW11228,2025-12-23,MX,Desktop,6186,21.0,164,2655,6.18,2025-12-23 09:19:00
KP014685,KW11694,2025-12-24,JP,Desktop,635,18.0,10,139,7.19,2025-12-24 14:37:00
KP014686,KW10945,2025-12-25,FR,Desktop,8039,7.0,269,1856,14.49,2025-12-25 17:18:00
KP014687,KW11649,2025-12-26,IN,Desktop,1132,42.0,30,544,5.51,2025-12-26 17:46:00
KP014688,KW11495,2025-12-27,FR,Mobile,3285,13.0,71,668,10.63,2025-12-27 02:10:00
KP014689,KW10218,2025-12-28,JP,Desktop,2429,9.0,113,1312,8.61,2025-12-28 14:36:00
KP014690,KW11123,2025-12-29,DE,Mobile,2981,40.0,52,1476,3.52,2025-12-29 22:18:00
KP014691,KW10129,2025-12-30,IN,Desktop,623,2.0,15,57,26.32,2025-12-30 11:48:00
KP014692,KW11235,2025-12-31,DE,Desktop,2321,35.0,62,1242,4.99,2025-12-31 05:02:00
KP014693,KW10145,2026-01-01,FR,Desktop,1240,27.0,43,621,6.92,2026-01-01 13:15:00
KP014694,KW10292,2026-01-02,MX,Desktop,10864,15.0,146,2067,7.06,2026-01-02 02:40:00
KP014695,KW10444,2026-01-03,DE,Tablet,3535,42.0,30,599,5.01,2026-01-03 23:02:00
KP014696,KW11399,2026-01-04,JP,Desktop,2792,10.0,62,712,8.71,2026-01-04 14:30:00
KP014697,KW11522,2026-01-05,CA,Mobile,1277,38.0,12,313,3.83,2026-01-05 05:00:00
KP014698,KW10219,2026-01-06,UK,Mobile,6576,1.0,277,792,34.97,2026-01-06 07:59:00
KP014699,KW10333,2026-01-07,FR,Mobile,6490,39.0,137,3416,4.01,2026-01-07 21:43:00
KP014700,KW10471,2026-01-08,US,Mobile,3167,25.0,57,798,7.14,2026-01-08 01:36:00
KP014701,KW10440,2026-01-09,AU,Mobile,588,39.0,8,169,4.73,2026-01-09 17:18:00
KP014702,KW10925,2026-01-10,US,Desktop,11126,1.0,858,2454,34.96,2026-01-10 09:22:00
KP014703,KW11278,2026-01-11,AU,Mobile,1933,20.0,57,777,7.34,2026-01-11 20:51:00
KP014704,KW10919,2026-01-12,UK,Desktop,5077,38.0,70,1394,5.02,2026-01-12 03:10:00
KP014705,KW11602,2026-01-13,IN,Desktop,1511,40.0,4,105,3.81,2026-01-13 15:12:00
KP014706,KW10504,2026-01-14,UK,Mobile,2270,19.0,74,1008,7.34,2026-01-14 21:34:00
KP014707,KW11389,2026-01-15,US,Desktop,647,5.0,54,317,17.03,2026-01-15 13:32:00
KP014708,KW11163,2026-01-16,CA,Desktop,1180,45.0,24,528,4.55,2026-01-16 08:05:00
KP014709,KW11303,2026-01-17,IN,Mobile,2970,19.0,68,924,7.36,2026-01-17 19:57:00
KP014710,KW11795,2026-01-18,CA,Mobile,4652,33.0,97,2294,4.23,2026-01-18 06:49:00
KP014711,KW10501,2026-01-19,JP,Mobile,997,33.0,7,171,4.09,2026-01-19 09:06:00
KP014712,KW11627,2026-01-20,AU,Mobile,5581,30.0,118,2237,5.27,2026-01-20 17:47:00
KP014713,KW10716,2026-01-21,US,Mobile,2864,15.0,116,1516,7.65,2026-01-21 11:41:00
KP014714,KW10914,2026-01-22,DE,Mobile,450,26.0,3,53,5.66,2026-01-22 07:07:00
KP014715,KW10966,2026-01-23,JP,Mobile,2422,8.0,60,538,11.15,2026-01-23 18:07:00
KP014716,KW11524,2026-01-24,UK,Mobile,1890,48.0,8,224,3.57,2026-01-24 22:54:00
KP014717,KW10393,2026-01-25,JP,Desktop,2328,20.0,53,931,5.69,2026-01-25 15:03:00
KP014718,KW10319,2026-01-26,IN,Desktop,858,29.0,19,346,5.49,2026-01-26 12:24:00
KP014719,KW11942,2026-01-27,CA,Desktop,2464,20.0,84,1145,7.34,2026-01-27 04:40:00
KP014720,KW11954,2026-01-28,UK,Mobile,6800,13.0,207,2933,7.06,2026-01-28 11:09:00
KP014721,KW10421,2026-01-29,MX,Desktop,7138,30.0,193,3863,5.0,2026-01-29 06:43:00
KP014722,KW10809,2026-01-30,BR,Desktop,1979,28.0,20,413,4.84,2026-01-30 11:51:00
KP014723,KW11288,2026-01-31,JP,Desktop,7170,43.0,67,1525,4.39,2026-01-31 20:09:00
KP014966,KW11539,2025-10-01,UK,Desktop,21231,8.0,723,8119,8.91,2025-10-01 18:54:00
KP014967,KW11977,2025-10-02,UK,Desktop,2637,2.0,248,981,25.28,2025-10-02 04:12:00
KP014968,KW10299,2025-10-03,US,Desktop,2806,26.0,40,624,6.41,2025-10-03 04:39:00
KP014969,KW11848,2025-10-04,IN,Mobile,477,9.0,13,131,9.92,2025-10-04 17:37:00
KP014970,KW11089,2025-10-05,US,Mobile,861,42.0,12,239,5.02,2025-10-05 21:40:00
KP014971,KW10998,2025-10-06,US,Desktop,1599,15.0,63,834,7.55,2025-10-06 21:03:00
KP014972,KW10009,2025-10-07,DE,Mobile,1105,48.0,10,199,5.03,2025-10-07 00:52:00
KP014973,KW10709,2025-10-08,MX,Mobile,570,48.0,6,157,3.82,2025-10-08 09:23:00
KP014974,KW10904,2025-10-09,IN,Desktop,2094,23.0,65,952,6.83,2025-10-09 18:20:00
KP014975,KW11592,2025-10-10,IN,Mobile,1656,6.0,69,633,10.9,2025-10-10 00:00:00
KP014976,KW11691,2025-10-11,FR,Tablet,17608,4.0,450,2950,15.25,2025-10-11 16:56:00
KP014977,KW10505,2025-10-12,MX,Desktop,7737,36.0,134,2685,4.99,2025-10-12 21:43:00
KP014978,KW11653,2025-10-13,JP,Tablet,3310,11.0,18,244,7.38,2025-10-13 13:27:00
KP014979,KW11714,2025-10-14,AU,Mobile,2513,22.0,50,993,5.04,2025-10-14 08:45:00
KP014980,KW10401,2025-10-15,MX,Desktop,1419,6.0,73,504,14.48,2025-10-15 15:59:00
KP014981,KW10397,2025-10-16,BR,Mobile,17542,11.0,467,5122,9.12,2025-10-16 18:43:00
KP014982,KW11962,2025-10-17,AU,Desktop,882,13.0,22,216,10.19,2025-10-17 06:41:00
KP014983,KW11267,2025-10-18,CA,Mobile,5392,29.0,113,1658,6.82,2025-10-18 19:11:00
KP014984,KW10208,2025-10-19,MX,Mobile,6180,23.0,111,1589,6.99,2025-10-19 18:08:00
KP014985,KW11560,2025-10-20,UK,Mobile,4324,33.0,88,2317,3.8,2025-10-20 14:20:00
KP014986,KW11277,2025-10-21,IN,Mobile,1812,42.0,14,266,5.26,2025-10-21 02:27:00
KP014987,KW11858,2025-10-22,MX,Mobile,1188,29.0,16,275,5.82,2025-10-22 20:16:00
KP014988,KW10377,2025-10-23,US,Desktop,1090,18.0,38,491,7.74,2025-10-23 14:44:00
KP014989,KW11427,2025-10-24,BR,Desktop,9319,46.0,79,1861,4.25,2025-10-24 05:28:00
KP014990,KW11811,2025-10-25,CA,Desktop,2504,41.0,45,973,4.62,2025-10-25 22:08:00
KP014991,KW11351,2025-10-26,FR,Mobile,1927,42.0,18,431,4.18,2025-10-26 21:53:00
KP014992,KW10855,2025-10-27,US,Desktop,1127,34.0,27,616,4.38,2025-10-27 21:48:00
KP014993,KW11019,2025-10-28,JP,Mobile,1239,33.0,6,169,3.55,2025-10-28 23:35:00
KP014994,KW10262,2025-10-29,UK,Mobile,3464,36.0,53,956,5.54,2025-10-29 08:52:00
KP014995,KW10393,2025-10-30,UK,Mobile,574,2.0,11,47,23.4,2025-10-30 05:22:00
KP014996,KW10984,2025-10-31,US,Mobile,1793,42.0,33,648,5.09,2025-10-31 13:22:00
KP014997,KW10082,2025-11-01,AU,Mobile,3545,11.0,44,585,7.52,2025-11-01 01:08:00
KP014998,KW10231,2025-11-02,CA,Desktop,4617,50.0,55,1645,3.34,2025-11-02 09:48:00
KP014999,KW10927,2025-11-03,BR,Mobile,2418,24.0,62,866,7.16,2025-11-03 04:18:00
KP015000,KW10028,2025-11-04,MX,Mobile,7007,44.0,135,2533,5.33,2025-11-04 22:26:00
KP015001,KW10319,2025-11-05,JP,Tablet,4998,48.0,52,1357,3.83,2025-11-05 06:46:00
KP015002,KW11240,2025-11-06,AU,Desktop,1621,10.0,43,591,7.28,2025-11-06 10:56:00
KP015003,KW11113,2025-11-07,US,Desktop,6366,47.0,12,395,3.04,2025-11-07 13:29:00
KP015004,KW10715,2025-11-08,MX,Mobile,13778,12.0,209,2453,8.52,2025-11-08 09:18:00
KP015005,KW10907,2025-11-09,UK,Desktop,13621,24.0,505,6737,7.5,2025-11-09 16:07:00
KP015006,KW11217,2025-11-10,IN,Desktop,514,4.0,17,126,13.49,2025-11-10 15:04:00
KP015007,KW10207,2025-11-11,FR,Desktop,2904,5.0,196,1504,13.03,2025-11-11 18:27:00
KP015008,KW10485,2025-11-12,US,Desktop,4925,5.0,279,2038,13.69,2025-11-12 06:19:00
KP015009,KW11106,2025-11-13,FR,Mobile,3582,24.0,89,1556,5.72,2025-11-13 17:01:00
KP015010,KW10391,2025-11-14,CA,Mobile,976,36.0,29,485,5.98,2025-11-14 12:39:00
KP015011,KW11640,2025-11-15,UK,Mobile,2711,28.0,24,512,4.69,2025-11-15 22:36:00
KP015012,KW10597,2025-11-16,JP,Desktop,11416,5.0,463,4108,11.27,2025-11-16 20:18:00
KP015013,KW11051,2025-11-17,IN,Mobile,7132,36.0,160,2747,5.82,2025-11-17 07:35:00
KP015014,KW11865,2025-11-18,FR,Desktop,2829,2.0,137,463,29.59,2025-11-18 09:40:00
KP015015,KW10885,2025-11-19,BR,Mobile,6018,40.0,40,1036,3.86,2025-11-19 01:22:00
KP015016,KW11001,2025-11-20,AU,Desktop,5082,27.0,54,1033,5.23,2025-11-20 06:47:00
KP015017,KW10318,2025-11-21,CA,Desktop,3565,44.0,63,1289,4.89,2025-11-21 01:32:00
KP015018,KW10983,2025-11-22,AU,Desktop,790,15.0,21,340,6.18,2025-11-22 15:43:00
KP015019,KW10595,2025-11-23,FR,Desktop,4213,9.0,190,1916,9.92,2025-11-23 03:10:00
KP015020,KW10573,2025-11-24,UK,Mobile,2837,8.0,122,890,13.71,2025-11-24 00:18:00
KP015021,KW10992,2025-11-25,JP,Mobile,3468,8.0,48,519,9.25,2025-11-25 19:18:00
KP015022,KW11203,2025-11-26,IN,Mobile,5460,31.0,86,1878,4.58,2025-11-26 18:22:00
KP015023,KW11277,2025-11-27,IN,Desktop,2481,27.0,45,1034,4.35,2025-11-27 03:23:00
KP015024,KW11698,2025-11-28,BR,Mobile,4766,5.0,332,2082,15.95,2025-11-28 09:13:00
KP015025,KW11390,2025-11-29,CA,Desktop,3038,32.0,34,643,5.29,2025-11-29 13:16:00
KP015026,KW10488,2025-11-30,CA,Desktop,824,5.0,43,272,15.81,2025-11-30 04:04:00
KP015027,KW11065,2025-12-01,BR,Mobile,6587,24.0,115,1892,6.08,2025-12-01 13:53:00
KP015028,KW10552,2025-12-02,FR,Mobile,4014,14.0,65,1032,6.3,2025-12-02 13:20:00
KP015029,KW10214,2025-12-03,MX,Desktop,18413,22.0,450,5852,7.69,2025-12-03 13:25:00
KP015030,KW10846,2025-12-04,CA,Desktop,2834,24.0,62,1134,5.47,2025-12-04 00:39:00
KP015031,KW10177,2025-12-05,IN,Desktop,3675,39.0,23,501,4.59,2025-12-05 10:20:00
KP015032,KW10591,2025-12-06,CA,Desktop,4706,40.0,15,373,4.02,2025-12-06 03:13:00
KP015033,KW11795,2025-12-07,US,Mobile,36946,16.0,1670,19713,8.47,2025-12-07 11:30:00
KP015034,KW11573,2025-12-08,MX,Mobile,494,42.0,8,232,3.45,2025-12-08 16:19:00
KP015035,KW11795,2025-12-09,IN,Desktop,8377,4.0,268,1830,14.64,2025-12-09 02:29:00
KP015036,KW11692,2025-12-10,IN,Mobile,15921,45.0,167,3997,4.18,2025-12-10 13:36:00
KP015037,KW10549,2025-12-11,CA,Desktop,1788,18.0,15,215,6.98,2025-12-11 18:54:00
KP015038,KW11613,2025-12-12,MX,Desktop,1033,42.0,11,237,4.64,2025-12-12 07:41:00
KP015039,KW10209,2025-12-13,MX,Mobile,4189,47.0,99,2007,4.93,2025-12-13 01:15:00
KP015040,KW11456,2025-12-14,AU,Desktop,7994,28.0,120,2681,4.48,2025-12-14 11:06:00
KP015041,KW10770,2025-12-15,MX,Desktop,1370,42.0,11,355,3.1,2025-12-15 08:09:00
KP015042,KW10022,2025-12-16,DE,Desktop,2883,9.0,36,448,8.04,2025-12-16 18:14:00
KP015043,KW11910,2025-12-17,US,Mobile,2020,48.0,25,733,3.41,2025-12-17 05:49:00
KP015044,KW10773,2025-12-18,DE,Mobile,12629,25.0,425,6123,6.94,2025-12-18 15:20:00
KP015045,KW11866,2025-12-19,UK,Desktop,28434,37.0,330,8659,3.81,2025-12-19 15:31:00
KP015046,KW10817,2025-12-20,CA,Desktop,1461,37.0,38,650,5.85,2025-12-20 19:05:00
KP015047,KW11679,2025-12-21,BR,Desktop,2883,29.0,92,1438,6.4,2025-12-21 19:00:00
KP015048,KW11719,2025-12-22,AU,Mobile,3317,28.0,39,806,4.84,2025-12-22 16:45:00
KP015049,KW11498,2025-12-23,AU,Mobile,3060,28.0,40,775,5.16,2025-12-23 14:43:00
KP015050,KW10409,2025-12-24,US,Mobile,9190,44.0,181,3356,5.39,2025-12-24 20:02:00
KP015051,KW10670,2025-12-25,DE,Mobile,461,42.0,11,239,4.6,2025-12-25 05:21:00
KP015052,KW11179,2025-12-26,BR,Mobile,2476,45.0,15,342,4.39,2025-12-26 12:06:00
KP015053,KW10294,2025-12-27,AU,Mobile,1793,37.0,11,231,4.76,2025-12-27 19:17:00
KP015054,KW11702,2025-12-28,DE,Desktop,1325,13.0,71,696,10.2,2025-12-28 07:37:00
KP015055,KW11441,2025-12-29,UK,Desktop,2534,22.0,68,1173,5.8,2025-12-29 08:36:00
KP015056,KW10882,2025-12-30,AU,Desktop,1104,2.0,108,578,18.69,2025-12-30 02:20:00
KP015057,KW10338,2025-12-31,JP,Desktop,1588,33.0,23,429,5.36,2025-12-31 02:48:00
KP015058,KW10814,2026-01-01,IN,Mobile,3746,28.0,54,961,5.62,2026-01-01 06:32:00
KP015059,KW11340,2026-01-02,FR,Desktop,3257,9.0,212,1680,12.62,2026-01-02 10:19:00
KP015060,KW10067,2026-01-03,BR,Mobile,6021,40.0,19,504,3.77,2026-01-03 19:12:00
KP015061,KW10538,2026-01-04,DE,Desktop,6945,14.0,86,1150,7.48,2026-01-04 09:19:00
KP015062,KW10740,2026-01-05,CA,Mobile,971,17.0,4,79,5.06,2026-01-05 07:47:00
KP015063,KW11729,2026-01-06,US,Desktop,1385,7.0,50,376,13.3,2026-01-06 07:00:00
KP015064,KW10501,2026-01-07,JP,Desktop,2446,16.0,17,192,8.85,2026-01-07 09:27:00
KP015065,KW10797,2026-01-08,DE,Desktop,4447,47.0,66,1787,3.69,2026-01-08 07:29:00
KP015066,KW11642,2026-01-09,JP,Mobile,2077,2.0,103,352,29.26,2026-01-09 03:17:00
KP015067,KW11006,2026-01-10,UK,Desktop,12120,50.0,238,5610,4.24,2026-01-10 16:09:00
KP015068,KW11925,2026-01-11,CA,Desktop,811,41.0,6,136,4.41,2026-01-11 09:50:00
KP015069,KW11166,2026-01-12,UK,Mobile,17082,46.0,149,4106,3.63,2026-01-12 00:58:00
KP015070,KW10947,2026-01-13,AU,Desktop,3407,19.0,42,749,5.61,2026-01-13 02:59:00
KP015071,KW11723,2026-01-14,UK,Mobile,1740,39.0,29,696,4.17,2026-01-14 19:33:00
KP015072,KW10475,2026-01-15,US,Mobile,2064,34.0,41,952,4.31,2026-01-15 01:09:00
KP015073,KW11817,2026-01-16,DE,Mobile,4441,20.0,42,720,5.83,2026-01-16 16:33:00
KP015074,KW10047,2026-01-17,US,Desktop,3298,6.0,242,1608,15.05,2026-01-17 19:03:00
KP015075,KW11014,2026-01-18,US,Mobile,828,4.0,50,292,17.12,2026-01-18 20:36:00
KP015076,KW10872,2026-01-19,AU,Desktop,3083,38.0,84,1633,5.14,2026-01-19 05:38:00
KP015077,KW11850,2026-01-20,US,Mobile,3504,37.0,37,928,3.99,2026-01-20 01:37:00
KP015078,KW10255,2026-01-21,AU,Mobile,2089,7.0,69,478,14.44,2026-01-21 14:34:00
KP015079,KW10741,2026-01-22,FR,Tablet,4241,8.0,268,2114,12.68,2026-01-22 09:04:00
KP015080,KW11868,2026-01-23,JP,Desktop,10862,49.0,84,2350,3.57,2026-01-23 14:38:00
KP015081,KW10788,2026-01-24,IN,Mobile,861,28.0,7,160,4.38,2026-01-24 13:10:00
KP015082,KW11612,2026-01-25,IN,Desktop,671,48.0,12,253,4.74,2026-01-25 12:57:00
KP015083,KW10087,2026-01-26,US,Mobile,4710,2.0,601,2542,23.64,2026-01-26 11:43:00
KP015084,KW11007,2026-01-27,MX,Desktop,2780,42.0,10,266,3.76,2026-01-27 16:48:00
KP015085,KW11757,2026-01-28,MX,Desktop,3625,32.0,30,547,5.48,2026-01-28 05:42:00
KP015086,KW10803,2026-01-29,JP,Tablet,3720,7.0,145,1418,10.23,2026-01-29 10:28:00
KP015087,KW11351,2026-01-30,AU,Desktop,5267,1.0,715,2260,31.64,2026-01-30 17:36:00
KP015088,KW11662,2026-01-31,IN,Desktop,2921,33.0,67,1538,4.36,2026-01-31 16:12:00
KP015331,KW10935,2025-10-01,MX,Mobile,4675,16.0,159,1775,8.96,2025-10-01 05:06:00
KP015332,KW10417,2025-10-02,AU,Mobile,6691,43.0,178,3288,5.41,2025-10-02 17:51:00
KP015333,KW10602,2025-10-03,FR,Desktop,2058,18.0,58,1031,5.63,2025-10-03 10:19:00
KP015334,KW10320,2025-10-04,FR,Desktop,846,10.0,39,348,11.21,2025-10-04 15:08:00
KP015335,KW11173,2025-10-05,IN,Desktop,2207,19.0,73,1018,7.17,2025-10-05 19:31:00
KP015336,KW10933,2025-10-06,AU,Mobile,6648,25.0,133,2774,4.79,2025-10-06 07:23:00
KP015337,KW10085,2025-10-07,MX,Mobile,70111,18.0,1573,18362,8.57,2025-10-07 04:46:00
KP015338,KW11242,2025-10-08,MX,Desktop,5616,44.0,30,672,4.46,2025-10-08 00:13:00
KP015339,KW10659,2025-10-09,DE,Mobile,4542,36.0,63,1517,4.15,2025-10-09 09:35:00
KP015340,KW10024,2025-10-10,BR,Mobile,7168,1.0,651,1951,33.37,2025-10-10 08:46:00
KP015341,KW10521,2025-10-11,BR,Desktop,925,20.0,26,491,5.3,2025-10-11 02:03:00
KP015342,KW10463,2025-10-12,JP,Mobile,3305,1.0,615,1759,34.96,2025-10-12 10:22:00
KP015343,KW11380,2025-10-13,MX,Desktop,8033,32.0,217,4173,5.2,2025-10-13 04:33:00
KP015344,KW11130,2025-10-14,BR,Mobile,598,23.0,18,301,5.98,2025-10-14 00:52:00
KP015345,KW11551,2025-10-15,CA,Desktop,1103,3.0,110,521,21.11,2025-10-15 12:08:00
KP015346,KW11574,2025-10-16,MX,Desktop,2837,12.0,130,1497,8.68,2025-10-16 05:09:00
KP015347,KW11092,2025-10-17,IN,Desktop,5214,24.0,106,2180,4.86,2025-10-17 09:31:00
KP015348,KW11387,2025-10-18,BR,Desktop,832,49.0,11,336,3.27,2025-10-18 13:40:00
KP015349,KW11977,2025-10-19,UK,Desktop,5163,15.0,142,1715,8.28,2025-10-19 08:37:00
KP015350,KW10390,2025-10-20,UK,Mobile,8643,30.0,27,585,4.62,2025-10-20 21:22:00
KP015351,KW11683,2025-10-21,AU,Mobile,2343,27.0,8,167,4.79,2025-10-21 22:50:00
KP015352,KW10649,2025-10-22,IN,Mobile,17417,25.0,331,6088,5.44,2025-10-22 14:02:00
KP015353,KW10028,2025-10-23,FR,Desktop,7210,26.0,76,1215,6.26,2025-10-23 15:44:00
KP015354,KW10084,2025-10-24,IN,Mobile,1316,26.0,10,148,6.76,2025-10-24 02:00:00
KP015355,KW11501,2025-10-25,BR,Mobile,1040,5.0,89,562,15.84,2025-10-25 18:02:00
KP015356,KW11293,2025-10-26,MX,Desktop,4986,11.0,91,871,10.45,2025-10-26 15:52:00
KP015357,KW10111,2025-10-27,AU,Mobile,2500,31.0,38,929,4.09,2025-10-27 13:27:00
KP015358,KW10861,2025-10-28,FR,Mobile,777,8.0,56,422,13.27,2025-10-28 06:00:00
KP015359,KW10841,2025-10-29,US,Mobile,1830,17.0,21,243,8.64,2025-10-29 07:05:00
KP015360,KW10412,2025-10-30,DE,Mobile,2063,17.0,23,388,5.93,2025-10-30 07:28:00
KP015361,KW11322,2025-10-31,JP,Mobile,1696,12.0,22,298,7.38,2025-10-31 12:13:00
KP015362,KW11640,2025-11-01,MX,Desktop,3838,39.0,44,939,4.69,2025-11-01 18:57:00
KP015363,KW11256,2025-11-02,CA,Desktop,4719,11.0,116,1058,10.96,2025-11-02 20:10:00
KP015364,KW11068,2025-11-03,UK,Mobile,3585,5.0,56,469,11.94,2025-11-03 20:53:00
KP015365,KW10120,2025-11-04,FR,Desktop,6750,12.0,210,2232,9.41,2025-11-04 16:26:00
KP015366,KW11921,2025-11-05,FR,Mobile,2287,29.0,57,962,5.93,2025-11-05 21:17:00
KP015367,KW11885,2025-11-06,DE,Desktop,22837,18.0,337,4247,7.94,2025-11-06 02:57:00
KP015368,KW11371,2025-11-07,FR,Mobile,666,47.0,13,296,4.39,2025-11-07 11:39:00
KP015369,KW10989,2025-11-08,US,Desktop,3625,47.0,39,914,4.27,2025-11-08 18:37:00
KP015370,KW10493,2025-11-09,UK,Mobile,9158,24.0,283,4521,6.26,2025-11-09 11:04:00
KP015371,KW11766,2025-11-10,BR,Desktop,3226,29.0,64,961,6.66,2025-11-10 12:16:00
KP015372,KW10846,2025-11-11,CA,Mobile,882,2.0,91,450,20.22,2025-11-11 01:58:00
KP015373,KW10285,2025-11-12,BR,Mobile,1818,28.0,23,433,5.31,2025-11-12 07:39:00
KP015374,KW10960,2025-11-13,UK,Mobile,1792,7.0,53,396,13.38,2025-11-13 07:24:00
KP015375,KW11790,2025-11-14,UK,Mobile,4419,10.0,166,1763,9.42,2025-11-14 22:28:00
KP015376,KW10893,2025-11-15,DE,Desktop,2482,29.0,18,405,4.44,2025-11-15 18:42:00
KP015377,KW10302,2025-11-16,CA,Mobile,1587,45.0,28,781,3.59,2025-11-16 19:23:00
KP015378,KW11222,2025-11-17,CA,Desktop,5953,18.0,128,1959,6.53,2025-11-17 23:44:00
KP015379,KW11013,2025-11-18,CA,Mobile,4668,1.0,658,2134,30.83,2025-11-18 16:12:00
KP015380,KW10531,2025-11-19,MX,Mobile,1051,46.0,7,191,3.66,2025-11-19 16:19:00
KP015381,KW11574,2025-11-20,BR,Mobile,1567,16.0,6,86,6.98,2025-11-20 06:00:00
KP015382,KW10627,2025-11-21,FR,Desktop,1358,25.0,50,738,6.78,2025-11-21 01:22:00
KP015383,KW11943,2025-11-22,AU,Mobile,45297,10.0,1707,18471,9.24,2025-11-22 06:06:00
KP015384,KW10022,2025-11-23,FR,Desktop,28308,30.0,637,9607,6.63,2025-11-23 20:21:00
KP015385,KW10463,2025-11-24,CA,Desktop,3190,13.0,172,1636,10.51,2025-11-24 22:32:00
KP015386,KW10478,2025-11-25,MX,Mobile,2343,47.0,24,559,4.29,2025-11-25 03:09:00
KP015387,KW10806,2025-11-26,MX,Desktop,3714,4.0,283,1558,18.16,2025-11-26 10:04:00
KP015388,KW11472,2025-11-27,JP,Desktop,2171,27.0,27,588,4.59,2025-11-27 03:38:00
KP015389,KW10164,2025-11-28,JP,Mobile,3333,8.0,137,1599,8.57,2025-11-28 11:52:00
KP015390,KW10102,2025-11-29,BR,Mobile,1728,26.0,17,307,5.54,2025-11-29 05:28:00
KP015391,KW11746,2025-11-30,IN,Desktop,17259,47.0,201,4302,4.67,2025-11-30 22:13:00
KP015392,KW10121,2025-12-01,US,Mobile,3223,8.0,228,1672,13.64,2025-12-01 19:56:00
KP015393,KW10015,2025-12-02,MX,Mobile,1970,6.0,163,1036,15.73,2025-12-02 10:06:00
KP015394,KW10255,2025-12-03,US,Mobile,7709,8.0,56,498,11.24,2025-12-03 08:27:00
KP015395,KW10410,2025-12-04,JP,Desktop,3441,31.0,60,914,6.56,2025-12-04 17:04:00
KP015396,KW11520,2025-12-05,DE,Desktop,10624,18.0,338,5418,6.24,2025-12-05 08:24:00
KP015397,KW10898,2025-12-06,MX,Desktop,1151,10.0,28,320,8.75,2025-12-06 23:44:00
KP015398,KW10907,2025-12-07,DE,Desktop,709,27.0,2,45,4.44,2025-12-07 12:40:00
KP015399,KW10950,2025-12-08,US,Tablet,4162,31.0,83,1720,4.83,2025-12-08 18:27:00
KP015400,KW10474,2025-12-09,IN,Mobile,2674,19.0,12,189,6.35,2025-12-09 08:23:00
KP015401,KW11544,2025-12-10,BR,Desktop,11289,40.0,148,3669,4.03,2025-12-10 03:27:00
KP015402,KW10451,2025-12-11,AU,Mobile,707,35.0,16,385,4.16,2025-12-11 10:02:00
KP015403,KW10150,2025-12-12,FR,Desktop,5237,13.0,41,476,8.61,2025-12-12 12:31:00
KP015404,KW11106,2025-12-13,JP,Mobile,3123,31.0,35,784,4.46,2025-12-13 18:24:00
KP015405,KW11785,2025-12-14,CA,Mobile,4731,31.0,55,1102,4.99,2025-12-14 10:06:00
KP015406,KW11906,2025-12-15,AU,Desktop,2276,21.0,27,445,6.07,2025-12-15 04:41:00
KP015407,KW10450,2025-12-16,UK,Mobile,2437,13.0,14,151,9.27,2025-12-16 17:55:00
KP015408,KW11302,2025-12-17,US,Mobile,3351,2.0,229,842,27.2,2025-12-17 13:17:00
KP015409,KW10054,2025-12-18,DE,Mobile,7020,7.0,417,3371,12.37,2025-12-18 00:59:00
KP015410,KW11639,2025-12-19,DE,Desktop,15944,43.0,442,8172,5.41,2025-12-19 09:21:00
KP015411,KW10330,2025-12-20,MX,Mobile,764,6.0,27,213,12.68,2025-12-20 03:52:00
KP015412,KW11235,2025-12-21,JP,Tablet,3669,1.0,524,1499,34.96,2025-12-21 21:38:00
KP015413,KW10554,2025-12-22,US,Mobile,10173,39.0,155,2697,5.75,2025-12-22 05:26:00
KP015414,KW10783,2025-12-23,IN,Mobile,1300,23.0,26,534,4.87,2025-12-23 18:10:00
KP015415,KW10850,2025-12-24,BR,Mobile,1924,15.0,66,796,8.29,2025-12-24 10:18:00
KP015416,KW11670,2025-12-25,BR,Desktop,8161,44.0,62,1464,4.23,2025-12-25 12:04:00
KP015417,KW10938,2025-12-26,UK,Mobile,1175,5.0,70,444,15.77,2025-12-26 15:36:00
KP015418,KW10214,2025-12-27,AU,Desktop,4858,5.0,245,1875,13.07,2025-12-27 00:05:00
KP015419,KW11119,2025-12-28,BR,Desktop,5886,47.0,145,2944,4.93,2025-12-28 20:14:00
KP015420,KW10403,2025-12-29,AU,Desktop,2233,45.0,5,147,3.4,2025-12-29 23:31:00
KP015421,KW11008,2025-12-30,UK,Desktop,544,32.0,10,165,6.06,2025-12-30 11:22:00
KP015422,KW10326,2025-12-31,MX,Mobile,3300,28.0,40,698,5.73,2025-12-31 22:12:00
KP015423,KW10844,2026-01-01,AU,Mobile,5944,12.0,303,3246,9.33,2026-01-01 23:35:00
KP015424,KW10558,2026-01-02,IN,Desktop,1883,14.0,11,113,9.73,2026-01-02 08:04:00
KP015425,KW11835,2026-01-03,IN,Desktop,1103,33.0,6,132,4.55,2026-01-03 06:43:00
KP015426,KW11354,2026-01-04,US,Mobile,3372,8.0,66,715,9.23,2026-01-04 21:54:00
KP015427,KW11142,2026-01-05,FR,Desktop,1575,12.0,8,102,7.84,2026-01-05 23:06:00
KP015428,KW11372,2026-01-06,FR,Mobile,3339,47.0,9,262,3.44,2026-01-06 23:57:00
KP015429,KW11260,2026-01-07,US,Desktop,2152,2.0,152,588,25.85,2026-01-07 08:53:00
KP015430,KW11114,2026-01-08,AU,Desktop,2224,27.0,54,889,6.07,2026-01-08 20:27:00
KP015431,KW11818,2026-01-09,US,Desktop,2201,27.0,7,121,5.79,2026-01-09 23:48:00
KP015432,KW10871,2026-01-10,DE,Mobile,1178,27.0,28,481,5.82,2026-01-10 15:52:00
KP015433,KW11528,2026-01-11,BR,Mobile,6011,23.0,134,2208,6.07,2026-01-11 21:07:00
KP015434,KW11020,2026-01-12,AU,Mobile,2082,7.0,114,1061,10.74,2026-01-12 15:19:00
KP015435,KW10342,2026-01-13,AU,Tablet,5209,16.0,164,2274,7.21,2026-01-13 14:26:00
KP015436,KW11805,2026-01-14,AU,Tablet,3004,23.0,12,256,4.69,2026-01-14 12:43:00
KP015437,KW11361,2026-01-15,UK,Desktop,883,34.0,9,225,4.0,2026-01-15 11:51:00
KP015438,KW10891,2026-01-16,FR,Mobile,714,45.0,11,233,4.72,2026-01-16 00:02:00
KP015439,KW11525,2026-01-17,JP,Desktop,2113,36.0,59,1147,5.14,2026-01-17 18:14:00
KP015440,KW10941,2026-01-18,US,Mobile,4093,36.0,58,1383,4.19,2026-01-18 03:57:00
KP015441,KW10998,2026-01-19,CA,Desktop,2266,10.0,67,599,11.19,2026-01-19 04:58:00
KP015442,KW10633,2026-01-20,CA,Desktop,1571,45.0,27,513,5.26,2026-01-20 19:29:00
KP015443,KW11888,2026-01-21,US,Mobile,14917,32.0,324,5608,5.78,2026-01-21 07:24:00
KP015444,KW11073,2026-01-22,DE,Desktop,11380,47.0,198,4166,4.75,2026-01-22 23:32:00
KP015445,KW10659,2026-01-23,CA,Desktop,29336,9.0,1670,14453,11.55,2026-01-23 09:45:00
KP015446,KW10648,2026-01-24,FR,Mobile,3303,7.0,97,999,9.71,2026-01-24 18:51:00
KP015447,KW10282,2026-01-25,FR,Mobile,5795,12.0,194,1895,10.24,2026-01-25 21:16:00
KP015448,KW10672,2026-01-26,CA,Mobile,4019,42.0,81,1570,5.16,2026-01-26 22:08:00
KP015449,KW10305,2026-01-27,UK,Mobile,2578,3.0,71,379,18.73,2026-01-27 23:44:00
KP015450,KW11850,2026-01-28,BR,Mobile,1671,10.0,80,779,10.27,2026-01-28 06:01:00
KP015451,KW11748,2026-01-29,IN,Mobile,2031,10.0,54,444,12.16,2026-01-29 03:34:00
KP015452,KW11159,2026-01-30,BR,Mobile,5416,38.0,113,2029,5.57,2026-01-30 15:31:00
KP015453,KW11913,2026-01-31,FR,Mobile,1659,44.0,20,522,3.83,2026-01-31 19:40:00
KP015696,KW11976,2025-10-01,JP,Mobile,1555,50.0,19,384,4.95,2025-10-01 04:36:00
KP015697,KW10245,2025-10-02,BR,Desktop,7968,27.0,196,2823,6.94,2025-10-02 04:39:00
KP015698,KW10362,2025-10-03,CA,Mobile,2477,13.0,49,617,7.94,2025-10-03 21:07:00
KP015699,KW11827,2025-10-04,FR,Desktop,4836,16.0,25,452,5.53,2025-10-04 08:44:00
KP015700,KW11283,2025-10-05,IN,Desktop,2745,49.0,16,402,3.98,2025-10-05 20:50:00
KP015701,KW10118,2025-10-06,AU,Mobile,1320,34.0,21,562,3.74,2025-10-06 12:45:00
KP015702,KW11536,2025-10-07,IN,Desktop,1925,25.0,22,374,5.88,2025-10-07 12:44:00
KP015703,KW11433,2025-10-08,JP,Desktop,10331,47.0,134,3094,4.33,2025-10-08 17:40:00
KP015704,KW11478,2025-10-09,US,Mobile,17651,20.0,315,4184,7.53,2025-10-09 18:56:00
KP015705,KW11071,2025-10-10,UK,Desktop,992,12.0,17,219,7.76,2025-10-10 16:50:00
KP015706,KW11192,2025-10-11,MX,Desktop,6576,8.0,147,1175,12.51,2025-10-11 10:03:00
KP015707,KW11567,2025-10-12,FR,Desktop,2231,26.0,41,880,4.66,2025-10-12 16:42:00
KP015708,KW10857,2025-10-13,JP,Desktop,1332,11.0,44,383,11.49,2025-10-13 14:41:00
KP015709,KW11179,2025-10-14,IN,Tablet,2952,3.0,106,705,15.04,2025-10-14 09:54:00
KP015710,KW11912,2025-10-15,MX,Desktop,2714,31.0,8,161,4.97,2025-10-15 11:30:00
KP015711,KW10470,2025-10-16,IN,Desktop,6866,23.0,170,2535,6.71,2025-10-16 12:12:00
KP015712,KW11500,2025-10-17,BR,Tablet,389,22.0,11,197,5.58,2025-10-17 08:45:00
KP015713,KW10304,2025-10-18,MX,Mobile,981,33.0,12,256,4.69,2025-10-18 16:26:00
KP015714,KW10501,2025-10-19,FR,Desktop,931,16.0,11,195,5.64,2025-10-19 12:26:00
KP015715,KW10591,2025-10-20,JP,Mobile,719,8.0,46,364,12.64,2025-10-20 19:23:00
KP015716,KW11240,2025-10-21,DE,Mobile,2665,8.0,124,1118,11.09,2025-10-21 15:10:00
KP015717,KW10473,2025-10-22,JP,Mobile,10203,33.0,82,1624,5.05,2025-10-22 12:08:00
KP015718,KW11782,2025-10-23,FR,Mobile,2729,40.0,57,1412,4.04,2025-10-23 08:11:00
KP015719,KW11802,2025-10-24,BR,Desktop,5676,23.0,35,715,4.9,2025-10-24 22:14:00
KP015720,KW11735,2025-10-25,FR,Mobile,1204,10.0,11,143,7.69,2025-10-25 04:58:00
KP015721,KW10670,2025-10-26,DE,Desktop,296,30.0,8,129,6.2,2025-10-26 12:58:00
KP015722,KW10888,2025-10-27,BR,Mobile,3041,28.0,9,207,4.35,2025-10-27 18:14:00
KP015723,KW10236,2025-10-28,AU,Mobile,3058,48.0,44,878,5.01,2025-10-28 01:42:00
KP015724,KW10894,2025-10-29,JP,Mobile,1833,47.0,39,933,4.18,2025-10-29 04:10:00
KP015725,KW11049,2025-10-30,FR,Desktop,1308,16.0,7,119,5.88,2025-10-30 23:03:00
KP015726,KW11537,2025-10-31,AU,Mobile,3133,11.0,65,858,7.58,2025-10-31 16:13:00
KP015727,KW10425,2025-11-01,US,Mobile,6972,43.0,43,1242,3.46,2025-11-01 19:36:00
KP015728,KW11838,2025-11-02,CA,Desktop,9774,22.0,179,2513,7.12,2025-11-02 15:42:00
KP015729,KW11209,2025-11-03,UK,Mobile,1176,19.0,34,424,8.02,2025-11-03 10:27:00
KP015730,KW11325,2025-11-04,MX,Tablet,908,16.0,15,168,8.93,2025-11-04 00:16:00
KP015731,KW10313,2025-11-05,MX,Tablet,3569,50.0,15,359,4.18,2025-11-05 03:33:00
KP015732,KW10087,2025-11-06,IN,Tablet,3301,16.0,89,1139,7.81,2025-11-06 09:41:00
KP015733,KW11065,2025-11-07,CA,Desktop,6597,39.0,15,381,3.94,2025-11-07 00:16:00
KP015734,KW11923,2025-11-08,UK,Desktop,812,41.0,7,213,3.29,2025-11-08 21:46:00
KP015735,KW11770,2025-11-09,IN,Desktop,10720,17.0,220,3192,6.89,2025-11-09 00:11:00
KP015736,KW11108,2025-11-10,FR,Tablet,1073,2.0,162,555,29.19,2025-11-10 21:34:00
KP015737,KW10474,2025-11-11,FR,Mobile,1558,5.0,19,139,13.67,2025-11-11 21:38:00
KP015738,KW11963,2025-11-12,JP,Mobile,4388,6.0,347,2280,15.22,2025-11-12 12:08:00
KP015739,KW11926,2025-11-13,US,Desktop,2141,8.0,131,983,13.33,2025-11-13 09:08:00
KP015740,KW10564,2025-11-14,CA,Desktop,4750,17.0,81,962,8.42,2025-11-14 22:24:00
KP015741,KW11057,2025-11-15,BR,Desktop,3703,39.0,14,253,5.53,2025-11-15 06:44:00
KP015742,KW10661,2025-11-16,FR,Mobile,5220,17.0,170,2662,6.39,2025-11-16 11:51:00
KP015743,KW10038,2025-11-17,IN,Mobile,22861,48.0,59,1531,3.85,2025-11-17 09:54:00
KP015744,KW10145,2025-11-18,DE,Mobile,383,50.0,5,114,4.39,2025-11-18 13:41:00
KP015745,KW10476,2025-11-19,UK,Desktop,5406,47.0,70,1548,4.52,2025-11-19 21:00:00
KP015746,KW11689,2025-11-20,DE,Mobile,4073,24.0,126,1909,6.6,2025-11-20 01:35:00
KP015747,KW10060,2025-11-21,FR,Mobile,878,46.0,8,203,3.94,2025-11-21 01:30:00
KP015748,KW11988,2025-11-22,DE,Mobile,6139,16.0,201,3240,6.2,2025-11-22 17:01:00
KP015749,KW10777,2025-11-23,US,Mobile,1002,29.0,23,423,5.44,2025-11-23 04:10:00
KP015750,KW11591,2025-11-24,DE,Mobile,1808,24.0,28,412,6.8,2025-11-24 21:40:00
KP015751,KW10989,2025-11-25,DE,Desktop,2468,22.0,62,888,6.98,2025-11-25 18:46:00
KP015752,KW10576,2025-11-26,BR,Desktop,2233,33.0,13,238,5.46,2025-11-26 05:01:00
KP015753,KW11273,2025-11-27,BR,Desktop,3590,18.0,57,798,7.14,2025-11-27 11:16:00
KP015754,KW11887,2025-11-28,FR,Desktop,18933,13.0,533,5148,10.35,2025-11-28 12:09:00
KP015755,KW10918,2025-11-29,FR,Mobile,5007,29.0,140,2438,5.74,2025-11-29 19:37:00
KP015756,KW10155,2025-11-30,UK,Mobile,12124,14.0,354,5290,6.69,2025-11-30 03:18:00
KP015757,KW10462,2025-12-01,JP,Mobile,409,35.0,2,39,5.13,2025-12-01 18:51:00
KP015758,KW11785,2025-12-02,CA,Desktop,8251,48.0,123,2409,5.11,2025-12-02 15:26:00
KP015759,KW10981,2025-12-03,MX,Mobile,4929,44.0,105,2296,4.57,2025-12-03 06:47:00
KP015760,KW11333,2025-12-04,CA,Mobile,9624,1.0,577,1961,29.42,2025-12-04 20:41:00
KP015761,KW10738,2025-12-05,BR,Mobile,2803,11.0,87,1179,7.38,2025-12-05 03:16:00
KP015762,KW10990,2025-12-06,UK,Mobile,6357,19.0,107,1427,7.5,2025-12-06 06:39:00
KP015763,KW10439,2025-12-07,MX,Desktop,1038,35.0,18,465,3.87,2025-12-07 04:49:00
KP015764,KW11154,2025-12-08,JP,Mobile,4494,43.0,103,2316,4.45,2025-12-08 00:13:00
KP015765,KW10816,2025-12-09,FR,Mobile,2513,17.0,90,1043,8.63,2025-12-09 19:06:00
KP015766,KW11478,2025-12-10,MX,Desktop,1474,12.0,8,84,9.52,2025-12-10 20:33:00
KP015767,KW10888,2025-12-11,BR,Desktop,6063,10.0,318,2984,10.66,2025-12-11 11:55:00
KP015768,KW11632,2025-12-12,CA,Desktop,2611,26.0,60,1158,5.18,2025-12-12 04:35:00
KP015769,KW11308,2025-12-13,IN,Mobile,1877,18.0,23,283,8.13,2025-12-13 12:35:00
KP015770,KW11772,2025-12-14,BR,Mobile,1680,16.0,36,481,7.48,2025-12-14 07:41:00
KP015771,KW10004,2025-12-15,FR,Mobile,1622,9.0,39,376,10.37,2025-12-15 17:31:00
KP015772,KW11327,2025-12-16,MX,Mobile,3716,3.0,348,1794,19.4,2025-12-16 23:34:00
KP015773,KW10323,2025-12-17,JP,Mobile,1243,7.0,18,131,13.74,2025-12-17 01:05:00
KP015774,KW10327,2025-12-18,DE,Mobile,1960,6.0,114,753,15.14,2025-12-18 13:14:00
KP015775,KW10100,2025-12-19,DE,Mobile,1599,19.0,26,395,6.58,2025-12-19 11:48:00
KP015776,KW10859,2025-12-20,BR,Desktop,4451,39.0,34,658,5.17,2025-12-20 19:55:00
KP015777,KW11887,2025-12-21,DE,Desktop,1557,37.0,28,526,5.32,2025-12-21 06:23:00
KP015778,KW11940,2025-12-22,DE,Mobile,13193,14.0,88,1266,6.95,2025-12-22 10:11:00
KP015779,KW11527,2025-12-23,DE,Desktop,1640,31.0,6,150,4.0,2025-12-23 11:05:00
KP015780,KW10188,2025-12-24,US,Desktop,1856,24.0,47,911,5.16,2025-12-24 03:19:00
KP015781,KW10037,2025-12-25,MX,Mobile,3385,47.0,63,1319,4.78,2025-12-25 03:40:00
KP015782,KW11758,2025-12-26,DE,Mobile,10406,16.0,108,1628,6.63,2025-12-26 07:29:00
KP015783,KW11958,2025-12-27,IN,Desktop,5319,3.0,217,1260,17.22,2025-12-27 00:21:00
KP015784,KW11617,2025-12-28,AU,Desktop,5210,40.0,89,2259,3.94,2025-12-28 00:55:00
KP015785,KW11768,2025-12-29,FR,Desktop,2355,43.0,46,1162,3.96,2025-12-29 16:15:00
KP015786,KW10754,2025-12-30,AU,Desktop,1983,21.0,46,860,5.35,2025-12-30 13:31:00
KP015787,KW10894,2025-12-31,FR,Mobile,2425,15.0,76,1122,6.77,2025-12-31 00:10:00
KP015788,KW11929,2026-01-01,CA,Tablet,2566,45.0,24,660,3.64,2026-01-01 09:15:00
KP015789,KW10464,2026-01-02,DE,Mobile,1215,44.0,6,167,3.59,2026-01-02 01:14:00
KP015790,KW11274,2026-01-03,DE,Tablet,838,44.0,18,390,4.62,2026-01-03 00:35:00
KP015791,KW11886,2026-01-04,DE,Mobile,6701,14.0,142,1515,9.37,2026-01-04 20:13:00
KP015792,KW11534,2026-01-05,CA,Desktop,3688,28.0,25,457,5.47,2026-01-05 19:05:00
KP015793,KW11083,2026-01-06,JP,Desktop,20907,37.0,148,3387,4.37,2026-01-06 21:08:00
KP015794,KW10838,2026-01-07,IN,Mobile,596,34.0,9,203,4.43,2026-01-07 18:36:00
KP015795,KW10266,2026-01-08,CA,Desktop,4083,6.0,138,1311,10.53,2026-01-08 19:57:00
KP015796,KW11330,2026-01-09,IN,Desktop,19574,47.0,71,1871,3.79,2026-01-09 05:38:00
KP015797,KW10944,2026-01-10,CA,Desktop,6155,1.0,267,828,32.25,2026-01-10 05:25:00
KP015798,KW11645,2026-01-11,FR,Mobile,1526,4.0,106,667,15.89,2026-01-11 20:45:00
KP015799,KW11664,2026-01-12,CA,Mobile,1549,47.0,31,682,4.55,2026-01-12 16:59:00
KP015800,KW10130,2026-01-13,CA,Mobile,3629,13.0,98,922,10.63,2026-01-13 09:03:00
KP015801,KW10981,2026-01-14,FR,Desktop,1752,5.0,28,199,14.07,2026-01-14 04:18:00
KP015802,KW11971,2026-01-15,UK,Desktop,5997,43.0,62,1503,4.13,2026-01-15 09:19:00
KP015803,KW11066,2026-01-16,JP,Mobile,317,5.0,6,46,13.04,2026-01-16 03:37:00
KP015804,KW11417,2026-01-17,FR,Desktop,7991,13.0,243,3102,7.83,2026-01-17 09:52:00
KP015805,KW10560,2026-01-18,UK,Desktop,11947,28.0,206,4192,4.91,2026-01-18 04:18:00
KP015806,KW10597,2026-01-19,MX,Desktop,11360,21.0,321,5748,5.58,2026-01-19 02:01:00
KP015807,KW10574,2026-01-20,BR,Desktop,1482,13.0,10,141,7.09,2026-01-20 10:31:00
KP015808,KW10433,2026-01-21,AU,Mobile,3314,48.0,14,336,4.17,2026-01-21 08:45:00
KP015809,KW11027,2026-01-22,AU,Mobile,2486,42.0,22,558,3.94,2026-01-22 11:01:00
KP015810,KW11141,2026-01-23,IN,Desktop,16686,40.0,170,3779,4.5,2026-01-23 23:09:00
KP015811,KW10758,2026-01-24,FR,Mobile,2740,24.0,17,306,5.56,2026-01-24 10:14:00
KP015812,KW11783,2026-01-25,DE,Mobile,3692,33.0,76,1525,4.98,2026-01-25 12:34:00
KP015813,KW11652,2026-01-26,DE,Tablet,3566,43.0,46,1267,3.63,2026-01-26 19:01:00
KP015814,KW11117,2026-01-27,JP,Mobile,1012,16.0,32,425,7.53,2026-01-27 16:36:00
KP015815,KW10733,2026-01-28,US,Mobile,2146,10.0,61,522,11.69,2026-01-28 22:21:00
KP015816,KW11330,2026-01-29,UK,Mobile,2083,23.0,17,339,5.01,2026-01-29 14:35:00
KP015817,KW11223,2026-01-30,UK,Desktop,11057,2.0,236,797,29.61,2026-01-30 01:01:00
KP015818,KW11612,2026-01-31,US,Mobile,2107,9.0,59,621,9.5,2026-01-31 05:00:00
KP016061,KW11348,2025-10-01,FR,Desktop,4096,50.0,10,214,4.67,2025-10-01 00:20:00
KP016062,KW10071,2025-10-02,MX,Mobile,1272,16.0,4,66,6.06,2025-10-02 05:15:00
KP016063,KW11747,2025-10-03,AU,Desktop,30849,28.0,210,3479,6.04,2025-10-03 07:21:00
KP016064,KW10254,2025-10-04,UK,Mobile,1436,19.0,27,528,5.11,2025-10-04 12:51:00
KP016065,KW10426,2025-10-05,FR,Desktop,16733,41.0,334,7595,4.4,2025-10-05 06:26:00
KP016066,KW11733,2025-10-06,CA,Desktop,1888,28.0,16,257,6.23,2025-10-06 03:26:00
KP016067,KW10222,2025-10-07,US,Desktop,7973,21.0,117,1639,7.14,2025-10-07 15:09:00
KP016068,KW11465,2025-10-08,DE,Desktop,2719,34.0,38,983,3.87,2025-10-08 21:50:00
KP016069,KW11351,2025-10-09,CA,Desktop,6412,36.0,108,2191,4.93,2025-10-09 13:22:00
KP016070,KW11272,2025-10-10,JP,Desktop,2348,43.0,10,207,4.83,2025-10-10 04:13:00
KP016071,KW11867,2025-10-11,BR,Mobile,7045,40.0,193,3477,5.55,2025-10-11 16:40:00
KP016072,KW10447,2025-10-12,UK,Desktop,1444,41.0,19,499,3.81,2025-10-12 19:07:00
KP016073,KW10536,2025-10-13,CA,Mobile,2221,45.0,8,179,4.47,2025-10-13 03:00:00
KP016074,KW10768,2025-10-14,UK,Desktop,892,20.0,13,244,5.33,2025-10-14 03:08:00
KP016075,KW11351,2025-10-15,MX,Desktop,24804,39.0,194,5296,3.66,2025-10-15 21:12:00
KP016076,KW11514,2025-10-16,FR,Desktop,1491,19.0,63,767,8.21,2025-10-16 04:26:00
KP016077,KW11910,2025-10-17,BR,Desktop,1956,46.0,38,846,4.49,2025-10-17 06:38:00
KP016078,KW10603,2025-10-18,AU,Desktop,1331,22.0,37,648,5.71,2025-10-18 14:38:00
KP016079,KW10607,2025-10-19,AU,Desktop,6338,6.0,74,642,11.53,2025-10-19 01:46:00
KP016080,KW10021,2025-10-20,FR,Mobile,775,5.0,43,337,12.76,2025-10-20 10:05:00
KP016081,KW11133,2025-10-21,JP,Mobile,3001,16.0,57,1008,5.65,2025-10-21 15:21:00
KP016082,KW11732,2025-10-22,BR,Desktop,1498,3.0,80,482,16.6,2025-10-22 09:14:00
KP016083,KW11703,2025-10-23,IN,Mobile,1845,19.0,40,727,5.5,2025-10-23 15:29:00
KP016084,KW11333,2025-10-24,UK,Mobile,10740,31.0,69,1056,6.53,2025-10-24 16:27:00
KP016085,KW10733,2025-10-25,BR,Desktop,6747,18.0,195,2501,7.8,2025-10-25 16:08:00
KP016086,KW10817,2025-10-26,UK,Mobile,2685,45.0,8,221,3.62,2025-10-26 09:59:00
KP016087,KW11626,2025-10-27,IN,Desktop,5133,5.0,40,305,13.11,2025-10-27 10:05:00
KP016088,KW10148,2025-10-28,CA,Mobile,3390,14.0,130,1397,9.31,2025-10-28 00:48:00
KP016089,KW10566,2025-10-29,IN,Desktop,9104,22.0,212,3685,5.75,2025-10-29 08:05:00
KP016090,KW11494,2025-10-30,IN,Desktop,1446,1.0,33,107,30.84,2025-10-30 07:21:00
KP016091,KW11874,2025-10-31,JP,Mobile,3172,32.0,63,1006,6.26,2025-10-31 01:50:00
KP016092,KW10914,2025-11-01,JP,Mobile,1582,25.0,35,652,5.37,2025-11-01 05:48:00
KP016093,KW11034,2025-11-02,FR,Mobile,2682,47.0,44,1240,3.55,2025-11-02 16:56:00
KP016094,KW11002,2025-11-03,FR,Desktop,2078,7.0,91,901,10.1,2025-11-03 23:53:00
KP016095,KW11076,2025-11-04,CA,Desktop,2086,50.0,8,192,4.17,2025-11-04 04:08:00
KP016096,KW11990,2025-11-05,FR,Desktop,2980,43.0,74,1557,4.75,2025-11-05 10:56:00
KP016097,KW10218,2025-11-06,IN,Mobile,2765,43.0,34,910,3.74,2025-11-06 23:07:00
KP016098,KW10281,2025-11-07,DE,Mobile,2541,34.0,53,909,5.83,2025-11-07 13:28:00
KP016099,KW10251,2025-11-08,DE,Mobile,8079,43.0,30,786,3.82,2025-11-08 03:44:00
KP016100,KW10957,2025-11-09,MX,Desktop,18485,15.0,109,1775,6.14,2025-11-09 03:59:00
KP016101,KW11357,2025-11-10,AU,Desktop,1124,26.0,23,447,5.15,2025-11-10 16:53:00
KP016102,KW10152,2025-11-11,US,Mobile,1049,50.0,5,124,4.03,2025-11-11 16:45:00
KP016103,KW10904,2025-11-12,IN,Desktop,2808,23.0,48,883,5.44,2025-11-12 10:28:00
KP016104,KW11854,2025-11-13,US,Mobile,4248,14.0,71,847,8.38,2025-11-13 13:07:00
KP016105,KW10552,2025-11-14,CA,Mobile,2031,37.0,31,713,4.35,2025-11-14 01:33:00
KP016106,KW11105,2025-11-15,IN,Desktop,924,3.0,82,410,20.0,2025-11-15 15:35:00
KP016107,KW11129,2025-11-16,IN,Mobile,6387,49.0,101,2682,3.77,2025-11-16 14:44:00
KP016108,KW11162,2025-11-17,US,Desktop,6246,8.0,266,3156,8.43,2025-11-17 13:39:00
KP016109,KW11163,2025-11-18,FR,Tablet,7593,33.0,39,675,5.78,2025-11-18 00:48:00
KP016110,KW11699,2025-11-19,DE,Desktop,3496,37.0,56,1533,3.65,2025-11-19 22:29:00
KP016111,KW11783,2025-11-20,AU,Mobile,8493,39.0,74,1621,4.57,2025-11-20 22:03:00
KP016112,KW10678,2025-11-21,JP,Desktop,7721,14.0,192,1877,10.23,2025-11-21 20:23:00
KP016113,KW10608,2025-11-22,AU,Desktop,5541,26.0,61,1035,5.89,2025-11-22 21:24:00
KP016114,KW10106,2025-11-23,UK,Mobile,521,15.0,7,89,7.87,2025-11-23 09:02:00
KP016115,KW11570,2025-11-24,UK,Mobile,9698,13.0,43,541,7.95,2025-11-24 09:30:00
KP016116,KW11659,2025-11-25,JP,Desktop,4294,6.0,36,364,9.89,2025-11-25 20:12:00
KP016117,KW11961,2025-11-26,CA,Desktop,491,1.0,27,90,30.0,2025-11-26 06:55:00
KP016118,KW11921,2025-11-27,US,Mobile,8078,38.0,161,4216,3.82,2025-11-27 02:04:00
KP016119,KW10237,2025-11-28,DE,Desktop,1672,15.0,26,307,8.47,2025-11-28 05:54:00
KP016120,KW11311,2025-11-29,IN,Mobile,798,13.0,42,424,9.91,2025-11-29 11:51:00
KP016121,KW10634,2025-11-30,DE,Desktop,407,1.0,53,194,27.32,2025-11-30 13:23:00
KP016122,KW11076,2025-12-01,IN,Desktop,5298,16.0,51,713,7.15,2025-12-01 19:49:00
KP016123,KW10183,2025-12-02,CA,Desktop,1686,44.0,11,299,3.68,2025-12-02 17:04:00
KP016124,KW10240,2025-12-03,US,Desktop,4508,39.0,123,2376,5.18,2025-12-03 15:39:00
KP016125,KW10999,2025-12-04,IN,Mobile,256,32.0,2,56,3.57,2025-12-04 04:48:00
KP016126,KW10548,2025-12-05,MX,Mobile,4501,18.0,164,2396,6.84,2025-12-05 02:33:00
KP016127,KW10223,2025-12-06,US,Desktop,1333,18.0,43,583,7.38,2025-12-06 00:21:00
KP016128,KW10090,2025-12-07,US,Mobile,1379,49.0,10,341,2.93,2025-12-07 11:12:00
KP016129,KW10914,2025-12-08,JP,Mobile,927,7.0,29,309,9.39,2025-12-08 09:48:00
KP016130,KW10342,2025-12-09,DE,Desktop,3290,29.0,49,854,5.74,2025-12-09 09:59:00
KP016131,KW10394,2025-12-10,US,Mobile,1211,19.0,35,548,6.39,2025-12-10 22:53:00
KP016132,KW10616,2025-12-11,IN,Desktop,1705,37.0,17,361,4.71,2025-12-11 11:46:00
KP016133,KW11914,2025-12-12,JP,Desktop,2078,2.0,236,942,25.05,2025-12-12 20:17:00
KP016134,KW10403,2025-12-13,BR,Desktop,755,15.0,4,78,5.13,2025-12-13 00:09:00
KP016135,KW10701,2025-12-14,FR,Desktop,2080,25.0,15,279,5.38,2025-12-14 14:32:00
KP016136,KW10018,2025-12-15,IN,Desktop,2658,47.0,7,169,4.14,2025-12-15 15:40:00
KP016137,KW10249,2025-12-16,MX,Desktop,1796,10.0,78,718,10.86,2025-12-16 19:47:00
KP016138,KW10299,2025-12-17,US,Mobile,556,24.0,5,98,5.1,2025-12-17 09:13:00
KP016139,KW11635,2025-12-18,DE,Mobile,4150,9.0,143,1341,10.66,2025-12-18 09:30:00
KP016140,KW10179,2025-12-19,US,Mobile,3784,9.0,113,1000,11.3,2025-12-19 19:05:00
KP016141,KW11784,2025-12-20,FR,Tablet,8277,25.0,45,728,6.18,2025-12-20 04:41:00
KP016142,KW10081,2025-12-21,MX,Desktop,4221,28.0,20,406,4.93,2025-12-21 02:56:00
KP016143,KW11133,2025-12-22,AU,Mobile,5415,39.0,106,2085,5.08,2025-12-22 07:15:00
KP016144,KW10354,2025-12-23,AU,Desktop,3097,14.0,86,1303,6.6,2025-12-23 01:44:00
KP016145,KW11612,2025-12-24,MX,Mobile,4040,48.0,35,897,3.9,2025-12-24 11:54:00
KP016146,KW11968,2025-12-25,FR,Mobile,3731,3.0,202,1277,15.82,2025-12-25 20:24:00
KP016147,KW11021,2025-12-26,MX,Mobile,2427,37.0,29,527,5.5,2025-12-26 20:26:00
KP016148,KW10798,2025-12-27,FR,Mobile,1560,27.0,38,676,5.62,2025-12-27 09:39:00
KP016149,KW10244,2025-12-28,FR,Desktop,1141,4.0,78,518,15.06,2025-12-28 08:56:00
KP016150,KW11532,2025-12-29,DE,Mobile,2103,15.0,88,1137,7.74,2025-12-29 12:35:00
KP016151,KW10899,2025-12-30,UK,Mobile,2703,23.0,12,222,5.41,2025-12-30 01:30:00
KP016152,KW10090,2025-12-31,MX,Desktop,2938,48.0,38,1160,3.28,2025-12-31 20:43:00
KP016153,KW11902,2026-01-01,CA,Mobile,19292,6.0,131,1258,10.41,2026-01-01 04:14:00
KP016154,KW10468,2026-01-02,CA,Mobile,6243,13.0,124,1442,8.6,2026-01-02 02:12:00
KP016155,KW10816,2026-01-03,BR,Mobile,1275,36.0,20,377,5.31,2026-01-03 06:35:00
KP016156,KW11510,2026-01-04,JP,Mobile,2551,8.0,29,319,9.09,2026-01-04 20:47:00
KP016157,KW10332,2026-01-05,AU,Mobile,1745,48.0,21,681,3.08,2026-01-05 11:31:00
KP016158,KW10148,2026-01-06,US,Mobile,14841,32.0,291,6781,4.29,2026-01-06 22:05:00
KP016159,KW11523,2026-01-07,DE,Desktop,19251,2.0,1415,5065,27.94,2026-01-07 14:09:00
KP016160,KW11296,2026-01-08,UK,Mobile,1911,29.0,7,136,5.15,2026-01-08 07:36:00
KP016161,KW10050,2026-01-09,MX,Mobile,1150,2.0,78,290,26.9,2026-01-09 16:16:00
KP016162,KW11887,2026-01-10,JP,Mobile,6703,24.0,205,3562,5.76,2026-01-10 22:03:00
KP016163,KW11548,2026-01-11,DE,Desktop,5857,33.0,85,1692,5.02,2026-01-11 19:38:00
KP016164,KW10153,2026-01-12,FR,Mobile,589,31.0,4,68,5.88,2026-01-12 07:20:00
KP016165,KW10504,2026-01-13,UK,Desktop,769,1.0,20,58,34.48,2026-01-13 06:13:00
KP016166,KW10745,2026-01-14,AU,Mobile,2661,48.0,35,756,4.63,2026-01-14 17:24:00
KP016167,KW10649,2026-01-15,FR,Mobile,8404,45.0,198,4170,4.75,2026-01-15 14:23:00
KP016168,KW11521,2026-01-16,AU,Desktop,968,35.0,3,61,4.92,2026-01-16 22:20:00
KP016169,KW10061,2026-01-17,FR,Tablet,4138,20.0,96,1554,6.18,2026-01-17 21:16:00
KP016170,KW11355,2026-01-18,UK,Mobile,670,10.0,24,292,8.22,2026-01-18 20:40:00
KP016171,KW11823,2026-01-19,FR,Mobile,2171,42.0,8,192,4.17,2026-01-19 00:53:00
KP016172,KW10085,2026-01-20,UK,Mobile,9373,16.0,323,4073,7.93,2026-01-20 05:18:00
KP016173,KW10197,2026-01-21,US,Mobile,5436,30.0,88,2149,4.09,2026-01-21 06:28:00
KP016174,KW10471,2026-01-22,IN,Mobile,314,18.0,8,110,7.27,2026-01-22 19:43:00
KP016175,KW10367,2026-01-23,AU,Mobile,4222,13.0,161,1724,9.34,2026-01-23 15:33:00
KP016176,KW11137,2026-01-24,MX,Desktop,9754,27.0,160,2968,5.39,2026-01-24 07:53:00
KP016177,KW11015,2026-01-25,CA,Mobile,9779,42.0,109,2933,3.72,2026-01-25 17:09:00
KP016178,KW11339,2026-01-26,CA,Mobile,4601,21.0,150,2224,6.74,2026-01-26 06:22:00
KP016179,KW10059,2026-01-27,UK,Mobile,1523,47.0,35,739,4.74,2026-01-27 21:56:00
KP016180,KW10062,2026-01-28,US,Mobile,6196,36.0,43,1063,4.05,2026-01-28 23:22:00
KP016181,KW10455,2026-01-29,FR,Desktop,22495,22.0,687,11084,6.2,2026-01-29 09:06:00
KP016182,KW11474,2026-01-30,DE,Desktop,918,26.0,18,267,6.74,2026-01-30 16:19:00
KP016183,KW10279,2026-01-31,CA,Mobile,3887,38.0,41,1114,3.68,2026-01-31 20:50:00
KP016426,KW11954,2025-10-01,UK,Desktop,2112,45.0,4,117,3.42,2025-10-01 13:20:00
KP016427,KW10785,2025-10-02,AU,Desktop,16717,41.0,309,5462,5.66,2025-10-02 01:14:00
KP016428,KW10483,2025-10-03,DE,Desktop,5973,24.0,84,1354,6.2,2025-10-03 04:53:00
KP016429,KW10208,2025-10-04,US,Tablet,5261,40.0,140,2875,4.87,2025-10-04 18:22:00
KP016430,KW10171,2025-10-05,IN,Desktop,3740,39.0,49,965,5.08,2025-10-05 05:36:00
KP016431,KW10481,2025-10-06,US,Desktop,1322,46.0,32,695,4.6,2025-10-06 17:45:00
KP016432,KW11338,2025-10-07,CA,Desktop,1385,23.0,21,284,7.39,2025-10-07 17:30:00
KP016433,KW10954,2025-10-08,FR,Desktop,2119,47.0,17,373,4.56,2025-10-08 18:55:00
KP016434,KW10626,2025-10-09,JP,Desktop,828,21.0,16,208,7.69,2025-10-09 11:42:00
KP016435,KW10806,2025-10-10,DE,Tablet,10834,39.0,127,3156,4.02,2025-10-10 09:35:00
KP016436,KW11448,2025-10-11,US,Desktop,5847,6.0,39,376,10.37,2025-10-11 09:19:00
KP016437,KW10921,2025-10-12,MX,Desktop,1029,36.0,27,502,5.38,2025-10-12 15:32:00
KP016438,KW10866,2025-10-13,IN,Desktop,22385,47.0,474,11326,4.19,2025-10-13 16:39:00
KP016439,KW11255,2025-10-14,AU,Desktop,2394,5.0,147,1086,13.54,2025-10-14 23:12:00
KP016440,KW10448,2025-10-15,CA,Desktop,1396,44.0,10,219,4.57,2025-10-15 10:30:00
KP016441,KW11322,2025-10-16,DE,Desktop,2859,41.0,16,462,3.46,2025-10-16 14:36:00
KP016442,KW10298,2025-10-17,BR,Desktop,8216,16.0,267,4444,6.01,2025-10-17 11:20:00
KP016443,KW10234,2025-10-18,IN,Mobile,4325,5.0,261,2094,12.46,2025-10-18 10:40:00
KP016444,KW11908,2025-10-19,DE,Desktop,3084,37.0,67,1396,4.8,2025-10-19 14:41:00
KP016445,KW11528,2025-10-20,DE,Mobile,970,15.0,14,198,7.07,2025-10-20 23:05:00
KP016446,KW11494,2025-10-21,BR,Desktop,2083,18.0,40,613,6.53,2025-10-21 23:22:00
KP016447,KW10414,2025-10-22,DE,Desktop,3790,45.0,48,1321,3.63,2025-10-22 05:25:00
KP016448,KW10860,2025-10-23,CA,Desktop,4420,2.0,419,1671,25.07,2025-10-23 17:24:00
KP016449,KW11128,2025-10-24,AU,Desktop,3049,14.0,46,681,6.75,2025-10-24 22:57:00
KP016450,KW10470,2025-10-25,CA,Mobile,881,9.0,10,100,10.0,2025-10-25 09:16:00
KP016451,KW11659,2025-10-26,IN,Mobile,3208,40.0,57,1059,5.38,2025-10-26 16:33:00
KP016452,KW10953,2025-10-27,UK,Desktop,3392,47.0,33,792,4.17,2025-10-27 03:59:00
KP016453,KW10191,2025-10-28,MX,Mobile,3962,46.0,94,2057,4.57,2025-10-28 07:18:00
KP016454,KW11664,2025-10-29,AU,Mobile,586,21.0,19,313,6.07,2025-10-29 23:08:00
KP016455,KW10632,2025-10-30,FR,Desktop,3666,24.0,103,1541,6.68,2025-10-30 09:10:00
KP016456,KW11026,2025-10-31,BR,Desktop,5705,13.0,195,2504,7.79,2025-10-31 07:01:00
KP016457,KW11914,2025-11-01,IN,Desktop,2138,3.0,96,666,14.41,2025-11-01 00:16:00
KP016458,KW10560,2025-11-02,US,Mobile,2220,28.0,15,259,5.79,2025-11-02 22:13:00
KP016459,KW10607,2025-11-03,UK,Mobile,2811,21.0,53,856,6.19,2025-11-03 14:44:00
KP016460,KW11326,2025-11-04,US,Desktop,4367,33.0,64,1655,3.87,2025-11-04 08:49:00
KP016461,KW10791,2025-11-05,US,Desktop,7676,39.0,92,2606,3.53,2025-11-05 02:50:00
KP016462,KW10187,2025-11-06,DE,Desktop,1846,24.0,20,440,4.55,2025-11-06 08:07:00
KP016463,KW11816,2025-11-07,MX,Mobile,5813,31.0,36,613,5.87,2025-11-07 08:04:00
KP016464,KW11490,2025-11-08,US,Mobile,6803,20.0,72,984,7.32,2025-11-08 10:07:00
KP016465,KW10004,2025-11-09,CA,Desktop,5149,3.0,251,1134,22.13,2025-11-09 19:48:00
KP016466,KW11109,2025-11-10,UK,Mobile,1509,35.0,4,89,4.49,2025-11-10 21:25:00
KP016467,KW10411,2025-11-11,AU,Desktop,6151,49.0,25,800,3.12,2025-11-11 09:09:00
KP016468,KW10019,2025-11-12,MX,Mobile,3285,25.0,40,570,7.02,2025-11-12 19:38:00
KP016469,KW10525,2025-11-13,US,Mobile,7620,13.0,214,2073,10.32,2025-11-13 05:39:00
KP016470,KW11066,2025-11-14,US,Mobile,2045,39.0,29,778,3.73,2025-11-14 05:55:00
KP016471,KW10160,2025-11-15,JP,Mobile,1996,36.0,5,105,4.76,2025-11-15 18:05:00
KP016472,KW10189,2025-11-16,CA,Desktop,8059,22.0,144,2487,5.79,2025-11-16 13:45:00
KP016473,KW11557,2025-11-17,MX,Mobile,2933,42.0,69,1255,5.5,2025-11-17 14:19:00
KP016474,KW11050,2025-11-18,US,Desktop,5001,4.0,188,999,18.82,2025-11-18 03:43:00
KP016475,KW11063,2025-11-19,IN,Mobile,1059,18.0,35,514,6.81,2025-11-19 11:40:00
KP016476,KW10286,2025-11-20,CA,Mobile,9979,4.0,578,4040,14.31,2025-11-20 17:36:00
KP016477,KW10699,2025-11-21,DE,Desktop,930,13.0,47,450,10.44,2025-11-21 20:49:00
KP016478,KW11379,2025-11-22,CA,Desktop,16178,50.0,199,4458,4.46,2025-11-22 02:14:00
KP016479,KW10149,2025-11-23,CA,Desktop,1218,49.0,4,144,2.78,2025-11-23 12:35:00
KP016480,KW11931,2025-11-24,US,Desktop,1989,47.0,17,376,4.52,2025-11-24 21:24:00
KP016481,KW11068,2025-11-25,JP,Mobile,2522,32.0,58,939,6.18,2025-11-25 13:55:00
KP016482,KW10848,2025-11-26,BR,Mobile,734,8.0,43,357,12.04,2025-11-26 16:43:00
KP016483,KW11034,2025-11-27,US,Desktop,2349,23.0,80,1168,6.85,2025-11-27 12:37:00
KP016484,KW10744,2025-11-28,IN,Mobile,186,44.0,3,66,4.55,2025-11-28 07:56:00
KP016485,KW11958,2025-11-29,DE,Mobile,6013,5.0,493,2880,17.12,2025-11-29 10:45:00
KP016486,KW10433,2025-11-30,CA,Desktop,1537,13.0,24,346,6.94,2025-11-30 21:42:00
KP016487,KW11100,2025-12-01,UK,Mobile,3489,42.0,13,370,3.51,2025-12-01 14:11:00
KP016488,KW11177,2025-12-02,JP,Mobile,3810,2.0,366,1307,28.0,2025-12-02 12:25:00
KP016489,KW10528,2025-12-03,IN,Desktop,2798,16.0,17,210,8.1,2025-12-03 03:33:00
KP016490,KW11264,2025-12-04,MX,Desktop,1422,38.0,14,349,4.01,2025-12-04 08:26:00
KP016491,KW10589,2025-12-05,DE,Desktop,1118,1.0,53,184,28.8,2025-12-05 23:11:00
KP016492,KW11941,2025-12-06,US,Mobile,2056,38.0,36,948,3.8,2025-12-06 07:16:00
KP016493,KW10258,2025-12-07,BR,Desktop,4234,23.0,132,1706,7.74,2025-12-07 08:37:00
KP016494,KW10679,2025-12-08,IN,Mobile,1459,49.0,12,387,3.1,2025-12-08 11:47:00
KP016495,KW10044,2025-12-09,CA,Desktop,2229,48.0,19,605,3.14,2025-12-09 17:01:00
KP016496,KW10288,2025-12-10,FR,Mobile,3714,34.0,59,1076,5.48,2025-12-10 21:51:00
KP016497,KW11328,2025-12-11,MX,Mobile,2297,29.0,72,1240,5.81,2025-12-11 17:08:00
KP016498,KW10258,2025-12-12,BR,Mobile,1854,44.0,5,112,4.46,2025-12-12 02:18:00
KP016499,KW10730,2025-12-13,FR,Mobile,564,23.0,12,158,7.59,2025-12-13 23:38:00
KP016500,KW10986,2025-12-14,MX,Mobile,2734,31.0,64,1371,4.67,2025-12-14 04:31:00
KP016501,KW10779,2025-12-15,MX,Desktop,7873,8.0,412,3809,10.82,2025-12-15 16:20:00
KP016502,KW11412,2025-12-16,AU,Desktop,9481,15.0,85,957,8.88,2025-12-16 18:39:00
KP016503,KW11851,2025-12-17,CA,Mobile,635,41.0,2,51,3.92,2025-12-17 15:29:00
KP016504,KW11147,2025-12-18,US,Mobile,7409,25.0,68,1109,6.13,2025-12-18 21:31:00
KP016505,KW10381,2025-12-19,AU,Desktop,4625,21.0,138,1743,7.92,2025-12-19 01:10:00
KP016506,KW11406,2025-12-20,MX,Desktop,13497,20.0,306,3664,8.35,2025-12-20 08:25:00
KP016507,KW11996,2025-12-21,MX,Mobile,432,25.0,10,153,6.54,2025-12-21 08:10:00
KP016508,KW10002,2025-12-22,JP,Mobile,1436,21.0,18,294,6.12,2025-12-22 21:31:00
KP016509,KW11163,2025-12-23,FR,Mobile,4725,19.0,62,1159,5.35,2025-12-23 13:33:00
KP016510,KW10491,2025-12-24,AU,Mobile,11502,44.0,65,1263,5.15,2025-12-24 02:53:00
KP016511,KW10323,2025-12-25,CA,Desktop,5659,16.0,60,877,6.84,2025-12-25 14:09:00
KP016512,KW10165,2025-12-26,CA,Desktop,2391,14.0,68,920,7.39,2025-12-26 09:35:00
KP016513,KW10333,2025-12-27,JP,Mobile,5024,33.0,27,624,4.33,2025-12-27 05:17:00
KP016514,KW11775,2025-12-28,US,Mobile,3417,46.0,13,331,3.93,2025-12-28 18:56:00
KP016515,KW10033,2025-12-29,DE,Mobile,1727,21.0,5,88,5.68,2025-12-29 14:09:00
KP016516,KW10468,2025-12-30,IN,Tablet,3214,48.0,13,291,4.47,2025-12-30 02:08:00
KP016517,KW11546,2025-12-31,CA,Desktop,3980,50.0,17,560,3.04,2025-12-31 23:08:00
KP016518,KW11087,2026-01-01,JP,Desktop,5304,9.0,159,1644,9.67,2026-01-01 11:22:00
KP016519,KW10688,2026-01-02,MX,Desktop,10609,5.0,203,1595,12.73,2026-01-02 16:58:00
KP016520,KW10718,2026-01-03,MX,Mobile,1622,47.0,27,762,3.54,2026-01-03 08:52:00
KP016521,KW10210,2026-01-04,US,Mobile,21674,47.0,275,5287,5.2,2026-01-04 02:23:00
KP016522,KW10647,2026-01-05,MX,Desktop,915,27.0,16,280,5.71,2026-01-05 10:06:00
KP016523,KW10343,2026-01-06,US,Tablet,3847,31.0,27,630,4.29,2026-01-06 12:44:00
KP016524,KW11760,2026-01-07,IN,Mobile,986,31.0,29,486,5.97,2026-01-07 20:48:00
KP016525,KW11534,2026-01-08,AU,Desktop,3089,13.0,68,992,6.85,2026-01-08 20:53:00
KP016526,KW10250,2026-01-09,UK,Desktop,4358,40.0,13,331,3.93,2026-01-09 11:10:00
KP016527,KW10244,2026-01-10,JP,Desktop,5706,19.0,59,720,8.19,2026-01-10 19:09:00
KP016528,KW11797,2026-01-11,CA,Desktop,565,25.0,1,34,2.94,2026-01-11 20:43:00
KP016529,KW11126,2026-01-12,UK,Tablet,4362,27.0,141,2307,6.11,2026-01-12 07:05:00
KP016530,KW11141,2026-01-13,AU,Mobile,1227,8.0,45,517,8.7,2026-01-13 00:20:00
KP016531,KW10990,2026-01-14,MX,Desktop,2344,7.0,157,1077,14.58,2026-01-14 01:06:00
KP016532,KW11637,2026-01-15,AU,Mobile,6086,37.0,62,1634,3.79,2026-01-15 10:44:00
KP016533,KW11353,2026-01-16,AU,Mobile,1840,14.0,60,847,7.08,2026-01-16 20:29:00
KP016534,KW10742,2026-01-17,AU,Mobile,1050,3.0,83,569,14.59,2026-01-17 23:50:00
KP016535,KW10538,2026-01-18,DE,Desktop,3113,19.0,89,1562,5.7,2026-01-18 02:59:00
KP016536,KW11935,2026-01-19,CA,Mobile,10933,26.0,258,3552,7.26,2026-01-19 18:28:00
KP016537,KW10495,2026-01-20,MX,Desktop,3758,43.0,37,1085,3.41,2026-01-20 23:32:00
KP016538,KW10706,2026-01-21,JP,Mobile,1355,39.0,11,282,3.9,2026-01-21 00:23:00
KP016539,KW10591,2026-01-22,JP,Mobile,805,29.0,9,179,5.03,2026-01-22 04:17:00
KP016540,KW10914,2026-01-23,IN,Desktop,3996,13.0,71,815,8.71,2026-01-23 01:45:00
KP016541,KW11830,2026-01-24,DE,Desktop,3356,27.0,87,1582,5.5,2026-01-24 08:19:00
KP016542,KW11068,2026-01-25,US,Mobile,1838,38.0,10,219,4.57,2026-01-25 16:22:00
KP016543,KW11910,2026-01-26,BR,Desktop,5456,44.0,141,2812,5.01,2026-01-26 22:11:00
KP016544,KW11740,2026-01-27,AU,Desktop,2783,32.0,35,828,4.23,2026-01-27 11:58:00
KP016545,KW10106,2026-01-28,MX,Mobile,10299,34.0,145,2378,6.1,2026-01-28 23:30:00
KP016546,KW11431,2026-01-29,AU,Mobile,596,18.0,7,141,4.96,2026-01-29 05:14:00
KP016547,KW11386,2026-01-30,DE,Mobile,2899,45.0,44,1149,3.83,2026-01-30 11:33:00
KP016548,KW10031,2026-01-31,US,Desktop,3818,20.0,54,763,7.08,2026-01-31 22:21:00
KP016791,KW11439,2025-10-01,US,Mobile,701,26.0,12,201,5.97,2025-10-01 06:08:00
KP016792,KW10067,2025-10-02,FR,Mobile,12679,47.0,163,3583,4.55,2025-10-02 06:07:00
KP016793,KW10572,2025-10-03,US,Mobile,2716,33.0,11,228,4.82,2025-10-03 16:39:00
KP016794,KW10107,2025-10-04,CA,Tablet,2755,11.0,15,152,9.87,2025-10-04 05:23:00
KP016795,KW11206,2025-10-05,FR,Desktop,2734,22.0,25,509,4.91,2025-10-05 04:17:00
KP016796,KW11008,2025-10-06,MX,Desktop,4553,34.0,48,1120,4.29,2025-10-06 04:56:00
KP016797,KW11243,2025-10-07,IN,Mobile,5077,39.0,81,1764,4.59,2025-10-07 03:40:00
KP016798,KW11606,2025-10-08,AU,Desktop,2700,50.0,41,1353,3.03,2025-10-08 09:53:00
KP016799,KW10029,2025-10-09,CA,Mobile,3792,14.0,47,551,8.53,2025-10-09 02:34:00
KP016800,KW10375,2025-10-10,MX,Mobile,8226,45.0,61,1316,4.64,2025-10-10 03:56:00
KP016801,KW10659,2025-10-11,MX,Desktop,18309,33.0,84,1914,4.39,2025-10-11 13:03:00
KP016802,KW10074,2025-10-12,DE,Desktop,24642,4.0,1479,7902,18.72,2025-10-12 16:58:00
KP016803,KW10579,2025-10-13,CA,Mobile,714,30.0,9,161,5.59,2025-10-13 03:44:00
KP016804,KW11869,2025-10-14,MX,Mobile,2127,5.0,95,820,11.59,2025-10-14 17:37:00
KP016805,KW11538,2025-10-15,FR,Desktop,23492,9.0,557,5089,10.95,2025-10-15 19:28:00
KP016806,KW10669,2025-10-16,FR,Desktop,5796,16.0,108,1874,5.76,2025-10-16 14:29:00
KP016807,KW11050,2025-10-17,BR,Mobile,2087,9.0,98,754,13.0,2025-10-17 10:45:00
KP016808,KW10063,2025-10-18,DE,Mobile,2107,26.0,48,772,6.22,2025-10-18 07:40:00
KP016809,KW10195,2025-10-19,CA,Desktop,1357,14.0,32,433,7.39,2025-10-19 00:29:00
KP016810,KW10388,2025-10-20,JP,Tablet,13241,38.0,170,3556,4.78,2025-10-20 23:41:00
KP016811,KW11354,2025-10-21,MX,Desktop,2018,45.0,7,166,4.22,2025-10-21 11:15:00
KP016812,KW10275,2025-10-22,DE,Desktop,3221,10.0,69,843,8.19,2025-10-22 03:53:00
KP016813,KW10287,2025-10-23,DE,Mobile,1044,48.0,23,517,4.45,2025-10-23 12:45:00
KP016814,KW11147,2025-10-24,BR,Desktop,3706,6.0,198,1624,12.19,2025-10-24 09:58:00
KP016815,KW11633,2025-10-25,IN,Mobile,4432,9.0,29,268,10.82,2025-10-25 16:51:00
KP016816,KW10281,2025-10-26,AU,Desktop,19668,16.0,745,8313,8.96,2025-10-26 10:31:00
KP016817,KW10172,2025-10-27,UK,Mobile,10459,43.0,78,1661,4.7,2025-10-27 01:19:00
KP016818,KW11861,2025-10-28,DE,Desktop,1907,27.0,10,149,6.71,2025-10-28 11:07:00
KP016819,KW11338,2025-10-29,AU,Mobile,2586,8.0,54,612,8.82,2025-10-29 16:46:00
KP016820,KW11631,2025-10-30,JP,Desktop,2088,49.0,36,1087,3.31,2025-10-30 07:04:00
KP016821,KW10972,2025-10-31,IN,Mobile,15330,48.0,140,3739,3.74,2025-10-31 10:05:00
KP016822,KW10024,2025-11-01,BR,Mobile,1214,5.0,33,305,10.82,2025-11-01 09:53:00
KP016823,KW10218,2025-11-02,BR,Mobile,3690,28.0,90,1403,6.41,2025-11-02 06:42:00
KP016824,KW10750,2025-11-03,US,Desktop,579,17.0,26,315,8.25,2025-11-03 01:38:00
KP016825,KW11087,2025-11-04,MX,Desktop,8566,37.0,149,3912,3.81,2025-11-04 18:48:00
KP016826,KW11050,2025-11-05,IN,Mobile,3952,35.0,60,1184,5.07,2025-11-05 09:39:00
KP016827,KW11266,2025-11-06,JP,Mobile,889,45.0,19,388,4.9,2025-11-06 19:30:00
KP016828,KW11059,2025-11-07,CA,Mobile,3447,15.0,85,1122,7.58,2025-11-07 19:02:00
KP016829,KW11849,2025-11-08,DE,Mobile,1874,5.0,57,381,14.96,2025-11-08 19:43:00
KP016830,KW10531,2025-11-09,UK,Desktop,1750,4.0,100,637,15.7,2025-11-09 03:45:00
KP016831,KW11864,2025-11-10,BR,Mobile,11159,34.0,165,4096,4.03,2025-11-10 00:50:00
KP016832,KW11006,2025-11-11,CA,Desktop,10115,4.0,319,2146,14.86,2025-11-11 19:20:00
KP016833,KW11806,2025-11-12,JP,Desktop,2964,50.0,48,1391,3.45,2025-11-12 03:43:00
KP016834,KW10402,2025-11-13,DE,Mobile,2171,44.0,15,315,4.76,2025-11-13 13:25:00
KP016835,KW10118,2025-11-14,FR,Desktop,3869,35.0,27,595,4.54,2025-11-14 14:59:00
KP016836,KW10074,2025-11-15,IN,Desktop,650,43.0,5,117,4.27,2025-11-15 14:03:00
KP016837,KW10158,2025-11-16,JP,Mobile,13903,49.0,259,6593,3.93,2025-11-16 19:06:00
KP016838,KW10235,2025-11-17,UK,Mobile,3320,15.0,17,217,7.83,2025-11-17 21:43:00
KP016839,KW10861,2025-11-18,IN,Mobile,10268,23.0,203,3461,5.87,2025-11-18 22:19:00
KP016840,KW10208,2025-11-19,AU,Desktop,5022,25.0,51,808,6.31,2025-11-19 17:50:00
KP016841,KW11354,2025-11-20,JP,Desktop,2830,42.0,39,1019,3.83,2025-11-20 12:26:00
KP016842,KW10624,2025-11-21,MX,Desktop,1893,38.0,15,319,4.7,2025-11-21 15:03:00
KP016843,KW11889,2025-11-22,US,Mobile,1175,33.0,22,496,4.44,2025-11-22 06:51:00
KP016844,KW11940,2025-11-23,CA,Mobile,2426,37.0,31,709,4.37,2025-11-23 18:08:00
KP016845,KW11926,2025-11-24,CA,Desktop,6392,37.0,131,2526,5.19,2025-11-24 20:11:00
KP016846,KW11552,2025-11-25,JP,Mobile,1443,45.0,24,532,4.51,2025-11-25 12:27:00
KP016847,KW10712,2025-11-26,CA,Desktop,5417,5.0,354,2343,15.11,2025-11-26 12:32:00
KP016848,KW10968,2025-11-27,UK,Mobile,4366,34.0,21,379,5.54,2025-11-27 01:08:00
KP016849,KW10120,2025-11-28,DE,Desktop,6683,28.0,45,958,4.7,2025-11-28 05:28:00
KP016850,KW10661,2025-11-29,MX,Mobile,921,37.0,3,73,4.11,2025-11-29 13:01:00
KP016851,KW11315,2025-11-30,MX,Desktop,4125,24.0,137,2011,6.81,2025-11-30 23:04:00
KP016852,KW10369,2025-12-01,AU,Mobile,1691,42.0,24,704,3.41,2025-12-01 09:50:00
KP016853,KW11198,2025-12-02,BR,Desktop,11219,26.0,290,4244,6.83,2025-12-02 15:37:00
KP016854,KW11791,2025-12-03,CA,Mobile,1897,13.0,47,603,7.79,2025-12-03 12:46:00
KP016855,KW10009,2025-12-04,UK,Desktop,8419,21.0,93,1584,5.87,2025-12-04 19:22:00
KP016856,KW10691,2025-12-05,UK,Mobile,6053,33.0,111,2227,4.98,2025-12-05 00:32:00
KP016857,KW11844,2025-12-06,AU,Mobile,1493,10.0,56,625,8.96,2025-12-06 08:56:00
KP016858,KW11032,2025-12-07,AU,Mobile,3309,39.0,59,1497,3.94,2025-12-07 23:34:00
KP016859,KW10151,2025-12-08,US,Mobile,8917,20.0,296,3676,8.05,2025-12-08 12:52:00
KP016860,KW11941,2025-12-09,FR,Mobile,8631,48.0,32,644,4.97,2025-12-09 17:18:00
KP016861,KW11829,2025-12-10,UK,Desktop,2326,40.0,39,827,4.72,2025-12-10 03:25:00
KP016862,KW11554,2025-12-11,UK,Desktop,1206,10.0,30,302,9.93,2025-12-11 02:47:00
KP016863,KW10008,2025-12-12,US,Desktop,4361,4.0,163,991,16.45,2025-12-12 17:56:00
KP016864,KW11295,2025-12-13,DE,Mobile,4181,3.0,70,336,20.83,2025-12-13 11:49:00
KP016865,KW10201,2025-12-14,FR,Desktop,8712,23.0,275,4484,6.13,2025-12-14 08:12:00
KP016866,KW10635,2025-12-15,MX,Desktop,13471,22.0,61,877,6.96,2025-12-15 09:52:00
KP016867,KW11567,2025-12-16,CA,Desktop,3984,25.0,22,487,4.52,2025-12-16 17:23:00
KP016868,KW11876,2025-12-17,JP,Mobile,1731,8.0,84,813,10.33,2025-12-17 12:24:00
KP016869,KW10250,2025-12-18,JP,Mobile,1778,48.0,26,615,4.23,2025-12-18 22:42:00
KP016870,KW10539,2025-12-19,US,Desktop,2540,14.0,39,559,6.98,2025-12-19 12:01:00
KP016871,KW11323,2025-12-20,BR,Desktop,4682,45.0,101,1918,5.27,2025-12-20 02:40:00
KP016872,KW11287,2025-12-21,DE,Mobile,1068,34.0,3,77,3.9,2025-12-21 05:21:00
KP016873,KW11717,2025-12-22,AU,Mobile,1739,16.0,47,527,8.92,2025-12-22 02:11:00
KP016874,KW11871,2025-12-23,MX,Mobile,3844,29.0,35,538,6.51,2025-12-23 14:49:00
KP016875,KW10423,2025-12-24,US,Mobile,1151,33.0,26,421,6.18,2025-12-24 08:16:00
KP016876,KW10165,2025-12-25,BR,Mobile,5290,14.0,154,1844,8.35,2025-12-25 14:23:00
KP016877,KW10447,2025-12-26,FR,Desktop,3070,20.0,25,410,6.1,2025-12-26 11:43:00
KP016878,KW11659,2025-12-27,UK,Desktop,1910,7.0,80,756,10.58,2025-12-27 20:44:00
KP016879,KW10416,2025-12-28,DE,Mobile,1840,25.0,53,833,6.36,2025-12-28 21:10:00
KP016880,KW11997,2025-12-29,DE,Desktop,2781,24.0,74,1040,7.12,2025-12-29 10:21:00
KP016881,KW10175,2025-12-30,DE,Mobile,2174,29.0,10,234,4.27,2025-12-30 23:44:00
KP016882,KW10637,2025-12-31,JP,Desktop,7651,48.0,179,3827,4.68,2025-12-31 11:52:00
KP016883,KW10262,2026-01-01,US,Mobile,2937,28.0,73,1562,4.67,2026-01-01 20:34:00
KP016884,KW11814,2026-01-02,AU,Mobile,3274,38.0,30,572,5.24,2026-01-02 21:00:00
KP016885,KW10008,2026-01-03,IN,Mobile,1165,17.0,5,67,7.46,2026-01-03 16:36:00
KP016886,KW10475,2026-01-04,UK,Desktop,4154,34.0,88,2120,4.15,2026-01-04 06:42:00
KP016887,KW10330,2026-01-05,UK,Desktop,2163,19.0,12,222,5.41,2026-01-05 07:46:00
KP016888,KW11311,2026-01-06,JP,Mobile,2487,45.0,51,1344,3.79,2026-01-06 09:16:00
KP016889,KW10227,2026-01-07,US,Mobile,4895,4.0,296,1850,16.0,2026-01-07 14:26:00
KP016890,KW10870,2026-01-08,JP,Mobile,6601,50.0,110,2429,4.53,2026-01-08 19:41:00
KP016891,KW11954,2026-01-09,CA,Tablet,1519,37.0,13,273,4.76,2026-01-09 13:40:00
KP016892,KW11649,2026-01-10,IN,Desktop,5761,1.0,800,2357,33.94,2026-01-10 22:24:00
KP016893,KW11878,2026-01-11,JP,Desktop,823,33.0,19,383,4.96,2026-01-11 16:59:00
KP016894,KW11657,2026-01-12,AU,Desktop,984,8.0,18,167,10.78,2026-01-12 18:10:00
KP016895,KW11908,2026-01-13,UK,Desktop,1600,9.0,68,650,10.46,2026-01-13 22:37:00
KP016896,KW11188,2026-01-14,US,Desktop,931,1.0,87,291,29.9,2026-01-14 12:57:00
KP016897,KW11374,2026-01-15,DE,Desktop,9992,32.0,225,4201,5.36,2026-01-15 05:51:00
KP016898,KW10321,2026-01-16,CA,Desktop,2188,26.0,5,110,4.55,2026-01-16 07:47:00
KP016899,KW11692,2026-01-17,CA,Desktop,1385,31.0,25,443,5.64,2026-01-17 20:22:00
KP016900,KW11791,2026-01-18,MX,Mobile,2091,27.0,47,912,5.15,2026-01-18 23:09:00
KP016901,KW11295,2026-01-19,IN,Desktop,2610,43.0,55,1070,5.14,2026-01-19 02:33:00
KP016902,KW11707,2026-01-20,IN,Desktop,2367,22.0,41,558,7.35,2026-01-20 19:47:00
KP016903,KW11828,2026-01-21,CA,Mobile,1696,42.0,29,688,4.22,2026-01-21 19:57:00
KP016904,KW11879,2026-01-22,US,Mobile,2804,37.0,47,1158,4.06,2026-01-22 03:21:00
KP016905,KW10937,2026-01-23,JP,Mobile,7405,36.0,87,1746,4.98,2026-01-23 21:38:00
KP016906,KW10276,2026-01-24,JP,Mobile,2295,38.0,25,588,4.25,2026-01-24 12:23:00
KP016907,KW11419,2026-01-25,UK,Desktop,3599,25.0,48,945,5.08,2026-01-25 03:14:00
KP016908,KW10306,2026-01-26,UK,Mobile,5938,41.0,78,2168,3.6,2026-01-26 00:31:00
KP016909,KW10573,2026-01-27,BR,Tablet,6340,36.0,45,1206,3.73,2026-01-27 03:32:00
KP016910,KW10006,2026-01-28,JP,Mobile,10884,50.0,34,1076,3.16,2026-01-28 23:46:00
KP016911,KW11623,2026-01-29,MX,Mobile,7360,20.0,279,3930,7.1,2026-01-29 20:42:00
KP016912,KW10784,2026-01-30,UK,Mobile,1002,42.0,5,148,3.38,2026-01-30 13:28:00
KP016913,KW11086,2026-01-31,MX,Mobile,1755,46.0,47,901,5.22,2026-01-31 03:26:00
KP017156,KW10817,2025-10-01,UK,Mobile,1681,30.0,25,525,4.76,2025-10-01 19:02:00
KP017157,KW10352,2025-10-02,FR,Mobile,6345,34.0,64,1060,6.04,2025-10-02 17:03:00
KP017158,KW11214,2025-10-03,MX,Desktop,6905,23.0,163,2763,5.9,2025-10-03 12:51:00
KP017159,KW11407,2025-10-04,UK,Mobile,1599,2.0,171,608,28.12,2025-10-04 23:58:00
KP017160,KW10643,2025-10-05,CA,Mobile,49060,31.0,830,15445,5.37,2025-10-05 11:50:00
KP017161,KW11729,2025-10-06,UK,Desktop,2696,37.0,7,217,3.23,2025-10-06 21:32:00
KP017162,KW11604,2025-10-07,BR,Tablet,1871,13.0,101,1019,9.91,2025-10-07 04:05:00
KP017163,KW11468,2025-10-08,UK,Desktop,43130,39.0,730,16426,4.44,2025-10-08 09:58:00
KP017164,KW10652,2025-10-09,CA,Mobile,6363,30.0,107,1673,6.4,2025-10-09 20:52:00
KP017165,KW11953,2025-10-10,CA,Mobile,4845,22.0,77,1397,5.51,2025-10-10 11:39:00
KP017166,KW10167,2025-10-11,IN,Desktop,2983,27.0,27,541,4.99,2025-10-11 22:54:00
KP017167,KW11092,2025-10-12,DE,Desktop,2011,6.0,23,204,11.27,2025-10-12 17:46:00
KP017168,KW10117,2025-10-13,BR,Mobile,4133,17.0,47,789,5.96,2025-10-13 01:06:00
KP017169,KW10736,2025-10-14,MX,Mobile,7825,15.0,355,3729,9.52,2025-10-14 14:05:00
KP017170,KW10843,2025-10-15,AU,Desktop,3609,27.0,56,806,6.95,2025-10-15 00:37:00
KP017171,KW11472,2025-10-16,UK,Mobile,5019,25.0,50,1029,4.86,2025-10-16 04:52:00
KP017172,KW11817,2025-10-17,MX,Mobile,1731,2.0,70,344,20.35,2025-10-17 14:30:00
KP017173,KW10309,2025-10-18,AU,Desktop,2050,40.0,28,603,4.64,2025-10-18 20:35:00
KP017174,KW11343,2025-10-19,DE,Desktop,4628,35.0,78,1806,4.32,2025-10-19 09:43:00
KP017175,KW10054,2025-10-20,MX,Desktop,1330,14.0,24,278,8.63,2025-10-20 02:46:00
KP017176,KW10654,2025-10-21,FR,Mobile,2773,5.0,204,1409,14.48,2025-10-21 10:23:00
KP017177,KW10061,2025-10-22,US,Mobile,6568,49.0,91,1863,4.88,2025-10-22 21:22:00
KP017178,KW10042,2025-10-23,DE,Mobile,1211,48.0,12,283,4.24,2025-10-23 23:47:00
KP017179,KW11794,2025-10-24,IN,Mobile,427,43.0,10,195,5.13,2025-10-24 11:17:00
KP017180,KW11287,2025-10-25,BR,Desktop,3688,22.0,102,1892,5.39,2025-10-25 14:15:00
KP017181,KW10812,2025-10-26,UK,Desktop,2715,1.0,324,927,34.95,2025-10-26 22:48:00
KP017182,KW10226,2025-10-27,DE,Desktop,5252,23.0,155,2814,5.51,2025-10-27 18:00:00
KP017183,KW11549,2025-10-28,JP,Mobile,7749,43.0,99,2010,4.93,2025-10-28 09:40:00
KP017184,KW11963,2025-10-29,DE,Mobile,4113,20.0,88,1741,5.05,2025-10-29 01:02:00
KP017185,KW11444,2025-10-30,FR,Desktop,1809,22.0,43,818,5.26,2025-10-30 13:46:00
KP017186,KW10623,2025-10-31,MX,Mobile,560,2.0,36,200,18.0,2025-10-31 02:37:00
KP017187,KW11188,2025-11-01,AU,Desktop,1157,47.0,9,276,3.26,2025-11-01 10:02:00
KP017188,KW10613,2025-11-02,UK,Mobile,2910,19.0,89,1125,7.91,2025-11-02 07:50:00
KP017189,KW11324,2025-11-03,CA,Desktop,4597,1.0,633,1811,34.95,2025-11-03 15:47:00
KP017190,KW10244,2025-11-04,IN,Mobile,7227,48.0,123,3574,3.44,2025-11-04 03:14:00
KP017191,KW10479,2025-11-05,CA,Desktop,8704,28.0,138,3100,4.45,2025-11-05 07:18:00
KP017192,KW10813,2025-11-06,JP,Desktop,1306,37.0,28,697,4.02,2025-11-06 02:48:00
KP017193,KW11581,2025-11-07,IN,Mobile,2794,8.0,136,990,13.74,2025-11-07 23:12:00
KP017194,KW11076,2025-11-08,CA,Mobile,3876,3.0,135,945,14.29,2025-11-08 19:00:00
KP017195,KW11025,2025-11-09,AU,Desktop,2895,33.0,74,1235,5.99,2025-11-09 02:18:00
KP017196,KW11863,2025-11-10,US,Desktop,725,25.0,9,155,5.81,2025-11-10 21:10:00
KP017197,KW10114,2025-11-11,US,Mobile,6411,8.0,393,3121,12.59,2025-11-11 15:45:00
KP017198,KW11221,2025-11-12,BR,Desktop,5154,5.0,224,1433,15.63,2025-11-12 09:20:00
KP017199,KW11284,2025-11-13,UK,Mobile,1599,43.0,5,106,4.72,2025-11-13 05:15:00
KP017200,KW10069,2025-11-14,IN,Desktop,10145,13.0,314,4391,7.15,2025-11-14 02:42:00
KP017201,KW11544,2025-11-15,UK,Mobile,4332,23.0,58,1234,4.7,2025-11-15 05:35:00
KP017202,KW10802,2025-11-16,DE,Mobile,1986,2.0,200,934,21.41,2025-11-16 01:25:00
KP017203,KW10807,2025-11-17,US,Mobile,7337,15.0,199,2424,8.21,2025-11-17 18:16:00
KP017204,KW10493,2025-11-18,JP,Mobile,2064,39.0,6,130,4.62,2025-11-18 00:34:00
KP017205,KW11230,2025-11-19,AU,Mobile,2373,3.0,125,741,16.87,2025-11-19 19:24:00
KP017206,KW10761,2025-11-20,JP,Mobile,1503,32.0,38,811,4.69,2025-11-20 04:26:00
KP017207,KW10564,2025-11-21,UK,Desktop,7064,15.0,185,2407,7.69,2025-11-21 17:44:00
KP017208,KW10854,2025-11-22,AU,Mobile,3304,48.0,61,1424,4.28,2025-11-22 17:39:00
KP017209,KW10530,2025-11-23,AU,Desktop,25431,47.0,233,5373,4.34,2025-11-23 15:10:00
KP017210,KW11194,2025-11-24,US,Mobile,11227,14.0,124,1778,6.97,2025-11-24 16:23:00
KP017211,KW11624,2025-11-25,BR,Mobile,2255,26.0,39,612,6.37,2025-11-25 02:21:00
KP017212,KW10585,2025-11-26,UK,Desktop,2673,45.0,41,1071,3.83,2025-11-26 20:22:00
KP017213,KW11019,2025-11-27,AU,Mobile,985,6.0,18,145,12.41,2025-11-27 18:35:00
KP017214,KW10520,2025-11-28,UK,Desktop,1373,24.0,29,435,6.67,2025-11-28 13:33:00
KP017215,KW10156,2025-11-29,JP,Desktop,1066,47.0,8,197,4.06,2025-11-29 04:18:00
KP017216,KW11054,2025-11-30,MX,Desktop,1627,46.0,9,205,4.39,2025-11-30 03:08:00
KP017217,KW11113,2025-12-01,IN,Mobile,1611,5.0,104,690,15.07,2025-12-01 16:27:00
KP017218,KW10024,2025-12-02,FR,Mobile,5458,31.0,82,1849,4.43,2025-12-02 14:39:00
KP017219,KW11154,2025-12-03,MX,Mobile,7372,47.0,137,3262,4.2,2025-12-03 11:20:00
KP017220,KW11011,2025-12-04,CA,Mobile,8228,48.0,18,583,3.09,2025-12-04 09:34:00
KP017221,KW11608,2025-12-05,DE,Desktop,29329,41.0,811,15217,5.33,2025-12-05 22:24:00
KP017222,KW11195,2025-12-06,BR,Desktop,2143,35.0,11,291,3.78,2025-12-06 08:15:00
KP017223,KW10361,2025-12-07,FR,Desktop,4571,25.0,14,262,5.34,2025-12-07 06:16:00
KP017224,KW10494,2025-12-08,CA,Desktop,1901,10.0,107,1038,10.31,2025-12-08 00:26:00
KP017225,KW11717,2025-12-09,MX,Mobile,3392,44.0,11,221,4.98,2025-12-09 03:14:00
KP017226,KW11949,2025-12-10,DE,Desktop,1356,30.0,11,286,3.85,2025-12-10 15:07:00
KP017227,KW10280,2025-12-11,UK,Mobile,1443,48.0,26,608,4.28,2025-12-11 03:14:00
KP017228,KW10399,2025-12-12,AU,Mobile,3878,24.0,38,747,5.09,2025-12-12 08:51:00
KP017229,KW11591,2025-12-13,AU,Mobile,743,25.0,9,145,6.21,2025-12-13 20:00:00
KP017230,KW11125,2025-12-14,FR,Desktop,2808,23.0,79,1296,6.1,2025-12-14 01:12:00
KP017231,KW11944,2025-12-15,FR,Desktop,1612,39.0,31,627,4.94,2025-12-15 10:59:00
KP017232,KW11421,2025-12-16,DE,Mobile,1889,5.0,167,950,17.58,2025-12-16 01:55:00
KP017233,KW10337,2025-12-17,US,Mobile,1565,5.0,89,510,17.45,2025-12-17 17:03:00
KP017234,KW11346,2025-12-18,BR,Desktop,6071,42.0,121,2496,4.85,2025-12-18 01:32:00
KP017235,KW11228,2025-12-19,MX,Desktop,3695,14.0,34,548,6.2,2025-12-19 02:16:00
KP017236,KW11658,2025-12-20,CA,Desktop,1044,36.0,2,53,3.77,2025-12-20 18:51:00
KP017237,KW11855,2025-12-21,DE,Mobile,3446,31.0,57,1446,3.94,2025-12-21 03:50:00
KP017238,KW11374,2025-12-22,DE,Mobile,3499,42.0,35,685,5.11,2025-12-22 05:31:00
KP017239,KW10444,2025-12-23,BR,Mobile,2837,43.0,43,1248,3.45,2025-12-23 10:59:00
KP017240,KW10736,2025-12-24,FR,Mobile,2104,25.0,38,619,6.14,2025-12-24 06:41:00
KP017241,KW11226,2025-12-25,BR,Desktop,1052,32.0,3,101,2.97,2025-12-25 14:27:00
KP017242,KW11891,2025-12-26,US,Mobile,1455,30.0,10,166,6.02,2025-12-26 21:48:00
KP017243,KW11818,2025-12-27,AU,Desktop,1950,7.0,51,360,14.17,2025-12-27 05:10:00
KP017244,KW10176,2025-12-28,AU,Mobile,1822,36.0,24,497,4.83,2025-12-28 02:38:00
KP017245,KW11777,2025-12-29,JP,Mobile,2544,28.0,66,974,6.78,2025-12-29 23:18:00
KP017246,KW11211,2025-12-30,UK,Desktop,738,18.0,17,285,5.96,2025-12-30 02:01:00
KP017247,KW10765,2025-12-31,JP,Mobile,24656,12.0,772,10619,7.27,2025-12-31 22:05:00
KP017248,KW10922,2026-01-01,US,Desktop,2080,13.0,48,652,7.36,2026-01-01 11:45:00
KP017249,KW10237,2026-01-02,JP,Desktop,4544,46.0,13,357,3.64,2026-01-02 13:41:00
KP017250,KW11932,2026-01-03,CA,Desktop,1329,34.0,7,138,5.07,2026-01-03 07:54:00
KP017251,KW11993,2026-01-04,IN,Mobile,2583,4.0,207,1044,19.83,2026-01-04 20:20:00
KP017252,KW10369,2026-01-05,BR,Desktop,1662,45.0,32,651,4.92,2026-01-05 01:52:00
KP017253,KW10545,2026-01-06,IN,Mobile,2609,26.0,18,424,4.25,2026-01-06 07:29:00
KP017254,KW10304,2026-01-07,CA,Desktop,920,10.0,41,419,9.79,2026-01-07 21:35:00
KP017255,KW10800,2026-01-08,MX,Tablet,5529,46.0,67,1482,4.52,2026-01-08 12:53:00
KP017256,KW11223,2026-01-09,IN,Desktop,4954,19.0,92,1188,7.74,2026-01-09 13:51:00
KP017257,KW11222,2026-01-10,IN,Mobile,968,49.0,9,231,3.9,2026-01-10 12:23:00
KP017258,KW10338,2026-01-11,BR,Desktop,5658,39.0,72,1591,4.53,2026-01-11 15:16:00
KP017259,KW10634,2026-01-12,CA,Desktop,5949,50.0,103,2336,4.41,2026-01-12 00:38:00
KP017260,KW11576,2026-01-13,IN,Desktop,1217,35.0,6,123,4.88,2026-01-13 04:14:00
KP017261,KW11270,2026-01-14,JP,Desktop,6697,45.0,32,916,3.49,2026-01-14 04:04:00
KP017262,KW10378,2026-01-15,US,Mobile,384,34.0,1,36,2.78,2026-01-15 04:55:00
KP017263,KW10065,2026-01-16,IN,Mobile,542,46.0,2,51,3.92,2026-01-16 05:06:00
KP017264,KW10092,2026-01-17,UK,Mobile,784,50.0,13,424,3.07,2026-01-17 10:23:00
KP017265,KW11420,2026-01-18,IN,Desktop,486,49.0,6,142,4.23,2026-01-18 13:37:00
KP017266,KW10061,2026-01-19,MX,Mobile,7530,6.0,632,3923,16.11,2026-01-19 18:19:00
KP017267,KW11063,2026-01-20,CA,Desktop,459,49.0,5,136,3.68,2026-01-20 19:59:00
KP017268,KW10280,2026-01-21,AU,Desktop,3388,4.0,193,1124,17.17,2026-01-21 12:27:00
KP017269,KW11709,2026-01-22,MX,Mobile,4148,38.0,20,437,4.58,2026-01-22 15:24:00
KP017270,KW11237,2026-01-23,CA,Mobile,4266,45.0,41,943,4.35,2026-01-23 00:19:00
KP017271,KW11425,2026-01-24,MX,Mobile,7550,46.0,128,3422,3.74,2026-01-24 01:58:00
KP017272,KW11383,2026-01-25,AU,Mobile,3031,2.0,57,319,17.87,2026-01-25 08:26:00
KP017273,KW10586,2026-01-26,FR,Mobile,7411,41.0,79,2063,3.83,2026-01-26 13:41:00
KP017274,KW11915,2026-01-27,MX,Desktop,5119,31.0,141,2364,5.96,2026-01-27 11:21:00
KP017275,KW10692,2026-01-28,UK,Desktop,1317,35.0,7,183,3.83,2026-01-28 08:51:00
KP017276,KW11618,2026-01-29,CA,Desktop,6248,31.0,89,1615,5.51,2026-01-29 22:23:00
KP017277,KW10630,2026-01-30,CA,Desktop,1883,44.0,31,899,3.45,2026-01-30 00:19:00
KP017278,KW10714,2026-01-31,JP,Tablet,783,34.0,10,238,4.2,2026-01-31 18:56:00
KP017521,KW10291,2025-10-01,IN,Tablet,815,34.0,16,441,3.63,2025-10-01 18:51:00
KP017522,KW10251,2025-10-02,DE,Mobile,7470,42.0,187,4072,4.59,2025-10-02 04:10:00
KP017523,KW11326,2025-10-03,US,Desktop,1992,32.0,48,777,6.18,2025-10-03 16:38:00
KP017524,KW10616,2025-10-04,BR,Desktop,3517,13.0,198,1926,10.28,2025-10-04 11:37:00
KP017525,KW10760,2025-10-05,BR,Desktop,10069,44.0,216,5041,4.28,2025-10-05 11:35:00
KP017526,KW11630,2025-10-06,US,Tablet,4275,24.0,101,1521,6.64,2025-10-06 18:05:00
KP017527,KW10887,2025-10-07,FR,Desktop,2986,28.0,32,619,5.17,2025-10-07 06:32:00
KP017528,KW10737,2025-10-08,AU,Mobile,7988,36.0,33,653,5.05,2025-10-08 13:34:00
KP017529,KW11421,2025-10-09,BR,Mobile,2180,20.0,22,405,5.43,2025-10-09 06:07:00
KP017530,KW11059,2025-10-10,DE,Desktop,8888,34.0,131,2250,5.82,2025-10-10 01:53:00
KP017531,KW11774,2025-10-11,AU,Mobile,12856,47.0,115,3331,3.45,2025-10-11 22:54:00
KP017532,KW11003,2025-10-12,DE,Mobile,2584,28.0,46,762,6.04,2025-10-12 20:00:00
KP017533,KW10454,2025-10-13,DE,Desktop,3032,28.0,85,1356,6.27,2025-10-13 16:12:00
KP017534,KW11203,2025-10-14,UK,Mobile,5581,7.0,171,1509,11.33,2025-10-14 02:32:00
KP017535,KW10406,2025-10-15,AU,Mobile,695,5.0,45,319,14.11,2025-10-15 05:51:00
KP017536,KW11851,2025-10-16,FR,Desktop,8483,39.0,156,2873,5.43,2025-10-16 12:44:00
KP017537,KW10522,2025-10-17,US,Mobile,2278,36.0,39,675,5.78,2025-10-17 08:08:00
KP017538,KW10556,2025-10-18,MX,Mobile,295,11.0,4,48,8.33,2025-10-18 00:23:00
KP017539,KW11796,2025-10-19,JP,Mobile,1063,36.0,31,543,5.71,2025-10-19 22:47:00
KP017540,KW10995,2025-10-20,JP,Mobile,23599,45.0,209,4118,5.08,2025-10-20 10:42:00
KP017541,KW11771,2025-10-21,MX,Desktop,2734,42.0,57,1483,3.84,2025-10-21 22:35:00
KP017542,KW10920,2025-10-22,AU,Mobile,3296,48.0,62,1547,4.01,2025-10-22 03:30:00
KP017543,KW10843,2025-10-23,CA,Desktop,3437,20.0,27,435,6.21,2025-10-23 14:08:00
KP017544,KW11790,2025-10-24,UK,Desktop,17389,17.0,378,4212,8.97,2025-10-24 11:03:00
KP017545,KW11712,2025-10-25,CA,Desktop,2859,10.0,119,987,12.06,2025-10-25 22:26:00
KP017546,KW10872,2025-10-26,AU,Mobile,950,8.0,51,494,10.32,2025-10-26 19:15:00
KP017547,KW10781,2025-10-27,MX,Mobile,3290,6.0,44,442,9.95,2025-10-27 17:23:00
KP017548,KW11329,2025-10-28,FR,Mobile,4489,42.0,91,1849,4.92,2025-10-28 22:41:00
KP017549,KW10054,2025-10-29,AU,Mobile,12154,29.0,349,6104,5.72,2025-10-29 05:52:00
KP017550,KW10972,2025-10-30,JP,Mobile,249,5.0,2,20,10.0,2025-10-30 19:05:00
KP017551,KW11390,2025-10-31,MX,Desktop,930,13.0,11,154,7.14,2025-10-31 12:23:00
KP017552,KW11079,2025-11-01,MX,Desktop,3370,37.0,94,1712,5.49,2025-11-01 02:57:00
KP017553,KW11796,2025-11-02,IN,Mobile,3269,45.0,37,951,3.89,2025-11-02 18:45:00
KP017554,KW11678,2025-11-03,CA,Desktop,3038,28.0,80,1597,5.01,2025-11-03 13:59:00
KP017555,KW10584,2025-11-04,UK,Mobile,12081,46.0,179,3755,4.77,2025-11-04 04:53:00
KP017556,KW10106,2025-11-05,CA,Mobile,4882,29.0,109,2260,4.82,2025-11-05 06:39:00
KP017557,KW11957,2025-11-06,US,Mobile,1423,11.0,42,373,11.26,2025-11-06 23:14:00
KP017558,KW10071,2025-11-07,US,Desktop,4134,19.0,105,1651,6.36,2025-11-07 20:29:00
KP017559,KW10512,2025-11-08,CA,Mobile,1182,24.0,3,73,4.11,2025-11-08 05:45:00
KP017560,KW11214,2025-11-09,FR,Desktop,5749,27.0,203,3041,6.68,2025-11-09 09:31:00
KP017561,KW11768,2025-11-10,FR,Mobile,8536,21.0,206,4126,4.99,2025-11-10 10:33:00
KP017562,KW11086,2025-11-11,DE,Desktop,3700,1.0,451,1291,34.93,2025-11-11 16:52:00
KP017563,KW10473,2025-11-12,US,Mobile,9752,32.0,202,4679,4.32,2025-11-12 03:36:00
KP017564,KW11133,2025-11-13,IN,Mobile,1256,28.0,5,87,5.75,2025-11-13 06:48:00
KP017565,KW11047,2025-11-14,AU,Desktop,4751,41.0,105,1919,5.47,2025-11-14 03:31:00
KP017566,KW11098,2025-11-15,FR,Tablet,2397,42.0,60,1148,5.23,2025-11-15 02:13:00
KP017567,KW11557,2025-11-16,BR,Desktop,5643,29.0,63,1245,5.06,2025-11-16 15:00:00
KP017568,KW11947,2025-11-17,IN,Mobile,18352,48.0,136,4056,3.35,2025-11-17 05:24:00
KP017569,KW10793,2025-11-18,JP,Mobile,995,17.0,20,368,5.43,2025-11-18 12:11:00
KP017570,KW10236,2025-11-19,CA,Desktop,2170,28.0,32,667,4.8,2025-11-19 14:07:00
KP017571,KW11017,2025-11-20,US,Mobile,2804,20.0,65,1143,5.69,2025-11-20 01:24:00
KP017572,KW11506,2025-11-21,US,Desktop,1302,30.0,41,706,5.81,2025-11-21 07:41:00
KP017573,KW11636,2025-11-22,MX,Mobile,360,4.0,18,92,19.57,2025-11-22 11:37:00
KP017574,KW10856,2025-11-23,CA,Mobile,11947,48.0,68,1551,4.38,2025-11-23 04:03:00
KP017575,KW11983,2025-11-24,FR,Desktop,8323,11.0,178,2312,7.7,2025-11-24 02:11:00
KP017576,KW10879,2025-11-25,JP,Mobile,3272,25.0,79,1649,4.79,2025-11-25 03:37:00
KP017577,KW10392,2025-11-26,UK,Mobile,2573,49.0,19,408,4.66,2025-11-26 02:42:00
KP017578,KW11211,2025-11-27,FR,Desktop,3693,31.0,50,1008,4.96,2025-11-27 15:43:00
KP017579,KW10227,2025-11-28,MX,Mobile,4003,30.0,110,1792,6.14,2025-11-28 11:40:00
KP017580,KW11095,2025-11-29,FR,Mobile,7111,42.0,168,3351,5.01,2025-11-29 05:47:00
KP017581,KW11846,2025-11-30,MX,Desktop,6162,16.0,31,491,6.31,2025-11-30 23:22:00
KP017582,KW11294,2025-12-01,MX,Mobile,2858,23.0,31,558,5.56,2025-12-01 20:50:00
KP017583,KW10381,2025-12-02,DE,Mobile,3587,23.0,19,287,6.62,2025-12-02 10:46:00
KP017584,KW10359,2025-12-03,MX,Mobile,2047,10.0,59,778,7.58,2025-12-03 23:13:00
KP017585,KW11684,2025-12-04,CA,Mobile,1997,36.0,54,1086,4.97,2025-12-04 18:07:00
KP017586,KW11028,2025-12-05,DE,Desktop,5630,3.0,626,2883,21.71,2025-12-05 21:13:00
KP017587,KW10965,2025-12-06,BR,Mobile,2633,43.0,50,1108,4.51,2025-12-06 17:59:00
KP017588,KW11187,2025-12-07,JP,Desktop,672,47.0,5,152,3.29,2025-12-07 09:37:00
KP017589,KW11123,2025-12-08,BR,Desktop,2541,35.0,43,814,5.28,2025-12-08 04:45:00
KP017590,KW11068,2025-12-09,UK,Desktop,3831,14.0,76,881,8.63,2025-12-09 23:50:00
KP017591,KW10092,2025-12-10,IN,Mobile,2681,10.0,108,1420,7.61,2025-12-10 09:50:00
KP017592,KW11778,2025-12-11,MX,Desktop,1470,23.0,34,727,4.68,2025-12-11 04:06:00
KP017593,KW10466,2025-12-12,FR,Desktop,17393,3.0,1063,6041,17.6,2025-12-12 06:41:00
KP017594,KW10584,2025-12-13,FR,Mobile,1916,37.0,15,367,4.09,2025-12-13 07:21:00
KP017595,KW10088,2025-12-14,MX,Desktop,2889,4.0,157,951,16.51,2025-12-14 10:30:00
KP017596,KW11349,2025-12-15,JP,Desktop,2270,36.0,14,277,5.05,2025-12-15 20:17:00
KP017597,KW10317,2025-12-16,JP,Desktop,1415,19.0,28,340,8.24,2025-12-16 10:33:00
KP017598,KW11759,2025-12-17,MX,Mobile,2848,7.0,65,546,11.9,2025-12-17 19:16:00
KP017599,KW10547,2025-12-18,FR,Desktop,8430,2.0,278,937,29.67,2025-12-18 07:35:00
KP017600,KW11232,2025-12-19,BR,Mobile,5417,15.0,192,2544,7.55,2025-12-19 00:17:00
KP017601,KW11090,2025-12-20,DE,Desktop,4151,20.0,45,787,5.72,2025-12-20 19:37:00
KP017602,KW10709,2025-12-21,BR,Mobile,5781,5.0,117,735,15.92,2025-12-21 08:29:00
KP017603,KW10934,2025-12-22,AU,Mobile,888,19.0,6,119,5.04,2025-12-22 07:01:00
KP017604,KW10079,2025-12-23,BR,Mobile,5484,7.0,143,1410,10.14,2025-12-23 21:51:00
KP017605,KW10783,2025-12-24,JP,Tablet,1417,3.0,63,411,15.33,2025-12-24 23:43:00
KP017606,KW11070,2025-12-25,DE,Desktop,2041,40.0,33,793,4.16,2025-12-25 02:42:00
KP017607,KW10320,2025-12-26,FR,Desktop,4356,37.0,47,882,5.33,2025-12-26 21:03:00
KP017608,KW11389,2025-12-27,FR,Mobile,1576,46.0,31,796,3.89,2025-12-27 03:55:00
KP017609,KW11269,2025-12-28,AU,Tablet,3601,45.0,36,984,3.66,2025-12-28 19:08:00
KP017610,KW11076,2025-12-29,US,Desktop,2446,8.0,71,578,12.28,2025-12-29 16:53:00
KP017611,KW11954,2025-12-30,FR,Desktop,7681,3.0,284,1356,20.94,2025-12-30 06:29:00
KP017612,KW10567,2025-12-31,FR,Desktop,3079,30.0,79,1461,5.41,2025-12-31 01:21:00
KP017613,KW11199,2026-01-01,BR,Mobile,13882,9.0,469,5689,8.24,2026-01-01 02:30:00
KP017614,KW10087,2026-01-02,FR,Desktop,974,36.0,11,209,5.26,2026-01-02 19:55:00
KP017615,KW11007,2026-01-03,AU,Desktop,2535,1.0,70,202,34.65,2026-01-03 17:04:00
KP017616,KW11726,2026-01-04,US,Desktop,6047,19.0,137,1657,8.27,2026-01-04 00:28:00
KP017617,KW10699,2026-01-05,US,Desktop,3644,10.0,233,1931,12.07,2026-01-05 04:52:00
KP017618,KW10144,2026-01-06,CA,Mobile,3070,2.0,212,1145,18.52,2026-01-06 11:22:00
KP017619,KW11211,2026-01-07,FR,Desktop,2268,25.0,53,1136,4.67,2026-01-07 17:19:00
KP017620,KW11046,2026-01-08,AU,Mobile,2924,31.0,8,214,3.74,2026-01-08 20:37:00
KP017621,KW11700,2026-01-09,UK,Mobile,6830,49.0,58,1851,3.13,2026-01-09 02:56:00
KP017622,KW11448,2026-01-10,DE,Desktop,1275,42.0,24,651,3.69,2026-01-10 06:08:00
KP017623,KW11432,2026-01-11,AU,Desktop,5124,21.0,197,2747,7.17,2026-01-11 16:28:00
KP017624,KW10314,2026-01-12,MX,Mobile,1457,19.0,30,536,5.6,2026-01-12 17:13:00
KP017625,KW10613,2026-01-13,AU,Desktop,10358,22.0,232,3738,6.21,2026-01-13 17:28:00
KP017626,KW10078,2026-01-14,IN,Desktop,2501,43.0,60,1181,5.08,2026-01-14 03:19:00
KP017627,KW10094,2026-01-15,MX,Desktop,3647,34.0,14,339,4.13,2026-01-15 13:42:00
KP017628,KW10882,2026-01-16,US,Mobile,2422,44.0,47,1316,3.57,2026-01-16 07:23:00
KP017629,KW11636,2026-01-17,IN,Mobile,1716,45.0,3,91,3.3,2026-01-17 19:51:00
KP017630,KW10912,2026-01-18,IN,Mobile,543,45.0,8,168,4.76,2026-01-18 02:23:00
KP017631,KW11672,2026-01-19,FR,Desktop,3650,25.0,93,1401,6.64,2026-01-19 01:59:00
KP017632,KW11576,2026-01-20,DE,Mobile,7049,29.0,230,3816,6.03,2026-01-20 14:40:00
KP017633,KW11903,2026-01-21,US,Mobile,3251,12.0,79,902,8.76,2026-01-21 21:35:00
KP017634,KW10678,2026-01-22,JP,Mobile,5154,32.0,68,1533,4.44,2026-01-22 14:53:00
KP017635,KW10208,2026-01-23,IN,Mobile,3617,28.0,87,1981,4.39,2026-01-23 15:14:00
KP017636,KW11004,2026-01-24,BR,Tablet,4862,47.0,109,2166,5.03,2026-01-24 19:24:00
KP017637,KW10384,2026-01-25,UK,Mobile,1666,25.0,44,885,4.97,2026-01-25 13:02:00
KP017638,KW11969,2026-01-26,AU,Mobile,5358,7.0,270,2037,13.25,2026-01-26 12:22:00
KP017639,KW11507,2026-01-27,JP,Mobile,2673,8.0,56,466,12.02,2026-01-27 02:19:00
KP017640,KW10963,2026-01-28,JP,Mobile,2142,43.0,23,583,3.95,2026-01-28 23:45:00
KP017641,KW11869,2026-01-29,IN,Tablet,6362,6.0,337,2730,12.34,2026-01-29 12:19:00
KP017642,KW10602,2026-01-30,CA,Mobile,5675,28.0,89,1671,5.33,2026-01-30 16:36:00
KP017643,KW10359,2026-01-31,AU,Mobile,3881,18.0,88,1017,8.65,2026-01-31 17:06:00
KP017886,KW11825,2025-10-01,UK,Desktop,6848,11.0,75,768,9.77,2025-10-01 06:47:00
KP017887,KW10222,2025-10-02,US,Mobile,8135,32.0,263,4373,6.01,2025-10-02 05:47:00
KP017888,KW10588,2025-10-03,DE,Desktop,1193,36.0,17,399,4.26,2025-10-03 13:39:00
KP017889,KW10083,2025-10-04,UK,Mobile,6599,21.0,210,3025,6.94,2025-10-04 16:55:00
KP017890,KW10830,2025-10-05,US,Desktop,3959,29.0,18,283,6.36,2025-10-05 18:16:00
KP017891,KW10331,2025-10-06,CA,Tablet,4699,11.0,96,1332,7.21,2025-10-06 10:11:00
KP017892,KW10982,2025-10-07,DE,Desktop,1943,27.0,24,477,5.03,2025-10-07 08:02:00
KP017893,KW11020,2025-10-08,MX,Desktop,2584,18.0,66,789,8.37,2025-10-08 13:20:00
KP017894,KW10003,2025-10-09,CA,Desktop,824,32.0,13,228,5.7,2025-10-09 05:58:00
KP017895,KW10911,2025-10-10,UK,Mobile,2159,3.0,155,1069,14.5,2025-10-10 19:01:00
KP017896,KW10757,2025-10-11,JP,Desktop,2038,24.0,46,807,5.7,2025-10-11 20:07:00
KP017897,KW10210,2025-10-12,UK,Mobile,524,1.0,86,258,33.33,2025-10-12 15:31:00
KP017898,KW10835,2025-10-13,BR,Desktop,4335,47.0,79,1853,4.26,2025-10-13 12:46:00
KP017899,KW10774,2025-10-14,BR,Desktop,1034,33.0,13,246,5.28,2025-10-14 04:23:00
KP017900,KW11597,2025-10-15,UK,Desktop,1354,41.0,20,515,3.88,2025-10-15 16:30:00
KP017901,KW11773,2025-10-16,FR,Desktop,1134,8.0,40,372,10.75,2025-10-16 14:54:00
KP017902,KW10081,2025-10-17,BR,Desktop,3219,1.0,519,1483,35.0,2025-10-17 05:54:00
KP017903,KW10854,2025-10-18,IN,Desktop,1659,33.0,47,863,5.45,2025-10-18 09:08:00
KP017904,KW11678,2025-10-19,DE,Desktop,1040,23.0,21,447,4.7,2025-10-19 17:50:00
KP017905,KW11506,2025-10-20,US,Desktop,1067,46.0,5,147,3.4,2025-10-20 06:11:00
KP017906,KW10687,2025-10-21,FR,Desktop,674,40.0,5,114,4.39,2025-10-21 03:40:00
KP017907,KW11496,2025-10-22,AU,Tablet,1725,17.0,19,307,6.19,2025-10-22 11:00:00
KP017908,KW10599,2025-10-23,JP,Desktop,8269,30.0,182,3309,5.5,2025-10-23 01:42:00
KP017909,KW11004,2025-10-24,IN,Desktop,3837,10.0,83,803,10.34,2025-10-24 19:06:00
KP017910,KW10296,2025-10-25,UK,Mobile,7096,25.0,59,903,6.53,2025-10-25 17:02:00
KP017911,KW11577,2025-10-26,FR,Desktop,1402,27.0,18,298,6.04,2025-10-26 14:11:00
KP017912,KW10186,2025-10-27,JP,Mobile,1488,1.0,233,773,30.14,2025-10-27 04:06:00
KP017913,KW11555,2025-10-28,FR,Tablet,1606,29.0,38,816,4.66,2025-10-28 03:45:00
KP017914,KW10959,2025-10-29,JP,Desktop,10990,9.0,376,4159,9.04,2025-10-29 16:35:00
KP017915,KW11653,2025-10-30,CA,Desktop,5901,20.0,86,1630,5.28,2025-10-30 06:39:00
KP017916,KW10214,2025-10-31,FR,Mobile,11434,42.0,106,2244,4.72,2025-10-31 17:31:00
KP017917,KW11147,2025-11-01,DE,Mobile,5252,15.0,18,315,5.71,2025-11-01 06:36:00
KP017918,KW11169,2025-11-02,CA,Desktop,13286,2.0,936,3626,25.81,2025-11-02 12:43:00
KP017919,KW10127,2025-11-03,CA,Mobile,3247,17.0,79,1315,6.01,2025-11-03 18:32:00
KP017920,KW11136,2025-11-04,IN,Mobile,3468,19.0,45,749,6.01,2025-11-04 22:18:00
KP017921,KW10888,2025-11-05,MX,Mobile,8196,40.0,183,3889,4.71,2025-11-05 22:56:00
KP017922,KW11961,2025-11-06,CA,Desktop,3843,22.0,44,823,5.35,2025-11-06 23:36:00
KP017923,KW10397,2025-11-07,IN,Tablet,1598,12.0,8,105,7.62,2025-11-07 03:31:00
KP017924,KW10493,2025-11-08,IN,Mobile,2029,21.0,17,293,5.8,2025-11-08 19:44:00
KP017925,KW10734,2025-11-09,MX,Desktop,4344,12.0,31,395,7.85,2025-11-09 23:19:00
KP017926,KW10182,2025-11-10,CA,Mobile,6141,10.0,31,324,9.57,2025-11-10 07:15:00
KP017927,KW10657,2025-11-11,DE,Mobile,2197,36.0,7,145,4.83,2025-11-11 22:56:00
KP017928,KW11642,2025-11-12,FR,Desktop,1426,19.0,21,385,5.45,2025-11-12 02:59:00
KP017929,KW11743,2025-11-13,MX,Mobile,1054,23.0,12,224,5.36,2025-11-13 04:11:00
KP017930,KW11410,2025-11-14,IN,Mobile,8474,5.0,566,3833,14.77,2025-11-14 01:41:00
KP017931,KW11381,2025-11-15,IN,Mobile,1108,44.0,4,101,3.96,2025-11-15 02:30:00
KP017932,KW10610,2025-11-16,AU,Mobile,4138,22.0,93,1364,6.82,2025-11-16 22:00:00
KP017933,KW10379,2025-11-17,US,Desktop,2574,17.0,19,285,6.67,2025-11-17 19:44:00
KP017934,KW10608,2025-11-18,IN,Mobile,12721,15.0,366,5723,6.4,2025-11-18 15:04:00
KP017935,KW11830,2025-11-19,US,Mobile,5449,23.0,217,2934,7.4,2025-11-19 18:21:00
KP017936,KW10859,2025-11-20,JP,Desktop,4004,26.0,66,1434,4.6,2025-11-20 21:25:00
KP017937,KW10017,2025-11-21,UK,Mobile,4234,45.0,66,1550,4.26,2025-11-21 21:37:00
KP017938,KW11970,2025-11-22,FR,Desktop,1811,7.0,112,783,14.3,2025-11-22 01:19:00
KP017939,KW10820,2025-11-23,IN,Mobile,3410,27.0,26,509,5.11,2025-11-23 03:01:00
KP017940,KW10370,2025-11-24,MX,Desktop,1757,28.0,25,424,5.9,2025-11-24 23:01:00
KP017941,KW11992,2025-11-25,UK,Mobile,1956,1.0,159,511,31.12,2025-11-25 05:22:00
KP017942,KW10445,2025-11-26,CA,Mobile,1327,1.0,143,500,28.6,2025-11-26 01:53:00
KP017943,KW11546,2025-11-27,FR,Desktop,5030,45.0,51,1319,3.87,2025-11-27 23:03:00
KP017944,KW10391,2025-11-28,IN,Mobile,4579,7.0,48,388,12.37,2025-11-28 08:25:00
KP017945,KW11356,2025-11-29,IN,Desktop,1641,34.0,6,131,4.58,2025-11-29 19:13:00
KP017946,KW11738,2025-11-30,AU,Desktop,2327,39.0,44,1007,4.37,2025-11-30 12:35:00
KP017947,KW10644,2025-12-01,BR,Desktop,8048,35.0,117,2576,4.54,2025-12-01 07:27:00
KP017948,KW10139,2025-12-02,CA,Mobile,2914,27.0,27,602,4.49,2025-12-02 06:29:00
KP017949,KW11269,2025-12-03,DE,Desktop,617,43.0,4,97,4.12,2025-12-03 22:10:00
KP017950,KW11457,2025-12-04,UK,Desktop,1405,15.0,44,512,8.59,2025-12-04 16:22:00
KP017951,KW11681,2025-12-05,US,Mobile,1924,24.0,38,693,5.48,2025-12-05 22:45:00
KP017952,KW11434,2025-12-06,BR,Mobile,4443,28.0,135,1942,6.95,2025-12-06 06:13:00
KP017953,KW10828,2025-12-07,BR,Mobile,2520,12.0,23,305,7.54,2025-12-07 01:06:00
KP017954,KW10150,2025-12-08,UK,Mobile,339,16.0,1,20,5.0,2025-12-08 23:24:00
KP017955,KW11986,2025-12-09,BR,Mobile,2578,19.0,13,235,5.53,2025-12-09 03:56:00
KP017956,KW10029,2025-12-10,IN,Desktop,4361,49.0,94,2276,4.13,2025-12-10 13:42:00
KP017957,KW11622,2025-12-11,JP,Mobile,8277,26.0,39,809,4.82,2025-12-11 14:00:00
KP017958,KW11168,2025-12-12,FR,Desktop,5631,48.0,105,2568,4.09,2025-12-12 11:09:00
KP017959,KW10715,2025-12-13,CA,Desktop,9711,48.0,158,3834,4.12,2025-12-13 07:40:00
KP017960,KW10747,2025-12-14,BR,Desktop,2577,28.0,39,841,4.64,2025-12-14 11:02:00
KP017961,KW10718,2025-12-15,FR,Desktop,10588,19.0,242,2989,8.1,2025-12-15 00:10:00
KP017962,KW11807,2025-12-16,UK,Mobile,1369,16.0,50,541,9.24,2025-12-16 20:51:00
KP017963,KW11809,2025-12-17,DE,Desktop,1091,30.0,6,154,3.9,2025-12-17 20:07:00
KP017964,KW11972,2025-12-18,JP,Mobile,4006,21.0,15,262,5.73,2025-12-18 00:05:00
KP017965,KW11378,2025-12-19,IN,Desktop,8219,14.0,44,678,6.49,2025-12-19 00:33:00
KP017966,KW11932,2025-12-20,JP,Desktop,1036,40.0,23,462,4.98,2025-12-20 04:43:00
KP017967,KW11996,2025-12-21,FR,Mobile,1196,19.0,4,72,5.56,2025-12-21 21:31:00
KP017968,KW11010,2025-12-22,FR,Mobile,1342,48.0,12,304,3.95,2025-12-22 05:34:00
KP017969,KW10920,2025-12-23,DE,Mobile,4101,20.0,132,1710,7.72,2025-12-23 13:22:00
KP017970,KW10167,2025-12-24,UK,Mobile,3090,42.0,9,245,3.67,2025-12-24 18:07:00
KP017971,KW10074,2025-12-25,BR,Desktop,844,31.0,6,146,4.11,2025-12-25 03:18:00
KP017972,KW11270,2025-12-26,JP,Desktop,5957,9.0,319,3063,10.41,2025-12-26 02:59:00
KP017973,KW11426,2025-12-27,AU,Mobile,1865,24.0,8,127,6.3,2025-12-27 14:43:00
KP017974,KW10587,2025-12-28,FR,Desktop,25744,18.0,555,6916,8.02,2025-12-28 21:02:00
KP017975,KW11418,2025-12-29,BR,Mobile,4386,16.0,57,864,6.6,2025-12-29 05:25:00
KP017976,KW11618,2025-12-30,MX,Desktop,5327,4.0,386,2222,17.37,2025-12-30 22:31:00
KP017977,KW11237,2025-12-31,AU,Desktop,10239,25.0,217,4063,5.34,2025-12-31 14:19:00
KP017978,KW10804,2026-01-01,US,Mobile,703,3.0,86,377,22.81,2026-01-01 09:40:00
KP017979,KW10058,2026-01-02,BR,Mobile,1393,9.0,28,265,10.57,2026-01-02 17:11:00
KP017980,KW10026,2026-01-03,DE,Mobile,10225,8.0,219,2024,10.82,2026-01-03 16:45:00
KP017981,KW10017,2026-01-04,BR,Desktop,693,35.0,4,65,6.15,2026-01-04 05:09:00
KP017982,KW10751,2026-01-05,BR,Mobile,2655,23.0,92,1248,7.37,2026-01-05 13:21:00
KP017983,KW10863,2026-01-06,FR,Desktop,1950,11.0,49,506,9.68,2026-01-06 08:20:00
KP017984,KW11665,2026-01-07,CA,Mobile,2419,22.0,78,989,7.89,2026-01-07 09:43:00
KP017985,KW10657,2026-01-08,IN,Mobile,5140,16.0,158,2130,7.42,2026-01-08 04:07:00
KP017986,KW10570,2026-01-09,UK,Mobile,5607,29.0,58,1284,4.52,2026-01-09 03:36:00
KP017987,KW10002,2026-01-10,CA,Tablet,666,48.0,14,361,3.88,2026-01-10 05:28:00
KP017988,KW10715,2026-01-11,IN,Mobile,7427,7.0,371,3337,11.12,2026-01-11 09:32:00
KP017989,KW11511,2026-01-12,CA,Desktop,9019,20.0,150,1976,7.59,2026-01-12 05:40:00
KP017990,KW10101,2026-01-13,US,Mobile,2175,16.0,63,1109,5.68,2026-01-13 12:03:00
KP017991,KW10516,2026-01-14,BR,Mobile,1611,35.0,21,410,5.12,2026-01-14 16:37:00
KP017992,KW10946,2026-01-15,IN,Mobile,7590,23.0,68,1293,5.26,2026-01-15 18:42:00
KP017993,KW11836,2026-01-16,IN,Desktop,5124,35.0,23,525,4.38,2026-01-16 15:53:00
KP017994,KW11813,2026-01-17,UK,Mobile,24382,34.0,514,9243,5.56,2026-01-17 10:40:00
KP017995,KW11261,2026-01-18,UK,Desktop,15819,42.0,206,5082,4.05,2026-01-18 19:19:00
KP017996,KW10758,2026-01-19,DE,Desktop,2543,11.0,29,274,10.58,2026-01-19 11:40:00
KP017997,KW11216,2026-01-20,AU,Mobile,1112,23.0,12,252,4.76,2026-01-20 11:02:00
KP017998,KW11374,2026-01-21,DE,Mobile,2357,11.0,88,947,9.29,2026-01-21 17:03:00
KP017999,KW11863,2026-01-22,CA,Desktop,2612,35.0,8,191,4.19,2026-01-22 17:51:00
KP018000,KW11014,2026-01-23,IN,Mobile,3952,16.0,84,1252,6.71,2026-01-23 12:34:00
KP018001,KW11890,2026-01-24,CA,Desktop,670,40.0,3,60,5.0,2026-01-24 08:42:00
KP018002,KW11346,2026-01-25,CA,Desktop,1910,23.0,38,784,4.85,2026-01-25 22:41:00
KP018003,KW10963,2026-01-26,IN,Mobile,957,8.0,52,486,10.7,2026-01-26 01:53:00
KP018004,KW10412,2026-01-27,AU,Tablet,7532,41.0,74,1888,3.92,2026-01-27 03:14:00
KP018005,KW10472,2026-01-28,US,Desktop,2028,6.0,131,867,15.11,2026-01-28 13:27:00
KP018006,KW11248,2026-01-29,UK,Desktop,3697,42.0,74,1839,4.02,2026-01-29 16:23:00
KP018007,KW11623,2026-01-30,US,Desktop,6282,30.0,130,2654,4.9,2026-01-30 13:52:00
KP018008,KW10921,2026-01-31,MX,Mobile,5959,41.0,129,2787,4.63,2026-01-31 16:11:00
KP018251,KW11215,2025-10-01,IN,Mobile,7998,9.0,179,1432,12.5,2025-10-01 15:53:00
KP018252,KW10796,2025-10-02,MX,Desktop,1517,43.0,26,524,4.96,2025-10-02 22:28:00
KP018253,KW10725,2025-10-03,MX,Desktop,1649,23.0,20,407,4.91,2025-10-03 12:18:00
KP018254,KW11482,2025-10-04,FR,Desktop,1220,30.0,26,424,6.13,2025-10-04 23:22:00
KP018255,KW11148,2025-10-05,CA,Desktop,8506,39.0,32,587,5.45,2025-10-05 13:47:00
KP018256,KW10640,2025-10-06,US,Mobile,12651,47.0,145,3308,4.38,2025-10-06 11:46:00
KP018257,KW10486,2025-10-07,CA,Desktop,3015,29.0,97,1442,6.73,2025-10-07 20:06:00
KP018258,KW10324,2025-10-08,CA,Mobile,2919,11.0,39,455,8.57,2025-10-08 02:44:00
KP018259,KW11517,2025-10-09,CA,Desktop,891,4.0,66,350,18.86,2025-10-09 18:02:00
KP018260,KW11954,2025-10-10,CA,Mobile,4811,37.0,51,1077,4.74,2025-10-10 04:02:00
KP018261,KW10613,2025-10-11,JP,Mobile,1258,46.0,25,495,5.05,2025-10-11 10:07:00
KP018262,KW11704,2025-10-12,IN,Desktop,747,7.0,6,61,9.84,2025-10-12 13:59:00
KP018263,KW11045,2025-10-13,AU,Mobile,2145,9.0,44,381,11.55,2025-10-13 23:16:00
KP018264,KW10922,2025-10-14,FR,Mobile,8809,10.0,70,815,8.59,2025-10-14 09:03:00
KP018265,KW10416,2025-10-15,FR,Desktop,8409,39.0,47,890,5.28,2025-10-15 13:20:00
KP018266,KW10505,2025-10-16,MX,Mobile,3149,32.0,71,1248,5.69,2025-10-16 19:47:00
KP018267,KW11685,2025-10-17,CA,Tablet,1274,40.0,11,222,4.95,2025-10-17 23:40:00
KP018268,KW11058,2025-10-18,JP,Desktop,3384,48.0,43,952,4.52,2025-10-18 15:47:00
KP018269,KW10679,2025-10-19,IN,Mobile,3372,3.0,374,1709,21.88,2025-10-19 02:35:00
KP018270,KW10923,2025-10-20,DE,Desktop,12463,35.0,117,2600,4.5,2025-10-20 16:44:00
KP018271,KW11834,2025-10-21,FR,Mobile,2083,44.0,17,348,4.89,2025-10-21 07:29:00
KP018272,KW11598,2025-10-22,UK,Mobile,4422,34.0,133,2303,5.78,2025-10-22 13:59:00
KP018273,KW10604,2025-10-23,AU,Desktop,3775,14.0,116,1140,10.18,2025-10-23 17:09:00
KP018274,KW10200,2025-10-24,CA,Desktop,1612,34.0,19,333,5.71,2025-10-24 11:22:00
KP018275,KW10069,2025-10-25,DE,Mobile,887,30.0,3,79,3.8,2025-10-25 23:48:00
KP018276,KW11515,2025-10-26,UK,Desktop,4899,5.0,269,2259,11.91,2025-10-26 15:56:00
KP018277,KW10458,2025-10-27,JP,Desktop,3791,22.0,43,632,6.8,2025-10-27 10:46:00
KP018278,KW11779,2025-10-28,FR,Mobile,5315,10.0,180,1494,12.05,2025-10-28 12:28:00
KP018279,KW10369,2025-10-29,UK,Desktop,5462,12.0,147,1346,10.92,2025-10-29 12:15:00
KP018280,KW11846,2025-10-30,US,Mobile,7191,43.0,104,2537,4.1,2025-10-30 14:01:00
KP018281,KW11986,2025-10-31,AU,Desktop,6319,44.0,98,2598,3.77,2025-10-31 11:27:00
KP018282,KW11940,2025-11-01,UK,Mobile,3307,49.0,63,1524,4.13,2025-11-01 12:22:00
KP018283,KW10920,2025-11-02,DE,Mobile,5321,22.0,107,1982,5.4,2025-11-02 04:29:00
KP018284,KW11126,2025-11-03,DE,Mobile,1889,36.0,31,764,4.06,2025-11-03 06:15:00
KP018285,KW10412,2025-11-04,US,Mobile,1726,48.0,4,97,4.12,2025-11-04 09:32:00
KP018286,KW11867,2025-11-05,UK,Mobile,1065,32.0,6,106,5.66,2025-11-05 23:38:00
KP018287,KW11238,2025-11-06,IN,Desktop,989,15.0,9,132,6.82,2025-11-06 21:44:00
KP018288,KW10448,2025-11-07,CA,Mobile,4873,15.0,46,645,7.13,2025-11-07 21:35:00
KP018289,KW11615,2025-11-08,DE,Mobile,2699,3.0,67,293,22.87,2025-11-08 07:52:00
KP018290,KW11123,2025-11-09,DE,Mobile,2585,3.0,60,336,17.86,2025-11-09 01:14:00
KP018291,KW11028,2025-11-10,IN,Mobile,1094,49.0,3,108,2.78,2025-11-10 19:55:00
KP018292,KW10315,2025-11-11,UK,Desktop,6169,33.0,59,1260,4.68,2025-11-11 07:13:00
KP018293,KW11205,2025-11-12,BR,Mobile,3220,19.0,72,1118,6.44,2025-11-12 15:19:00
KP018294,KW10003,2025-11-13,DE,Mobile,3674,17.0,24,427,5.62,2025-11-13 14:28:00
KP018295,KW11807,2025-11-14,JP,Mobile,3022,28.0,48,867,5.54,2025-11-14 16:21:00
KP018296,KW11104,2025-11-15,DE,Desktop,1273,50.0,24,686,3.5,2025-11-15 02:43:00
KP018297,KW10691,2025-11-16,AU,Desktop,2493,21.0,58,1168,4.97,2025-11-16 15:56:00
KP018298,KW11520,2025-11-17,UK,Desktop,4104,17.0,121,1665,7.27,2025-11-17 06:00:00
KP018299,KW11429,2025-11-18,MX,Desktop,10206,15.0,403,5122,7.87,2025-11-18 19:17:00
KP018300,KW10011,2025-11-19,JP,Desktop,4999,17.0,26,356,7.3,2025-11-19 04:51:00
KP018301,KW11775,2025-11-20,UK,Desktop,6693,49.0,108,3447,3.13,2025-11-20 15:46:00
KP018302,KW10624,2025-11-21,US,Mobile,8412,43.0,141,3174,4.44,2025-11-21 19:37:00
KP018303,KW10940,2025-11-22,AU,Mobile,5210,39.0,98,2102,4.66,2025-11-22 15:28:00
KP018304,KW10713,2025-11-23,DE,Desktop,14640,26.0,48,851,5.64,2025-11-23 05:32:00
KP018305,KW11373,2025-11-24,FR,Desktop,2533,50.0,14,357,3.92,2025-11-24 15:55:00
KP018306,KW10104,2025-11-25,AU,Desktop,1663,32.0,23,451,5.1,2025-11-25 13:58:00
KP018307,KW11359,2025-11-26,IN,Desktop,4014,23.0,131,2038,6.43,2025-11-26 16:32:00
KP018308,KW10945,2025-11-27,CA,Desktop,3347,19.0,80,1271,6.29,2025-11-27 00:44:00
KP018309,KW10857,2025-11-28,CA,Mobile,3165,46.0,15,457,3.28,2025-11-28 04:25:00
KP018310,KW11735,2025-11-29,UK,Mobile,3646,24.0,47,798,5.89,2025-11-29 18:40:00
KP018311,KW11052,2025-11-30,CA,Mobile,2822,31.0,20,406,4.93,2025-11-30 03:30:00
KP018312,KW10819,2025-12-01,IN,Desktop,5698,23.0,73,952,7.67,2025-12-01 01:24:00
KP018313,KW10998,2025-12-02,AU,Desktop,3031,8.0,85,955,8.9,2025-12-02 13:17:00
KP018314,KW10334,2025-12-03,FR,Desktop,406,21.0,3,63,4.76,2025-12-03 10:57:00
KP018315,KW11588,2025-12-04,JP,Desktop,5271,12.0,197,2883,6.83,2025-12-04 10:41:00
KP018316,KW10153,2025-12-05,CA,Mobile,2025,37.0,34,916,3.71,2025-12-05 15:20:00
KP018317,KW10953,2025-12-06,CA,Mobile,3143,34.0,92,1614,5.7,2025-12-06 22:04:00
KP018318,KW10275,2025-12-07,DE,Mobile,1100,24.0,26,517,5.03,2025-12-07 11:04:00
KP018319,KW10726,2025-12-08,MX,Tablet,581,6.0,26,216,12.04,2025-12-08 17:40:00
KP018320,KW10715,2025-12-09,UK,Mobile,4198,21.0,65,857,7.58,2025-12-09 00:03:00
KP018321,KW11514,2025-12-10,IN,Tablet,4533,5.0,87,526,16.54,2025-12-10 20:43:00
KP018322,KW10887,2025-12-11,MX,Mobile,3853,37.0,91,1575,5.78,2025-12-11 09:58:00
KP018323,KW10580,2025-12-12,MX,Desktop,3635,32.0,34,560,6.07,2025-12-12 01:38:00
KP018324,KW11987,2025-12-13,BR,Mobile,25192,2.0,1423,5526,25.75,2025-12-13 21:09:00
KP018325,KW11000,2025-12-14,UK,Mobile,4104,22.0,95,1862,5.1,2025-12-14 17:35:00
KP018326,KW10027,2025-12-15,CA,Mobile,4992,3.0,349,1901,18.36,2025-12-15 15:11:00
KP018327,KW11051,2025-12-16,FR,Mobile,447,23.0,6,132,4.55,2025-12-16 19:27:00
KP018328,KW10592,2025-12-17,JP,Tablet,1815,24.0,62,855,7.25,2025-12-17 06:26:00
KP018329,KW11726,2025-12-18,AU,Desktop,2477,38.0,11,215,5.12,2025-12-18 18:23:00
KP018330,KW11620,2025-12-19,DE,Desktop,1070,34.0,15,358,4.19,2025-12-19 23:59:00
KP018331,KW11535,2025-12-20,DE,Desktop,2447,42.0,17,382,4.45,2025-12-20 15:19:00
KP018332,KW10791,2025-12-21,AU,Desktop,922,39.0,8,190,4.21,2025-12-21 14:06:00
KP018333,KW11411,2025-12-22,DE,Mobile,14932,44.0,152,3964,3.83,2025-12-22 21:30:00
KP018334,KW11607,2025-12-23,AU,Desktop,2324,6.0,46,338,13.61,2025-12-23 20:50:00
KP018335,KW11510,2025-12-24,FR,Desktop,2604,49.0,13,284,4.58,2025-12-24 04:19:00
KP018336,KW11685,2025-12-25,US,Mobile,4351,45.0,64,1959,3.27,2025-12-25 07:23:00
KP018337,KW11107,2025-12-26,MX,Desktop,1091,18.0,19,235,8.09,2025-12-26 07:11:00
KP018338,KW10117,2025-12-27,CA,Mobile,5204,14.0,221,2728,8.1,2025-12-27 14:44:00
KP018339,KW10313,2025-12-28,IN,Desktop,537,17.0,5,75,6.67,2025-12-28 21:57:00
KP018340,KW10906,2025-12-29,IN,Desktop,14811,18.0,527,6142,8.58,2025-12-29 10:34:00
KP018341,KW11955,2025-12-30,UK,Desktop,13000,45.0,318,6996,4.55,2025-12-30 15:33:00
KP018342,KW10882,2025-12-31,MX,Desktop,1444,45.0,14,336,4.17,2025-12-31 12:10:00
KP018343,KW11708,2026-01-01,AU,Mobile,3873,18.0,142,1819,7.81,2026-01-01 10:35:00
KP018344,KW10501,2026-01-02,UK,Desktop,6627,48.0,124,2404,5.16,2026-01-02 16:43:00
KP018345,KW11807,2026-01-03,JP,Mobile,4317,9.0,79,803,9.84,2026-01-03 12:55:00
KP018346,KW11612,2026-01-04,CA,Desktop,7336,35.0,81,2099,3.86,2026-01-04 20:35:00
KP018347,KW11228,2026-01-05,BR,Desktop,836,32.0,17,273,6.23,2026-01-05 14:25:00
KP018348,KW11403,2026-01-06,JP,Mobile,3343,22.0,127,1777,7.15,2026-01-06 09:31:00
KP018349,KW11820,2026-01-07,MX,Desktop,1374,5.0,73,606,12.05,2026-01-07 18:54:00
KP018350,KW11441,2026-01-08,FR,Desktop,2791,26.0,77,1347,5.72,2026-01-08 17:46:00
KP018351,KW10334,2026-01-09,MX,Mobile,3159,36.0,30,533,5.63,2026-01-09 18:40:00
KP018352,KW10406,2026-01-10,JP,Mobile,858,34.0,5,134,3.73,2026-01-10 22:35:00
KP018353,KW10275,2026-01-11,IN,Desktop,3743,26.0,111,1835,6.05,2026-01-11 17:43:00
KP018354,KW10891,2026-01-12,UK,Desktop,1011,37.0,25,431,5.8,2026-01-12 08:10:00
KP018355,KW10470,2026-01-13,IN,Desktop,2279,36.0,37,904,4.09,2026-01-13 07:49:00
KP018356,KW11985,2026-01-14,JP,Desktop,8017,31.0,59,1001,5.89,2026-01-14 22:00:00
KP018357,KW10744,2026-01-15,IN,Desktop,458,42.0,2,61,3.28,2026-01-15 18:18:00
KP018358,KW11119,2026-01-16,UK,Desktop,11385,36.0,45,874,5.15,2026-01-16 13:18:00
KP018359,KW10295,2026-01-17,DE,Tablet,2865,34.0,14,353,3.97,2026-01-17 15:39:00
KP018360,KW11450,2026-01-18,IN,Desktop,3009,12.0,108,1042,10.36,2026-01-18 00:21:00
KP018361,KW11612,2026-01-19,AU,Mobile,1133,6.0,8,76,10.53,2026-01-19 14:31:00
KP018362,KW11855,2026-01-20,UK,Desktop,519,2.0,5,25,20.0,2026-01-20 14:50:00
KP018363,KW10902,2026-01-21,UK,Mobile,3900,18.0,126,1861,6.77,2026-01-21 22:00:00
KP018364,KW10266,2026-01-22,UK,Tablet,548,21.0,2,34,5.88,2026-01-22 04:41:00
KP018365,KW10224,2026-01-23,BR,Desktop,2211,10.0,84,1090,7.71,2026-01-23 21:24:00
KP018366,KW11366,2026-01-24,JP,Desktop,1601,26.0,8,138,5.8,2026-01-24 01:39:00
KP018367,KW11755,2026-01-25,US,Mobile,3611,35.0,51,1109,4.6,2026-01-25 10:45:00
KP018368,KW10692,2026-01-26,DE,Mobile,358,30.0,4,91,4.4,2026-01-26 10:42:00
KP018369,KW10744,2026-01-27,UK,Mobile,24857,37.0,377,10080,3.74,2026-01-27 01:48:00
KP018370,KW11909,2026-01-28,FR,Desktop,4195,12.0,32,381,8.4,2026-01-28 20:49:00
KP018371,KW10948,2026-01-29,IN,Desktop,1017,43.0,13,289,4.5,2026-01-29 16:51:00
KP018372,KW11354,2026-01-30,UK,Mobile,2467,19.0,35,431,8.12,2026-01-30 04:18:00
KP018373,KW11408,2026-01-31,CA,Mobile,4722,50.0,81,2392,3.39,2026-01-31 08:01:00
KP018616,KW11704,2025-10-01,AU,Desktop,1057,39.0,11,251,4.38,2025-10-01 22:31:00
KP018617,KW11573,2025-10-02,US,Desktop,920,42.0,17,439,3.87,2025-10-02 04:17:00
KP018618,KW11910,2025-10-03,AU,Mobile,1094,38.0,19,405,4.69,2025-10-03 17:54:00
KP018619,KW10691,2025-10-04,AU,Desktop,2215,4.0,39,229,17.03,2025-10-04 06:29:00
KP018620,KW11976,2025-10-05,JP,Desktop,1620,31.0,40,684,5.85,2025-10-05 13:32:00
KP018621,KW10045,2025-10-06,CA,Mobile,3110,31.0,20,370,5.41,2025-10-06 04:27:00
KP018622,KW11727,2025-10-07,BR,Desktop,7189,10.0,108,1350,8.0,2025-10-07 12:56:00
KP018623,KW11403,2025-10-08,DE,Tablet,814,26.0,7,145,4.83,2025-10-08 00:41:00
KP018624,KW10183,2025-10-09,FR,Desktop,6132,4.0,228,1406,16.22,2025-10-09 13:31:00
KP018625,KW10364,2025-10-10,US,Mobile,1892,20.0,39,564,6.91,2025-10-10 23:39:00
KP018626,KW11836,2025-10-11,FR,Tablet,2359,20.0,20,249,8.03,2025-10-11 21:01:00
KP018627,KW10095,2025-10-12,AU,Mobile,1760,49.0,5,155,3.23,2025-10-12 13:01:00
KP018628,KW11542,2025-10-13,BR,Desktop,5364,45.0,63,1618,3.89,2025-10-13 17:11:00
KP018629,KW10998,2025-10-14,IN,Desktop,2638,22.0,44,764,5.76,2025-10-14 03:44:00
KP018630,KW11577,2025-10-15,DE,Desktop,1003,42.0,7,144,4.86,2025-10-15 05:56:00
KP018631,KW10233,2025-10-16,FR,Desktop,5326,13.0,135,1282,10.53,2025-10-16 02:32:00
KP018632,KW10514,2025-10-17,US,Desktop,7295,36.0,80,1331,6.01,2025-10-17 21:29:00
KP018633,KW10209,2025-10-18,MX,Desktop,4547,8.0,38,400,9.5,2025-10-18 05:39:00
KP018634,KW10774,2025-10-19,CA,Desktop,1261,10.0,57,666,8.56,2025-10-19 22:23:00
KP018635,KW10420,2025-10-20,BR,Mobile,1431,26.0,33,651,5.07,2025-10-20 07:38:00
KP018636,KW10056,2025-10-21,BR,Mobile,3722,46.0,20,416,4.81,2025-10-21 00:30:00
KP018637,KW10493,2025-10-22,BR,Desktop,3748,13.0,127,1266,10.03,2025-10-22 11:01:00
KP018638,KW11064,2025-10-23,AU,Mobile,7478,15.0,247,2651,9.32,2025-10-23 01:51:00
KP018639,KW11377,2025-10-24,MX,Mobile,2386,3.0,50,327,15.29,2025-10-24 07:11:00
KP018640,KW11407,2025-10-25,US,Mobile,5315,16.0,95,1388,6.84,2025-10-25 01:45:00
KP018641,KW10620,2025-10-26,IN,Mobile,9928,50.0,45,1124,4.0,2025-10-26 10:11:00
KP018642,KW11514,2025-10-27,AU,Desktop,2672,34.0,52,1098,4.74,2025-10-27 01:47:00
KP018643,KW10838,2025-10-28,JP,Desktop,1644,43.0,30,597,5.03,2025-10-28 07:19:00
KP018644,KW10792,2025-10-29,AU,Desktop,9588,41.0,89,2359,3.77,2025-10-29 17:17:00
KP018645,KW11569,2025-10-30,JP,Tablet,1756,28.0,48,925,5.19,2025-10-30 09:39:00
KP018646,KW10975,2025-10-31,BR,Mobile,11288,30.0,58,912,6.36,2025-10-31 00:31:00
KP018647,KW11368,2025-11-01,BR,Desktop,733,35.0,11,193,5.7,2025-11-01 13:30:00
KP018648,KW11300,2025-11-02,UK,Mobile,316,26.0,4,70,5.71,2025-11-02 09:15:00
KP018649,KW11697,2025-11-03,AU,Mobile,3028,2.0,62,259,23.94,2025-11-03 14:22:00
KP018650,KW10915,2025-11-04,DE,Desktop,4766,28.0,138,2262,6.1,2025-11-04 22:39:00
KP018651,KW10372,2025-11-05,CA,Desktop,1972,34.0,30,629,4.77,2025-11-05 06:57:00
KP018652,KW10282,2025-11-06,AU,Mobile,9911,20.0,259,4991,5.19,2025-11-06 08:52:00
KP018653,KW10754,2025-11-07,FR,Desktop,904,47.0,3,101,2.97,2025-11-07 19:05:00
KP018654,KW10088,2025-11-08,IN,Mobile,830,41.0,8,151,5.3,2025-11-08 09:03:00
KP018655,KW10355,2025-11-09,UK,Mobile,1942,14.0,54,848,6.37,2025-11-09 18:32:00
KP018656,KW11583,2025-11-10,MX,Mobile,9774,10.0,336,3039,11.06,2025-11-10 04:22:00
KP018657,KW10268,2025-11-11,DE,Mobile,2968,31.0,90,1578,5.7,2025-11-11 12:02:00
KP018658,KW10841,2025-11-12,CA,Desktop,14056,11.0,473,4653,10.17,2025-11-12 18:24:00
KP018659,KW11068,2025-11-13,CA,Mobile,3250,7.0,33,244,13.52,2025-11-13 12:06:00
KP018660,KW11678,2025-11-14,BR,Desktop,2194,40.0,22,591,3.72,2025-11-14 20:00:00
KP018661,KW11591,2025-11-15,CA,Mobile,590,37.0,10,261,3.83,2025-11-15 19:03:00
KP018662,KW10687,2025-11-16,US,Desktop,11005,30.0,254,5580,4.55,2025-11-16 12:50:00
KP018663,KW11641,2025-11-17,AU,Desktop,2740,11.0,144,1494,9.64,2025-11-17 17:36:00
KP018664,KW11016,2025-11-18,CA,Mobile,6380,18.0,147,1925,7.64,2025-11-18 17:46:00
KP018665,KW10098,2025-11-19,IN,Mobile,15491,29.0,262,4940,5.3,2025-11-19 08:41:00
KP018666,KW11257,2025-11-20,IN,Mobile,853,46.0,12,290,4.14,2025-11-20 20:47:00
KP018667,KW11488,2025-11-21,US,Desktop,3234,16.0,31,553,5.61,2025-11-21 23:43:00
KP018668,KW10816,2025-11-22,JP,Mobile,8650,24.0,53,1049,5.05,2025-11-22 15:44:00
KP018669,KW10021,2025-11-23,FR,Mobile,7959,2.0,787,4035,19.5,2025-11-23 09:55:00
KP018670,KW10892,2025-11-24,BR,Desktop,2830,3.0,169,787,21.47,2025-11-24 23:04:00
KP018671,KW11341,2025-11-25,JP,Desktop,4933,10.0,45,415,10.84,2025-11-25 23:27:00
KP018672,KW10603,2025-11-26,AU,Tablet,2060,24.0,58,770,7.53,2025-11-26 08:55:00
KP018673,KW11974,2025-11-27,MX,Desktop,1455,49.0,24,616,3.9,2025-11-27 06:49:00
KP018674,KW11672,2025-11-28,FR,Desktop,1408,49.0,30,678,4.42,2025-11-28 10:52:00
KP018675,KW11361,2025-11-29,CA,Desktop,25374,6.0,732,4728,15.48,2025-11-29 05:59:00
KP018676,KW11802,2025-11-30,JP,Desktop,1335,31.0,16,263,6.08,2025-11-30 15:10:00
KP018677,KW10901,2025-12-01,FR,Mobile,3553,33.0,57,1031,5.53,2025-12-01 06:39:00
KP018678,KW10543,2025-12-02,MX,Desktop,6830,15.0,43,532,8.08,2025-12-02 16:45:00
KP018679,KW11943,2025-12-03,US,Desktop,672,46.0,8,196,4.08,2025-12-03 20:10:00
KP018680,KW10198,2025-12-04,US,Mobile,947,19.0,29,431,6.73,2025-12-04 10:03:00
KP018681,KW11461,2025-12-05,MX,Desktop,4459,16.0,160,1927,8.3,2025-12-05 13:55:00
KP018682,KW10276,2025-12-06,DE,Desktop,10217,31.0,187,3665,5.1,2025-12-06 01:36:00
KP018683,KW10022,2025-12-07,AU,Desktop,2064,22.0,51,680,7.5,2025-12-07 19:25:00
KP018684,KW10769,2025-12-08,CA,Desktop,6424,35.0,167,3132,5.33,2025-12-08 15:54:00
KP018685,KW10228,2025-12-09,BR,Desktop,10952,20.0,106,1562,6.79,2025-12-09 23:29:00
KP018686,KW11357,2025-12-10,AU,Desktop,4133,46.0,59,1412,4.18,2025-12-10 12:48:00
KP018687,KW10727,2025-12-11,JP,Desktop,1835,30.0,41,798,5.14,2025-12-11 12:21:00
KP018688,KW11316,2025-12-12,JP,Mobile,1031,35.0,28,468,5.98,2025-12-12 16:48:00
KP018689,KW11274,2025-12-13,FR,Mobile,3885,50.0,37,988,3.74,2025-12-13 05:22:00
KP018690,KW11153,2025-12-14,JP,Desktop,2284,5.0,117,671,17.44,2025-12-14 23:47:00
KP018691,KW11522,2025-12-15,US,Mobile,1912,36.0,38,660,5.76,2025-12-15 18:01:00
KP018692,KW11233,2025-12-16,IN,Mobile,5651,35.0,66,1105,5.97,2025-12-16 21:43:00
KP018693,KW11568,2025-12-17,MX,Desktop,520,11.0,19,242,7.85,2025-12-17 20:56:00
KP018694,KW11807,2025-12-18,IN,Mobile,7761,26.0,87,1903,4.57,2025-12-18 20:25:00
KP018695,KW10947,2025-12-19,US,Desktop,5082,25.0,105,1541,6.81,2025-12-19 16:53:00
KP018696,KW11723,2025-12-20,BR,Desktop,873,32.0,9,174,5.17,2025-12-20 10:51:00
KP018697,KW11599,2025-12-21,AU,Tablet,7588,48.0,21,605,3.47,2025-12-21 12:12:00
KP018698,KW11828,2025-12-22,US,Desktop,10606,22.0,272,3883,7.0,2025-12-22 20:49:00
KP018699,KW10548,2025-12-23,US,Desktop,2408,21.0,85,1194,7.12,2025-12-23 05:35:00
KP018700,KW11864,2025-12-24,DE,Mobile,7306,32.0,116,2131,5.44,2025-12-24 22:49:00
KP018701,KW11963,2025-12-25,BR,Mobile,9800,37.0,186,4107,4.53,2025-12-25 23:13:00
KP018702,KW10227,2025-12-26,CA,Tablet,4322,46.0,52,1269,4.1,2025-12-26 11:43:00
KP018703,KW11995,2025-12-27,CA,Desktop,5002,25.0,114,1563,7.29,2025-12-27 10:33:00
KP018704,KW10169,2025-12-28,AU,Mobile,4026,2.0,331,1721,19.23,2025-12-28 18:48:00
KP018705,KW10431,2025-12-29,DE,Desktop,15968,2.0,266,1319,20.17,2025-12-29 11:47:00
KP018706,KW10698,2025-12-30,MX,Desktop,2601,37.0,74,1256,5.89,2025-12-30 04:20:00
KP018707,KW10522,2025-12-31,US,Desktop,4871,19.0,39,460,8.48,2025-12-31 08:58:00
KP018708,KW11031,2026-01-01,DE,Mobile,4715,17.0,115,1968,5.84,2026-01-01 12:07:00
KP018709,KW10265,2026-01-02,UK,Desktop,3062,17.0,25,291,8.59,2026-01-02 18:13:00
KP018710,KW11200,2026-01-03,CA,Desktop,3375,23.0,27,522,5.17,2026-01-03 18:50:00
KP018711,KW11786,2026-01-04,IN,Desktop,5720,36.0,55,984,5.59,2026-01-04 13:57:00
KP018712,KW11237,2026-01-05,IN,Desktop,1800,44.0,26,501,5.19,2026-01-05 07:53:00
KP018713,KW11321,2026-01-06,CA,Desktop,2328,5.0,121,715,16.92,2026-01-06 04:06:00
KP018714,KW11381,2026-01-07,JP,Mobile,6067,10.0,61,684,8.92,2026-01-07 13:30:00
KP018715,KW11680,2026-01-08,IN,Desktop,5909,12.0,307,3104,9.89,2026-01-08 00:57:00
KP018716,KW10714,2026-01-09,DE,Desktop,7867,13.0,320,3593,8.91,2026-01-09 17:59:00
KP018717,KW10180,2026-01-10,FR,Mobile,2070,27.0,23,401,5.74,2026-01-10 14:49:00
KP018718,KW10970,2026-01-11,FR,Desktop,6700,24.0,136,1937,7.02,2026-01-11 04:28:00
KP018719,KW11460,2026-01-12,MX,Desktop,2695,48.0,28,866,3.23,2026-01-12 16:49:00
KP018720,KW11895,2026-01-13,DE,Mobile,492,41.0,2,69,2.9,2026-01-13 02:13:00
KP018721,KW11087,2026-01-14,UK,Desktop,4605,30.0,105,1649,6.37,2026-01-14 15:15:00
KP018722,KW10759,2026-01-15,UK,Desktop,11738,50.0,246,6129,4.01,2026-01-15 19:33:00
KP018723,KW10754,2026-01-16,CA,Mobile,1593,36.0,21,416,5.05,2026-01-16 12:21:00
KP018724,KW11684,2026-01-17,DE,Mobile,2507,50.0,38,925,4.11,2026-01-17 21:08:00
KP018725,KW11646,2026-01-18,BR,Mobile,2345,20.0,22,280,7.86,2026-01-18 00:43:00
KP018726,KW11953,2026-01-19,MX,Desktop,5087,9.0,220,2435,9.03,2026-01-19 02:52:00
KP018727,KW10948,2026-01-20,CA,Mobile,485,25.0,12,187,6.42,2026-01-20 21:57:00
KP018728,KW11364,2026-01-21,US,Desktop,2739,41.0,65,1300,5.0,2026-01-21 14:08:00
KP018729,KW11979,2026-01-22,JP,Mobile,3776,40.0,71,2040,3.48,2026-01-22 15:38:00
KP018730,KW10148,2026-01-23,AU,Mobile,904,48.0,16,387,4.13,2026-01-23 04:04:00
KP018731,KW10490,2026-01-24,UK,Mobile,1707,9.0,26,312,8.33,2026-01-24 19:51:00
KP018732,KW11958,2026-01-25,AU,Desktop,842,6.0,18,156,11.54,2026-01-25 19:14:00
KP018733,KW10429,2026-01-26,IN,Mobile,4473,23.0,21,336,6.25,2026-01-26 23:05:00
KP018734,KW10976,2026-01-27,CA,Mobile,8868,12.0,316,3802,8.31,2026-01-27 16:09:00
KP018735,KW10299,2026-01-28,UK,Mobile,3447,15.0,86,1035,8.31,2026-01-28 06:37:00
KP018736,KW11415,2026-01-29,UK,Desktop,1577,17.0,23,425,5.41,2026-01-29 23:26:00
KP018737,KW10262,2026-01-30,IN,Desktop,4204,40.0,31,812,3.82,2026-01-30 22:29:00
KP018738,KW11833,2026-01-31,CA,Mobile,4172,1.0,421,1385,30.4,2026-01-31 05:44:00
KP018981,KW11529,2025-10-01,FR,Desktop,5124,22.0,44,748,5.88,2025-10-01 00:34:00
KP018982,KW10337,2025-10-02,AU,Desktop,5429,7.0,165,1482,11.13,2025-10-02 07:44:00
KP018983,KW10429,2025-10-03,UK,Desktop,1332,33.0,33,715,4.62,2025-10-03 16:17:00
KP018984,KW10821,2025-10-04,FR,Mobile,2007,48.0,48,1006,4.77,2025-10-04 12:44:00
KP018985,KW11643,2025-10-05,CA,Desktop,1346,30.0,23,378,6.08,2025-10-05 18:38:00
KP018986,KW11231,2025-10-06,CA,Desktop,8712,10.0,370,4478,8.26,2025-10-06 17:07:00
KP018987,KW10694,2025-10-07,JP,Desktop,2472,49.0,33,662,4.98,2025-10-07 13:53:00
KP018988,KW10144,2025-10-08,BR,Mobile,16395,19.0,218,4015,5.43,2025-10-08 20:40:00
KP018989,KW10490,2025-10-09,JP,Mobile,7422,12.0,172,2102,8.18,2025-10-09 18:09:00
KP018990,KW11188,2025-10-10,BR,Mobile,1781,13.0,20,198,10.1,2025-10-10 00:43:00
KP018991,KW11136,2025-10-11,CA,Desktop,2604,2.0,227,1231,18.44,2025-10-11 04:38:00
KP018992,KW11401,2025-10-12,IN,Mobile,2655,8.0,120,989,12.13,2025-10-12 16:53:00
KP018993,KW11383,2025-10-13,UK,Mobile,3839,5.0,132,859,15.37,2025-10-13 13:37:00
KP018994,KW10115,2025-10-14,JP,Desktop,4078,45.0,42,898,4.68,2025-10-14 18:07:00
KP018995,KW10453,2025-10-15,US,Mobile,12097,23.0,285,5772,4.94,2025-10-15 09:37:00
KP018996,KW10365,2025-10-16,MX,Tablet,1712,34.0,8,210,3.81,2025-10-16 23:39:00
KP018997,KW10266,2025-10-17,AU,Mobile,1062,49.0,6,171,3.51,2025-10-17 06:27:00
KP018998,KW10387,2025-10-18,UK,Desktop,1936,18.0,25,429,5.83,2025-10-18 10:37:00
KP018999,KW11583,2025-10-19,IN,Mobile,5083,37.0,56,1515,3.7,2025-10-19 06:04:00
KP019000,KW11647,2025-10-20,MX,Desktop,2811,3.0,281,1526,18.41,2025-10-20 08:43:00
KP019001,KW11912,2025-10-21,FR,Desktop,5558,33.0,73,1176,6.21,2025-10-21 05:05:00
KP019002,KW11639,2025-10-22,US,Desktop,12334,45.0,229,6045,3.79,2025-10-22 10:07:00
KP019003,KW11933,2025-10-23,BR,Desktop,2073,26.0,10,183,5.46,2025-10-23 04:54:00
KP019004,KW11373,2025-10-24,US,Mobile,3599,7.0,68,697,9.76,2025-10-24 16:19:00
KP019005,KW11854,2025-10-25,CA,Desktop,11360,47.0,25,690,3.62,2025-10-25 14:36:00
KP019006,KW11101,2025-10-26,MX,Mobile,1638,48.0,23,608,3.78,2025-10-26 22:39:00
KP019007,KW10608,2025-10-27,AU,Tablet,17171,10.0,194,1880,10.32,2025-10-27 10:06:00
KP019008,KW11943,2025-10-28,UK,Mobile,2783,12.0,76,960,7.92,2025-10-28 15:07:00
KP019009,KW10021,2025-10-29,FR,Mobile,5937,26.0,132,1941,6.8,2025-10-29 20:24:00
KP019010,KW11461,2025-10-30,US,Mobile,3438,47.0,69,1337,5.16,2025-10-30 19:12:00
KP019011,KW11078,2025-10-31,JP,Mobile,2611,25.0,61,1227,4.97,2025-10-31 17:43:00
KP019012,KW10620,2025-11-01,JP,Desktop,1507,15.0,15,198,7.58,2025-11-01 15:43:00
KP019013,KW11538,2025-11-02,IN,Mobile,5949,4.0,233,1146,20.33,2025-11-02 14:32:00
KP019014,KW10583,2025-11-03,DE,Desktop,4763,4.0,282,2046,13.78,2025-11-03 17:46:00
KP019015,KW10486,2025-11-04,CA,Desktop,6821,47.0,16,411,3.89,2025-11-04 00:37:00
KP019016,KW10008,2025-11-05,US,Desktop,3624,23.0,124,1871,6.63,2025-11-05 13:54:00
KP019017,KW10252,2025-11-06,BR,Mobile,7141,24.0,226,3748,6.03,2025-11-06 20:04:00
KP019018,KW10300,2025-11-07,JP,Desktop,700,3.0,31,172,18.02,2025-11-07 08:52:00
KP019019,KW10929,2025-11-08,MX,Mobile,4980,42.0,62,1486,4.17,2025-11-08 07:41:00
KP019020,KW11479,2025-11-09,MX,Mobile,5776,33.0,90,2133,4.22,2025-11-09 02:41:00
KP019021,KW10474,2025-11-10,IN,Desktop,2442,43.0,21,413,5.08,2025-11-10 01:34:00
KP019022,KW11644,2025-11-11,MX,Tablet,5153,47.0,88,2381,3.7,2025-11-11 01:40:00
KP019023,KW11239,2025-11-12,UK,Tablet,9601,15.0,280,3427,8.17,2025-11-12 15:26:00
KP019024,KW10334,2025-11-13,AU,Mobile,3795,11.0,212,1913,11.08,2025-11-13 08:41:00
KP019025,KW11089,2025-11-14,MX,Desktop,1701,42.0,36,929,3.88,2025-11-14 09:29:00
KP019026,KW10143,2025-11-15,JP,Mobile,1633,26.0,7,166,4.22,2025-11-15 03:26:00
KP019027,KW10247,2025-11-16,UK,Desktop,3676,25.0,60,835,7.19,2025-11-16 23:17:00
KP019028,KW10474,2025-11-17,AU,Desktop,12995,35.0,56,1461,3.83,2025-11-17 01:18:00
KP019029,KW10787,2025-11-18,JP,Mobile,2190,33.0,24,384,6.25,2025-11-18 09:22:00
KP019030,KW10833,2025-11-19,CA,Mobile,4122,15.0,137,1482,9.24,2025-11-19 00:35:00
KP019031,KW10417,2025-11-20,DE,Desktop,7159,45.0,187,3730,5.01,2025-11-20 10:47:00
KP019032,KW11976,2025-11-21,US,Mobile,6524,1.0,1076,3076,34.98,2025-11-21 08:50:00
KP019033,KW10936,2025-11-22,BR,Mobile,1515,22.0,23,424,5.42,2025-11-22 23:49:00
KP019034,KW11957,2025-11-23,IN,Mobile,939,4.0,83,512,16.21,2025-11-23 04:37:00
KP019035,KW11459,2025-11-24,BR,Mobile,2068,31.0,48,808,5.94,2025-11-24 02:05:00
KP019036,KW11559,2025-11-25,FR,Desktop,1760,22.0,40,622,6.43,2025-11-25 19:44:00
KP019037,KW11084,2025-11-26,US,Tablet,2386,6.0,44,287,15.33,2025-11-26 05:31:00
KP019038,KW10619,2025-11-27,US,Desktop,1502,22.0,24,407,5.9,2025-11-27 12:18:00
KP019039,KW10954,2025-11-28,US,Desktop,5458,11.0,139,1774,7.84,2025-11-28 06:38:00
KP019040,KW10229,2025-11-29,CA,Desktop,12912,41.0,240,5113,4.69,2025-11-29 23:01:00
KP019041,KW10554,2025-11-30,US,Desktop,629,12.0,29,306,9.48,2025-11-30 05:10:00
KP019042,KW10783,2025-12-01,US,Mobile,5180,14.0,169,2399,7.04,2025-12-01 10:16:00
KP019043,KW10125,2025-12-02,BR,Mobile,7961,3.0,529,3320,15.93,2025-12-02 12:51:00
KP019044,KW11380,2025-12-03,BR,Mobile,1067,24.0,25,398,6.28,2025-12-03 03:20:00
KP019045,KW11227,2025-12-04,JP,Desktop,3440,19.0,78,1361,5.73,2025-12-04 13:54:00
KP019046,KW10741,2025-12-05,US,Mobile,2364,13.0,33,429,7.69,2025-12-05 19:02:00
KP019047,KW10935,2025-12-06,US,Tablet,3758,8.0,163,1803,9.04,2025-12-06 11:18:00
KP019048,KW11292,2025-12-07,BR,Desktop,3649,26.0,64,917,6.98,2025-12-07 23:22:00
KP019049,KW11919,2025-12-08,US,Desktop,1497,14.0,24,273,8.79,2025-12-08 16:17:00
KP019050,KW11975,2025-12-09,AU,Desktop,1100,2.0,39,210,18.57,2025-12-09 04:57:00
KP019051,KW10373,2025-12-10,IN,Desktop,3881,37.0,49,1007,4.87,2025-12-10 19:07:00
KP019052,KW11868,2025-12-11,UK,Desktop,5522,23.0,32,477,6.71,2025-12-11 20:28:00
KP019053,KW10759,2025-12-12,CA,Desktop,2060,45.0,18,440,4.09,2025-12-12 02:11:00
KP019054,KW11428,2025-12-13,AU,Tablet,3742,48.0,36,1034,3.48,2025-12-13 16:34:00
KP019055,KW11319,2025-12-14,JP,Mobile,6344,32.0,73,1266,5.77,2025-12-14 14:48:00
KP019056,KW11454,2025-12-15,MX,Mobile,2210,30.0,12,214,5.61,2025-12-15 21:59:00
KP019057,KW10898,2025-12-16,MX,Desktop,1236,17.0,31,453,6.84,2025-12-16 15:05:00
KP019058,KW11535,2025-12-17,MX,Desktop,24775,47.0,152,3524,4.31,2025-12-17 01:27:00
KP019059,KW10009,2025-12-18,BR,Mobile,7072,27.0,58,1207,4.81,2025-12-18 01:08:00
KP019060,KW10232,2025-12-19,AU,Tablet,1381,30.0,7,144,4.86,2025-12-19 10:23:00
KP019061,KW11879,2025-12-20,UK,Mobile,626,10.0,35,317,11.04,2025-12-20 15:21:00
KP019062,KW11328,2025-12-21,MX,Desktop,2490,6.0,51,353,14.45,2025-12-21 21:54:00
KP019063,KW11471,2025-12-22,JP,Mobile,5754,12.0,233,2626,8.87,2025-12-22 19:36:00
KP019064,KW11981,2025-12-23,JP,Desktop,761,30.0,20,325,6.15,2025-12-23 18:42:00
KP019065,KW10292,2025-12-24,JP,Desktop,5304,31.0,72,1135,6.34,2025-12-24 10:37:00
KP019066,KW10424,2025-12-25,UK,Desktop,361,3.0,34,158,21.52,2025-12-25 21:04:00
KP019067,KW11363,2025-12-26,IN,Mobile,5285,8.0,256,1945,13.16,2025-12-26 15:51:00
KP019068,KW11706,2025-12-27,DE,Desktop,2870,11.0,69,725,9.52,2025-12-27 13:05:00
KP019069,KW11462,2025-12-28,IN,Desktop,227,46.0,3,63,4.76,2025-12-28 05:44:00
KP019070,KW10265,2025-12-29,BR,Mobile,1722,9.0,9,92,9.78,2025-12-29 02:27:00
KP019071,KW11775,2025-12-30,AU,Desktop,2480,1.0,200,608,32.89,2025-12-30 03:54:00
KP019072,KW11082,2025-12-31,JP,Desktop,14616,3.0,994,5598,17.76,2025-12-31 13:23:00
KP019073,KW10342,2026-01-01,AU,Mobile,3169,50.0,28,830,3.37,2026-01-01 07:51:00
KP019074,KW10994,2026-01-02,UK,Desktop,2972,7.0,48,512,9.38,2026-01-02 16:41:00
KP019075,KW11321,2026-01-03,BR,Tablet,7392,26.0,121,1726,7.01,2026-01-03 00:50:00
KP019076,KW11787,2026-01-04,UK,Mobile,13619,11.0,141,1760,8.01,2026-01-04 09:54:00
KP019077,KW11318,2026-01-05,AU,Desktop,2934,26.0,39,885,4.41,2026-01-05 08:06:00
KP019078,KW11083,2026-01-06,FR,Mobile,618,32.0,10,174,5.75,2026-01-06 16:14:00
KP019079,KW10650,2026-01-07,JP,Desktop,8610,34.0,95,1771,5.36,2026-01-07 09:27:00
KP019080,KW10096,2026-01-08,DE,Desktop,2894,31.0,74,1242,5.96,2026-01-08 01:13:00
KP019081,KW11683,2026-01-09,MX,Mobile,9937,1.0,1821,5203,35.0,2026-01-09 01:05:00
KP019082,KW10814,2026-01-10,FR,Mobile,726,15.0,21,352,5.97,2026-01-10 16:16:00
KP019083,KW10718,2026-01-11,FR,Mobile,12564,29.0,216,4967,4.35,2026-01-11 11:36:00
KP019084,KW10998,2026-01-12,IN,Mobile,2982,4.0,138,1016,13.58,2026-01-12 13:31:00
KP019085,KW11167,2026-01-13,CA,Desktop,1300,18.0,20,281,7.12,2026-01-13 09:08:00
KP019086,KW11565,2026-01-14,AU,Mobile,1760,4.0,133,701,18.97,2026-01-14 09:36:00
KP019087,KW11819,2026-01-15,FR,Mobile,8567,32.0,47,731,6.43,2026-01-15 13:26:00
KP019088,KW11465,2026-01-16,AU,Mobile,2629,31.0,25,571,4.38,2026-01-16 12:15:00
KP019089,KW11090,2026-01-17,AU,Mobile,1378,22.0,39,647,6.03,2026-01-17 18:44:00
KP019090,KW11828,2026-01-18,MX,Mobile,706,4.0,25,132,18.94,2026-01-18 23:35:00
KP019091,KW10225,2026-01-19,JP,Mobile,5527,34.0,53,1377,3.85,2026-01-19 09:20:00
KP019092,KW10677,2026-01-20,US,Mobile,3678,5.0,303,1705,17.77,2026-01-20 23:57:00
KP019093,KW11496,2026-01-21,FR,Mobile,16517,43.0,240,5846,4.11,2026-01-21 05:55:00
KP019094,KW11915,2026-01-22,IN,Tablet,1405,7.0,31,304,10.2,2026-01-22 20:10:00
KP019095,KW11869,2026-01-23,AU,Desktop,720,46.0,6,183,3.28,2026-01-23 20:12:00
KP019096,KW11169,2026-01-24,MX,Mobile,1252,32.0,39,669,5.83,2026-01-24 17:14:00
KP019097,KW11640,2026-01-25,UK,Desktop,2699,4.0,51,362,14.09,2026-01-25 20:49:00
KP019098,KW10407,2026-01-26,FR,Desktop,2373,8.0,74,579,12.78,2026-01-26 16:08:00
KP019099,KW11491,2026-01-27,FR,Desktop,6276,39.0,102,2595,3.93,2026-01-27 01:59:00
KP019100,KW11715,2026-01-28,AU,Desktop,3776,4.0,244,1595,15.3,2026-01-28 03:25:00
KP019101,KW11774,2026-01-29,BR,Desktop,3242,1.0,495,1670,29.64,2026-01-29 11:00:00
KP019102,KW10792,2026-01-30,CA,Desktop,5805,4.0,57,416,13.7,2026-01-30 16:49:00
KP019103,KW11818,2026-01-31,CA,Mobile,6082,25.0,109,2121,5.14,2026-01-31 21:20:00
KP019346,KW10316,2025-10-01,US,Desktop,9233,48.0,185,4626,4.0,2025-10-01 13:55:00
KP019347,KW11245,2025-10-02,BR,Mobile,5756,42.0,45,965,4.66,2025-10-02 01:21:00
KP019348,KW10328,2025-10-03,UK,Desktop,1256,33.0,13,295,4.41,2025-10-03 20:46:00
KP019349,KW10937,2025-10-04,UK,Desktop,4350,14.0,89,1009,8.82,2025-10-04 15:53:00
KP019350,KW11927,2025-10-05,AU,Mobile,4088,48.0,85,1893,4.49,2025-10-05 20:11:00
KP019351,KW11363,2025-10-06,MX,Mobile,4257,8.0,171,1753,9.75,2025-10-06 02:48:00
KP019352,KW11408,2025-10-07,BR,Desktop,194,16.0,1,25,4.0,2025-10-07 05:05:00
KP019353,KW10590,2025-10-08,BR,Desktop,7559,28.0,189,3078,6.14,2025-10-08 00:20:00
KP019354,KW10082,2025-10-09,CA,Desktop,2285,15.0,28,361,7.76,2025-10-09 01:10:00
KP019355,KW11682,2025-10-10,FR,Desktop,1963,10.0,12,111,10.81,2025-10-10 17:23:00
KP019356,KW10842,2025-10-11,JP,Desktop,6380,3.0,539,2369,22.75,2025-10-11 09:16:00
KP019357,KW11476,2025-10-12,DE,Mobile,551,28.0,13,221,5.88,2025-10-12 08:03:00
KP019358,KW11539,2025-10-13,US,Desktop,1913,28.0,17,267,6.37,2025-10-13 10:45:00
KP019359,KW11837,2025-10-14,DE,Mobile,3283,36.0,70,1309,5.35,2025-10-14 01:00:00
KP019360,KW11463,2025-10-15,US,Mobile,2806,16.0,25,416,6.01,2025-10-15 10:43:00
KP019361,KW11304,2025-10-16,IN,Desktop,4089,19.0,45,579,7.77,2025-10-16 21:22:00
KP019362,KW11858,2025-10-17,UK,Desktop,8579,14.0,193,2946,6.55,2025-10-17 21:25:00
KP019363,KW11723,2025-10-18,FR,Tablet,1186,8.0,71,605,11.74,2025-10-18 02:25:00
KP019364,KW10715,2025-10-19,JP,Desktop,1111,41.0,4,94,4.26,2025-10-19 01:21:00
KP019365,KW11630,2025-10-20,IN,Mobile,2286,11.0,52,500,10.4,2025-10-20 11:47:00
KP019366,KW10881,2025-10-21,CA,Desktop,3653,11.0,83,1175,7.06,2025-10-21 14:11:00
KP019367,KW10585,2025-10-22,IN,Desktop,2708,16.0,75,851,8.81,2025-10-22 14:25:00
KP019368,KW10930,2025-10-23,US,Desktop,4656,43.0,126,2335,5.4,2025-10-23 02:04:00
KP019369,KW10426,2025-10-24,DE,Mobile,10781,13.0,389,3821,10.18,2025-10-24 10:07:00
KP019370,KW10668,2025-10-25,FR,Mobile,4383,20.0,18,260,6.92,2025-10-25 15:42:00
KP019371,KW10254,2025-10-26,DE,Tablet,7800,34.0,154,2769,5.56,2025-10-26 20:23:00
KP019372,KW10990,2025-10-27,CA,Mobile,7016,44.0,125,3781,3.31,2025-10-27 05:17:00
KP019373,KW10274,2025-10-28,AU,Desktop,11270,36.0,311,5322,5.84,2025-10-28 05:23:00
KP019374,KW11184,2025-10-29,UK,Desktop,3585,29.0,77,1134,6.79,2025-10-29 08:16:00
KP019375,KW10342,2025-10-30,CA,Tablet,2058,38.0,17,361,4.71,2025-10-30 08:20:00
KP019376,KW10673,2025-10-31,US,Mobile,968,6.0,31,193,16.06,2025-10-31 17:55:00
KP019377,KW11360,2025-11-01,US,Desktop,13606,18.0,550,6569,8.37,2025-11-01 16:33:00
KP019378,KW11399,2025-11-02,UK,Desktop,4599,49.0,17,526,3.23,2025-11-02 21:48:00
KP019379,KW10955,2025-11-03,DE,Desktop,2385,46.0,30,653,4.59,2025-11-03 21:31:00
KP019380,KW10587,2025-11-04,AU,Desktop,3539,8.0,236,1818,12.98,2025-11-04 14:26:00
KP019381,KW11134,2025-11-05,IN,Desktop,1572,12.0,55,603,9.12,2025-11-05 20:04:00
KP019382,KW11537,2025-11-06,MX,Desktop,4197,42.0,62,1417,4.38,2025-11-06 10:28:00
KP019383,KW11688,2025-11-07,FR,Desktop,9182,22.0,224,3049,7.35,2025-11-07 22:19:00
KP019384,KW11420,2025-11-08,DE,Mobile,15434,46.0,239,6892,3.47,2025-11-08 22:54:00
KP019385,KW10794,2025-11-09,US,Mobile,2079,26.0,44,730,6.03,2025-11-09 17:54:00
KP019386,KW10725,2025-11-10,CA,Mobile,6083,50.0,105,2186,4.8,2025-11-10 11:58:00
KP019387,KW10122,2025-11-11,CA,Desktop,13117,38.0,283,7016,4.03,2025-11-11 04:24:00
KP019388,KW11952,2025-11-12,AU,Mobile,771,38.0,21,370,5.68,2025-11-12 14:48:00
KP019389,KW10124,2025-11-13,US,Desktop,5749,6.0,185,1264,14.64,2025-11-13 08:30:00
KP019390,KW10886,2025-11-14,UK,Mobile,2799,17.0,50,710,7.04,2025-11-14 06:47:00
KP019391,KW11509,2025-11-15,MX,Desktop,2435,18.0,112,1287,8.7,2025-11-15 12:28:00
KP019392,KW10918,2025-11-16,MX,Desktop,657,20.0,12,166,7.23,2025-11-16 08:35:00
KP019393,KW10444,2025-11-17,US,Mobile,1079,19.0,26,454,5.73,2025-11-17 19:34:00
KP019394,KW11654,2025-11-18,JP,Mobile,9768,7.0,392,2797,14.02,2025-11-18 04:33:00
KP019395,KW11571,2025-11-19,US,Desktop,1935,26.0,33,503,6.56,2025-11-19 20:14:00
KP019396,KW10211,2025-11-20,MX,Mobile,3647,48.0,51,1142,4.47,2025-11-20 00:29:00
KP019397,KW10422,2025-11-21,MX,Desktop,12807,3.0,807,5033,16.03,2025-11-21 01:04:00
KP019398,KW11837,2025-11-22,MX,Mobile,2148,1.0,346,989,34.98,2025-11-22 12:18:00
KP019399,KW10122,2025-11-23,UK,Desktop,4075,2.0,317,1507,21.04,2025-11-23 21:19:00
KP019400,KW11314,2025-11-24,AU,Desktop,2248,27.0,10,209,4.78,2025-11-24 20:57:00
KP019401,KW11696,2025-11-25,AU,Desktop,8474,15.0,108,1405,7.69,2025-11-25 13:57:00
KP019402,KW11741,2025-11-26,MX,Mobile,1496,26.0,21,456,4.61,2025-11-26 01:27:00
KP019403,KW11744,2025-11-27,IN,Mobile,5672,35.0,53,873,6.07,2025-11-27 00:49:00
KP019404,KW11559,2025-11-28,MX,Mobile,6066,35.0,178,2943,6.05,2025-11-28 11:51:00
KP019405,KW11221,2025-11-29,UK,Mobile,2610,7.0,109,803,13.57,2025-11-29 08:38:00
KP019406,KW10717,2025-11-30,CA,Desktop,1757,10.0,40,399,10.03,2025-11-30 17:37:00
KP019407,KW10008,2025-12-01,CA,Desktop,630,41.0,12,319,3.76,2025-12-01 06:15:00
KP019408,KW11787,2025-12-02,AU,Desktop,1216,40.0,24,505,4.75,2025-12-02 15:05:00
KP019409,KW10979,2025-12-03,UK,Desktop,6494,26.0,40,623,6.42,2025-12-03 07:39:00
KP019410,KW11348,2025-12-04,US,Mobile,1950,38.0,37,886,4.18,2025-12-04 08:15:00
KP019411,KW10731,2025-12-05,AU,Desktop,9459,28.0,236,4397,5.37,2025-12-05 20:38:00
KP019412,KW10104,2025-12-06,DE,Desktop,12621,25.0,346,6289,5.5,2025-12-06 04:59:00
KP019413,KW10077,2025-12-07,MX,Mobile,1955,6.0,73,680,10.74,2025-12-07 01:07:00
KP019414,KW11161,2025-12-08,IN,Tablet,6807,35.0,32,642,4.98,2025-12-08 06:21:00
KP019415,KW11363,2025-12-09,US,Mobile,4891,44.0,108,1996,5.41,2025-12-09 15:45:00
KP019416,KW11422,2025-12-10,FR,Mobile,1400,35.0,27,602,4.49,2025-12-10 17:48:00
KP019417,KW10126,2025-12-11,IN,Mobile,3787,47.0,59,1878,3.14,2025-12-11 08:30:00
KP019418,KW11384,2025-12-12,AU,Mobile,3490,16.0,119,1264,9.41,2025-12-12 23:30:00
KP019419,KW10328,2025-12-13,BR,Mobile,954,10.0,18,225,8.0,2025-12-13 07:45:00
KP019420,KW10940,2025-12-14,CA,Mobile,8234,4.0,62,418,14.83,2025-12-14 19:27:00
KP019421,KW11572,2025-12-15,JP,Desktop,4749,48.0,68,1447,4.7,2025-12-15 22:37:00
KP019422,KW10826,2025-12-16,US,Mobile,1335,19.0,38,672,5.65,2025-12-16 20:12:00
KP019423,KW11549,2025-12-17,AU,Mobile,2657,39.0,17,371,4.58,2025-12-17 10:58:00
KP019424,KW11379,2025-12-18,CA,Mobile,4910,39.0,117,2268,5.16,2025-12-18 04:28:00
KP019425,KW11725,2025-12-19,DE,Desktop,802,46.0,11,357,3.08,2025-12-19 05:46:00
KP019426,KW10271,2025-12-20,AU,Mobile,2253,22.0,63,1209,5.21,2025-12-20 12:30:00
KP019427,KW10433,2025-12-21,DE,Desktop,3343,27.0,90,1392,6.47,2025-12-21 16:05:00
KP019428,KW10231,2025-12-22,JP,Desktop,1763,16.0,56,629,8.9,2025-12-22 15:56:00
KP019429,KW10225,2025-12-23,MX,Desktop,1364,4.0,81,429,18.88,2025-12-23 12:16:00
KP019430,KW11097,2025-12-24,UK,Mobile,5900,10.0,46,405,11.36,2025-12-24 06:31:00
KP019431,KW10421,2025-12-25,US,Desktop,4152,11.0,48,485,9.9,2025-12-25 13:22:00
KP019432,KW10209,2025-12-26,FR,Mobile,3474,41.0,31,641,4.84,2025-12-26 04:30:00
KP019433,KW10991,2025-12-27,FR,Desktop,8408,10.0,126,1038,12.14,2025-12-27 13:04:00
KP019434,KW10812,2025-12-28,BR,Desktop,2929,20.0,80,1445,5.54,2025-12-28 05:43:00
KP019435,KW10200,2025-12-29,FR,Desktop,15906,33.0,114,2087,5.46,2025-12-29 20:50:00
KP019436,KW11896,2025-12-30,AU,Desktop,1698,30.0,42,917,4.58,2025-12-30 17:50:00
KP019437,KW11243,2025-12-31,CA,Desktop,15000,38.0,150,3860,3.89,2025-12-31 17:54:00
KP019438,KW10630,2026-01-01,JP,Mobile,2460,3.0,96,618,15.53,2026-01-01 22:46:00
KP019439,KW11625,2026-01-02,DE,Mobile,7194,43.0,112,2631,4.26,2026-01-02 06:01:00
KP019440,KW11104,2026-01-03,BR,Desktop,1233,29.0,4,84,4.76,2026-01-03 03:00:00
KP019441,KW10761,2026-01-04,AU,Mobile,1065,50.0,19,573,3.32,2026-01-04 11:28:00
KP019442,KW11448,2026-01-05,JP,Desktop,5489,19.0,207,2624,7.89,2026-01-05 17:56:00
KP019443,KW11431,2026-01-06,JP,Mobile,1122,3.0,31,152,20.39,2026-01-06 07:44:00
KP019444,KW10796,2026-01-07,US,Tablet,1234,44.0,29,659,4.4,2026-01-07 00:04:00
KP019445,KW10481,2026-01-08,CA,Mobile,8308,48.0,188,3632,5.18,2026-01-08 12:10:00
KP019446,KW11740,2026-01-09,IN,Desktop,457,27.0,8,162,4.94,2026-01-09 01:02:00
KP019447,KW10765,2026-01-10,CA,Desktop,2672,8.0,75,782,9.59,2026-01-10 17:37:00
KP019448,KW11785,2026-01-11,DE,Mobile,1155,48.0,13,361,3.6,2026-01-11 17:16:00
KP019449,KW10526,2026-01-12,UK,Tablet,5911,29.0,33,618,5.34,2026-01-12 15:32:00
KP019450,KW10827,2026-01-13,BR,Mobile,11316,33.0,233,3689,6.32,2026-01-13 09:14:00
KP019451,KW10068,2026-01-14,UK,Mobile,3122,19.0,73,1072,6.81,2026-01-14 14:34:00
KP019452,KW10225,2026-01-15,JP,Desktop,3352,14.0,29,396,7.32,2026-01-15 15:52:00
KP019453,KW10970,2026-01-16,JP,Desktop,1724,33.0,26,679,3.83,2026-01-16 16:49:00
KP019454,KW10753,2026-01-17,AU,Desktop,1189,24.0,21,392,5.36,2026-01-17 19:28:00
KP019455,KW11533,2026-01-18,US,Desktop,14187,45.0,94,1852,5.08,2026-01-18 11:16:00
KP019456,KW11275,2026-01-19,AU,Desktop,1021,14.0,41,546,7.51,2026-01-19 00:05:00
KP019457,KW11275,2026-01-20,US,Mobile,1993,21.0,63,829,7.6,2026-01-20 07:43:00
KP019458,KW11339,2026-01-21,CA,Mobile,7801,40.0,189,3581,5.28,2026-01-21 17:23:00
KP019459,KW11197,2026-01-22,IN,Desktop,3375,7.0,21,172,12.21,2026-01-22 17:03:00
KP019460,KW10420,2026-01-23,BR,Mobile,4479,6.0,114,823,13.85,2026-01-23 21:57:00
KP019461,KW10620,2026-01-24,DE,Mobile,3772,47.0,60,1504,3.99,2026-01-24 23:28:00
KP019462,KW10617,2026-01-25,UK,Mobile,4405,17.0,141,1689,8.35,2026-01-25 13:17:00
KP019463,KW10854,2026-01-26,IN,Mobile,2838,45.0,5,174,2.87,2026-01-26 16:05:00
KP019464,KW11178,2026-01-27,DE,Desktop,887,46.0,9,225,4.0,2026-01-27 20:08:00
KP019465,KW11507,2026-01-28,DE,Mobile,2787,44.0,41,973,4.21,2026-01-28 02:38:00
KP019466,KW11638,2026-01-29,AU,Mobile,2035,10.0,81,763,10.62,2026-01-29 01:35:00
KP019467,KW11153,2026-01-30,BR,Desktop,1858,34.0,25,530,4.72,2026-01-30 01:20:00
KP019468,KW10355,2026-01-31,UK,Desktop,1576,5.0,82,467,17.56,2026-01-31 04:31:00
KP019711,KW11145,2025-10-01,DE,Desktop,3795,43.0,43,1171,3.67,2025-10-01 13:08:00
KP019712,KW10826,2025-10-02,FR,Desktop,11175,43.0,92,2428,3.79,2025-10-02 14:46:00
KP019713,KW10934,2025-10-03,JP,Desktop,1609,1.0,214,612,34.97,2025-10-03 21:07:00
KP019714,KW11552,2025-10-04,MX,Desktop,12925,38.0,378,6878,5.5,2025-10-04 03:48:00
KP019715,KW10266,2025-10-05,AU,Desktop,4376,30.0,113,1727,6.54,2025-10-05 01:38:00
KP019716,KW10730,2025-10-06,JP,Desktop,3320,5.0,60,377,15.92,2025-10-06 12:10:00
KP019717,KW10124,2025-10-07,MX,Desktop,1245,37.0,20,396,5.05,2025-10-07 08:53:00
KP019718,KW10166,2025-10-08,IN,Desktop,1856,2.0,65,224,29.02,2025-10-08 23:40:00
KP019719,KW11314,2025-10-09,DE,Mobile,1169,30.0,29,548,5.29,2025-10-09 13:14:00
KP019720,KW11132,2025-10-10,JP,Desktop,6503,11.0,292,3038,9.61,2025-10-10 14:12:00
KP019721,KW10633,2025-10-11,DE,Mobile,2393,23.0,10,213,4.69,2025-10-11 21:43:00
KP019722,KW11752,2025-10-12,JP,Desktop,2348,3.0,223,1019,21.88,2025-10-12 15:10:00
KP019723,KW11267,2025-10-13,MX,Desktop,3537,50.0,19,586,3.24,2025-10-13 23:50:00
KP019724,KW10281,2025-10-14,IN,Mobile,1510,1.0,178,635,28.03,2025-10-14 15:30:00
KP019725,KW10877,2025-10-15,BR,Mobile,3596,33.0,10,266,3.76,2025-10-15 07:26:00
KP019726,KW11986,2025-10-16,JP,Mobile,4776,8.0,277,2495,11.1,2025-10-16 03:26:00
KP019727,KW11709,2025-10-17,US,Mobile,803,10.0,5,52,9.62,2025-10-17 13:39:00
KP019728,KW10613,2025-10-18,MX,Desktop,1904,10.0,115,1003,11.47,2025-10-18 19:31:00
KP019729,KW11980,2025-10-19,IN,Mobile,2611,40.0,19,362,5.25,2025-10-19 14:59:00
KP019730,KW10238,2025-10-20,US,Mobile,3661,32.0,31,511,6.07,2025-10-20 18:48:00
KP019731,KW11337,2025-10-21,AU,Mobile,5794,42.0,74,1648,4.49,2025-10-21 12:28:00
KP019732,KW10010,2025-10-22,CA,Desktop,7297,2.0,858,4008,21.41,2025-10-22 16:27:00
KP019733,KW10541,2025-10-23,FR,Mobile,1639,33.0,25,599,4.17,2025-10-23 14:53:00
KP019734,KW11412,2025-10-24,UK,Mobile,4442,5.0,63,392,16.07,2025-10-24 11:06:00
KP019735,KW11615,2025-10-25,FR,Mobile,3691,10.0,35,328,10.67,2025-10-25 09:13:00
KP019736,KW11964,2025-10-26,UK,Desktop,3599,14.0,45,528,8.52,2025-10-26 23:19:00
KP019737,KW11057,2025-10-27,JP,Desktop,3226,16.0,112,1245,9.0,2025-10-27 11:20:00
KP019738,KW11003,2025-10-28,BR,Desktop,1646,17.0,33,391,8.44,2025-10-28 19:14:00
KP019739,KW11835,2025-10-29,BR,Desktop,2244,13.0,74,846,8.75,2025-10-29 22:59:00
KP019740,KW10643,2025-10-30,MX,Desktop,16050,14.0,331,3994,8.29,2025-10-30 03:31:00
KP019741,KW11696,2025-10-31,FR,Mobile,3131,19.0,30,426,7.04,2025-10-31 03:00:00
KP019742,KW10259,2025-11-01,DE,Desktop,2467,45.0,31,624,4.97,2025-11-01 01:29:00
KP019743,KW11577,2025-11-02,AU,Mobile,8628,20.0,234,4456,5.25,2025-11-02 22:12:00
KP019744,KW11909,2025-11-03,MX,Desktop,6274,32.0,92,2254,4.08,2025-11-03 08:17:00
KP019745,KW10448,2025-11-04,FR,Mobile,9504,11.0,381,4689,8.13,2025-11-04 13:53:00
KP019746,KW11838,2025-11-05,UK,Mobile,2064,2.0,43,230,18.7,2025-11-05 18:45:00
KP019747,KW10375,2025-11-06,US,Mobile,2278,22.0,66,1157,5.7,2025-11-06 18:32:00
KP019748,KW10123,2025-11-07,UK,Desktop,3049,7.0,101,849,11.9,2025-11-07 01:30:00
KP019749,KW10251,2025-11-08,US,Desktop,1035,32.0,8,195,4.1,2025-11-08 07:02:00
KP019750,KW11114,2025-11-09,DE,Desktop,3247,24.0,103,1536,6.71,2025-11-09 10:08:00
KP019751,KW10924,2025-11-10,BR,Mobile,1981,41.0,9,256,3.52,2025-11-10 17:24:00
KP019752,KW11681,2025-11-11,US,Desktop,3791,3.0,128,895,14.3,2025-11-11 15:10:00
KP019753,KW10528,2025-11-12,AU,Mobile,1601,27.0,46,747,6.16,2025-11-12 14:25:00
KP019754,KW11950,2025-11-13,DE,Mobile,712,7.0,47,388,12.11,2025-11-13 04:26:00
KP019755,KW10968,2025-11-14,BR,Desktop,2172,40.0,39,874,4.46,2025-11-14 17:59:00
KP019756,KW11716,2025-11-15,FR,Desktop,5676,20.0,84,1602,5.24,2025-11-15 06:25:00
KP019757,KW10058,2025-11-16,JP,Desktop,1131,35.0,13,315,4.13,2025-11-16 07:34:00
KP019758,KW10517,2025-11-17,UK,Desktop,4068,9.0,88,684,12.87,2025-11-17 05:29:00
KP019759,KW10571,2025-11-18,MX,Mobile,1338,9.0,61,541,11.28,2025-11-18 03:41:00
KP019760,KW11304,2025-11-19,JP,Mobile,2876,45.0,34,859,3.96,2025-11-19 01:23:00
KP019761,KW11756,2025-11-20,JP,Mobile,3921,29.0,115,1844,6.24,2025-11-20 20:38:00
KP019762,KW11329,2025-11-21,DE,Desktop,1756,40.0,10,250,4.0,2025-11-21 19:15:00
KP019763,KW10852,2025-11-22,UK,Mobile,24177,37.0,198,3437,5.76,2025-11-22 10:04:00
KP019764,KW10436,2025-11-23,JP,Desktop,726,3.0,11,53,20.75,2025-11-23 20:38:00
KP019765,KW10026,2025-11-24,CA,Desktop,2546,19.0,24,281,8.54,2025-11-24 19:28:00
KP019766,KW11701,2025-11-25,US,Mobile,6688,9.0,372,2888,12.88,2025-11-25 18:58:00
KP019767,KW11901,2025-11-26,DE,Mobile,2864,21.0,70,1223,5.72,2025-11-26 20:47:00
KP019768,KW10486,2025-11-27,IN,Mobile,2318,39.0,17,331,5.14,2025-11-27 20:17:00
KP019769,KW10848,2025-11-28,US,Desktop,5640,10.0,168,2149,7.82,2025-11-28 04:02:00
KP019770,KW11336,2025-11-29,DE,Desktop,5777,3.0,438,1897,23.09,2025-11-29 03:30:00
KP019771,KW11596,2025-11-30,MX,Mobile,2484,8.0,20,198,10.1,2025-11-30 04:00:00
KP019772,KW11891,2025-12-01,FR,Mobile,731,15.0,18,272,6.62,2025-12-01 18:24:00
KP019773,KW10495,2025-12-02,IN,Desktop,1452,45.0,31,671,4.62,2025-12-02 11:34:00
KP019774,KW10555,2025-12-03,DE,Desktop,1620,7.0,73,557,13.11,2025-12-03 18:18:00
KP019775,KW10876,2025-12-04,JP,Desktop,1083,24.0,15,221,6.79,2025-12-04 11:02:00
KP019776,KW11729,2025-12-05,FR,Mobile,2521,48.0,43,895,4.8,2025-12-05 04:43:00
KP019777,KW11011,2025-12-06,CA,Mobile,2006,35.0,55,953,5.77,2025-12-06 08:10:00
KP019778,KW11942,2025-12-07,CA,Desktop,2664,7.0,193,1312,14.71,2025-12-07 14:36:00
KP019779,KW10779,2025-12-08,BR,Desktop,2198,47.0,22,428,5.14,2025-12-08 02:28:00
KP019780,KW11647,2025-12-09,US,Mobile,1268,18.0,54,668,8.08,2025-12-09 05:14:00
KP019781,KW10099,2025-12-10,DE,Desktop,4226,18.0,12,231,5.19,2025-12-10 16:29:00
KP019782,KW10155,2025-12-11,US,Mobile,11149,35.0,242,5867,4.12,2025-12-11 23:25:00
KP019783,KW11713,2025-12-12,US,Mobile,664,25.0,20,329,6.08,2025-12-12 11:40:00
KP019784,KW10895,2025-12-13,JP,Mobile,6970,10.0,215,2758,7.8,2025-12-13 04:27:00
KP019785,KW10283,2025-12-14,UK,Desktop,5967,31.0,121,2979,4.06,2025-12-14 23:23:00
KP019786,KW11643,2025-12-15,UK,Mobile,34984,26.0,237,4700,5.04,2025-12-15 23:22:00
KP019787,KW11976,2025-12-16,UK,Mobile,7920,33.0,22,517,4.26,2025-12-16 21:27:00
KP019788,KW11443,2025-12-17,MX,Desktop,2052,17.0,44,627,7.02,2025-12-17 07:02:00
KP019789,KW11598,2025-12-18,FR,Mobile,916,21.0,23,314,7.32,2025-12-18 22:32:00
KP019790,KW11056,2025-12-19,BR,Mobile,4671,25.0,123,2146,5.73,2025-12-19 23:46:00
KP019791,KW10096,2025-12-20,BR,Mobile,2561,11.0,119,1213,9.81,2025-12-20 11:52:00
KP019792,KW10193,2025-12-21,BR,Desktop,2003,33.0,20,445,4.49,2025-12-21 16:01:00
KP019793,KW11044,2025-12-22,CA,Desktop,966,32.0,22,484,4.55,2025-12-22 22:02:00
KP019794,KW10737,2025-12-23,IN,Mobile,2511,16.0,39,580,6.72,2025-12-23 20:33:00
KP019795,KW11216,2025-12-24,AU,Mobile,1174,49.0,25,607,4.12,2025-12-24 01:11:00
KP019796,KW11918,2025-12-25,UK,Desktop,3245,1.0,129,456,28.29,2025-12-25 02:27:00
KP019797,KW11411,2025-12-26,CA,Desktop,1028,2.0,11,58,18.97,2025-12-26 09:51:00
KP019798,KW11485,2025-12-27,AU,Desktop,794,24.0,7,150,4.67,2025-12-27 21:39:00
KP019799,KW10584,2025-12-28,MX,Mobile,1114,38.0,10,182,5.49,2025-12-28 12:46:00
KP019800,KW10721,2025-12-29,JP,Mobile,1439,8.0,81,654,12.39,2025-12-29 04:29:00
KP019801,KW11323,2025-12-30,IN,Mobile,1415,17.0,8,141,5.67,2025-12-30 04:42:00
KP019802,KW10689,2025-12-31,MX,Mobile,1160,28.0,25,581,4.3,2025-12-31 17:37:00
KP019803,KW10520,2026-01-01,IN,Desktop,5074,5.0,309,2110,14.64,2026-01-01 16:13:00
KP019804,KW10852,2026-01-02,BR,Mobile,7447,17.0,107,1230,8.7,2026-01-02 13:29:00
KP019805,KW11518,2026-01-03,IN,Mobile,1113,50.0,16,394,4.06,2026-01-03 08:04:00
KP019806,KW10151,2026-01-04,IN,Desktop,3055,41.0,17,413,4.12,2026-01-04 21:56:00
KP019807,KW11726,2026-01-05,DE,Desktop,10941,12.0,430,4375,9.83,2026-01-05 12:02:00
KP019808,KW11078,2026-01-06,FR,Desktop,5831,11.0,260,2788,9.33,2026-01-06 16:58:00
KP019809,KW11333,2026-01-07,FR,Desktop,9866,48.0,208,4216,4.93,2026-01-07 21:07:00
KP019810,KW11760,2026-01-08,IN,Desktop,13895,12.0,247,2564,9.63,2026-01-08 03:29:00
KP019811,KW10373,2026-01-09,IN,Mobile,4776,23.0,88,1821,4.83,2026-01-09 08:24:00
KP019812,KW10248,2026-01-10,UK,Desktop,4340,6.0,167,1184,14.1,2026-01-10 12:48:00
KP019813,KW10084,2026-01-11,MX,Desktop,2916,49.0,20,445,4.49,2026-01-11 06:08:00
KP019814,KW10831,2026-01-12,FR,Mobile,481,44.0,1,30,3.33,2026-01-12 08:18:00
KP019815,KW11006,2026-01-13,MX,Desktop,3749,41.0,40,838,4.77,2026-01-13 03:07:00
KP019816,KW11861,2026-01-14,DE,Desktop,3214,50.0,57,1702,3.35,2026-01-14 09:46:00
KP019817,KW10316,2026-01-15,FR,Desktop,11415,44.0,131,3868,3.39,2026-01-15 04:38:00
KP019818,KW10204,2026-01-16,DE,Mobile,2721,44.0,28,773,3.62,2026-01-16 02:08:00
KP019819,KW11693,2026-01-17,MX,Mobile,6011,3.0,367,2258,16.25,2026-01-17 14:14:00
KP019820,KW11061,2026-01-18,DE,Desktop,21262,38.0,73,2012,3.63,2026-01-18 18:43:00
KP019821,KW11459,2026-01-19,US,Mobile,7326,41.0,148,3937,3.76,2026-01-19 16:25:00
KP019822,KW11988,2026-01-20,DE,Desktop,3746,47.0,20,609,3.28,2026-01-20 22:16:00
KP019823,KW10085,2026-01-21,DE,Desktop,1495,4.0,89,566,15.72,2026-01-21 02:33:00
KP019824,KW10940,2026-01-22,BR,Desktop,1310,34.0,23,431,5.34,2026-01-22 06:38:00
KP019825,KW11539,2026-01-23,MX,Desktop,3322,26.0,83,1443,5.75,2026-01-23 17:45:00
KP019826,KW11944,2026-01-24,DE,Mobile,2639,14.0,21,277,7.58,2026-01-24 15:59:00
KP019827,KW10200,2026-01-25,US,Mobile,2544,7.0,55,535,10.28,2026-01-25 11:00:00
KP019828,KW10963,2026-01-26,IN,Mobile,21429,41.0,299,7749,3.86,2026-01-26 22:36:00
KP019829,KW11345,2026-01-27,BR,Desktop,3520,44.0,51,1473,3.46,2026-01-27 20:19:00
KP019830,KW10147,2026-01-28,UK,Desktop,6580,6.0,244,1839,13.27,2026-01-28 18:40:00
KP019831,KW11566,2026-01-29,JP,Desktop,1637,3.0,93,460,20.22,2026-01-29 16:28:00
KP019832,KW11411,2026-01-30,IN,Desktop,2830,49.0,21,418,5.02,2026-01-30 07:43:00
KP019833,KW10733,2026-01-31,BR,Desktop,26266,26.0,564,12455,4.53,2026-01-31 14:59:00
KP020076,KW10299,2025-10-01,FR,Mobile,1492,16.0,17,183,9.29,2025-10-01 16:19:00
KP020077,KW10858,2025-10-02,US,Desktop,9747,50.0,128,2892,4.43,2025-10-02 20:40:00
KP020078,KW11820,2025-10-03,AU,Desktop,3305,13.0,115,1116,10.3,2025-10-03 11:05:00
KP020079,KW10080,2025-10-04,DE,Desktop,5257,11.0,104,976,10.66,2025-10-04 22:12:00
KP020080,KW11394,2025-10-05,FR,Mobile,4226,43.0,84,1776,4.73,2025-10-05 05:12:00
KP020081,KW10406,2025-10-06,FR,Desktop,4301,27.0,43,662,6.5,2025-10-06 01:40:00
KP020082,KW10154,2025-10-07,CA,Desktop,4892,45.0,23,470,4.89,2025-10-07 14:12:00
KP020083,KW10370,2025-10-08,DE,Desktop,4177,9.0,131,1601,8.18,2025-10-08 00:52:00
KP020084,KW11271,2025-10-09,FR,Desktop,3147,23.0,34,585,5.81,2025-10-09 16:18:00
KP020085,KW10663,2025-10-10,JP,Desktop,3228,27.0,67,1573,4.26,2025-10-10 22:43:00
KP020086,KW11012,2025-10-11,UK,Mobile,11540,49.0,96,2270,4.23,2025-10-11 01:47:00
KP020087,KW11768,2025-10-12,BR,Mobile,7451,30.0,77,1472,5.23,2025-10-12 03:07:00
KP020088,KW11445,2025-10-13,AU,Mobile,2652,38.0,37,708,5.23,2025-10-13 19:31:00
KP020089,KW11218,2025-10-14,JP,Desktop,1859,12.0,60,666,9.01,2025-10-14 23:35:00
KP020090,KW10749,2025-10-15,IN,Desktop,3835,42.0,90,1923,4.68,2025-10-15 05:04:00
KP020091,KW10054,2025-10-16,JP,Mobile,2034,43.0,24,599,4.01,2025-10-16 13:31:00
KP020092,KW10593,2025-10-17,UK,Mobile,2685,37.0,12,319,3.76,2025-10-17 16:50:00
KP020093,KW11243,2025-10-18,US,Desktop,1301,11.0,56,702,7.98,2025-10-18 16:25:00
KP020094,KW10090,2025-10-19,FR,Mobile,16396,13.0,134,1440,9.31,2025-10-19 10:14:00
KP020095,KW10738,2025-10-20,US,Mobile,3740,20.0,50,820,6.1,2025-10-20 02:28:00
KP020096,KW11510,2025-10-21,JP,Desktop,5058,26.0,96,1566,6.13,2025-10-21 06:07:00
KP020097,KW10227,2025-10-22,CA,Desktop,7096,37.0,169,2897,5.83,2025-10-22 07:15:00
KP020098,KW10121,2025-10-23,AU,Mobile,6894,13.0,308,3209,9.6,2025-10-23 03:02:00
KP020099,KW11155,2025-10-24,CA,Desktop,26671,27.0,555,7868,7.05,2025-10-24 01:09:00
KP020100,KW11177,2025-10-25,AU,Mobile,1869,8.0,86,859,10.01,2025-10-25 23:51:00
KP020101,KW10175,2025-10-26,DE,Mobile,645,24.0,16,240,6.67,2025-10-26 13:57:00
KP020102,KW11599,2025-10-27,JP,Mobile,602,44.0,12,295,4.07,2025-10-27 22:14:00
KP020103,KW10043,2025-10-28,IN,Desktop,1071,45.0,8,215,3.72,2025-10-28 02:17:00
KP020104,KW10654,2025-10-29,AU,Tablet,2395,41.0,18,502,3.59,2025-10-29 16:38:00
KP020105,KW11711,2025-10-30,UK,Desktop,7001,1.0,625,1786,34.99,2025-10-30 15:33:00
KP020106,KW11324,2025-10-31,FR,Mobile,2949,15.0,38,471,8.07,2025-10-31 19:27:00
KP020107,KW10752,2025-11-01,BR,Mobile,611,20.0,23,296,7.77,2025-11-01 01:08:00
KP020108,KW10444,2025-11-02,IN,Desktop,3572,11.0,133,1435,9.27,2025-11-02 15:41:00
KP020109,KW10589,2025-11-03,IN,Desktop,1355,35.0,22,457,4.81,2025-11-03 23:01:00
KP020110,KW11798,2025-11-04,AU,Desktop,9946,23.0,169,2283,7.4,2025-11-04 08:09:00
KP020111,KW11007,2025-11-05,DE,Desktop,2835,1.0,347,994,34.91,2025-11-05 16:24:00
KP020112,KW11440,2025-11-06,CA,Mobile,3452,37.0,59,1038,5.68,2025-11-06 09:51:00
KP020113,KW11764,2025-11-07,FR,Tablet,4636,22.0,113,1621,6.97,2025-11-07 12:39:00
KP020114,KW11180,2025-11-08,CA,Mobile,4670,15.0,134,1825,7.34,2025-11-08 19:18:00
KP020115,KW10147,2025-11-09,FR,Mobile,13989,8.0,427,3545,12.05,2025-11-09 15:23:00
KP020116,KW10016,2025-11-10,DE,Mobile,4736,39.0,58,1651,3.51,2025-11-10 15:21:00
KP020117,KW11927,2025-11-11,JP,Mobile,4899,8.0,254,2032,12.5,2025-11-11 21:15:00
KP020118,KW11504,2025-11-12,IN,Mobile,14344,39.0,427,7522,5.68,2025-11-12 17:39:00
KP020119,KW11869,2025-11-13,BR,Desktop,4448,6.0,50,363,13.77,2025-11-13 17:54:00
KP020120,KW10397,2025-11-14,MX,Desktop,330,36.0,7,120,5.83,2025-11-14 18:44:00
KP020121,KW11910,2025-11-15,FR,Desktop,2812,22.0,54,986,5.48,2025-11-15 13:21:00
KP020122,KW10114,2025-11-16,UK,Desktop,2672,3.0,47,222,21.17,2025-11-16 21:09:00
KP020123,KW10886,2025-11-17,UK,Desktop,1783,49.0,34,711,4.78,2025-11-17 07:26:00
KP020124,KW10964,2025-11-18,MX,Desktop,2567,5.0,20,140,14.29,2025-11-18 15:51:00
KP020125,KW10826,2025-11-19,AU,Mobile,1005,10.0,29,284,10.21,2025-11-19 08:11:00
KP020126,KW11729,2025-11-20,DE,Desktop,688,8.0,39,299,13.04,2025-11-20 08:18:00
KP020127,KW11940,2025-11-21,FR,Tablet,3962,31.0,85,1384,6.14,2025-11-21 20:47:00
KP020128,KW11198,2025-11-22,FR,Mobile,2626,11.0,118,1137,10.38,2025-11-22 11:41:00
KP020129,KW11963,2025-11-23,AU,Mobile,1828,33.0,28,590,4.75,2025-11-23 13:18:00
KP020130,KW11227,2025-11-24,CA,Mobile,3553,20.0,73,1416,5.16,2025-11-24 02:36:00
KP020131,KW11195,2025-11-25,BR,Mobile,1019,1.0,85,244,34.84,2025-11-25 18:51:00
KP020132,KW10516,2025-11-26,UK,Mobile,2417,9.0,17,155,10.97,2025-11-26 11:05:00
KP020133,KW11242,2025-11-27,US,Desktop,1063,30.0,11,230,4.78,2025-11-27 07:04:00
KP020134,KW11859,2025-11-28,CA,Desktop,1457,38.0,22,415,5.3,2025-11-28 05:53:00
KP020135,KW10725,2025-11-29,JP,Mobile,2419,38.0,53,981,5.4,2025-11-29 10:19:00
KP020136,KW10425,2025-11-30,AU,Mobile,2151,16.0,30,410,7.32,2025-11-30 08:17:00
KP020137,KW10720,2025-12-01,BR,Desktop,6774,24.0,90,1212,7.43,2025-12-01 19:53:00
KP020138,KW11105,2025-12-02,IN,Desktop,3842,30.0,20,354,5.65,2025-12-02 00:51:00
KP020139,KW11534,2025-12-03,IN,Desktop,2911,19.0,65,1100,5.91,2025-12-03 17:28:00
KP020140,KW11009,2025-12-04,BR,Mobile,7104,49.0,145,3554,4.08,2025-12-04 07:53:00
KP020141,KW10564,2025-12-05,JP,Desktop,6060,47.0,132,3045,4.33,2025-12-05 10:57:00
KP020142,KW11391,2025-12-06,MX,Mobile,1691,12.0,15,146,10.27,2025-12-06 12:32:00
KP020143,KW10993,2025-12-07,MX,Desktop,3998,42.0,68,1365,4.98,2025-12-07 17:46:00
KP020144,KW11300,2025-12-08,JP,Desktop,3163,19.0,106,1646,6.44,2025-12-08 09:10:00
KP020145,KW10478,2025-12-09,BR,Desktop,8578,42.0,57,1330,4.29,2025-12-09 21:55:00
KP020146,KW10072,2025-12-10,IN,Mobile,3661,33.0,87,1631,5.33,2025-12-10 10:49:00
KP020147,KW10038,2025-12-11,DE,Mobile,13367,27.0,420,7174,5.85,2025-12-11 06:02:00
KP020148,KW11667,2025-12-12,BR,Desktop,46833,23.0,1347,23373,5.76,2025-12-12 18:28:00
KP020149,KW11133,2025-12-13,FR,Desktop,8865,2.0,769,3594,21.4,2025-12-13 09:09:00
KP020150,KW10508,2025-12-14,MX,Desktop,7326,24.0,39,736,5.3,2025-12-14 07:47:00
KP020151,KW11031,2025-12-15,US,Desktop,236,41.0,1,24,4.17,2025-12-15 12:56:00
KP020152,KW10706,2025-12-16,DE,Tablet,12799,8.0,596,4864,12.25,2025-12-16 08:03:00
KP020153,KW11945,2025-12-17,JP,Mobile,1617,48.0,13,376,3.46,2025-12-17 19:24:00
KP020154,KW10126,2025-12-18,UK,Desktop,4483,38.0,45,1012,4.45,2025-12-18 12:49:00
KP020155,KW11588,2025-12-19,IN,Desktop,17417,41.0,363,8091,4.49,2025-12-19 05:22:00
KP020156,KW10711,2025-12-20,IN,Mobile,5213,22.0,100,1881,5.32,2025-12-20 04:48:00
KP020157,KW11786,2025-12-21,IN,Desktop,4136,9.0,144,1742,8.27,2025-12-21 02:56:00
KP020158,KW11121,2025-12-22,UK,Mobile,1553,2.0,116,405,28.64,2025-12-22 23:57:00
KP020159,KW11029,2025-12-23,UK,Desktop,7039,33.0,112,2534,4.42,2025-12-23 11:32:00
KP020160,KW10375,2025-12-24,JP,Desktop,2378,47.0,17,367,4.63,2025-12-24 15:36:00
KP020161,KW10162,2025-12-25,US,Desktop,5053,15.0,207,2340,8.85,2025-12-25 05:46:00
KP020162,KW11884,2025-12-26,IN,Mobile,3527,22.0,42,881,4.77,2025-12-26 11:05:00
KP020163,KW10295,2025-12-27,CA,Desktop,673,26.0,10,210,4.76,2025-12-27 07:15:00
KP020164,KW11684,2025-12-28,FR,Desktop,3958,24.0,123,2118,5.81,2025-12-28 10:52:00
KP020165,KW11493,2025-12-29,IN,Mobile,2275,1.0,222,754,29.44,2025-12-29 11:41:00
KP020166,KW11658,2025-12-30,JP,Desktop,4790,8.0,169,1897,8.91,2025-12-30 18:46:00
KP020167,KW10533,2025-12-31,JP,Desktop,1760,25.0,5,103,4.85,2025-12-31 23:52:00
KP020168,KW11620,2026-01-01,DE,Desktop,13159,5.0,235,1549,15.17,2026-01-01 23:57:00
KP020169,KW10376,2026-01-02,CA,Mobile,3163,5.0,221,1576,14.02,2026-01-02 18:44:00
KP020170,KW10219,2026-01-03,UK,Desktop,2828,12.0,114,1413,8.07,2026-01-03 12:51:00
KP020171,KW11556,2026-01-04,AU,Desktop,5001,19.0,53,616,8.6,2026-01-04 06:43:00
KP020172,KW11269,2026-01-05,DE,Mobile,1981,17.0,8,101,7.92,2026-01-05 23:19:00
KP020173,KW11194,2026-01-06,IN,Tablet,57546,48.0,345,7093,4.86,2026-01-06 13:06:00
KP020174,KW11229,2026-01-07,MX,Mobile,979,28.0,31,487,6.37,2026-01-07 11:18:00
KP020175,KW11639,2026-01-08,DE,Mobile,1479,31.0,4,108,3.7,2026-01-08 19:05:00
KP020176,KW10618,2026-01-09,US,Mobile,5425,18.0,160,2012,7.95,2026-01-09 22:15:00
KP020177,KW11677,2026-01-10,BR,Desktop,496,18.0,9,138,6.52,2026-01-10 02:27:00
KP020178,KW10397,2026-01-11,AU,Desktop,5319,8.0,163,1702,9.58,2026-01-11 08:49:00
KP020179,KW11348,2026-01-12,DE,Desktop,17052,50.0,35,860,4.07,2026-01-12 12:19:00
KP020180,KW11724,2026-01-13,MX,Desktop,7708,13.0,222,2497,8.89,2026-01-13 14:43:00
KP020181,KW11010,2026-01-14,US,Mobile,7683,34.0,141,2516,5.6,2026-01-14 09:19:00
KP020182,KW10567,2026-01-15,JP,Mobile,657,48.0,3,110,2.73,2026-01-15 18:19:00
KP020183,KW11144,2026-01-16,IN,Mobile,3238,44.0,68,1509,4.51,2026-01-16 00:51:00
KP020184,KW11124,2026-01-17,MX,Desktop,2587,26.0,64,1214,5.27,2026-01-17 09:55:00
KP020185,KW10710,2026-01-18,UK,Mobile,6066,27.0,165,2764,5.97,2026-01-18 14:31:00
KP020186,KW11187,2026-01-19,IN,Mobile,960,39.0,15,374,4.01,2026-01-19 12:02:00
KP020187,KW10185,2026-01-20,IN,Mobile,8148,8.0,310,2602,11.91,2026-01-20 16:03:00
KP020188,KW10323,2026-01-21,BR,Desktop,4147,9.0,36,368,9.78,2026-01-21 03:23:00
KP020189,KW11729,2026-01-22,CA,Desktop,2543,10.0,22,234,9.4,2026-01-22 00:30:00
KP020190,KW11639,2026-01-23,CA,Desktop,798,16.0,13,225,5.78,2026-01-23 23:44:00
KP020191,KW11952,2026-01-24,MX,Desktop,1952,6.0,37,335,11.04,2026-01-24 04:23:00
KP020192,KW11138,2026-01-25,CA,Mobile,944,34.0,18,370,4.86,2026-01-25 16:04:00
KP020193,KW10560,2026-01-26,AU,Tablet,9701,13.0,179,1694,10.57,2026-01-26 19:03:00
KP020194,KW11025,2026-01-27,DE,Mobile,858,14.0,16,177,9.04,2026-01-27 12:12:00
KP020195,KW11637,2026-01-28,DE,Mobile,4406,45.0,76,1680,4.52,2026-01-28 17:35:00
KP020196,KW11697,2026-01-29,MX,Mobile,3474,45.0,52,1248,4.17,2026-01-29 22:24:00
KP020197,KW11942,2026-01-30,IN,Mobile,5010,42.0,33,692,4.77,2026-01-30 16:55:00
KP020198,KW11436,2026-01-31,AU,Desktop,2461,35.0,18,324,5.56,2026-01-31 18:00:00
KP020441,KW10380,2025-10-01,AU,Mobile,2260,34.0,25,433,5.77,2025-10-01 08:53:00
KP020442,KW10498,2025-10-02,FR,Mobile,6423,19.0,178,3180,5.6,2025-10-02 18:04:00
KP020443,KW11758,2025-10-03,FR,Mobile,891,3.0,64,345,18.55,2025-10-03 11:37:00
KP020444,KW10006,2025-10-04,AU,Mobile,1631,35.0,10,205,4.88,2025-10-04 21:01:00
KP020445,KW11270,2025-10-05,UK,Mobile,2467,36.0,24,411,5.84,2025-10-05 23:57:00
KP020446,KW10318,2025-10-06,CA,Desktop,669,10.0,13,117,11.11,2025-10-06 15:43:00
KP020447,KW11500,2025-10-07,DE,Mobile,1262,1.0,216,644,33.54,2025-10-07 13:29:00
KP020448,KW10814,2025-10-08,IN,Mobile,2697,14.0,104,1214,8.57,2025-10-08 09:10:00
KP020449,KW11333,2025-10-09,US,Mobile,1273,42.0,11,236,4.66,2025-10-09 13:43:00
KP020450,KW10477,2025-10-10,FR,Desktop,19258,30.0,298,4867,6.12,2025-10-10 19:46:00
KP020451,KW11422,2025-10-11,US,Mobile,23545,2.0,2837,10434,27.19,2025-10-11 00:09:00
KP020452,KW10172,2025-10-12,UK,Desktop,4548,26.0,113,2193,5.15,2025-10-12 21:02:00
KP020453,KW11458,2025-10-13,JP,Desktop,5201,23.0,39,831,4.69,2025-10-13 03:34:00
KP020454,KW10739,2025-10-14,FR,Mobile,1046,6.0,64,532,12.03,2025-10-14 01:05:00
KP020455,KW11466,2025-10-15,MX,Mobile,7446,37.0,211,3797,5.56,2025-10-15 06:39:00
KP020456,KW11606,2025-10-16,MX,Tablet,7002,21.0,152,2988,5.09,2025-10-16 01:34:00
KP020457,KW11130,2025-10-17,CA,Mobile,1847,27.0,8,169,4.73,2025-10-17 23:04:00
KP020458,KW10591,2025-10-18,DE,Mobile,10275,37.0,151,3416,4.42,2025-10-18 21:12:00
KP020459,KW11335,2025-10-19,AU,Desktop,7176,31.0,53,1069,4.96,2025-10-19 15:59:00
KP020460,KW11733,2025-10-20,MX,Mobile,768,1.0,114,386,29.53,2025-10-20 06:55:00
KP020461,KW10162,2025-10-21,BR,Tablet,1288,12.0,28,385,7.27,2025-10-21 16:25:00
KP020462,KW10761,2025-10-22,AU,Desktop,3278,29.0,49,759,6.46,2025-10-22 02:09:00
KP020463,KW11207,2025-10-23,DE,Desktop,5309,19.0,96,1421,6.76,2025-10-23 21:29:00
KP020464,KW11773,2025-10-24,CA,Tablet,830,4.0,22,171,12.87,2025-10-24 12:30:00
KP020465,KW11882,2025-10-25,IN,Tablet,4691,3.0,334,1525,21.9,2025-10-25 11:30:00
KP020466,KW11419,2025-10-26,JP,Desktop,601,47.0,1,35,2.86,2025-10-26 22:53:00
KP020467,KW11849,2025-10-27,UK,Desktop,937,2.0,23,109,21.1,2025-10-27 15:52:00
KP020468,KW11271,2025-10-28,US,Tablet,7074,17.0,121,2081,5.81,2025-10-28 17:14:00
KP020469,KW10695,2025-10-29,BR,Desktop,1709,41.0,8,192,4.17,2025-10-29 21:33:00
KP020470,KW11223,2025-10-30,US,Mobile,8424,32.0,239,4001,5.97,2025-10-30 14:50:00
KP020471,KW11377,2025-10-31,UK,Mobile,980,39.0,25,516,4.84,2025-10-31 22:25:00
KP020472,KW11645,2025-11-01,BR,Desktop,6734,6.0,243,2055,11.82,2025-11-01 14:51:00
KP020473,KW11596,2025-11-02,AU,Mobile,1128,1.0,97,294,32.99,2025-11-02 04:31:00
KP020474,KW11512,2025-11-03,MX,Desktop,1417,1.0,100,286,34.97,2025-11-03 10:34:00
KP020475,KW11634,2025-11-04,US,Desktop,1551,41.0,17,491,3.46,2025-11-04 23:39:00
KP020476,KW10076,2025-11-05,MX,Tablet,7146,23.0,121,2228,5.43,2025-11-05 15:40:00
KP020477,KW11331,2025-11-06,MX,Desktop,2756,39.0,23,633,3.63,2025-11-06 07:17:00
KP020478,KW10988,2025-11-07,AU,Tablet,7985,47.0,32,1019,3.14,2025-11-07 20:33:00
KP020479,KW11473,2025-11-08,US,Desktop,2947,48.0,6,200,3.0,2025-11-08 18:33:00
KP020480,KW10940,2025-11-09,JP,Mobile,17742,18.0,262,3771,6.95,2025-11-09 14:05:00
KP020481,KW11138,2025-11-10,FR,Desktop,6032,28.0,99,2296,4.31,2025-11-10 14:36:00
KP020482,KW10715,2025-11-11,IN,Mobile,4061,6.0,304,1955,15.55,2025-11-11 09:01:00
KP020483,KW11496,2025-11-12,US,Mobile,2074,1.0,334,957,34.9,2025-11-12 12:06:00
KP020484,KW11633,2025-11-13,AU,Mobile,1903,25.0,28,446,6.28,2025-11-13 00:55:00
KP020485,KW11060,2025-11-14,JP,Mobile,2544,20.0,37,554,6.68,2025-11-14 10:55:00
KP020486,KW11199,2025-11-15,US,Desktop,976,3.0,24,124,19.35,2025-11-15 10:31:00
KP020487,KW10978,2025-11-16,JP,Desktop,4082,21.0,120,2164,5.55,2025-11-16 02:07:00
KP020488,KW11747,2025-11-17,BR,Mobile,4319,4.0,228,1675,13.61,2025-11-17 12:27:00
KP020489,KW10232,2025-11-18,IN,Desktop,2780,46.0,35,993,3.52,2025-11-18 08:26:00
KP020490,KW11141,2025-11-19,MX,Tablet,2585,18.0,37,630,5.87,2025-11-19 03:20:00
KP020491,KW11649,2025-11-20,FR,Desktop,1414,49.0,3,101,2.97,2025-11-20 01:21:00
KP020492,KW10075,2025-11-21,FR,Mobile,3700,38.0,84,1487,5.65,2025-11-21 16:33:00
KP020493,KW10171,2025-11-22,UK,Desktop,7750,5.0,402,2792,14.4,2025-11-22 14:13:00
KP020494,KW11118,2025-11-23,DE,Mobile,5077,27.0,34,713,4.77,2025-11-23 05:22:00
KP020495,KW10720,2025-11-24,US,Mobile,259,5.0,10,67,14.93,2025-11-24 12:15:00
KP020496,KW11228,2025-11-25,CA,Mobile,4229,9.0,185,1838,10.07,2025-11-25 04:35:00
KP020497,KW10766,2025-11-26,FR,Mobile,11066,6.0,533,3423,15.57,2025-11-26 22:25:00
KP020498,KW10621,2025-11-27,CA,Desktop,5840,10.0,40,355,11.27,2025-11-27 02:18:00
KP020499,KW11012,2025-11-28,IN,Mobile,2108,45.0,18,519,3.47,2025-11-28 06:58:00
KP020500,KW11011,2025-11-29,CA,Mobile,4800,38.0,22,585,3.76,2025-11-29 17:51:00
KP020501,KW11947,2025-11-30,IN,Mobile,9230,7.0,562,5011,11.22,2025-11-30 18:27:00
KP020502,KW11289,2025-12-01,UK,Desktop,1102,19.0,36,525,6.86,2025-12-01 03:57:00
KP020503,KW11772,2025-12-02,MX,Desktop,986,40.0,9,254,3.54,2025-12-02 20:25:00
KP020504,KW11871,2025-12-03,CA,Tablet,1313,16.0,56,649,8.63,2025-12-03 21:35:00
KP020505,KW11567,2025-12-04,FR,Desktop,1755,17.0,19,338,5.62,2025-12-04 20:24:00
KP020506,KW11616,2025-12-05,BR,Mobile,2056,39.0,17,428,3.97,2025-12-05 03:23:00
KP020507,KW11074,2025-12-06,FR,Mobile,2695,46.0,54,1153,4.68,2025-12-06 13:36:00
KP020508,KW10887,2025-12-07,UK,Desktop,5431,5.0,167,1020,16.37,2025-12-07 05:48:00
KP020509,KW10655,2025-12-08,UK,Mobile,1338,45.0,6,154,3.9,2025-12-08 00:09:00
KP020510,KW10533,2025-12-09,JP,Mobile,11122,32.0,123,2077,5.92,2025-12-09 02:52:00
KP020511,KW11478,2025-12-10,MX,Mobile,3053,6.0,32,233,13.73,2025-12-10 05:48:00
KP020512,KW10059,2025-12-11,CA,Mobile,12499,45.0,281,6202,4.53,2025-12-11 20:01:00
KP020513,KW10954,2025-12-12,AU,Desktop,1028,26.0,24,476,5.04,2025-12-12 02:33:00
KP020514,KW10457,2025-12-13,MX,Mobile,2140,17.0,44,506,8.7,2025-12-13 14:22:00
KP020515,KW11744,2025-12-14,US,Mobile,5083,42.0,81,2302,3.52,2025-12-14 12:51:00
KP020516,KW10576,2025-12-15,FR,Desktop,16989,50.0,222,6476,3.43,2025-12-15 13:19:00
KP020517,KW11120,2025-12-16,BR,Desktop,7314,6.0,334,2242,14.9,2025-12-16 06:22:00
KP020518,KW10515,2025-12-17,CA,Mobile,1270,28.0,22,441,4.99,2025-12-17 23:11:00
KP020519,KW10790,2025-12-18,BR,Mobile,3272,31.0,28,675,4.15,2025-12-18 00:41:00
KP020520,KW10192,2025-12-19,MX,Tablet,1573,46.0,8,184,4.35,2025-12-19 04:38:00
KP020521,KW11813,2025-12-20,UK,Mobile,5890,30.0,126,1979,6.37,2025-12-20 21:45:00
KP020522,KW10688,2025-12-21,IN,Mobile,19040,2.0,1354,6722,20.14,2025-12-21 01:11:00
KP020523,KW10655,2025-12-22,JP,Mobile,2003,23.0,73,1049,6.96,2025-12-22 19:43:00
KP020524,KW10246,2025-12-23,UK,Desktop,1687,14.0,14,174,8.05,2025-12-23 10:46:00
KP020525,KW10279,2025-12-24,JP,Desktop,1239,38.0,5,109,4.59,2025-12-24 06:10:00
KP020526,KW10949,2025-12-25,IN,Mobile,4400,29.0,36,701,5.14,2025-12-25 19:37:00
KP020527,KW10094,2025-12-26,BR,Mobile,8026,48.0,191,4343,4.4,2025-12-26 20:23:00
KP020528,KW10798,2025-12-27,DE,Mobile,1200,45.0,16,303,5.28,2025-12-27 03:52:00
KP020529,KW10964,2025-12-28,UK,Mobile,1949,35.0,20,379,5.28,2025-12-28 14:28:00
KP020530,KW11918,2025-12-29,CA,Mobile,2533,19.0,30,497,6.04,2025-12-29 16:28:00
KP020531,KW11269,2025-12-30,FR,Desktop,4838,24.0,35,554,6.32,2025-12-30 02:30:00
KP020532,KW11160,2025-12-31,US,Mobile,2898,42.0,56,1541,3.63,2025-12-31 13:39:00
KP020533,KW10991,2026-01-01,MX,Mobile,1915,16.0,35,387,9.04,2026-01-01 06:36:00
KP020534,KW11245,2026-01-02,JP,Desktop,1855,31.0,43,662,6.5,2026-01-02 01:45:00
KP020535,KW11757,2026-01-03,IN,Mobile,5465,40.0,124,2958,4.19,2026-01-03 22:18:00
KP020536,KW10905,2026-01-04,DE,Desktop,3422,22.0,37,640,5.78,2026-01-04 15:25:00
KP020537,KW10620,2026-01-05,JP,Mobile,2379,26.0,36,698,5.16,2026-01-05 23:51:00
KP020538,KW10678,2026-01-06,DE,Desktop,12815,17.0,384,5418,7.09,2026-01-06 08:22:00
KP020539,KW11893,2026-01-07,JP,Desktop,145,25.0,2,34,5.88,2026-01-07 14:15:00
KP020540,KW10819,2026-01-08,UK,Mobile,14723,23.0,219,3485,6.28,2026-01-08 15:52:00
KP020541,KW11959,2026-01-09,AU,Tablet,10360,10.0,293,3896,7.52,2026-01-09 18:46:00
KP020542,KW11515,2026-01-10,UK,Mobile,14097,21.0,482,7523,6.41,2026-01-10 11:15:00
KP020543,KW11527,2026-01-11,IN,Desktop,3200,50.0,51,1112,4.59,2026-01-11 12:20:00
KP020544,KW11710,2026-01-12,CA,Desktop,26947,50.0,400,12750,3.14,2026-01-12 21:57:00
KP020545,KW10153,2026-01-13,IN,Desktop,1015,30.0,27,548,4.93,2026-01-13 19:44:00
KP020546,KW10669,2026-01-14,IN,Mobile,2205,17.0,73,1053,6.93,2026-01-14 05:37:00
KP020547,KW11758,2026-01-15,AU,Desktop,1532,2.0,168,698,24.07,2026-01-15 09:16:00
KP020548,KW10301,2026-01-16,CA,Mobile,2109,25.0,9,186,4.84,2026-01-16 19:06:00
KP020549,KW11169,2026-01-17,FR,Tablet,4676,34.0,15,361,4.16,2026-01-17 18:28:00
KP020550,KW10926,2026-01-18,JP,Desktop,4857,48.0,38,1049,3.62,2026-01-18 14:27:00
KP020551,KW11134,2026-01-19,MX,Mobile,2897,5.0,121,979,12.36,2026-01-19 14:13:00
KP020552,KW11927,2026-01-20,MX,Desktop,6395,28.0,118,2377,4.96,2026-01-20 04:42:00
KP020553,KW11779,2026-01-21,DE,Desktop,3640,49.0,44,1258,3.5,2026-01-21 09:11:00
KP020554,KW10174,2026-01-22,DE,Mobile,980,34.0,17,328,5.18,2026-01-22 21:02:00
KP020555,KW10377,2026-01-23,BR,Mobile,1404,15.0,54,691,7.81,2026-01-23 16:19:00
KP020556,KW10423,2026-01-24,IN,Mobile,2260,24.0,65,1008,6.45,2026-01-24 04:55:00
KP020557,KW10143,2026-01-25,US,Mobile,1347,23.0,48,650,7.38,2026-01-25 10:00:00
KP020558,KW11005,2026-01-26,CA,Desktop,2930,26.0,21,454,4.63,2026-01-26 16:22:00
KP020559,KW10849,2026-01-27,MX,Desktop,8683,31.0,26,495,5.25,2026-01-27 15:47:00
KP020560,KW11201,2026-01-28,MX,Desktop,6149,42.0,134,3213,4.17,2026-01-28 17:25:00
KP020561,KW11879,2026-01-29,BR,Desktop,1912,34.0,40,800,5.0,2026-01-29 04:35:00
KP020562,KW10072,2026-01-30,AU,Mobile,1841,48.0,11,350,3.14,2026-01-30 08:18:00
KP020563,KW11862,2026-01-31,US,Desktop,487,20.0,8,164,4.88,2026-01-31 18:05:00
KP020806,KW10972,2025-10-01,MX,Mobile,1951,48.0,6,152,3.95,2025-10-01 05:47:00
KP020807,KW11913,2025-10-02,FR,Desktop,1950,37.0,51,1038,4.91,2025-10-02 18:45:00
KP020808,KW10706,2025-10-03,US,Desktop,3407,35.0,55,1333,4.13,2025-10-03 22:17:00
KP020809,KW10758,2025-10-04,DE,Mobile,5017,41.0,77,1932,3.99,2025-10-04 08:03:00
KP020810,KW11526,2025-10-05,IN,Mobile,6900,27.0,104,1727,6.02,2025-10-05 22:46:00
KP020811,KW10406,2025-10-06,MX,Mobile,8494,10.0,440,3886,11.32,2025-10-06 06:43:00
KP020812,KW11383,2025-10-07,AU,Mobile,3274,16.0,149,1669,8.93,2025-10-07 07:28:00
KP020813,KW10206,2025-10-08,UK,Desktop,2147,4.0,97,541,17.93,2025-10-08 20:10:00
KP020814,KW11441,2025-10-09,IN,Mobile,1104,43.0,10,220,4.55,2025-10-09 19:21:00
KP020815,KW11058,2025-10-10,UK,Mobile,4136,43.0,76,1799,4.22,2025-10-10 04:52:00
KP020816,KW11242,2025-10-11,UK,Desktop,891,42.0,13,260,5.0,2025-10-11 17:42:00
KP020817,KW11592,2025-10-12,AU,Desktop,8189,50.0,137,4310,3.18,2025-10-12 23:24:00
KP020818,KW11628,2025-10-13,AU,Mobile,3301,27.0,43,712,6.04,2025-10-13 14:16:00
KP020819,KW10961,2025-10-14,CA,Mobile,1410,29.0,29,504,5.75,2025-10-14 02:26:00
KP020820,KW11509,2025-10-15,JP,Mobile,4390,6.0,144,1141,12.62,2025-10-15 05:29:00
KP020821,KW10158,2025-10-16,IN,Desktop,1478,7.0,53,409,12.96,2025-10-16 15:10:00
KP020822,KW10932,2025-10-17,DE,Mobile,6529,39.0,83,1936,4.29,2025-10-17 23:25:00
KP020823,KW10887,2025-10-18,JP,Mobile,4165,15.0,109,1559,6.99,2025-10-18 20:27:00
KP020824,KW10407,2025-10-19,JP,Mobile,798,16.0,23,401,5.74,2025-10-19 18:07:00
KP020825,KW10867,2025-10-20,UK,Mobile,13891,40.0,110,1957,5.62,2025-10-20 22:07:00
KP020826,KW10085,2025-10-21,CA,Mobile,1093,29.0,25,494,5.06,2025-10-21 22:26:00
KP020827,KW11939,2025-10-22,JP,Mobile,8743,38.0,99,2376,4.17,2025-10-22 20:33:00
KP020828,KW11940,2025-10-23,CA,Mobile,5360,12.0,114,1220,9.34,2025-10-23 06:37:00
KP020829,KW11906,2025-10-24,MX,Desktop,4389,46.0,85,2138,3.98,2025-10-24 19:31:00
KP020830,KW11830,2025-10-25,MX,Mobile,933,35.0,17,387,4.39,2025-10-25 16:31:00
KP020831,KW11893,2025-10-26,JP,Mobile,3526,36.0,97,1657,5.85,2025-10-26 09:46:00
KP020832,KW10256,2025-10-27,AU,Desktop,3588,43.0,76,1390,5.47,2025-10-27 20:11:00
KP020833,KW10283,2025-10-28,IN,Tablet,1432,5.0,98,705,13.9,2025-10-28 23:12:00
KP020834,KW11653,2025-10-29,CA,Desktop,5112,33.0,82,1779,4.61,2025-10-29 03:14:00
KP020835,KW11348,2025-10-30,AU,Mobile,492,39.0,8,212,3.77,2025-10-30 17:46:00
KP020836,KW10808,2025-10-31,US,Mobile,3568,4.0,34,200,17.0,2025-10-31 15:30:00
KP020837,KW10094,2025-11-01,US,Mobile,2987,9.0,109,960,11.35,2025-11-01 06:11:00
KP020838,KW10482,2025-11-02,JP,Mobile,2278,10.0,125,1223,10.22,2025-11-02 23:42:00
KP020839,KW11157,2025-11-03,UK,Mobile,2917,39.0,18,378,4.76,2025-11-03 20:00:00
KP020840,KW10003,2025-11-04,IN,Mobile,3910,48.0,26,539,4.82,2025-11-04 08:03:00
KP020841,KW10467,2025-11-05,JP,Mobile,4455,24.0,90,1737,5.18,2025-11-05 21:53:00
KP020842,KW11485,2025-11-06,IN,Mobile,8404,13.0,71,738,9.62,2025-11-06 18:46:00
KP020843,KW10449,2025-11-07,MX,Desktop,1623,1.0,52,149,34.9,2025-11-07 02:18:00
KP020844,KW11885,2025-11-08,US,Desktop,17878,32.0,70,1139,6.15,2025-11-08 13:28:00
KP020845,KW11110,2025-11-09,AU,Desktop,563,14.0,23,285,8.07,2025-11-09 09:05:00
KP020846,KW11439,2025-11-10,AU,Mobile,1733,7.0,54,558,9.68,2025-11-10 21:31:00
KP020847,KW11271,2025-11-11,FR,Mobile,338,40.0,1,47,2.13,2025-11-11 10:05:00
KP020848,KW10385,2025-11-12,IN,Tablet,1370,48.0,26,593,4.38,2025-11-12 05:38:00
KP020849,KW10905,2025-11-13,BR,Mobile,2183,39.0,53,1143,4.64,2025-11-13 06:29:00
KP020850,KW11879,2025-11-14,JP,Mobile,3003,21.0,39,790,4.94,2025-11-14 11:41:00
KP020851,KW11670,2025-11-15,CA,Mobile,5500,14.0,72,905,7.96,2025-11-15 03:28:00
KP020852,KW11536,2025-11-16,IN,Desktop,3108,48.0,25,666,3.75,2025-11-16 02:20:00
KP020853,KW10616,2025-11-17,CA,Mobile,4020,37.0,89,1692,5.26,2025-11-17 07:55:00
KP020854,KW11217,2025-11-18,BR,Desktop,816,33.0,6,167,3.59,2025-11-18 00:55:00
KP020855,KW10076,2025-11-19,US,Mobile,3635,22.0,72,1165,6.18,2025-11-19 07:16:00
KP020856,KW10440,2025-11-20,FR,Desktop,27036,2.0,1612,8072,19.97,2025-11-20 06:39:00
KP020857,KW11451,2025-11-21,CA,Mobile,6636,46.0,48,1016,4.72,2025-11-21 20:51:00
KP020858,KW10829,2025-11-22,IN,Mobile,6137,20.0,132,2287,5.77,2025-11-22 05:15:00
KP020859,KW10421,2025-11-23,CA,Desktop,5580,18.0,102,1907,5.35,2025-11-23 20:07:00
KP020860,KW10298,2025-11-24,MX,Mobile,6571,15.0,50,780,6.41,2025-11-24 21:35:00
KP020861,KW11186,2025-11-25,BR,Desktop,8151,49.0,33,893,3.7,2025-11-25 00:04:00
KP020862,KW10453,2025-11-26,MX,Desktop,1539,17.0,19,332,5.72,2025-11-26 00:15:00
KP020863,KW11335,2025-11-27,JP,Desktop,1480,19.0,56,772,7.25,2025-11-27 09:52:00
KP020864,KW11111,2025-11-28,JP,Mobile,6171,21.0,141,2211,6.38,2025-11-28 08:59:00
KP020865,KW11805,2025-11-29,US,Desktop,12021,41.0,166,4555,3.64,2025-11-29 13:24:00
KP020866,KW11282,2025-11-30,AU,Mobile,671,22.0,14,216,6.48,2025-11-30 05:03:00
KP020867,KW10951,2025-12-01,BR,Desktop,920,44.0,19,356,5.34,2025-12-01 05:41:00
KP020868,KW11971,2025-12-02,CA,Desktop,2525,50.0,25,571,4.38,2025-12-02 19:55:00
KP020869,KW10814,2025-12-03,BR,Desktop,3892,30.0,89,1868,4.76,2025-12-03 18:19:00
KP020870,KW10792,2025-12-04,JP,Desktop,7982,15.0,52,594,8.75,2025-12-04 03:21:00
KP020871,KW11312,2025-12-05,FR,Mobile,6543,16.0,232,3140,7.39,2025-12-05 15:28:00
KP020872,KW10309,2025-12-06,FR,Mobile,1221,29.0,26,407,6.39,2025-12-06 13:00:00
KP020873,KW10339,2025-12-07,US,Mobile,659,3.0,34,152,22.37,2025-12-07 16:43:00
KP020874,KW10444,2025-12-08,DE,Desktop,5176,37.0,116,2243,5.17,2025-12-08 20:53:00
KP020875,KW10515,2025-12-09,IN,Desktop,2269,2.0,29,115,25.22,2025-12-09 18:40:00
KP020876,KW11775,2025-12-10,JP,Desktop,2847,48.0,32,953,3.36,2025-12-10 18:49:00
KP020877,KW10390,2025-12-11,AU,Desktop,1163,39.0,2,60,3.33,2025-12-11 01:56:00
KP020878,KW11083,2025-12-12,IN,Desktop,14906,10.0,869,7664,11.34,2025-12-12 08:28:00
KP020879,KW11354,2025-12-13,JP,Desktop,11260,10.0,600,5174,11.6,2025-12-13 22:02:00
KP020880,KW11322,2025-12-14,JP,Desktop,4257,26.0,120,1724,6.96,2025-12-14 07:42:00
KP020881,KW11458,2025-12-15,US,Tablet,9407,14.0,385,4557,8.45,2025-12-15 21:01:00
KP020882,KW11537,2025-12-16,US,Desktop,2934,36.0,67,1413,4.74,2025-12-16 15:15:00
KP020883,KW10894,2025-12-17,BR,Mobile,2341,34.0,10,206,4.85,2025-12-17 18:47:00
KP020884,KW11661,2025-12-18,US,Desktop,12756,6.0,182,1790,10.17,2025-12-18 17:07:00
KP020885,KW11523,2025-12-19,UK,Desktop,4699,4.0,347,2368,14.65,2025-12-19 10:53:00
KP020886,KW10075,2025-12-20,CA,Mobile,1136,44.0,30,615,4.88,2025-12-20 04:52:00
KP020887,KW11181,2025-12-21,MX,Desktop,4228,30.0,77,1363,5.65,2025-12-21 05:33:00
KP020888,KW11308,2025-12-22,FR,Desktop,3458,20.0,54,685,7.88,2025-12-22 05:37:00
KP020889,KW11111,2025-12-23,US,Mobile,4960,15.0,20,276,7.25,2025-12-23 23:25:00
KP020890,KW10926,2025-12-24,CA,Desktop,11807,39.0,39,862,4.52,2025-12-24 05:30:00
KP020891,KW11553,2025-12-25,CA,Mobile,826,46.0,2,56,3.57,2025-12-25 05:42:00
KP020892,KW11470,2025-12-26,CA,Desktop,4391,36.0,26,643,4.04,2025-12-26 12:38:00
KP020893,KW11199,2025-12-27,JP,Desktop,5487,41.0,88,2151,4.09,2025-12-27 13:11:00
KP020894,KW10983,2025-12-28,UK,Mobile,2562,33.0,44,982,4.48,2025-12-28 03:36:00
KP020895,KW11483,2025-12-29,FR,Mobile,5613,40.0,102,2111,4.83,2025-12-29 10:37:00
KP020896,KW10910,2025-12-30,US,Mobile,4671,1.0,116,335,34.63,2025-12-30 19:27:00
KP020897,KW10041,2025-12-31,JP,Desktop,213,48.0,4,79,5.06,2025-12-31 15:52:00
KP020898,KW11624,2026-01-01,CA,Desktop,3913,38.0,97,2149,4.51,2026-01-01 11:25:00
KP020899,KW11845,2026-01-02,DE,Mobile,4598,4.0,332,1854,17.91,2026-01-02 04:56:00
KP020900,KW11164,2026-01-03,US,Mobile,661,15.0,5,66,7.58,2026-01-03 19:15:00
KP020901,KW10367,2026-01-04,JP,Desktop,2311,48.0,30,907,3.31,2026-01-04 20:21:00
KP020902,KW10451,2026-01-05,UK,Mobile,8783,25.0,147,2935,5.01,2026-01-05 12:44:00
KP020903,KW10664,2026-01-06,UK,Desktop,1607,32.0,22,482,4.56,2026-01-06 10:36:00
KP020904,KW11647,2026-01-07,IN,Desktop,3678,19.0,96,1690,5.68,2026-01-07 07:30:00
KP020905,KW11025,2026-01-08,DE,Desktop,3037,25.0,115,1561,7.37,2026-01-08 04:03:00
KP020906,KW10927,2026-01-09,MX,Mobile,2223,43.0,45,1191,3.78,2026-01-09 18:22:00
KP020907,KW10350,2026-01-10,US,Mobile,1458,33.0,19,430,4.42,2026-01-10 17:07:00
KP020908,KW10252,2026-01-11,JP,Mobile,3736,16.0,31,542,5.72,2026-01-11 07:34:00
KP020909,KW10223,2026-01-12,DE,Desktop,4314,12.0,137,1397,9.81,2026-01-12 05:41:00
KP020910,KW11265,2026-01-13,CA,Desktop,1259,8.0,47,356,13.2,2026-01-13 08:21:00
KP020911,KW11400,2026-01-14,JP,Mobile,13162,5.0,395,2430,16.26,2026-01-14 08:47:00
KP020912,KW11569,2026-01-15,DE,Desktop,1918,18.0,83,978,8.49,2026-01-15 19:34:00
KP020913,KW11522,2026-01-16,FR,Desktop,710,21.0,20,348,5.75,2026-01-16 22:14:00
KP020914,KW10411,2026-01-17,JP,Desktop,5210,40.0,16,427,3.75,2026-01-17 23:11:00
KP020915,KW10002,2026-01-18,JP,Desktop,3923,48.0,21,467,4.5,2026-01-18 23:35:00
KP020916,KW11109,2026-01-19,IN,Desktop,2700,10.0,33,347,9.51,2026-01-19 08:43:00
KP020917,KW10810,2026-01-20,IN,Mobile,702,15.0,24,384,6.25,2026-01-20 10:39:00
KP020918,KW11524,2026-01-21,UK,Mobile,2604,1.0,63,181,34.81,2026-01-21 02:51:00
KP020919,KW10374,2026-01-22,US,Mobile,7912,47.0,77,1575,4.89,2026-01-22 03:21:00
KP020920,KW10703,2026-01-23,JP,Desktop,699,35.0,12,325,3.69,2026-01-23 12:19:00
KP020921,KW11012,2026-01-24,JP,Mobile,714,39.0,15,269,5.58,2026-01-24 15:47:00
KP020922,KW11342,2026-01-25,IN,Mobile,8089,17.0,151,2420,6.24,2026-01-25 00:45:00
KP020923,KW10843,2026-01-26,JP,Tablet,4478,17.0,44,528,8.33,2026-01-26 19:46:00
KP020924,KW11105,2026-01-27,US,Mobile,586,37.0,11,247,4.45,2026-01-27 07:53:00
KP020925,KW10705,2026-01-28,FR,Desktop,5642,27.0,196,2767,7.08,2026-01-28 03:57:00
KP020926,KW10771,2026-01-29,JP,Desktop,17649,18.0,179,3017,5.93,2026-01-29 09:22:00
KP020927,KW11059,2026-01-30,US,Desktop,11201,47.0,220,5364,4.1,2026-01-30 02:47:00
KP020928,KW10243,2026-01-31,CA,Desktop,3066,44.0,58,1464,3.96,2026-01-31 23:50:00
KP021171,KW10333,2025-10-01,MX,Desktop,2382,30.0,44,745,5.91,2025-10-01 02:31:00
KP021172,KW11230,2025-10-02,UK,Desktop,3426,33.0,72,1811,3.98,2025-10-02 10:42:00
KP021173,KW11947,2025-10-03,DE,Desktop,1765,28.0,17,264,6.44,2025-10-03 21:58:00
KP021174,KW11718,2025-10-04,DE,Mobile,3314,18.0,103,1788,5.76,2025-10-04 20:28:00
KP021175,KW10582,2025-10-05,JP,Mobile,351,20.0,2,28,7.14,2025-10-05 11:29:00
KP021176,KW10547,2025-10-06,AU,Desktop,7026,17.0,228,2908,7.84,2025-10-06 01:13:00
KP021177,KW10091,2025-10-07,FR,Desktop,2243,21.0,74,980,7.55,2025-10-07 17:55:00
KP021178,KW11651,2025-10-08,MX,Mobile,7061,7.0,258,1845,13.98,2025-10-08 17:45:00
KP021179,KW10848,2025-10-09,IN,Desktop,1588,2.0,57,264,21.59,2025-10-09 07:35:00
KP021180,KW10099,2025-10-10,US,Mobile,1093,45.0,12,269,4.46,2025-10-10 08:25:00
KP021181,KW10933,2025-10-11,IN,Desktop,7149,18.0,155,2638,5.88,2025-10-11 01:03:00
KP021182,KW11003,2025-10-12,DE,Desktop,1822,20.0,30,515,5.83,2025-10-12 11:18:00
KP021183,KW11724,2025-10-13,UK,Mobile,2020,23.0,59,1070,5.51,2025-10-13 08:03:00
KP021184,KW11165,2025-10-14,MX,Desktop,4516,19.0,181,2280,7.94,2025-10-14 20:53:00
KP021185,KW10477,2025-10-15,DE,Mobile,1693,17.0,62,689,9.0,2025-10-15 18:21:00
KP021186,KW11534,2025-10-16,IN,Mobile,3625,40.0,45,870,5.17,2025-10-16 06:55:00
KP021187,KW10457,2025-10-17,MX,Desktop,4991,9.0,57,479,11.9,2025-10-17 12:18:00
KP021188,KW10400,2025-10-18,JP,Desktop,3489,3.0,64,309,20.71,2025-10-18 15:11:00
KP021189,KW10439,2025-10-19,DE,Mobile,6280,30.0,81,1704,4.75,2025-10-19 19:39:00
KP021190,KW10685,2025-10-20,DE,Desktop,6786,47.0,51,1269,4.02,2025-10-20 12:32:00
KP021191,KW11476,2025-10-21,FR,Desktop,8470,17.0,119,1876,6.34,2025-10-21 16:52:00
KP021192,KW11216,2025-10-22,MX,Desktop,1573,42.0,19,361,5.26,2025-10-22 09:06:00
KP021193,KW10334,2025-10-23,CA,Mobile,4308,43.0,101,2245,4.5,2025-10-23 12:50:00
KP021194,KW10276,2025-10-24,MX,Mobile,4306,15.0,221,2264,9.76,2025-10-24 17:56:00
KP021195,KW11069,2025-10-25,BR,Mobile,1374,15.0,13,199,6.53,2025-10-25 01:16:00
KP021196,KW11445,2025-10-26,AU,Mobile,11139,32.0,157,2707,5.8,2025-10-26 08:09:00
KP021197,KW11881,2025-10-27,CA,Tablet,2760,23.0,11,206,5.34,2025-10-27 11:41:00
KP021198,KW11978,2025-10-28,BR,Mobile,4794,13.0,71,884,8.03,2025-10-28 07:52:00
KP021199,KW11495,2025-10-29,MX,Desktop,1724,25.0,18,342,5.26,2025-10-29 17:52:00
KP021200,KW10904,2025-10-30,BR,Mobile,4742,45.0,11,300,3.67,2025-10-30 01:55:00
KP021201,KW11306,2025-10-31,MX,Desktop,602,7.0,4,32,12.5,2025-10-31 04:23:00
KP021202,KW11371,2025-11-01,IN,Mobile,12392,5.0,85,672,12.65,2025-11-01 10:41:00
KP021203,KW10297,2025-11-02,JP,Mobile,883,49.0,14,287,4.88,2025-11-02 01:24:00
KP021204,KW10304,2025-11-03,AU,Desktop,6500,18.0,196,2790,7.03,2025-11-03 08:17:00
KP021205,KW10285,2025-11-04,IN,Tablet,1704,13.0,41,403,10.17,2025-11-04 08:46:00
KP021206,KW11759,2025-11-05,DE,Desktop,33637,19.0,967,17230,5.61,2025-11-05 19:22:00
KP021207,KW11776,2025-11-06,BR,Mobile,2112,10.0,34,302,11.26,2025-11-06 11:24:00
KP021208,KW11211,2025-11-07,CA,Mobile,4297,42.0,73,1414,5.16,2025-11-07 18:38:00
KP021209,KW10406,2025-11-08,MX,Desktop,904,27.0,14,223,6.28,2025-11-08 17:36:00
KP021210,KW10978,2025-11-09,BR,Desktop,9304,11.0,54,515,10.49,2025-11-09 05:03:00
KP021211,KW10626,2025-11-10,DE,Desktop,9192,47.0,139,3053,4.55,2025-11-10 15:55:00
KP021212,KW11841,2025-11-11,FR,Desktop,8551,37.0,188,4615,4.07,2025-11-11 03:44:00
KP021213,KW10134,2025-11-12,DE,Mobile,8168,48.0,185,3987,4.64,2025-11-12 18:21:00
KP021214,KW10137,2025-11-13,IN,Mobile,1790,26.0,55,897,6.13,2025-11-13 13:38:00
KP021215,KW11377,2025-11-14,BR,Mobile,880,44.0,14,414,3.38,2025-11-14 23:23:00
KP021216,KW10269,2025-11-15,CA,Desktop,3210,30.0,54,1151,4.69,2025-11-15 14:24:00
KP021217,KW11269,2025-11-16,IN,Desktop,1567,15.0,9,101,8.91,2025-11-16 04:57:00
KP021218,KW11264,2025-11-17,AU,Desktop,9195,27.0,88,2014,4.37,2025-11-17 02:22:00
KP021219,KW11949,2025-11-18,IN,Tablet,4447,34.0,41,903,4.54,2025-11-18 04:32:00
KP021220,KW11298,2025-11-19,CA,Mobile,3258,6.0,146,1177,12.4,2025-11-19 07:41:00
KP021221,KW11704,2025-11-20,UK,Tablet,22710,23.0,443,8004,5.53,2025-11-20 16:15:00
KP021222,KW11694,2025-11-21,UK,Mobile,5991,7.0,98,784,12.5,2025-11-21 16:42:00
KP021223,KW10340,2025-11-22,AU,Desktop,8995,15.0,110,1161,9.47,2025-11-22 04:03:00
KP021224,KW10519,2025-11-23,MX,Mobile,3850,22.0,38,550,6.91,2025-11-23 11:42:00
KP021225,KW10509,2025-11-24,UK,Mobile,5960,1.0,1057,3156,33.49,2025-11-24 17:06:00
KP021226,KW10658,2025-11-25,IN,Mobile,4782,32.0,24,457,5.25,2025-11-25 12:00:00
KP021227,KW11432,2025-11-26,US,Desktop,2967,49.0,64,1508,4.24,2025-11-26 14:11:00
KP021228,KW10796,2025-11-27,IN,Mobile,887,26.0,26,447,5.82,2025-11-27 08:48:00
KP021229,KW11962,2025-11-28,BR,Desktop,2096,38.0,37,932,3.97,2025-11-28 17:16:00
KP021230,KW11324,2025-11-29,UK,Mobile,2003,22.0,11,190,5.79,2025-11-29 18:49:00
KP021231,KW11128,2025-11-30,IN,Mobile,1305,5.0,20,113,17.7,2025-11-30 22:24:00
KP021232,KW10378,2025-12-01,UK,Mobile,1375,27.0,18,305,5.9,2025-12-01 13:07:00
KP021233,KW10318,2025-12-02,BR,Mobile,2389,7.0,147,1025,14.34,2025-12-02 05:53:00
KP021234,KW10262,2025-12-03,US,Desktop,5255,44.0,18,532,3.38,2025-12-03 20:38:00
KP021235,KW11488,2025-12-04,DE,Desktop,12001,24.0,206,3972,5.19,2025-12-04 13:06:00
KP021236,KW10433,2025-12-05,AU,Desktop,3229,25.0,89,1637,5.44,2025-12-05 15:42:00
KP021237,KW10096,2025-12-06,IN,Mobile,12721,21.0,79,1012,7.81,2025-12-06 21:58:00
KP021238,KW10688,2025-12-07,IN,Tablet,2175,21.0,52,895,5.81,2025-12-07 03:02:00
KP021239,KW10817,2025-12-08,FR,Tablet,1303,50.0,11,362,3.04,2025-12-08 19:24:00
KP021240,KW11882,2025-12-09,MX,Desktop,14341,40.0,157,4128,3.8,2025-12-09 00:19:00
KP021241,KW10117,2025-12-10,MX,Desktop,715,8.0,38,371,10.24,2025-12-10 00:39:00
KP021242,KW10801,2025-12-11,AU,Mobile,4397,4.0,373,1912,19.51,2025-12-11 09:06:00
KP021243,KW11873,2025-12-12,IN,Desktop,3158,38.0,66,1153,5.72,2025-12-12 06:09:00
KP021244,KW11594,2025-12-13,AU,Desktop,456,39.0,1,28,3.57,2025-12-13 21:51:00
KP021245,KW10091,2025-12-14,DE,Desktop,6515,25.0,120,1835,6.54,2025-12-14 16:37:00
KP021246,KW10595,2025-12-15,CA,Mobile,197,50.0,2,63,3.17,2025-12-15 07:18:00
KP021247,KW10853,2025-12-16,DE,Desktop,992,37.0,5,114,4.39,2025-12-16 23:21:00
KP021248,KW11766,2025-12-17,UK,Mobile,2147,27.0,16,314,5.1,2025-12-17 19:46:00
KP021249,KW11295,2025-12-18,JP,Desktop,5188,29.0,103,1572,6.55,2025-12-18 20:58:00
KP021250,KW11449,2025-12-19,CA,Desktop,5202,24.0,113,1714,6.59,2025-12-19 13:00:00
KP021251,KW10672,2025-12-20,AU,Mobile,1909,29.0,6,141,4.26,2025-12-20 00:56:00
KP021252,KW11577,2025-12-21,UK,Mobile,1918,45.0,29,865,3.35,2025-12-21 10:09:00
KP021253,KW10426,2025-12-22,US,Desktop,7688,4.0,635,4036,15.73,2025-12-22 06:01:00
KP021254,KW11949,2025-12-23,DE,Mobile,1313,20.0,44,639,6.89,2025-12-23 18:19:00
KP021255,KW11848,2025-12-24,BR,Mobile,4586,12.0,120,1621,7.4,2025-12-24 20:09:00
KP021256,KW11129,2025-12-25,BR,Mobile,1098,47.0,18,364,4.95,2025-12-25 15:20:00
KP021257,KW11577,2025-12-26,JP,Desktop,7108,24.0,121,2135,5.67,2025-12-26 21:56:00
KP021258,KW11564,2025-12-27,CA,Mobile,4981,1.0,633,1977,32.02,2025-12-27 16:55:00
KP021259,KW10016,2025-12-28,FR,Desktop,9297,44.0,87,2433,3.58,2025-12-28 14:33:00
KP021260,KW11577,2025-12-29,US,Mobile,3051,17.0,44,576,7.64,2025-12-29 02:49:00
KP021261,KW10031,2025-12-30,CA,Desktop,3022,29.0,48,1051,4.57,2025-12-30 12:11:00
KP021262,KW11452,2025-12-31,IN,Desktop,2097,6.0,46,330,13.94,2025-12-31 10:43:00
KP021263,KW11938,2026-01-01,IN,Mobile,1749,2.0,167,766,21.8,2026-01-01 23:10:00
KP021264,KW10329,2026-01-02,UK,Desktop,1147,16.0,7,86,8.14,2026-01-02 09:34:00
KP021265,KW11339,2026-01-03,US,Desktop,3809,31.0,68,1107,6.14,2026-01-03 14:26:00
KP021266,KW10689,2026-01-04,AU,Tablet,10361,31.0,173,3169,5.46,2026-01-04 20:31:00
KP021267,KW11480,2026-01-05,DE,Desktop,7226,2.0,998,3506,28.47,2026-01-05 00:25:00
KP021268,KW11862,2026-01-06,IN,Mobile,2705,30.0,54,978,5.52,2026-01-06 01:56:00
KP021269,KW10252,2026-01-07,FR,Desktop,505,37.0,5,97,5.15,2026-01-07 05:16:00
KP021270,KW11313,2026-01-08,US,Desktop,480,10.0,3,36,8.33,2026-01-08 19:15:00
KP021271,KW10227,2026-01-09,AU,Desktop,1507,3.0,78,370,21.08,2026-01-09 04:54:00
KP021272,KW11194,2026-01-10,IN,Desktop,1634,33.0,50,854,5.85,2026-01-10 14:07:00
KP021273,KW11467,2026-01-11,US,Mobile,3065,4.0,30,240,12.5,2026-01-11 10:01:00
KP021274,KW11764,2026-01-12,BR,Desktop,2840,43.0,28,780,3.59,2026-01-12 20:43:00
KP021275,KW10550,2026-01-13,DE,Mobile,1861,30.0,43,660,6.52,2026-01-13 09:57:00
KP021276,KW11801,2026-01-14,DE,Desktop,7658,33.0,100,2320,4.31,2026-01-14 18:21:00
KP021277,KW11355,2026-01-15,MX,Mobile,5468,48.0,91,2164,4.21,2026-01-15 07:47:00
KP021278,KW10180,2026-01-16,US,Desktop,812,45.0,11,344,3.2,2026-01-16 13:13:00
KP021279,KW10086,2026-01-17,MX,Desktop,1649,37.0,25,480,5.21,2026-01-17 19:45:00
KP021280,KW11320,2026-01-18,CA,Mobile,906,43.0,18,341,5.28,2026-01-18 00:27:00
KP021281,KW10227,2026-01-19,FR,Mobile,985,46.0,2,91,2.2,2026-01-19 17:21:00
KP021282,KW10463,2026-01-20,CA,Mobile,708,9.0,4,60,6.67,2026-01-20 16:24:00
KP021283,KW11777,2026-01-21,MX,Mobile,1599,15.0,36,463,7.78,2026-01-21 07:02:00
KP021284,KW10634,2026-01-22,MX,Mobile,1295,28.0,5,129,3.88,2026-01-22 05:10:00
KP021285,KW10188,2026-01-23,CA,Desktop,14443,42.0,384,7259,5.29,2026-01-23 23:22:00
KP021286,KW10440,2026-01-24,MX,Desktop,1859,28.0,12,224,5.36,2026-01-24 03:55:00
KP021287,KW10890,2026-01-25,UK,Mobile,2041,3.0,142,724,19.61,2026-01-25 04:52:00
KP021288,KW10588,2026-01-26,IN,Desktop,1083,19.0,27,419,6.44,2026-01-26 02:27:00
KP021289,KW11641,2026-01-27,AU,Desktop,4489,14.0,179,1892,9.46,2026-01-27 22:18:00
KP021290,KW11846,2026-01-28,BR,Mobile,4981,46.0,72,2026,3.55,2026-01-28 11:31:00
KP021291,KW10035,2026-01-29,AU,Mobile,608,12.0,11,105,10.48,2026-01-29 20:05:00
KP021292,KW11349,2026-01-30,UK,Desktop,2051,36.0,41,769,5.33,2026-01-30 10:42:00
KP021293,KW11328,2026-01-31,IN,Mobile,6717,35.0,62,1082,5.73,2026-01-31 14:26:00
KP021536,KW11179,2025-10-01,JP,Mobile,1238,4.0,67,441,15.19,2025-10-01 23:06:00
KP021537,KW11107,2025-10-02,BR,Mobile,4269,3.0,488,2074,23.53,2025-10-02 02:58:00
KP021538,KW11338,2025-10-03,BR,Mobile,1716,45.0,28,527,5.31,2025-10-03 23:04:00
KP021539,KW11404,2025-10-04,BR,Mobile,7178,15.0,264,3343,7.9,2025-10-04 00:59:00
KP021540,KW10461,2025-10-05,JP,Mobile,12269,20.0,267,3289,8.12,2025-10-05 22:07:00
KP021541,KW11776,2025-10-06,MX,Desktop,4018,29.0,69,1181,5.84,2025-10-06 19:09:00
KP021542,KW11130,2025-10-07,FR,Desktop,1636,24.0,23,363,6.34,2025-10-07 21:25:00
KP021543,KW10284,2025-10-08,JP,Mobile,4168,8.0,79,619,12.76,2025-10-08 09:18:00
KP021544,KW10918,2025-10-09,JP,Mobile,1456,6.0,85,736,11.55,2025-10-09 15:06:00
KP021545,KW10252,2025-10-10,IN,Desktop,1421,24.0,19,365,5.21,2025-10-10 07:56:00
KP021546,KW10805,2025-10-11,MX,Mobile,5871,29.0,44,1026,4.29,2025-10-11 15:20:00
KP021547,KW11371,2025-10-12,FR,Desktop,8266,24.0,87,1820,4.78,2025-10-12 20:32:00
KP021548,KW10014,2025-10-13,DE,Mobile,8340,47.0,61,1438,4.24,2025-10-13 01:01:00
KP021549,KW10221,2025-10-14,DE,Mobile,2734,24.0,63,1132,5.57,2025-10-14 17:42:00
KP021550,KW10430,2025-10-15,FR,Desktop,423,18.0,3,69,4.35,2025-10-15 03:46:00
KP021551,KW11597,2025-10-16,CA,Desktop,12394,20.0,156,2229,7.0,2025-10-16 04:07:00
KP021552,KW10140,2025-10-17,AU,Desktop,2550,5.0,175,1075,16.28,2025-10-17 13:11:00
KP021553,KW11492,2025-10-18,US,Desktop,2066,43.0,29,791,3.67,2025-10-18 21:37:00
KP021554,KW11473,2025-10-19,US,Mobile,9628,10.0,96,873,11.0,2025-10-19 18:43:00
KP021555,KW11602,2025-10-20,CA,Desktop,7470,21.0,172,2758,6.24,2025-10-20 04:10:00
KP021556,KW10497,2025-10-21,AU,Tablet,562,45.0,3,70,4.29,2025-10-21 17:35:00
KP021557,KW10780,2025-10-22,FR,Mobile,36741,47.0,230,6310,3.65,2025-10-22 05:05:00
KP021558,KW11516,2025-10-23,UK,Mobile,1305,39.0,20,463,4.32,2025-10-23 03:08:00
KP021559,KW10348,2025-10-24,UK,Desktop,5435,14.0,36,418,8.61,2025-10-24 12:51:00
KP021560,KW11529,2025-10-25,JP,Mobile,7863,50.0,94,1932,4.87,2025-10-25 05:09:00
KP021561,KW11078,2025-10-26,JP,Mobile,1443,44.0,14,287,4.88,2025-10-26 21:11:00
KP021562,KW11899,2025-10-27,CA,Mobile,4397,15.0,99,1155,8.57,2025-10-27 01:14:00
KP021563,KW10728,2025-10-28,UK,Desktop,744,48.0,5,107,4.67,2025-10-28 22:31:00
KP021564,KW10948,2025-10-29,FR,Desktop,5967,23.0,74,1458,5.08,2025-10-29 18:43:00
KP021565,KW10935,2025-10-30,UK,Mobile,6143,29.0,66,971,6.8,2025-10-30 13:12:00
KP021566,KW10800,2025-10-31,DE,Desktop,6181,8.0,292,2269,12.87,2025-10-31 22:27:00
KP021567,KW11953,2025-11-01,US,Mobile,2676,8.0,150,1356,11.06,2025-11-01 18:22:00
KP021568,KW11131,2025-11-02,CA,Desktop,1074,35.0,10,221,4.52,2025-11-02 07:37:00
KP021569,KW10985,2025-11-03,IN,Desktop,2248,44.0,44,1229,3.58,2025-11-03 15:08:00
KP021570,KW11079,2025-11-04,DE,Desktop,5830,18.0,80,952,8.4,2025-11-04 21:38:00
KP021571,KW11391,2025-11-05,IN,Mobile,3919,34.0,96,1840,5.22,2025-11-05 17:56:00
KP021572,KW10395,2025-11-06,UK,Mobile,2352,15.0,11,160,6.88,2025-11-06 17:07:00
KP021573,KW11028,2025-11-07,FR,Desktop,3974,33.0,67,1071,6.26,2025-11-07 01:51:00
KP021574,KW11110,2025-11-08,MX,Mobile,4359,26.0,21,384,5.47,2025-11-08 18:56:00
KP021575,KW10960,2025-11-09,BR,Desktop,1790,25.0,42,589,7.13,2025-11-09 13:59:00
KP021576,KW11824,2025-11-10,MX,Desktop,10740,8.0,523,4212,12.42,2025-11-10 14:08:00
KP021577,KW10692,2025-11-11,UK,Mobile,1868,34.0,36,756,4.76,2025-11-11 03:21:00
KP021578,KW11112,2025-11-12,FR,Mobile,1828,31.0,52,819,6.35,2025-11-12 09:39:00
KP021579,KW10522,2025-11-13,AU,Mobile,1509,1.0,250,803,31.13,2025-11-13 09:43:00
KP021580,KW11800,2025-11-14,FR,Desktop,1009,30.0,35,532,6.58,2025-11-14 17:28:00
KP021581,KW11798,2025-11-15,UK,Mobile,3269,49.0,37,1138,3.25,2025-11-15 07:54:00
KP021582,KW11960,2025-11-16,AU,Mobile,702,48.0,13,301,4.32,2025-11-16 03:00:00
KP021583,KW10981,2025-11-17,FR,Mobile,477,12.0,6,94,6.38,2025-11-17 12:34:00
KP021584,KW10097,2025-11-18,AU,Desktop,5953,22.0,131,2214,5.92,2025-11-18 08:04:00
KP021585,KW11648,2025-11-19,CA,Mobile,7038,9.0,77,889,8.66,2025-11-19 03:31:00
KP021586,KW10089,2025-11-20,AU,Mobile,9827,12.0,206,3069,6.71,2025-11-20 20:35:00
KP021587,KW11074,2025-11-21,CA,Desktop,1742,43.0,21,571,3.68,2025-11-21 15:51:00
KP021588,KW10574,2025-11-22,FR,Desktop,2742,37.0,37,949,3.9,2025-11-22 21:21:00
KP021589,KW11889,2025-11-23,BR,Desktop,9363,50.0,79,2460,3.21,2025-11-23 14:40:00
KP021590,KW11977,2025-11-24,JP,Mobile,1592,13.0,45,636,7.08,2025-11-24 08:19:00
KP021591,KW10847,2025-11-25,DE,Desktop,1071,16.0,11,174,6.32,2025-11-25 15:20:00
KP021592,KW10564,2025-11-26,JP,Desktop,5481,26.0,65,1121,5.8,2025-11-26 18:57:00
KP021593,KW10513,2025-11-27,AU,Tablet,4933,36.0,120,2238,5.36,2025-11-27 10:04:00
KP021594,KW10577,2025-11-28,FR,Desktop,15113,28.0,220,3245,6.78,2025-11-28 18:42:00
KP021595,KW10764,2025-11-29,AU,Desktop,4611,4.0,191,1515,12.61,2025-11-29 16:44:00
KP021596,KW11480,2025-11-30,CA,Desktop,4564,3.0,306,1991,15.37,2025-11-30 22:56:00
KP021597,KW10659,2025-12-01,CA,Desktop,2461,35.0,29,674,4.3,2025-12-01 09:28:00
KP021598,KW11396,2025-12-02,MX,Mobile,837,27.0,23,352,6.53,2025-12-02 14:57:00
KP021599,KW10085,2025-12-03,AU,Mobile,5811,14.0,237,3037,7.8,2025-12-03 13:40:00
KP021600,KW10807,2025-12-04,CA,Tablet,4514,28.0,43,770,5.58,2025-12-04 05:13:00
KP021601,KW11919,2025-12-05,FR,Mobile,3533,15.0,182,1897,9.59,2025-12-05 07:40:00
KP021602,KW10752,2025-12-06,CA,Tablet,2996,50.0,21,603,3.48,2025-12-06 13:55:00
KP021603,KW11470,2025-12-07,US,Mobile,1174,23.0,30,552,5.43,2025-12-07 08:28:00
KP021604,KW10858,2025-12-08,JP,Desktop,1798,4.0,23,163,14.11,2025-12-08 11:17:00
KP021605,KW11683,2025-12-09,FR,Desktop,1374,20.0,37,611,6.06,2025-12-09 23:35:00
KP021606,KW10097,2025-12-10,CA,Desktop,15718,32.0,450,7231,6.22,2025-12-10 06:48:00
KP021607,KW11957,2025-12-11,BR,Desktop,2169,17.0,43,625,6.88,2025-12-11 09:37:00
KP021608,KW10148,2025-12-12,AU,Mobile,2274,14.0,74,922,8.03,2025-12-12 16:40:00
KP021609,KW11418,2025-12-13,AU,Desktop,1243,5.0,77,464,16.59,2025-12-13 18:15:00
KP021610,KW10692,2025-12-14,AU,Mobile,8516,33.0,156,3903,4.0,2025-12-14 10:20:00
KP021611,KW11250,2025-12-15,BR,Desktop,8370,41.0,223,4124,5.41,2025-12-15 02:40:00
KP021612,KW11557,2025-12-16,CA,Desktop,4761,32.0,82,1343,6.11,2025-12-16 10:07:00
KP021613,KW11342,2025-12-17,MX,Desktop,938,37.0,25,456,5.48,2025-12-17 04:28:00
KP021614,KW10953,2025-12-18,CA,Mobile,17402,1.0,505,1625,31.08,2025-12-18 23:07:00
KP021615,KW11393,2025-12-19,DE,Mobile,9909,7.0,383,3782,10.13,2025-12-19 05:05:00
KP021616,KW11391,2025-12-20,FR,Mobile,12210,21.0,287,3644,7.88,2025-12-20 08:16:00
KP021617,KW10911,2025-12-21,CA,Desktop,6115,9.0,313,2530,12.37,2025-12-21 06:12:00
KP021618,KW11839,2025-12-22,MX,Mobile,11262,35.0,283,4601,6.15,2025-12-22 15:15:00
KP021619,KW11403,2025-12-23,DE,Mobile,769,40.0,3,83,3.61,2025-12-23 23:15:00
KP021620,KW11091,2025-12-24,DE,Mobile,2404,36.0,27,461,5.86,2025-12-24 12:38:00
KP021621,KW10889,2025-12-25,UK,Desktop,7057,44.0,24,686,3.5,2025-12-25 06:43:00
KP021622,KW10774,2025-12-26,FR,Desktop,5379,8.0,215,1620,13.27,2025-12-26 09:29:00
KP021623,KW11634,2025-12-27,US,Mobile,1721,11.0,48,666,7.21,2025-12-27 22:17:00
KP021624,KW10853,2025-12-28,FR,Mobile,7203,2.0,582,2795,20.82,2025-12-28 03:00:00
KP021625,KW10748,2025-12-29,BR,Mobile,1059,22.0,22,306,7.19,2025-12-29 08:13:00
KP021626,KW11899,2025-12-30,AU,Tablet,8066,39.0,77,2212,3.48,2025-12-30 11:45:00
KP021627,KW10728,2025-12-31,US,Mobile,4953,30.0,118,2321,5.08,2025-12-31 11:30:00
KP021628,KW11438,2026-01-01,IN,Mobile,1056,28.0,12,247,4.86,2026-01-01 12:04:00
KP021629,KW11025,2026-01-02,AU,Desktop,8764,14.0,158,2426,6.51,2026-01-02 07:56:00
KP021630,KW10617,2026-01-03,JP,Mobile,7858,42.0,20,488,4.1,2026-01-03 23:12:00
KP021631,KW10317,2026-01-04,IN,Mobile,1221,38.0,27,590,4.58,2026-01-04 22:15:00
KP021632,KW11103,2026-01-05,FR,Desktop,1934,44.0,12,253,4.74,2026-01-05 22:29:00
KP021633,KW11228,2026-01-06,FR,Desktop,1579,44.0,7,229,3.06,2026-01-06 00:53:00
KP021634,KW10939,2026-01-07,JP,Mobile,869,10.0,11,148,7.43,2026-01-07 03:56:00
KP021635,KW10027,2026-01-08,US,Mobile,2143,4.0,60,335,17.91,2026-01-08 22:48:00
KP021636,KW10545,2026-01-09,BR,Mobile,7664,26.0,197,3149,6.26,2026-01-09 07:45:00
KP021637,KW11964,2026-01-10,JP,Mobile,5671,49.0,78,1874,4.16,2026-01-10 17:46:00
KP021638,KW10866,2026-01-11,DE,Mobile,2824,7.0,122,977,12.49,2026-01-11 02:00:00
KP021639,KW11010,2026-01-12,IN,Mobile,1531,44.0,16,356,4.49,2026-01-12 00:00:00
KP021640,KW11634,2026-01-13,MX,Desktop,11303,11.0,554,5695,9.73,2026-01-13 07:13:00
KP021641,KW10782,2026-01-14,IN,Desktop,15542,39.0,227,6490,3.5,2026-01-14 05:45:00
KP021642,KW10508,2026-01-15,UK,Mobile,5052,6.0,160,1283,12.47,2026-01-15 10:07:00
KP021643,KW10594,2026-01-16,IN,Desktop,1794,39.0,43,864,4.98,2026-01-16 21:44:00
KP021644,KW10913,2026-01-17,CA,Mobile,18624,10.0,609,6263,9.72,2026-01-17 04:16:00
KP021645,KW10704,2026-01-18,DE,Mobile,3907,14.0,170,2041,8.33,2026-01-18 10:48:00
KP021646,KW11168,2026-01-19,BR,Desktop,916,12.0,37,384,9.64,2026-01-19 07:51:00
KP021647,KW11917,2026-01-20,MX,Mobile,2424,44.0,24,583,4.12,2026-01-20 03:17:00
KP021648,KW11363,2026-01-21,JP,Desktop,2144,11.0,30,398,7.54,2026-01-21 14:36:00
KP021649,KW11345,2026-01-22,MX,Desktop,1129,49.0,10,199,5.03,2026-01-22 12:58:00
KP021650,KW11148,2026-01-23,JP,Desktop,4633,25.0,41,848,4.83,2026-01-23 07:05:00
KP021651,KW11808,2026-01-24,MX,Mobile,1428,48.0,14,442,3.17,2026-01-24 04:19:00
KP021652,KW10925,2026-01-25,BR,Desktop,939,15.0,18,235,7.66,2026-01-25 14:16:00
KP021653,KW10200,2026-01-26,UK,Desktop,7821,47.0,97,2967,3.27,2026-01-26 22:13:00
KP021654,KW10730,2026-01-27,UK,Desktop,764,16.0,8,104,7.69,2026-01-27 03:08:00
KP021655,KW11445,2026-01-28,MX,Desktop,2774,30.0,51,1273,4.01,2026-01-28 10:15:00
KP021656,KW11391,2026-01-29,US,Mobile,3913,49.0,57,1408,4.05,2026-01-29 11:22:00
KP021657,KW10771,2026-01-30,IN,Mobile,1557,16.0,28,368,7.61,2026-01-30 07:45:00
KP021658,KW10860,2026-01-31,IN,Desktop,17625,7.0,603,6238,9.67,2026-01-31 23:44:00
KP021901,KW11837,2025-10-01,MX,Mobile,1615,30.0,14,227,6.17,2025-10-01 06:42:00
KP021902,KW10091,2025-10-02,JP,Mobile,1808,36.0,28,576,4.86,2025-10-02 03:00:00
KP021903,KW10919,2025-10-03,JP,Mobile,4131,26.0,33,511,6.46,2025-10-03 06:41:00
KP021904,KW10987,2025-10-04,JP,Mobile,2101,1.0,313,1055,29.67,2025-10-04 10:03:00
KP021905,KW11180,2025-10-05,MX,Mobile,1638,32.0,35,786,4.45,2025-10-05 16:07:00
KP021906,KW11573,2025-10-06,DE,Desktop,3526,48.0,13,410,3.17,2025-10-06 18:18:00
KP021907,KW10894,2025-10-07,CA,Desktop,2888,35.0,43,800,5.38,2025-10-07 05:24:00
KP021908,KW10592,2025-10-08,CA,Desktop,6941,40.0,21,418,5.02,2025-10-08 11:47:00
KP021909,KW11941,2025-10-09,DE,Desktop,1963,32.0,53,879,6.03,2025-10-09 23:13:00
KP021910,KW11653,2025-10-10,CA,Desktop,1528,37.0,8,140,5.71,2025-10-10 13:44:00
KP021911,KW10607,2025-10-11,BR,Mobile,5997,14.0,223,3275,6.81,2025-10-11 20:34:00
KP021912,KW10585,2025-10-12,BR,Mobile,4196,15.0,26,417,6.24,2025-10-12 10:13:00
KP021913,KW10230,2025-10-13,IN,Mobile,2116,4.0,92,654,14.07,2025-10-13 22:26:00
KP021914,KW10130,2025-10-14,FR,Desktop,3321,27.0,87,1317,6.61,2025-10-14 07:00:00
KP021915,KW11073,2025-10-15,BR,Desktop,1974,38.0,53,997,5.32,2025-10-15 10:01:00
KP021916,KW11926,2025-10-16,AU,Desktop,3426,38.0,49,1390,3.53,2025-10-16 23:53:00
KP021917,KW11672,2025-10-17,MX,Mobile,4218,16.0,81,1178,6.88,2025-10-17 03:25:00
KP021918,KW10355,2025-10-18,MX,Desktop,3237,38.0,44,1120,3.93,2025-10-18 10:30:00
KP021919,KW11733,2025-10-19,CA,Mobile,3112,47.0,53,1216,4.36,2025-10-19 16:07:00
KP021920,KW11581,2025-10-20,BR,Mobile,3501,49.0,87,1904,4.57,2025-10-20 08:48:00
KP021921,KW10394,2025-10-21,UK,Mobile,4359,7.0,164,1257,13.05,2025-10-21 08:41:00
KP021922,KW11571,2025-10-22,UK,Mobile,4306,33.0,55,1443,3.81,2025-10-22 16:12:00
KP021923,KW10528,2025-10-23,AU,Mobile,3300,4.0,183,1089,16.8,2025-10-23 11:09:00
KP021924,KW11575,2025-10-24,CA,Mobile,1873,4.0,149,745,20.0,2025-10-24 23:21:00
KP021925,KW11231,2025-10-25,CA,Mobile,8232,45.0,107,2914,3.67,2025-10-25 22:20:00
KP021926,KW11567,2025-10-26,AU,Desktop,6300,31.0,164,2538,6.46,2025-10-26 06:36:00
KP021927,KW11075,2025-10-27,FR,Desktop,1859,17.0,68,743,9.15,2025-10-27 09:28:00
KP021928,KW11804,2025-10-28,AU,Desktop,3252,39.0,56,1095,5.11,2025-10-28 23:29:00
KP021929,KW11975,2025-10-29,BR,Mobile,2179,49.0,12,360,3.33,2025-10-29 20:00:00
KP021930,KW10833,2025-10-30,IN,Desktop,1094,47.0,22,575,3.83,2025-10-30 19:03:00
KP021931,KW10614,2025-10-31,MX,Desktop,1413,32.0,36,567,6.35,2025-10-31 03:08:00
KP021932,KW10984,2025-11-01,FR,Mobile,3004,39.0,14,260,5.38,2025-11-01 04:40:00
KP021933,KW11436,2025-11-02,UK,Mobile,942,8.0,37,306,12.09,2025-11-02 19:29:00
KP021934,KW11863,2025-11-03,MX,Desktop,1180,32.0,16,420,3.81,2025-11-03 07:30:00
KP021935,KW11200,2025-11-04,MX,Tablet,3257,7.0,127,1313,9.67,2025-11-04 18:22:00
KP021936,KW10125,2025-11-05,FR,Desktop,4465,18.0,78,1268,6.15,2025-11-05 11:24:00
KP021937,KW11214,2025-11-06,JP,Desktop,29614,33.0,260,4463,5.83,2025-11-06 04:14:00
KP021938,KW11140,2025-11-07,FR,Mobile,1648,24.0,21,294,7.14,2025-11-07 12:22:00
KP021939,KW10469,2025-11-08,AU,Desktop,1891,1.0,221,795,27.8,2025-11-08 15:08:00
KP021940,KW10037,2025-11-09,AU,Mobile,1391,21.0,30,608,4.93,2025-11-09 07:44:00
KP021941,KW10138,2025-11-10,FR,Mobile,565,41.0,5,106,4.72,2025-11-10 06:35:00
KP021942,KW11804,2025-11-11,DE,Desktop,1471,39.0,5,149,3.36,2025-11-11 07:35:00
KP021943,KW10784,2025-11-12,US,Desktop,4260,29.0,61,963,6.33,2025-11-12 01:24:00
KP021944,KW10251,2025-11-13,IN,Mobile,7562,12.0,293,3413,8.58,2025-11-13 17:19:00
KP021945,KW11186,2025-11-14,UK,Desktop,2564,10.0,75,682,11.0,2025-11-14 01:54:00
KP021946,KW10484,2025-11-15,US,Mobile,1202,30.0,8,171,4.68,2025-11-15 15:32:00
KP021947,KW11818,2025-11-16,JP,Desktop,2032,34.0,39,654,5.96,2025-11-16 09:50:00
KP021948,KW11677,2025-11-17,US,Desktop,1153,43.0,18,329,5.47,2025-11-17 19:20:00
KP021949,KW10534,2025-11-18,DE,Desktop,4183,25.0,87,1292,6.73,2025-11-18 09:21:00
KP021950,KW10587,2025-11-19,BR,Mobile,644,43.0,17,322,5.28,2025-11-19 21:46:00
KP021951,KW11878,2025-11-20,US,Mobile,1412,23.0,41,611,6.71,2025-11-20 15:18:00
KP021952,KW10243,2025-11-21,IN,Mobile,3009,46.0,71,1541,4.61,2025-11-21 20:26:00
KP021953,KW11380,2025-11-22,FR,Mobile,187,37.0,2,37,5.41,2025-11-22 04:24:00
KP021954,KW10669,2025-11-23,UK,Desktop,2941,26.0,63,1084,5.81,2025-11-23 18:56:00
KP021955,KW10113,2025-11-24,BR,Desktop,2973,42.0,15,409,3.67,2025-11-24 14:13:00
KP021956,KW10938,2025-11-25,IN,Mobile,2165,6.0,35,270,12.96,2025-11-25 10:38:00
KP021957,KW10750,2025-11-26,BR,Desktop,5557,21.0,47,647,7.26,2025-11-26 05:41:00
KP021958,KW10213,2025-11-27,BR,Mobile,2437,5.0,42,266,15.79,2025-11-27 13:11:00
KP021959,KW10385,2025-11-28,FR,Mobile,1607,31.0,25,422,5.92,2025-11-28 08:02:00
KP021960,KW10773,2025-11-29,FR,Desktop,3428,43.0,58,1439,4.03,2025-11-29 16:46:00
KP021961,KW11661,2025-11-30,CA,Mobile,8776,11.0,225,3067,7.34,2025-11-30 01:41:00
KP021962,KW11720,2025-12-01,MX,Tablet,5811,9.0,197,1568,12.56,2025-12-01 22:37:00
KP021963,KW11925,2025-12-02,US,Desktop,705,1.0,38,109,34.86,2025-12-02 21:31:00
KP021964,KW10353,2025-12-03,US,Mobile,4441,3.0,250,1184,21.11,2025-12-03 13:30:00
KP021965,KW11810,2025-12-04,AU,Desktop,2146,44.0,30,841,3.57,2025-12-04 04:45:00
KP021966,KW11469,2025-12-05,JP,Mobile,754,49.0,10,231,4.33,2025-12-05 21:50:00
KP021967,KW11933,2025-12-06,IN,Mobile,2557,28.0,19,359,5.29,2025-12-06 19:43:00
KP021968,KW10446,2025-12-07,BR,Desktop,1208,48.0,14,381,3.67,2025-12-07 23:09:00
KP021969,KW11443,2025-12-08,CA,Mobile,1045,39.0,13,256,5.08,2025-12-08 21:18:00
KP021970,KW10449,2025-12-09,AU,Mobile,7189,38.0,84,1567,5.36,2025-12-09 16:11:00
KP021971,KW10459,2025-12-10,BR,Mobile,3400,16.0,113,1758,6.43,2025-12-10 22:37:00
KP021972,KW10674,2025-12-11,UK,Desktop,1195,49.0,5,154,3.25,2025-12-11 22:40:00
KP021973,KW11989,2025-12-12,MX,Desktop,1553,6.0,84,521,16.12,2025-12-12 12:03:00
KP021974,KW11137,2025-12-13,US,Mobile,2715,15.0,86,1040,8.27,2025-12-13 20:06:00
KP021975,KW11400,2025-12-14,UK,Mobile,2047,26.0,32,591,5.41,2025-12-14 19:16:00
KP021976,KW10669,2025-12-15,MX,Desktop,7017,8.0,187,2208,8.47,2025-12-15 19:24:00
KP021977,KW11604,2025-12-16,CA,Desktop,541,22.0,2,29,6.9,2025-12-16 23:28:00
KP021978,KW10557,2025-12-17,MX,Mobile,3638,30.0,62,975,6.36,2025-12-17 20:52:00
KP021979,KW10375,2025-12-18,DE,Desktop,2366,38.0,62,1227,5.05,2025-12-18 14:44:00
KP021980,KW10217,2025-12-19,CA,Mobile,1527,19.0,45,551,8.17,2025-12-19 17:53:00
KP021981,KW11177,2025-12-20,JP,Mobile,4453,4.0,70,522,13.41,2025-12-20 18:15:00
KP021982,KW10176,2025-12-21,US,Mobile,866,41.0,14,290,4.83,2025-12-21 01:33:00
KP021983,KW11466,2025-12-22,DE,Desktop,3871,35.0,95,1561,6.09,2025-12-22 21:58:00
KP021984,KW11601,2025-12-23,BR,Mobile,3109,41.0,62,1358,4.57,2025-12-23 19:35:00
KP021985,KW10702,2025-12-24,FR,Tablet,2462,41.0,45,1119,4.02,2025-12-24 13:57:00
KP021986,KW11789,2025-12-25,AU,Desktop,1520,10.0,25,283,8.83,2025-12-25 21:43:00
KP021987,KW10292,2025-12-26,BR,Desktop,10119,28.0,210,3921,5.36,2025-12-26 19:57:00
KP021988,KW10473,2025-12-27,BR,Desktop,2532,20.0,35,541,6.47,2025-12-27 14:10:00
KP021989,KW10318,2025-12-28,BR,Desktop,7840,6.0,125,861,14.52,2025-12-28 07:37:00
KP021990,KW11283,2025-12-29,UK,Mobile,4414,23.0,46,688,6.69,2025-12-29 21:51:00
KP021991,KW11014,2025-12-30,DE,Mobile,4588,8.0,190,1948,9.75,2025-12-30 04:43:00
KP021992,KW11984,2025-12-31,AU,Mobile,14894,6.0,516,4517,11.42,2025-12-31 05:19:00
KP021993,KW10901,2026-01-01,AU,Mobile,1962,29.0,25,614,4.07,2026-01-01 22:19:00
KP021994,KW10790,2026-01-02,IN,Desktop,4179,4.0,324,2064,15.7,2026-01-02 02:30:00
KP021995,KW10438,2026-01-03,AU,Mobile,2404,15.0,19,244,7.79,2026-01-03 04:10:00
KP021996,KW10008,2026-01-04,UK,Desktop,10883,39.0,111,2004,5.54,2026-01-04 08:38:00
KP021997,KW10310,2026-01-05,BR,Desktop,5333,1.0,96,289,33.22,2026-01-05 01:29:00
KP021998,KW10690,2026-01-06,UK,Mobile,9293,19.0,53,689,7.69,2026-01-06 01:19:00
KP021999,KW10341,2026-01-07,US,Desktop,6491,8.0,226,2501,9.04,2026-01-07 09:09:00
KP022000,KW11615,2026-01-08,IN,Desktop,1276,20.0,6,83,7.23,2026-01-08 02:52:00
KP022001,KW11689,2026-01-09,MX,Mobile,3215,26.0,49,990,4.95,2026-01-09 00:04:00
KP022002,KW11542,2026-01-10,AU,Desktop,1539,12.0,79,757,10.44,2026-01-10 03:13:00
KP022003,KW11635,2026-01-11,AU,Desktop,29987,11.0,1321,15512,8.52,2026-01-11 15:50:00
KP022004,KW11017,2026-01-12,AU,Desktop,1057,39.0,4,112,3.57,2026-01-12 15:27:00
KP022005,KW10595,2026-01-13,US,Desktop,4484,37.0,86,1506,5.71,2026-01-13 01:59:00
KP022006,KW11929,2026-01-14,BR,Desktop,1834,43.0,32,637,5.02,2026-01-14 08:29:00
KP022007,KW11254,2026-01-15,UK,Mobile,702,6.0,9,85,10.59,2026-01-15 09:22:00
KP022008,KW10142,2026-01-16,BR,Desktop,934,38.0,11,212,5.19,2026-01-16 01:42:00
KP022009,KW10979,2026-01-17,US,Mobile,1000,33.0,18,348,5.17,2026-01-17 06:53:00
KP022010,KW11930,2026-01-18,CA,Mobile,3676,42.0,52,1090,4.77,2026-01-18 00:10:00
KP022011,KW11119,2026-01-19,UK,Mobile,7813,36.0,128,2770,4.62,2026-01-19 22:58:00
KP022012,KW10857,2026-01-20,AU,Desktop,33173,46.0,556,13095,4.25,2026-01-20 17:50:00
KP022013,KW10862,2026-01-21,UK,Mobile,2465,29.0,69,1108,6.23,2026-01-21 22:34:00
KP022014,KW10388,2026-01-22,FR,Desktop,578,42.0,3,90,3.33,2026-01-22 09:37:00
KP022015,KW10660,2026-01-23,BR,Mobile,4372,42.0,57,1203,4.74,2026-01-23 06:24:00
KP022016,KW10466,2026-01-24,JP,Tablet,6521,43.0,111,2893,3.84,2026-01-24 16:19:00
KP022017,KW10497,2026-01-25,US,Desktop,2383,50.0,37,964,3.84,2026-01-25 12:16:00
KP022018,KW11703,2026-01-26,DE,Desktop,1361,8.0,68,612,11.11,2026-01-26 08:41:00
KP022019,KW10363,2026-01-27,IN,Mobile,18321,28.0,314,6510,4.82,2026-01-27 23:26:00
KP022020,KW10340,2026-01-28,AU,Mobile,5283,43.0,101,2888,3.5,2026-01-28 18:37:00
KP022021,KW10054,2026-01-29,MX,Desktop,790,30.0,8,197,4.06,2026-01-29 15:25:00
KP022022,KW11943,2026-01-30,UK,Mobile,3575,5.0,108,997,10.83,2026-01-30 20:13:00
KP022023,KW11873,2026-01-31,BR,Desktop,5175,40.0,134,2594,5.17,2026-01-31 06:14:00
KP022266,KW11171,2025-10-01,UK,Mobile,9209,15.0,99,1441,6.87,2025-10-01 01:32:00
KP022267,KW10510,2025-10-02,BR,Desktop,5217,11.0,132,1536,8.59,2025-10-02 20:07:00
KP022268,KW10101,2025-10-03,BR,Tablet,6296,3.0,441,2324,18.98,2025-10-03 05:04:00
KP022269,KW11701,2025-10-04,CA,Tablet,1970,30.0,24,570,4.21,2025-10-04 23:41:00
KP022270,KW11165,2025-10-05,CA,Desktop,1431,29.0,7,177,3.95,2025-10-05 19:03:00
KP022271,KW10641,2025-10-06,BR,Desktop,1424,13.0,25,320,7.81,2025-10-06 20:24:00
KP022272,KW11676,2025-10-07,AU,Desktop,584,14.0,21,223,9.42,2025-10-07 02:11:00
KP022273,KW11627,2025-10-08,IN,Mobile,6582,34.0,132,2388,5.53,2025-10-08 11:08:00
KP022274,KW11806,2025-10-09,IN,Desktop,18563,26.0,71,1281,5.54,2025-10-09 01:56:00
KP022275,KW10343,2025-10-10,MX,Mobile,1491,24.0,57,803,7.1,2025-10-10 19:35:00
KP022276,KW10047,2025-10-11,IN,Desktop,1376,9.0,23,185,12.43,2025-10-11 02:17:00
KP022277,KW10084,2025-10-12,MX,Mobile,2714,49.0,21,425,4.94,2025-10-12 15:38:00
KP022278,KW11725,2025-10-13,MX,Desktop,7423,33.0,143,2299,6.22,2025-10-13 14:06:00
KP022279,KW11119,2025-10-14,UK,Desktop,1965,15.0,15,177,8.47,2025-10-14 17:40:00
KP022280,KW10622,2025-10-15,UK,Desktop,605,21.0,9,147,6.12,2025-10-15 11:48:00
KP022281,KW11754,2025-10-16,AU,Mobile,5567,25.0,72,1039,6.93,2025-10-16 08:41:00
KP022282,KW11384,2025-10-17,FR,Desktop,16625,47.0,192,4577,4.19,2025-10-17 02:15:00
KP022283,KW11628,2025-10-18,DE,Desktop,9111,32.0,55,1284,4.28,2025-10-18 02:31:00
KP022284,KW10558,2025-10-19,CA,Mobile,6418,27.0,57,1080,5.28,2025-10-19 02:29:00
KP022285,KW10647,2025-10-20,BR,Desktop,2078,26.0,63,1045,6.03,2025-10-20 17:49:00
KP022286,KW10081,2025-10-21,JP,Desktop,6789,40.0,19,545,3.49,2025-10-21 02:56:00
KP022287,KW11661,2025-10-22,BR,Desktop,2013,1.0,35,127,27.56,2025-10-22 01:13:00
KP022288,KW10806,2025-10-23,DE,Desktop,3398,24.0,17,234,7.26,2025-10-23 19:55:00
KP022289,KW10076,2025-10-24,BR,Mobile,2248,27.0,46,873,5.27,2025-10-24 07:57:00
KP022290,KW11329,2025-10-25,MX,Mobile,5424,21.0,103,1959,5.26,2025-10-25 18:06:00
KP022291,KW11094,2025-10-26,AU,Mobile,11521,39.0,274,6037,4.54,2025-10-26 00:04:00
KP022292,KW10631,2025-10-27,CA,Desktop,4063,16.0,119,1332,8.93,2025-10-27 22:07:00
KP022293,KW11024,2025-10-28,MX,Mobile,1665,26.0,42,799,5.26,2025-10-28 08:48:00
KP022294,KW10313,2025-10-29,MX,Desktop,4339,17.0,106,1403,7.56,2025-10-29 18:21:00
KP022295,KW11125,2025-10-30,BR,Desktop,1710,8.0,23,213,10.8,2025-10-30 04:27:00
KP022296,KW11791,2025-10-31,IN,Mobile,2163,41.0,57,1029,5.54,2025-10-31 07:52:00
KP022297,KW11073,2025-11-01,AU,Mobile,971,30.0,3,88,3.41,2025-11-01 21:12:00
KP022298,KW10967,2025-11-02,AU,Mobile,2411,45.0,9,277,3.25,2025-11-02 03:02:00
KP022299,KW11415,2025-11-03,AU,Desktop,7739,38.0,118,2133,5.53,2025-11-03 19:39:00
KP022300,KW11108,2025-11-04,CA,Mobile,1987,49.0,18,411,4.38,2025-11-04 21:03:00
KP022301,KW10517,2025-11-05,JP,Desktop,1906,26.0,8,147,5.44,2025-11-05 00:23:00
KP022302,KW10730,2025-11-06,JP,Tablet,1349,18.0,24,271,8.86,2025-11-06 00:04:00
KP022303,KW11966,2025-11-07,US,Desktop,5495,47.0,130,2746,4.73,2025-11-07 03:35:00
KP022304,KW10872,2025-11-08,CA,Mobile,4363,19.0,99,1781,5.56,2025-11-08 00:07:00
KP022305,KW10420,2025-11-09,MX,Mobile,1199,2.0,107,490,21.84,2025-11-09 15:31:00
KP022306,KW10770,2025-11-10,FR,Mobile,4780,19.0,51,593,8.6,2025-11-10 12:42:00
KP022307,KW10704,2025-11-11,IN,Mobile,9312,18.0,256,4655,5.5,2025-11-11 19:19:00
KP022308,KW11560,2025-11-12,DE,Mobile,1367,7.0,47,399,11.78,2025-11-12 03:25:00
KP022309,KW11227,2025-11-13,DE,Desktop,1788,12.0,103,972,10.6,2025-11-13 15:05:00
KP022310,KW10544,2025-11-14,UK,Mobile,23758,19.0,444,6821,6.51,2025-11-14 00:48:00
KP022311,KW11966,2025-11-15,AU,Mobile,3945,33.0,44,948,4.64,2025-11-15 05:14:00
KP022312,KW11744,2025-11-16,CA,Mobile,14847,28.0,382,7085,5.39,2025-11-16 07:24:00
KP022313,KW11122,2025-11-17,JP,Mobile,4011,13.0,107,1152,9.29,2025-11-17 11:35:00
KP022314,KW10697,2025-11-18,MX,Mobile,2364,7.0,24,184,13.04,2025-11-18 00:24:00
KP022315,KW10051,2025-11-19,AU,Desktop,819,2.0,99,352,28.12,2025-11-19 00:35:00
KP022316,KW10749,2025-11-20,JP,Desktop,3912,46.0,64,1253,5.11,2025-11-20 23:40:00
KP022317,KW10558,2025-11-21,CA,Desktop,3314,9.0,108,1032,10.47,2025-11-21 20:26:00
KP022318,KW11411,2025-11-22,JP,Mobile,1590,14.0,23,292,7.88,2025-11-22 06:52:00
KP022319,KW10321,2025-11-23,CA,Mobile,4478,17.0,134,1945,6.89,2025-11-23 06:34:00
KP022320,KW11291,2025-11-24,AU,Mobile,6488,15.0,50,826,6.05,2025-11-24 11:37:00
KP022321,KW11931,2025-11-25,AU,Desktop,3228,2.0,255,990,25.76,2025-11-25 16:38:00
KP022322,KW10593,2025-11-26,UK,Desktop,1560,31.0,41,657,6.24,2025-11-26 11:43:00
KP022323,KW11264,2025-11-27,AU,Desktop,888,50.0,20,445,4.49,2025-11-27 13:09:00
KP022324,KW11266,2025-11-28,IN,Desktop,6416,43.0,63,1759,3.58,2025-11-28 11:28:00
KP022325,KW10834,2025-11-29,UK,Mobile,3614,21.0,67,1093,6.13,2025-11-29 16:34:00
KP022326,KW11726,2025-11-30,AU,Mobile,8893,22.0,173,2959,5.85,2025-11-30 21:56:00
KP022327,KW10676,2025-12-01,JP,Mobile,1814,26.0,36,765,4.71,2025-12-01 00:13:00
KP022328,KW10111,2025-12-02,CA,Desktop,2955,38.0,10,268,3.73,2025-12-02 08:55:00
KP022329,KW11736,2025-12-03,AU,Desktop,1175,46.0,5,129,3.88,2025-12-03 12:38:00
KP022330,KW10579,2025-12-04,CA,Mobile,656,16.0,5,59,8.47,2025-12-04 15:59:00
KP022331,KW11131,2025-12-05,US,Mobile,4925,23.0,83,1612,5.15,2025-12-05 09:11:00
KP022332,KW10786,2025-12-06,DE,Desktop,3322,30.0,47,826,5.69,2025-12-06 20:21:00
KP022333,KW11164,2025-12-07,AU,Mobile,2493,22.0,101,1348,7.49,2025-12-07 01:02:00
KP022334,KW11481,2025-12-08,DE,Mobile,1765,15.0,61,757,8.06,2025-12-08 19:22:00
KP022335,KW11024,2025-12-09,US,Desktop,453,15.0,12,169,7.1,2025-12-09 11:45:00
KP022336,KW10192,2025-12-10,BR,Mobile,7904,36.0,210,3680,5.71,2025-12-10 00:23:00
KP022337,KW11595,2025-12-11,US,Desktop,5835,2.0,391,1737,22.51,2025-12-11 01:36:00
KP022338,KW10887,2025-12-12,BR,Desktop,1325,36.0,35,692,5.06,2025-12-12 06:31:00
KP022339,KW11372,2025-12-13,UK,Desktop,4428,40.0,54,1038,5.2,2025-12-13 05:09:00
KP022340,KW11603,2025-12-14,MX,Mobile,9166,45.0,78,2291,3.4,2025-12-14 10:09:00
KP022341,KW11559,2025-12-15,AU,Desktop,3500,24.0,26,526,4.94,2025-12-15 13:57:00
KP022342,KW11083,2025-12-16,JP,Mobile,384,43.0,7,155,4.52,2025-12-16 00:50:00
KP022343,KW10559,2025-12-17,US,Mobile,1052,29.0,12,188,6.38,2025-12-17 05:33:00
KP022344,KW11186,2025-12-18,DE,Desktop,9620,49.0,172,5223,3.29,2025-12-18 00:20:00
KP022345,KW10864,2025-12-19,IN,Desktop,5631,9.0,190,1768,10.75,2025-12-19 03:36:00
KP022346,KW11951,2025-12-20,DE,Tablet,3375,32.0,51,1270,4.02,2025-12-20 00:26:00
KP022347,KW10946,2025-12-21,CA,Tablet,2241,29.0,57,1053,5.41,2025-12-21 05:02:00
KP022348,KW10330,2025-12-22,US,Desktop,1686,16.0,21,254,8.27,2025-12-22 08:58:00
KP022349,KW11954,2025-12-23,DE,Desktop,2007,29.0,58,887,6.54,2025-12-23 22:51:00
KP022350,KW11506,2025-12-24,AU,Mobile,1770,11.0,34,317,10.73,2025-12-24 17:52:00
KP022351,KW11618,2025-12-25,MX,Mobile,3732,6.0,88,563,15.63,2025-12-25 15:04:00
KP022352,KW10467,2025-12-26,US,Desktop,1682,45.0,41,816,5.02,2025-12-26 08:29:00
KP022353,KW10267,2025-12-27,UK,Desktop,1681,47.0,6,170,3.53,2025-12-27 11:37:00
KP022354,KW10072,2025-12-28,DE,Desktop,970,39.0,3,57,5.26,2025-12-28 09:13:00
KP022355,KW10200,2025-12-29,CA,Mobile,11215,42.0,187,3827,4.89,2025-12-29 13:11:00
KP022356,KW10786,2025-12-30,UK,Tablet,4310,28.0,72,1465,4.91,2025-12-30 17:04:00
KP022357,KW10111,2025-12-31,US,Desktop,1880,13.0,64,613,10.44,2025-12-31 16:47:00
KP022358,KW11404,2026-01-01,BR,Desktop,1213,24.0,16,268,5.97,2026-01-01 23:25:00
KP022359,KW10172,2026-01-02,MX,Desktop,5879,20.0,104,1283,8.11,2026-01-02 05:47:00
KP022360,KW10833,2026-01-03,DE,Desktop,2231,28.0,27,653,4.13,2026-01-03 02:01:00
KP022361,KW10507,2026-01-04,CA,Mobile,3395,22.0,24,394,6.09,2026-01-04 14:14:00
KP022362,KW11985,2026-01-05,FR,Mobile,2357,16.0,39,499,7.82,2026-01-05 13:50:00
KP022363,KW11717,2026-01-06,DE,Mobile,3252,14.0,152,1511,10.06,2026-01-06 03:30:00
KP022364,KW11079,2026-01-07,UK,Desktop,903,31.0,24,431,5.57,2026-01-07 05:44:00
KP022365,KW10783,2026-01-08,IN,Mobile,8928,1.0,953,3137,30.38,2026-01-08 08:37:00
KP022366,KW11850,2026-01-09,FR,Mobile,2045,24.0,41,586,7.0,2026-01-09 11:56:00
KP022367,KW10471,2026-01-10,AU,Mobile,679,25.0,20,306,6.54,2026-01-10 02:32:00
KP022368,KW10730,2026-01-11,US,Mobile,1317,43.0,9,249,3.61,2026-01-11 08:14:00
KP022369,KW10234,2026-01-12,CA,Mobile,1197,38.0,25,508,4.92,2026-01-12 18:40:00
KP022370,KW11713,2026-01-13,UK,Mobile,956,29.0,11,182,6.04,2026-01-13 15:40:00
KP022371,KW10641,2026-01-14,CA,Desktop,4766,41.0,19,369,5.15,2026-01-14 21:52:00
KP022372,KW11501,2026-01-15,UK,Mobile,5493,43.0,39,721,5.41,2026-01-15 10:31:00
KP022373,KW10884,2026-01-16,JP,Desktop,2766,7.0,130,1332,9.76,2026-01-16 02:42:00
KP022374,KW10460,2026-01-17,US,Mobile,44090,45.0,219,4545,4.82,2026-01-17 13:30:00
KP022375,KW10254,2026-01-18,JP,Desktop,6195,25.0,79,1174,6.73,2026-01-18 09:24:00
KP022376,KW10619,2026-01-19,AU,Mobile,3002,27.0,11,246,4.47,2026-01-19 01:25:00
KP022377,KW10800,2026-01-20,AU,Mobile,2932,27.0,49,1155,4.24,2026-01-20 20:33:00
KP022378,KW11747,2026-01-21,MX,Mobile,3531,3.0,279,1607,17.36,2026-01-21 20:40:00
KP022379,KW10124,2026-01-22,JP,Tablet,2017,49.0,47,1001,4.7,2026-01-22 10:20:00
KP022380,KW11031,2026-01-23,MX,Desktop,2743,35.0,24,474,5.06,2026-01-23 15:47:00
KP022381,KW11524,2026-01-24,JP,Desktop,4650,3.0,230,1294,17.77,2026-01-24 01:47:00
KP022382,KW11879,2026-01-25,FR,Mobile,808,25.0,31,439,7.06,2026-01-25 19:36:00
KP022383,KW10152,2026-01-26,CA,Desktop,1805,15.0,32,426,7.51,2026-01-26 10:37:00
KP022384,KW11307,2026-01-27,BR,Mobile,1848,26.0,44,1003,4.39,2026-01-27 02:10:00
KP022385,KW10576,2026-01-28,US,Desktop,596,6.0,32,243,13.17,2026-01-28 11:14:00
KP022386,KW10565,2026-01-29,FR,Mobile,7176,50.0,28,667,4.2,2026-01-29 22:46:00
KP022387,KW10247,2026-01-30,UK,Tablet,2222,34.0,44,996,4.42,2026-01-30 15:21:00
KP022388,KW11120,2026-01-31,FR,Desktop,1998,45.0,6,180,3.33,2026-01-31 09:49:00
KP022631,KW10539,2025-10-01,BR,Mobile,1672,42.0,26,734,3.54,2025-10-01 22:00:00
KP022632,KW10626,2025-10-02,US,Mobile,3254,22.0,62,1059,5.85,2025-10-02 22:26:00
KP022633,KW10578,2025-10-03,US,Mobile,2448,9.0,95,1040,9.13,2025-10-03 00:36:00
KP022634,KW10848,2025-10-04,CA,Mobile,5280,30.0,18,433,4.16,2025-10-04 01:50:00
KP022635,KW11645,2025-10-05,BR,Mobile,1287,7.0,95,677,14.03,2025-10-05 04:15:00
KP022636,KW10232,2025-10-06,CA,Desktop,1175,35.0,21,436,4.82,2025-10-06 19:09:00
KP022637,KW10896,2025-10-07,FR,Desktop,746,17.0,10,145,6.9,2025-10-07 15:27:00
KP022638,KW11635,2025-10-08,DE,Desktop,2405,15.0,78,1005,7.76,2025-10-08 14:25:00
KP022639,KW11232,2025-10-09,US,Desktop,1488,14.0,49,539,9.09,2025-10-09 05:45:00
KP022640,KW11187,2025-10-10,DE,Mobile,7222,11.0,49,573,8.55,2025-10-10 12:24:00
KP022641,KW10874,2025-10-11,MX,Mobile,2353,8.0,133,1231,10.8,2025-10-11 18:15:00
KP022642,KW10987,2025-10-12,JP,Mobile,723,6.0,13,118,11.02,2025-10-12 14:13:00
KP022643,KW11040,2025-10-13,UK,Mobile,1086,29.0,31,581,5.34,2025-10-13 13:35:00
KP022644,KW10990,2025-10-14,CA,Desktop,1523,50.0,6,169,3.55,2025-10-14 20:16:00
KP022645,KW10367,2025-10-15,JP,Mobile,2312,42.0,15,329,4.56,2025-10-15 02:19:00
KP022646,KW10152,2025-10-16,MX,Mobile,1883,40.0,34,595,5.71,2025-10-16 17:31:00
KP022647,KW11963,2025-10-17,CA,Desktop,15648,38.0,36,1000,3.6,2025-10-17 19:19:00
KP022648,KW11669,2025-10-18,US,Mobile,1139,23.0,26,514,5.06,2025-10-18 05:41:00
KP022649,KW10510,2025-10-19,AU,Mobile,5643,37.0,152,2811,5.41,2025-10-19 20:02:00
KP022650,KW11077,2025-10-20,CA,Mobile,2175,39.0,28,579,4.84,2025-10-20 19:42:00
KP022651,KW10105,2025-10-21,UK,Desktop,3420,23.0,68,1413,4.81,2025-10-21 01:12:00
KP022652,KW10287,2025-10-22,UK,Desktop,1051,11.0,44,535,8.22,2025-10-22 09:22:00
KP022653,KW10743,2025-10-23,IN,Desktop,1848,40.0,15,307,4.89,2025-10-23 15:57:00
KP022654,KW11841,2025-10-24,MX,Mobile,3528,7.0,153,1370,11.17,2025-10-24 21:05:00
KP022655,KW10772,2025-10-25,MX,Mobile,6232,40.0,98,2248,4.36,2025-10-25 08:16:00
KP022656,KW11351,2025-10-26,AU,Desktop,1131,48.0,6,178,3.37,2025-10-26 03:43:00
KP022657,KW11164,2025-10-27,UK,Mobile,1284,21.0,26,347,7.49,2025-10-27 16:19:00
KP022658,KW10405,2025-10-28,BR,Mobile,4059,33.0,80,1568,5.1,2025-10-28 02:45:00
KP022659,KW10797,2025-10-29,BR,Desktop,653,3.0,48,288,16.67,2025-10-29 20:28:00
KP022660,KW11008,2025-10-30,AU,Mobile,5082,48.0,100,2289,4.37,2025-10-30 18:59:00
KP022661,KW10080,2025-10-31,MX,Desktop,1206,1.0,188,538,34.94,2025-10-31 00:58:00
KP022662,KW11449,2025-11-01,US,Desktop,1921,8.0,91,960,9.48,2025-11-01 22:38:00
KP022663,KW10569,2025-11-02,DE,Mobile,1213,20.0,49,652,7.52,2025-11-02 00:41:00
KP022664,KW11077,2025-11-03,CA,Mobile,730,17.0,25,389,6.43,2025-11-03 20:17:00
KP022665,KW11798,2025-11-04,BR,Mobile,1050,20.0,33,545,6.06,2025-11-04 12:12:00
KP022666,KW11383,2025-11-05,JP,Mobile,7575,3.0,376,1777,21.16,2025-11-05 11:02:00
KP022667,KW10762,2025-11-06,DE,Mobile,8579,19.0,235,4389,5.35,2025-11-06 07:05:00
KP022668,KW11638,2025-11-07,AU,Mobile,16160,1.0,871,2490,34.98,2025-11-07 11:09:00
KP022669,KW11605,2025-11-08,FR,Desktop,4864,41.0,50,1052,4.75,2025-11-08 08:17:00
KP022670,KW10763,2025-11-09,US,Mobile,1334,9.0,32,266,12.03,2025-11-09 07:57:00
KP022671,KW11238,2025-11-10,UK,Mobile,3270,7.0,226,1785,12.66,2025-11-10 03:07:00
KP022672,KW10740,2025-11-11,IN,Desktop,4200,8.0,63,476,13.24,2025-11-11 04:36:00
KP022673,KW11069,2025-11-12,AU,Desktop,10066,49.0,30,996,3.01,2025-11-12 04:45:00
KP022674,KW11134,2025-11-13,DE,Mobile,1077,39.0,6,127,4.72,2025-11-13 02:49:00
KP022675,KW10366,2025-11-14,UK,Mobile,7032,7.0,350,2436,14.37,2025-11-14 00:16:00
KP022676,KW10925,2025-11-15,IN,Desktop,1011,21.0,13,262,4.96,2025-11-15 01:04:00
KP022677,KW11699,2025-11-16,US,Desktop,9173,15.0,100,1611,6.21,2025-11-16 02:40:00
KP022678,KW11927,2025-11-17,US,Mobile,742,44.0,13,268,4.85,2025-11-17 09:42:00
KP022679,KW11732,2025-11-18,US,Mobile,1033,23.0,18,397,4.53,2025-11-18 20:00:00
KP022680,KW11918,2025-11-19,FR,Mobile,611,5.0,31,189,16.4,2025-11-19 16:31:00
KP022681,KW10882,2025-11-20,US,Mobile,1837,34.0,41,847,4.84,2025-11-20 10:38:00
KP022682,KW10306,2025-11-21,AU,Mobile,4464,39.0,136,2375,5.73,2025-11-21 22:21:00
KP022683,KW11558,2025-11-22,BR,Desktop,1222,13.0,56,643,8.71,2025-11-22 18:50:00
KP022684,KW11292,2025-11-23,JP,Desktop,1505,35.0,17,383,4.44,2025-11-23 06:27:00
KP022685,KW10296,2025-11-24,IN,Desktop,725,16.0,13,151,8.61,2025-11-24 19:01:00
KP022686,KW10811,2025-11-25,US,Desktop,4081,4.0,39,214,18.22,2025-11-25 07:06:00
KP022687,KW10308,2025-11-26,UK,Mobile,2125,41.0,5,129,3.88,2025-11-26 21:32:00
KP022688,KW11016,2025-11-27,US,Mobile,10289,19.0,238,3821,6.23,2025-11-27 16:27:00
KP022689,KW11487,2025-11-28,AU,Desktop,3458,17.0,94,1101,8.54,2025-11-28 18:29:00
KP022690,KW11424,2025-11-29,BR,Desktop,2448,6.0,100,655,15.27,2025-11-29 20:24:00
KP022691,KW10837,2025-11-30,JP,Mobile,1244,31.0,6,125,4.8,2025-11-30 22:38:00
KP022692,KW11061,2025-12-01,IN,Mobile,1732,46.0,15,301,4.98,2025-12-01 01:01:00
KP022693,KW10800,2025-12-02,AU,Desktop,2939,3.0,37,230,16.09,2025-12-02 14:03:00
KP022694,KW11874,2025-12-03,US,Mobile,3344,1.0,641,1834,34.95,2025-12-03 11:34:00
KP022695,KW11759,2025-12-04,CA,Desktop,941,14.0,10,124,8.06,2025-12-04 12:25:00
KP022696,KW11735,2025-12-05,AU,Desktop,775,50.0,4,93,4.3,2025-12-05 23:09:00
KP022697,KW10651,2025-12-06,DE,Mobile,5204,15.0,57,602,9.47,2025-12-06 17:54:00
KP022698,KW10273,2025-12-07,IN,Mobile,2895,3.0,266,1462,18.19,2025-12-07 16:34:00
KP022699,KW10234,2025-12-08,AU,Mobile,6322,44.0,77,2098,3.67,2025-12-08 21:52:00
KP022700,KW11294,2025-12-09,IN,Mobile,1364,46.0,10,306,3.27,2025-12-09 09:13:00
KP022701,KW10149,2025-12-10,FR,Tablet,1487,50.0,5,152,3.29,2025-12-10 16:27:00
KP022702,KW11495,2025-12-11,JP,Mobile,8086,9.0,280,2462,11.37,2025-12-11 01:57:00
KP022703,KW10236,2025-12-12,DE,Mobile,4524,42.0,53,1226,4.32,2025-12-12 19:40:00
KP022704,KW11021,2025-12-13,JP,Mobile,3072,33.0,66,1113,5.93,2025-12-13 16:45:00
KP022705,KW10116,2025-12-14,US,Mobile,9614,44.0,195,4745,4.11,2025-12-14 06:19:00
KP022706,KW10152,2025-12-15,JP,Mobile,634,46.0,6,144,4.17,2025-12-15 15:32:00
KP022707,KW11673,2025-12-16,AU,Mobile,2734,6.0,139,1280,10.86,2025-12-16 01:46:00
KP022708,KW11984,2025-12-17,BR,Desktop,3960,47.0,94,1975,4.76,2025-12-17 13:01:00
KP022709,KW11894,2025-12-18,MX,Desktop,1240,17.0,21,282,7.45,2025-12-18 00:00:00
KP022710,KW10564,2025-12-19,MX,Mobile,1196,25.0,13,258,5.04,2025-12-19 09:02:00
KP022711,KW10879,2025-12-20,JP,Mobile,4769,19.0,57,680,8.38,2025-12-20 20:00:00
KP022712,KW11925,2025-12-21,DE,Tablet,5825,47.0,108,2819,3.83,2025-12-21 04:52:00
KP022713,KW11346,2025-12-22,AU,Mobile,1514,15.0,29,456,6.36,2025-12-22 02:50:00
KP022714,KW11927,2025-12-23,FR,Mobile,8167,36.0,22,502,4.38,2025-12-23 03:28:00
KP022715,KW11335,2025-12-24,IN,Mobile,474,12.0,8,95,8.42,2025-12-24 09:13:00
KP022716,KW11581,2025-12-25,JP,Desktop,7950,46.0,41,1175,3.49,2025-12-25 02:35:00
KP022717,KW11972,2025-12-26,DE,Mobile,1243,42.0,20,485,4.12,2025-12-26 15:46:00
KP022718,KW10867,2025-12-27,FR,Desktop,9377,1.0,191,656,29.12,2025-12-27 13:00:00
KP022719,KW10816,2025-12-28,DE,Mobile,614,10.0,13,126,10.32,2025-12-28 17:53:00
KP022720,KW10283,2025-12-29,DE,Desktop,344,14.0,7,110,6.36,2025-12-29 09:32:00
KP022721,KW11858,2025-12-30,DE,Desktop,1123,24.0,25,412,6.07,2025-12-30 11:12:00
KP022722,KW10993,2025-12-31,MX,Mobile,1336,4.0,57,312,18.27,2025-12-31 15:02:00
KP022723,KW11576,2026-01-01,IN,Desktop,10497,41.0,175,3111,5.63,2026-01-01 22:42:00
KP022724,KW11413,2026-01-02,US,Desktop,4112,11.0,64,839,7.63,2026-01-02 20:55:00
KP022725,KW11362,2026-01-03,JP,Mobile,4813,39.0,127,2248,5.65,2026-01-03 11:17:00
KP022726,KW11885,2026-01-04,DE,Desktop,1892,3.0,65,407,15.97,2026-01-04 09:59:00
KP022727,KW10069,2026-01-05,US,Desktop,603,6.0,24,173,13.87,2026-01-05 09:02:00
KP022728,KW11684,2026-01-06,FR,Mobile,768,12.0,13,139,9.35,2026-01-06 23:58:00
KP022729,KW11520,2026-01-07,JP,Mobile,6118,34.0,106,1889,5.61,2026-01-07 13:32:00
KP022730,KW10063,2026-01-08,UK,Mobile,3249,3.0,87,479,18.16,2026-01-08 12:33:00
KP022731,KW11762,2026-01-09,FR,Desktop,611,12.0,22,222,9.91,2026-01-09 11:49:00
KP022732,KW10347,2026-01-10,DE,Mobile,5326,30.0,105,2045,5.13,2026-01-10 19:26:00
KP022733,KW11640,2026-01-11,AU,Mobile,2472,43.0,28,804,3.48,2026-01-11 00:31:00
KP022734,KW10554,2026-01-12,AU,Desktop,2358,21.0,28,403,6.95,2026-01-12 08:39:00
KP022735,KW10259,2026-01-13,FR,Desktop,2412,46.0,27,749,3.6,2026-01-13 17:41:00
KP022736,KW10705,2026-01-14,UK,Desktop,4359,10.0,175,2075,8.43,2026-01-14 15:39:00
KP022737,KW10869,2026-01-15,JP,Desktop,2107,33.0,21,429,4.9,2026-01-15 20:21:00
KP022738,KW10143,2026-01-16,FR,Mobile,633,7.0,13,110,11.82,2026-01-16 06:18:00
KP022739,KW11040,2026-01-17,AU,Desktop,3969,42.0,16,359,4.46,2026-01-17 09:05:00
KP022740,KW10272,2026-01-18,FR,Mobile,7038,36.0,48,811,5.92,2026-01-18 21:42:00
KP022741,KW10789,2026-01-19,IN,Mobile,1225,24.0,28,468,5.98,2026-01-19 22:19:00
KP022742,KW11622,2026-01-20,MX,Mobile,3586,6.0,275,1935,14.21,2026-01-20 00:10:00
KP022743,KW11626,2026-01-21,MX,Desktop,10046,13.0,215,2096,10.26,2026-01-21 20:37:00
KP022744,KW10570,2026-01-22,AU,Desktop,1157,9.0,33,428,7.71,2026-01-22 05:14:00
KP022745,KW11338,2026-01-23,CA,Desktop,2969,49.0,8,177,4.52,2026-01-23 05:17:00
KP022746,KW10591,2026-01-24,CA,Desktop,1764,50.0,33,874,3.78,2026-01-24 09:34:00
KP022747,KW11727,2026-01-25,UK,Mobile,9348,29.0,257,4927,5.22,2026-01-25 07:00:00
KP022748,KW10097,2026-01-26,BR,Desktop,10277,46.0,94,2388,3.94,2026-01-26 00:03:00
KP022749,KW10022,2026-01-27,US,Desktop,669,49.0,10,218,4.59,2026-01-27 18:41:00
KP022750,KW11812,2026-01-28,JP,Desktop,2356,20.0,68,914,7.44,2026-01-28 07:00:00
KP022751,KW11744,2026-01-29,MX,Desktop,17170,30.0,162,2990,5.42,2026-01-29 09:50:00
KP022752,KW10121,2026-01-30,DE,Desktop,9656,13.0,418,4008,10.43,2026-01-30 15:24:00
KP022753,KW10323,2026-01-31,FR,Mobile,1644,9.0,36,403,8.93,2026-01-31 00:46:00
KP022996,KW10421,2025-10-01,FR,Mobile,3674,24.0,73,1562,4.67,2025-10-01 18:46:00
KP022997,KW10154,2025-10-02,AU,Mobile,862,17.0,4,56,7.14,2025-10-02 09:13:00
KP022998,KW11415,2025-10-03,BR,Desktop,2934,14.0,101,1216,8.31,2025-10-03 00:25:00
KP022999,KW10884,2025-10-04,CA,Mobile,2301,5.0,125,733,17.05,2025-10-04 02:52:00
KP023000,KW10742,2025-10-05,JP,Desktop,1865,39.0,7,126,5.56,2025-10-05 22:30:00
KP023001,KW11735,2025-10-06,IN,Desktop,16417,34.0,138,2352,5.87,2025-10-06 15:17:00
KP023002,KW10151,2025-10-07,UK,Mobile,2755,6.0,158,1045,15.12,2025-10-07 19:18:00
KP023003,KW11223,2025-10-08,FR,Desktop,3913,13.0,125,1939,6.45,2025-10-08 05:09:00
KP023004,KW10395,2025-10-09,US,Desktop,2155,18.0,59,1004,5.88,2025-10-09 14:43:00
KP023005,KW11228,2025-10-10,JP,Desktop,2784,25.0,11,192,5.73,2025-10-10 11:19:00
KP023006,KW10642,2025-10-11,UK,Mobile,12182,44.0,158,2943,5.37,2025-10-11 04:16:00
KP023007,KW11555,2025-10-12,BR,Desktop,6969,37.0,97,2535,3.83,2025-10-12 05:17:00
KP023008,KW10148,2025-10-13,IN,Mobile,2684,31.0,55,1058,5.2,2025-10-13 11:07:00
KP023009,KW10737,2025-10-14,UK,Desktop,1354,15.0,9,101,8.91,2025-10-14 03:08:00
KP023010,KW11059,2025-10-15,DE,Desktop,4643,11.0,238,2260,10.53,2025-10-15 12:21:00
KP023011,KW11110,2025-10-16,FR,Mobile,1259,33.0,13,258,5.04,2025-10-16 04:55:00
KP023012,KW10179,2025-10-17,MX,Mobile,6997,8.0,365,2801,13.03,2025-10-17 16:33:00
KP023013,KW11700,2025-10-18,UK,Mobile,19356,1.0,2532,8375,30.23,2025-10-18 19:32:00
KP023014,KW11869,2025-10-19,CA,Mobile,7307,27.0,69,1222,5.65,2025-10-19 09:25:00
KP023015,KW11559,2025-10-20,AU,Mobile,1997,22.0,18,261,6.9,2025-10-20 09:41:00
KP023016,KW11505,2025-10-21,FR,Desktop,5356,38.0,36,906,3.97,2025-10-21 09:27:00
KP023017,KW10045,2025-10-22,US,Mobile,2888,13.0,120,1498,8.01,2025-10-22 00:30:00
KP023018,KW11271,2025-10-23,MX,Desktop,2086,6.0,29,279,10.39,2025-10-23 11:37:00
KP023019,KW11858,2025-10-24,US,Mobile,1686,50.0,22,571,3.85,2025-10-24 07:42:00
KP023020,KW11264,2025-10-25,BR,Desktop,1003,50.0,15,398,3.77,2025-10-25 19:07:00
KP023021,KW10810,2025-10-26,UK,Mobile,626,19.0,21,280,7.5,2025-10-26 04:00:00
KP023022,KW10070,2025-10-27,BR,Desktop,2880,18.0,20,245,8.16,2025-10-27 18:20:00
KP023023,KW11723,2025-10-28,BR,Mobile,2836,23.0,23,310,7.42,2025-10-28 22:52:00
KP023024,KW10539,2025-10-29,AU,Desktop,495,41.0,1,31,3.23,2025-10-29 07:36:00
KP023025,KW11538,2025-10-30,FR,Tablet,873,4.0,26,143,18.18,2025-10-30 16:55:00
KP023026,KW10029,2025-10-31,AU,Desktop,4708,10.0,107,1418,7.55,2025-10-31 10:02:00
KP023027,KW11769,2025-11-01,IN,Mobile,20590,28.0,548,8717,6.29,2025-11-01 07:37:00
KP023028,KW10361,2025-11-02,DE,Desktop,397,13.0,14,142,9.86,2025-11-02 06:26:00
KP023029,KW10283,2025-11-03,MX,Mobile,351,33.0,5,137,3.65,2025-11-03 08:27:00
KP023030,KW11205,2025-11-04,FR,Desktop,4528,27.0,99,1405,7.05,2025-11-04 09:52:00
KP023031,KW11878,2025-11-05,FR,Mobile,7756,32.0,133,2977,4.47,2025-11-05 19:30:00
KP023032,KW11938,2025-11-06,BR,Mobile,3546,22.0,47,818,5.75,2025-11-06 18:59:00
KP023033,KW11614,2025-11-07,JP,Tablet,3666,41.0,54,1127,4.79,2025-11-07 00:21:00
KP023034,KW10398,2025-11-08,CA,Desktop,956,13.0,16,186,8.6,2025-11-08 13:06:00
KP023035,KW11016,2025-11-09,FR,Mobile,4329,44.0,30,750,4.0,2025-11-09 14:05:00
KP023036,KW11504,2025-11-10,BR,Desktop,7457,47.0,126,3007,4.19,2025-11-10 06:06:00
KP023037,KW11589,2025-11-11,US,Mobile,1498,14.0,25,290,8.62,2025-11-11 05:03:00
KP023038,KW11869,2025-11-12,UK,Mobile,6155,2.0,776,3113,24.93,2025-11-12 08:31:00
KP023039,KW11652,2025-11-13,AU,Desktop,1508,21.0,52,719,7.23,2025-11-13 14:26:00
KP023040,KW10014,2025-11-14,BR,Desktop,2243,12.0,124,1190,10.42,2025-11-14 15:52:00
KP023041,KW11843,2025-11-15,CA,Mobile,4543,31.0,80,1835,4.36,2025-11-15 00:49:00
KP023042,KW10762,2025-11-16,FR,Mobile,16250,44.0,130,2834,4.59,2025-11-16 16:59:00
KP023043,KW10767,2025-11-17,JP,Mobile,2896,17.0,58,917,6.32,2025-11-17 05:05:00
KP023044,KW10147,2025-11-18,MX,Mobile,2552,50.0,48,1205,3.98,2025-11-18 16:27:00
KP023045,KW10248,2025-11-19,MX,Tablet,2480,3.0,25,158,15.82,2025-11-19 07:00:00
KP023046,KW11641,2025-11-20,US,Desktop,30013,16.0,1542,16245,9.49,2025-11-20 15:47:00
KP023047,KW10936,2025-11-21,UK,Desktop,4172,21.0,66,907,7.28,2025-11-21 08:15:00
KP023048,KW10488,2025-11-22,JP,Tablet,913,33.0,5,137,3.65,2025-11-22 09:31:00
KP023049,KW10637,2025-11-23,FR,Desktop,2222,47.0,51,1069,4.77,2025-11-23 03:48:00
KP023050,KW10686,2025-11-24,UK,Mobile,1663,38.0,28,647,4.33,2025-11-24 13:53:00
KP023051,KW10559,2025-11-25,UK,Mobile,767,47.0,3,95,3.16,2025-11-25 17:57:00
KP023052,KW11389,2025-11-26,DE,Desktop,7843,2.0,548,2451,22.36,2025-11-26 01:44:00
KP023053,KW11024,2025-11-27,FR,Mobile,4082,4.0,258,1763,14.63,2025-11-27 02:48:00
KP023054,KW11785,2025-11-28,UK,Tablet,1117,46.0,4,97,4.12,2025-11-28 18:27:00
KP023055,KW11762,2025-11-29,CA,Tablet,2189,33.0,41,815,5.03,2025-11-29 18:50:00
KP023056,KW11501,2025-11-30,US,Desktop,1994,17.0,51,822,6.2,2025-11-30 10:14:00
KP023057,KW10849,2025-12-01,US,Tablet,1729,21.0,41,636,6.45,2025-12-01 06:33:00
KP023058,KW11066,2025-12-02,JP,Desktop,1005,22.0,14,299,4.68,2025-12-02 13:00:00
KP023059,KW10424,2025-12-03,CA,Desktop,1389,42.0,7,171,4.09,2025-12-03 07:14:00
KP023060,KW11843,2025-12-04,FR,Mobile,3634,9.0,162,1671,9.69,2025-12-04 13:10:00
KP023061,KW11586,2025-12-05,IN,Mobile,16070,31.0,360,7367,4.89,2025-12-05 15:39:00
KP023062,KW11742,2025-12-06,MX,Mobile,2715,37.0,18,321,5.61,2025-12-06 08:11:00
KP023063,KW11790,2025-12-07,JP,Mobile,2001,1.0,288,854,33.72,2025-12-07 16:41:00
KP023064,KW10705,2025-12-08,FR,Desktop,4160,29.0,21,369,5.69,2025-12-08 02:45:00
KP023065,KW11673,2025-12-09,MX,Desktop,5446,34.0,72,1592,4.52,2025-12-09 08:30:00
KP023066,KW11479,2025-12-10,FR,Tablet,5117,27.0,71,1064,6.67,2025-12-10 19:33:00
KP023067,KW11293,2025-12-11,AU,Mobile,2073,22.0,22,287,7.67,2025-12-11 18:43:00
KP023068,KW10050,2025-12-12,CA,Tablet,2056,47.0,16,370,4.32,2025-12-12 08:03:00
KP023069,KW10963,2025-12-13,DE,Desktop,1323,23.0,11,157,7.01,2025-12-13 15:35:00
KP023070,KW11897,2025-12-14,JP,Desktop,2809,20.0,86,1086,7.92,2025-12-14 11:10:00
KP023071,KW11782,2025-12-15,US,Desktop,6849,46.0,128,3006,4.26,2025-12-15 18:04:00
KP023072,KW11357,2025-12-16,US,Desktop,3084,24.0,93,1630,5.71,2025-12-16 02:36:00
KP023073,KW10276,2025-12-17,MX,Desktop,2839,31.0,35,728,4.81,2025-12-17 17:49:00
KP023074,KW10035,2025-12-18,IN,Desktop,3356,44.0,27,624,4.33,2025-12-18 15:58:00
KP023075,KW11236,2025-12-19,AU,Desktop,1899,14.0,79,973,8.12,2025-12-19 11:41:00
KP023076,KW11483,2025-12-20,JP,Tablet,13519,22.0,306,4739,6.46,2025-12-20 14:51:00
KP023077,KW11650,2025-12-21,US,Desktop,1485,7.0,37,398,9.3,2025-12-21 14:24:00
KP023078,KW11086,2025-12-22,CA,Desktop,1770,39.0,6,116,5.17,2025-12-22 04:46:00
KP023079,KW11470,2025-12-23,UK,Desktop,833,4.0,19,136,13.97,2025-12-23 21:22:00
KP023080,KW11109,2025-12-24,UK,Desktop,2751,1.0,312,893,34.94,2025-12-24 09:39:00
KP023081,KW10291,2025-12-25,UK,Mobile,2164,13.0,36,449,8.02,2025-12-25 22:21:00
KP023082,KW11258,2025-12-26,UK,Desktop,2609,35.0,68,1166,5.83,2025-12-26 05:23:00
KP023083,KW10093,2025-12-27,IN,Desktop,2898,32.0,52,922,5.64,2025-12-27 16:00:00
KP023084,KW11299,2025-12-28,IN,Mobile,2315,33.0,13,230,5.65,2025-12-28 11:15:00
KP023085,KW10083,2025-12-29,MX,Mobile,11024,34.0,203,3653,5.56,2025-12-29 06:15:00
KP023086,KW10921,2025-12-30,JP,Desktop,2810,19.0,117,1461,8.01,2025-12-30 07:22:00
KP023087,KW10953,2025-12-31,DE,Mobile,1014,7.0,68,485,14.02,2025-12-31 16:17:00
KP023088,KW10580,2026-01-01,UK,Desktop,1753,48.0,25,767,3.26,2026-01-01 16:38:00
KP023089,KW11467,2026-01-02,DE,Tablet,4463,46.0,47,970,4.85,2026-01-02 08:24:00
KP023090,KW11413,2026-01-03,FR,Desktop,2858,23.0,56,912,6.14,2026-01-03 15:33:00
KP023091,KW10935,2026-01-04,UK,Desktop,5767,23.0,50,785,6.37,2026-01-04 06:16:00
KP023092,KW11884,2026-01-05,AU,Desktop,3938,23.0,105,1667,6.3,2026-01-05 06:59:00
KP023093,KW10893,2026-01-06,IN,Desktop,2653,26.0,43,609,7.06,2026-01-06 07:07:00
KP023094,KW11317,2026-01-07,DE,Desktop,7119,12.0,188,2048,9.18,2026-01-07 14:00:00
KP023095,KW10446,2026-01-08,FR,Mobile,7447,16.0,289,3755,7.7,2026-01-08 07:46:00
KP023096,KW10743,2026-01-09,CA,Desktop,1029,16.0,9,99,9.09,2026-01-09 07:20:00
KP023097,KW10910,2026-01-10,JP,Mobile,9216,11.0,362,4735,7.65,2026-01-10 18:43:00
KP023098,KW11972,2026-01-11,DE,Desktop,11867,32.0,192,3049,6.3,2026-01-11 10:35:00
KP023099,KW10166,2026-01-12,IN,Desktop,8419,46.0,161,3562,4.52,2026-01-12 11:56:00
KP023100,KW11466,2026-01-13,CA,Desktop,10141,12.0,207,1901,10.89,2026-01-13 22:44:00
KP023101,KW10895,2026-01-14,CA,Mobile,2065,36.0,45,1115,4.04,2026-01-14 18:05:00
KP023102,KW11957,2026-01-15,BR,Mobile,4996,29.0,31,653,4.75,2026-01-15 18:12:00
KP023103,KW10406,2026-01-16,JP,Desktop,2128,26.0,49,845,5.8,2026-01-16 04:54:00
KP023104,KW10236,2026-01-17,CA,Desktop,10196,44.0,169,4337,3.9,2026-01-17 07:41:00
KP023105,KW11203,2026-01-18,FR,Mobile,1510,42.0,8,208,3.85,2026-01-18 13:00:00
KP023106,KW11005,2026-01-19,US,Mobile,3331,22.0,73,1484,4.92,2026-01-19 16:11:00
KP023107,KW10428,2026-01-20,IN,Desktop,37471,28.0,1164,17559,6.63,2026-01-20 23:41:00
KP023108,KW10555,2026-01-21,JP,Mobile,1630,7.0,37,408,9.07,2026-01-21 07:25:00
KP023109,KW11606,2026-01-22,UK,Mobile,1341,40.0,7,163,4.29,2026-01-22 15:45:00
KP023110,KW10153,2026-01-23,JP,Mobile,9727,7.0,453,3292,13.76,2026-01-23 01:52:00
KP023111,KW11291,2026-01-24,FR,Mobile,2113,17.0,56,627,8.93,2026-01-24 09:03:00
KP023112,KW11212,2026-01-25,JP,Mobile,1110,45.0,11,327,3.36,2026-01-25 17:27:00
KP023113,KW11375,2026-01-26,US,Desktop,6319,34.0,29,680,4.26,2026-01-26 20:55:00
KP023114,KW11753,2026-01-27,DE,Mobile,1402,36.0,40,666,6.01,2026-01-27 15:17:00
KP023115,KW10168,2026-01-28,BR,Mobile,3879,16.0,37,643,5.75,2026-01-28 04:15:00
KP023116,KW11567,2026-01-29,AU,Desktop,3663,18.0,123,1939,6.34,2026-01-29 17:47:00
KP023117,KW11777,2026-01-30,BR,Mobile,2769,37.0,49,968,5.06,2026-01-30 01:33:00
KP023118,KW10402,2026-01-31,US,Desktop,1998,10.0,61,612,9.97,2026-01-31 16:52:00
KP023361,KW10110,2025-10-01,US,Mobile,938,41.0,17,408,4.17,2025-10-01 11:23:00
KP023362,KW11566,2025-10-02,AU,Mobile,1490,1.0,57,163,34.97,2025-10-02 17:37:00
KP023363,KW11588,2025-10-03,DE,Desktop,1152,22.0,33,435,7.59,2025-10-03 03:50:00
KP023364,KW11141,2025-10-04,UK,Mobile,1173,12.0,53,628,8.44,2025-10-04 15:41:00
KP023365,KW10705,2025-10-05,IN,Mobile,3659,21.0,44,711,6.19,2025-10-05 12:07:00
KP023366,KW11144,2025-10-06,US,Desktop,5501,43.0,17,384,4.43,2025-10-06 13:01:00
KP023367,KW11642,2025-10-07,IN,Mobile,4226,29.0,42,756,5.56,2025-10-07 04:08:00
KP023368,KW10065,2025-10-08,IN,Mobile,3867,46.0,17,363,4.68,2025-10-08 19:03:00
KP023369,KW11407,2025-10-09,DE,Desktop,7823,47.0,64,1405,4.56,2025-10-09 06:39:00
KP023370,KW10730,2025-10-10,CA,Desktop,12745,2.0,1465,5140,28.5,2025-10-10 11:45:00
KP023371,KW11924,2025-10-11,CA,Mobile,6748,6.0,380,3602,10.55,2025-10-11 17:40:00
KP023372,KW11273,2025-10-12,MX,Desktop,3452,21.0,112,1572,7.12,2025-10-12 02:04:00
KP023373,KW11614,2025-10-13,BR,Desktop,3948,27.0,131,1901,6.89,2025-10-13 17:43:00
KP023374,KW10470,2025-10-14,CA,Desktop,2165,44.0,24,693,3.46,2025-10-14 21:41:00
KP023375,KW10402,2025-10-15,MX,Mobile,2977,13.0,28,438,6.39,2025-10-15 17:52:00
KP023376,KW11110,2025-10-16,CA,Desktop,5386,11.0,28,378,7.41,2025-10-16 10:23:00
KP023377,KW10151,2025-10-17,MX,Desktop,3247,3.0,126,553,22.78,2025-10-17 12:17:00
KP023378,KW10304,2025-10-18,DE,Mobile,17699,35.0,220,4799,4.58,2025-10-18 16:10:00
KP023379,KW10984,2025-10-19,US,Desktop,1485,13.0,7,95,7.37,2025-10-19 01:16:00
KP023380,KW10671,2025-10-20,CA,Desktop,2385,19.0,28,343,8.16,2025-10-20 01:42:00
KP023381,KW11483,2025-10-21,BR,Desktop,3415,48.0,11,232,4.74,2025-10-21 07:31:00
KP023382,KW11430,2025-10-22,CA,Tablet,12322,9.0,235,2689,8.74,2025-10-22 19:23:00
KP023383,KW10946,2025-10-23,FR,Desktop,2392,7.0,59,438,13.47,2025-10-23 22:13:00
KP023384,KW11527,2025-10-24,AU,Desktop,1868,30.0,49,775,6.32,2025-10-24 23:48:00
KP023385,KW10468,2025-10-25,MX,Mobile,1519,43.0,25,585,4.27,2025-10-25 13:03:00
KP023386,KW11861,2025-10-26,CA,Mobile,3965,14.0,73,722,10.11,2025-10-26 03:39:00
KP023387,KW11982,2025-10-27,DE,Mobile,685,3.0,10,49,20.41,2025-10-27 21:24:00
KP023388,KW10225,2025-10-28,FR,Desktop,15502,6.0,740,6980,10.6,2025-10-28 07:16:00
KP023389,KW11713,2025-10-29,IN,Tablet,1050,18.0,13,148,8.78,2025-10-29 08:02:00
KP023390,KW10622,2025-10-30,BR,Desktop,4113,49.0,66,2060,3.2,2025-10-30 09:32:00
KP023391,KW11875,2025-10-31,DE,Mobile,2311,14.0,37,564,6.56,2025-10-31 05:38:00
KP023392,KW11467,2025-11-01,DE,Desktop,3646,25.0,64,889,7.2,2025-11-01 10:53:00
KP023393,KW10523,2025-11-02,MX,Desktop,899,6.0,8,73,10.96,2025-11-02 19:48:00
KP023394,KW11107,2025-11-03,IN,Desktop,7514,43.0,153,3386,4.52,2025-11-03 15:11:00
KP023395,KW10063,2025-11-04,AU,Desktop,3649,8.0,86,877,9.81,2025-11-04 00:30:00
KP023396,KW11992,2025-11-05,IN,Desktop,16880,31.0,238,5594,4.25,2025-11-05 08:16:00
KP023397,KW11961,2025-11-06,US,Desktop,667,25.0,11,206,5.34,2025-11-06 06:02:00
KP023398,KW11351,2025-11-07,MX,Mobile,993,20.0,21,341,6.16,2025-11-07 11:29:00
KP023399,KW10916,2025-11-08,CA,Mobile,2344,15.0,53,595,8.91,2025-11-08 21:25:00
KP023400,KW10882,2025-11-09,BR,Desktop,5050,32.0,38,671,5.66,2025-11-09 19:52:00
KP023401,KW10151,2025-11-10,AU,Mobile,2200,16.0,85,1045,8.13,2025-11-10 00:45:00
KP023402,KW10856,2025-11-11,DE,Desktop,585,14.0,24,303,7.92,2025-11-11 14:05:00
KP023403,KW10117,2025-11-12,BR,Mobile,1712,47.0,14,327,4.28,2025-11-12 00:24:00
KP023404,KW10565,2025-11-13,CA,Mobile,1440,50.0,5,140,3.57,2025-11-13 03:20:00
KP023405,KW10800,2025-11-14,BR,Mobile,851,40.0,12,340,3.53,2025-11-14 08:12:00
KP023406,KW10715,2025-11-15,DE,Mobile,750,5.0,23,203,11.33,2025-11-15 20:38:00
KP023407,KW11384,2025-11-16,DE,Desktop,4298,15.0,126,1387,9.08,2025-11-16 09:05:00
KP023408,KW10328,2025-11-17,UK,Mobile,2780,6.0,75,552,13.59,2025-11-17 22:31:00
KP023409,KW10137,2025-11-18,BR,Mobile,846,34.0,19,427,4.45,2025-11-18 06:57:00
KP023410,KW10104,2025-11-19,BR,Desktop,2213,32.0,37,783,4.73,2025-11-19 16:07:00
KP023411,KW11362,2025-11-20,UK,Mobile,2308,3.0,160,721,22.19,2025-11-20 05:09:00
KP023412,KW11164,2025-11-21,IN,Tablet,2190,3.0,217,920,23.59,2025-11-21 18:34:00
KP023413,KW11015,2025-11-22,CA,Mobile,917,3.0,22,138,15.94,2025-11-22 21:51:00
KP023414,KW10913,2025-11-23,IN,Mobile,567,34.0,8,149,5.37,2025-11-23 10:29:00
KP023415,KW10183,2025-11-24,JP,Mobile,2724,14.0,37,456,8.11,2025-11-24 15:24:00
KP023416,KW10756,2025-11-25,CA,Desktop,4067,43.0,43,1042,4.13,2025-11-25 15:16:00
KP023417,KW10043,2025-11-26,DE,Desktop,900,10.0,26,249,10.44,2025-11-26 15:59:00
KP023418,KW10888,2025-11-27,JP,Mobile,4345,50.0,25,509,4.91,2025-11-27 00:56:00
KP023419,KW10313,2025-11-28,BR,Mobile,3732,20.0,33,521,6.33,2025-11-28 00:53:00
KP023420,KW11500,2025-11-29,JP,Mobile,1631,7.0,49,531,9.23,2025-11-29 17:23:00
KP023421,KW11464,2025-11-30,US,Mobile,4081,8.0,94,795,11.82,2025-11-30 19:47:00
KP023422,KW11580,2025-12-01,FR,Mobile,8236,12.0,321,3045,10.54,2025-12-01 04:54:00
KP023423,KW11157,2025-12-02,AU,Desktop,2919,46.0,30,815,3.68,2025-12-02 10:07:00
KP023424,KW11440,2025-12-03,DE,Mobile,7164,24.0,236,3194,7.39,2025-12-03 19:43:00
KP023425,KW10761,2025-12-04,JP,Desktop,1861,28.0,41,615,6.67,2025-12-04 23:24:00
KP023426,KW10308,2025-12-05,MX,Tablet,2199,20.0,37,483,7.66,2025-12-05 13:57:00
KP023427,KW10812,2025-12-06,IN,Mobile,1103,45.0,3,79,3.8,2025-12-06 04:47:00
KP023428,KW10449,2025-12-07,US,Mobile,4767,16.0,33,369,8.94,2025-12-07 12:03:00
KP023429,KW10652,2025-12-08,US,Desktop,1670,24.0,11,177,6.21,2025-12-08 11:46:00
KP023430,KW10671,2025-12-09,UK,Mobile,22347,19.0,255,3943,6.47,2025-12-09 11:25:00
KP023431,KW10639,2025-12-10,UK,Mobile,3682,12.0,54,610,8.85,2025-12-10 15:58:00
KP023432,KW10063,2025-12-11,CA,Desktop,7206,9.0,112,1125,9.96,2025-12-11 08:44:00
KP023433,KW11654,2025-12-12,AU,Desktop,3100,21.0,13,240,5.42,2025-12-12 17:24:00
KP023434,KW11333,2025-12-13,FR,Mobile,6986,9.0,164,1720,9.53,2025-12-13 10:00:00
KP023435,KW10270,2025-12-14,US,Mobile,6859,50.0,58,1895,3.06,2025-12-14 10:35:00
KP023436,KW11659,2025-12-15,DE,Desktop,2274,21.0,31,505,6.14,2025-12-15 14:02:00
KP023437,KW11662,2025-12-16,FR,Mobile,1649,32.0,8,158,5.06,2025-12-16 04:34:00
KP023438,KW11216,2025-12-17,JP,Mobile,3242,49.0,37,845,4.38,2025-12-17 05:31:00
KP023439,KW10394,2025-12-18,UK,Mobile,5125,16.0,58,955,6.07,2025-12-18 07:07:00
KP023440,KW10112,2025-12-19,BR,Desktop,1768,8.0,57,645,8.84,2025-12-19 06:17:00
KP023441,KW11471,2025-12-20,US,Mobile,2862,50.0,75,1558,4.81,2025-12-20 00:46:00
KP023442,KW10469,2025-12-21,MX,Mobile,2291,24.0,44,727,6.05,2025-12-21 14:22:00
KP023443,KW10064,2025-12-22,MX,Mobile,4064,48.0,36,709,5.08,2025-12-22 04:01:00
KP023444,KW10010,2025-12-23,CA,Desktop,3831,5.0,191,1480,12.91,2025-12-23 03:30:00
KP023445,KW10574,2025-12-24,JP,Mobile,4593,49.0,12,304,3.95,2025-12-24 13:06:00
KP023446,KW11581,2025-12-25,IN,Mobile,8497,28.0,165,3766,4.38,2025-12-25 02:57:00
KP023447,KW11872,2025-12-26,DE,Desktop,4798,32.0,134,2307,5.81,2025-12-26 23:08:00
KP023448,KW11095,2025-12-27,FR,Desktop,3357,14.0,116,1302,8.91,2025-12-27 13:38:00
KP023449,KW11222,2025-12-28,AU,Desktop,8344,32.0,122,3065,3.98,2025-12-28 09:46:00
KP023450,KW11038,2025-12-29,US,Mobile,601,34.0,8,191,4.19,2025-12-29 04:44:00
KP023451,KW11025,2025-12-30,DE,Mobile,4300,4.0,59,386,15.28,2025-12-30 01:00:00
KP023452,KW11163,2025-12-31,IN,Desktop,1323,1.0,26,94,27.66,2025-12-31 11:34:00
KP023453,KW11769,2026-01-01,BR,Desktop,4173,44.0,32,647,4.95,2026-01-01 07:19:00
KP023454,KW10288,2026-01-02,CA,Desktop,10705,46.0,87,2259,3.85,2026-01-02 07:02:00
KP023455,KW11432,2026-01-03,BR,Mobile,2153,6.0,25,221,11.31,2026-01-03 23:14:00
KP023456,KW10513,2026-01-04,JP,Desktop,7677,21.0,83,1255,6.61,2026-01-04 02:54:00
KP023457,KW11356,2026-01-05,DE,Desktop,1048,36.0,22,387,5.68,2026-01-05 18:48:00
KP023458,KW10344,2026-01-06,UK,Desktop,19363,18.0,495,7210,6.87,2026-01-06 08:37:00
KP023459,KW10490,2026-01-07,DE,Desktop,7259,24.0,137,2208,6.2,2026-01-07 09:39:00
KP023460,KW11095,2026-01-08,US,Mobile,13260,41.0,333,6064,5.49,2026-01-08 16:33:00
KP023461,KW10883,2026-01-09,DE,Desktop,2244,48.0,37,827,4.47,2026-01-09 12:23:00
KP023462,KW11067,2026-01-10,DE,Mobile,1761,44.0,14,419,3.34,2026-01-10 17:35:00
KP023463,KW10111,2026-01-11,JP,Mobile,2457,27.0,26,473,5.5,2026-01-11 23:57:00
KP023464,KW10226,2026-01-12,BR,Mobile,4441,22.0,136,2221,6.12,2026-01-12 15:07:00
KP023465,KW11970,2026-01-13,BR,Mobile,1449,8.0,16,148,10.81,2026-01-13 01:47:00
KP023466,KW10613,2026-01-14,IN,Mobile,2288,32.0,20,435,4.6,2026-01-14 20:19:00
KP023467,KW11483,2026-01-15,IN,Desktop,12334,24.0,72,1554,4.63,2026-01-15 00:27:00
KP023468,KW10889,2026-01-16,US,Desktop,1615,16.0,58,676,8.58,2026-01-16 07:47:00
KP023469,KW11934,2026-01-17,AU,Mobile,2321,26.0,50,717,6.97,2026-01-17 16:43:00
KP023470,KW10680,2026-01-18,DE,Mobile,1641,33.0,34,695,4.89,2026-01-18 21:58:00
KP023471,KW11279,2026-01-19,UK,Mobile,3192,13.0,108,1080,10.0,2026-01-19 16:33:00
KP023472,KW10775,2026-01-20,IN,Desktop,1744,46.0,29,850,3.41,2026-01-20 16:45:00
KP023473,KW11947,2026-01-21,US,Desktop,1585,34.0,15,380,3.95,2026-01-21 17:32:00
KP023474,KW11645,2026-01-22,AU,Desktop,3033,37.0,61,1298,4.7,2026-01-22 02:36:00
KP023475,KW11896,2026-01-23,MX,Mobile,11177,23.0,133,1831,7.26,2026-01-23 18:30:00
KP023476,KW10415,2026-01-24,AU,Desktop,8546,39.0,171,3885,4.4,2026-01-24 06:15:00
KP023477,KW10707,2026-01-25,AU,Desktop,6492,6.0,248,1696,14.62,2026-01-25 16:17:00
KP023478,KW11971,2026-01-26,MX,Mobile,3986,36.0,45,759,5.93,2026-01-26 03:40:00
KP023479,KW10089,2026-01-27,BR,Desktop,2817,28.0,57,1268,4.5,2026-01-27 14:50:00
KP023480,KW11366,2026-01-28,UK,Tablet,3513,28.0,82,1881,4.36,2026-01-28 20:10:00
KP023481,KW10314,2026-01-29,IN,Desktop,948,46.0,5,100,5.0,2026-01-29 06:18:00
KP023482,KW11939,2026-01-30,CA,Mobile,4589,14.0,121,1346,8.99,2026-01-30 20:59:00
KP023483,KW11877,2026-01-31,UK,Mobile,5493,39.0,23,592,3.89,2026-01-31 00:18:00
KP023726,KW10037,2025-10-01,FR,Mobile,5012,16.0,38,425,8.94,2025-10-01 15:10:00
KP023727,KW11477,2025-10-02,DE,Desktop,4723,46.0,64,1772,3.61,2025-10-02 03:01:00
KP023728,KW11049,2025-10-03,JP,Desktop,17918,12.0,118,1250,9.44,2025-10-03 17:37:00
KP023729,KW11934,2025-10-04,MX,Desktop,4093,35.0,40,720,5.56,2025-10-04 14:55:00
KP023730,KW10425,2025-10-05,IN,Desktop,1132,4.0,44,281,15.66,2025-10-05 10:45:00
KP023731,KW11835,2025-10-06,UK,Mobile,5085,20.0,84,1119,7.51,2025-10-06 21:07:00
KP023732,KW11266,2025-10-07,AU,Desktop,3073,33.0,26,517,5.03,2025-10-07 16:00:00
KP023733,KW10123,2025-10-08,BR,Desktop,1414,7.0,31,280,11.07,2025-10-08 02:09:00
KP023734,KW11148,2025-10-09,UK,Mobile,3684,50.0,9,248,3.63,2025-10-09 21:58:00
KP023735,KW10353,2025-10-10,FR,Desktop,12882,29.0,157,3230,4.86,2025-10-10 02:33:00
KP023736,KW11487,2025-10-11,CA,Desktop,5741,11.0,60,736,8.15,2025-10-11 04:43:00
KP023737,KW11291,2025-10-12,US,Desktop,4218,39.0,51,935,5.45,2025-10-12 15:08:00
KP023738,KW11875,2025-10-13,FR,Desktop,24940,46.0,342,6656,5.14,2025-10-13 12:43:00
KP023739,KW10781,2025-10-14,UK,Desktop,4868,41.0,67,1872,3.58,2025-10-14 18:52:00
KP023740,KW10745,2025-10-15,CA,Desktop,932,5.0,15,97,15.46,2025-10-15 13:05:00
KP023741,KW11234,2025-10-16,US,Tablet,4931,1.0,856,2481,34.5,2025-10-16 04:43:00
KP023742,KW11199,2025-10-17,BR,Desktop,3264,27.0,57,1054,5.41,2025-10-17 19:20:00
KP023743,KW10258,2025-10-18,UK,Mobile,1767,47.0,39,922,4.23,2025-10-18 01:30:00
KP023744,KW11821,2025-10-19,AU,Mobile,1878,25.0,28,588,4.76,2025-10-19 15:29:00
KP023745,KW11823,2025-10-20,CA,Mobile,1536,33.0,4,96,4.17,2025-10-20 08:10:00
KP023746,KW11101,2025-10-21,FR,Desktop,1214,25.0,12,197,6.09,2025-10-21 15:28:00
KP023747,KW11529,2025-10-22,US,Desktop,7145,26.0,263,3858,6.82,2025-10-22 12:48:00
KP023748,KW10841,2025-10-23,JP,Mobile,2317,41.0,40,807,4.96,2025-10-23 21:26:00
KP023749,KW10364,2025-10-24,DE,Mobile,10499,48.0,102,2064,4.94,2025-10-24 01:57:00
KP023750,KW11650,2025-10-25,FR,Tablet,2465,20.0,68,1123,6.06,2025-10-25 15:48:00
KP023751,KW10415,2025-10-26,CA,Desktop,2386,26.0,57,1212,4.7,2025-10-26 23:56:00
KP023752,KW10466,2025-10-27,IN,Desktop,3735,36.0,56,1035,5.41,2025-10-27 10:36:00
KP023753,KW10110,2025-10-28,BR,Desktop,3633,6.0,188,1176,15.99,2025-10-28 13:58:00
KP023754,KW10250,2025-10-29,BR,Desktop,6350,3.0,143,797,17.94,2025-10-29 17:05:00
KP023755,KW11613,2025-10-30,CA,Tablet,1847,42.0,11,240,4.58,2025-10-30 04:58:00
KP023756,KW11487,2025-10-31,AU,Desktop,5124,23.0,70,973,7.19,2025-10-31 14:56:00
KP023757,KW11787,2025-11-01,MX,Desktop,5839,32.0,28,701,3.99,2025-11-01 11:30:00
KP023758,KW10498,2025-11-02,US,Mobile,4798,42.0,111,2553,4.35,2025-11-02 17:34:00
KP023759,KW11772,2025-11-03,UK,Desktop,10428,12.0,367,3777,9.72,2025-11-03 15:59:00
KP023760,KW11815,2025-11-04,IN,Mobile,1034,8.0,31,283,10.95,2025-11-04 03:57:00
KP023761,KW11175,2025-11-05,IN,Desktop,5237,1.0,546,1562,34.96,2025-11-05 04:31:00
KP023762,KW11842,2025-11-06,AU,Mobile,896,44.0,17,430,3.95,2025-11-06 11:08:00
KP023763,KW10573,2025-11-07,FR,Desktop,1485,13.0,39,577,6.76,2025-11-07 06:29:00
KP023764,KW10913,2025-11-08,JP,Desktop,2902,22.0,67,1045,6.41,2025-11-08 09:17:00
KP023765,KW11111,2025-11-09,AU,Mobile,1378,44.0,6,153,3.92,2025-11-09 23:57:00
KP023766,KW11998,2025-11-10,MX,Mobile,940,25.0,14,298,4.7,2025-11-10 00:42:00
KP023767,KW11016,2025-11-11,UK,Desktop,7936,49.0,105,3384,3.1,2025-11-11 16:47:00
KP023768,KW10471,2025-11-12,IN,Mobile,3317,41.0,54,1006,5.37,2025-11-12 07:01:00
KP023769,KW11912,2025-11-13,JP,Mobile,3896,42.0,6,201,2.99,2025-11-13 13:17:00
KP023770,KW11384,2025-11-14,JP,Mobile,1343,5.0,72,493,14.6,2025-11-14 23:02:00
KP023771,KW11528,2025-11-15,UK,Desktop,2664,49.0,66,1379,4.79,2025-11-15 04:04:00
KP023772,KW11126,2025-11-16,AU,Desktop,2547,36.0,51,1018,5.01,2025-11-16 14:13:00
KP023773,KW10828,2025-11-17,DE,Mobile,1790,10.0,101,905,11.16,2025-11-17 05:41:00
KP023774,KW11605,2025-11-18,AU,Desktop,764,1.0,21,81,25.93,2025-11-18 23:17:00
KP023775,KW11605,2025-11-19,JP,Mobile,8074,30.0,127,2661,4.77,2025-11-19 10:40:00
KP023776,KW11077,2025-11-20,IN,Desktop,2578,8.0,110,1143,9.62,2025-11-20 03:22:00
KP023777,KW10917,2025-11-21,IN,Mobile,10647,13.0,237,2809,8.44,2025-11-21 07:43:00
KP023778,KW11299,2025-11-22,JP,Desktop,5174,13.0,200,2213,9.04,2025-11-22 12:26:00
KP023779,KW11046,2025-11-23,AU,Mobile,4205,20.0,65,1124,5.78,2025-11-23 04:30:00
KP023780,KW11295,2025-11-24,MX,Desktop,5254,42.0,19,481,3.95,2025-11-24 21:09:00
KP023781,KW10492,2025-11-25,MX,Mobile,1813,18.0,21,308,6.82,2025-11-25 06:38:00
KP023782,KW11502,2025-11-26,AU,Mobile,3387,37.0,82,1588,5.16,2025-11-26 02:57:00
KP023783,KW10986,2025-11-27,IN,Desktop,274,48.0,5,116,4.31,2025-11-27 21:42:00
KP023784,KW10150,2025-11-28,MX,Mobile,5144,11.0,208,2718,7.65,2025-11-28 14:00:00
KP023785,KW10876,2025-11-29,CA,Mobile,1456,38.0,32,616,5.19,2025-11-29 08:55:00
KP023786,KW10087,2025-11-30,FR,Mobile,12437,30.0,149,3207,4.65,2025-11-30 04:19:00
KP023787,KW10792,2025-12-01,IN,Desktop,6453,49.0,73,1832,3.98,2025-12-01 11:40:00
KP023788,KW10326,2025-12-02,US,Desktop,3260,38.0,9,197,4.57,2025-12-02 13:43:00
KP023789,KW11321,2025-12-03,IN,Mobile,517,33.0,14,267,5.24,2025-12-03 16:11:00
KP023790,KW11229,2025-12-04,UK,Desktop,1696,10.0,77,923,8.34,2025-12-04 02:41:00
KP023791,KW10475,2025-12-05,MX,Mobile,2103,17.0,16,248,6.45,2025-12-05 06:00:00
KP023792,KW10078,2025-12-06,FR,Desktop,1334,21.0,31,462,6.71,2025-12-06 09:26:00
KP023793,KW11025,2025-12-07,JP,Desktop,3584,2.0,191,913,20.92,2025-12-07 14:27:00
KP023794,KW11172,2025-12-08,FR,Tablet,1267,46.0,23,620,3.71,2025-12-08 02:04:00
KP023795,KW10292,2025-12-09,MX,Mobile,3106,4.0,110,562,19.57,2025-12-09 21:29:00
KP023796,KW10445,2025-12-10,DE,Mobile,3675,19.0,143,1686,8.48,2025-12-10 01:22:00
KP023797,KW11434,2025-12-11,FR,Desktop,1369,41.0,2,73,2.74,2025-12-11 21:22:00
KP023798,KW10911,2025-12-12,IN,Desktop,2913,47.0,12,362,3.31,2025-12-12 14:58:00
KP023799,KW11267,2025-12-13,IN,Mobile,1266,15.0,37,549,6.74,2025-12-13 04:56:00
KP023800,KW11348,2025-12-14,UK,Mobile,2133,5.0,96,622,15.43,2025-12-14 16:07:00
KP023801,KW11151,2025-12-15,UK,Tablet,1033,44.0,10,207,4.83,2025-12-15 18:58:00
KP023802,KW10154,2025-12-16,AU,Desktop,3913,12.0,130,1716,7.58,2025-12-16 02:37:00
KP023803,KW10531,2025-12-17,IN,Mobile,764,34.0,15,325,4.62,2025-12-17 01:09:00
KP023804,KW11092,2025-12-18,FR,Desktop,621,2.0,48,189,25.4,2025-12-18 18:00:00
KP023805,KW10028,2025-12-19,JP,Mobile,1245,38.0,13,292,4.45,2025-12-19 04:07:00
KP023806,KW11121,2025-12-20,FR,Mobile,6055,13.0,53,788,6.73,2025-12-20 10:33:00
KP023807,KW11367,2025-12-21,JP,Mobile,4363,24.0,130,1762,7.38,2025-12-21 08:24:00
KP023808,KW11349,2025-12-22,BR,Desktop,9363,25.0,227,4410,5.15,2025-12-22 11:18:00
KP023809,KW11407,2025-12-23,AU,Mobile,16678,8.0,573,5960,9.61,2025-12-23 13:54:00
KP023810,KW10138,2025-12-24,JP,Desktop,669,26.0,16,253,6.32,2025-12-24 03:25:00
KP023811,KW11314,2025-12-25,US,Desktop,1010,41.0,19,420,4.52,2025-12-25 10:53:00
KP023812,KW11173,2025-12-26,UK,Desktop,1866,44.0,33,731,4.51,2025-12-26 06:42:00
KP023813,KW11763,2025-12-27,UK,Mobile,863,44.0,11,257,4.28,2025-12-27 15:29:00
KP023814,KW11444,2025-12-28,MX,Desktop,1624,9.0,61,519,11.75,2025-12-28 10:54:00
KP023815,KW11672,2025-12-29,JP,Desktop,1411,41.0,11,200,5.5,2025-12-29 17:05:00
KP023816,KW11767,2025-12-30,AU,Desktop,3044,4.0,41,250,16.4,2025-12-30 05:08:00
KP023817,KW10140,2025-12-31,CA,Desktop,2482,11.0,38,333,11.41,2025-12-31 03:53:00
KP023818,KW10640,2026-01-01,JP,Desktop,3426,46.0,44,1051,4.19,2026-01-01 16:34:00
KP023819,KW11087,2026-01-02,CA,Tablet,2042,32.0,18,370,4.86,2026-01-02 20:06:00
KP023820,KW11305,2026-01-03,MX,Desktop,2969,5.0,210,1560,13.46,2026-01-03 13:19:00
KP023821,KW11143,2026-01-04,JP,Mobile,1376,35.0,3,78,3.85,2026-01-04 05:14:00
KP023822,KW10894,2026-01-05,BR,Tablet,5446,10.0,154,1446,10.65,2026-01-05 08:09:00
KP023823,KW11425,2026-01-06,CA,Desktop,1095,30.0,16,307,5.21,2026-01-06 10:38:00
KP023824,KW11383,2026-01-07,CA,Mobile,2792,47.0,45,1212,3.71,2026-01-07 12:03:00
KP023825,KW11834,2026-01-08,DE,Mobile,12702,32.0,398,6741,5.9,2026-01-08 14:03:00
KP023826,KW11196,2026-01-09,DE,Desktop,8187,40.0,125,2427,5.15,2026-01-09 04:36:00
KP023827,KW11726,2026-01-10,CA,Mobile,1608,40.0,5,145,3.45,2026-01-10 10:18:00
KP023828,KW11848,2026-01-11,IN,Desktop,2363,18.0,100,1222,8.18,2026-01-11 03:38:00
KP023829,KW10066,2026-01-12,BR,Mobile,10290,35.0,38,869,4.37,2026-01-12 14:17:00
KP023830,KW11400,2026-01-13,DE,Desktop,3454,2.0,362,1891,19.14,2026-01-13 21:02:00
KP023831,KW10729,2026-01-14,DE,Desktop,1415,7.0,28,212,13.21,2026-01-14 01:01:00
KP023832,KW11891,2026-01-15,MX,Desktop,1371,28.0,37,726,5.1,2026-01-15 20:37:00
KP023833,KW10140,2026-01-16,BR,Tablet,1429,47.0,32,641,4.99,2026-01-16 05:49:00
KP023834,KW11749,2026-01-17,CA,Mobile,1134,2.0,82,389,21.08,2026-01-17 18:52:00
KP023835,KW10842,2026-01-18,AU,Mobile,11404,44.0,103,2371,4.34,2026-01-18 16:32:00
KP023836,KW10590,2026-01-19,AU,Desktop,5274,13.0,34,387,8.79,2026-01-19 23:46:00
KP023837,KW11296,2026-01-20,JP,Desktop,1421,42.0,29,756,3.84,2026-01-20 08:52:00
KP023838,KW11748,2026-01-21,FR,Mobile,2356,6.0,136,1231,11.05,2026-01-21 06:17:00
KP023839,KW10726,2026-01-22,US,Mobile,1105,24.0,17,342,4.97,2026-01-22 08:13:00
KP023840,KW10677,2026-01-23,US,Mobile,945,33.0,10,178,5.62,2026-01-23 16:10:00
KP023841,KW11284,2026-01-24,US,Mobile,8172,46.0,104,2044,5.09,2026-01-24 02:03:00
KP023842,KW10715,2026-01-25,AU,Mobile,6276,42.0,50,1253,3.99,2026-01-25 21:14:00
KP023843,KW10751,2026-01-26,JP,Desktop,1573,9.0,80,662,12.08,2026-01-26 08:14:00
KP023844,KW11582,2026-01-27,CA,Tablet,3320,32.0,25,528,4.73,2026-01-27 13:52:00
KP023845,KW10291,2026-01-28,FR,Mobile,21279,27.0,320,6375,5.02,2026-01-28 10:28:00
KP023846,KW11829,2026-01-29,DE,Desktop,2677,9.0,138,1133,12.18,2026-01-29 22:23:00
KP023847,KW11165,2026-01-30,AU,Desktop,422,11.0,9,95,9.47,2026-01-30 03:39:00
KP023848,KW11429,2026-01-31,FR,Desktop,1486,28.0,10,178,5.62,2026-01-31 01:58:00
KP024091,KW10272,2025-10-01,IN,Tablet,8082,30.0,151,3072,4.92,2025-10-01 05:48:00
KP024092,KW11267,2025-10-02,AU,Desktop,6788,49.0,41,993,4.13,2025-10-02 20:48:00
KP024093,KW10957,2025-10-03,AU,Tablet,657,16.0,5,88,5.68,2025-10-03 06:44:00
KP024094,KW10321,2025-10-04,AU,Mobile,6898,16.0,188,3004,6.26,2025-10-04 03:36:00
KP024095,KW11734,2025-10-05,DE,Desktop,3165,28.0,45,954,4.72,2025-10-05 22:24:00
KP024096,KW10723,2025-10-06,JP,Desktop,1920,4.0,122,692,17.63,2025-10-06 19:17:00
KP024097,KW10430,2025-10-07,UK,Desktop,620,17.0,9,154,5.84,2025-10-07 07:11:00
KP024098,KW10759,2025-10-08,IN,Mobile,3766,13.0,40,484,8.26,2025-10-08 03:33:00
KP024099,KW10102,2025-10-09,MX,Desktop,5227,24.0,96,1677,5.72,2025-10-09 01:03:00
KP024100,KW11283,2025-10-10,MX,Desktop,941,43.0,16,315,5.08,2025-10-10 00:07:00
KP024101,KW11007,2025-10-11,IN,Mobile,757,43.0,11,242,4.55,2025-10-11 05:57:00
KP024102,KW11354,2025-10-12,JP,Mobile,6682,3.0,202,1143,17.67,2025-10-12 12:50:00
KP024103,KW11601,2025-10-13,CA,Desktop,1780,49.0,9,178,5.06,2025-10-13 13:41:00
KP024104,KW10390,2025-10-14,FR,Mobile,1818,27.0,37,622,5.95,2025-10-14 23:49:00
KP024105,KW10819,2025-10-15,IN,Desktop,1516,31.0,14,243,5.76,2025-10-15 12:59:00
KP024106,KW11425,2025-10-16,UK,Desktop,5934,10.0,286,3158,9.06,2025-10-16 10:10:00
KP024107,KW10248,2025-10-17,CA,Desktop,6344,4.0,237,1754,13.51,2025-10-17 05:16:00
KP024108,KW11440,2025-10-18,AU,Desktop,6723,13.0,354,3482,10.17,2025-10-18 01:27:00
KP024109,KW11359,2025-10-19,CA,Desktop,3969,44.0,27,766,3.52,2025-10-19 08:18:00
KP024110,KW10676,2025-10-20,MX,Desktop,1506,20.0,33,645,5.12,2025-10-20 12:36:00
KP024111,KW11479,2025-10-21,IN,Desktop,4859,30.0,113,2544,4.44,2025-10-21 17:40:00
KP024112,KW10894,2025-10-22,JP,Desktop,2563,9.0,28,233,12.02,2025-10-22 18:32:00
KP024113,KW11882,2025-10-23,US,Mobile,356,48.0,6,151,3.97,2025-10-23 16:12:00
KP024114,KW10016,2025-10-24,UK,Mobile,2563,21.0,16,281,5.69,2025-10-24 08:36:00
KP024115,KW10692,2025-10-25,BR,Mobile,13810,7.0,800,6467,12.37,2025-10-25 22:07:00
KP024116,KW10367,2025-10-26,MX,Desktop,3694,35.0,66,1237,5.34,2025-10-26 09:54:00
KP024117,KW11053,2025-10-27,BR,Desktop,6335,35.0,67,1184,5.66,2025-10-27 01:45:00
KP024118,KW10855,2025-10-28,CA,Mobile,38006,18.0,472,6284,7.51,2025-10-28 18:16:00
KP024119,KW11442,2025-10-29,FR,Mobile,3379,31.0,90,1452,6.2,2025-10-29 18:39:00
KP024120,KW10994,2025-10-30,BR,Mobile,9422,41.0,285,5130,5.56,2025-10-30 22:11:00
KP024121,KW10110,2025-10-31,AU,Desktop,2856,9.0,23,244,9.43,2025-10-31 12:32:00
KP024122,KW11286,2025-11-01,CA,Mobile,3178,8.0,54,409,13.2,2025-11-01 13:54:00
KP024123,KW10760,2025-11-02,MX,Mobile,4062,46.0,35,754,4.64,2025-11-02 12:01:00
KP024124,KW10725,2025-11-03,BR,Desktop,1897,37.0,30,661,4.54,2025-11-03 13:13:00
KP024125,KW11771,2025-11-04,MX,Desktop,14601,22.0,480,6438,7.46,2025-11-04 11:59:00
KP024126,KW11672,2025-11-05,UK,Mobile,557,35.0,11,275,4.0,2025-11-05 22:09:00
KP024127,KW10001,2025-11-06,IN,Desktop,1961,40.0,49,861,5.69,2025-11-06 07:11:00
KP024128,KW10471,2025-11-07,IN,Desktop,1438,18.0,44,529,8.32,2025-11-07 19:56:00
KP024129,KW11033,2025-11-08,DE,Desktop,14759,38.0,367,7773,4.72,2025-11-08 04:10:00
KP024130,KW10656,2025-11-09,DE,Mobile,3376,37.0,66,1240,5.32,2025-11-09 17:33:00
KP024131,KW10435,2025-11-10,FR,Mobile,1677,40.0,49,874,5.61,2025-11-10 00:14:00
KP024132,KW10735,2025-11-11,JP,Tablet,8097,34.0,37,928,3.99,2025-11-11 20:41:00
KP024133,KW11157,2025-11-12,IN,Desktop,2255,7.0,60,486,12.35,2025-11-12 16:08:00
KP024134,KW10273,2025-11-13,DE,Mobile,4177,25.0,101,1402,7.2,2025-11-13 17:47:00
KP024135,KW10486,2025-11-14,AU,Desktop,10470,6.0,260,1915,13.58,2025-11-14 15:25:00
KP024136,KW10668,2025-11-15,UK,Desktop,2703,25.0,54,921,5.86,2025-11-15 11:28:00
KP024137,KW11134,2025-11-16,MX,Desktop,3758,21.0,36,503,7.16,2025-11-16 17:22:00
KP024138,KW11708,2025-11-17,UK,Mobile,1358,25.0,44,699,6.29,2025-11-17 07:30:00
KP024139,KW11129,2025-11-18,IN,Desktop,10255,9.0,105,1070,9.81,2025-11-18 05:25:00
KP024140,KW10667,2025-11-19,DE,Desktop,7223,8.0,301,2888,10.42,2025-11-19 00:58:00
KP024141,KW11390,2025-11-20,IN,Desktop,2058,50.0,32,869,3.68,2025-11-20 06:27:00
KP024142,KW10605,2025-11-21,DE,Mobile,1840,48.0,10,212,4.72,2025-11-21 06:37:00
KP024143,KW10365,2025-11-22,FR,Desktop,15577,14.0,533,6571,8.11,2025-11-22 08:52:00
KP024144,KW10467,2025-11-23,CA,Desktop,2642,19.0,97,1362,7.12,2025-11-23 22:51:00
KP024145,KW10713,2025-11-24,IN,Mobile,6914,25.0,184,3285,5.6,2025-11-24 21:24:00
KP024146,KW10794,2025-11-25,DE,Desktop,3257,16.0,110,1338,8.22,2025-11-25 08:07:00
KP024147,KW11731,2025-11-26,FR,Mobile,4370,43.0,12,232,5.17,2025-11-26 06:37:00
KP024148,KW11229,2025-11-27,DE,Mobile,4447,5.0,37,322,11.49,2025-11-27 17:05:00
KP024149,KW11195,2025-11-28,AU,Mobile,727,41.0,1,46,2.17,2025-11-28 14:05:00
KP024150,KW11060,2025-11-29,CA,Mobile,4987,34.0,121,2347,5.16,2025-11-29 12:17:00
KP024151,KW10245,2025-11-30,CA,Mobile,1858,36.0,25,451,5.54,2025-11-30 07:06:00
KP024152,KW11140,2025-12-01,UK,Mobile,2548,45.0,7,155,4.52,2025-12-01 08:51:00
KP024153,KW10091,2025-12-02,IN,Desktop,655,7.0,30,236,12.71,2025-12-02 10:02:00
KP024154,KW10247,2025-12-03,UK,Desktop,1346,12.0,45,429,10.49,2025-12-03 16:47:00
KP024155,KW10733,2025-12-04,US,Desktop,6862,7.0,118,911,12.95,2025-12-04 03:34:00
KP024156,KW11178,2025-12-05,IN,Desktop,20218,28.0,181,2655,6.82,2025-12-05 19:57:00
KP024157,KW11011,2025-12-06,FR,Mobile,1911,12.0,9,114,7.89,2025-12-06 22:20:00
KP024158,KW11067,2025-12-07,CA,Mobile,1788,17.0,24,427,5.62,2025-12-07 11:58:00
KP024159,KW10544,2025-12-08,IN,Mobile,630,36.0,14,324,4.32,2025-12-08 08:49:00
KP024160,KW10641,2025-12-09,DE,Desktop,6349,35.0,56,1037,5.4,2025-12-09 21:01:00
KP024161,KW10026,2025-12-10,CA,Desktop,1789,38.0,45,773,5.82,2025-12-10 23:34:00
KP024162,KW11598,2025-12-11,FR,Mobile,2408,43.0,54,1010,5.35,2025-12-11 14:47:00
KP024163,KW11920,2025-12-12,JP,Desktop,1211,29.0,17,272,6.25,2025-12-12 22:42:00
KP024164,KW11516,2025-12-13,IN,Mobile,4347,34.0,57,1023,5.57,2025-12-13 12:21:00
KP024165,KW10722,2025-12-14,AU,Mobile,3737,29.0,18,355,5.07,2025-12-14 02:09:00
KP024166,KW10100,2025-12-15,IN,Mobile,5321,4.0,314,1995,15.74,2025-12-15 21:24:00
KP024167,KW11205,2025-12-16,IN,Tablet,2639,7.0,41,378,10.85,2025-12-16 19:07:00
KP024168,KW10755,2025-12-17,FR,Desktop,6140,13.0,97,1478,6.56,2025-12-17 16:25:00
KP024169,KW11643,2025-12-18,US,Desktop,2892,15.0,83,924,8.98,2025-12-18 19:41:00
KP024170,KW10055,2025-12-19,US,Desktop,2590,34.0,38,957,3.97,2025-12-19 19:20:00
KP024171,KW11471,2025-12-20,AU,Desktop,25799,24.0,330,5522,5.98,2025-12-20 15:31:00
KP024172,KW11346,2025-12-21,MX,Mobile,4837,12.0,219,2292,9.55,2025-12-21 16:57:00
KP024173,KW11658,2025-12-22,FR,Mobile,5069,28.0,16,289,5.54,2025-12-22 09:49:00
KP024174,KW10868,2025-12-23,IN,Desktop,2033,24.0,27,463,5.83,2025-12-23 10:27:00
KP024175,KW10879,2025-12-24,UK,Mobile,4887,29.0,29,452,6.42,2025-12-24 08:10:00
KP024176,KW11633,2025-12-25,JP,Mobile,9356,1.0,267,918,29.08,2025-12-25 06:40:00
KP024177,KW10241,2025-12-26,CA,Mobile,4239,47.0,34,782,4.35,2025-12-26 23:42:00
KP024178,KW11984,2025-12-27,DE,Mobile,938,40.0,9,263,3.42,2025-12-27 21:47:00
KP024179,KW11830,2025-12-28,UK,Mobile,13152,23.0,152,2534,6.0,2025-12-28 16:35:00
KP024180,KW11789,2025-12-29,BR,Mobile,1578,27.0,6,134,4.48,2025-12-29 11:53:00
KP024181,KW10807,2025-12-30,AU,Mobile,5119,49.0,57,1391,4.1,2025-12-30 09:47:00
KP024182,KW11663,2025-12-31,BR,Mobile,509,24.0,6,87,6.9,2025-12-31 08:57:00
KP024183,KW11657,2026-01-01,AU,Desktop,4899,43.0,23,526,4.37,2026-01-01 08:09:00
KP024184,KW10806,2026-01-02,AU,Mobile,1666,42.0,35,838,4.18,2026-01-02 04:03:00
KP024185,KW10103,2026-01-03,AU,Desktop,4382,48.0,99,1958,5.06,2026-01-03 09:42:00
KP024186,KW10110,2026-01-04,IN,Mobile,3281,27.0,38,879,4.32,2026-01-04 20:10:00
KP024187,KW11109,2026-01-05,DE,Mobile,769,9.0,33,305,10.82,2026-01-05 11:30:00
KP024188,KW11515,2026-01-06,AU,Mobile,7267,32.0,211,3893,5.42,2026-01-06 05:18:00
KP024189,KW11874,2026-01-07,IN,Desktop,4144,25.0,108,1782,6.06,2026-01-07 21:09:00
KP024190,KW11218,2026-01-08,FR,Mobile,8321,43.0,82,2308,3.55,2026-01-08 20:35:00
KP024191,KW10625,2026-01-09,US,Mobile,891,34.0,4,105,3.81,2026-01-09 10:41:00
KP024192,KW11326,2026-01-10,AU,Tablet,2502,38.0,44,780,5.64,2026-01-10 14:38:00
KP024193,KW10851,2026-01-11,DE,Mobile,1842,50.0,14,386,3.63,2026-01-11 13:55:00
KP024194,KW10394,2026-01-12,BR,Mobile,6713,16.0,176,2902,6.06,2026-01-12 04:53:00
KP024195,KW10579,2026-01-13,DE,Desktop,3679,30.0,38,587,6.47,2026-01-13 02:52:00
KP024196,KW10744,2026-01-14,JP,Mobile,1396,14.0,33,498,6.63,2026-01-14 09:30:00
KP024197,KW10097,2026-01-15,DE,Mobile,2702,46.0,45,987,4.56,2026-01-15 09:10:00
KP024198,KW11061,2026-01-16,JP,Desktop,6164,8.0,219,2005,10.92,2026-01-16 04:09:00
KP024199,KW10891,2026-01-17,JP,Desktop,1217,8.0,14,161,8.7,2026-01-17 02:03:00
KP024200,KW11413,2026-01-18,IN,Mobile,3318,26.0,50,1121,4.46,2026-01-18 03:08:00
KP024201,KW10338,2026-01-19,US,Desktop,3480,6.0,62,484,12.81,2026-01-19 21:11:00
KP024202,KW10731,2026-01-20,AU,Mobile,2804,35.0,13,301,4.32,2026-01-20 04:06:00
KP024203,KW11050,2026-01-21,FR,Tablet,4296,10.0,148,1414,10.47,2026-01-21 02:07:00
KP024204,KW10929,2026-01-22,IN,Mobile,6985,9.0,308,2492,12.36,2026-01-22 14:14:00
KP024205,KW11206,2026-01-23,FR,Desktop,4250,30.0,62,1072,5.78,2026-01-23 21:34:00
KP024206,KW10510,2026-01-24,CA,Mobile,788,21.0,13,240,5.42,2026-01-24 05:25:00
KP024207,KW11024,2026-01-25,CA,Desktop,4439,45.0,82,1922,4.27,2026-01-25 00:38:00
KP024208,KW10790,2026-01-26,CA,Tablet,797,33.0,16,360,4.44,2026-01-26 06:47:00
KP024209,KW11170,2026-01-27,AU,Mobile,2941,34.0,50,1259,3.97,2026-01-27 19:29:00
KP024210,KW10888,2026-01-28,US,Mobile,2210,34.0,42,1096,3.83,2026-01-28 20:09:00
KP024211,KW10309,2026-01-29,US,Tablet,1455,36.0,17,393,4.33,2026-01-29 01:33:00
KP024212,KW10313,2026-01-30,MX,Mobile,3488,18.0,58,956,6.07,2026-01-30 08:19:00
KP024213,KW10954,2026-01-31,DE,Desktop,11994,16.0,327,4507,7.26,2026-01-31 03:56:00
KP024456,KW11950,2025-10-01,MX,Desktop,1031,33.0,18,418,4.31,2025-10-01 04:06:00
KP024457,KW11401,2025-10-02,MX,Mobile,866,1.0,117,336,34.82,2025-10-02 01:30:00
KP024458,KW11428,2025-10-03,US,Mobile,839,27.0,3,59,5.08,2025-10-03 14:31:00
KP024459,KW10374,2025-10-04,UK,Mobile,3233,41.0,26,518,5.02,2025-10-04 11:58:00
KP024460,KW11119,2025-10-05,AU,Desktop,1217,33.0,25,460,5.43,2025-10-05 12:29:00
KP024461,KW11033,2025-10-06,BR,Desktop,3749,25.0,117,2015,5.81,2025-10-06 14:04:00
KP024462,KW10908,2025-10-07,CA,Desktop,4028,21.0,23,439,5.24,2025-10-07 12:54:00
KP024463,KW11648,2025-10-08,AU,Mobile,1033,24.0,8,159,5.03,2025-10-08 13:24:00
KP024464,KW11772,2025-10-09,JP,Desktop,1238,3.0,113,612,18.46,2025-10-09 18:23:00
KP024465,KW11911,2025-10-10,JP,Mobile,4611,47.0,60,1399,4.29,2025-10-10 21:47:00
KP024466,KW11310,2025-10-11,US,Desktop,6416,28.0,234,3473,6.74,2025-10-11 12:47:00
KP024467,KW11133,2025-10-12,US,Mobile,11218,41.0,132,3482,3.79,2025-10-12 23:21:00
KP024468,KW10354,2025-10-13,IN,Desktop,7525,35.0,157,4080,3.85,2025-10-13 21:32:00
KP024469,KW11842,2025-10-14,IN,Desktop,4070,8.0,144,1453,9.91,2025-10-14 07:26:00
KP024470,KW11626,2025-10-15,UK,Desktop,1872,20.0,38,528,7.2,2025-10-15 05:05:00
KP024471,KW10715,2025-10-16,JP,Mobile,12469,47.0,185,3958,4.67,2025-10-16 00:47:00
KP024472,KW10842,2025-10-17,UK,Mobile,6044,41.0,44,1177,3.74,2025-10-17 00:47:00
KP024473,KW11653,2025-10-18,CA,Tablet,2035,6.0,88,671,13.11,2025-10-18 08:27:00
KP024474,KW10751,2025-10-19,US,Mobile,1820,14.0,16,187,8.56,2025-10-19 01:55:00
KP024475,KW10356,2025-10-20,IN,Mobile,13290,7.0,735,5260,13.97,2025-10-20 00:52:00
KP024476,KW11950,2025-10-21,FR,Desktop,763,4.0,51,263,19.39,2025-10-21 09:14:00
KP024477,KW10241,2025-10-22,AU,Desktop,1121,42.0,21,470,4.47,2025-10-22 19:21:00
KP024478,KW11693,2025-10-23,DE,Desktop,2659,29.0,66,1404,4.7,2025-10-23 01:11:00
KP024479,KW11351,2025-10-24,UK,Desktop,14217,11.0,270,2363,11.43,2025-10-24 19:40:00
KP024480,KW11531,2025-10-25,DE,Desktop,4806,5.0,304,2434,12.49,2025-10-25 23:46:00
KP024481,KW10468,2025-10-26,IN,Mobile,557,17.0,5,76,6.58,2025-10-26 08:02:00
KP024482,KW10238,2025-10-27,MX,Mobile,4904,10.0,200,1641,12.19,2025-10-27 18:40:00
KP024483,KW11567,2025-10-28,IN,Mobile,1731,43.0,34,827,4.11,2025-10-28 03:16:00
KP024484,KW11353,2025-10-29,CA,Desktop,1192,47.0,25,500,5.0,2025-10-29 16:44:00
KP024485,KW11391,2025-10-30,UK,Desktop,637,48.0,2,63,3.17,2025-10-30 07:01:00
KP024486,KW10732,2025-10-31,DE,Desktop,1334,22.0,21,407,5.16,2025-10-31 12:57:00
KP024487,KW10322,2025-11-01,US,Desktop,943,19.0,5,93,5.38,2025-11-01 11:10:00
KP024488,KW11284,2025-11-02,DE,Mobile,4014,20.0,97,1781,5.45,2025-11-02 22:27:00
KP024489,KW10166,2025-11-03,MX,Mobile,3441,49.0,34,951,3.58,2025-11-03 02:48:00
KP024490,KW11158,2025-11-04,JP,Desktop,2580,41.0,43,985,4.37,2025-11-04 12:37:00
KP024491,KW10744,2025-11-05,CA,Mobile,2151,36.0,46,989,4.65,2025-11-05 06:15:00
KP024492,KW10693,2025-11-06,FR,Desktop,2468,39.0,21,603,3.48,2025-11-06 10:33:00
KP024493,KW11056,2025-11-07,MX,Desktop,3794,25.0,113,1821,6.21,2025-11-07 21:11:00
KP024494,KW10340,2025-11-08,IN,Mobile,3923,32.0,60,1184,5.07,2025-11-08 12:57:00
KP024495,KW10095,2025-11-09,UK,Mobile,1270,30.0,20,472,4.24,2025-11-09 10:10:00
KP024496,KW10783,2025-11-10,UK,Mobile,1697,12.0,62,862,7.19,2025-11-10 02:25:00
KP024497,KW11460,2025-11-11,CA,Mobile,3164,2.0,203,1134,17.9,2025-11-11 15:07:00
KP024498,KW10014,2025-11-12,CA,Mobile,3986,14.0,86,957,8.99,2025-11-12 14:04:00
KP024499,KW11696,2025-11-13,DE,Mobile,693,20.0,7,116,6.03,2025-11-13 08:39:00
KP024500,KW10205,2025-11-14,FR,Desktop,1713,20.0,31,516,6.01,2025-11-14 15:43:00
KP024501,KW10653,2025-11-15,UK,Mobile,5773,25.0,151,2607,5.79,2025-11-15 15:25:00
KP024502,KW11223,2025-11-16,FR,Desktop,2861,13.0,66,959,6.88,2025-11-16 22:17:00
KP024503,KW10572,2025-11-17,US,Desktop,6990,14.0,241,3729,6.46,2025-11-17 11:27:00
KP024504,KW11015,2025-11-18,FR,Desktop,5147,35.0,117,2488,4.7,2025-11-18 05:54:00
KP024505,KW10055,2025-11-19,US,Mobile,931,29.0,10,157,6.37,2025-11-19 09:15:00
KP024506,KW11590,2025-11-20,CA,Mobile,3050,22.0,47,642,7.32,2025-11-20 02:01:00
KP024507,KW10634,2025-11-21,US,Desktop,4340,30.0,124,2252,5.51,2025-11-21 20:47:00
KP024508,KW11129,2025-11-22,MX,Mobile,2413,33.0,19,463,4.1,2025-11-22 15:55:00
KP024509,KW11194,2025-11-23,JP,Desktop,4478,8.0,175,1854,9.44,2025-11-23 04:36:00
KP024510,KW10012,2025-11-24,AU,Desktop,1431,48.0,25,659,3.79,2025-11-24 12:07:00
KP024511,KW10655,2025-11-25,US,Mobile,2076,33.0,15,260,5.77,2025-11-25 10:02:00
KP024512,KW10841,2025-11-26,UK,Mobile,774,49.0,7,243,2.88,2025-11-26 10:55:00
KP024513,KW11621,2025-11-27,MX,Desktop,1561,42.0,12,224,5.36,2025-11-27 01:46:00
KP024514,KW11712,2025-11-28,UK,Desktop,9199,24.0,83,1422,5.84,2025-11-28 14:34:00
KP024515,KW11393,2025-11-29,JP,Mobile,9488,29.0,164,2833,5.79,2025-11-29 14:56:00
KP024516,KW11629,2025-11-30,IN,Mobile,529,22.0,8,149,5.37,2025-11-30 16:09:00
KP024517,KW11258,2025-12-01,US,Desktop,2405,47.0,47,958,4.91,2025-12-01 16:03:00
KP024518,KW11814,2025-12-02,AU,Desktop,3297,6.0,60,581,10.33,2025-12-02 18:07:00
KP024519,KW10975,2025-12-03,CA,Mobile,2613,8.0,155,1274,12.17,2025-12-03 21:53:00
KP024520,KW11526,2025-12-04,DE,Mobile,1282,25.0,41,642,6.39,2025-12-04 14:35:00
KP024521,KW11799,2025-12-05,DE,Mobile,1613,39.0,46,881,5.22,2025-12-05 23:54:00
KP024522,KW11115,2025-12-06,MX,Desktop,3571,37.0,69,1218,5.67,2025-12-06 19:38:00
KP024523,KW10500,2025-12-07,AU,Mobile,2701,1.0,289,882,32.77,2025-12-07 09:33:00
KP024524,KW11127,2025-12-08,UK,Mobile,2960,11.0,98,1371,7.15,2025-12-08 06:02:00
KP024525,KW10361,2025-12-09,US,Desktop,2204,31.0,25,597,4.19,2025-12-09 19:53:00
KP024526,KW10965,2025-12-10,DE,Mobile,4727,18.0,104,1274,8.16,2025-12-10 06:37:00
KP024527,KW10904,2025-12-11,DE,Mobile,501,15.0,4,54,7.41,2025-12-11 23:30:00
KP024528,KW10461,2025-12-12,JP,Desktop,3119,17.0,69,930,7.42,2025-12-12 16:42:00
KP024529,KW10421,2025-12-13,FR,Mobile,6497,25.0,118,2436,4.84,2025-12-13 19:52:00
KP024530,KW11570,2025-12-14,DE,Mobile,3991,45.0,33,761,4.34,2025-12-14 21:29:00
KP024531,KW10564,2025-12-15,UK,Mobile,2546,39.0,6,141,4.26,2025-12-15 23:07:00
KP024532,KW11517,2025-12-16,DE,Mobile,6668,4.0,434,2660,16.32,2025-12-16 15:21:00
KP024533,KW10042,2025-12-17,US,Mobile,2413,45.0,5,123,4.07,2025-12-17 23:35:00
KP024534,KW10815,2025-12-18,FR,Desktop,8647,46.0,21,590,3.56,2025-12-18 12:25:00
KP024535,KW10525,2025-12-19,AU,Tablet,1269,30.0,41,618,6.63,2025-12-19 06:33:00
KP024536,KW11925,2025-12-20,DE,Tablet,1276,43.0,8,204,3.92,2025-12-20 05:24:00
KP024537,KW10032,2025-12-21,DE,Desktop,5385,36.0,131,2670,4.91,2025-12-21 20:49:00
KP024538,KW10839,2025-12-22,AU,Mobile,2488,7.0,197,1361,14.47,2025-12-22 15:04:00
KP024539,KW11082,2025-12-23,CA,Mobile,2729,24.0,52,787,6.61,2025-12-23 08:21:00
KP024540,KW10381,2025-12-24,IN,Desktop,5118,4.0,189,1008,18.75,2025-12-24 05:24:00
KP024541,KW11576,2025-12-25,FR,Mobile,1187,13.0,18,206,8.74,2025-12-25 00:15:00
KP024542,KW10869,2025-12-26,UK,Mobile,2210,6.0,116,921,12.6,2025-12-26 23:07:00
KP024543,KW11239,2025-12-27,UK,Desktop,6108,5.0,333,2183,15.25,2025-12-27 23:47:00
KP024544,KW10127,2025-12-28,DE,Mobile,5015,16.0,180,2499,7.2,2025-12-28 06:28:00
KP024545,KW10862,2025-12-29,FR,Mobile,3758,6.0,108,835,12.93,2025-12-29 22:25:00
KP024546,KW11438,2025-12-30,AU,Desktop,2914,2.0,235,810,29.01,2025-12-30 04:00:00
KP024547,KW10584,2025-12-31,DE,Desktop,834,2.0,28,116,24.14,2025-12-31 19:51:00
KP024548,KW11294,2026-01-01,BR,Tablet,3789,45.0,69,1576,4.38,2026-01-01 18:17:00
KP024549,KW11454,2026-01-02,UK,Mobile,6714,5.0,301,2131,14.12,2026-01-02 17:23:00
KP024550,KW11272,2026-01-03,US,Desktop,945,11.0,37,406,9.11,2026-01-03 22:31:00
KP024551,KW10935,2026-01-04,UK,Desktop,3188,38.0,19,368,5.16,2026-01-04 17:41:00
KP024552,KW10189,2026-01-05,US,Desktop,8210,37.0,205,3557,5.76,2026-01-05 18:10:00
KP024553,KW11472,2026-01-06,FR,Desktop,22120,6.0,1418,11447,12.39,2026-01-06 22:30:00
KP024554,KW11121,2026-01-07,BR,Desktop,1182,4.0,59,471,12.53,2026-01-07 07:59:00
KP024555,KW10236,2026-01-08,MX,Desktop,1830,13.0,35,554,6.32,2026-01-08 18:22:00
KP024556,KW10043,2026-01-09,AU,Desktop,562,23.0,12,248,4.84,2026-01-09 22:22:00
KP024557,KW11302,2026-01-10,DE,Mobile,6839,44.0,121,2472,4.89,2026-01-10 11:56:00
KP024558,KW10497,2026-01-11,AU,Mobile,7434,36.0,79,1938,4.08,2026-01-11 08:23:00
KP024559,KW11388,2026-01-12,IN,Mobile,8108,22.0,160,2985,5.36,2026-01-12 15:58:00
KP024560,KW11092,2026-01-13,IN,Desktop,11982,15.0,75,828,9.06,2026-01-13 04:32:00
KP024561,KW11605,2026-01-14,UK,Mobile,1280,18.0,43,510,8.43,2026-01-14 22:44:00
KP024562,KW10329,2026-01-15,FR,Mobile,1799,5.0,120,773,15.52,2026-01-15 09:19:00
KP024563,KW11166,2026-01-16,JP,Desktop,1817,32.0,46,871,5.28,2026-01-16 21:59:00
KP024564,KW10328,2026-01-17,MX,Mobile,831,34.0,13,218,5.96,2026-01-17 16:50:00
KP024565,KW10529,2026-01-18,CA,Mobile,12640,15.0,102,1297,7.86,2026-01-18 08:24:00
KP024566,KW10849,2026-01-19,JP,Desktop,2699,46.0,14,306,4.58,2026-01-19 02:41:00
KP024567,KW10530,2026-01-20,DE,Desktop,2188,11.0,115,1021,11.26,2026-01-20 00:22:00
KP024568,KW10140,2026-01-21,IN,Mobile,3136,7.0,150,1180,12.71,2026-01-21 20:50:00
KP024569,KW10758,2026-01-22,IN,Desktop,10958,32.0,246,4232,5.81,2026-01-22 08:56:00
KP024570,KW11688,2026-01-23,FR,Desktop,5185,10.0,216,2448,8.82,2026-01-23 04:23:00
KP024571,KW11318,2026-01-24,FR,Desktop,1196,11.0,58,509,11.39,2026-01-24 01:37:00
KP024572,KW10901,2026-01-25,FR,Mobile,2112,14.0,40,462,8.66,2026-01-25 14:30:00
KP024573,KW10086,2026-01-26,US,Desktop,336,11.0,14,134,10.45,2026-01-26 23:30:00
KP024574,KW11435,2026-01-27,DE,Desktop,2072,47.0,33,733,4.5,2026-01-27 04:14:00
KP024575,KW11431,2026-01-28,MX,Desktop,9497,45.0,45,904,4.98,2026-01-28 07:25:00
KP024576,KW10445,2026-01-29,DE,Desktop,4623,43.0,71,1651,4.3,2026-01-29 17:19:00
KP024577,KW10540,2026-01-30,CA,Desktop,8268,47.0,152,3359,4.53,2026-01-30 23:09:00
KP024578,KW10277,2026-01-31,BR,Desktop,3067,46.0,8,238,3.36,2026-01-31 02:42:00
KP024821,KW10178,2025-10-01,FR,Desktop,676,13.0,17,221,7.69,2025-10-01 05:01:00
KP024822,KW11215,2025-10-02,IN,Mobile,1775,50.0,29,777,3.73,2025-10-02 18:28:00
KP024823,KW11187,2025-10-03,IN,Desktop,1535,21.0,20,383,5.22,2025-10-03 21:11:00
KP024824,KW10973,2025-10-04,JP,Desktop,2616,4.0,190,1085,17.51,2025-10-04 20:33:00
KP024825,KW11797,2025-10-05,IN,Desktop,2983,11.0,92,1223,7.52,2025-10-05 08:30:00
KP024826,KW10986,2025-10-06,JP,Desktop,1900,35.0,16,415,3.86,2025-10-06 13:05:00
KP024827,KW10815,2025-10-07,FR,Mobile,1014,29.0,19,300,6.33,2025-10-07 12:22:00
KP024828,KW10064,2025-10-08,DE,Mobile,3418,8.0,84,669,12.56,2025-10-08 01:48:00
KP024829,KW11405,2025-10-09,CA,Mobile,1926,19.0,56,1057,5.3,2025-10-09 01:51:00
KP024830,KW10883,2025-10-10,FR,Mobile,3536,8.0,180,1512,11.9,2025-10-10 14:14:00
KP024831,KW11940,2025-10-11,MX,Desktop,1951,23.0,10,222,4.5,2025-10-11 11:03:00
KP024832,KW10589,2025-10-12,JP,Mobile,5578,45.0,120,2474,4.85,2025-10-12 03:05:00
KP024833,KW10366,2025-10-13,IN,Desktop,2726,16.0,71,907,7.83,2025-10-13 07:47:00
KP024834,KW11405,2025-10-14,BR,Mobile,468,46.0,7,136,5.15,2025-10-14 16:42:00
KP024835,KW10140,2025-10-15,US,Mobile,1195,28.0,3,62,4.84,2025-10-15 14:07:00
KP024836,KW11124,2025-10-16,CA,Desktop,2208,5.0,122,1109,11.0,2025-10-16 08:53:00
KP024837,KW10593,2025-10-17,UK,Mobile,3112,27.0,71,1563,4.54,2025-10-17 05:15:00
KP024838,KW11482,2025-10-18,US,Desktop,3763,24.0,71,1330,5.34,2025-10-18 00:43:00
KP024839,KW11274,2025-10-19,CA,Desktop,1934,47.0,26,506,5.14,2025-10-19 08:06:00
KP024840,KW10202,2025-10-20,MX,Desktop,6079,20.0,85,1365,6.23,2025-10-20 20:48:00
KP024841,KW10434,2025-10-21,MX,Mobile,250,8.0,10,79,12.66,2025-10-21 12:53:00
KP024842,KW10473,2025-10-22,CA,Desktop,14909,36.0,163,3240,5.03,2025-10-22 22:55:00
KP024843,KW11483,2025-10-23,US,Tablet,3599,38.0,35,724,4.83,2025-10-23 03:24:00
KP024844,KW11214,2025-10-24,JP,Mobile,7502,22.0,99,1961,5.05,2025-10-24 08:11:00
KP024845,KW10240,2025-10-25,MX,Desktop,7908,37.0,140,2865,4.89,2025-10-25 19:10:00
KP024846,KW10872,2025-10-26,US,Mobile,6191,26.0,161,2855,5.64,2025-10-26 16:43:00
KP024847,KW11380,2025-10-27,JP,Desktop,8962,46.0,76,1647,4.61,2025-10-27 21:23:00
KP024848,KW10483,2025-10-28,FR,Mobile,1240,24.0,7,134,5.22,2025-10-28 02:01:00
KP024849,KW10129,2025-10-29,AU,Desktop,5910,39.0,64,1367,4.68,2025-10-29 15:53:00
KP024850,KW10079,2025-10-30,US,Desktop,1134,39.0,12,301,3.99,2025-10-30 09:11:00
KP024851,KW10854,2025-10-31,CA,Desktop,3229,50.0,43,1133,3.8,2025-10-31 11:28:00
KP024852,KW11592,2025-11-01,US,Mobile,3180,23.0,84,1318,6.37,2025-11-01 02:01:00
KP024853,KW10458,2025-11-02,DE,Mobile,2069,20.0,77,948,8.12,2025-11-02 18:34:00
KP024854,KW11876,2025-11-03,BR,Mobile,2148,29.0,16,337,4.75,2025-11-03 20:52:00
KP024855,KW10877,2025-11-04,MX,Mobile,565,3.0,12,60,20.0,2025-11-04 02:57:00
KP024856,KW10448,2025-11-05,AU,Desktop,6277,46.0,104,3018,3.45,2025-11-05 21:18:00
KP024857,KW11381,2025-11-06,FR,Tablet,974,50.0,7,150,4.67,2025-11-06 19:37:00
KP024858,KW10239,2025-11-07,IN,Mobile,1671,2.0,20,111,18.02,2025-11-07 22:25:00
KP024859,KW10548,2025-11-08,IN,Desktop,2067,44.0,35,812,4.31,2025-11-08 08:20:00
KP024860,KW11107,2025-11-09,IN,Mobile,775,23.0,21,386,5.44,2025-11-09 06:59:00
KP024861,KW10455,2025-11-10,BR,Desktop,8555,16.0,279,3110,8.97,2025-11-10 22:20:00
KP024862,KW11141,2025-11-11,IN,Desktop,2409,44.0,23,618,3.72,2025-11-11 09:41:00
KP024863,KW11258,2025-11-12,UK,Mobile,4738,16.0,88,1073,8.2,2025-11-12 11:18:00
KP024864,KW11195,2025-11-13,DE,Mobile,14881,12.0,451,6424,7.02,2025-11-13 22:14:00
KP024865,KW11691,2025-11-14,DE,Desktop,1402,18.0,8,102,7.84,2025-11-14 01:23:00
KP024866,KW10860,2025-11-15,UK,Mobile,4371,7.0,28,247,11.34,2025-11-15 02:19:00
KP024867,KW11313,2025-11-16,FR,Mobile,1066,14.0,33,465,7.1,2025-11-16 20:01:00
KP024868,KW10704,2025-11-17,FR,Desktop,27015,24.0,274,5719,4.79,2025-11-17 06:10:00
KP024869,KW11618,2025-11-18,DE,Desktop,1355,2.0,30,121,24.79,2025-11-18 13:26:00
KP024870,KW10611,2025-11-19,US,Desktop,3561,2.0,144,551,26.13,2025-11-19 16:49:00
KP024871,KW11640,2025-11-20,BR,Desktop,2776,38.0,47,1184,3.97,2025-11-20 10:20:00
KP024872,KW10453,2025-11-21,UK,Mobile,7944,28.0,266,3907,6.81,2025-11-21 10:46:00
KP024873,KW10089,2025-11-22,JP,Desktop,3960,9.0,49,552,8.88,2025-11-22 08:53:00
KP024874,KW10668,2025-11-23,JP,Desktop,2932,2.0,287,1430,20.07,2025-11-23 09:02:00
KP024875,KW11989,2025-11-24,CA,Tablet,9150,22.0,42,805,5.22,2025-11-24 17:55:00
KP024876,KW11014,2025-11-25,AU,Mobile,2795,39.0,30,584,5.14,2025-11-25 21:27:00
KP024877,KW10885,2025-11-26,US,Desktop,972,13.0,7,81,8.64,2025-11-26 22:33:00
KP024878,KW10325,2025-11-27,US,Desktop,750,32.0,17,363,4.68,2025-11-27 19:25:00
KP024879,KW10959,2025-11-28,UK,Desktop,3246,25.0,53,878,6.04,2025-11-28 17:50:00
KP024880,KW11677,2025-11-29,CA,Tablet,12717,27.0,233,4554,5.12,2025-11-29 04:41:00
KP024881,KW11527,2025-11-30,MX,Mobile,1066,4.0,90,468,19.23,2025-11-30 19:16:00
KP024882,KW11879,2025-12-01,DE,Mobile,3143,38.0,18,309,5.83,2025-12-01 00:52:00
KP024883,KW10859,2025-12-02,DE,Mobile,1103,24.0,6,136,4.41,2025-12-02 14:10:00
KP024884,KW11348,2025-12-03,US,Mobile,1095,44.0,19,419,4.53,2025-12-03 06:19:00
KP024885,KW10724,2025-12-04,BR,Mobile,11759,31.0,125,2029,6.16,2025-12-04 15:00:00
KP024886,KW11735,2025-12-05,UK,Mobile,16483,15.0,75,1252,5.99,2025-12-05 05:17:00
KP024887,KW10903,2025-12-06,AU,Desktop,7729,41.0,69,1331,5.18,2025-12-06 16:53:00
KP024888,KW11422,2025-12-07,MX,Desktop,552,36.0,13,243,5.35,2025-12-07 17:38:00
KP024889,KW11692,2025-12-08,AU,Desktop,3368,50.0,52,1439,3.61,2025-12-08 13:04:00
KP024890,KW11930,2025-12-09,BR,Desktop,7270,46.0,88,2745,3.21,2025-12-09 16:22:00
KP024891,KW11794,2025-12-10,JP,Desktop,1712,39.0,22,615,3.58,2025-12-10 21:21:00
KP024892,KW11095,2025-12-11,UK,Mobile,7000,32.0,36,863,4.17,2025-12-11 04:05:00
KP024893,KW10670,2025-12-12,FR,Mobile,1968,23.0,49,998,4.91,2025-12-12 10:53:00
KP024894,KW10285,2025-12-13,FR,Desktop,7116,29.0,98,2351,4.17,2025-12-13 00:29:00
KP024895,KW11518,2025-12-14,FR,Desktop,2745,14.0,124,1310,9.47,2025-12-14 12:45:00
KP024896,KW11843,2025-12-15,IN,Mobile,1398,15.0,55,712,7.72,2025-12-15 12:37:00
KP024897,KW11705,2025-12-16,MX,Desktop,5182,14.0,230,2323,9.9,2025-12-16 11:02:00
KP024898,KW10926,2025-12-17,IN,Desktop,1442,11.0,45,553,8.14,2025-12-17 10:00:00
KP024899,KW11049,2025-12-18,IN,Mobile,4743,46.0,71,1834,3.87,2025-12-18 02:24:00
KP024900,KW10545,2025-12-19,FR,Mobile,4928,38.0,13,333,3.9,2025-12-19 18:31:00
KP024901,KW10336,2025-12-20,FR,Mobile,4304,17.0,97,1200,8.08,2025-12-20 12:56:00
KP024902,KW10398,2025-12-21,AU,Mobile,4649,34.0,38,922,4.12,2025-12-21 06:24:00
KP024903,KW10283,2025-12-22,MX,Desktop,3409,43.0,84,1607,5.23,2025-12-22 02:46:00
KP024904,KW10509,2025-12-23,US,Desktop,2227,21.0,34,482,7.05,2025-12-23 13:20:00
KP024905,KW11557,2025-12-24,IN,Mobile,9623,21.0,225,3272,6.88,2025-12-24 02:02:00
KP024906,KW10322,2025-12-25,BR,Desktop,2163,43.0,57,1099,5.19,2025-12-25 20:25:00
KP024907,KW10145,2025-12-26,UK,Desktop,7301,30.0,91,2193,4.15,2025-12-26 10:37:00
KP024908,KW10059,2025-12-27,US,Mobile,1801,23.0,26,471,5.52,2025-12-27 00:47:00
KP024909,KW10145,2025-12-28,MX,Mobile,8515,7.0,657,4435,14.81,2025-12-28 06:10:00
KP024910,KW10878,2025-12-29,FR,Tablet,12349,31.0,277,4654,5.95,2025-12-29 05:29:00
KP024911,KW11883,2025-12-30,UK,Desktop,4751,12.0,196,2159,9.08,2025-12-30 21:12:00
KP024912,KW10521,2025-12-31,JP,Desktop,22879,48.0,601,12336,4.87,2025-12-31 23:09:00
KP024913,KW11570,2026-01-01,UK,Desktop,8519,15.0,193,2801,6.89,2026-01-01 07:29:00
KP024914,KW10025,2026-01-02,MX,Desktop,3018,4.0,232,1604,14.46,2026-01-02 19:52:00
KP024915,KW11437,2026-01-03,US,Mobile,883,45.0,6,168,3.57,2026-01-03 20:25:00
KP024916,KW10530,2026-01-04,MX,Desktop,1029,18.0,35,448,7.81,2026-01-04 20:56:00
KP024917,KW11619,2026-01-05,MX,Mobile,1918,40.0,11,259,4.25,2026-01-05 10:41:00
KP024918,KW11484,2026-01-06,FR,Desktop,14787,15.0,184,2357,7.81,2026-01-06 05:28:00
KP024919,KW11653,2026-01-07,AU,Desktop,1598,46.0,6,139,4.32,2026-01-07 07:56:00
KP024920,KW10411,2026-01-08,BR,Desktop,3810,48.0,64,2063,3.1,2026-01-08 05:22:00
KP024921,KW11183,2026-01-09,BR,Mobile,7923,42.0,115,3213,3.58,2026-01-09 15:39:00
KP024922,KW11185,2026-01-10,UK,Desktop,503,3.0,60,262,22.9,2026-01-10 00:42:00
KP024923,KW11255,2026-01-11,DE,Mobile,4389,34.0,28,616,4.55,2026-01-11 01:41:00
KP024924,KW11561,2026-01-12,AU,Mobile,1164,23.0,30,609,4.93,2026-01-12 14:03:00
KP024925,KW10226,2026-01-13,BR,Tablet,3312,45.0,15,410,3.66,2026-01-13 19:25:00
KP024926,KW11551,2026-01-14,AU,Desktop,1796,4.0,100,574,17.42,2026-01-14 13:20:00
KP024927,KW10731,2026-01-15,CA,Mobile,2077,14.0,61,991,6.16,2026-01-15 02:56:00
KP024928,KW10918,2026-01-16,DE,Mobile,5372,26.0,49,787,6.23,2026-01-16 12:40:00
KP024929,KW10185,2026-01-17,UK,Desktop,3452,30.0,41,785,5.22,2026-01-17 15:46:00
KP024930,KW11853,2026-01-18,IN,Desktop,2384,49.0,3,126,2.38,2026-01-18 03:26:00
KP024931,KW11265,2026-01-19,UK,Desktop,6958,36.0,42,801,5.24,2026-01-19 15:45:00
KP024932,KW10819,2026-01-20,AU,Tablet,3334,2.0,254,907,28.0,2026-01-20 04:09:00
KP024933,KW11055,2026-01-21,JP,Desktop,3916,31.0,37,890,4.16,2026-01-21 10:53:00
KP024934,KW10278,2026-01-22,MX,Desktop,11805,32.0,289,4587,6.3,2026-01-22 18:45:00
KP024935,KW11002,2026-01-23,US,Tablet,5827,50.0,62,1865,3.32,2026-01-23 21:39:00
KP024936,KW11489,2026-01-24,FR,Mobile,1167,15.0,11,156,7.05,2026-01-24 12:38:00
KP024937,KW11902,2026-01-25,MX,Mobile,1126,41.0,5,146,3.42,2026-01-25 06:06:00
KP024938,KW10797,2026-01-26,UK,Desktop,8066,11.0,429,3997,10.73,2026-01-26 11:08:00
KP024939,KW10960,2026-01-27,CA,Desktop,17367,1.0,628,1797,34.95,2026-01-27 09:41:00
KP024940,KW11401,2026-01-28,IN,Mobile,782,46.0,4,99,4.04,2026-01-28 06:28:00
KP024941,KW11197,2026-01-29,BR,Mobile,6006,38.0,75,1507,4.98,2026-01-29 23:49:00
KP024942,KW11860,2026-01-30,AU,Mobile,610,1.0,99,283,34.98,2026-01-30 08:44:00
KP024943,KW10247,2026-01-31,JP,Desktop,6899,21.0,41,532,7.71,2026-01-31 09:29:00
KP025186,KW10803,2025-10-01,IN,Desktop,2139,36.0,15,347,4.32,2025-10-01 13:51:00
KP025187,KW11039,2025-10-02,DE,Desktop,6708,32.0,116,2886,4.02,2025-10-02 03:25:00
KP025188,KW10215,2025-10-03,DE,Mobile,3674,16.0,124,1502,8.26,2025-10-03 07:30:00
KP025189,KW11181,2025-10-04,US,Mobile,2094,19.0,13,222,5.86,2025-10-04 14:30:00
KP025190,KW10662,2025-10-05,IN,Desktop,4873,9.0,146,1303,11.2,2025-10-05 01:28:00
KP025191,KW11990,2025-10-06,MX,Mobile,7302,25.0,49,736,6.66,2025-10-06 07:35:00
KP025192,KW10979,2025-10-07,UK,Mobile,7057,1.0,762,2349,32.44,2025-10-07 23:11:00
KP025193,KW11030,2025-10-08,UK,Desktop,4531,31.0,115,1980,5.81,2025-10-08 20:16:00
KP025194,KW11909,2025-10-09,CA,Desktop,2415,20.0,23,444,5.18,2025-10-09 23:25:00
KP025195,KW11096,2025-10-10,AU,Desktop,2764,39.0,46,879,5.23,2025-10-10 14:32:00
KP025196,KW11300,2025-10-11,JP,Mobile,6962,18.0,91,1580,5.76,2025-10-11 11:36:00
KP025197,KW11810,2025-10-12,UK,Desktop,3036,14.0,132,1583,8.34,2025-10-12 15:02:00
KP025198,KW11085,2025-10-13,CA,Desktop,3536,40.0,19,387,4.91,2025-10-13 23:25:00
KP025199,KW11590,2025-10-14,BR,Desktop,1405,13.0,54,649,8.32,2025-10-14 12:26:00
KP025200,KW10069,2025-10-15,AU,Desktop,1827,10.0,89,929,9.58,2025-10-15 18:28:00
KP025201,KW11253,2025-10-16,US,Mobile,2723,1.0,54,155,34.84,2025-10-16 12:33:00
KP025202,KW11456,2025-10-17,BR,Mobile,4427,32.0,50,991,5.05,2025-10-17 19:54:00
KP025203,KW11726,2025-10-18,IN,Desktop,6459,26.0,54,1014,5.33,2025-10-18 09:15:00
KP025204,KW11975,2025-10-19,AU,Mobile,48794,11.0,1241,13604,9.12,2025-10-19 03:28:00
KP025205,KW10020,2025-10-20,JP,Tablet,2705,24.0,79,1047,7.55,2025-10-20 23:54:00
KP025206,KW11634,2025-10-21,CA,Mobile,9490,24.0,67,1240,5.4,2025-10-21 09:42:00
KP025207,KW10875,2025-10-22,BR,Desktop,2462,18.0,64,922,6.94,2025-10-22 17:41:00
KP025208,KW10506,2025-10-23,US,Desktop,4966,32.0,66,1261,5.23,2025-10-23 09:49:00
KP025209,KW10844,2025-10-24,CA,Desktop,3371,3.0,65,409,15.89,2025-10-24 15:44:00
KP025210,KW11877,2025-10-25,AU,Mobile,8097,6.0,365,2667,13.69,2025-10-25 23:08:00
KP025211,KW11482,2025-10-26,BR,Mobile,1937,5.0,74,446,16.59,2025-10-26 21:03:00
KP025212,KW10982,2025-10-27,FR,Mobile,1491,22.0,53,779,6.8,2025-10-27 20:10:00
KP025213,KW10528,2025-10-28,FR,Desktop,7187,16.0,331,3487,9.49,2025-10-28 08:09:00
KP025214,KW10218,2025-10-29,BR,Mobile,891,48.0,2,61,3.28,2025-10-29 17:15:00
KP025215,KW10243,2025-10-30,US,Mobile,3620,22.0,56,750,7.47,2025-10-30 14:27:00
KP025216,KW11346,2025-10-31,FR,Desktop,2277,22.0,31,617,5.02,2025-10-31 07:58:00
KP025217,KW11093,2025-11-01,UK,Mobile,3751,10.0,183,1747,10.48,2025-11-01 05:25:00
KP025218,KW11544,2025-11-02,FR,Desktop,1952,41.0,38,867,4.38,2025-11-02 13:57:00
KP025219,KW11805,2025-11-03,AU,Tablet,5750,8.0,258,2105,12.26,2025-11-03 01:37:00
KP025220,KW10971,2025-11-04,JP,Mobile,1368,11.0,57,613,9.3,2025-11-04 11:47:00
KP025221,KW11119,2025-11-05,IN,Tablet,1539,41.0,16,382,4.19,2025-11-05 17:05:00
KP025222,KW10517,2025-11-06,JP,Desktop,6194,38.0,136,3097,4.39,2025-11-06 00:13:00
KP025223,KW10809,2025-11-07,MX,Desktop,2409,3.0,230,1243,18.5,2025-11-07 01:07:00
KP025224,KW11460,2025-11-08,IN,Mobile,1863,47.0,35,771,4.54,2025-11-08 17:17:00
KP025225,KW10918,2025-11-09,MX,Desktop,55684,22.0,1010,16285,6.2,2025-11-09 18:01:00
KP025226,KW10487,2025-11-10,BR,Mobile,1664,37.0,20,359,5.57,2025-11-10 13:33:00
KP025227,KW11044,2025-11-11,US,Mobile,1167,13.0,42,482,8.71,2025-11-11 11:01:00
KP025228,KW11653,2025-11-12,US,Desktop,1300,32.0,19,461,4.12,2025-11-12 06:56:00
KP025229,KW10635,2025-11-13,FR,Desktop,895,38.0,17,370,4.59,2025-11-13 18:09:00
KP025230,KW10919,2025-11-14,IN,Mobile,3884,37.0,93,1692,5.5,2025-11-14 08:48:00
KP025231,KW11859,2025-11-15,JP,Desktop,3317,15.0,49,514,9.53,2025-11-15 09:59:00
KP025232,KW10512,2025-11-16,MX,Tablet,1946,37.0,12,266,4.51,2025-11-16 07:50:00
KP025233,KW10445,2025-11-17,CA,Desktop,9226,3.0,251,1400,17.93,2025-11-17 04:00:00
KP025234,KW10193,2025-11-18,US,Mobile,3129,25.0,93,1259,7.39,2025-11-18 20:05:00
KP025235,KW11952,2025-11-19,DE,Tablet,465,28.0,15,228,6.58,2025-11-19 13:32:00
KP025236,KW11236,2025-11-20,UK,Desktop,3863,36.0,16,320,5.0,2025-11-20 13:28:00
KP025237,KW11647,2025-11-21,JP,Desktop,3096,29.0,20,398,5.03,2025-11-21 10:57:00
KP025238,KW10243,2025-11-22,CA,Mobile,8449,32.0,154,3055,5.04,2025-11-22 00:39:00
KP025239,KW11116,2025-11-23,CA,Mobile,1285,20.0,34,438,7.76,2025-11-23 08:54:00
KP025240,KW10500,2025-11-24,BR,Desktop,13622,24.0,157,2740,5.73,2025-11-24 01:27:00
KP025241,KW11688,2025-11-25,AU,Mobile,6875,28.0,138,2774,4.97,2025-11-25 10:47:00
KP025242,KW10680,2025-11-26,FR,Desktop,2450,15.0,90,1180,7.63,2025-11-26 01:13:00
KP025243,KW11683,2025-11-27,DE,Mobile,904,32.0,26,479,5.43,2025-11-27 09:41:00
KP025244,KW10965,2025-11-28,DE,Desktop,3291,12.0,117,1296,9.03,2025-11-28 05:08:00
KP025245,KW10666,2025-11-29,DE,Mobile,3399,6.0,88,736,11.96,2025-11-29 12:58:00
KP025246,KW11948,2025-11-30,AU,Desktop,2634,45.0,45,1030,4.37,2025-11-30 20:54:00
KP025247,KW10421,2025-12-01,IN,Mobile,11015,10.0,336,2831,11.87,2025-12-01 19:09:00
KP025248,KW10699,2025-12-02,AU,Tablet,2202,10.0,32,424,7.55,2025-12-02 04:11:00
KP025249,KW11213,2025-12-03,DE,Mobile,12231,48.0,180,4375,4.11,2025-12-03 16:08:00
KP025250,KW11509,2025-12-04,DE,Mobile,2801,50.0,16,359,4.46,2025-12-04 07:05:00
KP025251,KW10111,2025-12-05,IN,Desktop,9310,7.0,605,4557,13.28,2025-12-05 01:08:00
KP025252,KW11936,2025-12-06,US,Mobile,5508,30.0,150,2362,6.35,2025-12-06 12:39:00
KP025253,KW10386,2025-12-07,MX,Desktop,14888,17.0,469,5253,8.93,2025-12-07 15:25:00
KP025254,KW11110,2025-12-08,JP,Desktop,1082,39.0,29,557,5.21,2025-12-08 08:56:00
KP025255,KW11625,2025-12-09,IN,Mobile,1795,15.0,26,433,6.0,2025-12-09 02:52:00
KP025256,KW11266,2025-12-10,AU,Mobile,797,35.0,15,395,3.8,2025-12-10 06:15:00
KP025257,KW10623,2025-12-11,FR,Mobile,2692,23.0,76,1363,5.58,2025-12-11 06:28:00
KP025258,KW11442,2025-12-12,FR,Desktop,1129,22.0,17,237,7.17,2025-12-12 00:08:00
KP025259,KW11301,2025-12-13,DE,Desktop,4043,32.0,79,1590,4.97,2025-12-13 10:15:00
KP025260,KW11993,2025-12-14,AU,Mobile,16539,10.0,231,2298,10.05,2025-12-14 13:25:00
KP025261,KW10204,2025-12-15,IN,Desktop,2184,50.0,16,379,4.22,2025-12-15 06:53:00
KP025262,KW10298,2025-12-16,JP,Mobile,11588,3.0,526,3510,14.99,2025-12-16 12:04:00
KP025263,KW10917,2025-12-17,US,Mobile,3428,41.0,58,1315,4.41,2025-12-17 16:05:00
KP025264,KW11630,2025-12-18,DE,Mobile,10209,32.0,280,4895,5.72,2025-12-18 00:11:00
KP025265,KW11413,2025-12-19,UK,Desktop,1546,49.0,29,845,3.43,2025-12-19 05:35:00
KP025266,KW11266,2025-12-20,AU,Desktop,5219,41.0,63,1504,4.19,2025-12-20 07:45:00
KP025267,KW11489,2025-12-21,IN,Mobile,1347,17.0,32,371,8.63,2025-12-21 11:32:00
KP025268,KW11322,2025-12-22,AU,Tablet,4773,49.0,49,981,4.99,2025-12-22 18:37:00
KP025269,KW11284,2025-12-23,IN,Desktop,5528,6.0,261,2560,10.2,2025-12-23 15:49:00
KP025270,KW10613,2025-12-24,MX,Mobile,11033,33.0,228,5130,4.44,2025-12-24 22:53:00
KP025271,KW10306,2025-12-25,US,Desktop,1746,28.0,14,240,5.83,2025-12-25 01:22:00
KP025272,KW11772,2025-12-26,MX,Mobile,5946,23.0,186,2912,6.39,2025-12-26 14:44:00
KP025273,KW11537,2025-12-27,JP,Desktop,6346,36.0,15,339,4.42,2025-12-27 10:01:00
KP025274,KW11428,2025-12-28,BR,Desktop,1645,33.0,36,877,4.1,2025-12-28 21:22:00
KP025275,KW10935,2025-12-29,BR,Desktop,4212,6.0,91,645,14.11,2025-12-29 23:57:00
KP025276,KW10889,2025-12-30,CA,Mobile,8973,46.0,100,2127,4.7,2025-12-30 19:27:00
KP025277,KW11370,2025-12-31,DE,Desktop,2195,46.0,9,199,4.52,2025-12-31 05:43:00
KP025278,KW10190,2026-01-01,AU,Mobile,934,45.0,3,116,2.59,2026-01-01 22:28:00
KP025279,KW11548,2026-01-02,US,Desktop,16370,35.0,407,7449,5.46,2026-01-02 13:20:00
KP025280,KW10019,2026-01-03,DE,Tablet,4497,22.0,43,560,7.68,2026-01-03 21:49:00
KP025281,KW10478,2026-01-04,MX,Desktop,1306,6.0,92,717,12.83,2026-01-04 17:30:00
KP025282,KW11239,2026-01-05,BR,Tablet,1234,38.0,18,321,5.61,2026-01-05 18:05:00
KP025283,KW10831,2026-01-06,DE,Mobile,3733,33.0,44,753,5.84,2026-01-06 18:14:00
KP025284,KW10742,2026-01-07,UK,Mobile,7429,29.0,153,2836,5.39,2026-01-07 22:41:00
KP025285,KW11398,2026-01-08,BR,Mobile,5693,43.0,167,3064,5.45,2026-01-08 11:04:00
KP025286,KW10725,2026-01-09,CA,Mobile,8423,16.0,64,1049,6.1,2026-01-09 13:24:00
KP025287,KW11100,2026-01-10,BR,Mobile,1905,15.0,36,455,7.91,2026-01-10 20:17:00
KP025288,KW11335,2026-01-11,JP,Mobile,4074,16.0,137,1863,7.35,2026-01-11 18:40:00
KP025289,KW10206,2026-01-12,BR,Desktop,2734,22.0,16,268,5.97,2026-01-12 11:37:00
KP025290,KW10130,2026-01-13,DE,Mobile,20326,47.0,188,5852,3.21,2026-01-13 17:08:00
KP025291,KW10601,2026-01-14,DE,Desktop,18448,29.0,258,6194,4.17,2026-01-14 12:02:00
KP025292,KW11422,2026-01-15,AU,Desktop,3422,46.0,9,200,4.5,2026-01-15 01:20:00
KP025293,KW10202,2026-01-16,JP,Desktop,5043,25.0,125,1817,6.88,2026-01-16 18:55:00
KP025294,KW10501,2026-01-17,US,Desktop,2090,29.0,67,1149,5.83,2026-01-17 19:42:00
KP025295,KW11180,2026-01-18,IN,Desktop,3184,45.0,55,1049,5.24,2026-01-18 09:49:00
KP025296,KW11215,2026-01-19,CA,Tablet,3274,5.0,308,1759,17.51,2026-01-19 15:10:00
KP025297,KW10079,2026-01-20,AU,Mobile,1098,21.0,18,247,7.29,2026-01-20 07:52:00
KP025298,KW11036,2026-01-21,DE,Desktop,7149,17.0,99,1205,8.22,2026-01-21 09:07:00
KP025299,KW10703,2026-01-22,IN,Mobile,2149,29.0,72,1107,6.5,2026-01-22 01:20:00
KP025300,KW10736,2026-01-23,AU,Desktop,1877,3.0,137,663,20.66,2026-01-23 13:03:00
KP025301,KW10579,2026-01-24,IN,Desktop,7251,16.0,139,1520,9.14,2026-01-24 20:33:00
KP025302,KW10944,2026-01-25,US,Desktop,1208,19.0,9,159,5.66,2026-01-25 05:57:00
KP025303,KW11324,2026-01-26,JP,Mobile,3368,35.0,16,357,4.48,2026-01-26 05:33:00
KP025304,KW11115,2026-01-27,FR,Desktop,5411,45.0,81,1526,5.31,2026-01-27 21:09:00
KP025305,KW11773,2026-01-28,IN,Mobile,7123,44.0,92,2219,4.15,2026-01-28 15:31:00
KP025306,KW11713,2026-01-29,CA,Mobile,2478,44.0,11,220,5.0,2026-01-29 06:05:00
KP025307,KW11512,2026-01-30,JP,Desktop,1342,33.0,18,470,3.83,2026-01-30 13:38:00
KP025308,KW11627,2026-01-31,JP,Tablet,7407,43.0,175,3764,4.65,2026-01-31 15:48:00
KP025551,KW10619,2025-10-01,FR,Mobile,1351,9.0,32,283,11.31,2025-10-01 05:49:00
KP025552,KW10016,2025-10-02,IN,Mobile,4788,5.0,433,2459,17.61,2025-10-02 20:29:00
KP025553,KW11117,2025-10-03,CA,Mobile,5500,40.0,161,2905,5.54,2025-10-03 14:23:00
KP025554,KW10440,2025-10-04,MX,Desktop,4592,35.0,11,295,3.73,2025-10-04 13:56:00
KP025555,KW10026,2025-10-05,JP,Desktop,8751,34.0,238,4307,5.53,2025-10-05 14:33:00
KP025556,KW11858,2025-10-06,UK,Mobile,9965,38.0,228,3977,5.73,2025-10-06 00:52:00
KP025557,KW11942,2025-10-07,JP,Tablet,1341,47.0,10,286,3.5,2025-10-07 09:53:00
KP025558,KW10476,2025-10-08,DE,Desktop,3853,28.0,35,739,4.74,2025-10-08 06:45:00
KP025559,KW11563,2025-10-09,MX,Mobile,1266,14.0,44,468,9.4,2025-10-09 11:56:00
KP025560,KW11328,2025-10-10,UK,Mobile,4740,37.0,44,1062,4.14,2025-10-10 07:38:00
KP025561,KW11771,2025-10-11,FR,Mobile,589,30.0,5,84,5.95,2025-10-11 21:34:00
KP025562,KW10931,2025-10-12,CA,Desktop,6735,41.0,57,1344,4.24,2025-10-12 01:55:00
KP025563,KW10997,2025-10-13,JP,Desktop,1005,38.0,28,546,5.13,2025-10-13 20:47:00
KP025564,KW11764,2025-10-14,AU,Desktop,5575,49.0,119,2444,4.87,2025-10-14 15:31:00
KP025565,KW11799,2025-10-15,FR,Desktop,6602,45.0,101,2061,4.9,2025-10-15 23:04:00
KP025566,KW10986,2025-10-16,IN,Mobile,2532,10.0,144,1340,10.75,2025-10-16 09:29:00
KP025567,KW11859,2025-10-17,IN,Mobile,2897,33.0,47,1201,3.91,2025-10-17 22:07:00
KP025568,KW10822,2025-10-18,MX,Desktop,3458,30.0,23,418,5.5,2025-10-18 15:22:00
KP025569,KW11596,2025-10-19,CA,Desktop,14806,14.0,353,4435,7.96,2025-10-19 14:42:00
KP025570,KW11846,2025-10-20,MX,Mobile,8063,40.0,43,850,5.06,2025-10-20 05:13:00
KP025571,KW10126,2025-10-21,BR,Desktop,1127,3.0,93,549,16.94,2025-10-21 23:21:00
KP025572,KW11687,2025-10-22,IN,Mobile,1565,37.0,22,561,3.92,2025-10-22 09:55:00
KP025573,KW10641,2025-10-23,BR,Desktop,3117,43.0,16,484,3.31,2025-10-23 22:58:00
KP025574,KW10020,2025-10-24,AU,Mobile,3050,33.0,35,818,4.28,2025-10-24 08:12:00
KP025575,KW11753,2025-10-25,BR,Mobile,1339,44.0,5,127,3.94,2025-10-25 03:09:00
KP025576,KW10322,2025-10-26,MX,Mobile,1088,49.0,19,457,4.16,2025-10-26 18:36:00
KP025577,KW11263,2025-10-27,AU,Mobile,4276,5.0,138,916,15.07,2025-10-27 13:03:00
KP025578,KW10501,2025-10-28,IN,Mobile,1047,23.0,12,166,7.23,2025-10-28 13:44:00
KP025579,KW10749,2025-10-29,MX,Mobile,8014,7.0,167,1252,13.34,2025-10-29 19:52:00
KP025580,KW11177,2025-10-30,JP,Desktop,2257,30.0,35,794,4.41,2025-10-30 19:00:00
KP025581,KW10039,2025-10-31,BR,Mobile,5741,19.0,158,2370,6.67,2025-10-31 03:41:00
KP025582,KW10585,2025-11-01,FR,Desktop,21497,39.0,266,7038,3.78,2025-11-01 14:44:00
KP025583,KW10754,2025-11-02,AU,Mobile,16405,43.0,152,2918,5.21,2025-11-02 22:55:00
KP025584,KW11693,2025-11-03,UK,Mobile,2948,3.0,73,312,23.4,2025-11-03 11:46:00
KP025585,KW11120,2025-11-04,UK,Desktop,1066,6.0,19,163,11.66,2025-11-04 04:54:00
KP025586,KW11722,2025-11-05,IN,Mobile,1323,43.0,21,440,4.77,2025-11-05 12:13:00
KP025587,KW11892,2025-11-06,JP,Mobile,3870,5.0,343,1932,17.75,2025-11-06 02:43:00
KP025588,KW11894,2025-11-07,JP,Mobile,1947,48.0,18,436,4.13,2025-11-07 00:45:00
KP025589,KW10485,2025-11-08,UK,Mobile,2255,17.0,23,344,6.69,2025-11-08 11:36:00
KP025590,KW11596,2025-11-09,US,Mobile,7010,2.0,998,3357,29.73,2025-11-09 19:04:00
KP025591,KW11076,2025-11-10,CA,Desktop,3540,33.0,36,762,4.72,2025-11-10 23:45:00
KP025592,KW10969,2025-11-11,CA,Desktop,8306,14.0,304,4232,7.18,2025-11-11 05:57:00
KP025593,KW11618,2025-11-12,JP,Desktop,5277,17.0,185,2081,8.89,2025-11-12 19:54:00
KP025594,KW11662,2025-11-13,DE,Tablet,2843,24.0,99,1378,7.18,2025-11-13 16:39:00
KP025595,KW11999,2025-11-14,FR,Mobile,1090,17.0,44,580,7.59,2025-11-14 15:12:00
KP025596,KW11653,2025-11-15,AU,Mobile,3829,49.0,36,897,4.01,2025-11-15 06:11:00
KP025597,KW11098,2025-11-16,FR,Desktop,497,42.0,9,192,4.69,2025-11-16 02:59:00
KP025598,KW10508,2025-11-17,UK,Mobile,1298,11.0,51,528,9.66,2025-11-17 06:55:00
KP025599,KW10595,2025-11-18,FR,Mobile,11683,14.0,367,5476,6.7,2025-11-18 15:32:00
KP025600,KW11467,2025-11-19,IN,Mobile,5989,31.0,78,1322,5.9,2025-11-19 14:52:00
KP025601,KW10149,2025-11-20,FR,Desktop,1283,28.0,18,372,4.84,2025-11-20 03:22:00
KP025602,KW10155,2025-11-21,AU,Mobile,1768,21.0,10,148,6.76,2025-11-21 06:02:00
KP025603,KW10868,2025-11-22,DE,Mobile,2716,32.0,65,1242,5.23,2025-11-22 10:24:00
KP025604,KW11925,2025-11-23,US,Tablet,721,5.0,34,211,16.11,2025-11-23 22:36:00
KP025605,KW10736,2025-11-24,DE,Desktop,4297,35.0,92,1904,4.83,2025-11-24 18:33:00
KP025606,KW10796,2025-11-25,IN,Mobile,12301,32.0,157,2725,5.76,2025-11-25 17:28:00
KP025607,KW11666,2025-11-26,IN,Desktop,2604,37.0,47,1277,3.68,2025-11-26 04:44:00
KP025608,KW10985,2025-11-27,FR,Mobile,19252,36.0,71,1555,4.57,2025-11-27 05:46:00
KP025609,KW11357,2025-11-28,DE,Desktop,3988,22.0,133,2187,6.08,2025-11-28 01:44:00
KP025610,KW10008,2025-11-29,UK,Mobile,6549,31.0,206,3211,6.42,2025-11-29 06:23:00
KP025611,KW11267,2025-11-30,IN,Mobile,2003,29.0,18,289,6.23,2025-11-30 12:47:00
KP025612,KW10143,2025-12-01,BR,Mobile,546,22.0,8,141,5.67,2025-12-01 06:24:00
KP025613,KW10814,2025-12-02,IN,Mobile,1178,35.0,17,417,4.08,2025-12-02 17:26:00
KP025614,KW11512,2025-12-03,IN,Mobile,12234,18.0,483,6136,7.87,2025-12-03 15:54:00
KP025615,KW11190,2025-12-04,BR,Mobile,6704,16.0,97,1523,6.37,2025-12-04 13:50:00
KP025616,KW10739,2025-12-05,JP,Mobile,3475,33.0,10,194,5.15,2025-12-05 23:24:00
KP025617,KW11071,2025-12-06,FR,Mobile,3518,15.0,121,1355,8.93,2025-12-06 21:35:00
KP025618,KW11675,2025-12-07,BR,Desktop,4176,3.0,220,1469,14.98,2025-12-07 16:20:00
KP025619,KW10631,2025-12-08,IN,Mobile,3684,16.0,31,523,5.93,2025-12-08 23:39:00
KP025620,KW10955,2025-12-09,CA,Mobile,459,40.0,7,139,5.04,2025-12-09 21:19:00
KP025621,KW10164,2025-12-10,MX,Tablet,6213,10.0,38,429,8.86,2025-12-10 08:29:00
KP025622,KW11123,2025-12-11,BR,Tablet,1438,4.0,80,440,18.18,2025-12-11 17:18:00
KP025623,KW10946,2025-12-12,MX,Desktop,3480,47.0,60,1298,4.62,2025-12-12 23:26:00
KP025624,KW11159,2025-12-13,UK,Mobile,1029,21.0,24,339,7.08,2025-12-13 17:20:00
KP025625,KW10705,2025-12-14,JP,Mobile,1816,39.0,36,715,5.03,2025-12-14 07:24:00
KP025626,KW10782,2025-12-15,JP,Mobile,2414,20.0,46,616,7.47,2025-12-15 21:22:00
KP025627,KW10487,2025-12-16,IN,Mobile,8051,47.0,154,3691,4.17,2025-12-16 05:18:00
KP025628,KW10966,2025-12-17,AU,Desktop,2529,14.0,12,133,9.02,2025-12-17 14:30:00
KP025629,KW11566,2025-12-18,US,Desktop,3198,7.0,106,822,12.9,2025-12-18 06:17:00
KP025630,KW10913,2025-12-19,IN,Desktop,1124,3.0,27,155,17.42,2025-12-19 05:17:00
KP025631,KW11428,2025-12-20,IN,Mobile,2919,13.0,57,738,7.72,2025-12-20 03:41:00
KP025632,KW10759,2025-12-21,FR,Desktop,1155,34.0,31,587,5.28,2025-12-21 23:48:00
KP025633,KW11793,2025-12-22,BR,Tablet,4599,43.0,72,2073,3.47,2025-12-22 09:57:00
KP025634,KW11968,2025-12-23,IN,Desktop,7759,26.0,154,2337,6.59,2025-12-23 20:24:00
KP025635,KW10532,2025-12-24,CA,Desktop,11420,36.0,138,3795,3.64,2025-12-24 00:50:00
KP025636,KW10683,2025-12-25,IN,Mobile,2648,30.0,40,666,6.01,2025-12-25 01:27:00
KP025637,KW11209,2025-12-26,IN,Desktop,1565,26.0,35,573,6.11,2025-12-26 17:53:00
KP025638,KW11723,2025-12-27,AU,Desktop,432,25.0,10,155,6.45,2025-12-27 01:30:00
KP025639,KW10261,2025-12-28,IN,Desktop,4323,42.0,113,2131,5.3,2025-12-28 22:10:00
KP025640,KW10414,2025-12-29,FR,Mobile,1133,18.0,13,184,7.07,2025-12-29 21:12:00
KP025641,KW10528,2025-12-30,US,Desktop,5615,34.0,59,986,5.98,2025-12-30 03:45:00
KP025642,KW11000,2025-12-31,BR,Desktop,5157,43.0,88,2328,3.78,2025-12-31 04:17:00
KP025643,KW10609,2026-01-01,FR,Mobile,2063,37.0,65,1131,5.75,2026-01-01 03:16:00
KP025644,KW11033,2026-01-02,CA,Desktop,17910,26.0,661,9399,7.03,2026-01-02 07:43:00
KP025645,KW10955,2026-01-03,US,Desktop,1662,30.0,16,255,6.27,2026-01-03 08:13:00
KP025646,KW10695,2026-01-04,CA,Desktop,8959,44.0,147,3729,3.94,2026-01-04 15:52:00
KP025647,KW10859,2026-01-05,IN,Tablet,6431,30.0,29,508,5.71,2026-01-05 19:08:00
KP025648,KW11477,2026-01-06,MX,Mobile,3815,12.0,100,1284,7.79,2026-01-06 02:11:00
KP025649,KW10051,2026-01-07,IN,Desktop,1438,21.0,20,298,6.71,2026-01-07 04:32:00
KP025650,KW11589,2026-01-08,JP,Mobile,6121,44.0,53,1054,5.03,2026-01-08 20:38:00
KP025651,KW10492,2026-01-09,BR,Desktop,3498,27.0,92,1511,6.09,2026-01-09 16:15:00
KP025652,KW10854,2026-01-10,FR,Mobile,5889,32.0,168,2695,6.23,2026-01-10 12:40:00
KP025653,KW10762,2026-01-11,MX,Desktop,2212,41.0,43,1073,4.01,2026-01-11 23:37:00
KP025654,KW11219,2026-01-12,DE,Mobile,13783,12.0,271,2746,9.87,2026-01-12 21:28:00
KP025655,KW11923,2026-01-13,AU,Mobile,5018,45.0,22,460,4.78,2026-01-13 06:31:00
KP025656,KW10041,2026-01-14,BR,Tablet,2777,9.0,108,844,12.8,2026-01-14 08:51:00
KP025657,KW10187,2026-01-15,CA,Mobile,819,50.0,11,228,4.82,2026-01-15 15:55:00
KP025658,KW11335,2026-01-16,BR,Desktop,5961,42.0,62,1618,3.83,2026-01-16 12:07:00
KP025659,KW10514,2026-01-17,JP,Desktop,342,9.0,7,63,11.11,2026-01-17 04:06:00
KP025660,KW11275,2026-01-18,DE,Desktop,4083,6.0,89,680,13.09,2026-01-18 12:16:00
KP025661,KW10932,2026-01-19,FR,Mobile,1035,10.0,48,462,10.39,2026-01-19 05:40:00
KP025662,KW11892,2026-01-20,BR,Mobile,7221,28.0,128,2590,4.94,2026-01-20 21:00:00
KP025663,KW10725,2026-01-21,UK,Desktop,15109,16.0,456,7568,6.03,2026-01-21 02:50:00
KP025664,KW11437,2026-01-22,DE,Mobile,4127,49.0,46,1223,3.76,2026-01-22 09:41:00
KP025665,KW10625,2026-01-23,FR,Desktop,5841,19.0,114,1428,7.98,2026-01-23 14:35:00
KP025666,KW10758,2026-01-24,US,Desktop,812,19.0,32,380,8.42,2026-01-24 15:50:00
KP025667,KW11996,2026-01-25,BR,Tablet,1721,30.0,49,810,6.05,2026-01-25 17:52:00
KP025668,KW11944,2026-01-26,US,Mobile,1462,18.0,25,380,6.58,2026-01-26 00:34:00
KP025669,KW10031,2026-01-27,BR,Mobile,10927,50.0,58,1249,4.64,2026-01-27 13:54:00
KP025670,KW10629,2026-01-28,BR,Mobile,2686,50.0,41,1224,3.35,2026-01-28 15:42:00
KP025671,KW10817,2026-01-29,JP,Mobile,1496,38.0,15,379,3.96,2026-01-29 23:12:00
KP025672,KW11806,2026-01-30,BR,Mobile,7708,47.0,208,4212,4.94,2026-01-30 14:10:00
KP025673,KW11393,2026-01-31,IN,Mobile,2215,22.0,56,710,7.89,2026-01-31 18:55:00
KP025916,KW11051,2025-10-01,BR,Desktop,5406,22.0,168,2737,6.14,2025-10-01 03:57:00
KP025917,KW11408,2025-10-02,JP,Mobile,2187,46.0,29,713,4.07,2025-10-02 04:44:00
KP025918,KW11931,2025-10-03,IN,Desktop,1471,35.0,3,81,3.7,2025-10-03 16:12:00
KP025919,KW11058,2025-10-04,FR,Desktop,1461,21.0,33,572,5.77,2025-10-04 23:40:00
KP025920,KW11925,2025-10-05,MX,Mobile,1809,27.0,11,159,6.92,2025-10-05 10:44:00
KP025921,KW10664,2025-10-06,JP,Desktop,4191,23.0,160,2093,7.64,2025-10-06 05:33:00
KP025922,KW10153,2025-10-07,AU,Desktop,1849,9.0,24,225,10.67,2025-10-07 03:09:00
KP025923,KW10271,2025-10-08,DE,Desktop,5910,21.0,127,1858,6.84,2025-10-08 10:19:00
KP025924,KW11188,2025-10-09,CA,Desktop,5222,12.0,111,1013,10.96,2025-10-09 11:55:00
KP025925,KW11709,2025-10-10,JP,Desktop,7274,6.0,312,2920,10.68,2025-10-10 11:59:00
KP025926,KW10781,2025-10-11,BR,Desktop,6759,27.0,69,1306,5.28,2025-10-11 03:38:00
KP025927,KW10643,2025-10-12,IN,Desktop,3750,50.0,26,706,3.68,2025-10-12 10:33:00
KP025928,KW11998,2025-10-13,DE,Mobile,18207,8.0,1009,9599,10.51,2025-10-13 04:52:00
KP025929,KW10885,2025-10-14,BR,Mobile,2583,19.0,51,900,5.67,2025-10-14 14:30:00
KP025930,KW11292,2025-10-15,FR,Desktop,17575,23.0,302,5418,5.57,2025-10-15 21:15:00
KP025931,KW10982,2025-10-16,DE,Desktop,5399,41.0,64,1184,5.41,2025-10-16 17:08:00
KP025932,KW10275,2025-10-17,BR,Mobile,6313,37.0,106,1976,5.36,2025-10-17 20:28:00
KP025933,KW11169,2025-10-18,DE,Desktop,2226,15.0,12,211,5.69,2025-10-18 02:07:00
KP025934,KW10217,2025-10-19,JP,Desktop,2924,28.0,25,583,4.29,2025-10-19 09:25:00
KP025935,KW11119,2025-10-20,DE,Mobile,750,24.0,19,383,4.96,2025-10-20 08:49:00
KP025936,KW11183,2025-10-21,FR,Mobile,2195,44.0,12,268,4.48,2025-10-21 05:03:00
KP025937,KW10566,2025-10-22,MX,Mobile,5812,27.0,28,430,6.51,2025-10-22 20:03:00
KP025938,KW10861,2025-10-23,JP,Mobile,1180,37.0,2,65,3.08,2025-10-23 00:06:00
KP025939,KW11318,2025-10-24,DE,Mobile,3065,36.0,19,370,5.14,2025-10-24 12:05:00
KP025940,KW11660,2025-10-25,CA,Mobile,6051,28.0,55,1207,4.56,2025-10-25 05:56:00
KP025941,KW11124,2025-10-26,UK,Mobile,14595,42.0,303,7343,4.13,2025-10-26 11:32:00
KP025942,KW11074,2025-10-27,FR,Mobile,3753,44.0,38,1062,3.58,2025-10-27 14:10:00
KP025943,KW10781,2025-10-28,BR,Mobile,6147,33.0,166,2649,6.27,2025-10-28 04:58:00
KP025944,KW11711,2025-10-29,CA,Desktop,1592,45.0,27,579,4.66,2025-10-29 04:36:00
KP025945,KW11568,2025-10-30,FR,Mobile,6300,40.0,19,467,4.07,2025-10-30 21:54:00
KP025946,KW11371,2025-10-31,UK,Desktop,2143,34.0,46,1028,4.47,2025-10-31 10:39:00
KP025947,KW11119,2025-11-01,UK,Desktop,24870,32.0,151,3566,4.23,2025-11-01 08:11:00
KP025948,KW11501,2025-11-02,AU,Desktop,4075,9.0,194,1682,11.53,2025-11-02 10:55:00
KP025949,KW10518,2025-11-03,JP,Tablet,8636,25.0,138,2339,5.9,2025-11-03 11:23:00
KP025950,KW11027,2025-11-04,AU,Desktop,3048,48.0,62,1663,3.73,2025-11-04 11:10:00
KP025951,KW10803,2025-11-05,BR,Desktop,744,10.0,11,107,10.28,2025-11-05 22:29:00
KP025952,KW10585,2025-11-06,AU,Mobile,842,13.0,6,76,7.89,2025-11-06 20:30:00
KP025953,KW10715,2025-11-07,CA,Mobile,1081,15.0,20,306,6.54,2025-11-07 11:25:00
KP025954,KW10125,2025-11-08,UK,Desktop,7211,25.0,113,2297,4.92,2025-11-08 02:35:00
KP025955,KW11378,2025-11-09,BR,Mobile,4880,4.0,203,1273,15.95,2025-11-09 23:38:00
KP025956,KW10196,2025-11-10,US,Desktop,788,22.0,7,94,7.45,2025-11-10 05:40:00
KP025957,KW10996,2025-11-11,UK,Mobile,3109,1.0,353,1011,34.92,2025-11-11 22:14:00
KP025958,KW10472,2025-11-12,JP,Mobile,1657,19.0,41,798,5.14,2025-11-12 15:56:00
KP025959,KW11105,2025-11-13,DE,Mobile,2283,32.0,40,851,4.7,2025-11-13 01:56:00
KP025960,KW10341,2025-11-14,CA,Desktop,5969,5.0,57,519,10.98,2025-11-14 16:35:00
KP025961,KW10633,2025-11-15,AU,Desktop,935,26.0,18,274,6.57,2025-11-15 20:34:00
KP025962,KW10115,2025-11-16,CA,Mobile,2994,27.0,59,857,6.88,2025-11-16 20:31:00
KP025963,KW10113,2025-11-17,DE,Mobile,1429,14.0,40,596,6.71,2025-11-17 07:42:00
KP025964,KW10182,2025-11-18,JP,Desktop,2517,4.0,185,1076,17.19,2025-11-18 00:48:00
KP025965,KW10794,2025-11-19,FR,Mobile,774,12.0,6,72,8.33,2025-11-19 08:28:00
KP025966,KW11145,2025-11-20,BR,Desktop,2752,5.0,145,846,17.14,2025-11-20 02:22:00
KP025967,KW11134,2025-11-21,MX,Desktop,1419,18.0,6,74,8.11,2025-11-21 15:52:00
KP025968,KW11988,2025-11-22,BR,Desktop,3797,19.0,143,1666,8.58,2025-11-22 05:57:00
KP025969,KW10428,2025-11-23,CA,Desktop,2211,50.0,6,141,4.26,2025-11-23 04:31:00
KP025970,KW10821,2025-11-24,US,Mobile,1472,7.0,89,658,13.53,2025-11-24 11:45:00
KP025971,KW11558,2025-11-25,IN,Desktop,612,23.0,1,34,2.94,2025-11-25 16:25:00
KP025972,KW10872,2025-11-26,FR,Desktop,1327,5.0,24,155,15.48,2025-11-26 19:15:00
KP025973,KW10847,2025-11-27,UK,Desktop,790,30.0,7,158,4.43,2025-11-27 02:36:00
KP025974,KW10042,2025-11-28,BR,Mobile,1628,9.0,82,870,9.43,2025-11-28 09:11:00
KP025975,KW11930,2025-11-29,DE,Mobile,2306,15.0,69,897,7.69,2025-11-29 15:08:00
KP025976,KW11254,2025-11-30,IN,Mobile,2171,8.0,90,835,10.78,2025-11-30 05:26:00
KP025977,KW11728,2025-12-01,BR,Mobile,9173,14.0,58,849,6.83,2025-12-01 01:46:00
KP025978,KW10387,2025-12-02,US,Desktop,5031,4.0,176,1223,14.39,2025-12-02 07:32:00
KP025979,KW11122,2025-12-03,US,Desktop,1694,6.0,76,510,14.9,2025-12-03 08:01:00
KP025980,KW10887,2025-12-04,BR,Desktop,1098,42.0,25,522,4.79,2025-12-04 06:19:00
KP025981,KW10073,2025-12-05,MX,Tablet,8037,40.0,114,2392,4.77,2025-12-05 20:33:00
KP025982,KW11860,2025-12-06,DE,Desktop,992,17.0,16,282,5.67,2025-12-06 12:46:00
KP025983,KW10621,2025-12-07,FR,Mobile,4939,33.0,145,2512,5.77,2025-12-07 15:52:00
KP025984,KW11398,2025-12-08,UK,Desktop,1382,21.0,20,398,5.03,2025-12-08 12:28:00
KP025985,KW10908,2025-12-09,JP,Mobile,4327,23.0,69,943,7.32,2025-12-09 00:33:00
KP025986,KW11617,2025-12-10,UK,Desktop,2886,36.0,68,1382,4.92,2025-12-10 15:46:00
KP025987,KW11647,2025-12-11,BR,Desktop,37155,1.0,3596,10276,34.99,2025-12-11 17:56:00
KP025988,KW11194,2025-12-12,DE,Desktop,8215,30.0,109,1918,5.68,2025-12-12 16:15:00
KP025989,KW10516,2025-12-13,MX,Desktop,2564,23.0,45,596,7.55,2025-12-13 03:52:00
KP025990,KW11319,2025-12-14,UK,Mobile,19695,7.0,812,6570,12.36,2025-12-14 06:33:00
KP025991,KW11411,2025-12-15,FR,Mobile,4977,6.0,265,1634,16.22,2025-12-15 07:12:00
KP025992,KW11220,2025-12-16,IN,Desktop,1440,19.0,16,196,8.16,2025-12-16 05:42:00
KP025993,KW10837,2025-12-17,JP,Mobile,5965,7.0,34,325,10.46,2025-12-17 02:05:00
KP025994,KW11682,2025-12-18,UK,Mobile,3026,50.0,29,662,4.38,2025-12-18 20:32:00
KP025995,KW11811,2025-12-19,JP,Mobile,1927,34.0,43,756,5.69,2025-12-19 18:17:00
KP025996,KW10311,2025-12-20,JP,Desktop,1620,20.0,29,454,6.39,2025-12-20 11:56:00
KP025997,KW11487,2025-12-21,IN,Desktop,3624,20.0,41,685,5.99,2025-12-21 18:52:00
KP025998,KW11895,2025-12-22,DE,Desktop,8468,39.0,108,2799,3.86,2025-12-22 00:49:00
KP025999,KW11099,2025-12-23,FR,Mobile,987,18.0,17,250,6.8,2025-12-23 20:16:00
KP026000,KW11660,2025-12-24,CA,Mobile,2705,46.0,26,807,3.22,2025-12-24 17:22:00
KP026001,KW10128,2025-12-25,MX,Mobile,2795,44.0,15,299,5.02,2025-12-25 05:30:00
KP026002,KW10248,2025-12-26,DE,Desktop,2064,37.0,49,1039,4.72,2025-12-26 01:50:00
KP026003,KW11337,2025-12-27,MX,Desktop,6317,2.0,657,3412,19.26,2025-12-27 18:24:00
KP026004,KW11715,2025-12-28,CA,Desktop,7215,27.0,101,1762,5.73,2025-12-28 01:52:00
KP026005,KW10414,2025-12-29,DE,Desktop,9787,20.0,77,1325,5.81,2025-12-29 16:09:00
KP026006,KW10971,2025-12-30,US,Desktop,3210,40.0,89,1668,5.34,2025-12-30 08:44:00
KP026007,KW10521,2025-12-31,IN,Desktop,1515,39.0,41,801,5.12,2025-12-31 04:19:00
KP026008,KW11665,2026-01-01,IN,Desktop,1427,26.0,7,150,4.67,2026-01-01 04:59:00
KP026009,KW10903,2026-01-02,CA,Mobile,2209,18.0,47,608,7.73,2026-01-02 23:10:00
KP026010,KW10328,2026-01-03,IN,Desktop,1365,31.0,14,261,5.36,2026-01-03 21:52:00
KP026011,KW10807,2026-01-04,AU,Desktop,9855,34.0,104,1805,5.76,2026-01-04 07:12:00
KP026012,KW11573,2026-01-05,IN,Mobile,3426,35.0,23,464,4.96,2026-01-05 05:59:00
KP026013,KW10199,2026-01-06,BR,Mobile,4922,23.0,29,384,7.55,2026-01-06 00:50:00
KP026014,KW10923,2026-01-07,UK,Desktop,5460,1.0,551,1576,34.96,2026-01-07 21:45:00
KP026015,KW10651,2026-01-08,AU,Mobile,1493,34.0,27,649,4.16,2026-01-08 11:21:00
KP026016,KW10260,2026-01-09,UK,Desktop,3506,9.0,161,1262,12.76,2026-01-09 17:07:00
KP026017,KW11125,2026-01-10,BR,Desktop,3760,8.0,142,1030,13.79,2026-01-10 18:17:00
KP026018,KW10554,2026-01-11,IN,Mobile,1379,42.0,9,178,5.06,2026-01-11 20:07:00
KP026019,KW10184,2026-01-12,CA,Mobile,2030,15.0,63,851,7.4,2026-01-12 03:38:00
KP026020,KW11075,2026-01-13,AU,Desktop,10480,14.0,383,4794,7.99,2026-01-13 15:28:00
KP026021,KW10532,2026-01-14,IN,Mobile,5020,49.0,100,1987,5.03,2026-01-14 03:34:00
KP026022,KW10969,2026-01-15,IN,Desktop,2054,38.0,37,1039,3.56,2026-01-15 19:03:00
KP026023,KW10144,2026-01-16,IN,Mobile,1264,23.0,19,351,5.41,2026-01-16 15:15:00
KP026024,KW11738,2026-01-17,DE,Mobile,1327,38.0,4,120,3.33,2026-01-17 20:49:00
KP026025,KW10099,2026-01-18,US,Desktop,3133,11.0,128,1442,8.88,2026-01-18 13:06:00
KP026026,KW10902,2026-01-19,DE,Mobile,7013,10.0,354,2933,12.07,2026-01-19 03:23:00
KP026027,KW11480,2026-01-20,DE,Mobile,573,22.0,18,255,7.06,2026-01-20 20:10:00
KP026028,KW11332,2026-01-21,DE,Desktop,2139,26.0,67,1092,6.14,2026-01-21 19:14:00
KP026029,KW10181,2026-01-22,CA,Desktop,2475,7.0,130,1103,11.79,2026-01-22 22:58:00
KP026030,KW10887,2026-01-23,IN,Desktop,4268,31.0,139,2195,6.33,2026-01-23 04:13:00
KP026031,KW10314,2026-01-24,US,Tablet,1345,28.0,8,189,4.23,2026-01-24 01:53:00
KP026032,KW11733,2026-01-25,MX,Mobile,673,5.0,22,163,13.5,2026-01-25 21:00:00
KP026033,KW10031,2026-01-26,AU,Mobile,4264,14.0,165,1657,9.96,2026-01-26 08:47:00
KP026034,KW11978,2026-01-27,BR,Tablet,6692,38.0,81,1780,4.55,2026-01-27 08:59:00
KP026035,KW11390,2026-01-28,JP,Desktop,5042,11.0,60,612,9.8,2026-01-28 13:05:00
KP026036,KW11020,2026-01-29,FR,Desktop,35606,5.0,1395,8480,16.45,2026-01-29 08:47:00
KP026037,KW11895,2026-01-30,MX,Desktop,4343,29.0,51,796,6.41,2026-01-30 12:23:00
KP026038,KW10834,2026-01-31,IN,Desktop,7195,34.0,54,887,6.09,2026-01-31 10:16:00
KP026281,KW11175,2025-10-01,US,Mobile,2144,45.0,36,1106,3.25,2025-10-01 04:39:00
KP026282,KW10379,2025-10-02,IN,Mobile,2585,31.0,39,814,4.79,2025-10-02 14:40:00
KP026283,KW11034,2025-10-03,FR,Mobile,5150,45.0,74,1723,4.29,2025-10-03 01:58:00
KP026284,KW11063,2025-10-04,MX,Mobile,2388,9.0,64,532,12.03,2025-10-04 02:36:00
KP026285,KW11931,2025-10-05,IN,Desktop,2342,43.0,29,629,4.61,2025-10-05 09:17:00
KP026286,KW11854,2025-10-06,AU,Desktop,5796,17.0,105,1627,6.45,2025-10-06 20:32:00
KP026287,KW10373,2025-10-07,IN,Mobile,10975,22.0,146,2832,5.16,2025-10-07 20:27:00
KP026288,KW10693,2025-10-08,BR,Mobile,14554,1.0,785,2243,35.0,2025-10-08 10:22:00
KP026289,KW10022,2025-10-09,DE,Tablet,884,30.0,15,226,6.64,2025-10-09 08:29:00
KP026290,KW11707,2025-10-10,US,Desktop,782,9.0,22,216,10.19,2025-10-10 01:42:00
KP026291,KW10958,2025-10-11,CA,Tablet,1684,10.0,81,876,9.25,2025-10-11 10:30:00
KP026292,KW11919,2025-10-12,AU,Mobile,2784,19.0,112,1432,7.82,2025-10-12 19:35:00
KP026293,KW11520,2025-10-13,UK,Mobile,6765,6.0,228,1819,12.53,2025-10-13 18:37:00
KP026294,KW10143,2025-10-14,US,Desktop,1011,50.0,17,551,3.09,2025-10-14 07:54:00
KP026295,KW11480,2025-10-15,US,Desktop,2833,14.0,130,1297,10.02,2025-10-15 20:06:00
KP026296,KW10216,2025-10-16,IN,Desktop,1069,44.0,16,405,3.95,2025-10-16 17:19:00
KP026297,KW10232,2025-10-17,BR,Desktop,1942,45.0,29,874,3.32,2025-10-17 05:14:00
KP026298,KW11805,2025-10-18,US,Desktop,12837,35.0,125,2249,5.56,2025-10-18 23:37:00
KP026299,KW11571,2025-10-19,US,Desktop,8909,31.0,135,2637,5.12,2025-10-19 20:39:00
KP026300,KW11350,2025-10-20,FR,Mobile,1974,28.0,38,679,5.6,2025-10-20 06:16:00
KP026301,KW10337,2025-10-21,BR,Mobile,11449,29.0,73,1627,4.49,2025-10-21 10:53:00
KP026302,KW11401,2025-10-22,CA,Desktop,3162,4.0,94,675,13.93,2025-10-22 16:51:00
KP026303,KW10155,2025-10-23,AU,Mobile,3167,43.0,42,872,4.82,2025-10-23 05:56:00
KP026304,KW10084,2025-10-24,BR,Desktop,765,1.0,29,87,33.33,2025-10-24 06:09:00
KP026305,KW10093,2025-10-25,IN,Mobile,12873,7.0,594,4375,13.58,2025-10-25 20:09:00
KP026306,KW10584,2025-10-26,AU,Mobile,254,23.0,1,24,4.17,2025-10-26 21:12:00
KP026307,KW10792,2025-10-27,CA,Mobile,3067,17.0,104,1614,6.44,2025-10-27 07:10:00
KP026308,KW10477,2025-10-28,CA,Mobile,1969,17.0,47,619,7.59,2025-10-28 20:15:00
KP026309,KW11405,2025-10-29,DE,Mobile,448,50.0,1,45,2.22,2025-10-29 15:59:00
KP026310,KW11878,2025-10-30,US,Desktop,7302,5.0,282,2011,14.02,2025-10-30 01:59:00
KP026311,KW10595,2025-10-31,BR,Mobile,4184,30.0,29,445,6.52,2025-10-31 07:04:00
KP026312,KW10555,2025-11-01,CA,Desktop,855,23.0,21,401,5.24,2025-11-01 20:04:00
KP026313,KW10668,2025-11-02,FR,Desktop,2180,5.0,149,1028,14.49,2025-11-02 18:01:00
KP026314,KW10626,2025-11-03,JP,Mobile,6850,11.0,244,2882,8.47,2025-11-03 21:47:00
KP026315,KW11367,2025-11-04,CA,Mobile,1854,35.0,16,324,4.94,2025-11-04 12:58:00
KP026316,KW11680,2025-11-05,UK,Desktop,16840,34.0,235,5445,4.32,2025-11-05 11:14:00
KP026317,KW11331,2025-11-06,MX,Desktop,3293,20.0,86,1116,7.71,2025-11-06 06:53:00
KP026318,KW11683,2025-11-07,JP,Desktop,10842,44.0,226,4816,4.69,2025-11-07 03:37:00
KP026319,KW10225,2025-11-08,UK,Mobile,671,9.0,32,305,10.49,2025-11-08 07:01:00
KP026320,KW11761,2025-11-09,UK,Desktop,6493,38.0,21,502,4.18,2025-11-09 22:54:00
KP026321,KW11829,2025-11-10,CA,Tablet,1547,37.0,10,181,5.52,2025-11-10 14:56:00
KP026322,KW10690,2025-11-11,JP,Mobile,844,23.0,8,147,5.44,2025-11-11 17:48:00
KP026323,KW11693,2025-11-12,US,Mobile,1876,30.0,41,822,4.99,2025-11-12 21:25:00
KP026324,KW10563,2025-11-13,UK,Desktop,3621,7.0,118,1055,11.18,2025-11-13 06:40:00
KP026325,KW10843,2025-11-14,CA,Mobile,4005,9.0,205,1810,11.33,2025-11-14 02:35:00
KP026326,KW10569,2025-11-15,FR,Desktop,13018,15.0,364,4849,7.51,2025-11-15 21:14:00
KP026327,KW11229,2025-11-16,UK,Mobile,15176,5.0,338,2432,13.9,2025-11-16 16:53:00
KP026328,KW10869,2025-11-17,IN,Mobile,1514,50.0,12,341,3.52,2025-11-17 19:30:00
KP026329,KW10411,2025-11-18,DE,Mobile,6853,32.0,138,3237,4.26,2025-11-18 22:33:00
KP026330,KW10951,2025-11-19,AU,Desktop,2785,41.0,25,630,3.97,2025-11-19 19:57:00
KP026331,KW11377,2025-11-20,JP,Mobile,1985,21.0,30,443,6.77,2025-11-20 03:53:00
KP026332,KW11686,2025-11-21,FR,Desktop,2444,35.0,37,900,4.11,2025-11-21 17:16:00
KP026333,KW11310,2025-11-22,AU,Desktop,2369,24.0,42,701,5.99,2025-11-22 21:39:00
KP026334,KW11302,2025-11-23,FR,Desktop,4248,34.0,65,1204,5.4,2025-11-23 17:17:00
KP026335,KW11788,2025-11-24,US,Desktop,3930,46.0,58,1720,3.37,2025-11-24 21:31:00
KP026336,KW11906,2025-11-25,AU,Desktop,7814,39.0,96,2454,3.91,2025-11-25 12:33:00
KP026337,KW11267,2025-11-26,DE,Desktop,4338,10.0,81,708,11.44,2025-11-26 08:45:00
KP026338,KW10587,2025-11-27,MX,Mobile,4389,43.0,90,2016,4.46,2025-11-27 19:49:00
KP026339,KW11070,2025-11-28,DE,Desktop,386,29.0,2,40,5.0,2025-11-28 19:09:00
KP026340,KW10069,2025-11-29,CA,Mobile,3456,23.0,12,252,4.76,2025-11-29 01:39:00
KP026341,KW11477,2025-11-30,BR,Desktop,1245,17.0,31,451,6.87,2025-11-30 15:47:00
KP026342,KW11858,2025-12-01,BR,Mobile,703,4.0,45,249,18.07,2025-12-01 16:30:00
KP026343,KW11236,2025-12-02,CA,Mobile,5079,50.0,109,2366,4.61,2025-12-02 03:32:00
KP026344,KW10629,2025-12-03,UK,Desktop,3239,26.0,76,1153,6.59,2025-12-03 06:27:00
KP026345,KW10830,2025-12-04,AU,Desktop,1073,35.0,20,433,4.62,2025-12-04 22:13:00
KP026346,KW11224,2025-12-05,IN,Desktop,5376,18.0,38,608,6.25,2025-12-05 05:23:00
KP026347,KW10126,2025-12-06,FR,Desktop,4988,42.0,80,1450,5.52,2025-12-06 19:16:00
KP026348,KW11356,2025-12-07,JP,Mobile,8979,23.0,167,3064,5.45,2025-12-07 13:38:00
KP026349,KW11096,2025-12-08,DE,Desktop,6720,6.0,269,1852,14.52,2025-12-08 14:08:00
KP026350,KW11954,2025-12-09,IN,Mobile,2667,33.0,27,508,5.31,2025-12-09 03:12:00
KP026351,KW10547,2025-12-10,IN,Mobile,544,27.0,2,47,4.26,2025-12-10 11:43:00
KP026352,KW11093,2025-12-11,JP,Mobile,4313,33.0,25,441,5.67,2025-12-11 07:16:00
KP026353,KW10679,2025-12-12,US,Desktop,2500,23.0,36,561,6.42,2025-12-12 06:58:00
KP026354,KW11500,2025-12-13,AU,Mobile,5358,50.0,84,2584,3.25,2025-12-13 23:34:00
KP026355,KW11247,2025-12-14,US,Desktop,5831,49.0,87,2683,3.24,2025-12-14 10:23:00
KP026356,KW10778,2025-12-15,IN,Mobile,7010,45.0,28,757,3.7,2025-12-15 20:31:00
KP026357,KW11341,2025-12-16,DE,Mobile,7119,8.0,112,986,11.36,2025-12-16 02:34:00
KP026358,KW11173,2025-12-17,US,Desktop,3294,34.0,59,1051,5.61,2025-12-17 11:18:00
KP026359,KW10188,2025-12-18,MX,Desktop,2822,3.0,245,1114,21.99,2025-12-18 08:32:00
KP026360,KW10393,2025-12-19,MX,Desktop,8173,43.0,133,3949,3.37,2025-12-19 05:04:00
KP026361,KW11301,2025-12-20,CA,Mobile,6892,39.0,65,1207,5.39,2025-12-20 01:04:00
KP026362,KW10035,2025-12-21,IN,Desktop,269,17.0,8,124,6.45,2025-12-21 20:51:00
KP026363,KW11993,2025-12-22,IN,Mobile,459,8.0,14,137,10.22,2025-12-22 11:35:00
KP026364,KW10999,2025-12-23,UK,Desktop,3522,29.0,19,338,5.62,2025-12-23 11:43:00
KP026365,KW11838,2025-12-24,AU,Mobile,5667,50.0,115,2518,4.57,2025-12-24 07:22:00
KP026366,KW10134,2025-12-25,BR,Desktop,4863,25.0,79,1186,6.66,2025-12-25 17:48:00
KP026367,KW11195,2025-12-26,CA,Desktop,1234,11.0,47,567,8.29,2025-12-26 21:59:00
KP026368,KW11206,2025-12-27,CA,Tablet,4780,40.0,137,2618,5.23,2025-12-27 18:01:00
KP026369,KW10605,2025-12-28,BR,Desktop,6382,25.0,202,3063,6.59,2025-12-28 20:25:00
KP026370,KW10399,2025-12-29,CA,Desktop,5840,2.0,483,2121,22.77,2025-12-29 03:51:00
KP026371,KW11808,2025-12-30,FR,Desktop,2149,43.0,48,1172,4.1,2025-12-30 01:38:00
KP026372,KW10444,2025-12-31,BR,Mobile,2017,40.0,6,163,3.68,2025-12-31 07:53:00
KP026373,KW11248,2026-01-01,MX,Mobile,2014,33.0,50,851,5.88,2026-01-01 14:12:00
KP026374,KW11188,2026-01-02,FR,Mobile,5448,17.0,50,682,7.33,2026-01-02 21:25:00
KP026375,KW11342,2026-01-03,AU,Mobile,39881,39.0,239,4256,5.62,2026-01-03 18:38:00
KP026376,KW11253,2026-01-04,FR,Mobile,6524,28.0,113,2414,4.68,2026-01-04 12:05:00
KP026377,KW10404,2026-01-05,MX,Mobile,1787,33.0,37,636,5.82,2026-01-05 22:39:00
KP026378,KW11848,2026-01-06,JP,Desktop,2038,16.0,47,573,8.2,2026-01-06 01:29:00
KP026379,KW11623,2026-01-07,AU,Desktop,12263,5.0,282,1817,15.52,2026-01-07 06:50:00
KP026380,KW11828,2026-01-08,MX,Tablet,3054,8.0,130,1438,9.04,2026-01-08 10:58:00
KP026381,KW10571,2026-01-09,IN,Desktop,7180,34.0,89,2143,4.15,2026-01-09 01:43:00
KP026382,KW10101,2026-01-10,BR,Desktop,1522,16.0,23,344,6.69,2026-01-10 23:49:00
KP026383,KW11937,2026-01-11,AU,Desktop,4986,31.0,63,1289,4.89,2026-01-11 10:36:00
KP026384,KW11598,2026-01-12,AU,Desktop,3270,7.0,44,453,9.71,2026-01-12 11:35:00
KP026385,KW11603,2026-01-13,AU,Mobile,3422,15.0,174,1800,9.67,2026-01-13 02:06:00
KP026386,KW11836,2026-01-14,AU,Desktop,4009,12.0,25,344,7.27,2026-01-14 08:04:00
KP026387,KW11524,2026-01-15,BR,Desktop,1764,4.0,63,490,12.86,2026-01-15 21:01:00
KP026388,KW10801,2026-01-16,CA,Desktop,1462,40.0,29,671,4.32,2026-01-16 15:58:00
KP026389,KW10989,2026-01-17,DE,Mobile,5841,29.0,66,1462,4.51,2026-01-17 10:28:00
KP026390,KW10796,2026-01-18,US,Mobile,5701,10.0,135,1296,10.42,2026-01-18 15:13:00
KP026391,KW11042,2026-01-19,MX,Mobile,944,9.0,33,300,11.0,2026-01-19 16:23:00
KP026392,KW11362,2026-01-20,MX,Mobile,4176,12.0,137,1824,7.51,2026-01-20 08:25:00
KP026393,KW11009,2026-01-21,UK,Mobile,5947,5.0,420,3006,13.97,2026-01-21 13:15:00
KP026394,KW11264,2026-01-22,IN,Mobile,2293,7.0,39,401,9.73,2026-01-22 22:35:00
KP026395,KW10437,2026-01-23,JP,Desktop,6151,19.0,114,1919,5.94,2026-01-23 00:07:00
KP026396,KW10676,2026-01-24,CA,Mobile,818,36.0,19,363,5.23,2026-01-24 01:44:00
KP026397,KW11717,2026-01-25,BR,Tablet,4840,49.0,105,2125,4.94,2026-01-25 12:42:00
KP026398,KW10644,2026-01-26,US,Mobile,21826,43.0,166,4171,3.98,2026-01-26 04:20:00
KP026399,KW10285,2026-01-27,FR,Mobile,3889,29.0,102,1693,6.02,2026-01-27 17:47:00
KP026400,KW10833,2026-01-28,UK,Mobile,1435,46.0,14,383,3.66,2026-01-28 09:56:00
KP026401,KW11405,2026-01-29,FR,Desktop,884,1.0,48,138,34.78,2026-01-29 00:11:00
KP026402,KW11530,2026-01-30,MX,Desktop,3650,1.0,426,1242,34.3,2026-01-30 03:16:00
KP026403,KW11147,2026-01-31,IN,Mobile,1663,14.0,46,553,8.32,2026-01-31 23:43:00
KP026646,KW11502,2025-10-01,FR,Desktop,1070,49.0,14,451,3.1,2025-10-01 15:18:00
KP026647,KW10536,2025-10-02,FR,Desktop,5616,30.0,19,385,4.94,2025-10-02 03:40:00
KP026648,KW10727,2025-10-03,CA,Desktop,6052,4.0,360,2860,12.59,2025-10-03 17:37:00
KP026649,KW10106,2025-10-04,CA,Mobile,4007,34.0,95,2201,4.32,2025-10-04 18:31:00
KP026650,KW11684,2025-10-05,MX,Mobile,1756,2.0,193,742,26.01,2025-10-05 18:56:00
KP026651,KW11929,2025-10-06,BR,Desktop,2567,9.0,53,435,12.18,2025-10-06 15:28:00
KP026652,KW10555,2025-10-07,AU,Mobile,2052,48.0,24,670,3.58,2025-10-07 09:55:00
KP026653,KW10542,2025-10-08,UK,Desktop,10263,3.0,436,2740,15.91,2025-10-08 01:37:00
KP026654,KW10112,2025-10-09,CA,Desktop,2125,19.0,70,856,8.18,2025-10-09 18:39:00
KP026655,KW11862,2025-10-10,IN,Desktop,3519,13.0,41,512,8.01,2025-10-10 17:51:00
KP026656,KW11728,2025-10-11,JP,Mobile,1539,23.0,30,417,7.19,2025-10-11 22:08:00
KP026657,KW10653,2025-10-12,FR,Desktop,23241,8.0,225,2462,9.14,2025-10-12 05:34:00
KP026658,KW10108,2025-10-13,BR,Mobile,1152,44.0,20,371,5.39,2025-10-13 17:36:00
KP026659,KW10679,2025-10-14,IN,Mobile,2502,18.0,22,303,7.26,2025-10-14 12:51:00
KP026660,KW10711,2025-10-15,FR,Desktop,3554,46.0,63,1635,3.85,2025-10-15 18:18:00
KP026661,KW10601,2025-10-16,AU,Mobile,9435,43.0,211,4441,4.75,2025-10-16 17:35:00
KP026662,KW10361,2025-10-17,US,Mobile,1572,11.0,9,85,10.59,2025-10-17 16:01:00
KP026663,KW11164,2025-10-18,BR,Desktop,9772,20.0,287,3840,7.47,2025-10-18 22:09:00
KP026664,KW10366,2025-10-19,UK,Mobile,4817,48.0,92,2491,3.69,2025-10-19 23:04:00
KP026665,KW10647,2025-10-20,MX,Desktop,3697,39.0,77,1921,4.01,2025-10-20 22:02:00
KP026666,KW11256,2025-10-21,CA,Desktop,4693,30.0,48,883,5.44,2025-10-21 13:26:00
KP026667,KW10792,2025-10-22,DE,Desktop,6493,7.0,88,605,14.55,2025-10-22 15:34:00
KP026668,KW11214,2025-10-23,AU,Mobile,20521,16.0,68,1075,6.33,2025-10-23 14:29:00
KP026669,KW11461,2025-10-24,UK,Desktop,2358,37.0,20,480,4.17,2025-10-24 22:37:00
KP026670,KW11790,2025-10-25,JP,Mobile,582,18.0,4,64,6.25,2025-10-25 19:15:00
KP026671,KW10914,2025-10-26,BR,Desktop,2834,4.0,149,1130,13.19,2025-10-26 05:04:00
KP026672,KW11299,2025-10-27,IN,Desktop,1191,15.0,50,515,9.71,2025-10-27 18:52:00
KP026673,KW11566,2025-10-28,UK,Desktop,4449,44.0,21,636,3.3,2025-10-28 18:35:00
KP026674,KW10435,2025-10-29,MX,Desktop,9791,30.0,95,2165,4.39,2025-10-29 23:09:00
KP026675,KW10162,2025-10-30,US,Mobile,5762,39.0,78,1794,4.35,2025-10-30 17:48:00
KP026676,KW11015,2025-10-31,AU,Desktop,6184,9.0,210,2175,9.66,2025-10-31 16:55:00
KP026677,KW10251,2025-11-01,FR,Desktop,2319,30.0,33,601,5.49,2025-11-01 04:02:00
KP026678,KW10010,2025-11-02,CA,Desktop,3763,11.0,36,375,9.6,2025-11-02 06:50:00
KP026679,KW10524,2025-11-03,AU,Mobile,1043,47.0,6,185,3.24,2025-11-03 04:41:00
KP026680,KW10524,2025-11-04,US,Mobile,1605,22.0,13,235,5.53,2025-11-04 15:42:00
KP026681,KW10773,2025-11-05,MX,Desktop,2539,5.0,212,1233,17.19,2025-11-05 05:36:00
KP026682,KW11287,2025-11-06,FR,Mobile,9746,44.0,251,5348,4.69,2025-11-06 06:27:00
KP026683,KW11253,2025-11-07,MX,Desktop,7252,29.0,39,886,4.4,2025-11-07 15:17:00
KP026684,KW10150,2025-11-08,AU,Desktop,1233,17.0,12,168,7.14,2025-11-08 08:55:00
KP026685,KW10390,2025-11-09,US,Mobile,2924,5.0,59,432,13.66,2025-11-09 14:19:00
KP026686,KW11337,2025-11-10,BR,Desktop,4285,35.0,19,495,3.84,2025-11-10 16:32:00
KP026687,KW10809,2025-11-11,IN,Mobile,8805,1.0,1313,3971,33.06,2025-11-11 10:56:00
KP026688,KW11789,2025-11-12,AU,Mobile,4972,23.0,108,2138,5.05,2025-11-12 13:02:00
KP026689,KW10517,2025-11-13,JP,Tablet,2946,10.0,147,1494,9.84,2025-11-13 07:17:00
KP026690,KW10620,2025-11-14,CA,Desktop,1885,12.0,37,334,11.08,2025-11-14 23:41:00
KP026691,KW10249,2025-11-15,DE,Desktop,2294,6.0,119,969,12.28,2025-11-15 08:11:00
KP026692,KW10160,2025-11-16,UK,Mobile,7259,31.0,60,1297,4.63,2025-11-16 02:55:00
KP026693,KW10072,2025-11-17,CA,Mobile,555,1.0,98,297,33.0,2025-11-17 15:45:00
KP026694,KW10715,2025-11-18,CA,Mobile,1492,13.0,67,689,9.72,2025-11-18 18:39:00
KP026695,KW11679,2025-11-19,MX,Desktop,4147,40.0,91,1782,5.11,2025-11-19 23:38:00
KP026696,KW11760,2025-11-20,JP,Desktop,14729,5.0,894,7291,12.26,2025-11-20 19:36:00
KP026697,KW10180,2025-11-21,BR,Mobile,5999,8.0,70,736,9.51,2025-11-21 18:52:00
KP026698,KW11804,2025-11-22,BR,Desktop,1895,37.0,36,688,5.23,2025-11-22 21:33:00
KP026699,KW11608,2025-11-23,JP,Mobile,1014,10.0,27,267,10.11,2025-11-23 06:33:00
KP026700,KW11920,2025-11-24,US,Desktop,1662,32.0,36,862,4.18,2025-11-24 14:02:00
KP026701,KW11173,2025-11-25,FR,Desktop,2257,32.0,47,1210,3.88,2025-11-25 14:59:00
KP026702,KW10568,2025-11-26,FR,Desktop,2564,8.0,41,359,11.42,2025-11-26 09:08:00
KP026703,KW10172,2025-11-27,UK,Desktop,1883,6.0,99,769,12.87,2025-11-27 20:20:00
KP026704,KW10220,2025-11-28,DE,Mobile,2700,11.0,53,730,7.26,2025-11-28 09:40:00
KP026705,KW10442,2025-11-29,MX,Tablet,2071,29.0,40,672,5.95,2025-11-29 18:05:00
KP026706,KW10446,2025-11-30,US,Desktop,2202,26.0,83,1204,6.89,2025-11-30 07:09:00
KP026707,KW11589,2025-12-01,BR,Desktop,5224,35.0,133,2759,4.82,2025-12-01 16:29:00
KP026708,KW10174,2025-12-02,JP,Tablet,9587,15.0,342,4268,8.01,2025-12-02 11:13:00
KP026709,KW10310,2025-12-03,UK,Desktop,3980,43.0,19,454,4.19,2025-12-03 05:51:00
KP026710,KW11797,2025-12-04,FR,Desktop,1417,22.0,19,289,6.57,2025-12-04 15:34:00
KP026711,KW10843,2025-12-05,CA,Desktop,1585,28.0,15,263,5.7,2025-12-05 10:27:00
KP026712,KW10697,2025-12-06,JP,Desktop,1561,33.0,27,428,6.31,2025-12-06 15:51:00
KP026713,KW10969,2025-12-07,AU,Mobile,2363,14.0,64,710,9.01,2025-12-07 15:41:00
KP026714,KW10439,2025-12-08,AU,Mobile,1369,50.0,4,101,3.96,2025-12-08 17:11:00
KP026715,KW10256,2025-12-09,CA,Mobile,1861,29.0,29,518,5.6,2025-12-09 04:00:00
KP026716,KW11384,2025-12-10,UK,Mobile,746,35.0,11,273,4.03,2025-12-10 12:10:00
KP026717,KW11879,2025-12-11,US,Desktop,3000,1.0,189,575,32.87,2025-12-11 06:29:00
KP026718,KW10953,2025-12-12,US,Desktop,3216,15.0,63,774,8.14,2025-12-12 16:26:00
KP026719,KW11157,2025-12-13,AU,Desktop,2061,34.0,31,528,5.87,2025-12-13 18:25:00
KP026720,KW11870,2025-12-14,FR,Desktop,1678,22.0,65,912,7.13,2025-12-14 18:50:00
KP026721,KW10704,2025-12-15,UK,Mobile,1800,31.0,54,968,5.58,2025-12-15 15:00:00
KP026722,KW10921,2025-12-16,UK,Desktop,1968,37.0,20,432,4.63,2025-12-16 05:44:00
KP026723,KW11602,2025-12-17,AU,Desktop,3856,19.0,109,1904,5.72,2025-12-17 00:55:00
KP026724,KW10816,2025-12-18,AU,Mobile,7420,42.0,108,3061,3.53,2025-12-18 01:09:00
KP026725,KW11249,2025-12-19,MX,Desktop,2895,26.0,53,1059,5.0,2025-12-19 09:46:00
KP026726,KW11819,2025-12-20,DE,Desktop,2535,32.0,54,976,5.53,2025-12-20 19:19:00
KP026727,KW11971,2025-12-21,BR,Mobile,4944,46.0,21,562,3.74,2025-12-21 07:48:00
KP026728,KW10036,2025-12-22,AU,Desktop,634,23.0,2,39,5.13,2025-12-22 04:06:00
KP026729,KW11824,2025-12-23,UK,Tablet,2615,48.0,50,973,5.14,2025-12-23 18:43:00
KP026730,KW10783,2025-12-24,BR,Desktop,4287,46.0,63,1674,3.76,2025-12-24 17:51:00
KP026731,KW11294,2025-12-25,AU,Desktop,2687,37.0,50,966,5.18,2025-12-25 17:44:00
KP026732,KW11379,2025-12-26,DE,Desktop,2465,35.0,70,1291,5.42,2025-12-26 16:01:00
KP026733,KW10133,2025-12-27,MX,Mobile,2171,11.0,91,1025,8.88,2025-12-27 11:02:00
KP026734,KW10717,2025-12-28,IN,Mobile,2397,25.0,65,1089,5.97,2025-12-28 14:20:00
KP026735,KW11119,2025-12-29,UK,Mobile,773,43.0,1,52,1.92,2025-12-29 18:48:00
KP026736,KW11650,2025-12-30,DE,Desktop,447,36.0,2,56,3.57,2025-12-30 18:00:00
KP026737,KW10829,2025-12-31,FR,Mobile,9991,45.0,144,3528,4.08,2025-12-31 23:33:00
KP026738,KW11936,2026-01-01,IN,Desktop,3911,50.0,35,735,4.76,2026-01-01 06:53:00
KP026739,KW11539,2026-01-02,IN,Tablet,2530,9.0,91,967,9.41,2026-01-02 16:32:00
KP026740,KW11407,2026-01-03,US,Mobile,763,17.0,5,92,5.43,2026-01-03 02:17:00
KP026741,KW10525,2026-01-04,BR,Desktop,813,25.0,22,367,5.99,2026-01-04 13:55:00
KP026742,KW11282,2026-01-05,CA,Desktop,3048,2.0,420,1619,25.94,2026-01-05 07:42:00
KP026743,KW10135,2026-01-06,JP,Desktop,937,13.0,16,185,8.65,2026-01-06 12:10:00
KP026744,KW11751,2026-01-07,JP,Desktop,2296,11.0,76,915,8.31,2026-01-07 14:09:00
KP026745,KW10205,2026-01-08,IN,Desktop,1715,26.0,10,202,4.95,2026-01-08 16:33:00
KP026746,KW10059,2026-01-09,JP,Mobile,8633,29.0,90,1635,5.5,2026-01-09 07:27:00
KP026747,KW10184,2026-01-10,AU,Desktop,1466,16.0,7,135,5.19,2026-01-10 15:36:00
KP026748,KW10254,2026-01-11,AU,Desktop,1113,14.0,38,506,7.51,2026-01-11 22:46:00
KP026749,KW11728,2026-01-12,AU,Desktop,1752,9.0,59,687,8.59,2026-01-12 13:17:00
KP026750,KW10773,2026-01-13,AU,Desktop,484,15.0,22,229,9.61,2026-01-13 06:28:00
KP026751,KW10118,2026-01-14,UK,Desktop,3585,12.0,71,684,10.38,2026-01-14 08:14:00
KP026752,KW10533,2026-01-15,IN,Mobile,6155,22.0,124,2044,6.07,2026-01-15 23:29:00
KP026753,KW11471,2026-01-16,US,Mobile,5546,9.0,32,386,8.29,2026-01-16 02:26:00
KP026754,KW11044,2026-01-17,BR,Mobile,4169,42.0,78,1860,4.19,2026-01-17 04:39:00
KP026755,KW10888,2026-01-18,CA,Desktop,8357,46.0,94,2095,4.49,2026-01-18 10:37:00
KP026756,KW10262,2026-01-19,DE,Desktop,2372,21.0,52,927,5.61,2026-01-19 07:37:00
KP026757,KW11278,2026-01-20,MX,Desktop,5896,36.0,165,2860,5.77,2026-01-20 01:39:00
KP026758,KW11197,2026-01-21,MX,Mobile,8538,33.0,141,3691,3.82,2026-01-21 21:13:00
KP026759,KW11886,2026-01-22,FR,Mobile,3506,17.0,112,1464,7.65,2026-01-22 09:53:00
KP026760,KW11962,2026-01-23,US,Desktop,4340,7.0,244,1643,14.85,2026-01-23 03:24:00
KP026761,KW10044,2026-01-24,US,Mobile,2658,27.0,61,1392,4.38,2026-01-24 14:08:00
KP026762,KW10088,2026-01-25,UK,Mobile,991,24.0,9,195,4.62,2026-01-25 19:28:00
KP026763,KW11308,2026-01-26,IN,Desktop,14019,31.0,147,3466,4.24,2026-01-26 12:07:00
KP026764,KW11547,2026-01-27,DE,Desktop,3540,19.0,132,1564,8.44,2026-01-27 15:32:00
KP026765,KW10601,2026-01-28,US,Desktop,2113,41.0,35,983,3.56,2026-01-28 16:58:00
KP026766,KW10382,2026-01-29,IN,Mobile,8071,32.0,126,2564,4.91,2026-01-29 13:54:00
KP026767,KW10420,2026-01-30,UK,Desktop,811,46.0,5,104,4.81,2026-01-30 07:17:00
KP026768,KW10155,2026-01-31,US,Tablet,38283,20.0,539,7415,7.27,2026-01-31 07:47:00
KP027011,KW10560,2025-10-01,UK,Tablet,4512,49.0,43,1318,3.26,2025-10-01 15:41:00
KP027012,KW10911,2025-10-02,AU,Mobile,7156,13.0,309,3050,10.13,2025-10-02 10:05:00
KP027013,KW10552,2025-10-03,MX,Desktop,1305,37.0,20,426,4.69,2025-10-03 12:18:00
KP027014,KW10090,2025-10-04,CA,Desktop,19269,5.0,1222,9926,12.31,2025-10-04 00:22:00
KP027015,KW10822,2025-10-05,FR,Mobile,4254,37.0,12,271,4.43,2025-10-05 19:15:00
KP027016,KW11155,2025-10-06,CA,Mobile,2466,19.0,53,720,7.36,2025-10-06 11:40:00
KP027017,KW11984,2025-10-07,IN,Mobile,5803,50.0,97,2551,3.8,2025-10-07 09:18:00
KP027018,KW10451,2025-10-08,UK,Desktop,3011,30.0,88,1394,6.31,2025-10-08 18:30:00
KP027019,KW10090,2025-10-09,FR,Desktop,10474,38.0,61,1230,4.96,2025-10-09 23:02:00
KP027020,KW11974,2025-10-10,AU,Tablet,1993,1.0,238,681,34.95,2025-10-10 11:29:00
KP027021,KW11037,2025-10-11,US,Mobile,6598,23.0,167,2618,6.38,2025-10-11 15:33:00
KP027022,KW11476,2025-10-12,UK,Tablet,2748,27.0,66,1375,4.8,2025-10-12 17:19:00
KP027023,KW10960,2025-10-13,AU,Mobile,4564,20.0,127,1965,6.46,2025-10-13 10:39:00
KP027024,KW11586,2025-10-14,MX,Desktop,1195,45.0,16,336,4.76,2025-10-14 02:39:00
KP027025,KW11128,2025-10-15,FR,Desktop,4099,50.0,35,901,3.88,2025-10-15 08:29:00
KP027026,KW10154,2025-10-16,JP,Mobile,1504,31.0,6,132,4.55,2025-10-16 12:52:00
KP027027,KW10083,2025-10-17,DE,Mobile,4140,35.0,51,1264,4.03,2025-10-17 04:25:00
KP027028,KW11511,2025-10-18,JP,Desktop,1860,22.0,50,747,6.69,2025-10-18 09:46:00
KP027029,KW11648,2025-10-19,BR,Mobile,3250,3.0,70,400,17.5,2025-10-19 18:02:00
KP027030,KW10526,2025-10-20,US,Desktop,5651,16.0,74,958,7.72,2025-10-20 16:54:00
KP027031,KW11409,2025-10-21,DE,Desktop,4550,49.0,28,790,3.54,2025-10-21 18:36:00
KP027032,KW10361,2025-10-22,JP,Mobile,2743,49.0,26,699,3.72,2025-10-22 13:21:00
KP027033,KW10561,2025-10-23,JP,Desktop,1938,20.0,29,580,5.0,2025-10-23 13:21:00
KP027034,KW10010,2025-10-24,FR,Mobile,1033,16.0,38,430,8.84,2025-10-24 16:24:00
KP027035,KW11842,2025-10-25,IN,Mobile,679,12.0,23,341,6.74,2025-10-25 20:54:00
KP027036,KW11030,2025-10-26,BR,Desktop,996,49.0,17,450,3.78,2025-10-26 22:03:00
KP027037,KW10804,2025-10-27,CA,Mobile,2624,42.0,58,1322,4.39,2025-10-27 07:38:00
KP027038,KW10152,2025-10-28,UK,Desktop,1199,4.0,51,361,14.13,2025-10-28 00:11:00
KP027039,KW10797,2025-10-29,DE,Desktop,1416,30.0,14,224,6.25,2025-10-29 08:18:00
KP027040,KW11332,2025-10-30,AU,Desktop,2584,17.0,23,342,6.73,2025-10-30 07:16:00
KP027041,KW11558,2025-10-31,IN,Mobile,1579,27.0,22,423,5.2,2025-10-31 18:05:00
KP027042,KW11930,2025-11-01,FR,Mobile,4452,38.0,35,718,4.87,2025-11-01 04:27:00
KP027043,KW10753,2025-11-02,AU,Desktop,1381,17.0,41,701,5.85,2025-11-02 08:43:00
KP027044,KW11582,2025-11-03,BR,Mobile,2943,45.0,62,1592,3.89,2025-11-03 03:47:00
KP027045,KW11171,2025-11-04,AU,Mobile,1802,9.0,103,933,11.04,2025-11-04 01:58:00
KP027046,KW11106,2025-11-05,MX,Mobile,1352,6.0,53,419,12.65,2025-11-05 08:39:00
KP027047,KW10339,2025-11-06,DE,Desktop,1071,47.0,6,139,4.32,2025-11-06 10:01:00
KP027048,KW10752,2025-11-07,DE,Mobile,10927,19.0,68,1024,6.64,2025-11-07 11:34:00
KP027049,KW11221,2025-11-08,IN,Mobile,2312,16.0,68,1075,6.33,2025-11-08 15:12:00
KP027050,KW11562,2025-11-09,US,Mobile,5536,33.0,105,2630,3.99,2025-11-09 14:14:00
KP027051,KW10428,2025-11-10,US,Mobile,4731,46.0,50,1390,3.6,2025-11-10 17:58:00
KP027052,KW11485,2025-11-11,US,Desktop,1234,25.0,16,263,6.08,2025-11-11 06:46:00
KP027053,KW10335,2025-11-12,BR,Mobile,15673,33.0,300,5101,5.88,2025-11-12 12:54:00
KP027054,KW11640,2025-11-13,BR,Mobile,462,46.0,11,248,4.44,2025-11-13 11:22:00
KP027055,KW10798,2025-11-14,US,Mobile,1873,40.0,18,403,4.47,2025-11-14 16:45:00
KP027056,KW11489,2025-11-15,MX,Mobile,2690,40.0,11,289,3.81,2025-11-15 23:55:00
KP027057,KW11067,2025-11-16,FR,Desktop,8947,7.0,230,1762,13.05,2025-11-16 07:27:00
KP027058,KW10817,2025-11-17,JP,Desktop,1362,22.0,9,136,6.62,2025-11-17 02:29:00
KP027059,KW11271,2025-11-18,BR,Mobile,2475,22.0,54,1113,4.85,2025-11-18 10:22:00
KP027060,KW10467,2025-11-19,IN,Desktop,404,30.0,1,23,4.35,2025-11-19 09:30:00
KP027061,KW10392,2025-11-20,MX,Desktop,1679,13.0,26,258,10.08,2025-11-20 15:47:00
KP027062,KW11335,2025-11-21,IN,Mobile,641,8.0,24,214,11.21,2025-11-21 17:03:00
KP027063,KW10070,2025-11-22,US,Desktop,10671,49.0,83,1929,4.3,2025-11-22 15:21:00
KP027064,KW11883,2025-11-23,CA,Desktop,6974,20.0,162,2252,7.19,2025-11-23 16:21:00
KP027065,KW11198,2025-11-24,JP,Mobile,12384,3.0,827,4287,19.29,2025-11-24 11:40:00
KP027066,KW11760,2025-11-25,UK,Tablet,642,9.0,22,266,8.27,2025-11-25 17:56:00
KP027067,KW11971,2025-11-26,BR,Mobile,20793,30.0,250,4346,5.75,2025-11-26 20:35:00
KP027068,KW11857,2025-11-27,DE,Mobile,1612,1.0,115,331,34.74,2025-11-27 22:15:00
KP027069,KW11391,2025-11-28,US,Tablet,2483,7.0,134,1362,9.84,2025-11-28 13:32:00
KP027070,KW11664,2025-11-29,US,Mobile,2316,20.0,88,1070,8.22,2025-11-29 22:38:00
KP027071,KW11446,2025-11-30,FR,Mobile,2369,23.0,50,971,5.15,2025-11-30 06:09:00
KP027072,KW11693,2025-12-01,DE,Desktop,2033,50.0,48,1030,4.66,2025-12-01 00:35:00
KP027073,KW11564,2025-12-02,IN,Mobile,505,18.0,5,88,5.68,2025-12-02 03:45:00
KP027074,KW10344,2025-12-03,JP,Mobile,3571,11.0,37,513,7.21,2025-12-03 22:14:00
KP027075,KW10401,2025-12-04,DE,Desktop,15132,9.0,481,4111,11.7,2025-12-04 08:48:00
KP027076,KW11188,2025-12-05,MX,Desktop,2456,15.0,57,617,9.24,2025-12-05 09:55:00
KP027077,KW10763,2025-12-06,US,Mobile,2656,3.0,174,1195,14.56,2025-12-06 20:08:00
KP027078,KW10796,2025-12-07,IN,Tablet,19562,31.0,285,6353,4.49,2025-12-07 08:35:00
KP027079,KW11909,2025-12-08,CA,Mobile,4160,24.0,54,775,6.97,2025-12-08 17:49:00
KP027080,KW11496,2025-12-09,IN,Mobile,1400,12.0,45,419,10.74,2025-12-09 10:55:00
KP027081,KW11489,2025-12-10,UK,Mobile,6552,10.0,230,2426,9.48,2025-12-10 17:52:00
KP027082,KW10713,2025-12-11,DE,Mobile,3381,39.0,89,1660,5.36,2025-12-11 23:40:00
KP027083,KW11931,2025-12-12,FR,Desktop,1574,28.0,4,93,4.3,2025-12-12 15:11:00
KP027084,KW11503,2025-12-13,IN,Mobile,5155,26.0,84,1760,4.77,2025-12-13 22:56:00
KP027085,KW10110,2025-12-14,US,Desktop,30884,31.0,413,7998,5.16,2025-12-14 20:41:00
KP027086,KW10757,2025-12-15,CA,Mobile,4746,25.0,173,2569,6.73,2025-12-15 20:15:00
KP027087,KW10800,2025-12-16,UK,Mobile,1977,44.0,25,563,4.44,2025-12-16 08:41:00
KP027088,KW10147,2025-12-17,IN,Desktop,16523,37.0,354,5955,5.94,2025-12-17 16:28:00
KP027089,KW11108,2025-12-18,AU,Tablet,1889,45.0,41,942,4.35,2025-12-18 01:43:00
KP027090,KW10812,2025-12-19,CA,Mobile,1900,44.0,42,780,5.38,2025-12-19 15:31:00
KP027091,KW11147,2025-12-20,FR,Mobile,1336,45.0,12,259,4.63,2025-12-20 00:33:00
KP027092,KW11195,2025-12-21,US,Desktop,4505,49.0,27,657,4.11,2025-12-21 04:46:00
KP027093,KW11775,2025-12-22,AU,Desktop,2161,47.0,10,282,3.55,2025-12-22 07:00:00
KP027094,KW11699,2025-12-23,BR,Mobile,3487,13.0,112,1354,8.27,2025-12-23 17:20:00
KP027095,KW11230,2025-12-24,AU,Mobile,6494,38.0,136,3176,4.28,2025-12-24 15:49:00
KP027096,KW10024,2025-12-25,CA,Mobile,1555,5.0,43,348,12.36,2025-12-25 15:49:00
KP027097,KW11220,2025-12-26,DE,Mobile,2997,30.0,35,639,5.48,2025-12-26 11:07:00
KP027098,KW11587,2025-12-27,JP,Desktop,2236,20.0,19,349,5.44,2025-12-27 09:04:00
KP027099,KW10416,2025-12-28,CA,Mobile,4376,19.0,151,2017,7.49,2025-12-28 19:05:00
KP027100,KW11789,2025-12-29,FR,Tablet,3448,17.0,41,627,6.54,2025-12-29 20:32:00
KP027101,KW10736,2025-12-30,BR,Desktop,904,1.0,77,222,34.68,2025-12-30 01:11:00
KP027102,KW11478,2025-12-31,JP,Tablet,7675,45.0,153,3042,5.03,2025-12-31 04:02:00
KP027103,KW11049,2026-01-01,US,Desktop,6156,49.0,61,1358,4.49,2026-01-01 02:01:00
KP027104,KW10529,2026-01-02,DE,Mobile,14560,18.0,609,7624,7.99,2026-01-02 11:00:00
KP027105,KW10413,2026-01-03,BR,Mobile,15192,4.0,222,1181,18.8,2026-01-03 02:09:00
KP027106,KW10408,2026-01-04,UK,Mobile,4685,17.0,117,1717,6.81,2026-01-04 16:54:00
KP027107,KW10420,2026-01-05,DE,Mobile,7177,43.0,158,3242,4.87,2026-01-05 10:41:00
KP027108,KW11057,2026-01-06,DE,Tablet,6540,35.0,178,3577,4.98,2026-01-06 06:28:00
KP027109,KW11712,2026-01-07,US,Mobile,1761,36.0,17,350,4.86,2026-01-07 13:03:00
KP027110,KW11864,2026-01-08,FR,Mobile,3677,10.0,74,676,10.95,2026-01-08 11:09:00
KP027111,KW11872,2026-01-09,AU,Mobile,3521,21.0,49,928,5.28,2026-01-09 02:09:00
KP027112,KW11982,2026-01-10,JP,Desktop,734,41.0,3,102,2.94,2026-01-10 22:09:00
KP027113,KW10674,2026-01-11,UK,Mobile,3921,47.0,33,1004,3.29,2026-01-11 14:50:00
KP027114,KW11238,2026-01-12,IN,Mobile,10025,9.0,437,4151,10.53,2026-01-12 02:03:00
KP027115,KW11459,2026-01-13,FR,Mobile,13865,45.0,61,1176,5.19,2026-01-13 17:39:00
KP027116,KW11445,2026-01-14,MX,Desktop,2893,29.0,11,273,4.03,2026-01-14 11:26:00
KP027117,KW11566,2026-01-15,IN,Mobile,2198,39.0,30,659,4.55,2026-01-15 18:27:00
KP027118,KW10286,2026-01-16,BR,Tablet,2728,31.0,18,353,5.1,2026-01-16 00:33:00
KP027119,KW10669,2026-01-17,UK,Desktop,5403,47.0,45,972,4.63,2026-01-17 07:06:00
KP027120,KW10810,2026-01-18,MX,Desktop,4260,29.0,129,2130,6.06,2026-01-18 06:39:00
KP027121,KW10751,2026-01-19,US,Desktop,1810,46.0,8,256,3.12,2026-01-19 06:48:00
KP027122,KW10125,2026-01-20,IN,Mobile,1205,6.0,44,416,10.58,2026-01-20 13:28:00
KP027123,KW11017,2026-01-21,DE,Mobile,1657,8.0,10,118,8.47,2026-01-21 10:13:00
KP027124,KW10877,2026-01-22,FR,Mobile,1136,20.0,15,281,5.34,2026-01-22 13:10:00
KP027125,KW11363,2026-01-23,CA,Desktop,1307,36.0,16,396,4.04,2026-01-23 07:26:00
KP027126,KW10718,2026-01-24,UK,Desktop,9930,26.0,151,3361,4.49,2026-01-24 02:13:00
KP027127,KW11456,2026-01-25,US,Mobile,2683,27.0,63,986,6.39,2026-01-25 00:01:00
KP027128,KW10410,2026-01-26,FR,Desktop,5755,38.0,73,1812,4.03,2026-01-26 14:36:00
KP027129,KW11977,2026-01-27,BR,Desktop,4125,19.0,125,1942,6.44,2026-01-27 12:03:00
KP027130,KW10650,2026-01-28,BR,Mobile,1671,38.0,8,184,4.35,2026-01-28 14:09:00
KP027131,KW11846,2026-01-29,MX,Desktop,551,1.0,22,63,34.92,2026-01-29 14:25:00
KP027132,KW11014,2026-01-30,CA,Desktop,2139,35.0,19,345,5.51,2026-01-30 19:38:00
KP027133,KW10700,2026-01-31,US,Mobile,785,21.0,11,140,7.86,2026-01-31 11:41:00
KP027376,KW10160,2025-10-01,BR,Tablet,24074,28.0,178,4113,4.33,2025-10-01 07:04:00
KP027377,KW11149,2025-10-02,IN,Mobile,1970,21.0,46,621,7.41,2025-10-02 06:51:00
KP027378,KW10438,2025-10-03,UK,Mobile,38001,4.0,762,4956,15.38,2025-10-03 01:00:00
KP027379,KW11381,2025-10-04,MX,Mobile,6068,37.0,53,1122,4.72,2025-10-04 14:55:00
KP027380,KW11897,2025-10-05,CA,Desktop,9234,20.0,66,886,7.45,2025-10-05 04:43:00
KP027381,KW11237,2025-10-06,MX,Mobile,3762,29.0,70,1277,5.48,2025-10-06 08:44:00
KP027382,KW11069,2025-10-07,CA,Mobile,2111,49.0,7,234,2.99,2025-10-07 23:13:00
KP027383,KW11389,2025-10-08,UK,Mobile,4352,10.0,72,744,9.68,2025-10-08 06:59:00
KP027384,KW11855,2025-10-09,FR,Mobile,21224,4.0,969,4776,20.29,2025-10-09 09:44:00
KP027385,KW10145,2025-10-10,CA,Desktop,12885,30.0,264,6346,4.16,2025-10-10 06:32:00
KP027386,KW10421,2025-10-11,CA,Desktop,6081,12.0,263,2945,8.93,2025-10-11 06:49:00
KP027387,KW11941,2025-10-12,IN,Desktop,1552,15.0,20,260,7.69,2025-10-12 08:55:00
KP027388,KW10326,2025-10-13,JP,Mobile,1727,45.0,19,596,3.19,2025-10-13 06:07:00
KP027389,KW10547,2025-10-14,JP,Tablet,4243,24.0,60,916,6.55,2025-10-14 04:59:00
KP027390,KW11343,2025-10-15,FR,Mobile,3594,40.0,106,1946,5.45,2025-10-15 04:18:00
KP027391,KW11342,2025-10-16,DE,Mobile,1274,10.0,19,164,11.59,2025-10-16 10:30:00
KP027392,KW11962,2025-10-17,IN,Desktop,3233,22.0,69,1250,5.52,2025-10-17 05:50:00
KP027393,KW10733,2025-10-18,US,Mobile,6288,50.0,121,3092,3.91,2025-10-18 08:11:00
KP027394,KW10093,2025-10-19,UK,Mobile,8100,50.0,50,1230,4.07,2025-10-19 18:58:00
KP027395,KW10305,2025-10-20,CA,Mobile,3253,13.0,56,546,10.26,2025-10-20 17:07:00
KP027396,KW10395,2025-10-21,DE,Mobile,5673,33.0,166,2856,5.81,2025-10-21 03:15:00
KP027397,KW11801,2025-10-22,UK,Mobile,305,42.0,6,127,4.72,2025-10-22 01:57:00
KP027398,KW10200,2025-10-23,IN,Desktop,2623,4.0,48,273,17.58,2025-10-23 16:46:00
KP027399,KW10596,2025-10-24,IN,Desktop,620,9.0,21,216,9.72,2025-10-24 07:23:00
KP027400,KW11327,2025-10-25,US,Desktop,7370,49.0,161,3631,4.43,2025-10-25 23:23:00
KP027401,KW10501,2025-10-26,BR,Tablet,2348,12.0,45,456,9.87,2025-10-26 21:55:00
KP027402,KW11468,2025-10-27,DE,Desktop,6965,21.0,186,2829,6.57,2025-10-27 22:16:00
KP027403,KW11434,2025-10-28,AU,Mobile,5301,40.0,66,1308,5.05,2025-10-28 00:29:00
KP027404,KW10458,2025-10-29,DE,Mobile,1182,24.0,17,368,4.62,2025-10-29 05:19:00
KP027405,KW11936,2025-10-30,IN,Mobile,2710,35.0,36,837,4.3,2025-10-30 19:28:00
KP027406,KW11122,2025-10-31,IN,Tablet,5539,3.0,370,1767,20.94,2025-10-31 17:24:00
KP027407,KW11917,2025-11-01,CA,Mobile,1527,6.0,34,219,15.53,2025-11-01 23:40:00
KP027408,KW11622,2025-11-02,CA,Desktop,2285,24.0,86,1220,7.05,2025-11-02 11:33:00
KP027409,KW11293,2025-11-03,AU,Desktop,3871,42.0,95,1834,5.18,2025-11-03 09:45:00
KP027410,KW11745,2025-11-04,FR,Desktop,3202,7.0,109,813,13.41,2025-11-04 10:27:00
KP027411,KW10763,2025-11-05,UK,Mobile,1170,41.0,28,585,4.79,2025-11-05 21:39:00
KP027412,KW11969,2025-11-06,AU,Mobile,15500,15.0,218,3444,6.33,2025-11-06 04:27:00
KP027413,KW11955,2025-11-07,MX,Desktop,3249,43.0,74,1702,4.35,2025-11-07 03:26:00
KP027414,KW10611,2025-11-08,IN,Desktop,3537,1.0,137,476,28.78,2025-11-08 16:33:00
KP027415,KW10532,2025-11-09,JP,Mobile,4815,30.0,87,1453,5.99,2025-11-09 11:41:00
KP027416,KW11203,2025-11-10,DE,Desktop,11612,18.0,442,5456,8.1,2025-11-10 19:23:00
KP027417,KW10715,2025-11-11,BR,Desktop,2203,7.0,73,560,13.04,2025-11-11 01:01:00
KP027418,KW11897,2025-11-12,UK,Mobile,925,26.0,17,322,5.28,2025-11-12 19:26:00
KP027419,KW10052,2025-11-13,BR,Mobile,4636,40.0,88,1802,4.88,2025-11-13 00:25:00
KP027420,KW10905,2025-11-14,CA,Desktop,1609,37.0,32,805,3.98,2025-11-14 05:47:00
KP027421,KW10548,2025-11-15,US,Desktop,6622,45.0,34,925,3.68,2025-11-15 12:02:00
KP027422,KW11466,2025-11-16,AU,Desktop,13450,46.0,143,3244,4.41,2025-11-16 14:06:00
KP027423,KW10198,2025-11-17,MX,Desktop,4360,1.0,290,829,34.98,2025-11-17 09:38:00
KP027424,KW10759,2025-11-18,BR,Desktop,6744,22.0,79,1065,7.42,2025-11-18 11:51:00
KP027425,KW10188,2025-11-19,AU,Desktop,2178,44.0,32,810,3.95,2025-11-19 00:40:00
KP027426,KW10903,2025-11-20,JP,Tablet,12243,47.0,182,4643,3.92,2025-11-20 02:50:00
KP027427,KW10035,2025-11-21,US,Mobile,4378,35.0,135,2319,5.82,2025-11-21 00:18:00
KP027428,KW11300,2025-11-22,DE,Desktop,2060,38.0,6,164,3.66,2025-11-22 07:55:00
KP027429,KW11678,2025-11-23,FR,Mobile,4409,41.0,12,328,3.66,2025-11-23 14:02:00
KP027430,KW11467,2025-11-24,UK,Mobile,9217,22.0,330,4388,7.52,2025-11-24 07:46:00
KP027431,KW11917,2025-11-25,JP,Mobile,2583,41.0,36,710,5.07,2025-11-25 02:56:00
KP027432,KW11804,2025-11-26,BR,Desktop,3466,41.0,72,1416,5.08,2025-11-26 07:06:00
KP027433,KW11627,2025-11-27,JP,Mobile,2210,47.0,21,617,3.4,2025-11-27 10:20:00
KP027434,KW10810,2025-11-28,AU,Mobile,8100,48.0,84,2040,4.12,2025-11-28 00:03:00
KP027435,KW11423,2025-11-29,FR,Mobile,3939,48.0,61,1282,4.76,2025-11-29 03:36:00
KP027436,KW10937,2025-11-30,UK,Mobile,14114,24.0,206,3175,6.49,2025-11-30 21:39:00
KP027437,KW10700,2025-12-01,DE,Mobile,2093,25.0,27,466,5.79,2025-12-01 13:47:00
KP027438,KW11869,2025-12-02,CA,Tablet,2872,16.0,17,222,7.66,2025-12-02 00:59:00
KP027439,KW11267,2025-12-03,CA,Mobile,5174,17.0,109,1283,8.5,2025-12-03 20:43:00
KP027440,KW11578,2025-12-04,US,Mobile,1919,46.0,4,103,3.88,2025-12-04 03:49:00
KP027441,KW11968,2025-12-05,DE,Desktop,2487,42.0,32,666,4.8,2025-12-05 23:26:00
KP027442,KW11923,2025-12-06,FR,Mobile,15547,25.0,90,1429,6.3,2025-12-06 18:42:00
KP027443,KW10325,2025-12-07,CA,Desktop,12842,18.0,262,4612,5.68,2025-12-07 06:46:00
KP027444,KW10442,2025-12-08,UK,Desktop,2998,24.0,55,740,7.43,2025-12-08 01:51:00
KP027445,KW10204,2025-12-09,MX,Mobile,7006,36.0,119,3141,3.79,2025-12-09 00:45:00
KP027446,KW10327,2025-12-10,DE,Mobile,2714,27.0,23,484,4.75,2025-12-10 14:49:00
KP027447,KW10381,2025-12-11,CA,Mobile,692,26.0,10,241,4.15,2025-12-11 14:10:00
KP027448,KW11926,2025-12-12,AU,Desktop,12687,4.0,464,3305,14.04,2025-12-12 16:50:00
KP027449,KW10831,2025-12-13,IN,Mobile,785,46.0,8,199,4.02,2025-12-13 20:01:00
KP027450,KW11569,2025-12-14,AU,Desktop,826,26.0,14,312,4.49,2025-12-14 11:27:00
KP027451,KW10057,2025-12-15,FR,Mobile,2282,9.0,114,932,12.23,2025-12-15 18:42:00
KP027452,KW11460,2025-12-16,US,Desktop,6907,30.0,51,1069,4.77,2025-12-16 10:28:00
KP027453,KW10446,2025-12-17,MX,Desktop,15540,31.0,38,936,4.06,2025-12-17 18:32:00
KP027454,KW11910,2025-12-18,CA,Tablet,981,9.0,34,276,12.32,2025-12-18 09:58:00
KP027455,KW10926,2025-12-19,CA,Desktop,1836,12.0,43,442,9.73,2025-12-19 13:18:00
KP027456,KW10862,2025-12-20,DE,Desktop,2469,18.0,58,1086,5.34,2025-12-20 16:22:00
KP027457,KW11270,2025-12-21,JP,Desktop,7523,6.0,451,2782,16.21,2025-12-21 08:44:00
KP027458,KW11007,2025-12-22,IN,Desktop,1547,22.0,48,724,6.63,2025-12-22 19:16:00
KP027459,KW11308,2025-12-23,JP,Desktop,5188,19.0,166,2097,7.92,2025-12-23 18:27:00
KP027460,KW11079,2025-12-24,DE,Mobile,5853,10.0,178,2097,8.49,2025-12-24 14:18:00
KP027461,KW10571,2025-12-25,FR,Desktop,4175,23.0,84,1781,4.72,2025-12-25 04:57:00
KP027462,KW10865,2025-12-26,MX,Desktop,1852,43.0,27,804,3.36,2025-12-26 09:12:00
KP027463,KW11406,2025-12-27,JP,Mobile,3291,37.0,66,1498,4.41,2025-12-27 12:22:00
KP027464,KW10425,2025-12-28,FR,Desktop,4704,24.0,13,300,4.33,2025-12-28 12:22:00
KP027465,KW10859,2025-12-29,IN,Desktop,2454,43.0,45,1075,4.19,2025-12-29 02:58:00
KP027466,KW11303,2025-12-30,MX,Mobile,4933,48.0,41,831,4.93,2025-12-30 08:13:00
KP027467,KW11997,2025-12-31,MX,Mobile,3058,41.0,31,706,4.39,2025-12-31 06:04:00
KP027468,KW11928,2026-01-01,JP,Mobile,3619,1.0,112,378,29.63,2026-01-01 18:31:00
KP027469,KW10728,2026-01-02,CA,Mobile,580,20.0,3,68,4.41,2026-01-02 09:07:00
KP027470,KW10253,2026-01-03,UK,Desktop,1481,15.0,19,326,5.83,2026-01-03 06:53:00
KP027471,KW10107,2026-01-04,DE,Desktop,2067,44.0,10,206,4.85,2026-01-04 04:54:00
KP027472,KW11329,2026-01-05,US,Desktop,1855,16.0,32,355,9.01,2026-01-05 15:53:00
KP027473,KW11235,2026-01-06,US,Desktop,5563,13.0,212,2234,9.49,2026-01-06 14:46:00
KP027474,KW11606,2026-01-07,IN,Desktop,5283,38.0,45,817,5.51,2026-01-07 16:56:00
KP027475,KW10896,2026-01-08,JP,Desktop,7923,18.0,261,3245,8.04,2026-01-08 18:30:00
KP027476,KW11555,2026-01-09,JP,Desktop,1019,45.0,10,284,3.52,2026-01-09 00:56:00
KP027477,KW10533,2026-01-10,BR,Mobile,658,47.0,11,358,3.07,2026-01-10 19:37:00
KP027478,KW11786,2026-01-11,US,Desktop,1675,38.0,19,392,4.85,2026-01-11 10:38:00
KP027479,KW11982,2026-01-12,UK,Desktop,6559,44.0,157,2894,5.43,2026-01-12 22:47:00
KP027480,KW11624,2026-01-13,CA,Mobile,2392,46.0,19,476,3.99,2026-01-13 18:07:00
KP027481,KW11984,2026-01-14,CA,Desktop,1976,47.0,32,876,3.65,2026-01-14 10:09:00
KP027482,KW11055,2026-01-15,AU,Mobile,1579,11.0,17,194,8.76,2026-01-15 14:32:00
KP027483,KW11418,2026-01-16,US,Desktop,513,42.0,12,245,4.9,2026-01-16 18:37:00
KP027484,KW11873,2026-01-17,DE,Mobile,2520,49.0,42,1348,3.12,2026-01-17 07:20:00
KP027485,KW11771,2026-01-18,AU,Mobile,563,46.0,8,226,3.54,2026-01-18 21:29:00
KP027486,KW11791,2026-01-19,CA,Desktop,7391,23.0,161,3359,4.79,2026-01-19 08:31:00
KP027487,KW11948,2026-01-20,FR,Mobile,8121,23.0,159,2998,5.3,2026-01-20 21:15:00
KP027488,KW10233,2026-01-21,MX,Desktop,2553,35.0,56,1068,5.24,2026-01-21 23:29:00
KP027489,KW11797,2026-01-22,CA,Mobile,4005,25.0,112,2195,5.1,2026-01-22 11:21:00
KP027490,KW10466,2026-01-23,IN,Desktop,3616,41.0,76,1884,4.03,2026-01-23 13:01:00
KP027491,KW10571,2026-01-24,MX,Desktop,3309,30.0,46,854,5.39,2026-01-24 10:12:00
KP027492,KW10822,2026-01-25,MX,Mobile,2135,9.0,87,916,9.5,2026-01-25 01:07:00
KP027493,KW10917,2026-01-26,JP,Mobile,10772,15.0,161,1823,8.83,2026-01-26 08:48:00
KP027494,KW10958,2026-01-27,BR,Mobile,2444,40.0,22,413,5.33,2026-01-27 23:30:00
KP027495,KW10445,2026-01-28,AU,Desktop,8139,27.0,87,1683,5.17,2026-01-28 07:10:00
KP027496,KW10169,2026-01-29,IN,Desktop,3207,2.0,110,589,18.68,2026-01-29 19:56:00
KP027497,KW10916,2026-01-30,IN,Mobile,6495,2.0,536,2446,21.91,2026-01-30 07:44:00
KP027498,KW11937,2026-01-31,FR,Desktop,3642,23.0,12,208,5.77,2026-01-31 07:16:00
KP027741,KW10820,2025-10-01,IN,Mobile,3213,37.0,91,1661,5.48,2025-10-01 03:08:00
KP027742,KW10645,2025-10-02,DE,Desktop,5532,13.0,87,975,8.92,2025-10-02 14:02:00
KP027743,KW11754,2025-10-03,MX,Desktop,6381,28.0,50,970,5.15,2025-10-03 16:04:00
KP027744,KW11416,2025-10-04,IN,Desktop,6337,20.0,17,323,5.26,2025-10-04 02:25:00
KP027745,KW10625,2025-10-05,JP,Desktop,784,4.0,44,277,15.88,2025-10-05 07:41:00
KP027746,KW10922,2025-10-06,FR,Desktop,1139,14.0,26,407,6.39,2025-10-06 21:49:00
KP027747,KW11606,2025-10-07,JP,Mobile,5569,38.0,134,2647,5.06,2025-10-07 22:32:00
KP027748,KW10535,2025-10-08,AU,Mobile,9391,40.0,18,543,3.31,2025-10-08 13:36:00
KP027749,KW11789,2025-10-09,JP,Tablet,2741,2.0,423,1436,29.46,2025-10-09 03:18:00
KP027750,KW11439,2025-10-10,AU,Desktop,5312,31.0,82,1768,4.64,2025-10-10 08:01:00
KP027751,KW11050,2025-10-11,CA,Mobile,14093,29.0,199,3503,5.68,2025-10-11 05:05:00
KP027752,KW11041,2025-10-12,DE,Desktop,3673,16.0,18,234,7.69,2025-10-12 19:08:00
KP027753,KW11182,2025-10-13,UK,Mobile,9683,23.0,57,1007,5.66,2025-10-13 18:33:00
KP027754,KW10929,2025-10-14,IN,Mobile,9006,41.0,121,3441,3.52,2025-10-14 10:38:00
KP027755,KW11324,2025-10-15,BR,Mobile,636,19.0,18,230,7.83,2025-10-15 23:52:00
KP027756,KW11688,2025-10-16,JP,Desktop,1203,2.0,70,301,23.26,2025-10-16 16:37:00
KP027757,KW11139,2025-10-17,FR,Desktop,6381,23.0,80,1334,6.0,2025-10-17 09:38:00
KP027758,KW11473,2025-10-18,BR,Desktop,2229,31.0,48,885,5.42,2025-10-18 00:00:00
KP027759,KW10390,2025-10-19,IN,Mobile,488,9.0,25,228,10.96,2025-10-19 19:55:00
KP027760,KW11922,2025-10-20,JP,Desktop,872,25.0,6,107,5.61,2025-10-20 05:36:00
KP027761,KW10077,2025-10-21,JP,Desktop,3422,17.0,76,898,8.46,2025-10-21 21:41:00
KP027762,KW11830,2025-10-22,IN,Desktop,3974,30.0,115,2147,5.36,2025-10-22 05:22:00
KP027763,KW11060,2025-10-23,DE,Desktop,480,24.0,14,192,7.29,2025-10-23 01:34:00
KP027764,KW10467,2025-10-24,MX,Mobile,4341,46.0,16,518,3.09,2025-10-24 12:28:00
KP027765,KW11891,2025-10-25,BR,Mobile,3357,19.0,11,186,5.91,2025-10-25 01:29:00
KP027766,KW10202,2025-10-26,MX,Mobile,5013,47.0,62,1731,3.58,2025-10-26 06:49:00
KP027767,KW10322,2025-10-27,FR,Mobile,4406,1.0,513,1468,34.95,2025-10-27 12:48:00
KP027768,KW10491,2025-10-28,US,Desktop,4479,21.0,136,1966,6.92,2025-10-28 06:35:00
KP027769,KW11202,2025-10-29,IN,Desktop,4412,41.0,24,531,4.52,2025-10-29 01:14:00
KP027770,KW10221,2025-10-30,JP,Mobile,2331,43.0,45,966,4.66,2025-10-30 13:20:00
KP027771,KW10061,2025-10-31,DE,Desktop,3678,3.0,59,404,14.6,2025-10-31 21:59:00
KP027772,KW10112,2025-11-01,FR,Mobile,7819,23.0,235,3504,6.71,2025-11-01 21:16:00
KP027773,KW10973,2025-11-02,CA,Mobile,3589,6.0,92,594,15.49,2025-11-02 09:41:00
KP027774,KW10901,2025-11-03,DE,Desktop,5100,47.0,61,1336,4.57,2025-11-03 02:21:00
KP027775,KW10355,2025-11-04,MX,Mobile,2434,33.0,34,746,4.56,2025-11-04 02:05:00
KP027776,KW10696,2025-11-05,CA,Mobile,2986,29.0,75,1372,5.47,2025-11-05 02:48:00
KP027777,KW11400,2025-11-06,UK,Mobile,6671,36.0,115,2302,5.0,2025-11-06 08:57:00
KP027778,KW10488,2025-11-07,BR,Tablet,3485,26.0,79,1302,6.07,2025-11-07 09:00:00
KP027779,KW11875,2025-11-08,AU,Desktop,5779,36.0,19,345,5.51,2025-11-08 01:32:00
KP027780,KW10268,2025-11-09,IN,Mobile,3055,18.0,39,526,7.41,2025-11-09 07:33:00
KP027781,KW11688,2025-11-10,FR,Desktop,8807,45.0,65,1318,4.93,2025-11-10 10:15:00
KP027782,KW10661,2025-11-11,CA,Mobile,2838,41.0,5,151,3.31,2025-11-11 05:29:00
KP027783,KW10091,2025-11-12,DE,Desktop,1538,22.0,20,262,7.63,2025-11-12 11:34:00
KP027784,KW11954,2025-11-13,AU,Mobile,4646,12.0,129,1581,8.16,2025-11-13 13:54:00
KP027785,KW10623,2025-11-14,AU,Mobile,1505,49.0,32,780,4.1,2025-11-14 00:47:00
KP027786,KW10680,2025-11-15,JP,Tablet,8553,27.0,42,962,4.37,2025-11-15 13:52:00
KP027787,KW10563,2025-11-16,US,Desktop,3551,29.0,122,1872,6.52,2025-11-16 07:50:00
KP027788,KW11838,2025-11-17,FR,Desktop,16188,20.0,433,6068,7.14,2025-11-17 06:14:00
KP027789,KW11727,2025-11-18,US,Mobile,2402,21.0,54,756,7.14,2025-11-18 10:26:00
KP027790,KW10710,2025-11-19,MX,Desktop,39458,27.0,432,8153,5.3,2025-11-19 02:58:00
KP027791,KW10950,2025-11-20,MX,Desktop,1167,25.0,11,179,6.15,2025-11-20 14:09:00
KP027792,KW10485,2025-11-21,AU,Desktop,1742,40.0,40,792,5.05,2025-11-21 17:34:00
KP027793,KW11962,2025-11-22,DE,Mobile,19958,3.0,1578,8285,19.05,2025-11-22 22:42:00
KP027794,KW11861,2025-11-23,AU,Tablet,6272,38.0,83,1917,4.33,2025-11-23 19:43:00
KP027795,KW11463,2025-11-24,DE,Desktop,8330,9.0,283,2314,12.23,2025-11-24 07:20:00
KP027796,KW10687,2025-11-25,MX,Desktop,3323,2.0,156,869,17.95,2025-11-25 07:43:00
KP027797,KW10049,2025-11-26,DE,Desktop,2518,18.0,32,578,5.54,2025-11-26 05:00:00
KP027798,KW10741,2025-11-27,US,Mobile,8482,46.0,66,1574,4.19,2025-11-27 10:48:00
KP027799,KW11095,2025-11-28,US,Desktop,294,14.0,10,155,6.45,2025-11-28 04:03:00
KP027800,KW11622,2025-11-29,JP,Mobile,8391,6.0,669,4123,16.23,2025-11-29 14:24:00
KP027801,KW11066,2025-11-30,UK,Desktop,12124,26.0,393,6244,6.29,2025-11-30 19:46:00
KP027802,KW10675,2025-12-01,BR,Mobile,4810,12.0,142,1969,7.21,2025-12-01 17:32:00
KP027803,KW11350,2025-12-02,BR,Mobile,2772,34.0,44,857,5.13,2025-12-02 07:47:00
KP027804,KW11665,2025-12-03,UK,Mobile,5105,12.0,32,332,9.64,2025-12-03 11:04:00
KP027805,KW10475,2025-12-04,BR,Desktop,1573,35.0,38,634,5.99,2025-12-04 18:15:00
KP027806,KW10648,2025-12-05,AU,Mobile,7619,3.0,153,807,18.96,2025-12-05 13:22:00
KP027807,KW10326,2025-12-06,MX,Mobile,13528,38.0,181,4379,4.13,2025-12-06 07:19:00
KP027808,KW10143,2025-12-07,MX,Desktop,1991,29.0,51,1064,4.79,2025-12-07 08:51:00
KP027809,KW11873,2025-12-08,FR,Mobile,3285,27.0,76,1667,4.56,2025-12-08 09:39:00
KP027810,KW10787,2025-12-09,JP,Desktop,6883,1.0,728,2535,28.72,2025-12-09 05:47:00
KP027811,KW10542,2025-12-10,DE,Desktop,3730,43.0,15,316,4.75,2025-12-10 03:09:00
KP027812,KW10498,2025-12-11,FR,Desktop,4832,21.0,152,2564,5.93,2025-12-11 16:43:00
KP027813,KW10470,2025-12-12,CA,Desktop,1057,20.0,7,96,7.29,2025-12-12 03:04:00
KP027814,KW10223,2025-12-13,JP,Mobile,1901,25.0,47,670,7.01,2025-12-13 16:20:00
KP027815,KW11963,2025-12-14,DE,Tablet,3976,46.0,18,500,3.6,2025-12-14 12:23:00
KP027816,KW11332,2025-12-15,US,Mobile,7558,18.0,46,702,6.55,2025-12-15 13:52:00
KP027817,KW11989,2025-12-16,MX,Desktop,2981,27.0,21,412,5.1,2025-12-16 23:10:00
KP027818,KW10157,2025-12-17,MX,Mobile,2588,35.0,75,1399,5.36,2025-12-17 12:22:00
KP027819,KW11983,2025-12-18,MX,Desktop,3254,1.0,485,1632,29.72,2025-12-18 04:33:00
KP027820,KW11003,2025-12-19,AU,Desktop,1407,28.0,15,316,4.75,2025-12-19 09:43:00
KP027821,KW11102,2025-12-20,UK,Desktop,3738,23.0,95,2011,4.72,2025-12-20 00:08:00
KP027822,KW11631,2025-12-21,FR,Desktop,10447,47.0,129,2747,4.7,2025-12-21 03:12:00
KP027823,KW11773,2025-12-22,IN,Desktop,2611,12.0,63,602,10.47,2025-12-22 06:14:00
KP027824,KW11457,2025-12-23,FR,Mobile,2249,45.0,16,307,5.21,2025-12-23 06:42:00
KP027825,KW11594,2025-12-24,AU,Desktop,3549,29.0,37,824,4.49,2025-12-24 02:28:00
KP027826,KW10620,2025-12-25,CA,Mobile,1779,48.0,18,415,4.34,2025-12-25 15:31:00
KP027827,KW11312,2025-12-26,JP,Mobile,8307,29.0,273,4359,6.26,2025-12-26 16:07:00
KP027828,KW11678,2025-12-27,MX,Desktop,10722,37.0,52,1320,3.94,2025-12-27 15:06:00
KP027829,KW10836,2025-12-28,BR,Desktop,21826,19.0,777,10692,7.27,2025-12-28 11:40:00
KP027830,KW11415,2025-12-29,FR,Desktop,2120,9.0,75,591,12.69,2025-12-29 06:08:00
KP027831,KW10138,2025-12-30,US,Mobile,5702,34.0,15,366,4.1,2025-12-30 06:13:00
KP027832,KW10789,2025-12-31,MX,Mobile,3433,42.0,18,384,4.69,2025-12-31 02:41:00
KP027833,KW11128,2026-01-01,IN,Desktop,2090,43.0,34,677,5.02,2026-01-01 17:01:00
KP027834,KW11264,2026-01-02,DE,Mobile,1574,18.0,49,749,6.54,2026-01-02 12:31:00
KP027835,KW11736,2026-01-03,IN,Desktop,2362,3.0,77,482,15.98,2026-01-03 10:53:00
KP027836,KW11670,2026-01-04,JP,Desktop,2973,20.0,53,904,5.86,2026-01-04 22:25:00
KP027837,KW10708,2026-01-05,CA,Desktop,3232,34.0,9,173,5.2,2026-01-05 01:19:00
KP027838,KW11793,2026-01-06,UK,Mobile,914,29.0,30,453,6.62,2026-01-06 02:11:00
KP027839,KW11879,2026-01-07,DE,Mobile,45518,44.0,767,17292,4.44,2026-01-07 14:34:00
KP027840,KW10460,2026-01-08,CA,Tablet,4943,6.0,183,1785,10.25,2026-01-08 20:34:00
KP027841,KW10456,2026-01-09,CA,Desktop,11021,22.0,60,1037,5.79,2026-01-09 23:42:00
KP027842,KW11510,2026-01-10,UK,Desktop,1522,45.0,31,626,4.95,2026-01-10 17:05:00
KP027843,KW11804,2026-01-11,MX,Desktop,1145,19.0,34,509,6.68,2026-01-11 12:28:00
KP027844,KW11368,2026-01-12,MX,Mobile,4109,12.0,127,1627,7.81,2026-01-12 15:00:00
KP027845,KW11067,2026-01-13,JP,Mobile,6876,32.0,18,364,4.95,2026-01-13 19:46:00
KP027846,KW10107,2026-01-14,FR,Desktop,561,4.0,27,149,18.12,2026-01-14 14:59:00
KP027847,KW10875,2026-01-15,AU,Mobile,1241,31.0,8,149,5.37,2026-01-15 00:03:00
KP027848,KW11138,2026-01-16,DE,Desktop,3895,22.0,118,1527,7.73,2026-01-16 04:45:00
KP027849,KW10946,2026-01-17,IN,Mobile,5325,24.0,61,878,6.95,2026-01-17 13:37:00
KP027850,KW10499,2026-01-18,DE,Mobile,1519,44.0,25,493,5.07,2026-01-18 07:14:00
KP027851,KW11672,2026-01-19,US,Mobile,1255,16.0,42,587,7.16,2026-01-19 20:04:00
KP027852,KW10708,2026-01-20,FR,Desktop,4380,9.0,103,958,10.75,2026-01-20 06:13:00
KP027853,KW10546,2026-01-21,IN,Desktop,2610,41.0,35,755,4.64,2026-01-21 06:38:00
KP027854,KW11359,2026-01-22,FR,Mobile,2734,18.0,70,791,8.85,2026-01-22 19:55:00
KP027855,KW11730,2026-01-23,US,Mobile,2242,34.0,16,333,4.8,2026-01-23 13:24:00
KP027856,KW10722,2026-01-24,DE,Mobile,2033,21.0,71,1107,6.41,2026-01-24 06:13:00
KP027857,KW11915,2026-01-25,BR,Mobile,1597,1.0,128,399,32.08,2026-01-25 19:39:00
KP027858,KW10410,2026-01-26,US,Desktop,15836,47.0,269,5446,4.94,2026-01-26 05:58:00
KP027859,KW10928,2026-01-27,FR,Desktop,3434,9.0,94,752,12.5,2026-01-27 14:22:00
KP027860,KW10100,2026-01-28,US,Desktop,673,38.0,10,281,3.56,2026-01-28 15:21:00
KP027861,KW10051,2026-01-29,UK,Desktop,1483,43.0,15,429,3.5,2026-01-29 01:34:00
KP027862,KW11347,2026-01-30,MX,Mobile,17765,13.0,193,2339,8.25,2026-01-30 23:37:00
KP027863,KW11894,2026-01-31,JP,Mobile,9030,21.0,338,4935,6.85,2026-01-31 17:49:00
KP028106,KW10096,2025-10-01,CA,Desktop,6208,33.0,76,1603,4.74,2025-10-01 18:03:00
KP028107,KW11780,2025-10-02,MX,Desktop,9604,35.0,205,3584,5.72,2025-10-02 11:23:00
KP028108,KW10819,2025-10-03,JP,Mobile,789,29.0,13,268,4.85,2025-10-03 12:32:00
KP028109,KW11248,2025-10-04,AU,Desktop,624,2.0,6,33,18.18,2025-10-04 08:04:00
KP028110,KW11704,2025-10-05,IN,Desktop,831,42.0,15,383,3.92,2025-10-05 14:49:00
KP028111,KW10304,2025-10-06,BR,Mobile,17368,14.0,694,7766,8.94,2025-10-06 10:51:00
KP028112,KW10184,2025-10-07,AU,Mobile,5960,9.0,61,519,11.75,2025-10-07 08:26:00
KP028113,KW11834,2025-10-08,DE,Desktop,1272,46.0,27,612,4.41,2025-10-08 07:37:00
KP028114,KW11238,2025-10-09,DE,Mobile,2408,14.0,34,417,8.15,2025-10-09 16:10:00
KP028115,KW10593,2025-10-10,FR,Desktop,836,40.0,21,405,5.19,2025-10-10 09:23:00
KP028116,KW11976,2025-10-11,US,Desktop,12808,2.0,1009,3827,26.37,2025-10-11 03:24:00
KP028117,KW10926,2025-10-12,IN,Desktop,556,37.0,8,237,3.38,2025-10-12 10:45:00
KP028118,KW10500,2025-10-13,UK,Mobile,42911,37.0,841,14903,5.64,2025-10-13 23:25:00
KP028119,KW11640,2025-10-14,IN,Desktop,3594,30.0,116,1888,6.14,2025-10-14 17:52:00
KP028120,KW10425,2025-10-15,FR,Mobile,3895,28.0,89,1942,4.58,2025-10-15 17:02:00
KP028121,KW10152,2025-10-16,MX,Mobile,1892,4.0,143,710,20.14,2025-10-16 11:17:00
KP028122,KW11268,2025-10-17,UK,Desktop,6595,24.0,119,2423,4.91,2025-10-17 14:17:00
KP028123,KW10193,2025-10-18,FR,Mobile,1315,17.0,17,309,5.5,2025-10-18 02:14:00
KP028124,KW10370,2025-10-19,CA,Desktop,809,31.0,20,347,5.76,2025-10-19 04:32:00
KP028125,KW11546,2025-10-20,DE,Mobile,607,16.0,6,96,6.25,2025-10-20 02:03:00
KP028126,KW10098,2025-10-21,US,Mobile,721,26.0,18,323,5.57,2025-10-21 02:40:00
KP028127,KW10205,2025-10-22,DE,Desktop,3134,10.0,69,749,9.21,2025-10-22 21:58:00
KP028128,KW10950,2025-10-23,BR,Mobile,3242,35.0,52,879,5.92,2025-10-23 15:16:00
KP028129,KW11021,2025-10-24,DE,Tablet,1713,10.0,19,165,11.52,2025-10-24 15:36:00
KP028130,KW11545,2025-10-25,AU,Mobile,2805,5.0,62,539,11.5,2025-10-25 22:11:00
KP028131,KW10702,2025-10-26,US,Mobile,2102,25.0,24,457,5.25,2025-10-26 11:20:00
KP028132,KW10663,2025-10-27,CA,Mobile,1748,42.0,22,582,3.78,2025-10-27 11:09:00
KP028133,KW10626,2025-10-28,JP,Mobile,918,39.0,8,169,4.73,2025-10-28 11:55:00
KP028134,KW11791,2025-10-29,IN,Desktop,15162,17.0,233,2810,8.29,2025-10-29 14:22:00
KP028135,KW10853,2025-10-30,DE,Mobile,1547,22.0,35,492,7.11,2025-10-30 05:58:00
KP028136,KW10963,2025-10-31,MX,Desktop,1041,33.0,20,507,3.94,2025-10-31 00:16:00
KP028137,KW10389,2025-11-01,IN,Mobile,3157,12.0,73,829,8.81,2025-11-01 04:01:00
KP028138,KW11065,2025-11-02,BR,Desktop,2242,16.0,13,177,7.34,2025-11-02 22:21:00
KP028139,KW10127,2025-11-03,DE,Mobile,1901,6.0,52,522,9.96,2025-11-03 01:21:00
KP028140,KW11816,2025-11-04,MX,Mobile,972,18.0,13,172,7.56,2025-11-04 11:07:00
KP028141,KW11131,2025-11-05,US,Desktop,6735,23.0,21,336,6.25,2025-11-05 17:01:00
KP028142,KW11921,2025-11-06,AU,Desktop,2413,18.0,44,607,7.25,2025-11-06 07:45:00
KP028143,KW11285,2025-11-07,CA,Desktop,2144,44.0,40,742,5.39,2025-11-07 18:26:00
KP028144,KW11978,2025-11-08,JP,Desktop,1928,23.0,9,182,4.95,2025-11-08 04:54:00
KP028145,KW11449,2025-11-09,AU,Desktop,3792,43.0,83,1776,4.67,2025-11-09 08:02:00
KP028146,KW10308,2025-11-10,US,Desktop,1018,39.0,19,351,5.41,2025-11-10 17:52:00
KP028147,KW11304,2025-11-11,AU,Desktop,5431,9.0,359,2854,12.58,2025-11-11 01:13:00
KP028148,KW11857,2025-11-12,AU,Desktop,1077,7.0,52,520,10.0,2025-11-12 14:33:00
KP028149,KW11431,2025-11-13,DE,Desktop,7272,40.0,146,3027,4.82,2025-11-13 13:00:00
KP028150,KW11051,2025-11-14,BR,Desktop,1089,15.0,16,245,6.53,2025-11-14 00:04:00
KP028151,KW10922,2025-11-15,MX,Mobile,6037,41.0,23,496,4.64,2025-11-15 18:19:00
KP028152,KW11020,2025-11-16,FR,Mobile,13915,4.0,97,793,12.23,2025-11-16 15:08:00
KP028153,KW10074,2025-11-17,MX,Tablet,1488,28.0,32,477,6.71,2025-11-17 23:16:00
KP028154,KW11718,2025-11-18,AU,Mobile,2903,2.0,285,1247,22.85,2025-11-18 06:05:00
KP028155,KW10237,2025-11-19,JP,Mobile,15841,47.0,311,6136,5.07,2025-11-19 04:31:00
KP028156,KW10910,2025-11-20,DE,Mobile,1955,28.0,59,873,6.76,2025-11-20 15:43:00
KP028157,KW11132,2025-11-21,BR,Desktop,2829,37.0,33,640,5.16,2025-11-21 07:29:00
KP028158,KW10624,2025-11-22,CA,Desktop,1667,24.0,56,782,7.16,2025-11-22 23:45:00
KP028159,KW10140,2025-11-23,BR,Desktop,1268,48.0,21,565,3.72,2025-11-23 05:29:00
KP028160,KW10447,2025-11-24,US,Desktop,2740,8.0,70,706,9.92,2025-11-24 07:56:00
KP028161,KW11072,2025-11-25,DE,Mobile,1826,47.0,7,218,3.21,2025-11-25 16:55:00
KP028162,KW11721,2025-11-26,IN,Mobile,1201,34.0,25,608,4.11,2025-11-26 12:35:00
KP028163,KW10860,2025-11-27,FR,Desktop,1405,44.0,9,182,4.95,2025-11-27 23:26:00
KP028164,KW11163,2025-11-28,US,Desktop,2579,18.0,52,716,7.26,2025-11-28 13:24:00
KP028165,KW10833,2025-11-29,AU,Desktop,2280,41.0,30,583,5.15,2025-11-29 07:55:00
KP028166,KW10275,2025-11-30,CA,Desktop,655,8.0,34,261,13.03,2025-11-30 01:36:00
KP028167,KW11148,2025-12-01,IN,Desktop,10075,49.0,203,4098,4.95,2025-12-01 13:20:00
KP028168,KW10524,2025-12-02,CA,Mobile,2215,32.0,62,1130,5.49,2025-12-02 01:52:00
KP028169,KW11613,2025-12-03,DE,Mobile,12755,31.0,299,6650,4.5,2025-12-03 06:26:00
KP028170,KW11818,2025-12-04,US,Desktop,312,46.0,6,145,4.14,2025-12-04 21:10:00
KP028171,KW10396,2025-12-05,BR,Desktop,1849,47.0,33,865,3.82,2025-12-05 00:03:00
KP028172,KW11808,2025-12-06,US,Desktop,3914,14.0,74,855,8.65,2025-12-06 06:03:00
KP028173,KW10545,2025-12-07,DE,Mobile,3384,14.0,92,1256,7.32,2025-12-07 08:13:00
KP028174,KW11361,2025-12-08,AU,Desktop,4875,36.0,109,1865,5.84,2025-12-08 00:28:00
KP028175,KW10515,2025-12-09,BR,Desktop,3846,48.0,49,1210,4.05,2025-12-09 08:03:00
KP028176,KW11397,2025-12-10,JP,Desktop,6537,23.0,173,3324,5.2,2025-12-10 16:59:00
KP028177,KW10673,2025-12-11,CA,Mobile,8969,29.0,72,1503,4.79,2025-12-11 12:04:00
KP028178,KW10688,2025-12-12,BR,Mobile,1014,21.0,14,243,5.76,2025-12-12 07:52:00
KP028179,KW10240,2025-12-13,DE,Desktop,1395,30.0,13,272,4.78,2025-12-13 00:54:00
KP028180,KW11077,2025-12-14,CA,Mobile,1504,4.0,78,447,17.45,2025-12-14 14:20:00
KP028181,KW11314,2025-12-15,DE,Desktop,13266,6.0,566,5185,10.92,2025-12-15 21:24:00
KP028182,KW11824,2025-12-16,IN,Mobile,2151,13.0,18,225,8.0,2025-12-16 20:46:00
KP028183,KW11577,2025-12-17,FR,Mobile,1522,32.0,4,83,4.82,2025-12-17 05:51:00
KP028184,KW11398,2025-12-18,IN,Desktop,3718,45.0,99,1865,5.31,2025-12-18 08:16:00
KP028185,KW11033,2025-12-19,FR,Mobile,7288,5.0,566,3292,17.19,2025-12-19 01:07:00
KP028186,KW11288,2025-12-20,BR,Tablet,649,28.0,14,213,6.57,2025-12-20 20:08:00
KP028187,KW11200,2025-12-21,JP,Mobile,7087,50.0,71,1630,4.36,2025-12-21 00:49:00
KP028188,KW11750,2025-12-22,CA,Desktop,549,50.0,7,221,3.17,2025-12-22 11:18:00
KP028189,KW11282,2025-12-23,AU,Mobile,1706,30.0,54,832,6.49,2025-12-23 14:19:00
KP028190,KW11631,2025-12-24,AU,Mobile,883,40.0,3,67,4.48,2025-12-24 12:46:00
KP028191,KW11326,2025-12-25,CA,Desktop,25827,48.0,158,3510,4.5,2025-12-25 09:59:00
KP028192,KW11692,2025-12-26,JP,Mobile,16000,34.0,315,5892,5.35,2025-12-26 01:37:00
KP028193,KW11699,2025-12-27,JP,Desktop,11000,10.0,449,5803,7.74,2025-12-27 10:19:00
KP028194,KW11661,2025-12-28,CA,Mobile,2260,18.0,84,1236,6.8,2025-12-28 08:05:00
KP028195,KW11222,2025-12-29,US,Mobile,1557,26.0,27,563,4.8,2025-12-29 20:11:00
KP028196,KW10081,2025-12-30,UK,Mobile,10377,39.0,89,1937,4.59,2025-12-30 06:09:00
KP028197,KW11386,2025-12-31,MX,Mobile,9806,27.0,226,4254,5.31,2025-12-31 22:12:00
KP028198,KW11284,2026-01-01,AU,Mobile,20362,2.0,2581,11016,23.43,2026-01-01 05:00:00
KP028199,KW10363,2026-01-02,CA,Mobile,1668,40.0,11,259,4.25,2026-01-02 09:03:00
KP028200,KW10777,2026-01-03,JP,Tablet,764,34.0,22,370,5.95,2026-01-03 19:17:00
KP028201,KW11664,2026-01-04,IN,Desktop,1282,25.0,13,291,4.47,2026-01-04 10:46:00
KP028202,KW11024,2026-01-05,FR,Desktop,2264,24.0,53,830,6.39,2026-01-05 04:34:00
KP028203,KW10146,2026-01-06,DE,Mobile,6032,19.0,129,1851,6.97,2026-01-06 00:00:00
KP028204,KW10382,2026-01-07,UK,Desktop,1767,6.0,110,813,13.53,2026-01-07 14:18:00
KP028205,KW11413,2026-01-08,US,Mobile,6013,22.0,77,1316,5.85,2026-01-08 08:23:00
KP028206,KW11535,2026-01-09,BR,Desktop,3760,35.0,93,1706,5.45,2026-01-09 21:36:00
KP028207,KW11085,2026-01-10,CA,Mobile,1297,10.0,79,712,11.1,2026-01-10 21:45:00
KP028208,KW10113,2026-01-11,UK,Mobile,3507,25.0,12,261,4.6,2026-01-11 17:31:00
KP028209,KW10695,2026-01-12,MX,Mobile,2632,4.0,48,242,19.83,2026-01-12 07:16:00
KP028210,KW10359,2026-01-13,MX,Tablet,6426,15.0,301,3470,8.67,2026-01-13 18:56:00
KP028211,KW10091,2026-01-14,FR,Mobile,13384,20.0,219,2976,7.36,2026-01-14 16:46:00
KP028212,KW10306,2026-01-15,BR,Mobile,5071,18.0,179,2478,7.22,2026-01-15 21:30:00
KP028213,KW11426,2026-01-16,UK,Desktop,1516,2.0,128,612,20.92,2026-01-16 05:22:00
KP028214,KW10938,2026-01-17,MX,Desktop,1443,37.0,27,542,4.98,2026-01-17 13:12:00
KP028215,KW11429,2026-01-18,US,Mobile,2154,17.0,37,507,7.3,2026-01-18 16:53:00
KP028216,KW11002,2026-01-19,DE,Tablet,1553,15.0,15,195,7.69,2026-01-19 21:54:00
KP028217,KW10195,2026-01-20,FR,Mobile,1747,4.0,131,646,20.28,2026-01-20 02:43:00
KP028218,KW10702,2026-01-21,BR,Desktop,5530,33.0,156,2925,5.33,2026-01-21 09:21:00
KP028219,KW10063,2026-01-22,FR,Mobile,1988,42.0,38,1026,3.7,2026-01-22 21:13:00
KP028220,KW11679,2026-01-23,JP,Desktop,11211,17.0,340,3821,8.9,2026-01-23 23:46:00
KP028221,KW11741,2026-01-24,MX,Mobile,4098,38.0,108,1907,5.66,2026-01-24 19:11:00
KP028222,KW10984,2026-01-25,DE,Mobile,3654,23.0,120,1951,6.15,2026-01-25 23:10:00
KP028223,KW11417,2026-01-26,DE,Mobile,3616,36.0,70,1206,5.8,2026-01-26 20:56:00
KP028224,KW11233,2026-01-27,JP,Desktop,1632,30.0,3,94,3.19,2026-01-27 13:07:00
KP028225,KW11016,2026-01-28,FR,Mobile,1217,22.0,28,555,5.05,2026-01-28 17:18:00
KP028226,KW11777,2026-01-29,CA,Desktop,745,45.0,19,393,4.83,2026-01-29 14:16:00
KP028227,KW11452,2026-01-30,DE,Mobile,20574,20.0,371,5773,6.43,2026-01-30 09:02:00
KP028228,KW11790,2026-01-31,JP,Mobile,2689,42.0,57,1258,4.53,2026-01-31 22:09:00
KP028471,KW11039,2025-10-01,CA,Mobile,5843,9.0,272,2332,11.66,2025-10-01 10:20:00
KP028472,KW11333,2025-10-02,MX,Mobile,3910,20.0,104,1806,5.76,2025-10-02 15:03:00
KP028473,KW10309,2025-10-03,DE,Mobile,1571,31.0,47,800,5.88,2025-10-03 22:16:00
KP028474,KW11106,2025-10-04,DE,Mobile,1625,16.0,75,864,8.68,2025-10-04 12:55:00
KP028475,KW10146,2025-10-05,MX,Mobile,11439,26.0,423,5887,7.19,2025-10-05 13:56:00
KP028476,KW11121,2025-10-06,UK,Mobile,3185,44.0,29,655,4.43,2025-10-06 14:39:00
KP028477,KW10114,2025-10-07,DE,Mobile,6128,36.0,77,1567,4.91,2025-10-07 18:14:00
KP028478,KW11763,2025-10-08,CA,Desktop,929,47.0,8,238,3.36,2025-10-08 00:18:00
KP028479,KW10721,2025-10-09,MX,Desktop,9560,15.0,305,5074,6.01,2025-10-09 05:13:00
KP028480,KW11312,2025-10-10,JP,Mobile,1205,49.0,7,166,4.22,2025-10-10 06:13:00
KP028481,KW11221,2025-10-11,IN,Mobile,803,37.0,1,42,2.38,2025-10-11 13:40:00
KP028482,KW11581,2025-10-12,CA,Desktop,2526,27.0,32,566,5.65,2025-10-12 22:01:00
KP028483,KW11557,2025-10-13,IN,Desktop,332,39.0,4,84,4.76,2025-10-13 23:21:00
KP028484,KW11537,2025-10-14,CA,Mobile,1349,3.0,83,520,15.96,2025-10-14 23:11:00
KP028485,KW11082,2025-10-15,DE,Tablet,807,43.0,18,435,4.14,2025-10-15 20:19:00
KP028486,KW11317,2025-10-16,UK,Mobile,840,24.0,8,128,6.25,2025-10-16 21:53:00
KP028487,KW11388,2025-10-17,MX,Desktop,34042,43.0,276,7462,3.7,2025-10-17 03:30:00
KP028488,KW11169,2025-10-18,MX,Tablet,2117,32.0,21,406,5.17,2025-10-18 16:09:00
KP028489,KW10798,2025-10-19,AU,Mobile,5141,14.0,49,679,7.22,2025-10-19 15:09:00
KP028490,KW11798,2025-10-20,IN,Desktop,7664,50.0,65,1585,4.1,2025-10-20 16:13:00
KP028491,KW10418,2025-10-21,MX,Desktop,4497,14.0,32,368,8.7,2025-10-21 23:52:00
KP028492,KW11345,2025-10-22,IN,Desktop,1264,50.0,19,451,4.21,2025-10-22 13:04:00
KP028493,KW11992,2025-10-23,IN,Desktop,3003,25.0,60,1187,5.05,2025-10-23 08:52:00
KP028494,KW11209,2025-10-24,IN,Desktop,4175,27.0,40,875,4.57,2025-10-24 07:20:00
KP028495,KW10200,2025-10-25,CA,Mobile,1337,24.0,42,629,6.68,2025-10-25 23:59:00
KP028496,KW11369,2025-10-26,AU,Desktop,2647,4.0,176,1090,16.15,2025-10-26 18:50:00
KP028497,KW10569,2025-10-27,JP,Mobile,1260,45.0,21,562,3.74,2025-10-27 06:48:00
KP028498,KW11698,2025-10-28,AU,Mobile,1421,21.0,27,384,7.03,2025-10-28 06:06:00
KP028499,KW10349,2025-10-29,DE,Desktop,7879,10.0,79,921,8.58,2025-10-29 00:59:00
KP028500,KW10381,2025-10-30,CA,Desktop,833,6.0,10,76,13.16,2025-10-30 22:59:00
KP028501,KW11468,2025-10-31,DE,Desktop,6893,2.0,199,730,27.26,2025-10-31 14:23:00
KP028502,KW10725,2025-11-01,MX,Tablet,2399,42.0,20,454,4.41,2025-11-01 18:59:00
KP028503,KW11223,2025-11-02,US,Mobile,2423,17.0,15,220,6.82,2025-11-02 01:52:00
KP028504,KW11191,2025-11-03,DE,Desktop,21738,10.0,901,10390,8.67,2025-11-03 08:30:00
KP028505,KW11700,2025-11-04,IN,Mobile,44740,47.0,908,20096,4.52,2025-11-04 11:35:00
KP028506,KW10174,2025-11-05,IN,Mobile,7143,9.0,328,3628,9.04,2025-11-05 21:41:00
KP028507,KW10509,2025-11-06,DE,Desktop,953,41.0,18,361,4.99,2025-11-06 03:01:00
KP028508,KW11055,2025-11-07,FR,Desktop,1326,21.0,16,215,7.44,2025-11-07 15:28:00
KP028509,KW10513,2025-11-08,US,Tablet,8211,41.0,73,1785,4.09,2025-11-08 21:27:00
KP028510,KW11012,2025-11-09,JP,Desktop,862,36.0,3,97,3.09,2025-11-09 12:58:00
KP028511,KW10284,2025-11-10,FR,Mobile,1665,6.0,78,600,13.0,2025-11-10 05:33:00
KP028512,KW10638,2025-11-11,FR,Mobile,1289,31.0,9,168,5.36,2025-11-11 08:51:00
KP028513,KW11780,2025-11-12,JP,Mobile,5941,27.0,137,2699,5.08,2025-11-12 01:45:00
KP028514,KW11587,2025-11-13,FR,Desktop,3410,36.0,45,922,4.88,2025-11-13 11:16:00
KP028515,KW11401,2025-11-14,DE,Mobile,3063,22.0,12,253,4.74,2025-11-14 07:52:00
KP028516,KW10976,2025-11-15,BR,Mobile,30923,6.0,1689,13718,12.31,2025-11-15 14:16:00
KP028517,KW10266,2025-11-16,BR,Mobile,1801,25.0,26,473,5.5,2025-11-16 23:44:00
KP028518,KW10761,2025-11-17,DE,Desktop,852,49.0,14,356,3.93,2025-11-17 15:59:00
KP028519,KW11697,2025-11-18,AU,Desktop,4183,24.0,37,591,6.26,2025-11-18 10:38:00
KP028520,KW11457,2025-11-19,MX,Mobile,901,43.0,18,447,4.03,2025-11-19 19:51:00
KP028521,KW10449,2025-11-20,BR,Mobile,1885,22.0,48,675,7.11,2025-11-20 07:17:00
KP028522,KW11530,2025-11-21,AU,Mobile,610,40.0,14,294,4.76,2025-11-21 23:12:00
KP028523,KW10096,2025-11-22,FR,Mobile,2774,8.0,55,583,9.43,2025-11-22 20:04:00
KP028524,KW10365,2025-11-23,FR,Mobile,1476,22.0,6,109,5.5,2025-11-23 05:01:00
KP028525,KW11211,2025-11-24,US,Mobile,3260,2.0,310,1384,22.4,2025-11-24 00:10:00
KP028526,KW10726,2025-11-25,MX,Desktop,504,33.0,2,47,4.26,2025-11-25 00:00:00
KP028527,KW11376,2025-11-26,DE,Mobile,734,21.0,28,399,7.02,2025-11-26 20:18:00
KP028528,KW10245,2025-11-27,US,Desktop,18240,32.0,126,2139,5.89,2025-11-27 00:06:00
KP028529,KW10406,2025-11-28,MX,Desktop,3153,27.0,28,473,5.92,2025-11-28 19:46:00
KP028530,KW11767,2025-11-29,AU,Desktop,6214,8.0,217,2293,9.46,2025-11-29 13:23:00
KP028531,KW10909,2025-11-30,DE,Desktop,1568,2.0,142,700,20.29,2025-11-30 17:07:00
KP028532,KW11165,2025-12-01,US,Mobile,2197,42.0,42,1149,3.66,2025-12-01 10:06:00
KP028533,KW11823,2025-12-02,AU,Mobile,1173,33.0,9,155,5.81,2025-12-02 03:44:00
KP028534,KW10864,2025-12-03,US,Desktop,9832,36.0,123,3297,3.73,2025-12-03 08:47:00
KP028535,KW11106,2025-12-04,US,Desktop,2187,6.0,52,496,10.48,2025-12-04 16:12:00
KP028536,KW11961,2025-12-05,US,Desktop,2086,17.0,20,257,7.78,2025-12-05 00:37:00
KP028537,KW11218,2025-12-06,CA,Mobile,6438,31.0,101,1577,6.4,2025-12-06 02:49:00
KP028538,KW10164,2025-12-07,AU,Desktop,2441,13.0,42,641,6.55,2025-12-07 05:22:00
KP028539,KW11275,2025-12-08,UK,Desktop,10343,45.0,31,760,4.08,2025-12-08 06:12:00
KP028540,KW11375,2025-12-09,JP,Mobile,1841,33.0,21,387,5.43,2025-12-09 23:48:00
KP028541,KW11451,2025-12-10,FR,Desktop,976,21.0,31,427,7.26,2025-12-10 11:47:00
KP028542,KW11180,2025-12-11,US,Desktop,810,27.0,17,270,6.3,2025-12-11 02:37:00
KP028543,KW10656,2025-12-12,BR,Desktop,3614,26.0,81,1548,5.23,2025-12-12 22:24:00
KP028544,KW10602,2025-12-13,US,Desktop,4217,14.0,55,625,8.8,2025-12-13 21:41:00
KP028545,KW10852,2025-12-14,FR,Desktop,1700,49.0,4,115,3.48,2025-12-14 19:04:00
KP028546,KW11497,2025-12-15,DE,Desktop,1424,16.0,39,665,5.86,2025-12-15 12:51:00
KP028547,KW10828,2025-12-16,IN,Desktop,49003,1.0,7731,22090,35.0,2025-12-16 06:25:00
KP028548,KW10745,2025-12-17,CA,Desktop,2448,47.0,14,409,3.42,2025-12-17 20:35:00
KP028549,KW10947,2025-12-18,DE,Desktop,1698,5.0,136,804,16.92,2025-12-18 02:42:00
KP028550,KW11289,2025-12-19,UK,Mobile,1919,36.0,42,805,5.22,2025-12-19 18:18:00
KP028551,KW11739,2025-12-20,CA,Desktop,5727,26.0,176,2668,6.6,2025-12-20 00:57:00
KP028552,KW10294,2025-12-21,UK,Mobile,1106,12.0,20,300,6.67,2025-12-21 22:11:00
KP028553,KW10865,2025-12-22,DE,Mobile,65703,8.0,385,4168,9.24,2025-12-22 12:53:00
KP028554,KW11735,2025-12-23,AU,Desktop,4877,26.0,35,515,6.8,2025-12-23 11:09:00
KP028555,KW11235,2025-12-24,UK,Desktop,2146,3.0,82,576,14.24,2025-12-24 20:48:00
KP028556,KW11617,2025-12-25,CA,Mobile,7314,50.0,27,563,4.8,2025-12-25 10:57:00
KP028557,KW10354,2025-12-26,CA,Desktop,4653,5.0,398,2474,16.09,2025-12-26 07:25:00
KP028558,KW10331,2025-12-27,AU,Desktop,3984,12.0,117,1140,10.26,2025-12-27 00:28:00
KP028559,KW10627,2025-12-28,UK,Desktop,2384,32.0,49,1209,4.05,2025-12-28 19:41:00
KP028560,KW10554,2025-12-29,CA,Desktop,7910,8.0,333,2955,11.27,2025-12-29 00:12:00
KP028561,KW11096,2025-12-30,US,Desktop,2582,12.0,100,1157,8.64,2025-12-30 23:55:00
KP028562,KW11737,2025-12-31,AU,Mobile,1638,21.0,14,249,5.62,2025-12-31 20:08:00
KP028563,KW11390,2026-01-01,BR,Mobile,2055,16.0,79,951,8.31,2026-01-01 19:53:00
KP028564,KW11173,2026-01-02,IN,Mobile,7943,13.0,354,3377,10.48,2026-01-02 11:43:00
KP028565,KW10675,2026-01-03,DE,Desktop,13170,36.0,190,4976,3.82,2026-01-03 05:26:00
KP028566,KW10954,2026-01-04,UK,Desktop,1614,2.0,128,441,29.02,2026-01-04 21:53:00
KP028567,KW11440,2026-01-05,US,Mobile,10416,18.0,352,4344,8.1,2026-01-05 19:13:00
KP028568,KW11776,2026-01-06,CA,Desktop,1100,25.0,26,495,5.25,2026-01-06 13:56:00
KP028569,KW11782,2026-01-07,MX,Mobile,17192,15.0,683,8323,8.21,2026-01-07 21:20:00
KP028570,KW10442,2026-01-08,UK,Mobile,2076,45.0,22,514,4.28,2026-01-08 11:55:00
KP028571,KW10922,2026-01-09,IN,Desktop,1304,34.0,40,706,5.67,2026-01-09 11:48:00
KP028572,KW11876,2026-01-10,FR,Desktop,1016,37.0,12,321,3.74,2026-01-10 07:01:00
KP028573,KW10366,2026-01-11,UK,Mobile,9839,3.0,471,2245,20.98,2026-01-11 04:49:00
KP028574,KW11658,2026-01-12,UK,Desktop,5100,35.0,76,1398,5.44,2026-01-12 00:36:00
KP028575,KW11514,2026-01-13,AU,Desktop,5670,32.0,161,2707,5.95,2026-01-13 09:54:00
KP028576,KW11984,2026-01-14,US,Desktop,1615,2.0,180,791,22.76,2026-01-14 03:15:00
KP028577,KW10513,2026-01-15,CA,Desktop,1847,4.0,29,204,14.22,2026-01-15 23:48:00
KP028578,KW11980,2026-01-16,IN,Mobile,1319,31.0,33,513,6.43,2026-01-16 17:51:00
KP028579,KW11071,2026-01-17,CA,Mobile,1023,37.0,18,509,3.54,2026-01-17 00:52:00
KP028580,KW11369,2026-01-18,JP,Mobile,8920,42.0,66,1540,4.29,2026-01-18 10:55:00
KP028581,KW11345,2026-01-19,CA,Mobile,9945,37.0,40,942,4.25,2026-01-19 10:03:00
KP028582,KW10237,2026-01-20,AU,Desktop,3326,19.0,87,1270,6.85,2026-01-20 22:07:00
KP028583,KW10828,2026-01-21,AU,Desktop,1617,5.0,45,382,11.78,2026-01-21 02:51:00
KP028584,KW11367,2026-01-22,CA,Mobile,4208,21.0,134,1924,6.96,2026-01-22 22:57:00
KP028585,KW10948,2026-01-23,JP,Mobile,944,39.0,18,334,5.39,2026-01-23 12:19:00
KP028586,KW11844,2026-01-24,MX,Mobile,1857,32.0,21,381,5.51,2026-01-24 19:08:00
KP028587,KW10092,2026-01-25,BR,Mobile,2334,30.0,30,604,4.97,2026-01-25 15:35:00
KP028588,KW11389,2026-01-26,IN,Mobile,3712,14.0,118,1479,7.98,2026-01-26 19:12:00
KP028589,KW10726,2026-01-27,US,Desktop,7000,8.0,128,982,13.03,2026-01-27 15:13:00
KP028590,KW10442,2026-01-28,BR,Mobile,8552,27.0,241,4057,5.94,2026-01-28 03:43:00
KP028591,KW11097,2026-01-29,MX,Desktop,1845,34.0,60,964,6.22,2026-01-29 14:58:00
KP028592,KW11022,2026-01-30,BR,Desktop,8191,38.0,28,675,4.15,2026-01-30 02:46:00
KP028593,KW11442,2026-01-31,US,Desktop,1059,22.0,22,413,5.33,2026-01-31 19:10:00
KP028836,KW10121,2025-10-01,UK,Desktop,3870,22.0,18,375,4.8,2025-10-01 05:16:00
KP028837,KW10832,2025-10-02,AU,Mobile,6660,3.0,304,1574,19.31,2025-10-02 06:14:00
KP028838,KW11820,2025-10-03,CA,Desktop,1905,43.0,51,1046,4.88,2025-10-03 06:30:00
KP028839,KW10221,2025-10-04,IN,Mobile,3844,13.0,43,648,6.64,2025-10-04 21:13:00
KP028840,KW10222,2025-10-05,JP,Mobile,3435,49.0,41,1281,3.2,2025-10-05 16:05:00
KP028841,KW11339,2025-10-06,UK,Desktop,1020,12.0,14,204,6.86,2025-10-06 10:37:00
KP028842,KW10538,2025-10-07,JP,Mobile,6805,42.0,68,1991,3.42,2025-10-07 23:48:00
KP028843,KW11505,2025-10-08,JP,Mobile,6542,21.0,79,1425,5.54,2025-10-08 00:32:00
KP028844,KW11440,2025-10-09,AU,Mobile,3462,23.0,74,1026,7.21,2025-10-09 08:11:00
KP028845,KW10797,2025-10-10,UK,Mobile,1433,14.0,21,293,7.17,2025-10-10 05:40:00
KP028846,KW10106,2025-10-11,FR,Desktop,7718,30.0,171,3812,4.49,2025-10-11 21:10:00
KP028847,KW11464,2025-10-12,FR,Mobile,6663,16.0,176,2085,8.44,2025-10-12 02:01:00
KP028848,KW11804,2025-10-13,JP,Mobile,8531,43.0,182,3894,4.67,2025-10-13 10:20:00
KP028849,KW11482,2025-10-14,US,Desktop,20594,40.0,154,3340,4.61,2025-10-14 17:12:00
KP028850,KW10176,2025-10-15,AU,Desktop,1804,17.0,14,211,6.64,2025-10-15 11:09:00
KP028851,KW11720,2025-10-16,JP,Desktop,2417,49.0,15,365,4.11,2025-10-16 12:12:00
KP028852,KW10606,2025-10-17,JP,Mobile,4532,5.0,189,1646,11.48,2025-10-17 23:24:00
KP028853,KW10050,2025-10-18,AU,Mobile,7428,48.0,118,3703,3.19,2025-10-18 13:40:00
KP028854,KW11071,2025-10-19,JP,Desktop,6258,25.0,216,3410,6.33,2025-10-19 11:56:00
KP028855,KW11199,2025-10-20,AU,Mobile,9097,1.0,510,1459,34.96,2025-10-20 02:20:00
KP028856,KW11407,2025-10-21,JP,Mobile,5434,5.0,131,747,17.54,2025-10-21 22:54:00
KP028857,KW11834,2025-10-22,FR,Desktop,2656,34.0,38,805,4.72,2025-10-22 19:40:00
KP028858,KW10881,2025-10-23,CA,Desktop,2098,43.0,41,1016,4.04,2025-10-23 15:30:00
KP028859,KW11221,2025-10-24,MX,Mobile,2387,15.0,90,961,9.37,2025-10-24 21:38:00
KP028860,KW11273,2025-10-25,DE,Mobile,3985,42.0,32,584,5.48,2025-10-25 17:35:00
KP028861,KW10929,2025-10-26,UK,Mobile,1407,42.0,6,142,4.23,2025-10-26 12:57:00
KP028862,KW11465,2025-10-27,MX,Desktop,5649,31.0,78,1457,5.35,2025-10-27 13:32:00
KP028863,KW10343,2025-10-28,BR,Tablet,1893,20.0,40,525,7.62,2025-10-28 16:04:00
KP028864,KW11153,2025-10-29,DE,Desktop,1580,19.0,4,94,4.26,2025-10-29 14:29:00
KP028865,KW10113,2025-10-30,UK,Desktop,823,16.0,33,394,8.38,2025-10-30 19:30:00
KP028866,KW11604,2025-10-31,UK,Mobile,4928,41.0,88,2092,4.21,2025-10-31 09:10:00
KP028867,KW10489,2025-11-01,US,Mobile,1909,30.0,46,813,5.66,2025-11-01 04:28:00
KP028868,KW11190,2025-11-02,CA,Desktop,5206,17.0,122,1638,7.45,2025-11-02 03:57:00
KP028869,KW11871,2025-11-03,CA,Desktop,5226,24.0,136,2652,5.13,2025-11-03 11:56:00
KP028870,KW10636,2025-11-04,BR,Desktop,7260,45.0,122,2932,4.16,2025-11-04 13:24:00
KP028871,KW11313,2025-11-05,US,Mobile,4442,39.0,81,2223,3.64,2025-11-05 01:21:00
KP028872,KW11358,2025-11-06,FR,Desktop,8008,38.0,88,1726,5.1,2025-11-06 15:30:00
KP028873,KW10813,2025-11-07,US,Mobile,6636,33.0,82,1517,5.41,2025-11-07 19:05:00
KP028874,KW11258,2025-11-08,UK,Desktop,7368,4.0,624,3919,15.92,2025-11-08 12:35:00
KP028875,KW11953,2025-11-09,FR,Mobile,3155,19.0,95,1305,7.28,2025-11-09 00:48:00
KP028876,KW11416,2025-11-10,UK,Mobile,1667,42.0,12,254,4.72,2025-11-10 01:42:00
KP028877,KW10820,2025-11-11,AU,Mobile,7745,40.0,57,1034,5.51,2025-11-11 14:01:00
KP028878,KW10264,2025-11-12,IN,Mobile,930,21.0,15,271,5.54,2025-11-12 03:39:00
KP028879,KW11144,2025-11-13,MX,Desktop,2908,29.0,68,1231,5.52,2025-11-13 11:18:00
KP028880,KW10273,2025-11-14,IN,Mobile,1594,35.0,19,502,3.78,2025-11-14 11:12:00
KP028881,KW11968,2025-11-15,US,Desktop,1081,44.0,20,477,4.19,2025-11-15 22:28:00
KP028882,KW11889,2025-11-16,UK,Desktop,2517,24.0,83,1191,6.97,2025-11-16 15:55:00
KP028883,KW11530,2025-11-17,US,Desktop,878,17.0,8,149,5.37,2025-11-17 14:30:00
KP028884,KW10828,2025-11-18,US,Desktop,5770,34.0,91,1658,5.49,2025-11-18 03:45:00
KP028885,KW10140,2025-11-19,IN,Desktop,721,50.0,14,327,4.28,2025-11-19 01:48:00
KP028886,KW10216,2025-11-20,FR,Mobile,7266,4.0,337,2689,12.53,2025-11-20 04:31:00
KP028887,KW11877,2025-11-21,CA,Mobile,591,12.0,13,151,8.61,2025-11-21 02:29:00
KP028888,KW10879,2025-11-22,JP,Desktop,827,7.0,11,80,13.75,2025-11-22 20:54:00
KP028889,KW11917,2025-11-23,FR,Mobile,1034,25.0,28,516,5.43,2025-11-23 22:37:00
KP028890,KW10952,2025-11-24,FR,Mobile,14027,2.0,1579,6047,26.11,2025-11-24 11:07:00
KP028891,KW10837,2025-11-25,BR,Desktop,2472,11.0,60,600,10.0,2025-11-25 03:29:00
KP028892,KW10332,2025-11-26,US,Mobile,3500,24.0,11,195,5.64,2025-11-26 22:01:00
KP028893,KW11567,2025-11-27,CA,Desktop,1438,2.0,108,529,20.42,2025-11-27 00:53:00
KP028894,KW11075,2025-11-28,UK,Desktop,4239,40.0,83,1806,4.6,2025-11-28 16:35:00
KP028895,KW10055,2025-11-29,BR,Mobile,2567,6.0,128,1202,10.65,2025-11-29 04:36:00
KP028896,KW11946,2025-11-30,FR,Desktop,2016,32.0,28,637,4.4,2025-11-30 09:35:00
KP028897,KW11812,2025-12-01,AU,Mobile,2824,8.0,30,239,12.55,2025-12-01 10:42:00
KP028898,KW11212,2025-12-02,AU,Mobile,607,21.0,22,317,6.94,2025-12-02 16:18:00
KP028899,KW10131,2025-12-03,IN,Mobile,6565,2.0,736,2564,28.71,2025-12-03 08:14:00
KP028900,KW11738,2025-12-04,DE,Tablet,2762,27.0,40,603,6.63,2025-12-04 01:24:00
KP028901,KW10828,2025-12-05,AU,Mobile,2625,2.0,344,1361,25.28,2025-12-05 06:06:00
KP028902,KW11551,2025-12-06,JP,Desktop,3017,16.0,46,538,8.55,2025-12-06 17:47:00
KP028903,KW11715,2025-12-07,UK,Mobile,4670,40.0,43,1227,3.5,2025-12-07 06:16:00
KP028904,KW11335,2025-12-08,US,Desktop,5747,47.0,82,1712,4.79,2025-12-08 03:29:00
KP028905,KW10475,2025-12-09,FR,Mobile,1130,41.0,16,300,5.33,2025-12-09 08:42:00
KP028906,KW11921,2025-12-10,CA,Mobile,3476,20.0,90,1344,6.7,2025-12-10 10:03:00
KP028907,KW10201,2025-12-11,DE,Desktop,896,6.0,63,450,14.0,2025-12-11 15:27:00
KP028908,KW10710,2025-12-12,US,Desktop,719,43.0,3,69,4.35,2025-12-12 22:12:00
KP028909,KW10676,2025-12-13,CA,Mobile,910,10.0,29,268,10.82,2025-12-13 19:54:00
KP028910,KW10191,2025-12-14,DE,Desktop,1509,14.0,68,798,8.52,2025-12-14 15:52:00
KP028911,KW11649,2025-12-15,BR,Desktop,2384,7.0,115,894,12.86,2025-12-15 19:51:00
KP028912,KW10777,2025-12-16,US,Mobile,3050,13.0,27,396,6.82,2025-12-16 20:09:00
KP028913,KW10038,2025-12-17,BR,Desktop,3387,41.0,49,1399,3.5,2025-12-17 02:43:00
KP028914,KW11260,2025-12-18,MX,Desktop,1761,15.0,14,233,6.01,2025-12-18 10:23:00
KP028915,KW10014,2025-12-19,BR,Mobile,5036,35.0,104,1839,5.66,2025-12-19 00:16:00
KP028916,KW10690,2025-12-20,US,Desktop,1902,47.0,31,811,3.82,2025-12-20 17:24:00
KP028917,KW11249,2025-12-21,FR,Mobile,4477,1.0,442,1264,34.97,2025-12-21 09:36:00
KP028918,KW11857,2025-12-22,CA,Mobile,8219,27.0,82,1471,5.57,2025-12-22 11:16:00
KP028919,KW11500,2025-12-23,FR,Mobile,751,14.0,24,317,7.57,2025-12-23 14:32:00
KP028920,KW10877,2025-12-24,US,Mobile,7759,21.0,106,1484,7.14,2025-12-24 17:27:00
KP028921,KW11864,2025-12-25,IN,Mobile,22278,19.0,272,3474,7.83,2025-12-25 00:52:00
KP028922,KW10476,2025-12-26,AU,Desktop,904,49.0,13,414,3.14,2025-12-26 11:04:00
KP028923,KW11145,2025-12-27,AU,Desktop,2305,6.0,106,712,14.89,2025-12-27 15:29:00
KP028924,KW10358,2025-12-28,DE,Mobile,16274,5.0,796,5528,14.4,2025-12-28 01:25:00
KP028925,KW10967,2025-12-29,JP,Mobile,8472,8.0,110,987,11.14,2025-12-29 23:13:00
KP028926,KW10875,2025-12-30,IN,Desktop,1728,25.0,24,524,4.58,2025-12-30 02:01:00
KP028927,KW10047,2025-12-31,DE,Mobile,514,8.0,17,161,10.56,2025-12-31 14:12:00
KP028928,KW11158,2026-01-01,JP,Mobile,9199,18.0,273,3715,7.35,2026-01-01 05:10:00
KP028929,KW11007,2026-01-02,FR,Desktop,1737,32.0,21,543,3.87,2026-01-02 03:31:00
KP028930,KW11588,2026-01-03,US,Mobile,1226,20.0,10,175,5.71,2026-01-03 16:23:00
KP028931,KW11729,2026-01-04,UK,Tablet,2134,15.0,17,296,5.74,2026-01-04 03:17:00
KP028932,KW10147,2026-01-05,AU,Mobile,2227,38.0,53,1065,4.98,2026-01-05 18:13:00
KP028933,KW11280,2026-01-06,IN,Desktop,12368,23.0,459,5950,7.71,2026-01-06 02:51:00
KP028934,KW10123,2026-01-07,CA,Mobile,1329,10.0,48,460,10.43,2026-01-07 22:52:00
KP028935,KW10679,2026-01-08,DE,Desktop,664,48.0,13,347,3.75,2026-01-08 09:09:00
KP028936,KW10709,2026-01-09,DE,Desktop,3608,2.0,200,767,26.08,2026-01-09 12:58:00
KP028937,KW10903,2026-01-10,AU,Desktop,4075,15.0,98,1083,9.05,2026-01-10 00:08:00
KP028938,KW11100,2026-01-11,CA,Mobile,1688,7.0,50,511,9.78,2026-01-11 02:36:00
KP028939,KW10768,2026-01-12,DE,Desktop,1321,43.0,21,452,4.65,2026-01-12 23:54:00
KP028940,KW11417,2026-01-13,FR,Mobile,1072,40.0,23,423,5.44,2026-01-13 03:30:00
KP028941,KW10813,2026-01-14,UK,Desktop,11923,3.0,660,3685,17.91,2026-01-14 05:43:00
KP028942,KW10553,2026-01-15,FR,Desktop,17189,47.0,144,3674,3.92,2026-01-15 09:54:00
KP028943,KW11279,2026-01-16,UK,Tablet,6651,22.0,33,441,7.48,2026-01-16 19:15:00
KP028944,KW10978,2026-01-17,DE,Mobile,3516,9.0,21,276,7.61,2026-01-17 17:06:00
KP028945,KW11868,2026-01-18,BR,Mobile,7097,22.0,172,2741,6.28,2026-01-18 14:21:00
KP028946,KW11184,2026-01-19,FR,Mobile,2626,8.0,125,1107,11.29,2026-01-19 08:05:00
KP028947,KW11094,2026-01-20,CA,Desktop,3070,26.0,54,862,6.26,2026-01-20 04:56:00
KP028948,KW10820,2026-01-21,FR,Mobile,21896,18.0,840,10397,8.08,2026-01-21 09:34:00
KP028949,KW10083,2026-01-22,US,Desktop,1441,48.0,3,90,3.33,2026-01-22 12:00:00
KP028950,KW10355,2026-01-23,IN,Mobile,2178,6.0,145,1046,13.86,2026-01-23 17:01:00
KP028951,KW11209,2026-01-24,BR,Mobile,4597,38.0,119,2339,5.09,2026-01-24 03:20:00
KP028952,KW10773,2026-01-25,CA,Desktop,2340,30.0,48,828,5.8,2026-01-25 12:18:00
KP028953,KW10824,2026-01-26,MX,Mobile,5874,39.0,38,1083,3.51,2026-01-26 20:17:00
KP028954,KW10303,2026-01-27,IN,Mobile,8020,50.0,44,1040,4.23,2026-01-27 21:02:00
KP028955,KW10548,2026-01-28,AU,Mobile,4924,13.0,120,1183,10.14,2026-01-28 17:37:00
KP028956,KW11135,2026-01-29,UK,Tablet,1137,25.0,3,66,4.55,2026-01-29 00:28:00
KP028957,KW11343,2026-01-30,AU,Desktop,5775,3.0,429,1871,22.93,2026-01-30 16:42:00
KP028958,KW11983,2026-01-31,IN,Desktop,1445,44.0,18,373,4.83,2026-01-31 10:07:00
KP029201,KW11683,2025-10-01,UK,Desktop,5717,33.0,65,1117,5.82,2025-10-01 06:58:00
KP029202,KW10384,2025-10-02,MX,Desktop,1544,41.0,35,779,4.49,2025-10-02 00:20:00
KP029203,KW11596,2025-10-03,CA,Desktop,2334,38.0,45,1036,4.34,2025-10-03 02:43:00
KP029204,KW11901,2025-10-04,FR,Desktop,997,24.0,17,321,5.3,2025-10-04 07:26:00
KP029205,KW11212,2025-10-05,CA,Desktop,6335,46.0,101,2532,3.99,2025-10-05 22:23:00
KP029206,KW11934,2025-10-06,US,Tablet,6055,33.0,97,1744,5.56,2025-10-06 16:22:00
KP029207,KW11784,2025-10-07,UK,Mobile,4715,35.0,103,2326,4.43,2025-10-07 21:23:00
KP029208,KW10050,2025-10-08,JP,Mobile,1209,22.0,37,647,5.72,2025-10-08 11:25:00
KP029209,KW10764,2025-10-09,IN,Mobile,9965,9.0,64,560,11.43,2025-10-09 08:36:00
KP029210,KW11571,2025-10-10,CA,Desktop,12407,44.0,223,6319,3.53,2025-10-10 01:53:00
KP029211,KW10334,2025-10-11,AU,Mobile,1623,21.0,20,273,7.33,2025-10-11 04:47:00
KP029212,KW11714,2025-10-12,IN,Desktop,834,41.0,14,327,4.28,2025-10-12 22:35:00
KP029213,KW10120,2025-10-13,AU,Desktop,1035,46.0,23,488,4.71,2025-10-13 19:36:00
KP029214,KW11743,2025-10-14,AU,Mobile,4802,41.0,88,1568,5.61,2025-10-14 18:10:00
KP029215,KW10767,2025-10-15,CA,Desktop,4924,14.0,206,2468,8.35,2025-10-15 07:22:00
KP029216,KW10462,2025-10-16,JP,Desktop,10706,9.0,601,5715,10.52,2025-10-16 20:18:00
KP029217,KW11848,2025-10-17,FR,Mobile,4719,26.0,24,370,6.49,2025-10-17 01:25:00
KP029218,KW10324,2025-10-18,IN,Mobile,3407,2.0,356,1705,20.88,2025-10-18 11:36:00
KP029219,KW11423,2025-10-19,US,Mobile,947,42.0,4,134,2.99,2025-10-19 21:24:00
KP029220,KW10821,2025-10-20,JP,Desktop,2700,29.0,29,616,4.71,2025-10-20 12:44:00
KP029221,KW11877,2025-10-21,AU,Mobile,1071,37.0,14,385,3.64,2025-10-21 05:12:00
KP029222,KW10787,2025-10-22,CA,Desktop,6192,19.0,131,1925,6.81,2025-10-22 13:08:00
KP029223,KW11316,2025-10-23,US,Tablet,12106,22.0,124,1997,6.21,2025-10-23 06:06:00
KP029224,KW10165,2025-10-24,DE,Mobile,2542,42.0,17,431,3.94,2025-10-24 19:10:00
KP029225,KW11524,2025-10-25,AU,Desktop,551,16.0,10,109,9.17,2025-10-25 11:10:00
KP029226,KW10765,2025-10-26,MX,Tablet,608,1.0,26,75,34.67,2025-10-26 14:29:00
KP029227,KW11537,2025-10-27,US,Mobile,5385,17.0,128,1935,6.61,2025-10-27 15:14:00
KP029228,KW11753,2025-10-28,DE,Desktop,2571,12.0,55,744,7.39,2025-10-28 17:44:00
KP029229,KW11558,2025-10-29,FR,Mobile,3345,16.0,103,1146,8.99,2025-10-29 21:46:00
KP029230,KW11743,2025-10-30,AU,Desktop,8758,8.0,547,4130,13.24,2025-10-30 19:54:00
KP029231,KW10136,2025-10-31,AU,Mobile,7553,2.0,389,2086,18.65,2025-10-31 04:12:00
KP029232,KW11554,2025-11-01,CA,Desktop,9295,16.0,62,840,7.38,2025-11-01 05:14:00
KP029233,KW10100,2025-11-02,US,Mobile,6252,19.0,73,1020,7.16,2025-11-02 23:17:00
KP029234,KW10249,2025-11-03,DE,Desktop,3401,9.0,198,1674,11.83,2025-11-03 08:33:00
KP029235,KW10200,2025-11-04,FR,Desktop,4460,38.0,48,955,5.03,2025-11-04 10:36:00
KP029236,KW10557,2025-11-05,FR,Desktop,1150,6.0,99,613,16.15,2025-11-05 07:39:00
KP029237,KW11876,2025-11-06,AU,Mobile,2215,37.0,5,151,3.31,2025-11-06 23:13:00
KP029238,KW10662,2025-11-07,UK,Mobile,526,34.0,13,268,4.85,2025-11-07 07:30:00
KP029239,KW10846,2025-11-08,CA,Mobile,10554,44.0,47,930,5.05,2025-11-08 06:12:00
KP029240,KW11782,2025-11-09,US,Tablet,2071,18.0,34,524,6.49,2025-11-09 06:04:00
KP029241,KW11118,2025-11-10,DE,Desktop,2692,34.0,36,758,4.75,2025-11-10 01:31:00
KP029242,KW10719,2025-11-11,CA,Desktop,3238,27.0,45,954,4.72,2025-11-11 16:00:00
KP029243,KW11858,2025-11-12,US,Desktop,1930,8.0,86,664,12.95,2025-11-12 22:01:00
KP029244,KW11198,2025-11-13,UK,Mobile,5116,50.0,27,843,3.2,2025-11-13 21:53:00
KP029245,KW10618,2025-11-14,US,Desktop,2770,36.0,34,609,5.58,2025-11-14 18:34:00
KP029246,KW11351,2025-11-15,FR,Desktop,9158,15.0,86,925,9.3,2025-11-15 06:45:00
KP029247,KW10273,2025-11-16,IN,Mobile,4943,24.0,84,1796,4.68,2025-11-16 03:22:00
KP029248,KW10591,2025-11-17,US,Desktop,5191,1.0,892,2549,34.99,2025-11-17 18:03:00
KP029249,KW11152,2025-11-18,DE,Mobile,11283,45.0,214,4533,4.72,2025-11-18 18:00:00
KP029250,KW10136,2025-11-19,BR,Desktop,12994,49.0,152,3174,4.79,2025-11-19 11:22:00
KP029251,KW11264,2025-11-20,JP,Desktop,5556,36.0,79,1427,5.54,2025-11-20 15:05:00
KP029252,KW11490,2025-11-21,FR,Desktop,1556,39.0,10,182,5.49,2025-11-21 15:31:00
KP029253,KW11455,2025-11-22,US,Desktop,1772,3.0,112,563,19.89,2025-11-22 03:24:00
KP029254,KW10418,2025-11-23,DE,Desktop,829,47.0,8,222,3.6,2025-11-23 07:03:00
KP029255,KW10851,2025-11-24,BR,Desktop,3320,14.0,131,1322,9.91,2025-11-24 00:04:00
KP029256,KW11010,2025-11-25,AU,Mobile,1125,13.0,51,551,9.26,2025-11-25 09:21:00
KP029257,KW10553,2025-11-26,MX,Mobile,3054,26.0,71,1314,5.4,2025-11-26 06:49:00
KP029258,KW10130,2025-11-27,FR,Desktop,8620,39.0,139,3130,4.44,2025-11-27 21:01:00
KP029259,KW10073,2025-11-28,FR,Mobile,5437,4.0,463,2914,15.89,2025-11-28 22:10:00
KP029260,KW10372,2025-11-29,UK,Mobile,11962,45.0,231,4373,5.28,2025-11-29 07:15:00
KP029261,KW10493,2025-11-30,AU,Desktop,4968,5.0,341,2129,16.02,2025-11-30 03:33:00
KP029262,KW11595,2025-12-01,AU,Mobile,12522,34.0,301,5265,5.72,2025-12-01 02:13:00
KP029263,KW11864,2025-12-02,IN,Desktop,5322,34.0,23,589,3.9,2025-12-02 08:09:00
KP029264,KW11983,2025-12-03,UK,Mobile,4713,45.0,54,1067,5.06,2025-12-03 17:48:00
KP029265,KW10599,2025-12-04,US,Desktop,6517,4.0,212,1134,18.69,2025-12-04 10:16:00
KP029266,KW10487,2025-12-05,JP,Desktop,8917,31.0,193,3375,5.72,2025-12-05 19:17:00
KP029267,KW11614,2025-12-06,FR,Tablet,9262,10.0,556,4743,11.72,2025-12-06 23:26:00
KP029268,KW10236,2025-12-07,IN,Mobile,7969,40.0,200,3721,5.37,2025-12-07 12:40:00
KP029269,KW11067,2025-12-08,DE,Mobile,4894,45.0,65,1814,3.58,2025-12-08 05:56:00
KP029270,KW10176,2025-12-09,BR,Mobile,6394,3.0,382,2534,15.07,2025-12-09 08:25:00
KP029271,KW10007,2025-12-10,FR,Desktop,6934,49.0,22,594,3.7,2025-12-10 08:05:00
KP029272,KW10539,2025-12-11,JP,Mobile,2019,20.0,19,307,6.19,2025-12-11 20:06:00
KP029273,KW10260,2025-12-12,US,Desktop,1291,17.0,15,229,6.55,2025-12-12 22:15:00
KP029274,KW11852,2025-12-13,IN,Mobile,12034,36.0,170,3355,5.07,2025-12-13 19:09:00
KP029275,KW10785,2025-12-14,CA,Desktop,1343,4.0,44,329,13.37,2025-12-14 21:43:00
KP029276,KW11571,2025-12-15,AU,Mobile,1137,48.0,12,322,3.73,2025-12-15 07:17:00
KP029277,KW11607,2025-12-16,FR,Mobile,2618,15.0,24,274,8.76,2025-12-16 02:18:00
KP029278,KW10011,2025-12-17,MX,Desktop,5807,45.0,156,2971,5.25,2025-12-17 16:44:00
KP029279,KW10441,2025-12-18,JP,Mobile,8174,8.0,186,1541,12.07,2025-12-18 10:18:00
KP029280,KW11351,2025-12-19,FR,Desktop,2635,6.0,58,431,13.46,2025-12-19 11:54:00
KP029281,KW10796,2025-12-20,BR,Tablet,3683,17.0,37,633,5.85,2025-12-20 01:15:00
KP029282,KW11324,2025-12-21,MX,Desktop,2406,21.0,37,542,6.83,2025-12-21 18:30:00
KP029283,KW10952,2025-12-22,UK,Mobile,2617,9.0,129,1396,9.24,2025-12-22 07:28:00
KP029284,KW10804,2025-12-23,JP,Mobile,2201,17.0,74,1070,6.92,2025-12-23 19:44:00
KP029285,KW11260,2025-12-24,JP,Desktop,16930,31.0,97,2423,4.0,2025-12-24 07:48:00
KP029286,KW10990,2025-12-25,MX,Tablet,1769,3.0,121,535,22.62,2025-12-25 20:03:00
KP029287,KW11913,2025-12-26,BR,Mobile,3367,13.0,176,1795,9.81,2025-12-26 19:35:00
KP029288,KW11624,2025-12-27,FR,Desktop,4013,39.0,73,1524,4.79,2025-12-27 00:15:00
KP029289,KW11441,2025-12-28,MX,Desktop,6300,35.0,148,2593,5.71,2025-12-28 11:24:00
KP029290,KW11664,2025-12-29,MX,Desktop,623,28.0,19,335,5.67,2025-12-29 05:19:00
KP029291,KW11783,2025-12-30,UK,Mobile,4301,3.0,173,730,23.7,2025-12-30 07:11:00
KP029292,KW11217,2025-12-31,UK,Mobile,1865,34.0,11,202,5.45,2025-12-31 04:05:00
KP029293,KW11899,2026-01-01,BR,Mobile,4906,12.0,177,1621,10.92,2026-01-01 14:07:00
KP029294,KW10542,2026-01-02,CA,Desktop,4922,35.0,91,1787,5.09,2026-01-02 03:50:00
KP029295,KW11351,2026-01-03,DE,Mobile,3292,36.0,12,275,4.36,2026-01-03 16:02:00
KP029296,KW11744,2026-01-04,DE,Mobile,3797,19.0,63,959,6.57,2026-01-04 04:49:00
KP029297,KW10653,2026-01-05,UK,Mobile,1892,8.0,22,174,12.64,2026-01-05 10:56:00
KP029298,KW10647,2026-01-06,IN,Desktop,1887,24.0,36,727,4.95,2026-01-06 04:51:00
KP029299,KW10711,2026-01-07,DE,Desktop,6566,11.0,73,716,10.2,2026-01-07 19:27:00
KP029300,KW11151,2026-01-08,UK,Mobile,21019,34.0,369,7521,4.91,2026-01-08 13:27:00
KP029301,KW10924,2026-01-09,UK,Mobile,447,47.0,4,84,4.76,2026-01-09 01:27:00
KP029302,KW11248,2026-01-10,BR,Desktop,402,31.0,7,175,4.0,2026-01-10 14:56:00
KP029303,KW10161,2026-01-11,IN,Tablet,7787,44.0,130,3642,3.57,2026-01-11 15:03:00
KP029304,KW11216,2026-01-12,JP,Desktop,3670,4.0,67,388,17.27,2026-01-12 21:50:00
KP029305,KW10477,2026-01-13,BR,Tablet,901,20.0,25,454,5.51,2026-01-13 05:41:00
KP029306,KW10786,2026-01-14,MX,Desktop,4641,23.0,31,554,5.6,2026-01-14 07:34:00
KP029307,KW10165,2026-01-15,AU,Desktop,4787,45.0,18,402,4.48,2026-01-15 01:02:00
KP029308,KW11984,2026-01-16,CA,Mobile,3172,15.0,86,1264,6.8,2026-01-16 23:04:00
KP029309,KW10995,2026-01-17,US,Mobile,1515,34.0,15,358,4.19,2026-01-17 00:07:00
KP029310,KW11012,2026-01-18,AU,Desktop,2572,2.0,134,527,25.43,2026-01-18 00:52:00
KP029311,KW11460,2026-01-19,FR,Desktop,2117,18.0,31,353,8.78,2026-01-19 03:29:00
KP029312,KW10677,2026-01-20,BR,Desktop,2000,48.0,30,709,4.23,2026-01-20 20:23:00
KP029313,KW11360,2026-01-21,UK,Desktop,12649,14.0,461,6314,7.3,2026-01-21 07:18:00
KP029314,KW11817,2026-01-22,CA,Desktop,1166,22.0,20,292,6.85,2026-01-22 18:50:00
KP029315,KW11151,2026-01-23,JP,Desktop,3608,50.0,52,1502,3.46,2026-01-23 05:16:00
KP029316,KW11723,2026-01-24,BR,Desktop,8099,5.0,134,1060,12.64,2026-01-24 13:47:00
KP029317,KW10856,2026-01-25,MX,Mobile,1970,46.0,17,443,3.84,2026-01-25 20:30:00
KP029318,KW10145,2026-01-26,IN,Desktop,2513,7.0,56,404,13.86,2026-01-26 07:18:00
KP029319,KW10146,2026-01-27,US,Desktop,2842,5.0,36,235,15.32,2026-01-27 02:10:00
KP029320,KW10635,2026-01-28,US,Desktop,2851,5.0,128,1165,10.99,2026-01-28 14:17:00
KP029321,KW11179,2026-01-29,DE,Mobile,433,32.0,3,88,3.41,2026-01-29 01:00:00
KP029322,KW11544,2026-01-30,IN,Mobile,3046,24.0,92,1605,5.73,2026-01-30 11:10:00
KP029323,KW10474,2026-01-31,UK,Mobile,23654,34.0,283,5312,5.33,2026-01-31 21:18:00
KP029566,KW11846,2025-10-01,UK,Mobile,1160,27.0,7,156,4.49,2025-10-01 15:59:00
KP029567,KW10710,2025-10-02,US,Desktop,17408,31.0,267,6397,4.17,2025-10-02 05:04:00
KP029568,KW10295,2025-10-03,BR,Mobile,3785,26.0,16,360,4.44,2025-10-03 23:25:00
KP029569,KW11686,2025-10-04,DE,Desktop,6934,22.0,187,2522,7.41,2025-10-04 19:33:00
KP029570,KW11834,2025-10-05,CA,Desktop,2039,28.0,44,774,5.68,2025-10-05 20:27:00
KP029571,KW10881,2025-10-06,DE,Desktop,14039,21.0,497,7591,6.55,2025-10-06 20:18:00
KP029572,KW10094,2025-10-07,MX,Mobile,7420,21.0,33,650,5.08,2025-10-07 01:08:00
KP029573,KW10433,2025-10-08,MX,Mobile,11175,3.0,382,1637,23.34,2025-10-08 19:53:00
KP029574,KW11262,2025-10-09,UK,Mobile,2211,43.0,26,538,4.83,2025-10-09 19:57:00
KP029575,KW11837,2025-10-10,BR,Mobile,4197,16.0,128,1441,8.88,2025-10-10 15:42:00
KP029576,KW10311,2025-10-11,CA,Mobile,4409,40.0,58,1071,5.42,2025-10-11 23:23:00
KP029577,KW10968,2025-10-12,FR,Tablet,6603,24.0,55,800,6.88,2025-10-12 13:17:00
KP029578,KW11356,2025-10-13,DE,Mobile,2612,33.0,8,189,4.23,2025-10-13 09:40:00
KP029579,KW11909,2025-10-14,FR,Mobile,18923,27.0,242,5084,4.76,2025-10-14 23:25:00
KP029580,KW10002,2025-10-15,US,Desktop,1225,24.0,14,207,6.76,2025-10-15 11:09:00
KP029581,KW10278,2025-10-16,IN,Mobile,9877,44.0,177,5218,3.39,2025-10-16 15:24:00
KP029582,KW11912,2025-10-17,BR,Desktop,8038,12.0,307,3717,8.26,2025-10-17 17:58:00
KP029583,KW10587,2025-10-18,CA,Mobile,3993,34.0,109,1776,6.14,2025-10-18 06:33:00
KP029584,KW11849,2025-10-19,CA,Desktop,887,33.0,14,339,4.13,2025-10-19 01:29:00
KP029585,KW10299,2025-10-20,BR,Desktop,3159,27.0,7,176,3.98,2025-10-20 06:12:00
KP029586,KW10177,2025-10-21,JP,Mobile,12141,26.0,192,3287,5.84,2025-10-21 18:16:00
KP029587,KW11553,2025-10-22,MX,Desktop,1288,34.0,25,528,4.73,2025-10-22 11:31:00
KP029588,KW11062,2025-10-23,AU,Mobile,1714,14.0,41,579,7.08,2025-10-23 16:53:00
KP029589,KW10909,2025-10-24,JP,Mobile,7753,48.0,59,1906,3.1,2025-10-24 09:00:00
KP029590,KW11574,2025-10-25,UK,Desktop,3653,13.0,93,1418,6.56,2025-10-25 23:03:00
KP029591,KW11382,2025-10-26,US,Mobile,7505,3.0,208,1111,18.72,2025-10-26 16:17:00
KP029592,KW10165,2025-10-27,US,Mobile,1664,12.0,60,591,10.15,2025-10-27 11:50:00
KP029593,KW11951,2025-10-28,BR,Tablet,2740,20.0,17,242,7.02,2025-10-28 10:12:00
KP029594,KW10170,2025-10-29,DE,Mobile,3753,24.0,103,1867,5.52,2025-10-29 07:13:00
KP029595,KW10783,2025-10-30,DE,Mobile,833,32.0,2,49,4.08,2025-10-30 20:40:00
KP029596,KW10169,2025-10-31,MX,Tablet,1830,2.0,120,637,18.84,2025-10-31 20:17:00
KP029597,KW11962,2025-11-01,JP,Mobile,4266,34.0,16,353,4.53,2025-11-01 18:22:00
KP029598,KW11106,2025-11-02,CA,Mobile,1532,21.0,30,494,6.07,2025-11-02 00:15:00
KP029599,KW10839,2025-11-03,BR,Mobile,2665,5.0,99,695,14.24,2025-11-03 00:05:00
KP029600,KW10474,2025-11-04,CA,Tablet,808,46.0,2,47,4.26,2025-11-04 00:35:00
KP029601,KW11062,2025-11-05,FR,Desktop,11067,32.0,129,2112,6.11,2025-11-05 20:22:00
KP029602,KW11104,2025-11-06,AU,Mobile,1844,23.0,61,810,7.53,2025-11-06 23:58:00
KP029603,KW11067,2025-11-07,JP,Mobile,1664,37.0,24,454,5.29,2025-11-07 10:13:00
KP029604,KW10712,2025-11-08,CA,Tablet,10752,21.0,316,5041,6.27,2025-11-08 05:14:00
KP029605,KW10264,2025-11-09,FR,Mobile,7431,18.0,158,1920,8.23,2025-11-09 02:00:00
KP029606,KW10660,2025-11-10,US,Mobile,2958,14.0,138,1535,8.99,2025-11-10 22:20:00
KP029607,KW10180,2025-11-11,CA,Mobile,15990,27.0,539,7888,6.83,2025-11-11 11:53:00
KP029608,KW11054,2025-11-12,CA,Desktop,19742,36.0,331,5667,5.84,2025-11-12 15:12:00
KP029609,KW11733,2025-11-13,IN,Desktop,1761,9.0,12,134,8.96,2025-11-13 18:09:00
KP029610,KW10625,2025-11-14,AU,Mobile,11691,1.0,1742,4979,34.99,2025-11-14 15:42:00
KP029611,KW10166,2025-11-15,FR,Mobile,594,8.0,29,216,13.43,2025-11-15 06:36:00
KP029612,KW11716,2025-11-16,BR,Mobile,6935,26.0,153,2461,6.22,2025-11-16 19:39:00
KP029613,KW11133,2025-11-17,CA,Desktop,5151,19.0,103,1542,6.68,2025-11-17 17:53:00
KP029614,KW10366,2025-11-18,BR,Mobile,6459,44.0,102,2004,5.09,2025-11-18 05:22:00
KP029615,KW11963,2025-11-19,US,Desktop,925,21.0,20,405,4.94,2025-11-19 00:30:00
KP029616,KW10063,2025-11-20,BR,Mobile,1436,50.0,27,674,4.01,2025-11-20 04:01:00
KP029617,KW10575,2025-11-21,MX,Mobile,4289,37.0,28,629,4.45,2025-11-21 02:01:00
KP029618,KW10073,2025-11-22,IN,Mobile,1950,9.0,81,806,10.05,2025-11-22 04:22:00
KP029619,KW10571,2025-11-23,JP,Mobile,4725,37.0,86,1774,4.85,2025-11-23 17:26:00
KP029620,KW10835,2025-11-24,JP,Mobile,2319,23.0,31,427,7.26,2025-11-24 05:26:00
KP029621,KW10666,2025-11-25,CA,Desktop,1714,14.0,43,587,7.33,2025-11-25 18:11:00
KP029622,KW10455,2025-11-26,UK,Mobile,1101,15.0,18,269,6.69,2025-11-26 19:51:00
KP029623,KW10771,2025-11-27,US,Mobile,5302,15.0,199,2041,9.75,2025-11-27 14:48:00
KP029624,KW11374,2025-11-28,MX,Desktop,7792,24.0,102,2069,4.93,2025-11-28 22:10:00
KP029625,KW11111,2025-11-29,US,Desktop,1437,16.0,55,752,7.31,2025-11-29 01:01:00
KP029626,KW10372,2025-11-30,IN,Desktop,4144,13.0,56,849,6.6,2025-11-30 11:50:00
KP029627,KW11243,2025-12-01,JP,Tablet,3125,25.0,79,1395,5.66,2025-12-01 02:12:00
KP029628,KW10490,2025-12-02,JP,Desktop,3553,32.0,38,894,4.25,2025-12-02 17:25:00
KP029629,KW10322,2025-12-03,US,Mobile,2109,49.0,7,184,3.8,2025-12-03 07:44:00
KP029630,KW11016,2025-12-04,FR,Mobile,2669,50.0,13,407,3.19,2025-12-04 07:16:00
KP029631,KW11054,2025-12-05,UK,Tablet,4277,49.0,12,369,3.25,2025-12-05 08:37:00
KP029632,KW10152,2025-12-06,UK,Mobile,8637,19.0,149,2144,6.95,2025-12-06 14:46:00
KP029633,KW11034,2025-12-07,DE,Mobile,3533,27.0,53,762,6.96,2025-12-07 00:32:00
KP029634,KW11422,2025-12-08,CA,Desktop,2149,38.0,38,721,5.27,2025-12-08 03:26:00
KP029635,KW10879,2025-12-09,MX,Desktop,855,12.0,20,293,6.83,2025-12-09 12:47:00
KP029636,KW11973,2025-12-10,DE,Desktop,9082,15.0,130,1330,9.77,2025-12-10 06:31:00
KP029637,KW10497,2025-12-11,JP,Mobile,6037,47.0,109,3233,3.37,2025-12-11 00:11:00
KP029638,KW11064,2025-12-12,AU,Mobile,1255,32.0,30,533,5.63,2025-12-12 19:27:00
KP029639,KW10844,2025-12-13,IN,Mobile,976,47.0,20,442,4.52,2025-12-13 22:36:00
KP029640,KW11594,2025-12-14,FR,Mobile,5357,6.0,167,1117,14.95,2025-12-14 23:21:00
KP029641,KW10968,2025-12-15,US,Mobile,2150,38.0,29,688,4.22,2025-12-15 16:05:00
KP029642,KW10698,2025-12-16,MX,Desktop,593,34.0,14,255,5.49,2025-12-16 01:39:00
KP029643,KW11581,2025-12-17,CA,Mobile,317,37.0,5,149,3.36,2025-12-17 07:37:00
KP029644,KW10153,2025-12-18,AU,Mobile,1339,45.0,10,213,4.69,2025-12-18 17:44:00
KP029645,KW11631,2025-12-19,UK,Desktop,6647,27.0,53,813,6.52,2025-12-19 05:51:00
KP029646,KW10691,2025-12-20,DE,Desktop,1466,18.0,33,417,7.91,2025-12-20 09:56:00
KP029647,KW11079,2025-12-21,MX,Mobile,2550,28.0,55,1321,4.16,2025-12-21 02:39:00
KP029648,KW11262,2025-12-22,BR,Mobile,25304,20.0,885,12631,7.01,2025-12-22 01:18:00
KP029649,KW11692,2025-12-23,JP,Mobile,3499,24.0,33,500,6.6,2025-12-23 20:16:00
KP029650,KW11729,2025-12-24,AU,Desktop,1387,20.0,26,398,6.53,2025-12-24 09:59:00
KP029651,KW11313,2025-12-25,CA,Mobile,5122,13.0,152,1532,9.92,2025-12-25 03:49:00
KP029652,KW10042,2025-12-26,DE,Mobile,5642,37.0,145,2596,5.59,2025-12-26 14:35:00
KP029653,KW10586,2025-12-27,BR,Desktop,4707,27.0,44,837,5.26,2025-12-27 02:19:00
KP029654,KW10793,2025-12-28,AU,Mobile,2916,20.0,89,1387,6.42,2025-12-28 00:06:00
KP029655,KW10660,2025-12-29,FR,Mobile,9597,7.0,386,3770,10.24,2025-12-29 04:48:00
KP029656,KW11613,2025-12-30,DE,Mobile,8294,11.0,228,2668,8.55,2025-12-30 00:24:00
KP029657,KW10534,2025-12-31,IN,Desktop,334,24.0,7,135,5.19,2025-12-31 06:18:00
KP029658,KW10708,2026-01-01,JP,Desktop,7403,32.0,80,1822,4.39,2026-01-01 12:08:00
KP029659,KW10634,2026-01-02,CA,Mobile,2859,44.0,24,698,3.44,2026-01-02 12:37:00
KP029660,KW10962,2026-01-03,US,Desktop,2200,34.0,64,1071,5.98,2026-01-03 15:35:00
KP029661,KW10228,2026-01-04,UK,Desktop,5637,22.0,82,1040,7.88,2026-01-04 04:04:00
KP029662,KW10522,2026-01-05,JP,Mobile,3214,23.0,27,473,5.71,2026-01-05 07:20:00
KP029663,KW11036,2026-01-06,FR,Desktop,5810,13.0,223,2130,10.47,2026-01-06 20:35:00
KP029664,KW10859,2026-01-07,AU,Desktop,13349,31.0,98,2184,4.49,2026-01-07 09:08:00
KP029665,KW11907,2026-01-08,US,Mobile,1656,49.0,43,873,4.93,2026-01-08 10:15:00
KP029666,KW11045,2026-01-09,DE,Mobile,5504,46.0,58,1527,3.8,2026-01-09 06:26:00
KP029667,KW10593,2026-01-10,IN,Mobile,844,7.0,56,437,12.81,2026-01-10 01:58:00
KP029668,KW10219,2026-01-11,US,Desktop,4581,18.0,159,1917,8.29,2026-01-11 23:06:00
KP029669,KW11633,2026-01-12,JP,Tablet,1880,30.0,43,907,4.74,2026-01-12 05:00:00
KP029670,KW10677,2026-01-13,CA,Mobile,738,28.0,11,239,4.6,2026-01-13 02:09:00
KP029671,KW10624,2026-01-14,CA,Desktop,2353,35.0,50,1283,3.9,2026-01-14 07:39:00
KP029672,KW10372,2026-01-15,JP,Mobile,2718,31.0,46,1037,4.44,2026-01-15 00:17:00
KP029673,KW11910,2026-01-16,BR,Desktop,5202,49.0,109,2293,4.75,2026-01-16 02:42:00
KP029674,KW10874,2026-01-17,JP,Mobile,2842,25.0,15,228,6.58,2026-01-17 02:28:00
KP029675,KW11476,2026-01-18,DE,Desktop,6628,44.0,33,701,4.71,2026-01-18 19:36:00
KP029676,KW11539,2026-01-19,JP,Mobile,4060,8.0,198,2154,9.19,2026-01-19 15:04:00
KP029677,KW11657,2026-01-20,CA,Mobile,4751,37.0,40,826,4.84,2026-01-20 20:18:00
KP029678,KW11235,2026-01-21,CA,Desktop,3246,32.0,37,683,5.42,2026-01-21 12:45:00
KP029679,KW11561,2026-01-22,UK,Mobile,1249,15.0,50,566,8.83,2026-01-22 10:27:00
KP029680,KW11826,2026-01-23,JP,Mobile,3734,23.0,101,1763,5.73,2026-01-23 06:53:00
KP029681,KW11631,2026-01-24,CA,Desktop,5074,48.0,68,1557,4.37,2026-01-24 01:13:00
KP029682,KW10914,2026-01-25,US,Mobile,1285,28.0,14,235,5.96,2026-01-25 00:49:00
KP029683,KW11482,2026-01-26,BR,Mobile,4755,9.0,114,972,11.73,2026-01-26 03:12:00
KP029684,KW10479,2026-01-27,BR,Desktop,1765,22.0,30,427,7.03,2026-01-27 20:36:00
KP029685,KW10528,2026-01-28,UK,Mobile,548,41.0,12,256,4.69,2026-01-28 05:01:00
KP029686,KW11026,2026-01-29,MX,Desktop,1180,31.0,15,283,5.3,2026-01-29 14:29:00
KP029687,KW10767,2026-01-30,IN,Mobile,8253,37.0,108,1826,5.91,2026-01-30 01:07:00
KP029688,KW11623,2026-01-31,MX,Mobile,893,15.0,24,325,7.38,2026-01-31 11:46:00
KP029931,KW11775,2025-10-01,UK,Mobile,3158,25.0,57,972,5.86,2025-10-01 00:36:00
KP029932,KW11005,2025-10-02,FR,Desktop,9084,38.0,126,2589,4.87,2025-10-02 12:40:00
KP029933,KW10248,2025-10-03,BR,Desktop,2639,43.0,33,629,5.25,2025-10-03 04:28:00
KP029934,KW11754,2025-10-04,BR,Mobile,5734,39.0,146,2817,5.18,2025-10-04 10:16:00
KP029935,KW11722,2025-10-05,MX,Desktop,2572,40.0,34,648,5.25,2025-10-05 17:37:00
KP029936,KW11434,2025-10-06,FR,Desktop,13121,47.0,75,2306,3.25,2025-10-06 02:14:00
KP029937,KW10277,2025-10-07,AU,Desktop,823,41.0,8,217,3.69,2025-10-07 23:01:00
KP029938,KW11155,2025-10-08,DE,Desktop,7795,15.0,166,2779,5.97,2025-10-08 10:50:00
KP029939,KW10367,2025-10-09,IN,Desktop,932,49.0,17,401,4.24,2025-10-09 14:13:00
KP029940,KW11743,2025-10-10,FR,Mobile,3688,24.0,37,522,7.09,2025-10-10 18:44:00
KP029941,KW10375,2025-10-11,US,Tablet,4310,37.0,38,762,4.99,2025-10-11 00:44:00
KP029942,KW11226,2025-10-12,BR,Mobile,3406,2.0,43,173,24.86,2025-10-12 14:34:00
KP029943,KW11936,2025-10-13,FR,Desktop,1020,1.0,118,408,28.92,2025-10-13 07:47:00
KP029944,KW10787,2025-10-14,JP,Mobile,5824,4.0,215,1569,13.7,2025-10-14 16:53:00
KP029945,KW10721,2025-10-15,IN,Mobile,6692,10.0,102,1344,7.59,2025-10-15 12:34:00
KP029946,KW11463,2025-10-16,AU,Desktop,6793,34.0,157,2627,5.98,2025-10-16 22:23:00
KP029947,KW11919,2025-10-17,CA,Desktop,6447,49.0,146,2853,5.12,2025-10-17 20:29:00
KP029948,KW11593,2025-10-18,CA,Mobile,3954,38.0,11,198,5.56,2025-10-18 11:26:00
KP029949,KW10042,2025-10-19,DE,Mobile,16797,32.0,111,1796,6.18,2025-10-19 17:40:00
KP029950,KW11168,2025-10-20,US,Desktop,29625,2.0,1656,7798,21.24,2025-10-20 19:43:00
KP029951,KW10532,2025-10-21,UK,Desktop,11123,9.0,371,3682,10.08,2025-10-21 04:32:00
KP029952,KW10007,2025-10-22,CA,Desktop,2498,29.0,24,393,6.11,2025-10-22 16:31:00
KP029953,KW10775,2025-10-23,FR,Desktop,1240,10.0,41,433,9.47,2025-10-23 17:19:00
KP029954,KW10311,2025-10-24,US,Mobile,3260,47.0,13,280,4.64,2025-10-24 07:28:00
KP029955,KW11832,2025-10-25,JP,Mobile,987,3.0,65,344,18.9,2025-10-25 15:42:00
KP029956,KW10513,2025-10-26,JP,Mobile,1706,40.0,20,382,5.24,2025-10-26 10:57:00
KP029957,KW10070,2025-10-27,US,Mobile,10621,48.0,84,2388,3.52,2025-10-27 00:20:00
KP029958,KW10306,2025-10-28,UK,Desktop,697,38.0,14,321,4.36,2025-10-28 05:26:00
KP029959,KW10827,2025-10-29,CA,Mobile,2217,35.0,9,205,4.39,2025-10-29 07:05:00
KP029960,KW10625,2025-10-30,MX,Mobile,5994,49.0,45,1106,4.07,2025-10-30 03:37:00
KP029961,KW10631,2025-10-31,JP,Desktop,703,28.0,7,152,4.61,2025-10-31 21:55:00
KP029962,KW11347,2025-11-01,CA,Mobile,5193,4.0,354,2343,15.11,2025-11-01 11:53:00
KP029963,KW10534,2025-11-02,BR,Mobile,1842,24.0,10,148,6.76,2025-11-02 21:54:00
KP029964,KW10819,2025-11-03,JP,Desktop,2452,32.0,25,594,4.21,2025-11-03 02:33:00
KP029965,KW11131,2025-11-04,MX,Desktop,13880,6.0,215,2161,9.95,2025-11-04 21:17:00
KP029966,KW10750,2025-11-05,BR,Mobile,2579,25.0,33,504,6.55,2025-11-05 06:58:00
KP029967,KW11021,2025-11-06,DE,Mobile,4928,8.0,190,1372,13.85,2025-11-06 12:05:00
KP029968,KW10143,2025-11-07,BR,Mobile,5415,6.0,154,1071,14.38,2025-11-07 07:53:00
KP029969,KW11048,2025-11-08,MX,Mobile,2967,48.0,31,699,4.43,2025-11-08 22:19:00
KP029970,KW10756,2025-11-09,CA,Tablet,5829,49.0,79,1594,4.96,2025-11-09 08:43:00
KP029971,KW10786,2025-11-10,BR,Desktop,5852,45.0,29,767,3.78,2025-11-10 10:45:00
KP029972,KW11257,2025-11-11,JP,Desktop,3321,43.0,19,457,4.16,2025-11-11 11:20:00
KP029973,KW10052,2025-11-12,FR,Desktop,2495,41.0,38,929,4.09,2025-11-12 14:52:00
KP029974,KW10581,2025-11-13,IN,Desktop,1504,42.0,7,135,5.19,2025-11-13 14:20:00
KP029975,KW11156,2025-11-14,MX,Desktop,2735,39.0,39,952,4.1,2025-11-14 14:55:00
KP029976,KW11252,2025-11-15,FR,Desktop,1056,12.0,56,577,9.71,2025-11-15 14:24:00
KP029977,KW11692,2025-11-16,UK,Desktop,3067,9.0,113,1434,7.88,2025-11-16 07:00:00
KP029978,KW10264,2025-11-17,IN,Mobile,11870,34.0,176,4427,3.98,2025-11-17 11:44:00
KP029979,KW11943,2025-11-18,US,Desktop,1635,17.0,38,435,8.74,2025-11-18 14:06:00
KP029980,KW11810,2025-11-19,UK,Mobile,6516,13.0,151,1505,10.03,2025-11-19 22:47:00
KP029981,KW10132,2025-11-20,CA,Desktop,1363,35.0,18,426,4.23,2025-11-20 18:18:00
KP029982,KW11404,2025-11-21,DE,Desktop,7494,49.0,98,2422,4.05,2025-11-21 23:32:00
KP029983,KW10282,2025-11-22,IN,Tablet,1391,22.0,13,186,6.99,2025-11-22 06:08:00
KP029984,KW10159,2025-11-23,CA,Tablet,6331,34.0,36,954,3.77,2025-11-23 21:22:00
KP029985,KW10345,2025-11-24,AU,Desktop,1643,29.0,17,377,4.51,2025-11-24 22:07:00
KP029986,KW11262,2025-11-25,UK,Desktop,395,38.0,1,28,3.57,2025-11-25 05:05:00
KP029987,KW10879,2025-11-26,FR,Mobile,776,49.0,17,341,4.99,2025-11-26 10:48:00
KP029988,KW11012,2025-11-27,US,Desktop,1135,48.0,16,372,4.3,2025-11-27 07:57:00
KP029989,KW11782,2025-11-28,JP,Desktop,2653,31.0,26,488,5.33,2025-11-28 21:28:00
KP029990,KW11586,2025-11-29,AU,Desktop,2660,45.0,37,1164,3.18,2025-11-29 20:31:00
KP029991,KW11696,2025-11-30,IN,Desktop,4575,8.0,173,1688,10.25,2025-11-30 11:15:00
KP029992,KW10605,2025-12-01,CA,Desktop,6689,35.0,23,419,5.49,2025-12-01 04:59:00
KP029993,KW10652,2025-12-02,CA,Desktop,11028,31.0,99,2394,4.14,2025-12-02 19:56:00
KP029994,KW11838,2025-12-03,BR,Desktop,1840,14.0,65,701,9.27,2025-12-03 13:34:00
KP029995,KW11600,2025-12-04,MX,Mobile,2368,36.0,28,546,5.13,2025-12-04 17:51:00
KP029996,KW11539,2025-12-05,IN,Mobile,843,39.0,8,169,4.73,2025-12-05 22:45:00
KP029997,KW11347,2025-12-06,IN,Desktop,3974,29.0,64,967,6.62,2025-12-06 20:25:00
KP029998,KW11837,2025-12-07,FR,Mobile,2845,50.0,9,267,3.37,2025-12-07 10:54:00
KP029999,KW10101,2025-12-08,AU,Desktop,4769,27.0,83,1378,6.02,2025-12-08 23:52:00
KP030000,KW11687,2025-12-09,DE,Desktop,2454,6.0,26,187,13.9,2025-12-09 07:57:00
