order_id,order_date,country_code,product_id,page_id,keyword_id,order_amount,order_status,updated_timestamp
ORD100002,2026-06-24,UK,P1032,PG1192,KW11680,1341.46,Completed,2026-06-24 14:53:00
ORD100008,2026-08-29,DE,P1041,PG1304,KW10538,901.7,Pending,2026-08-29 15:49:00
ORD100009,2026-06-06,IN,P1044,PG1397,KW10371,870.5,Completed,2026-06-06 13:07:00
ORD100016,2026-08-22,CA,P1028,PG1362,KW10626,156.58,Cancelled,2026-08-22 09:01:00
ORD100017,2026-06-13,BR,P1001,PG1053,KW11164,541.65,Completed,2026-06-13 11:53:00
ORD100018,2026-06-01,AU,P1030,PG1053,KW10115,1137.37,Completed,2026-06-01 12:04:00
ORD100020,2026-08-13,AU,P1042,PG1085,KW10984,1709.94,Completed,2026-08-13 13:36:00
ORD100021,2026-09-22,CA,P1021,PG1489,KW10121,258.63,Cancelled,2026-09-22 13:36:00
ORD100030,2026-06-29,IN,P1001,PG1221,KW10553,629.74,Completed,2026-06-29 13:14:00
ORD100031,2026-09-14,DE,P1019,PG1030,KW11723,421.37,Cancelled,2026-09-14 06:38:00
ORD100036,2026-07-08,FR,P1043,PG1128,KW10051,1612.23,Cancelled,2026-07-08 05:47:00
ORD100037,2026-09-18,JP,P1042,PG1069,KW11459,997.68,Completed,2026-09-18 12:35:00
ORD100041,2026-06-25,FR,P1009,PG1189,KW11776,2254.69,Pending,2026-06-25 19:20:00
ORD100046,2026-06-10,BR,P1010,PG1478,KW10116,701.45,Cancelled,2026-06-10 22:39:00
ORD100047,2026-09-12,US,P1004,PG1314,KW11218,1725.24,Completed,2026-09-12 02:49:00
ORD100048,2026-06-05,MX,P1041,PG1379,KW10573,913.4,Completed,2026-06-05 01:37:00
ORD100050,2026-09-17,AU,P1042,PG1202,KW11336,1533.13,Cancelled,2026-09-17 15:43:00
ORD100059,2026-06-17,JP,P1001,PG1215,KW11811,323.58,Completed,2026-06-17 20:54:00
ORD100060,2026-07-19,US,P1018,PG1179,KW10687,867.82,Completed,2026-07-19 15:30:00
ORD100062,2026-06-06,IN,P1004,PG1033,KW10737,332.96,Completed,2026-06-06 17:30:00
ORD100063,2026-07-30,CA,P1046,PG1351,KW11430,1481.45,Returned,2026-07-30 05:01:00
ORD100064,2026-08-09,FR,P1008,PG1453,KW10109,517.26,Cancelled,2026-08-09 00:26:00
ORD100065,2026-08-02,MX,P1023,PG1298,KW11084,1442.44,Returned,2026-08-02 03:57:00
ORD100066,2026-08-19,IN,P1042,PG1046,KW11202,450.78,Completed,2026-08-19 12:27:00
ORD100068,2026-06-12,BR,P1003,PG1358,KW10619,888.82,Pending,2026-06-12 03:36:00
ORD100070,2026-09-21,IN,P1014,PG1173,KW10041,847.77,Completed,2026-09-21 09:44:00
ORD100077,2026-08-23,FR,P1028,PG1114,KW11011,867.35,Cancelled,2026-08-23 06:15:00
ORD100078,2026-07-27,AU,P1039,PG1162,KW10127,1012.77,Cancelled,2026-07-27 09:53:00
ORD100083,2026-08-22,FR,P1019,PG1287,KW11384,1393.77,Pending,2026-08-22 07:57:00
ORD100084,2026-09-12,JP,P1034,PG1427,KW10742,648.45,Completed,2026-09-12 22:05:00
ORD100086,2026-07-28,UK,P1044,PG1446,KW11625,1017.2,Cancelled,2026-07-28 22:28:00
ORD100093,2026-08-19,JP,P1031,PG1447,KW11849,4329.79,Cancelled,2026-08-19 07:16:00
ORD100094,2026-08-05,UK,P1023,PG1207,KW11893,1993.81,Completed,2026-08-05 08:52:00
ORD100097,2026-09-29,AU,P1029,PG1356,KW10849,414.1,Completed,2026-09-29 07:13:00
ORD100098,2026-07-21,BR,P1023,PG1419,KW10362,381.36,Pending,2026-07-21 10:39:00
ORD100099,2026-08-21,AU,P1002,PG1490,KW11111,1776.5,Returned,2026-08-21 17:28:00
ORD100104,2026-07-15,MX,P1026,PG1258,KW10579,1983.01,Pending,2026-07-15 05:57:00
ORD100106,2026-07-30,US,P1023,PG1296,KW10157,428.62,Returned,2026-07-30 08:58:00
ORD100108,2026-07-19,BR,P1048,PG1302,KW10850,388.5,Completed,2026-07-19 13:46:00
ORD100109,2026-08-08,IN,P1040,PG1130,KW11602,401.88,Completed,2026-08-08 18:40:00
ORD100111,2026-09-29,AU,P1050,PG1335,KW11591,556.55,Completed,2026-09-29 10:07:00
ORD100112,2026-08-20,US,P1046,PG1163,KW11673,596.24,Completed,2026-08-20 11:48:00
ORD100114,2026-07-09,US,P1029,PG1467,KW10460,837.67,Completed,2026-07-09 09:04:00
ORD100116,2026-09-29,FR,P1032,PG1157,KW11032,205.28,Pending,2026-09-29 21:09:00
ORD100120,2026-08-15,AU,P1015,PG1012,KW10362,188.37,Completed,2026-08-15 19:27:00
ORD100124,2026-08-29,MX,P1040,PG1113,KW10805,538.39,Cancelled,2026-08-29 02:23:00
ORD100125,2026-09-25,AU,P1026,PG1283,KW10565,1430.75,Returned,2026-09-25 08:14:00
ORD100127,2026-08-26,DE,P1040,PG1239,KW10959,712.27,Pending,2026-08-26 02:44:00
ORD100131,2026-09-12,AU,P1025,PG1195,KW10789,454.04,Pending,2026-09-12 10:18:00
ORD100135,2026-07-07,MX,P1040,PG1378,KW10048,456.28,Cancelled,2026-07-07 20:22:00
ORD100136,2026-09-20,MX,P1041,PG1068,KW10821,655.76,Completed,2026-09-20 09:59:00
ORD100144,2026-09-18,US,P1029,PG1414,KW10588,586.24,Completed,2026-09-18 13:54:00
ORD100145,2026-08-10,MX,P1014,PG1484,KW10238,502.57,Returned,2026-08-10 01:04:00
ORD100152,2026-06-03,AU,P1045,PG1139,KW10984,1192.75,Pending,2026-06-03 20:08:00
ORD100162,2026-09-13,CA,P1004,PG1362,KW11883,805.71,Completed,2026-09-13 22:13:00
ORD100165,2026-08-10,MX,P1027,PG1244,KW10978,1309.82,Completed,2026-08-10 23:19:00
ORD100168,2026-08-19,JP,P1004,PG1390,KW10165,269.58,Completed,2026-08-19 17:19:00
ORD100176,2026-09-26,FR,P1010,PG1148,KW10853,1311.47,Pending,2026-09-26 14:47:00
ORD100178,2026-06-17,JP,P1023,PG1463,KW10955,836.32,Completed,2026-06-17 10:39:00
ORD100179,2026-09-26,UK,P1003,PG1023,KW10082,351.11,Pending,2026-09-26 04:53:00
ORD100184,2026-07-30,BR,P1050,PG1058,KW11524,932.05,Completed,2026-07-30 23:38:00
ORD100186,2026-08-22,MX,P1006,PG1227,KW10160,909.48,Cancelled,2026-08-22 15:41:00
ORD100189,2026-07-19,DE,P1040,PG1150,KW10802,400.9,Returned,2026-07-19 18:09:00
ORD100192,2026-09-05,BR,P1034,PG1089,KW10447,1116.84,Completed,2026-09-05 15:03:00
ORD100193,2026-09-08,JP,P1047,PG1278,KW10386,1121.68,Completed,2026-09-08 21:00:00
ORD100199,2026-07-12,AU,P1027,PG1428,KW11390,755.22,Pending,2026-07-12 11:16:00
ORD100202,2026-08-12,FR,P1031,PG1060,KW11578,867.87,Completed,2026-08-12 16:03:00
ORD100204,2026-08-06,MX,P1020,PG1012,KW10025,2427.73,Cancelled,2026-08-06 03:08:00
ORD100206,2026-06-22,DE,P1043,PG1207,KW10140,428.95,Completed,2026-06-22 14:07:00
ORD100209,2026-07-02,US,P1003,PG1466,KW10910,1947.18,Completed,2026-07-02 07:19:00
ORD100210,2026-08-01,FR,P1045,PG1363,KW10441,1009.69,Pending,2026-08-01 22:26:00
ORD100212,2026-07-22,JP,P1019,PG1248,KW10336,308.4,Returned,2026-07-22 10:32:00
ORD100214,2026-09-17,AU,P1032,PG1436,KW10558,275.53,Pending,2026-09-17 23:31:00
ORD100215,2026-09-11,BR,P1007,PG1262,KW10743,706.67,Completed,2026-09-11 00:35:00
ORD100218,2026-06-18,BR,P1010,PG1224,KW11881,3894.55,Cancelled,2026-06-18 10:08:00
ORD100222,2026-08-21,MX,P1008,PG1382,KW11060,414.15,Returned,2026-08-21 01:35:00
ORD100226,2026-09-25,US,P1020,PG1275,KW11729,734.46,Completed,2026-09-25 03:17:00
ORD100233,2026-09-19,JP,P1006,PG1429,KW11243,1341.38,Cancelled,2026-09-19 03:41:00
ORD100238,2026-09-03,MX,P1002,PG1406,KW10088,821.26,Cancelled,2026-09-03 18:55:00
ORD100239,2026-06-09,AU,P1042,PG1164,KW10540,1622.18,Completed,2026-06-09 11:51:00
ORD100240,2026-06-23,FR,P1040,PG1205,KW10536,761.54,Returned,2026-06-23 17:17:00
ORD100245,2026-08-26,UK,P1045,PG1037,KW11125,2080.65,Completed,2026-08-26 18:16:00
ORD100249,2026-06-03,JP,P1023,PG1029,KW11733,1461.76,Cancelled,2026-06-03 02:12:00
ORD100256,2026-07-15,DE,P1048,PG1305,KW11418,774.34,Returned,2026-07-15 11:25:00
ORD100257,2026-08-17,AU,P1019,PG1025,KW10921,400.33,Pending,2026-08-17 20:16:00
ORD100259,2026-06-22,AU,P1012,PG1452,KW11737,691.97,Returned,2026-06-22 14:33:00
ORD100262,2026-08-23,US,P1001,PG1037,KW11122,2424.31,Completed,2026-08-23 17:59:00
ORD100265,2026-07-12,US,P1017,PG1263,KW11925,721.65,Completed,2026-07-12 19:31:00
ORD100270,2026-09-14,US,P1020,PG1327,KW10104,1068.26,Completed,2026-09-14 11:12:00
ORD100272,2026-06-14,CA,P1038,PG1310,KW11488,1256.98,Completed,2026-06-14 00:37:00
ORD100273,2026-07-07,FR,P1022,PG1322,KW11571,639.16,Completed,2026-07-07 20:10:00
ORD100285,2026-07-22,DE,P1016,PG1305,KW10504,1172.28,Completed,2026-07-22 19:46:00
ORD100288,2026-08-17,IN,P1039,PG1381,KW10711,1050.97,Completed,2026-08-17 21:10:00
ORD100289,2026-09-19,UK,P1017,PG1064,KW10445,833.9,Pending,2026-09-19 05:27:00
ORD100291,2026-07-17,IN,P1013,PG1217,KW11828,744.61,Returned,2026-07-17 21:43:00
ORD100292,2026-09-20,AU,P1020,PG1489,KW11539,1716.95,Completed,2026-09-20 04:23:00
ORD100294,2026-09-30,US,P1005,PG1224,KW11981,403.29,Completed,2026-09-30 10:15:00
ORD100300,2026-09-29,FR,P1023,PG1134,KW11602,472.25,Completed,2026-09-29 19:55:00
ORD100302,2026-07-18,DE,P1026,PG1167,KW10051,2077.95,Completed,2026-07-18 11:55:00
ORD100303,2026-09-26,CA,P1021,PG1218,KW11680,900.33,Cancelled,2026-09-26 04:44:00
ORD100305,2026-09-05,BR,P1023,PG1407,KW10249,843.14,Completed,2026-09-05 09:04:00
ORD100306,2026-06-19,DE,P1036,PG1365,KW10009,1032.86,Cancelled,2026-06-19 22:06:00
ORD100313,2026-06-14,MX,P1012,PG1441,KW10358,514.46,Pending,2026-06-14 21:10:00
ORD100317,2026-08-18,IN,P1026,PG1352,KW11230,831.28,Completed,2026-08-18 17:44:00
ORD100321,2026-06-14,UK,P1009,PG1458,KW11289,574.84,Completed,2026-06-14 11:51:00
ORD100322,2026-06-02,AU,P1044,PG1197,KW11353,684.47,Completed,2026-06-02 17:52:00
ORD100325,2026-08-15,UK,P1032,PG1265,KW11407,2315.74,Completed,2026-08-15 08:30:00
ORD100327,2026-08-06,BR,P1025,PG1128,KW10124,632.57,Completed,2026-08-06 04:09:00
ORD100328,2026-07-07,US,P1044,PG1137,KW10610,2239.98,Completed,2026-07-07 00:46:00
ORD100329,2026-09-04,CA,P1023,PG1359,KW10078,487.81,Completed,2026-09-04 22:29:00
ORD100332,2026-09-19,MX,P1026,PG1033,KW11256,989.49,Pending,2026-09-19 07:45:00
ORD100334,2026-08-20,BR,P1029,PG1473,KW11085,893.22,Completed,2026-08-20 05:46:00
ORD100336,2026-06-29,CA,P1020,PG1351,KW11316,494.04,Completed,2026-06-29 12:14:00
ORD100339,2026-09-17,MX,P1024,PG1111,KW11611,298.84,Pending,2026-09-17 11:07:00
ORD100340,2026-06-04,FR,P1026,PG1077,KW11357,571.77,Cancelled,2026-06-04 17:25:00
ORD100342,2026-08-16,DE,P1007,PG1324,KW10751,1065.26,Returned,2026-08-16 11:46:00
ORD100344,2026-07-29,AU,P1005,PG1264,KW10803,466.65,Cancelled,2026-07-29 01:10:00
ORD100350,2026-07-28,US,P1032,PG1280,KW10915,1350.63,Returned,2026-07-28 07:17:00
ORD100352,2026-06-19,DE,P1033,PG1435,KW11751,716.83,Completed,2026-06-19 06:19:00
ORD100354,2026-07-31,JP,P1040,PG1024,KW10022,1335.48,Returned,2026-07-31 14:59:00
ORD100358,2026-07-18,CA,P1003,PG1183,KW10663,586.45,Pending,2026-07-18 20:48:00
ORD100368,2026-07-24,AU,P1046,PG1135,KW11627,265.74,Cancelled,2026-07-24 10:01:00
ORD100371,2026-06-10,DE,P1034,PG1115,KW10669,2128.74,Pending,2026-06-10 14:27:00
ORD100372,2026-06-12,AU,P1015,PG1391,KW11864,494.57,Completed,2026-06-12 23:55:00
ORD100384,2026-06-09,FR,P1022,PG1019,KW10002,800.91,Completed,2026-06-09 08:03:00
ORD100385,2026-06-23,FR,P1032,PG1485,KW10363,463.53,Returned,2026-06-23 01:51:00
ORD100390,2026-09-27,CA,P1047,PG1075,KW11471,714.23,Cancelled,2026-09-27 20:47:00
ORD100393,2026-06-20,CA,P1039,PG1241,KW10137,934.08,Completed,2026-06-20 15:57:00
ORD100394,2026-08-23,IN,P1021,PG1214,KW10300,580.52,Completed,2026-08-23 09:48:00
ORD100398,2026-08-12,AU,P1011,PG1437,KW10516,1202.72,Completed,2026-08-12 19:45:00
ORD100399,2026-06-19,FR,P1021,PG1157,KW11828,382.95,Completed,2026-06-19 21:44:00
ORD100401,2026-06-04,UK,P1035,PG1488,KW10381,412.16,Cancelled,2026-06-04 23:19:00
ORD100405,2026-06-10,JP,P1027,PG1308,KW10287,626.2,Pending,2026-06-10 19:13:00
ORD100407,2026-08-17,BR,P1029,PG1262,KW10372,1324.04,Pending,2026-08-17 18:04:00
ORD100411,2026-07-30,US,P1012,PG1327,KW11722,1216.02,Returned,2026-07-30 23:52:00
ORD100413,2026-09-08,JP,P1028,PG1241,KW11135,635.28,Completed,2026-09-08 00:20:00
ORD100416,2026-08-11,US,P1046,PG1159,KW11661,1086.75,Completed,2026-08-11 21:57:00
ORD100417,2026-07-11,CA,P1040,PG1330,KW11409,860.9,Pending,2026-07-11 00:04:00
ORD100418,2026-08-12,BR,P1044,PG1077,KW11906,506.35,Completed,2026-08-12 08:58:00
ORD100422,2026-06-30,CA,P1027,PG1171,KW10302,510.59,Completed,2026-06-30 00:00:00
ORD100423,2026-06-29,US,P1021,PG1239,KW11296,1007.7,Cancelled,2026-06-29 17:36:00
ORD100424,2026-07-11,AU,P1038,PG1026,KW11653,225.77,Cancelled,2026-07-11 06:44:00
ORD100427,2026-09-02,MX,P1009,PG1493,KW10356,777.55,Completed,2026-09-02 12:59:00
ORD100429,2026-07-28,IN,P1050,PG1019,KW10582,440.47,Cancelled,2026-07-28 12:06:00
ORD100430,2026-08-24,AU,P1040,PG1089,KW11628,379.97,Completed,2026-08-24 22:53:00
ORD100433,2026-07-27,CA,P1033,PG1232,KW11748,297.71,Pending,2026-07-27 15:10:00
ORD100434,2026-08-16,DE,P1027,PG1418,KW11487,1046.77,Returned,2026-08-16 15:57:00
ORD100436,2026-06-05,UK,P1040,PG1207,KW10031,1163.38,Returned,2026-06-05 03:56:00
ORD100439,2026-07-13,AU,P1005,PG1022,KW11882,309.73,Completed,2026-07-13 04:27:00
ORD100441,2026-07-14,US,P1044,PG1299,KW11748,684.82,Completed,2026-07-14 23:01:00
ORD100444,2026-08-13,US,P1021,PG1496,KW11371,825.78,Cancelled,2026-08-13 15:02:00
ORD100446,2026-07-07,AU,P1022,PG1163,KW10897,599.76,Pending,2026-07-07 23:58:00
ORD100448,2026-08-23,JP,P1036,PG1094,KW10027,241.59,Completed,2026-08-23 08:48:00
ORD100450,2026-09-29,DE,P1006,PG1158,KW11255,891.84,Cancelled,2026-09-29 06:38:00
ORD100453,2026-06-13,IN,P1014,PG1316,KW10925,618.49,Completed,2026-06-13 10:42:00
ORD100456,2026-09-20,US,P1008,PG1222,KW11915,355.37,Completed,2026-09-20 12:12:00
ORD100461,2026-09-03,AU,P1045,PG1117,KW11740,1019.33,Completed,2026-09-03 21:12:00
ORD100469,2026-09-12,AU,P1006,PG1373,KW10142,515.84,Cancelled,2026-09-12 15:52:00
ORD100471,2026-08-23,IN,P1011,PG1454,KW11587,681.9,Cancelled,2026-08-23 23:23:00
ORD100475,2026-08-06,CA,P1007,PG1291,KW11333,1093.16,Completed,2026-08-06 20:53:00
ORD100480,2026-06-14,US,P1022,PG1145,KW11515,3151.45,Cancelled,2026-06-14 10:20:00
ORD100481,2026-09-27,UK,P1032,PG1423,KW11062,2753.67,Pending,2026-09-27 12:38:00
ORD100486,2026-08-19,FR,P1001,PG1268,KW11019,636.17,Pending,2026-08-19 00:41:00
ORD100488,2026-06-09,MX,P1014,PG1150,KW11785,840.6,Returned,2026-06-09 10:19:00
ORD100491,2026-08-06,MX,P1026,PG1380,KW11061,878.06,Cancelled,2026-08-06 13:10:00
ORD100492,2026-09-01,DE,P1012,PG1277,KW11597,342.61,Cancelled,2026-09-01 14:05:00
ORD100497,2026-08-26,JP,P1020,PG1190,KW10103,439.0,Completed,2026-08-26 08:56:00
ORD100500,2026-07-14,BR,P1012,PG1153,KW10700,1770.86,Returned,2026-07-14 04:40:00
ORD100508,2026-06-22,UK,P1022,PG1349,KW11185,686.15,Completed,2026-06-22 09:52:00
ORD100509,2026-09-06,US,P1048,PG1440,KW10149,1188.31,Returned,2026-09-06 13:05:00
ORD100518,2026-08-04,FR,P1046,PG1107,KW11475,1017.08,Completed,2026-08-04 16:55:00
ORD100522,2026-08-30,US,P1022,PG1032,KW10906,848.59,Returned,2026-08-30 21:39:00
ORD100531,2026-06-29,UK,P1044,PG1398,KW10047,779.2,Cancelled,2026-06-29 22:06:00
ORD100537,2026-08-11,UK,P1046,PG1376,KW10647,1170.24,Completed,2026-08-11 16:55:00
ORD100539,2026-07-14,FR,P1032,PG1307,KW10259,610.93,Completed,2026-07-14 13:55:00
ORD100544,2026-09-17,FR,P1009,PG1316,KW11675,1022.96,Returned,2026-09-17 20:56:00
ORD100545,2026-06-10,DE,P1007,PG1210,KW10988,548.17,Completed,2026-06-10 23:20:00
ORD100550,2026-07-31,JP,P1048,PG1282,KW10851,1237.84,Returned,2026-07-31 22:47:00
ORD100553,2026-08-02,UK,P1039,PG1436,KW11312,2566.77,Returned,2026-08-02 02:13:00
ORD100558,2026-08-26,JP,P1045,PG1265,KW10736,544.32,Completed,2026-08-26 14:24:00
ORD100563,2026-09-28,CA,P1043,PG1351,KW10333,1142.29,Completed,2026-09-28 04:01:00
ORD100565,2026-09-14,DE,P1021,PG1067,KW10829,856.91,Completed,2026-09-14 22:16:00
ORD100567,2026-06-16,IN,P1005,PG1470,KW11644,1044.32,Cancelled,2026-06-16 01:25:00
ORD100572,2026-07-10,AU,P1032,PG1298,KW10697,853.88,Cancelled,2026-07-10 17:26:00
ORD100576,2026-09-02,MX,P1014,PG1469,KW11163,1981.35,Completed,2026-09-02 06:26:00
ORD100578,2026-06-27,JP,P1045,PG1231,KW11611,927.22,Completed,2026-06-27 08:08:00
ORD100579,2026-07-02,MX,P1039,PG1104,KW10317,1333.43,Completed,2026-07-02 19:47:00
ORD100581,2026-08-09,UK,P1022,PG1395,KW10845,1257.12,Completed,2026-08-09 08:14:00
ORD100585,2026-07-17,US,P1050,PG1411,KW10934,608.62,Completed,2026-07-17 03:34:00
ORD100597,2026-07-10,CA,P1029,PG1097,KW11575,723.39,Completed,2026-07-10 09:59:00
ORD100598,2026-06-02,UK,P1028,PG1156,KW11299,991.26,Completed,2026-06-02 01:21:00
ORD100601,2026-07-27,AU,P1023,PG1002,KW11327,1291.02,Unknown,2026-07-27 01:47:00
ORD100602,2026-09-04,IN,P1015,PG1130,KW10317,2623.97,Completed,2026-09-04 09:37:00
ORD100606,2026-09-16,UK,P1048,PG1350,KW11686,1998.15,Completed,2026-09-16 09:10:00
ORD100609,2026-06-06,BR,P1040,PG1014,KW11984,450.33,Completed,2026-06-06 05:48:00
ORD100610,2026-06-25,US,P1006,PG1098,KW11171,1610.59,Completed,2026-06-25 17:27:00
ORD100617,2026-07-26,UK,P1037,PG1206,KW10627,605.63,Completed,2026-07-26 02:50:00
ORD100619,2026-06-12,JP,P1032,PG1113,KW10655,961.24,Completed,2026-06-12 06:03:00
ORD100620,2026-07-24,CA,P1049,PG1045,KW10846,628.43,Returned,2026-07-24 19:20:00
ORD100621,2026-07-12,MX,P1016,PG1149,KW10596,1193.63,Completed,2026-07-12 09:33:00
ORD100622,2026-07-28,MX,P1019,PG1011,KW10200,1124.32,Returned,2026-07-28 17:27:00
ORD100623,2026-08-02,CA,P1006,PG1164,KW10444,1488.53,Completed,2026-08-02 00:34:00
ORD100625,2026-08-14,FR,P1050,PG1119,KW10084,1912.14,Completed,2026-08-14 09:47:00
ORD100628,2026-08-16,FR,P1027,PG1334,KW10300,671.37,Cancelled,2026-08-16 06:11:00
ORD100636,2026-08-22,AU,P1036,PG1064,KW11732,743.54,Returned,2026-08-22 20:21:00
ORD100639,2026-09-08,BR,P1035,PG1229,KW10932,1282.53,Returned,2026-09-08 04:07:00
ORD100645,2026-07-10,DE,P1048,PG1316,KW10572,353.15,Completed,2026-07-10 22:18:00
ORD100646,2026-08-25,UK,P1013,PG1389,KW11614,736.95,Completed,2026-08-25 00:26:00
ORD100650,2026-09-14,IN,P1017,PG1230,KW10395,958.5,Completed,2026-09-14 05:00:00
ORD100655,2026-07-04,US,P1003,PG1078,KW11514,733.33,Completed,2026-07-04 18:24:00
ORD100657,2026-06-11,DE,P1036,PG1210,KW10546,195.03,Completed,2026-06-11 00:23:00
ORD100661,2026-09-05,CA,P1007,PG1112,KW11004,1851.44,Pending,2026-09-05 03:02:00
ORD100663,2026-06-03,CA,P1012,PG1500,KW10930,468.06,Returned,2026-06-03 16:36:00
ORD100664,2026-09-23,MX,P1027,PG1477,KW10203,717.75,Pending,2026-09-23 20:01:00
ORD100665,2026-09-17,US,P1009,PG1230,KW11518,571.81,Completed,2026-09-17 23:38:00
ORD100673,2026-06-27,BR,P1040,PG1411,KW11260,682.47,Cancelled,2026-06-27 03:07:00
ORD100675,2026-08-05,MX,P1033,PG1138,KW10788,480.47,Returned,2026-08-05 08:09:00
ORD100678,2026-06-25,JP,P1002,PG1031,KW10129,395.05,Returned,2026-06-25 01:28:00
ORD100679,2026-08-14,BR,P1015,PG1477,KW11177,475.19,Completed,2026-08-14 00:36:00
ORD100686,2026-09-01,IN,P1037,PG1001,KW10562,387.44,Completed,2026-09-01 16:32:00
ORD100693,2026-06-05,IN,P1033,PG1010,KW11499,993.75,Completed,2026-06-05 23:51:00
ORD100696,2026-09-14,UK,P1014,PG1356,KW11167,2275.5,Pending,2026-09-14 04:10:00
ORD100697,2026-06-20,JP,P1041,PG1281,KW10391,1552.75,Cancelled,2026-06-20 21:24:00
ORD100718,2026-07-13,JP,P1019,PG1018,KW10466,360.1,Returned,2026-07-13 04:27:00
ORD100721,2026-09-22,DE,P1023,PG1154,KW11289,523.74,Completed,2026-09-22 21:38:00
ORD100723,2026-06-14,US,P1004,PG1375,KW11764,1187.89,Cancelled,2026-06-14 09:48:00
ORD100726,2026-06-22,JP,P1018,PG1425,KW10910,184.51,Pending,2026-06-22 18:24:00
ORD100733,2026-06-14,IN,P1026,PG1380,KW11375,1778.07,Cancelled,2026-06-14 02:50:00
ORD100734,2026-06-25,BR,P1014,PG1090,KW10516,1231.94,Completed,2026-06-25 17:46:00
ORD100735,2026-09-11,JP,P1050,PG1090,KW11048,2114.73,Completed,2026-09-11 16:34:00
ORD100745,2026-07-20,FR,P1012,PG1090,KW10950,511.34,Cancelled,2026-07-20 16:11:00
ORD100747,2026-08-15,DE,P1046,PG1447,KW11043,1444.37,Completed,2026-08-15 03:58:00
ORD100748,2026-08-09,JP,P1038,PG1240,KW10325,1746.81,Completed,2026-08-09 13:33:00
ORD100752,2026-08-15,DE,P1044,PG1196,KW11271,1289.69,Completed,2026-08-15 16:39:00
ORD100753,2026-06-17,FR,P1038,PG1088,KW10612,1252.88,Completed,2026-06-17 20:10:00
ORD100754,2026-09-23,UK,P1002,PG1094,KW11910,1064.01,Pending,2026-09-23 04:59:00
ORD100759,2026-06-29,AU,P1029,PG1229,KW11234,519.61,Returned,2026-06-29 16:40:00
ORD100763,2026-08-29,AU,P1035,PG1119,KW11337,1444.28,Completed,2026-08-29 11:48:00
ORD100764,2026-09-12,US,P1021,PG1258,KW10273,1067.87,Completed,2026-09-12 02:59:00
ORD100768,2026-08-03,AU,P1020,PG1025,KW10558,1037.69,Returned,2026-08-03 06:18:00
ORD100769,2026-08-20,AU,P1004,PG1489,KW11204,2469.11,Cancelled,2026-08-20 17:19:00
ORD100771,2026-07-16,UK,P1014,PG1222,KW10510,644.3,Completed,2026-07-16 06:43:00
ORD100780,2026-08-24,CA,P1011,PG1238,KW11203,1442.78,Completed,2026-08-24 23:31:00
ORD100781,2026-06-26,DE,P1050,PG1044,KW10873,539.1,Completed,2026-06-26 15:34:00
ORD100787,2026-07-21,BR,P1041,PG1242,KW11238,637.44,Cancelled,2026-07-21 08:58:00
ORD100790,2026-06-13,FR,P1045,PG1203,KW11928,1122.33,Returned,2026-06-13 23:12:00
ORD100791,2026-07-20,AU,P1017,PG1347,KW11653,709.46,Completed,2026-07-20 16:01:00
ORD100792,2026-09-12,FR,P1050,PG1025,KW10650,661.55,Returned,2026-09-12 11:45:00
ORD100798,2026-08-05,DE,P1048,PG1305,KW11075,482.12,Completed,2026-08-05 07:26:00
ORD100799,2026-07-21,US,P1012,PG1161,KW10309,2637.79,Cancelled,2026-07-21 01:14:00
ORD100802,2026-06-11,MX,P1028,PG1431,KW10353,583.78,Pending,2026-06-11 04:27:00
ORD100804,2026-07-17,BR,P1036,PG1399,KW10211,488.66,Pending,2026-07-17 05:21:00
ORD100809,2026-08-28,CA,P1021,PG1114,KW10283,1439.32,Completed,2026-08-28 11:03:00
ORD100812,2026-08-08,MX,P1043,PG1475,KW10041,373.51,Completed,2026-08-08 09:10:00
ORD100816,2026-09-30,JP,P1027,PG1074,KW11050,2223.38,Cancelled,2026-09-30 11:09:00
ORD100818,2026-09-19,FR,P1005,PG1208,KW11240,560.81,Pending,2026-09-19 10:06:00
ORD100819,2026-07-11,BR,P1011,PG1017,KW11280,682.95,Completed,2026-07-11 21:17:00
ORD100824,2026-07-06,UK,P1036,PG1300,KW11788,401.73,Cancelled,2026-07-06 20:50:00
ORD100825,2026-08-25,JP,P1038,PG1459,KW10842,489.34,Pending,2026-08-25 15:42:00
ORD100827,2026-06-30,US,P1001,PG1391,KW10133,925.29,Cancelled,2026-06-30 11:06:00
ORD100828,2026-06-11,FR,P1002,PG1168,KW11676,1745.52,Returned,2026-06-11 21:36:00
ORD100830,2026-08-10,IN,P1017,PG1462,KW11451,799.75,Completed,2026-08-10 11:23:00
ORD100832,2026-07-11,DE,P1032,PG1037,KW11519,902.62,Completed,2026-07-11 02:05:00
ORD100833,2026-06-16,MX,P1044,PG1186,KW10894,591.43,Completed,2026-06-16 09:45:00
ORD100841,2026-08-29,AU,P1048,PG1480,KW10724,1147.08,Pending,2026-08-29 11:20:00
ORD100845,2026-09-30,DE,P1012,PG1088,KW10343,438.78,Completed,2026-09-30 09:07:00
ORD100846,2026-06-01,DE,P1006,PG1147,KW10579,1305.45,Completed,2026-06-01 06:40:00
ORD100848,2026-07-27,AU,P1046,PG1425,KW10969,1513.34,Completed,2026-07-27 08:01:00
ORD100849,2026-09-11,FR,P1015,PG1270,KW10593,367.91,Pending,2026-09-11 02:48:00
ORD100852,2026-06-18,DE,P1038,PG1203,KW11769,682.46,Cancelled,2026-06-18 11:53:00
ORD100853,2026-09-29,AU,P1017,PG1410,KW10199,357.84,Pending,2026-09-29 14:52:00
ORD100856,2026-08-17,IN,P1018,PG1199,KW10941,1096.45,Pending,2026-08-17 23:26:00
ORD100857,2026-09-04,UK,P1042,PG1202,KW10476,341.81,Completed,2026-09-04 04:08:00
ORD100860,2026-08-12,JP,P1033,PG1220,KW10924,1082.14,Completed,2026-08-12 16:07:00
ORD100861,2026-06-14,US,P1031,PG1312,KW11864,577.21,Pending,2026-06-14 07:17:00
ORD100866,2026-07-24,AU,P1030,PG1431,KW10082,452.65,Pending,2026-07-24 08:25:00
ORD100867,2026-07-06,BR,P1015,PG1434,KW11533,935.68,Completed,2026-07-06 05:37:00
ORD100870,2026-08-20,IN,P1032,PG1449,KW11511,717.92,Completed,2026-08-20 07:34:00
ORD100871,2026-07-26,UK,P1004,PG1480,KW10541,420.72,Cancelled,2026-07-26 01:59:00
ORD100873,2026-07-01,JP,P1021,PG1455,KW11705,1542.09,Cancelled,2026-07-01 17:50:00
ORD100874,2026-08-16,DE,P1044,PG1449,KW11122,553.91,Cancelled,2026-08-16 21:06:00
ORD100875,2026-06-14,AU,P1026,PG1135,KW10146,1166.11,Pending,2026-06-14 12:50:00
ORD100877,2026-08-19,JP,P1036,PG1109,KW10927,564.34,Cancelled,2026-08-19 10:01:00
ORD100882,2026-08-28,IN,P1022,PG1059,KW10474,409.98,Completed,2026-08-28 18:39:00
ORD100884,2026-06-18,FR,P1020,PG1192,KW10588,1283.7,Returned,2026-06-18 19:24:00
ORD100885,2026-08-22,UK,P1004,PG1057,KW11232,1014.14,Returned,2026-08-22 07:06:00
ORD100886,2026-06-19,MX,P1032,PG1257,KW10285,1253.46,Pending,2026-06-19 14:16:00
ORD100898,2026-06-25,IN,P1028,PG1436,KW11948,2420.37,Pending,2026-06-25 01:37:00
ORD100899,2026-07-14,MX,P1033,PG1015,KW10446,960.16,Completed,2026-07-14 09:48:00
ORD100900,2026-08-30,CA,P1013,PG1327,KW11763,1385.14,Cancelled,2026-08-30 17:17:00
ORD100902,2026-08-08,US,P1006,PG1310,KW10048,606.11,Returned,2026-08-08 03:18:00
ORD100903,2026-08-05,IN,P1005,PG1013,KW11606,465.9,Pending,2026-08-05 11:44:00
ORD100906,2026-06-04,CA,P1003,PG1005,KW10842,1067.05,Completed,2026-06-04 00:47:00
ORD100907,2026-09-06,JP,P1013,PG1328,KW10373,469.61,Pending,2026-09-06 20:21:00
ORD100913,2026-08-31,US,P1026,PG1054,KW10302,273.68,Completed,2026-08-31 11:26:00
ORD100916,2026-07-20,AU,P1041,PG1303,KW10374,1113.81,Completed,2026-07-20 15:48:00
ORD100917,2026-06-07,JP,P1024,PG1102,KW10911,980.96,Completed,2026-06-07 11:21:00
ORD100918,2026-06-28,BR,P1014,PG1058,KW11699,792.24,Completed,2026-06-28 21:31:00
ORD100919,2026-07-30,CA,P1022,PG1074,KW10916,1114.91,Completed,2026-07-30 15:02:00
ORD100921,2026-07-29,UK,P1048,PG1341,KW11654,1253.2,Completed,2026-07-29 14:25:00
ORD100924,2026-09-11,CA,P1039,PG1454,KW10352,1553.64,Completed,2026-09-11 07:49:00
ORD100929,2026-08-24,US,P1031,PG1084,KW11629,1069.55,Completed,2026-08-24 11:32:00
ORD100931,2026-06-22,FR,P1041,PG1386,KW10081,877.85,Completed,2026-06-22 13:13:00
ORD100933,2026-08-25,AU,P1020,PG1273,KW10341,995.38,Cancelled,2026-08-25 03:05:00
ORD100936,2026-08-11,US,P1011,PG1468,KW10596,583.22,Completed,2026-08-11 19:42:00
ORD100937,2026-09-09,BR,P1008,PG1013,KW11758,2545.82,Returned,2026-09-09 04:28:00
ORD100940,2026-06-12,UK,P1005,PG1499,KW10947,411.07,Completed,2026-06-12 12:23:00
ORD100942,2026-06-15,FR,P1044,PG1042,KW10916,400.25,Cancelled,2026-06-15 17:48:00
ORD100945,2026-06-28,FR,P1007,PG1356,KW10024,1159.94,Completed,2026-06-28 15:39:00
ORD100946,2026-06-29,IN,P1048,PG1018,KW11775,1561.58,Cancelled,2026-06-29 17:48:00
ORD100948,2026-07-31,MX,P1002,PG1301,KW10763,906.6,Completed,2026-07-31 21:32:00
ORD100950,2026-06-21,UK,P1007,PG1333,KW11227,924.92,Completed,2026-06-21 07:14:00
ORD100955,2026-09-26,MX,P1020,PG1234,KW10659,3351.54,Completed,2026-09-26 02:32:00
ORD100959,2026-07-28,DE,P1048,PG1185,KW10378,431.17,Cancelled,2026-07-28 02:34:00
ORD100960,2026-09-01,DE,P1030,PG1085,KW10882,687.25,Cancelled,2026-09-01 19:36:00
ORD100961,2026-08-30,CA,P1030,PG1367,KW11632,291.73,Returned,2026-08-30 08:10:00
ORD100962,2026-09-18,UK,P1027,PG1201,KW10214,574.83,Returned,2026-09-18 13:13:00
ORD100967,2026-07-03,DE,P1049,PG1299,KW11478,986.05,Cancelled,2026-07-03 18:10:00
ORD100977,2026-09-02,MX,P1048,PG1271,KW10027,1056.7,Completed,2026-09-02 04:20:00
ORD100981,2026-08-06,FR,P1039,PG1074,KW10410,387.55,Completed,2026-08-06 07:11:00
ORD100982,2026-07-23,IN,P1048,PG1462,KW11902,1537.54,Pending,2026-07-23 11:52:00
ORD100984,2026-08-26,CA,P1008,PG1156,KW10427,661.68,Returned,2026-08-26 07:59:00
ORD100986,2026-08-07,CA,P1042,PG1482,KW11472,2197.12,Cancelled,2026-08-07 10:50:00
ORD100988,2026-08-16,BR,P1033,PG1069,KW10319,2133.06,Cancelled,2026-08-16 22:06:00
ORD100990,2026-07-22,UK,P1031,PG1347,KW10990,1119.16,Completed,2026-07-22 13:44:00
ORD100993,2026-07-01,IN,P1014,PG1388,KW11553,1420.46,Returned,2026-07-01 14:32:00
ORD100994,2026-09-15,IN,P1039,PG1139,KW10983,274.8,Completed,2026-09-15 05:23:00
ORD100998,2026-08-22,CA,P1012,PG1186,KW10737,674.78,Pending,2026-08-22 06:51:00
ORD101006,2026-06-20,US,P1016,PG1292,KW10271,1901.4,Completed,2026-06-20 08:54:00
ORD101012,2026-08-03,US,P1048,PG1452,KW10491,229.04,Completed,2026-08-03 06:02:00
ORD101017,2026-09-17,DE,P1005,PG1106,KW10067,380.75,Completed,2026-09-17 15:26:00
ORD101021,2026-09-13,FR,P1024,PG1388,KW11264,319.2,Completed,2026-09-13 17:07:00
ORD101022,2026-08-12,UK,P1045,PG1304,KW10662,455.12,Completed,2026-08-12 04:34:00
ORD101025,2026-09-15,MX,P1027,PG1060,KW10356,1063.65,Returned,2026-09-15 02:31:00
ORD101026,2026-09-21,IN,P1049,PG1172,KW10529,1588.85,Completed,2026-09-21 03:11:00
ORD101027,2026-08-20,FR,P1034,PG1269,KW11598,567.83,Returned,2026-08-20 10:56:00
ORD101030,2026-06-12,FR,P1041,PG1050,KW10698,3213.06,Completed,2026-06-12 18:15:00
ORD101031,2026-09-11,IN,P1017,PG1170,KW10468,591.63,Returned,2026-09-11 10:17:00
ORD101035,2026-06-05,IN,P1022,PG1467,KW10411,437.89,Pending,2026-06-05 12:24:00
ORD101044,2026-06-11,UK,P1034,PG1196,KW10912,1545.93,Completed,2026-06-11 21:57:00
ORD101047,2026-06-02,US,P1005,PG1383,KW11181,517.13,Completed,2026-06-02 13:15:00
ORD101054,2026-08-08,CA,P1043,PG1078,KW11178,1214.02,Cancelled,2026-08-08 19:03:00
ORD101060,2026-07-20,AU,P1038,PG1225,KW10213,737.13,Pending,2026-07-20 10:48:00
ORD101063,2026-06-10,FR,P1014,PG1347,KW10029,787.46,Completed,2026-06-10 08:10:00
ORD101064,2026-08-05,BR,P1012,PG1370,KW11235,876.69,Returned,2026-08-05 17:15:00
ORD101067,2026-06-07,AU,P1013,PG1290,KW10587,931.7,Completed,2026-06-07 06:57:00
ORD101068,2026-07-31,US,P1026,PG1227,KW10669,550.44,Completed,2026-07-31 03:27:00
ORD101069,2026-07-11,CA,P1014,PG1011,KW10231,273.17,Pending,2026-07-11 21:06:00
ORD101071,2026-08-12,MX,P1035,PG1270,KW10404,507.07,Completed,2026-08-12 14:03:00
ORD101072,2026-06-15,JP,P1049,PG1159,KW10065,1628.74,Returned,2026-06-15 07:40:00
ORD101073,2026-09-30,BR,P1009,PG1396,KW11539,544.25,Cancelled,2026-09-30 22:10:00
ORD101076,2026-07-06,AU,P1004,PG1111,KW10908,333.96,Cancelled,2026-07-06 18:28:00
ORD101078,2026-06-03,IN,P1011,PG1057,KW11730,231.01,Completed,2026-06-03 22:50:00
ORD101082,2026-08-25,US,P1015,PG1072,KW11070,1588.27,Cancelled,2026-08-25 15:12:00
ORD101085,2026-07-26,US,P1003,PG1358,KW10013,477.34,Completed,2026-07-26 22:12:00
ORD101087,2026-09-22,MX,P1017,PG1380,KW10658,1113.51,Completed,2026-09-22 20:19:00
ORD101093,2026-08-29,BR,P1021,PG1174,KW10306,988.26,Pending,2026-08-29 07:33:00
ORD101095,2026-08-23,US,P1002,PG1461,KW11678,546.04,Completed,2026-08-23 04:27:00
ORD101100,2026-07-30,MX,P1027,PG1241,KW11508,965.07,Pending,2026-07-30 14:33:00
ORD101105,2026-08-22,UK,P1050,PG1312,KW11117,790.3,Completed,2026-08-22 04:50:00
ORD101107,2026-08-28,FR,P1048,PG1254,KW10752,1448.95,Returned,2026-08-28 21:45:00
ORD101110,2026-08-21,FR,P1039,PG1317,KW11963,331.98,Returned,2026-08-21 06:05:00
ORD101113,2026-08-22,US,P1036,PG1276,KW10914,850.43,Completed,2026-08-22 09:08:00
ORD101115,2026-09-26,MX,P1043,PG1379,KW11697,895.8,Cancelled,2026-09-26 05:18:00
ORD101118,2026-07-06,JP,P1024,PG1224,KW10909,697.59,Cancelled,2026-07-06 19:16:00
ORD101120,2026-09-17,US,P1027,PG1349,KW11360,2081.6,Completed,2026-09-17 13:05:00
ORD101121,2026-06-10,AU,P1042,PG1222,KW11083,387.61,Completed,2026-06-10 10:37:00
ORD101125,2026-06-20,BR,P1040,PG1310,KW11151,1222.23,Returned,2026-06-20 01:00:00
ORD101137,2026-07-19,UK,P1009,PG1384,KW11634,446.92,Completed,2026-07-19 03:00:00
ORD101138,2026-09-14,US,P1050,PG1132,KW11160,732.98,Cancelled,2026-09-14 15:38:00
ORD101139,2026-06-10,FR,P1050,PG1202,KW10290,1592.54,Completed,2026-06-10 22:30:00
ORD101146,2026-06-08,US,P1044,PG1243,KW10630,296.29,Completed,2026-06-08 04:42:00
ORD101148,2026-07-22,FR,P1002,PG1129,KW11869,313.38,Completed,2026-07-22 19:51:00
ORD101150,2026-09-27,AU,P1004,PG1276,KW11447,793.18,Returned,2026-09-27 22:28:00
ORD101151,2026-07-23,BR,P1025,PG1166,KW10819,472.13,Completed,2026-07-23 11:22:00
ORD101153,2026-09-04,UK,P1033,PG1162,KW11338,776.69,Completed,2026-09-04 09:22:00
ORD101156,2026-06-17,US,P1036,PG1426,KW11386,742.87,Completed,2026-06-17 07:41:00
ORD101161,2026-09-25,US,P1014,PG1255,KW11437,1863.82,Pending,2026-09-25 18:33:00
ORD101162,2026-07-28,MX,P1016,PG1310,KW11160,517.35,Pending,2026-07-28 16:46:00
ORD101168,2026-06-27,JP,P1021,PG1176,KW10595,729.89,Cancelled,2026-06-27 16:38:00
ORD101176,2026-07-01,BR,P1045,PG1045,KW10232,631.5,Cancelled,2026-07-01 05:40:00
ORD101177,2026-06-22,UK,P1041,PG1123,KW10484,400.64,Returned,2026-06-22 21:11:00
ORD101178,2026-08-19,UK,P1036,PG1039,KW10345,1426.02,Completed,2026-08-19 22:31:00
ORD101181,2026-09-13,AU,P1023,PG1092,KW10950,1402.1,Cancelled,2026-09-13 01:34:00
ORD101182,2026-08-23,UK,P1032,PG1349,KW10369,739.42,Returned,2026-08-23 09:22:00
ORD101186,2026-08-25,JP,P1024,PG1051,KW10427,801.7,Completed,2026-08-25 14:31:00
ORD101187,2026-07-24,MX,P1032,PG1250,KW10714,823.03,Completed,2026-07-24 12:20:00
ORD101188,2026-09-07,FR,P1024,PG1366,KW11124,576.09,Returned,2026-09-07 08:13:00
ORD101189,2026-06-13,CA,P1029,PG1202,KW11046,1046.63,Completed,2026-06-13 09:11:00
ORD101190,2026-07-24,AU,P1005,PG1361,KW11524,664.58,Returned,2026-07-24 07:31:00
ORD101193,2026-07-17,AU,P1050,PG1268,KW11973,877.6,Returned,2026-07-17 17:29:00
ORD101197,2026-07-07,BR,P1003,PG1338,KW11627,1224.14,Pending,2026-07-07 16:34:00
ORD101198,2026-09-30,DE,P1001,PG1256,KW10949,873.63,Completed,2026-09-30 22:45:00
ORD101199,2026-08-16,DE,P1040,PG1268,KW10941,516.45,Pending,2026-08-16 03:03:00
ORD101207,2026-06-21,FR,P1014,PG1352,KW11741,1350.73,Pending,2026-06-21 23:30:00
ORD101208,2026-08-19,BR,P1018,PG1208,KW11585,654.07,Completed,2026-08-19 02:11:00
ORD101210,2026-08-24,MX,P1040,PG1405,KW11461,714.05,Completed,2026-08-24 13:13:00
ORD101215,2026-06-18,AU,P1018,PG1431,KW11279,483.02,Completed,2026-06-18 19:37:00
ORD101219,2026-08-31,IN,P1008,PG1253,KW11311,995.48,Completed,2026-08-31 03:51:00
ORD101220,2026-06-26,UK,P1041,PG1023,KW11780,1207.56,Completed,2026-06-26 10:48:00
ORD101224,2026-08-26,MX,P1015,PG1130,KW10260,418.1,Pending,2026-08-26 09:55:00
ORD101228,2026-06-21,IN,P1020,PG1018,KW10103,1489.87,Completed,2026-06-21 08:51:00
ORD101230,2026-09-09,CA,P1022,PG1238,KW11528,329.45,Completed,2026-09-09 22:58:00
ORD101240,2026-08-23,FR,P1005,PG1321,KW11869,655.34,Completed,2026-08-23 12:39:00
ORD101245,2026-07-30,FR,P1039,PG1161,KW10859,838.46,Completed,2026-07-30 20:18:00
ORD101247,2026-07-09,MX,P1046,PG1095,KW11148,1117.12,Completed,2026-07-09 06:49:00
ORD101254,2026-07-29,MX,P1041,PG1327,KW11954,1205.1,Completed,2026-07-29 17:00:00
ORD101256,2026-08-22,BR,P1021,PG1119,KW11946,1292.23,Cancelled,2026-08-22 13:20:00
ORD101260,2026-08-07,MX,P1044,PG1469,KW11389,1415.35,Completed,2026-08-07 00:26:00
ORD101261,2026-06-27,JP,P1035,PG1128,KW10456,724.31,Returned,2026-06-27 17:28:00
ORD101262,2026-07-17,JP,P1015,PG1102,KW11286,4239.1,Returned,2026-07-17 08:08:00
ORD101264,2026-07-21,UK,P1046,PG1356,KW11574,505.49,Returned,2026-07-21 02:19:00
ORD101266,2026-06-20,FR,P1010,PG1450,KW11869,398.25,Cancelled,2026-06-20 15:55:00
ORD101271,2026-08-05,FR,P1029,PG1379,KW10671,1126.12,Cancelled,2026-08-05 12:05:00
ORD101275,2026-09-02,MX,P1013,PG1115,KW10308,565.49,Completed,2026-09-02 10:28:00
ORD101277,2026-09-10,AU,P1042,PG1125,KW10496,1187.16,Completed,2026-09-10 23:41:00
ORD101280,2026-09-08,JP,P1030,PG1271,KW11430,513.6,Returned,2026-09-08 14:09:00
ORD101281,2026-07-28,US,P1025,PG1496,KW10183,1513.77,Pending,2026-07-28 13:10:00
ORD101282,2026-08-18,JP,P1042,PG1280,KW10733,421.04,Completed,2026-08-18 06:56:00
ORD101283,2026-06-18,JP,P1026,PG1232,KW10610,570.29,Completed,2026-06-18 05:12:00
ORD101286,2026-07-09,FR,P1024,PG1039,KW11926,597.1,Completed,2026-07-09 13:32:00
ORD101290,2026-07-26,JP,P1014,PG1351,KW11394,357.42,Returned,2026-07-26 10:41:00
ORD101296,2026-06-18,IN,P1030,PG1474,KW10135,718.23,Pending,2026-06-18 15:51:00
ORD101300,2026-06-21,IN,P1030,PG1478,KW10255,1035.93,Cancelled,2026-06-21 07:13:00
ORD101301,2026-06-24,AU,P1034,PG1200,KW11604,767.34,Completed,2026-06-24 17:00:00
ORD101307,2026-06-21,BR,P1022,PG1284,KW10391,655.15,Completed,2026-06-21 10:19:00
ORD101309,2026-07-12,CA,P1042,PG1185,KW11610,1747.54,Completed,2026-07-12 01:34:00
ORD101316,2026-07-22,UK,P1033,PG1328,KW10286,359.97,Completed,2026-07-22 07:24:00
ORD101317,2026-07-12,DE,P1043,PG1484,KW11846,1325.35,Completed,2026-07-12 04:22:00
ORD101319,2026-07-25,JP,P1033,PG1376,KW11340,820.09,Completed,2026-07-25 04:28:00
ORD101326,2026-09-07,FR,P1033,PG1465,KW10226,547.52,Completed,2026-09-07 09:44:00
ORD101332,2026-06-22,MX,P1038,PG1183,KW10540,1736.07,Pending,2026-06-22 19:10:00
ORD101334,2026-09-20,US,P1031,PG1092,KW10145,1023.14,Cancelled,2026-09-20 02:26:00
ORD101336,2026-08-22,JP,P1048,PG1290,KW10116,220.15,Completed,2026-08-22 03:26:00
ORD101345,2026-06-28,FR,P1049,PG1329,KW10968,2126.19,Returned,2026-06-28 08:52:00
ORD101347,2026-08-09,DE,P1049,PG1156,KW10980,824.64,Cancelled,2026-08-09 01:33:00
ORD101348,2026-08-06,IN,P1020,PG1255,KW10429,924.4,Cancelled,2026-08-06 20:43:00
ORD101352,2026-08-16,CA,P1015,PG1422,KW11878,704.32,Completed,2026-08-16 14:06:00
ORD101354,2026-09-04,CA,P1006,PG1347,KW10832,2952.74,Completed,2026-09-04 15:16:00
ORD101356,2026-09-20,MX,P1006,PG1282,KW11361,537.44,Completed,2026-09-20 01:21:00
ORD101358,2026-09-17,JP,P1047,PG1274,KW10437,834.04,Cancelled,2026-09-17 09:28:00
ORD101359,2026-06-09,JP,P1038,PG1034,KW11935,492.66,Completed,2026-06-09 05:11:00
ORD101362,2026-08-10,CA,P1038,PG1105,KW11320,1565.47,Pending,2026-08-10 08:07:00
ORD101363,2026-08-10,DE,P1005,PG1319,KW10187,372.21,Completed,2026-08-10 16:09:00
ORD101364,2026-09-13,BR,P1001,PG1098,KW11850,1554.49,Completed,2026-09-13 23:02:00
ORD101366,2026-08-28,US,P1043,PG1194,KW11137,846.36,Completed,2026-08-28 20:27:00
ORD101374,2026-07-12,AU,P1029,PG1482,KW11681,621.2,Completed,2026-07-12 20:29:00
ORD101379,2026-07-20,UK,P1046,PG1391,KW11272,1650.78,Returned,2026-07-20 20:03:00
ORD101382,2026-09-24,AU,P1046,PG1201,KW11963,575.59,Returned,2026-09-24 17:45:00
ORD101389,2026-06-03,AU,P1007,PG1178,KW11442,782.13,Completed,2026-06-03 23:36:00
ORD101390,2026-09-08,CA,P1021,PG1012,KW10230,573.03,Completed,2026-09-08 22:18:00
ORD101391,2026-08-25,FR,P1041,PG1016,KW11661,988.0,Completed,2026-08-25 04:05:00
ORD101398,2026-09-19,JP,P1001,PG1111,KW11412,741.93,Completed,2026-09-19 01:37:00
ORD101401,2026-06-06,AU,P1001,PG1177,KW11300,724.08,Completed,2026-06-06 18:39:00
ORD101405,2026-08-18,UK,P1011,PG1421,KW10275,182.27,Completed,2026-08-18 22:20:00
ORD101406,2026-08-02,BR,P1036,PG1250,KW11392,920.39,Cancelled,2026-08-02 14:48:00
ORD101408,2026-08-24,UK,P1026,PG1424,KW11652,870.81,Completed,2026-08-24 04:37:00
ORD101410,2026-06-12,FR,P1014,PG1053,KW11075,970.84,Returned,2026-06-12 06:24:00
ORD101411,2026-07-11,BR,P1043,PG1159,KW10937,674.45,Completed,2026-07-11 11:49:00
ORD101412,2026-08-01,DE,P1033,PG1150,KW10215,771.91,Returned,2026-08-01 20:47:00
ORD101419,2026-06-26,JP,P1005,PG1365,KW10914,1132.24,Completed,2026-06-26 15:46:00
ORD101421,2026-09-25,MX,P1020,PG1482,KW11159,916.98,Returned,2026-09-25 18:49:00
ORD101424,2026-06-18,FR,P1013,PG1388,KW11543,1634.75,Completed,2026-06-18 18:15:00
ORD101433,2026-07-03,BR,P1008,PG1191,KW11503,1014.55,Completed,2026-07-03 06:53:00
ORD101437,2026-07-16,IN,P1045,PG1171,KW11068,1080.9,Pending,2026-07-16 02:16:00
ORD101443,2026-09-20,AU,P1019,PG1233,KW10915,716.81,Cancelled,2026-09-20 06:53:00
ORD101445,2026-09-19,AU,P1012,PG1440,KW10553,1441.6,Completed,2026-09-19 00:56:00
ORD101450,2026-09-18,JP,P1041,PG1291,KW11328,1712.01,Completed,2026-09-18 07:24:00
ORD101452,2026-09-26,BR,P1039,PG1483,KW10187,680.22,Cancelled,2026-09-26 09:40:00
ORD101453,2026-07-28,JP,P1045,PG1226,KW10006,855.87,Completed,2026-07-28 07:24:00
ORD101458,2026-07-26,DE,P1038,PG1326,KW10529,843.53,Completed,2026-07-26 13:49:00
ORD101460,2026-07-16,JP,P1014,PG1255,KW10227,1321.87,Returned,2026-07-16 07:31:00
ORD101465,2026-06-11,US,P1026,PG1467,KW10536,610.75,Completed,2026-06-11 05:41:00
ORD101467,2026-09-19,JP,P1013,PG1337,KW10849,866.11,Returned,2026-09-19 22:40:00
ORD101470,2026-09-29,AU,P1023,PG1075,KW10616,1059.88,Cancelled,2026-09-29 11:10:00
ORD101476,2026-08-29,AU,P1019,PG1183,KW10445,1537.54,Cancelled,2026-08-29 04:26:00
ORD101481,2026-09-02,IN,P1009,PG1140,KW11388,913.86,Completed,2026-09-02 01:40:00
ORD101483,2026-09-02,AU,P1035,PG1281,KW11061,1007.73,Completed,2026-09-02 01:09:00
ORD101485,2026-09-16,IN,P1044,PG1448,KW11284,424.38,Completed,2026-09-16 14:13:00
ORD101486,2026-08-20,FR,P1024,PG1132,KW11360,316.24,Completed,2026-08-20 21:31:00
ORD101488,2026-07-27,MX,P1008,PG1089,KW10681,754.87,Completed,2026-07-27 23:56:00
ORD101491,2026-06-29,US,P1009,PG1184,KW11821,918.96,Completed,2026-06-29 19:33:00
ORD101495,2026-09-15,BR,P1004,PG1421,KW11083,540.77,Completed,2026-09-15 22:41:00
ORD101500,2026-08-13,MX,P1029,PG1374,KW10856,539.94,Cancelled,2026-08-13 17:54:00
ORD101505,2026-08-23,US,P1012,PG1307,KW11474,1739.08,Completed,2026-08-23 06:56:00
ORD101506,2026-08-25,DE,P1010,PG1339,KW11890,2696.22,Completed,2026-08-25 12:38:00
ORD101509,2026-07-17,IN,P1025,PG1120,KW10882,524.78,Completed,2026-07-17 05:29:00
ORD101511,2026-06-14,BR,P1024,PG1344,KW11735,560.96,Returned,2026-06-14 18:03:00
ORD101518,2026-06-23,US,P1028,PG1329,KW10998,1332.7,Returned,2026-06-23 20:02:00
ORD101519,2026-07-07,FR,P1033,PG1060,KW10786,3586.84,Pending,2026-07-07 02:45:00
ORD101521,2026-09-07,US,P1023,PG1014,KW11509,1447.35,Completed,2026-09-07 09:51:00
ORD101522,2026-08-04,CA,P1049,PG1360,KW11483,1766.07,Completed,2026-08-04 17:59:00
ORD101523,2026-09-12,DE,P1044,PG1163,KW10793,640.59,Completed,2026-09-12 14:40:00
ORD101524,2026-07-14,AU,P1050,PG1232,KW11691,1772.11,Completed,2026-07-14 03:14:00
ORD101531,2026-08-19,US,P1035,PG1252,KW11722,1546.59,Completed,2026-08-19 11:45:00
ORD101534,2026-07-09,CA,P1031,PG1099,KW11378,562.45,Completed,2026-07-09 21:43:00
ORD101540,2026-09-22,UK,P1017,PG1275,KW11391,1069.62,Cancelled,2026-09-22 15:40:00
ORD101541,2026-06-25,US,P1041,PG1336,KW10777,1333.74,Completed,2026-06-25 03:49:00
ORD101546,2026-08-22,IN,P1023,PG1080,KW11498,782.27,Cancelled,2026-08-22 14:27:00
ORD101548,2026-09-10,UK,P1041,PG1133,KW11938,491.17,Returned,2026-09-10 22:01:00
ORD101552,2026-07-13,JP,P1043,PG1371,KW11811,719.89,Completed,2026-07-13 02:36:00
ORD101553,2026-09-17,JP,P1050,PG1026,KW10905,988.47,Cancelled,2026-09-17 12:32:00
ORD101557,2026-06-10,DE,P1023,PG1243,KW10533,820.9,Completed,2026-06-10 14:10:00
ORD101558,2026-06-21,DE,P1043,PG1270,KW11742,781.67,Pending,2026-06-21 13:15:00
ORD101559,2026-09-20,US,P1002,PG1451,KW11144,2147.54,Completed,2026-09-20 20:43:00
ORD101561,2026-09-03,UK,P1048,PG1453,KW10684,512.21,Cancelled,2026-09-03 07:25:00
ORD101568,2026-06-26,MX,P1022,PG1486,KW11006,700.02,Pending,2026-06-26 22:59:00
ORD101576,2026-08-26,BR,P1046,PG1036,KW10869,502.21,Returned,2026-08-26 18:01:00
ORD101577,2026-09-03,AU,P1001,PG1299,KW11170,805.76,Completed,2026-09-03 10:08:00
ORD101580,2026-06-21,IN,P1015,PG1340,KW10179,602.27,Cancelled,2026-06-21 13:49:00
ORD101582,2026-07-20,UK,P1004,PG1065,KW10567,3190.54,Returned,2026-07-20 06:24:00
ORD101585,2026-09-03,AU,P1016,PG1309,KW10482,1236.49,Completed,2026-09-03 12:56:00
ORD101589,2026-07-22,JP,P1042,PG1342,KW10942,1002.83,Returned,2026-07-22 13:53:00
ORD101594,2026-06-12,FR,P1033,PG1038,KW10305,1352.66,Completed,2026-06-12 13:03:00
ORD101595,2026-07-02,US,P1039,PG1125,KW11550,505.4,Completed,2026-07-02 03:55:00
ORD101598,2026-09-19,MX,P1003,PG1500,KW11037,391.73,Pending,2026-09-19 12:42:00
ORD101601,2026-09-25,JP,P1048,PG1366,KW10648,737.95,Cancelled,2026-09-25 23:29:00
ORD101602,2026-06-08,BR,P1013,PG1120,KW11094,594.87,Cancelled,2026-06-08 14:44:00
ORD101605,2026-09-21,AU,P1045,PG1247,KW11386,1851.72,Completed,2026-09-21 01:37:00
ORD101610,2026-09-29,MX,P1022,PG1481,KW11211,1000.58,Completed,2026-09-29 19:09:00
ORD101611,2026-09-04,UK,P1011,PG1118,KW10283,750.82,Completed,2026-09-04 03:44:00
ORD101613,2026-09-07,US,P1006,PG1364,KW10594,864.37,Completed,2026-09-07 05:46:00
ORD101614,2026-08-22,BR,P1010,PG1393,KW10307,414.28,Completed,2026-08-22 19:44:00
ORD101617,2026-08-22,US,P1038,PG1379,KW10846,675.07,Returned,2026-08-22 02:33:00
ORD101623,2026-08-26,FR,P1040,PG1348,KW10761,321.61,Completed,2026-08-26 01:58:00
ORD101626,2026-08-05,DE,P1043,PG1194,KW10276,1036.95,Returned,2026-08-05 16:34:00
ORD101629,2026-06-01,JP,P1008,PG1195,KW10446,554.79,Cancelled,2026-06-01 03:35:00
ORD101633,2026-07-21,IN,P1027,PG1070,KW10419,695.14,Completed,2026-07-21 15:53:00
ORD101637,2026-09-28,IN,P1007,PG1044,KW11894,933.07,Pending,2026-09-28 07:31:00
ORD101639,2026-08-31,UK,P1024,PG1417,KW11863,1683.41,Cancelled,2026-08-31 01:08:00
ORD101642,2026-08-16,JP,P1004,PG1165,KW10817,2257.14,Pending,2026-08-16 21:55:00
ORD101647,2026-08-27,US,P1046,PG1451,KW11999,504.38,Returned,2026-08-27 13:56:00
ORD101649,2026-08-11,FR,P1028,PG1165,KW10482,821.81,Completed,2026-08-11 00:35:00
ORD101650,2026-09-08,AU,P1026,PG1198,KW11995,1581.34,Completed,2026-09-08 21:40:00
ORD101655,2026-07-22,AU,P1041,PG1444,KW10456,984.91,Completed,2026-07-22 23:42:00
ORD101656,2026-08-23,DE,P1028,PG1023,KW11283,671.84,Completed,2026-08-23 19:49:00
ORD101658,2026-09-21,FR,P1008,PG1280,KW10115,561.49,Completed,2026-09-21 11:13:00
ORD101659,2026-08-17,US,P1012,PG1220,KW11886,1001.02,Completed,2026-08-17 07:21:00
ORD101668,2026-09-15,BR,P1040,PG1275,KW10463,1368.6,Pending,2026-09-15 02:19:00
ORD101669,2026-07-10,IN,P1016,PG1255,KW11117,778.67,Pending,2026-07-10 20:24:00
ORD101672,2026-08-23,IN,P1004,PG1418,KW10263,511.35,Completed,2026-08-23 08:37:00
ORD101674,2026-08-08,JP,P1037,PG1300,KW11755,1219.06,Returned,2026-08-08 15:31:00
ORD101676,2026-06-01,MX,P1001,PG1146,KW10401,1354.56,Returned,2026-06-01 19:36:00
ORD101678,2026-09-18,MX,P1037,PG1332,KW11997,3170.22,Completed,2026-09-18 06:36:00
ORD101683,2026-08-31,CA,P1029,PG1378,KW11305,1022.71,Returned,2026-08-31 11:08:00
ORD101694,2026-09-16,AU,P1037,PG1008,KW11539,430.53,Completed,2026-09-16 03:22:00
ORD101708,2026-09-22,IN,P1023,PG1389,KW10351,754.38,Completed,2026-09-22 05:26:00
ORD101710,2026-06-11,JP,P1023,PG1075,KW10944,535.37,Cancelled,2026-06-11 18:35:00
ORD101711,2026-09-17,CA,P1020,PG1262,KW10851,1175.4,Completed,2026-09-17 05:50:00
ORD101716,2026-08-10,IN,P1013,PG1179,KW10376,764.15,Completed,2026-08-10 00:33:00
ORD101717,2026-07-08,JP,P1013,PG1028,KW10303,1218.48,Completed,2026-07-08 15:27:00
ORD101720,2026-07-26,US,P1008,PG1432,KW11290,2550.99,Completed,2026-07-26 03:26:00
ORD101721,2026-08-20,UK,P1047,PG1386,KW10523,834.68,Cancelled,2026-08-20 07:00:00
ORD101724,2026-08-14,BR,P1026,PG1329,KW10290,4363.34,Pending,2026-08-14 02:27:00
ORD101727,2026-08-18,DE,P1047,PG1278,KW11677,397.71,Completed,2026-08-18 03:00:00
ORD101728,2026-06-24,IN,P1027,PG1446,KW11459,634.53,Completed,2026-06-24 20:20:00
ORD101730,2026-07-01,UK,P1005,PG1020,KW11763,2188.87,Pending,2026-07-01 17:33:00
ORD101740,2026-09-25,UK,P1035,PG1313,KW10030,549.49,Pending,2026-09-25 05:08:00
ORD101745,2026-07-14,JP,P1035,PG1198,KW11175,804.49,Completed,2026-07-14 16:42:00
ORD101747,2026-09-12,MX,P1024,PG1411,KW10997,934.47,Completed,2026-09-12 05:09:00
ORD101750,2026-08-26,AU,P1041,PG1310,KW10020,3212.11,Returned,2026-08-26 01:53:00
ORD101751,2026-08-17,CA,P1007,PG1458,KW11649,789.43,Completed,2026-08-17 18:48:00
ORD101755,2026-06-07,BR,P1022,PG1157,KW10729,1648.39,Cancelled,2026-06-07 02:58:00
ORD101757,2026-09-02,CA,P1040,PG1084,KW11670,1065.44,Cancelled,2026-09-02 00:23:00
ORD101760,2026-08-12,JP,P1022,PG1011,KW10111,571.92,Completed,2026-08-12 12:57:00
ORD101766,2026-06-22,IN,P1032,PG1005,KW10196,621.31,Completed,2026-06-22 14:41:00
ORD101767,2026-07-25,CA,P1044,PG1079,KW10119,333.86,Completed,2026-07-25 11:03:00
ORD101775,2026-08-26,CA,P1013,PG1417,KW11368,573.82,Returned,2026-08-26 23:06:00
ORD101781,2026-08-01,IN,P1016,PG1389,KW10556,1358.03,Completed,2026-08-01 08:25:00
ORD101785,2026-07-27,UK,P1024,PG1229,KW10448,265.06,Pending,2026-07-27 21:14:00
ORD101786,2026-08-15,US,P1007,PG1289,KW11119,665.36,Completed,2026-08-15 19:58:00
ORD101788,2026-08-22,BR,P1013,PG1395,KW11593,784.17,Pending,2026-08-22 08:25:00
ORD101793,2026-09-13,DE,P1011,PG1498,KW10920,1289.99,Cancelled,2026-09-13 17:02:00
ORD101794,2026-08-24,DE,P1037,PG1021,KW10247,995.84,Completed,2026-08-24 05:05:00
ORD101800,2026-07-24,DE,P1025,PG1339,KW11391,820.12,Completed,2026-07-24 01:47:00
ORD101804,2026-07-27,CA,P1030,PG1021,KW10858,2306.94,Completed,2026-07-27 07:55:00
ORD101808,2026-09-11,JP,P1003,PG1149,KW10623,383.1,Completed,2026-09-11 08:11:00
ORD101812,2026-07-21,FR,P1031,PG1489,KW11742,1792.88,Returned,2026-07-21 04:39:00
ORD101815,2026-07-04,AU,P1013,PG1196,KW10056,614.51,Returned,2026-07-04 14:52:00
ORD101817,2026-06-25,AU,P1004,PG1221,KW11214,1493.19,Completed,2026-06-25 06:04:00
ORD101818,2026-06-29,IN,P1024,PG1384,KW11347,706.45,Returned,2026-06-29 05:32:00
ORD101819,2026-06-12,AU,P1016,PG1376,KW10055,664.27,Pending,2026-06-12 20:02:00
ORD101824,2026-09-29,MX,P1038,PG1149,KW10668,1173.85,Completed,2026-09-29 17:36:00
ORD101826,2026-07-15,MX,P1012,PG1057,KW11179,544.0,Completed,2026-07-15 23:38:00
ORD101828,2026-06-12,JP,P1005,PG1267,KW11933,1848.24,Completed,2026-06-12 08:36:00
ORD101833,2026-08-04,JP,P1019,PG1408,KW10934,2768.23,Returned,2026-08-04 23:44:00
ORD101834,2026-07-15,BR,P1032,PG1054,KW11194,461.0,Completed,2026-07-15 01:35:00
ORD101836,2026-09-25,BR,P1001,PG1362,KW10697,1314.59,Completed,2026-09-25 15:44:00
ORD101844,2026-09-29,CA,P1041,PG1358,KW10594,1186.92,Returned,2026-09-29 12:46:00
ORD101845,2026-09-14,JP,P1040,PG1040,KW10929,927.87,Cancelled,2026-09-14 14:17:00
ORD101846,2026-08-18,US,P1046,PG1106,KW11861,1076.56,Returned,2026-08-18 22:42:00
ORD101849,2026-09-03,MX,P1045,PG1371,KW10599,2132.37,Pending,2026-09-03 16:00:00
ORD101850,2026-06-13,DE,P1047,PG1386,KW11761,2202.54,Completed,2026-06-13 04:46:00
ORD101856,2026-09-14,JP,P1012,PG1453,KW10606,394.05,Completed,2026-09-14 22:32:00
ORD101861,2026-08-29,DE,P1013,PG1344,KW11809,593.73,Completed,2026-08-29 14:53:00
ORD101863,2026-08-01,FR,P1048,PG1401,KW10947,1170.75,Pending,2026-08-01 14:19:00
ORD101865,2026-06-09,US,P1043,PG1082,KW11446,900.97,Completed,2026-06-09 06:28:00
ORD101867,2026-09-17,AU,P1017,PG1212,KW11983,560.78,Completed,2026-09-17 10:12:00
ORD101870,2026-08-29,JP,P1022,PG1228,KW11322,498.61,Completed,2026-08-29 06:52:00
ORD101871,2026-07-23,AU,P1042,PG1271,KW10980,2750.33,Pending,2026-07-23 14:14:00
ORD101877,2026-09-06,JP,P1009,PG1080,KW10508,691.78,Completed,2026-09-06 14:14:00
ORD101879,2026-09-29,MX,P1022,PG1251,KW10255,625.32,Completed,2026-09-29 06:43:00
ORD101882,2026-06-28,IN,P1042,PG1355,KW11490,296.89,Completed,2026-06-28 18:05:00
ORD101886,2026-07-31,US,P1009,PG1388,KW10865,1401.0,Completed,2026-07-31 10:31:00
ORD101887,2026-08-14,JP,P1020,PG1444,KW11237,1070.41,Completed,2026-08-14 13:25:00
ORD101888,2026-09-25,IN,P1032,PG1316,KW10106,770.66,Completed,2026-09-25 15:03:00
ORD101889,2026-09-01,BR,P1016,PG1267,KW10179,557.88,Completed,2026-09-01 15:41:00
ORD101895,2026-06-22,JP,P1037,PG1052,KW11234,381.88,Completed,2026-06-22 23:46:00
ORD101901,2026-06-29,UK,P1003,PG1195,KW10030,1167.22,Completed,2026-06-29 06:14:00
ORD101902,2026-06-27,JP,P1027,PG1126,KW10942,259.1,Completed,2026-06-27 08:31:00
ORD101912,2026-09-08,DE,P1002,PG1396,KW10418,579.98,Cancelled,2026-09-08 11:31:00
ORD101915,2026-09-11,DE,P1030,PG1432,KW11451,916.85,Returned,2026-09-11 06:13:00
ORD101916,2026-09-18,JP,P1026,PG1116,KW10376,567.01,Cancelled,2026-09-18 05:08:00
ORD101917,2026-07-17,MX,P1034,PG1034,KW10380,1069.62,Completed,2026-07-17 04:18:00
ORD101919,2026-08-06,CA,P1045,PG1477,KW10656,593.29,Pending,2026-08-06 06:44:00
ORD101922,2026-09-05,DE,P1002,PG1335,KW10519,402.19,Cancelled,2026-09-05 22:21:00
ORD101923,2026-07-10,AU,P1005,PG1263,KW10717,1629.37,Pending,2026-07-10 20:19:00
ORD101925,2026-09-11,MX,P1006,PG1269,KW11046,1311.97,Completed,2026-09-11 18:41:00
ORD101931,2026-07-31,US,P1035,PG1138,KW10328,757.21,Pending,2026-07-31 02:32:00
ORD101932,2026-06-05,AU,P1036,PG1386,KW11692,379.72,Completed,2026-06-05 16:44:00
ORD101934,2026-08-23,JP,P1023,PG1287,KW10058,1027.02,Returned,2026-08-23 08:03:00
ORD101939,2026-08-26,BR,P1003,PG1484,KW10804,371.22,Returned,2026-08-26 16:14:00
ORD101941,2026-08-31,FR,P1043,PG1080,KW11257,1258.34,Cancelled,2026-08-31 15:49:00
ORD101942,2026-09-05,AU,P1046,PG1386,KW11979,970.63,Completed,2026-09-05 07:00:00
ORD101943,2026-09-24,AU,P1035,PG1135,KW11417,1815.99,Cancelled,2026-09-24 03:49:00
ORD101946,2026-08-12,BR,P1031,PG1355,KW10385,866.69,Returned,2026-08-12 03:31:00
ORD101947,2026-09-20,CA,P1032,PG1412,KW11823,1215.94,Cancelled,2026-09-20 10:15:00
ORD101948,2026-07-14,US,P1003,PG1002,KW10380,403.51,Completed,2026-07-14 08:41:00
ORD101949,2026-06-25,IN,P1043,PG1148,KW10032,224.3,Completed,2026-06-25 05:21:00
ORD101951,2026-07-09,IN,P1039,PG1474,KW11538,491.88,Completed,2026-07-09 22:49:00
ORD101957,2026-06-11,AU,P1025,PG1395,KW10895,555.01,Completed,2026-06-11 11:01:00
ORD101959,2026-06-14,UK,P1033,PG1354,KW11145,430.5,Cancelled,2026-06-14 13:53:00
ORD101962,2026-09-30,AU,P1023,PG1307,KW11934,939.85,Pending,2026-09-30 14:55:00
ORD101963,2026-06-08,AU,P1013,PG1188,KW10198,1093.94,Completed,2026-06-08 19:31:00
ORD101968,2026-09-13,MX,P1027,PG1395,KW11081,897.57,Returned,2026-09-13 19:59:00
ORD101971,2026-07-24,BR,P1028,PG1011,KW10466,1426.35,Pending,2026-07-24 22:35:00
ORD101978,2026-06-25,BR,P1044,PG1168,KW10683,567.12,Completed,2026-06-25 03:23:00
ORD101980,2026-06-09,CA,P1020,PG1320,KW10176,515.44,Pending,2026-06-09 19:55:00
ORD101981,2026-08-03,BR,P1009,PG1142,KW10879,855.93,Completed,2026-08-03 15:43:00
ORD101989,2026-06-20,US,P1041,PG1399,KW11380,1392.36,Completed,2026-06-20 15:39:00
ORD101991,2026-07-04,US,P1038,PG1320,KW10658,1680.83,Pending,2026-07-04 18:09:00
ORD101992,2026-09-16,BR,P1046,PG1195,KW11976,2121.11,Completed,2026-09-16 16:22:00
ORD101993,2026-07-07,AU,P1039,PG1175,KW11530,977.28,Completed,2026-07-07 10:02:00
ORD101996,2026-08-08,BR,P1027,PG1340,KW11808,1448.84,Cancelled,2026-08-08 14:53:00
ORD101997,2026-07-13,BR,P1010,PG1435,KW11152,570.9,Returned,2026-07-13 10:10:00
ORD101998,2026-07-13,IN,P1003,PG1418,KW10613,364.86,Cancelled,2026-07-13 13:49:00
ORD101999,2026-06-26,JP,P1015,PG1316,KW10166,1079.96,Cancelled,2026-06-26 13:03:00
ORD102001,2026-09-18,IN,P1012,PG1472,KW10754,1734.77,Returned,2026-09-18 00:30:00
ORD102003,2026-06-13,DE,P1050,PG1127,KW11529,1489.57,Pending,2026-06-13 08:22:00
ORD102004,2026-07-23,BR,P1005,PG1327,KW11521,991.47,Completed,2026-07-23 17:09:00
ORD102009,2026-09-30,CA,P1035,PG1034,KW10336,227.46,Returned,2026-09-30 13:25:00
ORD102011,2026-07-02,BR,P1022,PG1081,KW11511,2350.65,Completed,2026-07-02 13:50:00
ORD102013,2026-09-14,UK,P1001,PG1038,KW11136,1919.22,Cancelled,2026-09-14 15:20:00
ORD102016,2026-09-22,CA,P1002,PG1489,KW10045,2256.65,Completed,2026-09-22 04:29:00
ORD102018,2026-08-07,FR,P1007,PG1014,KW11568,1040.86,Completed,2026-08-07 17:22:00
ORD102019,2026-07-08,US,P1018,PG1150,KW10781,481.57,Cancelled,2026-07-08 02:33:00
ORD102021,2026-08-01,BR,P1033,PG1389,KW10987,791.86,Cancelled,2026-08-01 08:01:00
ORD102027,2026-09-23,US,P1031,PG1270,KW11813,938.78,Cancelled,2026-09-23 17:53:00
ORD102028,2026-08-08,CA,P1014,PG1218,KW11980,658.8,Cancelled,2026-08-08 19:41:00
ORD102036,2026-09-28,FR,P1032,PG1185,KW10141,441.36,Completed,2026-09-28 16:05:00
ORD102040,2026-06-01,DE,P1032,PG1392,KW11109,941.69,Completed,2026-06-01 23:01:00
ORD102042,2026-09-03,JP,P1033,PG1177,KW11200,691.0,Completed,2026-09-03 20:01:00
ORD102044,2026-09-02,UK,P1016,PG1468,KW10503,270.52,Completed,2026-09-02 23:48:00
ORD102046,2026-08-31,AU,P1036,PG1415,KW10648,547.75,Completed,2026-08-31 12:47:00
ORD102052,2026-07-02,MX,P1039,PG1455,KW11050,257.23,Pending,2026-07-02 19:04:00
ORD102053,2026-07-02,JP,P1019,PG1040,KW10790,1405.66,Completed,2026-07-02 05:16:00
ORD102054,2026-07-31,US,P1030,PG1437,KW11619,1378.13,Completed,2026-07-31 01:33:00
ORD102058,2026-08-30,JP,P1002,PG1166,KW11107,1153.69,Cancelled,2026-08-30 08:09:00
ORD102061,2026-08-06,MX,P1008,PG1032,KW10961,937.01,Completed,2026-08-06 01:12:00
ORD102064,2026-09-23,US,P1004,PG1232,KW10002,1282.43,Pending,2026-09-23 17:13:00
ORD102066,2026-06-02,FR,P1013,PG1132,KW11361,743.89,Completed,2026-06-02 11:14:00
ORD102072,2026-06-23,CA,P1049,PG1318,KW11420,369.19,Pending,2026-06-23 05:13:00
ORD102073,2026-08-25,CA,P1004,PG1289,KW10631,611.2,Completed,2026-08-25 18:14:00
ORD102076,2026-06-16,UK,P1007,PG1172,KW11315,1605.01,Completed,2026-06-16 10:44:00
ORD102079,2026-08-10,DE,P1029,PG1300,KW10141,365.78,Completed,2026-08-10 16:27:00
ORD102082,2026-08-02,FR,P1046,PG1283,KW10223,1890.4,Returned,2026-08-02 18:46:00
ORD102085,2026-06-19,IN,P1009,PG1322,KW10660,2263.86,Completed,2026-06-19 06:59:00
ORD102087,2026-09-19,CA,P1049,PG1344,KW11077,2202.35,Pending,2026-09-19 17:12:00
ORD102088,2026-09-14,US,P1013,PG1112,KW10306,1109.36,Completed,2026-09-14 06:47:00
ORD102094,2026-09-11,UK,P1050,PG1046,KW10068,1113.71,Returned,2026-09-11 22:56:00
ORD102098,2026-06-09,FR,P1018,PG1144,KW10461,526.1,Cancelled,2026-06-09 02:44:00
ORD102099,2026-07-22,MX,P1044,PG1089,KW11111,436.77,Completed,2026-07-22 07:08:00
ORD102100,2026-08-16,IN,P1025,PG1143,KW11155,270.51,Pending,2026-08-16 11:44:00
ORD102103,2026-07-22,BR,P1044,PG1153,KW11154,2297.53,Returned,2026-07-22 13:47:00
ORD102105,2026-07-31,UK,P1038,PG1407,KW10314,3753.73,Completed,2026-07-31 18:40:00
ORD102110,2026-06-24,JP,P1032,PG1233,KW10538,370.85,Completed,2026-06-24 19:30:00
ORD102112,2026-09-07,JP,P1049,PG1375,KW10282,449.89,Pending,2026-09-07 15:25:00
ORD102113,2026-06-09,MX,P1050,PG1227,KW10112,891.3,Completed,2026-06-09 07:24:00
ORD102115,2026-07-05,JP,P1039,PG1054,KW11211,2831.81,Completed,2026-07-05 20:20:00
ORD102121,2026-09-08,IN,P1048,PG1453,KW10186,293.88,Completed,2026-09-08 21:24:00
ORD102125,2026-06-27,CA,P1026,PG1475,KW11238,1360.61,Completed,2026-06-27 10:17:00
ORD102130,2026-08-11,JP,P1020,PG1482,KW11832,502.73,Cancelled,2026-08-11 02:28:00
ORD102132,2026-06-30,CA,P1016,PG1453,KW11131,961.55,Pending,2026-06-30 15:51:00
ORD102135,2026-08-05,UK,P1036,PG1144,KW11314,2195.42,Pending,2026-08-05 18:22:00
ORD102139,2026-08-27,JP,P1009,PG1125,KW11054,1699.47,Completed,2026-08-27 17:08:00
ORD102141,2026-07-25,FR,P1012,PG1337,KW11749,420.27,Returned,2026-07-25 15:47:00
ORD102144,2026-06-10,AU,P1015,PG1299,KW11537,595.47,Pending,2026-06-10 00:20:00
ORD102145,2026-08-20,FR,P1025,PG1240,KW11482,992.67,Completed,2026-08-20 14:14:00
ORD102147,2026-06-12,US,P1016,PG1389,KW10486,797.72,Completed,2026-06-12 19:13:00
ORD102151,2026-06-26,DE,P1037,PG1276,KW10026,666.21,Completed,2026-06-26 07:14:00
ORD102154,2026-06-30,JP,P1008,PG1181,KW10138,696.92,Returned,2026-06-30 03:14:00
ORD102156,2026-06-02,IN,P1013,PG1088,KW11661,1516.16,Returned,2026-06-02 11:26:00
ORD102157,2026-09-29,JP,P1029,PG1225,KW10133,4595.17,Returned,2026-09-29 07:51:00
ORD102158,2026-09-15,DE,P1044,PG1201,KW11391,246.58,Returned,2026-09-15 04:02:00
ORD102159,2026-07-22,FR,P1011,PG1003,KW10013,1015.14,Pending,2026-07-22 08:44:00
ORD102160,2026-08-14,MX,P1048,PG1495,KW11192,484.13,Completed,2026-08-14 21:15:00
ORD102162,2026-09-03,CA,P1033,PG1053,KW11744,711.84,Cancelled,2026-09-03 12:42:00
ORD102163,2026-07-20,CA,P1048,PG1490,KW10621,2621.54,Completed,2026-07-20 15:48:00
ORD102167,2026-07-19,CA,P1034,PG1095,KW11590,471.47,Completed,2026-07-19 14:20:00
ORD102169,2026-08-30,CA,P1028,PG1088,KW10895,782.93,Pending,2026-08-30 12:52:00
ORD102172,2026-06-24,UK,P1015,PG1191,KW10528,456.19,Completed,2026-06-24 03:31:00
ORD102174,2026-08-05,JP,P1015,PG1276,KW10205,472.53,Cancelled,2026-08-05 18:30:00
ORD102179,2026-09-09,AU,P1041,PG1500,KW11319,665.02,Completed,2026-09-09 12:35:00
ORD102182,2026-07-04,BR,P1009,PG1197,KW10621,647.09,Completed,2026-07-04 18:38:00
ORD102183,2026-06-07,CA,P1014,PG1343,KW11912,342.67,Completed,2026-06-07 04:50:00
ORD102185,2026-09-01,CA,P1035,PG1146,KW11840,567.45,Pending,2026-09-01 01:08:00
ORD102187,2026-06-21,FR,P1048,PG1078,KW10700,890.8,Completed,2026-06-21 16:30:00
ORD102188,2026-06-17,DE,P1025,PG1192,KW10065,461.57,Completed,2026-06-17 13:50:00
ORD102189,2026-08-28,IN,P1017,PG1482,KW10452,647.43,Completed,2026-08-28 18:22:00
ORD102190,2026-08-01,IN,P1039,PG1452,KW11145,1096.27,Returned,2026-08-01 09:34:00
ORD102192,2026-08-31,UK,P1048,PG1488,KW10390,1046.74,Returned,2026-08-31 12:05:00
ORD102207,2026-09-05,IN,P1035,PG1188,KW11974,527.88,Pending,2026-09-05 22:44:00
ORD102209,2026-09-28,FR,P1023,PG1207,KW10335,1059.15,Cancelled,2026-09-28 21:55:00
ORD102211,2026-07-27,US,P1019,PG1206,KW11385,833.78,Completed,2026-07-27 09:45:00
ORD102216,2026-06-07,IN,P1049,PG1242,KW10969,2136.87,Completed,2026-06-07 14:02:00
ORD102218,2026-07-01,UK,P1017,PG1071,KW11954,1290.84,Cancelled,2026-07-01 06:38:00
ORD102220,2026-07-21,IN,P1028,PG1465,KW11477,380.55,Completed,2026-07-21 22:42:00
ORD102224,2026-07-14,DE,P1041,PG1423,KW10620,377.31,Completed,2026-07-14 12:55:00
ORD102226,2026-06-12,BR,P1050,PG1021,KW10402,1335.19,Completed,2026-06-12 05:10:00
ORD102228,2026-07-21,DE,P1026,PG1293,KW11764,387.96,Completed,2026-07-21 22:24:00
ORD102236,2026-09-20,US,P1031,PG1430,KW11411,963.57,Completed,2026-09-20 02:09:00
ORD102239,2026-08-13,IN,P1029,PG1244,KW11973,1071.88,Returned,2026-08-13 03:56:00
ORD102240,2026-09-29,FR,P1026,PG1196,KW10756,574.95,Completed,2026-09-29 17:09:00
ORD102241,2026-09-22,IN,P1034,PG1006,KW10961,482.55,Completed,2026-09-22 09:02:00
ORD102243,2026-08-21,DE,P1032,PG1398,KW11702,567.23,Completed,2026-08-21 09:27:00
ORD102245,2026-08-31,US,P1031,PG1255,KW10884,719.89,Cancelled,2026-08-31 08:58:00
ORD102248,2026-06-11,IN,P1035,PG1404,KW10595,1545.94,Completed,2026-06-11 18:46:00
ORD102249,2026-06-30,MX,P1046,PG1027,KW10639,2282.72,Completed,2026-06-30 22:16:00
ORD102252,2026-09-17,MX,P1026,PG1111,KW10392,1427.86,Completed,2026-09-17 00:45:00
ORD102257,2026-06-08,BR,P1017,PG1470,KW10226,427.04,Completed,2026-06-08 12:44:00
ORD102258,2026-08-26,JP,P1040,PG1177,KW10693,772.25,Completed,2026-08-26 03:39:00
ORD102259,2026-07-30,DE,P1050,PG1418,KW10035,804.63,Returned,2026-07-30 23:27:00
ORD102260,2026-09-17,FR,P1015,PG1411,KW10876,920.76,Completed,2026-09-17 04:16:00
ORD102263,2026-09-20,CA,P1018,PG1130,KW10885,340.92,Completed,2026-09-20 05:18:00
ORD102266,2026-09-14,BR,P1035,PG1469,KW11437,1230.04,Completed,2026-09-14 11:42:00
ORD102267,2026-07-24,MX,P1004,PG1263,KW10923,1402.05,Completed,2026-07-24 01:47:00
ORD102268,2026-07-25,IN,P1043,PG1219,KW10669,769.84,Cancelled,2026-07-25 22:02:00
ORD102270,2026-07-15,AU,P1009,PG1231,KW10311,1184.39,Completed,2026-07-15 22:10:00
ORD102271,2026-07-25,UK,P1015,PG1290,KW11292,1259.61,Completed,2026-07-25 08:19:00
ORD102272,2026-08-07,BR,P1005,PG1051,KW10345,474.23,Returned,2026-08-07 12:12:00
ORD102273,2026-09-21,AU,P1046,PG1271,KW10236,1961.41,Returned,2026-09-21 02:21:00
ORD102275,2026-08-05,US,P1046,PG1385,KW11271,374.32,Pending,2026-08-05 04:09:00
ORD102277,2026-06-24,MX,P1009,PG1365,KW11643,428.91,Completed,2026-06-24 03:01:00
ORD102278,2026-07-18,BR,P1042,PG1143,KW11078,1532.2,Pending,2026-07-18 10:58:00
ORD102281,2026-08-05,AU,P1024,PG1128,KW10934,1554.48,Pending,2026-08-05 00:30:00
ORD102290,2026-08-23,AU,P1024,PG1285,KW10056,1165.79,Cancelled,2026-08-23 03:59:00
ORD102298,2026-07-29,IN,P1045,PG1029,KW10571,438.3,Cancelled,2026-07-29 20:55:00
ORD102300,2026-07-07,FR,P1041,PG1433,KW11771,359.26,Completed,2026-07-07 19:46:00
ORD102302,2026-07-10,AU,P1044,PG1265,KW10707,1136.49,Completed,2026-07-10 06:52:00
ORD102303,2026-08-19,AU,P1008,PG1193,KW10635,3026.26,Pending,2026-08-19 05:17:00
ORD102304,2026-08-14,DE,P1032,PG1328,KW10411,1157.38,Pending,2026-08-14 08:49:00
ORD102306,2026-06-24,FR,P1016,PG1234,KW11240,714.39,Pending,2026-06-24 19:04:00
ORD102311,2026-07-12,DE,P1008,PG1234,KW11948,443.23,Cancelled,2026-07-12 04:57:00
ORD102313,2026-08-06,BR,P1012,PG1443,KW10893,1247.46,Completed,2026-08-06 14:51:00
ORD102314,2026-07-22,UK,P1003,PG1341,KW11496,540.92,Completed,2026-07-22 07:37:00
ORD102318,2026-08-26,CA,P1036,PG1392,KW10448,294.02,Completed,2026-08-26 09:12:00
ORD102319,2026-07-28,JP,P1038,PG1201,KW11413,1303.12,Cancelled,2026-07-28 04:16:00
ORD102324,2026-07-19,MX,P1014,PG1076,KW10352,461.32,Cancelled,2026-07-19 15:44:00
ORD102326,2026-09-21,FR,P1022,PG1400,KW11573,1123.47,Completed,2026-09-21 08:54:00
ORD102334,2026-06-13,AU,P1046,PG1230,KW11819,1036.67,Completed,2026-06-13 20:43:00
ORD102341,2026-09-21,US,P1023,PG1033,KW11334,1381.24,Returned,2026-09-21 14:24:00
ORD102343,2026-06-04,CA,P1027,PG1132,KW11054,978.97,Pending,2026-06-04 21:41:00
ORD102344,2026-07-19,UK,P1041,PG1338,KW11703,1993.88,Completed,2026-07-19 04:07:00
ORD102348,2026-09-21,BR,P1045,PG1266,KW11845,949.5,Completed,2026-09-21 23:18:00
ORD102349,2026-08-15,AU,P1037,PG1209,KW10312,397.19,Completed,2026-08-15 18:55:00
ORD102356,2026-09-27,MX,P1039,PG1355,KW10298,831.98,Completed,2026-09-27 19:27:00
ORD102359,2026-09-30,MX,P1029,PG1332,KW10088,450.12,Cancelled,2026-09-30 03:46:00
ORD102360,2026-06-15,MX,P1012,PG1120,KW11732,3037.82,Completed,2026-06-15 01:43:00
ORD102371,2026-08-21,IN,P1009,PG1250,KW11521,556.98,Cancelled,2026-08-21 13:21:00
ORD102372,2026-07-31,CA,P1018,PG1326,KW11770,531.97,Completed,2026-07-31 04:18:00
ORD102373,2026-09-27,US,P1025,PG1050,KW11049,258.13,Completed,2026-09-27 06:51:00
ORD102375,2026-06-29,BR,P1025,PG1287,KW11998,701.59,Returned,2026-06-29 10:42:00
ORD102377,2026-07-19,MX,P1014,PG1497,KW11320,470.55,Returned,2026-07-19 03:49:00
ORD102381,2026-08-20,MX,P1036,PG1284,KW10974,2401.36,Completed,2026-08-20 17:48:00
ORD102385,2026-07-19,AU,P1014,PG1475,KW11899,733.74,Completed,2026-07-19 09:55:00
ORD102388,2026-08-02,IN,P1019,PG1395,KW10387,2530.91,Completed,2026-08-02 19:50:00
ORD102389,2026-07-21,MX,P1036,PG1444,KW11800,427.48,Completed,2026-07-21 19:23:00
ORD102399,2026-07-02,IN,P1033,PG1269,KW10026,280.52,Completed,2026-07-02 11:29:00
ORD102400,2026-07-17,UK,P1029,PG1338,KW10196,922.61,Cancelled,2026-07-17 03:57:00
ORD102401,2026-07-14,CA,P1042,PG1344,KW11900,1423.02,Cancelled,2026-07-14 00:49:00
ORD102403,2026-08-16,JP,P1039,PG1226,KW10766,501.22,Returned,2026-08-16 04:20:00
ORD102404,2026-08-20,BR,P1018,PG1042,KW11918,1104.47,Completed,2026-08-20 21:24:00
ORD102406,2026-07-16,IN,P1012,PG1266,KW11210,1844.25,Completed,2026-07-16 16:00:00
ORD102407,2026-06-15,AU,P1039,PG1219,KW10213,955.69,Completed,2026-06-15 13:03:00
ORD102411,2026-06-25,AU,P1016,PG1386,KW10487,1841.21,Completed,2026-06-25 06:21:00
ORD102414,2026-09-17,IN,P1045,PG1439,KW11750,1361.2,Completed,2026-09-17 10:45:00
ORD102418,2026-09-21,FR,P1014,PG1440,KW11469,1098.87,Completed,2026-09-21 06:11:00
ORD102419,2026-07-04,DE,P1038,PG1143,KW11965,1576.97,Completed,2026-07-04 08:41:00
ORD102422,2026-06-12,AU,P1028,PG1223,KW10024,662.97,Pending,2026-06-12 07:56:00
ORD102423,2026-09-18,MX,P1007,PG1072,KW11356,1112.31,Completed,2026-09-18 15:01:00
ORD102424,2026-09-08,UK,P1031,PG1027,KW11988,728.11,Pending,2026-09-08 09:15:00
ORD102430,2026-09-30,IN,P1033,PG1094,KW10376,451.74,Completed,2026-09-30 02:04:00
ORD102434,2026-06-27,DE,P1036,PG1314,KW10061,745.21,Pending,2026-06-27 21:23:00
ORD102435,2026-09-20,US,P1046,PG1442,KW11483,1068.71,Completed,2026-09-20 11:12:00
ORD102436,2026-08-23,FR,P1023,PG1327,KW11518,591.35,Completed,2026-08-23 21:41:00
ORD102437,2026-07-08,BR,P1033,PG1360,KW10728,1345.09,Pending,2026-07-08 16:48:00
ORD102442,2026-09-28,AU,P1040,PG1046,KW10079,815.03,Completed,2026-09-28 12:17:00
ORD102444,2026-07-08,IN,P1007,PG1285,KW10436,962.42,Completed,2026-07-08 03:07:00
ORD102446,2026-09-12,BR,P1027,PG1176,KW11492,1928.56,Pending,2026-09-12 20:58:00
ORD102447,2026-07-01,CA,P1047,PG1354,KW10888,1433.89,Cancelled,2026-07-01 04:49:00
ORD102449,2026-07-27,US,P1035,PG1365,KW10015,836.43,Cancelled,2026-07-27 14:29:00
ORD102452,2026-08-19,FR,P1040,PG1044,KW10513,749.25,Completed,2026-08-19 22:41:00
ORD102460,2026-09-17,IN,P1007,PG1144,KW11989,1409.75,Cancelled,2026-09-17 02:38:00
ORD102462,2026-07-30,JP,P1028,PG1168,KW11634,465.29,Cancelled,2026-07-30 12:46:00
ORD102464,2026-08-28,JP,P1042,PG1229,KW10705,504.61,Cancelled,2026-08-28 00:29:00
ORD102466,2026-06-29,AU,P1019,PG1162,KW11604,1951.83,Completed,2026-06-29 11:33:00
ORD102467,2026-07-03,MX,P1022,PG1023,KW10733,360.04,Cancelled,2026-07-03 09:06:00
ORD102471,2026-07-14,CA,P1001,PG1120,KW10284,490.99,Completed,2026-07-14 04:40:00
ORD102473,2026-08-31,IN,P1004,PG1044,KW11394,1250.26,Returned,2026-08-31 05:14:00
ORD102475,2026-06-01,AU,P1005,PG1206,KW11118,1054.51,Returned,2026-06-01 10:05:00
ORD102478,2026-06-26,JP,P1036,PG1019,KW10846,857.95,Returned,2026-06-26 02:03:00
ORD102481,2026-09-25,US,P1045,PG1401,KW11993,1186.3,Cancelled,2026-09-25 15:19:00
ORD102483,2026-07-06,FR,P1038,PG1047,KW11310,791.65,Completed,2026-07-06 14:28:00
ORD102484,2026-08-11,IN,P1042,PG1182,KW10892,732.86,Returned,2026-08-11 05:07:00
ORD102485,2026-08-04,BR,P1025,PG1468,KW11289,591.53,Returned,2026-08-04 08:41:00
ORD102489,2026-07-06,US,P1022,PG1031,KW11944,508.74,Pending,2026-07-06 03:45:00
ORD102491,2026-09-30,US,P1004,PG1150,KW11214,790.56,Pending,2026-09-30 05:46:00
ORD102494,2026-08-21,FR,P1050,PG1017,KW11986,1472.91,Completed,2026-08-21 13:57:00
ORD102496,2026-09-06,UK,P1043,PG1096,KW10849,1419.21,Pending,2026-09-06 03:00:00
ORD102510,2026-08-11,AU,P1040,PG1377,KW11738,391.83,Cancelled,2026-08-11 03:40:00
ORD102512,2026-09-22,BR,P1027,PG1123,KW10162,832.28,Cancelled,2026-09-22 05:03:00
ORD102513,2026-08-23,FR,P1036,PG1005,KW10771,680.87,Completed,2026-08-23 03:39:00
ORD102514,2026-09-07,DE,P1012,PG1166,KW10668,591.15,Completed,2026-09-07 00:34:00
ORD102515,2026-09-14,FR,P1004,PG1287,KW11835,453.21,Returned,2026-09-14 01:35:00
ORD102517,2026-07-26,MX,P1017,PG1107,KW11277,1422.27,Returned,2026-07-26 04:41:00
ORD102521,2026-08-02,MX,P1034,PG1438,KW11990,792.08,Completed,2026-08-02 19:09:00
ORD102523,2026-08-14,CA,P1039,PG1154,KW11200,964.56,Pending,2026-08-14 06:15:00
ORD102524,2026-07-25,JP,P1002,PG1475,KW10178,961.4,Pending,2026-07-25 11:53:00
ORD102534,2026-06-26,FR,P1032,PG1271,KW11697,363.34,Completed,2026-06-26 12:23:00
ORD102538,2026-06-29,CA,P1042,PG1349,KW10225,549.33,Completed,2026-06-29 01:34:00
ORD102544,2026-08-07,UK,P1050,PG1260,KW11763,499.17,Pending,2026-08-07 23:16:00
ORD102553,2026-07-11,UK,P1016,PG1142,KW11673,754.56,Pending,2026-07-11 13:58:00
ORD102555,2026-06-13,AU,P1003,PG1421,KW10124,373.96,Completed,2026-06-13 13:52:00
ORD102559,2026-09-25,MX,P1008,PG1457,KW11349,502.59,Completed,2026-09-25 02:38:00
ORD102561,2026-08-17,JP,P1043,PG1309,KW11823,589.9,Pending,2026-08-17 05:42:00
ORD102562,2026-09-04,CA,P1037,PG1080,KW11660,1122.23,Pending,2026-09-04 09:18:00
ORD102564,2026-07-31,CA,P1050,PG1098,KW10971,788.88,Cancelled,2026-07-31 04:56:00
ORD102567,2026-07-16,AU,P1029,PG1242,KW11210,760.31,Cancelled,2026-07-16 20:33:00
ORD102568,2026-09-30,IN,P1008,PG1166,KW10566,518.51,Cancelled,2026-09-30 08:49:00
ORD102571,2026-06-16,IN,P1014,PG1444,KW10486,985.89,Completed,2026-06-16 08:27:00
ORD102572,2026-09-28,FR,P1013,PG1203,KW11883,910.81,Completed,2026-09-28 04:22:00
ORD102576,2026-07-17,FR,P1008,PG1287,KW10786,1763.12,Cancelled,2026-07-17 03:18:00
ORD102578,2026-09-14,FR,P1046,PG1278,KW11893,771.28,Pending,2026-09-14 16:26:00
ORD102579,2026-09-07,US,P1025,PG1207,KW11381,465.15,Returned,2026-09-07 14:31:00
ORD102584,2026-08-23,UK,P1017,PG1374,KW10464,952.37,Completed,2026-08-23 11:12:00
ORD102585,2026-09-12,UK,P1008,PG1400,KW10713,713.84,Completed,2026-09-12 13:52:00
ORD102590,2026-08-30,DE,P1008,PG1437,KW11098,1093.48,Completed,2026-08-30 12:56:00
ORD102591,2026-06-04,CA,P1032,PG1362,KW10545,741.09,Cancelled,2026-06-04 02:13:00
ORD102593,2026-06-05,UK,P1008,PG1171,KW10081,857.14,Cancelled,2026-06-05 09:57:00
ORD102599,2026-06-07,MX,P1023,PG1476,KW10241,1275.68,Cancelled,2026-06-07 18:31:00
ORD102601,2026-06-22,MX,P1048,PG1232,KW11770,850.9,Pending,2026-06-22 05:47:00
ORD102603,2026-09-13,MX,P1015,PG1317,KW11647,1892.89,Completed,2026-09-13 23:42:00
ORD102604,2026-09-10,FR,P1012,PG1089,KW10418,292.61,Completed,2026-09-10 07:42:00
ORD102605,2026-06-28,MX,P1016,PG1174,KW11650,611.1,Returned,2026-06-28 15:48:00
ORD102606,2026-09-14,MX,P1017,PG1082,KW10882,957.76,Pending,2026-09-14 02:17:00
ORD102611,2026-09-26,DE,P1031,PG1110,KW11832,426.0,Cancelled,2026-09-26 11:17:00
ORD102614,2026-06-04,JP,P1018,PG1150,KW10793,1561.62,Completed,2026-06-04 06:22:00
ORD102623,2026-08-01,IN,P1040,PG1438,KW11461,1412.8,Returned,2026-08-01 10:10:00
ORD102628,2026-09-21,JP,P1004,PG1454,KW10186,935.2,Cancelled,2026-09-21 03:19:00
ORD102629,2026-06-14,IN,P1011,PG1084,KW11360,513.83,Completed,2026-06-14 09:20:00
ORD102630,2026-07-26,FR,P1030,PG1473,KW11394,984.33,Completed,2026-07-26 05:03:00
ORD102639,2026-07-10,AU,P1045,PG1390,KW10733,1129.12,Completed,2026-07-10 03:53:00
ORD102640,2026-08-01,FR,P1006,PG1081,KW11672,1031.49,Completed,2026-08-01 06:06:00
ORD102641,2026-07-08,DE,P1011,PG1012,KW10040,1279.88,Completed,2026-07-08 02:05:00
ORD102644,2026-08-22,UK,P1006,PG1043,KW11616,596.11,Completed,2026-08-22 20:36:00
ORD102649,2026-08-28,US,P1005,PG1242,KW11368,829.85,Completed,2026-08-28 21:56:00
ORD102650,2026-08-03,AU,P1007,PG1045,KW11408,774.68,Cancelled,2026-08-03 17:40:00
ORD102652,2026-09-15,JP,P1008,PG1045,KW10035,3235.83,Cancelled,2026-09-15 19:22:00
ORD102658,2026-08-05,IN,P1010,PG1151,KW11505,286.11,Pending,2026-08-05 22:55:00
ORD102661,2026-08-19,DE,P1006,PG1055,KW10354,1264.09,Returned,2026-08-19 02:39:00
ORD102663,2026-09-12,BR,P1045,PG1085,KW10163,610.77,Returned,2026-09-12 15:10:00
ORD102665,2026-08-13,MX,P1011,PG1271,KW10545,703.9,Returned,2026-08-13 22:32:00
ORD102669,2026-08-15,IN,P1005,PG1036,KW10434,1158.95,Completed,2026-08-15 02:52:00
ORD102670,2026-07-09,BR,P1042,PG1167,KW10234,1648.4,Completed,2026-07-09 13:19:00
ORD102671,2026-08-14,BR,P1044,PG1277,KW11317,1814.04,Completed,2026-08-14 09:36:00
ORD102673,2026-09-07,JP,P1013,PG1102,KW11620,1735.31,Completed,2026-09-07 16:14:00
ORD102674,2026-08-25,US,P1040,PG1096,KW11470,1957.5,Completed,2026-08-25 18:43:00
ORD102675,2026-09-08,BR,P1039,PG1158,KW11389,1725.03,Completed,2026-09-08 12:58:00
ORD102676,2026-07-29,JP,P1005,PG1267,KW10854,1324.88,Cancelled,2026-07-29 12:23:00
ORD102677,2026-08-12,DE,P1033,PG1024,KW11542,475.45,Completed,2026-08-12 15:52:00
ORD102679,2026-08-02,MX,P1028,PG1005,KW12000,2275.81,Cancelled,2026-08-02 01:43:00
ORD102682,2026-08-23,DE,P1024,PG1430,KW11912,1390.69,Completed,2026-08-23 18:53:00
ORD102683,2026-09-07,DE,P1037,PG1163,KW11664,428.04,Completed,2026-09-07 04:27:00
ORD102687,2026-06-14,DE,P1015,PG1102,KW10974,384.24,Completed,2026-06-14 05:38:00
ORD102692,2026-09-01,UK,P1024,PG1195,KW10049,816.52,Completed,2026-09-01 14:15:00
ORD102693,2026-08-01,US,P1019,PG1082,KW11771,1455.02,Completed,2026-08-01 21:13:00
ORD102694,2026-08-02,JP,P1013,PG1152,KW10101,756.28,Pending,2026-08-02 19:56:00
ORD102697,2026-07-19,IN,P1020,PG1379,KW11732,1418.17,Completed,2026-07-19 14:53:00
ORD102699,2026-06-19,MX,P1028,PG1323,KW10214,1799.49,Completed,2026-06-19 04:58:00
ORD102702,2026-06-14,UK,P1032,PG1401,KW11498,817.17,Completed,2026-06-14 03:53:00
ORD102704,2026-06-09,DE,P1045,PG1029,KW11769,755.24,Completed,2026-06-09 03:09:00
ORD102706,2026-06-07,IN,P1006,PG1053,KW11174,636.61,Completed,2026-06-07 08:52:00
ORD102708,2026-07-20,AU,P1024,PG1119,KW10130,2179.13,Returned,2026-07-20 21:21:00
ORD102717,2026-08-24,CA,P1047,PG1488,KW10964,1079.52,Cancelled,2026-08-24 01:15:00
ORD102718,2026-08-05,JP,P1001,PG1131,KW11927,863.51,Completed,2026-08-05 15:34:00
ORD102724,2026-07-30,JP,P1043,PG1052,KW11766,896.63,Completed,2026-07-30 08:50:00
ORD102725,2026-09-27,BR,P1029,PG1221,KW11477,910.7,Completed,2026-09-27 02:24:00
ORD102727,2026-06-23,MX,P1047,PG1007,KW11431,676.96,Pending,2026-06-23 12:17:00
ORD102729,2026-08-09,DE,P1020,PG1126,KW10537,617.44,Returned,2026-08-09 14:29:00
ORD102734,2026-08-23,JP,P1028,PG1358,KW11482,475.37,Returned,2026-08-23 10:24:00
ORD102737,2026-08-09,JP,P1036,PG1042,KW10607,901.26,Completed,2026-08-09 15:17:00
ORD102742,2026-08-18,CA,P1047,PG1235,KW11722,368.29,Pending,2026-08-18 10:12:00
ORD102746,2026-06-04,FR,P1015,PG1497,KW11494,820.77,Completed,2026-06-04 11:32:00
ORD102751,2026-08-29,FR,P1027,PG1461,KW10931,2055.43,Completed,2026-08-29 10:45:00
ORD102753,2026-09-03,US,P1025,PG1263,KW11552,1541.33,Returned,2026-09-03 18:01:00
ORD102757,2026-08-13,CA,P1025,PG1155,KW11315,263.55,Pending,2026-08-13 00:12:00
ORD102762,2026-07-07,AU,P1034,PG1256,KW10156,449.37,Completed,2026-07-07 06:08:00
ORD102763,2026-09-20,AU,P1007,PG1346,KW10904,656.46,Completed,2026-09-20 18:29:00
ORD102764,2026-09-15,IN,P1023,PG1342,KW10029,1226.76,Returned,2026-09-15 00:57:00
ORD102765,2026-07-24,CA,P1047,PG1495,KW10457,297.15,Completed,2026-07-24 05:15:00
ORD102767,2026-09-05,IN,P1046,PG1414,KW10813,2013.91,Completed,2026-09-05 02:15:00
ORD102769,2026-08-22,MX,P1042,PG1308,KW11743,733.34,Completed,2026-08-22 19:14:00
ORD102770,2026-09-12,MX,P1043,PG1093,KW11037,1674.52,Returned,2026-09-12 13:40:00
ORD102772,2026-09-08,BR,P1014,PG1154,KW10796,1787.45,Completed,2026-09-08 23:55:00
ORD102774,2026-07-25,DE,P1015,PG1408,KW10559,889.43,Completed,2026-07-25 16:20:00
ORD102776,2026-07-22,BR,P1037,PG1016,KW11765,395.37,Completed,2026-07-22 03:23:00
ORD102779,2026-06-29,MX,P1046,PG1193,KW11972,931.33,Pending,2026-06-29 07:40:00
ORD102783,2026-08-09,JP,P1041,PG1154,KW11237,1095.58,Pending,2026-08-09 22:14:00
ORD102786,2026-07-20,US,P1027,PG1235,KW10793,906.26,Returned,2026-07-20 08:32:00
ORD102789,2026-06-08,UK,P1019,PG1440,KW10351,820.21,Pending,2026-06-08 17:33:00
ORD102792,2026-06-03,JP,P1002,PG1028,KW10691,1661.28,Completed,2026-06-03 19:36:00
ORD102796,2026-07-11,DE,P1017,PG1068,KW11667,1103.53,Pending,2026-07-11 07:11:00
ORD102802,2026-07-03,FR,P1048,PG1383,KW10535,981.86,Returned,2026-07-03 22:56:00
ORD102805,2026-09-07,JP,P1034,PG1332,KW11684,1511.07,Pending,2026-09-07 15:11:00
ORD102810,2026-06-18,FR,P1019,PG1206,KW11982,377.31,Returned,2026-06-18 12:31:00
ORD102813,2026-07-02,MX,P1011,PG1379,KW10193,1214.31,Completed,2026-07-02 22:52:00
ORD102814,2026-06-04,CA,P1012,PG1094,KW11233,1439.25,Completed,2026-06-04 21:17:00
ORD102819,2026-09-15,IN,P1024,PG1201,KW11120,1088.26,Completed,2026-09-15 14:02:00
ORD102821,2026-08-16,AU,P1040,PG1387,KW11839,1736.12,Pending,2026-08-16 12:02:00
ORD102826,2026-06-20,US,P1028,PG1216,KW10557,734.97,Pending,2026-06-20 17:12:00
ORD102827,2026-09-18,DE,P1034,PG1359,KW11824,1151.12,Completed,2026-09-18 11:08:00
ORD102829,2026-08-19,JP,P1049,PG1461,KW11951,1073.63,Completed,2026-08-19 01:21:00
ORD102831,2026-09-24,CA,P1032,PG1248,KW10962,1122.83,Returned,2026-09-24 06:47:00
ORD102837,2026-06-17,UK,P1044,PG1069,KW10347,1151.97,Returned,2026-06-17 01:38:00
ORD102841,2026-08-05,JP,P1048,PG1003,KW11787,742.09,Pending,2026-08-05 12:42:00
ORD102842,2026-08-22,BR,P1027,PG1465,KW10668,498.15,Completed,2026-08-22 12:57:00
ORD102856,2026-08-01,UK,P1040,PG1414,KW10710,873.41,Pending,2026-08-01 15:53:00
ORD102857,2026-09-11,IN,P1028,PG1342,KW10580,334.73,Completed,2026-09-11 20:21:00
ORD102859,2026-07-05,BR,P1040,PG1203,KW11782,157.85,Pending,2026-07-05 05:39:00
ORD102868,2026-06-23,BR,P1050,PG1178,KW10326,538.34,Completed,2026-06-23 13:34:00
ORD102871,2026-08-18,FR,P1030,PG1190,KW10618,765.14,Cancelled,2026-08-18 01:55:00
ORD102877,2026-06-26,MX,P1021,PG1007,KW11526,1367.04,Completed,2026-06-26 14:53:00
ORD102882,2026-07-15,FR,P1040,PG1291,KW11762,684.55,Completed,2026-07-15 01:57:00
ORD102883,2026-09-16,MX,P1008,PG1452,KW10544,1177.98,Completed,2026-09-16 03:53:00
ORD102886,2026-09-13,FR,P1019,PG1191,KW10207,994.44,Completed,2026-09-13 20:25:00
ORD102887,2026-09-25,JP,P1044,PG1331,KW11630,272.11,Pending,2026-09-25 02:13:00
ORD102893,2026-06-09,BR,P1008,PG1104,KW10345,442.54,Returned,2026-06-09 05:58:00
ORD102894,2026-06-04,UK,P1024,PG1018,KW10752,1422.6,Returned,2026-06-04 22:23:00
ORD102897,2026-09-24,MX,P1042,PG1392,KW10879,433.44,Returned,2026-09-24 10:40:00
ORD102898,2026-08-23,FR,P1021,PG1151,KW10856,514.04,Completed,2026-08-23 02:22:00
ORD102901,2026-06-26,UK,P1030,PG1015,KW10986,376.15,Completed,2026-06-26 23:02:00
ORD102910,2026-07-05,UK,P1025,PG1098,KW10414,663.39,Cancelled,2026-07-05 21:22:00
ORD102916,2026-07-24,US,P1037,PG1200,KW10236,475.48,Completed,2026-07-24 03:02:00
ORD102919,2026-07-09,AU,P1016,PG1225,KW11429,500.94,Returned,2026-07-09 17:46:00
ORD102921,2026-08-14,DE,P1030,PG1172,KW11351,478.4,Completed,2026-08-14 17:03:00
ORD102922,2026-06-28,CA,P1036,PG1195,KW10235,916.17,Completed,2026-06-28 20:31:00
ORD102923,2026-09-27,CA,P1020,PG1136,KW11360,1061.72,Completed,2026-09-27 02:39:00
ORD102928,2026-06-06,BR,P1041,PG1489,KW10770,873.04,Completed,2026-06-06 15:12:00
ORD102929,2026-07-12,MX,P1024,PG1179,KW10011,498.48,Completed,2026-07-12 04:56:00
ORD102930,2026-07-05,AU,P1007,PG1436,KW10567,404.91,Returned,2026-07-05 04:59:00
ORD102931,2026-09-14,IN,P1042,PG1268,KW10730,154.64,Cancelled,2026-09-14 11:14:00
ORD102932,2026-08-28,US,P1050,PG1337,KW10110,748.89,Completed,2026-08-28 22:44:00
ORD102935,2026-09-04,US,P1028,PG1092,KW10351,1046.82,Completed,2026-09-04 21:01:00
ORD102938,2026-06-03,MX,P1019,PG1135,KW11281,1838.14,Completed,2026-06-03 03:55:00
ORD102939,2026-06-19,IN,P1035,PG1034,KW11010,875.96,Pending,2026-06-19 11:43:00
ORD102945,2026-06-05,US,P1030,PG1147,KW11405,1899.22,Cancelled,2026-06-05 16:08:00
ORD102947,2026-09-01,JP,P1002,PG1232,KW10533,1036.37,Cancelled,2026-09-01 08:17:00
ORD102954,2026-09-01,CA,P1003,PG1470,KW11788,268.43,Completed,2026-09-01 14:22:00
ORD102955,2026-06-25,DE,P1041,PG1416,KW11187,641.62,Completed,2026-06-25 06:10:00
ORD102956,2026-08-13,JP,P1013,PG1218,KW10387,1128.37,Cancelled,2026-08-13 20:09:00
ORD102963,2026-06-02,CA,P1028,PG1265,KW11566,805.31,Completed,2026-06-02 09:45:00
ORD102965,2026-09-17,IN,P1001,PG1449,KW11170,1014.07,Cancelled,2026-09-17 14:46:00
ORD102966,2026-07-22,IN,P1028,PG1187,KW11151,448.62,Cancelled,2026-07-22 22:57:00
ORD102967,2026-07-19,JP,P1020,PG1491,KW10064,535.67,Completed,2026-07-19 00:36:00
ORD102969,2026-09-22,UK,P1032,PG1234,KW11444,548.22,Returned,2026-09-22 17:34:00
ORD102970,2026-06-13,BR,P1046,PG1400,KW10615,684.05,Returned,2026-06-13 18:53:00
ORD102972,2026-07-20,US,P1026,PG1447,KW10736,3518.82,Completed,2026-07-20 12:03:00
ORD102974,2026-09-21,CA,P1009,PG1146,KW11386,891.68,Completed,2026-09-21 19:00:00
ORD102978,2026-08-04,JP,P1025,PG1227,KW10092,930.44,Completed,2026-08-04 01:15:00
ORD102980,2026-09-16,US,P1005,PG1306,KW10035,1021.7,Pending,2026-09-16 11:07:00
ORD102985,2026-09-06,UK,P1020,PG1261,KW11438,865.89,Completed,2026-09-06 22:07:00
ORD102987,2026-07-24,IN,P1049,PG1197,KW11963,667.33,Returned,2026-07-24 12:25:00
ORD102988,2026-07-16,BR,P1018,PG1355,KW11564,340.83,Completed,2026-07-16 07:41:00
ORD102994,2026-09-03,IN,P1040,PG1038,KW11355,887.13,Returned,2026-09-03 09:52:00
ORD102997,2026-07-10,BR,P1019,PG1191,KW10886,326.3,Returned,2026-07-10 05:18:00
ORD103000,2026-07-17,UK,P1004,PG1001,KW10719,1132.56,Completed,2026-07-17 13:46:00
ORD103003,2026-07-19,AU,P1016,PG1183,KW10956,2775.5,Completed,2026-07-19 07:37:00
ORD103006,2026-07-31,IN,P1050,PG1363,KW10288,1738.41,Completed,2026-07-31 16:19:00
ORD103007,2026-06-12,MX,P1036,PG1407,KW11609,710.75,Returned,2026-06-12 15:25:00
ORD103008,2026-08-21,DE,P1002,PG1406,KW10061,537.78,Completed,2026-08-21 14:44:00
ORD103010,2026-09-05,FR,P1014,PG1309,KW11206,926.37,Cancelled,2026-09-05 22:46:00
ORD103011,2026-08-10,IN,P1009,PG1019,KW11737,1053.26,Completed,2026-08-10 02:13:00
ORD103017,2026-09-01,AU,P1046,PG1438,KW11269,680.64,Pending,2026-09-01 13:10:00
ORD103021,2026-08-01,US,P1020,PG1451,KW11180,995.38,Cancelled,2026-08-01 15:22:00
ORD103024,2026-07-01,BR,P1018,PG1291,KW10567,285.82,Returned,2026-07-01 09:36:00
ORD103028,2026-09-12,MX,P1011,PG1338,KW11305,480.17,Completed,2026-09-12 18:49:00
ORD103029,2026-08-25,DE,P1039,PG1248,KW10789,370.92,Completed,2026-08-25 11:55:00
ORD103032,2026-07-25,US,P1006,PG1095,KW10742,558.49,Cancelled,2026-07-25 20:24:00
ORD103036,2026-08-14,CA,P1032,PG1439,KW10461,803.61,Completed,2026-08-14 15:07:00
ORD103043,2026-07-05,MX,P1033,PG1018,KW10138,758.29,Cancelled,2026-07-05 14:00:00
ORD103044,2026-07-21,US,P1050,PG1484,KW10691,1284.98,Completed,2026-07-21 06:37:00
ORD103045,2026-09-15,DE,P1004,PG1257,KW10787,1349.98,Completed,2026-09-15 07:28:00
ORD103046,2026-08-26,US,P1045,PG1386,KW11827,526.23,Completed,2026-08-26 02:19:00
ORD103050,2026-08-23,DE,P1038,PG1472,KW10283,503.89,Completed,2026-08-23 21:49:00
ORD103051,2026-07-15,CA,P1015,PG1282,KW10279,770.12,Returned,2026-07-15 09:58:00
ORD103061,2026-07-13,FR,P1011,PG1344,KW11269,376.94,Completed,2026-07-13 14:04:00
ORD103064,2026-06-17,UK,P1006,PG1076,KW11914,1929.14,Pending,2026-06-17 14:45:00
ORD103071,2026-08-30,JP,P1047,PG1054,KW10665,342.81,Completed,2026-08-30 23:04:00
ORD103078,2026-09-08,DE,P1024,PG1074,KW10852,884.74,Returned,2026-09-08 06:09:00
ORD103080,2026-06-29,IN,P1003,PG1177,KW11406,2081.97,Pending,2026-06-29 18:40:00
ORD103082,2026-08-04,IN,P1004,PG1484,KW10913,533.59,Returned,2026-08-04 00:27:00
ORD103083,2026-07-18,MX,P1047,PG1368,KW11200,666.06,Completed,2026-07-18 16:42:00
ORD103084,2026-07-11,MX,P1045,PG1387,KW11713,859.23,Pending,2026-07-11 19:29:00
ORD103088,2026-09-20,US,P1047,PG1338,KW11312,635.96,Completed,2026-09-20 15:45:00
ORD103093,2026-08-24,JP,P1006,PG1394,KW10929,1811.3,Completed,2026-08-24 09:22:00
ORD103095,2026-08-18,US,P1040,PG1345,KW10281,2228.52,Cancelled,2026-08-18 23:56:00
ORD103098,2026-08-17,AU,P1022,PG1364,KW11930,1331.59,Completed,2026-08-17 02:11:00
ORD103100,2026-08-07,DE,P1032,PG1401,KW10173,991.26,Returned,2026-08-07 22:46:00
ORD103101,2026-08-29,IN,P1030,PG1350,KW10954,614.46,Cancelled,2026-08-29 08:35:00
ORD103106,2026-06-18,JP,P1014,PG1084,KW11412,452.15,Completed,2026-06-18 08:54:00
ORD103109,2026-08-27,MX,P1001,PG1072,KW10368,1389.1,Completed,2026-08-27 01:52:00
ORD103112,2026-08-02,JP,P1005,PG1078,KW11860,813.04,Cancelled,2026-08-02 08:56:00
ORD103114,2026-08-18,DE,P1045,PG1242,KW10234,701.72,Returned,2026-08-18 23:30:00
ORD103115,2026-07-27,MX,P1022,PG1103,KW11280,998.73,Completed,2026-07-27 02:08:00
ORD103116,2026-08-14,AU,P1043,PG1353,KW11432,734.49,Pending,2026-08-14 16:32:00
ORD103117,2026-08-31,AU,P1018,PG1492,KW11440,291.98,Pending,2026-08-31 10:38:00
ORD103133,2026-09-24,IN,P1002,PG1021,KW10234,455.84,Completed,2026-09-24 23:19:00
ORD103134,2026-08-12,CA,P1011,PG1347,KW10774,639.9,Completed,2026-08-12 18:14:00
ORD103135,2026-06-06,BR,P1040,PG1178,KW11551,1879.9,Pending,2026-06-06 00:03:00
ORD103138,2026-07-09,AU,P1009,PG1031,KW10495,445.5,Completed,2026-07-09 09:12:00
ORD103140,2026-06-10,AU,P1012,PG1080,KW11786,809.46,Completed,2026-06-10 01:26:00
ORD103141,2026-07-20,IN,P1019,PG1023,KW11101,370.77,Pending,2026-07-20 06:56:00
ORD103143,2026-06-26,MX,P1044,PG1398,KW11186,1049.47,Completed,2026-06-26 23:46:00
ORD103147,2026-08-20,MX,P1002,PG1364,KW10098,1149.21,Pending,2026-08-20 23:25:00
ORD103149,2026-07-22,CA,P1032,PG1285,KW11934,458.71,Returned,2026-07-22 12:15:00
ORD103150,2026-08-16,DE,P1004,PG1012,KW10333,643.38,Completed,2026-08-16 20:08:00
ORD103151,2026-08-03,BR,P1022,PG1078,KW11753,397.32,Completed,2026-08-03 20:02:00
ORD103153,2026-09-22,FR,P1029,PG1334,KW10889,1807.15,Pending,2026-09-22 06:24:00
ORD103155,2026-08-09,MX,P1005,PG1307,KW10524,364.91,Pending,2026-08-09 16:29:00
ORD103157,2026-06-29,DE,P1014,PG1383,KW10702,661.01,Cancelled,2026-06-29 23:36:00
ORD103161,2026-07-07,AU,P1019,PG1020,KW10690,897.77,Completed,2026-07-07 05:13:00
ORD103162,2026-08-12,MX,P1037,PG1447,KW10539,1938.17,Completed,2026-08-12 04:02:00
ORD103163,2026-08-05,DE,P1001,PG1056,KW11234,307.45,Returned,2026-08-05 10:47:00
ORD103165,2026-06-01,US,P1044,PG1353,KW11930,955.53,Cancelled,2026-06-01 17:22:00
ORD103168,2026-06-12,DE,P1038,PG1422,KW10398,793.96,Cancelled,2026-06-12 16:05:00
ORD103170,2026-07-03,FR,P1012,PG1313,KW10798,370.23,Completed,2026-07-03 13:20:00
ORD103174,2026-08-16,CA,P1036,PG1474,KW11853,1447.32,Pending,2026-08-16 18:14:00
ORD103177,2026-06-15,DE,P1018,PG1301,KW10601,502.01,Completed,2026-06-15 10:00:00
ORD103180,2026-07-27,AU,P1049,PG1033,KW11398,228.81,Completed,2026-07-27 00:33:00
ORD103182,2026-09-18,CA,P1019,PG1409,KW11320,1086.33,Pending,2026-09-18 21:44:00
ORD103183,2026-09-05,DE,P1041,PG1289,KW11958,350.08,Cancelled,2026-09-05 22:48:00
ORD103187,2026-06-17,UK,P1044,PG1103,KW10191,873.07,Pending,2026-06-17 19:36:00
ORD103189,2026-08-01,UK,P1050,PG1491,KW11270,1431.47,Completed,2026-08-01 14:52:00
ORD103192,2026-09-11,UK,P1004,PG1062,KW10808,589.48,Pending,2026-09-11 11:09:00
ORD103193,2026-07-09,UK,P1020,PG1348,KW11323,697.94,Completed,2026-07-09 20:34:00
ORD103194,2026-09-21,IN,P1014,PG1318,KW10787,318.83,Completed,2026-09-21 08:34:00
ORD103195,2026-07-16,IN,P1015,PG1089,KW10547,1883.71,Pending,2026-07-16 10:47:00
ORD103201,2026-06-23,FR,P1046,PG1249,KW11956,341.82,Returned,2026-06-23 19:08:00
ORD103204,2026-06-29,JP,P1042,PG1005,KW10303,404.55,Cancelled,2026-06-29 11:53:00
ORD103205,2026-09-06,IN,P1014,PG1232,KW10144,765.79,Completed,2026-09-06 03:43:00
ORD103206,2026-09-19,AU,P1010,PG1302,KW11460,1276.6,Completed,2026-09-19 17:02:00
ORD103207,2026-09-22,IN,P1016,PG1026,KW10471,685.37,Returned,2026-09-22 19:53:00
ORD103211,2026-09-07,BR,P1041,PG1347,KW10379,366.22,Completed,2026-09-07 04:03:00
ORD103212,2026-07-09,US,P1005,PG1080,KW10513,914.89,Returned,2026-07-09 15:34:00
ORD103215,2026-08-11,CA,P1006,PG1050,KW11068,308.95,Pending,2026-08-11 13:52:00
ORD103216,2026-08-24,AU,P1009,PG1220,KW10469,937.2,Pending,2026-08-24 22:14:00
ORD103217,2026-09-23,BR,P1023,PG1095,KW10406,768.89,Pending,2026-09-23 01:54:00
ORD103219,2026-07-09,JP,P1048,PG1066,KW10727,1133.18,Completed,2026-07-09 22:55:00
ORD103221,2026-06-08,AU,P1022,PG1403,KW11000,609.89,Pending,2026-06-08 11:35:00
ORD103222,2026-06-13,UK,P1025,PG1216,KW10639,1087.98,Completed,2026-06-13 14:14:00
ORD103225,2026-08-14,BR,P1032,PG1358,KW11000,1973.25,Cancelled,2026-08-14 21:36:00
ORD103228,2026-07-08,CA,P1032,PG1456,KW11647,690.98,Cancelled,2026-07-08 15:04:00
ORD103229,2026-07-27,JP,P1003,PG1264,KW11340,1752.05,Completed,2026-07-27 09:07:00
ORD103232,2026-06-21,FR,P1010,PG1292,KW11721,910.85,Completed,2026-06-21 07:11:00
ORD103235,2026-06-10,DE,P1045,PG1062,KW11821,2101.93,Returned,2026-06-10 15:59:00
ORD103241,2026-07-22,CA,P1028,PG1188,KW11253,1094.75,Completed,2026-07-22 21:54:00
ORD103242,2026-09-07,BR,P1033,PG1276,KW10156,856.61,Returned,2026-09-07 19:50:00
ORD103243,2026-06-08,IN,P1008,PG1140,KW11253,1178.35,Returned,2026-06-08 07:05:00
ORD103250,2026-09-11,DE,P1013,PG1203,KW11249,1484.18,Completed,2026-09-11 01:10:00
ORD103254,2026-06-22,JP,P1019,PG1099,KW10340,220.56,Cancelled,2026-06-22 17:17:00
ORD103260,2026-06-20,FR,P1028,PG1277,KW11871,804.38,Completed,2026-06-20 00:41:00
ORD103264,2026-07-09,US,P1017,PG1410,KW10194,486.52,Cancelled,2026-07-09 08:45:00
ORD103265,2026-09-20,AU,P1003,PG1022,KW11270,1298.39,Completed,2026-09-20 07:59:00
ORD103267,2026-09-30,BR,P1030,PG1391,KW11613,451.12,Completed,2026-09-30 11:43:00
ORD103269,2026-09-04,UK,P1005,PG1415,KW11150,1000.96,Completed,2026-09-04 17:32:00
ORD103274,2026-07-08,CA,P1050,PG1063,KW11997,1660.06,Pending,2026-07-08 09:36:00
ORD103277,2026-07-09,FR,P1048,PG1494,KW11188,735.31,Completed,2026-07-09 06:16:00
ORD103281,2026-06-01,US,P1049,PG1340,KW10991,952.79,Completed,2026-06-01 17:27:00
ORD103285,2026-08-22,FR,P1038,PG1064,KW11648,1134.42,Cancelled,2026-08-22 23:18:00
ORD103292,2026-09-06,IN,P1029,PG1278,KW10257,852.97,Pending,2026-09-06 16:35:00
ORD103294,2026-07-24,JP,P1038,PG1077,KW11326,1408.69,Completed,2026-07-24 08:46:00
ORD103296,2026-08-06,CA,P1016,PG1314,KW10638,365.59,Cancelled,2026-08-06 11:57:00
ORD103301,2026-08-24,BR,P1030,PG1302,KW10759,185.2,Completed,2026-08-24 19:16:00
ORD103302,2026-07-04,FR,P1019,PG1443,KW11772,681.15,Completed,2026-07-04 22:19:00
ORD103308,2026-07-22,UK,P1021,PG1015,KW11998,1771.76,Completed,2026-07-22 01:31:00
ORD103314,2026-07-15,MX,P1014,PG1045,KW10112,396.93,Cancelled,2026-07-15 01:50:00
ORD103315,2026-06-10,UK,P1032,PG1295,KW10761,466.48,Completed,2026-06-10 08:55:00
ORD103316,2026-06-20,IN,P1046,PG1104,KW10194,1651.46,Returned,2026-06-20 03:18:00
ORD103320,2026-08-30,CA,P1023,PG1337,KW11268,829.04,Completed,2026-08-30 16:57:00
ORD103322,2026-09-28,JP,P1030,PG1030,KW11375,1265.91,Completed,2026-09-28 13:50:00
ORD103325,2026-08-12,CA,P1020,PG1415,KW11583,737.46,Pending,2026-08-12 07:51:00
ORD103328,2026-07-24,IN,P1033,PG1387,KW10682,420.34,Completed,2026-07-24 04:48:00
ORD103331,2026-09-16,AU,P1024,PG1150,KW11175,996.0,Returned,2026-09-16 14:19:00
ORD103335,2026-08-04,JP,P1044,PG1108,KW10678,1092.58,Cancelled,2026-08-04 15:31:00
ORD103336,2026-07-09,DE,P1002,PG1373,KW10350,1177.08,Pending,2026-07-09 23:58:00
ORD103339,2026-08-20,FR,P1032,PG1180,KW11710,1002.14,Pending,2026-08-20 10:18:00
ORD103343,2026-08-25,IN,P1036,PG1065,KW10778,756.28,Returned,2026-08-25 07:47:00
ORD103347,2026-09-25,BR,P1031,PG1090,KW10212,500.14,Completed,2026-09-25 01:50:00
ORD103352,2026-07-05,DE,P1014,PG1255,KW11344,802.94,Completed,2026-07-05 03:45:00
ORD103357,2026-07-23,BR,P1048,PG1204,KW11348,535.7,Completed,2026-07-23 08:51:00
ORD103365,2026-09-12,BR,P1025,PG1120,KW10499,4351.14,Returned,2026-09-12 02:13:00
ORD103371,2026-06-22,JP,P1004,PG1009,KW11600,1575.58,Pending,2026-06-22 14:41:00
ORD103374,2026-09-11,US,P1014,PG1365,KW11530,1292.94,Returned,2026-09-11 00:10:00
ORD103376,2026-06-14,MX,P1031,PG1407,KW11265,989.77,Completed,2026-06-14 03:08:00
ORD103382,2026-07-02,BR,P1030,PG1140,KW10927,1076.57,Returned,2026-07-02 20:13:00
ORD103384,2026-08-08,US,P1009,PG1333,KW11368,951.28,Cancelled,2026-08-08 05:13:00
ORD103386,2026-06-29,MX,P1036,PG1188,KW11017,375.12,Returned,2026-06-29 06:10:00
ORD103387,2026-07-14,UK,P1010,PG1363,KW11869,681.62,Completed,2026-07-14 17:18:00
ORD103392,2026-07-04,CA,P1046,PG1381,KW10304,1251.36,Completed,2026-07-04 07:18:00
ORD103393,2026-09-02,CA,P1038,PG1433,KW10877,397.98,Returned,2026-09-02 03:13:00
ORD103398,2026-08-27,JP,P1009,PG1050,KW10353,517.78,Returned,2026-08-27 22:15:00
ORD103399,2026-07-08,UK,P1049,PG1068,KW10531,1187.36,Completed,2026-07-08 13:40:00
ORD103400,2026-08-12,DE,P1027,PG1182,KW10949,861.02,Completed,2026-08-12 04:46:00
ORD103405,2026-06-22,BR,P1035,PG1449,KW11498,660.69,Returned,2026-06-22 21:50:00
ORD103406,2026-09-11,US,P1043,PG1396,KW10603,955.03,Completed,2026-09-11 15:27:00
ORD103409,2026-08-26,JP,P1013,PG1475,KW11905,887.27,Completed,2026-08-26 02:37:00
ORD103412,2026-07-06,FR,P1013,PG1330,KW11388,533.28,Cancelled,2026-07-06 04:08:00
ORD103414,2026-07-07,IN,P1029,PG1324,KW11567,1193.69,Pending,2026-07-07 01:12:00
ORD103416,2026-08-26,BR,P1020,PG1368,KW11929,463.26,Cancelled,2026-08-26 21:37:00
ORD103417,2026-08-03,AU,P1038,PG1248,KW10133,2479.09,Pending,2026-08-03 12:43:00
ORD103421,2026-08-07,CA,P1034,PG1231,KW10633,1057.2,Pending,2026-08-07 01:07:00
ORD103423,2026-09-21,MX,P1034,PG1102,KW10113,468.72,Completed,2026-09-21 21:10:00
ORD103429,2026-07-08,MX,P1026,PG1131,KW11209,998.63,Completed,2026-07-08 01:24:00
ORD103430,2026-07-15,AU,P1009,PG1095,KW11728,1526.1,Pending,2026-07-15 01:43:00
ORD103431,2026-06-16,CA,P1018,PG1451,KW10986,672.42,Completed,2026-06-16 08:25:00
ORD103432,2026-09-25,IN,P1007,PG1168,KW10237,1311.26,Cancelled,2026-09-25 07:19:00
ORD103440,2026-06-14,IN,P1016,PG1134,KW11110,439.49,Completed,2026-06-14 12:14:00
ORD103444,2026-06-12,JP,P1029,PG1296,KW10761,1595.71,Cancelled,2026-06-12 15:55:00
ORD103445,2026-08-02,AU,P1038,PG1308,KW11933,516.39,Completed,2026-08-02 01:27:00
ORD103446,2026-07-21,FR,P1019,PG1032,KW10183,612.92,Pending,2026-07-21 11:08:00
ORD103447,2026-07-15,CA,P1016,PG1288,KW11843,612.31,Completed,2026-07-15 16:54:00
ORD103450,2026-08-16,MX,P1029,PG1244,KW10927,1077.11,Completed,2026-08-16 23:38:00
ORD103452,2026-08-11,UK,P1047,PG1491,KW11672,645.28,Cancelled,2026-08-11 09:53:00
ORD103453,2026-09-18,BR,P1034,PG1402,KW11809,830.06,Cancelled,2026-09-18 06:17:00
ORD103454,2026-06-16,AU,P1033,PG1035,KW11081,3720.14,Completed,2026-06-16 01:36:00
ORD103455,2026-06-21,CA,P1017,PG1368,KW11064,520.78,Completed,2026-06-21 17:11:00
ORD103463,2026-08-22,FR,P1015,PG1155,KW11327,986.87,Pending,2026-08-22 04:00:00
ORD103465,2026-07-28,UK,P1040,PG1341,KW11301,1549.18,Completed,2026-07-28 19:23:00
ORD103468,2026-07-26,JP,P1001,PG1162,KW11462,721.2,Cancelled,2026-07-26 16:44:00
ORD103470,2026-09-21,CA,P1030,PG1393,KW11675,362.7,Pending,2026-09-21 11:30:00
ORD103473,2026-06-09,FR,P1025,PG1246,KW10379,1389.85,Completed,2026-06-09 17:37:00
ORD103475,2026-09-21,MX,P1003,PG1092,KW10758,1354.77,Returned,2026-09-21 13:22:00
ORD103480,2026-08-29,JP,P1040,PG1177,KW11318,191.31,Completed,2026-08-29 22:50:00
ORD103483,2026-06-19,BR,P1044,PG1079,KW11283,1064.76,Cancelled,2026-06-19 00:38:00
ORD103485,2026-08-28,FR,P1012,PG1178,KW11132,975.22,Pending,2026-08-28 02:41:00
ORD103486,2026-09-19,AU,P1028,PG1113,KW10293,485.35,Completed,2026-09-19 02:34:00
ORD103490,2026-06-17,IN,P1037,PG1235,KW10811,832.48,Cancelled,2026-06-17 00:18:00
ORD103491,2026-06-21,MX,P1050,PG1119,KW11488,1038.31,Returned,2026-06-21 05:54:00
ORD103494,2026-09-11,MX,P1034,PG1033,KW10968,676.56,Returned,2026-09-11 12:31:00
ORD103495,2026-07-29,UK,P1029,PG1122,KW11250,996.74,Pending,2026-07-29 10:38:00
ORD103500,2026-06-28,UK,P1038,PG1176,KW10931,1887.42,Completed,2026-06-28 18:07:00
ORD103503,2026-06-25,CA,P1030,PG1234,KW11367,1378.24,Completed,2026-06-25 17:08:00
ORD103504,2026-09-11,UK,P1001,PG1473,KW11985,307.07,Pending,2026-09-11 23:31:00
ORD103509,2026-09-13,MX,P1037,PG1373,KW11550,2094.65,Completed,2026-09-13 06:03:00
ORD103515,2026-09-01,CA,P1050,PG1023,KW10253,668.23,Completed,2026-09-01 21:52:00
ORD103516,2026-08-13,AU,P1047,PG1288,KW10327,871.1,Returned,2026-08-13 13:56:00
ORD103517,2026-09-25,DE,P1005,PG1328,KW11263,783.32,Cancelled,2026-09-25 07:41:00
ORD103518,2026-06-12,UK,P1011,PG1156,KW11321,891.39,Completed,2026-06-12 04:47:00
ORD103520,2026-06-22,CA,P1007,PG1319,KW10907,674.86,Cancelled,2026-06-22 04:54:00
ORD103521,2026-06-09,DE,P1013,PG1013,KW11822,1588.86,Cancelled,2026-06-09 04:41:00
ORD103522,2026-08-08,DE,P1029,PG1347,KW10642,618.48,Completed,2026-08-08 13:51:00
ORD103527,2026-07-15,JP,P1042,PG1324,KW11454,355.53,Pending,2026-07-15 12:00:00
ORD103545,2026-08-11,AU,P1045,PG1462,KW10308,882.57,Pending,2026-08-11 08:45:00
ORD103547,2026-07-10,DE,P1037,PG1227,KW10467,768.65,Completed,2026-07-10 01:47:00
ORD103552,2026-07-27,MX,P1014,PG1279,KW11129,386.33,Completed,2026-07-27 11:55:00
ORD103553,2026-09-18,US,P1045,PG1179,KW11741,989.4,Pending,2026-09-18 02:28:00
ORD103557,2026-07-04,US,P1046,PG1178,KW11888,193.13,Cancelled,2026-07-04 10:20:00
ORD103558,2026-07-07,CA,P1021,PG1339,KW10610,465.29,Completed,2026-07-07 16:50:00
ORD103576,2026-06-29,DE,P1023,PG1190,KW10792,1830.34,Completed,2026-06-29 16:49:00
ORD103581,2026-06-27,MX,P1041,PG1490,KW10347,1278.35,Cancelled,2026-06-27 21:11:00
ORD103585,2026-08-02,DE,P1005,PG1464,KW11283,1354.85,Pending,2026-08-02 09:16:00
ORD103586,2026-07-26,BR,P1015,PG1271,KW10878,450.2,Pending,2026-07-26 10:14:00
ORD103587,2026-07-03,BR,P1011,PG1182,KW11790,327.56,Completed,2026-07-03 09:51:00
ORD103591,2026-08-24,MX,P1028,PG1368,KW10663,1651.68,Completed,2026-08-24 11:39:00
ORD103594,2026-08-04,FR,P1023,PG1222,KW10914,831.25,Pending,2026-08-04 01:18:00
ORD103601,2026-08-10,JP,P1002,PG1081,KW10639,695.96,Completed,2026-08-10 16:51:00
ORD103602,2026-09-11,UK,P1010,PG1184,KW10854,318.52,Cancelled,2026-09-11 10:39:00
ORD103611,2026-09-19,BR,P1003,PG1322,KW11453,416.83,Pending,2026-09-19 17:44:00
ORD103612,2026-06-13,CA,P1026,PG1489,KW10747,1915.41,Completed,2026-06-13 06:27:00
ORD103615,2026-08-28,UK,P1029,PG1462,KW11054,1068.49,Pending,2026-08-28 02:35:00
ORD103619,2026-06-11,US,P1008,PG1339,KW10848,409.61,Completed,2026-06-11 10:53:00
ORD103629,2026-08-30,DE,P1008,PG1115,KW11894,2264.29,Completed,2026-08-30 18:47:00
ORD103643,2026-06-29,IN,P1043,PG1033,KW10998,786.86,Cancelled,2026-06-29 17:51:00
ORD103647,2026-06-14,US,P1041,PG1063,KW10823,2727.64,Completed,2026-06-14 17:15:00
ORD103651,2026-09-24,MX,P1019,PG1302,KW10884,845.1,Pending,2026-09-24 09:24:00
ORD103652,2026-08-25,BR,P1033,PG1184,KW11019,1472.65,Completed,2026-08-25 01:29:00
ORD103654,2026-09-24,MX,P1043,PG1046,KW11829,1006.11,Completed,2026-09-24 07:09:00
ORD103655,2026-06-01,UK,P1042,PG1417,KW10685,547.01,Returned,2026-06-01 01:50:00
ORD103661,2026-06-01,BR,P1048,PG1072,KW10762,2052.59,Cancelled,2026-06-01 13:52:00
ORD103662,2026-07-02,US,P1032,PG1204,KW11998,1154.54,Pending,2026-07-02 15:20:00
ORD103666,2026-07-15,DE,P1033,PG1230,KW11597,826.46,Completed,2026-07-15 09:12:00
ORD103669,2026-06-10,CA,P1036,PG1102,KW10774,467.41,Returned,2026-06-10 09:50:00
ORD103672,2026-06-01,MX,P1001,PG1003,KW10463,545.01,Returned,2026-06-01 02:02:00
ORD103673,2026-09-28,DE,P1030,PG1477,KW10523,1048.59,Completed,2026-09-28 11:24:00
ORD103677,2026-08-05,DE,P1005,PG1121,KW11946,1671.7,Pending,2026-08-05 06:56:00
ORD103690,2026-08-20,IN,P1005,PG1280,KW10537,594.51,Returned,2026-08-20 13:27:00
ORD103691,2026-08-14,FR,P1046,PG1067,KW11850,247.59,Returned,2026-08-14 14:43:00
ORD103693,2026-08-15,BR,P1024,PG1030,KW10196,301.94,Returned,2026-08-15 04:33:00
ORD103694,2026-08-19,AU,P1022,PG1449,KW11240,757.66,Cancelled,2026-08-19 21:28:00
ORD103695,2026-06-21,MX,P1021,PG1382,KW10955,591.56,Completed,2026-06-21 14:20:00
ORD103700,2026-06-04,CA,P1033,PG1039,KW10137,510.36,Cancelled,2026-06-04 11:44:00
ORD103701,2026-06-28,JP,P1003,PG1448,KW10568,539.5,Completed,2026-06-28 02:57:00
ORD103703,2026-09-09,FR,P1021,PG1001,KW10939,470.85,Completed,2026-09-09 06:00:00
ORD103705,2026-09-30,JP,P1030,PG1387,KW10936,383.65,Cancelled,2026-09-30 18:29:00
ORD103707,2026-07-07,US,P1040,PG1261,KW10364,842.46,Completed,2026-07-07 17:16:00
ORD103710,2026-06-07,DE,P1032,PG1049,KW10320,2073.48,Returned,2026-06-07 11:53:00
ORD103711,2026-08-21,DE,P1019,PG1387,KW11763,4492.66,Completed,2026-08-21 01:07:00
ORD103714,2026-08-27,CA,P1031,PG1197,KW11303,1453.77,Completed,2026-08-27 01:29:00
ORD103717,2026-06-07,BR,P1049,PG1256,KW11400,299.57,Completed,2026-06-07 09:39:00
ORD103719,2026-09-27,US,P1017,PG1196,KW10525,1262.15,Completed,2026-09-27 21:03:00
ORD103721,2026-09-19,US,P1027,PG1471,KW11395,589.41,Completed,2026-09-19 17:47:00
ORD103723,2026-07-27,UK,P1035,PG1329,KW10123,468.94,Completed,2026-07-27 08:21:00
ORD103724,2026-07-29,AU,P1041,PG1151,KW10246,287.15,Completed,2026-07-29 18:25:00
ORD103730,2026-09-24,US,P1019,PG1401,KW10871,562.2,Completed,2026-09-24 14:09:00
ORD103731,2026-08-20,UK,P1010,PG1067,KW11748,862.4,Returned,2026-08-20 02:37:00
ORD103739,2026-08-28,AU,P1021,PG1359,KW10807,1119.75,Completed,2026-08-28 06:29:00
ORD103740,2026-07-15,UK,P1042,PG1111,KW11900,1375.57,Returned,2026-07-15 22:04:00
ORD103743,2026-09-11,UK,P1024,PG1357,KW11629,743.69,Completed,2026-09-11 07:06:00
ORD103745,2026-07-31,CA,P1028,PG1211,KW10029,881.67,Completed,2026-07-31 20:16:00
ORD103747,2026-07-27,FR,P1050,PG1087,KW10120,865.24,Returned,2026-07-27 03:08:00
ORD103748,2026-07-29,DE,P1012,PG1318,KW11648,840.94,Pending,2026-07-29 13:35:00
ORD103751,2026-07-11,US,P1015,PG1313,KW11394,1147.53,Pending,2026-07-11 07:56:00
ORD103752,2026-07-21,IN,P1024,PG1400,KW10970,1116.18,Pending,2026-07-21 01:34:00
ORD103754,2026-07-22,IN,P1024,PG1323,KW11261,644.86,Returned,2026-07-22 16:17:00
ORD103756,2026-06-30,IN,P1018,PG1410,KW11887,1263.26,Cancelled,2026-06-30 22:22:00
ORD103765,2026-07-11,MX,P1011,PG1158,KW11172,637.32,Returned,2026-07-11 03:52:00
ORD103766,2026-07-11,DE,P1025,PG1336,KW10454,823.71,Completed,2026-07-11 21:31:00
ORD103767,2026-08-30,DE,P1040,PG1480,KW11355,419.65,Completed,2026-08-30 19:07:00
ORD103768,2026-07-31,FR,P1043,PG1208,KW11785,696.52,Pending,2026-07-31 01:56:00
ORD103771,2026-06-09,DE,P1050,PG1393,KW11589,371.65,Pending,2026-06-09 21:22:00
ORD103772,2026-07-03,IN,P1024,PG1154,KW10787,986.45,Returned,2026-07-03 18:33:00
ORD103774,2026-08-12,BR,P1022,PG1258,KW10668,538.41,Completed,2026-08-12 20:32:00
ORD103775,2026-06-14,JP,P1022,PG1418,KW10412,727.23,Completed,2026-06-14 03:58:00
ORD103777,2026-08-17,UK,P1042,PG1142,KW11342,1197.44,Cancelled,2026-08-17 08:38:00
ORD103778,2026-06-15,DE,P1038,PG1243,KW10633,562.83,Completed,2026-06-15 18:04:00
ORD103782,2026-06-16,BR,P1031,PG1167,KW11280,1067.61,Completed,2026-06-16 02:15:00
ORD103784,2026-09-02,BR,P1006,PG1256,KW11062,534.55,Completed,2026-09-02 21:32:00
ORD103796,2026-08-11,US,P1047,PG1488,KW10360,2433.6,Cancelled,2026-08-11 15:43:00
ORD103797,2026-06-26,CA,P1010,PG1403,KW10845,856.67,Completed,2026-06-26 09:18:00
ORD103799,2026-07-21,BR,P1011,PG1319,KW10901,696.48,Returned,2026-07-21 17:39:00
ORD103800,2026-09-13,FR,P1044,PG1288,KW11785,954.6,Cancelled,2026-09-13 23:31:00
ORD103805,2026-08-02,IN,P1030,PG1139,KW10587,790.23,Completed,2026-08-02 00:11:00
ORD103808,2026-09-10,US,P1014,PG1206,KW11000,834.61,Completed,2026-09-10 08:10:00
ORD103809,2026-06-27,BR,P1008,PG1176,KW11690,548.64,Completed,2026-06-27 17:37:00
ORD103811,2026-06-24,MX,P1028,PG1335,KW10088,817.16,Returned,2026-06-24 18:24:00
ORD103812,2026-07-17,BR,P1044,PG1143,KW10034,1683.93,Returned,2026-07-17 11:13:00
ORD103813,2026-08-11,UK,P1024,PG1380,KW11263,671.43,Cancelled,2026-08-11 09:37:00
ORD103817,2026-08-07,MX,P1010,PG1435,KW10719,953.2,Returned,2026-08-07 02:44:00
ORD103820,2026-09-20,IN,P1031,PG1455,KW11876,893.92,Completed,2026-09-20 08:46:00
ORD103829,2026-08-19,BR,P1002,PG1203,KW10529,598.13,Completed,2026-08-19 07:01:00
ORD103834,2026-06-07,US,P1029,PG1374,KW10612,920.4,Returned,2026-06-07 21:35:00
ORD103838,2026-06-10,UK,P1001,PG1208,KW10902,1776.26,Pending,2026-06-10 08:21:00
ORD103840,2026-07-14,DE,P1023,PG1238,KW11774,1622.55,Completed,2026-07-14 14:47:00
ORD103842,2026-09-18,CA,P1016,PG1222,KW11419,651.21,Returned,2026-09-18 06:46:00
ORD103844,2026-08-01,UK,P1024,PG1217,KW10017,240.44,Returned,2026-08-01 12:24:00
ORD103847,2026-09-11,FR,P1041,PG1376,KW11649,592.06,Completed,2026-09-11 02:21:00
ORD103851,2026-08-27,JP,P1035,PG1213,KW11267,927.42,Pending,2026-08-27 12:54:00
ORD103852,2026-08-29,FR,P1026,PG1262,KW11487,448.01,Cancelled,2026-08-29 06:56:00
ORD103855,2026-09-04,IN,P1010,PG1288,KW10207,1079.87,Pending,2026-09-04 20:50:00
ORD103857,2026-09-08,IN,P1043,PG1216,KW10188,1588.44,Cancelled,2026-09-08 05:51:00
ORD103861,2026-07-08,CA,P1045,PG1406,KW10841,785.89,Pending,2026-07-08 20:31:00
ORD103862,2026-09-13,BR,P1005,PG1413,KW11740,723.76,Completed,2026-09-13 10:55:00
ORD103864,2026-06-25,IN,P1039,PG1413,KW11298,1579.86,Completed,2026-06-25 07:46:00
ORD103866,2026-06-05,AU,P1007,PG1231,KW11468,455.73,Cancelled,2026-06-05 03:07:00
ORD103870,2026-06-20,UK,P1048,PG1319,KW11506,1074.81,Completed,2026-06-20 13:51:00
ORD103873,2026-07-09,UK,P1020,PG1164,KW11222,559.6,Completed,2026-07-09 05:18:00
ORD103874,2026-06-07,BR,P1046,PG1083,KW11888,640.52,Completed,2026-06-07 23:08:00
ORD103875,2026-06-22,FR,P1003,PG1401,KW11288,944.25,Returned,2026-06-22 02:11:00
ORD103877,2026-06-02,US,P1037,PG1492,KW10623,1544.88,Completed,2026-06-02 05:31:00
ORD103880,2026-08-08,IN,P1041,PG1005,KW10277,1260.43,Pending,2026-08-08 15:10:00
ORD103897,2026-09-02,MX,P1019,PG1280,KW10236,709.95,Completed,2026-09-02 21:15:00
ORD103899,2026-06-01,US,P1003,PG1488,KW10722,788.29,Cancelled,2026-06-01 01:14:00
ORD103902,2026-06-07,UK,P1026,PG1247,KW10127,1262.4,Completed,2026-06-07 15:59:00
ORD103904,2026-09-22,JP,P1017,PG1028,KW10837,794.75,Completed,2026-09-22 05:58:00
ORD103906,2026-09-05,JP,P1030,PG1047,KW11737,981.56,Pending,2026-09-05 16:06:00
ORD103918,2026-09-15,US,P1043,PG1235,KW10790,1364.51,Cancelled,2026-09-15 13:42:00
ORD103922,2026-07-18,DE,P1009,PG1320,KW10267,581.06,Cancelled,2026-07-18 00:09:00
ORD103925,2026-06-15,AU,P1035,PG1251,KW11304,973.92,Completed,2026-06-15 04:26:00
ORD103927,2026-07-14,JP,P1018,PG1235,KW11846,885.7,Completed,2026-07-14 10:05:00
ORD103928,2026-06-10,MX,P1043,PG1410,KW10455,365.96,Pending,2026-06-10 09:00:00
ORD103933,2026-06-01,DE,P1020,PG1458,KW10852,476.51,Completed,2026-06-01 10:37:00
ORD103939,2026-07-02,JP,P1042,PG1028,KW10397,468.57,Returned,2026-07-02 04:15:00
ORD103944,2026-06-09,US,P1033,PG1211,KW10478,576.28,Completed,2026-06-09 19:36:00
ORD103954,2026-08-27,BR,P1036,PG1027,KW10287,329.73,Completed,2026-08-27 05:48:00
ORD103956,2026-08-24,JP,P1023,PG1451,KW11956,600.41,Completed,2026-08-24 13:45:00
ORD103958,2026-08-09,JP,P1018,PG1025,KW11275,528.85,Returned,2026-08-09 21:39:00
ORD103973,2026-06-28,IN,P1016,PG1448,KW10385,889.85,Pending,2026-06-28 16:57:00
ORD103976,2026-07-18,MX,P1044,PG1140,KW11259,690.42,Pending,2026-07-18 16:01:00
ORD103980,2026-09-10,FR,P1030,PG1113,KW11510,1731.87,Completed,2026-09-10 20:29:00
ORD103982,2026-07-23,CA,P1002,PG1401,KW11929,1980.47,Completed,2026-07-23 20:42:00
ORD103985,2026-06-16,FR,P1011,PG1109,KW11494,527.39,Completed,2026-06-16 09:17:00
ORD103988,2026-09-26,AU,P1016,PG1066,KW10458,747.35,Completed,2026-09-26 04:13:00
ORD103989,2026-06-20,UK,P1035,PG1295,KW10987,922.97,Returned,2026-06-20 23:48:00
ORD103992,2026-06-26,CA,P1016,PG1261,KW10379,1377.73,Returned,2026-06-26 16:44:00
ORD103999,2026-06-03,IN,P1044,PG1158,KW11515,399.53,Cancelled,2026-06-03 15:23:00
ORD104001,2026-09-28,BR,P1001,PG1254,KW11287,989.59,Cancelled,2026-09-28 08:50:00
ORD104002,2026-06-01,CA,P1017,PG1410,KW11700,504.24,Cancelled,2026-06-01 19:58:00
ORD104006,2026-09-19,AU,P1005,PG1416,KW10576,281.86,Returned,2026-09-19 06:46:00
ORD104009,2026-07-26,MX,P1037,PG1377,KW10082,598.98,Completed,2026-07-26 03:32:00
ORD104018,2026-08-17,IN,P1008,PG1009,KW11364,1389.12,Completed,2026-08-17 10:48:00
ORD104023,2026-08-23,BR,P1013,PG1156,KW11116,2196.76,Completed,2026-08-23 14:41:00
ORD104024,2026-08-24,MX,P1042,PG1262,KW10121,840.97,Pending,2026-08-24 23:41:00
ORD104025,2026-06-16,IN,P1049,PG1496,KW11720,1300.52,Cancelled,2026-06-16 23:01:00
ORD104032,2026-09-20,CA,P1049,PG1183,KW10939,468.94,Pending,2026-09-20 10:38:00
ORD104033,2026-09-13,DE,P1002,PG1010,KW10553,697.47,Returned,2026-09-13 13:17:00
ORD104035,2026-06-03,US,P1017,PG1153,KW11228,551.09,Pending,2026-06-03 20:34:00
ORD104039,2026-07-02,AU,P1003,PG1258,KW10698,579.68,Pending,2026-07-02 10:04:00
ORD104049,2026-07-23,JP,P1035,PG1057,KW10938,2300.3,Completed,2026-07-23 11:54:00
ORD104052,2026-06-15,MX,P1016,PG1100,KW11940,383.21,Pending,2026-06-15 02:54:00
ORD104056,2026-08-30,UK,P1028,PG1236,KW10574,628.32,Completed,2026-08-30 06:21:00
ORD104060,2026-08-12,FR,P1050,PG1032,KW10912,645.08,Completed,2026-08-12 00:26:00
ORD104062,2026-08-17,US,P1037,PG1064,KW11225,698.45,Returned,2026-08-17 19:58:00
ORD104063,2026-09-05,UK,P1017,PG1391,KW10281,1007.42,Completed,2026-09-05 20:23:00
ORD104066,2026-06-29,BR,P1020,PG1256,KW10233,993.42,Completed,2026-06-29 16:29:00
ORD104067,2026-09-27,CA,P1001,PG1063,KW11181,772.87,Completed,2026-09-27 19:05:00
ORD104072,2026-06-29,BR,P1047,PG1243,KW11754,627.99,Cancelled,2026-06-29 10:16:00
ORD104082,2026-09-24,FR,P1004,PG1125,KW11686,873.29,Completed,2026-09-24 07:27:00
ORD104083,2026-07-04,CA,P1046,PG1314,KW10101,603.02,Cancelled,2026-07-04 20:51:00
ORD104090,2026-06-04,US,P1005,PG1411,KW11736,886.87,Completed,2026-06-04 01:41:00
ORD104091,2026-07-11,CA,P1016,PG1362,KW10512,447.28,Returned,2026-07-11 18:54:00
ORD104094,2026-09-29,JP,P1034,PG1050,KW10035,1157.43,Returned,2026-09-29 17:14:00
ORD104095,2026-06-06,FR,P1037,PG1384,KW11681,569.08,Returned,2026-06-06 09:13:00
ORD104098,2026-09-11,MX,P1018,PG1440,KW11725,820.0,Completed,2026-09-11 16:17:00
ORD104099,2026-07-22,MX,P1023,PG1481,KW11574,383.39,Completed,2026-07-22 23:14:00
ORD104102,2026-06-25,UK,P1018,PG1144,KW11823,1444.71,Completed,2026-06-25 11:41:00
ORD104105,2026-08-21,MX,P1017,PG1053,KW10341,2237.52,Cancelled,2026-08-21 00:21:00
ORD104110,2026-06-03,JP,P1043,PG1409,KW10314,426.93,Completed,2026-06-03 13:26:00
ORD104111,2026-08-22,BR,P1022,PG1176,KW11790,1465.93,Completed,2026-08-22 14:36:00
ORD104112,2026-06-10,FR,P1017,PG1049,KW11701,408.03,Cancelled,2026-06-10 09:32:00
ORD104115,2026-06-15,AU,P1015,PG1221,KW11852,717.53,Completed,2026-06-15 15:28:00
ORD104120,2026-09-28,CA,P1008,PG1498,KW11676,176.9,Returned,2026-09-28 20:51:00
ORD104121,2026-09-08,UK,P1043,PG1395,KW11327,1255.07,Completed,2026-09-08 16:29:00
ORD104127,2026-08-17,DE,P1018,PG1324,KW11113,694.32,Completed,2026-08-17 10:59:00
ORD104136,2026-06-20,DE,P1023,PG1194,KW10869,847.63,Returned,2026-06-20 08:15:00
ORD104137,2026-07-15,US,P1029,PG1032,KW11238,580.72,Completed,2026-07-15 02:32:00
ORD104140,2026-09-04,MX,P1027,PG1051,KW10043,925.0,Completed,2026-09-04 13:26:00
ORD104146,2026-08-17,IN,P1031,PG1188,KW10722,452.19,Cancelled,2026-08-17 12:50:00
ORD104148,2026-07-31,FR,P1043,PG1485,KW10080,957.12,Completed,2026-07-31 01:52:00
ORD104149,2026-08-06,FR,P1011,PG1022,KW11410,368.8,Cancelled,2026-08-06 03:20:00
ORD104150,2026-07-11,IN,P1021,PG1036,KW11435,787.86,Completed,2026-07-11 18:28:00
ORD104152,2026-06-11,CA,P1010,PG1329,KW11684,1503.79,Pending,2026-06-11 19:11:00
ORD104153,2026-06-03,AU,P1042,PG1382,KW11208,974.58,Cancelled,2026-06-03 21:11:00
ORD104156,2026-08-20,DE,P1043,PG1255,KW10007,575.14,Pending,2026-08-20 10:54:00
ORD104164,2026-06-06,DE,P1046,PG1020,KW11262,539.8,Pending,2026-06-06 10:19:00
ORD104167,2026-06-17,DE,P1044,PG1018,KW10239,558.86,Completed,2026-06-17 12:33:00
ORD104173,2026-08-20,AU,P1032,PG1487,KW11698,1911.74,Returned,2026-08-20 21:18:00
ORD104174,2026-07-09,AU,P1013,PG1394,KW10086,2637.02,Completed,2026-07-09 04:25:00
ORD104179,2026-07-22,IN,P1024,PG1028,KW10142,459.36,Pending,2026-07-22 18:34:00
ORD104180,2026-06-05,US,P1009,PG1241,KW10481,1217.87,Completed,2026-06-05 00:58:00
ORD104181,2026-09-02,MX,P1049,PG1468,KW11118,1289.84,Completed,2026-09-02 10:59:00
ORD104182,2026-06-21,BR,P1040,PG1180,KW11474,812.96,Pending,2026-06-21 19:50:00
ORD104185,2026-06-17,CA,P1016,PG1188,KW11694,887.91,Completed,2026-06-17 02:43:00
ORD104190,2026-08-10,US,P1026,PG1340,KW10293,1245.46,Completed,2026-08-10 16:26:00
ORD104195,2026-07-11,UK,P1011,PG1406,KW10119,2905.78,Cancelled,2026-07-11 03:46:00
ORD104207,2026-09-11,US,P1015,PG1421,KW10361,943.96,Completed,2026-09-11 10:55:00
ORD104208,2026-08-10,BR,P1041,PG1272,KW10585,663.88,Returned,2026-08-10 20:49:00
ORD104209,2026-09-30,CA,P1039,PG1214,KW11426,1561.53,Completed,2026-09-30 11:59:00
ORD104210,2026-08-24,IN,P1006,PG1115,KW10392,540.26,Cancelled,2026-08-24 14:39:00
ORD104211,2026-06-26,UK,P1013,PG1445,KW10167,489.09,Completed,2026-06-26 14:18:00
ORD104215,2026-07-30,BR,P1011,PG1466,KW10546,1043.08,Returned,2026-07-30 22:07:00
ORD104216,2026-06-24,FR,P1043,PG1047,KW10268,596.91,Pending,2026-06-24 18:59:00
ORD104223,2026-06-22,JP,P1007,PG1465,KW10826,713.38,Cancelled,2026-06-22 00:48:00
ORD104225,2026-08-02,US,P1024,PG1497,KW10941,1116.47,Pending,2026-08-02 05:09:00
ORD104226,2026-09-03,AU,P1034,PG1453,KW10694,1900.83,Cancelled,2026-09-03 16:30:00
ORD104227,2026-06-22,DE,P1048,PG1134,KW11985,519.1,Completed,2026-06-22 02:19:00
ORD104228,2026-06-23,IN,P1001,PG1011,KW11859,3969.93,Returned,2026-06-23 13:53:00
ORD104232,2026-09-05,IN,P1036,PG1190,KW11915,436.05,Cancelled,2026-09-05 11:28:00
ORD104233,2026-06-21,IN,P1020,PG1239,KW11973,289.37,Pending,2026-06-21 17:42:00
ORD104235,2026-09-22,BR,P1029,PG1220,KW10949,903.95,Returned,2026-09-22 16:46:00
ORD104236,2026-08-15,BR,P1020,PG1495,KW10413,1081.28,Cancelled,2026-08-15 13:16:00
ORD104242,2026-08-08,MX,P1021,PG1327,KW10831,1290.26,Cancelled,2026-08-08 18:33:00
ORD104246,2026-06-29,DE,P1038,PG1133,KW10345,548.55,Completed,2026-06-29 08:52:00
ORD104248,2026-08-19,IN,P1034,PG1076,KW10969,1661.56,Returned,2026-08-19 10:23:00
ORD104254,2026-06-15,UK,P1008,PG1044,KW10964,2008.6,Pending,2026-06-15 10:58:00
ORD104256,2026-06-23,IN,P1038,PG1084,KW10180,1796.43,Cancelled,2026-06-23 00:08:00
ORD104259,2026-09-25,DE,P1002,PG1348,KW10896,1157.77,Completed,2026-09-25 10:58:00
ORD104261,2026-09-09,DE,P1033,PG1305,KW11233,1625.39,Pending,2026-09-09 18:31:00
ORD104262,2026-09-24,DE,P1011,PG1256,KW10840,794.14,Pending,2026-09-24 16:51:00
ORD104264,2026-09-26,AU,P1047,PG1188,KW11676,492.73,Cancelled,2026-09-26 01:49:00
ORD104266,2026-07-30,MX,P1017,PG1236,KW11749,807.92,Completed,2026-07-30 17:17:00
ORD104270,2026-06-10,MX,P1030,PG1202,KW10329,1399.81,Pending,2026-06-10 08:13:00
ORD104275,2026-08-06,IN,P1006,PG1329,KW11022,394.98,Returned,2026-08-06 09:04:00
ORD104279,2026-06-20,MX,P1013,PG1327,KW11681,698.62,Cancelled,2026-06-20 22:35:00
ORD104280,2026-08-01,JP,P1030,PG1218,KW10209,1364.27,Completed,2026-08-01 16:47:00
ORD104282,2026-08-17,BR,P1004,PG1195,KW11341,948.36,Pending,2026-08-17 03:03:00
ORD104284,2026-07-03,FR,P1024,PG1018,KW11953,719.67,Pending,2026-07-03 17:11:00
ORD104289,2026-08-04,MX,P1035,PG1177,KW10946,691.08,Completed,2026-08-04 10:28:00
ORD104301,2026-08-12,UK,P1008,PG1049,KW11333,1182.51,Completed,2026-08-12 03:37:00
ORD104306,2026-06-05,DE,P1035,PG1178,KW11183,563.56,Cancelled,2026-06-05 22:42:00
ORD104307,2026-09-15,UK,P1014,PG1099,KW11028,452.92,Completed,2026-09-15 02:13:00
ORD104311,2026-07-13,UK,P1042,PG1440,KW11150,708.08,Completed,2026-07-13 00:12:00
ORD104313,2026-07-18,AU,P1019,PG1226,KW11149,986.02,Completed,2026-07-18 06:05:00
ORD104315,2026-09-30,AU,P1022,PG1071,KW10896,814.69,Returned,2026-09-30 14:28:00
ORD104318,2026-06-28,AU,P1012,PG1104,KW10952,547.4,Completed,2026-06-28 07:30:00
ORD104319,2026-09-24,AU,P1047,PG1203,KW10361,699.52,Pending,2026-09-24 16:19:00
ORD104326,2026-08-16,CA,P1005,PG1101,KW11482,596.09,Returned,2026-08-16 00:10:00
ORD104327,2026-07-17,BR,P1011,PG1194,KW11414,1395.13,Returned,2026-07-17 17:06:00
ORD104331,2026-08-28,BR,P1027,PG1056,KW10203,2025.02,Returned,2026-08-28 18:58:00
ORD104332,2026-07-08,DE,P1045,PG1075,KW10768,360.3,Completed,2026-07-08 00:21:00
ORD104333,2026-07-04,FR,P1008,PG1101,KW10239,538.86,Completed,2026-07-04 06:54:00
ORD104337,2026-08-11,AU,P1050,PG1457,KW10425,994.25,Completed,2026-08-11 17:50:00
ORD104339,2026-07-11,DE,P1015,PG1389,KW11741,856.42,Returned,2026-07-11 11:08:00
ORD104343,2026-08-22,CA,P1017,PG1017,KW11769,698.35,Cancelled,2026-08-22 12:44:00
ORD104348,2026-06-22,AU,P1044,PG1201,KW11322,1871.81,Completed,2026-06-22 23:32:00
ORD104350,2026-06-01,BR,P1033,PG1335,KW10306,945.76,Pending,2026-06-01 12:56:00
ORD104354,2026-06-18,CA,P1015,PG1162,KW10189,500.92,Completed,2026-06-18 23:26:00
ORD104356,2026-08-30,JP,P1029,PG1323,KW10455,468.07,Completed,2026-08-30 16:47:00
ORD104376,2026-07-29,JP,P1011,PG1194,KW10094,400.6,Completed,2026-07-29 01:07:00
ORD104378,2026-07-16,CA,P1023,PG1201,KW10633,738.36,Pending,2026-07-16 04:00:00
ORD104379,2026-09-17,AU,P1010,PG1192,KW10018,1721.92,Completed,2026-09-17 01:09:00
ORD104381,2026-08-16,FR,P1036,PG1151,KW11517,1976.92,Completed,2026-08-16 09:13:00
ORD104384,2026-06-05,UK,P1050,PG1276,KW11066,1390.53,Completed,2026-06-05 05:39:00
ORD104386,2026-08-19,UK,P1034,PG1216,KW11951,582.69,Returned,2026-08-19 13:32:00
ORD104391,2026-08-09,DE,P1036,PG1140,KW10059,878.67,Completed,2026-08-09 19:08:00
ORD104396,2026-06-23,MX,P1040,PG1137,KW11651,1263.13,Cancelled,2026-06-23 23:03:00
ORD104399,2026-07-31,MX,P1020,PG1033,KW11062,645.5,Completed,2026-07-31 10:05:00
ORD104401,2026-07-04,AU,P1029,PG1203,KW11934,664.35,Pending,2026-07-04 16:23:00
ORD104402,2026-08-27,BR,P1033,PG1252,KW11823,381.63,Pending,2026-08-27 19:07:00
ORD104403,2026-07-22,JP,P1044,PG1321,KW10085,675.81,Completed,2026-07-22 22:27:00
ORD104405,2026-09-08,DE,P1037,PG1168,KW10924,726.61,Completed,2026-09-08 17:02:00
ORD104406,2026-06-10,DE,P1011,PG1359,KW11368,757.71,Completed,2026-06-10 15:07:00
ORD104407,2026-07-02,DE,P1044,PG1112,KW11428,955.93,Cancelled,2026-07-02 17:08:00
ORD104408,2026-07-17,BR,P1005,PG1015,KW11200,404.27,Completed,2026-07-17 15:31:00
ORD104410,2026-08-02,UK,P1049,PG1104,KW11818,989.22,Completed,2026-08-02 08:02:00
ORD104412,2026-06-08,DE,P1011,PG1312,KW11065,414.59,Pending,2026-06-08 14:24:00
ORD104413,2026-08-27,IN,P1001,PG1313,KW10678,910.23,Completed,2026-08-27 04:36:00
ORD104417,2026-07-23,MX,P1011,PG1260,KW10217,368.19,Completed,2026-07-23 19:25:00
ORD104418,2026-06-17,AU,P1050,PG1376,KW10413,1640.35,Completed,2026-06-17 09:26:00
ORD104421,2026-09-30,FR,P1010,PG1126,KW11511,162.61,Returned,2026-09-30 06:34:00
ORD104424,2026-06-26,DE,P1006,PG1239,KW10381,712.65,Returned,2026-06-26 04:17:00
ORD104431,2026-09-12,UK,P1010,PG1228,KW11268,767.79,Pending,2026-09-12 05:38:00
ORD104433,2026-08-20,JP,P1016,PG1333,KW11572,392.04,Completed,2026-08-20 02:22:00
ORD104436,2026-06-21,IN,P1047,PG1097,KW10246,247.87,Completed,2026-06-21 21:07:00
ORD104437,2026-09-29,CA,P1029,PG1301,KW11149,665.52,Returned,2026-09-29 21:02:00
ORD104438,2026-06-29,AU,P1013,PG1424,KW10584,884.24,Completed,2026-06-29 12:57:00
ORD104440,2026-08-03,FR,P1022,PG1291,KW10175,1270.2,Cancelled,2026-08-03 14:26:00
ORD104441,2026-07-17,CA,P1004,PG1150,KW10592,913.42,Pending,2026-07-17 01:08:00
ORD104446,2026-06-18,US,P1026,PG1378,KW11469,1479.36,Completed,2026-06-18 18:57:00
ORD104466,2026-07-15,MX,P1033,PG1245,KW11737,249.61,Pending,2026-07-15 08:10:00
ORD104470,2026-08-10,DE,P1050,PG1082,KW10822,1082.58,Completed,2026-08-10 10:28:00
ORD104472,2026-06-23,CA,P1024,PG1350,KW10284,643.37,Completed,2026-06-23 02:40:00
ORD104473,2026-07-18,BR,P1017,PG1373,KW11487,3160.91,Completed,2026-07-18 21:54:00
ORD104474,2026-07-16,AU,P1011,PG1417,KW10480,844.63,Returned,2026-07-16 02:09:00
ORD104475,2026-06-17,BR,P1017,PG1321,KW10067,1412.48,Cancelled,2026-06-17 01:07:00
ORD104476,2026-08-23,UK,P1039,PG1195,KW11361,1196.33,Cancelled,2026-08-23 10:07:00
ORD104478,2026-09-19,JP,P1022,PG1346,KW11722,824.5,Returned,2026-09-19 08:57:00
ORD104479,2026-09-21,MX,P1011,PG1011,KW10225,685.53,Returned,2026-09-21 10:34:00
ORD104483,2026-07-18,UK,P1022,PG1389,KW11514,884.85,Returned,2026-07-18 21:04:00
ORD104485,2026-06-19,JP,P1041,PG1056,KW11327,680.54,Completed,2026-06-19 08:50:00
ORD104486,2026-06-09,MX,P1043,PG1462,KW10170,453.96,Pending,2026-06-09 19:15:00
ORD104488,2026-07-12,US,P1002,PG1495,KW11109,1059.97,Completed,2026-07-12 03:07:00
ORD104499,2026-09-26,AU,P1018,PG1301,KW10441,1596.29,Completed,2026-09-26 06:45:00
ORD104500,2026-09-06,IN,P1050,PG1318,KW11529,515.16,Completed,2026-09-06 00:47:00
ORD104501,2026-07-03,UK,P1016,PG1182,KW11653,490.67,Completed,2026-07-03 03:17:00
ORD104504,2026-07-27,CA,P1022,PG1450,KW10772,690.14,Returned,2026-07-27 08:10:00
ORD104505,2026-06-23,IN,P1002,PG1398,KW10837,1022.44,Completed,2026-06-23 18:06:00
ORD104507,2026-07-24,CA,P1017,PG1345,KW10276,1442.8,Cancelled,2026-07-24 12:35:00
ORD104512,2026-08-23,AU,P1021,PG1458,KW10464,632.22,Returned,2026-08-23 13:29:00
ORD104513,2026-08-09,AU,P1022,PG1472,KW10191,1025.46,Pending,2026-08-09 04:07:00
ORD104524,2026-07-17,BR,P1033,PG1192,KW10321,1533.74,Completed,2026-07-17 19:04:00
ORD104525,2026-07-10,MX,P1028,PG1126,KW10226,124.48,Completed,2026-07-10 22:54:00
ORD104529,2026-08-11,DE,P1047,PG1150,KW11229,376.43,Cancelled,2026-08-11 01:43:00
ORD104533,2026-09-23,UK,P1038,PG1255,KW11360,1046.7,Completed,2026-09-23 21:54:00
ORD104534,2026-07-25,JP,P1048,PG1225,KW10014,931.45,Returned,2026-07-25 08:54:00
ORD104535,2026-08-12,IN,P1025,PG1202,KW11715,452.04,Pending,2026-08-12 15:20:00
ORD104538,2026-09-16,DE,P1029,PG1146,KW11163,412.41,Completed,2026-09-16 07:21:00
ORD104541,2026-08-09,MX,P1043,PG1460,KW11023,577.9,Completed,2026-08-09 23:36:00
ORD104544,2026-09-23,UK,P1017,PG1426,KW11090,767.69,Completed,2026-09-23 11:39:00
ORD104548,2026-08-30,DE,P1018,PG1487,KW11866,798.1,Completed,2026-08-30 07:05:00
ORD104550,2026-06-15,BR,P1048,PG1059,KW11299,723.37,Completed,2026-06-15 02:17:00
ORD104553,2026-06-02,MX,P1015,PG1238,KW11799,655.45,Completed,2026-06-02 04:11:00
ORD104555,2026-06-06,CA,P1038,PG1152,KW11061,1468.37,Completed,2026-06-06 11:17:00
ORD104557,2026-07-13,AU,P1002,PG1408,KW11607,851.68,Completed,2026-07-13 04:22:00
ORD104558,2026-08-19,BR,P1016,PG1100,KW11374,1485.45,Completed,2026-08-19 16:43:00
ORD104559,2026-07-09,UK,P1031,PG1199,KW10717,814.41,Cancelled,2026-07-09 12:19:00
ORD104560,2026-07-08,DE,P1014,PG1485,KW11109,1363.86,Completed,2026-07-08 22:17:00
ORD104561,2026-08-12,UK,P1047,PG1389,KW11134,1340.24,Completed,2026-08-12 10:26:00
ORD104562,2026-08-28,DE,P1019,PG1280,KW10106,765.97,Completed,2026-08-28 06:38:00
ORD104567,2026-09-11,DE,P1008,PG1174,KW11712,1000.32,Returned,2026-09-11 15:45:00
ORD104568,2026-08-14,DE,P1017,PG1120,KW10700,3308.09,Cancelled,2026-08-14 08:15:00
ORD104569,2026-08-19,IN,P1007,PG1324,KW11880,1041.52,Completed,2026-08-19 19:24:00
ORD104577,2026-08-06,BR,P1033,PG1375,KW10381,640.77,Pending,2026-08-06 02:07:00
ORD104578,2026-06-11,BR,P1049,PG1392,KW11589,1878.01,Completed,2026-06-11 03:58:00
ORD104580,2026-07-07,FR,P1013,PG1218,KW11029,301.1,Returned,2026-07-07 21:00:00
ORD104585,2026-08-08,BR,P1013,PG1409,KW10074,765.17,Completed,2026-08-08 07:38:00
ORD104587,2026-06-04,BR,P1014,PG1413,KW11811,822.38,Completed,2026-06-04 09:57:00
ORD104588,2026-08-18,BR,P1030,PG1435,KW11738,1810.89,Completed,2026-08-18 11:35:00
ORD104592,2026-09-17,IN,P1018,PG1484,KW11703,1461.36,Pending,2026-09-17 19:59:00
ORD104598,2026-06-22,JP,P1018,PG1174,KW10774,486.32,Completed,2026-06-22 11:29:00
ORD104600,2026-09-25,CA,P1044,PG1019,KW11230,832.63,Cancelled,2026-09-25 17:59:00
ORD104604,2026-09-11,BR,P1009,PG1499,KW10702,382.06,Cancelled,2026-09-11 00:37:00
ORD104605,2026-08-27,US,P1010,PG1079,KW10530,1375.87,Returned,2026-08-27 09:36:00
ORD104606,2026-08-02,DE,P1002,PG1454,KW11201,785.09,Pending,2026-08-02 10:05:00
ORD104607,2026-06-06,IN,P1019,PG1339,KW11455,740.05,Pending,2026-06-06 23:52:00
ORD104611,2026-08-29,IN,P1035,PG1068,KW11921,704.18,Completed,2026-08-29 06:52:00
ORD104614,2026-07-21,IN,P1039,PG1091,KW10073,989.3,Cancelled,2026-07-21 18:30:00
ORD104616,2026-06-26,AU,P1001,PG1307,KW11721,888.78,Completed,2026-06-26 05:05:00
ORD104617,2026-07-14,UK,P1024,PG1356,KW10327,1213.03,Completed,2026-07-14 14:03:00
ORD104618,2026-08-05,BR,P1003,PG1384,KW10280,744.63,Completed,2026-08-05 10:01:00
ORD104620,2026-09-07,FR,P1027,PG1287,KW11255,1154.38,Completed,2026-09-07 05:14:00
ORD104624,2026-09-12,IN,P1039,PG1427,KW11606,607.45,Completed,2026-09-12 04:30:00
ORD104626,2026-09-15,MX,P1043,PG1249,KW11155,1249.83,Completed,2026-09-15 03:14:00
ORD104627,2026-06-08,FR,P1005,PG1473,KW10351,802.72,Cancelled,2026-06-08 21:01:00
ORD104629,2026-07-18,JP,P1043,PG1338,KW10920,585.45,Cancelled,2026-07-18 16:34:00
ORD104630,2026-06-07,AU,P1034,PG1067,KW11983,1685.29,Completed,2026-06-07 03:55:00
ORD104632,2026-07-20,JP,P1016,PG1205,KW11629,835.44,Returned,2026-07-20 10:40:00
ORD104633,2026-09-16,US,P1019,PG1041,KW11232,258.36,Completed,2026-09-16 23:40:00
ORD104634,2026-09-16,AU,P1036,PG1084,KW10501,670.23,Completed,2026-09-16 13:06:00
ORD104637,2026-09-06,UK,P1027,PG1487,KW10570,1844.46,Completed,2026-09-06 00:06:00
ORD104641,2026-08-16,JP,P1009,PG1136,KW11749,1606.47,Completed,2026-08-16 05:27:00
ORD104642,2026-06-16,FR,P1025,PG1011,KW11342,607.76,Completed,2026-06-16 08:48:00
ORD104643,2026-09-08,JP,P1032,PG1102,KW11918,1637.46,Completed,2026-09-08 20:43:00
ORD104649,2026-08-10,UK,P1015,PG1242,KW11929,2113.56,Pending,2026-08-10 16:20:00
ORD104651,2026-09-23,UK,P1026,PG1097,KW11302,1885.79,Completed,2026-09-23 08:33:00
ORD104652,2026-09-04,DE,P1042,PG1160,KW11236,1255.66,Completed,2026-09-04 21:24:00
ORD104657,2026-07-19,US,P1028,PG1462,KW10719,635.05,Cancelled,2026-07-19 01:25:00
ORD104660,2026-07-01,JP,P1033,PG1186,KW11402,487.74,Completed,2026-07-01 23:26:00
ORD104665,2026-06-24,UK,P1024,PG1240,KW11685,379.31,Completed,2026-06-24 03:41:00
ORD104666,2026-08-15,FR,P1015,PG1459,KW10821,1168.17,Pending,2026-08-15 02:39:00
ORD104669,2026-06-13,FR,P1010,PG1294,KW10697,763.5,Pending,2026-06-13 12:58:00
ORD104671,2026-07-28,MX,P1017,PG1128,KW11129,1446.26,Completed,2026-07-28 08:13:00
ORD104672,2026-07-05,UK,P1034,PG1359,KW11881,360.16,Completed,2026-07-05 07:46:00
ORD104674,2026-07-26,BR,P1002,PG1157,KW10767,892.79,Pending,2026-07-26 09:13:00
ORD104676,2026-08-13,BR,P1032,PG1439,KW10465,497.11,Cancelled,2026-08-13 14:24:00
ORD104677,2026-08-09,MX,P1012,PG1048,KW10479,566.63,Returned,2026-08-09 23:20:00
ORD104679,2026-06-25,FR,P1011,PG1299,KW10586,801.73,Completed,2026-06-25 22:43:00
ORD104684,2026-08-03,FR,P1037,PG1017,KW10103,2846.74,Pending,2026-08-03 17:35:00
ORD104691,2026-09-16,FR,P1036,PG1278,KW10437,661.85,Completed,2026-09-16 23:33:00
ORD104700,2026-08-27,MX,P1008,PG1106,KW11908,1268.1,Completed,2026-08-27 18:58:00
ORD104701,2026-09-02,BR,P1049,PG1461,KW10629,427.34,Returned,2026-09-02 02:14:00
ORD104702,2026-09-20,MX,P1024,PG1115,KW11271,2244.94,Returned,2026-09-20 13:09:00
ORD104706,2026-08-11,AU,P1032,PG1021,KW10701,560.32,Cancelled,2026-08-11 19:47:00
ORD104709,2026-09-06,MX,P1013,PG1424,KW10762,765.73,Pending,2026-09-06 23:44:00
ORD104711,2026-06-22,JP,P1008,PG1088,KW10295,516.72,Completed,2026-06-22 09:16:00
ORD104712,2026-08-30,CA,P1025,PG1313,KW11604,1084.74,Returned,2026-08-30 04:58:00
ORD104723,2026-06-29,DE,P1017,PG1396,KW11301,329.99,Completed,2026-06-29 19:30:00
ORD104726,2026-09-28,CA,P1002,PG1316,KW10280,639.16,Completed,2026-09-28 15:33:00
ORD104738,2026-06-18,BR,P1033,PG1299,KW11345,1424.85,Pending,2026-06-18 04:44:00
ORD104739,2026-08-19,CA,P1044,PG1473,KW10941,2766.64,Completed,2026-08-19 13:23:00
ORD104740,2026-07-20,FR,P1028,PG1011,KW10255,1283.08,Completed,2026-07-20 08:06:00
ORD104746,2026-08-23,UK,P1041,PG1017,KW11707,424.18,Returned,2026-08-23 01:57:00
ORD104747,2026-08-13,AU,P1027,PG1499,KW11381,930.45,Completed,2026-08-13 21:28:00
ORD104750,2026-06-15,JP,P1038,PG1004,KW10186,1388.86,Completed,2026-06-15 05:20:00
ORD104751,2026-07-13,AU,P1043,PG1180,KW11240,1270.44,Pending,2026-07-13 17:45:00
ORD104754,2026-09-26,BR,P1040,PG1229,KW10739,722.35,Cancelled,2026-09-26 08:35:00
ORD104756,2026-09-19,FR,P1046,PG1266,KW11872,397.9,Completed,2026-09-19 18:55:00
ORD104759,2026-06-09,IN,P1043,PG1163,KW10505,2331.07,Cancelled,2026-06-09 11:41:00
ORD104760,2026-08-20,IN,P1021,PG1242,KW11020,1535.8,Cancelled,2026-08-20 06:37:00
ORD104767,2026-07-11,FR,P1050,PG1499,KW11857,1229.4,Cancelled,2026-07-11 06:06:00
ORD104768,2026-09-17,FR,P1007,PG1128,KW10935,421.7,Pending,2026-09-17 23:10:00
ORD104770,2026-08-28,US,P1021,PG1403,KW10109,306.76,Pending,2026-08-28 17:24:00
ORD104772,2026-09-29,MX,P1001,PG1182,KW11652,1810.67,Completed,2026-09-29 04:19:00
ORD104773,2026-09-16,CA,P1015,PG1326,KW10271,651.01,Returned,2026-09-16 02:15:00
ORD104774,2026-09-04,DE,P1046,PG1079,KW10300,620.7,Completed,2026-09-04 08:31:00
ORD104778,2026-09-22,FR,P1002,PG1061,KW11397,457.32,Returned,2026-09-22 18:11:00
ORD104791,2026-07-08,IN,P1006,PG1303,KW11773,1187.27,Completed,2026-07-08 16:24:00
ORD104793,2026-07-24,UK,P1005,PG1030,KW10479,574.96,Completed,2026-07-24 04:42:00
ORD104794,2026-08-17,UK,P1032,PG1352,KW10961,562.89,Completed,2026-08-17 17:51:00
ORD104801,2026-09-09,DE,P1015,PG1478,KW11447,932.2,Completed,2026-09-09 17:52:00
ORD104803,2026-06-10,BR,P1032,PG1222,KW11773,554.48,Cancelled,2026-06-10 09:11:00
ORD104804,2026-08-17,AU,P1003,PG1401,KW11594,635.24,Cancelled,2026-08-17 10:24:00
ORD104805,2026-06-07,BR,P1023,PG1260,KW10462,1198.24,Returned,2026-06-07 04:42:00
ORD104806,2026-09-13,AU,P1019,PG1186,KW11365,909.18,Completed,2026-09-13 03:42:00
ORD104807,2026-09-27,UK,P1042,PG1139,KW11868,1454.85,Completed,2026-09-27 11:45:00
ORD104810,2026-08-25,DE,P1014,PG1337,KW10232,433.85,Returned,2026-08-25 15:28:00
ORD104811,2026-06-15,US,P1008,PG1353,KW10552,1424.51,Completed,2026-06-15 23:48:00
ORD104814,2026-09-30,US,P1043,PG1464,KW11288,921.51,Cancelled,2026-09-30 05:09:00
ORD104815,2026-07-20,FR,P1018,PG1160,KW11011,918.88,Completed,2026-07-20 02:09:00
ORD104819,2026-06-05,FR,P1033,PG1342,KW10429,584.38,Returned,2026-06-05 17:32:00
ORD104820,2026-08-16,MX,P1026,PG1035,KW11443,706.41,Completed,2026-08-16 06:52:00
ORD104821,2026-09-26,CA,P1040,PG1423,KW11339,1644.31,Pending,2026-09-26 22:17:00
ORD104829,2026-09-06,JP,P1041,PG1388,KW11556,375.95,Completed,2026-09-06 22:16:00
ORD104830,2026-09-23,US,P1044,PG1337,KW11160,1593.74,Completed,2026-09-23 01:52:00
ORD104831,2026-08-21,MX,P1028,PG1088,KW11934,880.3,Completed,2026-08-21 07:10:00
ORD104832,2026-07-13,BR,P1015,PG1077,KW10967,963.21,Pending,2026-07-13 18:13:00
ORD104836,2026-09-16,UK,P1044,PG1318,KW10847,284.84,Completed,2026-09-16 07:54:00
ORD104838,2026-09-14,CA,P1028,PG1188,KW10291,1795.86,Completed,2026-09-14 01:22:00
ORD104840,2026-08-13,MX,P1032,PG1114,KW10602,448.61,Cancelled,2026-08-13 16:02:00
ORD104841,2026-06-25,MX,P1001,PG1106,KW10932,911.47,Pending,2026-06-25 06:59:00
ORD104843,2026-08-22,MX,P1010,PG1238,KW10662,844.53,Pending,2026-08-22 02:00:00
ORD104844,2026-07-11,DE,P1021,PG1430,KW10554,350.98,Completed,2026-07-11 12:16:00
ORD104849,2026-09-17,US,P1020,PG1241,KW11488,695.81,Cancelled,2026-09-17 11:38:00
ORD104850,2026-08-09,FR,P1002,PG1495,KW10281,511.99,Pending,2026-08-09 20:16:00
ORD104852,2026-08-06,IN,P1011,PG1257,KW11434,3528.99,Pending,2026-08-06 09:31:00
ORD104854,2026-09-26,FR,P1031,PG1442,KW10020,838.09,Returned,2026-09-26 04:13:00
ORD104858,2026-09-27,MX,P1038,PG1204,KW11788,831.14,Cancelled,2026-09-27 07:12:00
ORD104860,2026-06-30,DE,P1013,PG1443,KW11597,662.27,Returned,2026-06-30 19:18:00
ORD104861,2026-07-03,US,P1031,PG1208,KW10514,660.34,Cancelled,2026-07-03 08:09:00
ORD104864,2026-07-27,MX,P1002,PG1330,KW10918,514.52,Completed,2026-07-27 00:11:00
ORD104867,2026-08-20,US,P1009,PG1319,KW10084,1301.89,Completed,2026-08-20 03:13:00
ORD104873,2026-09-02,BR,P1022,PG1298,KW11447,617.19,Pending,2026-09-02 20:16:00
ORD104877,2026-07-06,MX,P1028,PG1430,KW10905,1453.83,Returned,2026-07-06 05:50:00
ORD104882,2026-08-17,CA,P1044,PG1073,KW11510,294.74,Cancelled,2026-08-17 00:11:00
ORD104884,2026-07-07,AU,P1041,PG1275,KW10857,604.76,Returned,2026-07-07 07:14:00
ORD104888,2026-06-08,CA,P1029,PG1295,KW10629,1365.82,Cancelled,2026-06-08 00:54:00
ORD104889,2026-06-10,UK,P1019,PG1229,KW11997,840.09,Cancelled,2026-06-10 12:05:00
ORD104896,2026-09-24,DE,P1021,PG1372,KW10451,728.53,Cancelled,2026-09-24 22:02:00
ORD104898,2026-06-20,AU,P1021,PG1027,KW11431,832.86,Completed,2026-06-20 05:53:00
ORD104899,2026-08-28,MX,P1022,PG1495,KW11621,506.95,Completed,2026-08-28 06:45:00
ORD104902,2026-09-16,MX,P1003,PG1322,KW11030,744.43,Completed,2026-09-16 18:06:00
ORD104904,2026-07-11,UK,P1007,PG1259,KW10984,947.49,Pending,2026-07-11 19:30:00
ORD104907,2026-09-23,DE,P1012,PG1287,KW10694,499.1,Cancelled,2026-09-23 05:15:00
ORD104909,2026-06-17,DE,P1026,PG1238,KW10170,2513.29,Pending,2026-06-17 21:25:00
ORD104917,2026-06-13,IN,P1041,PG1483,KW11630,1278.84,Returned,2026-06-13 08:06:00
ORD104918,2026-07-26,CA,P1040,PG1079,KW11520,1009.21,Cancelled,2026-07-26 15:05:00
ORD104920,2026-07-08,MX,P1017,PG1162,KW10689,838.4,Pending,2026-07-08 20:56:00
ORD104923,2026-06-17,US,P1035,PG1011,KW10593,761.31,Completed,2026-06-17 18:02:00
ORD104924,2026-07-21,UK,P1032,PG1385,KW10033,1036.77,Completed,2026-07-21 19:43:00
ORD104925,2026-06-25,US,P1012,PG1012,KW10824,910.98,Cancelled,2026-06-25 22:10:00
ORD104933,2026-07-18,AU,P1034,PG1469,KW11777,834.04,Completed,2026-07-18 21:29:00
ORD104934,2026-07-02,CA,P1033,PG1251,KW10114,2662.97,Returned,2026-07-02 02:36:00
ORD104937,2026-09-22,UK,P1007,PG1448,KW11040,1175.32,Cancelled,2026-09-22 02:16:00
ORD104940,2026-09-09,CA,P1007,PG1109,KW10075,398.81,Completed,2026-09-09 18:57:00
ORD104943,2026-09-16,FR,P1044,PG1112,KW11070,844.86,Completed,2026-09-16 18:17:00
ORD104944,2026-06-28,MX,P1023,PG1015,KW11502,1583.7,Completed,2026-06-28 08:12:00
ORD104957,2026-08-25,US,P1015,PG1408,KW11213,680.15,Completed,2026-08-25 11:40:00
ORD104961,2026-09-09,MX,P1022,PG1144,KW10772,412.39,Completed,2026-09-09 03:06:00
ORD104962,2026-07-02,JP,P1002,PG1182,KW10032,2809.55,Returned,2026-07-02 18:20:00
ORD104970,2026-09-15,DE,P1001,PG1361,KW10681,916.86,Completed,2026-09-15 16:45:00
ORD104978,2026-06-21,IN,P1050,PG1278,KW10751,1410.59,Completed,2026-06-21 02:06:00
ORD104981,2026-09-08,JP,P1014,PG1100,KW11294,258.79,Pending,2026-09-08 22:50:00
ORD104983,2026-07-09,BR,P1020,PG1201,KW10852,299.02,Returned,2026-07-09 09:58:00
ORD104986,2026-06-07,AU,P1033,PG1367,KW11972,233.71,Completed,2026-06-07 19:01:00
ORD104989,2026-07-12,BR,P1030,PG1455,KW11436,537.43,Completed,2026-07-12 16:32:00
ORD104990,2026-09-07,MX,P1029,PG1396,KW10629,942.72,Returned,2026-09-07 06:06:00
ORD104993,2026-06-26,AU,P1035,PG1153,KW11976,445.72,Returned,2026-06-26 02:51:00
ORD104997,2026-08-12,DE,P1033,PG1339,KW10195,293.44,Returned,2026-08-12 18:58:00
ORD105000,2026-09-01,MX,P1030,PG1203,KW10855,2222.58,Pending,2026-09-01 16:02:00
ORD105001,2026-09-22,IN,P1032,PG1421,KW11731,696.63,Cancelled,2026-09-22 02:52:00
ORD105002,2026-06-01,AU,P1020,PG1116,KW11672,1164.71,Returned,2026-06-01 10:13:00
ORD105006,2026-07-17,UK,P1027,PG1047,KW11774,1076.74,Completed,2026-07-17 01:59:00
ORD105011,2026-09-24,IN,P1024,PG1187,KW10493,1464.49,Cancelled,2026-09-24 04:55:00
ORD105012,2026-07-17,IN,P1007,PG1460,KW10381,1571.37,Completed,2026-07-17 21:00:00
ORD105014,2026-07-11,IN,P1045,PG1155,KW11299,1056.54,Pending,2026-07-11 13:51:00
ORD105017,2026-07-15,DE,P1020,PG1267,KW11490,607.54,Pending,2026-07-15 15:00:00
ORD105020,2026-08-13,DE,P1009,PG1293,KW11200,845.05,Returned,2026-08-13 17:50:00
ORD105021,2026-09-07,FR,P1024,PG1240,KW11066,1241.25,Completed,2026-09-07 01:29:00
ORD105025,2026-07-20,AU,P1046,PG1389,KW10529,984.67,Completed,2026-07-20 14:50:00
ORD105026,2026-07-29,IN,P1022,PG1334,KW10850,763.08,Completed,2026-07-29 07:48:00
ORD105028,2026-09-19,CA,P1005,PG1294,KW10408,1371.45,Returned,2026-09-19 05:37:00
ORD105029,2026-06-22,DE,P1047,PG1242,KW10118,367.35,Completed,2026-06-22 20:50:00
ORD105031,2026-09-10,BR,P1048,PG1069,KW10121,548.92,Returned,2026-09-10 07:43:00
ORD105033,2026-09-24,AU,P1037,PG1099,KW11709,432.59,Cancelled,2026-09-24 09:31:00
ORD105048,2026-07-02,US,P1049,PG1142,KW10652,859.86,Cancelled,2026-07-02 20:43:00
ORD105049,2026-08-29,CA,P1005,PG1006,KW10585,2185.11,Returned,2026-08-29 04:41:00
ORD105057,2026-06-07,BR,P1029,PG1141,KW10804,777.5,Pending,2026-06-07 06:00:00
ORD105060,2026-09-18,JP,P1039,PG1204,KW10749,1753.1,Returned,2026-09-18 17:57:00
ORD105064,2026-07-23,BR,P1033,PG1176,KW11961,1035.55,Completed,2026-07-23 07:36:00
ORD105065,2026-07-29,MX,P1044,PG1307,KW10123,1741.2,Completed,2026-07-29 08:46:00
ORD105066,2026-09-17,UK,P1043,PG1087,KW10905,541.1,Pending,2026-09-17 19:11:00
ORD105068,2026-09-08,DE,P1050,PG1041,KW10938,353.58,Pending,2026-09-08 11:02:00
ORD105073,2026-06-23,JP,P1035,PG1451,KW10593,721.64,Returned,2026-06-23 07:09:00
ORD105079,2026-06-02,US,P1016,PG1426,KW11287,355.85,Pending,2026-06-02 07:07:00
ORD105089,2026-08-07,CA,P1005,PG1266,KW10891,4946.07,Pending,2026-08-07 13:45:00
ORD105090,2026-08-08,JP,P1042,PG1019,KW11277,1076.31,Completed,2026-08-08 17:09:00
ORD105091,2026-09-29,IN,P1039,PG1310,KW11217,701.25,Pending,2026-09-29 09:00:00
ORD105092,2026-09-22,JP,P1032,PG1165,KW10007,965.17,Completed,2026-09-22 01:15:00
ORD105096,2026-08-31,FR,P1045,PG1029,KW11817,1336.56,Returned,2026-08-31 02:13:00
ORD105103,2026-09-10,DE,P1022,PG1486,KW11293,841.43,Returned,2026-09-10 02:55:00
ORD105104,2026-08-13,BR,P1028,PG1145,KW10224,935.9,Completed,2026-08-13 14:01:00
ORD105105,2026-08-17,JP,P1022,PG1251,KW11405,600.46,Pending,2026-08-17 05:47:00
ORD105110,2026-06-27,MX,P1033,PG1110,KW10095,395.94,Completed,2026-06-27 02:37:00
ORD105122,2026-07-12,BR,P1043,PG1263,KW10871,864.87,Completed,2026-07-12 14:33:00
ORD105123,2026-08-07,JP,P1030,PG1334,KW11298,1494.71,Pending,2026-08-07 00:30:00
ORD105127,2026-06-06,BR,P1013,PG1061,KW11810,917.16,Returned,2026-06-06 04:20:00
ORD105129,2026-07-11,DE,P1013,PG1473,KW10241,544.13,Completed,2026-07-11 00:34:00
ORD105130,2026-07-06,MX,P1048,PG1474,KW10933,456.79,Returned,2026-07-06 10:48:00
ORD105131,2026-08-30,IN,P1024,PG1466,KW10506,759.88,Completed,2026-08-30 17:04:00
ORD105137,2026-09-22,MX,P1039,PG1480,KW10177,1701.85,Completed,2026-09-22 10:47:00
ORD105139,2026-08-14,DE,P1040,PG1337,KW10487,554.36,Completed,2026-08-14 23:35:00
ORD105143,2026-06-08,FR,P1033,PG1090,KW11028,914.77,Completed,2026-06-08 10:44:00
ORD105144,2026-07-16,CA,P1043,PG1193,KW10384,915.01,Pending,2026-07-16 23:15:00
ORD105146,2026-07-08,US,P1022,PG1117,KW10615,668.29,Cancelled,2026-07-08 21:25:00
ORD105150,2026-06-24,UK,P1016,PG1338,KW10553,1316.27,Completed,2026-06-24 00:01:00
ORD105151,2026-06-06,DE,P1027,PG1441,KW10702,779.34,Cancelled,2026-06-06 06:35:00
ORD105155,2026-09-29,BR,P1033,PG1213,KW10247,380.35,Cancelled,2026-09-29 16:39:00
ORD105157,2026-08-29,BR,P1046,PG1330,KW11152,572.66,Completed,2026-08-29 19:13:00
ORD105159,2026-09-02,UK,P1021,PG1319,KW10846,3639.49,Completed,2026-09-02 02:11:00
ORD105165,2026-07-22,FR,P1038,PG1061,KW10147,793.47,Completed,2026-07-22 21:26:00
ORD105167,2026-09-29,FR,P1048,PG1495,KW11480,987.18,Pending,2026-09-29 21:16:00
ORD105169,2026-09-24,IN,P1030,PG1359,KW10577,764.53,Cancelled,2026-09-24 21:12:00
ORD105170,2026-06-12,MX,P1036,PG1429,KW11816,473.11,Completed,2026-06-12 05:40:00
ORD105171,2026-07-26,JP,P1040,PG1164,KW11501,1141.78,Completed,2026-07-26 20:46:00
ORD105172,2026-07-18,BR,P1039,PG1042,KW11800,2984.58,Completed,2026-07-18 11:43:00
ORD105173,2026-08-11,JP,P1034,PG1053,KW10474,530.16,Completed,2026-08-11 23:12:00
ORD105177,2026-06-24,CA,P1039,PG1136,KW10736,930.96,Completed,2026-06-24 03:19:00
ORD105184,2026-09-04,AU,P1004,PG1150,KW11123,796.35,Completed,2026-09-04 16:21:00
ORD105193,2026-06-16,UK,P1014,PG1482,KW11106,471.55,Returned,2026-06-16 21:19:00
ORD105195,2026-07-29,AU,P1039,PG1217,KW10431,277.98,Completed,2026-07-29 07:15:00
ORD105196,2026-09-10,AU,P1036,PG1364,KW11439,2106.45,Completed,2026-09-10 15:24:00
ORD105199,2026-08-06,AU,P1037,PG1292,KW11656,695.62,Completed,2026-08-06 14:31:00
ORD105200,2026-07-04,MX,P1011,PG1117,KW10579,1020.63,Completed,2026-07-04 05:44:00
ORD105202,2026-08-21,IN,P1020,PG1027,KW11185,1304.15,Completed,2026-08-21 03:03:00
ORD105205,2026-09-27,JP,P1024,PG1167,KW10295,1420.86,Cancelled,2026-09-27 03:49:00
ORD105206,2026-08-07,IN,P1007,PG1172,KW11194,989.43,Completed,2026-08-07 21:05:00
ORD105209,2026-06-02,US,P1044,PG1059,KW10327,1663.6,Completed,2026-06-02 12:01:00
ORD105213,2026-06-13,UK,P1034,PG1328,KW10035,907.31,Completed,2026-06-13 19:41:00
ORD105218,2026-09-10,JP,P1032,PG1158,KW10560,752.85,Completed,2026-09-10 11:21:00
ORD105221,2026-09-20,FR,P1031,PG1381,KW11342,492.94,Completed,2026-09-20 06:01:00
ORD105223,2026-06-15,FR,P1047,PG1239,KW11054,807.28,Completed,2026-06-15 05:10:00
ORD105225,2026-09-08,CA,P1006,PG1169,KW11040,324.24,Completed,2026-09-08 09:36:00
ORD105233,2026-07-23,BR,P1042,PG1379,KW11891,488.89,Returned,2026-07-23 23:44:00
ORD105235,2026-08-04,IN,P1027,PG1087,KW10750,1118.87,Completed,2026-08-04 21:04:00
ORD105237,2026-09-12,AU,P1013,PG1430,KW10854,230.41,Returned,2026-09-12 07:27:00
ORD105239,2026-08-31,FR,P1026,PG1022,KW10623,540.83,Completed,2026-08-31 20:46:00
ORD105240,2026-08-13,IN,P1038,PG1379,KW11404,1286.93,Completed,2026-08-13 14:19:00
ORD105245,2026-06-01,CA,P1032,PG1362,KW11398,391.41,Completed,2026-06-01 00:18:00
ORD105249,2026-06-05,UK,P1013,PG1234,KW11166,1261.27,Returned,2026-06-05 16:07:00
ORD105256,2026-09-17,IN,P1038,PG1476,KW10300,1783.32,Completed,2026-09-17 08:56:00
ORD105257,2026-09-12,CA,P1027,PG1352,KW10181,494.37,Pending,2026-09-12 19:06:00
ORD105259,2026-06-27,FR,P1047,PG1097,KW11813,1184.03,Completed,2026-06-27 06:51:00
ORD105264,2026-09-02,DE,P1008,PG1188,KW11947,739.15,Returned,2026-09-02 22:15:00
ORD105265,2026-08-02,JP,P1029,PG1086,KW10653,319.1,Completed,2026-08-02 13:51:00
ORD105268,2026-06-26,BR,P1012,PG1047,KW10110,627.82,Returned,2026-06-26 15:00:00
ORD105270,2026-07-02,IN,P1033,PG1233,KW10830,271.59,Completed,2026-07-02 03:11:00
ORD105271,2026-07-26,DE,P1007,PG1398,KW11195,671.22,Completed,2026-07-26 18:39:00
ORD105273,2026-08-19,CA,P1019,PG1093,KW10887,496.46,Completed,2026-08-19 21:55:00
ORD105274,2026-09-10,BR,P1040,PG1257,KW11204,521.98,Completed,2026-09-10 21:22:00
ORD105275,2026-09-16,IN,P1003,PG1148,KW11549,351.3,Completed,2026-09-16 01:32:00
ORD105279,2026-07-07,AU,P1020,PG1110,KW10823,1623.86,Cancelled,2026-07-07 05:27:00
ORD105284,2026-06-13,US,P1020,PG1378,KW10654,452.07,Completed,2026-06-13 10:59:00
ORD105294,2026-09-24,FR,P1007,PG1415,KW10176,1505.64,Completed,2026-09-24 20:21:00
ORD105298,2026-06-26,US,P1048,PG1139,KW10971,1023.99,Completed,2026-06-26 05:43:00
ORD105305,2026-08-04,JP,P1017,PG1398,KW11045,250.69,Pending,2026-08-04 21:03:00
ORD105306,2026-07-08,AU,P1026,PG1122,KW10259,712.5,Completed,2026-07-08 10:54:00
ORD105307,2026-06-25,FR,P1005,PG1300,KW10428,629.5,Completed,2026-06-25 08:11:00
ORD105309,2026-09-15,US,P1045,PG1021,KW11064,731.32,Completed,2026-09-15 14:52:00
ORD105315,2026-09-17,IN,P1023,PG1067,KW11170,330.56,Completed,2026-09-17 09:58:00
ORD105322,2026-09-10,DE,P1016,PG1239,KW10567,1092.22,Completed,2026-09-10 08:47:00
ORD105323,2026-08-13,JP,P1032,PG1219,KW10003,518.0,Completed,2026-08-13 22:28:00
ORD105325,2026-09-07,DE,P1032,PG1342,KW10380,733.61,Pending,2026-09-07 12:42:00
ORD105332,2026-08-10,IN,P1019,PG1114,KW10317,287.21,Returned,2026-08-10 08:45:00
ORD105342,2026-07-27,AU,P1042,PG1122,KW11775,1118.54,Completed,2026-07-27 12:58:00
ORD105343,2026-07-04,BR,P1018,PG1049,KW10974,762.86,Completed,2026-07-04 04:06:00
ORD105347,2026-08-30,AU,P1038,PG1130,KW10073,446.34,Returned,2026-08-30 16:51:00
ORD105348,2026-09-10,MX,P1004,PG1460,KW11971,1392.49,Returned,2026-09-10 06:07:00
ORD105349,2026-06-06,AU,P1030,PG1422,KW10616,529.59,Returned,2026-06-06 02:17:00
ORD105352,2026-09-16,BR,P1028,PG1337,KW11855,1030.86,Returned,2026-09-16 20:29:00
ORD105355,2026-08-01,DE,P1010,PG1261,KW10290,1327.77,Returned,2026-08-01 16:14:00
ORD105356,2026-08-31,US,P1015,PG1419,KW10958,358.05,Completed,2026-08-31 21:09:00
ORD105358,2026-09-23,CA,P1038,PG1262,KW10386,1688.53,Returned,2026-09-23 06:22:00
ORD105359,2026-07-20,DE,P1023,PG1385,KW11424,743.25,Cancelled,2026-07-20 08:04:00
ORD105365,2026-08-04,FR,P1049,PG1313,KW11106,1006.16,Completed,2026-08-04 16:46:00
ORD105368,2026-08-31,CA,P1032,PG1179,KW11474,1137.36,Completed,2026-08-31 21:34:00
ORD105370,2026-06-23,BR,P1006,PG1330,KW10138,377.82,Completed,2026-06-23 00:50:00
ORD105371,2026-08-04,IN,P1039,PG1322,KW10204,769.55,Pending,2026-08-04 02:31:00
ORD105373,2026-09-25,JP,P1025,PG1141,KW11645,555.87,Pending,2026-09-25 03:49:00
ORD105379,2026-08-10,UK,P1041,PG1301,KW10035,662.54,Completed,2026-08-10 18:36:00
ORD105392,2026-09-21,US,P1005,PG1235,KW10135,1589.53,Returned,2026-09-21 07:17:00
ORD105395,2026-07-12,BR,P1042,PG1194,KW11798,513.0,Completed,2026-07-12 08:02:00
ORD105397,2026-07-30,BR,P1011,PG1365,KW10454,665.44,Returned,2026-07-30 00:48:00
ORD105399,2026-09-03,IN,P1023,PG1010,KW11427,1384.91,Returned,2026-09-03 20:28:00
ORD105402,2026-07-25,AU,P1018,PG1354,KW11891,779.63,Cancelled,2026-07-25 05:53:00
ORD105404,2026-06-26,MX,P1021,PG1321,KW10676,2026.05,Cancelled,2026-06-26 07:13:00
ORD105405,2026-09-14,US,P1002,PG1339,KW11239,571.28,Completed,2026-09-14 03:16:00
ORD105406,2026-09-07,BR,P1005,PG1450,KW10503,416.39,Cancelled,2026-09-07 03:27:00
ORD105413,2026-08-07,FR,P1021,PG1479,KW10266,621.54,Completed,2026-08-07 11:35:00
ORD105417,2026-06-16,AU,P1043,PG1313,KW10080,1012.32,Completed,2026-06-16 22:35:00
ORD105428,2026-09-17,DE,P1041,PG1395,KW10563,386.28,Completed,2026-09-17 18:30:00
ORD105438,2026-07-12,UK,P1023,PG1330,KW10278,508.12,Completed,2026-07-12 11:46:00
ORD105440,2026-09-06,US,P1005,PG1193,KW10558,696.06,Pending,2026-09-06 18:36:00
ORD105442,2026-06-22,US,P1050,PG1171,KW11069,1181.84,Pending,2026-06-22 17:33:00
ORD105445,2026-06-24,JP,P1025,PG1363,KW11860,597.21,Cancelled,2026-06-24 08:29:00
ORD105449,2026-09-11,AU,P1011,PG1319,KW10721,1658.82,Completed,2026-09-11 04:52:00
ORD105450,2026-07-04,FR,P1025,PG1232,KW11886,972.1,Pending,2026-07-04 22:17:00
ORD105452,2026-09-01,BR,P1017,PG1466,KW11152,396.61,Returned,2026-09-01 14:47:00
ORD105453,2026-07-10,DE,P1042,PG1221,KW11963,1358.37,Completed,2026-07-10 14:15:00
ORD105458,2026-08-10,BR,P1007,PG1064,KW11727,2139.97,Pending,2026-08-10 02:42:00
ORD105459,2026-06-08,CA,P1028,PG1466,KW11727,706.64,Completed,2026-06-08 13:18:00
ORD105460,2026-09-17,FR,P1050,PG1329,KW11617,915.22,Completed,2026-09-17 01:54:00
ORD105461,2026-09-18,AU,P1027,PG1421,KW10327,474.58,Pending,2026-09-18 04:59:00
ORD105464,2026-08-10,JP,P1011,PG1125,KW10936,507.08,Returned,2026-08-10 02:20:00
ORD105465,2026-08-01,DE,P1025,PG1391,KW11628,972.02,Returned,2026-08-01 07:57:00
ORD105472,2026-08-23,AU,P1015,PG1013,KW11527,719.19,Cancelled,2026-08-23 05:54:00
ORD105475,2026-08-31,DE,P1011,PG1428,KW11830,812.24,Pending,2026-08-31 11:58:00
ORD105484,2026-07-08,DE,P1012,PG1012,KW10181,687.17,Completed,2026-07-08 14:36:00
ORD105489,2026-06-29,IN,P1006,PG1113,KW10086,1108.83,Returned,2026-06-29 00:46:00
ORD105493,2026-08-04,DE,P1035,PG1295,KW11549,285.64,Completed,2026-08-04 07:48:00
ORD105494,2026-07-22,DE,P1005,PG1252,KW11992,351.21,Completed,2026-07-22 08:03:00
ORD105499,2026-08-10,CA,P1018,PG1339,KW11061,515.98,Returned,2026-08-10 23:44:00
ORD105500,2026-07-10,JP,P1021,PG1127,KW11044,520.49,Pending,2026-07-10 16:37:00
ORD105504,2026-07-31,US,P1028,PG1466,KW11507,867.82,Completed,2026-07-31 18:32:00
ORD105505,2026-08-21,IN,P1036,PG1139,KW11748,923.82,Completed,2026-08-21 00:35:00
ORD105509,2026-09-13,AU,P1036,PG1257,KW11107,892.63,Completed,2026-09-13 20:29:00
ORD105510,2026-06-11,CA,P1048,PG1448,KW11897,551.69,Completed,2026-06-11 23:33:00
ORD105518,2026-07-19,BR,P1050,PG1084,KW10920,526.24,Cancelled,2026-07-19 15:41:00
ORD105519,2026-09-08,DE,P1026,PG1170,KW10123,614.59,Completed,2026-09-08 10:04:00
ORD105521,2026-08-24,DE,P1024,PG1156,KW10261,1274.21,Completed,2026-08-24 01:22:00
ORD105526,2026-07-09,US,P1029,PG1300,KW10335,1848.97,Completed,2026-07-09 12:25:00
ORD105527,2026-08-22,FR,P1003,PG1368,KW11351,715.35,Completed,2026-08-22 23:47:00
ORD105534,2026-09-21,MX,P1002,PG1139,KW11734,601.98,Returned,2026-09-21 11:53:00
ORD105537,2026-07-04,AU,P1039,PG1177,KW11781,1069.26,Completed,2026-07-04 04:57:00
ORD105538,2026-06-06,FR,P1046,PG1111,KW10969,2054.13,Returned,2026-06-06 14:04:00
ORD105540,2026-09-21,MX,P1036,PG1170,KW11421,752.68,Completed,2026-09-21 13:28:00
ORD105541,2026-06-06,JP,P1029,PG1075,KW10926,371.06,Completed,2026-06-06 12:13:00
ORD105542,2026-06-29,MX,P1015,PG1062,KW11657,901.76,Completed,2026-06-29 03:27:00
ORD105544,2026-09-15,BR,P1017,PG1487,KW11040,848.69,Returned,2026-09-15 21:06:00
ORD105547,2026-09-07,JP,P1046,PG1002,KW10116,602.28,Completed,2026-09-07 22:25:00
ORD105550,2026-09-07,MX,P1006,PG1419,KW11468,1219.67,Completed,2026-09-07 08:34:00
ORD105552,2026-06-14,JP,P1047,PG1137,KW11175,1228.83,Returned,2026-06-14 00:06:00
ORD105561,2026-09-16,FR,P1050,PG1047,KW11528,2280.37,Pending,2026-09-16 06:17:00
ORD105568,2026-07-19,JP,P1010,PG1053,KW10978,525.51,Pending,2026-07-19 08:13:00
ORD105569,2026-06-13,FR,P1030,PG1062,KW10249,1152.92,Completed,2026-06-13 10:33:00
ORD105571,2026-07-10,US,P1040,PG1389,KW11551,1809.09,Returned,2026-07-10 13:26:00
ORD105578,2026-08-03,FR,P1037,PG1404,KW11398,2054.39,Completed,2026-08-03 09:24:00
ORD105581,2026-08-26,FR,P1035,PG1100,KW11809,721.22,Completed,2026-08-26 22:10:00
ORD105585,2026-07-16,US,P1047,PG1441,KW10234,439.94,Cancelled,2026-07-16 14:56:00
ORD105586,2026-08-08,US,P1029,PG1095,KW11360,437.12,Cancelled,2026-08-08 11:47:00
ORD105587,2026-06-28,BR,P1013,PG1138,KW10687,885.7,Cancelled,2026-06-28 17:27:00
ORD105588,2026-09-04,JP,P1006,PG1075,KW10698,537.99,Completed,2026-09-04 21:20:00
ORD105592,2026-08-10,CA,P1039,PG1331,KW10772,1008.49,Completed,2026-08-10 05:48:00
ORD105593,2026-07-04,IN,P1033,PG1427,KW10469,468.77,Completed,2026-07-04 04:03:00
ORD105595,2026-08-12,MX,P1019,PG1279,KW10118,744.7,Returned,2026-08-12 14:21:00
ORD105600,2026-07-11,BR,P1042,PG1231,KW10845,530.39,Completed,2026-07-11 07:08:00
ORD105607,2026-09-28,MX,P1014,PG1440,KW11728,957.85,Pending,2026-09-28 21:53:00
ORD105616,2026-09-19,IN,P1036,PG1421,KW10882,546.78,Pending,2026-09-19 12:21:00
ORD105617,2026-07-22,MX,P1034,PG1440,KW10113,1276.7,Completed,2026-07-22 19:49:00
ORD105620,2026-09-13,JP,P1011,PG1198,KW11910,1183.95,Completed,2026-09-13 17:02:00
ORD105623,2026-07-08,BR,P1032,PG1449,KW11172,1376.2,Returned,2026-07-08 10:24:00
ORD105628,2026-08-27,CA,P1031,PG1211,KW10083,1197.95,Pending,2026-08-27 20:32:00
ORD105630,2026-08-28,JP,P1048,PG1062,KW10830,929.0,Completed,2026-08-28 07:37:00
ORD105638,2026-06-24,US,P1008,PG1103,KW11186,820.94,Pending,2026-06-24 02:38:00
ORD105644,2026-08-02,MX,P1048,PG1156,KW11141,540.67,Returned,2026-08-02 22:26:00
ORD105648,2026-06-03,US,P1039,PG1343,KW10669,742.48,Completed,2026-06-03 13:39:00
ORD105649,2026-07-06,DE,P1039,PG1055,KW11411,2388.06,Completed,2026-07-06 13:50:00
ORD105654,2026-07-27,MX,P1006,PG1281,KW11139,807.46,Returned,2026-07-27 12:52:00
ORD105655,2026-06-13,JP,P1022,PG1300,KW10585,371.5,Completed,2026-06-13 01:51:00
ORD105659,2026-07-05,DE,P1026,PG1124,KW11900,1522.19,Completed,2026-07-05 15:50:00
ORD105660,2026-06-02,UK,P1027,PG1146,KW11391,1847.52,Completed,2026-06-02 08:04:00
ORD105664,2026-08-23,BR,P1017,PG1207,KW10946,548.43,Completed,2026-08-23 22:49:00
ORD105669,2026-08-17,JP,P1021,PG1357,KW11734,362.4,Pending,2026-08-17 08:47:00
ORD105674,2026-06-28,CA,P1026,PG1017,KW11460,1402.08,Cancelled,2026-06-28 06:01:00
ORD105675,2026-06-11,CA,P1007,PG1237,KW10458,5082.35,Returned,2026-06-11 04:15:00
ORD105676,2026-08-31,AU,P1031,PG1374,KW11876,578.2,Completed,2026-08-31 01:37:00
ORD105677,2026-07-16,FR,P1032,PG1283,KW11268,520.4,Cancelled,2026-07-16 22:04:00
ORD105680,2026-07-06,UK,P1016,PG1084,KW11155,644.69,Cancelled,2026-07-06 07:32:00
ORD105686,2026-09-30,IN,P1009,PG1487,KW11851,382.63,Returned,2026-09-30 04:01:00
ORD105687,2026-08-24,DE,P1030,PG1281,KW11053,282.4,Cancelled,2026-08-24 17:40:00
ORD105692,2026-09-09,US,P1031,PG1226,KW11592,599.32,Pending,2026-09-09 02:41:00
ORD105694,2026-06-27,US,P1017,PG1124,KW11398,820.74,Completed,2026-06-27 22:10:00
ORD105701,2026-09-08,UK,P1049,PG1210,KW11085,406.28,Completed,2026-09-08 02:53:00
ORD105702,2026-08-03,JP,P1049,PG1494,KW10972,720.54,Returned,2026-08-03 11:09:00
ORD105711,2026-07-03,AU,P1031,PG1204,KW11782,747.94,Completed,2026-07-03 23:09:00
ORD105713,2026-08-20,US,P1047,PG1463,KW11521,174.8,Returned,2026-08-20 02:51:00
ORD105717,2026-08-31,US,P1024,PG1418,KW11374,323.12,Pending,2026-08-31 04:55:00
ORD105720,2026-06-05,FR,P1041,PG1220,KW11441,831.65,Pending,2026-06-05 02:09:00
ORD105724,2026-06-16,DE,P1005,PG1192,KW11270,2739.24,Returned,2026-06-16 12:24:00
ORD105729,2026-09-12,MX,P1007,PG1311,KW11316,731.12,Completed,2026-09-12 07:33:00
ORD105734,2026-08-20,DE,P1028,PG1298,KW10318,1450.2,Pending,2026-08-20 01:30:00
ORD105740,2026-07-01,JP,P1010,PG1269,KW11964,759.96,Pending,2026-07-01 12:20:00
ORD105741,2026-08-13,FR,P1014,PG1197,KW10984,1752.46,Completed,2026-08-13 05:58:00
ORD105744,2026-07-05,MX,P1033,PG1104,KW10761,477.71,Completed,2026-07-05 11:27:00
ORD105745,2026-06-04,AU,P1003,PG1363,KW10445,415.51,Pending,2026-06-04 12:47:00
ORD105747,2026-09-07,MX,P1046,PG1107,KW10521,962.77,Completed,2026-09-07 21:44:00
ORD105758,2026-07-13,IN,P1031,PG1373,KW10490,517.82,Completed,2026-07-13 03:43:00
ORD105760,2026-09-06,JP,P1045,PG1331,KW11058,1153.16,Pending,2026-09-06 05:08:00
ORD105761,2026-08-12,CA,P1008,PG1095,KW10786,929.18,Returned,2026-08-12 23:45:00
ORD105762,2026-09-15,UK,P1040,PG1215,KW10366,1248.04,Cancelled,2026-09-15 19:36:00
ORD105770,2026-09-08,BR,P1042,PG1128,KW10746,412.76,Pending,2026-09-08 16:22:00
ORD105773,2026-08-12,CA,P1011,PG1094,KW11507,1256.28,Completed,2026-08-12 07:18:00
ORD105777,2026-06-20,CA,P1008,PG1338,KW11812,1195.84,Pending,2026-06-20 03:52:00
ORD105789,2026-08-12,IN,P1009,PG1432,KW11267,4144.27,Completed,2026-08-12 02:37:00
ORD105792,2026-07-29,DE,P1001,PG1247,KW10048,1141.16,Returned,2026-07-29 10:26:00
ORD105797,2026-08-29,BR,P1043,PG1194,KW11048,1568.86,Completed,2026-08-29 19:59:00
ORD105802,2026-08-26,UK,P1020,PG1153,KW10999,1002.8,Completed,2026-08-26 07:23:00
ORD105805,2026-07-26,UK,P1043,PG1357,KW10467,527.22,Completed,2026-07-26 14:04:00
ORD105806,2026-08-21,DE,P1037,PG1236,KW11694,1238.72,Completed,2026-08-21 08:01:00
ORD105807,2026-07-22,DE,P1038,PG1094,KW11797,492.1,Completed,2026-07-22 20:57:00
ORD105808,2026-06-18,DE,P1031,PG1437,KW10863,695.53,Completed,2026-06-18 05:10:00
ORD105809,2026-08-20,DE,P1030,PG1144,KW10066,1237.7,Completed,2026-08-20 16:47:00
ORD105818,2026-07-16,MX,P1011,PG1287,KW10665,546.43,Cancelled,2026-07-16 09:26:00
ORD105819,2026-06-22,IN,P1019,PG1312,KW11742,509.22,Completed,2026-06-22 19:54:00
ORD105820,2026-06-05,US,P1003,PG1484,KW10517,373.62,Cancelled,2026-06-05 11:36:00
ORD105824,2026-08-24,AU,P1010,PG1499,KW10650,510.02,Completed,2026-08-24 19:46:00
ORD105829,2026-07-05,US,P1029,PG1009,KW10239,607.03,Completed,2026-07-05 08:22:00
ORD105831,2026-09-13,CA,P1033,PG1206,KW10148,1610.29,Cancelled,2026-09-13 20:44:00
ORD105834,2026-07-25,MX,P1040,PG1056,KW10374,1452.89,Completed,2026-07-25 19:06:00
ORD105837,2026-08-26,UK,P1022,PG1047,KW10615,1047.33,Completed,2026-08-26 20:30:00
ORD105839,2026-08-24,BR,P1027,PG1244,KW10617,953.9,Returned,2026-08-24 08:30:00
ORD105844,2026-07-09,UK,P1046,PG1382,KW11367,517.93,Completed,2026-07-09 02:15:00
ORD105846,2026-08-29,MX,P1010,PG1317,KW10926,1794.25,Returned,2026-08-29 20:34:00
ORD105849,2026-08-23,MX,P1017,PG1324,KW11656,435.27,Returned,2026-08-23 06:25:00
ORD105850,2026-07-02,MX,P1048,PG1455,KW11940,490.17,Cancelled,2026-07-02 17:39:00
ORD105854,2026-09-24,UK,P1022,PG1419,KW11105,1663.42,Cancelled,2026-09-24 19:14:00
ORD105860,2026-09-18,BR,P1002,PG1027,KW10227,576.8,Completed,2026-09-18 06:07:00
ORD105861,2026-06-23,IN,P1047,PG1123,KW11804,748.97,Pending,2026-06-23 08:44:00
ORD105865,2026-08-12,AU,P1026,PG1401,KW11478,649.1,Cancelled,2026-08-12 10:22:00
ORD105867,2026-09-06,UK,P1033,PG1083,KW11680,1134.71,Returned,2026-09-06 22:26:00
ORD105877,2026-07-24,AU,P1027,PG1230,KW10387,853.84,Returned,2026-07-24 16:56:00
ORD105878,2026-08-19,JP,P1001,PG1222,KW11006,2180.86,Completed,2026-08-19 11:57:00
ORD105879,2026-09-02,CA,P1021,PG1062,KW11583,764.49,Cancelled,2026-09-02 05:06:00
ORD105880,2026-07-11,DE,P1032,PG1126,KW10554,3922.24,Pending,2026-07-11 23:41:00
ORD105883,2026-08-08,JP,P1019,PG1191,KW11768,958.19,Completed,2026-08-08 11:34:00
ORD105885,2026-07-28,FR,P1012,PG1284,KW10067,1196.42,Pending,2026-07-28 22:28:00
ORD105886,2026-09-13,CA,P1005,PG1020,KW10883,340.88,Returned,2026-09-13 07:25:00
ORD105889,2026-07-20,CA,P1028,PG1181,KW11667,935.78,Completed,2026-07-20 07:52:00
ORD105893,2026-09-06,US,P1048,PG1220,KW11422,912.69,Completed,2026-09-06 04:37:00
ORD105895,2026-07-12,UK,P1001,PG1388,KW11289,560.5,Cancelled,2026-07-12 13:59:00
ORD105900,2026-07-27,MX,P1019,PG1131,KW10957,1177.97,Completed,2026-07-27 21:10:00
ORD105903,2026-07-27,UK,P1046,PG1024,KW10234,542.12,Pending,2026-07-27 04:34:00
ORD105906,2026-09-13,JP,P1004,PG1057,KW10683,308.59,Returned,2026-09-13 08:04:00
ORD105908,2026-09-05,UK,P1046,PG1404,KW11679,1953.82,Completed,2026-09-05 03:31:00
ORD105909,2026-08-31,MX,P1031,PG1362,KW11281,795.84,Completed,2026-08-31 20:51:00
ORD105911,2026-08-23,FR,P1013,PG1054,KW11207,422.69,Completed,2026-08-23 04:01:00
ORD105912,2026-06-28,IN,P1017,PG1335,KW10062,1558.38,Cancelled,2026-06-28 22:10:00
ORD105916,2026-09-18,BR,P1008,PG1328,KW11182,728.34,Completed,2026-09-18 04:11:00
ORD105918,2026-09-13,AU,P1037,PG1216,KW11794,663.27,Returned,2026-09-13 23:01:00
ORD105919,2026-08-29,IN,P1010,PG1445,KW10149,1299.93,Completed,2026-08-29 03:23:00
ORD105920,2026-07-27,IN,P1010,PG1172,KW11701,910.88,Completed,2026-07-27 05:52:00
ORD105923,2026-06-04,BR,P1048,PG1251,KW10837,547.66,Cancelled,2026-06-04 03:40:00
ORD105929,2026-09-29,AU,P1004,PG1028,KW11147,682.78,Cancelled,2026-09-29 18:37:00
ORD105933,2026-06-17,IN,P1048,PG1308,KW10143,979.94,Pending,2026-06-17 10:44:00
ORD105934,2026-09-07,UK,P1035,PG1284,KW10932,642.82,Completed,2026-09-07 20:42:00
ORD105935,2026-09-09,BR,P1025,PG1349,KW10164,1204.15,Returned,2026-09-09 00:49:00
ORD105941,2026-09-14,IN,P1039,PG1121,KW11363,426.34,Completed,2026-09-14 17:10:00
ORD105952,2026-08-03,BR,P1049,PG1108,KW10306,660.62,Pending,2026-08-03 05:10:00
ORD105957,2026-08-09,DE,P1006,PG1130,KW11128,517.75,Returned,2026-08-09 06:35:00
ORD105958,2026-09-30,US,P1027,PG1415,KW10054,300.61,Pending,2026-09-30 13:39:00
ORD105961,2026-08-13,IN,P1046,PG1429,KW11813,809.4,Returned,2026-08-13 12:03:00
ORD105967,2026-07-14,JP,P1018,PG1369,KW11287,1293.41,Completed,2026-07-14 05:26:00
ORD105969,2026-08-20,FR,P1024,PG1171,KW10814,1031.51,Cancelled,2026-08-20 01:08:00
ORD105970,2026-09-01,CA,P1047,PG1390,KW10070,567.83,Cancelled,2026-09-01 10:54:00
ORD105972,2026-08-05,US,P1034,PG1181,KW10658,1402.1,Completed,2026-08-05 06:39:00
ORD105974,2026-07-09,AU,P1039,PG1028,KW11207,434.89,Pending,2026-07-09 06:48:00
ORD105977,2026-06-17,FR,P1025,PG1317,KW10188,1328.32,Completed,2026-06-17 11:25:00
ORD105979,2026-06-28,MX,P1004,PG1044,KW10499,1453.18,Cancelled,2026-06-28 14:32:00
ORD105983,2026-08-02,UK,P1043,PG1423,KW10156,1112.58,Returned,2026-08-02 21:05:00
ORD105984,2026-06-22,AU,P1050,PG1457,KW10773,844.79,Pending,2026-06-22 16:02:00
ORD105991,2026-06-10,UK,P1041,PG1300,KW11749,403.38,Pending,2026-06-10 21:43:00
ORD105992,2026-07-30,FR,P1039,PG1269,KW10936,660.24,Completed,2026-07-30 12:09:00
ORD105993,2026-07-26,BR,P1032,PG1450,KW11233,535.03,Returned,2026-07-26 12:13:00
ORD106006,2026-08-04,UK,P1013,PG1391,KW11030,1109.68,Completed,2026-08-04 17:18:00
ORD106007,2026-07-14,CA,P1048,PG1161,KW11111,611.44,Cancelled,2026-07-14 22:32:00
ORD106008,2026-06-23,AU,P1007,PG1035,KW11827,1126.35,Completed,2026-06-23 17:25:00
ORD106014,2026-07-29,AU,P1034,PG1134,KW11765,1059.78,Completed,2026-07-29 06:21:00
ORD106015,2026-06-27,BR,P1040,PG1056,KW10038,2101.28,Pending,2026-06-27 16:07:00
ORD106017,2026-07-19,FR,P1047,PG1452,KW11767,451.69,Pending,2026-07-19 16:51:00
ORD106018,2026-09-14,DE,P1034,PG1405,KW10794,253.46,Completed,2026-09-14 08:45:00
ORD106021,2026-06-30,JP,P1016,PG1348,KW11405,250.5,Completed,2026-06-30 16:13:00
ORD106029,2026-06-19,CA,P1014,PG1442,KW11187,1672.71,Cancelled,2026-06-19 07:11:00
ORD106032,2026-07-18,AU,P1034,PG1110,KW11366,2299.02,Completed,2026-07-18 17:44:00
ORD106037,2026-06-27,US,P1014,PG1124,KW10507,1232.57,Cancelled,2026-06-27 16:09:00
ORD106039,2026-08-25,IN,P1044,PG1356,KW10554,1388.25,Completed,2026-08-25 07:54:00
ORD106042,2026-08-21,AU,P1044,PG1011,KW11673,401.52,Completed,2026-08-21 00:55:00
ORD106043,2026-08-17,BR,P1033,PG1446,KW10439,1187.23,Completed,2026-08-17 04:21:00
ORD106046,2026-09-08,CA,P1045,PG1305,KW11749,1371.89,Completed,2026-09-08 12:54:00
ORD106049,2026-09-23,FR,P1045,PG1384,KW11862,839.95,Completed,2026-09-23 20:19:00
ORD106050,2026-06-15,BR,P1046,PG1466,KW11752,488.95,Completed,2026-06-15 17:00:00
ORD106051,2026-09-20,US,P1050,PG1499,KW11365,1888.35,Completed,2026-09-20 00:06:00
ORD106053,2026-09-16,JP,P1050,PG1459,KW10773,528.93,Cancelled,2026-09-16 08:47:00
ORD106055,2026-09-09,MX,P1027,PG1257,KW11663,257.71,Completed,2026-09-09 23:12:00
ORD106056,2026-09-20,AU,P1008,PG1049,KW10289,990.08,Returned,2026-09-20 06:17:00
ORD106057,2026-08-17,UK,P1016,PG1250,KW11019,711.4,Completed,2026-08-17 22:57:00
ORD106058,2026-07-05,AU,P1041,PG1455,KW11687,2881.29,Completed,2026-07-05 22:51:00
ORD106061,2026-06-08,US,P1046,PG1487,KW10511,1603.03,Pending,2026-06-08 01:13:00
ORD106062,2026-07-22,AU,P1036,PG1202,KW11949,972.45,Completed,2026-07-22 14:31:00
ORD106070,2026-09-24,CA,P1002,PG1472,KW10133,1342.76,Completed,2026-09-24 13:02:00
ORD106072,2026-07-13,UK,P1004,PG1018,KW10755,297.78,Completed,2026-07-13 14:01:00
ORD106073,2026-06-21,JP,P1003,PG1042,KW11041,971.83,Completed,2026-06-21 13:29:00
ORD106081,2026-06-08,MX,P1001,PG1084,KW11504,447.63,Completed,2026-06-08 08:52:00
ORD106082,2026-06-03,UK,P1044,PG1267,KW11861,808.54,Completed,2026-06-03 00:23:00
ORD106084,2026-07-28,JP,P1044,PG1116,KW11343,762.28,Cancelled,2026-07-28 19:21:00
ORD106093,2026-07-23,CA,P1041,PG1204,KW10484,315.36,Completed,2026-07-23 16:50:00
ORD106096,2026-08-04,FR,P1030,PG1031,KW10071,3513.06,Completed,2026-08-04 19:08:00
ORD106098,2026-09-12,FR,P1035,PG1431,KW10287,453.31,Returned,2026-09-12 16:31:00
ORD106101,2026-06-04,MX,P1013,PG1370,KW10766,1885.09,Completed,2026-06-04 21:56:00
ORD106102,2026-06-08,FR,P1026,PG1078,KW10409,622.98,Completed,2026-06-08 12:16:00
ORD106117,2026-09-23,IN,P1047,PG1462,KW10967,691.24,Pending,2026-09-23 02:36:00
ORD106118,2026-09-03,UK,P1044,PG1205,KW10718,1183.48,Returned,2026-09-03 06:34:00
ORD106119,2026-08-13,FR,P1047,PG1277,KW10452,417.17,Completed,2026-08-13 23:14:00
ORD106121,2026-06-19,JP,P1030,PG1383,KW10644,1103.04,Cancelled,2026-06-19 14:10:00
ORD106126,2026-08-26,CA,P1020,PG1483,KW11698,343.86,Pending,2026-08-26 15:58:00
ORD106132,2026-08-10,BR,P1020,PG1064,KW10740,930.4,Completed,2026-08-10 09:32:00
ORD106138,2026-09-22,CA,P1022,PG1417,KW11090,1320.86,Pending,2026-09-22 14:12:00
ORD106141,2026-07-14,FR,P1043,PG1155,KW10948,493.1,Pending,2026-07-14 04:09:00
ORD106143,2026-06-17,MX,P1037,PG1341,KW10558,746.7,Completed,2026-06-17 15:07:00
ORD106152,2026-09-05,MX,P1019,PG1412,KW11716,613.3,Completed,2026-09-05 23:58:00
ORD106153,2026-09-26,AU,P1039,PG1419,KW11352,2196.31,Completed,2026-09-26 08:55:00
ORD106156,2026-08-23,JP,P1003,PG1212,KW10915,673.57,Returned,2026-08-23 06:08:00
ORD106160,2026-09-04,MX,P1028,PG1218,KW10229,1050.71,Completed,2026-09-04 15:16:00
ORD106162,2026-08-27,BR,P1012,PG1054,KW10699,1022.05,Returned,2026-08-27 12:31:00
ORD106163,2026-06-04,DE,P1017,PG1265,KW11837,647.53,Pending,2026-06-04 02:45:00
ORD106165,2026-06-02,UK,P1042,PG1144,KW10467,1239.67,Completed,2026-06-02 14:19:00
ORD106168,2026-08-30,BR,P1031,PG1250,KW11149,636.55,Cancelled,2026-08-30 19:39:00
ORD106169,2026-06-10,JP,P1045,PG1028,KW11939,757.33,Cancelled,2026-06-10 11:08:00
ORD106178,2026-08-05,FR,P1026,PG1105,KW10923,964.95,Completed,2026-08-05 17:53:00
ORD106180,2026-09-04,DE,P1001,PG1329,KW11504,275.07,Cancelled,2026-09-04 07:28:00
ORD106181,2026-09-11,MX,P1005,PG1179,KW11632,976.45,Completed,2026-09-11 18:21:00
ORD106185,2026-09-21,BR,P1016,PG1059,KW10003,1284.7,Completed,2026-09-21 03:09:00
ORD106186,2026-09-25,UK,P1046,PG1368,KW11637,891.75,Returned,2026-09-25 15:50:00
ORD106187,2026-08-02,BR,P1041,PG1121,KW11470,209.95,Pending,2026-08-02 23:27:00
ORD106190,2026-08-07,JP,P1006,PG1335,KW11847,505.09,Cancelled,2026-08-07 05:33:00
ORD106192,2026-07-25,BR,P1046,PG1176,KW10765,320.56,Returned,2026-07-25 23:03:00
ORD106195,2026-09-05,MX,P1005,PG1213,KW10320,793.11,Pending,2026-09-05 12:31:00
ORD106196,2026-09-21,US,P1029,PG1358,KW10600,1196.05,Completed,2026-09-21 14:47:00
ORD106197,2026-07-25,MX,P1050,PG1062,KW11630,746.27,Cancelled,2026-07-25 23:54:00
ORD106203,2026-09-11,FR,P1033,PG1386,KW10778,3513.97,Cancelled,2026-09-11 11:58:00
ORD106204,2026-06-07,UK,P1026,PG1412,KW10114,718.13,Cancelled,2026-06-07 08:08:00
ORD106205,2026-09-16,DE,P1030,PG1093,KW11541,679.01,Returned,2026-09-16 11:53:00
ORD106207,2026-07-19,DE,P1032,PG1080,KW10664,939.26,Pending,2026-07-19 14:57:00
ORD106208,2026-07-16,IN,P1047,PG1268,KW11607,870.09,Completed,2026-07-16 07:08:00
ORD106219,2026-06-27,CA,P1044,PG1116,KW11629,650.16,Cancelled,2026-06-27 20:42:00
ORD106220,2026-07-09,US,P1023,PG1118,KW11838,566.91,Pending,2026-07-09 12:55:00
ORD106221,2026-06-08,AU,P1041,PG1354,KW11302,390.44,Completed,2026-06-08 07:55:00
ORD106224,2026-09-14,FR,P1026,PG1461,KW10671,601.11,Pending,2026-09-14 08:40:00
ORD106225,2026-09-09,BR,P1015,PG1034,KW11455,744.34,Returned,2026-09-09 12:49:00
ORD106226,2026-09-21,IN,P1026,PG1128,KW10854,927.26,Pending,2026-09-21 04:39:00
ORD106230,2026-06-19,AU,P1023,PG1370,KW10956,1960.81,Returned,2026-06-19 21:59:00
ORD106231,2026-06-03,DE,P1034,PG1058,KW10175,2111.68,Pending,2026-06-03 17:17:00
ORD106232,2026-07-26,AU,P1034,PG1198,KW10828,1385.1,Completed,2026-07-26 23:52:00
ORD106233,2026-09-14,FR,P1028,PG1109,KW10442,345.85,Completed,2026-09-14 22:20:00
ORD106234,2026-09-30,DE,P1001,PG1168,KW10451,1278.32,Cancelled,2026-09-30 23:46:00
ORD106235,2026-09-14,DE,P1018,PG1207,KW11486,2320.08,Completed,2026-09-14 08:28:00
ORD106245,2026-07-03,UK,P1005,PG1406,KW11002,886.97,Completed,2026-07-03 11:33:00
ORD106248,2026-09-03,AU,P1003,PG1338,KW11422,1120.67,Completed,2026-09-03 17:05:00
ORD106252,2026-06-22,DE,P1013,PG1082,KW11205,1255.46,Completed,2026-06-22 08:01:00
ORD106253,2026-08-23,DE,P1018,PG1497,KW11121,304.2,Completed,2026-08-23 05:52:00
ORD106259,2026-06-25,MX,P1036,PG1465,KW11934,1459.42,Completed,2026-06-25 06:17:00
ORD106264,2026-08-01,MX,P1026,PG1169,KW10504,287.46,Cancelled,2026-08-01 10:49:00
ORD106265,2026-06-24,AU,P1016,PG1174,KW10275,764.62,Completed,2026-06-24 02:58:00
ORD106270,2026-07-08,AU,P1009,PG1245,KW10936,632.5,Completed,2026-07-08 00:15:00
ORD106271,2026-09-18,UK,P1048,PG1069,KW11533,622.48,Completed,2026-09-18 13:01:00
ORD106273,2026-08-12,US,P1042,PG1335,KW11453,536.99,Pending,2026-08-12 15:21:00
ORD106278,2026-07-11,BR,P1047,PG1454,KW11775,1438.07,Pending,2026-07-11 01:22:00
ORD106280,2026-07-16,MX,P1011,PG1297,KW11555,844.18,Completed,2026-07-16 11:22:00
ORD106281,2026-07-13,DE,P1035,PG1137,KW10267,796.82,Completed,2026-07-13 12:29:00
ORD106282,2026-07-05,BR,P1013,PG1274,KW10979,1047.05,Completed,2026-07-05 01:31:00
ORD106283,2026-06-25,JP,P1006,PG1134,KW10936,823.73,Cancelled,2026-06-25 09:23:00
ORD106287,2026-09-04,FR,P1001,PG1336,KW10711,195.02,Completed,2026-09-04 10:35:00
ORD106290,2026-08-16,MX,P1040,PG1420,KW10387,537.82,Returned,2026-08-16 22:37:00
ORD106296,2026-07-31,UK,P1002,PG1329,KW11941,776.27,Completed,2026-07-31 07:37:00
ORD106298,2026-06-25,UK,P1024,PG1157,KW10586,510.83,Pending,2026-06-25 04:38:00
ORD106302,2026-08-21,AU,P1022,PG1427,KW11192,2562.45,Pending,2026-08-21 06:25:00
ORD106304,2026-06-01,FR,P1045,PG1217,KW11222,655.48,Completed,2026-06-01 14:25:00
ORD106306,2026-09-05,IN,P1018,PG1060,KW10825,929.63,Cancelled,2026-09-05 18:18:00
ORD106308,2026-06-21,DE,P1018,PG1203,KW11310,531.31,Pending,2026-06-21 07:33:00
ORD106309,2026-09-06,FR,P1019,PG1481,KW10448,855.02,Completed,2026-09-06 16:15:00
ORD106319,2026-09-05,IN,P1048,PG1467,KW10336,2786.96,Completed,2026-09-05 15:05:00
ORD106323,2026-07-17,DE,P1012,PG1398,KW11079,1032.19,Completed,2026-07-17 04:39:00
ORD106325,2026-06-11,CA,P1007,PG1114,KW11342,502.52,Completed,2026-06-11 09:34:00
ORD106331,2026-07-02,MX,P1029,PG1173,KW10543,694.92,Completed,2026-07-02 03:20:00
ORD106335,2026-06-28,MX,P1036,PG1220,KW11081,528.83,Completed,2026-06-28 14:24:00
ORD106339,2026-09-13,FR,P1008,PG1112,KW10752,934.32,Completed,2026-09-13 05:30:00
ORD106340,2026-07-21,IN,P1049,PG1370,KW10765,535.78,Pending,2026-07-21 15:28:00
ORD106345,2026-07-12,US,P1042,PG1039,KW10143,946.76,Returned,2026-07-12 00:28:00
ORD106347,2026-08-11,CA,P1028,PG1192,KW11675,753.36,Completed,2026-08-11 19:55:00
ORD106351,2026-07-16,BR,P1006,PG1413,KW10554,1332.16,Completed,2026-07-16 00:51:00
ORD106352,2026-09-27,US,P1004,PG1090,KW11691,3013.04,Returned,2026-09-27 23:57:00
ORD106353,2026-07-24,CA,P1047,PG1313,KW11223,1565.93,Cancelled,2026-07-24 09:13:00
ORD106360,2026-09-27,UK,P1027,PG1011,KW10746,355.41,Returned,2026-09-27 06:12:00
ORD106362,2026-09-25,JP,P1028,PG1008,KW10365,439.89,Pending,2026-09-25 03:03:00
ORD106366,2026-09-23,UK,P1035,PG1331,KW10223,850.27,Returned,2026-09-23 20:09:00
ORD106368,2026-08-20,FR,P1035,PG1142,KW11335,587.82,Completed,2026-08-20 23:00:00
ORD106369,2026-06-30,DE,P1021,PG1281,KW11255,682.41,Completed,2026-06-30 05:00:00
ORD106370,2026-09-06,IN,P1045,PG1254,KW10848,2198.38,Completed,2026-09-06 03:00:00
ORD106371,2026-08-31,UK,P1045,PG1099,KW11068,1146.86,Cancelled,2026-08-31 04:22:00
ORD106372,2026-07-01,MX,P1015,PG1424,KW11758,837.91,Completed,2026-07-01 15:21:00
ORD106373,2026-08-12,CA,P1027,PG1329,KW11864,439.84,Completed,2026-08-12 07:15:00
ORD106377,2026-06-21,BR,P1019,PG1126,KW11439,1449.1,Completed,2026-06-21 19:05:00
ORD106379,2026-07-30,MX,P1040,PG1137,KW11410,454.92,Returned,2026-07-30 21:38:00
ORD106386,2026-06-08,AU,P1033,PG1455,KW10223,230.88,Completed,2026-06-08 05:26:00
ORD106389,2026-07-21,IN,P1012,PG1119,KW11584,1618.12,Completed,2026-07-21 21:26:00
ORD106395,2026-08-15,CA,P1039,PG1269,KW10645,440.63,Cancelled,2026-08-15 17:32:00
ORD106396,2026-08-29,AU,P1038,PG1326,KW11061,314.9,Cancelled,2026-08-29 00:02:00
ORD106397,2026-06-01,FR,P1021,PG1072,KW11329,303.57,Pending,2026-06-01 12:20:00
ORD106401,2026-06-14,DE,P1032,PG1366,KW11953,1523.08,Completed,2026-06-14 15:24:00
ORD106405,2026-06-26,MX,P1049,PG1070,KW10434,1002.34,Pending,2026-06-26 01:25:00
ORD106406,2026-09-03,CA,P1026,PG1213,KW10641,842.47,Cancelled,2026-09-03 02:11:00
ORD106411,2026-07-31,UK,P1018,PG1240,KW11567,644.25,Returned,2026-07-31 01:06:00
ORD106413,2026-07-29,BR,P1045,PG1390,KW11953,969.55,Pending,2026-07-29 16:06:00
ORD106415,2026-07-29,FR,P1018,PG1219,KW10910,443.67,Returned,2026-07-29 22:33:00
ORD106421,2026-07-17,UK,P1033,PG1075,KW11469,852.17,Completed,2026-07-17 23:31:00
ORD106422,2026-09-03,CA,P1030,PG1466,KW10198,1063.62,Returned,2026-09-03 16:19:00
ORD106426,2026-08-15,FR,P1044,PG1208,KW10334,877.03,Completed,2026-08-15 19:58:00
ORD106427,2026-07-01,UK,P1010,PG1399,KW11624,2187.47,Cancelled,2026-07-01 22:47:00
ORD106428,2026-08-09,FR,P1037,PG1112,KW11848,2582.61,Returned,2026-08-09 02:54:00
ORD106432,2026-06-26,UK,P1004,PG1211,KW11336,563.38,Cancelled,2026-06-26 22:29:00
ORD106436,2026-08-08,US,P1014,PG1399,KW11750,933.82,Returned,2026-08-08 14:46:00
ORD106440,2026-09-02,DE,P1034,PG1337,KW10417,740.56,Returned,2026-09-02 22:32:00
ORD106441,2026-07-12,UK,P1044,PG1192,KW10851,169.15,Completed,2026-07-12 22:17:00
ORD106445,2026-07-07,BR,P1022,PG1149,KW10767,1267.78,Completed,2026-07-07 11:30:00
ORD106447,2026-06-04,DE,P1006,PG1058,KW10558,1247.14,Completed,2026-06-04 05:19:00
ORD106450,2026-08-10,MX,P1037,PG1336,KW10564,471.76,Returned,2026-08-10 05:25:00
ORD106453,2026-09-01,AU,P1011,PG1332,KW11647,1729.72,Cancelled,2026-09-01 04:13:00
ORD106461,2026-06-19,MX,P1046,PG1435,KW11659,797.98,Cancelled,2026-06-19 08:31:00
ORD106463,2026-09-26,FR,P1034,PG1489,KW11722,1345.89,Completed,2026-09-26 21:06:00
ORD106465,2026-09-01,US,P1038,PG1323,KW10201,515.3,Returned,2026-09-01 19:30:00
ORD106467,2026-06-21,JP,P1008,PG1317,KW11214,1003.8,Completed,2026-06-21 17:53:00
ORD106475,2026-06-10,JP,P1004,PG1353,KW11041,220.02,Returned,2026-06-10 10:02:00
ORD106481,2026-06-19,DE,P1043,PG1127,KW11075,1213.28,Pending,2026-06-19 14:46:00
ORD106487,2026-09-07,FR,P1009,PG1304,KW11871,430.75,Returned,2026-09-07 07:18:00
ORD106490,2026-06-02,DE,P1004,PG1173,KW10136,966.6,Cancelled,2026-06-02 16:31:00
ORD106493,2026-08-18,MX,P1040,PG1121,KW11805,999.19,Cancelled,2026-08-18 15:18:00
ORD106496,2026-07-17,DE,P1026,PG1419,KW10935,1116.91,Cancelled,2026-07-17 21:10:00
ORD106498,2026-09-28,MX,P1032,PG1267,KW10535,2185.22,Cancelled,2026-09-28 01:39:00
ORD106499,2026-06-22,IN,P1021,PG1238,KW11572,1106.49,Pending,2026-06-22 09:56:00
ORD106506,2026-06-26,DE,P1026,PG1307,KW11508,445.21,Completed,2026-06-26 08:58:00
ORD106507,2026-06-07,BR,P1038,PG1269,KW10882,1570.6,Pending,2026-06-07 06:08:00
ORD106511,2026-06-10,UK,P1004,PG1076,KW10744,499.81,Cancelled,2026-06-10 07:00:00
ORD106512,2026-09-06,CA,P1036,PG1299,KW10314,935.57,Completed,2026-09-06 15:30:00
ORD106514,2026-09-12,BR,P1030,PG1267,KW11972,611.01,Completed,2026-09-12 20:02:00
ORD106515,2026-09-15,DE,P1026,PG1069,KW11422,329.63,Completed,2026-09-15 04:48:00
ORD106530,2026-06-27,IN,P1015,PG1010,KW11415,480.71,Completed,2026-06-27 21:51:00
ORD106534,2026-09-21,UK,P1011,PG1082,KW11117,525.05,Completed,2026-09-21 15:59:00
ORD106539,2026-07-26,MX,P1044,PG1498,KW10918,808.86,Cancelled,2026-07-26 00:40:00
ORD106542,2026-06-19,AU,P1045,PG1037,KW11394,743.45,Pending,2026-06-19 15:17:00
ORD106545,2026-09-02,DE,P1007,PG1299,KW11237,1940.03,Completed,2026-09-02 11:41:00
ORD106546,2026-08-18,JP,P1023,PG1128,KW10944,1050.16,Returned,2026-08-18 10:48:00
ORD106548,2026-08-06,JP,P1001,PG1288,KW11644,1612.79,Pending,2026-08-06 14:50:00
ORD106549,2026-08-23,AU,P1014,PG1408,KW10354,434.06,Pending,2026-08-23 13:42:00
ORD106550,2026-08-14,IN,P1011,PG1095,KW10170,1104.75,Completed,2026-08-14 13:49:00
ORD106554,2026-09-29,IN,P1035,PG1307,KW10865,939.48,Returned,2026-09-29 06:50:00
ORD106555,2026-09-28,JP,P1021,PG1438,KW10456,1582.09,Returned,2026-09-28 15:08:00
ORD106558,2026-09-26,MX,P1005,PG1204,KW10646,302.65,Completed,2026-09-26 12:24:00
ORD106560,2026-07-26,JP,P1007,PG1370,KW10629,1160.28,Completed,2026-07-26 02:35:00
ORD106561,2026-07-24,JP,P1037,PG1025,KW11109,990.82,Returned,2026-07-24 06:48:00
ORD106567,2026-07-22,MX,P1029,PG1362,KW10467,723.29,Returned,2026-07-22 23:27:00
ORD106568,2026-08-10,US,P1007,PG1354,KW10692,2181.39,Completed,2026-08-10 21:28:00
ORD106572,2026-06-21,FR,P1014,PG1100,KW11605,703.34,Completed,2026-06-21 03:51:00
ORD106587,2026-09-10,BR,P1008,PG1251,KW10336,2050.46,Completed,2026-09-10 15:45:00
ORD106588,2026-06-29,DE,P1014,PG1250,KW11395,506.13,Cancelled,2026-06-29 16:56:00
ORD106592,2026-06-30,FR,P1044,PG1496,KW10960,704.3,Completed,2026-06-30 20:24:00
ORD106595,2026-06-25,JP,P1029,PG1124,KW11229,998.93,Cancelled,2026-06-25 07:45:00
ORD106599,2026-09-17,IN,P1037,PG1006,KW11358,506.8,Completed,2026-09-17 04:27:00
ORD106601,2026-06-16,AU,P1048,PG1438,KW11588,861.95,Completed,2026-06-16 23:36:00
ORD106608,2026-09-13,DE,P1013,PG1193,KW11799,475.03,Completed,2026-09-13 23:17:00
ORD106613,2026-09-17,JP,P1010,PG1274,KW10939,1033.46,Pending,2026-09-17 18:46:00
ORD106621,2026-07-29,JP,P1003,PG1110,KW10202,1756.16,Cancelled,2026-07-29 22:20:00
ORD106622,2026-07-10,JP,P1013,PG1489,KW10664,1226.85,Pending,2026-07-10 21:52:00
ORD106625,2026-07-12,JP,P1040,PG1483,KW11951,878.01,Completed,2026-07-12 11:14:00
ORD106627,2026-06-23,UK,P1017,PG1135,KW11655,1467.14,Completed,2026-06-23 17:00:00
ORD106628,2026-07-04,MX,P1026,PG1203,KW11941,2104.92,Pending,2026-07-04 15:09:00
ORD106629,2026-08-21,DE,P1001,PG1165,KW10275,817.25,Pending,2026-08-21 03:40:00
ORD106635,2026-07-25,US,P1048,PG1267,KW11428,2496.85,Returned,2026-07-25 12:00:00
ORD106638,2026-07-16,MX,P1004,PG1429,KW10474,662.63,Completed,2026-07-16 02:20:00
ORD106645,2026-07-06,AU,P1045,PG1299,KW10838,648.33,Cancelled,2026-07-06 09:26:00
ORD106647,2026-09-05,US,P1039,PG1034,KW11270,400.84,Completed,2026-09-05 00:34:00
ORD106652,2026-09-10,FR,P1010,PG1436,KW10102,4849.56,Cancelled,2026-09-10 14:53:00
ORD106653,2026-07-29,BR,P1012,PG1195,KW11754,669.45,Completed,2026-07-29 02:43:00
ORD106655,2026-08-17,JP,P1038,PG1097,KW10083,1546.76,Cancelled,2026-08-17 04:56:00
ORD106656,2026-06-23,BR,P1013,PG1053,KW11211,476.41,Returned,2026-06-23 10:59:00
ORD106657,2026-06-30,MX,P1050,PG1102,KW11488,398.86,Pending,2026-06-30 03:04:00
ORD106658,2026-06-02,BR,P1027,PG1439,KW11723,1075.38,Completed,2026-06-02 16:50:00
ORD106659,2026-07-22,BR,P1006,PG1234,KW10227,862.54,Pending,2026-07-22 13:14:00
ORD106661,2026-08-03,CA,P1010,PG1256,KW10350,499.98,Cancelled,2026-08-03 10:43:00
ORD106662,2026-06-07,MX,P1039,PG1447,KW10546,946.74,Completed,2026-06-07 09:45:00
ORD106663,2026-06-12,CA,P1006,PG1171,KW10617,625.41,Cancelled,2026-06-12 03:19:00
ORD106664,2026-07-13,FR,P1017,PG1255,KW10835,403.64,Cancelled,2026-07-13 18:32:00
ORD106667,2026-08-08,AU,P1008,PG1398,KW11457,418.66,Returned,2026-08-08 05:16:00
ORD106671,2026-09-14,UK,P1034,PG1182,KW11940,1452.84,Completed,2026-09-14 11:10:00
ORD106672,2026-06-01,BR,P1008,PG1294,KW10225,331.06,Completed,2026-06-01 06:16:00
ORD106673,2026-07-09,UK,P1012,PG1433,KW10273,1281.09,Completed,2026-07-09 09:25:00
ORD106675,2026-09-30,US,P1018,PG1166,KW10434,438.58,Returned,2026-09-30 08:33:00
ORD106677,2026-09-27,CA,P1022,PG1464,KW11745,292.15,Pending,2026-09-27 09:10:00
ORD106683,2026-09-02,UK,P1029,PG1155,KW10002,311.75,Cancelled,2026-09-02 15:02:00
ORD106690,2026-09-01,JP,P1006,PG1217,KW10568,600.25,Completed,2026-09-01 14:34:00
ORD106698,2026-09-09,DE,P1049,PG1163,KW11451,2497.22,Completed,2026-09-09 06:09:00
ORD106703,2026-06-05,CA,P1023,PG1039,KW11742,1477.98,Completed,2026-06-05 11:34:00
ORD106705,2026-09-21,MX,P1041,PG1485,KW11585,539.85,Cancelled,2026-09-21 23:05:00
ORD106707,2026-06-17,FR,P1034,PG1455,KW11083,1772.11,Completed,2026-06-17 08:00:00
ORD106708,2026-07-26,UK,P1044,PG1208,KW11732,848.44,Completed,2026-07-26 15:12:00
ORD106709,2026-08-05,FR,P1008,PG1500,KW10465,417.95,Returned,2026-08-05 10:02:00
ORD106711,2026-06-23,AU,P1019,PG1207,KW11500,422.92,Returned,2026-06-23 17:12:00
ORD106713,2026-07-08,JP,P1013,PG1253,KW10538,1458.49,Returned,2026-07-08 18:13:00
ORD106720,2026-09-27,CA,P1017,PG1377,KW10686,1256.97,Completed,2026-09-27 21:29:00
ORD106722,2026-08-26,DE,P1047,PG1414,KW10993,733.16,Completed,2026-08-26 07:55:00
ORD106729,2026-06-05,JP,P1008,PG1369,KW11609,863.42,Returned,2026-06-05 11:12:00
ORD106731,2026-09-06,AU,P1038,PG1026,KW10354,2168.1,Completed,2026-09-06 08:05:00
ORD106733,2026-07-18,JP,P1012,PG1166,KW10765,1278.48,Cancelled,2026-07-18 08:55:00
ORD106735,2026-08-30,FR,P1032,PG1431,KW10425,599.78,Cancelled,2026-08-30 14:22:00
ORD106736,2026-06-11,MX,P1022,PG1365,KW10605,814.18,Completed,2026-06-11 23:14:00
ORD106737,2026-07-25,JP,P1041,PG1348,KW10635,743.4,Cancelled,2026-07-25 21:03:00
ORD106741,2026-06-22,IN,P1014,PG1167,KW11712,638.77,Cancelled,2026-06-22 11:10:00
ORD106742,2026-08-23,AU,P1041,PG1250,KW10502,584.35,Returned,2026-08-23 03:28:00
ORD106747,2026-08-02,DE,P1031,PG1352,KW11110,1129.65,Pending,2026-08-02 14:19:00
ORD106748,2026-08-25,BR,P1019,PG1087,KW11734,1005.52,Completed,2026-08-25 03:42:00
ORD106750,2026-08-24,MX,P1037,PG1274,KW11290,393.32,Cancelled,2026-08-24 10:50:00
ORD106751,2026-09-24,JP,P1018,PG1194,KW11744,1386.89,Completed,2026-09-24 02:19:00
ORD106754,2026-09-23,US,P1048,PG1138,KW11921,441.9,Completed,2026-09-23 15:21:00
ORD106756,2026-07-04,MX,P1002,PG1286,KW10948,460.2,Pending,2026-07-04 17:22:00
ORD106758,2026-06-28,AU,P1020,PG1266,KW11082,1208.5,Returned,2026-06-28 16:52:00
ORD106759,2026-09-30,MX,P1003,PG1420,KW11557,2295.85,Completed,2026-09-30 08:42:00
ORD106761,2026-06-10,AU,P1027,PG1021,KW11688,752.76,Completed,2026-06-10 18:00:00
ORD106762,2026-09-25,DE,P1015,PG1075,KW10862,273.58,Completed,2026-09-25 20:03:00
ORD106764,2026-08-05,BR,P1039,PG1262,KW10514,701.74,Cancelled,2026-08-05 05:43:00
ORD106765,2026-09-08,IN,P1025,PG1118,KW11560,840.25,Completed,2026-09-08 15:10:00
ORD106766,2026-09-09,MX,P1035,PG1370,KW11549,1661.72,Completed,2026-09-09 07:23:00
ORD106772,2026-08-16,CA,P1013,PG1119,KW10250,402.43,Returned,2026-08-16 13:18:00
ORD106780,2026-06-19,FR,P1009,PG1329,KW11253,1099.28,Cancelled,2026-06-19 08:57:00
ORD106781,2026-08-08,DE,P1014,PG1264,KW11107,350.46,Returned,2026-08-08 13:46:00
ORD106782,2026-06-17,US,P1009,PG1259,KW10795,518.57,Returned,2026-06-17 06:29:00
ORD106785,2026-06-23,MX,P1014,PG1292,KW11577,922.26,Returned,2026-06-23 01:59:00
ORD106786,2026-06-27,US,P1027,PG1127,KW11556,905.0,Pending,2026-06-27 08:15:00
ORD106787,2026-09-01,JP,P1016,PG1179,KW10070,413.69,Returned,2026-09-01 09:36:00
ORD106788,2026-08-07,AU,P1045,PG1117,KW11987,1030.88,Returned,2026-08-07 09:50:00
ORD106792,2026-08-11,BR,P1032,PG1057,KW10593,1042.45,Returned,2026-08-11 21:43:00
ORD106793,2026-06-07,IN,P1004,PG1445,KW11446,1542.48,Completed,2026-06-07 12:25:00
ORD106794,2026-09-15,MX,P1009,PG1058,KW10015,527.35,Cancelled,2026-09-15 06:46:00
ORD106797,2026-07-08,IN,P1021,PG1373,KW10474,723.51,Completed,2026-07-08 17:43:00
ORD106799,2026-07-22,IN,P1010,PG1102,KW10945,1621.25,Completed,2026-07-22 22:10:00
ORD106804,2026-09-19,DE,P1046,PG1032,KW11153,1030.52,Pending,2026-09-19 10:37:00
ORD106805,2026-06-22,CA,P1046,PG1443,KW11714,531.97,Completed,2026-06-22 11:54:00
ORD106806,2026-08-25,JP,P1035,PG1227,KW11540,2049.74,Pending,2026-08-25 23:37:00
ORD106814,2026-08-14,FR,P1007,PG1452,KW10320,351.5,Pending,2026-08-14 01:47:00
ORD106815,2026-06-15,BR,P1020,PG1280,KW10733,292.02,Cancelled,2026-06-15 06:15:00
ORD106819,2026-07-25,DE,P1002,PG1059,KW10062,625.97,Pending,2026-07-25 08:16:00
ORD106821,2026-07-02,MX,P1002,PG1322,KW10720,1168.4,Cancelled,2026-07-02 16:11:00
ORD106823,2026-07-31,CA,P1024,PG1242,KW10137,363.19,Completed,2026-07-31 09:13:00
ORD106828,2026-06-11,MX,P1021,PG1327,KW11605,422.12,Completed,2026-06-11 03:03:00
ORD106830,2026-07-25,AU,P1034,PG1403,KW10850,977.22,Cancelled,2026-07-25 00:27:00
ORD106831,2026-09-03,FR,P1030,PG1455,KW10350,772.91,Completed,2026-09-03 02:09:00
ORD106832,2026-07-28,US,P1033,PG1382,KW11526,417.8,Completed,2026-07-28 15:24:00
ORD106833,2026-06-18,JP,P1004,PG1420,KW11344,986.03,Pending,2026-06-18 18:37:00
ORD106837,2026-09-12,AU,P1044,PG1388,KW10898,1339.62,Completed,2026-09-12 00:58:00
ORD106844,2026-07-07,FR,P1036,PG1402,KW11605,717.78,Completed,2026-07-07 20:51:00
ORD106846,2026-08-08,FR,P1015,PG1308,KW10533,394.1,Completed,2026-08-08 05:47:00
ORD106847,2026-09-18,BR,P1002,PG1216,KW10115,381.45,Returned,2026-09-18 21:00:00
ORD106849,2026-07-31,US,P1050,PG1334,KW10576,515.78,Returned,2026-07-31 07:45:00
ORD106850,2026-08-03,UK,P1034,PG1085,KW10830,979.22,Cancelled,2026-08-03 01:19:00
ORD106851,2026-06-11,MX,P1041,PG1351,KW11365,1636.02,Completed,2026-06-11 12:34:00
ORD106856,2026-09-06,DE,P1019,PG1417,KW10815,2129.25,Cancelled,2026-09-06 13:22:00
ORD106858,2026-09-30,JP,P1034,PG1444,KW10441,1921.84,Cancelled,2026-09-30 01:49:00
ORD106861,2026-07-17,MX,P1001,PG1374,KW11143,2091.87,Cancelled,2026-07-17 02:27:00
ORD106867,2026-07-12,US,P1020,PG1111,KW11137,888.72,Returned,2026-07-12 22:35:00
ORD106874,2026-07-27,BR,P1028,PG1135,KW11764,595.16,Cancelled,2026-07-27 04:52:00
ORD106880,2026-07-31,BR,P1025,PG1173,KW10904,1075.44,Cancelled,2026-07-31 04:06:00
ORD106885,2026-07-23,CA,P1021,PG1477,KW11744,610.62,Pending,2026-07-23 00:47:00
ORD106887,2026-06-11,BR,P1026,PG1083,KW11073,1762.01,Cancelled,2026-06-11 01:33:00
ORD106888,2026-06-16,IN,P1023,PG1076,KW10100,475.69,Returned,2026-06-16 04:25:00
ORD106889,2026-06-01,MX,P1040,PG1201,KW10632,921.55,Completed,2026-06-01 19:08:00
ORD106891,2026-06-19,JP,P1050,PG1240,KW11444,490.19,Completed,2026-06-19 15:05:00
ORD106895,2026-08-23,AU,P1027,PG1098,KW11965,385.21,Completed,2026-08-23 08:44:00
ORD106896,2026-08-13,MX,P1029,PG1432,KW11415,1216.02,Pending,2026-08-13 22:32:00
ORD106898,2026-09-02,FR,P1022,PG1300,KW11030,867.37,Pending,2026-09-02 05:02:00
ORD106902,2026-08-26,MX,P1046,PG1372,KW11483,1178.7,Pending,2026-08-26 04:35:00
ORD106903,2026-07-13,FR,P1020,PG1364,KW11823,1374.75,Cancelled,2026-07-13 22:13:00
ORD106916,2026-06-07,BR,P1042,PG1383,KW10055,1508.9,Returned,2026-06-07 17:18:00
ORD106919,2026-06-07,FR,P1050,PG1343,KW10331,1352.18,Pending,2026-06-07 02:43:00
ORD106922,2026-07-30,FR,P1018,PG1123,KW11554,1645.82,Cancelled,2026-07-30 09:29:00
ORD106936,2026-08-03,MX,P1008,PG1166,KW10980,1192.24,Completed,2026-08-03 05:24:00
ORD106937,2026-07-05,JP,P1001,PG1405,KW11349,611.74,Returned,2026-07-05 07:06:00
ORD106939,2026-09-24,BR,P1012,PG1213,KW11858,654.98,Completed,2026-09-24 00:18:00
ORD106940,2026-09-09,AU,P1026,PG1027,KW11247,485.31,Completed,2026-09-09 09:57:00
ORD106941,2026-06-09,CA,P1010,PG1285,KW11483,1426.54,Returned,2026-06-09 06:39:00
ORD106944,2026-08-15,MX,P1015,PG1366,KW11154,2187.44,Completed,2026-08-15 13:08:00
ORD106945,2026-06-13,BR,P1007,PG1185,KW10464,1157.12,Pending,2026-06-13 11:02:00
ORD106946,2026-09-23,US,P1016,PG1233,KW11050,1632.59,Completed,2026-09-23 00:19:00
ORD106948,2026-08-20,IN,P1033,PG1417,KW10636,901.16,Returned,2026-08-20 16:39:00
ORD106952,2026-07-06,IN,P1033,PG1383,KW11086,676.71,Completed,2026-07-06 23:08:00
ORD106954,2026-09-06,FR,P1014,PG1297,KW10390,939.49,Completed,2026-09-06 11:21:00
ORD106955,2026-09-08,US,P1020,PG1391,KW10219,1167.5,Completed,2026-09-08 00:23:00
ORD106959,2026-08-29,UK,P1001,PG1110,KW10965,2443.77,Pending,2026-08-29 16:06:00
ORD106962,2026-06-30,UK,P1023,PG1476,KW10742,944.98,Cancelled,2026-06-30 01:06:00
ORD106963,2026-08-11,BR,P1033,PG1265,KW11021,383.47,Returned,2026-08-11 06:45:00
ORD106964,2026-06-08,BR,P1034,PG1412,KW11462,467.95,Pending,2026-06-08 18:47:00
ORD106967,2026-07-24,DE,P1013,PG1026,KW11744,579.54,Completed,2026-07-24 14:36:00
ORD106973,2026-09-30,UK,P1034,PG1180,KW10940,538.65,Cancelled,2026-09-30 17:51:00
ORD106978,2026-09-01,JP,P1018,PG1018,KW10454,4468.43,Returned,2026-09-01 09:58:00
ORD106981,2026-06-07,MX,P1006,PG1480,KW10793,315.13,Completed,2026-06-07 23:03:00
ORD106983,2026-06-23,CA,P1002,PG1315,KW10720,946.38,Pending,2026-06-23 01:37:00
ORD106984,2026-09-20,MX,P1009,PG1337,KW11316,950.45,Pending,2026-09-20 09:43:00
ORD106989,2026-07-24,AU,P1050,PG1487,KW11573,1310.18,Completed,2026-07-24 18:13:00
ORD106990,2026-09-18,US,P1002,PG1450,KW10458,370.23,Cancelled,2026-09-18 20:31:00
ORD106991,2026-08-07,IN,P1050,PG1483,KW11481,617.2,Cancelled,2026-08-07 18:10:00
ORD106996,2026-08-27,US,P1011,PG1198,KW11680,987.79,Completed,2026-08-27 07:08:00
ORD106999,2026-07-27,DE,P1022,PG1228,KW11991,389.04,Completed,2026-07-27 00:05:00
ORD107000,2026-07-30,BR,P1024,PG1382,KW10956,782.88,Completed,2026-07-30 13:06:00
ORD107001,2026-06-28,BR,P1033,PG1208,KW10310,1666.97,Completed,2026-06-28 06:13:00
ORD107006,2026-07-11,DE,P1014,PG1165,KW11194,1484.42,Pending,2026-07-11 00:44:00
ORD107007,2026-07-11,MX,P1016,PG1134,KW10528,1069.54,Completed,2026-07-11 06:18:00
ORD107008,2026-09-27,JP,P1029,PG1439,KW10483,996.99,Cancelled,2026-09-27 03:36:00
ORD107010,2026-07-03,IN,P1050,PG1109,KW11629,610.09,Completed,2026-07-03 18:02:00
ORD107014,2026-07-04,MX,P1044,PG1007,KW11842,1056.2,Cancelled,2026-07-04 08:09:00
ORD107029,2026-07-26,UK,P1006,PG1306,KW11146,1590.26,Completed,2026-07-26 10:06:00
ORD107031,2026-09-11,AU,P1016,PG1022,KW10914,1011.87,Completed,2026-09-11 20:24:00
ORD107039,2026-06-24,FR,P1046,PG1276,KW11917,384.65,Completed,2026-06-24 20:09:00
ORD107044,2026-06-09,JP,P1007,PG1337,KW10633,345.33,Completed,2026-06-09 14:06:00
ORD107045,2026-08-05,IN,P1044,PG1480,KW11488,1062.51,Pending,2026-08-05 02:12:00
ORD107049,2026-06-30,US,P1042,PG1261,KW11524,1178.53,Cancelled,2026-06-30 21:51:00
ORD107053,2026-09-28,BR,P1015,PG1068,KW10777,905.84,Completed,2026-09-28 16:40:00
ORD107058,2026-08-22,FR,P1040,PG1331,KW11497,466.33,Completed,2026-08-22 11:25:00
ORD107063,2026-07-09,DE,P1034,PG1426,KW11799,1142.98,Completed,2026-07-09 08:50:00
ORD107065,2026-09-08,AU,P1016,PG1369,KW10482,467.99,Completed,2026-09-08 23:17:00
ORD107066,2026-09-30,UK,P1045,PG1329,KW10269,716.53,Cancelled,2026-09-30 07:50:00
ORD107068,2026-09-29,DE,P1026,PG1232,KW11393,755.22,Pending,2026-09-29 17:03:00
ORD107071,2026-06-28,AU,P1036,PG1095,KW10618,880.57,Completed,2026-06-28 08:01:00
ORD107074,2026-08-26,BR,P1007,PG1459,KW11763,767.04,Pending,2026-08-26 22:20:00
ORD107079,2026-08-11,FR,P1021,PG1470,KW11399,914.87,Pending,2026-08-11 17:12:00
ORD107081,2026-09-23,UK,P1021,PG1200,KW11823,1320.53,Completed,2026-09-23 18:14:00
ORD107082,2026-07-17,DE,P1003,PG1160,KW11979,1353.47,Returned,2026-07-17 15:55:00
ORD107085,2026-09-21,JP,P1023,PG1069,KW11149,473.57,Completed,2026-09-21 19:10:00
ORD107091,2026-09-14,IN,P1018,PG1192,KW11518,2269.95,Cancelled,2026-09-14 05:30:00
ORD107094,2026-06-19,JP,P1020,PG1356,KW10060,2257.18,Returned,2026-06-19 18:17:00
ORD107098,2026-06-19,AU,P1048,PG1370,KW10400,341.97,Completed,2026-06-19 16:37:00
ORD107100,2026-07-29,JP,P1022,PG1454,KW11733,1419.74,Completed,2026-07-29 05:50:00
ORD107101,2026-08-04,DE,P1014,PG1216,KW10146,999.14,Returned,2026-08-04 14:13:00
ORD107102,2026-07-18,BR,P1006,PG1049,KW11875,1052.87,Completed,2026-07-18 11:18:00
ORD107103,2026-06-20,JP,P1012,PG1343,KW11131,1475.62,Cancelled,2026-06-20 03:46:00
ORD107110,2026-07-09,CA,P1008,PG1255,KW10834,672.67,Pending,2026-07-09 22:28:00
ORD107112,2026-08-26,FR,P1024,PG1499,KW10248,461.83,Pending,2026-08-26 11:51:00
ORD107113,2026-09-28,AU,P1013,PG1472,KW10737,1099.13,Cancelled,2026-09-28 10:30:00
ORD107117,2026-07-05,JP,P1004,PG1365,KW10228,539.74,Cancelled,2026-07-05 23:50:00
ORD107118,2026-07-02,BR,P1041,PG1312,KW10524,413.82,Pending,2026-07-02 14:01:00
ORD107123,2026-07-04,UK,P1019,PG1185,KW11092,394.44,Returned,2026-07-04 05:26:00
ORD107126,2026-06-28,US,P1049,PG1469,KW10922,2930.5,Completed,2026-06-28 10:55:00
ORD107128,2026-09-29,IN,P1013,PG1131,KW10189,533.17,Completed,2026-09-29 06:18:00
ORD107140,2026-06-25,IN,P1014,PG1340,KW10403,444.14,Pending,2026-06-25 00:10:00
ORD107141,2026-06-23,AU,P1049,PG1013,KW11204,360.1,Completed,2026-06-23 05:45:00
ORD107142,2026-06-26,JP,P1016,PG1292,KW11262,1137.5,Completed,2026-06-26 02:15:00
ORD107143,2026-06-24,US,P1002,PG1298,KW10415,548.56,Returned,2026-06-24 09:52:00
ORD107144,2026-06-05,JP,P1046,PG1005,KW10413,788.65,Pending,2026-06-05 13:28:00
ORD107147,2026-07-17,IN,P1026,PG1177,KW10538,466.16,Completed,2026-07-17 09:59:00
ORD107148,2026-07-13,US,P1027,PG1226,KW10877,1883.62,Completed,2026-07-13 08:26:00
ORD107151,2026-09-06,BR,P1003,PG1482,KW10773,528.96,Completed,2026-09-06 05:17:00
ORD107152,2026-06-24,IN,P1024,PG1248,KW10281,629.34,Completed,2026-06-24 02:02:00
ORD107154,2026-07-25,UK,P1036,PG1495,KW10960,1075.86,Cancelled,2026-07-25 04:19:00
ORD107161,2026-07-23,US,P1027,PG1004,KW11048,1093.85,Pending,2026-07-23 01:01:00
ORD107166,2026-09-07,FR,P1020,PG1375,KW11363,1345.92,Completed,2026-09-07 10:24:00
ORD107169,2026-06-23,FR,P1047,PG1338,KW10207,218.51,Completed,2026-06-23 13:02:00
ORD107171,2026-07-08,FR,P1023,PG1178,KW10187,1166.06,Completed,2026-07-08 06:46:00
ORD107174,2026-08-07,US,P1009,PG1448,KW10607,227.87,Completed,2026-08-07 11:07:00
ORD107178,2026-07-28,DE,P1036,PG1387,KW11959,2443.72,Completed,2026-07-28 01:21:00
ORD107181,2026-09-18,AU,P1038,PG1036,KW11330,1922.74,Completed,2026-09-18 00:49:00
ORD107184,2026-09-22,AU,P1046,PG1171,KW11033,1576.71,Cancelled,2026-09-22 15:01:00
ORD107185,2026-08-06,US,P1008,PG1218,KW10101,823.61,Completed,2026-08-06 18:00:00
ORD107189,2026-07-21,AU,P1028,PG1500,KW11919,377.1,Completed,2026-07-21 11:50:00
ORD107192,2026-09-04,DE,P1046,PG1479,KW10519,407.69,Completed,2026-09-04 02:28:00
ORD107193,2026-09-09,BR,P1022,PG1337,KW11792,658.57,Pending,2026-09-09 17:45:00
ORD107194,2026-08-27,UK,P1047,PG1321,KW10929,1481.86,Pending,2026-08-27 18:33:00
ORD107198,2026-07-11,DE,P1042,PG1454,KW11631,531.82,Completed,2026-07-11 18:00:00
ORD107206,2026-09-24,US,P1005,PG1293,KW10576,1861.18,Completed,2026-09-24 07:25:00
ORD107210,2026-09-20,BR,P1034,PG1365,KW10771,1983.5,Completed,2026-09-20 15:38:00
ORD107212,2026-09-16,CA,P1016,PG1448,KW10014,625.14,Cancelled,2026-09-16 19:22:00
ORD107213,2026-09-17,CA,P1002,PG1206,KW11071,1092.03,Completed,2026-09-17 06:47:00
ORD107218,2026-09-15,FR,P1042,PG1142,KW11037,2101.3,Pending,2026-09-15 18:11:00
ORD107222,2026-08-18,MX,P1001,PG1311,KW10177,942.48,Completed,2026-08-18 08:09:00
ORD107224,2026-06-16,IN,P1027,PG1163,KW11825,1308.56,Completed,2026-06-16 15:31:00
ORD107233,2026-07-03,AU,P1026,PG1389,KW11488,973.57,Pending,2026-07-03 19:55:00
ORD107235,2026-08-27,AU,P1020,PG1007,KW11637,683.66,Pending,2026-08-27 12:30:00
ORD107237,2026-09-17,UK,P1012,PG1457,KW11576,1716.32,Completed,2026-09-17 18:55:00
ORD107243,2026-07-28,UK,P1022,PG1357,KW10851,388.68,Completed,2026-07-28 08:33:00
ORD107245,2026-07-21,BR,P1021,PG1411,KW10702,702.0,Completed,2026-07-21 20:08:00
ORD107246,2026-07-14,JP,P1005,PG1083,KW10373,1305.92,Completed,2026-07-14 12:35:00
ORD107250,2026-06-08,IN,P1040,PG1232,KW11893,737.4,Completed,2026-06-08 04:13:00
ORD107256,2026-06-24,MX,P1026,PG1103,KW10438,586.03,Cancelled,2026-06-24 07:06:00
ORD107258,2026-08-11,BR,P1001,PG1361,KW10692,233.29,Completed,2026-08-11 23:34:00
ORD107259,2026-06-27,MX,P1022,PG1464,KW10615,1375.23,Completed,2026-06-27 16:10:00
ORD107260,2026-08-14,US,P1042,PG1466,KW10601,1026.74,Returned,2026-08-14 00:58:00
ORD107267,2026-06-03,BR,P1010,PG1351,KW11061,492.95,Pending,2026-06-03 08:55:00
ORD107271,2026-07-04,UK,P1027,PG1291,KW11338,1068.6,Completed,2026-07-04 18:41:00
ORD107276,2026-07-25,IN,P1017,PG1337,KW10716,486.63,Completed,2026-07-25 11:44:00
ORD107277,2026-09-25,IN,P1044,PG1023,KW11405,808.67,Pending,2026-09-25 17:17:00
ORD107280,2026-07-08,JP,P1024,PG1148,KW11356,502.65,Completed,2026-07-08 16:15:00
ORD107281,2026-09-06,IN,P1018,PG1138,KW10646,377.31,Completed,2026-09-06 04:19:00
ORD107286,2026-08-14,UK,P1022,PG1453,KW10332,656.35,Pending,2026-08-14 05:55:00
ORD107288,2026-07-28,IN,P1035,PG1324,KW11122,1726.61,Cancelled,2026-07-28 05:35:00
ORD107294,2026-08-10,AU,P1043,PG1201,KW11388,1771.87,Pending,2026-08-10 02:11:00
ORD107298,2026-07-05,MX,P1002,PG1350,KW10926,2616.48,Completed,2026-07-05 12:46:00
ORD107304,2026-08-04,IN,P1023,PG1421,KW11216,290.37,Pending,2026-08-04 22:35:00
ORD107311,2026-07-22,AU,P1026,PG1460,KW11049,2013.38,Cancelled,2026-07-22 22:52:00
ORD107315,2026-09-07,UK,P1007,PG1392,KW10577,818.55,Returned,2026-09-07 10:04:00
ORD107316,2026-08-02,BR,P1024,PG1358,KW10759,673.11,Cancelled,2026-08-02 19:01:00
ORD107317,2026-08-04,UK,P1040,PG1212,KW11273,948.38,Returned,2026-08-04 00:53:00
ORD107318,2026-08-11,US,P1019,PG1058,KW11883,2050.56,Cancelled,2026-08-11 01:28:00
ORD107323,2026-09-24,DE,P1033,PG1177,KW10595,415.16,Completed,2026-09-24 09:08:00
ORD107329,2026-09-16,DE,P1039,PG1050,KW10937,1693.09,Completed,2026-09-16 16:56:00
ORD107332,2026-09-04,MX,P1006,PG1082,KW10889,2584.3,Cancelled,2026-09-04 18:23:00
ORD107337,2026-06-22,BR,P1014,PG1317,KW11653,566.52,Returned,2026-06-22 22:21:00
ORD107340,2026-06-23,IN,P1005,PG1192,KW11298,1286.11,Pending,2026-06-23 02:29:00
ORD107343,2026-06-02,FR,P1023,PG1030,KW11958,2093.77,Completed,2026-06-02 02:51:00
ORD107345,2026-06-26,FR,P1037,PG1257,KW10463,1296.44,Cancelled,2026-06-26 07:42:00
ORD107346,2026-09-23,CA,P1019,PG1318,KW10763,1493.4,Completed,2026-09-23 06:43:00
ORD107347,2026-07-02,JP,P1037,PG1178,KW10967,1487.21,Completed,2026-07-02 01:39:00
ORD107348,2026-06-15,IN,P1032,PG1034,KW10250,2864.19,Completed,2026-06-15 09:18:00
ORD107356,2026-06-13,AU,P1032,PG1387,KW10851,1041.11,Returned,2026-06-13 22:03:00
ORD107357,2026-08-21,FR,P1004,PG1466,KW11927,493.91,Completed,2026-08-21 20:38:00
ORD107361,2026-08-01,BR,P1014,PG1272,KW10270,716.1,Completed,2026-08-01 09:22:00
ORD107363,2026-08-29,BR,P1044,PG1435,KW10292,592.78,Completed,2026-08-29 02:23:00
ORD107376,2026-06-18,JP,P1021,PG1382,KW11407,787.86,Completed,2026-06-18 18:59:00
ORD107381,2026-09-10,CA,P1007,PG1279,KW11652,509.0,Completed,2026-09-10 16:12:00
ORD107382,2026-09-12,BR,P1025,PG1407,KW11278,1109.43,Completed,2026-09-12 08:50:00
ORD107384,2026-08-04,AU,P1018,PG1316,KW11702,458.84,Completed,2026-08-04 20:04:00
ORD107393,2026-08-03,DE,P1019,PG1171,KW10725,1800.81,Pending,2026-08-03 20:20:00
ORD107397,2026-07-28,AU,P1008,PG1203,KW10171,1539.3,Cancelled,2026-07-28 23:53:00
ORD107402,2026-07-27,UK,P1001,PG1368,KW11598,2096.66,Completed,2026-07-27 20:26:00
ORD107403,2026-09-18,US,P1049,PG1335,KW11315,780.75,Pending,2026-09-18 04:33:00
ORD107405,2026-09-29,MX,P1035,PG1373,KW11240,2464.35,Cancelled,2026-09-29 01:40:00
ORD107412,2026-08-31,US,P1016,PG1023,KW11688,811.62,Pending,2026-08-31 18:58:00
ORD107414,2026-06-25,DE,P1007,PG1386,KW10331,890.53,Returned,2026-06-25 02:16:00
ORD107415,2026-08-18,CA,P1002,PG1187,KW10206,1507.51,Completed,2026-08-18 07:29:00
ORD107419,2026-08-17,CA,P1047,PG1103,KW10281,2079.9,Cancelled,2026-08-17 07:57:00
ORD107420,2026-06-14,MX,P1002,PG1144,KW10589,1328.14,Completed,2026-06-14 07:14:00
ORD107430,2026-09-04,JP,P1028,PG1039,KW11143,2404.8,Returned,2026-09-04 18:22:00
ORD107431,2026-09-23,UK,P1037,PG1033,KW10323,591.32,Completed,2026-09-23 01:04:00
ORD107435,2026-08-06,MX,P1001,PG1185,KW10488,1915.37,Completed,2026-08-06 21:56:00
ORD107437,2026-06-05,FR,P1046,PG1003,KW11739,1155.88,Returned,2026-06-05 03:52:00
ORD107439,2026-08-05,US,P1018,PG1083,KW10994,825.57,Completed,2026-08-05 16:45:00
ORD107443,2026-09-01,US,P1013,PG1324,KW11512,926.55,Pending,2026-09-01 09:52:00
ORD107444,2026-09-14,US,P1036,PG1276,KW10447,1837.05,Completed,2026-09-14 21:34:00
ORD107449,2026-07-04,BR,P1035,PG1004,KW10226,573.23,Cancelled,2026-07-04 22:33:00
ORD107450,2026-09-14,FR,P1043,PG1132,KW10175,1314.69,Cancelled,2026-09-14 19:56:00
ORD107453,2026-06-04,FR,P1020,PG1063,KW11477,728.31,Pending,2026-06-04 08:28:00
ORD107454,2026-09-23,US,P1024,PG1420,KW11153,888.24,Cancelled,2026-09-23 08:23:00
ORD107458,2026-09-21,JP,P1011,PG1069,KW10634,666.5,Completed,2026-09-21 17:35:00
ORD107459,2026-07-17,BR,P1003,PG1441,KW10785,682.91,Pending,2026-07-17 11:03:00
ORD107463,2026-08-06,AU,P1043,PG1019,KW11060,911.53,Pending,2026-08-06 23:55:00
ORD107466,2026-07-24,CA,P1044,PG1131,KW11943,628.48,Returned,2026-07-24 23:33:00
ORD107468,2026-07-23,AU,P1011,PG1314,KW11631,411.34,Completed,2026-07-23 20:35:00
ORD107471,2026-08-18,FR,P1040,PG1205,KW10795,1048.28,Returned,2026-08-18 17:02:00
ORD107473,2026-09-18,UK,P1039,PG1018,KW11645,1022.07,Completed,2026-09-18 07:06:00
ORD107474,2026-07-18,AU,P1016,PG1218,KW11205,441.87,Completed,2026-07-18 02:24:00
ORD107478,2026-06-19,MX,P1033,PG1332,KW11739,377.17,Completed,2026-06-19 02:20:00
ORD107484,2026-06-02,BR,P1031,PG1369,KW10493,2688.48,Completed,2026-06-02 08:31:00
ORD107486,2026-08-10,JP,P1034,PG1396,KW10460,329.42,Completed,2026-08-10 23:28:00
ORD107487,2026-06-07,DE,P1009,PG1147,KW11156,1421.64,Returned,2026-06-07 18:50:00
ORD107489,2026-06-19,DE,P1018,PG1269,KW10777,3373.5,Completed,2026-06-19 19:25:00
ORD107490,2026-06-21,BR,P1035,PG1224,KW10347,2193.1,Returned,2026-06-21 03:26:00
ORD107491,2026-08-28,JP,P1047,PG1228,KW10245,574.02,Completed,2026-08-28 23:20:00
ORD107492,2026-06-29,US,P1042,PG1040,KW10281,454.48,Cancelled,2026-06-29 15:42:00
ORD107493,2026-06-12,UK,P1014,PG1402,KW10234,961.44,Returned,2026-06-12 14:01:00
ORD107494,2026-09-07,US,P1009,PG1170,KW11654,1444.23,Completed,2026-09-07 09:37:00
ORD107495,2026-09-18,FR,P1018,PG1251,KW11614,2983.86,Returned,2026-09-18 11:07:00
ORD107497,2026-08-21,BR,P1015,PG1024,KW11132,479.86,Cancelled,2026-08-21 09:05:00
ORD107500,2026-07-09,BR,P1003,PG1170,KW10690,440.51,Completed,2026-07-09 17:00:00
ORD107501,2026-08-22,UK,P1009,PG1060,KW10839,407.34,Returned,2026-08-22 16:45:00
ORD107503,2026-07-04,IN,P1017,PG1067,KW11865,234.33,Pending,2026-07-04 20:23:00
ORD107504,2026-07-23,AU,P1030,PG1314,KW11940,797.88,Completed,2026-07-23 09:24:00
ORD107505,2026-07-25,CA,P1002,PG1156,KW11427,766.52,Pending,2026-07-25 12:34:00
ORD107506,2026-09-24,UK,P1018,PG1146,KW11578,724.05,Completed,2026-09-24 03:29:00
ORD107507,2026-06-07,FR,P1037,PG1050,KW11142,475.22,Cancelled,2026-06-07 12:33:00
ORD107509,2026-07-29,US,P1050,PG1003,KW10044,1186.38,Pending,2026-07-29 20:57:00
ORD107510,2026-08-17,AU,P1047,PG1130,KW11275,1732.17,Completed,2026-08-17 07:24:00
ORD107513,2026-06-16,IN,P1007,PG1426,KW11407,275.95,Cancelled,2026-06-16 23:10:00
ORD107515,2026-07-31,IN,P1028,PG1478,KW10823,530.11,Returned,2026-07-31 11:29:00
ORD107516,2026-07-30,UK,P1023,PG1068,KW11809,1653.58,Completed,2026-07-30 09:26:00
ORD107520,2026-07-01,FR,P1024,PG1432,KW10082,1295.28,Completed,2026-07-01 09:48:00
ORD107528,2026-09-08,IN,P1033,PG1106,KW11458,1460.92,Completed,2026-09-08 08:33:00
ORD107535,2026-08-10,CA,P1003,PG1319,KW10903,467.85,Returned,2026-08-10 10:20:00
ORD107542,2026-08-07,MX,P1038,PG1187,KW10620,983.23,Pending,2026-08-07 23:32:00
ORD107548,2026-08-23,AU,P1005,PG1371,KW11576,342.05,Returned,2026-08-23 19:34:00
ORD107549,2026-08-29,DE,P1016,PG1104,KW11583,1783.61,Completed,2026-08-29 16:18:00
ORD107551,2026-09-17,DE,P1035,PG1046,KW11332,294.64,Cancelled,2026-09-17 00:12:00
ORD107553,2026-07-04,US,P1014,PG1176,KW11759,1088.41,Returned,2026-07-04 23:10:00
ORD107564,2026-07-24,FR,P1031,PG1104,KW10204,1939.41,Completed,2026-07-24 03:49:00
ORD107566,2026-06-30,DE,P1008,PG1365,KW11330,310.95,Completed,2026-06-30 02:03:00
ORD107569,2026-08-20,CA,P1038,PG1043,KW10736,364.69,Pending,2026-08-20 22:28:00
ORD107573,2026-08-30,BR,P1021,PG1404,KW11534,962.7,Returned,2026-08-30 21:32:00
ORD107575,2026-07-11,MX,P1001,PG1073,KW11314,545.44,Returned,2026-07-11 18:08:00
ORD107576,2026-07-06,UK,P1042,PG1147,KW10847,500.89,Cancelled,2026-07-06 07:44:00
ORD107578,2026-07-01,CA,P1030,PG1386,KW10268,513.45,Completed,2026-07-01 19:30:00
ORD107580,2026-09-17,IN,P1004,PG1486,KW11819,1609.98,Completed,2026-09-17 07:12:00
ORD107581,2026-08-21,US,P1002,PG1222,KW10416,2379.63,Completed,2026-08-21 15:02:00
ORD107582,2026-09-28,US,P1007,PG1174,KW10588,223.78,Returned,2026-09-28 13:09:00
ORD107583,2026-09-09,UK,P1020,PG1111,KW10781,1556.41,Completed,2026-09-09 07:07:00
ORD107584,2026-07-21,JP,P1003,PG1085,KW10856,1536.08,Pending,2026-07-21 10:52:00
ORD107585,2026-08-19,IN,P1044,PG1450,KW10243,1128.01,Completed,2026-08-19 17:20:00
ORD107587,2026-08-21,UK,P1045,PG1231,KW10594,253.96,Completed,2026-08-21 12:25:00
ORD107590,2026-07-17,UK,P1038,PG1373,KW11372,1040.86,Completed,2026-07-17 03:26:00
ORD107597,2026-07-31,CA,P1017,PG1349,KW10553,562.5,Completed,2026-07-31 21:04:00
ORD107601,2026-07-07,US,P1029,PG1339,KW11198,430.6,Completed,2026-07-07 13:19:00
ORD107602,2026-06-16,JP,P1009,PG1429,KW10519,816.82,Completed,2026-06-16 20:18:00
ORD107604,2026-07-19,IN,P1014,PG1082,KW11080,278.29,Pending,2026-07-19 12:04:00
ORD107609,2026-08-08,FR,P1010,PG1357,KW10035,1491.43,Completed,2026-08-08 23:29:00
ORD107610,2026-09-13,JP,P1050,PG1022,KW11451,2169.15,Pending,2026-09-13 02:12:00
ORD107611,2026-08-25,AU,P1009,PG1328,KW10452,469.72,Pending,2026-08-25 18:48:00
ORD107619,2026-06-10,DE,P1014,PG1276,KW11198,1667.41,Returned,2026-06-10 03:40:00
ORD107622,2026-07-26,BR,P1038,PG1068,KW11845,1650.18,Returned,2026-07-26 13:38:00
ORD107623,2026-08-12,IN,P1007,PG1014,KW10470,1189.23,Completed,2026-08-12 16:10:00
ORD107631,2026-08-16,IN,P1042,PG1439,KW10888,560.6,Completed,2026-08-16 12:47:00
ORD107632,2026-09-14,IN,P1031,PG1093,KW11981,1315.14,Completed,2026-09-14 08:10:00
ORD107634,2026-07-09,CA,P1020,PG1461,KW11149,1259.35,Completed,2026-07-09 20:55:00
ORD107637,2026-09-03,CA,P1030,PG1333,KW10469,1254.59,Completed,2026-09-03 14:18:00
ORD107644,2026-08-11,AU,P1049,PG1021,KW11287,1198.96,Pending,2026-08-11 15:20:00
ORD107651,2026-06-23,MX,P1041,PG1297,KW11655,641.77,Completed,2026-06-23 18:48:00
ORD107655,2026-08-29,IN,P1019,PG1091,KW11971,2085.66,Pending,2026-08-29 08:40:00
ORD107659,2026-08-14,AU,P1037,PG1475,KW10798,1577.81,Pending,2026-08-14 12:17:00
ORD107664,2026-09-07,BR,P1020,PG1455,KW10146,830.02,Pending,2026-09-07 11:37:00
ORD107666,2026-06-21,IN,P1033,PG1144,KW11747,696.72,Completed,2026-06-21 03:49:00
ORD107673,2026-09-28,DE,P1034,PG1404,KW10589,337.24,Pending,2026-09-28 00:17:00
ORD107676,2026-09-03,JP,P1020,PG1001,KW11594,431.19,Pending,2026-09-03 22:35:00
ORD107678,2026-06-13,AU,P1009,PG1056,KW10431,995.26,Completed,2026-06-13 01:22:00
ORD107687,2026-09-20,UK,P1048,PG1344,KW11540,636.84,Completed,2026-09-20 21:56:00
ORD107689,2026-09-05,CA,P1023,PG1069,KW10508,743.08,Pending,2026-09-05 13:40:00
ORD107694,2026-06-26,US,P1029,PG1232,KW11096,378.86,Returned,2026-06-26 20:13:00
ORD107698,2026-07-23,IN,P1040,PG1322,KW10864,467.41,Completed,2026-07-23 23:28:00
ORD107700,2026-09-17,IN,P1007,PG1399,KW10920,634.89,Returned,2026-09-17 17:06:00
ORD107701,2026-08-20,BR,P1006,PG1323,KW10410,1280.25,Completed,2026-08-20 19:38:00
ORD107702,2026-06-13,UK,P1032,PG1002,KW10818,795.65,Completed,2026-06-13 07:52:00
ORD107703,2026-09-24,US,P1041,PG1347,KW10409,270.05,Returned,2026-09-24 09:01:00
ORD107705,2026-06-17,FR,P1047,PG1381,KW11665,583.67,Completed,2026-06-17 17:42:00
ORD107710,2026-06-15,UK,P1010,PG1379,KW11071,1013.91,Completed,2026-06-15 01:14:00
ORD107713,2026-07-09,DE,P1040,PG1200,KW10781,366.4,Cancelled,2026-07-09 12:44:00
ORD107714,2026-06-21,AU,P1001,PG1465,KW10628,325.2,Completed,2026-06-21 00:05:00
ORD107716,2026-06-25,JP,P1004,PG1112,KW10553,778.72,Cancelled,2026-06-25 18:44:00
ORD107724,2026-08-06,UK,P1014,PG1014,KW10168,302.48,Pending,2026-08-06 20:01:00
ORD107726,2026-06-15,AU,P1003,PG1270,KW10816,634.93,Pending,2026-06-15 14:40:00
ORD107729,2026-08-05,US,P1050,PG1308,KW10601,658.98,Completed,2026-08-05 09:11:00
ORD107731,2026-06-05,IN,P1031,PG1441,KW10148,430.72,Completed,2026-06-05 08:10:00
ORD107738,2026-07-17,CA,P1032,PG1419,KW11744,664.5,Cancelled,2026-07-17 00:29:00
ORD107740,2026-08-24,BR,P1040,PG1172,KW11970,404.25,Cancelled,2026-08-24 01:18:00
ORD107741,2026-06-10,AU,P1029,PG1180,KW11074,916.12,Cancelled,2026-06-10 11:14:00
ORD107742,2026-07-18,AU,P1049,PG1064,KW11290,2696.01,Returned,2026-07-18 16:20:00
ORD107743,2026-07-22,US,P1005,PG1030,KW11713,1421.75,Returned,2026-07-22 13:15:00
ORD107744,2026-09-12,CA,P1045,PG1252,KW10808,1083.84,Completed,2026-09-12 18:53:00
ORD107745,2026-08-07,IN,P1050,PG1483,KW11740,668.4,Pending,2026-08-07 07:30:00
ORD107747,2026-07-12,BR,P1013,PG1038,KW11230,928.86,Completed,2026-07-12 12:08:00
ORD107749,2026-06-30,CA,P1019,PG1219,KW10157,2029.72,Completed,2026-06-30 13:06:00
ORD107751,2026-08-10,DE,P1008,PG1321,KW10289,1570.86,Cancelled,2026-08-10 23:06:00
ORD107755,2026-08-29,AU,P1033,PG1392,KW11584,506.37,Returned,2026-08-29 09:56:00
ORD107756,2026-07-25,CA,P1044,PG1225,KW10003,2199.97,Completed,2026-07-25 23:29:00
ORD107758,2026-08-27,FR,P1013,PG1187,KW10787,521.25,Completed,2026-08-27 19:44:00
ORD107760,2026-07-24,JP,P1007,PG1491,KW11988,599.89,Completed,2026-07-24 00:18:00
ORD107763,2026-07-15,MX,P1012,PG1112,KW10185,685.04,Returned,2026-07-15 00:40:00
ORD107765,2026-08-06,BR,P1001,PG1072,KW11117,1072.18,Completed,2026-08-06 10:01:00
ORD107766,2026-08-09,BR,P1032,PG1292,KW10427,1725.28,Completed,2026-08-09 08:23:00
ORD107774,2026-07-29,UK,P1007,PG1454,KW10067,3161.73,Returned,2026-07-29 00:37:00
ORD107776,2026-07-21,BR,P1026,PG1093,KW11699,312.73,Returned,2026-07-21 17:45:00
ORD107777,2026-07-19,MX,P1047,PG1259,KW10670,1023.01,Returned,2026-07-19 11:18:00
ORD107779,2026-06-22,AU,P1011,PG1440,KW11832,965.1,Completed,2026-06-22 01:44:00
ORD107787,2026-08-31,IN,P1014,PG1472,KW11414,475.26,Completed,2026-08-31 02:17:00
ORD107796,2026-06-04,IN,P1015,PG1475,KW10642,1614.2,Completed,2026-06-04 15:37:00
ORD107797,2026-08-26,UK,P1004,PG1037,KW10050,1672.78,Completed,2026-08-26 23:32:00
ORD107798,2026-07-27,DE,P1037,PG1023,KW11978,402.83,Pending,2026-07-27 16:47:00
ORD107799,2026-09-21,IN,P1028,PG1117,KW11598,2365.64,Pending,2026-09-21 06:33:00
ORD107800,2026-08-31,DE,P1011,PG1073,KW10386,554.32,Cancelled,2026-08-31 23:17:00
ORD107801,2026-06-11,UK,P1024,PG1438,KW11243,250.89,Returned,2026-06-11 17:28:00
ORD107802,2026-07-10,JP,P1043,PG1499,KW11487,306.43,Pending,2026-07-10 01:07:00
ORD107803,2026-06-21,CA,P1022,PG1088,KW10333,1548.43,Cancelled,2026-06-21 04:39:00
ORD107804,2026-06-21,CA,P1012,PG1491,KW11779,1089.7,Completed,2026-06-21 23:32:00
ORD107806,2026-08-01,US,P1047,PG1166,KW11919,307.13,Cancelled,2026-08-01 01:13:00
ORD107810,2026-08-07,IN,P1006,PG1307,KW10191,740.52,Completed,2026-08-07 04:25:00
ORD107815,2026-07-09,IN,P1008,PG1311,KW10297,962.53,Pending,2026-07-09 05:05:00
ORD107817,2026-09-12,DE,P1045,PG1375,KW11937,307.53,Completed,2026-09-12 15:31:00
ORD107818,2026-09-13,CA,P1027,PG1097,KW10503,1092.96,Cancelled,2026-09-13 06:24:00
ORD107820,2026-07-17,AU,P1041,PG1363,KW11532,706.36,Completed,2026-07-17 03:20:00
ORD107821,2026-07-25,MX,P1037,PG1093,KW11190,3924.29,Returned,2026-07-25 14:26:00
ORD107822,2026-07-16,US,P1004,PG1033,KW10480,1436.33,Completed,2026-07-16 22:14:00
ORD107824,2026-06-13,JP,P1018,PG1374,KW11916,2031.33,Completed,2026-06-13 21:20:00
ORD107832,2026-06-03,US,P1031,PG1117,KW11845,570.09,Completed,2026-06-03 23:38:00
ORD107833,2026-08-07,DE,P1044,PG1337,KW11120,603.18,Completed,2026-08-07 11:57:00
ORD107838,2026-08-15,JP,P1014,PG1411,KW11676,414.19,Completed,2026-08-15 20:18:00
ORD107840,2026-09-19,MX,P1023,PG1193,KW10568,741.93,Cancelled,2026-09-19 05:04:00
ORD107841,2026-09-04,FR,P1037,PG1201,KW11306,1049.57,Pending,2026-09-04 16:31:00
ORD107844,2026-08-02,CA,P1046,PG1208,KW11723,1663.84,Completed,2026-08-02 04:36:00
ORD107849,2026-07-15,FR,P1050,PG1255,KW10995,1609.83,Cancelled,2026-07-15 13:42:00
ORD107851,2026-07-23,MX,P1038,PG1399,KW10375,657.01,Cancelled,2026-07-23 03:52:00
ORD107858,2026-09-09,US,P1020,PG1474,KW11555,324.86,Completed,2026-09-09 18:28:00
ORD107860,2026-06-30,IN,P1013,PG1130,KW11158,965.63,Returned,2026-06-30 01:44:00
ORD107862,2026-09-26,FR,P1036,PG1419,KW11802,639.21,Completed,2026-09-26 14:55:00
ORD107863,2026-07-19,BR,P1018,PG1160,KW11560,295.55,Returned,2026-07-19 13:13:00
ORD107864,2026-07-25,MX,P1041,PG1495,KW10013,842.9,Completed,2026-07-25 12:50:00
ORD107866,2026-09-19,BR,P1048,PG1497,KW11969,2318.29,Pending,2026-09-19 11:41:00
ORD107869,2026-06-18,FR,P1042,PG1221,KW10975,633.3,Completed,2026-06-18 11:12:00
ORD107871,2026-06-25,JP,P1035,PG1287,KW11977,767.99,Returned,2026-06-25 12:35:00
ORD107873,2026-08-04,JP,P1009,PG1336,KW10751,627.11,Cancelled,2026-08-04 03:25:00
ORD107874,2026-09-28,UK,P1044,PG1003,KW10354,442.47,Pending,2026-09-28 17:22:00
ORD107876,2026-06-22,UK,P1022,PG1365,KW10607,586.97,Completed,2026-06-22 03:51:00
ORD107877,2026-07-29,BR,P1003,PG1485,KW11663,727.57,Completed,2026-07-29 16:45:00
ORD107879,2026-07-12,JP,P1012,PG1315,KW11613,408.46,Completed,2026-07-12 17:31:00
ORD107880,2026-09-19,US,P1020,PG1403,KW11433,244.84,Returned,2026-09-19 20:54:00
ORD107881,2026-08-13,JP,P1005,PG1398,KW11428,964.3,Completed,2026-08-13 20:34:00
ORD107882,2026-08-14,IN,P1046,PG1357,KW10783,1375.03,Completed,2026-08-14 09:42:00
ORD107885,2026-08-16,MX,P1010,PG1277,KW11739,250.46,Completed,2026-08-16 02:55:00
ORD107889,2026-07-26,US,P1027,PG1096,KW10637,598.14,Completed,2026-07-26 04:57:00
ORD107893,2026-08-12,MX,P1017,PG1286,KW11801,653.47,Returned,2026-08-12 04:19:00
ORD107894,2026-06-27,UK,P1036,PG1205,KW10428,1306.19,Completed,2026-06-27 08:53:00
ORD107898,2026-06-04,BR,P1033,PG1005,KW10066,559.39,Returned,2026-06-04 03:38:00
ORD107902,2026-08-12,US,P1044,PG1028,KW10525,2751.2,Cancelled,2026-08-12 17:41:00
ORD107909,2026-07-09,BR,P1026,PG1163,KW10072,407.89,Completed,2026-07-09 22:17:00
ORD107914,2026-07-04,FR,P1003,PG1399,KW10249,1846.29,Completed,2026-07-04 13:23:00
ORD107919,2026-07-04,JP,P1027,PG1396,KW11458,338.56,Pending,2026-07-04 16:25:00
ORD107922,2026-09-08,CA,P1041,PG1194,KW10722,2101.64,Pending,2026-09-08 09:32:00
ORD107926,2026-08-12,AU,P1046,PG1099,KW10945,1083.87,Pending,2026-08-12 20:41:00
ORD107929,2026-07-17,MX,P1033,PG1224,KW10742,217.18,Returned,2026-07-17 08:14:00
ORD107930,2026-08-21,BR,P1040,PG1335,KW10207,1586.93,Returned,2026-08-21 23:13:00
ORD107931,2026-08-22,JP,P1021,PG1180,KW11648,570.6,Completed,2026-08-22 20:48:00
ORD107932,2026-06-02,US,P1017,PG1169,KW11433,314.25,Completed,2026-06-02 07:51:00
ORD107933,2026-06-29,JP,P1006,PG1345,KW11264,1011.14,Completed,2026-06-29 10:32:00
ORD107935,2026-07-29,JP,P1047,PG1303,KW10348,376.33,Pending,2026-07-29 15:24:00
ORD107937,2026-09-23,MX,P1024,PG1161,KW11366,584.29,Cancelled,2026-09-23 06:15:00
ORD107941,2026-07-01,JP,P1043,PG1227,KW10483,602.29,Pending,2026-07-01 02:57:00
ORD107943,2026-07-15,MX,P1012,PG1040,KW10383,1170.01,Pending,2026-07-15 10:16:00
ORD107945,2026-09-14,IN,P1049,PG1389,KW11626,961.19,Completed,2026-09-14 15:45:00
ORD107946,2026-07-01,CA,P1043,PG1154,KW10330,1761.56,Cancelled,2026-07-01 10:48:00
ORD107948,2026-06-13,UK,P1035,PG1205,KW11184,958.28,Cancelled,2026-06-13 10:12:00
ORD107949,2026-06-22,IN,P1049,PG1383,KW11306,725.23,Completed,2026-06-22 02:00:00
ORD107950,2026-07-16,IN,P1046,PG1092,KW11783,1556.21,Returned,2026-07-16 00:17:00
ORD107962,2026-07-03,BR,P1010,PG1109,KW11199,849.41,Completed,2026-07-03 20:05:00
ORD107967,2026-09-27,BR,P1006,PG1098,KW10344,242.66,Completed,2026-09-27 03:35:00
ORD107970,2026-06-22,UK,P1018,PG1161,KW11648,990.18,Completed,2026-06-22 00:03:00
ORD107978,2026-09-24,UK,P1049,PG1052,KW11634,634.88,Pending,2026-09-24 05:05:00
ORD107983,2026-07-20,BR,P1026,PG1317,KW11077,1086.75,Completed,2026-07-20 03:53:00
ORD107985,2026-06-12,US,P1009,PG1368,KW10647,1588.63,Returned,2026-06-12 01:56:00
ORD107986,2026-07-03,BR,P1023,PG1430,KW10760,534.58,Returned,2026-07-03 00:40:00
ORD107991,2026-09-17,JP,P1024,PG1392,KW10837,1016.52,Cancelled,2026-09-17 05:45:00
ORD107994,2026-09-06,UK,P1026,PG1027,KW10221,1182.14,Pending,2026-09-06 23:04:00
ORD108001,2026-07-27,BR,P1045,PG1270,KW10426,894.49,Completed,2026-07-27 21:18:00
ORD108003,2026-06-22,CA,P1007,PG1458,KW11460,592.25,Cancelled,2026-06-22 09:22:00
ORD108010,2026-07-29,CA,P1018,PG1114,KW11445,846.52,Returned,2026-07-29 20:11:00
ORD108017,2026-07-10,BR,P1037,PG1091,KW10893,1141.77,Returned,2026-07-10 07:36:00
ORD108024,2026-08-16,DE,P1038,PG1296,KW11002,944.98,Completed,2026-08-16 10:35:00
ORD108028,2026-09-24,US,P1004,PG1405,KW10416,2821.74,Cancelled,2026-09-24 23:10:00
ORD108032,2026-07-14,DE,P1005,PG1441,KW10621,387.08,Completed,2026-07-14 11:31:00
ORD108033,2026-06-21,IN,P1032,PG1473,KW11784,1336.02,Pending,2026-06-21 09:58:00
ORD108035,2026-08-16,IN,P1004,PG1218,KW11323,398.49,Cancelled,2026-08-16 23:32:00
ORD108039,2026-07-16,UK,P1020,PG1348,KW11948,455.16,Returned,2026-07-16 03:48:00
ORD108041,2026-09-20,IN,P1047,PG1322,KW11980,869.52,Completed,2026-09-20 05:47:00
ORD108042,2026-09-07,US,P1029,PG1185,KW11367,663.96,Completed,2026-09-07 02:54:00
ORD108049,2026-09-04,IN,P1020,PG1220,KW10357,1008.86,Pending,2026-09-04 23:40:00
ORD108050,2026-09-10,JP,P1034,PG1271,KW11314,728.72,Completed,2026-09-10 13:38:00
ORD108052,2026-06-16,IN,P1037,PG1286,KW11145,423.51,Cancelled,2026-06-16 17:34:00
ORD108054,2026-08-02,AU,P1025,PG1265,KW11792,859.0,Pending,2026-08-02 09:39:00
ORD108055,2026-06-13,CA,P1008,PG1234,KW10250,817.02,Completed,2026-06-13 04:54:00
ORD108065,2026-07-08,CA,P1033,PG1007,KW10868,814.49,Pending,2026-07-08 03:24:00
ORD108066,2026-09-25,FR,P1031,PG1309,KW11647,1407.31,Cancelled,2026-09-25 22:20:00
ORD108068,2026-07-08,CA,P1024,PG1361,KW11737,2224.18,Returned,2026-07-08 04:09:00
ORD108069,2026-09-06,AU,P1032,PG1018,KW10640,589.36,Cancelled,2026-09-06 13:43:00
ORD108077,2026-08-07,FR,P1007,PG1100,KW10046,629.25,Pending,2026-08-07 05:57:00
ORD108079,2026-06-23,AU,P1030,PG1016,KW10546,453.14,Returned,2026-06-23 05:21:00
ORD108081,2026-08-01,DE,P1006,PG1331,KW11832,1409.65,Completed,2026-08-01 17:22:00
ORD108085,2026-06-30,DE,P1011,PG1125,KW10193,800.29,Cancelled,2026-06-30 00:10:00
ORD108086,2026-08-03,IN,P1026,PG1208,KW10719,375.91,Cancelled,2026-08-03 08:25:00
ORD108088,2026-07-24,CA,P1024,PG1462,KW11848,974.01,Cancelled,2026-07-24 07:23:00
ORD108089,2026-09-14,US,P1032,PG1008,KW10040,405.87,Completed,2026-09-14 16:28:00
ORD108096,2026-06-13,US,P1022,PG1075,KW10004,1545.87,Returned,2026-06-13 15:16:00
ORD108099,2026-06-28,DE,P1018,PG1187,KW10664,285.93,Completed,2026-06-28 02:58:00
ORD108100,2026-09-05,IN,P1036,PG1072,KW11348,535.53,Completed,2026-09-05 13:31:00
ORD108104,2026-08-05,IN,P1005,PG1365,KW10367,337.4,Cancelled,2026-08-05 15:40:00
ORD108106,2026-08-23,FR,P1026,PG1371,KW11906,638.1,Completed,2026-08-23 22:45:00
ORD108108,2026-06-08,AU,P1048,PG1015,KW10781,1098.05,Completed,2026-06-08 06:23:00
ORD108116,2026-09-11,FR,P1024,PG1243,KW11043,489.02,Completed,2026-09-11 02:24:00
ORD108119,2026-09-28,DE,P1026,PG1140,KW11748,798.11,Pending,2026-09-28 20:42:00
ORD108120,2026-06-24,JP,P1005,PG1028,KW11781,939.77,Completed,2026-06-24 12:55:00
ORD108121,2026-06-06,CA,P1029,PG1060,KW11769,1390.64,Cancelled,2026-06-06 18:36:00
ORD108122,2026-08-31,IN,P1007,PG1187,KW11301,1089.06,Returned,2026-08-31 16:05:00
ORD108124,2026-08-25,BR,P1024,PG1412,KW11070,1142.32,Cancelled,2026-08-25 00:07:00
ORD108125,2026-09-05,MX,P1036,PG1164,KW11072,1147.17,Completed,2026-09-05 18:02:00
ORD108126,2026-09-23,CA,P1017,PG1211,KW10967,1036.48,Returned,2026-09-23 06:59:00
ORD108127,2026-07-05,AU,P1049,PG1046,KW11355,1236.57,Cancelled,2026-07-05 21:50:00
ORD108128,2026-09-16,FR,P1014,PG1264,KW10778,1456.96,Completed,2026-09-16 13:10:00
ORD108130,2026-07-10,JP,P1033,PG1027,KW11564,1518.38,Completed,2026-07-10 05:57:00
ORD108131,2026-06-28,US,P1040,PG1430,KW10118,1310.72,Returned,2026-06-28 05:59:00
ORD108132,2026-09-29,BR,P1007,PG1016,KW11146,214.46,Pending,2026-09-29 16:00:00
ORD108136,2026-07-24,MX,P1034,PG1155,KW11868,734.99,Cancelled,2026-07-24 06:56:00
ORD108140,2026-06-23,AU,P1035,PG1072,KW11498,956.82,Completed,2026-06-23 16:50:00
ORD108141,2026-08-30,AU,P1022,PG1123,KW11331,858.66,Completed,2026-08-30 01:42:00
ORD108150,2026-09-11,BR,P1025,PG1371,KW11035,1252.21,Pending,2026-09-11 09:19:00
ORD108153,2026-09-12,JP,P1013,PG1196,KW11390,491.56,Completed,2026-09-12 12:48:00
ORD108157,2026-06-15,IN,P1047,PG1031,KW11348,824.75,Pending,2026-06-15 23:13:00
ORD108164,2026-09-11,IN,P1044,PG1427,KW10855,1277.18,Cancelled,2026-09-11 07:15:00
ORD108168,2026-07-12,UK,P1037,PG1292,KW10995,455.81,Returned,2026-07-12 08:30:00
ORD108169,2026-08-21,FR,P1033,PG1131,KW11001,790.02,Cancelled,2026-08-21 15:40:00
ORD108171,2026-09-29,US,P1031,PG1379,KW10453,517.53,Returned,2026-09-29 02:10:00
ORD108173,2026-09-11,MX,P1024,PG1473,KW10071,610.35,Completed,2026-09-11 15:44:00
ORD108175,2026-09-08,CA,P1046,PG1006,KW11153,835.46,Completed,2026-09-08 20:44:00
ORD108176,2026-07-12,BR,P1026,PG1273,KW10969,886.25,Completed,2026-07-12 15:53:00
ORD108179,2026-09-24,UK,P1012,PG1169,KW11578,2564.66,Cancelled,2026-09-24 23:52:00
ORD108180,2026-06-17,IN,P1038,PG1034,KW10818,306.63,Cancelled,2026-06-17 21:16:00
ORD108181,2026-07-17,US,P1030,PG1111,KW10889,2959.26,Cancelled,2026-07-17 11:28:00
ORD108182,2026-09-01,BR,P1036,PG1185,KW10281,451.85,Completed,2026-09-01 00:50:00
ORD108184,2026-08-08,US,P1012,PG1460,KW10144,553.96,Completed,2026-08-08 09:30:00
ORD108186,2026-06-23,JP,P1009,PG1234,KW11920,540.96,Completed,2026-06-23 18:17:00
ORD108191,2026-07-05,MX,P1013,PG1053,KW11494,1829.76,Completed,2026-07-05 15:02:00
ORD108192,2026-06-23,FR,P1039,PG1468,KW10041,333.75,Pending,2026-06-23 02:08:00
ORD108193,2026-07-05,FR,P1001,PG1299,KW10865,2744.8,Completed,2026-07-05 11:20:00
ORD108194,2026-08-06,AU,P1009,PG1413,KW10967,377.41,Pending,2026-08-06 04:02:00
ORD108195,2026-06-26,FR,P1044,PG1488,KW11172,944.47,Completed,2026-06-26 21:10:00
ORD108202,2026-07-12,JP,P1005,PG1373,KW10335,1305.05,Completed,2026-07-12 19:02:00
ORD108205,2026-08-12,CA,P1038,PG1124,KW11811,598.04,Completed,2026-08-12 18:44:00
ORD108207,2026-06-17,DE,P1009,PG1337,KW11492,1410.29,Returned,2026-06-17 13:56:00
ORD108210,2026-06-30,AU,P1042,PG1047,KW11595,2014.79,Cancelled,2026-06-30 17:09:00
ORD108213,2026-08-20,JP,P1008,PG1395,KW11815,1232.67,Cancelled,2026-08-20 08:51:00
ORD108214,2026-09-18,IN,P1015,PG1339,KW10059,480.63,Cancelled,2026-09-18 17:19:00
ORD108215,2026-07-23,CA,P1002,PG1472,KW10146,599.51,Returned,2026-07-23 13:41:00
ORD108217,2026-07-11,MX,P1042,PG1471,KW11030,504.25,Completed,2026-07-11 09:36:00
ORD108218,2026-06-25,JP,P1017,PG1365,KW10900,431.71,Completed,2026-06-25 04:09:00
ORD108219,2026-07-05,AU,P1015,PG1025,KW11445,1390.64,Pending,2026-07-05 10:43:00
ORD108220,2026-06-04,AU,P1013,PG1244,KW11195,1808.29,Completed,2026-06-04 23:31:00
ORD108222,2026-08-21,BR,P1012,PG1301,KW10465,512.82,Completed,2026-08-21 12:22:00
ORD108225,2026-06-01,CA,P1032,PG1190,KW10392,642.87,Completed,2026-06-01 17:02:00
ORD108238,2026-08-19,JP,P1031,PG1276,KW10481,542.08,Completed,2026-08-19 09:37:00
ORD108239,2026-09-10,US,P1014,PG1225,KW10337,1688.59,Completed,2026-09-10 14:49:00
ORD108242,2026-08-08,MX,P1034,PG1384,KW11829,703.69,Pending,2026-08-08 15:30:00
ORD108246,2026-07-09,FR,P1035,PG1191,KW10451,796.91,Cancelled,2026-07-09 23:38:00
ORD108248,2026-07-30,DE,P1039,PG1497,KW10599,470.77,Completed,2026-07-30 13:28:00
ORD108249,2026-06-29,AU,P1012,PG1235,KW11657,791.47,Completed,2026-06-29 15:30:00
ORD108250,2026-08-16,US,P1008,PG1406,KW11089,1014.79,Cancelled,2026-08-16 06:52:00
ORD108251,2026-06-11,US,P1022,PG1342,KW11373,1165.84,Cancelled,2026-06-11 07:51:00
ORD108258,2026-07-23,DE,P1017,PG1359,KW11570,1220.62,Completed,2026-07-23 15:29:00
ORD108263,2026-08-17,BR,P1002,PG1273,KW10664,870.01,Completed,2026-08-17 09:27:00
ORD108264,2026-06-13,IN,P1013,PG1030,KW10178,819.25,Pending,2026-06-13 15:24:00
ORD108266,2026-06-30,FR,P1048,PG1145,KW11905,609.98,Completed,2026-06-30 07:55:00
ORD108270,2026-07-04,UK,P1007,PG1292,KW11522,674.06,Pending,2026-07-04 21:20:00
ORD108272,2026-08-19,IN,P1010,PG1028,KW11353,1169.32,Cancelled,2026-08-19 05:46:00
ORD108276,2026-06-19,DE,P1041,PG1466,KW11545,633.04,Cancelled,2026-06-19 07:38:00
ORD108277,2026-09-07,FR,P1011,PG1236,KW10479,3123.17,Pending,2026-09-07 10:16:00
ORD108280,2026-07-12,CA,P1049,PG1062,KW10026,1074.61,Completed,2026-07-12 14:20:00
ORD108281,2026-06-17,DE,P1045,PG1450,KW11034,1435.25,Completed,2026-06-17 14:10:00
ORD108287,2026-06-16,BR,P1011,PG1399,KW11540,1248.28,Completed,2026-06-16 09:59:00
ORD108288,2026-07-09,MX,P1022,PG1413,KW10395,733.78,Cancelled,2026-07-09 17:25:00
ORD108296,2026-07-22,BR,P1005,PG1255,KW10550,698.81,Cancelled,2026-07-22 02:41:00
ORD108299,2026-07-25,BR,P1032,PG1187,KW11209,931.81,Completed,2026-07-25 07:29:00
ORD108306,2026-07-29,AU,P1033,PG1095,KW10717,561.59,Cancelled,2026-07-29 15:35:00
ORD108310,2026-07-16,JP,P1034,PG1151,KW10263,470.98,Completed,2026-07-16 20:47:00
ORD108314,2026-09-08,MX,P1045,PG1227,KW10345,1463.45,Cancelled,2026-09-08 16:06:00
ORD108319,2026-09-26,BR,P1006,PG1273,KW11263,2528.63,Completed,2026-09-26 09:17:00
ORD108321,2026-07-31,US,P1030,PG1026,KW10449,1909.02,Completed,2026-07-31 20:04:00
ORD108329,2026-08-07,CA,P1008,PG1499,KW11912,461.04,Completed,2026-08-07 17:14:00
ORD108332,2026-09-23,IN,P1038,PG1226,KW10145,565.02,Pending,2026-09-23 00:38:00
ORD108337,2026-07-10,BR,P1011,PG1125,KW11307,1201.82,Completed,2026-07-10 02:09:00
ORD108338,2026-08-26,JP,P1013,PG1148,KW10510,646.74,Completed,2026-08-26 14:17:00
ORD108340,2026-09-14,US,P1001,PG1192,KW11465,1337.34,Completed,2026-09-14 09:52:00
ORD108341,2026-08-04,BR,P1021,PG1234,KW11094,897.06,Completed,2026-08-04 13:37:00
ORD108344,2026-08-23,US,P1036,PG1500,KW11856,441.08,Pending,2026-08-23 14:29:00
ORD108345,2026-08-08,MX,P1031,PG1171,KW10452,618.94,Completed,2026-08-08 16:44:00
ORD108354,2026-08-17,BR,P1035,PG1290,KW11421,588.68,Cancelled,2026-08-17 18:58:00
ORD108355,2026-09-25,UK,P1013,PG1457,KW10584,545.01,Pending,2026-09-25 14:10:00
ORD108357,2026-08-15,CA,P1004,PG1313,KW10861,1415.1,Completed,2026-08-15 23:59:00
ORD108358,2026-06-14,MX,P1017,PG1491,KW10901,967.89,Cancelled,2026-06-14 21:25:00
ORD108361,2026-09-25,FR,P1024,PG1014,KW11419,1140.75,Completed,2026-09-25 03:30:00
ORD108367,2026-06-04,FR,P1045,PG1340,KW10318,1688.64,Completed,2026-06-04 23:38:00
ORD108369,2026-08-26,JP,P1023,PG1077,KW10886,879.34,Cancelled,2026-08-26 13:06:00
ORD108370,2026-08-19,CA,P1045,PG1003,KW11074,1852.32,Completed,2026-08-19 07:19:00
ORD108373,2026-09-26,JP,P1007,PG1406,KW11844,1787.97,Completed,2026-09-26 18:16:00
ORD108374,2026-06-23,AU,P1015,PG1304,KW10684,1858.58,Pending,2026-06-23 07:02:00
ORD108375,2026-09-10,UK,P1012,PG1162,KW10847,937.16,Completed,2026-09-10 19:30:00
ORD108378,2026-06-24,MX,P1047,PG1324,KW10167,865.32,Pending,2026-06-24 21:13:00
ORD108380,2026-07-18,AU,P1038,PG1463,KW11381,1478.81,Completed,2026-07-18 12:43:00
ORD108385,2026-07-05,IN,P1029,PG1339,KW10298,471.17,Pending,2026-07-05 10:03:00
ORD108388,2026-06-02,UK,P1042,PG1042,KW10555,1657.05,Pending,2026-06-02 09:06:00
ORD108389,2026-07-16,UK,P1005,PG1192,KW10291,736.95,Returned,2026-07-16 12:24:00
ORD108391,2026-06-12,BR,P1017,PG1498,KW10423,174.62,Completed,2026-06-12 18:59:00
ORD108393,2026-08-25,CA,P1049,PG1346,KW11514,686.42,Completed,2026-08-25 05:00:00
ORD108397,2026-06-20,JP,P1019,PG1410,KW11018,1074.22,Completed,2026-06-20 07:40:00
ORD108405,2026-06-03,IN,P1029,PG1010,KW11564,495.97,Completed,2026-06-03 16:14:00
ORD108407,2026-07-02,MX,P1038,PG1301,KW10097,1054.42,Returned,2026-07-02 10:10:00
ORD108409,2026-08-17,UK,P1014,PG1497,KW10049,829.25,Pending,2026-08-17 10:59:00
ORD108410,2026-06-18,JP,P1005,PG1361,KW11967,706.3,Completed,2026-06-18 13:20:00
ORD108411,2026-07-09,IN,P1028,PG1395,KW10986,576.9,Pending,2026-07-09 12:54:00
ORD108413,2026-08-05,FR,P1033,PG1474,KW10648,541.73,Returned,2026-08-05 13:29:00
ORD108414,2026-07-04,UK,P1001,PG1229,KW11572,2177.64,Completed,2026-07-04 06:52:00
ORD108415,2026-08-03,CA,P1042,PG1203,KW10932,305.23,Completed,2026-08-03 23:49:00
ORD108416,2026-07-12,DE,P1037,PG1421,KW11919,1889.21,Cancelled,2026-07-12 00:11:00
ORD108419,2026-09-13,UK,P1016,PG1180,KW10367,448.91,Returned,2026-09-13 15:26:00
ORD108422,2026-07-07,US,P1004,PG1453,KW11009,1404.86,Returned,2026-07-07 14:36:00
ORD108425,2026-09-05,UK,P1022,PG1295,KW11109,424.37,Returned,2026-09-05 07:04:00
ORD108427,2026-09-17,US,P1029,PG1330,KW11264,1836.08,Pending,2026-09-17 10:09:00
ORD108430,2026-06-02,AU,P1009,PG1205,KW10859,303.47,Pending,2026-06-02 02:57:00
ORD108431,2026-07-30,CA,P1049,PG1465,KW11414,323.35,Returned,2026-07-30 07:09:00
ORD108436,2026-08-28,IN,P1019,PG1319,KW11945,2775.94,Completed,2026-08-28 08:00:00
ORD108437,2026-06-05,IN,P1019,PG1118,KW11277,270.71,Cancelled,2026-06-05 13:30:00
ORD108441,2026-07-06,FR,P1027,PG1133,KW10047,1120.01,Returned,2026-07-06 02:48:00
ORD108442,2026-09-14,FR,P1036,PG1461,KW10866,930.32,Pending,2026-09-14 19:30:00
ORD108443,2026-09-26,IN,P1027,PG1097,KW10665,216.44,Completed,2026-09-26 02:23:00
ORD108446,2026-06-10,UK,P1011,PG1336,KW10548,363.65,Completed,2026-06-10 14:11:00
ORD108450,2026-07-01,US,P1047,PG1452,KW11245,524.99,Pending,2026-07-01 20:40:00
ORD108451,2026-06-30,AU,P1045,PG1338,KW10947,566.29,Completed,2026-06-30 00:57:00
ORD108460,2026-07-23,IN,P1018,PG1141,KW10136,485.72,Completed,2026-07-23 17:19:00
ORD108475,2026-08-01,FR,P1017,PG1106,KW11437,2249.11,Pending,2026-08-01 15:01:00
ORD108476,2026-09-15,IN,P1043,PG1085,KW10402,538.21,Cancelled,2026-09-15 09:51:00
ORD108477,2026-07-31,FR,P1016,PG1009,KW11734,138.15,Returned,2026-07-31 07:19:00
ORD108480,2026-07-10,BR,P1050,PG1405,KW10594,971.68,Pending,2026-07-10 17:36:00
ORD108484,2026-08-27,US,P1028,PG1114,KW10658,447.96,Cancelled,2026-08-27 02:28:00
ORD108486,2026-07-08,US,P1019,PG1161,KW10282,1878.24,Completed,2026-07-08 08:03:00
ORD108496,2026-06-11,BR,P1039,PG1494,KW10814,982.27,Completed,2026-06-11 19:46:00
ORD108502,2026-06-05,AU,P1042,PG1373,KW10133,521.92,Completed,2026-06-05 16:02:00
ORD108512,2026-08-20,JP,P1031,PG1269,KW11759,626.73,Returned,2026-08-20 00:05:00
ORD108513,2026-08-17,CA,P1026,PG1088,KW10799,318.85,Returned,2026-08-17 17:45:00
ORD108517,2026-06-13,IN,P1012,PG1163,KW10473,753.11,Cancelled,2026-06-13 08:41:00
ORD108524,2026-07-20,CA,P1027,PG1389,KW11581,656.38,Completed,2026-07-20 11:12:00
ORD108525,2026-07-29,IN,P1004,PG1108,KW11496,270.55,Completed,2026-07-29 18:00:00
ORD108528,2026-07-07,AU,P1043,PG1299,KW10957,443.7,Cancelled,2026-07-07 21:32:00
ORD108535,2026-08-11,FR,P1039,PG1405,KW11205,1675.5,Pending,2026-08-11 01:32:00
ORD108536,2026-06-10,FR,P1012,PG1416,KW11089,1478.18,Completed,2026-06-10 12:43:00
ORD108537,2026-06-28,CA,P1050,PG1026,KW11894,1054.39,Returned,2026-06-28 12:14:00
ORD108538,2026-06-24,US,P1015,PG1088,KW10928,1334.44,Completed,2026-06-24 12:24:00
ORD108541,2026-09-03,DE,P1008,PG1330,KW11946,807.44,Pending,2026-09-03 16:10:00
ORD108542,2026-07-01,BR,P1039,PG1223,KW11743,608.06,Completed,2026-07-01 07:31:00
ORD108543,2026-09-15,US,P1046,PG1203,KW10238,787.36,Completed,2026-09-15 04:04:00
ORD108544,2026-07-09,US,P1040,PG1247,KW10381,2011.86,Completed,2026-07-09 21:33:00
ORD108547,2026-09-03,FR,P1025,PG1247,KW11413,1048.89,Completed,2026-09-03 13:38:00
ORD108554,2026-06-25,DE,P1039,PG1129,KW11083,1537.41,Completed,2026-06-25 18:08:00
ORD108556,2026-07-11,US,P1039,PG1275,KW11149,268.32,Pending,2026-07-11 11:27:00
ORD108557,2026-06-24,CA,P1030,PG1464,KW10871,423.24,Cancelled,2026-06-24 17:39:00
ORD108559,2026-09-06,DE,P1047,PG1372,KW10613,637.1,Completed,2026-09-06 14:23:00
ORD108563,2026-08-10,DE,P1021,PG1162,KW10864,737.12,Completed,2026-08-10 22:11:00
ORD108565,2026-06-24,US,P1008,PG1354,KW10131,842.08,Completed,2026-06-24 07:38:00
ORD108568,2026-07-24,BR,P1042,PG1379,KW11609,861.72,Completed,2026-07-24 16:41:00
ORD108569,2026-07-24,AU,P1009,PG1032,KW11906,1246.81,Completed,2026-07-24 11:17:00
ORD108575,2026-06-15,JP,P1049,PG1485,KW10250,1262.09,Completed,2026-06-15 06:44:00
ORD108576,2026-08-27,CA,P1025,PG1338,KW11128,542.72,Completed,2026-08-27 01:39:00
ORD108581,2026-09-21,DE,P1012,PG1232,KW10805,1238.09,Completed,2026-09-21 22:55:00
ORD108583,2026-07-31,UK,P1034,PG1064,KW10184,420.16,Completed,2026-07-31 23:07:00
ORD108586,2026-08-08,MX,P1048,PG1119,KW11730,524.31,Completed,2026-08-08 17:57:00
ORD108588,2026-08-04,UK,P1032,PG1305,KW10106,2110.63,Returned,2026-08-04 23:42:00
ORD108591,2026-08-17,JP,P1026,PG1074,KW11680,341.02,Completed,2026-08-17 08:58:00
ORD108593,2026-08-31,CA,P1024,PG1362,KW11575,586.81,Cancelled,2026-08-31 19:32:00
ORD108597,2026-07-19,BR,P1021,PG1153,KW10532,2571.01,Completed,2026-07-19 12:54:00
ORD108598,2026-08-25,MX,P1025,PG1118,KW10234,1028.18,Pending,2026-08-25 04:02:00
ORD108599,2026-09-01,MX,P1047,PG1218,KW10839,1139.26,Completed,2026-09-01 10:05:00
ORD108604,2026-08-28,MX,P1001,PG1198,KW10331,339.73,Returned,2026-08-28 23:52:00
ORD108605,2026-07-10,IN,P1002,PG1065,KW10467,827.36,Cancelled,2026-07-10 15:24:00
ORD108613,2026-08-22,FR,P1022,PG1211,KW11476,428.64,Completed,2026-08-22 07:35:00
ORD108615,2026-06-15,CA,P1049,PG1366,KW11826,700.85,Returned,2026-06-15 17:12:00
ORD108619,2026-06-30,MX,P1007,PG1480,KW10580,1604.17,Cancelled,2026-06-30 03:16:00
ORD108621,2026-07-22,FR,P1027,PG1275,KW11884,363.33,Completed,2026-07-22 20:36:00
ORD108623,2026-07-08,CA,P1019,PG1196,KW10678,1870.01,Cancelled,2026-07-08 01:32:00
ORD108624,2026-07-06,UK,P1014,PG1005,KW10100,1933.53,Returned,2026-07-06 10:42:00
ORD108625,2026-09-09,MX,P1031,PG1087,KW11316,676.79,Pending,2026-09-09 11:42:00
ORD108627,2026-09-24,MX,P1037,PG1221,KW10146,487.21,Cancelled,2026-09-24 22:55:00
ORD108629,2026-06-18,MX,P1027,PG1091,KW10379,774.14,Pending,2026-06-18 20:05:00
ORD108630,2026-09-12,US,P1018,PG1016,KW11526,588.43,Completed,2026-09-12 22:39:00
ORD108632,2026-09-21,UK,P1036,PG1038,KW11910,348.88,Completed,2026-09-21 23:27:00
ORD108633,2026-08-03,DE,P1042,PG1398,KW10378,647.13,Completed,2026-08-03 13:08:00
ORD108636,2026-09-14,US,P1009,PG1474,KW11856,3979.89,Completed,2026-09-14 07:06:00
ORD108637,2026-07-19,IN,P1045,PG1389,KW10616,328.21,Completed,2026-07-19 13:14:00
ORD108639,2026-06-01,FR,P1010,PG1190,KW11957,778.39,Cancelled,2026-06-01 11:39:00
ORD108647,2026-07-31,DE,P1022,PG1267,KW10890,993.74,Completed,2026-07-31 09:35:00
ORD108650,2026-06-16,IN,P1029,PG1013,KW11842,1009.51,Completed,2026-06-16 18:40:00
ORD108652,2026-06-08,JP,P1015,PG1032,KW10775,1243.92,Returned,2026-06-08 18:40:00
ORD108659,2026-06-10,AU,P1018,PG1403,KW10696,565.16,Completed,2026-06-10 10:32:00
ORD108661,2026-07-24,AU,P1038,PG1217,KW10220,645.91,Completed,2026-07-24 15:22:00
ORD108664,2026-07-10,MX,P1005,PG1162,KW11960,1725.33,Completed,2026-07-10 14:46:00
ORD108671,2026-09-15,US,P1027,PG1200,KW10903,388.86,Pending,2026-09-15 03:23:00
ORD108673,2026-07-20,CA,P1044,PG1396,KW11283,434.16,Pending,2026-07-20 04:54:00
ORD108674,2026-08-06,FR,P1006,PG1449,KW10227,1167.73,Pending,2026-08-06 19:44:00
ORD108678,2026-06-01,UK,P1032,PG1424,KW11915,775.63,Completed,2026-06-01 20:38:00
ORD108681,2026-08-05,US,P1009,PG1415,KW11685,465.63,Returned,2026-08-05 12:20:00
ORD108682,2026-09-14,JP,P1004,PG1348,KW11849,502.59,Completed,2026-09-14 01:26:00
ORD108688,2026-09-16,DE,P1009,PG1342,KW10503,777.28,Returned,2026-09-16 02:34:00
ORD108692,2026-09-06,IN,P1033,PG1314,KW10242,520.65,Completed,2026-09-06 00:43:00
ORD108694,2026-07-21,CA,P1044,PG1409,KW10515,495.06,Pending,2026-07-21 01:06:00
ORD108695,2026-09-21,IN,P1041,PG1076,KW10999,1432.24,Returned,2026-09-21 19:38:00
ORD108696,2026-08-21,BR,P1013,PG1399,KW11528,999.88,Completed,2026-08-21 08:11:00
ORD108697,2026-08-10,AU,P1041,PG1479,KW10695,1222.33,Cancelled,2026-08-10 12:32:00
ORD108706,2026-09-08,DE,P1042,PG1344,KW11559,457.82,Completed,2026-09-08 14:11:00
ORD108708,2026-07-08,UK,P1028,PG1333,KW11191,613.84,Completed,2026-07-08 07:04:00
ORD108711,2026-07-01,FR,P1026,PG1212,KW11768,361.51,Completed,2026-07-01 02:36:00
ORD108714,2026-07-11,IN,P1032,PG1445,KW10758,1049.07,Completed,2026-07-11 20:23:00
ORD108717,2026-06-11,JP,P1005,PG1321,KW11005,586.25,Returned,2026-06-11 05:25:00
ORD108718,2026-08-02,MX,P1006,PG1115,KW11216,1408.37,Completed,2026-08-02 18:58:00
ORD108720,2026-09-30,FR,P1001,PG1468,KW10814,1418.67,Completed,2026-09-30 23:02:00
ORD108731,2026-06-25,US,P1021,PG1246,KW11185,2071.75,Completed,2026-06-25 23:00:00
ORD108735,2026-08-08,AU,P1017,PG1356,KW11057,1606.09,Completed,2026-08-08 03:16:00
ORD108739,2026-08-09,MX,P1007,PG1065,KW11537,593.82,Completed,2026-08-09 00:24:00
ORD108753,2026-08-30,IN,P1039,PG1490,KW11379,503.04,Completed,2026-08-30 18:40:00
ORD108754,2026-07-11,FR,P1002,PG1412,KW10460,297.51,Completed,2026-07-11 15:51:00
ORD108760,2026-08-14,MX,P1047,PG1277,KW10187,1949.13,Cancelled,2026-08-14 03:08:00
ORD108761,2026-08-08,JP,P1040,PG1147,KW10251,640.02,Returned,2026-08-08 22:31:00
ORD108766,2026-09-28,UK,P1027,PG1273,KW10607,660.39,Pending,2026-09-28 04:08:00
ORD108767,2026-07-21,US,P1001,PG1069,KW10686,786.44,Completed,2026-07-21 06:40:00
ORD108770,2026-06-26,DE,P1038,PG1321,KW10439,869.05,Completed,2026-06-26 14:06:00
ORD108771,2026-09-21,US,P1026,PG1488,KW11987,617.16,Returned,2026-09-21 11:27:00
ORD108772,2026-09-12,US,P1002,PG1291,KW10572,873.05,Pending,2026-09-12 04:43:00
ORD108774,2026-09-09,MX,P1001,PG1192,KW11569,587.48,Pending,2026-09-09 06:06:00
ORD108781,2026-06-30,CA,P1042,PG1071,KW10327,1073.71,Completed,2026-06-30 14:24:00
ORD108783,2026-06-19,FR,P1009,PG1007,KW10106,494.09,Completed,2026-06-19 00:44:00
ORD108787,2026-09-03,IN,P1005,PG1159,KW10835,950.55,Completed,2026-09-03 07:04:00
ORD108788,2026-09-10,UK,P1013,PG1288,KW11107,562.78,Cancelled,2026-09-10 23:31:00
ORD108794,2026-08-16,BR,P1030,PG1199,KW10689,415.28,Pending,2026-08-16 14:22:00
ORD108795,2026-07-27,US,P1007,PG1298,KW11678,374.0,Completed,2026-07-27 09:13:00
ORD108798,2026-08-18,MX,P1037,PG1269,KW10232,1976.16,Pending,2026-08-18 18:08:00
ORD108807,2026-08-25,US,P1049,PG1168,KW11461,371.48,Returned,2026-08-25 04:06:00
ORD108808,2026-07-14,IN,P1035,PG1263,KW10459,231.97,Pending,2026-07-14 17:21:00
ORD108809,2026-07-19,BR,P1040,PG1047,KW10647,1109.82,Completed,2026-07-19 08:17:00
ORD108810,2026-07-05,DE,P1041,PG1136,KW11930,1080.27,Completed,2026-07-05 00:42:00
ORD108812,2026-08-30,DE,P1010,PG1197,KW11545,871.45,Cancelled,2026-08-30 16:20:00
ORD108813,2026-07-08,FR,P1045,PG1264,KW11473,700.37,Completed,2026-07-08 13:22:00
ORD108818,2026-07-06,FR,P1010,PG1155,KW10771,708.99,Completed,2026-07-06 12:41:00
ORD108823,2026-08-25,JP,P1026,PG1249,KW11705,1588.27,Pending,2026-08-25 19:12:00
ORD108824,2026-07-14,IN,P1011,PG1312,KW10895,506.08,Completed,2026-07-14 20:34:00
ORD108832,2026-07-01,DE,P1020,PG1212,KW10547,1250.4,Returned,2026-07-01 06:17:00
ORD108834,2026-06-06,IN,P1014,PG1432,KW11222,986.47,Cancelled,2026-06-06 01:25:00
ORD108836,2026-07-18,MX,P1045,PG1274,KW10269,808.39,Completed,2026-07-18 02:07:00
ORD108838,2026-08-07,AU,P1032,PG1069,KW10963,1789.64,Completed,2026-08-07 22:59:00
ORD108839,2026-06-22,IN,P1034,PG1139,KW10576,1109.99,Pending,2026-06-22 05:26:00
ORD108842,2026-07-28,CA,P1019,PG1111,KW11233,661.38,Completed,2026-07-28 00:04:00
ORD108845,2026-09-24,CA,P1017,PG1488,KW10727,1619.06,Completed,2026-09-24 17:28:00
ORD108847,2026-09-12,AU,P1010,PG1373,KW10334,932.62,Returned,2026-09-12 17:56:00
ORD108848,2026-08-21,BR,P1030,PG1159,KW11244,2192.02,Cancelled,2026-08-21 03:57:00
ORD108850,2026-07-24,JP,P1048,PG1481,KW10814,1319.71,Cancelled,2026-07-24 13:08:00
ORD108853,2026-06-13,UK,P1046,PG1415,KW11526,1955.22,Cancelled,2026-06-13 01:48:00
ORD108856,2026-06-22,FR,P1026,PG1279,KW11043,778.05,Returned,2026-06-22 14:21:00
ORD108859,2026-06-15,IN,P1038,PG1297,KW11566,575.1,Returned,2026-06-15 15:30:00
ORD108861,2026-07-12,UK,P1022,PG1205,KW11919,3600.32,Returned,2026-07-12 21:41:00
ORD108869,2026-08-28,UK,P1047,PG1278,KW10498,631.36,Completed,2026-08-28 21:52:00
ORD108872,2026-09-04,CA,P1017,PG1286,KW11892,481.03,Cancelled,2026-09-04 01:39:00
ORD108877,2026-08-23,AU,P1018,PG1273,KW11975,1385.0,Pending,2026-08-23 12:39:00
ORD108887,2026-09-27,CA,P1040,PG1049,KW11299,1458.47,Returned,2026-09-27 01:24:00
ORD108891,2026-06-04,IN,P1014,PG1153,KW11755,248.02,Completed,2026-06-04 16:35:00
ORD108895,2026-09-06,IN,P1013,PG1182,KW10983,702.23,Completed,2026-09-06 05:55:00
ORD108898,2026-06-06,IN,P1037,PG1369,KW11925,2536.76,Cancelled,2026-06-06 12:42:00
ORD108912,2026-06-23,AU,P1015,PG1378,KW11933,497.49,Cancelled,2026-06-23 13:07:00
ORD108918,2026-09-16,BR,P1016,PG1446,KW10954,1056.02,Completed,2026-09-16 18:58:00
ORD108924,2026-08-04,BR,P1023,PG1175,KW11965,433.89,Cancelled,2026-08-04 15:55:00
ORD108925,2026-06-17,US,P1037,PG1234,KW10917,570.78,Completed,2026-06-17 02:54:00
ORD108928,2026-08-25,IN,P1034,PG1391,KW11136,980.31,Cancelled,2026-08-25 12:00:00
ORD108929,2026-06-16,CA,P1002,PG1108,KW10853,2125.51,Completed,2026-06-16 22:54:00
ORD108930,2026-08-27,FR,P1022,PG1204,KW10352,2345.13,Completed,2026-08-27 18:19:00
ORD108936,2026-08-11,IN,P1001,PG1066,KW11386,563.57,Returned,2026-08-11 11:22:00
ORD108938,2026-07-26,BR,P1007,PG1224,KW10887,441.91,Completed,2026-07-26 06:45:00
ORD108946,2026-08-04,JP,P1046,PG1025,KW10548,2300.2,Cancelled,2026-08-04 19:07:00
ORD108948,2026-07-21,UK,P1008,PG1195,KW10874,1872.42,Returned,2026-07-21 21:38:00
ORD108949,2026-07-27,UK,P1044,PG1129,KW10604,3299.33,Returned,2026-07-27 04:22:00
ORD108954,2026-09-22,DE,P1014,PG1169,KW11168,585.41,Completed,2026-09-22 07:02:00
ORD108961,2026-07-18,MX,P1037,PG1435,KW11419,690.91,Cancelled,2026-07-18 00:23:00
ORD108962,2026-08-13,AU,P1050,PG1029,KW10334,637.18,Completed,2026-08-13 09:58:00
ORD108967,2026-09-10,IN,P1045,PG1091,KW10648,1046.87,Returned,2026-09-10 05:13:00
ORD108969,2026-06-23,BR,P1041,PG1018,KW11203,789.84,Completed,2026-06-23 01:14:00
ORD108973,2026-09-05,US,P1016,PG1215,KW10496,820.02,Returned,2026-09-05 17:43:00
ORD108976,2026-06-05,UK,P1002,PG1301,KW11146,313.3,Completed,2026-06-05 19:50:00
ORD108978,2026-08-23,DE,P1031,PG1323,KW10647,781.39,Completed,2026-08-23 18:43:00
ORD108990,2026-07-20,UK,P1003,PG1005,KW10504,565.72,Returned,2026-07-20 11:10:00
ORD108993,2026-06-24,BR,P1028,PG1008,KW10779,604.28,Pending,2026-06-24 05:58:00
ORD108994,2026-08-22,AU,P1043,PG1478,KW11083,335.87,Completed,2026-08-22 14:08:00
ORD108995,2026-09-16,JP,P1028,PG1181,KW11883,241.44,Pending,2026-09-16 11:08:00
ORD108997,2026-06-30,DE,P1041,PG1316,KW11720,574.78,Pending,2026-06-30 09:12:00
ORD109001,2026-09-05,US,P1036,PG1405,KW10568,490.76,Completed,2026-09-05 10:26:00
ORD109003,2026-06-21,JP,P1003,PG1114,KW10700,251.84,Completed,2026-06-21 14:07:00
ORD109007,2026-08-19,MX,P1027,PG1056,KW10335,390.3,Returned,2026-08-19 04:58:00
ORD109010,2026-06-26,JP,P1007,PG1371,KW11826,1106.5,Pending,2026-06-26 07:15:00
ORD109011,2026-08-25,US,P1006,PG1330,KW11849,1284.09,Completed,2026-08-25 19:48:00
ORD109014,2026-09-26,BR,P1032,PG1381,KW10409,624.63,Completed,2026-09-26 03:28:00
ORD109020,2026-07-05,AU,P1018,PG1006,KW11387,1263.93,Completed,2026-07-05 08:58:00
ORD109022,2026-08-14,MX,P1036,PG1186,KW10090,632.64,Pending,2026-08-14 19:06:00
ORD109034,2026-09-05,FR,P1017,PG1357,KW10441,763.1,Cancelled,2026-09-05 08:32:00
ORD109037,2026-08-28,DE,P1019,PG1054,KW11826,1178.19,Cancelled,2026-08-28 08:13:00
ORD109039,2026-07-08,DE,P1038,PG1003,KW10061,514.5,Cancelled,2026-07-08 03:38:00
ORD109050,2026-06-11,UK,P1001,PG1049,KW11229,826.5,Pending,2026-06-11 13:25:00
ORD109052,2026-09-21,US,P1015,PG1218,KW11890,219.5,Pending,2026-09-21 04:26:00
ORD109055,2026-08-17,CA,P1044,PG1200,KW10206,386.63,Cancelled,2026-08-17 22:17:00
ORD109057,2026-09-27,CA,P1043,PG1145,KW11384,200.99,Completed,2026-09-27 11:19:00
ORD109059,2026-08-30,DE,P1036,PG1144,KW11021,693.34,Completed,2026-08-30 01:46:00
ORD109060,2026-08-10,AU,P1011,PG1017,KW10694,242.59,Completed,2026-08-10 05:42:00
ORD109064,2026-09-22,CA,P1026,PG1321,KW10604,1046.79,Completed,2026-09-22 13:40:00
ORD109065,2026-08-03,JP,P1012,PG1062,KW11010,1351.61,Completed,2026-08-03 07:29:00
ORD109068,2026-09-01,CA,P1017,PG1459,KW11403,533.41,Completed,2026-09-01 22:40:00
ORD109071,2026-07-22,CA,P1035,PG1308,KW10104,264.63,Completed,2026-07-22 13:23:00
ORD109074,2026-06-08,MX,P1010,PG1110,KW11219,1350.92,Completed,2026-06-08 06:36:00
ORD109075,2026-06-22,UK,P1038,PG1361,KW10891,648.36,Pending,2026-06-22 17:51:00
ORD109076,2026-06-12,IN,P1006,PG1278,KW10221,227.91,Pending,2026-06-12 09:23:00
ORD109077,2026-09-28,CA,P1049,PG1175,KW11900,865.74,Returned,2026-09-28 20:19:00
ORD109080,2026-07-04,DE,P1039,PG1010,KW11148,1721.9,Completed,2026-07-04 06:46:00
ORD109084,2026-08-14,AU,P1045,PG1126,KW11377,570.12,Completed,2026-08-14 12:29:00
ORD109085,2026-07-15,IN,P1017,PG1281,KW11588,1095.16,Returned,2026-07-15 22:19:00
ORD109086,2026-07-20,MX,P1012,PG1111,KW11177,856.0,Completed,2026-07-20 02:28:00
ORD109088,2026-06-09,JP,P1018,PG1151,KW11167,425.11,Cancelled,2026-06-09 20:12:00
ORD109089,2026-09-29,DE,P1019,PG1373,KW11612,577.15,Pending,2026-09-29 04:34:00
ORD109090,2026-09-03,FR,P1001,PG1493,KW11963,2316.15,Completed,2026-09-03 15:43:00
ORD109093,2026-09-09,AU,P1010,PG1199,KW11951,1049.95,Returned,2026-09-09 09:12:00
ORD109096,2026-06-20,IN,P1044,PG1062,KW11252,352.59,Cancelled,2026-06-20 20:35:00
ORD109097,2026-09-02,MX,P1048,PG1116,KW11890,1372.94,Cancelled,2026-09-02 12:19:00
ORD109098,2026-06-06,BR,P1013,PG1349,KW10004,651.77,Completed,2026-06-06 03:50:00
ORD109100,2026-08-24,IN,P1018,PG1402,KW10826,1202.42,Cancelled,2026-08-24 14:44:00
ORD109104,2026-06-16,JP,P1030,PG1099,KW11888,1126.6,Pending,2026-06-16 13:23:00
ORD109106,2026-08-02,DE,P1027,PG1147,KW10649,2640.16,Completed,2026-08-02 08:38:00
ORD109110,2026-08-08,DE,P1023,PG1375,KW11387,1431.58,Pending,2026-08-08 02:34:00
ORD109115,2026-08-10,AU,P1047,PG1083,KW11146,1086.21,Completed,2026-08-10 10:32:00
ORD109116,2026-08-16,BR,P1038,PG1034,KW11373,2214.16,Cancelled,2026-08-16 03:28:00
ORD109117,2026-08-05,JP,P1032,PG1269,KW10214,365.71,Completed,2026-08-05 03:53:00
ORD109124,2026-09-09,UK,P1036,PG1382,KW11046,3146.43,Completed,2026-09-09 23:18:00
ORD109126,2026-08-17,JP,P1015,PG1038,KW10913,508.53,Cancelled,2026-08-17 05:03:00
ORD109130,2026-07-11,US,P1040,PG1011,KW10660,814.54,Pending,2026-07-11 07:34:00
ORD109131,2026-06-22,IN,P1016,PG1476,KW11132,1308.97,Completed,2026-06-22 00:41:00
ORD109135,2026-09-15,DE,P1026,PG1454,KW10584,1100.67,Returned,2026-09-15 18:04:00
ORD109136,2026-08-23,US,P1035,PG1231,KW11884,2149.54,Returned,2026-08-23 05:03:00
ORD109137,2026-06-03,US,P1047,PG1163,KW10438,550.89,Pending,2026-06-03 13:52:00
ORD109141,2026-09-27,IN,P1037,PG1448,KW11498,723.31,Pending,2026-09-27 23:57:00
ORD109142,2026-09-30,BR,P1033,PG1101,KW10747,640.49,Completed,2026-09-30 04:32:00
ORD109143,2026-08-08,US,P1018,PG1304,KW11608,401.89,Returned,2026-08-08 23:37:00
ORD109144,2026-06-05,CA,P1009,PG1313,KW11622,534.86,Returned,2026-06-05 10:07:00
ORD109147,2026-06-14,UK,P1034,PG1112,KW11084,1503.24,Returned,2026-06-14 18:05:00
ORD109153,2026-08-09,DE,P1005,PG1218,KW11611,625.61,Returned,2026-08-09 20:32:00
ORD109154,2026-06-09,FR,P1016,PG1323,KW10945,328.89,Cancelled,2026-06-09 16:22:00
ORD109155,2026-07-10,IN,P1046,PG1018,KW10819,1430.88,Returned,2026-07-10 14:13:00
ORD109160,2026-08-20,IN,P1047,PG1405,KW11177,1084.87,Completed,2026-08-20 16:29:00
ORD109161,2026-09-21,JP,P1042,PG1320,KW10930,965.33,Completed,2026-09-21 10:41:00
ORD109165,2026-07-28,AU,P1019,PG1240,KW11953,1593.38,Pending,2026-07-28 07:56:00
ORD109166,2026-08-11,US,P1017,PG1099,KW10606,347.74,Cancelled,2026-08-11 04:05:00
ORD109169,2026-07-02,CA,P1016,PG1007,KW11850,1442.73,Pending,2026-07-02 04:45:00
ORD109170,2026-07-03,CA,P1040,PG1207,KW10534,922.29,Cancelled,2026-07-03 22:09:00
ORD109176,2026-09-29,IN,P1020,PG1464,KW10612,771.34,Returned,2026-09-29 05:03:00
ORD109177,2026-07-05,MX,P1019,PG1310,KW10333,815.36,Cancelled,2026-07-05 01:36:00
ORD109178,2026-06-24,CA,P1037,PG1477,KW10304,572.83,Completed,2026-06-24 13:20:00
ORD109179,2026-07-31,US,P1038,PG1441,KW10652,941.92,Returned,2026-07-31 22:17:00
ORD109180,2026-08-04,AU,P1010,PG1395,KW11266,1498.74,Returned,2026-08-04 09:21:00
ORD109184,2026-07-23,US,P1019,PG1377,KW10492,1899.63,Pending,2026-07-23 09:20:00
ORD109186,2026-09-06,BR,P1009,PG1239,KW10264,881.06,Completed,2026-09-06 11:25:00
ORD109188,2026-09-08,AU,P1026,PG1266,KW10612,341.37,Cancelled,2026-09-08 01:44:00
ORD109190,2026-09-30,US,P1013,PG1257,KW10232,840.33,Completed,2026-09-30 12:53:00
ORD109193,2026-07-12,UK,P1008,PG1317,KW10008,1084.54,Pending,2026-07-12 22:18:00
ORD109196,2026-08-04,US,P1036,PG1371,KW11378,1440.13,Returned,2026-08-04 03:58:00
ORD109198,2026-06-25,JP,P1025,PG1192,KW10694,871.76,Cancelled,2026-06-25 21:15:00
ORD109203,2026-08-16,AU,P1046,PG1429,KW11036,641.58,Completed,2026-08-16 11:53:00
ORD109211,2026-08-14,IN,P1009,PG1469,KW11035,912.18,Completed,2026-08-14 09:56:00
ORD109214,2026-09-29,JP,P1021,PG1276,KW11320,272.95,Pending,2026-09-29 09:16:00
ORD109218,2026-09-12,CA,P1020,PG1145,KW10021,925.85,Cancelled,2026-09-12 05:46:00
ORD109224,2026-09-22,BR,P1025,PG1051,KW11379,440.55,Completed,2026-09-22 02:53:00
ORD109226,2026-09-27,IN,P1011,PG1459,KW11432,774.99,Cancelled,2026-09-27 00:45:00
ORD109227,2026-09-19,DE,P1044,PG1489,KW10547,748.44,Completed,2026-09-19 07:38:00
ORD109229,2026-07-14,US,P1043,PG1474,KW11503,2849.63,Completed,2026-07-14 17:05:00
ORD109231,2026-06-16,IN,P1048,PG1332,KW10613,676.16,Returned,2026-06-16 21:55:00
ORD109234,2026-09-09,FR,P1028,PG1397,KW10867,696.79,Completed,2026-09-09 06:22:00
ORD109236,2026-06-08,CA,P1016,PG1009,KW10020,974.2,Completed,2026-06-08 04:40:00
ORD109237,2026-09-12,FR,P1031,PG1374,KW10796,908.04,Completed,2026-09-12 14:37:00
ORD109238,2026-08-14,IN,P1046,PG1019,KW11540,284.41,Pending,2026-08-14 13:43:00
ORD109239,2026-09-19,CA,P1037,PG1353,KW10719,1063.99,Cancelled,2026-09-19 15:04:00
ORD109241,2026-06-18,FR,P1009,PG1027,KW11783,783.33,Returned,2026-06-18 22:25:00
ORD109253,2026-09-16,BR,P1026,PG1095,KW11164,539.51,Completed,2026-09-16 13:22:00
ORD109256,2026-08-01,BR,P1026,PG1114,KW10576,436.37,Cancelled,2026-08-01 10:04:00
ORD109258,2026-08-26,AU,P1020,PG1042,KW11975,1334.7,Completed,2026-08-26 08:52:00
ORD109261,2026-08-03,AU,P1004,PG1192,KW11245,2441.28,Returned,2026-08-03 02:26:00
ORD109266,2026-09-17,JP,P1008,PG1469,KW10093,588.56,Completed,2026-09-17 08:35:00
ORD109268,2026-07-20,IN,P1038,PG1488,KW11934,770.86,Cancelled,2026-07-20 18:03:00
ORD109285,2026-08-04,JP,P1018,PG1047,KW11243,1214.34,Pending,2026-08-04 04:34:00
ORD109286,2026-07-17,CA,P1005,PG1317,KW10053,667.29,Pending,2026-07-17 17:30:00
ORD109288,2026-09-29,IN,P1050,PG1118,KW10829,654.99,Pending,2026-09-29 05:55:00
ORD109289,2026-09-13,CA,P1011,PG1117,KW11666,430.1,Completed,2026-09-13 01:03:00
ORD109296,2026-06-25,AU,P1007,PG1328,KW10823,775.47,Completed,2026-06-25 20:49:00
ORD109300,2026-08-02,JP,P1007,PG1034,KW11896,291.47,Completed,2026-08-02 11:17:00
ORD109301,2026-08-09,UK,P1033,PG1204,KW10309,1918.61,Completed,2026-08-09 01:25:00
ORD109303,2026-08-27,US,P1025,PG1481,KW11543,526.32,Completed,2026-08-27 07:12:00
ORD109305,2026-07-21,FR,P1044,PG1098,KW11080,460.5,Completed,2026-07-21 14:26:00
ORD109307,2026-07-03,IN,P1001,PG1018,KW11949,1361.11,Completed,2026-07-03 07:42:00
ORD109308,2026-09-03,BR,P1038,PG1426,KW10113,1815.06,Completed,2026-09-03 16:19:00
ORD109310,2026-09-26,BR,P1033,PG1190,KW11445,2226.9,Completed,2026-09-26 17:58:00
ORD109312,2026-08-19,BR,P1049,PG1455,KW11153,2016.84,Completed,2026-08-19 18:26:00
ORD109313,2026-06-07,BR,P1001,PG1113,KW11167,575.19,Completed,2026-06-07 18:46:00
ORD109316,2026-08-17,MX,P1030,PG1333,KW11837,543.44,Completed,2026-08-17 08:17:00
ORD109317,2026-06-14,BR,P1040,PG1252,KW11903,943.82,Cancelled,2026-06-14 00:40:00
ORD109318,2026-09-03,JP,P1030,PG1150,KW10820,1120.72,Completed,2026-09-03 14:14:00
ORD109319,2026-09-01,AU,P1040,PG1228,KW11660,570.21,Returned,2026-09-01 07:10:00
ORD109323,2026-09-25,DE,P1012,PG1128,KW10382,518.18,Returned,2026-09-25 02:33:00
ORD109324,2026-07-11,MX,P1041,PG1116,KW10141,1035.56,Completed,2026-07-11 14:59:00
ORD109329,2026-09-27,IN,P1021,PG1201,KW10948,1298.18,Completed,2026-09-27 15:27:00
ORD109332,2026-06-15,UK,P1035,PG1175,KW11029,410.32,Returned,2026-06-15 13:03:00
ORD109345,2026-09-15,MX,P1023,PG1037,KW10393,298.59,Pending,2026-09-15 18:23:00
ORD109346,2026-08-19,FR,P1031,PG1007,KW10896,1077.15,Cancelled,2026-08-19 02:59:00
ORD109348,2026-07-10,AU,P1027,PG1183,KW11069,667.84,Completed,2026-07-10 07:51:00
ORD109349,2026-08-07,CA,P1013,PG1234,KW11624,1299.46,Cancelled,2026-08-07 01:03:00
ORD109350,2026-07-27,JP,P1035,PG1224,KW10042,381.21,Completed,2026-07-27 01:15:00
ORD109353,2026-07-01,US,P1021,PG1100,KW10343,581.15,Pending,2026-07-01 09:32:00
ORD109355,2026-07-05,US,P1034,PG1314,KW11575,632.28,Completed,2026-07-05 19:24:00
ORD109356,2026-09-20,AU,P1012,PG1009,KW11934,1297.91,Completed,2026-09-20 14:56:00
ORD109357,2026-07-25,BR,P1016,PG1236,KW10466,1179.1,Completed,2026-07-25 10:03:00
ORD109365,2026-07-29,DE,P1026,PG1258,KW10887,1052.84,Pending,2026-07-29 16:06:00
ORD109366,2026-06-27,MX,P1028,PG1277,KW10896,422.38,Completed,2026-06-27 19:29:00
ORD109367,2026-07-29,MX,P1011,PG1092,KW11459,464.99,Cancelled,2026-07-29 19:55:00
ORD109368,2026-07-31,JP,P1033,PG1240,KW10975,821.82,Completed,2026-07-31 16:01:00
ORD109371,2026-07-06,UK,P1004,PG1350,KW10556,1351.9,Cancelled,2026-07-06 00:21:00
ORD109375,2026-06-15,FR,P1015,PG1490,KW10294,690.93,Returned,2026-06-15 09:06:00
ORD109376,2026-06-02,JP,P1043,PG1148,KW11828,928.11,Completed,2026-06-02 05:25:00
ORD109379,2026-07-04,MX,P1033,PG1421,KW10070,490.83,Cancelled,2026-07-04 10:46:00
ORD109381,2026-09-05,AU,P1041,PG1229,KW10060,500.18,Cancelled,2026-09-05 11:08:00
ORD109384,2026-06-10,JP,P1043,PG1319,KW11424,374.66,Pending,2026-06-10 09:03:00
ORD109387,2026-08-11,AU,P1008,PG1159,KW11386,1594.83,Cancelled,2026-08-11 18:37:00
ORD109388,2026-07-28,FR,P1019,PG1474,KW10233,663.83,Completed,2026-07-28 12:47:00
ORD109390,2026-06-13,AU,P1040,PG1053,KW11699,713.63,Pending,2026-06-13 15:45:00
ORD109391,2026-07-26,MX,P1050,PG1184,KW11945,1500.33,Cancelled,2026-07-26 04:18:00
ORD109392,2026-08-09,JP,P1024,PG1433,KW11180,817.0,Completed,2026-08-09 11:40:00
ORD109394,2026-08-31,BR,P1003,PG1485,KW10263,914.07,Cancelled,2026-08-31 03:22:00
ORD109397,2026-08-04,MX,P1031,PG1274,KW11912,257.08,Cancelled,2026-08-04 08:55:00
ORD109402,2026-09-29,CA,P1001,PG1023,KW10888,841.9,Completed,2026-09-29 22:35:00
ORD109403,2026-09-11,IN,P1021,PG1280,KW10182,1335.57,Completed,2026-09-11 06:51:00
ORD109404,2026-06-17,BR,P1011,PG1161,KW10581,502.64,Pending,2026-06-17 06:48:00
ORD109405,2026-08-25,MX,P1019,PG1316,KW10057,885.35,Completed,2026-08-25 01:08:00
ORD109416,2026-07-23,US,P1044,PG1404,KW11012,985.44,Completed,2026-07-23 10:39:00
ORD109417,2026-07-24,AU,P1002,PG1019,KW10397,1475.79,Cancelled,2026-07-24 23:13:00
ORD109418,2026-08-07,IN,P1028,PG1407,KW10874,991.1,Cancelled,2026-08-07 17:56:00
ORD109420,2026-07-01,DE,P1002,PG1012,KW10119,577.94,Pending,2026-07-01 23:22:00
ORD109421,2026-09-26,AU,P1014,PG1233,KW11416,435.6,Completed,2026-09-26 05:08:00
ORD109422,2026-08-22,BR,P1024,PG1131,KW11294,1371.57,Completed,2026-08-22 10:16:00
ORD109429,2026-06-19,AU,P1025,PG1495,KW11026,778.46,Returned,2026-06-19 20:57:00
ORD109433,2026-07-03,BR,P1029,PG1300,KW11298,1269.66,Completed,2026-07-03 15:16:00
ORD109435,2026-07-03,FR,P1023,PG1353,KW10147,890.95,Completed,2026-07-03 13:12:00
ORD109440,2026-08-06,FR,P1028,PG1218,KW11489,1743.34,Completed,2026-08-06 09:31:00
ORD109446,2026-06-11,US,P1043,PG1119,KW11554,232.99,Returned,2026-06-11 23:35:00
ORD109447,2026-08-02,IN,P1021,PG1193,KW10876,1522.18,Cancelled,2026-08-02 17:31:00
ORD109448,2026-09-23,MX,P1001,PG1365,KW10691,710.29,Pending,2026-09-23 06:38:00
ORD109453,2026-06-24,CA,P1045,PG1076,KW11032,387.16,Returned,2026-06-24 18:53:00
ORD109454,2026-06-24,IN,P1026,PG1218,KW11579,255.15,Completed,2026-06-24 14:20:00
ORD109457,2026-08-23,AU,P1016,PG1374,KW11266,735.36,Pending,2026-08-23 13:04:00
ORD109459,2026-09-13,UK,P1045,PG1177,KW10009,1018.54,Completed,2026-09-13 21:36:00
ORD109468,2026-07-01,DE,P1032,PG1123,KW11302,456.71,Completed,2026-07-01 06:18:00
ORD109471,2026-06-25,BR,P1002,PG1356,KW10359,268.42,Returned,2026-06-25 06:24:00
ORD109472,2026-07-12,IN,P1040,PG1315,KW11915,1596.7,Returned,2026-07-12 21:22:00
ORD109473,2026-07-05,US,P1028,PG1425,KW10031,1187.64,Pending,2026-07-05 13:00:00
ORD109480,2026-08-12,FR,P1033,PG1103,KW10273,566.02,Pending,2026-08-12 05:42:00
ORD109487,2026-07-14,DE,P1001,PG1481,KW11425,430.79,Cancelled,2026-07-14 12:18:00
ORD109488,2026-06-20,BR,P1031,PG1057,KW10300,337.45,Cancelled,2026-06-20 18:14:00
ORD109489,2026-07-19,BR,P1028,PG1363,KW10411,848.04,Completed,2026-07-19 03:45:00
ORD109492,2026-06-09,AU,P1028,PG1126,KW11272,977.54,Cancelled,2026-06-09 02:41:00
ORD109497,2026-07-31,FR,P1044,PG1449,KW11830,1243.08,Completed,2026-07-31 20:55:00
ORD109501,2026-08-23,UK,P1027,PG1379,KW10856,638.74,Returned,2026-08-23 04:38:00
ORD109509,2026-07-02,DE,P1036,PG1311,KW10070,739.35,Cancelled,2026-07-02 14:49:00
ORD109510,2026-07-25,CA,P1045,PG1476,KW11216,1009.12,Cancelled,2026-07-25 02:22:00
ORD109511,2026-09-05,UK,P1032,PG1257,KW10538,1236.96,Completed,2026-09-05 03:36:00
ORD109512,2026-09-16,CA,P1018,PG1061,KW10084,653.98,Returned,2026-09-16 18:28:00
ORD109513,2026-07-14,UK,P1014,PG1323,KW10175,1563.1,Cancelled,2026-07-14 06:17:00
ORD109517,2026-07-07,BR,P1020,PG1432,KW11604,1169.27,Cancelled,2026-07-07 11:20:00
ORD109518,2026-06-30,DE,P1023,PG1147,KW11127,961.42,Completed,2026-06-30 10:09:00
ORD109519,2026-07-15,CA,P1033,PG1263,KW11520,1702.37,Returned,2026-07-15 11:12:00
ORD109521,2026-08-13,IN,P1018,PG1071,KW11566,297.58,Returned,2026-08-13 16:50:00
ORD109524,2026-08-10,MX,P1007,PG1481,KW10455,353.13,Completed,2026-08-10 13:41:00
ORD109528,2026-06-20,US,P1004,PG1151,KW10489,391.61,Pending,2026-06-20 05:34:00
ORD109529,2026-06-02,CA,P1011,PG1150,KW11565,1107.89,Completed,2026-06-02 03:03:00
ORD109530,2026-06-27,UK,P1003,PG1330,KW10942,1248.97,Completed,2026-06-27 22:02:00
ORD109534,2026-06-25,AU,P1021,PG1004,KW10757,926.14,Cancelled,2026-06-25 15:25:00
ORD109535,2026-07-15,AU,P1025,PG1089,KW11941,498.03,Completed,2026-07-15 21:56:00
ORD109536,2026-06-25,IN,P1002,PG1437,KW11608,659.63,Returned,2026-06-25 12:33:00
ORD109541,2026-08-08,BR,P1011,PG1326,KW11518,360.12,Returned,2026-08-08 23:39:00
ORD109544,2026-06-02,CA,P1009,PG1267,KW10411,665.87,Cancelled,2026-06-02 10:51:00
ORD109550,2026-08-04,IN,P1034,PG1175,KW10597,796.98,Completed,2026-08-04 14:12:00
ORD109558,2026-06-09,CA,P1034,PG1186,KW10069,319.37,Completed,2026-06-09 06:37:00
ORD109562,2026-09-24,BR,P1028,PG1106,KW11883,867.01,Pending,2026-09-24 05:39:00
ORD109564,2026-07-28,MX,P1020,PG1222,KW11182,1023.79,Completed,2026-07-28 06:39:00
ORD109571,2026-08-11,MX,P1011,PG1285,KW10341,693.23,Completed,2026-08-11 00:59:00
ORD109572,2026-07-13,JP,P1037,PG1055,KW11444,1139.61,Completed,2026-07-13 02:12:00
ORD109573,2026-06-25,US,P1020,PG1093,KW11862,811.05,Cancelled,2026-06-25 03:23:00
ORD109578,2026-09-10,AU,P1009,PG1281,KW11595,1325.01,Cancelled,2026-09-10 02:58:00
ORD109582,2026-06-28,MX,P1009,PG1029,KW10998,405.02,Pending,2026-06-28 19:03:00
ORD109584,2026-07-14,US,P1003,PG1296,KW10995,219.84,Cancelled,2026-07-14 15:37:00
ORD109585,2026-07-15,DE,P1034,PG1195,KW10360,1509.63,Returned,2026-07-15 21:47:00
ORD109590,2026-06-30,FR,P1018,PG1316,KW11028,1396.34,Cancelled,2026-06-30 01:58:00
ORD109593,2026-07-21,JP,P1037,PG1167,KW11264,636.56,Pending,2026-07-21 00:15:00
ORD109595,2026-09-09,JP,P1005,PG1122,KW11198,1838.0,Cancelled,2026-09-09 13:50:00
ORD109597,2026-07-11,US,P1025,PG1066,KW11042,576.98,Returned,2026-07-11 01:29:00
ORD109601,2026-08-16,CA,P1002,PG1437,KW10248,1493.67,Cancelled,2026-08-16 13:21:00
ORD109603,2026-06-14,BR,P1037,PG1047,KW11832,1410.56,Completed,2026-06-14 15:34:00
ORD109607,2026-08-08,FR,P1004,PG1059,KW10144,609.8,Pending,2026-08-08 06:48:00
ORD109608,2026-09-01,BR,P1013,PG1317,KW11824,672.96,Pending,2026-09-01 23:42:00
ORD109610,2026-09-30,US,P1034,PG1186,KW10538,485.39,Completed,2026-09-30 16:59:00
ORD109611,2026-06-09,IN,P1030,PG1202,KW10898,883.03,Completed,2026-06-09 09:42:00
ORD109616,2026-07-26,BR,P1022,PG1448,KW11336,495.36,Returned,2026-07-26 23:22:00
ORD109617,2026-06-02,JP,P1041,PG1083,KW10693,877.44,Completed,2026-06-02 21:13:00
ORD109625,2026-09-23,MX,P1026,PG1401,KW11079,566.56,Completed,2026-09-23 10:38:00
ORD109629,2026-08-09,FR,P1041,PG1137,KW11510,2064.56,Completed,2026-08-09 10:42:00
ORD109632,2026-08-31,US,P1005,PG1219,KW11103,421.5,Cancelled,2026-08-31 04:15:00
ORD109635,2026-08-02,JP,P1015,PG1474,KW11665,588.41,Cancelled,2026-08-02 03:01:00
ORD109639,2026-06-06,JP,P1044,PG1033,KW10319,861.44,Cancelled,2026-06-06 21:49:00
ORD109640,2026-07-26,JP,P1028,PG1056,KW10581,510.59,Completed,2026-07-26 13:26:00
ORD109643,2026-08-09,JP,P1018,PG1440,KW11370,590.98,Pending,2026-08-09 10:53:00
ORD109644,2026-06-16,AU,P1028,PG1043,KW11098,665.59,Returned,2026-06-16 05:40:00
ORD109647,2026-09-12,US,P1042,PG1056,KW10837,634.91,Pending,2026-09-12 23:34:00
ORD109648,2026-08-17,DE,P1050,PG1293,KW10368,991.74,Completed,2026-08-17 00:55:00
ORD109649,2026-08-06,US,P1014,PG1116,KW11587,493.15,Pending,2026-08-06 04:25:00
ORD109651,2026-07-26,US,P1012,PG1257,KW11821,1741.74,Completed,2026-07-26 06:17:00
ORD109652,2026-08-21,CA,P1032,PG1205,KW11831,612.31,Returned,2026-08-21 22:39:00
ORD109653,2026-08-12,IN,P1026,PG1036,KW10153,1162.26,Cancelled,2026-08-12 23:18:00
ORD109654,2026-09-26,US,P1008,PG1399,KW11772,618.38,Completed,2026-09-26 19:04:00
ORD109665,2026-06-14,AU,P1014,PG1466,KW11022,395.65,Completed,2026-06-14 13:12:00
ORD109666,2026-07-11,US,P1049,PG1339,KW11128,559.01,Completed,2026-07-11 14:02:00
ORD109667,2026-08-13,IN,P1042,PG1480,KW10389,291.82,Cancelled,2026-08-13 19:08:00
ORD109669,2026-09-20,BR,P1030,PG1018,KW11839,641.86,Cancelled,2026-09-20 03:10:00
ORD109670,2026-08-07,FR,P1028,PG1462,KW10538,1007.22,Returned,2026-08-07 12:31:00
ORD109671,2026-09-21,MX,P1043,PG1063,KW10936,2847.79,Returned,2026-09-21 04:46:00
ORD109673,2026-09-19,UK,P1040,PG1002,KW11150,544.08,Pending,2026-09-19 23:12:00
ORD109675,2026-08-02,AU,P1048,PG1222,KW10879,1235.13,Completed,2026-08-02 22:51:00
ORD109677,2026-09-09,US,P1032,PG1442,KW10850,521.23,Pending,2026-09-09 17:08:00
ORD109678,2026-08-12,UK,P1041,PG1127,KW11303,1394.67,Completed,2026-08-12 01:37:00
ORD109688,2026-08-16,CA,P1041,PG1150,KW11863,524.47,Completed,2026-08-16 11:07:00
ORD109689,2026-07-18,UK,P1015,PG1059,KW11400,829.93,Pending,2026-07-18 05:19:00
ORD109690,2026-08-01,UK,P1030,PG1484,KW10939,890.09,Returned,2026-08-01 05:37:00
ORD109691,2026-08-17,MX,P1029,PG1386,KW11935,512.64,Cancelled,2026-08-17 21:17:00
ORD109696,2026-08-28,UK,P1010,PG1248,KW11957,603.7,Cancelled,2026-08-28 12:10:00
ORD109697,2026-06-29,DE,P1036,PG1146,KW11629,1431.98,Completed,2026-06-29 05:24:00
ORD109698,2026-07-03,JP,P1029,PG1067,KW10088,825.46,Pending,2026-07-03 09:56:00
ORD109700,2026-06-10,BR,P1014,PG1398,KW11993,768.94,Cancelled,2026-06-10 06:34:00
ORD109701,2026-07-12,US,P1023,PG1232,KW10486,1277.76,Completed,2026-07-12 07:50:00
ORD109707,2026-09-27,CA,P1034,PG1053,KW10234,516.16,Completed,2026-09-27 06:28:00
ORD109709,2026-07-11,DE,P1045,PG1101,KW10460,479.09,Pending,2026-07-11 18:23:00
ORD109710,2026-08-04,IN,P1021,PG1466,KW10049,1193.72,Completed,2026-08-04 10:52:00
ORD109713,2026-07-23,UK,P1020,PG1226,KW10999,825.53,Returned,2026-07-23 11:06:00
ORD109714,2026-08-03,DE,P1007,PG1386,KW10172,730.4,Completed,2026-08-03 19:59:00
ORD109715,2026-06-01,US,P1014,PG1398,KW10488,1020.83,Returned,2026-06-01 17:36:00
ORD109719,2026-07-25,BR,P1050,PG1241,KW11886,1323.89,Completed,2026-07-25 10:35:00
ORD109723,2026-06-01,MX,P1017,PG1414,KW10644,107.58,Completed,2026-06-01 06:52:00
ORD109730,2026-07-02,IN,P1050,PG1163,KW10258,3042.71,Cancelled,2026-07-02 17:19:00
ORD109732,2026-09-17,MX,P1032,PG1229,KW11100,302.44,Returned,2026-09-17 21:42:00
ORD109733,2026-08-27,MX,P1048,PG1228,KW11188,888.73,Completed,2026-08-27 22:36:00
ORD109735,2026-07-17,JP,P1019,PG1212,KW10939,1511.14,Completed,2026-07-17 00:03:00
ORD109736,2026-07-11,UK,P1039,PG1159,KW11683,460.39,Pending,2026-07-11 03:24:00
ORD109740,2026-07-06,UK,P1020,PG1035,KW10742,650.48,Pending,2026-07-06 04:53:00
ORD109743,2026-09-15,US,P1011,PG1435,KW11064,226.01,Pending,2026-09-15 16:09:00
ORD109752,2026-09-30,FR,P1022,PG1219,KW11440,488.44,Completed,2026-09-30 20:30:00
ORD109754,2026-08-18,UK,P1022,PG1328,KW10341,965.37,Returned,2026-08-18 09:12:00
ORD109756,2026-06-23,AU,P1031,PG1345,KW11311,1297.96,Returned,2026-06-23 07:52:00
ORD109757,2026-07-16,FR,P1043,PG1003,KW10213,830.77,Completed,2026-07-16 11:27:00
ORD109758,2026-09-16,IN,P1038,PG1382,KW11954,803.82,Completed,2026-09-16 12:35:00
ORD109760,2026-09-12,AU,P1025,PG1327,KW11143,766.17,Returned,2026-09-12 15:05:00
ORD109761,2026-08-15,DE,P1030,PG1249,KW10840,970.8,Completed,2026-08-15 01:27:00
ORD109767,2026-06-01,BR,P1015,PG1001,KW11141,412.5,Pending,2026-06-01 11:09:00
ORD109769,2026-08-05,BR,P1006,PG1282,KW10494,2521.67,Pending,2026-08-05 06:13:00
ORD109770,2026-09-25,JP,P1009,PG1176,KW11883,1041.95,Returned,2026-09-25 11:58:00
ORD109772,2026-07-07,IN,P1025,PG1426,KW11574,841.59,Cancelled,2026-07-07 14:48:00
ORD109777,2026-07-28,JP,P1001,PG1297,KW10112,153.65,Cancelled,2026-07-28 10:03:00
ORD109778,2026-07-26,CA,P1050,PG1494,KW10795,724.97,Cancelled,2026-07-26 10:25:00
ORD109782,2026-09-06,IN,P1021,PG1188,KW10072,992.0,Pending,2026-09-06 00:37:00
ORD109788,2026-06-15,UK,P1025,PG1354,KW11887,995.65,Completed,2026-06-15 21:33:00
ORD109789,2026-08-15,MX,P1011,PG1480,KW11162,1222.68,Completed,2026-08-15 03:40:00
ORD109792,2026-08-04,BR,P1016,PG1013,KW10854,1085.32,Pending,2026-08-04 04:53:00
ORD109796,2026-09-17,CA,P1014,PG1322,KW10177,854.06,Pending,2026-09-17 15:44:00
ORD109799,2026-09-22,FR,P1020,PG1440,KW10815,686.14,Cancelled,2026-09-22 01:59:00
ORD109800,2026-06-03,IN,P1042,PG1258,KW11846,1380.52,Returned,2026-06-03 13:30:00
ORD109802,2026-07-08,US,P1007,PG1465,KW10871,2275.92,Cancelled,2026-07-08 03:21:00
ORD109805,2026-09-23,JP,P1044,PG1274,KW10950,899.0,Returned,2026-09-23 21:40:00
ORD109806,2026-07-17,JP,P1022,PG1465,KW10884,2221.7,Pending,2026-07-17 21:25:00
ORD109807,2026-09-20,IN,P1030,PG1313,KW11582,629.58,Completed,2026-09-20 23:15:00
ORD109809,2026-08-13,JP,P1014,PG1408,KW11328,403.47,Returned,2026-08-13 02:21:00
ORD109811,2026-07-04,CA,P1014,PG1030,KW10034,1273.45,Completed,2026-07-04 06:05:00
ORD109814,2026-07-19,IN,P1009,PG1189,KW10644,502.0,Completed,2026-07-19 18:10:00
ORD109816,2026-08-07,UK,P1001,PG1315,KW10142,349.93,Completed,2026-08-07 00:30:00
ORD109820,2026-06-11,MX,P1034,PG1360,KW11260,1833.69,Returned,2026-06-11 21:14:00
ORD109824,2026-08-29,JP,P1020,PG1113,KW10031,650.75,Returned,2026-08-29 08:20:00
ORD109826,2026-06-08,US,P1049,PG1218,KW11517,456.15,Completed,2026-06-08 16:37:00
ORD109837,2026-08-16,AU,P1045,PG1444,KW10119,617.74,Completed,2026-08-16 03:46:00
ORD109850,2026-09-02,US,P1025,PG1140,KW10727,536.81,Completed,2026-09-02 13:02:00
ORD109861,2026-07-31,DE,P1039,PG1012,KW11589,643.46,Returned,2026-07-31 02:10:00
ORD109862,2026-08-15,MX,P1047,PG1288,KW11969,503.72,Completed,2026-08-15 14:22:00
ORD109863,2026-07-30,AU,P1042,PG1403,KW10839,977.36,Completed,2026-07-30 09:04:00
ORD109864,2026-09-23,AU,P1024,PG1280,KW10215,757.14,Pending,2026-09-23 05:49:00
ORD109869,2026-06-03,IN,P1015,PG1273,KW11258,622.6,Pending,2026-06-03 17:34:00
ORD109872,2026-08-19,IN,P1036,PG1470,KW11335,664.01,Returned,2026-08-19 13:47:00
ORD109877,2026-08-05,FR,P1022,PG1169,KW11433,340.28,Completed,2026-08-05 02:55:00
ORD109879,2026-09-27,CA,P1011,PG1181,KW11510,523.32,Returned,2026-09-27 16:25:00
ORD109881,2026-07-24,DE,P1033,PG1008,KW10236,838.76,Completed,2026-07-24 06:44:00
ORD109883,2026-07-03,BR,P1007,PG1358,KW10942,1054.31,Completed,2026-07-03 02:37:00
ORD109887,2026-08-16,IN,P1022,PG1084,KW11247,2463.78,Returned,2026-08-16 06:28:00
ORD109888,2026-09-30,UK,P1034,PG1146,KW11776,1816.21,Completed,2026-09-30 06:40:00
ORD109892,2026-09-01,US,P1038,PG1266,KW11587,796.82,Completed,2026-09-01 09:45:00
ORD109896,2026-09-29,BR,P1049,PG1009,KW11185,666.4,Completed,2026-09-29 04:00:00
ORD109897,2026-07-31,JP,P1012,PG1143,KW10949,743.61,Completed,2026-07-31 18:07:00
ORD109903,2026-07-06,CA,P1049,PG1058,KW11870,517.43,Completed,2026-07-06 14:19:00
ORD109910,2026-09-18,BR,P1017,PG1334,KW10679,2510.96,Cancelled,2026-09-18 03:48:00
ORD109911,2026-07-22,FR,P1038,PG1245,KW11404,292.82,Completed,2026-07-22 00:42:00
ORD109915,2026-06-18,CA,P1012,PG1441,KW11785,499.64,Completed,2026-06-18 22:19:00
ORD109924,2026-07-23,AU,P1010,PG1353,KW11813,1692.68,Pending,2026-07-23 23:11:00
ORD109931,2026-07-27,US,P1002,PG1169,KW11919,745.75,Completed,2026-07-27 02:31:00
ORD109936,2026-07-08,UK,P1039,PG1268,KW10807,229.27,Cancelled,2026-07-08 09:50:00
ORD109938,2026-08-23,AU,P1017,PG1395,KW10890,1085.12,Returned,2026-08-23 06:01:00
ORD109940,2026-07-02,AU,P1011,PG1366,KW11116,662.79,Completed,2026-07-02 00:34:00
ORD109944,2026-08-15,MX,P1038,PG1301,KW10664,854.28,Pending,2026-08-15 04:26:00
ORD109947,2026-09-14,UK,P1035,PG1364,KW11744,1157.02,Completed,2026-09-14 21:29:00
ORD109948,2026-06-05,DE,P1028,PG1113,KW11045,1147.5,Completed,2026-06-05 09:26:00
ORD109949,2026-08-04,JP,P1029,PG1121,KW10477,620.03,Completed,2026-08-04 07:44:00
ORD109950,2026-06-28,US,P1012,PG1031,KW11130,444.86,Returned,2026-06-28 04:29:00
ORD109958,2026-08-17,MX,P1019,PG1257,KW11017,176.8,Pending,2026-08-17 12:28:00
ORD109959,2026-09-18,DE,P1005,PG1263,KW10649,1405.21,Returned,2026-09-18 14:27:00
ORD109962,2026-06-21,BR,P1025,PG1488,KW10555,5563.8,Cancelled,2026-06-21 19:03:00
ORD109963,2026-06-26,AU,P1005,PG1046,KW11148,553.68,Pending,2026-06-26 07:14:00
ORD109965,2026-08-30,JP,P1002,PG1250,KW11146,557.05,Returned,2026-08-30 04:39:00
ORD109966,2026-09-04,CA,P1020,PG1037,KW11086,2136.02,Completed,2026-09-04 20:15:00
ORD109970,2026-08-12,FR,P1024,PG1174,KW10716,2578.93,Completed,2026-08-12 09:27:00
ORD109973,2026-07-26,US,P1034,PG1431,KW10773,642.77,Cancelled,2026-07-26 10:37:00
ORD109974,2026-07-09,DE,P1047,PG1349,KW11530,279.26,Completed,2026-07-09 11:46:00
ORD109976,2026-09-17,IN,P1027,PG1134,KW11862,1171.85,Completed,2026-09-17 23:05:00
ORD109977,2026-09-01,JP,P1009,PG1131,KW11994,485.82,Completed,2026-09-01 02:55:00
ORD109985,2026-08-30,JP,P1022,PG1122,KW11962,1150.3,Cancelled,2026-08-30 02:12:00
ORD109991,2026-08-10,DE,P1047,PG1299,KW10760,1218.91,Completed,2026-08-10 14:10:00
ORD109994,2026-08-09,BR,P1006,PG1184,KW11274,866.29,Pending,2026-08-09 07:22:00
ORD109995,2026-06-30,CA,P1010,PG1004,KW11692,424.78,Completed,2026-06-30 02:29:00
